fight_id,fight_date,fighter_a_won,weight_class,probability
26b46336baf995109799d0e8,2019-01-19,1,lightweight,0.28442235897895957
38913c7a553efd0ea27c4ce6,2019-01-19,0,light_heavyweight,0.519808125518017
8126ece57175e39d22722e5b,2019-01-19,0,welterweight,0.5558371179449636
fb232738136fb41408e97318,2019-01-19,0,bantamweight,0.2622370277907395
cbce63c7e16d47b29e74d88a,2019-01-19,0,lightweight,0.334399087367263
9a7c75d28b2227d353ffee0b,2019-01-19,1,light_heavyweight,0.39809891560095056
ed17d601382b0e1ee5f25834,2019-01-19,1,heavyweight,0.4618798612025166
5678ee79359ee825af2c6cf6,2019-01-19,0,lightweight,0.3176992671247983
25a9c1526fc208e6c7fe38c0,2019-01-19,0,flyweight,0.5883739598133222
7c630f0caa70766b4c9772ba,2019-01-19,0,womens_flyweight,0.3269107552508791
16e5b4cb10bf8316f059f140,2019-01-19,0,flyweight,0.4993270119762082
e290c1a53b53c40025a2f302,2019-01-19,1,welterweight,0.5134254794970468
24cb0110e15bf9500f3a20ae,2019-01-19,0,womens_flyweight,0.41145170789595853
8efd36d5f3360c4d96328383,2019-02-02,1,lightweight,0.502500967072995
414613fb990b2e1f8744a998,2019-02-02,0,welterweight,0.4870176878842914
1b0fda4335818f786b8d6f2f,2019-02-02,1,featherweight,0.45762561208688224
1953db6fe5b9744c1843dd12,2019-02-02,0,light_heavyweight,0.33518503349621315
1cd6203b9577bfd25372eb22,2019-02-02,0,featherweight,0.5146445546489773
22cbf1de4862c931b9f97a10,2019-02-02,1,heavyweight,0.44085438777916053
7342c697833ab7bab79bea3e,2019-02-02,0,womens_strawweight,0.3716795703305666
f0a78186a92cdad28af6e943,2019-02-02,0,flyweight,0.6325024411469733
4523cf854ff48df6d66ba36f,2019-02-02,1,womens_flyweight,0.5433697087866373
34446cbf52a1732388aac036,2019-02-02,0,middleweight,0.5448698730340841
5467de70ec0bbfc6ea3f127e,2019-02-02,1,bantamweight,0.5873614239949883
15c9bca416c7204a3b9a9692,2019-02-02,1,bantamweight,0.3827659004388207
f50a16321d311cfb1f168e8c,2019-02-02,0,welterweight,0.5572801978020995
1d74549a59fbd93e268d0046,2019-02-09,1,lightweight,0.7208815515977922
e4525ba53a52b5b0857e967c,2019-02-09,0,lightweight,0.3101358453591138
896c12a96bf1da79303bc533,2019-02-09,1,middleweight,0.7839172559343509
fcaa078b4857c278dceb747d,2019-02-09,1,light_heavyweight,0.49907718272439244
b253a6a048ba0dd83a41d3a3,2019-02-09,1,flyweight,0.5328388819242748
4c10bda573f8c01d3c440405,2019-02-09,1,lightweight,0.6600472120751325
5fe9e229550df4983795b5be,2019-02-09,0,womens_flyweight,0.33395858157823494
5ad3dfcbceb50baabf4a06f1,2019-02-09,0,bantamweight,0.38657537149547894
19c65e9f1f86ac03182841f4,2019-02-09,0,featherweight,0.30448924962493507
b320535a9010e893cc6fe892,2019-02-09,1,bantamweight,0.6203747428330277
ca6f6af371cc512b6d1734d5,2019-02-09,0,bantamweight,0.5623439130866341
fb545f795d0e191fdab5bb79,2019-02-17,0,womens_strawweight,0.44636611092417783
3a7293241a2a807fa182f6f5,2019-02-17,0,featherweight,0.5323588387050995
90e1f32d8c4d591b474fd0de,2019-02-17,0,featherweight,0.6472188070897756
3038757c3f23bac29c322002,2019-02-17,1,womens_flyweight,0.5114407304279778
c015f09a4e1bf33ced9384e3,2019-02-17,0,bantamweight,0.49470599745737165
5891d36900849c98a50352f1,2019-02-17,0,womens_strawweight,0.30857942181508025
6959921b10f78a71e64300e8,2019-02-17,0,heavyweight,0.5132570333718817
657a85fc997ba3106e9c502b,2019-02-17,0,lightweight,0.6504012632362088
ca78a58998323e4f9fdbc72f,2019-02-17,0,bantamweight,0.38317377587806095
8cc10441cbf2614f8785b729,2019-02-17,0,bantamweight,0.5013477855359793
6118a8c78447f0434395fc87,2019-02-17,0,lightweight,0.4324076060610909
38cec55ae4c31d673c6a5cb7,2019-02-17,1,welterweight,0.6543151674449568
9e4bab0c77a4e9c538d5684c,2019-02-23,0,lightweight,0.4066179533905703
e7306a3ff9867fb2e7e85ac2,2019-02-23,0,lightweight,0.329675065007414
c622965b0bcf635ba617dbb7,2019-02-23,0,featherweight,0.3773489214529959
f6151b74f7346e29cfac2985,2019-02-23,1,welterweight,0.28328536265021653
bb340698ea1e7e4cc05fe35d,2019-02-23,0,light_heavyweight,0.47206922278425967
1f68dad92eb77d22953924b9,2019-02-23,0,light_heavyweight,0.3712210222513297
f20354ebb869644c4afccb40,2019-02-23,1,bantamweight,0.7168528648511027
68976dec066e7619e206ce8d,2019-02-23,1,womens_flyweight,0.5243767828259979
56cbf3ea04dbca631e7d843e,2019-02-23,0,light_heavyweight,0.4078408537963452
097be1f05c2d7e6e94d40303,2019-02-23,0,welterweight,0.6207066576093448
63c32ebc206ee6106b382e72,2019-02-23,1,lightweight,0.34227852221882
fdd038da2b5f04c16971323a,2019-02-23,0,heavyweight,0.5353692665607999
c89ca4669b8e6877497edfa3,2019-02-23,0,womens_flyweight,0.2670133241560998
1b1fe5662b3d023466c64bc5,2019-03-02,0,bantamweight,0.7000695428683391
947d498d822062457d1e667e,2019-03-02,0,bantamweight,0.4459812389020688
0d13e65dd754b3f1bc58e7b8,2019-03-02,0,welterweight,0.6344110651970637
54daae7c0fa28da8ca71a0f5,2019-03-02,1,middleweight,0.5027654960805522
d15183f063880d7d4e9bbce1,2019-03-02,0,womens_bantamweight,0.4010011317885289
5b92ec9d7c9365ea015380d9,2019-03-02,0,featherweight,0.2665691291818922
e6b1f51548c2ef5176c0c18c,2019-03-02,0,light_heavyweight,0.18722086618649914
a4499ea5511393f5c9bd2dbd,2019-03-02,0,light_heavyweight,0.4043023059077933
593c1b1e6c82dec285a0ca06,2019-03-02,1,womens_strawweight,0.25118325484387
fb04d1b737f436ebc97b03b4,2019-03-02,1,welterweight,0.4102219417680952
568a7229b4b06a6455408f13,2019-03-02,0,womens_strawweight,0.5623223554665944
75fc305627143c9630ca9bf5,2019-03-02,0,welterweight,0.4391486228756817
818abb53258da411751b41a4,2019-03-09,0,welterweight,0.5414250560608099
2af546ec2d6b95fc63d0c56e,2019-03-09,0,lightweight,0.3770100611488923
58e767357e6d5c8330f66f2f,2019-03-09,1,welterweight,0.5548871451972449
aeb99a1990e3cb523a3641f3,2019-03-09,1,lightweight,0.7952796517050307
57bb3b3ccfd9285941e2f474,2019-03-09,0,heavyweight,0.3880886834577552
e0fd283d4ad215ea9c9ecb5f,2019-03-09,0,heavyweight,0.3398343681105047
91dd9ae4e12f09809b994011,2019-03-09,1,welterweight,0.48841816957134154
a822ba1d485f0fc8ac120f48,2019-03-09,0,featherweight,0.3812362532086084
5b43785643265dac8e96f96a,2019-03-09,1,bantamweight,0.4905353429993296
33db1b31bad9e3c347f5d190,2019-03-09,1,womens_bantamweight,0.41162288931763796
e992a27d67c8e35a59363798,2019-03-09,0,heavyweight,0.33281724400887336
1598348e4d6680280ca7ecb1,2019-03-09,0,middleweight,0.4047520553532124
5793b77c4043eadce8dbc1a1,2019-03-09,0,welterweight,0.5401990744021418
3b895d43f522ada07f4959b0,2019-03-16,0,featherweight,0.28866467363970727
6d70742b8f98faa563b821eb,2019-03-16,0,featherweight,0.44578851369053335
ace5bfe86e4b0d6735973199,2019-03-16,0,welterweight,0.5354142713695128
353e4c10440a62ea4553e3ff,2019-03-16,0,welterweight,0.6619580037928874
20e86b5d807bb2dc387b78f3,2019-03-16,1,middleweight,0.7171861034636443
f7dfb4e06c955b5b53ddc717,2019-03-16,1,welterweight,0.6491707123402783
6cac406144299eba656c31c8,2019-03-16,0,lightweight,0.5714485043592038
bf87589c5256203f65f72bbf,2019-03-16,1,featherweight,0.24635609121064445
0cc779241aa11d55442d44dc,2019-03-16,0,womens_flyweight,0.3480847462668214
9f29624a5aa95c6c6caf75e2,2019-03-16,0,bantamweight,0.40655693750926075
8f38415a1100e141bbd92841,2019-03-16,0,light_heavyweight,0.5983921256797631
10ac2affd027d19e4dc0a8e1,2019-03-16,0,light_heavyweight,0.43920864831333345
e694a2560234a188ae42e974,2019-03-23,1,womens_flyweight,0.3845590721674573
9c5f20dcf4b276ed3c4a12e7,2019-03-23,1,featherweight,0.6523637885093999
de2f47976573bf170793803f,2019-03-23,1,heavyweight,0.6419361854771739
f9b2cc6068c2ae45506e9313,2019-03-23,0,flyweight,0.6335495075504533
6871ce208868dbd843118f56,2019-03-23,0,lightweight,0.5765473436970088
3507718bfe13d92f6054b9ed,2019-03-23,1,flyweight,0.4360701760674752
57da958cc94cc83554eaeebb,2019-03-23,1,featherweight,0.5311847546853716
95a795d06d973c01bcfd4990,2019-03-23,0,bantamweight,0.30856497730907273
ab7c36995971e72c6d2cbf53,2019-03-23,1,womens_flyweight,0.48676822041064666
adccd3ef67929e7be8b0fb1f,2019-03-23,1,womens_strawweight,0.5374704222269648
a6ca1f430b5ef469ba343397,2019-03-23,0,bantamweight,0.5459699959355925
d9300b28ce089ff86c099e9b,2019-03-23,0,welterweight,0.5542939443539914
84ee51fdab49a6792b09df2b,2019-03-30,1,bantamweight,0.6911359000334951
b2272144ef0de0d983b37600,2019-03-30,1,middleweight,0.709752346315847
4d97ae90607b612a50988191,2019-03-30,0,lightweight,0.4890858869503023
477250ca2a15d6683e877e00,2019-03-30,1,featherweight,0.3349317615099865
f3fc62d38088caaf5eec0fe5,2019-03-30,1,featherweight,0.4730843389380548
25a0d90348d39625a4f0314b,2019-03-30,0,womens_strawweight,0.5164509286374941
889f1c72aefbecafdff832f9,2019-03-30,0,light_heavyweight,0.537476693347847
5396918119ed934b0af80bcb,2019-03-30,1,middleweight,0.6669005126931286
9496decacd91b03a238021e2,2019-03-30,0,womens_strawweight,0.42693696410382487
865dd8ea788e2e501a2f6b3d,2019-03-30,0,bantamweight,0.757147732435665
acba98dfe391a402c7725c1a,2019-03-30,1,lightweight,0.8634599561988809
bce69a101b3313de146183e7,2019-03-30,0,womens_flyweight,0.6049541782068641
12e81505192fb36cefeaab8b,2019-03-30,1,featherweight,0.6138127671419736
3f60dec25b566435df7cedec,2019-04-13,1,welterweight,0.563670371054059
7e8869149838e8184f1e5273,2019-04-13,0,bantamweight,0.4625381595996183
289890fb9419def12213ee83,2019-04-13,1,bantamweight,0.4835133206767116
b784ab0811d40210660ce193,2019-04-13,0,welterweight,0.5971334759444359
4ffab5007df4ff7646771e21,2019-04-13,0,light_heavyweight,0.6773831351515357
33ebcc2e07caca97f069be07,2019-04-13,0,lightweight,0.7143833343421223
a7712c32403c49d7bbe8592a,2019-04-13,1,middleweight,0.6101917645515951
cfbe4a97e3e72c4468debf09,2019-04-13,0,womens_flyweight,0.4201774018592972
3ad810f66b297f4a1e28f412,2019-04-13,0,welterweight,0.5594797270242177
5515c14ec2037b702fc825e9,2019-04-13,0,lightweight,0.7208560278370121
e22e3562dae8dfff221df22f,2019-04-13,1,bantamweight,0.6726668205644418
86ba5ba8d5b95634ce58b762,2019-04-13,1,light_heavyweight,0.5774078469591157
1c9726808f14ddd59d42d22d,2019-04-13,0,flyweight,0.42667067729019414
8de90dc8a38f56cfd96d944d,2019-04-20,1,lightweight,0.39619088916223927
b9b4e5d3157c57087a7a77b4,2019-04-20,0,heavyweight,0.3668345130551768
a13f15fd4cc899207fc13e71,2019-04-20,0,light_heavyweight,0.27406142548586515
663b41c840a325072588a36b,2019-04-20,1,lightweight,0.7561805392284076
1b6f229338f50db52565e59c,2019-04-20,0,middleweight,0.33073186112977915
815560d234b6ccedda48743e,2019-04-20,0,lightweight,0.5273136002865424
91f5f9dbe58e9a59f5f3a499,2019-04-20,0,heavyweight,0.6407845817613629
f973994e8ab6d25d2f5f2c88,2019-04-20,0,featherweight,0.49773957636330424
af7c348666716dc73218dc9a,2019-04-20,0,womens_flyweight,0.6519382152501524
7bb40837872b53468491b077,2019-04-20,1,heavyweight,0.4825178039585237
7b6b18993ce6ee3086c6f10e,2019-04-20,0,welterweight,0.5432399193581045
5f2baffa9f9e18070dd69e1d,2019-04-27,0,welterweight,0.6067260071583112
b031eded632dd94461f4a954,2019-04-27,1,heavyweight,0.6371957108537698
915cc3326771dcb5012f05cb,2019-04-27,1,womens_strawweight,0.5372281475061426
cbe370d6e9437f7454094401,2019-04-27,0,welterweight,0.47966727351276517
a3f24c5dfdbc1c1cb8b01ef2,2019-04-27,0,womens_strawweight,0.3664363080599986
3f0c08354e145c02110fd0a2,2019-04-27,1,welterweight,0.3683369923146393
6f066ff33c959ab559b7a1cb,2019-04-27,1,lightweight,0.6440620015151286
cf0c668767f8f59b49b1d46b,2019-04-27,1,light_heavyweight,0.53483087126208
d7a529c7a59a0342b202024e,2019-04-27,0,heavyweight,0.27609003662993725
810334f59f27e21035e1f127,2019-04-27,0,middleweight,0.40064048542133723
56ca651437d7cc1d573c3970,2019-04-27,0,lightweight,0.6061653145490211
64e530283564ae1339632e0b,2019-04-27,0,bantamweight,0.43848092457693433
734a75344024157915995e4a,2019-04-27,0,lightweight,0.3593742750303904
3a807e46fc597761a9a248a3,2019-05-04,0,bantamweight,0.4420455451366622
4afd8778c789a9d76835ce0a,2019-05-04,1,lightweight,0.42323066748267235
ffc7edb9f4fdd9e856d76689,2019-05-04,1,heavyweight,0.4636184440078187
aa35b011a1662c7027e70524,2019-05-04,1,bantamweight,0.4557960451038411
640f1b8fcbd5c004e9cb36a7,2019-05-04,0,featherweight,0.5258019169735719
3b1a562aa4ebab0784fd7bc0,2019-05-04,0,middleweight,0.6054268417535864
1b63ea904ebd2957ee46991c,2019-05-04,1,featherweight,0.6387759427966145
89394eb01e7784b2c428333d,2019-05-04,1,womens_bantamweight,0.6116070215723199
dbedbc64c66202909e1eec7a,2019-05-04,1,middleweight,0.5489509298683002
9e20d5adcc49052c74014626,2019-05-04,1,bantamweight,0.46373654186652613
978214d16c31f8696f47f29f,2019-05-04,1,welterweight,0.6130149005128358
e124311e45865d724207e325,2019-05-04,1,heavyweight,0.3702921243038744
e7073ba5faca0ccac9ce2fcd,2019-05-11,0,lightweight,0.3583296372297849
69669b5e3b46042a05eb0823,2019-05-11,1,womens_bantamweight,0.5056081478421482
91bd5d42cc6416e430dd43ed,2019-05-11,1,middleweight,0.6308171342529244
4afd58b0d8a55895c868a02e,2019-05-11,1,featherweight,0.5452934104064131
81a04e8caf79fb727607d237,2019-05-11,1,womens_flyweight,0.6023468199043239
10d59155db6aa78a1427c454,2019-05-11,0,bantamweight,0.4866909795586025
9249808c94f3d6dfdf9af36b,2019-05-11,0,light_heavyweight,0.357716077472068
6c73f1b4fdd41c4e4e6654da,2019-05-11,1,womens_strawweight,0.47165869095222496
d89982d834ee44a1b667b66f,2019-05-11,0,womens_bantamweight,0.5323943411997107
8296e0d578cb9314c68eee1d,2019-05-11,0,welterweight,0.3987711712931311
365fefe34135160ec5455d1f,2019-05-11,1,lightweight,0.6621743235832968
6cec7d8a2c1e3df9f294b43a,2019-05-11,0,welterweight,0.5280009002709477
363d78001101e6229c0a2b0a,2019-05-18,1,middleweight,0.4420955887359657
3f0251bc27145aab23db9546,2019-05-18,0,womens_bantamweight,0.46029015023225583
50d9e85f3686903269809172,2019-05-18,0,lightweight,0.40864365668671354
7d905c953ba73d1a68ead277,2019-05-18,0,welterweight,0.5668031740837545
6bc2a392929414c465042a48,2019-05-18,0,lightweight,0.37707111619204037
0f6484b736a7f3cc7aba63cc,2019-05-18,0,lightweight,0.3310370271200172
db76119921bdd0ed497b32f1,2019-05-18,1,featherweight,0.6957654938165372
33c355ad10b62e7d1de78d9c,2019-05-18,1,womens_featherweight,0.4861198339894322
bc3a021cd3cf61e555021000,2019-05-18,1,featherweight,0.4235941432674164
3c180878faf99b21bf865fd0,2019-05-18,1,light_heavyweight,0.4800752597447855
ca96343028b62aeda9c60fe9,2019-05-18,1,welterweight,0.3322884454917783
2a18e106ad1da3effa28ec4b,2019-05-18,1,welterweight,0.7190114243008214
05e89105390245833a6794d2,2019-05-18,0,middleweight,0.6108375162805239
e79d9d724c1b4f49a9c151d5,2019-06-01,0,light_heavyweight,0.663908301184961
51130eaae559739d2277bccb,2019-06-01,1,womens_bantamweight,0.47398943985973085
376fca1b2417ed080dc55d71,2019-06-01,0,lightweight,0.5698323603128608
6c857bc2b1611cd86b8a59d5,2019-06-01,1,featherweight,0.4278718690529057
b2a972b374869a366d3b02ae,2019-06-01,1,light_heavyweight,0.4490441411705382
9a09782a2c405f04f7df2ff8,2019-06-01,1,light_heavyweight,0.7580711309876959
44f4f36c18cd30f4a78e8d2d,2019-06-01,1,lightweight,0.491183988722297
c4311f2a96b7cc37340ba09a,2019-06-01,0,featherweight,0.44376629032312787
2fcd04431581330b8a2d18a7,2019-06-01,0,lightweight,0.4777551889405773
0f14442a17f1f00f94f2d4c5,2019-06-01,0,welterweight,0.5109229949599102
7f95ca9ac1c70cd00b0cce57,2019-06-01,0,lightweight,0.6322339733371435
42e3da20fad88525160d375a,2019-06-01,1,womens_bantamweight,0.499371986448506
bd6e6031555f600f46ab4f03,2019-06-08,1,bantamweight,0.6808389364891063
95939d218a1d60a883da95bc,2019-06-08,1,middleweight,0.44515064576247776
266ee3a1c82efd700b8f5aa3,2019-06-08,1,bantamweight,0.6244796318284046
f07b57e2716471ad3302c0ee,2019-06-08,0,bantamweight,0.3898818287071862
5ef23b9557a9feefb97696b1,2019-06-08,0,bantamweight,0.4183710846250512
3f6311a5a0724f605b206cd2,2019-06-08,1,womens_strawweight,0.5418992916172245
d207301a7745b122f84fef97,2019-06-08,1,womens_flyweight,0.5061297977016147
1e7a85d2f5574c5627c3eea1,2019-06-08,0,featherweight,0.6402707146876176
911a1fa0c445df7f0dd12d7b,2019-06-08,0,heavyweight,0.6515538285635624
3c6aa7bfcdac2bb433f30323,2019-06-08,1,womens_strawweight,0.6336203554915494
4e48afdd0e292d5f0e86fabf,2019-06-08,1,lightweight,0.6820049464275949
47652b43ae72f5590c7a1882,2019-06-08,0,womens_flyweight,0.26833287256949256
269fbddfdcbebe8e4bdb4b8c,2019-06-08,0,womens_strawweight,0.339160821088063
ce49a5280ca93930a0ebe85b,2019-06-22,0,heavyweight,0.6144959143172806
41f5e50f9ae0bfaed31ee510,2019-06-22,0,bantamweight,0.35661982553320126
f692e76cf277eacf2a442090,2019-06-22,0,womens_flyweight,0.5426428025457475
72cedfae58fa44321b69b949,2019-06-22,0,womens_flyweight,0.4301788140989483
32ff903f72c4276ea24d999b,2019-06-22,1,womens_strawweight,0.4063214365570351
00c99648f208e0a417e279c9,2019-06-22,0,welterweight,0.4972960979368194
eee1e31c188a74656a5149fd,2019-06-22,1,featherweight,0.5177129899456026
c46941c902fed7bb4392162c,2019-06-22,0,middleweight,0.45375138528488507
b84127a3bd76a5e3ac7aea6d,2019-06-22,1,middleweight,0.6794632831912651
706b7d016d03a32401ae801c,2019-06-22,1,lightweight,0.7019634609889249
739e8e2602d787738477d46a,2019-06-22,1,featherweight,0.4135625280717939
f27c0e087e9ebd1684ff09fd,2019-06-29,1,light_heavyweight,0.5176922464760845
50585a029a9751dccfd39bd2,2019-06-29,0,light_heavyweight,0.5071248462499974
dae0a129ff92f092524a386b,2019-06-29,1,welterweight,0.3797618617176501
377c80dc3b6e45e576ef2577,2019-06-29,1,lightweight,0.6762319227924166
59455ad55e5ef93414e5aad0,2019-06-29,1,womens_strawweight,0.3700778391007026
a56c32c93524d245d82d6908,2019-06-29,0,light_heavyweight,0.24887112327929847
8f285887c02290c07814a22b,2019-06-29,1,heavyweight,0.44731599726256105
d2a1e845ca36ee5b8600ef32,2019-06-29,0,lightweight,0.26789905625830246
cbcb6ed7e3c7e95a085b7341,2019-06-29,0,flyweight,0.46067903343074795
f34cc5843d81a39bf53d263e,2019-06-29,0,heavyweight,0.4851941982142358
f79e641c1d4367a70c107e82,2019-06-29,0,bantamweight,0.28434437552341435
53e67f863836aff47b826da4,2019-06-29,1,lightweight,0.3510302909830477
20a121ded841e9e12c1c757e,2019-07-06,1,bantamweight,0.6460137951408602
d2d8539dfdfeaf041ce5823f,2019-07-06,1,womens_bantamweight,0.7914359306139044
3849e7ad93590c82be6460fc,2019-07-06,0,womens_strawweight,0.38623706096139027
396c48ca67f51480545db649,2019-07-06,0,welterweight,0.363727603049703
6c8c735afb0fb578f594ca2c,2019-07-06,0,middleweight,0.3142643857071411
d3c4e9545585b46a1e37a85b,2019-07-06,0,featherweight,0.2190791856565333
fad6e667536db7ad4137ba53,2019-07-06,0,welterweight,0.7543076699094076
13fece4ed75664de71f4c8a0,2019-07-06,0,light_heavyweight,0.7390959946404212
d0f0ebb34a909f7c5faf6a88,2019-07-06,0,light_heavyweight,0.20987554708998693
5de1539a147642bac02b122a,2019-07-06,0,welterweight,0.29219913230075495
82a761b4999bf1e4b0ed7ae3,2019-07-06,1,womens_bantamweight,0.4786397780398647
c2f52b8c99f2b37b25e37032,2019-07-06,0,bantamweight,0.35434625976212014
0def7c9da3d4db6e32d57362,2019-07-13,0,featherweight,0.4311972972443219
f5fb1ec8c7952cc1c512ffa7,2019-07-13,1,bantamweight,0.4311507991062586
26dc516d4800e957e79c8b4f,2019-07-13,0,featherweight,0.38829805732373257
ac96fd559635b4c7fc75a95f,2019-07-13,1,womens_bantamweight,0.5012652912702511
05ef9aeb915febb76910a720,2019-07-13,0,featherweight,0.6393762335381448
ae0ff18a3c5eee3bc503d001,2019-07-13,1,womens_bantamweight,0.5444850200566314
70ae5877cea9f6b0ba4cccb6,2019-07-13,0,middleweight,0.3886640178762423
588a2bb6b75711c8e2d3461e,2019-07-13,1,womens_strawweight,0.2742913573873265
0570cae799dc63830a762f58,2019-07-13,0,middleweight,0.3934560435780738
945e0d3a9e212876ede075da,2019-07-13,1,bantamweight,0.46894452659637464
1914dbfdf41512962586abae,2019-07-13,0,bantamweight,0.7608091578479614
4c546f42a090e35397ce363f,2019-07-20,0,heavyweight,0.4488763398193891
63961ea6efd64b1b65d34c39,2019-07-20,1,featherweight,0.5061135944516738
477aadc01e427b1389921cdb,2019-07-20,1,lightweight,0.738966775873364
7af42900e3f80f8ca159c103,2019-07-20,1,heavyweight,0.45636670245875244
bb5283ee8ccec9441f73135f,2019-07-20,0,bantamweight,0.4001273472752516
03e22b6afc8fc3827a3323ba,2019-07-20,0,heavyweight,0.5940000654382609
c39309c4e67ff537333ba9da,2019-07-20,1,lightweight,0.4375086602201397
180e942322ce1a8941b2e39c,2019-07-20,0,bantamweight,0.41526080713256047
af5eec7e9c1abcec258ac49b,2019-07-20,0,welterweight,0.48422363297684956
270ce34d482903a677fa17bf,2019-07-20,1,womens_bantamweight,0.6236088262566457
9bb0db9278511eb73cc534e1,2019-07-20,1,bantamweight,0.6862651809980376
58e855604932a7f6ee3f5606,2019-07-20,1,womens_flyweight,0.45122192174716796
6270c7e6a13d39f8b0f428ab,2019-07-20,0,light_heavyweight,0.5610271404400212
12ec13ec46af056c14efd03e,2019-07-27,1,flyweight,0.4799495723606709
1c6e856edd4101a3e500ec8f,2019-07-27,0,womens_flyweight,0.3903400087982729
51addb9d2b6072ced811c9b9,2019-07-27,1,womens_featherweight,0.6020326655634465
73b3d43d2c49d35aeaea8904,2019-07-27,0,welterweight,0.4462194368996201
05ed2239b2ea0fb046bfd3fb,2019-07-27,1,featherweight,0.35616641382800085
1295b55d2553494251bde142,2019-07-27,0,welterweight,0.4611542421210003
1880f52d5d8d4a70093be8c6,2019-07-27,0,womens_flyweight,0.4236189694934118
b233c1151e28ec04b24cad4a,2019-07-27,0,featherweight,0.4233743786983727
5f837399e34674ec11a971cd,2019-07-27,0,middleweight,0.34735700342856
415e552f04f46d6a0dfa2bc5,2019-07-27,1,featherweight,0.6613925117563817
53c5de1fcd5d8fef19be7573,2019-07-27,0,lightweight,0.46180143855167227
6eeac113de6d8be6c115f368,2019-08-03,0,womens_flyweight,0.5280509039264247
37963509a7ad6fe9091a4260,2019-08-03,0,welterweight,0.2700078797375173
3c047e2900cccc1e8b515fa4,2019-08-03,0,welterweight,0.23915564034532433
e1fbac640d40549a81a34408,2019-08-03,1,light_heavyweight,0.5030804201487565
545e968860424db391f622ba,2019-08-03,0,lightweight,0.5554021113892109
7201d2665fc7c40e5001a557,2019-08-03,0,lightweight,0.4190358659834968
f1af8880bfb7c5ee39f0e313,2019-08-03,0,flyweight,0.5901010004715629
08c664eb57a74c77d855ffcc,2019-08-03,0,womens_flyweight,0.6759381041112145
3ca76db0b4b30f6617f3dae8,2019-08-03,0,welterweight,0.42749185366471976
d80baaecca990243dba2c73b,2019-08-03,1,womens_flyweight,0.5344044572065324
5a97ee77f95700513db584fb,2019-08-03,1,lightweight,0.6817322330877231
60aaa0218cf8078fe44e068a,2019-08-03,1,middleweight,0.3839287824670969
9bda4cca4c1560bdb475fa12,2019-08-10,0,heavyweight,0.5001632967329847
310b054339a286bb1219720d,2019-08-10,1,featherweight,0.448871684760764
95f9071548c71c8a429b387f,2019-08-10,1,featherweight,0.5848570270087277
bb1f9e584eebc4445533e087,2019-08-10,0,bantamweight,0.509002401430772
3cfa69ae9469d3e98e6e8c9d,2019-08-10,1,welterweight,0.4113258093574935
eb94bf7c64b05cef83a337de,2019-08-10,1,lightweight,0.6121978016480187
421e881d17b627912cc053c2,2019-08-10,0,middleweight,0.5964591340376334
40ad55cf214d324d07ce2773,2019-08-10,1,flyweight,0.3718280403746124
6cad3824255a247586943eda,2019-08-10,1,womens_strawweight,0.3278514075803993
366b24077b4b12afdda7f906,2019-08-10,0,womens_flyweight,0.297855735529701
82a161559110934b283287e8,2019-08-10,0,womens_flyweight,0.5804637641680708
cafcc1a7d6eeee7dcac87f0c,2019-08-10,0,welterweight,0.49359518415719944
6bb4c1091c82f4a64ed209d1,2019-08-10,1,light_heavyweight,0.5673688173566351
952d0f85baf48e580adfcbf9,2019-08-17,0,welterweight,0.5365386421990191
763b7021eda95cec160668cd,2019-08-17,0,lightweight,0.540522714677368
632ab47f31caa99776bafd3a,2019-08-17,1,heavyweight,0.4934280419874927
b14af30ec1b703032b1c7ff8,2019-08-17,0,middleweight,0.5654427915249266
2bfe269c743b9b99bdcb7bec,2019-08-17,1,lightweight,0.21274251233373698
fb841bfbd302bdfd92f09af9,2019-08-17,0,featherweight,0.5021202459227643
5d4a75be3c772b6777d6965e,2019-08-17,0,womens_strawweight,0.4024261667522209
8b43d370f9a95a04823b6e21,2019-08-17,1,bantamweight,0.527766703380196
2f96645259048f7ffc5e87f2,2019-08-17,1,catch_weight,0.43919023974243776
a412d12faf803a97f8b5fa87,2019-08-17,0,bantamweight,0.27601159643976075
f17d329e8a8236283607fb66,2019-08-17,0,womens_flyweight,0.413430888503324
dc588caaf4e23b17b9b88f93,2019-08-17,0,middleweight,0.5934071051372405
1f035f3330e22fa82d2a3650,2019-08-31,0,bantamweight,0.5109721234381506
42555d1e8ce3c6e9f80f494b,2019-08-31,1,light_heavyweight,0.5061436936748617
1cd17e7a1ac6a13856b412fd,2019-08-31,1,lightweight,0.5193799947614927
4b6daf2f0a633140483ed5fc,2019-08-31,1,womens_strawweight,0.46007103361436485
dac218cda6b12fbf0566e953,2019-08-31,0,middleweight,0.49831008768045315
974033b9c21272ecc210e47a,2019-08-31,0,flyweight,0.33633406597484705
d656d282c41d79f44960517d,2019-08-31,1,womens_bantamweight,0.512026387381405
b4c018c81b8c2840fc1bf217,2019-08-31,1,welterweight,0.4229001742589463
691194a03c43b9ec74c25c51,2019-08-31,1,welterweight,0.47955401344954035
5ef647d5242d0fc21e037ca7,2019-08-31,1,bantamweight,0.4952280977705419
3438a2f8e2061a5b3df0345f,2019-08-31,0,womens_flyweight,0.5781059912425344
5fd241c02070d9383973e1ad,2019-09-07,1,welterweight,0.6777731664054877
dfa8aa41ae70e1bc02b18c64,2019-09-07,0,heavyweight,0.21003041561645758
d18690fc6b502d5e9828c33d,2019-09-07,1,lightweight,0.5262526089652694
5c4bf8f13e687607837641d0,2019-09-07,1,lightweight,0.4751733952460635
a12f553a4bb3b6a0bc62f10c,2019-09-07,0,lightweight,0.3062774036403409
a6bde13c4fa732a086109c6f,2019-09-07,1,womens_flyweight,0.3881022591373685
8809a86b0765331ee3046ba8,2019-09-07,0,lightweight,0.2561656729511783
218ed25044345f0da0f1ab68,2019-09-07,1,womens_bantamweight,0.4637606210054217
4b5abc9b471d257e26814621,2019-09-07,0,lightweight,0.5285006853185278
88104c3216b870a94d094b52,2019-09-07,1,welterweight,0.31493536444881587
81f7b94567c3becf57b7c480,2019-09-07,0,middleweight,0.47003827715352187
4fa13ee966e6f925309146f9,2019-09-07,1,lightweight,0.5436825356018786
a24c84449925d91244224459,2019-09-14,0,bantamweight,0.5429216842644295
76b09b1ae45fb9768ca9f02d,2019-09-14,1,featherweight,0.44746536644885226
d52f32b4c96395db88e3df3c,2019-09-14,1,bantamweight,0.36692056218377994
cdebef1ad84897fe6e52dab4,2019-09-14,1,lightweight,0.5115964151231894
99a1382d0f54f8b36ae0f1a1,2019-09-14,1,light_heavyweight,0.38097811506988244
4657001db77127f01637d1aa,2019-09-14,1,lightweight,0.5945424823130805
cf978a340d3698c46fd69095,2019-09-14,1,bantamweight,0.5549544449803749
1a3fd89ca750799e7e003f98,2019-09-14,1,heavyweight,0.4803042461849519
43c10df3159c502c6de89daa,2019-09-14,1,welterweight,0.2621399574965567
7090bee0551cc8931473357e,2019-09-14,0,light_heavyweight,0.5130683261235229
3bda414f1341d69b2f6bec1e,2019-09-14,0,middleweight,0.684911698195274
e675a50c92e763e9dbfe4d39,2019-09-21,0,womens_strawweight,0.515587508027723
63e3f55fc8b51d57700eef35,2019-09-21,1,womens_strawweight,0.466521756495879
307855e3460d7f7876deadf3,2019-09-21,1,lightweight,0.7151688699982582
a02b51f27087befa1a1128b4,2019-09-21,0,womens_bantamweight,0.4008394275910619
6c639d934a292ba8bc90c07c,2019-09-21,0,bantamweight,0.45541203534859387
aac3548e1e8a354304ee6db9,2019-09-21,0,featherweight,0.48137637819847134
87ed37dfa7f497b5f77d6e30,2019-09-21,1,featherweight,0.4083343054027751
3cc89087f0c0ce6f6e5675ad,2019-09-21,1,flyweight,0.7965464325542417
1ba523d6ccedc31871693413,2019-09-21,0,womens_bantamweight,0.6333218937808984
47758d29bd662b3fd1939d7f,2019-09-21,0,light_heavyweight,0.2819237392699116
4c5ca474ab0b5ce8ca07a033,2019-09-28,0,middleweight,0.6721310266943991
2ef6cc622d891b2f47cc02a3,2019-09-28,0,middleweight,0.5858901190681853
c24762d1540afc7892a6a11f,2019-09-28,0,featherweight,0.591589589480597
a74f028feadcc12f9e059d34,2019-09-28,1,welterweight,0.5539489909440072
58043915ba1655663c54db19,2019-09-28,1,light_heavyweight,0.5903173624932342
24165e221c133e0f8521184c,2019-09-28,1,middleweight,0.3335844756181044
db9cb586eea9be24aa022a81,2019-09-28,1,bantamweight,0.4256428310710585
c563a8cbab69fdedc2ca6293,2019-09-28,0,womens_bantamweight,0.7742113709406235
2e2ac3805ce6106ac7b08c39,2019-09-28,1,lightweight,0.589794105125047
1badb9e1370a7f530b41dad9,2019-09-28,1,lightweight,0.27995418643161246
2667de7839876ddd18c5922f,2019-09-28,0,light_heavyweight,0.6175614793357294
838f2253c05f15ea4d21c1bb,2019-09-28,1,welterweight,0.25307746897009287
fceb01a3e6afb83d628ca021,2019-09-28,0,welterweight,0.2968470494483638
300838f93508ed30e50c5104,2019-10-05,1,lightweight,0.44959964804003144
0cb55ec63b83f5626f97c769,2019-10-05,1,lightweight,0.4564767891414647
c9b3790271aba99a0f5d563f,2019-10-05,1,welterweight,0.343067741649914
59503950de9880dde6cfbd9a,2019-10-05,0,welterweight,0.2711677024794621
2efe952bc9906d2d8ee63d99,2019-10-05,0,heavyweight,0.5691675677171413
03bdb3f550d8728b99736cb5,2019-10-05,0,welterweight,0.4564378138281031
60a4cca6160e77a434c836eb,2019-10-05,1,womens_featherweight,0.49563484695250704
7a45e3425d11cee03efad9d2,2019-10-05,1,womens_flyweight,0.4598359280919566
b31117cda02191539a7b1042,2019-10-05,1,middleweight,0.5761652421579722
1541bbe0810786a062a2ed75,2019-10-05,0,heavyweight,0.7774873414405306
47228cf03cd4105dd977ba6d,2019-10-12,1,featherweight,0.5086856519996499
65e84e21f699586e3aefedd3,2019-10-12,1,flyweight,0.5815317299197744
3d03b631b4587e1ba05b7567,2019-10-12,1,middleweight,0.4863762967819529
c1e628e157c0b3b603970990,2019-10-12,0,womens_flyweight,0.4433196083703254
b8d46870926615857be3f630,2019-10-12,0,womens_strawweight,0.2908143616128146
eb864e622ea92270ecef192f,2019-10-12,0,womens_strawweight,0.33748676374038306
85c6d7ac2b40e91bd0e22ab6,2019-10-12,0,bantamweight,0.39267036480315476
5f52782a6aa56ba0f3a97b9b,2019-10-12,1,middleweight,0.6746928858960293
c1512c7e186a2ad2d9405660,2019-10-12,0,lightweight,0.6463390890132029
277f3f3cb03bddbb79f8c1b5,2019-10-12,0,welterweight,0.4578467299460046
845f9a197d8e4dbaeffe8afc,2019-10-12,0,welterweight,0.4424519104205904
9c76094ff9dad4b08a83fa97,2019-10-12,1,lightweight,0.5071957790030895
a22737adaea8f3c24329fca1,2019-10-12,1,welterweight,0.3967350368088225
27e1fa1e0f0a4ed7fd4da048,2019-10-12,0,light_heavyweight,0.4174502588542532
ca0cd07f144ce35471f77fe5,2019-10-18,1,middleweight,0.3107699690621812
43a68b57b8ea07e036eda841,2019-10-18,1,featherweight,0.3426137423927159
e0354f103924591f691cb6e6,2019-10-18,1,welterweight,0.46866766509207775
23340c1c1beee7c9694fde06,2019-10-18,1,heavyweight,0.5515271183737094
855a0f86334b84d5802b5b3c,2019-10-18,1,middleweight,0.48016057237198373
4535cc5c754f6cfab853349d,2019-10-18,1,light_heavyweight,0.5209849370530348
312e5a705d9ea69f9304369e,2019-10-18,0,lightweight,0.7229034370924804
dd1a5c0133b77b445e4da39d,2019-10-18,0,featherweight,0.4090800762892256
924db0cc13ef377747acd751,2019-10-18,1,womens_flyweight,0.5593829166284385
1cbc40e89a4a3808ac58a6b2,2019-10-18,0,womens_flyweight,0.3986966407004753
8017582ad0a64b3df2a1b1f1,2019-10-18,1,bantamweight,0.7118921744436457
0b8035462f110001d74cfccc,2019-10-18,0,featherweight,0.27296147612999444
e547a10b6f576ac5ce766f3b,2019-10-26,0,lightweight,0.4957981618375059
e3e811b0d565e05ccc653f76,2019-10-26,0,heavyweight,0.3288660661437442
068191c5ec0442a5f327a13f,2019-10-26,1,welterweight,0.5847961619947255
a36870d79a38bac025ca994f,2019-10-26,0,featherweight,0.5069347102494755
f0d2710e45778380c740e9a9,2019-10-26,0,lightweight,0.24741900971176176
0d3c456a7272d86e8ebbb604,2019-10-26,0,womens_strawweight,0.46280252992575255
ec961ddbd1b2a583933bf1c7,2019-10-26,0,heavyweight,0.5096171673292054
747dd08852da9f2fea81933a,2019-10-26,1,lightweight,0.6226490967551401
54365bc0fbf2054909ffb52a,2019-10-26,0,welterweight,0.5757878745660819
3d08ad4aa2e7c798a261b317,2019-10-26,1,womens_strawweight,0.48269591565128733
3c0c040f3ab9eee3625380a9,2019-10-26,1,heavyweight,0.3606069716602501
e493a0b30451a3c7301cdb30,2019-11-02,1,heavyweight,0.6255549612390487
b6ed2b7f241d89a1c2e5768c,2019-11-02,1,middleweight,0.7461047445772608
1179f435dc339904ffba59f4,2019-11-02,0,light_heavyweight,0.5508937666485441
fcd1f11d558f57139634bfd4,2019-11-02,0,heavyweight,0.42526701791029625
b40746bfe9247aa2ab1cf62a,2019-11-02,0,welterweight,0.4605914468519859
9be0b4ced3f43e9b5e0307d3,2019-11-02,0,featherweight,0.4273325566423436
3ef97578ff086342ac3316dc,2019-11-02,0,womens_flyweight,0.4423704594697772
6aac3558b27bea053402a041,2019-11-02,0,middleweight,0.5349817504848555
6bd651e672f1383eaaa3488e,2019-11-02,0,lightweight,0.4849342891503999
bdd7d638521a5220ece47138,2019-11-02,0,welterweight,0.44291271741269456
77040a488134a21632e5e1c1,2019-11-02,1,featherweight,0.5266034353171917
16af1afe443d2d04a0b3004e,2019-11-02,0,welterweight,0.5582363198614149
f936a2e7fe354fd8511c7843,2019-11-09,0,welterweight,0.43273358722847816
1e2f3752f6c52b1f4a02d6b7,2019-11-09,1,heavyweight,0.5783112560723602
1a1c5e4865c1d0486f79c7bd,2019-11-09,0,lightweight,0.27652879236886363
640793902348858ab72aa43f,2019-11-09,0,bantamweight,0.40384702843084014
4b1a6b415dfe50f3c9f1dbb5,2019-11-09,0,womens_bantamweight,0.49903944781691506
f0ffe0e3b264df9b5db97006,2019-11-09,1,light_heavyweight,0.31714056317818407
f1793f6ef34da4257673c238,2019-11-09,0,light_heavyweight,0.49121931928806034
31bcc23345e28ba3b19c96e4,2019-11-09,1,welterweight,0.5029797407194277
b9697c6e95b6549c714acf96,2019-11-09,1,middleweight,0.6634251366048338
e106bc203bf221eab415c9d6,2019-11-09,0,welterweight,0.3864407018641922
43e49e7eac931187640250f8,2019-11-09,0,light_heavyweight,0.6709185502246775
1f6dc7a779838723b04fdcd9,2019-11-09,1,featherweight,0.7276314811417225
35a1c6a2fd428e45b7ba56ae,2019-11-09,1,welterweight,0.5582309905574334
9c39de42c4252efea5a6c7a4,2019-11-16,1,middleweight,0.5348424911808118
76080b6d4a1730806ca74745,2019-11-16,1,womens_flyweight,0.45610641138022845
ca0ede83403f2550325f5cf2,2019-11-16,0,lightweight,0.3846777163715697
895cdfc1522a784865e69ac8,2019-11-16,0,featherweight,0.6260632285145574
14217beddf84c2e52c742fae,2019-11-16,0,lightweight,0.6634524302764581
353fdcce1036b674908aaa84,2019-11-16,0,light_heavyweight,0.5363023943804275
9da66ec4bb7eb06c55458f10,2019-11-16,1,middleweight,0.594122409371715
fab55b1d74b0c72834f8c73e,2019-11-16,0,featherweight,0.3183375643697726
0cd8da7c25c1fda31ca49a51,2019-11-16,0,welterweight,0.511843473796364
3343bf88c488f245111644cf,2019-11-16,0,womens_bantamweight,0.43737498012066484
ebb3391b28a1a863bca84b60,2019-11-16,1,welterweight,0.46686465146950296
9dcdaba00e3d7661c2c20a0f,2019-12-07,0,heavyweight,0.5481468449380777
3f0d6005bcf5d8d74d490e25,2019-12-07,1,womens_bantamweight,0.5053091163786091
af619e0f50e39d9a3c707cbf,2019-12-07,1,featherweight,0.42656181013958455
70a295b55866179ccd1d2ba9,2019-12-07,1,featherweight,0.5378320877647407
9f1bc6cac3951396363e743b,2019-12-07,1,lightweight,0.644200878620933
ae915d199d0a3212d88d4bff,2019-12-07,1,middleweight,0.6812622323192877
b807573eed5a4156c41f13d0,2019-12-07,0,bantamweight,0.6075256166170877
c9a6fbe648a7cc56f81d7315,2019-12-07,0,heavyweight,0.5677232438364045
831cacee5fffa61376db4fc9,2019-12-07,0,welterweight,0.4121093623548671
2138569b556c4d614e8bb628,2019-12-07,0,womens_strawweight,0.48359880182935233
029906e95258805fd3ef5825,2019-12-14,1,womens_bantamweight,0.668111343168295
d5b4dfb3ff65f3dbb6fca19c,2019-12-14,0,flyweight,0.5495081633905453
ce5217459171cc8b3b06b8a1,2019-12-14,1,featherweight,0.6957994639261502
33e7da705762dd431b060f57,2019-12-14,1,welterweight,0.6090245719245501
f66a474497dbfe8160053545,2019-12-14,0,middleweight,0.4833418667703249
e78313114f040c2eb306caca,2019-12-14,0,womens_flyweight,0.5870287918885633
c278d51e7be09fbca132ce23,2019-12-14,1,welterweight,0.6052627319709589
08209dc137ca29ba95d0b9a9,2019-12-14,0,womens_bantamweight,0.4467629709704621
c1ada04837f4f0ae52b28b1c,2019-12-14,0,bantamweight,0.5608956647262133
effa322cf0f61bf8fab0059d,2019-12-14,1,welterweight,0.7262631331131474
f1218bf5097065169418303d,2019-12-14,0,featherweight,0.5498646880377949
aa231dbbda45b913e6c739e4,2019-12-14,0,bantamweight,0.20290296097952656
75abd93d36786b68de733b5a,2019-12-14,0,middleweight,0.5513913851956302
ceb9eb09b6543ade92a2fc57,2019-12-21,1,bantamweight,0.52322956033147
bc5dec6484ff60b254a2bf9e,2019-12-21,0,flyweight,0.44372494158709325
5e29733544b68ed9577a8341,2019-12-21,1,heavyweight,0.6147117834510888
7d8361c453bd229c2f8ab6af,2019-12-21,1,light_heavyweight,0.5081320416786209
fdfacd8404d0eb95adcee649,2019-12-21,0,lightweight,0.5353783549375606
f9e7b8638de2149e61e51154,2019-12-21,1,featherweight,0.515006988785668
8a987c4579dbf3e22f1d5ff3,2019-12-21,0,featherweight,0.6025135170422264
b93afc4960a3dbb6e25c0b1b,2019-12-21,1,middleweight,0.3999303541536764
ff575235c773175d33e45307,2019-12-21,1,bantamweight,0.6053960362045767
852967885dda5170546df8c6,2019-12-21,1,womens_strawweight,0.2922064454029959
3443c05c299fb7b8610b44d4,2019-12-21,0,bantamweight,0.6770441777496695
6c4e36c79471be03e79e25b7,2019-12-21,1,featherweight,0.6197894995738793
3b0c3a4939fb8a567ab24b63,2019-12-21,1,light_heavyweight,0.4276582953009728
dbaeff63b18a6d92838f98c2,2020-01-18,0,light_heavyweight,0.4414881381124671
32e3ff4610a5a504ed917afe,2020-01-18,0,heavyweight,0.5975486478964688
1826d3fc74bb2d6ba256950a,2020-01-18,1,featherweight,0.6332710726901594
299419704af40353765232da,2020-01-18,1,lightweight,0.5612348741217804
a1906b428b2b7f692430e2cb,2020-01-18,1,bantamweight,0.5034060347066762
66d951441f61c860a46dd18a,2020-01-18,0,welterweight,0.37778382577723624
049d7f10a2408eaeea36b79b,2020-01-18,1,lightweight,0.33400418910666213
8c49399b3602fc1ea7faab1f,2020-01-18,1,womens_bantamweight,0.4027191237548887
894e5a6b67f8fd390b461dc8,2020-01-18,0,womens_flyweight,0.7593300827005095
31631b1099dedbc551cca061,2020-01-18,1,womens_flyweight,0.6258738138625899
818e4e2f4882a32d5136f9f8,2020-01-18,1,flyweight,0.4483715479441602
535e643e38e6e106255034d3,2020-01-25,1,featherweight,0.7450080492800898
fa88c98e5dae1a9d570d00f3,2020-01-25,1,middleweight,0.621016311529304
3be9f2fb380b4adfe9142fad,2020-01-25,1,bantamweight,0.6137767755633217
3ceaa0ce879bb7f0a68da029,2020-01-25,1,heavyweight,0.5471330817586045
70b24348fe735b27fba60a92,2020-01-25,1,womens_strawweight,0.472980542227992
4da0ae30154e9ffeae7d071a,2020-01-25,0,featherweight,0.5251254980106095
2a8739dba9f6bbb8da7160b0,2020-01-25,0,light_heavyweight,0.5112783375147867
f0db58925ab2f01282c6aed8,2020-01-25,1,flyweight,0.6597478275359542
611387fbcb2688d824e09cfa,2020-01-25,0,womens_flyweight,0.5428023766430234
34d2e609fae11eba0361d28c,2020-01-25,0,bantamweight,0.29654454897199695
49c737995706c23811737d45,2020-01-25,0,welterweight,0.44796714597310144
c98a7a3f6e065503e752b443,2020-01-25,1,womens_bantamweight,0.4479673785610152
58f8cedb4f1c4a8acfe97da0,2020-02-08,1,welterweight,0.4401816178226181
f791308687846b968ecb6e0b,2020-02-08,1,bantamweight,0.40497379483916685
45d8c7be4e945420d00361ae,2020-02-08,1,featherweight,0.554373201121185
a3ce1d91d4f5d48cb71fcfe9,2020-02-08,1,heavyweight,0.6108139237441351
ff6a60aa5038e8415ec8939f,2020-02-08,1,light_heavyweight,0.688049870185435
e68dbb04527c15178f4140e6,2020-02-08,1,heavyweight,0.4659439144260719
b2b4d0831802f26e83e6ccc7,2020-02-08,1,womens_flyweight,0.29411367846933445
8d68545109734da047569b52,2020-02-08,1,bantamweight,0.3786848859060317
9849cc2855f955fab6058523,2020-02-08,0,featherweight,0.557684150029687
d1b4cad82cb530a5cf8cacd1,2020-02-08,1,middleweight,0.5074658124591578
1f5ca783acb07145072da725,2020-02-08,1,womens_flyweight,0.7719928023472429
2085d5052f8ce3f92633bf3f,2020-02-15,1,lightweight,0.5786598463025857
8de48a03581e7b5f3ae2d006,2020-02-15,1,bantamweight,0.5208366245676727
bd22d4e2756e0f228a221025,2020-02-15,0,light_heavyweight,0.5845556847176991
c7f13fe85a89872d7c7fdc4a,2020-02-15,0,light_heavyweight,0.30375157953215803
1ff4a3233a4e3de253086d78,2020-02-15,0,welterweight,0.6468680664810403
f8d3fabff42baf18c7e8c6d5,2020-02-15,0,lightweight,0.40735773296590144
52e04780edda9cf0618b9152,2020-02-15,0,bantamweight,0.7714281803059118
828bae559074c156bab9cdec,2020-02-15,0,lightweight,0.37725489954927816
e2092c0a9fda00799fd85248,2020-02-15,0,womens_bantamweight,0.27171660647206713
344da31964fde9819457c241,2020-02-15,0,flyweight,0.3858569799288259
7a47b5bdbb687c1295999f5e,2020-02-15,0,womens_flyweight,0.36282609112246333
e21273dacc8544d24b825430,2020-02-15,1,flyweight,0.575515024294277
806a30c5a3bc9369c6e1864c,2020-02-15,1,welterweight,0.44537184760090326
3345db9eff688ec37ec0f2f0,2020-02-22,1,heavyweight,0.5896359928689566
405c0a662bf5e5bd6660107f,2020-02-22,1,lightweight,0.6194335706100982
957ee110d743be59ac63bd6c,2020-02-22,1,welterweight,0.5816365899539006
55fc23885a358078ecffc231,2020-02-22,1,welterweight,0.7103579834560652
3d852084c8c58ac9c0c3866d,2020-02-22,1,lightweight,0.5166208891882452
6d9b24acf3b0a085f063254d,2020-02-22,1,light_heavyweight,0.4788960336289271
7ec2485289f1c9b63a5792d6,2020-02-22,0,flyweight,0.2725846915349435
e4febcd3b9270378b88c2c8d,2020-02-22,0,womens_strawweight,0.37573508615818363
06cda90846ecf341619165c4,2020-02-22,1,featherweight,0.5404964464324287
c081058b8760ebc49b1844fa,2020-02-22,1,womens_strawweight,0.35141425383689184
0a118b568754c03f74e85a68,2020-02-22,1,lightweight,0.6791322667225963
e8ddc97cca6d0a5d378ee12f,2020-02-22,1,womens_flyweight,0.4202760416899774
bc05c73c776a23522465fbba,2020-02-29,1,featherweight,0.5768121822942645
67c513c4904f8faedf720155,2020-02-29,1,middleweight,0.4276137051854905
225a42fc041d7b46d5bfaca6,2020-02-29,0,womens_featherweight,0.3260233143732552
12c618f5f471aac6cbe2f559,2020-02-29,0,bantamweight,0.4917960738980799
7c35b87c3259435af9f305f0,2020-02-29,0,featherweight,0.26882554847435186
b9199fdaf47f5fe86002cdc7,2020-02-29,0,light_heavyweight,0.507393173149651
a9d1e14c018c2bd7956f85b7,2020-02-29,1,featherweight,0.5845650976057718
959d009361301a02cd28d861,2020-02-29,0,flyweight,0.4571486124397822
c5b2efe1550d9fc74302f4ae,2020-02-29,0,lightweight,0.28465559168426824
af291c699433bd04d136b64e,2020-02-29,0,heavyweight,0.5950861882623146
0192a4baef7d9bbc35d07b36,2020-02-29,0,womens_featherweight,0.5026804788049458
8233a2bcadaa15eb353a00ac,2020-02-29,0,welterweight,0.6919008003038775
ac32a2ac43ae6ff31c4c058a,2020-03-07,0,welterweight,0.38190064937550805
2994a65fc60a7ebda1abdfd4,2020-03-07,0,bantamweight,0.34059233071880923
4dc37410ffdd722c5c13b647,2020-03-07,1,lightweight,0.6523519949540805
bbd0ec55ec6433a7ed39dada,2020-03-07,0,middleweight,0.31917844007929574
29c5a22950b852875c2d2859,2020-03-07,1,featherweight,0.5500817594423771
fd70dfb0a7f2d8d11002f31b,2020-03-07,1,middleweight,0.7425202623769721
0a2d16d65f1e0a9aa0e5ad91,2020-03-07,1,lightweight,0.5643262970383741
6d49420f915f8986e125d116,2020-03-07,0,welterweight,0.4294920931699218
b8fe0a7b1ff0416078863f66,2020-03-07,0,middleweight,0.41654734215836964
5f2af6f949d46196346c0969,2020-03-07,1,bantamweight,0.48099716972306167
49093c389ab04a0502e74269,2020-03-07,1,womens_strawweight,0.5053057533021781
dcbc89946cfd3b60dc2896a5,2020-03-14,1,womens_strawweight,0.7524292915182866
ab4e9d192e4c6a16d88cfa78,2020-03-14,1,flyweight,0.5727121182966666
0629e69e4cdef6010afb82fe,2020-03-14,1,welterweight,0.6474039775789993
12fcb4b15eab88cc21a628ea,2020-03-14,0,welterweight,0.5266096217345818
3397e1f912942f4951412964,2020-03-14,0,lightweight,0.5879028033396879
0b804ef15016f4701a6c3b27,2020-03-14,0,light_heavyweight,0.3903380062328914
c060ae13226dc57054e79419,2020-03-14,0,flyweight,0.35052445551724876
1f8448a33794600e3b26b116,2020-03-14,1,lightweight,0.40543336902124893
8f283b50bf60f4ca662fb534,2020-03-14,1,womens_flyweight,0.4250650571583289
7171685f49e42fc47e27c391,2020-03-14,1,lightweight,0.7341129863498012
832f4ad5e6462a116d4f8af9,2020-03-14,0,womens_bantamweight,0.5012003471159003
009aa0b869e610f7e796e750,2020-05-09,0,heavyweight,0.6165929000903079
c103c970f04eb87287a0e4b3,2020-05-09,1,welterweight,0.5713366110284749
cedffd9e5eec6ce82f7c101a,2020-05-09,0,featherweight,0.3100585641944779
a0e32d72c7de88f4800dab59,2020-05-09,1,womens_strawweight,0.5727821538334696
ae7dca63a813f4d6c52b1788,2020-05-09,0,heavyweight,0.33106052277089976
f8880f1d649f46e28a73ca8d,2020-05-09,1,heavyweight,0.5707189622235161
5384d7c94e5a0e0f2f57d0aa,2020-05-09,0,bantamweight,0.4032973670593235
b0b04e108bd700e4b9506bb6,2020-05-09,1,featherweight,0.5684492367277274
4e861f89eebf4bd6240193ec,2020-05-09,0,light_heavyweight,0.31200787893128296
da967b755aeebd0969453818,2020-05-09,1,lightweight,0.41679173655538587
5922566ed6339c4bee68789a,2020-05-09,0,welterweight,0.36816097887950705
9327fe46dbb648274dedf148,2020-05-13,1,lightweight,0.3872218740260076
b4e09acb3ef8fb916cd20042,2020-05-13,0,heavyweight,0.4883072385579761
099226a1af8eaad416e33ce9,2020-05-13,0,light_heavyweight,0.5413536137083311
85583e946a1afc739c7971d5,2020-05-13,1,heavyweight,0.4029348028639589
30f7d6f26cdb555e1863bacf,2020-05-13,1,heavyweight,0.5553025231713965
77c3d8ba834acfc857c5d9ad,2020-05-13,0,lightweight,0.576633622313607
281018bae372254e896f953c,2020-05-13,1,featherweight,0.4103145987694674
11a75f048fd5a8ce402d014c,2020-05-13,1,lightweight,0.7163658543352203
eec530344c8a5b1193095b97,2020-05-13,1,bantamweight,0.37782892498482273
fc27e2a2bb4840d583e6af05,2020-05-13,1,womens_bantamweight,0.5666149243212374
56eb0df2ba5e8806fbb8b6ac,2020-05-16,0,heavyweight,0.4747666303324968
4431b6293af599f45ff88ce1,2020-05-16,0,middleweight,0.31595151063306076
2ab2b9f636e1f691e06be87f,2020-05-16,1,womens_strawweight,0.5062940603757801
2013fc705603e4d2d485f766,2020-05-16,0,womens_flyweight,0.591476109291065
5002aab7fcb128933ec0f428,2020-05-16,0,featherweight,0.3143228753642303
6b06bb42128fb721e64e27d0,2020-05-16,1,featherweight,0.4374630608099509
700c19e5d8072a2eb472243d,2020-05-16,0,middleweight,0.4393506680971565
e484e0ac9450e9273c0358cd,2020-05-16,1,featherweight,0.5915651934869631
ca6e34d9cb638eb1628a7523,2020-05-16,0,welterweight,0.3334143124036179
9a367f827403d6a654fbb184,2020-05-16,0,heavyweight,0.4630988517285948
bc93d93ef97ad802b83b9d42,2020-05-16,0,featherweight,0.3148703464590408
ee05f5ee9431052c10688e3a,2020-05-30,0,catch_weight,0.6064599132370477
4666770439ba8c9851230139,2020-05-30,0,heavyweight,0.48306156538900596
30e2e97fde043513c4e768c0,2020-05-30,0,featherweight,0.36636308058021316
4daf886ecde6eaec42a3a025,2020-05-30,1,welterweight,0.6012913002373514
cab113a35cf2265258613c6a,2020-05-30,0,womens_flyweight,0.45206968945794435
1ac169b7d2f5b29552a8b0c2,2020-05-30,1,bantamweight,0.6113041030560881
13b094ecc0ecaf09072cf52a,2020-05-30,0,womens_strawweight,0.36517554638477556
c05df91759ec1c10158435b1,2020-05-30,1,lightweight,0.6932120158648067
50b9b416e5e3b3851dac3a6f,2020-05-30,0,flyweight,0.551311002127751
2d149a8495bc57d125ce4598,2020-05-30,1,welterweight,0.5496618432521116
820e89cff0edf608156421bc,2020-06-06,0,featherweight,0.7688588081703556
97226c5d11d686649ed3e022,2020-06-06,0,bantamweight,0.4159554114669273
24970a4f8d6d139317076c24,2020-06-06,1,light_heavyweight,0.5040843820709072
28044f1dbc515f3c272522a1,2020-06-06,1,womens_featherweight,0.7411000804730441
14525c663d20a7a85c31b0dd,2020-06-06,0,middleweight,0.5454614113859997
4858c091f6e5f1675c2a3e4e,2020-06-06,0,featherweight,0.2838785058487897
f5093e48c887c2911361c958,2020-06-06,1,bantamweight,0.7599384963818528
478b9433c1b69ca56c69354f,2020-06-06,0,catch_weight,0.48469280792696123
34cf054f6fef1a96d7b033e6,2020-06-06,0,middleweight,0.4926161357168485
41234e8af82999c05cd8e76b,2020-06-06,0,flyweight,0.3366573289188939
0af06c0ad5c72afe4111ca93,2020-06-06,1,welterweight,0.544709425672548
e31c4c6b7eef770d9e0c6969,2020-06-06,0,bantamweight,0.35535656426390005
886bbd2f6a3553ba3983567a,2020-06-13,0,featherweight,0.49183325199927896
89e05740fd45ec7c49dee28a,2020-06-13,1,welterweight,0.5231261550774803
0307782c584315ff5b11eb53,2020-06-13,1,lightweight,0.3853549450309055
62e7a1dbde465ca7534617e6,2020-06-13,1,womens_flyweight,0.5174339741887932
8a6e39649a3fec737d38320b,2020-06-13,1,bantamweight,0.562817526275246
c630e7885cdd36b6b14cca59,2020-06-13,1,womens_bantamweight,0.5644771592987511
3e172364fc518e64ef6c7969,2020-06-13,0,middleweight,0.4245021050389364
2259ec8201adefc465ce8c23,2020-06-13,1,womens_flyweight,0.5752684583344707
923433619c20dd750c2205af,2020-06-13,1,catch_weight,0.6457755121233242
e8151d9214dc667480a5a0cd,2020-06-13,1,bantamweight,0.4478394736221688
290d4ab10e5aa919a128037b,2020-06-20,1,lightweight,0.5275038153970217
cbdc4ad6d5473e19d6df57ba,2020-06-20,0,welterweight,0.47712813332998
35dd379f6c827a39c9ea2a80,2020-06-20,1,lightweight,0.6767949423962059
0ca95193d549deae06a43dfb,2020-06-20,0,womens_flyweight,0.34312959444056107
42a699b0e1e0b47000777a51,2020-06-20,1,heavyweight,0.5553571555841708
11a2b83fafaadd00beca04d6,2020-06-20,1,lightweight,0.397869209544219
dab5c40932dc5108516b8357,2020-06-20,1,catch_weight,0.2951955699027367
1702be42945c42f331abfb86,2020-06-20,0,featherweight,0.5773492801241732
059fc403c1199ed58dfefd1e,2020-06-20,0,womens_bantamweight,0.2777596225871111
cd96fe8c1990581afcbc65fa,2020-06-20,1,womens_flyweight,0.5517479449228155
af88d28bf7e8107238ee84eb,2020-06-20,1,womens_strawweight,0.48424838283285043
82c23a4256fc112839a21e37,2020-06-27,1,middleweight,0.7314508764851694
de98f026bdf72951202b6d58,2020-06-27,0,lightweight,0.40436735259168083
3f23da8e6c5be0676895513e,2020-06-27,1,heavyweight,0.6217550780632669
b66fca201dea49414ec29f35,2020-06-27,0,featherweight,0.3450065380815035
c4e0a136fe5ffd850886b385,2020-06-27,1,womens_strawweight,0.6144921385400056
2fdfc02f2b246b2cd90069a6,2020-06-27,1,lightweight,0.3838589089165846
c13e18c821c98fe6fce0b80e,2020-06-27,0,welterweight,0.4008770962037814
44b541d2c96511df188e7335,2020-06-27,0,heavyweight,0.35363263980298854
c19913fffb602e14f3e2082b,2020-06-27,0,catch_weight,0.7228691481616016
006f504a194d5223fe79b4df,2020-06-27,1,welterweight,0.6472995443474492
be848e2721065a0114893812,2020-07-11,0,featherweight,0.45007507138411534
1f3620c84ae614757d7bfa36,2020-07-11,0,womens_flyweight,0.2892895362609676
2aca388948ad79e83a84cf15,2020-07-11,0,welterweight,0.5286717530119032
574672682df84871761a5876,2020-07-11,1,womens_strawweight,0.49902562344616613
83c960d387ea71ac2b87a5ca,2020-07-11,0,welterweight,0.22514788495307897
51718fa99d2beeef65554230,2020-07-11,0,womens_bantamweight,0.403029853769437
d15cc1d2230aa928274889e4,2020-07-11,0,lightweight,0.518078655094779
203ac34442d30277d30b534a,2020-07-11,0,featherweight,0.33117164122100995
bbb50c2b6683640361da5f6b,2020-07-11,1,heavyweight,0.6766922985869634
c47da9117ef9cb0c55d90f33,2020-07-11,0,bantamweight,0.5830678645573683
0d11971457c4175b965c7f87,2020-07-11,1,bantamweight,0.7020553757903226
511b42aba92448e1f30bcceb,2020-07-11,1,flyweight,0.6871463815568414
b8cb51bb58d9db4514c8a4cf,2020-07-11,0,light_heavyweight,0.631542301568776
3cb54ea87dbfd559fefef2b7,2020-07-15,0,welterweight,0.49620177597839465
884115a97758c772c9a1aa6e,2020-07-15,0,featherweight,0.682740596412162
e030c4b4274431ef2741e6c9,2020-07-15,0,womens_flyweight,0.6020813290522424
a8f801019d4eef0e77d9ae1a,2020-07-15,0,bantamweight,0.1795463149848855
b3e069741adc630204893233,2020-07-15,1,featherweight,0.5481839108948015
e15671cec5d44e671c10a445,2020-07-15,1,featherweight,0.3363367836714527
8b32ecec48dbcd2195ac45bf,2020-07-15,0,middleweight,0.33997047331488695
07704ef1301d2d6ce8009af5,2020-07-15,1,light_heavyweight,0.5616375370525666
b612d80bd5c03377090d4d3e,2020-07-15,1,womens_flyweight,0.5153826529930874
9f333d28d7717b8654dfa658,2020-07-15,1,featherweight,0.28929443009941214
456ab7958561d909b67e3864,2020-07-15,0,flyweight,0.43370626578976273
8f69fcae4224781b3c9cfa38,2020-07-18,1,flyweight,0.4977261597046596
fa1912c548967b80aa56bf11,2020-07-18,1,womens_flyweight,0.4890899322994581
6919180ec57b7b188061ac38,2020-07-18,0,bantamweight,0.653701611073059
74993216732e68a332a88a7c,2020-07-18,1,heavyweight,0.5423517804447302
cd37985766a8aa01b735f39b,2020-07-18,0,lightweight,0.43385129769552105
1940aee687891ca4a94afbfd,2020-07-18,1,flyweight,0.5875219847218234
9fafa8c93b811a3746eb31e8,2020-07-18,0,catch_weight,0.30784256045626496
f86ab16d919a25d4da537f58,2020-07-18,0,middleweight,0.5032450082379711
66da3b6f9f4cf7e4157872a1,2020-07-18,0,lightweight,0.4363671757224408
4a09d8daff5488361ff890ac,2020-07-18,1,bantamweight,0.5840534038044861
e038f9564dda467e4997ce35,2020-07-18,0,lightweight,0.6098898664067358
8cd39f466756d30dadd88be2,2020-07-18,0,light_heavyweight,0.5953568384037473
aa414e556f0b92cf8400036c,2020-07-25,0,welterweight,0.32823868683662305
9ecf8c24eea5a923e8f4b148,2020-07-25,1,womens_bantamweight,0.5758891722767032
b345fd117c26ce8ce1ef6e60,2020-07-25,0,womens_strawweight,0.42032315729094016
0c7ab3916d55a17df15a3a83,2020-07-25,1,heavyweight,0.30189204064217395
39cab37f486024ecb9db2635,2020-07-25,1,lightweight,0.5241884961766665
defd84b0599cc0d92b68f3d9,2020-07-25,1,welterweight,0.5962682117110483
463933bcaf017d47e453066f,2020-07-25,1,light_heavyweight,0.6691128818408479
774acac56423a0c607d073ed,2020-07-25,1,featherweight,0.5781429947120932
f8145b4bb7b5e3cb97d4dc9c,2020-07-25,0,bantamweight,0.28920048832850265
6ce73abee15e58ac43b79445,2020-07-25,1,light_heavyweight,0.6023434187350104
85e0c0d613fc2cb13a184545,2020-07-25,1,welterweight,0.643722756556705
d7af924b081837726a8d950e,2020-07-25,0,middleweight,0.49758191330884116
11685689bd05b8ae21ca67b2,2020-07-25,0,heavyweight,0.32458577146972467
376525f5ca63a4c27ff6decb,2020-07-25,1,heavyweight,0.5774884610248188
8332a93dfb22029ffd97dce6,2020-08-01,0,middleweight,0.6701528318806278
accaf5efe3560f60755f9237,2020-08-01,0,bantamweight,0.3201520374659293
77f7f2dbc81095fc4709e0cc,2020-08-01,0,featherweight,0.38466246116295333
803e4699563eeaab313ee6f9,2020-08-01,0,womens_flyweight,0.6184527201316024
cf1b0a8a8ef42f5355c57ac5,2020-08-01,0,featherweight,0.5439873949556673
74ada4c73df8d55a25668c40,2020-08-01,1,lightweight,0.6138197157312568
11b2bdce33b4daa385378c1a,2020-08-01,0,welterweight,0.4518711494785568
210876a707716aedd484fb62,2020-08-08,0,middleweight,0.5939191149274845
55d2db7e55ff9ef810d8a2d6,2020-08-08,0,lightweight,0.34161829019159484
04fb7fae5eccd9bfad3b30f5,2020-08-08,1,heavyweight,0.5923868833456585
9c4d9994434bee6a49132946,2020-08-08,0,featherweight,0.6170907696317977
868200fb7ccb6878e63a9732,2020-08-08,0,bantamweight,0.47993886792495166
7ba96474f9f6f546663fb612,2020-08-08,0,middleweight,0.3322317495804161
2d9f61eb854f945a91ce4e6e,2020-08-08,1,middleweight,0.5699575066515079
da0dbbeaf56d1757faf50688,2020-08-08,0,lightweight,0.2733486311090878
7cf5bb7c97d458ef222e05c8,2020-08-08,1,middleweight,0.48337878979910753
298e37ec9666db9f53515a4c,2020-08-08,0,welterweight,0.562303239729859
245a1aa1d70748ddb77fcd50,2020-08-08,0,womens_bantamweight,0.38718817667866884
060c3c0453e2685b88bfc7cd,2020-08-08,1,featherweight,0.7880327267136035
f62f628f4d455c496ac07489,2020-08-15,0,womens_strawweight,0.4328308266772336
a932c2ee19a974d44f417d4b,2020-08-15,1,heavyweight,0.5609301151775848
7a1e753ee1cac071ed552cc0,2020-08-15,1,womens_strawweight,0.5839988372487693
c2a30adbd7330740e20862ad,2020-08-15,0,featherweight,0.7788929828341048
14528df9ace6c262ceefb3f7,2020-08-15,0,lightweight,0.41535425412206617
55a99ea2630f084f2ed4d912,2020-08-15,1,bantamweight,0.7339562191462519
5d24c91dd499dbf9f371c204,2020-08-15,1,heavyweight,0.5226975222272807
1b00b8df5d93a51c490a2948,2020-08-15,0,featherweight,0.39566676032962766
ba981dcf4305f29bcaa7900b,2020-08-15,0,bantamweight,0.6444917927500184
27164f9bd07bca68817f3f4e,2020-08-15,0,heavyweight,0.505588244029098
b5a777423264ab6348bb1c2e,2020-08-15,1,featherweight,0.40143075186601795
acf437c27bb894e5f10b2833,2020-08-22,1,womens_strawweight,0.5200267532339231
865bc5e17b412e9d8e74207b,2020-08-22,0,lightweight,0.38853291004135415
56c97a89da7aadd66d047b0a,2020-08-22,1,welterweight,0.5204905871260428
3d301ae7159660205e61e4dc,2020-08-22,0,welterweight,0.4406425146308318
34d337987a36d7908897d305,2020-08-22,0,light_heavyweight,0.2735813596687964
df37437bbab31d315b3583ce,2020-08-22,1,light_heavyweight,0.5435647346853854
35fc4617b59fef082956caf0,2020-08-22,1,womens_flyweight,0.2043011412772221
4c3bf69bcda575328e7dfa8a,2020-08-22,1,bantamweight,0.6452747497960025
9a0f019bcdd546effc2348ee,2020-08-29,1,middleweight,0.5422241312521843
445a76108cb8e63cbb18f23b,2020-08-29,1,featherweight,0.5166380963324124
783496ec89222db55e57a668,2020-08-29,1,light_heavyweight,0.5916701393143969
e386eba5a579cbc9c61d7ea2,2020-08-29,1,womens_flyweight,0.6369458094332665
7e8fcbb84541590cb5ced267,2020-08-29,0,middleweight,0.47679876408444083
4fba53fa922937da97b13a1a,2020-08-29,0,womens_strawweight,0.35904832339593684
9e3309a83263a3eb26e2536b,2020-08-29,1,womens_strawweight,0.45102877736243696
cd63bf60ab82e106e2f0ee15,2020-08-29,1,featherweight,0.5635555086252699
5b102515890b750f61b15ad8,2020-08-29,1,welterweight,0.7177323693509782
df451b71add33401cfbbbdee,2020-08-29,0,welterweight,0.4095809850238965
a8f7e7ce78b35799585b7b3f,2020-09-05,1,heavyweight,0.4697987521079326
4566ad12d4871db68af538da,2020-09-05,0,middleweight,0.6450063910729178
79f56fc5b540a07b75fc2f98,2020-09-05,0,featherweight,0.3713044181896811
b37f7663c4100c0a3a3d864e,2020-09-05,1,bantamweight,0.6268300629846645
db45cb350600a6522a63019e,2020-09-05,0,welterweight,0.3847403839962334
3a47b616824dbc09d6b4f23f,2020-09-05,1,light_heavyweight,0.5281281909046296
cc3301848054cf1d86698beb,2020-09-05,1,womens_flyweight,0.35787549629817295
28d6bbf15b8b8f3eb7f23a3c,2020-09-12,0,heavyweight,0.4461205305656632
f323a1bcddd8b81465fd2d6a,2020-09-12,0,featherweight,0.32268745200359095
7ae74b7892d546b2c6cc4286,2020-09-12,1,catch_weight,0.6217736099992014
b58fb9829ccfd18659c6d7da,2020-09-12,0,welterweight,0.3741005825019016
082eb0ff7fe293a70ba23347,2020-09-12,1,light_heavyweight,0.3899645856138181
93cfcbcd4b75c2b5c8ee2e46,2020-09-12,1,womens_bantamweight,0.5432763970980011
04a643128e2a0077e897530a,2020-09-12,0,lightweight,0.2662851365873605
537ffd56845ed420190fbfdd,2020-09-12,1,womens_strawweight,0.5192303788647221
25de901f6dd7ecb9530b74b0,2020-09-12,0,lightweight,0.48921102336075906
28efb17bdca98d4378885a1c,2020-09-12,0,womens_flyweight,0.6295374194571454
9315dd27fd7b658d3ca50207,2020-09-12,1,womens_flyweight,0.7344429716611285
623b46230159a54815f5cb49,2020-09-19,1,bantamweight,0.5233871768545069
fb266d3d4965156fe0812808,2020-09-19,0,welterweight,0.30140283580307914
6c738a0d9b2c763e5023b8b1,2020-09-19,1,featherweight,0.45153066392941876
d817723ba47e641cb45f55df,2020-09-19,1,womens_bantamweight,0.4572342680328118
5b0b10e3a4c96b4a1aaacc21,2020-09-19,1,light_heavyweight,0.4070398867089875
4d15262f09d0438e42a1d716,2020-09-19,1,flyweight,0.40975635792787557
f23ca5817efea8ed67cc6d3e,2020-09-19,1,bantamweight,0.5663237763093831
fb788a19abdf58c4ce9dcfda,2020-09-19,0,middleweight,0.31959248370150367
5c95389aafbb0711c5963558,2020-09-19,0,middleweight,0.23915903509741607
7931d00816825b1bd9e0ecf7,2020-09-19,1,womens_strawweight,0.5602777794441737
126a5071914844441f76aed3,2020-09-19,1,womens_flyweight,0.4283495140914449
ef94f26d1600348c57fa67b0,2020-09-19,1,featherweight,0.2598087921742316
3e510c9608a6583021390665,2020-09-19,1,bantamweight,0.4327961990747523
23a662e45455f29a908aee5f,2020-09-26,1,lightweight,0.5537310790319687
ffe5c9a6e91e0d37d415fdb0,2020-09-26,1,welterweight,0.8094085940091587
9f519c98b04a3b46edae897c,2020-09-26,1,light_heavyweight,0.3614136385473636
80791d311e48d79967e48920,2020-09-26,0,featherweight,0.4760835109472774
4ba5210842a9fdedea37b2dc,2020-09-26,0,middleweight,0.21382344080424873
38d22d042e94d6259e70a045,2020-09-26,1,heavyweight,0.4969393148337796
48f7656e55b8b2313a2a7cd2,2020-09-26,1,flyweight,0.3395430986592828
f4bc73375a257ec73059a857,2020-09-26,1,womens_bantamweight,0.44618536270072384
be57e08456210445617a2cfe,2020-09-26,1,light_heavyweight,0.38421999229265713
39410ea34d5a7709c2e4070b,2020-09-26,0,featherweight,0.5441619170889745
f593b1fad2405f4eea183994,2020-09-26,0,light_heavyweight,0.6306690804604442
b04169fb651ff838bcc04a28,2020-10-03,0,welterweight,0.41188805344257723
0c6b8632abdb2d92929613c4,2020-10-03,0,bantamweight,0.45260451239383914
d1559e32012f7277afb65dff,2020-10-03,0,middleweight,0.3513086937770565
f3ee0876b7b239e4c9c141a5,2020-10-03,1,womens_bantamweight,0.5038249027654589
1ed625d2bce4a080ff7aa7ec,2020-10-03,0,womens_bantamweight,0.5452324144396473
c6a82c44dd90c79be12b6827,2020-10-03,0,middleweight,0.4757335960366349
e027916440b1d9b89633d333,2020-10-03,1,bantamweight,0.7290178531818697
e78a454a7ba56158106a70bb,2020-10-03,1,womens_strawweight,0.6295772530167857
9038dd92cf6a9dba569b6e41,2020-10-03,1,lightweight,0.6270112005542692
5e403d21b6f537ca07e981a8,2020-10-03,1,heavyweight,0.48176209143005366
80048b12f4e27d448e681393,2020-10-10,0,bantamweight,0.6895334602008321
9fd3797dda6a9dc551642271,2020-10-10,0,heavyweight,0.35399063984630585
47d015c9da4f8e7c68642c9c,2020-10-10,1,flyweight,0.5007903356517255
f3c39178e030c72a92766f83,2020-10-10,1,heavyweight,0.4606306239077604
b33b7e15079e874207787397,2020-10-10,1,featherweight,0.4343435733169259
32b54d883d2d43b47a7329ef,2020-10-10,1,featherweight,0.4843820834817265
3933cacfa643f4332fb05e57,2020-10-10,0,middleweight,0.629657344290188
6d2a9d7dc08ac386e90f4115,2020-10-10,0,middleweight,0.4387340014047732
a9b7a476e336ba9d14cc3967,2020-10-10,0,bantamweight,0.45930915762074065
4bf87d901465ed4dc164d766,2020-10-10,0,heavyweight,0.2610093691318588
96f20b0be6ccb77bf9cdc8eb,2020-10-10,1,middleweight,0.5971809722003001
f37de3fb239061532292aa7a,2020-10-10,0,womens_bantamweight,0.29117750564274447
c1064b7eb590e152b8293553,2020-10-10,0,featherweight,0.6935355690252464
7436f2383310929d077726d8,2020-10-17,0,featherweight,0.6080011653341272
1ccd594341a2b6cea5016be1,2020-10-17,0,welterweight,0.43333072605975254
5c7f86843455a239817ae12d,2020-10-17,0,light_heavyweight,0.4980771216685797
2da28f1443f58bbdd2cb3db7,2020-10-17,1,womens_flyweight,0.5781783971723917
9dc9bdd024b0eccd64b939ac,2020-10-17,1,lightweight,0.6572674555684836
5b47f9b0810708e40df64e9e,2020-10-17,0,light_heavyweight,0.28519772303823393
2975781dbd33227ef8a61f79,2020-10-17,1,middleweight,0.7102976665657862
2a9bbefd70d44c964d657e9b,2020-10-17,0,womens_flyweight,0.43797095216128806
591940879703188b315267f6,2020-10-17,1,lightweight,0.5254849534603705
385fd3eb8f3778369168b7dd,2020-10-17,1,bantamweight,0.7367576143859907
5d4dafd8adc6f8fdd0422db8,2020-10-17,1,featherweight,0.5344772826621144
9e5f20555d811d9565cd562c,2020-10-24,1,welterweight,0.399962157786663
c390228f133682c232f89d7a,2020-10-24,0,heavyweight,0.20324332753351929
ddd3bcee83bd285bc2d66fda,2020-10-24,1,middleweight,0.47084649962172176
accd1dcd8cd278a67c7cd20f,2020-10-24,1,lightweight,0.571086477122525
5e1047bc4fb321e2c668e871,2020-10-24,1,lightweight,0.6853114235712702
01e8de6e71b38fdbb4ca295b,2020-10-24,1,womens_flyweight,0.5146630755333244
dccd287fe543912a3d4262ce,2020-10-24,1,womens_flyweight,0.5314784725763934
27330ec2f027b06bb6e1d506,2020-10-24,0,light_heavyweight,0.38186997336865686
95bf3e74a6af57559a469137,2020-10-24,0,catch_weight,0.5822309265373989
df5cb9edb98d3b8e5b0d1dcc,2020-10-24,0,middleweight,0.2930972084541248
f579d8fdebc5facfe7a54631,2020-10-24,0,heavyweight,0.38412541877217177
89530c10412fef4e37adacc3,2020-10-31,1,bantamweight,0.5271276298012937
139113bda6e2c08bcdb0de64,2020-10-31,0,featherweight,0.39536934617445807
64f6e5042b239942a0940584,2020-10-31,1,lightweight,0.718750811657245
cefd7c12fbddc1ae93b66ff3,2020-10-31,0,welterweight,0.6203756307701933
7b0cfccdff37cdd83d0058fe,2020-10-31,0,light_heavyweight,0.4432106112738537
26fbfce30596a1dab7bd4db1,2020-10-31,1,middleweight,0.6724958443844958
578662bba25d0cd530c617d8,2020-10-31,1,lightweight,0.41181624302530445
ee10cdc650c5fb71fced52b6,2020-10-31,1,heavyweight,0.6369309458676763
558610849677ae0c138c4f45,2020-10-31,1,bantamweight,0.5837155787744858
5fd8a5e104ff4c3e1adbc165,2020-10-31,1,middleweight,0.7135961589175435
b5338c339e99f772edcafd4b,2020-10-31,1,middleweight,0.5737187302252389
c01ae7afb0d017349ea11354,2020-11-07,0,heavyweight,0.401727514344013
a75ae44aa15099924d9905d7,2020-11-07,1,heavyweight,0.2852429887755876
3eef4800a98bf0e45d406700,2020-11-07,1,womens_strawweight,0.5692583214215339
dcbfa685c07ca7e10a21cc93,2020-11-07,1,featherweight,0.39504952593014475
7e96ea3f88bc1cd633bfbcff,2020-11-07,1,featherweight,0.6360040404688009
cf941249e8853878c39beb3b,2020-11-07,1,bantamweight,0.44319340331175516
627ff29937df0f3e4b02b96e,2020-11-07,0,welterweight,0.4651116120895271
35cd9e0ed2ba0bbc0352b4d5,2020-11-07,1,bantamweight,0.6554015583613985
f56a2da3439d7312f3ed5053,2020-11-07,0,light_heavyweight,0.5366798459460776
22d95249dfaff73c149f7787,2020-11-07,1,middleweight,0.7097831667536371
4f984c114f952c5e85b05305,2020-11-14,0,welterweight,0.18574529004405432
0bf1cad5fff73833720546bb,2020-11-14,1,welterweight,0.607212478522106
4d8c8fdb741a66e9ec213215,2020-11-14,1,womens_strawweight,0.44922332110347163
7472bbec30036b91f8b3f55a,2020-11-14,1,catch_weight,0.4643633509665675
9d1bf278adaf06c59aafbe8a,2020-11-14,0,heavyweight,0.3583945635007174
bdf3b0384bfd20ab4f874937,2020-11-14,0,bantamweight,0.5521410842845044
256ba9eadd0025f9b1b46491,2020-11-14,0,womens_strawweight,0.608652828412797
212de9a7a449ce2e3483fe61,2020-11-14,0,lightweight,0.3287720518932542
71953b09146d733984c4873f,2020-11-14,0,womens_strawweight,0.44921030812655793
daa107f8ce19d97b1024e608,2020-11-21,0,welterweight,0.5502698913953775
990f47449008c2507dce5538,2020-11-21,0,womens_flyweight,0.4592546317307842
855198b297a6d4d634748fc0,2020-11-21,0,flyweight,0.3814644394571567
ab363e2b0f18214055df486e,2020-11-21,1,welterweight,0.33924349941232157
35a304f5212463a5b62f0016,2020-11-21,0,flyweight,0.5367249193068129
e10c4a1985fd12ac4132b445,2020-11-21,1,middleweight,0.5353968458823932
75e45e9d89ad79cff7c42ac6,2020-11-21,0,womens_flyweight,0.5712141032018279
5ec0091b78dc3de20dd3ac14,2020-11-21,0,middleweight,0.4038996084953048
71a0386425bf0de6d824fb82,2020-11-21,1,welterweight,0.4643158820966674
1d045510888fda8b989e961d,2020-11-21,0,light_heavyweight,0.5474149619893375
eaf2ba2fb033cd4f682f8d99,2020-11-21,0,welterweight,0.5631502788524249
2cbdb6487a02560caa061947,2020-11-21,1,womens_flyweight,0.7622889885037136
f1ef0a42087a271126512de6,2020-11-28,0,light_heavyweight,0.5426854548836579
54556752d4e905ae3733dad8,2020-11-28,1,womens_bantamweight,0.4738924101019425
ee744e008569f783f1c7ae2f,2020-11-28,1,womens_flyweight,0.40220295382801674
1da86dd1a82396c3d44770b5,2020-11-28,1,featherweight,0.20140893142257182
f7f1ed2648969e54b0e3c382,2020-11-28,1,heavyweight,0.34977867789067574
15dd8c606462176c34ed098b,2020-11-28,0,catch_weight,0.44156644537968326
be0781425d6678d096405d23,2020-11-28,0,bantamweight,0.6332099739060754
1cc13b483b64475640fb3718,2020-11-28,0,welterweight,0.29876159141199343
1162fe15cac2da103dfe148c,2020-11-28,1,featherweight,0.4355021986156472
0c3a9c25327fe52dfdc851ce,2020-11-28,0,flyweight,0.2594552574711613
3fb0d126ec0ec9c850e7c51f,2020-12-05,1,lightweight,0.7025453700584195
38c73190ff54c90011fd11da,2020-12-05,1,heavyweight,0.5886501523815146
2faee2f4000145f6ef0e7d15,2020-12-05,1,featherweight,0.7681569332934773
c7ea0e981df13024b9a31ab0,2020-12-05,1,middleweight,0.4936465708550107
b7f4b02b143222c336934e1f,2020-12-05,1,bantamweight,0.3265145357503669
96327f3512f595cecb211d04,2020-12-05,1,lightweight,0.6654929163689917
5626b216eee3a29a06e2e953,2020-12-05,0,light_heavyweight,0.3478566732221851
cdbde8c8fb7b8ab6ece9ca3f,2020-12-05,1,light_heavyweight,0.5193120829768532
e56a0eee2d1ec9ecb44e9c6c,2020-12-12,0,featherweight,0.41058555827675525
0212910162e54fa9cd5b7cd0,2020-12-12,0,featherweight,0.5536318799214037
d5af84d65e5ec7c832fd231d,2020-12-12,1,featherweight,0.34068682033839615
f33feba4243e510ba6affdca,2020-12-12,1,heavyweight,0.6112485888710034
dd922295fee469e083fac69f,2020-12-12,1,middleweight,0.7178487412975338
b259ff80d212bf23d79b1dc4,2020-12-12,0,womens_strawweight,0.4431858165711057
4bdb0495d3dcf5d7e7dd27a3,2020-12-12,0,lightweight,0.5984180984000085
80103ed2aae686dd59e7503e,2020-12-12,0,womens_strawweight,0.2362781109548468
c07bd95dd550983c678bb413,2020-12-12,0,lightweight,0.42339903871885215
956d4c038b9d798a03f2f217,2020-12-19,1,welterweight,0.5910363160794877
06b8415093de68eee890672b,2020-12-19,1,catch_weight,0.5736781820285098
9cfc7008d97b25e3eee03dba,2020-12-19,0,catch_weight,0.5411276373745056
7c14b9cca72df7ce3e48797f,2020-12-19,0,womens_flyweight,0.5449288236130099
09bb551777feafe78278b168,2020-12-19,0,flyweight,0.5260961216792464
ce69be9a42b5dce320787439,2020-12-19,1,bantamweight,0.49177739397299686
d4607f21674e1b635ed2c4b1,2020-12-19,1,heavyweight,0.4636765118610536
2751edcfff14d6f87019df2c,2020-12-19,1,bantamweight,0.4303729891958188
47e7219958c4619887b0ea40,2020-12-19,0,welterweight,0.5123974428735207
8da008a32caddde479cc3af6,2020-12-19,1,womens_bantamweight,0.4539923964173238
6cccf3ffb09a129e7b0bb096,2020-12-19,0,welterweight,0.5457244872365041
73c4fd702dce585354b6c53b,2020-12-19,1,middleweight,0.556666457667115
ae621dcbc9586b8e5527d2fc,2021-01-16,0,welterweight,0.46966121344013656
63d6662513715319fbb37f5b,2021-01-16,1,heavyweight,0.4809719434744271
299cafa827deafab86edfca9,2021-01-16,0,welterweight,0.3448933939413673
5a322970c6fa2b7ccdbf1a91,2021-01-16,0,featherweight,0.2952278570785273
0b3e78533c34539224338ddd,2021-01-16,0,middleweight,0.6012341016857129
e3788f7673c040a7e7162eaf,2021-01-16,1,featherweight,0.6727277425881094
94167c05ac13c3152031bd8a,2021-01-16,0,middleweight,0.5469868533054579
e1e59ca7e3b0bad7652227e2,2021-01-16,1,welterweight,0.4051912654028611
0314d7c96dc6c9029d7f9a5f,2021-01-16,0,womens_bantamweight,0.5959970061425729
733a1c63f7740f95a9317482,2021-01-16,1,womens_bantamweight,0.5134800943477154
6be48a3315d78994e2f6bbaf,2021-01-20,1,middleweight,0.5818281819546722
9fa1bae0311b4aa3ccba91f1,2021-01-20,1,flyweight,0.4405453353192784
0510c32efd9efab7964555f7,2021-01-20,1,light_heavyweight,0.46650903589758763
8dd911979c1d546b9c995936,2021-01-20,0,featherweight,0.22073044593979907
88d9b570e90c027e750424b7,2021-01-20,1,flyweight,0.5484054751406378
500b756ea736234a67f865c7,2021-01-20,1,welterweight,0.3465351312490934
e8a21c49a3957ae2db4f9304,2021-01-20,0,lightweight,0.4400536474193224
bd1a13b91967e59c2d2ca195,2021-01-20,1,middleweight,0.5607062013332408
871ec9ac30c6dde7f53b3da8,2021-01-20,0,bantamweight,0.24588782349615482
5e589ab68c009c7418795d5d,2021-01-20,0,womens_flyweight,0.40889954359181957
f586b613c26248f8a71102eb,2021-01-20,1,flyweight,0.7043572311426545
c5b665d2739cea495eec4f33,2021-01-20,1,bantamweight,0.6551194620328898
e5728f57a9db1a6d419df71d,2021-01-20,0,womens_flyweight,0.5253451087706639
acb69131c93694b07300faa1,2021-01-20,1,welterweight,0.3662383882603589
cc8a36141f665f8a21e43c79,2021-01-23,1,flyweight,0.6939687207649856
ba4700ec8890cb3212bac423,2021-01-23,0,middleweight,0.4071232081273407
35396c0c45d4c8527b82d6ab,2021-01-23,1,lightweight,0.77264756729582
e81b6098e57e8133b071edb8,2021-01-23,0,middleweight,0.550689720354845
749823f187d45e71e91ff721,2021-01-23,0,lightweight,0.7483381500708155
41d00a19b95b8c4e1011e422,2021-01-23,0,lightweight,0.46643586288131844
069bf8b9c6ade82cb549680a,2021-01-23,1,womens_flyweight,0.48578239087313063
946129bbdfaa781a21608a9e,2021-01-23,0,womens_bantamweight,0.250713095564805
f7128ea236725875bb42fb2a,2021-01-23,1,light_heavyweight,0.31275435681061364
4d892766af178faa517a3b55,2021-01-23,1,womens_strawweight,0.25598284639095764
9eddebe538dcd4b2e8bce30f,2021-01-23,0,catch_weight,0.3037125623713741
398469f8b03c9109e14c3efb,2021-02-06,1,flyweight,0.5949502163010708
c52172bfe2d5dadbc2baa574,2021-02-06,1,heavyweight,0.678574287784768
dd2ee13375dd8c96df6d0a62,2021-02-06,0,bantamweight,0.34813860114693707
c2749aa0039c9dbb15dc18cb,2021-02-06,1,catch_weight,0.6295468724058748
006fbd1ad4d3164705b758d8,2021-02-06,1,lightweight,0.6435986091939154
f95fccaf728f92e2468278a7,2021-02-06,1,womens_bantamweight,0.5441327170196821
5b925fbe88e3649da9183c2e,2021-02-06,1,lightweight,0.40115750550067564
5617b1854fbb99723ea7f386,2021-02-06,1,light_heavyweight,0.4404102254492495
187bee69eb0bfc1344de75ea,2021-02-06,1,womens_flyweight,0.47189822864360326
116aee82de340b5b69294296,2021-02-06,0,featherweight,0.5112156541965529
990348198032e07f47fe05b5,2021-02-06,1,featherweight,0.2268427840932677
7f425d4ea75cb89d2a23d068,2021-02-06,0,featherweight,0.44637158037416225
0ad9e306fa9bafaa5d9d1705,2021-02-13,0,catch_weight,0.4041246268845648
f034ef7d780fb11cd9df91fa,2021-02-13,0,welterweight,0.3894167510203161
e415a937b387a95ec19c51ec,2021-02-13,0,welterweight,0.3657098549811057
f97a2702edccb7dad093612d,2021-02-13,1,welterweight,0.7617650611664604
a4e473c3f2b704804d3aa60e,2021-02-13,0,middleweight,0.4306235599694549
84467793f69d35eb41eb8877,2021-02-13,0,middleweight,0.49429771558273494
089e43bbc47943ab21cfcc52,2021-02-13,1,womens_flyweight,0.4850666043714161
eb1492878c3ea0174e4e3b62,2021-02-13,0,womens_strawweight,0.4087288418188107
12f182cc4484512866f9fb1e,2021-02-13,0,featherweight,0.26507554525999216
3dba4569718934d994975320,2021-02-13,1,middleweight,0.39046501577998366
ea60b29d1cc1c5cbf1e166c1,2021-02-20,1,bantamweight,0.34291656893450917
74bfe372b0e5a30d25bf5041,2021-02-20,0,heavyweight,0.2914423720135487
54831bad652cdc3a8ada5fdc,2021-02-20,1,heavyweight,0.7674318472491743
5f3fc1a3e546d6b566ba1392,2021-02-20,1,featherweight,0.6221731191188673
1a4d68fedca9efa585791fa8,2021-02-20,1,heavyweight,0.2263814893723949
4dfd2b1535c10a0b46f38234,2021-02-20,1,bantamweight,0.5045811575479984
35b9ba0462608f9b6e41c742,2021-02-20,0,featherweight,0.488741529174988
b57470dcb8fd957a6caf4d98,2021-02-20,1,womens_bantamweight,0.4685984726477703
92b3031f9c8a237ab1c68ea2,2021-02-20,1,featherweight,0.44690816746434664
624a4740ac849b0f19e7a355,2021-02-20,1,middleweight,0.4822681818363337
bb5477c8597bf06ae476381f,2021-02-20,1,heavyweight,0.6134415212448278
08bc513ce88af8ec37ef2a3e,2021-02-20,1,womens_flyweight,0.5765760480354476
a8ff0354149b1a73242c7b41,2021-02-27,1,featherweight,0.5544815369666442
fa031ca2b598c1790a770dac,2021-02-27,1,lightweight,0.515153443062706
79d0da63044a2d7848dc3eb4,2021-02-27,0,womens_bantamweight,0.7095809174491559
a7edd53221755c84fb85b338,2021-02-27,0,light_heavyweight,0.506168259812397
4dae04976391e2c304856f18,2021-02-27,1,heavyweight,0.5992296237415136
8977265e2ec0ac4a8d0eb88d,2021-02-27,0,light_heavyweight,0.49023388971867776
03937bc015b49d21691cbfb9,2021-02-27,1,bantamweight,0.41859700452017756
3eed3433c57ea8ceb8e6c485,2021-02-27,0,bantamweight,0.3878315878761642
2c55dd48924effa480f5ca18,2021-03-06,0,womens_featherweight,0.17125311145317135
172ba1c4ac7e58c4dbd7b4dc,2021-03-06,0,bantamweight,0.47498334875946013
84173c3cabc82b82021ee1bb,2021-03-06,1,lightweight,0.7013792760926939
2f2a2e5d3ef44f24b2553a05,2021-03-06,1,light_heavyweight,0.24021162454477718
774fbbcd4bc58c07113c5842,2021-03-06,1,flyweight,0.7038181200886633
bec1db2b5e3183035ce016c7,2021-03-06,1,light_heavyweight,0.5365701788748418
7406877c1618cdf902112bd6,2021-03-06,1,womens_strawweight,0.5248050563571286
436382c7157f32d457cf439c,2021-03-06,1,bantamweight,0.31817953255427056
e40ebd32f54ba3551bc187f9,2021-03-06,0,bantamweight,0.5052648885527884
4c948af46307bedde78b9778,2021-03-06,1,flyweight,0.5551013532388622
39d510d179fdc5c9bc82b8d7,2021-03-06,1,welterweight,0.47237535228255556
a8dd1d9e9aeb7fd344b2f88f,2021-03-06,0,bantamweight,0.4647740532150245
1665c4098d198e470e99997e,2021-03-06,1,light_heavyweight,0.7267050523264718
83c08ce6fca53bee662ac967,2021-03-06,1,flyweight,0.4394986586199334
2a0f151b77d398964b58f1f6,2021-03-06,0,lightweight,0.3376177642690192
e048cc318dcc24e55e146279,2021-03-13,1,womens_strawweight,0.522302004224455
75ff868f7c9201dc424bcc14,2021-03-13,0,featherweight,0.3249331510105126
45284428ec473bdf65215b5e,2021-03-13,1,womens_flyweight,0.5654347969839513
9681fb4a0e8ec440e305912e,2021-03-13,0,featherweight,0.40486918348085077
d8ea1aa19a7a70e000c057f8,2021-03-13,1,womens_strawweight,0.3688300532204055
08147aa1d935de56a0a7c9fb,2021-03-13,0,bantamweight,0.6666212729641664
1220f1ae4d30086f6c114d44,2021-03-13,1,flyweight,0.5207444947896486
3d9e74cecbd64b77643aa7d2,2021-03-13,0,welterweight,0.3061299052322878
c3cb9104e11fce38ca8aaeaa,2021-03-13,1,light_heavyweight,0.39769503403997897
a651712b4735435b6dff0a60,2021-03-13,0,lightweight,0.26471145953613695
155fb3d1aba34cc5371c180a,2021-03-13,0,bantamweight,0.6346902684537449
09cb12976b9d557d330fede7,2021-03-20,1,bantamweight,0.598337113002183
0e924a271d155d25cb96a9df,2021-03-20,1,flyweight,0.44760988142206853
bf9c66e4d2ea103435a96f54,2021-03-20,1,womens_strawweight,0.5112780877449669
a7bfb80dde30557923deb967,2021-03-20,1,middleweight,0.37244390951555595
fccce461000f977a1f29de71,2021-03-20,0,lightweight,0.31923333484684
3046efa844e5b8c612a39088,2021-03-20,1,womens_bantamweight,0.6409555379625055
0e1232159bb09cf0a8157294,2021-03-20,0,bantamweight,0.2989679602617934
87a052aae5db7282aedf3af1,2021-03-20,0,welterweight,0.425425088738938
5ac9f53f3b903f5f50c7ae07,2021-03-20,1,heavyweight,0.658828241673381
24832c40dfffd88b28acd6a1,2021-03-20,1,middleweight,0.635398083767079
655ce511031179b0d7528580,2021-03-27,0,light_heavyweight,0.48962625825589867
1523d28d8f3dbd0ee0deefc5,2021-03-27,0,womens_flyweight,0.5180488959851456
9fa712833bf4b6daceb5243c,2021-03-27,0,lightweight,0.5595472382738425
06d257fb5a3c5fda36c86d32,2021-03-27,1,welterweight,0.4269510489409429
f821eef7b840304b0c4c2566,2021-03-27,0,middleweight,0.5280361176915386
10d5d1953f1e4db582bc4232,2021-03-27,1,light_heavyweight,0.572417335298102
437c18cdfaded48de4fb9c8b,2021-03-27,1,bantamweight,0.7212286964967276
bb5d26adfb4244e5cb7c71ca,2021-03-27,1,featherweight,0.515580441484023
f9ad023e5912b9e8e23296c4,2021-03-27,1,heavyweight,0.4854609158304948
71146ba7e43a180d3a76ed5f,2021-03-27,0,welterweight,0.38032553347736
a5b7f687614fa2c274c262fc,2021-04-10,0,featherweight,0.3925481994162837
6a77043e2a2c7fbcf5d1422e,2021-04-10,0,light_heavyweight,0.5848504370217762
f7aba315e5e7f95e583bb5f6,2021-04-10,1,bantamweight,0.6379347790075296
eb0d9121307638176a27c78f,2021-04-10,1,welterweight,0.5159467678082273
ec6aff0a24442abf1efa5bb7,2021-04-10,0,lightweight,0.2358611716953252
be94f7ea41163e46b8032440,2021-04-10,0,lightweight,0.5998057539296803
75e3c66fe5bdb1e2907f61ff,2021-04-10,1,featherweight,0.4317221012021507
c2987bdf66ace8687c8129a8,2021-04-10,0,middleweight,0.49854077621072135
bb4b636ab4f2733d20549b1d,2021-04-10,0,welterweight,0.5088620298420221
2324fee04a36218838c2f885,2021-04-10,0,womens_strawweight,0.4141295857939452
04cea879fa6be6d87fdd22c0,2021-04-10,1,middleweight,0.6513062066874542
a145a890ebf3141cbf139a78,2021-04-10,1,lightweight,0.6066184695914244
a26ae051b20aa9c96dc7945e,2021-04-10,1,heavyweight,0.38611744942088877
3974a50adcd6fd1bcc060147,2021-04-17,0,middleweight,0.6439462180675486
c3a29929b0c55a012ba64d3c,2021-04-17,0,heavyweight,0.38967363593377446
85eb8bca2d84e2de29d25928,2021-04-17,0,heavyweight,0.5653780756805094
2dfce60518599adbf4e3bbc9,2021-04-17,1,lightweight,0.6179797454016753
3249899f8623af67ee4875c4,2021-04-17,1,middleweight,0.4271219813471816
b6a515792134d4e7ebc8590e,2021-04-17,0,womens_strawweight,0.6159925005920148
c36e6871481b761b6bc086f8,2021-04-17,0,lightweight,0.35824363853877494
d500803cf03a6c79704f1f11,2021-04-17,1,middleweight,0.5499224659744412
a7e37dc0ef58d7d8986f6a75,2021-04-17,1,bantamweight,0.7480311543752596
5540eafcd8dfd2f733cfcec1,2021-04-17,1,womens_flyweight,0.6851509943269196
44edb5e52a71d5b17b379406,2021-04-24,1,welterweight,0.5273634656005894
b29904ef22772d43b1dce8a8,2021-04-24,0,light_heavyweight,0.566573587867071
961b987dd8cca4efe946c0ac,2021-04-24,1,flyweight,0.60905909969894
07cb74a61d28c7395ccc3e46,2021-04-24,0,bantamweight,0.5530302990893088
c15e97d5709dfd66cf01357a,2021-04-24,0,welterweight,0.46641316746037553
0e596947e3da41e12e863200,2021-04-24,0,welterweight,0.20816851265355374
2c3c5213ab9496c702780d50,2021-04-24,1,middleweight,0.5561194948266108
023d0a839d940fdea400233f,2021-04-24,1,lightweight,0.4664727863199456
c379cb07b140cc25e888391e,2021-04-24,1,womens_strawweight,0.390924150762942
fee11078cee1e6996b863aed,2021-04-24,1,featherweight,0.46400068849352877
5e472b8e52eff152fbfe7d30,2021-04-24,0,middleweight,0.6384242690219784
b53f0ffc153410c8a768bc13,2021-04-24,1,womens_flyweight,0.5708287276095302
440ba029911f1e78c5f3138a,2021-04-24,1,womens_strawweight,0.6257804393167937
1f45fe6f50add14fab876381,2021-05-01,1,middleweight,0.5661586270338184
d7b12003299832c257b05e66,2021-05-01,1,light_heavyweight,0.4034822220817408
0675530f5deaaa1160f7c718,2021-05-01,0,featherweight,0.39148562719818725
79247937a956625d6f3ce9c8,2021-05-01,1,featherweight,0.4469153655125559
f1f15579cd1db6d027621436,2021-05-01,0,womens_strawweight,0.3271224548319541
2e215036f623af43977bfb1e,2021-05-01,1,featherweight,0.49058930783889293
1a543291bbbbd63ae5f6db49,2021-05-01,1,bantamweight,0.6326297320947335
d6a46acfc572e3ae94089003,2021-05-01,0,womens_flyweight,0.5966107280757726
01327dc0bf03e55429a6b30f,2021-05-01,0,womens_strawweight,0.46672357447963564
b3569c5019bea0ff890b4ec6,2021-05-01,0,middleweight,0.3389878746414262
fbe844693986698837d7441a,2021-05-08,1,welterweight,0.4507782833348108
b22da21be05c590f9103ab3e,2021-05-08,1,lightweight,0.5181063688357194
96f3e20245151d21bcdb8f40,2021-05-08,1,welterweight,0.6449517069232
4b2e71789ce3c1603f44c672,2021-05-08,0,middleweight,0.6378090543137018
0f50cecf3fb203a79fbe59a2,2021-05-08,1,featherweight,0.4182494126986954
bf70c712fd72cbc1402be6de,2021-05-08,0,womens_flyweight,0.4732287464676934
66a055a3bdb65ec398c18942,2021-05-08,1,heavyweight,0.5893384189327358
da6b936ea8667cee5f337a67,2021-05-08,1,welterweight,0.6420370111752987
1d555c9651e1649b67c873d2,2021-05-08,0,middleweight,0.5931476295407605
4eddd98f6b71d1b40ce9de04,2021-05-15,0,womens_flyweight,0.4036457571156448
b161c29e825cc8f33321c23d,2021-05-15,1,lightweight,0.5592011518048914
73ed9835db433e1c3179e031,2021-05-15,1,lightweight,0.5241977532510625
2c723e3bfbd7746b1a49bc19,2021-05-15,0,womens_flyweight,0.7033649271917486
4a515c7e15f58e278e85b0c2,2021-05-15,1,middleweight,0.559373915822886
2d88a7f118a9b133a9aa150c,2021-05-15,0,middleweight,0.504531041832498
7b40bb27aad143bbe4bf6123,2021-05-15,1,womens_flyweight,0.5675317680339771
9236d5c10fd5259af71d1f7a,2021-05-15,1,featherweight,0.5699880834735207
8552cf2fa15f36c962dd47da,2021-05-15,0,featherweight,0.5261956708959002
ac01654bb88f24cde0453ff9,2021-05-15,0,featherweight,0.6368621150642091
30b02d38c456914546eaa1f9,2021-05-15,0,lightweight,0.34176045781787956
d30d3aec127463726bcfe02e,2021-05-22,0,heavyweight,0.29279530287756744
071a45a6dbfc547ac87fd8f2,2021-05-22,0,flyweight,0.4032234383510539
10b25f19a0fff04f7455e7f0,2021-05-22,0,welterweight,0.6216097140623712
c218d031e77e1e9e8ceea0f8,2021-05-22,0,flyweight,0.31993670823821685
fda50c856c3cc806fad2cd0f,2021-05-22,0,womens_featherweight,0.46436568515383414
e9beb6a44ab27a583e24a07e,2021-05-22,0,middleweight,0.45434165691454964
296bd6be85fe799b7ab7c1a3,2021-05-22,1,featherweight,0.37450212915427883
cc74e32603a6a23148741929,2021-05-22,0,heavyweight,0.5232207372974516
b5709b61e25ad5e6e50d3e45,2021-05-22,0,lightweight,0.29275640820526655
3b7b804068b8e00672a5f39a,2021-05-22,0,featherweight,0.3859564413057549
021c23a2eb7dd424b3760858,2021-05-22,0,bantamweight,0.6059291802254931
0a8907e7c9ccc7e92c10fa53,2021-05-22,0,womens_strawweight,0.528375027146299
a71663808cab96a533f7f3a0,2021-06-05,0,lightweight,0.7988597342306296
b849723a163cb1a94edec03d,2021-06-05,0,middleweight,0.6143427186902692
c30c5ed0c6f68ddbdc6e0034,2021-06-05,1,welterweight,0.6983803483660678
005237f1190a5a2d4091414f,2021-06-05,1,heavyweight,0.5982586772638868
dae4bb27f2bbb3c7006d1dc5,2021-06-05,0,featherweight,0.632913677807725
05ccaa473e2b94dfabf7d1fd,2021-06-05,1,womens_flyweight,0.5851684470695002
302fd43d83034a2a1167cb24,2021-06-05,0,womens_flyweight,0.357556867235623
d603dc6aff17ddbb1d25c05e,2021-06-05,0,middleweight,0.37412876663573974
124977ad8833f804ed6cb04e,2021-06-05,0,welterweight,0.6674513593950749
a6488972b4e28f5bb943b98f,2021-06-05,1,featherweight,0.2473312913882567
cca2249636b0929cdddf4681,2021-06-05,0,heavyweight,0.6848237705714875
4dbb2484e6d1bdd5206a8e75,2021-06-05,0,heavyweight,0.23821193069234375
7b68645c6155f616e8698da6,2021-06-12,0,heavyweight,0.39793695402068396
a472857449a92cc1580c34ce,2021-06-12,1,featherweight,0.3029579200382803
a00ccc9c46ab59aeed12bc52,2021-06-12,1,flyweight,0.49755870157073134
6416d8a78b4aeee3a078ff10,2021-06-12,1,welterweight,0.6301285257836899
d4659a1d3ed047b9c9526f60,2021-06-12,1,lightweight,0.6183108369008326
d7e483bb04fd67f9c284ae8b,2021-06-12,1,light_heavyweight,0.44467218078794496
a067ee4df1e643240630223a,2021-06-12,0,lightweight,0.5076976149429071
06b2c67c96de677f095d63a4,2021-06-12,0,middleweight,0.4688707945507639
bdcced7630b8f9fc20b8e65d,2021-06-12,1,womens_flyweight,0.51965247974819
27e411a536e1c7deb45d1ac6,2021-06-12,0,welterweight,0.29334702631330867
f2b6f09261ceb5b126445765,2021-06-12,0,lightweight,0.5554023324259446
7d225bf082e7c74caa37c3ce,2021-06-12,0,featherweight,0.4237208614955024
cba88fa3d2445ac8ac4d89a0,2021-06-12,0,womens_bantamweight,0.3866438815862343
30e778d3989da80d54ba9e9b,2021-06-12,1,light_heavyweight,0.4066358773898241
9328b8ac23e7685857194ee4,2021-06-19,1,light_heavyweight,0.25589045939616784
ebf39919541e28347dea97af,2021-06-19,0,heavyweight,0.284532797568869
cd61e6ca2674830655d58d10,2021-06-19,0,womens_flyweight,0.3903447102038261
8aa7756723ebd18d2ab40f8e,2021-06-19,0,featherweight,0.6017159588626099
78cbe025f9059d02470e6e87,2021-06-19,0,lightweight,0.4424075319788912
61610b155882ac3e3eed4f71,2021-06-19,1,heavyweight,0.4745378413421129
836588eb01321066a95e6f60,2021-06-19,1,featherweight,0.621883919422284
9987f669b7493fba2fe3d118,2021-06-19,1,womens_strawweight,0.4592127686574089
9f27d61139a529c02d842433,2021-06-19,1,welterweight,0.46140881656505806
e74b6bf080b0e710ce9747bd,2021-06-19,1,bantamweight,0.6406032562939329
b95e558564dc9e0f3f3f5cfd,2021-06-19,1,welterweight,0.4776207302250461
9a82adcac5a1d990fb6cd5a0,2021-06-19,1,middleweight,0.5524730021007135
a3c60ed394aa5d105da7ad3f,2021-06-26,1,featherweight,0.5773188157673751
b3a720a454739d051995c2c1,2021-06-26,1,heavyweight,0.5811251847382686
fc8f71a97583223c7eba5642,2021-06-26,0,womens_bantamweight,0.4662598967336685
7bab93177c4542550318ca39,2021-06-26,1,light_heavyweight,0.43104459367748743
734b592944e62af1b555c366,2021-06-26,0,light_heavyweight,0.330550881629315
f161c4d3b027f2f49eaa2f45,2021-06-26,0,bantamweight,0.5291072838555193
89d9e6cd12cbc984c5ad5db8,2021-06-26,0,lightweight,0.3164470431512778
ce42994760729649b78812f5,2021-06-26,1,welterweight,0.692648243742524
8fe42d98d6456f0fc2191b0e,2021-06-26,0,heavyweight,0.2982494387385927
d779754588526356ae5ea3e3,2021-06-26,1,welterweight,0.5373998535067535
ba71dd0032aaf0bf310c24c7,2021-06-26,0,welterweight,0.6563883415452395
746498ef7443f0caf5f2082d,2021-06-26,0,lightweight,0.4338584483463943
80d953c972d847be890d6aaf,2021-07-10,0,welterweight,0.5451001030513015
6498a4c8d3727a2016dbff4a,2021-07-10,0,lightweight,0.4387249339382897
52922d44b46e92c459d86bc8,2021-07-10,0,welterweight,0.4948355979250629
148e523baab99af91b27dce5,2021-07-10,1,womens_bantamweight,0.3248216795193547
15ad67d5e43acafdd6c98fe0,2021-07-10,0,womens_flyweight,0.3506478333738336
530b143d446dafc011071c4e,2021-07-10,1,welterweight,0.6479890820523861
bbfbf8b8166c426e1240e0a4,2021-07-10,1,middleweight,0.4243363048126233
12bc8ea49cf6466df9aea9a3,2021-07-10,0,featherweight,0.4063113369145278
051cabd00d8a84746e67e149,2021-07-10,1,bantamweight,0.7482439841793526
3ea316d32ba9c755ad343003,2021-07-10,1,heavyweight,0.47217339213143916
dd14dada5640b649e27c8cb6,2021-07-10,1,middleweight,0.3265093745260863
57c1af099e2eeaedffb7b6c6,2021-07-10,0,flyweight,0.48822678692019716
387800ac98197707044d3802,2021-07-17,0,womens_strawweight,0.3645820398849147
6a8395402c96b2d104acd78d,2021-07-17,1,welterweight,0.632231281063149
87728864303defcd4fe22031,2021-07-17,0,flyweight,0.6886239021057573
8a31c1172ab5106325cc627e,2021-07-17,1,featherweight,0.616920792026018
b726a2c340e0031859a57110,2021-07-17,0,lightweight,0.338077635550833
4d558ebbde851ebbceb2a376,2021-07-17,1,lightweight,0.7868456394040043
973af1128fff9b2a14c5621f,2021-07-17,0,bantamweight,0.5663253737664936
ed7f6c0bd5b437f2f9dc6c7c,2021-07-17,1,womens_bantamweight,0.616996666789114
c9c25ab469ad2fe48494e4ba,2021-07-17,0,middleweight,0.39619474265299703
03a0165ac1c070a693740903,2021-07-24,1,bantamweight,0.6361716803544468
3cb448435c95ab6aa4fed0a9,2021-07-24,0,bantamweight,0.6157057127318855
b0617d39a8cbc7fc041d74b3,2021-07-24,1,featherweight,0.33888707020197983
f9beb1b95ba45b9b1621b64b,2021-07-24,1,womens_strawweight,0.5798422965933908
f8df7edab264a0f373e74bd3,2021-07-24,1,bantamweight,0.5625567988345404
1a387168660b6545f6e752fb,2021-07-24,0,bantamweight,0.735675205845899
3619b7063e9cd88f010c5a0f,2021-07-24,1,welterweight,0.5497789307532258
f115a8a9f478bc63f707998e,2021-07-24,1,womens_flyweight,0.44431759197850795
f0c4c6e99336ff56646d4fa5,2021-07-24,1,middleweight,0.5502733874480045
2457d12636a9cfb566f94a56,2021-07-24,1,middleweight,0.510175922551209
033418400afa21c1b79842c9,2021-07-24,1,womens_flyweight,0.6596488764239192
aa362511017ececb3e8cb952,2021-07-31,1,welterweight,0.4074902355329234
439390ea327acf2b45119216,2021-07-31,0,womens_strawweight,0.4652641597721342
abe908dff98725268a6de4b5,2021-07-31,1,lightweight,0.3537589830008573
f53d55ca7e6c71bca1768d71,2021-07-31,0,featherweight,0.5321753446723271
3a69e82631c81017529c26db,2021-07-31,1,womens_strawweight,0.47036760696312035
848d633ab5d861af69f87843,2021-07-31,0,welterweight,0.598206815077468
d6d47fd80d8781a3f317d30b,2021-07-31,1,welterweight,0.43613628757714584
32bb78b29e02d70783585786,2021-07-31,1,flyweight,0.6141264738556553
3af23183b818dfe59d5a0114,2021-07-31,1,middleweight,0.6320316983350727
37eb5a2b7db7710c44ecbb0f,2021-08-07,1,light_heavyweight,0.6532302912706224
31e656fd3cfbfde7ba181505,2021-08-07,0,heavyweight,0.24000623387010636
cfc670cb4c942424d4bde058,2021-08-07,0,bantamweight,0.5168088598227617
a13574844084b56c501c795d,2021-08-07,1,bantamweight,0.5241524424745543
c291f2773170c40024daeb22,2021-08-07,1,womens_strawweight,0.4555916442658665
e7881e314d5e66981e8e89de,2021-08-07,1,lightweight,0.5141420504763254
a7d7600747cdce4d1aac4734,2021-08-07,0,flyweight,0.4013309638994592
36997816a9de75a5faf77fdb,2021-08-07,0,welterweight,0.5373671941771172
1b48725e4a5a6738fae9d75e,2021-08-07,0,bantamweight,0.18879168201268837
adbb4bf7f16d6f11fdd6a702,2021-08-07,0,bantamweight,0.45561330553522383
8a628435db9e18feeb85b101,2021-08-07,1,womens_strawweight,0.5155852032364838
03bd3178b81b51c98a2ef07f,2021-08-07,0,womens_flyweight,0.3685947505759182
ff592cdaa4eca0c7c874169d,2021-08-07,1,bantamweight,0.4676351070268237
97eff66c4a32a2932814be38,2021-08-21,0,flyweight,0.5868580282441934
102faa4ad68146ae09750464,2021-08-21,0,featherweight,0.37771596552787623
7f212aa41a8e96a98df4f434,2021-08-21,1,womens_bantamweight,0.4080874875392497
256498ff833bad9ec8a58f4f,2021-08-21,1,bantamweight,0.49453310393232836
768f6a84be53ebd19ce73dbe,2021-08-21,1,lightweight,0.6596531546351172
39e93a7358c364f594c54892,2021-08-21,0,middleweight,0.5474633510421485
a37c8fb1c9ec806b184a9c51,2021-08-21,1,heavyweight,0.4812239298469375
5d50a9759638e91e84f0b746,2021-08-21,1,lightweight,0.5535624006785868
e2ebb569fa02a491387e1161,2021-08-21,0,welterweight,0.5737999299552775
eb3d6a53fd969c07e9831cf1,2021-08-21,0,bantamweight,0.6196684851687284
642d81d57681e847b5fde3c9,2021-08-21,1,lightweight,0.4259945713890725
45a810ac99baec2dd4b54d7c,2021-08-21,0,light_heavyweight,0.25327283516063176
0ed065dd12c23b6c9d895669,2021-08-28,0,middleweight,0.701290171371777
9f9acc55a8ab60ad174b6e11,2021-08-28,1,middleweight,0.5071513637910952
81175b83703a04c9578b0ede,2021-08-28,0,middleweight,0.5071513637910952
aff3ed6568a856a3854450e4,2021-08-28,0,light_heavyweight,0.5796085290175816
ec627d0e52cb9efd5393d953,2021-08-28,0,featherweight,0.34504166613859305
d6d68f11e8b1409123b81a91,2021-08-28,0,featherweight,0.42746293944154334
bf631345d98ad2d5efa45637,2021-08-28,1,womens_flyweight,0.6440708297532234
c64ba96ba3a2bbcd5352c69a,2021-08-28,1,welterweight,0.3542288787487857
0e995a99c3637eda1e7fe1ab,2021-08-28,0,middleweight,0.6310127352214236
036b6e057cbf7a551f641948,2021-08-28,0,bantamweight,0.3037409437136117
323b248672e4ff7a5e608f9e,2021-08-28,0,bantamweight,0.5074557785633838
7134f69560a4ddd941edb18e,2021-08-28,1,middleweight,0.6276310612744407
848148a2658c8b26e59ce487,2021-09-04,1,welterweight,0.5641366471515152
979ddbd47cfbfedab2b8467b,2021-09-04,0,middleweight,0.40642915145943803
c2ec829bd718d445716f67fa,2021-09-04,0,middleweight,0.5608519510657793
97be85a3e259ac669e1925e6,2021-09-04,0,bantamweight,0.24115092451270487
ba157252f6db82d9ef9cbf91,2021-09-04,1,catch_weight,0.29307129085644784
24c47b0c28d199c1ece9b21b,2021-09-04,0,light_heavyweight,0.6880206895982959
ef38db4fa319c1d073e6809b,2021-09-04,1,womens_flyweight,0.47429155005994017
f86ff3558c519c95d88ed2b0,2021-09-04,0,lightweight,0.611856754244413
e39ab69302a3a4acaa385b46,2021-09-04,0,heavyweight,0.3382246055015461
21452c8ad7c8dfb85b7958bf,2021-09-18,1,light_heavyweight,0.40052622571417495
889ae6f64e5ed194f4e9d57a,2021-09-18,0,womens_flyweight,0.44240625176111636
1c6ed9f870c0d2d4f98638ea,2021-09-18,0,lightweight,0.24842138312188225
2b42e0ee62b14d7f1ac91ecb,2021-09-18,0,womens_flyweight,0.5729374956038216
30d2da816f66152c4db4ff93,2021-09-18,1,womens_flyweight,0.48171664078696186
ba70d4bc1610e50610bc85f7,2021-09-18,0,welterweight,0.5160593855901802
ed602daa65f0872d1ddab046,2021-09-18,0,light_heavyweight,0.45589783232941405
50f8733c5af2c8bf7833a467,2021-09-18,1,middleweight,0.5915014094547616
394cd08a2aa9c8a419957765,2021-09-18,0,light_heavyweight,0.3191740618869025
193777961eacaedb105fe808,2021-09-18,0,bantamweight,0.3091003612927529
7ab07f5868c762f3dce9e36f,2021-09-18,1,bantamweight,0.4090324940782888
b7148a827199c4372ea4612c,2021-09-18,1,womens_bantamweight,0.5201838282579534
0317bdc7071d3d9f20a0a566,2021-09-18,0,lightweight,0.5116798284566175
947733852564801c14c15132,2021-09-25,0,featherweight,0.39991904740046047
fc453d53cd9cfa9ea2181094,2021-09-25,1,middleweight,0.5794649838524915
767276cd65a7bda83101b29a,2021-09-25,0,heavyweight,0.2611203448694924
47acb1d6dee5fe4612753acf,2021-09-25,1,lightweight,0.4452548530806205
7018a5372c82c8016ce4c305,2021-09-25,1,womens_flyweight,0.5746764477732094
91bfc0bf09df44aba9658abd,2021-09-25,1,featherweight,0.5414799965192801
37c022f2c4b458467443e0a5,2021-09-25,0,bantamweight,0.299251489190006
b413ac8b94e17d9fb59f2a9f,2021-09-25,1,welterweight,0.5732225092523118
b36a08b76e552d0afc4cdbe4,2021-09-25,1,middleweight,0.3850840302943669
2d366fdf2a73af32527b7ab9,2021-09-25,0,womens_flyweight,0.24316606522039116
efae3152488573da2f0e8669,2021-09-25,0,heavyweight,0.3127138291845092
474e7b7412f9128323a6ee3c,2021-09-25,1,lightweight,0.2956348918633283
4d3d35d9481430b2717e1dc0,2021-09-25,0,womens_flyweight,0.18540572848723122
d7ff13529f7a31aa3fd66322,2021-10-02,0,bantamweight,0.2300920221824931
958aeebbb028943f8b474351,2021-10-02,0,welterweight,0.5808439826752894
21dfa6f1ccdd361947c8ec5a,2021-10-02,0,lightweight,0.30922671482940695
6d3f40f6d4381ce272c0a74b,2021-10-02,0,womens_flyweight,0.2615351930046314
03178009a51da703270bd2b4,2021-10-02,1,womens_bantamweight,0.6722140488624876
3537b39689d7dd5ae29a31d1,2021-10-02,0,lightweight,0.6132317524350184
dff65f3a6f0298afa7bce7fc,2021-10-02,0,bantamweight,0.6047346391744602
b9d93ed042c8eef56051609b,2021-10-02,0,lightweight,0.673235198378533
a2ed5d2192961f696e9f3cb5,2021-10-02,0,middleweight,0.47188442167564965
a19ad67f1de8c89c051799ad,2021-10-02,1,womens_bantamweight,0.5450062670965942
49ec1b7d30d14df34cde2e67,2021-10-02,1,light_heavyweight,0.5857095688467766
69e9597fb43638f8229546fb,2021-10-09,1,heavyweight,0.6940838198226693
a4f8f9cd16f04f65379846ce,2021-10-09,1,featherweight,0.5422590343730342
679b8a681af1ea8df76c549c,2021-10-09,0,bantamweight,0.3917354984875682
b693cc8733bc9b6adc490155,2021-10-09,1,womens_strawweight,0.5992050633649963
65eb8cbb47349f9a81d27e50,2021-10-09,1,womens_strawweight,0.5377100901094767
968a08b5b350e76b63b11406,2021-10-09,0,welterweight,0.4422145679440594
c66520110ef94f852e522af5,2021-10-09,0,womens_flyweight,0.6573327620553993
2ab608b74126e2342d6abf67,2021-10-09,1,lightweight,0.5345523737600893
35e27d0eed9850d71eef2219,2021-10-09,0,flyweight,0.39167811698055205
05f9214d72c1cef7711a3eb5,2021-10-16,1,heavyweight,0.4492309585175634
223893d41e07dc5cba8acd64,2021-10-16,1,middleweight,0.6210666397081743
85743a2ebed3fb08b5acc751,2021-10-16,0,womens_featherweight,0.5476807283237518
851cc8213082f5aa4029b1d8,2021-10-16,0,bantamweight,0.4670518348584069
6c771843a2de0df6854e6234,2021-10-16,0,welterweight,0.6191354168870694
7ec4f2ed29901e7f518e59da,2021-10-16,1,womens_strawweight,0.5159669212122185
75e91a9b2071aabf06334e6f,2021-10-16,1,lightweight,0.7098878701935398
b9ec4594020a9368d81a8a47,2021-10-16,0,womens_flyweight,0.5519640388348914
83b2a1dfe625eba45f9fe0b4,2021-10-16,0,womens_flyweight,0.24754920021042642
7e2515dfbd9e621b0263a272,2021-10-16,0,featherweight,0.7865680273274909
abe8cc47f03ac58b02b7c95f,2021-10-23,1,featherweight,0.5004247753621712
34754acf1c6eb5adb027b3e4,2021-10-23,0,welterweight,0.6390943876327497
2a878e40629fed0a310e0b0c,2021-10-23,0,middleweight,0.6567609024722708
dd60dff39adefccc680c4313,2021-10-23,1,flyweight,0.599778165543753
2fb719a1e5e0607e47554e4a,2021-10-23,0,womens_bantamweight,0.5933024408448128
5d85a2f11fdb5bd41dff2dd3,2021-10-23,1,bantamweight,0.591170381617083
f60ed0d525f53da9f318bc43,2021-10-23,0,middleweight,0.40998947124199137
4f68242759113783714f4450,2021-10-23,1,lightweight,0.5402364513942588
c589ea31720af460013a699b,2021-10-23,0,womens_strawweight,0.5647223469714514
a8902ba72d4e5d289caa1fbd,2021-10-23,1,lightweight,0.49322922479290643
19b013dcff6f9c597376a765,2021-10-23,1,light_heavyweight,0.7241063242934868
41bdb938fef185e8ac424fb8,2021-10-23,1,light_heavyweight,0.7324640060491083
181fe229210ebc0890d81133,2021-10-23,1,womens_strawweight,0.4459736711773925
f8031426c728a047582f816b,2021-10-30,1,middleweight,0.45041247632469505
b2390e3878dea3ac297006fd,2021-10-30,1,heavyweight,0.6704277964714017
faf76162b47b80dad8f43727,2021-10-30,1,womens_strawweight,0.6293744851425462
ea01307e17f5d9d2ae50e47a,2021-10-30,0,welterweight,0.3035839019654403
ee313392ed6e4ab1c9ceea78,2021-10-30,1,middleweight,0.7352491034379263
82a15dc2358e1868399b644b,2021-10-30,1,lightweight,0.610766555227555
e9bc05614cd6cd3f89fd76ea,2021-10-30,1,light_heavyweight,0.3670062703423415
3a77a8f67a2ec16505bae0ef,2021-10-30,0,welterweight,0.26324255381183176
dcdf4bf3562857781eb17181,2021-10-30,1,light_heavyweight,0.6747923293805084
d9465c9e6c4e4f9160831db3,2021-10-30,0,featherweight,0.32594745914013534
bfa3ac1e602529401051e936,2021-10-30,0,bantamweight,0.46961846914114835
243a6d2ea06e822417f703e4,2021-10-30,1,featherweight,0.4183543321090429
5fc60133e539e2c0c7530ce7,2021-10-30,0,light_heavyweight,0.5212817208813088
71a1ce754a0d5c295b38d6ad,2021-10-30,1,flyweight,0.5422470357147121
feba7692e9ec00fc3f868095,2021-11-06,0,lightweight,0.46831111530023384
920ccd9a5d510535cd3692d3,2021-11-06,1,middleweight,0.5168577240409157
10daa6ca09d264f8b7a2893a,2021-11-06,1,flyweight,0.41277007349554906
e9b6f10c97adf96e4e554cc5,2021-11-06,1,light_heavyweight,0.39781841312843114
0e30995a9aa64204088d1709,2021-11-06,0,middleweight,0.48923590315476095
25b357bcb1a6646fa18598ef,2021-11-06,0,bantamweight,0.47032091689801137
b0256b7f301cabc76e6204a7,2021-11-06,0,heavyweight,0.5140709165669035
8480a1caaf0cfb57c9e5fdf8,2021-11-06,0,welterweight,0.4286120635926576
d88311609f9c79db410e7e7f,2021-11-06,1,lightweight,0.5891793804894957
16299a61153a379aa621129d,2021-11-06,1,welterweight,0.7159434529957169
bf1435ed5ca5a3918c669450,2021-11-06,0,featherweight,0.28951502270046786
a93768c61a4ee022e03f794a,2021-11-06,1,middleweight,0.2962221043616853
81d3f9751c8bc9bd3e0662f1,2021-11-06,1,womens_strawweight,0.6381891785082956
b0c67496eb05d9210c671511,2021-11-06,1,featherweight,0.4867262202849202
949db9181591a44d3ae970eb,2021-11-13,0,heavyweight,0.38754583334013276
89ef0e35ce5ec74836288f7e,2021-11-13,0,womens_flyweight,0.4375283428917336
c212308191927936a67ad305,2021-11-13,0,womens_flyweight,0.5451506861116796
8797bee1f200128ccd5ee671,2021-11-13,1,womens_featherweight,0.4448089536143452
2a193240a3ef708a55d33473,2021-11-13,0,light_heavyweight,0.35423591048613545
5bc0f36c0ff5a8dbb0b2fa0b,2021-11-13,0,lightweight,0.5321939624015914
e2e00765ed6f4ef0e3cf26ea,2021-11-13,0,featherweight,0.3832847577709537
4ff1b5494b02c884c647e48d,2021-11-13,0,welterweight,0.5647509631686761
422d4b195157b17048d3578c,2021-11-13,0,featherweight,0.39108107244096285
796ec7042f87631266057606,2021-11-13,0,bantamweight,0.29808733521810626
7200ae576f27dfe33d808be9,2021-11-13,0,lightweight,0.6841192501673694
2b9f75df7adfc64073e39234,2021-11-20,0,flyweight,0.3913433788855591
ea47fd95680fd40e63662844,2021-11-20,1,bantamweight,0.7022101977689237
955de39b09cc63ac1016eb55,2021-11-20,0,womens_flyweight,0.33571723552357635
c3392d5ce8b0f7cc39849ea5,2021-11-20,1,womens_bantamweight,0.5722646739206182
886b35ce27e0dbfb4ffa65b1,2021-11-20,0,womens_strawweight,0.47294008082336925
02b2074a853937d576367380,2021-11-20,0,womens_strawweight,0.3266780892733307
c8b8e8a3970f3b7e64b5d37a,2021-11-20,1,welterweight,0.5541854780994179
e5d94690a4a67d6c1acbeec9,2021-11-20,1,featherweight,0.4546830388727625
b456d5fbc84ec67adfb965e1,2021-11-20,1,lightweight,0.5849709875933526
2fe0e26b551c93e2cdfc10ae,2021-11-20,0,bantamweight,0.4873927920317499
3c53f6a604af1ebde04927af,2021-11-20,1,featherweight,0.3998101124671133
226ce750c662215efe521657,2021-12-04,1,welterweight,0.5861752444905817
f86d296f6d7d0c47ff000083,2021-12-04,0,light_heavyweight,0.5556259664152465
2a0cb1a7ac7387052927df0a,2021-12-04,1,lightweight,0.44717499802979965
73875ab95fc90e65ed3daa4b,2021-12-04,0,middleweight,0.6918526688056413
7d6c4908269ce22c76a5bf6f,2021-12-04,1,welterweight,0.562888069592505
8ee79a7798d17ee7e0e747e8,2021-12-04,0,womens_strawweight,0.36734067774739676
384b21ca73c1b32e325cb539,2021-12-04,1,lightweight,0.7218652001088459
4307344dfcf8272d6832851b,2021-12-04,1,lightweight,0.3478317911913681
dcf02508a91496610861f3cd,2021-12-04,0,light_heavyweight,0.560467748756381
68951def6fd1fe3b617a2a78,2021-12-04,1,bantamweight,0.4936585453084368
e88409e5199e7f4ec93cd5c3,2021-12-04,0,middleweight,0.43963952141174284
51f23bd45fcb1ce3757cd2ac,2021-12-04,0,flyweight,0.36739992112003056
24bfa926f53e850e1895df92,2021-12-04,1,bantamweight,0.4638512575232502
b24994b03c0c6d0628dcb5f9,2021-12-11,0,womens_bantamweight,0.6928745585002002
977f1d7a994d29e9c5ddb2e8,2021-12-11,0,middleweight,0.37737926162995306
3d1de970a2cf4b319b4c6692,2021-12-11,1,heavyweight,0.5350400464705376
f6cf5b0962a53fff711a1736,2021-12-11,0,lightweight,0.4493364436094308
362ded9378ae33d6df9ab0db,2021-12-11,1,welterweight,0.5890304399360313
659800e49c983b90b1532269,2021-12-11,1,womens_flyweight,0.7626099782352613
5d9fa69369301a12d9df127f,2021-12-11,0,middleweight,0.27793401010220975
7f29861d529a3539870a709a,2021-12-11,0,featherweight,0.6021039672135275
134497c23d1a4822c4629299,2021-12-11,1,flyweight,0.48168318181212355
71350b718af2d753556e708b,2021-12-11,0,womens_flyweight,0.5905947638571605
a66c555eb560ade1333c57d1,2021-12-11,0,bantamweight,0.31434509618852924
9f6cc54787f0d18509556ebb,2021-12-11,0,bantamweight,0.7018292012933078
f98dfffa944a6f9adc6c85de,2021-12-11,1,bantamweight,0.6811348928828984
7113c70ef552d4c9dbc57658,2021-12-11,0,featherweight,0.5713889441291026
8e8924f709322a82ecacc60f,2021-12-18,1,womens_strawweight,0.6435648973513348
82f44b2371ac1940213fab72,2021-12-18,0,featherweight,0.45375840054364974
8ab8d29bee172464a056b759,2021-12-18,1,featherweight,0.5177904684442882
13aaf98af49e0e06517a3cdf,2021-12-18,1,heavyweight,0.36189564365295973
9012e4d57365a687d63decab,2021-12-18,0,lightweight,0.38769838815909474
57db8b42042306ccb55cc279,2021-12-18,1,heavyweight,0.5328915261596285
6a6de675461536fac3479406,2021-12-18,1,middleweight,0.6358909557780765
ff80eefba644b7bddd785a3e,2021-12-18,0,lightweight,0.3870583069818012
7d13cbda8ae96a92482d1526,2021-12-18,0,heavyweight,0.3627561590542568
60f48f8ffdb45557c4561d0a,2021-12-18,1,bantamweight,0.7111395788945687
5dc086998ae75bc0d851ceda,2021-12-18,0,womens_featherweight,0.5348041111860244
5577100fdcc775b07433f1b2,2021-12-18,1,womens_flyweight,0.5118342288678005
1df0129cb041d9c977faddd7,2021-12-18,0,welterweight,0.43444385656725354
881ea0620bb309ae02591096,2022-01-15,0,featherweight,0.5394784799001717
299816fff28d6ce721fabf71,2022-01-15,1,flyweight,0.5732158934663787
caaf36c1c3755cb12f5893eb,2022-01-15,1,featherweight,0.5369710261235126
889cc985afcb06e617eda61a,2022-01-15,0,featherweight,0.6963071587987848
6390092375396a3f925baf1e,2022-01-15,0,welterweight,0.5525761632735101
ebaff87fa2549b3b83d61772,2022-01-15,1,lightweight,0.4646655596350452
8b9c5af00e072a39cb6e2a7a,2022-01-15,0,heavyweight,0.494569336708675
f72950530e203bc6f352bf55,2022-01-15,1,middleweight,0.44796204049836724
2d6c4dc57a1961ef40816f56,2022-01-15,0,womens_flyweight,0.34837062470188823
c77316be700ef6effbca89df,2022-01-15,1,lightweight,0.643795124232137
8eea8daed7a521ab1426cfe0,2022-01-22,1,flyweight,0.3929482463959242
cc260ab6f2dcacb734b6e2ea,2022-01-22,1,bantamweight,0.5215262094160038
10040856fbf145522cf8cf94,2022-01-22,0,heavyweight,0.6591772268404182
dddd15fae61d06522710056a,2022-01-22,0,welterweight,0.5203801343507871
08046d48d6a4eb8737a3b825,2022-01-22,0,womens_flyweight,0.6775614674196675
8b50626d4d84c3aa45d15a54,2022-01-22,0,lightweight,0.41424861763104404
de14551f8d21580fa8596ef6,2022-01-22,0,welterweight,0.7325774473367541
de8ba4acaa432c191891b7af,2022-01-22,1,welterweight,0.6953407034115622
ec8bb730f1d208b6374ecd80,2022-01-22,1,bantamweight,0.22877659801483757
fcbbd7bc5f35efaf8450ad3c,2022-01-22,1,womens_strawweight,0.6350227170110063
98122fe1742fdd5100be2839,2022-01-22,1,bantamweight,0.6216264636890134
6ddb3676f4a7c26e86f9b228,2022-02-05,0,womens_bantamweight,0.5623475100211397
0272a89c05fdfaa2990c60a4,2022-02-05,0,middleweight,0.6071593677076597
0e91e69c628ca4308127c75d,2022-02-05,1,featherweight,0.5922395236580538
509c5eeb2b44572ce95c4735,2022-02-05,0,middleweight,0.37785242263686547
62bd1e7c1b554cf0ae6a45ec,2022-02-05,0,light_heavyweight,0.6346947242419424
8bcc740a724dc791e5db5130,2022-02-05,1,welterweight,0.40623918809970394
1c899e0a6dcb00a341edeaea,2022-02-05,0,featherweight,0.5099377509615943
90b3e133f1e2802dc88d0786,2022-02-05,0,flyweight,0.4939459076579038
10e50c9169649dc909f1e474,2022-02-05,1,bantamweight,0.27997507157050766
1d5256e991b31002be9b6431,2022-02-05,0,middleweight,0.4765506137533463
6b2eb716c19a21cbe060c8e0,2022-02-05,1,light_heavyweight,0.7314524771200923
d139ab9b5859db7ac6fac52c,2022-02-05,0,welterweight,0.4028866306799976
16e2466bf12ade10d76a1eda,2022-02-05,1,middleweight,0.570199075293994
78785ae4443a05ddc0bb103f,2022-02-12,0,middleweight,0.3874408457502594
90d1c538c65bf733ee1afd05,2022-02-12,0,lightweight,0.47895135552672596
2715ae1c5ecb134385026391,2022-02-12,1,heavyweight,0.5455934126198189
ebf653201e47f988f8939597,2022-02-12,1,light_heavyweight,0.5354966471588185
1a6b5820ddd6159cefd853a9,2022-02-12,0,heavyweight,0.548502911966039
84e02aa57d1cc6af09fd93aa,2022-02-12,0,bantamweight,0.5888122426117911
f6bbc41b4218274211e225dd,2022-02-12,1,middleweight,0.5716596996184078
7d1b32a9d4d917e6275675bf,2022-02-12,1,middleweight,0.3702398060852302
b43ee87245d800862af774b9,2022-02-12,1,welterweight,0.647108964387306
d69376c1ea693c430e1f0818,2022-02-12,0,lightweight,0.574486191862174
1f61d0ee3ab6febfeb923aaf,2022-02-12,1,bantamweight,0.8047624643181224
6cd1aef6194b33b28b3f5cc2,2022-02-12,1,bantamweight,0.5809470374137279
f332f3a05dc03a803776a9b5,2022-02-12,0,womens_flyweight,0.2235655816400479
9b4c38da301541ccd18bf9f9,2022-02-12,0,heavyweight,0.613713152594805
e037496750d4a80f908de5f4,2022-02-19,0,bantamweight,0.49950068232159744
05f71a10c41ce6a5c3587bc5,2022-02-19,1,featherweight,0.6144895221064828
62712c070cfa71b63ee554b0,2022-02-19,1,womens_strawweight,0.43419707742439
83eb5904775e936959d6d016,2022-02-19,1,featherweight,0.36499041685492517
e3a18f940a8ab9d972aa4639,2022-02-19,0,womens_bantamweight,0.5490077754743632
541220a08c84c482c971b01b,2022-02-19,1,lightweight,0.5419823156077623
ba606d161dd1c5f504f8c984,2022-02-19,0,middleweight,0.33279602232230765
0f1eb9c25283cba2a7cd007d,2022-02-19,0,light_heavyweight,0.556161291212077
774771f5b5f0f8d5af90fd20,2022-02-19,0,featherweight,0.4131681583567023
7085b77b6e0023c3296b8cf6,2022-02-19,0,catch_weight,0.41715016202456967
8c1cb182501b4ff4c557a4f7,2022-02-19,1,bantamweight,0.5653049004640919
e0eeff5374ca589d7b5f7626,2022-02-19,0,heavyweight,0.41032610269710346
0bf431efc2c9170850a83b3f,2022-02-26,0,featherweight,0.43929917083856673
338700b1b79beb6242e882f3,2022-02-26,1,lightweight,0.739777365846992
21ab4fa36f44cfe6814659de,2022-02-26,0,middleweight,0.6790499999002061
e9955a213c246dc76802a534,2022-02-26,0,catch_weight,0.25301858307892966
755b2c5ef7b44148e45d06f8,2022-02-26,1,womens_flyweight,0.3899932638324693
c9e3bc4ea58df6235765f2e0,2022-02-26,0,womens_featherweight,0.27799832608838454
8c15089f0431ebf57fba0b25,2022-02-26,0,middleweight,0.6301687933896154
7b8dd4825672e5c71feb365f,2022-02-26,1,welterweight,0.5491795379083831
115cd12c43c7ca9a98a34354,2022-02-26,1,lightweight,0.5550078869480597
ad3d758504e40f089358d0cc,2022-02-26,0,lightweight,0.4242326682983333
09803872173680a4e5a486f2,2022-02-26,1,flyweight,0.5209543448575616
8cab78badf4b3f9f94431dcb,2022-03-05,0,featherweight,0.21691559614234648
eb2dea2335dc1879ca29907d,2022-03-05,1,welterweight,0.6870827994686102
59e88ba1af2fe8e1830220bd,2022-03-05,0,lightweight,0.4930483649219166
c66c7054afb057dd78aa0f05,2022-03-05,1,light_heavyweight,0.5154570903080453
76eb17111d5981c71736b835,2022-03-05,0,featherweight,0.2905724217820267
054327f45b8b36f1c6c59bd8,2022-03-05,0,lightweight,0.39185284164462475
fe7ff91782693e8c97668462,2022-03-05,0,welterweight,0.3027597559816561
191f8590132dd622386f8dcb,2022-03-05,1,womens_strawweight,0.6842012329748849
62773007de975caae0e7403f,2022-03-05,1,womens_flyweight,0.372900795431805
ef873da872c2b8ddc6d7f482,2022-03-05,0,light_heavyweight,0.6388915930853744
0e0ef94c36f8e8a6f0d81303,2022-03-05,1,catch_weight,0.3816921930054483
8b16bf8119b7a1889e14425c,2022-03-05,0,heavyweight,0.3622714512075142
8453f158995aa5825267e0fe,2022-03-05,0,flyweight,0.562741881091456
4274a5bfdeeb6b92088e770d,2022-03-12,1,middleweight,0.41367400681991484
a62677dbc6c31338dbfa9ffe,2022-03-12,1,middleweight,0.5995996826129102
53cf6639d25754d424f290c6,2022-03-12,0,featherweight,0.6800783736115598
223c6e3695dc91fe55816b32,2022-03-12,0,lightweight,0.6485435994399246
6ec545d9b947c7840a6a9e2b,2022-03-12,1,womens_flyweight,0.47695461779972886
b80204d233e23b377832e77e,2022-03-12,0,light_heavyweight,0.6371236256311199
8f6f6a38f9345a057af6dcdd,2022-03-12,0,bantamweight,0.4035340932356725
4996c44f91f2861f4fab29a5,2022-03-12,0,bantamweight,0.23250879334421942
15a96087e7d45aef123c2813,2022-03-12,1,welterweight,0.6268621727262981
d51c5ce12e0b4950d5498e4f,2022-03-12,0,womens_flyweight,0.46034660159347573
2eb0a77e45cae384dd8ee69a,2022-03-12,0,featherweight,0.41366660668169375
ff820a222c111a32a86bd816,2022-03-12,1,light_heavyweight,0.27537009090364317
d4e5897b395921bd30941f44,2022-03-12,1,light_heavyweight,0.7211075516665515
c362815404c96b0fa3c1d79c,2022-03-12,1,bantamweight,0.37165195568767045
ddb23a0f0b02cab6843a40b2,2022-03-19,1,heavyweight,0.5645913982485968
fed3a50fd626de20bc9ddd39,2022-03-19,1,featherweight,0.5791563479721025
0edcadeec8b119ec0a8e22e5,2022-03-19,0,womens_strawweight,0.5832820544211392
90db3390059fe0b1ae095e2d,2022-03-19,1,welterweight,0.6098945974215473
18453b23edda3fa1d9952968,2022-03-19,0,bantamweight,0.28107789448532605
9ae7ce42c6960b736e0efa95,2022-03-19,0,lightweight,0.1741931902848472
606a3226edc45b339470c15a,2022-03-19,1,featherweight,0.6348460417507361
8438c52b0f5b6abb1524eb73,2022-03-19,1,womens_flyweight,0.37145132432621125
e44f8d6c21499f7ee69f7413,2022-03-19,1,flyweight,0.40566955491255724
b0c27e0a67c2921f706c7982,2022-03-19,1,light_heavyweight,0.442424174836656
50519ade549a1f6ba3ecdb0f,2022-03-19,1,lightweight,0.5000041654570143
1855e62e711e7cb90db8c57f,2022-03-19,0,heavyweight,0.3663396655237584
d1bfaf3217d92836ca7666c4,2022-03-26,0,middleweight,0.5203801343507871
ef9aa738f67fd68f2ca5af2f,2022-03-26,0,flyweight,0.5773277602546388
301dfd58acfdd68cb9065d69,2022-03-26,1,bantamweight,0.6573359357558684
351b3e350230c6b88f88f552,2022-03-26,0,heavyweight,0.2913662252121349
7d5f589e73ee039bd2697e09,2022-03-26,0,womens_flyweight,0.3010423735662111
2d86be1fe2a9c74ea1d1a00e,2022-03-26,1,womens_flyweight,0.4585678939654121
2569c71203392ff1e1f14af3,2022-03-26,1,featherweight,0.5091826307151254
41c6e7756509299ae12c897f,2022-03-26,1,lightweight,0.5151057469308693
2d2fb7e95f4e7d64dacc585f,2022-03-26,1,flyweight,0.568697344682515
87d4157a7c6058179c54bd39,2022-03-26,0,welterweight,0.532892087015195
e9351c7db8c8562852add0bf,2022-03-26,1,welterweight,0.6667730234166759
7af5d59b89e6c62ef7902cfe,2022-03-26,0,womens_bantamweight,0.7161170763447687
6a456265c9a0a54a45727866,2022-04-09,0,heavyweight,0.5595338097583029
9b4d0aeae28ca6a7651e18c3,2022-04-09,1,featherweight,0.7460027834990615
d59489d2219b8acf65c14d10,2022-04-09,0,bantamweight,0.5792595502828184
dcc78c9b5027cc486808530b,2022-04-09,1,middleweight,0.5666624992450462
10a507567f7c574bab053aba,2022-04-09,1,womens_bantamweight,0.5932285630727404
54dbd0ff791fe50de3635eda,2022-04-09,1,welterweight,0.7253178387134347
8d6783bbc0f9d2bd2d4c0534,2022-04-09,0,welterweight,0.4923758029598144
e4d38da609f2296f44f8e0f3,2022-04-09,1,bantamweight,0.6197353900577153
395fac7e1cb89c9f48542548,2022-04-09,0,womens_strawweight,0.5384197717902779
c717778925b8d05d09226a63,2022-04-09,0,welterweight,0.5963228242364927
c8c932d20a23d93083cd5153,2022-04-09,1,womens_strawweight,0.3829235901299403
5210e8a6bd51cdb8a3be4742,2022-04-09,1,lightweight,0.4643849728228179
ab6c1f1d7010971c355e465c,2022-04-16,0,bantamweight,0.43995404277199235
4e19d3624ce2f192fda3e87e,2022-04-16,0,middleweight,0.5203801343507871
63a7508bcd39ffb177568395,2022-04-16,0,heavyweight,0.5615571971810311
a3b791cf3770be81a7311fc4,2022-04-16,0,heavyweight,0.40726715096998545
433dbc801627a6d385c7ad09,2022-04-16,1,lightweight,0.7058870861175283
f700791a20e6fde6268982b3,2022-04-16,0,womens_strawweight,0.5135898210831232
163a51708b615100cf2aba52,2022-04-16,0,lightweight,0.26932572563314583
a2e535212cb0109c16e03dcd,2022-04-16,0,womens_bantamweight,0.233641378706198
069de3205d6c699d7be551aa,2022-04-16,0,womens_bantamweight,0.5569931345858695
9c7629f898574d7d259de1e2,2022-04-16,1,welterweight,0.26919268549703856
48857655a69cc90c77030d9a,2022-04-16,0,welterweight,0.3827255345110327
e9eef12674e72868f84a57a0,2022-04-16,0,featherweight,0.22066299943005654
a2af6edea9fea96f3d6b4f3f,2022-04-16,1,lightweight,0.6669213789565227
de09e08f6c57358e9c22f9b4,2022-04-16,1,welterweight,0.5661857523983316
48e6102e4d53ecae10721bf6,2022-04-23,1,womens_strawweight,0.575277506876657
9b932197b1fb2a26a1208177,2022-04-23,1,bantamweight,0.6457052448435856
06669d51b0a57a8f66b216d9,2022-04-23,0,lightweight,0.31412086061812855
692efc69390867723a995b60,2022-04-23,1,welterweight,0.4050605101348863
c85d55bcecdce0caae48f32d,2022-04-23,0,welterweight,0.42749546472710603
877e43ee92b6e92fe379f031,2022-04-23,0,catch_weight,0.47286423896380614
4d8474d6d776dc1f62fe315b,2022-04-23,0,featherweight,0.3982514704317126
711d9ff3483b66cb33e6fb1a,2022-04-23,1,light_heavyweight,0.420684582884747
2b3e69ba4ea58a394404b393,2022-04-23,1,womens_flyweight,0.5999624622432831
c89f90b1b4c3c2b9606febb2,2022-04-23,0,welterweight,0.42818290707416623
213b698eaacabc90d39c3618,2022-04-23,0,light_heavyweight,0.19272708346063905
2dbdb35090901cb11cdd7d38,2022-04-30,0,heavyweight,0.31744279292471356
aed8ef16b30b6d218c63f47c,2022-04-30,1,featherweight,0.544137903108837
fcc9d5a0cfe4deba917371fb,2022-04-30,1,heavyweight,0.5054827629708509
9ec02b95cb264245c08bd1c3,2022-04-30,0,flyweight,0.43278391971687047
566ee83c01c427d616e79cb3,2022-04-30,1,featherweight,0.4993087077086604
312ba0118051211ffa424bb3,2022-04-30,1,welterweight,0.5670459349731434
bd90e67407043275cc350cb5,2022-04-30,0,womens_flyweight,0.5811316576678829
9932564c59fd0493d46f20f7,2022-04-30,0,lightweight,0.3469614433059983
ccbcefc2a02e49bf307142df,2022-04-30,1,middleweight,0.5950346862059668
59e0827ca63295b63cd6a91a,2022-04-30,0,lightweight,0.3332611545216924
4e359c108544d2c8759d97d6,2022-04-30,1,bantamweight,0.5287191243960837
e83c43a20c4efdef6b675240,2022-05-07,0,welterweight,0.4158435950960703
c3f4eb06b7985fd64caa1c2a,2022-05-07,1,womens_strawweight,0.6937496394477884
27a25d6c4438938f3521b32a,2022-05-07,0,heavyweight,0.5904350946538114
f9ad67246c83a9f959594eb4,2022-05-07,0,flyweight,0.4641925496416185
68ecc0f643b3d96f33c5ea9d,2022-05-07,1,lightweight,0.5430764903394718
54d66068ae43906aa7a9cf26,2022-05-07,0,welterweight,0.5178158287410115
a295f10a5980bdb7db934877,2022-05-07,1,bantamweight,0.5088079648671093
57499631d3bdce3f6fc81243,2022-05-07,0,flyweight,0.43051049776585926
65626c902a390cc627f7be7e,2022-05-07,0,womens_featherweight,0.6309223697188476
d31f108ad033cadad0d1f468,2022-05-07,1,light_heavyweight,0.40076163973382245
cdb998abfa18ccf9f27af3b6,2022-05-07,0,lightweight,0.5543447053448326
709d13b3d0f6930bb797146f,2022-05-07,1,welterweight,0.436198580283936
e513925b16ccc7cf2bc93298,2022-05-07,1,womens_strawweight,0.2980137335014714
cc6e0ffb423d24fff180d8c1,2022-05-07,1,womens_flyweight,0.5165616608510843
e80cfbe7751b8e42d0e37d81,2022-05-14,1,bantamweight,0.574964944109125
d21ed7987834436d79762e16,2022-05-14,1,lightweight,0.5717040136230008
4987dc6f22514fa13327d770,2022-05-14,1,flyweight,0.5471352773028559
ec3db7fb69fd747f19d2772f,2022-05-14,1,light_heavyweight,0.4884270860918742
3a7bcb7089d6096f13b7cd48,2022-05-14,0,womens_flyweight,0.46560439912366647
cb4c231ddb365e4a24ca3af4,2022-05-14,0,lightweight,0.4403513189332645
95e847d3cc4c6bcbd6043bc2,2022-05-14,1,middleweight,0.4735441045145033
db6d572d7fc3c8ad496fe6e9,2022-05-14,1,light_heavyweight,0.4080942213249257
d0dd5444e56544c7c7529281,2022-05-14,1,flyweight,0.6799346193146762
6b6cce875a6e865322f23a66,2022-05-14,0,womens_strawweight,0.3679540387685754
da1f5ebe1db19397cf95fdcf,2022-05-14,1,womens_flyweight,0.3903778572535336
a909d174db8b4390ae3774cf,2022-05-21,1,featherweight,0.6791747461424157
9101fa72d85c818841ee1d9b,2022-05-21,1,middleweight,0.4841349631420986
b2a463b8b2afe1453190b2a1,2022-05-21,0,womens_strawweight,0.5687061276984036
383bc526c4fd50b1ff054c67,2022-05-21,0,middleweight,0.46934054384710544
45ca004338ad389c7e7dfbd2,2022-05-21,1,womens_bantamweight,0.5269310271135907
3f379cb193e0300c1aa1f821,2022-05-21,1,heavyweight,0.6520793557292344
2613b85681482b84539b6f00,2022-05-21,0,bantamweight,0.28633286306433786
765486e120840e8df1d10183,2022-05-21,1,middleweight,0.6422068621028297
40240f9f36602a2870ec2baa,2022-05-21,1,lightweight,0.5158121723549948
da790c4bab3aeacba933229a,2022-05-21,1,womens_strawweight,0.5378173053205159
e2c480e4c1e2f0c1546d5d77,2022-05-21,0,welterweight,0.3680835430798389
d22c42254e29e2ec340e1418,2022-06-04,0,heavyweight,0.3505822185972108
7d2d589ab3a24ccbec850331,2022-06-04,1,light_heavyweight,0.6365293056371942
b5fef85ad8722e2c173f1f31,2022-06-04,1,featherweight,0.6803909881604563
f9fbead95e311fc0ea7c84ee,2022-06-04,1,featherweight,0.7127570244508279
23a75d6e26246f3fadb396da,2022-06-04,0,womens_flyweight,0.37393865118619674
65042c1a280902886dc6dd26,2022-06-04,1,womens_strawweight,0.4676793400718938
c65a22b110cef6fbb2125d34,2022-06-04,0,flyweight,0.24289853323761862
8ce12f6034150468696c1404,2022-06-04,0,lightweight,0.42808508475281176
5445242c5438b4603f99e089,2022-06-04,0,bantamweight,0.43955488723884234
d14d68587e692687da0d3f24,2022-06-04,0,womens_flyweight,0.5226592899470184
e663e56b52a832ad0691ca69,2022-06-04,0,featherweight,0.6151512508906682
48c473af66656aa65786f4e1,2022-06-04,0,lightweight,0.47558263973185133
1879d9ea46bd3c6332543b68,2022-06-04,0,flyweight,0.5518908996703698
b2038bb6ca99f8b0ed7255c7,2022-06-04,1,welterweight,0.5222402703147226
e49e62b538c8335689613162,2022-06-11,1,welterweight,0.6282577927618084
065e1f6ee6a773ecb89f7d12,2022-06-11,0,middleweight,0.5183460842252937
fb821412f370884401d35139,2022-06-11,0,light_heavyweight,0.5098078039993286
1e545d34ef5e99a2aabb7d44,2022-06-11,0,welterweight,0.41596546188644773
1991007feecb43a26b0eb7c6,2022-06-11,0,bantamweight,0.4258615536290074
4bdcffba7b815f20f7f0c0cf,2022-06-11,0,womens_strawweight,0.4325750889832604
e257df6df9aae0de1ae83c76,2022-06-11,0,lightweight,0.6452361937975704
acf90527fde3048d8876a70a,2022-06-11,1,womens_featherweight,0.4857772325854239
940b51f448bcff3babf27a3c,2022-06-11,1,featherweight,0.5509626654671046
bd4b807ebad4ce66420cb1f8,2022-06-11,0,womens_flyweight,0.4222999008481028
d41039f9c98e4cd3418f2f02,2022-06-11,0,womens_strawweight,0.5448734774557057
69d6707f40dbdd247de83d25,2022-06-18,1,bantamweight,0.6726228959684879
b2afb64bd777a942b65dbb5a,2022-06-18,1,featherweight,0.5195226358602982
bc67a856832a4900d2384ba4,2022-06-18,1,welterweight,0.6038433447632348
4a4060d03f813216114e4968,2022-06-18,0,lightweight,0.3268911647227031
2280acaef1bd4f8d94bf22f2,2022-06-18,1,bantamweight,0.7802140888960293
ef1c81da42f18212117eb7db,2022-06-18,0,womens_flyweight,0.561686639457398
b8b37ab0d685d69a80b80bfb,2022-06-18,1,middleweight,0.47621083392229313
c8bce7a0cd5b64400d6ce30d,2022-06-18,0,middleweight,0.49373421035029574
34eacc018777cf756f0a9bc0,2022-06-18,0,womens_strawweight,0.57144136176639
61b4b53d06936ba0aa98113d,2022-06-18,1,middleweight,0.655971957247037
2cfd9a8c1b61856144ef594b,2022-06-18,1,featherweight,0.7064863935583245
5bdb3da39bb6e719e9fc0618,2022-06-18,0,middleweight,0.4684948797093784
68df60a85737373fc82b19b1,2022-06-18,0,welterweight,0.2614701265044509
2fbfe695974365c0c5f85fc8,2022-06-25,1,lightweight,0.3825697069552441
6458152c222f4906571bcde7,2022-06-25,0,bantamweight,0.3803911181654367
2ecd2eed9d2962188ecb5689,2022-06-25,1,light_heavyweight,0.464282538222821
818221d71c181b39140c5074,2022-06-25,0,middleweight,0.4966373088708285
35e5e8e703d00edf360a6043,2022-06-25,1,heavyweight,0.3707877611907892
dbd552c2d7e341649622ee23,2022-06-25,0,flyweight,0.4911525698697269
d3ae12666b9f9a68eead2751,2022-06-25,0,bantamweight,0.19899195133637892
e4ea35454ee62c778fa3f4a6,2022-06-25,1,welterweight,0.6575645375337796
b21c9e5ff089ca9195054ac3,2022-06-25,0,bantamweight,0.5726255369922948
76e3a22b48d90e22583c5147,2022-06-25,1,featherweight,0.29574370396143673
48b66f6c4e067ab131987c86,2022-06-25,0,lightweight,0.377835049304285
a59780a9c44b0f7455be33f1,2022-06-25,1,womens_strawweight,0.45822376543484433
e02eea16ac82e778f7daf1f7,2022-07-02,1,featherweight,0.6515506419861397
876921be33b920ac9567b725,2022-07-02,0,lightweight,0.49994361186528063
e81f8dc803fd77311da05e80,2022-07-02,1,middleweight,0.6898450006817727
859d13910d61abd539cc945f,2022-07-02,1,welterweight,0.599501197153077
e6c3e6276839dd5d64a789b2,2022-07-02,0,middleweight,0.26017089624230294
a2e9ef0e8cb15790f8ced352,2022-07-02,1,womens_flyweight,0.7567284031200517
eea7d1b3716582025dfbfca3,2022-07-02,0,womens_bantamweight,0.5745778362319401
2a9cc81d46ea65120d7fbe99,2022-07-02,1,welterweight,0.5633867559007402
ba6dd14c8af9df3ea8f92512,2022-07-02,1,welterweight,0.5667748044166036
5833acc9c3ac9e365c6c0b7c,2022-07-02,1,middleweight,0.3645113023669688
177235a3e775a6743d6600e5,2022-07-02,0,middleweight,0.3786301481247461
f2fd98701b89701fae9088a5,2022-07-09,1,bantamweight,0.34077763741875555
803fc1e81cfdec6e7a503544,2022-07-09,0,womens_flyweight,0.5256381187630265
8990215859428aaac941741d,2022-07-09,1,middleweight,0.4186501633363703
833c99cb97e71c4d5ca53fcb,2022-07-09,1,middleweight,0.5546317285621195
894eb20cea5348518aad7e6a,2022-07-09,0,featherweight,0.4047788577167326
ec47ffa3f0a194c15729e14e,2022-07-09,1,bantamweight,0.7669203749354639
eb92cb37c14b9a12e2392824,2022-07-09,1,heavyweight,0.4053452628543557
ed326894c1c1b1d3adbf1cba,2022-07-09,0,light_heavyweight,0.4008796814142673
3762c8ce8cd05373829c8371,2022-07-09,0,lightweight,0.4210630168865381
85e2d3f91c45cbb0e0bc1cb6,2022-07-09,1,lightweight,0.5695913356459681
fb7e9ab6b45aeb9bdb8436ab,2022-07-09,0,bantamweight,0.5653339155268561
b203dec5ae3023e120de922f,2022-07-16,1,featherweight,0.6243249711429179
a32125452f6904259fbc72b2,2022-07-16,1,featherweight,0.5642920811098795
8fe207b501c2aa7554270832,2022-07-16,0,light_heavyweight,0.4666358794715823
a9c93145b251be4e9d7e6dcb,2022-07-16,0,middleweight,0.5167399047366533
12d4dffc5e8bc17202be2632,2022-07-16,1,womens_strawweight,0.4438352395343145
fb462f5b2e9f652779cdfb66,2022-07-16,0,womens_flyweight,0.6145761630987097
c637b6f0f5a09bb8e1a74e50,2022-07-16,0,welterweight,0.6014305381229754
17ea09382d449f8306c19c3b,2022-07-16,1,flyweight,0.35189018353405216
fd355002a0fa2e74e3536f46,2022-07-16,1,womens_strawweight,0.6095263324081032
ccfedebf868f0b8dc734bfd2,2022-07-16,0,middleweight,0.33557989406712263
aec85754ffdd895e4321b6fb,2022-07-16,1,bantamweight,0.4372687010727976
ad625eebc9ae756d4e5ce12a,2022-07-16,0,featherweight,0.583352276271844
f0728df1781fd229cb014c50,2022-07-23,1,welterweight,0.5419556706544824
fc3a021d4027a74cd0e85243,2022-07-23,1,heavyweight,0.5562056890065094
953bbb8b3a4dbab3e4857e03,2022-07-23,1,middleweight,0.6053320711770878
e1bfa78d9e55d9829168dcdb,2022-07-23,1,lightweight,0.5908449833418822
d04154269d7f8664c62b6131,2022-07-23,0,featherweight,0.3384045898536746
68dfedbb07bf88d9ca273dc2,2022-07-23,1,womens_flyweight,0.4701976145947633
ec4c20bfa09fac0285d92870,2022-07-23,0,lightweight,0.4000667623859745
3ba5a9abbb1ae3fa79599046,2022-07-23,1,lightweight,0.5377076692645798
291314e3a3d4ef5e1277e4e1,2022-07-23,1,womens_flyweight,0.6573995468787287
819b658e6cf0d717bb91de6c,2022-07-23,0,flyweight,0.3097655988457977
e1c2046ddc61effa0182c84b,2022-07-23,1,featherweight,0.7555502012995926
fcbaa5ecf7ea948ec4284861,2022-07-23,1,light_heavyweight,0.5200008938339793
a3042f1e67d6574fb63da12e,2022-07-23,0,lightweight,0.5662500890658806
ef6ab6d69866893d4c3f7e61,2022-07-23,0,light_heavyweight,0.43106751969340407
b8683f73e2644670bf1ff574,2022-07-30,0,welterweight,0.5618353051658749
282ad5f28deaf15f8dca4792,2022-07-30,0,flyweight,0.6534697672308195
5fa0aeb049247895d054ff67,2022-07-30,1,flyweight,0.5817511652064707
c07de9903dda0402b5b7ae51,2022-07-30,0,heavyweight,0.45990679900556997
5aaa23664d6070cac2051597,2022-07-30,1,lightweight,0.5099398123854977
58e54a3c63001690d005c9bc,2022-07-30,0,lightweight,0.5248518743592195
10b81e064c1a7b6abe9a2535,2022-07-30,1,womens_bantamweight,0.693988411598151
33eed00e388c88409a34cb2f,2022-07-30,0,womens_bantamweight,0.48051698182608027
e4877492b848342688b0277c,2022-07-30,0,light_heavyweight,0.32260735472832547
acc3d39765c5482fcb45accd,2022-07-30,1,welterweight,0.6933672204843087
17570bc74fd14e361a08e878,2022-07-30,0,light_heavyweight,0.3675962043983745
ac2b588a1a2472b349609a68,2022-07-30,0,welterweight,0.39083272587973794
1a6042f44f4e1018e13bcf39,2022-08-06,0,heavyweight,0.31207897465215095
11bfef30ead4201c97f126a7,2022-08-06,0,womens_flyweight,0.5242771306652549
ee78ff94d74191c0950c3305,2022-08-06,1,welterweight,0.6365751312627947
14baf91c942b6d4b80278c39,2022-08-06,1,womens_strawweight,0.4978300141525244
e16f507b343589a2e4e6722a,2022-08-06,0,womens_bantamweight,0.4840119007770585
e21ab264e04732c3ef8f62f4,2022-08-06,0,heavyweight,0.5171169978985108
e9da8c8a6c31cb23cefbf64a,2022-08-06,1,middleweight,0.707411783882077
6ec98fde74b283e28ca0a7fe,2022-08-06,0,lightweight,0.21346426869145113
cf34d5f335348b66aa91eff5,2022-08-06,0,light_heavyweight,0.5388475526188264
f8f3e8322df974e5e79c4018,2022-08-06,1,welterweight,0.47192301721513763
a786185afd5f82f1db44d3c8,2022-08-13,0,catch_weight,0.72123966670852
769a825b93d1f461ed037a48,2022-08-13,1,middleweight,0.526793408877357
e5ba6b21277ad5545d7c0dc3,2022-08-13,0,womens_flyweight,0.6284899283047831
7322e2f3f4bf5390f2bda163,2022-08-13,0,light_heavyweight,0.5017211165464444
aaf6d2192b150766430fc20b,2022-08-13,1,lightweight,0.5237278731449435
ba36c66a9c8864239d835333,2022-08-13,0,catch_weight,0.5776126542501129
e07aa035986642062d25c1f5,2022-08-13,1,bantamweight,0.47560697561322346
8734458639c9a77e963669f8,2022-08-13,0,heavyweight,0.31457578256461255
8e3ee192291658b73f706113,2022-08-13,1,featherweight,0.41570612563625003
207fbf80c6f721606f408c61,2022-08-13,0,flyweight,0.6799103988641187
0e895646923d2363e9ee3865,2022-08-13,1,womens_bantamweight,0.3537480087481359
cd596c04dadc1a357e70db6e,2022-08-13,0,womens_strawweight,0.5242771306652549
7e414bf2e90506da27163941,2022-08-20,0,welterweight,0.6398079372981599
8a9c09281e5eeca72ddede9c,2022-08-20,0,flyweight,0.37970043672708714
fc73feb19b3af4a912864096,2022-08-20,0,bantamweight,0.4615714786236823
2e655f9fa69fc63ba339bf9d,2022-08-20,0,flyweight,0.43228005447212964
09110ce448db775f208b9e4f,2022-08-20,0,bantamweight,0.3350522915107152
96bf35f8d242172083318f0b,2022-08-20,0,welterweight,0.7147836557808606
72cae9b3b0647f262149f01d,2022-08-20,0,lightweight,0.32075440445156
6e01d4335754eab4e2519c82,2022-08-20,0,heavyweight,0.6333911162066612
e041b8ced5ccae038bf87f85,2022-08-20,1,middleweight,0.503570609122377
e21703f2490a99b16dfadb3d,2022-08-20,1,light_heavyweight,0.7267261344228493
f41c685ee847a134377ce615,2022-08-20,0,womens_bantamweight,0.5490297648718724
9ce27f8c4c81304aae9d0e7e,2022-09-03,0,middleweight,0.48313631667127754
a3bbb4a0fa0064f0548c4dc4,2022-09-03,1,middleweight,0.5034939758906002
2d11896bafc8bb829b196c12,2022-09-03,0,lightweight,0.3857279623759602
55128794a5130c0766120091,2022-09-03,0,featherweight,0.5281604540354494
7301434a052e54b477cb10b8,2022-09-03,0,heavyweight,0.25136048012177653
d67df94cf203060829d5e02a,2022-09-03,0,lightweight,0.3696019851877651
3f009a05817aa629ecb33512,2022-09-03,1,lightweight,0.5840013131392646
86ec5f7ecd89641f1c7cff4e,2022-09-03,1,bantamweight,0.4777954217588624
561ee3bd70a2f70be5d0512b,2022-09-03,1,middleweight,0.5970747171909523
0fc64e2e9e677fbf1fdd2676,2022-09-03,0,middleweight,0.5284233589598373
be1d0f8c941e18f2385e8ec8,2022-09-03,0,womens_featherweight,0.33520972855756803
b8f2b3651db2a7baa029e536,2022-09-03,0,featherweight,0.5209543448575616
4a6bcffa1eef009392233795,2022-09-10,0,bantamweight,0.4340186613483453
c00654036cf18b5bb5f2d2c5,2022-09-10,0,welterweight,0.44774294210222176
b36dfd6178f9afe0176a1770,2022-09-10,0,middleweight,0.5376261773498866
7f7d0ff5834aebf0c6e0956b,2022-09-10,0,featherweight,0.7240699710833789
41da67b4d117a50c666ac843,2022-09-10,1,catch_weight,0.3550222954657624
6153221828eccf4930f0d3e6,2022-09-10,0,catch_weight,0.17578269117251108
9d40474ac4964ada854fa013,2022-09-10,0,heavyweight,0.6375945492575266
5a062d96aab1c99b7cc95f3b,2022-09-10,1,light_heavyweight,0.4908453315233418
61ba8d4c4fabfe43fbb836c9,2022-09-10,1,catch_weight,0.46632964365067514
014ea6d786ce6f657768e865,2022-09-10,0,catch_weight,0.5059277577243924
0eacc4f0d8ed4f419ecbcea2,2022-09-10,1,womens_strawweight,0.48694703546814994
b23e87fdf32c675244e517b7,2022-09-10,1,welterweight,0.4311729350355546
129aa2e2442a6668ab3bdc63,2022-09-10,1,womens_featherweight,0.7365571041116036
5c6812938d363a82f925824d,2022-09-17,1,featherweight,0.39574860918868476
8d050432569789c31a32dcde,2022-09-17,0,middleweight,0.4123703302598125
dbcca4558e9c1d0d13c510a3,2022-09-17,0,middleweight,0.39496231832619827
bc3c14ac6ca3b5d7e1f471ce,2022-09-17,0,bantamweight,0.6137372786675865
c743e51d32485abb008206d8,2022-09-17,0,featherweight,0.6381256513938485
059dfb0529502eb13b47c82e,2022-09-17,1,womens_strawweight,0.622903168197576
f973efc4d40fd253e6092acf,2022-09-17,1,middleweight,0.6703479465604252
faae6d894d5ca7b2e828bf54,2022-09-17,1,womens_flyweight,0.4570856924392658
ba54b51b997887a6beff6ea6,2022-09-17,0,lightweight,0.4943249997448554
4d68a5e737c1e8b51f6f2e2d,2022-09-17,0,heavyweight,0.6481436496792621
58d0836ce3aef89372366e16,2022-09-17,1,bantamweight,0.4165323712110744
1afe0d50e01083bebcec9aa7,2022-09-17,1,welterweight,0.6960776902455698
49322c3b76a447084d3343fa,2022-09-17,0,lightweight,0.41556331289678566
87a787d77cf0a5e09d3d9395,2022-10-01,1,bantamweight,0.3184213469980923
38a5c52b9d2138c264286309,2022-10-01,1,heavyweight,0.5431259453523032
fc47440fea6c1d9a73f29056,2022-10-01,0,lightweight,0.3996939301694448
5c2d756d58e2169143a3d205,2022-10-01,0,catch_weight,0.6111128579147252
fa7cd15e925add6d68fc71fb,2022-10-01,0,catch_weight,0.5060900183079616
fa6a5ead0aa09a9ef6c5b57a,2022-10-01,1,middleweight,0.5454846890051139
b72aea582d1585d9cb98b492,2022-10-01,1,womens_strawweight,0.4717924713810042
769a6a0ed8f56e2771571177,2022-10-01,1,lightweight,0.5721314255684394
ba830e44c169818ed678aa41,2022-10-01,1,welterweight,0.6490075835700009
8a3a1e63063d34a285884a99,2022-10-01,1,bantamweight,0.6055731649094886
332b606adadb464988ce504c,2022-10-01,0,featherweight,0.263847125191246
01280f9e77503889cc5f9625,2022-10-15,1,womens_flyweight,0.5449105496187066
ca2c4ad4a77247d7ccff754f,2022-10-15,0,bantamweight,0.4069846881176922
0b42a434a9d342606e9634d5,2022-10-15,1,featherweight,0.6132979876649644
26959a0ae6d9ffc29e07813b,2022-10-15,0,middleweight,0.40585479474209035
aae253d49a82af766011fb44,2022-10-15,0,bantamweight,0.33766309449013737
dd6794095b4f567cbc4101d5,2022-10-15,0,welterweight,0.6444078726548628
044df039a74152712583ec34,2022-10-15,1,light_heavyweight,0.4420128049990409
6a2ccb4c05791a9425fdd871,2022-10-15,0,middleweight,0.4986835119744646
a351ceb4ec13704924e64821,2022-10-15,1,womens_strawweight,0.48629681509768563
4f4009ed9b6888d49211b309,2022-10-15,1,bantamweight,0.5124067697365156
cb331ce12f84a70205c765de,2022-10-15,0,flyweight,0.3679411596130865
2fa71d83dae3ebb848f3441c,2022-10-22,0,welterweight,0.4056068176904043
3969abdde9d204a1383b76b0,2022-10-22,0,bantamweight,0.32633288706129404
d51176910516429f296e9791,2022-10-22,1,middleweight,0.6836737097981587
8b1f7cebde3141ff07f2e923,2022-10-22,1,welterweight,0.4610393317925861
1f39f88404238882611b5baf,2022-10-22,1,lightweight,0.458417495225066
89b86d8017ee9c1cbaa746ae,2022-10-22,1,lightweight,0.6527841254567535
e323e1ea8dacbcffaa512ad7,2022-10-22,1,womens_bantamweight,0.7359845269394046
35a1f8dde1fde0e00768056a,2022-10-22,1,womens_flyweight,0.48071168536859443
f4c1d9b02ea276231e92bad9,2022-10-22,0,middleweight,0.45689389127663166
bf2060061f6746545bdfc695,2022-10-22,1,flyweight,0.580671773974589
5cb842db992ceaeea1b3cf29,2022-10-22,0,bantamweight,0.43673847156019185
a99407677ffcc07b6201b9fe,2022-10-22,1,light_heavyweight,0.6047929554389674
9e77914c5d3a7d1ddeb09921,2022-10-29,0,heavyweight,0.38902586110293963
0475b074697fe0251c4d12ec,2022-10-29,1,featherweight,0.6942180637134212
9ad86cefbe6ecdf976f7782a,2022-10-29,1,featherweight,0.4815365774139339
ad5ce07a6e0876f8d5be2633,2022-10-29,1,bantamweight,0.5728663489845829
3ea908dc8672aba46a6b1042,2022-10-29,0,flyweight,0.38772231542317104
9cf346c97ea2bbfd2c1c605e,2022-10-29,1,light_heavyweight,0.31501990938380264
2578ddec4698f73c077da962,2022-10-29,1,middleweight,0.6121271242707657
ca802282390c52fdb2408e0b,2022-10-29,0,middleweight,0.44354168401256716
15d5339005fa2e8e3ec329bc,2022-10-29,1,middleweight,0.4869740461035825
50f80108ef29bd03c1534f16,2022-10-29,1,welterweight,0.5476375987228894
5f9c2584685ac701df1b20f1,2022-10-29,1,heavyweight,0.5190735978894173
fb2b6999fee39d8d4b28984c,2022-11-05,1,flyweight,0.5382203549304788
1fa02083adffe4f1a1aaa2d6,2022-11-05,1,featherweight,0.41577818621694007
443e0c3f3b5ee8993cb6247b,2022-11-05,1,lightweight,0.7376808522693974
ad031ee4e83f763ae7e5c2c5,2022-11-05,0,bantamweight,0.29907219425803055
85d5c7447efef749dd381282,2022-11-05,1,womens_strawweight,0.36105328150942617
d98a3449d656417386274448,2022-11-05,0,bantamweight,0.318702359098251
67bf0adfb4a72e6d1d0816f4,2022-11-05,0,womens_flyweight,0.2315192733525763
7d63d3e966fba6336272ecea,2022-11-05,0,welterweight,0.5020966164611914
7d171beb120b8d9b085f3e3c,2022-11-05,0,womens_strawweight,0.4434802973740002
f6116b016fd15f3896db959f,2022-11-05,1,flyweight,0.5384734846681272
d752a82ef0612c0a2c486058,2022-11-05,0,womens_bantamweight,0.5022351988502054
8aa99b2cd9574bce2a5476f0,2022-11-12,0,middleweight,0.36727976707218735
57a461274144d12c6cfaa424,2022-11-12,1,lightweight,0.500074519918378
c2dc5cbd59cfdf863d8c6b7c,2022-11-12,1,womens_strawweight,0.4703864006685381
8a2af618f9bb8c2582583f47,2022-11-12,1,light_heavyweight,0.5246436808625211
e85b565475987e455e539476,2022-11-12,0,lightweight,0.6109249926934315
66f2c5674043221ca0434043,2022-11-12,0,light_heavyweight,0.5422503545303639
ed6cea9fd841f86133410b45,2022-11-12,1,lightweight,0.682550040619643
f9d00f1cc1b81acb25c5ad95,2022-11-12,1,womens_flyweight,0.6852378221049882
89753c38b68f7526bf9e58a8,2022-11-12,1,bantamweight,0.7173031126350828
b17854bdc5ac75cdebdebfc7,2022-11-12,0,middleweight,0.6626842216481341
bb48fbeed91a2ae16e631b45,2022-11-12,0,bantamweight,0.4563532897390089
52729424a8db9c8e560906f5,2022-11-12,1,womens_strawweight,0.4853356415431037
4f56ea61b8260643a03879bd,2022-11-12,1,lightweight,0.38831998119330835
a29b34f3eb27fd13d76b11fa,2022-11-12,0,featherweight,0.5717695382161446
d405e854a32224bcc4db5e45,2022-11-19,0,welterweight,0.23950264215755795
65a1d86b89e2470e1e3db15b,2022-11-19,1,bantamweight,0.5170579918113798
a610b8fe21dd433dd33fd822,2022-11-19,0,flyweight,0.4253136223964907
119695682640f1374d5c064b,2022-11-19,0,heavyweight,0.39617251608504633
134f4d4a92ff0f23596749a8,2022-11-19,0,welterweight,0.23732984659137019
076a794451db2a52b98c2309,2022-11-19,1,womens_flyweight,0.4926982829572858
7c2cbb3580dd05ab14dfada5,2022-11-19,1,light_heavyweight,0.49854014054967444
9893e9ce7e58dd73dc5255ef,2022-11-19,1,womens_flyweight,0.6782212512928666
08cc9cab63281c265de6127d,2022-11-19,1,bantamweight,0.5657519849304949
2f3fc3172d73cddfd573aa40,2022-11-19,0,womens_strawweight,0.365007251441398
630502317483ca9c43c50cad,2022-11-19,0,bantamweight,0.3366044595352834
cb2b679c92bd80ebf4dce030,2022-12-03,0,womens_strawweight,0.4826338657466069
e884d59713242b5e40c18426,2022-12-03,1,welterweight,0.570799753781327
78078a06b6123519e6e6389d,2022-12-03,1,lightweight,0.4306539411209448
b4ddf766033e81d0119cb1e7,2022-12-03,0,featherweight,0.2571121154028181
b2b4ba541349261a5183a952,2022-12-03,0,middleweight,0.6139126814286662
fbe2eacc0874d97394ea1832,2022-12-03,1,middleweight,0.4561432483216634
ce3faf675b6078ae06995f59,2022-12-03,0,featherweight,0.3759058627153703
4dac47d315d1aca95332a102,2022-12-03,0,flyweight,0.3170991328974634
cfc93cd8941fdfe5321696d6,2022-12-03,0,lightweight,0.7417841317845507
4f162c7c30d92fff90d239d6,2022-12-03,0,lightweight,0.25607309768970354
6896a8bee73ed65ceb61e90d,2022-12-03,0,welterweight,0.46999673951071375
3df0cd81dd767dedc14ec088,2022-12-03,0,welterweight,0.7485700759410512
ffaaa6810e903c894557c687,2022-12-03,0,heavyweight,0.3835912299701472
69d8f51a708f4a602eb6b066,2022-12-03,0,womens_strawweight,0.4045987686401743
d685375c090e0b3ac4d13d51,2022-12-10,1,featherweight,0.43842762818776254
97918cbcbe4b3af27679dc76,2022-12-10,1,featherweight,0.4967971877924217
195a4a25edefbdee1978add5,2022-12-10,1,bantamweight,0.5209543448575616
f41619679889d65542ce470d,2022-12-10,1,middleweight,0.4304492759064227
898f396f3f2e781708ad4221,2022-12-10,0,middleweight,0.47640279065556806
89ac380a2e7df762e9960bef,2022-12-10,1,middleweight,0.6054005455863777
6f83248ed364da425ac6e6b5,2022-12-10,1,heavyweight,0.4114280783845132
220fc84b9439edce53facd04,2022-12-10,0,lightweight,0.656782937180477
c21d7cb712ee6288e115f864,2022-12-10,0,bantamweight,0.4926766993908418
11988bf1857ae4bc7fc9fc71,2022-12-10,1,catch_weight,0.4747227918346831
6cac8e9e2664ec7c35a78b87,2022-12-10,1,featherweight,0.5083365206225731
18932712ef980754aa8ea7d5,2022-12-17,1,featherweight,0.5711717481450407
a908a1420ff1d9f94575f943,2022-12-17,1,flyweight,0.5901116596334139
bbc491df17960bb5bff6b31e,2022-12-17,0,lightweight,0.34612580492431533
0c96e42f32a09a794ddebc39,2022-12-17,0,welterweight,0.474970541781775
fc2b431ca6e0290539b9ecfb,2022-12-17,0,womens_strawweight,0.5259618113420587
376d706e7b1fffd65da0244c,2022-12-17,1,middleweight,0.5048194586230327
62c857b47d6eb83bf9f679d1,2022-12-17,0,flyweight,0.559543499550041
8b3108a9d38cc348b9ee1402,2022-12-17,0,lightweight,0.612669565302073
708385da1df75bfa8783285c,2022-12-17,1,welterweight,0.2851609378543501
62df437ecc82bbfb87460bdf,2022-12-17,1,middleweight,0.34398989326692664
b09e70f040d7ee1dc6260cd4,2022-12-17,0,lightweight,0.467535411780267
71ea7cae81899e81d9ce58fe,2022-12-17,0,bantamweight,0.5425873230556935
9560c9fd3964613752555ddd,2022-12-17,1,bantamweight,0.5472432641163474
c1e71d1d9adb482155fb773f,2023-01-14,1,flyweight,0.49497929176827615
d0381b088b9a49444821f7b5,2023-01-14,1,flyweight,0.540371341641844
473cb05603e509a4bfc9c579,2023-01-14,0,middleweight,0.4366507361851104
24f815b1e2137e2461a6637f,2023-01-14,1,featherweight,0.5288151658311345
f458bcba7703f48484dfacf4,2023-01-14,0,featherweight,0.5173912643891728
483b08fc27731ad0a87cdc0e,2023-01-14,0,bantamweight,0.2400880789363061
ec208d732aca7f0b1f0f698d,2023-01-14,0,womens_bantamweight,0.5042259044230739
52d6bc7e6509310031ed4ffe,2023-01-14,0,lightweight,0.506881206238502
c80a716a5e04319dc22d6f21,2023-01-14,0,middleweight,0.5656519465305248
e38165574d6bfd63d4e79446,2023-01-14,0,light_heavyweight,0.49728251764185216
e2ebd640cdbbcc28ca2e8743,2023-01-14,1,bantamweight,0.8240812098103579
c571321ad6d07f540414f93f,2023-01-21,0,flyweight,0.4276381229011833
1879c14c12351601569b29a1,2023-01-21,1,welterweight,0.4096604986753142
f709c650ce5f7a1d36b7501e,2023-01-21,0,welterweight,0.6308465976527013
2b19d65e695d66ba7d5f52dd,2023-01-21,0,light_heavyweight,0.4667458443425636
67ced6d3bcd5f9cff7b178ae,2023-01-21,1,middleweight,0.27695254153502696
a292c3204c848fc795af4c9b,2023-01-21,1,lightweight,0.21237466734610283
7b9b0213d00e3e62562edc0e,2023-01-21,0,womens_featherweight,0.1327703647111764
2d3203b53911c02b06b5c3d3,2023-01-21,0,womens_flyweight,0.28301117788693403
88c05dde0cfbbe4c9eece03b,2023-01-21,0,bantamweight,0.24156983366379275
c20db3255eb0b21fa2aab9f9,2023-01-21,0,light_heavyweight,0.6602305324005662
7ba2b9a199192a87d60f6838,2023-01-21,1,light_heavyweight,0.5895348852797847
170c5bb7b9800aa0cb5760fd,2023-01-21,0,bantamweight,0.5441947510408919
f8fe5853ba92aa1d4941f315,2023-01-21,0,heavyweight,0.27807012491393596
a35835c41d69a4aa0cc51950,2023-01-21,0,lightweight,0.34346841276494344
f78c5d74308eea6a9b237336,2023-01-21,1,welterweight,0.46412670012245477
4379c427241e16c5c42ff97a,2023-02-04,1,light_heavyweight,0.3499153801197582
fb3ccccef9c44cd3f44a1d43,2023-02-04,0,heavyweight,0.2920148072537269
e58678b9928dcd7e2a89b900,2023-02-04,1,lightweight,0.506881206238502
5ffe7cef56c8e5dc2a3b0312,2023-02-04,0,featherweight,0.506881206238502
c06582e8c3186fa75ccd836a,2023-02-04,0,middleweight,0.2730644185979554
5eafd2114e06744c7808d3eb,2023-02-04,1,heavyweight,0.5913809344726791
c55aa74790a7618ed08e5e86,2023-02-04,1,flyweight,0.506881206238502
667af8ef779c3de51b6ca32c,2023-02-04,0,flyweight,0.2644822423334006
92ddbc29697faa23279ea2aa,2023-02-04,1,bantamweight,0.506881206238502
c0dbc7dac4a69fdfa7b8a7e5,2023-02-04,0,welterweight,0.4197572809686437
e3a6a92a6b4c14140c0f5668,2023-02-11,0,lightweight,0.4792026038457041
8e99069a041aef3a93ceeef4,2023-02-11,0,welterweight,0.3873855842859979
9ac871fd5b77a57cde66e145,2023-02-11,1,featherweight,0.4287161728322554
128eedfd624aae6d0ee3489b,2023-02-11,1,lightweight,0.5568759119216725
3138bab08e28eac977aae47b,2023-02-11,1,featherweight,0.5396696855221277
8e0261939b3d9069a93806f4,2023-02-11,0,heavyweight,0.5327918782312303
4becbd5521ee229580343aec,2023-02-11,0,womens_strawweight,0.32279370926016193
50535e74ff87ae17e1c4af13,2023-02-11,0,featherweight,0.5155073438389808
39b8a2a3689793a61bd1f93d,2023-02-11,0,flyweight,0.43649281992515965
352db25f95df258b62afd7f3,2023-02-11,0,light_heavyweight,0.6050416300542054
e2a5ee873106609aef8b7d36,2023-02-11,0,featherweight,0.3979590397535716
3f5d726191be802693a573f0,2023-02-11,1,lightweight,0.25362910863336147
9d14cb3c9c8fd9e831cb2b86,2023-02-18,0,welterweight,0.4658248140668737
a36fcfd26910843e21b34572,2023-02-18,0,flyweight,0.5548063162359925
47e078d89d36a38676c579fa,2023-02-18,0,featherweight,0.3981693958891417
389d6b8640bdfa2549c1e3fb,2023-02-18,0,womens_flyweight,0.5597992037941533
05ce260e041a2605c602d2d6,2023-02-18,1,lightweight,0.6428162105675855
7cdd2df80d6a6c593a282b52,2023-02-18,1,light_heavyweight,0.5364698663411549
33ac9685a2515b76f149fc89,2023-02-18,0,heavyweight,0.45961241096789685
73b63059d90c2960c03c75b9,2023-02-18,0,womens_bantamweight,0.27490480700814174
92dbac7a52867e46b35fafbb,2023-02-18,1,lightweight,0.484354624149643
a4d636f7490aa62d4f569a1a,2023-02-18,1,light_heavyweight,0.5815956320213138
a77ddc24d18d055941c6bf15,2023-02-18,0,light_heavyweight,0.5310755689882031
f489e5bd58bfc35f1f4419cb,2023-02-25,0,middleweight,0.6089258313869788
758f1c497bf18e82210ab5c3,2023-02-25,1,heavyweight,0.4700806447974064
5c80a7b04497ad5ee2bddd57,2023-02-25,0,lightweight,0.46994541905345544
3fec13ee85d7f9983960b3cc,2023-02-25,0,womens_flyweight,0.4428183011596034
0176ced8c9d94d30a64e4a7a,2023-02-25,0,lightweight,0.24381189978676515
cf7adf6d36d1b08cd9d8d30f,2023-02-25,1,lightweight,0.7323695656193514
b8372e22cddbfa48ea909485,2023-02-25,1,welterweight,0.5657831403765952
6b4e4ea9b801548615975cd1,2023-02-25,1,catch_weight,0.36842901378643317
6ea6168d8e84815d2134058f,2023-02-25,0,lightweight,0.6009798831667266
fc0acba87af9f8c76a7e2940,2023-02-25,0,womens_flyweight,0.3183917843895347
ddddb220f603a1df3e1e0161,2023-03-04,1,middleweight,0.6079525226197221
72321c6bbe98eff02e4095f8,2023-03-04,0,bantamweight,0.3590498773525446
cc0b7fa4194f7f6e6d3a39f1,2023-03-04,0,bantamweight,0.506881206238502
85fe8793909e6952c9f78f00,2023-03-04,1,middleweight,0.7058721353987857
7363e41d86228b1d3ccb37ac,2023-03-04,1,lightweight,0.506881206238502
4e033da568b46a961139d1ab,2023-03-04,0,welterweight,0.36003053001769314
d3cfb0d2b891ff38ada976af,2023-03-04,1,welterweight,0.6730536950382864
cbd06542b2b208df53fd406c,2023-03-04,1,womens_strawweight,0.7150013670751229
c3f3ab3581e4101201417c58,2023-03-04,0,heavyweight,0.5140325069038313
9314741277e5a546928ec867,2023-03-04,0,middleweight,0.4867039461181971
483a44eda1de7ba858e8ac87,2023-03-04,0,bantamweight,0.45010948374893345
ec001e69e1a671cb55343f5d,2023-03-04,1,lightweight,0.5309346125932835
79f6fa67f74ca1d1eceb89f0,2023-03-04,1,womens_flyweight,0.2854121814006116
ae1d2e42c74ebe569b8bf839,2023-03-04,0,womens_flyweight,0.32437320748052
2c3d9b8cf266f7d87b21947a,2023-03-11,0,heavyweight,0.3927507305943525
28667af2ecff9e735860e563,2023-03-11,1,womens_flyweight,0.26042416682469005
51fc827668838509328eca57,2023-03-11,1,welterweight,0.5827349343971017
02b6dc85938acd2c6dc76f32,2023-03-11,0,heavyweight,0.5464574972867257
5e42a3409698012174f55aa2,2023-03-11,0,bantamweight,0.18805308881242244
cc22e042a99a400b3b543787,2023-03-11,1,catch_weight,0.5256596857650184
4a7cf56c83980792658c3945,2023-03-11,0,bantamweight,0.5311605949913332
970d1a7858aa5b5c168bdb4a,2023-03-11,1,bantamweight,0.5003153149726653
8c472cd93fff869b8c1659b3,2023-03-11,0,bantamweight,0.5297651122178318
57624421d747b53b6a9fce19,2023-03-11,0,middleweight,0.5182834075069311
121d895ec34c4ee500d71121,2023-03-11,0,flyweight,0.3128051572888339
39493c979c1bfbe357de6651,2023-03-11,1,bantamweight,0.45543902838371764
313274f54c13e378c9782b8c,2023-03-11,0,light_heavyweight,0.4354147205250552
3ef5192d293b633a47593b25,2023-03-18,1,lightweight,0.6182716602696205
67939b6e4ba8a035489881f7,2023-03-18,1,middleweight,0.4131791042938874
ba6858c0646216e3a271c7f5,2023-03-18,1,welterweight,0.5339949315455638
a41a13deba0d06034c0c24a0,2023-03-18,0,featherweight,0.20840802102494152
be9e3b6594a545c5ece02333,2023-03-18,1,flyweight,0.48430861887433385
bd93d7b8110bf0a192791038,2023-03-18,0,womens_flyweight,0.6776230527651494
aba38730016b8b0777777ee5,2023-03-18,1,womens_flyweight,0.5472052102106675
a445f6f894e3074c43e9960f,2023-03-18,0,womens_flyweight,0.7125526312110608
0204fb629e0e6e99f3a62ea5,2023-03-18,1,lightweight,0.47555445616607145
a1b6f8d2aeb238711fe9cd1a,2023-03-18,0,welterweight,0.5529652959410731
a9bd37ea947df11dfb5e63f7,2023-03-18,1,featherweight,0.6776982913003808
bd7c4c65dd0660d691a5b7ad,2023-03-18,1,middleweight,0.6097826695854728
e95f3b99a35f4827b821860d,2023-03-18,1,flyweight,0.6834849355726393
759b5432bb0e95fb6e5a4cad,2023-03-18,0,lightweight,0.506881206238502
c1d7d7ce041d52e09d7193c7,2023-03-25,0,womens_flyweight,0.3881665874166819
034e224915320f869f1dba0a,2023-03-25,1,middleweight,0.4366578678426755
717be830f10bc6172050d1e0,2023-03-25,0,flyweight,0.33180652646642333
fb68a3891e073458dc6aaa5f,2023-03-25,1,featherweight,0.3881989801991902
b4bcc9e8264244b410d7df4f,2023-03-25,1,womens_bantamweight,0.6327203267042152
84ded834631bc85d1a979066,2023-03-25,1,bantamweight,0.5414172072374337
3932764824c5a65f4ea80b0a,2023-03-25,0,featherweight,0.556319996943713
3da110d1cd53964797f27c55,2023-03-25,0,featherweight,0.5441189668135601
bc34061f7585c8cb754582fc,2023-03-25,0,welterweight,0.43036474010585035
d8bf04bd476c5def9385b3ed,2023-03-25,1,flyweight,0.5589020008421173
090d5cdefe42617fa644a06f,2023-04-08,0,middleweight,0.4442530387543901
f4262813b91eccfae338f71f,2023-04-08,0,middleweight,0.4620508739125777
b3e3b5f129a63fb2038e58ed,2023-04-08,0,womens_strawweight,0.4263327532037136
30c5225ba53208cd76437d3b,2023-04-08,0,middleweight,0.4951430429679552
50f3bfb5121b7b06fdb05de0,2023-04-08,0,welterweight,0.443655889536418
a3cc4d0be0f091345c0e83cd,2023-04-08,1,catch_weight,0.5802066547580742
186919d4a2872e5c626d87b8,2023-04-08,1,womens_strawweight,0.4803180258116509
50677f1bf973ddd98ff7be61,2023-04-08,1,welterweight,0.5766339236057269
5bf9cd7d305f8634d4423b73,2023-04-08,0,womens_strawweight,0.44794247168538837
542ab5e1dd01c45dbe923832,2023-04-08,1,bantamweight,0.4594047494538852
cb56c19233738e3f99fb0b06,2023-04-08,0,bantamweight,0.516737934191795
7941baf2f9c14b9bc5dc6877,2023-04-08,0,featherweight,0.3629773629127754
536fc9ff4143a7f0ef5213e4,2023-04-15,1,bantamweight,0.6024544273717094
58d7a5e6018b4265e7a4b16d,2023-04-15,1,featherweight,0.5624458597219051
f5d38b8d75c4c47b6cad6b69,2023-04-15,1,flyweight,0.33142746859674643
7b3a87bcfdaf6184fa346634,2023-04-15,1,womens_strawweight,0.4973934886268227
305a994660d1f7aefbc2d278,2023-04-15,1,lightweight,0.7635898898358565
8aa967b47782f05988eede93,2023-04-15,0,light_heavyweight,0.43289417493227345
e32814b20fa0d61f9191d8d6,2023-04-15,0,featherweight,0.6688935873960915
2df2b28eed63b6044ceb774a,2023-04-15,0,womens_strawweight,0.4846975598749392
6576e21f61790cd99298296d,2023-04-15,1,womens_bantamweight,0.6845647899985132
fc2939e831f145899a2e2a1e,2023-04-15,1,lightweight,0.3964631803576983
8585d2f9c10439b3ae1c6def,2023-04-15,1,featherweight,0.37304459122593175
715f478ae35da582d9f2f26f,2023-04-15,1,bantamweight,0.29969934786467145
a3b645cd303899e532cb969f,2023-04-15,0,light_heavyweight,0.532475189840919
4c702db73869ec0f411cd286,2023-04-15,0,light_heavyweight,0.29626847773753584
99f50e21f3c2b8fb41bfe804,2023-04-22,1,middleweight,0.4591865696525601
379db5a242315cc0331f6ab9,2023-04-22,1,bantamweight,0.44713849425894464
42d8de57f8ac25ae0a59af37,2023-04-22,0,featherweight,0.36971556044665554
69df5f5db0fe03de6d83eeb9,2023-04-22,1,womens_flyweight,0.5814260970369807
ebbd9b0e418daaecd3a5147b,2023-04-22,1,welterweight,0.5031587390826653
a81b666d9fea33d5a4e4e227,2023-04-22,0,womens_featherweight,0.463741823732601
15793bfec6a8406b59adf881,2023-04-22,1,heavyweight,0.5230507688380421
cf2e08d1a2de456001218fbc,2023-04-22,1,bantamweight,0.6970496710592051
2d07b591baacde698e40eca7,2023-04-22,0,lightweight,0.5083476879241497
d0f44949b918faa8a43733f9,2023-04-22,1,heavyweight,0.3273476613889699
64bd164890b13ccd6152e1f3,2023-04-29,1,middleweight,0.5296860922378421
382d5f5de3ab9af93ca82b63,2023-04-29,1,flyweight,0.5962962475458208
e74e0fcfe591662c36de0f91,2023-04-29,0,womens_bantamweight,0.5489106448000489
9404efffd14ae8bc7d0dad29,2023-04-29,0,welterweight,0.540386789512282
361d3b8343a3062df1f20add,2023-04-29,0,catch_weight,0.4868053380706249
209f89bb364ad65d94f93f8c,2023-04-29,1,featherweight,0.29298770343470193
de2dcd0f2af8b8f8855a9ee1,2023-04-29,1,heavyweight,0.4673332771164652
79b7440c98a3fe7209a2b6c5,2023-04-29,1,heavyweight,0.5566515983255906
a482e08e398790dbc62aab8b,2023-04-29,1,middleweight,0.5032443381052168
996883e37beff1a1ac3bb2d5,2023-04-29,1,bantamweight,0.45634729404818863
c0f12ad7885173fca8c8dadf,2023-04-29,0,womens_bantamweight,0.6989550055385141
8cc6c1a80c3b3e78fc639607,2023-05-06,1,bantamweight,0.6789181750609783
8f175dda24ee4d5ed157611f,2023-05-06,1,welterweight,0.5493792717345464
38e28862ab0d408ffcf40da9,2023-05-06,0,heavyweight,0.417625831179412
ac89ad183f32d054d164ee0c,2023-05-06,1,lightweight,0.5420696153303317
ef1bf09246b82fc675505721,2023-05-06,0,womens_strawweight,0.5776121593607655
b96182f98b3de52de631a16b,2023-05-06,0,middleweight,0.5759127229474537
2db72ca1fb0fdb7fffe3a93f,2023-05-06,1,light_heavyweight,0.5838903625804123
c5ebf8e79324e5939125f9ad,2023-05-06,1,welterweight,0.6388327815697374
3e2e956ecc31c21affc1243d,2023-05-06,0,featherweight,0.31684850068752674
023c4ee9d811ea4e3c8b11fa,2023-05-06,1,womens_strawweight,0.338826941484371
0675c46166735f4643081ce6,2023-05-06,0,featherweight,0.21106588667430098
3d3bc5c58bede42fd36c2efb,2023-05-06,0,middleweight,0.6310383455985102
73f39af8d610478efc1c33d2,2023-05-13,1,light_heavyweight,0.6053111417770682
7a5e52cdf64699c40ca7635d,2023-05-13,1,welterweight,0.5745505715401071
8ea417e09eac08a2ad3fe828,2023-05-13,0,light_heavyweight,0.3067062808429387
f4ebeab135e8d5bb06730df8,2023-05-13,1,catch_weight,0.28038402605216256
bcb161a3c9d9e2a50a8e2857,2023-05-13,0,welterweight,0.5842628536742817
74a34d39413c8f931bad1e28,2023-05-13,1,heavyweight,0.560552434279663
f166d8ac6a457943bfe528eb,2023-05-13,0,womens_bantamweight,0.5606962334336133
2d1948b604cc1d52072429d7,2023-05-13,0,womens_flyweight,0.5196385923101294
7eb37ee4f1b3f74a15b948a6,2023-05-13,0,heavyweight,0.32435056276220775
90d417de02b6d71ffa660d3f,2023-05-13,1,welterweight,0.40652258936026764
834f2fa194fc1425e6d5a51f,2023-05-13,0,welterweight,0.38658280712526566
9dea78b803a1d3cbffb84573,2023-05-20,0,welterweight,0.2871340240605466
d5f1029bfe5ae4808dbdeb8b,2023-05-20,1,lightweight,0.5673166132417257
583ed00e1a40f7bc24f0e7d7,2023-05-20,1,lightweight,0.644373257709237
a5c6f22d83c3a5cd1f37e6d1,2023-05-20,0,middleweight,0.49408790069604014
19550019194953c70877b46a,2023-05-20,1,catch_weight,0.6821653476029925
618b7b63848dfb28d9e75658,2023-05-20,1,heavyweight,0.5163822488255925
4dad1eec32d230346a567d14,2023-05-20,0,womens_strawweight,0.5140397466782652
f80948e2b2d88cf85d8f69c2,2023-05-20,0,womens_strawweight,0.37895854483352154
e14152d9d3bcd814f7a78595,2023-05-20,0,lightweight,0.44194288002393906
7a892f12809c158957f4222c,2023-05-20,0,womens_flyweight,0.16018602565700274
24d6f64dd1a9f4a00b60b172,2023-05-20,1,welterweight,0.4157213210055154
a9283fde7464f78285f35d4a,2023-05-20,1,welterweight,0.5092581066027982
8d2657059b80b7d256f63ce5,2023-06-03,0,welterweight,0.4879343003619289
c47c6d03bdb49b711c50f83c,2023-06-03,0,featherweight,0.4252394344070212
fbdb0f998a41190f2e544cb6,2023-06-03,1,heavyweight,0.5927680930020297
211bd8ca31ce0bf9f809f926,2023-06-03,0,bantamweight,0.6352011536543166
1f74546eab5290536943b881,2023-06-03,1,bantamweight,0.3682691704274506
43dc5779bee5d6e1feaf1211,2023-06-03,1,womens_strawweight,0.5917873904606726
b53d7181f6baa5828ee82925,2023-06-03,0,lightweight,0.6593143737869699
eb35eda2f8e562604a3a6587,2023-06-03,1,lightweight,0.7324600749398997
a2548db55f411224c2090a87,2023-06-03,1,bantamweight,0.5321663989209405
810ebf65cda6f08605d0dfb4,2023-06-03,1,flyweight,0.5976866376577978
ba64fa041a0a17289f7ec4aa,2023-06-03,0,womens_flyweight,0.40937270223592237
67fdbe55ae06879de2d3096b,2023-06-03,1,light_heavyweight,0.49979669121869796
e30468a3c5bcc4c5e6f074a6,2023-06-03,0,flyweight,0.43491126416105946
41b34cfef0a3c136d4b18cf6,2023-06-10,0,bantamweight,0.4649580502810232
2a7b20dea79359f48d7d2aed,2023-06-10,1,womens_bantamweight,0.7261438184445399
1f2ee3d9684f952d35509047,2023-06-10,1,lightweight,0.531193877965174
74a471c2a8c54c1c590e1255,2023-06-10,1,featherweight,0.619915414803859
dca56b74a39286560767984d,2023-06-10,0,flyweight,0.5518832817139497
fb60c604b16810077c6dce79,2023-06-10,1,womens_strawweight,0.4124788605845111
753ef8a86a13c56c70328743,2023-06-10,1,featherweight,0.3023985539407741
bfe91c9408462da03caada04,2023-06-10,0,middleweight,0.48902091037870243
f6498a4788e114791bbae90c,2023-06-10,0,welterweight,0.4020653318592593
0830f25bd926d3257e23b2ff,2023-06-10,0,womens_flyweight,0.6907860071565383
b5479c9894d56b527aaf98e8,2023-06-17,0,lightweight,0.17346599454095457
fa8e30b594409ffd405b94c7,2023-06-17,1,middleweight,0.5387834070700452
5de7511b539dc2f35627eeb4,2023-06-17,0,flyweight,0.490414432373129
1553628079b91961f98be03a,2023-06-17,1,flyweight,0.7318448942100888
1701803460c2492f8c88e6dc,2023-06-17,0,bantamweight,0.3838400940913187
5ea10d9b2508835213a7e16b,2023-06-17,1,lightweight,0.5869008927874022
1ae6f24c34066c35e05a0ac5,2023-06-17,0,middleweight,0.6328711948511256
71155f2f38de2cef21d41ad4,2023-06-17,0,welterweight,0.5855021502040958
4afc828e854d71a980a4da1f,2023-06-17,1,featherweight,0.4915967713059912
1dc63941f97c2b53d6e7944e,2023-06-17,0,womens_flyweight,0.4681964101353489
b835ef106ba0d320989caaa9,2023-06-17,0,light_heavyweight,0.5977713402481227
9738dbbd12c022ab8c0244f4,2023-06-24,1,womens_flyweight,0.43544781189767884
26d1929d5e6faf685d9524e4,2023-06-24,0,middleweight,0.4383773786022023
02caa0904488e97a0c57821e,2023-06-24,1,middleweight,0.33075064296241086
8538c8b918b1de21ed7edfdc,2023-06-24,0,featherweight,0.48111100305143173
0c4515b1fb214c21809f0083,2023-06-24,0,featherweight,0.5901792685676182
a6a76a7a7db7da77a11b5ecc,2023-06-24,1,featherweight,0.7492472712956135
0744f58285748a8258aff8bb,2023-06-24,1,lightweight,0.5297777954700271
86089570ccc769b26795cf5c,2023-06-24,0,welterweight,0.25779019193296565
34413a75b78402855b689235,2023-06-24,1,welterweight,0.6650907614335928
d63c07a027a8bfced274a3e8,2023-06-24,0,womens_strawweight,0.5330390393912106
355dde8fa8af4f55e7903345,2023-06-24,0,lightweight,0.6163667559737467
d903ae15997c5c3259527ac9,2023-06-24,0,flyweight,0.3305888073175127
c16d37110bfde910cc00a282,2023-07-01,0,heavyweight,0.3156392971745785
f0881ed5aee329899d5dbe32,2023-07-01,0,womens_flyweight,0.6122765803231606
ff5a4b29681042b715de7dd8,2023-07-01,1,middleweight,0.3645850158337585
66a014a3d695164cadb97344,2023-07-01,1,lightweight,0.7006411184453806
5a3fafcfe8cf52b7388b69c6,2023-07-01,1,lightweight,0.6144041098503503
031c91854eac829bdf2ffa2c,2023-07-01,1,lightweight,0.38249544974787797
40db9ab26d4cae9288a4883f,2023-07-01,0,womens_flyweight,0.45781122785916434
4ce7c778f23cd1bf4546e0ec,2023-07-01,0,featherweight,0.2974013830726444
2906ec3d58e436e5228c8dff,2023-07-01,0,welterweight,0.38207528270970803
36428584824bba6898b4824a,2023-07-01,1,welterweight,0.4035408841963289
44200bfac7f2a84fa9b3c2c3,2023-07-01,1,middleweight,0.4219936326873119
f2750b184214af53cd2d9552,2023-07-01,1,womens_featherweight,0.5787250366329182
bfd5cf090725753cb73a2027,2023-07-08,1,featherweight,0.6780264050073572
b7b4f20cf8dafb6a112ac7d0,2023-07-08,0,middleweight,0.35358759794133315
8391134e7f930a916e52ef20,2023-07-08,1,flyweight,0.3127565629727992
339bc6663a7f472154266feb,2023-07-08,1,bantamweight,0.6817784762261649
59f58c9c40c64fe1b8d474ff,2023-07-08,0,lightweight,0.5501763662378435
8b7bd39fd6c76d413400ef59,2023-07-08,0,light_heavyweight,0.5469570125501225
d05493e5cdd7938e02c6367f,2023-07-08,0,lightweight,0.5076561504691776
e724df897e9fa95b33128001,2023-07-08,1,welterweight,0.39725516855085363
243b01b43b4d154ee283edb4,2023-07-08,1,middleweight,0.5952443813862736
0580b939723798e97e523064,2023-07-08,1,flyweight,0.5777349361114308
3ee9d49d2883a76f0d0b3ebd,2023-07-08,1,catch_weight,0.7058902573351649
307078a8aaf55515debd7e4a,2023-07-08,0,light_heavyweight,0.47444321650917104
c040765e9cd22df2535af702,2023-07-08,1,womens_strawweight,0.4034643295691525
0e415addf4419c1bb7040995,2023-07-15,0,middleweight,0.38496841560193595
fae07c7909695a8de2670ea9,2023-07-15,1,lightweight,0.34259689556119177
95d5ccbd56f49fdaea7018e3,2023-07-15,0,womens_bantamweight,0.4130271626288529
570ed242ca21c62fa3a6e0bd,2023-07-15,0,featherweight,0.5015075122682479
5fb55152ac40582efdac2338,2023-07-15,0,lightweight,0.5439876679999629
dc8c54b14e642c0f7dcc5d7f,2023-07-15,1,welterweight,0.7229958851628913
d5acd4b37d67e89519b6bd83,2023-07-15,1,lightweight,0.36354445034340477
59e240a1926ab9668d4ea114,2023-07-15,0,womens_featherweight,0.3443874315906085
20480c79595fbb7397cbcdad,2023-07-15,0,lightweight,0.540491554550732
0504e93f7602bdaadee9e83e,2023-07-15,1,featherweight,0.6164396836002514
c66bd437648ce6c9d36fffd1,2023-07-15,0,flyweight,0.5869785037276265
aee881a6e3b66ff815a14b4e,2023-07-15,0,womens_strawweight,0.47530768931021417
37dbd1517fc350dfdb82fe5e,2023-07-22,0,lightweight,0.6089928885285747
2086564bb6d1a17b69d9594a,2023-07-22,1,welterweight,0.33630477238354306
85cc199fb2cc71d7610b426a,2023-07-22,1,bantamweight,0.43346494628744114
d374ad54876bdc9ab00d188f,2023-07-22,1,flyweight,0.6418441909450472
f287ecd9b1b2b7e5886818fe,2023-07-22,1,lightweight,0.7720198623036506
5e03556ac21059d5540468b2,2023-07-22,0,womens_bantamweight,0.42366662961278684
88f4cf3ed1e8dc3bee9e78de,2023-07-22,0,featherweight,0.5175380105325984
f684f924db9762a5a24943d1,2023-07-22,1,middleweight,0.5215613187378227
07930a4698e812e3c33400df,2023-07-22,0,lightweight,0.47469517168614683
dc10ede4fff61150475f025f,2023-07-22,1,heavyweight,0.2762780899446435
1e5aadefe4f8b514331f7df1,2023-07-22,0,womens_flyweight,0.6147059127332929
be6f6a66dd1475a253d21e8f,2023-07-22,1,featherweight,0.5991052824879459
cdab172520a4c2a4e3be3200,2023-07-22,0,middleweight,0.7244347806967246
b6deee15173724b04f140ec9,2023-07-22,0,womens_strawweight,0.5146004417137037
8dbb536f8d8d18684dece8d9,2023-07-22,1,heavyweight,0.7050119408592909
cf7ebf33fc2afed4809e7db8,2023-07-29,0,flyweight,0.45118272124368997
4e8cbb73bf869a8da3d7deaa,2023-07-29,0,heavyweight,0.5153068167358112
2a07f8ea0b27887c995f15a1,2023-07-29,0,lightweight,0.5762264085951072
f1f93d9da3d77601ddc068c8,2023-07-29,0,welterweight,0.6001606896211721
7cfdf3b2768432a51473f253,2023-07-29,1,welterweight,0.7134630525025011
73c5255ed61178a04a589d37,2023-07-29,0,light_heavyweight,0.40749270501018886
542062f841901da309fd39d0,2023-07-29,1,welterweight,0.4179036733775552
1441ccf352df4b05c9a83aea,2023-07-29,1,welterweight,0.5399716046777239
c7180a83d72402d7608bdceb,2023-07-29,1,womens_flyweight,0.7838399571724378
3a32c6a5cc5a1fd46bea3e47,2023-07-29,1,middleweight,0.5732893368571949
7bb394fbae44e1da0cd5bca3,2023-07-29,0,lightweight,0.35329924373679905
282fb397e104dd45c570b28a,2023-08-05,0,featherweight,0.49653422889899823
b787cf6c2fa2ed8c9e195150,2023-08-05,0,flyweight,0.3564800552498967
6560f72e1b1c9b8138574df6,2023-08-05,0,catch_weight,0.35994990108139024
f94e4cad52bf9a6b2f38df61,2023-08-05,1,featherweight,0.5479035825379264
ce84563cfe04a65b5b76020c,2023-08-05,0,light_heavyweight,0.5343398954319719
0473c7065872a7d67606359f,2023-08-05,0,lightweight,0.6469798673521752
268d66a04a0a2276ada61537,2023-08-05,0,welterweight,0.6382602343328123
d6ee9a0d0b602cdfb29a682a,2023-08-05,1,womens_strawweight,0.6067477284964189
d51412c5c86ef83705f9476f,2023-08-05,1,bantamweight,0.7137410624696541
bb3b63715b62f6b0e4f65950,2023-08-05,1,flyweight,0.48536693033526307
358d2e14d9541e87802ef07a,2023-08-05,0,featherweight,0.46135114551327044
8a9f408c675d89c45391bc0c,2023-08-05,0,light_heavyweight,0.4868014615645483
cc0dfcba2a9a1a686e41e380,2023-08-12,0,middleweight,0.587243089777286
21b8a0738ac50baebd05d9ac,2023-08-12,0,featherweight,0.6849972257185825
b0a0a0e4e665e9f2ee272956,2023-08-12,0,bantamweight,0.38872698536409744
56c51c3acfc72d7fc859ad42,2023-08-12,1,featherweight,0.38407500924100185
f83ebe6bf664c143f114ee24,2023-08-12,0,womens_strawweight,0.5459774252682706
cae33a4c01f60ea5bc1c2a9a,2023-08-12,0,middleweight,0.42984016466256714
d7b541461594eecc66b90080,2023-08-12,1,heavyweight,0.5727829025605462
21dc27ee66f98446e047ad70,2023-08-12,1,bantamweight,0.5871614093358378
6f0ec3612994e967fb90e063,2023-08-12,0,womens_flyweight,0.5492499791148368
e18d45083a7c265a8622e262,2023-08-12,0,light_heavyweight,0.6597738925395062
c9c58ef3f78b8a1983f75960,2023-08-12,1,womens_strawweight,0.5446803342908316
a6d4278c3e85ccf981d560d7,2023-08-12,1,lightweight,0.7804563325849674
fe4d9885f4576d7ab9015c10,2023-08-12,0,welterweight,0.47275862975636657
471c5569daaa1a004351935d,2023-08-19,0,bantamweight,0.5416138797807462
0b46edbdd82ecaaa8339d80a,2023-08-19,0,middleweight,0.3500532009879254
34b4caec2c3e9c8cc351c602,2023-08-19,1,womens_flyweight,0.6328626372986255
2defed33fd46d631e90ba986,2023-08-19,0,bantamweight,0.4770605803149091
e1c4b3bb77a1f665d7e9edb8,2023-08-19,1,middleweight,0.5179085388296809
f77e8217af476c8d76c17de8,2023-08-19,1,bantamweight,0.6360426438452904
5e2db79a3a1ad7fa4a047658,2023-08-19,0,middleweight,0.290850857215758
6146e55c7547bad0f4598567,2023-08-19,1,womens_flyweight,0.6156320580666994
44a0ede1f5c3febcd8158c1b,2023-08-19,1,lightweight,0.25784005016826284
6a9d8431526f7e7ae3505c22,2023-08-19,0,bantamweight,0.3701678302499244
f59c117ae7cabc52d4b52159,2023-08-19,0,welterweight,0.5842971587626044
acbef5f5bc43c180f987011c,2023-08-19,0,womens_strawweight,0.4071424072673692
46011dba71434bf36e3c4864,2023-08-26,0,light_heavyweight,0.6254911249434523
7a36e5dab09fb0e3a32fff3f,2023-08-26,1,welterweight,0.5160002288488897
bff6b688a0748a0496dde666,2023-08-26,1,middleweight,0.604799909687989
31b7a66eb42b8c36524c3ab3,2023-08-26,1,womens_flyweight,0.6557257445872063
dd4024c9c91e5afd2d978e95,2023-08-26,1,featherweight,0.5604984744390169
f0e0f24c2d6eded73e540e2d,2023-08-26,1,heavyweight,0.581636466872438
f3ff547fc056f0ae57dcdd5c,2023-08-26,1,womens_flyweight,0.7193710013045693
afe662b987c151d703cd1acb,2023-08-26,1,featherweight,0.683687345812628
ac6f2e63fe39b2f0a273ae19,2023-08-26,1,bantamweight,0.5296275754353199
baae93ffbdc1bf0262cee6e1,2023-08-26,1,featherweight,0.5263778126101029
99ab297a031513ce93f1576f,2023-08-26,1,welterweight,0.3407844204913882
32ae1bb3fc496ea9626ce862,2023-08-26,1,bantamweight,0.5520230009008011
1fe545c4e1dfc5237a9e4748,2023-08-26,0,heavyweight,0.4043301180761123
ffa7455c3e5ede174ad4112d,2023-09-02,1,welterweight,0.5897716214977989
6d0f7ada6c998fb0eaf089de,2023-09-02,0,lightweight,0.4673274949160743
fd33be38cb0d1d4d0f6bca6f,2023-09-02,1,heavyweight,0.6255617110721069
6bd93fadde24f7c7a79345fe,2023-09-02,0,bantamweight,0.4308663394133864
65293a8e2961fadaeef4cf65,2023-09-02,1,womens_flyweight,0.4861483704159345
2d1078d0507597c4e604903a,2023-09-02,0,featherweight,0.506881206238502
a4d79f54aeee4768f37396e2,2023-09-02,0,womens_bantamweight,0.6180263557720458
44fbb5a2110d15b720a9751d,2023-09-02,1,bantamweight,0.6412746234502361
555e57ac84583be4ae725a15,2023-09-02,1,light_heavyweight,0.6678089811896296
21efe4021b701a3f681a8c10,2023-09-02,0,featherweight,0.22936856436633535
6e1227e9009e6929393b1fee,2023-09-02,1,catch_weight,0.5839678751660715
011b9746ab115630dd02c0fb,2023-09-09,0,welterweight,0.46247601802921817
b21089f4d62b3730b34a4346,2023-09-09,0,light_heavyweight,0.3149273432439329
1b6d13bce1996a9787f00657,2023-09-09,0,middleweight,0.4883488490653224
b2b23742f60158de1d1c5c14,2023-09-09,1,featherweight,0.5284544781425811
b8118cbf106d813928e0b82a,2023-09-09,0,lightweight,0.3550690321244217
27e9d3412a74a9570b14c3f3,2023-09-09,1,heavyweight,0.6010942346124645
16064fb85fa34316d72d9e6c,2023-09-09,0,welterweight,0.5063301891180496
f84f38efd0c68a4d11911324,2023-09-09,0,flyweight,0.29295731170180606
a0cc78d39dbec7a5ce6e1bd4,2023-09-09,0,lightweight,0.3034931460743693
ed8e3c472972a277f73c443c,2023-09-09,1,featherweight,0.3880184125529145
b04e6f3b3710a8911531f136,2023-09-09,1,heavyweight,0.6904213885391319
16cede3f450ae715871ef8c3,2023-09-09,1,light_heavyweight,0.5077254402785581
ead4ef0da3ceb9dbd827dd4b,2023-09-16,0,lightweight,0.5112529070968447
c8cfe9c5b42f5b7ceda34093,2023-09-16,1,lightweight,0.38352076457313855
f0c6e7a442001e286c22093f,2023-09-16,0,featherweight,0.5431644104822252
eaa1d742167744bbb2317e5f,2023-09-16,1,womens_strawweight,0.5112295420160489
399469f15d7034c6b5c5aa4c,2023-09-16,1,welterweight,0.5507237149747882
2d4c42ccd0419f0034998f5b,2023-09-16,1,womens_strawweight,0.6780628752251152
8e05c99e0cfb203d446ab29e,2023-09-16,0,bantamweight,0.41318993027725676
281de41fa325e8017e097798,2023-09-16,0,middleweight,0.322490682378242
568b5c62f6997dbaa49f2d78,2023-09-16,0,womens_flyweight,0.38153220635846874
a8d577f3a15db8e801f72cab,2023-09-23,1,welterweight,0.5703965168013951
cd56e5717d0aecb3365e555b,2023-09-23,1,featherweight,0.6007132394425909
978e40854ce586ab5015d89f,2023-09-23,0,middleweight,0.638255527856693
e705c6274e273eb488346925,2023-09-23,1,womens_strawweight,0.6422456685304567
5f67fcb6ff0330a07c25670c,2023-09-23,0,womens_strawweight,0.49002176187999663
534e4ba8dcf5d6b12163bd43,2023-09-23,1,heavyweight,0.4849722898071567
ef95cdf14de0f6f13da1c922,2023-09-23,1,lightweight,0.6209068296583621
23bb45e27781d3fef56a8d5c,2023-09-23,1,featherweight,0.48251613905654717
abd474deac0d6aaec693b319,2023-09-23,0,womens_bantamweight,0.5027831490002324
afad3865935211f104c76cb6,2023-09-23,0,welterweight,0.294973096448508
24613e52b4d9b4373f4e4226,2023-10-07,1,welterweight,0.5912527744827899
e808ac354fb383fa280dda7a,2023-10-07,1,featherweight,0.43063358537146623
c2fc0ceaf543ba31b0c8a9dd,2023-10-07,1,bantamweight,0.4657794474977639
1e86a983200de4386d6df19e,2023-10-07,0,lightweight,0.4010493258514901
80a2c51a131f7e11f83c99c2,2023-10-07,1,lightweight,0.30324386176011425
b0fd3639ae3acd8f3c7f83a6,2023-10-07,0,middleweight,0.31081834785305223
fe10b939cf29ddef67d106d5,2023-10-07,1,womens_strawweight,0.5143929454275209
da52ce077dfbc710eeee7d80,2023-10-07,1,womens_flyweight,0.5121841965946831
5d96dab1b32c072c721a3140,2023-10-07,0,flyweight,0.44694435455412895
3b2b6f588f233752d4106bfe,2023-10-07,0,womens_strawweight,0.6016953420699073
af737fed0b9b7d7e97b45800,2023-10-14,1,middleweight,0.518440260380819
fe5a4702ff9ab44d8fd9a270,2023-10-14,1,womens_strawweight,0.519224996364123
9f46ec6a1c5898a3f4218fa9,2023-10-14,1,bantamweight,0.6720275028451402
bc494225f9e8733daace3b08,2023-10-14,0,bantamweight,0.501482974603451
f9055a3cf35dd1b47246db50,2023-10-14,0,featherweight,0.6866486512107729
d140971eb1e02bcc7e160759,2023-10-14,0,womens_bantamweight,0.6493252511597272
846b585d86cb8c9a7c662345,2023-10-14,0,womens_flyweight,0.5536784523954306
71152a346f5435274991f699,2023-10-14,1,bantamweight,0.6612968800142667
a60d64e4d57ac341a707429b,2023-10-14,0,featherweight,0.7565420431091665
e9b3649cbac6fea997127d09,2023-10-14,1,womens_bantamweight,0.5966641884248056
6eb8e73eeedd0a4d4f090e59,2023-10-14,1,lightweight,0.6565613424832936
daa19bc1073e4de488b93099,2023-10-21,0,middleweight,0.36774071340370723
bd5197ce9e21f062e91cfdcc,2023-10-21,0,middleweight,0.41987552780647586
29ca6c04a5121ff6b3aead16,2023-10-21,0,lightweight,0.47679008313664106
53f58a616f1f98162f59d9a1,2023-10-21,0,middleweight,0.5417501449623338
259473adab67fa6d9c216e30,2023-10-21,0,lightweight,0.6862778262969975
e7ce0cf4e2292cc04f227813,2023-10-21,0,lightweight,0.42936407206975025
a12daf4c80637768db6e3c5a,2023-10-21,1,featherweight,0.33921062813844105
28eb240747f515de3836fdbf,2023-10-21,1,bantamweight,0.6851539399550919
f0516b939f36ebafdf81ca17,2023-10-21,1,middleweight,0.4044470158487944
62d3a5771d6b10f0089a8f81,2023-10-21,0,flyweight,0.31132588988583126
757ba2eafdc177b61032db32,2023-10-21,0,womens_strawweight,0.3061255627558702
04563713f288927086d00dc8,2023-11-04,0,womens_strawweight,0.48336766672462655
4dc323525ec4fe6a1902471c,2023-11-04,0,middleweight,0.3446002408199452
7a0160ef91b1c3b2e386696c,2023-11-04,0,womens_strawweight,0.3961465878347097
63065d8129b0cd4edb422521,2023-11-04,1,catch_weight,0.6467432561579904
1c5a8fa50a02c5f7237e7096,2023-11-04,1,welterweight,0.41576228716095326
74447d459909b91d8cbc210f,2023-11-04,1,heavyweight,0.6400978620120199
c7d24b653dac82db9b54ce3f,2023-11-04,0,lightweight,0.33280108724608715
df9a143b6b0fd7913bb8edfc,2023-11-04,0,heavyweight,0.39138444852571275
de2c9e0a9b1e5ca7f500117c,2023-11-04,0,light_heavyweight,0.3972449261131415
d15dd8dad27d3ee24d69ac60,2023-11-11,1,featherweight,0.5442945775517064
afa38907d741913db5a7be3e,2023-11-11,0,featherweight,0.5575179587809123
8a2b05dae46c16a168a3e654,2023-11-11,0,lightweight,0.4109875070512265
496a2700b89769900984608d,2023-11-11,1,womens_strawweight,0.5907396444977444
8d6e2b7b8b22ac6ba0a22969,2023-11-11,0,light_heavyweight,0.42538855835526396
e8561543ae98872e901f6879,2023-11-11,1,catch_weight,0.39892946006922786
833524b44b22bd3208f2fbd3,2023-11-11,1,flyweight,0.6034284057327886
d20739f6f7bd77ea12be13e0,2023-11-11,0,lightweight,0.2869449398204722
144baece3f6aa1688e288975,2023-11-11,0,lightweight,0.44212256609137945
e7b64eb7fc4775216b389738,2023-11-11,1,heavyweight,0.47761120342336116
177541d6f63823d585239290,2023-11-11,0,flyweight,0.4847942157990601
f41b81824fdcc42b9e4d0405,2023-11-11,0,womens_strawweight,0.500619961009329
f2df0f0bae9607c1cf534447,2023-11-18,1,middleweight,0.6891653166789963
d364f1a7af8353a6a5bb476f,2023-11-18,0,bantamweight,0.5765703184486151
00e7ffbaf4344527093873a4,2023-11-18,1,flyweight,0.5603781355824442
459984a71320f6181b1f6a92,2023-11-18,0,lightweight,0.6322059096340266
cac245615a9748a0186e36ce,2023-11-18,0,middleweight,0.38154709806082804
8e520f2d4e402e4c08eac42a,2023-11-18,0,featherweight,0.6314035427525156
19a60d3bb692f7fab1aa0998,2023-11-18,1,featherweight,0.37612579829408355
5d678692a9535ae7a7113d36,2023-11-18,1,womens_strawweight,0.6734925795662667
e5dbe1f65469011be90331f1,2023-11-18,0,womens_bantamweight,0.28490487272479714
0814c6241270848832ee1c95,2023-11-18,1,welterweight,0.3709228655711253
d7d1847897d6db266f12f753,2023-11-18,1,heavyweight,0.6633505673170682
ded733c1abeb30eef94d0f74,2023-11-18,0,bantamweight,0.4565960634834329
d8489abaf1802fa3a1021b7f,2023-11-18,0,welterweight,0.6080605526678614
3244052f0a3815145fdd8188,2023-12-02,1,lightweight,0.6639955710805093
29c71d1b4084e31abd61e31c,2023-12-02,1,lightweight,0.5197653504812332
266fe16c8f3e3b75a7f4c4a3,2023-12-02,1,lightweight,0.3847071366683065
577f775be78964896ac1a903,2023-12-02,1,lightweight,0.49070871668535426
aa55d74034f3a3481fb4d6d8,2023-12-02,0,womens_bantamweight,0.5328800723080432
6a65ab2dbc5dee6257dc9595,2023-12-02,0,middleweight,0.5482676630550601
ae90c163fbadc8e692614a68,2023-12-02,1,bantamweight,0.5453808821257197
d9ba19f4c35501b7970cbdd2,2023-12-02,0,light_heavyweight,0.569302645998317
485be0671ebd8c05327115aa,2023-12-02,0,welterweight,0.33569156770633074
d0150e31146bd1f6c53d9109,2023-12-02,1,womens_flyweight,0.3886439999081312
71220001b252fdbf72418ec3,2023-12-02,0,welterweight,0.6788801261276436
9fc28e3dc009b827883edd97,2023-12-02,0,middleweight,0.3792645484746301
aef3796599ba902b135e1a2e,2023-12-09,1,light_heavyweight,0.43550261914203436
5b76e797c4ffb48b61410c9d,2023-12-09,1,flyweight,0.6942609861426214
1466c10bcdb2f1b0a1352dec,2023-12-09,1,middleweight,0.4753598876384601
55082c328945d276153798e0,2023-12-09,0,womens_bantamweight,0.27243122208399295
0a60ebc269e85bff31e989ed,2023-12-09,1,lightweight,0.4861677120464219
23ae5ee3a2a189aeb6fad511,2023-12-09,0,womens_strawweight,0.5112295420160489
aaea90999d2c2c9ef107ce94,2023-12-09,1,welterweight,0.5486454287923965
e4f499527d31d66c982fd653,2023-12-09,1,bantamweight,0.5822498794508203
1717f90d2160832604d7a78d,2023-12-09,1,lightweight,0.4964408921865593
adb8d33c46026c9bd9e6fbca,2023-12-09,0,flyweight,0.34455320529824424
f02ef45176d4af0219dabfa5,2023-12-09,1,bantamweight,0.364427441539971
280a428b31e2aef693a0f9f4,2023-12-16,0,flyweight,0.5144876710645315
d3365e6d3be6de5629a2c7a8,2023-12-16,0,light_heavyweight,0.5684105505784559
d577b5cf3001b917a08711f8,2023-12-16,0,featherweight,0.411971979592765
39fc49a6ebd402e80c2483c6,2023-12-16,1,womens_flyweight,0.31050948173712417
1330b89f70ea839717128850,2023-12-16,0,bantamweight,0.32567865531619294
058ef2585a4f17f0e5ad91cf,2023-12-16,1,womens_bantamweight,0.4463604246454229
f34bd1f41290f9fed4eb494a,2023-12-16,0,featherweight,0.7458080295546434
687a5fbe17d8dbd9d362aad4,2023-12-16,0,welterweight,0.36265085844600053
bb649a9711cf49795b3c4110,2023-12-16,1,heavyweight,0.33094050360777266
8b6069a7a68e296dabf0a2b7,2023-12-16,1,welterweight,0.8197791703414813
0248f733a0a79ce27869d3bb,2023-12-16,1,flyweight,0.3803816921013333
ebe757e2d75707e5c685fa5c,2023-12-16,1,lightweight,0.5047969774268446
350855927478bdd1e949d40c,2024-01-13,1,heavyweight,0.7081673064371254
3429305b9c7c09859dea585b,2024-01-13,1,bantamweight,0.46162770601117614
3a6a6b413fb74d30cc7ca422,2024-01-13,0,lightweight,0.5295621638420557
428a69abf162f2b9b7b4fc5d,2024-01-13,1,flyweight,0.5859333433902457
25198c09b99dc5ef33baad00,2024-01-13,0,light_heavyweight,0.38637765215838404
4a93776243956f8fbb398bfd,2024-01-13,1,bantamweight,0.5770994654889433
406ffce8282d87e7c9405a2e,2024-01-13,1,welterweight,0.4284205191896503
811e412052d3c3ce36862e6e,2024-01-13,0,lightweight,0.6031471550323007
8cc7da19086c6ed2e0367e37,2024-01-13,0,middleweight,0.5834743871244192
8fe948f0238e3128d28de6c2,2024-01-13,1,bantamweight,0.4853141952687857
5d13c41cb62ff0921715726b,2024-01-13,0,featherweight,0.4238344415874597
b7feb4f5c53ec81135796ed1,2024-01-20,0,featherweight,0.4402981029863439
19f5549fd17592807a27b146,2024-01-20,1,bantamweight,0.5489339389469795
89c2b506cd80a961358c0aa7,2024-01-20,0,featherweight,0.5728741872149328
2cfc07cf6675811da4dccda6,2024-01-20,0,middleweight,0.5226844112131994
dc907d383820e288b4e21f7a,2024-01-20,0,womens_strawweight,0.33765347242753996
381492d3d739b74de7beeaf8,2024-01-20,0,womens_bantamweight,0.2794495495739149
1885c2392f3fc4e13cca8970,2024-01-20,1,flyweight,0.33807006270040785
d03ee612207eed674bede235,2024-01-20,1,welterweight,0.5238675873826744
b714ef8d91fff6b78df25c03,2024-01-20,1,womens_bantamweight,0.6455732339480955
8101ef269b3e43cfcb139bb0,2024-01-20,1,middleweight,0.6451918271734572
cfab9e2259fc0aaa894fea97,2024-01-20,0,bantamweight,0.48614072257132074
c5a68290631162d0cceb4de3,2024-01-20,0,welterweight,0.6617288039760876
585b9503d7555c070c210fc6,2024-02-03,1,flyweight,0.45270250109320964
cdc0b8fe8eb1f4398afe4cc1,2024-02-03,0,welterweight,0.5243013894065995
cccf589a0c312106aced03f1,2024-02-03,1,featherweight,0.5369329334636816
124fdf48a7e58167e2406acb,2024-02-03,0,lightweight,0.5419058998942237
c1f1986c9747f9c480a9e997,2024-02-03,1,womens_flyweight,0.5736922841329753
130b5f385e434a6ead40c900,2024-02-03,0,womens_strawweight,0.45012520849346815
68a976bdb4c4755bf10643db,2024-02-03,1,welterweight,0.6048451821949206
eff5e97ace834c6b6a4814ac,2024-02-03,0,lightweight,0.42918853885930436
83bf424cee3106fb1c1d003d,2024-02-03,0,middleweight,0.36981899729800777
6b6316141f41f8571d3e4388,2024-02-03,0,welterweight,0.42767830986842115
06ebbfece8ed6f916f1b9909,2024-02-03,0,heavyweight,0.4379902848572209
5cab68e112cbb2a3111df0ad,2024-02-03,0,womens_flyweight,0.31639293786516454
85b8c9276ba604cad81ebac2,2024-02-10,0,lightweight,0.48614072257132074
65d8d6420f1e0a4aa05a178e,2024-02-10,1,middleweight,0.5496505883408449
13eedeaf133943571e8e2adc,2024-02-10,0,featherweight,0.3599249111045991
19838dda64baf51b952b953c,2024-02-10,1,light_heavyweight,0.3747657326695298
c4b6f3ca9c43308740153a7a,2024-02-10,1,featherweight,0.42727539787003693
989b72f7d9fce65b937a2210,2024-02-10,0,middleweight,0.602493068823471
a289673832251cad582de635,2024-02-10,1,womens_strawweight,0.6556467982476951
ea3d25224fa0cf859531451b,2024-02-10,1,welterweight,0.32469653628801964
f7537c194a0a6dedbc510eba,2024-02-10,0,lightweight,0.7209295696629998
d7d8b7e2b293904ac1b5bb78,2024-02-10,1,middleweight,0.44042138905846945
598ce164fdf6415d56e7b795,2024-02-10,1,middleweight,0.41638394189341604
df6544316c136ebbbcf87b85,2024-02-10,0,welterweight,0.6093097131477706
4dc722c27e4030e3d16b4ca4,2024-02-10,1,light_heavyweight,0.3177963306588441
d7234fe2bf746ee2cf907640,2024-02-17,1,featherweight,0.5795684067014621
3d95040539382b0778d86880,2024-02-17,0,womens_strawweight,0.6369734863867887
0859c039546455918d4e00a0,2024-02-17,1,womens_flyweight,0.5388414502423375
8cf95c9b6a93f3379fba3bae,2024-02-17,0,middleweight,0.42688472567752467
91d92f1b9028820948735ff2,2024-02-17,1,welterweight,0.6140974311580272
1f1e004761793697bfdb3d25,2024-02-17,0,welterweight,0.5148551964473708
bd35b700e291f4438a1ed771,2024-02-17,1,heavyweight,0.41740665496224605
75d36ecf8a8355375bbfeb39,2024-02-17,1,bantamweight,0.6907747336089336
c54d754afa6119eaf55ba682,2024-02-17,0,welterweight,0.3912880988194958
9c356ca4e2c4a13e56153ea6,2024-02-17,0,bantamweight,0.24992550662438373
beebd8ffc5c9b908e7bffd97,2024-02-17,1,middleweight,0.6786572506895148
a4563fbab7ae7cde62a6e539,2024-02-17,1,light_heavyweight,0.5005882501917154
c64700ee2cdf4b4f8a2a3263,2024-02-24,0,flyweight,0.6993064932601385
209209db725130787eba0ee0,2024-02-24,1,lightweight,0.5595252617696358
89ef0f8da85fc4f1f608a06a,2024-02-24,1,bantamweight,0.6233330178157128
7595efdbddc1226c02f629f3,2024-02-24,1,lightweight,0.49309001129942087
a58a8dd2b764d7c4cab9ab8b,2024-02-24,1,flyweight,0.5867795037971499
984871628d68f0d92bd4ef99,2024-02-24,0,featherweight,0.30741733298649365
f7770d17020ec11ef8b11097,2024-02-24,1,flyweight,0.47330415380887053
042a708e7b9fa3844e0e11d6,2024-02-24,0,lightweight,0.605984665402793
4c3292e39be0121f3ea756dc,2024-02-24,0,flyweight,0.440776239209831
a92624583dd834ec8eb0b001,2024-02-24,0,flyweight,0.6016299582281153
044f7e8edbbc1ee181fc4391,2024-02-24,0,featherweight,0.6845073192575972
3b255e4692d41230aa1120e1,2024-02-24,1,womens_strawweight,0.4211369605404046
2a399975bd1e1b0dd0a23723,2024-03-02,0,lightweight,0.37267247592759595
f221e836ceb8c4fade1a00bf,2024-03-02,1,bantamweight,0.3159341866524297
5241c9c4ed74e9f71dec32a6,2024-03-02,1,flyweight,0.5108579994434352
8b878472b607640f653aabf8,2024-03-02,0,middleweight,0.4074576906665519
b8ab408b0ad3705153c60d6a,2024-03-02,0,middleweight,0.4125085024746816
462aef659d2f1c9db0a805c7,2024-03-02,1,heavyweight,0.2946676758450112
f6e2ffe4c9ca47e91797a8a2,2024-03-02,0,lightweight,0.29242180578099464
f975335e1c3c676390ad01b8,2024-03-02,1,flyweight,0.6983435116677955
a5ac42ab85f1ef67611fe071,2024-03-02,1,bantamweight,0.7805022821481031
95e0c040d06438ee57ea9376,2024-03-02,0,bantamweight,0.596869120523216
63de167ce405377f2aba39c8,2024-03-02,0,light_heavyweight,0.36325787314936403
767e0cd4fd92f89fa41fb0e6,2024-03-09,1,flyweight,0.6355839395000774
941a479df441789cc3533fb8,2024-03-09,0,heavyweight,0.4582990682374692
3bad79d24f4c8195f5e17845,2024-03-09,1,lightweight,0.5305441028612279
bdcfbf088a7d3f37af559860,2024-03-09,1,welterweight,0.6784946342730221
46bace0825d59702c71e7f9b,2024-03-09,0,light_heavyweight,0.6422372341427095
a0db913c10b186b2f2ee92b0,2024-03-09,0,womens_flyweight,0.4616130058466517
774a7e588c92b3603e13fb0e,2024-03-09,1,womens_flyweight,0.6194397089735612
58d4e6da9340c1453dd0eaae,2024-03-09,1,welterweight,0.2816793462297763
b17b04c1d8f0105c850933f0,2024-03-09,0,lightweight,0.30364570077899156
e1e51b91402d9d330f72e381,2024-03-09,1,middleweight,0.7076716293159004
29acf84fdc389a3d05e38869,2024-03-09,0,bantamweight,0.2481859349339009
6500ffecb08cd5920b6bb95a,2024-03-09,0,bantamweight,0.5732318483063079
ecc485a069e20e0452aa83f8,2024-03-09,0,heavyweight,0.42266491788255733
8d28cf9448610499fb45e428,2024-03-09,0,bantamweight,0.2769849113899665
1c78c76a645637092d543c74,2024-03-16,1,bantamweight,0.4636456841744685
2975ba8effb59bf63f531ccf,2024-03-16,1,featherweight,0.35242889967740804
2c547056bb11b7e5cf58a477,2024-03-16,1,middleweight,0.529029375699322
cd990f7b7b3c638cf7fb4af1,2024-03-16,1,flyweight,0.6367500890739983
2701e3a1ca5507745c3e167a,2024-03-16,0,womens_strawweight,0.4258243070415622
7b8f73546b25caae9d8e0963,2024-03-16,0,featherweight,0.6039829778320247
572aef4284a35d97b7e5b806,2024-03-16,1,womens_bantamweight,0.433795634845983
d30caf84e805ba31ea467699,2024-03-16,0,lightweight,0.3811465989724355
50d49221d2d8e912a0449b06,2024-03-16,0,light_heavyweight,0.7706187760324029
1ede5ade9dccb1619dcef669,2024-03-16,0,womens_bantamweight,0.4588682218250328
35d276b0d655b5762a4adfa2,2024-03-16,1,heavyweight,0.5501238757503306
0a9b856652e4e6e97855080b,2024-03-16,1,lightweight,0.5967271132740635
a64c19e40b1495a3c1956bbb,2024-03-23,0,womens_flyweight,0.48882043925420593
5cdaf1aa145a0b5f1417f8a9,2024-03-23,0,featherweight,0.5551299201979832
ffd41253362852c43cf12750,2024-03-23,0,middleweight,0.36136488539964184
a22b995a041336cd2e7b1b71,2024-03-23,1,featherweight,0.5368596899869313
8e06fccd7bb02182d006203e,2024-03-23,1,flyweight,0.48614072257132074
faf2cb29b1f6abbd8713bb97,2024-03-23,1,featherweight,0.4017016770976781
b48bb5914daa78dc914fc244,2024-03-23,0,heavyweight,0.34710760759129133
2d258da0acd9ef5e460e76cc,2024-03-23,1,lightweight,0.5483876243032889
9df5f995b3d922bcb3086b07,2024-03-23,1,bantamweight,0.6836735816686778
45b6c75025a22a83394120db,2024-03-23,0,heavyweight,0.3905358901571797
fd45d43912f2632e09d27c20,2024-03-23,1,womens_bantamweight,0.3131178774355958
071ec632559eee88583d16b0,2024-03-23,0,bantamweight,0.522957111427521
da9b12ab4d26fdc65b8ea77a,2024-03-23,1,featherweight,0.33522350500621434
8f4cffa9eab92b6b02b0d908,2024-03-30,1,middleweight,0.5363039128858057
597cf1aa8126498a52c75a08,2024-03-30,1,bantamweight,0.5142190790842351
806b9b05325b02e265c3a0fd,2024-03-30,0,featherweight,0.5659014628562471
c9a059ab5fe63b169ad893f5,2024-03-30,1,welterweight,0.5925387621416094
c42216542c36faee591ca558,2024-03-30,0,middleweight,0.47506774165031895
1165451188dbec47a064b95c,2024-03-30,0,featherweight,0.4832359820173696
dd594ad901b92c946c85ba83,2024-03-30,0,womens_flyweight,0.6150297133682616
bfe4cbeeec90491f6582a54c,2024-03-30,0,light_heavyweight,0.3957001815659812
eb04b76ac189631bafe863ef,2024-03-30,1,featherweight,0.7226495679567327
390a29759a09a018f278d78e,2024-03-30,0,featherweight,0.5417499312114376
8e19439b96eaeed402465002,2024-03-30,0,middleweight,0.4127150224519649
dde5cb51c199688c1b7fbf18,2024-03-30,1,welterweight,0.5362329258570767
66b4a5d77d71117aeeb34de4,2024-03-30,0,womens_strawweight,0.6730965610864288
11fb6fbb886f244ae864e58a,2024-04-06,1,featherweight,0.4635349307098029
8231f0e6b0b5bafc0c8468e8,2024-04-06,0,middleweight,0.2908396701739617
f2db18a4c054f0e037b11cc2,2024-04-06,1,welterweight,0.5592666451084464
71daf3f66499f6c8d84b8ff1,2024-04-06,0,bantamweight,0.6172672575635935
74a163474a8c0f8e7e0f8528,2024-04-06,1,middleweight,0.4843419249901679
75905fdb791eefe74e05107b,2024-04-06,1,lightweight,0.6902128863562933
736a7a3bbb975eced403288a,2024-04-06,1,womens_bantamweight,0.47772628413500134
87408b8645e7a31b6cdbbf32,2024-04-06,1,featherweight,0.5867776945989942
4ab9a0d319271e6464c41d4f,2024-04-06,1,womens_bantamweight,0.6351684556336588
741737d64bcf1c7e2c9ab9a2,2024-04-06,1,bantamweight,0.48614072257132074
44b8b16421d3b8ca5e361743,2024-04-06,0,lightweight,0.40293683964185634
fdb4e67476bc87811762511d,2024-04-06,0,heavyweight,0.44847863547461564
3300093a48a6b6f70a6dad94,2024-04-13,0,light_heavyweight,0.487735289517999
f85198c6c82c7c5676cc1a84,2024-04-13,0,middleweight,0.3034729164195144
37e234e374031c4a9c10e43c,2024-04-13,1,featherweight,0.7299021177454709
564ed9d5df5aa5baa575e591,2024-04-13,0,lightweight,0.38698534040973426
03a849ee698f35fb17c1933b,2024-04-13,1,bantamweight,0.6478203276510894
7632d2c23612af5ce3d9a2f6,2024-04-13,1,womens_bantamweight,0.2588374779960657
147d563a5f53508a72a20873,2024-04-13,0,lightweight,0.5155042991133965
032c8104a460ad869376a130,2024-04-13,0,womens_strawweight,0.39456165091955664
a78f5cc79c971a495b411642,2024-04-13,0,light_heavyweight,0.5031141225839284
8600ede511999d9adc3c9975,2024-04-13,0,lightweight,0.37972849706164724
40ac2f53071b5de0836100e9,2024-04-13,1,lightweight,0.7462249902679967
3a1837e0a4820197bb51c85f,2024-04-13,0,featherweight,0.528033002924126
0dc452084d23dc74076732ad,2024-04-13,1,womens_strawweight,0.6179782546834247
7b58877ab5e4d6cf85d3afdb,2024-04-27,0,womens_flyweight,0.3242376606599978
19df3fa9de41e66929ab88fa,2024-04-27,1,heavyweight,0.4992993026353262
0d17deee4e12367f002ba9a2,2024-04-27,0,lightweight,0.4239976295869844
8d17aae9a953ca23b2144a12,2024-04-27,0,heavyweight,0.4706609573804253
9d1e1ee7b226466bb2c175ce,2024-04-27,1,lightweight,0.31678601795759553
03670cc90ed626c90836de43,2024-04-27,1,womens_flyweight,0.5762232842077123
53a27e69fc6fc4de042616c0,2024-04-27,1,lightweight,0.48614072257132074
e485c72f59f5947e989b064f,2024-04-27,0,featherweight,0.6940759037133114
6a21e75bc72a71c8587b87c5,2024-04-27,0,womens_strawweight,0.43540471953347704
1d88a0c36a95acc86682e411,2024-04-27,0,flyweight,0.550570800446539
f070085973f94e62645c20b9,2024-04-27,0,bantamweight,0.4992188054239505
181283d8443a6c33cb21c79c,2024-04-27,1,light_heavyweight,0.2980141303931876
c674910dad3e5790a28e8502,2024-04-27,1,welterweight,0.5939138305508715
4018cfaeb2593cc98fcf7a7b,2024-05-04,1,flyweight,0.6491804893464989
75f967a01638fa466a040663,2024-05-04,1,flyweight,0.45728690145983053
048e951737120ee49478ad81,2024-05-04,1,light_heavyweight,0.41965757801916814
22bf9f5adbf622b55d1f0d16,2024-05-04,0,womens_flyweight,0.4857599076756701
707d69a949880d2954a5183a,2024-05-04,1,lightweight,0.5100639213712135
40f2eca8b202a382e83a86ee,2024-05-04,0,lightweight,0.4966210410004925
f074dc7df2dadf7cfac1fda3,2024-05-04,0,featherweight,0.6171155770597434
d967e5ba34cb3ff8d9a4adb4,2024-05-04,1,lightweight,0.6383371293028879
e05a5a9e9719ca88d645516c,2024-05-04,0,bantamweight,0.7299058138235327
94bd5ed15286e8e4cc120e52,2024-05-04,1,womens_strawweight,0.3919592955829717
39cffcac3e882d98203f7dbc,2024-05-04,0,lightweight,0.633263426783492
1c69f516d3ff75bcc6377c47,2024-05-04,1,middleweight,0.7115715917974481
e9311178ebb944a7fc6aca37,2024-05-04,0,middleweight,0.33812875198433384
5961c213c10f64edc3e88f9f,2024-05-11,0,featherweight,0.4446810190388114
dcb8007781e8317ca6a6c80b,2024-05-11,0,light_heavyweight,0.42554735343925576
67958e9303cb81656c149b1d,2024-05-11,0,welterweight,0.4241265242312128
1a80a39cf42c05f59642a74d,2024-05-11,1,flyweight,0.630910864378107
7621b21075c5e1917732c005,2024-05-11,1,lightweight,0.5397340891198907
7a09d0a6adda8ef213536caf,2024-05-11,1,heavyweight,0.39946771463786246
2418c947db415559ec8fb353,2024-05-11,1,lightweight,0.2630541260525706
a79c545c27deb304d7edfd56,2024-05-11,1,womens_flyweight,0.388013547286687
f511fbf1cacfba820f4106fb,2024-05-11,1,welterweight,0.3963120869757142
04e190387cb56de161ad5390,2024-05-11,0,womens_strawweight,0.48369292121811835
49c439cfc0b0097ddf5a2828,2024-05-11,1,lightweight,0.46736556660752565
d9449a6730d848570ee311a9,2024-05-11,1,heavyweight,0.4566226629014959
a8bed7a2d2d40766423dceb9,2024-05-18,1,middleweight,0.5544296840635761
db2e4374a49ab25f5ec0dc0a,2024-05-18,0,bantamweight,0.33816307319426675
3be1164cabf2e5d45f3c45b5,2024-05-18,1,bantamweight,0.5531043341113442
3fd54e9fa93e640c3802e176,2024-05-18,1,featherweight,0.7611457231214303
d535daa86964c2b555e0dca5,2024-05-18,1,welterweight,0.449723931564803
58732931566ff8038d67e1ae,2024-05-18,1,womens_strawweight,0.3655947157686002
07ce5e11ec24372dce1eade0,2024-05-18,0,light_heavyweight,0.48047083103230354
d8dea5c6d18a01f239c500fc,2024-05-18,1,womens_strawweight,0.28496087675192583
c20d7e2d4ccac0647c485cea,2024-05-18,1,womens_bantamweight,0.6074716791471163
dc832abfc5a2f3f0b0e3125e,2024-05-18,0,welterweight,0.37898182699128674
5ef58c611edc62275574db90,2024-05-18,0,womens_strawweight,0.44364262036552604
97edf385302354b149760b41,2024-05-18,0,lightweight,0.4528732925948063
8e17356f2fda3a5192d31ede,2024-06-01,0,womens_bantamweight,0.36470998639276403
10c40b22ef9284e7de0ce72f,2024-06-01,0,middleweight,0.48377001857490987
79ff3b1a7d1bf92f16483213,2024-06-01,1,lightweight,0.5876980349948782
4b9696096d6fa5e9d5610ddc,2024-06-01,0,lightweight,0.1977006031860078
989ca4098373cae02934935d,2024-06-01,1,heavyweight,0.6795154831129686
6b33e6c737a6684a25945237,2024-06-01,1,middleweight,0.6987236021966332
cfe0192361aad1fbe188ea64,2024-06-01,1,welterweight,0.574587483149753
aabe4d2579baa78d78077059,2024-06-01,0,flyweight,0.36465966184264575
113ec2a83989aaec45d0a399,2024-06-01,1,welterweight,0.40775376802993357
0acc32af1154473e50db81c8,2024-06-01,1,welterweight,0.5815847255715276
41337cbd48bf4f84174dc20b,2024-06-01,1,welterweight,0.6311391219036655
3dee3aff7f82282e32f8df92,2024-06-01,0,middleweight,0.35878672804198936
518127b2dd8efe3a417831b3,2024-06-08,0,womens_flyweight,0.4976051765422352
2e839f2de196517e8e246d12,2024-06-08,0,bantamweight,0.48394309217179643
bf7ea6fdb51531c8d451a756,2024-06-08,0,middleweight,0.35803236303711017
7de1c7f30e70c0054157559a,2024-06-08,1,welterweight,0.48344689627081383
25d7d7c1927b76a34bdc14d3,2024-06-08,0,bantamweight,0.46975954814618404
0ddcfb11315e9923a41bb2c7,2024-06-08,1,light_heavyweight,0.5289045086372711
e8438ef0c8ba3780dc2b45d9,2024-06-08,0,womens_strawweight,0.6401262358812795
d20e183e0125d6ec0f2db68e,2024-06-08,1,middleweight,0.6954663860148214
a1e8bfab94288f7370f435d3,2024-06-08,0,bantamweight,0.5018939514224239
e5d256c6836b448747c5b8c1,2024-06-08,0,middleweight,0.569094536776622
70272da7c95cd179af6cf4d3,2024-06-08,0,welterweight,0.6468736929533819
144bac7646d283547cc8b638,2024-06-08,0,bantamweight,0.4318112435290959
19bc980d805f14744f6823af,2024-06-08,0,womens_strawweight,0.510473880294926
8f81053df7a5953b7491f734,2024-06-08,1,lightweight,0.581555950775068
79440448cd3fec28695e7dec,2024-06-15,1,flyweight,0.6415297265389884
6c45fb565fbf14ea75c4fdcd,2024-06-15,1,flyweight,0.6016384032681137
14d2774e1d1f3fd5e1c6dbc7,2024-06-15,1,bantamweight,0.4873398429062419
f5dfccd531de267b99e1f070,2024-06-15,1,womens_flyweight,0.4530178713360423
493d3aa0ab1d0278e2da7639,2024-06-15,0,bantamweight,0.26728429630108724
763a5efe7035e062f2c0b690,2024-06-15,1,featherweight,0.3317347256623317
1fed94581536b612e2fb59a6,2024-06-15,1,flyweight,0.7152906666511696
41d8ef2e34a39925ad4e75f9,2024-06-15,1,womens_strawweight,0.6283326949892629
f988066efa595e7f87d49d22,2024-06-15,1,welterweight,0.6139499311544068
19dddb26aefce6783b18baf6,2024-06-15,0,featherweight,0.3754127276192311
9a8f34cfdca8efcd4558a8b7,2024-06-15,0,featherweight,0.4236558888752492
37d4488fc8163313b1231aae,2024-06-22,1,light_heavyweight,0.43500233081026096
7cf1ccb04fb7f586000618cd,2024-06-22,1,middleweight,0.5474107466324758
0a2c033e657e7440fa8aa8de,2024-06-22,1,bantamweight,0.6231417985989154
6d76913c436ce9ce53210b04,2024-06-22,0,light_heavyweight,0.4386875162939421
1a036b09296210df95e21b1d,2024-06-22,0,featherweight,0.6567677674439563
fc3424ff1e489f76836e8acd,2024-06-22,1,lightweight,0.5649717813652759
dcdb4b3fb3f9b4843ea57bb4,2024-06-22,0,welterweight,0.27985339480893606
65451ad06adc1f6bd89a8674,2024-06-22,0,middleweight,0.5224191811071288
a1d5af9825d34f2535d592ad,2024-06-22,0,heavyweight,0.6007032888199941
a0aecd3b3aa3acaa0c742fc0,2024-06-22,0,middleweight,0.31072216845344336
af244485111bd9dd30c97866,2024-06-22,1,bantamweight,0.48614072257132074
7c694c3870edbf3861bf90ae,2024-06-29,0,light_heavyweight,0.37929071116017277
1669e7c3c0104261e38941ae,2024-06-29,1,heavyweight,0.4443713820310201
6f03e907877bb17aa05774b7,2024-06-29,0,light_heavyweight,0.5289434116382872
9fcb0c56f33fc5b61e47d0b7,2024-06-29,0,featherweight,0.6969648612222163
bc237d1b3aa5dfe665961429,2024-06-29,0,featherweight,0.4698914064560857
7508a78c4629ff995495dbbd,2024-06-29,0,catch_weight,0.5063302899421604
1885b9c154714adfa0a9f0ee,2024-06-29,0,welterweight,0.3871747148245185
3a544bc796aa4992d5fe2c75,2024-06-29,1,middleweight,0.6471570125089666
a276808076c8af27cad7f2ff,2024-06-29,0,womens_bantamweight,0.3552323257618528
94dc3b686c902429728324a6,2024-06-29,1,womens_strawweight,0.5435801319902287
3d80286353ae673cbbea021b,2024-06-29,1,bantamweight,0.6212111168771424
d4d6b8ea5bd50709089f7bc0,2024-06-29,0,flyweight,0.5454848250703891
70c74e2537b1f6d717d6a580,2024-06-29,1,bantamweight,0.4394076428696727
df9f3189d74a76849525e5d0,2024-07-13,1,lightweight,0.40163748980782377
930fcb9f98b6403d004a10a2,2024-07-13,0,welterweight,0.5663572098878731
752309c3bca8093f692b1373,2024-07-13,1,welterweight,0.6445136290847289
8ad7692e5b972dd4a7267c02,2024-07-13,0,womens_flyweight,0.2919218531525114
12131907a7300a3995c0f29f,2024-07-13,0,middleweight,0.284454732138975
46e97615d7088624ce11ccd9,2024-07-13,0,flyweight,0.6838733301813739
d8807ddb36ab019a53c30d15,2024-07-13,1,featherweight,0.21425468231097516
85ca4854cd014ce8c4b31d7c,2024-07-13,0,womens_flyweight,0.37865850075104857
ddcbb740cdb42e2859e3ca1d,2024-07-13,1,bantamweight,0.6789788728007994
41c64f492689442222f3aa5d,2024-07-13,1,womens_flyweight,0.5958879658503843
1d14aed9e7e615e94ffe9351,2024-07-13,0,welterweight,0.5051206164310305
1a1f05ea93dfb2cef5441150,2024-07-20,1,womens_strawweight,0.5453336673065254
1802198470e4d36f13b9a300,2024-07-20,1,bantamweight,0.5808592173828071
52f6aa2624ec3c51c8435cc4,2024-07-20,1,flyweight,0.3475478217940311
8d11b4f1eb76e9b46dbfa43c,2024-07-20,0,featherweight,0.6250362949752668
fb73b101f05286253264c95b,2024-07-20,0,featherweight,0.4489108152540699
92839e130f117882696a849a,2024-07-20,0,lightweight,0.49162761964126844
d8fe945f52c4101fdb8bc15b,2024-07-20,0,lightweight,0.5148598347873582
4833ad51744b121d927b82e5,2024-07-20,1,womens_flyweight,0.569743480190764
5d08d6d735d021c218d42bec,2024-07-20,0,womens_flyweight,0.28653095315888777
26a9e6c978b8d211b6443478,2024-07-20,1,heavyweight,0.42373331640143863
9f2b2e8e992c8c2d56b31b48,2024-07-20,0,featherweight,0.32277658928708064
097b47cf0fd70817100149e1,2024-07-27,1,featherweight,0.677883743657764
a5ec3ef5260e3a28c3483b8b,2024-07-27,0,middleweight,0.4505560866451543
9de739fe6020a6c9f3fae848,2024-07-27,0,bantamweight,0.5839031191769833
2e1d63b7961383b47d4f353a,2024-07-27,1,lightweight,0.402549358553577
79cfa01484c3ea38f9f51531,2024-07-27,0,welterweight,0.681607565935362
a5cad6e8a51f09bf4c7d852c,2024-07-27,0,heavyweight,0.3278288139128661
d8173aa5dd83c7893f9af630,2024-07-27,0,light_heavyweight,0.49547561135310464
10d948ba3fb1d8e9bd8dd436,2024-07-27,1,womens_strawweight,0.339879476131441
74af90aae5e78d1c1ad3cd9c,2024-07-27,0,flyweight,0.322736779075427
4e85b5ea469de051613b5741,2024-07-27,1,featherweight,0.6997036960338971
513e525430fb53e61e0bc06f,2024-07-27,1,welterweight,0.47099750290148457
a91c178a8284b7aafa874169,2024-07-27,1,welterweight,0.4393532167847363
aece4c936f0671bad30426f7,2024-07-27,1,womens_strawweight,0.48429541415493166
73594b0e6c5d7117aadc2d01,2024-07-27,1,heavyweight,0.5543151340220369
9ba92a6b223ce70a5def5ac7,2024-08-03,1,light_heavyweight,0.581430701464507
571fd99f2cea3cab0516a2a4,2024-08-03,1,bantamweight,0.665892754347748
29050e1234307cff3226cdf8,2024-08-03,0,lightweight,0.4034991126908342
7966b9d988f1cc5340b09615,2024-08-03,1,lightweight,0.3691167017636736
45f6a77cf5bae11f69d9a8fb,2024-08-03,1,lightweight,0.47159045341038236
1f40f703023ba1bd3b521781,2024-08-03,1,womens_strawweight,0.3558330437834476
d2025cddbf7cdc74c599ce2d,2024-08-03,0,bantamweight,0.4627986491960957
04bb77d8d0c872a4a2bc082a,2024-08-03,1,lightweight,0.5585418549919285
a962037dba890b1e59b3c11e,2024-08-03,0,middleweight,0.35580143842735057
56741af4fb9164b3ceab34bb,2024-08-03,1,heavyweight,0.5103873036963145
ca0701d63a3f45561e4c49ba,2024-08-03,0,middleweight,0.4032418432510435
b008daa3b4c6db6c9f881827,2024-08-03,0,welterweight,0.320713979166484
b4ace78f4c4b62732bf4877b,2024-08-03,0,womens_strawweight,0.48929916255783534
63b290ed8d80110a23d74939,2024-08-10,1,bantamweight,0.7554207231508441
a88dc52e44b8276a684bb173,2024-08-10,0,featherweight,0.3874920639599502
6399ddb25f22d847585f6886,2024-08-10,0,welterweight,0.3321416616475659
b8b9c9039b433da4b20b5f90,2024-08-10,0,heavyweight,0.6579337391946404
961760ffcf08037002d97654,2024-08-10,0,womens_bantamweight,0.4126200304480264
7e7ce2895404f87c5266303a,2024-08-10,1,heavyweight,0.5256676725318207
12d0555dd382fcfab24b3392,2024-08-10,0,womens_strawweight,0.5621363352568195
96244b15517f4c3bda290b28,2024-08-10,0,bantamweight,0.56166737728787
909669ccdc04944ae9d1b468,2024-08-10,0,womens_bantamweight,0.5097133280068477
bd60f369b8760c4e98e32f96,2024-08-10,0,featherweight,0.2608677086234873
d0e5f0596a80603b43725079,2024-08-17,1,womens_flyweight,0.33720050396707607
34ba7fa3787854789b373bc3,2024-08-17,1,middleweight,0.5855731910220572
1ab2b260997db6bff8202e76,2024-08-17,0,featherweight,0.3659937890949443
4864b0dc32f25c0902026983,2024-08-17,0,featherweight,0.5246673084572482
fe925f7d987d2688da86017f,2024-08-17,0,heavyweight,0.5477077243530271
91cf1c66c0aae10df4f68f3c,2024-08-17,0,flyweight,0.5993862743191565
ae37c7930a26b186f933eb9c,2024-08-17,1,welterweight,0.5315239323476846
64bf5b234df82a4717fa37df,2024-08-17,0,lightweight,0.6742367241201505
a8691859c32e637d35c7433d,2024-08-17,1,welterweight,0.46128131314115245
9cef7cc38d059d1f8c348efe,2024-08-17,1,flyweight,0.5593553412754223
806133791825a62697b640f6,2024-08-17,1,heavyweight,0.5656026675874021
e85cd4c789fe17ebf55b166c,2024-08-17,0,lightweight,0.20941212580153973
7871134a09675ac61dce31c5,2024-08-24,0,womens_strawweight,0.30156392814759403
d1b1774c0be9c2a23e1afdb1,2024-08-24,0,lightweight,0.544591743873507
03f2e0f30d6778d93ed003c7,2024-08-24,0,middleweight,0.5258197900331992
e36fc47ae8ddf929d7d70db2,2024-08-24,0,womens_bantamweight,0.2935234165954596
d27425d0f741578a348cf746,2024-08-24,1,middleweight,0.5284938038020743
7188747cdb0273a5acbad76a,2024-08-24,1,featherweight,0.48614072257132074
47b86263700fd8ef79cea0af,2024-08-24,0,welterweight,0.5281274154614689
a3f643c93410304590071638,2024-08-24,1,middleweight,0.4843419249901679
d5f593ce2352af15183e59e2,2024-08-24,0,lightweight,0.485968335507221
93204973199b855bffa0e265,2024-08-24,1,womens_flyweight,0.5028016109937006
59d94d1306c4fa0cc5b39666,2024-08-24,0,middleweight,0.4628024348050865
7e324bf197dfe23d87cf3b37,2024-09-07,1,middleweight,0.7305634953774847
098a7ab058cb0919d2754437,2024-09-07,0,flyweight,0.34545291264374617
84bdaaa1b9eacf71f68d786f,2024-09-07,0,welterweight,0.321114917591511
3687ac6b259d61ee8fdcf7d5,2024-09-07,1,featherweight,0.723162381968245
520ab8059fa083df9466b8de,2024-09-07,0,womens_strawweight,0.2519953055550848
37543d1d6a400d3e6864fe4b,2024-09-07,0,womens_flyweight,0.5309148047673787
4891c35741f30e491ae624b4,2024-09-07,1,bantamweight,0.647717685017449
3abd10663dd8be12d13c6cd1,2024-09-07,0,lightweight,0.2941966024281334
05620075d316a20238eb8fd9,2024-09-07,1,featherweight,0.6530729107529535
b76888405cc10f4682091f54,2024-09-07,1,lightweight,0.3983536155570805
fde085a48d0a96f2360b6382,2024-09-07,1,featherweight,0.47289080708864034
45ada03471594e17da40af4a,2024-09-07,1,featherweight,0.48614072257132074
b32a701a44b0d95605d7c908,2024-09-14,1,womens_flyweight,0.6300069749052222
f2ff0c6a9bbd4b5eae926db1,2024-09-14,0,featherweight,0.48871455262084934
09fa80261d93813008aaa022,2024-09-14,1,lightweight,0.5354828222230025
c72915269d9a5169f4bdbe0b,2024-09-14,0,flyweight,0.2554937101249092
3b8c650614dfc5493a3b1bd9,2024-09-14,0,womens_bantamweight,0.2786116914251181
d5a12c28b25082427278edbe,2024-09-14,1,lightweight,0.5294858801471585
d767088f51b6e7714e8d7645,2024-09-14,1,bantamweight,0.5631585307865876
3ec64b31845ac4f1cb2f5a4c,2024-09-14,0,flyweight,0.45042921257714713
75df11c187e283ce3ab3b3de,2024-09-14,1,bantamweight,0.4517576966556631
1288aee9afdb2d374cc3012a,2024-09-14,1,womens_strawweight,0.4191435695454525
245096e15704e2540393d97d,2024-09-28,1,womens_bantamweight,0.4984911675803663
60d8f7e0b676daa7ac15f065,2024-09-28,0,lightweight,0.4617287221823428
7030ef6d4542c58352a49bba,2024-09-28,0,flyweight,0.6171193754789367
6ebd9ffc7a13c46ca71bd8aa,2024-09-28,0,lightweight,0.3121565325000176
3e276600eba4e29cd38e2cca,2024-09-28,0,light_heavyweight,0.39136010955421835
dc350102307a004ad39adb01,2024-09-28,0,welterweight,0.539866540885492
105253273d1654f9a2beee86,2024-09-28,0,lightweight,0.3310378459273224
50aafa48176dfa0137faaa73,2024-09-28,1,featherweight,0.6422057502297592
ab00b1352f514a47b8e37dc0,2024-09-28,0,middleweight,0.43048924082715023
87ccdba10c40f4bdcf843017,2024-09-28,0,womens_bantamweight,0.44658574976716703
88572ee2955c4e9d956110a0,2024-09-28,0,light_heavyweight,0.4814243435617316
7e74c10fa13302f3fb7dd90e,2024-09-28,0,lightweight,0.43343914741326495
0c580a243e221bbb34761e5e,2024-09-28,0,bantamweight,0.24457571220921437
c2a55835ec8fc920f3adf40e,2024-09-28,0,featherweight,0.5522603568886904
c1c94449aa8da08edf6e1dff,2024-10-05,1,light_heavyweight,0.7512765378049917
7c56376f5bee90553ebe1f91,2024-10-05,0,lightweight,0.5000367672764686
42c9a2d2c6e47f7150c3c7b8,2024-10-05,1,womens_strawweight,0.3706776550592651
1972bb7a08946b356c1315c6,2024-10-05,0,middleweight,0.44429618203197163
401cf3772c7ad44839360dba,2024-10-05,0,welterweight,0.5227823298221984
57b18397eb6dda68408204e5,2024-10-05,0,bantamweight,0.370923341265169
144f8ee9b6fd2c722b5d25ce,2024-10-05,1,womens_bantamweight,0.5885003442461094
e443e39fbfefcebc6b107ee9,2024-10-05,0,womens_strawweight,0.5535265203326138
d310221180298a0117347d09,2024-10-05,0,womens_bantamweight,0.5514740905456048
c6f824443fc9c84e876b488c,2024-10-05,0,middleweight,0.6377850136064847
ce5cad2d9a093f6848c1c837,2024-10-05,1,light_heavyweight,0.6621148907439203
1956b00acb148792dba1a315,2024-10-05,0,welterweight,0.3630100133340114
4840224751a56333d055fc7a,2024-10-12,1,middleweight,0.623707503785511
a727672cc9664edda540ef4e,2024-10-12,0,flyweight,0.7552693040970885
c9b19587d5b0943492e92d4b,2024-10-12,1,welterweight,0.587165356918018
75c7c56dd807d68045a4386a,2024-10-12,1,flyweight,0.429466689148056
8e2cca02f188a62e86ed9e5d,2024-10-12,1,flyweight,0.5581866943599456
559c2d014f7fdd130c04416c,2024-10-12,1,bantamweight,0.32809932010011444
b2154563c4e05478fec46f76,2024-10-12,0,welterweight,0.524591711825227
0cb8a11def43b8e9e64a987c,2024-10-12,0,lightweight,0.30569031885386905
a9a12f6db5392e7212061c76,2024-10-12,1,featherweight,0.3089343023712216
da2b4cb4a1dece7e1cddce4b,2024-10-12,1,womens_strawweight,0.5225705402633574
6006b5e7b981df4da946cb96,2024-10-12,0,heavyweight,0.37457966457646086
d6fa07076c71693c51694206,2024-10-12,0,welterweight,0.4572599681290314
abcc6a4ab3920f6a692e9eee,2024-10-19,0,middleweight,0.5864584984683601
9e275e378f98707802ff3485,2024-10-19,1,heavyweight,0.3762704094149951
412a5bf196b840083c98f4cb,2024-10-19,0,bantamweight,0.27817885346661675
8109c8b9fae6d7c0aec54bea,2024-10-19,0,flyweight,0.4801030088458855
0971e4c0e50a7ee704277ff9,2024-10-19,1,featherweight,0.4815418844725132
8e8bc92bd61bc4fcf37df834,2024-10-19,1,bantamweight,0.4155467120708025
7f31ec33285ef5018378b5ff,2024-10-19,0,womens_strawweight,0.3491576195860923
f37b3852170b4e3e133af446,2024-10-19,0,womens_bantamweight,0.44645959785650724
79e0b62af359301a3c381318,2024-10-19,1,flyweight,0.5666362591502103
4798c8fae376043513d3f4d2,2024-10-19,0,womens_strawweight,0.51760561913055
497026b88b1c9f6fe365d724,2024-10-19,0,bantamweight,0.6872801939819513
64b6b3f836693e4882af28cc,2024-10-26,0,middleweight,0.46320000725437566
d083631584ac1c4442af2f54,2024-10-26,0,featherweight,0.3464054864230589
0fb2c51f918d8f2c887a3970,2024-10-26,0,welterweight,0.4155756842019671
4a0a7c62b38099ba662d7540,2024-10-26,0,light_heavyweight,0.40206207127661386
c481a4e5d3c8d48d2a063795,2024-10-26,1,featherweight,0.6636630209579883
e98deb41ebb14639db7c7876,2024-10-26,0,middleweight,0.36279385593426616
8c84124df2963190592ada9e,2024-10-26,0,heavyweight,0.32075116539104326
79fce42379f8108d722fa309,2024-10-26,1,featherweight,0.6360494522034013
df658a10c24790baf29d4ee5,2024-10-26,1,light_heavyweight,0.6667413551432747
c1770a29dd92cea4a6f380c4,2024-10-26,0,catch_weight,0.6212530018863893
fa23b82570604d8dd9c63e98,2024-10-26,0,welterweight,0.19806573241204284
39f8f786e1f44eddf18e1470,2024-10-26,1,middleweight,0.6849311432793964
17cb3fa1910244939c601a11,2024-10-26,1,middleweight,0.5999386050918541
f369464f1180832f1d8b7c25,2024-11-02,1,bantamweight,0.590377093269776
e1741bf2713d935c14028fb4,2024-11-02,0,heavyweight,0.41494742866054074
6025d5b28df7b99fb482dcce,2024-11-02,1,womens_flyweight,0.5414199368352912
55b1b3ca9a1864952fc3a120,2024-11-02,0,flyweight,0.38314168432532797
88f856cc39f5020603b0cb4d,2024-11-02,0,light_heavyweight,0.5785257666848985
1f3e2215dc098945c449f796,2024-11-02,1,bantamweight,0.5054653432194283
fcff3a20a805946dcbc5b1f1,2024-11-02,1,bantamweight,0.3890305935901089
abebc636424c238657d451dd,2024-11-02,1,womens_flyweight,0.381664736534186
4ac4778bb7788aaec05d064c,2024-11-02,1,featherweight,0.45962077626373665
6baeb93f8c6f6b9bd33db412,2024-11-02,0,womens_flyweight,0.4549994763084016
dcc9895cbd8b3c0b07f46767,2024-11-02,0,middleweight,0.5538031803138369
671290c0c6844812078884b0,2024-11-02,0,welterweight,0.49826167471820315
c56faacbd23e859d15f773a4,2024-11-02,0,bantamweight,0.5684545874825351
775087a13644ddbfe20dc426,2024-11-09,1,bantamweight,0.4776841395890669
1019552fdbf1a6c9ac7389ae,2024-11-09,0,welterweight,0.2966061441712634
0e948b30e911a8028bcd9511,2024-11-09,1,bantamweight,0.5352993069715609
4fa91a1cfb6740cb784e067a,2024-11-09,1,middleweight,0.2876987669999448
82c4427e3f9514cdeb328735,2024-11-09,0,womens_strawweight,0.4618947391935534
4493bfb4dc8c9613ac38e90c,2024-11-09,1,womens_strawweight,0.6638902472612509
3a681fdfbe596d2fdcae3f62,2024-11-09,0,middleweight,0.4378055005772861
6b3506aa31679bb23befa70d,2024-11-09,0,welterweight,0.5372551823169422
c3c4de6fa97914db9f9aff63,2024-11-09,1,womens_bantamweight,0.5652898934429533
1977ecf38fd0fee16b089735,2024-11-09,0,welterweight,0.5284138424771517
97dc41469e9c9287cb5fd305,2024-11-09,1,middleweight,0.46494822155114884
043847b8441b879d0f429697,2024-11-16,0,welterweight,0.3774166196842705
4167d3f6070971c8b9d1fde2,2024-11-16,0,middleweight,0.2031009486903665
9f92f3cfd66a55be8006ffb2,2024-11-16,0,lightweight,0.43729421595139767
54cc8d7bd582e5171cc7f70b,2024-11-16,1,lightweight,0.5878249740915145
bce7b7de58b92db963e36818,2024-11-16,0,lightweight,0.6755660998862851
3e7b3ef93a01e95602563df6,2024-11-16,0,heavyweight,0.20778055843917767
fa0177ce9126280f55a43082,2024-11-16,1,bantamweight,0.43393039197374855
b5c28155a6e12ff7a5ce6f50,2024-11-16,0,heavyweight,0.3667715584842945
03e4a0968b9c873a3c75fe66,2024-11-16,0,catch_weight,0.2726510998950663
017db93038090457a9f2ad7f,2024-11-16,0,welterweight,0.47355607234615404
a7c487f94464423d6463a35e,2024-11-16,1,womens_flyweight,0.47562346073878925
46332285a7b69c9d2a12da53,2024-11-16,1,womens_flyweight,0.3598514159146281
8811b8fcd2100494af6f8cd5,2024-11-23,0,bantamweight,0.48614072257132074
1c95d96871ede2553b9ef069,2024-11-23,0,flyweight,0.48614072257132074
c23bd1c8a9009f9e2aa0618e,2024-11-23,0,flyweight,0.48614072257132074
b6619e5bf2b8cb1dcad50e13,2024-11-23,0,lightweight,0.42497242625009535
e18d6be41f88d838a0ea1d5a,2024-11-23,1,flyweight,0.45474415213834884
bd0443c550f1a30b6b7d0b7f,2024-11-23,1,bantamweight,0.6019733413455771
0ff5951760ba7570bb749166,2024-11-23,0,womens_strawweight,0.4857599076756701
c6ef3b68243861a699dbc860,2024-11-23,1,welterweight,0.6629147775788172
958a5e46c9010601ebb8d398,2024-11-23,1,light_heavyweight,0.6312961318268271
77418b65aac3f975237beb9e,2024-11-23,1,womens_flyweight,0.2875179366825414
8d8a818c9f17c009e3b85bf9,2024-11-23,1,bantamweight,0.45886909749426946
4a920eff3f6c4c24152c2d9c,2024-11-23,0,womens_strawweight,0.5323352073335401
ab152d7ea0e03fcd72fe5e3e,2024-11-23,0,light_heavyweight,0.3068027728094505
8bec3556efa0aff00fc6942a,2024-12-07,0,flyweight,0.3500168756534197
9635f631a62e6cac838fac30,2024-12-07,0,featherweight,0.16489579197373294
0304da4371ba534498bbfa00,2024-12-07,1,catch_weight,0.38092011506382173
b7f0d52ab8dd1cb8f75d38c6,2024-12-07,0,heavyweight,0.3944906788872499
228014fdd9ac575ec9d83932,2024-12-07,1,lightweight,0.7713529415279597
b17d607483172d5ebfb86b98,2024-12-07,1,flyweight,0.6684454533031823
5fcd9b73e591e02031a00a9e,2024-12-07,0,light_heavyweight,0.45839160486957375
3e73e0845cfe08a1abaa6d7f,2024-12-07,1,heavyweight,0.5849746560932214
034ec1f2c225729b14c0dfca,2024-12-07,0,welterweight,0.39866517567138665
ba2176c71f65397aaa94d50a,2024-12-07,0,featherweight,0.5061733798990357
44dbc5139ac2ed24c255f5cc,2024-12-07,1,featherweight,0.5776842120152623
9f2b7751f55b139930a7745b,2024-12-07,0,welterweight,0.591359148117394
23e3d1acad9c979ed26efd91,2024-12-07,1,welterweight,0.6304648145761145
2bee7e4cb43cb0eed55b0645,2024-12-07,1,welterweight,0.4116568338214368
f0b0735efef392fe0658fcdb,2024-12-14,0,bantamweight,0.46404857822846446
bec4c121d2e352da409b0252,2024-12-14,1,welterweight,0.5297055701398334
7915719a146e85eb8bf4ac4e,2024-12-14,0,featherweight,0.6122792683362361
7b9f48d7590f393ee2bc937d,2024-12-14,1,bantamweight,0.5177937142667244
14139c465fda81dd1f24724d,2024-12-14,1,lightweight,0.6012862288456016
ee992fcfb2c3ec848b22bf51,2024-12-14,0,womens_strawweight,0.5604831427330189
a4bd67e5bf952f768ee5f2d7,2024-12-14,1,flyweight,0.6181474249527567
3d0468e9f5fdbbc6bcf4b92f,2024-12-14,1,lightweight,0.5716847103750017
8545cb07c6efcc3f4da59517,2024-12-14,0,featherweight,0.4985406873986789
01916ac920a0f4fd7230f3cb,2024-12-14,1,womens_flyweight,0.7109630525226767
282c2ae10a81491eae36a47a,2024-12-14,0,light_heavyweight,0.37768455865559364
92bbcef9c67dd1b7eb6c690e,2024-12-14,0,featherweight,0.3419554784853933
1fcccda17da14ab9603a0f66,2024-12-14,1,light_heavyweight,0.40157693826187824
