date,fighter_a,fighter_b,fighter_a_won_saved,Rich Logistic,primary_category,ufc_debutant_or_very_low_experience,large_age_difference,large_reach_difference,large_size_difference,fighter_moving_weight_classes,long_layoff,short_notice,recent_decline,recent_improvement,wrestler_vs_striker,grappler_vs_weak_submission_defense,power_puncher_vs_poor_defense,low_data_fighter,close_50_50_fight,major_upset
2022-11-05,carlos candelario,jake hadley,0,0.5582236971106684,ufc_debutant_or_very_low_experience,True,False,False,False,False,False,,False,False,False,False,False,True,False,False
2022-11-05,darrick minner,shayilan nuerdanbieke,0,0.6103562574594129,other,False,False,False,False,False,False,,False,False,False,False,False,False,False,False
2022-11-05,ramona pascual,tamires vidal,0,0.5142947418465444,ufc_debutant_or_very_low_experience,True,False,False,False,True,False,,False,False,False,False,False,True,True,False
2022-11-12,claudio puelles,dan hooker,0,0.5821774606883832,fighter_moving_weight_classes,False,False,False,False,True,False,,True,False,True,False,False,False,False,False
2022-11-12,dominick reyes,ryan spann,0,0.5588807122499752,long_layoff,False,False,False,False,False,True,,True,False,False,False,False,False,False,False
2022-11-12,israel adesanya,alex pereira,0,0.7022166861317233,major_upset,False,False,False,False,False,False,,False,False,False,False,False,False,False,True
2022-11-12,ottman azaitar,matt frevola,0,0.62062555300624,ufc_debutant_or_very_low_experience,True,False,False,False,False,True,,False,False,True,False,False,True,False,False
2022-11-12,michael trizano,seungwoo choi,1,0.4748278035690151,close_50_50_fight,False,False,False,False,False,False,,False,False,False,False,False,False,True,False
2022-11-19,jennifer maia,maryna moroz,1,0.4639029565089418,recent_improvement,False,False,False,False,False,False,,False,True,False,False,False,False,True,False
2022-12-03,angela hill,emily ducote,1,0.3591824748828644,ufc_debutant_or_very_low_experience,True,False,False,False,False,False,,False,False,False,False,False,True,False,False
2022-12-03,scott holtzman,clay guida,0,0.530532787426523,long_layoff,False,False,False,False,False,True,,True,False,False,False,False,False,True,False
2022-12-03,kyle daukaus,eryk anders,0,0.6025609911195495,power_puncher_vs_poor_defense,False,False,False,False,False,False,,False,False,False,False,True,False,False,False
2022-12-03,roman dolidze,jack hermansson,1,0.4361570562947459,other,False,False,False,False,False,False,,False,False,False,False,False,False,False,False
2022-12-03,marc diakiese,michael johnson,0,0.6498137359850421,wrestler_vs_striker,False,False,False,False,False,False,,False,False,True,False,False,False,False,False
2022-12-03,phil rowe,niko price,1,0.3898513398150782,recent_decline,False,False,False,False,False,False,,True,False,False,False,False,False,False,False
2022-12-03,kevin holland,stephen thompson,0,0.633102412478846,large_age_difference,False,True,True,False,False,False,,True,False,False,False,False,False,False,False
2022-12-10,billy quarantillo,alexander hernandez,1,0.3235593338862985,fighter_moving_weight_classes,False,False,False,False,True,False,,True,False,False,False,True,False,False,False
2022-12-10,ilia topuria,bryce mitchell,1,0.4373472893292638,fighter_moving_weight_classes,False,False,False,False,True,False,,False,False,False,False,False,False,False,False
2022-12-10,jairzinho rozenstruik,chris daukaus,1,0.367471046762945,recent_decline,False,False,False,False,False,False,,True,False,False,False,False,False,False,False
2022-12-10,jared gordon,paddy pimblett,0,0.6852550602041454,other,False,False,False,False,False,False,,False,False,False,False,False,False,False,False
2022-12-10,raul rosas jr.,jay perrin,1,0.377839102173039,ufc_debutant_or_very_low_experience,True,False,False,False,False,False,,False,False,False,False,False,True,False,False
2022-12-17,rinat fakhretdinov,bryan battle,1,0.4985179221717373,ufc_debutant_or_very_low_experience,True,False,False,False,False,False,,False,False,False,False,False,True,True,False
2022-12-17,matthew semelsberger,jake matthews,1,0.3221659363111108,other,False,False,False,False,False,False,,False,False,False,False,False,False,False,False
2022-12-17,jared cannonier,sean strickland,1,0.3654406124668882,other,False,False,False,False,False,False,,False,False,False,False,False,False,False,False
2022-12-17,maheshate,rafa garcia,0,0.5150460777924799,ufc_debutant_or_very_low_experience,True,False,False,False,False,False,,False,True,True,False,False,True,True,False
2023-01-14,punahele soriano,roman kopylov,0,0.5253243069694945,recent_decline,False,False,False,False,False,False,,True,False,False,False,False,False,True,False
2023-01-21,gabriel bonfim,mounir lazzez,1,0.4105058448710866,ufc_debutant_or_very_low_experience,True,True,False,False,False,False,,False,False,False,False,False,True,False,False
2023-01-21,gilbert burns,neil magny,1,0.4176447891787855,large_reach_difference,False,False,True,False,False,False,,True,False,False,False,False,False,False,False
2023-01-21,gregory rodrigues,brunno ferreira,0,0.7137037718841298,ufc_debutant_or_very_low_experience,True,False,False,False,False,False,,False,False,False,False,False,True,False,True
2023-01-21,terrance mckinney,ismael bonfim,0,0.7979197057775699,ufc_debutant_or_very_low_experience,True,False,False,False,False,False,,False,False,False,False,False,True,False,True
2023-01-21,ihor potieria,mauricio rua,1,0.3480941621707288,ufc_debutant_or_very_low_experience,True,False,False,False,False,False,,False,False,False,False,False,True,False,False
2023-01-21,saimon oliveira,daniel marcos,0,0.5469354308773929,ufc_debutant_or_very_low_experience,True,False,False,False,False,False,,False,False,False,False,False,True,True,False
2023-01-21,warlley alves,nicolas dalby,0,0.5783488857171929,long_layoff,False,False,False,False,False,True,,True,False,False,False,False,False,False,False
2023-02-04,devin clark,da woon jung,1,0.4461911082032371,power_puncher_vs_poor_defense,False,False,False,False,False,False,,False,False,False,False,True,False,False,False
2023-02-04,seungguk choi,hyunsung park,0,0.5184756038468734,ufc_debutant_or_very_low_experience,True,False,False,False,False,False,,False,False,False,False,False,True,True,False
2023-02-04,toshiomi kazama,rinya nakamura,0,0.5166729123974978,ufc_debutant_or_very_low_experience,True,False,False,False,False,False,,False,False,False,False,False,True,True,False
2023-02-11,josh culibao,melsik baghdasaryan,1,0.4424981649532121,ufc_debutant_or_very_low_experience,True,False,False,False,False,False,,False,False,False,False,False,True,False,False
2023-02-11,shane young,blake bilder,0,0.6181310028347232,ufc_debutant_or_very_low_experience,True,False,False,False,False,True,,False,False,False,False,False,True,False,False
2023-02-11,tyson pedro,modestas bukauskas,0,0.542130823121992,recent_decline,False,False,False,False,False,False,,True,False,False,False,False,False,True,False
2023-02-11,elves brener,zubaira tukhugov,1,0.2607818990228602,ufc_debutant_or_very_low_experience,True,False,False,False,True,False,,False,False,False,False,False,True,False,True
2023-02-18,themba gorimbo,aj fletcher,0,0.5477192009656241,ufc_debutant_or_very_low_experience,True,False,False,False,False,False,,False,False,False,False,False,True,True,False
2023-02-18,juancamilo ronderos,clayton carpenter,0,0.5754169360541946,ufc_debutant_or_very_low_experience,True,False,False,False,False,True,,False,False,False,False,False,True,False,False
2023-02-18,jessica andrade,erin blanchfield,0,0.5678641241995871,recent_improvement,False,False,False,False,False,False,,False,True,False,False,False,False,False,False
2023-02-18,ovince saint preux,philipe lins,0,0.5565290479248616,recent_decline,False,False,False,False,False,False,,True,False,False,False,False,False,False,False
2023-02-18,marcin prachnio,william knight,1,0.4753233698389079,fighter_moving_weight_classes,False,False,False,False,True,False,,False,True,False,False,True,False,True,False
2023-02-25,andre muniz,brendan allen,0,0.5757559661869174,recent_improvement,False,False,False,False,False,False,,False,True,False,False,False,False,False,False
2023-02-25,erick gonzalez,trevor peek,0,0.5771602013841338,ufc_debutant_or_very_low_experience,True,False,False,False,False,False,,False,False,False,False,False,True,False,False
2023-02-25,nurullo aliev,rafael alves,1,0.3265308886828635,ufc_debutant_or_very_low_experience,True,False,False,False,False,False,,False,False,False,False,False,True,False,False
2023-03-04,esteban ribovics,loik radzhabov,0,0.5963817933036117,ufc_debutant_or_very_low_experience,True,False,False,False,False,False,,False,False,False,False,False,True,False,False
2023-03-04,alexa grasso,valentina shevchenko,1,0.2955656934402681,recent_improvement,False,False,False,False,False,False,,False,True,True,False,False,False,False,True
2023-03-11,jj aldrich,ariane da silva,0,0.7478633220827056,fighter_moving_weight_classes,False,False,False,False,True,False,,False,False,False,False,False,False,False,True
2023-03-11,karl williams,lukasz brzeski,1,0.3687164867493283,ufc_debutant_or_very_low_experience,True,False,False,False,False,False,,False,False,False,False,False,True,False,False
2023-03-11,nikita krylov,ryan spann,1,0.438394686371853,fighter_moving_weight_classes,False,False,False,False,True,False,,False,False,False,True,False,False,False,False
2023-03-11,davey grant,raphael assuncao,1,0.4199369781808982,recent_decline,False,False,False,False,False,False,,True,False,False,False,False,False,False,False
2023-03-11,josh fremd,sedriques dumas,1,0.4218486428744654,ufc_debutant_or_very_low_experience,True,False,False,False,False,False,,False,False,False,False,False,True,False,False
2023-03-11,anton turkalj,vitor petrino,0,0.6615982450897925,ufc_debutant_or_very_low_experience,True,False,False,False,False,False,,False,False,False,False,False,True,False,False
2023-03-18,dusko todorovic,christian leroy duncan,0,0.6349301228194463,ufc_debutant_or_very_low_experience,True,False,False,False,False,False,,False,False,False,False,False,True,False,False
2023-03-18,jake hadley,malcolm gordon,1,0.4569022191127027,ufc_debutant_or_very_low_experience,True,False,False,False,False,False,,False,True,False,True,False,True,True,False
2023-03-18,casey o'neill,jennifer maia,0,0.7261656751560841,large_age_difference,False,True,False,False,False,False,,False,False,True,False,False,False,False,True
2023-03-18,veronica hardy,juliana miller,1,0.4048974521482218,ufc_debutant_or_very_low_experience,True,False,False,False,True,True,,False,False,False,False,True,True,False,False
2023-03-18,justin gaethje,rafael fiziev,1,0.4463806609097882,recent_decline,False,False,False,False,False,False,,True,False,False,False,False,False,False,False
2023-03-25,tucker lutz,daniel pineda,0,0.6530448171070944,ufc_debutant_or_very_low_experience,True,True,False,False,False,True,,False,False,False,False,False,True,False,False
2023-03-25,austin lingo,nate landwehr,0,0.5111765835150587,long_layoff,False,False,False,False,False,True,,False,False,False,False,False,False,True,False
2023-04-08,joe pyfer,gerald meerschaert,1,0.431451704788199,ufc_debutant_or_very_low_experience,True,True,False,False,False,False,,False,False,True,False,False,True,False,False
2023-04-08,jaqueline amorim,sam hughes,0,0.5109243544679241,ufc_debutant_or_very_low_experience,True,False,False,False,False,False,,False,True,False,False,False,True,True,False
2023-04-08,rob font,adrian yanez,1,0.379699365397355,recent_decline,False,False,False,False,False,False,,True,False,False,False,False,False,False,False
2023-04-15,brandon royval,matheus nicolau,1,0.3642134220614578,other,False,False,False,False,False,False,,False,False,False,False,False,False,False,False
2023-04-15,gillian robertson,piera rodriguez,1,0.4953470534481062,ufc_debutant_or_very_low_experience,True,False,False,False,True,False,,False,False,False,False,False,True,True,False
2023-04-15,daniel zellhuber,lando vannata,1,0.3689373906523878,ufc_debutant_or_very_low_experience,True,False,False,False,True,False,,False,False,False,False,False,True,False,False
2023-04-15,max holloway,arnold allen,1,0.2829328612942068,major_upset,False,False,False,False,False,False,,False,False,False,False,False,False,False,True
2023-04-15,chris gutierrez,pedro munhoz,0,0.7246545341966981,recent_decline,False,False,False,False,False,False,,True,False,False,False,False,False,False,True
2023-04-22,batgerel danaa,brady hiestand,0,0.5457896099663064,ufc_debutant_or_very_low_experience,True,False,False,False,False,False,,False,False,True,False,True,True,True,False
2023-04-22,jeremiah wells,matthew semelsberger,1,0.3555481627753903,other,False,False,False,False,False,False,,False,False,False,False,False,False,False,False
2023-04-22,junior tafa,mohammed usman,0,0.5825666180197715,ufc_debutant_or_very_low_experience,True,False,False,False,False,False,,False,False,False,False,False,True,False,False
2023-04-22,sergei pavlovich,curtis blaydes,1,0.4348673892528773,recent_improvement,False,False,False,False,False,False,,False,True,True,False,False,False,False,False
2023-04-29,michal oleksiejczuk,caio borralho,0,0.6063636396556997,wrestler_vs_striker,False,False,False,False,False,False,,False,False,True,False,False,False,False,False
2023-04-29,jamey-lyn horth,hailey cowan,1,0.443504007366863,ufc_debutant_or_very_low_experience,True,False,False,False,False,False,,False,False,False,False,False,True,False,False
2023-04-29,josh quinlan,trey waters,0,0.6839146030242023,ufc_debutant_or_very_low_experience,True,False,False,False,False,False,,False,False,False,False,False,True,False,False
2023-04-29,marcus mcghee,journey newson,1,0.4438063001542444,ufc_debutant_or_very_low_experience,True,False,False,False,True,False,,False,False,False,False,False,True,False,False
2023-04-29,fernando padilla,julian erosa,1,0.321910892039219,ufc_debutant_or_very_low_experience,True,False,False,False,False,False,,False,False,False,False,False,True,False,False
2023-04-29,marcos rogerio de lima,waldo cortes acosta,1,0.4945660605025219,ufc_debutant_or_very_low_experience,True,False,False,False,False,False,,False,False,False,False,False,True,True,False
2023-04-29,ricky simon,song yadong,0,0.6108517001825258,recent_improvement,False,False,False,False,False,False,,False,True,True,False,False,False,False,False
2023-04-29,stephanie egger,irina alekseeva,0,0.7553402573047537,ufc_debutant_or_very_low_experience,True,False,False,False,True,False,,False,False,False,False,False,True,False,True
2023-05-06,drew dober,matt frevola,0,0.5448625922385438,recent_improvement,False,False,False,False,False,False,,False,True,True,False,False,False,True,False
2023-05-06,joseph holmes,claudio ribeiro,0,0.5302821266014728,ufc_debutant_or_very_low_experience,True,False,False,False,False,False,,False,False,False,False,False,True,True,False
2023-05-06,virna jandiroba,marina rodriguez,1,0.3590703935656777,wrestler_vs_striker,False,False,False,False,False,False,,False,False,True,False,False,False,False,False
2023-05-06,phil hawes,ikram aliskerov,0,0.6296286977064097,ufc_debutant_or_very_low_experience,True,False,False,False,False,False,,True,False,False,False,False,True,False,False
2023-05-13,bryan battle,gabe green,1,0.4632906810369093,power_puncher_vs_poor_defense,False,False,False,False,False,False,,False,False,False,False,True,False,True,False
2023-05-13,douglas silva de andrade,cody stamann,1,0.2534233832397175,fighter_moving_weight_classes,False,False,False,False,True,False,,False,False,True,False,False,False,False,True
2023-05-13,daniel rodriguez,ian machado garry,0,0.653363342879025,other,False,False,False,False,False,False,,False,False,False,False,False,False,False,False
2023-05-13,jailton almeida,jairzinho rozenstruik,1,0.4319727054492889,recent_decline,False,False,False,False,False,False,,True,False,False,False,True,False,False,False
2023-05-13,jessica-rose clark,tainara lisboa,0,0.640240811782212,ufc_debutant_or_very_low_experience,True,False,False,False,False,False,,False,False,False,False,False,True,False,False
2023-05-13,mandy bohm,ji yeon kim,1,0.4595776065632971,ufc_debutant_or_very_low_experience,True,False,False,False,True,False,,True,False,False,False,False,True,True,False
2023-05-20,karolina kowalkiewicz,vanessa demopoulos,1,0.4304436689037987,recent_improvement,False,False,False,False,False,False,,False,True,False,False,False,False,False,False
2023-05-20,gilbert urbina,orion cosce,1,0.436830012994497,ufc_debutant_or_very_low_experience,True,False,False,False,True,True,,False,False,False,False,False,True,False,False
2023-06-03,da'mon blackshear,luan lacerda,1,0.4338988986569221,ufc_debutant_or_very_low_experience,True,False,False,False,False,False,,False,False,False,False,False,True,False,False
2023-06-03,johnny munoz,daniel santos,0,0.5506408464537818,ufc_debutant_or_very_low_experience,True,False,False,False,False,False,,False,False,False,False,False,True,False,False
2023-06-03,jinh yu frey,elise reed,0,0.5510146324828048,other,False,False,False,False,False,False,,False,False,False,False,False,False,False,False
2023-06-03,jamie mullarkey,muhammad naimov,0,0.7026007065761805,ufc_debutant_or_very_low_experience,True,False,False,False,False,False,,False,False,False,False,False,True,False,True
2023-06-10,charles oliveira,beneil dariush,1,0.3620599482081339,recent_improvement,False,False,False,False,False,False,,False,True,False,True,False,False,False,False
2023-06-10,steve erceg,david dvorak,1,0.3689138063048611,ufc_debutant_or_very_low_experience,True,False,False,False,False,False,,True,False,False,False,False,True,False,False
2023-06-10,diana belbita,maria oliveira,1,0.4740969494784278,close_50_50_fight,False,False,False,False,False,False,,False,False,False,False,False,False,True,False
2023-06-10,blake bilder,kyle nelson,0,0.5313950585587135,ufc_debutant_or_very_low_experience,True,False,False,False,False,False,,False,False,False,False,False,True,True,False
2023-06-10,marc-andre barriault,eryk anders,1,0.4401521958161714,recent_improvement,False,False,False,False,False,False,,False,True,False,False,False,False,False,False
2023-06-10,miranda maverick,jasmine jasudavicius,0,0.7579204072260759,large_age_difference,False,True,False,False,False,False,,False,False,False,False,False,False,False,True
2023-06-17,denys bondar,carlos hernandez,0,0.750307664999846,ufc_debutant_or_very_low_experience,True,False,False,False,False,False,,False,False,False,False,False,True,False,True
2023-06-17,manuel torres,nikolas motta,1,0.4964248969521947,ufc_debutant_or_very_low_experience,True,False,False,False,False,False,,False,False,False,False,False,True,True,False
2023-06-17,jared cannonier,marvin vettori,1,0.3297773450951824,large_age_difference,False,True,False,False,False,False,,False,False,False,False,False,False,False,False
2023-06-17,muslim salikhov,nicolas dalby,0,0.5916132444179438,other,False,False,False,False,False,False,,False,False,False,False,False,False,False,False
2023-06-17,gabriella fernandes,tereza bleda,0,0.6106125142420107,ufc_debutant_or_very_low_experience,True,False,False,False,False,False,,False,False,False,False,False,True,False,False
2023-06-24,sedriques dumas,cody brundage,1,0.4361642369288611,ufc_debutant_or_very_low_experience,True,False,True,False,False,False,,False,False,False,False,False,True,False,False
2023-06-24,gabriel santos,david onama,0,0.610976204335317,ufc_debutant_or_very_low_experience,True,False,False,False,False,False,,False,False,False,False,False,True,False,False
2023-06-24,jack jenkins,jamall emmers,1,0.4098374152538829,ufc_debutant_or_very_low_experience,True,False,False,False,False,False,,False,False,False,False,False,True,False,False
2023-06-24,tabatha ricci,gillian robertson,1,0.4628120096584925,recent_improvement,False,False,False,False,False,False,,False,True,False,False,False,False,True,False
2023-06-24,chepe mariscal,trevor peek,1,0.326149402407855,ufc_debutant_or_very_low_experience,True,False,False,False,False,False,,False,False,False,False,False,True,False,False
2023-07-01,melissa gatto,ariane da silva,0,0.7131872202550299,recent_improvement,False,False,False,False,False,False,,False,True,False,False,False,False,False,True
2023-07-01,brunno ferreira,nursulton ruziboev,0,0.6296955461486149,ufc_debutant_or_very_low_experience,True,False,False,False,False,False,,False,False,False,False,False,True,False,False
2023-07-01,ismael bonfim,benoit saint denis,0,0.661322601821226,ufc_debutant_or_very_low_experience,True,False,False,False,False,False,,False,False,False,False,True,True,False,False
2023-07-01,kevin lee,rinat fakhretdinov,0,0.5416397030433971,ufc_debutant_or_very_low_experience,True,False,False,False,False,True,,True,False,False,False,False,True,True,False
2023-07-01,michael morales,max griffin,1,0.3800929574817074,ufc_debutant_or_very_low_experience,True,False,False,False,False,False,,False,False,False,False,False,True,False,False
2023-07-01,sean strickland,abus magomedov,1,0.3368456010519423,ufc_debutant_or_very_low_experience,True,False,False,False,True,False,,True,False,False,False,False,True,False,False
2023-07-08,alexandre pantoja,brandon moreno,1,0.2801086665751648,recent_improvement,False,False,False,False,False,False,,False,True,False,False,False,False,False,True
2023-07-08,dan hooker,jalin turner,1,0.4831267717216577,recent_decline,False,False,False,False,False,False,,True,False,False,False,True,False,True,False
2023-07-08,jimmy crute,alonzo menifield,0,0.5789771722851697,large_age_difference,False,True,False,False,False,False,,True,False,True,False,True,False,False,False
2023-07-08,kamuela kirk,esteban ribovics,0,0.5313233612999679,ufc_debutant_or_very_low_experience,True,False,True,False,True,False,,False,False,False,False,False,True,True,False
2023-07-08,niko price,robbie lawler,0,0.5112146191673711,recent_decline,False,False,False,False,False,False,,True,False,False,False,False,False,True,False
2023-07-08,marcin prachnio,vitor petrino,0,0.5532684035181523,ufc_debutant_or_very_low_experience,True,False,False,False,False,False,,False,True,True,False,False,True,False,False
2023-07-08,denise gomes,yazmin jauregui,1,0.3744443680107954,ufc_debutant_or_very_low_experience,True,False,False,False,False,False,,False,False,False,False,True,True,False,False
2023-07-15,carl deaton,alexander munoz,0,0.6039228057001877,ufc_debutant_or_very_low_experience,True,False,False,False,False,True,,False,False,False,False,False,True,False,False
2023-07-15,ailin perez,ashlee evans-smith,1,0.4833435858011223,ufc_debutant_or_very_low_experience,True,False,False,False,True,True,,False,False,False,False,False,True,True,False
2023-07-15,genaro valdez,evan elder,0,0.5032642130415911,ufc_debutant_or_very_low_experience,True,False,False,False,False,False,,False,False,False,False,False,True,True,False
2023-07-15,nazim sadykhov,terrance mckinney,1,0.3360710158159263,ufc_debutant_or_very_low_experience,True,False,False,False,False,False,,True,False,False,False,True,True,False,False
2023-07-15,ottman azaitar,francisco prado,0,0.5030162173769813,ufc_debutant_or_very_low_experience,True,True,False,False,False,False,,False,False,False,False,False,True,True,False
2023-07-15,tyson nam,azat maksum,0,0.6420107715698478,ufc_debutant_or_very_low_experience,True,False,False,False,False,False,,False,False,False,False,False,True,False,False
2023-07-15,viktoriia dudakova,istela nunes,1,0.4695057112472563,ufc_debutant_or_very_low_experience,True,False,False,False,False,False,,False,False,False,False,False,True,True,False
2023-07-22,yanal ashmouz,chris duncan,0,0.720805354290224,ufc_debutant_or_very_low_experience,True,False,False,False,False,False,,False,False,False,False,True,True,False,True
2023-07-22,jonny parsons,danny roberts,1,0.3200878608102129,ufc_debutant_or_very_low_experience,True,False,False,False,False,False,,True,False,False,False,False,True,False,False
2023-07-22,daniel marcos,davey grant,1,0.4097884269955809,ufc_debutant_or_very_low_experience,True,False,False,False,False,False,,False,False,False,False,False,True,False,False
2023-07-22,mick parkin,jamal pogues,1,0.2868813224896151,ufc_debutant_or_very_low_experience,True,False,False,False,False,False,,False,False,False,False,False,True,False,True
2023-07-22,molly mccann,julija stoliarenko,0,0.6827980060389163,fighter_moving_weight_classes,False,False,False,False,True,False,,False,False,False,True,False,False,False,False
2023-07-22,paul craig,andre muniz,1,0.2968469630973995,fighter_moving_weight_classes,False,False,False,False,True,False,,True,False,False,True,False,False,False,True
2023-07-22,bruna brasil,shauna bannon,1,0.3350338010152105,ufc_debutant_or_very_low_experience,True,False,False,False,False,False,,False,False,False,False,False,True,False,False
2023-07-29,marcos rogerio de lima,derrick lewis,0,0.5082094805484733,recent_decline,False,False,False,False,False,False,,True,False,False,False,True,False,True,False
2023-07-29,dustin poirier,justin gaethje,0,0.5296976844908211,close_50_50_fight,False,False,False,False,False,False,,False,False,False,False,False,False,True,False
2023-07-29,trevin giles,gabriel bonfim,0,0.6657984199196343,ufc_debutant_or_very_low_experience,True,False,False,False,False,False,,False,False,False,False,False,True,False,False
2023-07-29,king green,tony ferguson,1,0.4314217977159563,fighter_moving_weight_classes,False,False,False,False,True,False,,True,False,False,False,False,False,False,False
2023-08-05,billy quarantillo,damon jackson,1,0.4317570883085355,recent_decline,False,False,False,False,False,False,,True,False,False,False,False,False,False,False
2023-08-05,kennedy nzechukwu,dustin jacoby,0,0.6264642376921615,large_reach_difference,False,False,True,False,False,False,,True,True,False,False,False,False,False,False
2023-08-05,ludovit klein,ignacio bahamondes,1,0.3386789650651212,recent_improvement,False,False,False,False,False,False,,False,True,False,False,False,False,False,False
2023-08-05,carlston harris,jeremiah wells,1,0.4435167359380488,other,False,False,False,False,False,False,,False,False,False,False,False,False,False,False
2023-08-05,ode osbourne,asu almabayev,0,0.5875489420770375,ufc_debutant_or_very_low_experience,True,False,True,False,False,False,,False,False,False,False,False,True,False,False
2023-08-05,aleksa camur,tanner boser,0,0.5178350893902396,long_layoff,False,False,False,False,False,True,,False,False,False,False,False,False,True,False
2023-08-12,tafon nchukwi,aj dobson,0,0.6683038518875988,ufc_debutant_or_very_low_experience,True,False,False,False,True,False,,False,False,False,False,False,True,False,False
2023-08-12,hakeem dawodu,cub swanson,0,0.5799545641067155,fighter_moving_weight_classes,False,False,False,False,True,False,,True,False,False,False,False,False,False,False
2023-08-12,francis marshall,isaac dulgarian,0,0.604395331766427,ufc_debutant_or_very_low_experience,True,False,False,False,False,False,,False,False,False,False,False,True,False,False
2023-08-12,montserrat conejo ruiz,jaqueline amorim,0,0.5637913453966814,ufc_debutant_or_very_low_experience,True,False,False,False,False,True,,False,False,False,False,False,True,False,False
2023-08-12,khalil rountree jr.,chris daukaus,1,0.3022034911746901,fighter_moving_weight_classes,False,False,False,False,True,False,,True,True,False,False,False,False,False,False
2023-08-19,sean o'malley,aljamain sterling,1,0.2975128595240455,wrestler_vs_striker,False,False,False,False,False,False,,False,False,True,False,False,False,False,True
2023-08-19,chris weidman,brad tavares,0,0.6321460693674287,long_layoff,False,False,False,False,False,True,,True,False,False,False,False,False,False,False
2023-08-19,austin hubbard,kurt holobaugh,0,0.7404646750577488,long_layoff,False,False,False,False,False,True,,False,False,False,False,False,False,False,True
2023-08-19,ian machado garry,neil magny,1,0.3970018495520356,wrestler_vs_striker,False,False,False,False,False,False,,False,False,True,False,False,False,False,False
2023-08-26,anthony smith,ryan spann,1,0.4749618186008379,recent_decline,False,False,False,False,False,False,,True,False,False,True,False,False,True,False
2023-08-26,yusaku kinoshita,billy ray goff,0,0.5097554790252429,ufc_debutant_or_very_low_experience,True,False,False,False,False,False,,False,False,False,False,False,True,True,False
2023-08-26,giga chikadze,alex caceres,1,0.4837968071487533,long_layoff,False,False,False,False,False,True,,True,False,False,False,False,False,True,False
2023-08-26,rolando bedoya,song kenan,0,0.5630031573340581,ufc_debutant_or_very_low_experience,True,False,False,False,False,False,,True,False,False,False,False,True,False,False
2023-09-02,thiago moises,benoit saint denis,0,0.6187091918757321,recent_improvement,False,False,False,False,False,False,,False,True,False,True,False,False,False,False
2023-09-02,rose namajunas,manon fiorot,0,0.5213339528631878,fighter_moving_weight_classes,False,False,False,False,True,False,,False,False,False,False,False,False,True,False
2023-09-02,morgan charriere,manolo zecchini,1,0.4530528079720506,ufc_debutant_or_very_low_experience,True,False,False,False,False,False,,False,False,False,False,False,True,True,False
2023-09-02,nora cornolle,joselyne edwards,1,0.3372661321717747,ufc_debutant_or_very_low_experience,True,False,False,False,False,False,,False,True,False,False,False,True,False,False
2023-09-09,sean strickland,israel adesanya,1,0.2829759749637348,recent_decline,False,False,False,False,False,False,,True,False,False,False,False,False,False,True
2023-09-09,justin tafa,austen lane,1,0.4319896724198444,ufc_debutant_or_very_low_experience,True,False,False,False,False,False,,False,False,False,False,False,True,False,False
2023-09-09,kiefer crosbie,kevin jousset,0,0.5382665634328213,ufc_debutant_or_very_low_experience,True,False,False,False,False,False,,False,False,False,False,False,True,True,False
2023-09-09,gabriel miranda,shane young,1,0.3618064352323124,ufc_debutant_or_very_low_experience,True,False,False,False,True,False,,True,False,True,False,False,True,False,False
2023-09-16,alex reyes,charlie campbell,0,0.5864195822189482,ufc_debutant_or_very_low_experience,True,False,False,False,True,True,,False,False,False,False,False,True,False,False
2023-09-16,daniel zellhuber,christos giagos,1,0.3547653590727169,ufc_debutant_or_very_low_experience,True,False,False,False,False,False,,False,False,True,False,False,True,False,False
2023-09-16,josefine knutsson,marnic mann,1,0.4947627960656534,ufc_debutant_or_very_low_experience,True,False,False,False,False,False,,False,False,False,False,False,True,True,False
2023-09-23,jacob malkoun,cody brundage,0,0.6768367410235836,recent_decline,False,False,False,False,False,False,,True,False,False,False,False,False,False,False
2023-10-07,bill algeo,alexander hernandez,1,0.3603160239725005,fighter_moving_weight_classes,False,False,False,False,True,False,,True,False,False,False,False,False,False,False
2023-10-07,johnny munoz,aoriqileng,0,0.5811237480078543,recent_improvement,False,False,False,False,False,False,,False,True,False,False,False,False,False,False
2023-10-07,king green,grant dawson,1,0.2213092097485491,recent_decline,False,False,False,False,False,False,,True,False,False,False,False,False,False,True
2023-10-07,vanessa demopoulos,kanako murata,1,0.3407161467712806,ufc_debutant_or_very_low_experience,True,False,False,False,False,True,,False,False,True,False,False,True,False,False
2023-10-14,emily ducote,ashley yoder,1,0.4510688404848581,long_layoff,False,False,False,False,False,True,,False,False,False,False,False,False,True,False
2023-10-14,melissa mullins,irina alekseeva,1,0.4062041826354875,ufc_debutant_or_very_low_experience,True,False,False,False,False,False,,False,False,False,False,False,True,False,False
2023-10-14,jennifer maia,viviane araujo,0,0.5803641045229653,recent_decline,False,False,False,False,False,False,,True,False,False,False,False,False,False,False
2023-10-14,sodiq yusuff,edson barboza,0,0.6482940968044145,recent_decline,False,False,False,False,False,False,,True,False,False,False,False,False,False,False
2023-10-21,kamaru usman,khamzat chimaev,0,0.5010102163870708,fighter_moving_weight_classes,False,False,False,False,True,False,,True,False,False,False,False,False,True,False
2023-10-21,anshul jubli,mike breeden,0,0.6687561120611125,ufc_debutant_or_very_low_experience,True,False,False,False,False,False,,False,False,False,False,False,True,False,False
2023-10-21,nathaniel wood,muhammad naimov,0,0.6323193684588873,ufc_debutant_or_very_low_experience,True,False,False,False,True,False,,False,True,False,False,False,True,False,False
2023-10-21,bruno silva,shara magomedov,0,0.5792676503773196,ufc_debutant_or_very_low_experience,True,False,False,False,False,False,,False,False,False,False,False,True,False,False
2023-11-04,angela hill,denise gomes,1,0.4337482698744206,recent_improvement,False,False,False,False,False,False,,False,True,False,False,False,False,False,False
2023-11-04,gabriel bonfim,nicolas dalby,0,0.6070564355945092,ufc_debutant_or_very_low_experience,True,True,False,False,False,False,,False,True,False,False,False,True,False,False
2023-11-04,modestas bukauskas,vitor petrino,0,0.5136384692115229,ufc_debutant_or_very_low_experience,True,False,False,False,False,False,,False,False,False,False,False,True,True,False
2023-11-11,jamall emmers,dennis buzukja,1,0.4263919877712214,ufc_debutant_or_very_low_experience,True,True,False,False,False,False,,False,False,False,False,False,True,False,False
2023-11-11,pat sabatini,diego lopes,0,0.5409621618767908,ufc_debutant_or_very_low_experience,True,False,False,False,False,False,,False,False,False,False,False,True,True,False
2023-11-11,john castaneda,kyung ho kang,1,0.3421586404953491,fighter_moving_weight_classes,False,False,False,False,True,False,,False,False,False,False,False,False,False,False
2023-11-11,matt frevola,benoit saint denis,0,0.5132951213747675,recent_improvement,False,False,False,False,False,False,,False,True,False,False,True,False,True,False
2023-11-11,sergei pavlovich,tom aspinall,0,0.5419173216128254,large_reach_difference,False,False,True,False,False,False,,False,False,True,False,False,False,True,False
2023-11-11,steve erceg,alessandro costa,1,0.3967783913022663,ufc_debutant_or_very_low_experience,True,False,False,False,False,False,,False,False,True,False,False,True,False,False
2023-11-18,rafael estevam,charles johnson,1,0.4523812964388066,ufc_debutant_or_very_low_experience,True,False,False,False,False,False,,False,False,False,False,False,True,True,False
2023-11-18,jordan leavitt,chase hooper,0,0.5697705672874052,power_puncher_vs_poor_defense,False,False,False,False,False,False,,False,False,False,False,True,False,False,False
2023-11-18,lucas alexander,jeka saragih,0,0.6839152575334684,ufc_debutant_or_very_low_experience,True,False,False,False,True,False,,False,False,False,False,False,True,False,False
2023-11-18,joanderson brito,jonathan pearce,1,0.3228658957730624,recent_improvement,False,False,False,False,False,False,,False,True,False,False,False,False,False,False
2023-11-18,jake matthews,michael morales,0,0.5636923398326384,other,False,False,False,False,False,False,,False,False,False,False,False,False,False,False
2023-11-18,uros medic,myktybek orolbai,0,0.7681401345641781,ufc_debutant_or_very_low_experience,True,False,False,False,False,False,,False,False,False,False,False,True,False,True
2023-12-02,drakkar klose,joe solecki,1,0.4179751557451194,other,False,False,False,False,False,False,,False,False,False,False,False,False,False,False
2023-12-02,miesha tate,julia avila,1,0.4563141594690802,fighter_moving_weight_classes,False,False,False,False,True,True,,False,False,False,False,False,False,True,False
2023-12-02,dustin stoltzfus,punahele soriano,1,0.4110458612154249,other,False,False,False,False,False,False,,False,False,False,False,False,False,False,False
2023-12-02,rodolfo bellato,ihor potieria,1,0.4345356663141611,ufc_debutant_or_very_low_experience,True,False,False,False,False,False,,False,False,False,False,False,True,False,False
2023-12-02,veronica hardy,jamey-lyn horth,1,0.3637388545159873,ufc_debutant_or_very_low_experience,True,False,False,False,True,False,,False,True,False,False,False,True,False,False
2023-12-02,wellington turman,jared gooden,0,0.620467427505378,other,False,False,False,False,False,False,,False,False,False,False,False,False,False,False
2023-12-09,anthony smith,khalil rountree jr.,0,0.5562412519825367,recent_decline,False,False,False,False,False,False,,True,True,False,False,False,False,False,False
2023-12-09,kevin jousset,song kenan,1,0.4012029170177973,ufc_debutant_or_very_low_experience,True,False,False,False,False,False,,True,False,True,False,True,True,False,False
2023-12-09,steve garcia,melquizael costa,1,0.4751781596657046,ufc_debutant_or_very_low_experience,True,False,False,False,True,False,,False,False,False,False,False,True,True,False
2023-12-09,tim elliott,sumudaerji,1,0.3666565789915855,large_age_difference,False,True,True,False,True,False,,False,True,True,False,False,False,False,False
2023-12-16,ariane da silva,casey o'neill,1,0.4568239796518823,close_50_50_fight,False,False,False,False,False,False,,False,False,False,False,False,False,True,False
2023-12-16,irene aldana,karol rosa,1,0.4053453795573372,fighter_moving_weight_classes,False,False,False,False,True,False,,False,False,False,False,False,False,False,False
2023-12-16,bryce mitchell,josh emmett,0,0.7115926089953486,large_age_difference,False,True,False,False,False,False,,True,False,True,False,False,False,False,True
2023-12-16,shamil gaziev,martin buday,1,0.4143039237186071,ufc_debutant_or_very_low_experience,True,False,False,False,False,False,,False,False,False,False,False,True,False,False
2023-12-16,tagir ulanbekov,cody durden,1,0.4211607303754414,recent_improvement,False,False,False,False,False,False,,False,True,False,False,False,False,False,False
2023-12-16,tony ferguson,paddy pimblett,0,0.6234483263104673,recent_decline,False,False,False,False,False,False,,True,False,False,False,False,False,False,False
2024-01-13,taylor lapilus,farid basharat,0,0.5700959129557582,ufc_debutant_or_very_low_experience,True,False,False,False,False,False,,False,False,True,False,False,True,False,False
2024-01-13,gabriel benitez,jim miller,0,0.5213641406707253,recent_decline,False,False,False,False,False,False,,True,False,False,False,False,False,True,False
2024-01-13,preston parsons,matthew semelsberger,1,0.4194124197443035,recent_decline,False,False,False,False,False,False,,True,False,False,False,False,False,False,False
2024-01-13,tom nolan,nikolas motta,0,0.6367925477878266,ufc_debutant_or_very_low_experience,True,False,False,False,False,False,,False,False,False,False,False,True,False,False
2024-01-13,brunno ferreira,phil hawes,1,0.4134697848237765,ufc_debutant_or_very_low_experience,True,False,False,False,False,False,,True,False,True,False,False,True,False,False
2024-01-13,mario bautista,ricky simon,1,0.425746150645558,recent_improvement,False,False,False,False,False,False,,False,True,False,True,False,False,False,False
2024-01-20,brad katona,garrett armfield,0,0.5151555761041534,ufc_debutant_or_very_low_experience,True,False,False,False,False,False,,True,False,False,False,False,True,True,False
2024-01-20,sean woodson,charles jourdain,1,0.4188613683264032,large_reach_difference,False,False,True,False,False,False,,False,True,False,False,False,False,False,False
2024-01-20,jimmy flick,malcolm gordon,1,0.3373215904267415,grappler_vs_weak_submission_defense,False,False,False,False,False,False,,False,False,False,True,True,False,False,False
2024-01-20,yohan lainesse,sam patterson,0,0.7342852460545602,ufc_debutant_or_very_low_experience,True,False,False,False,True,False,,False,False,False,False,False,True,False,True
2024-02-03,landon quinones,marquel mederos,0,0.5742644045111615,ufc_debutant_or_very_low_experience,True,False,False,False,False,False,,False,False,False,False,False,True,False,False
2024-02-03,molly mccann,diana belbita,1,0.4398888392521896,large_reach_difference,False,False,True,False,True,False,,True,False,False,False,False,False,False,False
2024-02-10,bolaji oki,timmy cuamba,1,0.473227196697175,ufc_debutant_or_very_low_experience,True,False,False,False,False,False,,False,False,False,False,False,True,True,False
2024-02-10,gregory rodrigues,brad tavares,1,0.472402128637324,recent_decline,False,False,False,False,False,False,,True,False,False,False,False,False,True,False
2024-02-10,marcin prachnio,devin clark,1,0.4424646864346687,wrestler_vs_striker,False,False,False,False,False,False,,False,False,True,False,False,False,False,False
2024-02-10,joe pyfer,jack hermansson,0,0.5434376778016523,large_age_difference,False,True,False,False,False,False,,True,False,False,False,False,False,True,False
2024-02-10,jeremiah wells,max griffin,0,0.5210712901462771,close_50_50_fight,False,False,False,False,False,False,,False,False,False,False,False,False,True,False
2024-02-10,darrius flowers,michael johnson,0,0.6206849513016477,ufc_debutant_or_very_low_experience,True,True,False,False,True,False,,False,False,False,False,False,True,False,False
2024-02-10,ihor potieria,robert bryczek,1,0.4884575146195283,ufc_debutant_or_very_low_experience,True,False,False,False,True,False,,False,False,False,False,False,True,True,False
2024-02-10,carlos prates,trevin giles,1,0.4017675238716385,ufc_debutant_or_very_low_experience,True,False,False,False,False,False,,False,False,False,False,False,True,False,False
2024-02-10,zac pauga,bogdan guskov,0,0.6179128376038331,ufc_debutant_or_very_low_experience,True,False,False,False,False,False,,False,False,False,False,False,True,False,False
2024-02-17,ilia topuria,alexander volkanovski,1,0.4404438862714278,large_age_difference,False,True,False,False,True,False,,True,False,False,False,False,False,False,False
2024-02-17,junior tafa,marcos rogerio de lima,0,0.6732164125060681,ufc_debutant_or_very_low_experience,True,True,False,False,False,False,,False,False,False,False,False,True,False,False
2024-02-17,zhang mingyang,brendson ribeiro,1,0.4974920080945059,ufc_debutant_or_very_low_experience,True,False,True,False,False,False,,False,False,False,False,False,True,True,False
2024-02-24,brandon moreno,brandon royval,0,0.6441369286282572,other,False,False,False,False,False,False,,False,False,False,False,False,False,False,False
2024-02-24,daniel zellhuber,francisco prado,1,0.4634010911838385,ufc_debutant_or_very_low_experience,True,False,False,False,False,False,,False,False,False,False,False,True,True,False
2024-02-24,ronaldo rodriguez,denys bondar,1,0.4149363554930308,ufc_debutant_or_very_low_experience,True,False,False,False,False,False,,False,False,False,False,False,True,False,False
2024-02-24,victor altamirano,felipe dos santos,0,0.5506267771735907,ufc_debutant_or_very_low_experience,True,False,False,False,False,False,,False,False,False,False,False,True,False,False
2024-02-24,yair rodriguez,brian ortega,0,0.5161982306650232,long_layoff,False,False,False,False,False,True,,True,False,False,False,False,False,True,False
2024-02-24,sam hughes,yazmin jauregui,0,0.5001938508292274,recent_improvement,False,False,False,False,False,False,,False,True,False,False,False,False,True,False
2024-03-02,javid basharat,aiemann zahabi,0,0.5296848121270251,recent_improvement,False,False,False,False,False,False,,False,True,False,False,False,False,True,False
2024-03-02,alex perez,muhammad mokaev,0,0.5609808280143621,long_layoff,False,False,False,False,False,True,,True,False,False,False,False,False,False,False
2024-03-02,shamil gaziev,jairzinho rozenstruik,0,0.5888420333267239,ufc_debutant_or_very_low_experience,True,False,False,False,False,False,,True,False,False,False,False,True,False,False
2024-03-02,vinicius oliveira,benardo sopaj,1,0.4442376060128614,ufc_debutant_or_very_low_experience,True,False,False,False,False,False,,False,False,False,False,False,True,False,False
2024-03-09,philipe lins,ion cutelaba,1,0.3342183501360036,large_age_difference,False,True,False,False,False,False,,False,True,False,False,True,False,False,False
2024-03-09,maryna moroz,joanne wood,0,0.5679684538599171,recent_decline,False,False,False,False,False,False,,True,False,False,False,False,False,False,False
2024-03-09,kevin holland,michael page,0,0.8267964197348974,ufc_debutant_or_very_low_experience,True,False,False,False,False,False,,False,False,False,False,False,True,False,True
2024-03-09,petr yan,song yadong,1,0.3839000521219735,recent_decline,False,False,False,False,False,False,,True,False,False,False,False,False,False,False
2024-03-09,josh parisian,robelis despaigne,0,0.5541210925549347,ufc_debutant_or_very_low_experience,True,False,False,False,False,False,,False,False,False,False,False,True,False,False
2024-03-16,jafel filho,ode osbourne,1,0.4988443261504363,ufc_debutant_or_very_low_experience,True,False,False,False,False,False,,False,False,False,True,True,True,True,False
2024-03-16,cory mckenna,jaqueline amorim,0,0.5038065160305184,ufc_debutant_or_very_low_experience,True,False,True,False,False,False,,False,False,False,False,False,True,True,False
2024-03-16,josh culibao,danny silva,0,0.6776861620579048,ufc_debutant_or_very_low_experience,True,False,False,False,False,False,,False,False,False,False,False,True,False,False
2024-03-16,josiane nunes,chelsea chandler,0,0.5487511278859112,ufc_debutant_or_very_low_experience,True,False,False,False,True,False,,False,False,False,False,False,True,True,False
2024-03-16,kennedy nzechukwu,ovince saint preux,0,0.6832194451211947,large_age_difference,False,True,False,False,False,False,,True,False,False,True,False,False,False,False
2024-03-16,marcin tybura,tai tuivasa,1,0.4017973396239545,recent_decline,False,False,False,False,False,False,,True,False,False,False,False,False,False,False
2024-03-23,amanda ribas,rose namajunas,0,0.5111312503336136,fighter_moving_weight_classes,False,False,False,False,True,False,,True,False,False,False,False,False,True,False
2024-03-23,jarno errens,steven nguyen,1,0.3926587270979242,ufc_debutant_or_very_low_experience,True,False,False,False,False,False,,False,False,False,False,False,True,False,False
2024-03-23,justin tafa,karl williams,0,0.5180495874988139,ufc_debutant_or_very_low_experience,True,False,False,False,False,False,,False,True,True,False,False,True,True,False
2024-03-23,daria zhelezniakova,montse rendon,1,0.4392809464280877,ufc_debutant_or_very_low_experience,True,False,False,False,False,False,,False,False,False,False,False,True,False,False
2024-03-23,payton talbott,cameron saaiman,1,0.4995621945395966,ufc_debutant_or_very_low_experience,True,False,False,False,False,False,,False,False,False,False,False,True,True,False
2024-03-23,ricardo ramos,julian erosa,0,0.5867706248042398,recent_decline,False,False,False,False,False,False,,True,False,False,False,False,False,False,False
2024-03-30,kyle nelson,bill algeo,1,0.3408408717668528,recent_improvement,False,False,False,False,False,False,,False,True,False,False,False,False,False,False
2024-03-30,rhys mckee,chidi njokuani,0,0.5370913843511305,fighter_moving_weight_classes,False,False,False,False,True,False,,True,False,False,False,False,False,True,False
2024-03-30,anton turkalj,ibo aslan,0,0.6016368486428344,ufc_debutant_or_very_low_experience,True,False,False,False,False,False,,False,False,False,False,False,True,False,False
2024-03-30,joaquin buckley,vicente luque,1,0.4067343795073964,recent_decline,False,False,False,False,False,False,,True,False,False,False,False,False,False,False
2024-03-30,loopy godinez,virna jandiroba,0,0.5679385871527282,recent_improvement,False,False,False,False,False,False,,False,True,False,False,False,False,False,False
2024-04-06,alexander hernandez,damon jackson,0,0.5577805578030612,recent_decline,False,False,False,False,False,False,,True,False,False,False,False,False,False,False
2024-04-06,dan argueta,jean matsumoto,0,0.5814907541160991,ufc_debutant_or_very_low_experience,True,False,False,False,False,False,,False,False,False,False,False,True,False,False
2024-04-06,dylan budka,cesar almeida,0,0.5378169739689126,ufc_debutant_or_very_low_experience,True,False,False,False,False,False,,False,False,False,False,False,True,True,False
2024-04-06,nora cornolle,melissa mullins,1,0.4391038738625123,ufc_debutant_or_very_low_experience,True,False,False,False,False,False,,False,False,False,False,False,True,False,False
2024-04-06,pedro falcao,victor hugo,0,0.5166729123974978,ufc_debutant_or_very_low_experience,True,False,False,False,False,False,,False,False,False,False,False,True,True,False
2024-04-13,alex pereira,jamahal hill,1,0.4696904588368531,close_50_50_fight,False,False,False,False,False,False,,False,False,False,False,False,False,True,False
2024-04-13,holly holm,kayla harrison,0,0.7898902154940879,ufc_debutant_or_very_low_experience,True,False,False,False,False,False,,False,False,False,False,False,True,False,True
2024-04-13,jessica andrade,marina rodriguez,1,0.4961931977854585,recent_decline,False,False,False,False,False,False,,True,False,True,False,False,False,True,False
2024-04-13,max holloway,justin gaethje,1,0.4986786428442358,fighter_moving_weight_classes,False,False,False,False,True,False,,False,False,False,False,False,False,True,False
2024-04-13,diego lopes,sodiq yusuff,1,0.4097426198149476,other,False,False,False,False,False,False,,False,False,False,False,False,False,False,False
2024-04-27,austen lane,jhonata diniz,0,0.5891431622339265,ufc_debutant_or_very_low_experience,True,False,False,False,False,False,,False,False,False,False,False,True,False,False
2024-04-27,caio machado,don'tale mayes,0,0.547796928078339,ufc_debutant_or_very_low_experience,True,False,False,False,False,False,,False,False,False,False,False,True,True,False
2024-04-27,maheshate,gabriel benitez,1,0.2972365285940163,major_upset,False,False,False,False,False,False,,False,False,False,False,False,False,False,True
2024-04-27,david onama,jonathan pearce,1,0.225715097425631,wrestler_vs_striker,False,False,False,False,False,False,,False,False,True,False,False,False,False,True
2024-04-27,rani yahya,victor henry,0,0.5031962450995455,wrestler_vs_striker,False,False,False,False,False,False,,False,False,True,False,False,False,True,False
2024-04-27,bogdan guskov,ryan spann,1,0.3151080333371007,ufc_debutant_or_very_low_experience,True,False,False,False,False,False,,True,False,False,False,False,True,False,False
2024-05-04,ismael bonfim,vinc pichel,1,0.4711754233539777,ufc_debutant_or_very_low_experience,True,False,False,False,False,True,,False,False,False,False,False,True,True,False
2024-05-04,jack shore,joanderson brito,0,0.5632547370040986,recent_improvement,False,False,False,False,False,False,,False,True,False,True,False,False,False,False
2024-05-04,jose aldo,jonathan martinez,1,0.3140933124244566,long_layoff,False,False,False,False,False,True,,False,True,False,False,False,False,False,False
2024-05-04,iasmin lucindo,karolina kowalkiewicz,1,0.3779216429229878,recent_improvement,False,False,False,False,False,False,,False,True,True,True,False,False,False,False
2024-05-04,mauricio ruffy,jamie mullarkey,1,0.3915311321125735,ufc_debutant_or_very_low_experience,True,False,False,False,False,False,,False,False,False,False,False,True,False,False
2024-05-11,rodrigo nascimento,derrick lewis,0,0.6018715201100631,recent_decline,False,False,False,False,False,False,,True,True,False,False,True,False,False,False
2024-05-11,diego ferreira,mateusz rebecki,1,0.3891094213410029,large_reach_difference,False,False,True,False,False,False,,True,False,True,False,False,False,False,False
2024-05-11,jj aldrich,veronica hardy,0,0.712948950564786,recent_improvement,False,False,False,False,False,False,,False,True,False,False,False,False,False,True
2024-05-11,nursulton ruziboev,joaquin buckley,0,0.5396462456435365,ufc_debutant_or_very_low_experience,True,False,False,False,True,False,,False,True,False,False,False,True,True,False
2024-05-11,esteban ribovics,terrance mckinney,1,0.3681151442338047,ufc_debutant_or_very_low_experience,True,False,False,False,False,False,,False,False,False,False,False,True,False,False
2024-05-18,angela hill,luana pinheiro,1,0.3263281807916841,recent_improvement,False,False,False,False,False,False,,False,True,True,False,False,False,False,False
2024-05-18,oumar sy,tuco tokkos,1,0.46544989779973,ufc_debutant_or_very_low_experience,True,False,False,False,False,False,,False,False,False,False,False,True,True,False
2024-05-18,piera rodriguez,ariane carnelossi,0,0.5639366086282886,long_layoff,False,False,False,False,False,True,,False,False,False,True,False,False,False,False
2024-06-01,roman kopylov,cesar almeida,1,0.4890645582415772,ufc_debutant_or_very_low_experience,True,False,False,False,False,False,,False,False,False,False,False,True,True,False
2024-06-01,niko price,alex morono,1,0.3991757588119678,other,False,False,False,False,False,False,,False,False,False,False,False,False,False,False
2024-06-08,carlos prates,charles radtke,1,0.4453437540876885,ufc_debutant_or_very_low_experience,True,False,True,False,False,False,,False,False,False,False,True,True,False,False
2024-06-08,denise gomes,eduarda moura,1,0.2264706763109719,ufc_debutant_or_very_low_experience,True,False,False,False,False,False,,False,False,False,False,True,True,False,True
2024-06-08,john castaneda,daniel marcos,0,0.5535166900881938,ufc_debutant_or_very_low_experience,True,False,False,False,False,False,,False,False,False,False,False,True,False,False
2024-06-08,julian marquez,zach reese,0,0.6699819342693767,ufc_debutant_or_very_low_experience,True,False,False,False,False,False,,False,False,False,False,False,True,False,False
2024-06-08,punahele soriano,miguel baeza,1,0.3325768657958611,fighter_moving_weight_classes,False,False,False,False,True,True,,True,False,False,False,False,False,False,False
2024-06-08,ricky turcios,raul rosas jr.,0,0.5443780908870836,long_layoff,False,False,False,False,False,True,,False,False,False,False,False,False,True,False
2024-06-08,puja tomar,rayanne dos santos,1,0.3266013334649901,ufc_debutant_or_very_low_experience,True,False,False,False,False,False,,False,False,False,False,False,True,False,False
2024-06-15,garrett armfield,brady hiestand,0,0.5216232320623184,wrestler_vs_striker,False,False,False,False,False,False,,False,False,True,False,False,False,True,False
2024-06-15,jeka saragih,westin wilson,0,0.6306164189477884,ufc_debutant_or_very_low_experience,True,False,False,False,False,False,,False,False,False,False,False,True,False,False
2024-06-15,timmy cuamba,lucas almeida,0,0.5375723397735964,ufc_debutant_or_very_low_experience,True,False,False,False,True,False,,False,False,False,False,False,True,True,False
2024-06-22,volkan oezdemir,johnny walker,1,0.4424209178376076,large_reach_difference,False,False,True,False,False,False,,False,False,False,False,False,False,False,False
2024-06-22,brendson ribeiro,magomed gadzhiyasulov,0,0.5659837730837526,ufc_debutant_or_very_low_experience,True,False,False,False,False,False,,False,False,False,False,False,True,False,False
2024-06-22,muhammad naimov,felipe lima,0,0.7636581351317898,ufc_debutant_or_very_low_experience,True,False,False,False,False,False,,False,False,False,False,False,True,False,True
2024-06-22,alexander volkov,sergei pavlovich,1,0.3776653523276509,recent_improvement,False,False,False,False,False,False,,False,True,False,False,False,False,False,False
2024-06-22,xiao long,changho lee,0,0.5166729123974978,ufc_debutant_or_very_low_experience,True,False,False,False,False,False,,False,False,False,False,False,True,True,False
2024-06-29,martin buday,andrei arlovski,1,0.4206142386070072,recent_decline,False,False,False,False,False,False,,True,False,False,False,False,False,False,False
2024-06-29,roman dolidze,anthony smith,1,0.444838500990364,fighter_moving_weight_classes,False,False,False,False,True,False,,True,False,False,False,False,False,False,False
2024-06-29,charles jourdain,jean silva,0,0.6450174447816526,ufc_debutant_or_very_low_experience,True,True,False,False,False,False,,False,False,True,False,False,True,False,False
2024-06-29,andre fili,cub swanson,1,0.4706174341205635,wrestler_vs_striker,False,False,False,False,False,False,,False,False,True,False,False,False,True,False
2024-06-29,diego lopes,dan ige,1,0.4425074940919342,fighter_moving_weight_classes,False,False,False,False,True,False,,False,True,False,False,False,False,False,False
2024-06-29,carlos hernandez,rei tsuruya,0,0.5292891763512714,ufc_debutant_or_very_low_experience,True,False,False,False,False,False,,False,False,False,False,False,True,True,False
2024-06-29,ricky simon,vinicius oliveira,0,0.6305253763783483,ufc_debutant_or_very_low_experience,True,False,False,False,False,False,,True,False,False,False,False,True,False,False
2024-07-13,jean silva,drew dober,1,0.3224828729642513,ufc_debutant_or_very_low_experience,True,True,False,False,True,False,,True,False,False,False,False,True,False,False
2024-07-13,darrius flowers,evan elder,0,0.6038438641627912,ufc_debutant_or_very_low_experience,True,False,False,False,True,False,,False,False,False,False,False,True,False,False
2024-07-13,charles johnson,joshua van,1,0.2854884481257916,large_age_difference,False,True,False,False,False,False,,False,False,False,False,False,False,False,True
2024-07-13,julian erosa,christian rodriguez,1,0.2940006101454661,large_age_difference,False,True,False,False,False,False,,False,True,False,False,False,False,False,True
2024-07-13,tracy cortez,rose namajunas,0,0.5051968532005037,recent_decline,False,False,False,False,False,False,,True,False,False,False,False,False,True,False
2024-07-13,muslim salikhov,santiago ponzinibbio,1,0.4606666008408217,recent_decline,False,False,False,False,False,False,,True,False,False,False,False,False,True,False
2024-07-20,virna jandiroba,amanda lemos,1,0.467617032790699,recent_improvement,False,False,False,False,False,False,,False,True,False,False,False,False,True,False
2024-07-20,cody gibson,brian kelleher,1,0.3845487106855511,recent_decline,False,False,False,False,False,False,,True,False,False,False,False,False,False,False
2024-07-20,bruno silva,cody durden,1,0.4198618022197063,large_reach_difference,False,False,True,True,True,False,,True,False,False,False,False,False,False,False
2024-07-20,dooho choi,bill algeo,1,0.4397575421476338,recent_decline,False,False,False,False,False,False,,True,False,False,False,False,False,False,False
2024-07-20,hyder amil,jeongyeong lee,1,0.4910588617843575,ufc_debutant_or_very_low_experience,True,False,False,False,False,False,,False,False,False,False,False,True,True,False
2024-07-20,kurt holobaugh,kaynan kruschewsky,1,0.4983885229187603,ufc_debutant_or_very_low_experience,True,False,False,False,False,False,,False,False,False,False,False,True,True,False
2024-07-27,caolan loughran,jake hadley,0,0.6018049137738319,ufc_debutant_or_very_low_experience,True,False,False,False,True,False,,False,False,False,False,False,True,False,False
2024-07-27,king green,paddy pimblett,0,0.5799976012988689,other,False,False,False,False,False,False,,False,False,False,False,False,False,False,False
2024-07-27,belal muhammad,leon edwards,1,0.2982475270316012,major_upset,False,False,False,False,False,False,,False,False,False,False,False,False,False,True
2024-07-27,bruna brasil,molly mccann,1,0.3280135310141335,recent_decline,False,False,False,False,False,False,,True,False,False,False,False,False,False,False
2024-07-27,preston parsons,oban elliott,0,0.5503024929411796,ufc_debutant_or_very_low_experience,True,False,False,False,False,False,,False,False,False,False,False,True,False,False
2024-07-27,kiefer crosbie,sam patterson,0,0.5902168911455484,ufc_debutant_or_very_low_experience,True,False,False,False,False,False,,False,False,True,False,False,True,False,False
2024-07-27,shauna bannon,alice ardelean,1,0.4810750214544461,ufc_debutant_or_very_low_experience,True,False,False,False,False,False,,False,False,False,False,False,True,True,False
2024-08-03,loopy godinez,mackenzie dern,0,0.5334005063342846,recent_decline,False,False,False,False,False,False,,True,False,False,False,False,False,True,False
2024-08-03,deiveson figueiredo,marlon vera,1,0.4964824555926207,recent_decline,False,False,False,False,False,False,,True,False,False,False,False,False,True,False
2024-08-03,shara magomedov,michal oleksiejczuk,1,0.4823008912096339,ufc_debutant_or_very_low_experience,True,False,False,False,False,False,,True,False,False,False,True,True,True,False
2024-08-10,karl williams,jhonata diniz,0,0.6307411969340847,ufc_debutant_or_very_low_experience,True,False,False,False,False,False,,False,False,False,False,False,True,False,False
2024-08-10,stephanie luciano,talita alencar,1,0.3406891685935832,ufc_debutant_or_very_low_experience,True,False,False,False,False,False,,False,False,False,False,False,True,False,False
2024-08-10,charalampos grigoriou,toshiomi kazama,0,0.6091174486489251,ufc_debutant_or_very_low_experience,True,False,False,False,False,False,,False,False,True,False,False,True,False,False
2024-08-10,chelsea chandler,yana santos,0,0.6244025766398874,fighter_moving_weight_classes,False,False,False,False,True,False,,True,False,False,False,False,False,False,False
2024-08-17,luana santos,casey o'neill,0,0.6949875246925047,recent_decline,False,False,False,False,False,False,,True,False,False,False,False,False,False,False
2024-08-17,valter walker,junior tafa,1,0.3229222003640234,ufc_debutant_or_very_low_experience,True,False,False,False,False,False,,False,False,False,False,False,True,False,False
2024-08-17,dan hooker,mateusz gamrot,1,0.3155083099857081,recent_improvement,False,False,False,False,False,False,,False,True,True,False,False,False,False,False
2024-08-17,ricky glenn,song kenan,0,0.518115378102014,fighter_moving_weight_classes,False,False,False,False,True,False,,True,False,False,False,False,False,True,False
2024-08-17,jairzinho rozenstruik,tai tuivasa,1,0.4703063186257866,recent_decline,False,False,False,False,False,False,,True,False,False,False,True,False,True,False
2024-08-24,francis marshall,dennis buzukja,1,0.42790912980295,fighter_moving_weight_classes,False,False,False,False,True,False,,False,False,False,False,False,False,False,False
2024-08-24,gerald meerschaert,edmen shahbazyan,1,0.432559896791545,large_age_difference,False,True,False,False,False,False,,True,False,False,False,False,False,False,False
2024-08-24,caio borralho,jared cannonier,1,0.4715792434100075,close_50_50_fight,False,False,False,False,False,False,,False,False,False,False,False,False,True,False
2024-08-24,mairon santos,kaan ofli,1,0.4530528079720506,ufc_debutant_or_very_low_experience,True,False,False,False,False,False,,False,False,False,False,False,True,True,False
2024-08-24,michael morales,neil magny,1,0.4432023420173059,wrestler_vs_striker,False,False,False,False,False,False,,False,False,True,False,False,False,False,False
2024-08-24,robert valentin,ryan loder,0,0.5859287426783167,ufc_debutant_or_very_low_experience,True,False,False,False,False,False,,False,False,False,False,False,True,False,False
2024-08-24,victoria leonardo,wang cong,0,0.5951406984150457,ufc_debutant_or_very_low_experience,True,False,False,False,False,False,,False,False,False,False,False,True,False,False
2024-09-07,gabriel santos,yizha,1,0.4790093667985142,ufc_debutant_or_very_low_experience,True,False,False,False,False,True,,False,False,False,False,False,True,True,False
2024-09-07,zygimantas ramaska,nathan fletcher,0,0.5283842145999722,ufc_debutant_or_very_low_experience,True,False,False,False,False,False,,False,False,False,False,False,True,True,False
2024-09-14,alexa grasso,valentina shevchenko,0,0.512326646384117,recent_improvement,False,False,False,False,False,False,,False,True,True,False,False,False,True,False
2024-09-14,ode osbourne,ronaldo rodriguez,0,0.5817111272529362,ufc_debutant_or_very_low_experience,True,False,False,False,False,False,,False,False,False,False,True,True,False,False
2024-09-14,merab dvalishvili,sean o'malley,1,0.4098170804387618,wrestler_vs_striker,False,False,False,False,False,False,,False,False,True,False,False,False,False,False
2024-09-28,ailin perez,daria zhelezniakova,1,0.4525854744619587,ufc_debutant_or_very_low_experience,True,False,False,False,False,False,,False,True,True,False,False,True,True,False
2024-09-28,bryan battle,kevin jousset,1,0.4444773569155397,ufc_debutant_or_very_low_experience,True,False,False,False,False,False,,False,False,False,False,False,True,False,False
2024-09-28,nassourdine imavov,brendan allen,1,0.3800099635239548,other,False,False,False,False,False,False,,False,False,False,False,False,False,False,False
2024-09-28,da woon jung,oumar sy,0,0.6210915669679781,ufc_debutant_or_very_low_experience,True,False,False,False,False,False,,True,False,False,False,True,True,False,False
2024-10-05,tecia pennington,carla esparza,1,0.3288916360291027,long_layoff,False,False,False,False,False,True,,True,False,True,False,False,False,False,False
2024-10-05,ihor potieria,cesar almeida,0,0.5045468483430935,ufc_debutant_or_very_low_experience,True,False,False,False,False,False,,False,False,False,False,True,True,True,False
2024-10-05,tim means,court mcgee,0,0.5048344661968159,recent_decline,False,False,False,False,False,False,,True,False,False,False,False,False,True,False
2024-10-05,marina rodriguez,iasmin lucindo,0,0.5252641248028658,recent_decline,False,False,False,False,False,False,,True,True,True,False,False,False,True,False
2024-10-05,julianna pena,raquel pennington,1,0.3903396497832571,long_layoff,False,False,False,False,False,True,,False,True,False,False,False,False,False,False
2024-10-05,kevin holland,roman dolidze,0,0.640143898765701,fighter_moving_weight_classes,False,False,False,False,True,False,,True,False,False,False,False,False,False,False
2024-10-12,brandon royval,tatsuro taira,1,0.2773611129971657,wrestler_vs_striker,False,False,False,False,False,False,,False,False,True,False,False,False,False,True
2024-10-12,chidi njokuani,jared gooden,1,0.4538615865943085,close_50_50_fight,False,False,False,False,False,False,,False,False,False,False,False,False,True,False
2024-10-12,cj vergara,ramazan temirov,0,0.5460219924085792,ufc_debutant_or_very_low_experience,True,False,False,False,False,False,,False,False,False,False,False,True,True,False
2024-10-12,cody haddon,dan argueta,1,0.4449324663489864,ufc_debutant_or_very_low_experience,True,False,False,False,False,False,,False,False,False,False,False,True,False,False
2024-10-12,jonathan pearce,pat sabatini,0,0.5815502844074592,recent_decline,False,False,False,False,False,False,,True,False,False,True,False,False,False,False
2024-10-12,julia polastri,cory mckenna,1,0.4254994933024885,ufc_debutant_or_very_low_experience,True,False,False,False,False,False,,False,False,False,False,False,True,False,False
2024-10-19,anthony hernandez,michel pereira,1,0.4036558663074848,recent_improvement,False,False,False,False,False,False,,False,True,False,False,False,False,False,False
2024-10-19,jake hadley,cameron smotherman,0,0.529891971748964,ufc_debutant_or_very_low_experience,True,False,False,False,False,False,,False,False,False,False,False,True,True,False
2024-10-19,elise reed,jessica penne,1,0.4845189105879282,long_layoff,False,False,False,False,False,True,,False,False,False,False,False,False,True,False
2024-10-19,melissa martinez,alice ardelean,1,0.3523080635685859,ufc_debutant_or_very_low_experience,True,False,False,False,False,True,,False,False,False,False,False,True,False,False
2024-10-19,rob font,kyler phillips,1,0.3088411466389745,recent_decline,False,False,False,False,False,False,,True,False,True,False,False,False,False,False
2024-10-26,mateusz rebecki,myktybek orolbai,1,0.4364811068089647,ufc_debutant_or_very_low_experience,True,False,False,False,True,False,,False,False,False,False,False,True,False,False
2024-11-02,brendson ribeiro,caio machado,1,0.4786854351279935,ufc_debutant_or_very_low_experience,True,False,False,False,True,False,,False,False,True,False,False,True,True,False
2024-11-02,charles jourdain,victor henry,1,0.3565022546823239,fighter_moving_weight_classes,False,False,False,False,True,False,,False,False,False,False,False,False,False,False
2024-11-02,rose namajunas,erin blanchfield,0,0.6606383576071284,other,False,False,False,False,False,False,,False,False,False,False,False,False,False,False
2024-11-02,youssef zalal,jack shore,1,0.4280911456093853,recent_decline,False,False,False,False,False,False,,True,False,False,True,False,False,False,False
2024-11-02,serhiy sidey,garrett armfield,1,0.4355897064883656,ufc_debutant_or_very_low_experience,True,False,False,False,False,False,,False,False,False,False,False,True,False,False
2024-11-09,da'mon blackshear,cody stamann,1,0.3607545366450216,recent_decline,False,False,False,False,False,False,,True,False,False,True,False,False,False,False
2024-11-09,reinier de ridder,gerald meerschaert,1,0.2609098857719893,ufc_debutant_or_very_low_experience,True,False,False,False,False,False,,False,False,False,False,False,True,False,True
2024-11-09,karolina kowalkiewicz,denise gomes,0,0.547759070871463,close_50_50_fight,False,False,False,False,False,False,,False,False,False,False,False,False,True,False
2024-11-09,dusko todorovic,mansur abdul-malik,0,0.6236329530909525,ufc_debutant_or_very_low_experience,True,False,False,False,False,True,,False,False,False,False,False,True,False,False
2024-11-09,charles radtke,matthew semelsberger,1,0.4324085470212371,recent_decline,False,False,False,False,False,False,,True,False,False,False,False,False,False,False
2024-11-16,jim miller,damon jackson,1,0.4197848646548565,fighter_moving_weight_classes,False,False,False,False,True,False,,True,False,False,False,False,False,False,False
2024-11-16,marcus mcghee,jonathan martinez,1,0.3326182199880512,other,False,False,False,False,False,False,,False,False,False,False,False,False,False,False
2024-11-16,mickey gall,ramiz brahimaj,0,0.5584165534673602,recent_decline,False,False,False,False,False,False,,True,False,False,False,False,False,False,False
2024-11-16,karine silva,viviane araujo,0,0.7280091631021656,recent_decline,False,False,False,False,False,False,,True,False,False,False,False,False,False,True
2024-11-23,kiru sahota,donghun choi,0,0.5184756038468734,ufc_debutant_or_very_low_experience,True,False,False,False,False,False,,False,False,False,False,False,True,True,False
2024-11-23,lone'er kavanagh,jose ochoa,1,0.4086220992874595,ufc_debutant_or_very_low_experience,True,False,False,False,False,False,,False,False,False,False,False,True,False,False
2024-11-23,gabriella fernandes,wang cong,1,0.341124929562976,ufc_debutant_or_very_low_experience,True,False,False,False,False,False,,False,False,False,False,False,True,False,False
2024-11-23,xiao long,quang le,1,0.4219947571646188,ufc_debutant_or_very_low_experience,True,False,False,False,False,False,,False,False,False,False,False,True,False,False
2024-11-23,tabatha ricci,yan xiaonan,0,0.5630687983912144,wrestler_vs_striker,False,False,False,False,False,False,,False,False,True,False,False,False,False,False
2024-12-07,eryk anders,chris weidman,1,0.2308690242192646,fighter_moving_weight_classes,False,False,False,False,True,False,,True,False,False,False,False,False,False,True
2024-12-07,bryan battle,randy brown,1,0.2980234534669351,recent_improvement,False,False,False,False,False,False,,False,True,False,False,False,False,False,True
2024-12-14,adrian yanez,daniel marcos,0,0.5148755678722537,recent_decline,False,False,False,False,False,False,,True,False,False,False,False,False,True,False
2024-12-14,cub swanson,billy quarantillo,1,0.4752282358653475,recent_decline,False,False,False,False,False,False,,True,False,False,False,False,False,True,False
2024-12-14,piera rodriguez,josefine knutsson,1,0.42721940937454,ufc_debutant_or_very_low_experience,True,False,False,False,False,False,,False,False,False,False,False,True,False,False
2024-12-14,miles johns,felipe lima,0,0.5499368558895282,ufc_debutant_or_very_low_experience,True,False,False,False,True,False,,False,True,False,False,False,True,True,False
2024-12-14,navajo stirling,tuco tokkos,1,0.40413413915538,ufc_debutant_or_very_low_experience,True,False,False,False,False,False,,False,False,False,False,False,True,False,False
2025-01-11,abdul razak alhassan,cesar almeida,0,0.5158639146834693,close_50_50_fight,False,False,False,False,False,False,,False,False,False,False,False,False,True,False
2025-01-11,jose johnson,felipe bunes,0,0.6135858393460948,ufc_debutant_or_very_low_experience,True,False,False,False,False,False,,False,False,False,False,False,True,False,False
2025-01-11,mackenzie dern,amanda ribas,1,0.3480500016240662,fighter_moving_weight_classes,False,False,False,False,True,False,,True,False,False,False,False,False,False,False
2025-01-11,magomed gadzhiyasulov,bruno lopes,0,0.6854656835754869,ufc_debutant_or_very_low_experience,True,False,False,False,False,False,,False,False,False,False,False,True,False,False
2025-01-11,ihor potieria,marco tulio,0,0.5213713605600866,ufc_debutant_or_very_low_experience,True,False,False,False,False,False,,False,False,False,False,False,True,True,False
2025-01-11,joe solecki,nurullo aliev,0,0.7015729600926349,ufc_debutant_or_very_low_experience,True,False,False,False,False,True,,True,False,False,False,False,True,False,True
2025-01-11,jacobe smith,preston parsons,1,0.3815289643353913,ufc_debutant_or_very_low_experience,True,False,False,False,False,False,,False,False,False,False,False,True,False,False
2025-01-11,uros medic,punahele soriano,0,0.59244796398996,other,False,False,False,False,False,False,,False,False,False,False,False,False,False,False
2025-01-11,santiago ponzinibbio,carlston harris,1,0.4901511246172296,recent_decline,False,False,False,False,False,False,,True,False,False,False,False,False,True,False
2025-01-18,jiri prochazka,jamahal hill,1,0.4617563993413814,recent_decline,False,False,False,False,False,False,,True,False,False,False,True,False,True,False
2025-01-18,merab dvalishvili,umar nurmagomedov,1,0.48951956032064,close_50_50_fight,False,False,False,False,False,False,,False,False,False,False,False,False,True,False
2025-01-18,raoni barcelos,payton talbott,1,0.4560226934366688,recent_decline,False,False,False,False,False,False,,True,False,False,False,False,False,True,False
2025-01-18,zach reese,azamat bekoev,0,0.6296042726155514,ufc_debutant_or_very_low_experience,True,False,False,False,False,False,,False,False,False,False,False,True,False,False
2025-02-01,bogdan grad,lucas alexander,1,0.3797288106095992,ufc_debutant_or_very_low_experience,True,False,False,False,False,False,,False,False,False,False,False,True,False,False
2025-02-01,hamdy abdelwahab,jamal pogues,1,0.4561845880937671,ufc_debutant_or_very_low_experience,True,False,False,False,False,True,,False,False,False,False,False,True,True,False
2025-02-01,israel adesanya,nassourdine imavov,0,0.5018565523910955,recent_decline,False,False,False,False,False,False,,True,True,False,False,False,False,True,False
2025-02-01,vinicius oliveira,said nurmagomedov,1,0.4626060485309497,ufc_debutant_or_very_low_experience,True,False,False,False,False,False,,False,False,False,False,False,True,True,False
2025-02-01,shamil gaziev,thomas petersen,1,0.3845796997976199,ufc_debutant_or_very_low_experience,True,False,False,False,False,False,,False,False,False,False,False,True,False,False
2025-02-01,shara magomedov,michael page,0,0.6083474332686256,ufc_debutant_or_very_low_experience,True,False,False,False,True,False,,False,False,False,False,False,True,False,False
2025-02-08,colby thicknesse,aleksandre topuria,0,0.5652063063603133,ufc_debutant_or_very_low_experience,True,False,False,False,False,False,,False,False,False,False,False,True,False,False
2025-02-08,gabriel santos,jack jenkins,1,0.4596786022975154,close_50_50_fight,False,False,False,False,False,False,,False,False,False,False,False,False,True,False
2025-02-08,kevin jousset,jonathan micallef,0,0.5704855837332182,ufc_debutant_or_very_low_experience,True,False,False,False,False,False,,False,False,False,False,False,True,False,False
2025-02-08,anshul jubli,quillan salkilld,0,0.5157326401391099,ufc_debutant_or_very_low_experience,True,False,False,False,False,False,,False,False,False,False,False,True,True,False
2025-02-08,kody steele,rongzhu,0,0.5750091686474218,ufc_debutant_or_very_low_experience,True,False,False,False,False,False,,False,False,False,False,False,True,False,False
2025-02-08,bruna brasil,wang cong,0,0.5168101257585371,ufc_debutant_or_very_low_experience,True,False,False,False,True,False,,False,False,False,False,False,True,True,False
2025-02-08,tatiana suarez,zhang weili,0,0.5160429451397422,long_layoff,False,False,False,False,False,True,,False,False,False,False,False,False,True,False
2025-02-15,ketlen souza,angela hill,0,0.676660953443348,large_age_difference,False,True,False,False,False,False,,False,True,False,False,False,False,False,False
2025-02-15,ismael bonfim,nazim sadykhov,0,0.5765352591083895,ufc_debutant_or_very_low_experience,True,False,False,False,False,False,,False,False,False,False,True,True,False,False
2025-02-15,gregory rodrigues,jared cannonier,0,0.5298997747907727,recent_decline,False,False,False,False,False,False,,True,True,True,False,False,False,True,False
2025-02-15,rafael estevam,jesus aguilar,1,0.4126434056049851,ufc_debutant_or_very_low_experience,True,False,False,False,False,False,,False,True,False,False,False,True,False,False
2025-02-15,vince morales,elijah smith,0,0.6044984617862261,ufc_debutant_or_very_low_experience,True,False,False,False,False,False,,True,False,False,False,False,True,False,False
2025-02-22,song yadong,henry cejudo,1,0.4919112858144283,large_age_difference,False,True,False,False,False,False,,True,False,False,False,False,False,True,False
2025-02-22,jean silva,melsik baghdasaryan,1,0.2902534181334259,large_age_difference,False,True,False,False,True,True,,False,False,False,False,False,False,False,True
2025-02-22,nikolay veretennikov,austin vanderford,0,0.5441097292435141,ufc_debutant_or_very_low_experience,True,False,False,False,True,False,,False,False,False,False,False,True,True,False
2025-03-01,mario pinto,austen lane,1,0.3922772387158141,ufc_debutant_or_very_low_experience,True,False,False,False,False,False,,False,False,False,False,False,True,False,False
2025-03-01,charles johnson,ramazan temirov,0,0.5109820814863986,ufc_debutant_or_very_low_experience,True,False,False,False,False,False,,False,True,False,False,False,True,True,False
2025-03-01,danny barlow,sam patterson,0,0.6361206797504194,ufc_debutant_or_very_low_experience,True,False,False,False,False,False,,False,False,True,False,True,True,False,False
2025-03-01,william gomis,hyder amil,0,0.6558755031355357,ufc_debutant_or_very_low_experience,True,False,False,False,False,False,,False,False,False,False,False,True,False,False
2025-03-01,manel kape,asu almabayev,1,0.4116340090272519,wrestler_vs_striker,False,False,False,False,False,False,,False,False,True,False,False,False,False,False
2025-03-08,djorden santos,ozzy diaz,0,0.5059024429361195,ufc_debutant_or_very_low_experience,True,False,False,False,True,False,,False,False,False,False,False,True,True,False
2025-03-15,chidi njokuani,elizeu zaleski dos santos,1,0.3292824721560022,other,False,False,False,False,False,False,,False,False,False,False,False,False,False,False
2025-03-15,priscila cachoeira,josiane nunes,1,0.3345843704771929,recent_decline,False,False,False,False,False,False,,True,False,False,False,False,False,False,False
2025-03-15,marvin vettori,roman dolidze,0,0.649583446919501,long_layoff,False,False,False,False,False,True,,True,False,False,False,False,False,False,False
2025-03-15,seungwoo choi,kevin vallejos,0,0.5803453258508428,ufc_debutant_or_very_low_experience,True,False,False,False,False,False,,False,False,False,False,False,True,False,False
2025-03-15,yuneisy duben,carli judice,0,0.5574863312498007,ufc_debutant_or_very_low_experience,True,False,False,False,False,False,,False,False,False,False,False,True,False,False
2025-03-22,gunnar nelson,kevin holland,0,0.5026311418085508,large_reach_difference,False,False,True,False,True,True,,True,False,False,True,False,False,True,False
2025-03-22,guram kutateladze,kaue fernandes,0,0.6141267958654554,ufc_debutant_or_very_low_experience,True,False,False,False,False,False,,False,False,False,False,False,True,False,False
2025-03-22,leon edwards,sean brady,0,0.5420793944721662,recent_decline,False,False,False,False,False,False,,True,False,False,False,False,False,True,False
2025-03-22,molly mccann,alexia thainara,0,0.6137893682782821,ufc_debutant_or_very_low_experience,True,False,False,False,False,False,,True,False,False,False,False,True,False,False
2025-03-22,nathan fletcher,caolan loughran,0,0.6477920628265641,ufc_debutant_or_very_low_experience,True,False,False,False,True,False,,False,False,False,False,False,True,False,False
2025-03-22,shauna bannon,puja tomar,1,0.4874808964705278,ufc_debutant_or_very_low_experience,True,False,False,False,False,False,,False,False,False,False,False,True,True,False
2025-03-29,loopy godinez,julia polastri,1,0.4629496383044383,ufc_debutant_or_very_low_experience,True,False,False,False,False,False,,True,False,False,False,False,True,True,False
2025-03-29,ronaldo rodriguez,kevin borjas,0,0.5247753364419411,ufc_debutant_or_very_low_experience,True,False,False,False,False,False,,False,False,False,False,False,True,True,False
2025-04-05,gerald meerschaert,brad tavares,0,0.5113074435838273,recent_decline,False,False,False,False,False,False,,True,False,False,False,False,False,True,False
2025-04-05,joanderson brito,pat sabatini,0,0.5691273680835149,other,False,False,False,False,False,False,,False,False,False,False,False,False,False,False
2025-04-05,robert valentin,torrez finney,0,0.5099996603812106,ufc_debutant_or_very_low_experience,True,False,False,False,False,False,,False,False,False,False,False,True,True,False
2025-04-12,jean silva,bryce mitchell,1,0.2114034278596762,large_age_difference,False,True,False,False,False,False,,False,False,True,False,False,False,False,True
2025-04-12,dan ige,sean woodson,1,0.325292341030975,large_reach_difference,False,False,True,False,False,False,,True,False,False,False,False,False,False,False
2025-04-12,michael chandler,paddy pimblett,0,0.5312521504773081,power_puncher_vs_poor_defense,False,False,False,False,False,False,,False,False,False,False,True,False,True,False
2025-04-12,marco tulio,tresean gore,1,0.483302619065836,ufc_debutant_or_very_low_experience,True,False,False,False,False,False,,False,False,True,False,False,True,True,False
2025-04-12,virna jandiroba,yan xiaonan,1,0.4697117487005682,recent_improvement,False,False,False,False,False,False,,False,True,True,False,False,False,True,False
2025-04-26,gauge young,evan elder,0,0.5343989711010102,ufc_debutant_or_very_low_experience,True,False,False,False,True,False,,False,False,False,False,False,True,True,False
2025-04-26,david onama,giga chikadze,1,0.3223274140279344,fighter_moving_weight_classes,False,False,False,False,True,False,,True,True,False,False,False,False,False,False
2025-04-26,ian machado garry,carlos prates,1,0.4373225568834599,recent_decline,False,False,False,False,False,False,,True,False,False,False,False,False,False,False
2025-04-26,ikram aliskerov,andre muniz,1,0.3941714292984027,recent_decline,False,False,False,False,False,False,,True,False,True,False,False,False,False,False
2025-04-26,cameron saaiman,malcolm wellmaker,0,0.5128563511641234,ufc_debutant_or_very_low_experience,True,False,False,False,False,False,,True,False,False,False,False,True,True,False
2025-04-26,michel pereira,abus magomedov,0,0.5362062729592916,close_50_50_fight,False,False,False,False,False,False,,False,False,False,False,False,False,True,False
2025-05-03,cameron smotherman,serhiy sidey,0,0.5916856858504539,ufc_debutant_or_very_low_experience,True,False,False,False,False,False,,False,False,False,False,False,True,False,False
2025-05-03,quang le,gaston bolanos,1,0.4195105291428051,ufc_debutant_or_very_low_experience,True,False,False,False,False,False,,False,False,False,False,False,True,False,False
2025-05-03,juliana miller,ivana petrovic,1,0.4564207237441898,long_layoff,False,False,False,False,False,True,,False,False,False,False,False,False,True,False
2025-05-03,reinier de ridder,bo nickal,1,0.463429810493481,ufc_debutant_or_very_low_experience,True,False,False,False,False,False,,False,False,False,False,False,True,True,False
2025-05-03,yana santos,miesha tate,1,0.4523284035472368,recent_decline,False,False,False,False,False,False,,True,False,False,False,False,False,True,False
2025-05-10,jack della maddalena,belal muhammad,1,0.4589352383986566,large_age_difference,False,True,False,False,False,False,,False,False,True,False,False,False,True,False
2025-05-10,aiemann zahabi,jose aldo,1,0.4048283310638259,fighter_moving_weight_classes,False,False,False,False,True,False,,True,True,False,False,False,False,False,False
2025-05-10,ion cutelaba,modestas bukauskas,0,0.53662642568589,close_50_50_fight,False,False,False,False,False,False,,False,False,False,False,False,False,True,False
2025-05-17,gabe green,matheus camilo,1,0.4566107139748013,ufc_debutant_or_very_low_experience,True,False,False,False,True,True,,False,False,False,False,False,True,True,False
2025-05-17,thiago moises,jared gordon,0,0.5502038001295597,recent_decline,False,False,False,False,False,False,,True,False,False,False,False,False,False,False
2025-05-17,sodiq yusuff,mairon santos,0,0.601951683003755,ufc_debutant_or_very_low_experience,True,False,False,False,True,False,,True,False,False,False,False,True,False,False
2025-05-17,connor matthews,yadier del valle,0,0.5120312591241107,ufc_debutant_or_very_low_experience,True,False,False,False,False,False,,False,False,False,False,False,True,True,False
2025-05-31,billy ray goff,ramiz brahimaj,0,0.5181297580246154,ufc_debutant_or_very_low_experience,True,False,False,False,False,False,,False,False,False,False,True,True,True,False
2025-05-31,jafel filho,allan nascimento,0,0.5027453673152062,long_layoff,False,False,False,False,False,True,,False,False,False,True,False,False,True,False
2025-05-31,ketlen vieira,macy chiasson,1,0.4904094255708799,fighter_moving_weight_classes,False,False,False,False,True,False,,True,False,False,False,False,False,True,False
2025-05-31,alice ardelean,rayanne dos santos,1,0.4431936631919375,ufc_debutant_or_very_low_experience,True,False,False,False,False,False,,False,False,False,False,False,True,False,False
2025-06-07,kelvin gastelum,joe pyfer,0,0.5259021015987799,close_50_50_fight,False,False,False,False,False,False,,False,False,False,False,False,False,True,False
2025-06-07,andreas gustafsson,khaos williams,1,0.296098713063383,ufc_debutant_or_very_low_experience,True,False,False,False,False,False,,False,False,False,False,False,True,False,True
2025-06-07,serghei spivac,waldo cortes acosta,0,0.5906559777848535,recent_decline,False,False,False,False,False,False,,True,False,True,False,False,False,False,False
2025-06-07,kevin holland,vicente luque,1,0.4798230709218094,large_reach_difference,False,False,True,False,False,False,,True,False,False,True,False,False,True,False
2025-06-14,alonzo menifield,oumar sy,1,0.4770121442644669,ufc_debutant_or_very_low_experience,True,False,False,False,False,False,,True,False,True,False,False,True,True,False
2025-06-14,raoni barcelos,cody garbrandt,1,0.4211483301446226,other,False,False,False,False,False,False,,False,False,False,False,False,False,False,False
2025-06-14,kamaru usman,joaquin buckley,1,0.4838909350237311,fighter_moving_weight_classes,False,False,False,False,True,True,,True,True,False,False,False,False,True,False
2025-06-14,miranda maverick,rose namajunas,0,0.6058692856597335,recent_improvement,False,False,False,False,False,False,,False,True,False,False,False,False,False,False
2025-06-21,hamdy abdelwahab,mohammed usman,0,0.5917664196683515,ufc_debutant_or_very_low_experience,True,False,False,False,False,False,,True,False,False,False,False,True,False,False
2025-06-21,irina alekseeva,klaudia sygula,0,0.6578424364000567,ufc_debutant_or_very_low_experience,True,False,False,False,False,True,,False,False,False,False,False,True,False,False
2025-06-21,ismail naurdiev,junyong park,0,0.6084719685328662,other,False,False,False,False,False,False,,False,False,False,False,False,False,False,False
2025-06-21,jamahal hill,khalil rountree jr.,0,0.6373765343961556,recent_decline,False,False,False,False,False,False,,True,False,False,False,False,False,False,False
2025-06-21,rafael fiziev,ignacio bahamondes,1,0.3497971082777454,recent_decline,False,False,False,False,False,False,,True,True,False,False,False,False,False,False
2025-06-21,seokhyeon ko,oban elliott,1,0.3081683118886327,ufc_debutant_or_very_low_experience,True,False,False,False,False,False,,False,False,False,False,False,True,False,False
2025-06-28,hyder amil,jose delgado,0,0.6179561475730694,ufc_debutant_or_very_low_experience,True,False,False,False,False,False,,False,False,False,False,False,True,False,False
2025-06-28,jack hermansson,gregory rodrigues,0,0.5106317178429182,close_50_50_fight,False,False,False,False,False,False,,False,False,False,False,False,False,True,False
2025-06-28,niko price,jacobe smith,0,0.5504340630570799,ufc_debutant_or_very_low_experience,True,False,False,False,False,False,,False,False,False,False,False,True,False,False
2025-06-28,felipe lima,payton talbott,0,0.6895714994391907,ufc_debutant_or_very_low_experience,True,False,False,False,True,False,,False,False,False,False,False,True,False,False
2025-07-12,derrick lewis,tallison teixeira,1,0.1080748574094919,ufc_debutant_or_very_low_experience,True,True,False,False,False,False,,False,False,False,False,True,True,False,True
2025-07-12,junior tafa,tuco tokkos,0,0.6837366759914381,ufc_debutant_or_very_low_experience,True,False,False,False,True,False,,False,False,False,False,False,True,False,False
2025-07-12,valter walker,kennedy nzechukwu,1,0.3828398019332599,wrestler_vs_striker,False,False,False,False,False,False,,False,False,True,False,True,False,False,False
2025-07-12,morgan charriere,nate landwehr,1,0.431859075289754,recent_decline,False,False,False,False,False,False,,True,False,False,False,False,False,False,False
2025-07-19,adam fugitt,islam dulatov,0,0.6185332591307618,ufc_debutant_or_very_low_experience,True,False,False,False,False,False,,False,False,False,False,False,True,False,False
2025-07-19,brunno ferreira,jackson mcvey,1,0.4715456806468878,ufc_debutant_or_very_low_experience,True,False,False,False,False,False,,False,False,False,False,False,True,True,False
2025-07-19,nicolle caliari,carli judice,0,0.5479532705461162,ufc_debutant_or_very_low_experience,True,False,False,False,False,False,,False,False,False,False,False,True,True,False
2025-07-19,patricio freire,dan ige,1,0.2707871581424968,ufc_debutant_or_very_low_experience,True,False,True,False,False,False,,True,False,False,False,False,True,False,True
2025-07-19,nikolay veretennikov,francisco prado,1,0.3045516719704782,ufc_debutant_or_very_low_experience,True,True,False,False,False,False,,False,False,False,False,False,True,False,False
2025-07-19,kevin holland,daniel rodriguez,0,0.5470312305100976,large_reach_difference,False,False,True,False,False,False,,False,False,False,True,False,False,True,False
2025-07-19,roman kopylov,paulo costa,0,0.5629524657207321,recent_decline,False,False,False,False,False,False,,True,False,False,False,False,False,False,False
2025-07-26,billy elekana,ibo aslan,1,0.4232643903791558,ufc_debutant_or_very_low_experience,True,False,False,False,False,False,,False,False,False,False,False,True,False,False
2025-07-26,bogdan guskov,nikita krylov,1,0.37843999064709,recent_improvement,False,False,False,False,False,False,,False,True,True,True,True,False,False,False
2025-07-26,robert whittaker,reinier de ridder,0,0.6173373296760252,wrestler_vs_striker,False,False,False,False,False,False,,False,False,True,False,False,False,False,False
2025-08-02,kevin vallejos,danny silva,1,0.3674509252789528,ufc_debutant_or_very_low_experience,True,False,False,False,False,False,,False,False,True,False,False,True,False,False
2025-08-02,nick klein,andrey pulyaev,0,0.509414734681592,ufc_debutant_or_very_low_experience,True,False,False,False,False,False,,False,False,False,False,False,True,True,False
2025-08-02,nathan fletcher,rinya nakamura,0,0.5577992730395428,ufc_debutant_or_very_low_experience,True,False,False,False,False,False,,False,False,False,False,False,True,False,False
2025-08-09,andre fili,christian rodriguez,1,0.3143483825118922,recent_decline,False,False,False,False,False,False,,True,False,False,False,False,False,False,False
2025-08-09,cody brundage,eric mcconico,0,0.5253838282616703,ufc_debutant_or_very_low_experience,True,False,False,False,True,False,,False,False,False,False,False,True,True,False
2025-08-09,eryk anders,christian leroy duncan,0,0.5629520005140741,other,False,False,False,False,False,False,,False,False,False,False,False,False,False,False
2025-08-16,alexander hernandez,chase hooper,1,0.3013666559380087,recent_improvement,False,False,False,False,False,False,,False,True,False,False,False,False,False,False
2025-08-16,dricus du plessis,khamzat chimaev,0,0.5184831553540652,close_50_50_fight,False,False,False,False,False,False,,False,False,False,False,False,False,True,False
2025-08-16,carlos prates,geoff neal,1,0.4254416121899624,recent_decline,False,False,False,False,False,False,,True,False,False,False,False,False,False,False
2025-08-16,jared cannonier,michael page,0,0.5508111161247744,recent_decline,False,False,False,False,False,False,,True,False,False,False,False,False,False,False
2025-08-16,loopy godinez,jessica andrade,1,0.4795896628847007,fighter_moving_weight_classes,False,False,False,False,True,False,,True,False,False,False,False,False,True,False
2025-08-16,tim elliott,kai asakura,1,0.2840208790125506,ufc_debutant_or_very_low_experience,True,False,False,False,True,True,,False,True,False,False,False,True,False,True
2025-08-23,zhang mingyang,johnny walker,0,0.637351351045477,large_reach_difference,False,False,True,False,False,False,,True,False,False,False,False,False,False,False
2025-08-23,michel pereira,kyle daukaus,0,0.6016593391745058,long_layoff,False,False,False,False,False,True,,True,False,False,False,False,False,False,False
2025-08-23,kiefer crosbie,taiyilake nueraji,0,0.5925666167111115,ufc_debutant_or_very_low_experience,True,False,False,False,False,False,,False,False,False,False,False,True,False,False
2025-09-06,rhys mckee,axel sola,0,0.5386197440549024,ufc_debutant_or_very_low_experience,True,False,False,False,False,False,,False,False,False,False,False,True,True,False
2025-09-06,benoit saint denis,mauricio ruffy,1,0.4794374886630051,recent_decline,False,False,False,False,False,False,,True,False,True,False,True,False,True,False
2025-09-06,brad tavares,robert bryczek,0,0.648272433686264,ufc_debutant_or_very_low_experience,True,False,False,False,False,True,,True,False,False,False,False,True,False,False
2025-09-06,ante delija,marcin tybura,1,0.2762444755134903,ufc_debutant_or_very_low_experience,True,False,False,False,False,False,,False,False,False,False,False,True,False,True
2025-09-06,sam patterson,trey waters,1,0.4475800927440054,ufc_debutant_or_very_low_experience,True,False,False,False,False,False,,False,True,True,False,False,True,False,False
2025-09-06,sam hughes,shauna bannon,1,0.4198794701135953,other,False,False,False,False,False,False,,False,False,False,False,False,False,False,False
2025-09-13,alessandro costa,alden coria,0,0.6683643183454981,ufc_debutant_or_very_low_experience,True,False,False,False,False,False,,False,False,False,False,False,True,False,False
2025-09-13,claudio puelles,joaquim silva,0,0.7112893884543104,long_layoff,False,False,False,False,False,True,,True,False,True,False,False,False,False,True
2025-09-13,rob font,david martinez,0,0.6948180354773856,ufc_debutant_or_very_low_experience,True,False,False,False,False,False,,False,False,False,False,False,True,False,False
2025-09-13,quang le,santiago luna,0,0.5755102064025148,ufc_debutant_or_very_low_experience,True,False,False,False,False,False,,False,False,False,False,False,True,False,False
2025-09-27,cam rowston,andre petroski,1,0.357024558772913,ufc_debutant_or_very_low_experience,True,False,False,False,False,False,,False,False,False,False,False,True,False,False
2025-09-27,jake matthews,neil magny,0,0.5553852756965588,large_reach_difference,False,False,True,False,False,False,,True,True,False,True,False,False,False,False
2025-09-27,alexia thainara,loma lookboonmee,1,0.3700696508379775,ufc_debutant_or_very_low_experience,True,False,False,False,False,False,,False,True,False,False,False,True,False,False
2025-09-27,luana carolina,michelle montague,0,0.5584971711975064,ufc_debutant_or_very_low_experience,True,False,False,False,True,False,,False,True,False,False,False,True,False,False
2025-09-27,tom nolan,charlie campbell,1,0.4753322994035398,ufc_debutant_or_very_low_experience,True,False,False,False,False,False,,False,True,True,False,False,True,True,False
2025-10-04,chris gutierrez,farid basharat,0,0.5689007289870969,fighter_moving_weight_classes,False,False,False,False,True,False,,False,False,True,False,False,False,False,False
2025-10-04,daniel santos,joosang yoo,1,0.4506027835398521,ufc_debutant_or_very_low_experience,True,False,False,False,True,False,,False,True,True,False,False,True,True,False
2025-10-04,andre muniz,edmen shahbazyan,0,0.5110863644275409,recent_decline,False,False,False,False,False,False,,True,False,False,False,False,False,True,False
2025-10-04,yana santos,macy chiasson,1,0.456815175372075,fighter_moving_weight_classes,False,False,False,False,True,False,,False,False,True,False,False,False,True,False
2025-10-04,alex pereira,magomed ankalaev,1,0.3178885886270711,other,False,False,False,False,False,False,,False,False,False,False,False,False,False,False
2025-10-04,patchy mix,jakub wiklacz,0,0.6639566191453086,ufc_debutant_or_very_low_experience,True,False,False,False,False,False,,False,False,False,False,False,True,False,False
2025-10-04,austin vanderford,ramiz brahimaj,0,0.6172113291990239,ufc_debutant_or_very_low_experience,True,False,False,False,False,False,,False,False,False,False,True,True,False,False
2025-10-11,mateusz gamrot,charles oliveira,0,0.5915249324435157,recent_decline,False,False,False,False,False,False,,True,False,False,False,False,False,False,False
2025-10-11,deiveson figueiredo,montel jackson,1,0.2849557510735216,large_reach_difference,False,False,True,False,False,False,,True,False,False,False,False,False,False,True
2025-10-11,clayton carpenter,jafel filho,0,0.558800830452305,grappler_vs_weak_submission_defense,False,False,False,False,False,False,,False,False,False,True,False,False,False,False
2025-10-11,mario pinto,jhonata diniz,1,0.3017150102945838,ufc_debutant_or_very_low_experience,True,False,False,False,False,False,,False,False,False,False,False,True,False,False
2025-10-11,stewart nicoll,lucas rocha,0,0.668561146626754,ufc_debutant_or_very_low_experience,True,False,False,False,False,False,,False,False,False,False,False,True,False,False
2025-10-11,kaan ofli,ricardo ramos,1,0.3933423831525054,ufc_debutant_or_very_low_experience,True,False,True,False,False,False,,True,False,False,False,False,True,False,False
2025-10-11,thomas petersen,vitor petrino,0,0.5824311475168586,recent_decline,False,False,False,False,False,False,,True,False,False,False,False,False,False,False
2025-10-18,azamat bekoev,yousri belgaroui,0,0.7678049901549833,ufc_debutant_or_very_low_experience,True,False,False,False,False,False,,False,False,False,False,False,True,False,True
2025-10-18,hyunsung park,bruno silva,0,0.5724088410521468,recent_decline,False,False,False,False,False,False,,True,False,False,False,False,False,False,False
2025-10-18,danny barlow,djorden santos,0,0.5444335200959959,ufc_debutant_or_very_low_experience,True,False,False,False,True,False,,False,False,False,False,False,True,True,False
2025-10-18,kyle nelson,matt frevola,1,0.4494049427503619,fighter_moving_weight_classes,False,False,False,False,True,False,,False,True,False,False,False,False,False,False
2025-10-18,aiemann zahabi,marlon vera,1,0.4765184508328601,fighter_moving_weight_classes,False,False,False,False,True,False,,True,True,False,False,False,False,True,False
2025-10-18,tainara lisboa,melissa croden,0,0.5838681414103245,ufc_debutant_or_very_low_experience,True,False,False,False,False,False,,False,False,False,False,False,True,False,False
2025-10-18,brendan allen,reinier de ridder,1,0.4939884519702119,recent_decline,False,False,False,False,False,False,,True,False,False,False,False,False,True,False
2025-10-25,jailton almeida,alexander volkov,0,0.5369006701616795,recent_decline,False,False,False,False,False,False,,True,False,True,False,True,False,True,False
2025-10-25,jaqueline amorim,mizuki,0,0.7064048149515509,long_layoff,False,False,False,False,False,True,,False,True,True,False,False,False,False,True
2025-10-25,umar nurmagomedov,mario bautista,1,0.4539318416579747,close_50_50_fight,False,False,False,False,False,False,,False,False,False,False,False,False,True,False
2025-10-25,mackenzie dern,virna jandiroba,1,0.3635951076857005,recent_improvement,False,False,False,False,False,False,,False,True,False,False,False,False,False,False
2025-11-01,donte johnson,sedriques dumas,1,0.3961097079056158,ufc_debutant_or_very_low_experience,True,False,False,False,False,False,,False,False,False,False,False,True,False,False
2025-11-01,isaac dulgarian,yadier del valle,0,0.5552680468883011,ufc_debutant_or_very_low_experience,True,False,False,False,False,False,,False,False,False,False,False,True,False,False
2025-11-01,themba gorimbo,jeremiah wells,0,0.6576903563756298,long_layoff,False,False,False,False,False,True,,True,False,False,False,False,False,False,False
2025-11-01,ante delija,waldo cortes acosta,0,0.5885724202664467,ufc_debutant_or_very_low_experience,True,False,False,False,False,False,,False,False,False,False,False,True,False,False
2025-11-08,marco tulio,christian leroy duncan,0,0.584085030079208,ufc_debutant_or_very_low_experience,True,False,False,False,False,False,,False,False,False,False,False,True,False,False
2025-11-08,hyder amil,jamall emmers,0,0.507000490309258,close_50_50_fight,False,False,False,False,False,False,,False,False,False,False,False,False,True,False
2025-11-08,daniel marcos,miles johns,1,0.4930123788323849,recent_decline,False,False,False,False,False,False,,True,False,False,False,False,False,True,False
2025-11-08,uros medic,muslim salikhov,1,0.4871742287718842,large_age_difference,False,True,False,False,False,False,,False,True,False,False,False,False,True,False
2025-11-08,raoni barcelos,ricky simon,1,0.3137460568568043,recent_improvement,False,False,False,False,False,False,,False,True,False,False,False,False,False,False
2025-11-08,denise gomes,tecia pennington,1,0.4050440737126202,recent_improvement,False,False,False,False,False,False,,False,True,False,False,False,False,False,False
2025-11-08,zach reese,jackson mcvey,1,0.4536878556320803,ufc_debutant_or_very_low_experience,True,False,False,False,True,False,,False,False,False,False,False,True,True,False
2025-11-15,benoit saint denis,beneil dariush,1,0.2769639913248756,recent_decline,False,False,False,False,False,False,,True,False,False,False,False,False,False,True
2025-11-15,carlos prates,leon edwards,1,0.3390029350857263,recent_decline,False,False,False,False,False,False,,True,False,False,False,False,False,False,False
2025-11-15,ethyn ewing,malcolm wellmaker,1,0.2566033887999812,ufc_debutant_or_very_low_experience,True,False,False,False,True,False,,False,False,False,False,False,True,False,True
2025-11-15,chepe mariscal,pat sabatini,0,0.5144772519163473,close_50_50_fight,False,False,False,False,False,False,,False,False,False,False,False,False,True,False
2025-11-15,sean brady,michael morales,0,0.612919747239819,wrestler_vs_striker,False,False,False,False,False,False,,False,False,True,False,False,False,False,False
2025-11-15,zhang weili,valentina shevchenko,0,0.5247654724146563,fighter_moving_weight_classes,False,False,False,False,True,False,,False,False,False,False,False,False,True,False
2025-11-22,belal muhammad,ian machado garry,0,0.6476250814281886,recent_decline,False,False,False,False,False,False,,True,False,False,False,False,False,False,False
2025-11-22,luke riley,bogdan grad,1,0.3453986793109344,ufc_debutant_or_very_low_experience,True,False,False,False,False,False,,False,False,False,False,False,True,False,False
2025-11-22,myktybek orolbai,jack hermansson,1,0.4305280726027912,large_size_difference,False,False,False,True,True,False,,True,False,False,False,False,False,False,False
2025-11-22,tagir ulanbekov,kyoji horiguchi,0,0.6459756544646788,large_reach_difference,False,False,True,False,False,True,,False,False,False,False,False,False,False,False
2025-12-06,joshua van,alexandre pantoja,1,0.4547928322949827,large_age_difference,False,True,False,False,False,False,,False,False,True,False,False,False,True,False
2025-12-06,grant dawson,manuel torres,0,0.6091493876253767,power_puncher_vs_poor_defense,False,False,False,False,False,False,,False,False,False,False,True,False,False,False
2025-12-06,payton talbott,henry cejudo,1,0.2207501167652274,recent_decline,False,False,False,False,False,False,,True,False,False,False,False,False,False,True
2025-12-06,marvin vettori,brunno ferreira,0,0.6379303119089954,recent_decline,False,False,False,False,False,False,,True,False,False,False,False,False,False,False
2025-12-06,merab dvalishvili,petr yan,0,0.712579136820561,recent_improvement,False,False,False,False,False,False,,False,True,False,False,False,False,False,True
2025-12-06,muhammad naimov,mairon santos,0,0.5157689852534294,fighter_moving_weight_classes,False,False,False,False,True,False,,False,False,True,False,False,False,True,False
2025-12-06,chris duncan,terrance mckinney,1,0.4274191035846724,grappler_vs_weak_submission_defense,False,False,False,False,False,False,,False,False,False,True,False,False,False,False
2025-12-13,cesar almeida,cezary oleksiejczuk,0,0.671309756111065,ufc_debutant_or_very_low_experience,True,False,False,False,False,False,,False,False,False,False,False,True,False,False
2025-12-13,kevin vallejos,giga chikadze,1,0.3534572239958138,ufc_debutant_or_very_low_experience,True,False,False,False,False,False,,True,False,False,False,False,True,False,False
2025-12-13,neil magny,yaroslav amosov,0,0.7389488401227884,ufc_debutant_or_very_low_experience,True,False,False,False,False,False,,False,False,False,False,False,True,False,True
2026-01-24,ty miller,adam fugitt,1,0.4573784595197752,ufc_debutant_or_very_low_experience,True,False,False,False,False,False,,False,False,False,False,False,True,True,False
2026-01-24,jean silva,arnold allen,1,0.141113700564807,large_age_difference,False,True,False,False,False,True,,True,False,False,False,False,False,False,True
2026-01-24,nikita krylov,modestas bukauskas,1,0.495821433038302,recent_decline,False,False,False,False,False,False,,True,True,False,False,False,False,True,False
2026-01-31,benoit saint denis,dan hooker,1,0.4714756232224405,recent_improvement,False,False,False,False,False,False,,False,True,True,False,True,False,True,False
2026-01-31,sebastian szalay,keiichiro nakamura,0,0.5283842145999722,ufc_debutant_or_very_low_experience,True,False,False,False,False,False,,False,False,False,False,False,True,True,False
2026-01-31,sulangrangbo,lawrence lui,0,0.5166729123974978,ufc_debutant_or_very_low_experience,True,False,False,False,False,False,,False,False,False,False,False,True,True,False
2026-02-07,dustin jacoby,julius walker,1,0.3623763592585186,ufc_debutant_or_very_low_experience,True,True,False,False,False,False,,False,False,True,False,True,True,False,False
2026-02-07,rizvan kuniev,jailton almeida,1,0.3966419847821715,ufc_debutant_or_very_low_experience,True,False,False,False,False,False,,False,False,False,False,False,True,False,False
2026-02-07,mario bautista,vinicius oliveira,1,0.330894460167424,other,False,False,False,False,False,False,,False,False,False,False,False,False,False,False
2026-02-07,jakub wiklacz,muin gafurov,1,0.3057137578437478,ufc_debutant_or_very_low_experience,True,False,False,False,False,False,,False,False,False,False,False,True,False,False
2026-02-07,niko price,nikolay veretennikov,0,0.6020114984187674,power_puncher_vs_poor_defense,False,False,False,False,False,False,,False,False,False,False,True,False,False,False
2026-02-21,uros medic,geoff neal,1,0.4081555355301969,recent_decline,False,False,False,False,False,False,,True,False,False,False,False,False,False,False
2026-02-21,phil rowe,jean-paul lebosnoyani,0,0.6577820933405126,ufc_debutant_or_very_low_experience,True,False,False,False,False,False,,False,False,False,False,False,True,False,False
2026-02-21,sean strickland,anthony hernandez,1,0.2703932049486646,recent_decline,False,False,False,False,False,False,,True,False,True,False,False,False,False,True
2026-02-28,brandon moreno,lone'er kavanagh,0,0.7225682504532488,major_upset,False,False,False,False,False,False,,False,False,False,False,False,False,False,True
2026-02-28,damian pinas,wes schultz,1,0.4624594578753175,ufc_debutant_or_very_low_experience,True,False,False,False,False,False,,False,False,False,False,False,True,True,False
2026-02-28,edgar chairez,felipe bunes,1,0.479507178858309,close_50_50_fight,False,False,False,False,False,False,,False,False,False,False,False,False,True,False
2026-02-28,imanol rodriguez,kevin borjas,1,0.4191302846410987,ufc_debutant_or_very_low_experience,True,False,False,False,False,False,,False,False,False,False,False,True,False,False
2026-02-28,regina tarin,ernesta kareckaite,1,0.3979874244981645,ufc_debutant_or_very_low_experience,True,False,False,False,True,False,,False,False,False,False,False,True,False,False
2026-03-07,reinier de ridder,caio borralho,0,0.5687634503542199,recent_decline,False,False,False,False,False,False,,True,False,False,False,False,False,False,False
2026-03-07,cody durden,nyamjargal tumendemberel,0,0.5891676608475844,ufc_debutant_or_very_low_experience,True,False,False,False,False,False,,True,False,False,True,False,True,False,False
2026-03-07,michael johnson,drew dober,0,0.5158552854503538,recent_decline,False,False,False,False,False,False,,True,True,False,False,False,False,True,False
2026-03-07,max holloway,charles oliveira,0,0.5502876722724325,wrestler_vs_striker,False,False,False,False,False,False,,False,False,True,False,False,False,False,False
2026-03-07,alberto montes,ricky turcios,1,0.4366787553308532,ufc_debutant_or_very_low_experience,True,False,False,False,True,False,,False,False,False,False,False,True,False,False
2026-03-07,raul rosas jr.,rob font,1,0.388919586273085,wrestler_vs_striker,False,False,False,False,False,False,,False,False,True,False,False,False,False,False
2026-03-14,jose delgado,andre fili,1,0.4628474222456977,wrestler_vs_striker,False,False,False,False,False,False,,False,False,True,False,False,False,True,False
2026-03-14,bolaji oki,manoel sousa,0,0.636829566271885,ufc_debutant_or_very_low_experience,True,False,False,False,False,False,,False,False,False,False,False,True,False,False
2026-03-14,elijah smith,suyoung you,1,0.4268285123322886,ufc_debutant_or_very_low_experience,True,False,False,False,False,False,,False,False,False,False,False,True,False,False
2026-03-14,ion cutelaba,oumar sy,1,0.4181521475089191,recent_improvement,False,False,False,False,False,False,,False,True,False,False,False,False,False,False
2026-03-14,kevin vallejos,josh emmett,1,0.4499655024199701,recent_decline,False,False,False,False,False,False,,True,False,False,False,False,False,False,False
2026-03-14,hecher sosa,luan lacerda,1,0.4699933365967582,ufc_debutant_or_very_low_experience,True,False,False,False,False,False,,False,False,False,False,False,True,True,False
2026-03-14,sam hughes,piera rodriguez,0,0.5196372910162111,recent_improvement,False,False,False,False,False,False,,False,True,False,False,False,False,True,False
2026-03-14,vitor petrino,steven asplund,1,0.4073321773991651,ufc_debutant_or_very_low_experience,True,False,False,False,False,False,,False,False,True,False,False,True,False,False
2026-03-21,luke riley,michael aswell jr.,1,0.4730080301700752,ufc_debutant_or_very_low_experience,True,False,False,False,False,False,,False,False,False,False,False,True,True,False
2026-03-21,roman dolidze,christian leroy duncan,0,0.546964496023168,recent_improvement,False,False,False,False,False,False,,False,True,False,False,False,False,True,False
2026-03-21,ravena oliveira,shanelle dyer,0,0.5237891166281251,ufc_debutant_or_very_low_experience,True,False,False,False,False,False,,False,False,False,False,False,True,True,False
2026-03-28,alexa grasso,maycee barber,1,0.2990555914716639,recent_decline,False,False,False,False,False,False,,True,False,False,False,False,False,False,True
2026-03-28,lance gibson jr.,chase hooper,1,0.374685043222829,ufc_debutant_or_very_low_experience,True,False,False,False,False,False,,False,False,False,False,False,True,False,False
2026-03-28,ignacio bahamondes,tofiq musayev,0,0.6709683584262165,ufc_debutant_or_very_low_experience,True,False,False,False,False,False,,False,False,False,False,False,True,False,False
2026-03-28,israel adesanya,joe pyfer,0,0.5808121962211059,recent_decline,False,False,False,False,False,False,,True,False,False,False,False,False,False,False
2026-03-28,julian erosa,lerryan douglas,0,0.7171492001262926,ufc_debutant_or_very_low_experience,True,False,False,False,False,False,,False,False,False,False,False,True,False,True
2026-03-28,tyrell fortune,marcin tybura,1,0.2381546954133025,ufc_debutant_or_very_low_experience,True,False,False,False,False,False,,False,False,False,False,False,True,False,True
2026-04-04,azamat bekoev,tresean gore,0,0.5319979631688696,power_puncher_vs_poor_defense,False,False,False,False,False,False,,False,False,False,False,True,False,True,False
2026-04-04,dione barbosa,melissa gatto,1,0.469518591850389,fighter_moving_weight_classes,False,False,False,False,True,True,,True,False,False,False,False,False,True,False
2026-04-04,rafael estevam,ethyn ewing,0,0.5046424371862178,ufc_debutant_or_very_low_experience,True,False,False,True,True,False,,False,False,False,False,False,True,True,False
2026-04-04,thomas petersen,guilherme pat,1,0.4492220852958327,ufc_debutant_or_very_low_experience,True,False,True,False,False,False,,False,False,True,False,False,True,False,False
2026-04-04,robert ruchala,jose delano,0,0.6687686985931317,ufc_debutant_or_very_low_experience,True,False,False,False,False,False,,False,False,False,False,False,True,False,False
2026-04-04,darrius flowers,lando vannata,1,0.4826329501889312,fighter_moving_weight_classes,False,False,False,False,True,True,,False,False,False,False,False,False,True,False
2026-04-11,azamat murzakanov,paulo costa,0,0.5975872245038781,fighter_moving_weight_classes,False,False,False,False,True,False,,True,False,False,False,False,False,False,False
2026-04-11,charles radtke,francisco prado,1,0.4549555501771277,large_age_difference,False,True,False,False,False,False,,True,False,False,False,False,False,True,False
2026-04-11,josh hokit,curtis blaydes,1,0.4634744074625495,ufc_debutant_or_very_low_experience,True,False,True,False,False,False,,False,False,False,False,False,True,True,False
2026-04-11,dominick reyes,johnny walker,1,0.4769265175984566,recent_decline,False,False,False,False,False,False,,True,False,False,False,False,False,True,False
2026-04-11,kelvin gastelum,vicente luque,0,0.5102626731187956,fighter_moving_weight_classes,False,False,False,False,True,False,,True,False,False,True,False,False,True,False
2026-04-11,randy brown,kevin holland,0,0.5475613470396741,recent_decline,False,False,False,False,False,False,,True,False,False,True,False,False,True,False
2026-04-18,karine silva,jasmine jasudavicius,0,0.5615315430345307,recent_decline,False,False,False,False,False,False,,True,False,False,False,False,False,False,False
2026-04-18,daria zhelezniakova,melissa croden,0,0.5794448250514359,ufc_debutant_or_very_low_experience,True,False,False,False,False,False,,False,False,False,False,False,True,False,False
2026-04-18,tanner boser,gokhan saricam,0,0.6264563441589261,ufc_debutant_or_very_low_experience,True,False,False,False,True,True,,False,False,False,False,False,True,False,False
2026-04-25,davey grant,adrian luna martinetti,1,0.4488412561601372,ufc_debutant_or_very_low_experience,True,True,False,False,False,False,,False,False,False,False,False,True,False,False
2026-04-25,lucas brennan,francis marshall,0,0.5269405287080782,ufc_debutant_or_very_low_experience,True,False,False,False,True,False,,False,False,False,False,False,True,True,False
2026-04-25,cody durden,jafel filho,1,0.3763223723702283,fighter_moving_weight_classes,False,False,False,False,True,False,,True,False,False,True,False,False,False,False
2026-04-25,ryan spann,marcus buchecha,1,0.4692642884108786,ufc_debutant_or_very_low_experience,True,False,False,False,False,False,,False,False,False,False,False,True,True,False
2026-04-25,max griffin,victor valenzuela,0,0.5793202281788474,ufc_debutant_or_very_low_experience,True,True,False,False,False,False,,False,False,False,False,False,True,False,False
2026-04-25,raoni barcelos,montel jackson,1,0.2955274797866273,large_reach_difference,False,False,True,False,False,False,,False,True,False,False,False,False,False,True
2026-04-25,joselyne edwards,norma dumont,1,0.3586365042511454,recent_improvement,False,False,False,False,False,False,,False,True,False,False,False,False,False,False
2026-04-25,rodolfo vieira,eric mcconico,0,0.5405989974440089,recent_decline,False,False,False,False,False,False,,True,False,False,False,False,False,True,False
2026-04-25,talita alencar,julia polastri,1,0.4142058738825812,wrestler_vs_striker,False,False,False,False,False,False,,False,False,True,False,False,False,False,False
2026-05-02,dom mar fan,kody steele,0,0.7832815434373681,ufc_debutant_or_very_low_experience,True,False,False,False,False,False,,False,False,False,False,False,True,False,True
2026-05-02,jack della maddalena,carlos prates,0,0.5876150455402468,recent_decline,False,False,False,False,False,False,,True,False,False,False,False,False,False,False
2026-05-02,louie sutherland,tai tuivasa,1,0.3768559125858369,ufc_debutant_or_very_low_experience,True,False,False,False,False,False,,True,False,True,False,False,True,False,False
2026-05-09,jim miller,jared gordon,1,0.3840193426879408,recent_decline,False,False,False,False,False,False,,True,False,False,False,False,False,False,False
2026-05-09,sean strickland,khamzat chimaev,1,0.1850814321793513,wrestler_vs_striker,False,False,False,False,False,False,,False,False,True,False,False,False,False,True
2026-05-09,pat sabatini,william gomis,1,0.4297587006162424,recent_improvement,False,False,False,False,False,False,,False,True,False,False,False,False,False,False
2026-05-09,roman kopylov,marco tulio,1,0.4258053088771954,recent_decline,False,False,False,False,False,False,,True,False,False,False,False,False,False,False
2026-05-16,melquizael costa,arnold allen,0,0.5580001526575094,recent_decline,False,False,False,False,False,False,,True,True,False,False,False,False,False,False
2026-05-16,cody brundage,andre petroski,1,0.3564957143931557,recent_decline,False,False,False,False,False,False,,True,False,False,False,False,False,False,False
2026-05-16,daniel santos,dooho choi,0,0.5588415315123502,recent_improvement,False,False,False,False,False,False,,False,True,False,False,False,False,False,False
2026-05-16,ketlen vieira,jacqueline cavalcanti,1,0.2631226233871239,recent_decline,False,False,False,False,False,False,,True,False,False,False,False,False,False,True
2026-05-16,juan diaz,malcolm wellmaker,1,0.4119024257726008,ufc_debutant_or_very_low_experience,True,False,False,False,True,False,,False,False,False,False,False,True,False,False
2026-05-16,nicolle caliari,shauna bannon,1,0.3639767060896975,ufc_debutant_or_very_low_experience,True,False,False,False,True,False,,False,False,True,False,False,True,False,False
2026-05-16,benardo sopaj,timmy cuamba,1,0.4322507441274453,ufc_debutant_or_very_low_experience,True,False,False,False,False,False,,False,False,False,False,False,True,False,False
2026-05-16,artur minev,tommy gantt,0,0.6283342112470851,ufc_debutant_or_very_low_experience,True,True,True,False,False,False,,False,False,False,False,False,True,False,False
2026-05-16,ivan erslan,tuco tokkos,1,0.4205138357813037,other,False,False,False,False,False,False,,False,False,False,False,False,False,False,False
2026-05-30,angela hill,xiong jingnan,1,0.4454338263044645,ufc_debutant_or_very_low_experience,True,False,False,False,False,False,,False,False,False,False,False,True,False,False
2026-05-30,kai asakura,cameron smotherman,1,0.4549023411284049,ufc_debutant_or_very_low_experience,True,False,False,False,True,False,,False,False,False,False,False,True,True,False
2026-05-30,luis felipe dias,yisak lee,1,0.401981457560274,ufc_debutant_or_very_low_experience,True,False,False,False,False,False,,False,False,False,False,False,True,False,False
2026-05-30,alonzo menifield,zhang mingyang,1,0.312539572262243,large_age_difference,False,True,False,False,False,False,,False,False,False,False,False,False,False,False
2026-05-30,zhu kangjie,rodrigo vera,0,0.5190167594243277,ufc_debutant_or_very_low_experience,True,False,False,False,False,False,,False,False,False,False,False,True,True,False
2026-06-06,santiago luna,bryce mitchell,0,0.5403197838096281,ufc_debutant_or_very_low_experience,True,True,False,False,False,False,,False,False,False,False,False,True,True,False
2026-06-06,fares ziam,tom nolan,0,0.6759637605303975,recent_improvement,False,False,False,False,False,False,,False,True,False,False,False,False,False,False
2026-06-06,joanderson brito,jordan leavitt,1,0.4842729089845655,recent_decline,False,False,False,False,False,False,,True,False,False,False,False,False,True,False
2026-06-14,steve garcia,diego lopes,0,0.5276098845324998,recent_decline,False,False,False,False,False,False,,True,True,False,False,False,False,True,False
2026-06-14,ilia topuria,justin gaethje,0,0.73081324494422,large_age_difference,False,True,False,False,False,False,,False,False,False,False,False,False,False,True
2026-06-20,allan nascimento,mitch raposo,0,0.5167837748151403,recent_improvement,False,False,False,False,False,False,,False,True,False,False,False,False,True,False
2026-06-20,kevin borjas,andre lima,1,0.2316194859006048,major_upset,False,False,False,False,False,False,,False,False,False,False,False,False,False,True
2026-06-20,michael aswell jr.,gaston bolanos,0,0.593801982827684,large_age_difference,False,True,False,False,True,False,,False,False,False,False,False,False,False,False
2026-06-20,leon shahbazyan,levan chokheli,0,0.5099812814524649,ufc_debutant_or_very_low_experience,True,False,False,False,False,False,,False,False,False,False,False,True,True,False
2026-06-20,murtazali magomedov,melsik baghdasaryan,1,0.3905568757507405,ufc_debutant_or_very_low_experience,True,False,False,False,False,False,,True,False,False,False,False,True,False,False
2026-06-27,michal oleksiejczuk,abus magomedov,0,0.5101083723724535,recent_improvement,False,False,False,False,False,False,,False,True,False,False,False,False,True,False
2026-06-27,eric nolan,farman hasanov,0,0.5410759802874108,ufc_debutant_or_very_low_experience,True,False,False,False,True,False,,False,False,False,False,False,True,True,False
2026-06-27,javier reyes,kaan ofli,0,0.6427317819833679,ufc_debutant_or_very_low_experience,True,False,True,False,False,False,,False,False,False,False,False,True,False,False
2026-06-27,nursulton ruziboev,andrey pulyaev,1,0.4656983360120016,close_50_50_fight,False,False,False,False,False,False,,False,False,False,False,False,False,True,False
2026-06-27,manuel torres,rafael fiziev,0,0.6085730196244515,recent_decline,False,False,False,False,False,False,,True,False,False,False,False,False,False,False
