fight_id,fight_date,fighter_a_won,weight_class,probability
26b46336baf995109799d0e8,2019-01-19,1,lightweight,0.18206988095190035
38913c7a553efd0ea27c4ce6,2019-01-19,0,light_heavyweight,0.508020319049118
8126ece57175e39d22722e5b,2019-01-19,0,welterweight,0.5451529495192339
fb232738136fb41408e97318,2019-01-19,0,bantamweight,0.20604582442986022
cbce63c7e16d47b29e74d88a,2019-01-19,0,lightweight,0.27313302317813953
9a7c75d28b2227d353ffee0b,2019-01-19,1,light_heavyweight,0.3713466384692033
ed17d601382b0e1ee5f25834,2019-01-19,1,heavyweight,0.4726661082437523
5678ee79359ee825af2c6cf6,2019-01-19,0,lightweight,0.3298809541144939
25a9c1526fc208e6c7fe38c0,2019-01-19,0,flyweight,0.6310005437985168
7c630f0caa70766b4c9772ba,2019-01-19,0,womens_flyweight,0.34619680890547505
16e5b4cb10bf8316f059f140,2019-01-19,0,flyweight,0.5542876233006838
e290c1a53b53c40025a2f302,2019-01-19,1,welterweight,0.5117113626773522
24cb0110e15bf9500f3a20ae,2019-01-19,0,womens_flyweight,0.2954383587025859
8efd36d5f3360c4d96328383,2019-02-02,1,lightweight,0.6005550536730874
414613fb990b2e1f8744a998,2019-02-02,0,welterweight,0.3205748276256975
1b0fda4335818f786b8d6f2f,2019-02-02,1,featherweight,0.4513455581641699
1953db6fe5b9744c1843dd12,2019-02-02,0,light_heavyweight,0.2882497869874595
1cd6203b9577bfd25372eb22,2019-02-02,0,featherweight,0.510637257069774
22cbf1de4862c931b9f97a10,2019-02-02,1,heavyweight,0.39334328709752137
7342c697833ab7bab79bea3e,2019-02-02,0,womens_strawweight,0.2750074907276441
f0a78186a92cdad28af6e943,2019-02-02,0,flyweight,0.6299748540948642
4523cf854ff48df6d66ba36f,2019-02-02,1,womens_flyweight,0.5171805191227619
34446cbf52a1732388aac036,2019-02-02,0,middleweight,0.5452591392032347
5467de70ec0bbfc6ea3f127e,2019-02-02,1,bantamweight,0.6203770370289902
15c9bca416c7204a3b9a9692,2019-02-02,1,bantamweight,0.382525778909363
f50a16321d311cfb1f168e8c,2019-02-02,0,welterweight,0.6901965485330195
1d74549a59fbd93e268d0046,2019-02-09,1,lightweight,0.806876854772071
e4525ba53a52b5b0857e967c,2019-02-09,0,lightweight,0.31573860435576007
896c12a96bf1da79303bc533,2019-02-09,1,middleweight,0.8894390106239821
fcaa078b4857c278dceb747d,2019-02-09,1,light_heavyweight,0.3026329962238597
b253a6a048ba0dd83a41d3a3,2019-02-09,1,flyweight,0.6089539758612367
4c10bda573f8c01d3c440405,2019-02-09,1,lightweight,0.7115289913938959
5fe9e229550df4983795b5be,2019-02-09,0,womens_flyweight,0.2974195263215119
5ad3dfcbceb50baabf4a06f1,2019-02-09,0,bantamweight,0.30693810675353
19c65e9f1f86ac03182841f4,2019-02-09,0,featherweight,0.24898927000506504
b320535a9010e893cc6fe892,2019-02-09,1,bantamweight,0.48250879569141786
ca6f6af371cc512b6d1734d5,2019-02-09,0,bantamweight,0.6075150210299449
fb545f795d0e191fdab5bb79,2019-02-17,0,womens_strawweight,0.5066353398721001
3a7293241a2a807fa182f6f5,2019-02-17,0,featherweight,0.5810468133430221
90e1f32d8c4d591b474fd0de,2019-02-17,0,featherweight,0.6463207714898992
3038757c3f23bac29c322002,2019-02-17,1,womens_flyweight,0.4568638650605953
c015f09a4e1bf33ced9384e3,2019-02-17,0,bantamweight,0.6159909457380736
5891d36900849c98a50352f1,2019-02-17,0,womens_strawweight,0.3741524505533516
6959921b10f78a71e64300e8,2019-02-17,0,heavyweight,0.4576238960929166
657a85fc997ba3106e9c502b,2019-02-17,0,lightweight,0.6780422460010923
ca78a58998323e4f9fdbc72f,2019-02-17,0,bantamweight,0.45324555130889155
8cc10441cbf2614f8785b729,2019-02-17,0,bantamweight,0.4670053126114167
6118a8c78447f0434395fc87,2019-02-17,0,lightweight,0.5131084404738288
38cec55ae4c31d673c6a5cb7,2019-02-17,1,welterweight,0.693422587272541
9e4bab0c77a4e9c538d5684c,2019-02-23,0,lightweight,0.39289844903299637
e7306a3ff9867fb2e7e85ac2,2019-02-23,0,lightweight,0.3130041914605703
c622965b0bcf635ba617dbb7,2019-02-23,0,featherweight,0.36842905719725993
f6151b74f7346e29cfac2985,2019-02-23,1,welterweight,0.45216031200569134
bb340698ea1e7e4cc05fe35d,2019-02-23,0,light_heavyweight,0.5576011613285442
1f68dad92eb77d22953924b9,2019-02-23,0,light_heavyweight,0.3853512748224267
f20354ebb869644c4afccb40,2019-02-23,1,bantamweight,0.7271707681167827
68976dec066e7619e206ce8d,2019-02-23,1,womens_flyweight,0.49841727153664717
56cbf3ea04dbca631e7d843e,2019-02-23,0,light_heavyweight,0.3950070515028768
097be1f05c2d7e6e94d40303,2019-02-23,0,welterweight,0.7444029924806188
63c32ebc206ee6106b382e72,2019-02-23,1,lightweight,0.3708602125975251
fdd038da2b5f04c16971323a,2019-02-23,0,heavyweight,0.406325340495718
c89ca4669b8e6877497edfa3,2019-02-23,0,womens_flyweight,0.32550281981897805
1b1fe5662b3d023466c64bc5,2019-03-02,0,bantamweight,0.6791255495105075
947d498d822062457d1e667e,2019-03-02,0,bantamweight,0.4268090438111056
0d13e65dd754b3f1bc58e7b8,2019-03-02,0,welterweight,0.6536868436830785
54daae7c0fa28da8ca71a0f5,2019-03-02,1,middleweight,0.646582245570845
d15183f063880d7d4e9bbce1,2019-03-02,0,womens_bantamweight,0.31894990531834316
5b92ec9d7c9365ea015380d9,2019-03-02,0,featherweight,0.2228351989982801
e6b1f51548c2ef5176c0c18c,2019-03-02,0,light_heavyweight,0.05915155045338548
a4499ea5511393f5c9bd2dbd,2019-03-02,0,light_heavyweight,0.3299101965661682
593c1b1e6c82dec285a0ca06,2019-03-02,1,womens_strawweight,0.2271681545095766
fb04d1b737f436ebc97b03b4,2019-03-02,1,welterweight,0.24861291492934634
568a7229b4b06a6455408f13,2019-03-02,0,womens_strawweight,0.6091926789805461
75fc305627143c9630ca9bf5,2019-03-02,0,welterweight,0.41205750544211234
818abb53258da411751b41a4,2019-03-09,0,welterweight,0.4830683730274164
2af546ec2d6b95fc63d0c56e,2019-03-09,0,lightweight,0.4857945780961903
58e767357e6d5c8330f66f2f,2019-03-09,1,welterweight,0.6313179074513805
aeb99a1990e3cb523a3641f3,2019-03-09,1,lightweight,0.7659139158861717
57bb3b3ccfd9285941e2f474,2019-03-09,0,heavyweight,0.3682657756740019
e0fd283d4ad215ea9c9ecb5f,2019-03-09,0,heavyweight,0.5621636938031287
91dd9ae4e12f09809b994011,2019-03-09,1,welterweight,0.4636732712329893
a822ba1d485f0fc8ac120f48,2019-03-09,0,featherweight,0.34541578835687625
5b43785643265dac8e96f96a,2019-03-09,1,bantamweight,0.5097555394861225
33db1b31bad9e3c347f5d190,2019-03-09,1,womens_bantamweight,0.42102711294140793
e992a27d67c8e35a59363798,2019-03-09,0,heavyweight,0.24976342115826988
1598348e4d6680280ca7ecb1,2019-03-09,0,middleweight,0.43833241635421105
5793b77c4043eadce8dbc1a1,2019-03-09,0,welterweight,0.4698305372767541
3b895d43f522ada07f4959b0,2019-03-16,0,featherweight,0.2774744294282366
6d70742b8f98faa563b821eb,2019-03-16,0,featherweight,0.3549901890921201
ace5bfe86e4b0d6735973199,2019-03-16,0,welterweight,0.5841802013235263
353e4c10440a62ea4553e3ff,2019-03-16,0,welterweight,0.7410386483090324
20e86b5d807bb2dc387b78f3,2019-03-16,1,middleweight,0.7748670603074201
f7dfb4e06c955b5b53ddc717,2019-03-16,1,welterweight,0.6847993529072494
6cac406144299eba656c31c8,2019-03-16,0,lightweight,0.4443073582743337
bf87589c5256203f65f72bbf,2019-03-16,1,featherweight,0.23997015936705096
0cc779241aa11d55442d44dc,2019-03-16,0,womens_flyweight,0.24110698960804694
9f29624a5aa95c6c6caf75e2,2019-03-16,0,bantamweight,0.3673509774585556
8f38415a1100e141bbd92841,2019-03-16,0,light_heavyweight,0.5341355237462935
10ac2affd027d19e4dc0a8e1,2019-03-16,0,light_heavyweight,0.3895004774233475
e694a2560234a188ae42e974,2019-03-23,1,womens_flyweight,0.4508564274051429
9c5f20dcf4b276ed3c4a12e7,2019-03-23,1,featherweight,0.6359812867709271
de2f47976573bf170793803f,2019-03-23,1,heavyweight,0.5944528950818577
f9b2cc6068c2ae45506e9313,2019-03-23,0,flyweight,0.6278883506004354
6871ce208868dbd843118f56,2019-03-23,0,lightweight,0.589933361754196
3507718bfe13d92f6054b9ed,2019-03-23,1,flyweight,0.5301435264830597
57da958cc94cc83554eaeebb,2019-03-23,1,featherweight,0.5015506237676838
95a795d06d973c01bcfd4990,2019-03-23,0,bantamweight,0.12519280720133485
ab7c36995971e72c6d2cbf53,2019-03-23,1,womens_flyweight,0.4146033964740693
adccd3ef67929e7be8b0fb1f,2019-03-23,1,womens_strawweight,0.5402925071847994
a6ca1f430b5ef469ba343397,2019-03-23,0,bantamweight,0.45105986765094586
d9300b28ce089ff86c099e9b,2019-03-23,0,welterweight,0.5914757527185244
84ee51fdab49a6792b09df2b,2019-03-30,1,bantamweight,0.5960186351212563
b2272144ef0de0d983b37600,2019-03-30,1,middleweight,0.7713541548987891
4d97ae90607b612a50988191,2019-03-30,0,lightweight,0.3688553639588715
477250ca2a15d6683e877e00,2019-03-30,1,featherweight,0.2874819548334134
f3fc62d38088caaf5eec0fe5,2019-03-30,1,featherweight,0.43179986029384004
25a0d90348d39625a4f0314b,2019-03-30,0,womens_strawweight,0.49243681888789287
889f1c72aefbecafdff832f9,2019-03-30,0,light_heavyweight,0.544281822165343
5396918119ed934b0af80bcb,2019-03-30,1,middleweight,0.6926304757123093
9496decacd91b03a238021e2,2019-03-30,0,womens_strawweight,0.36748505515865376
865dd8ea788e2e501a2f6b3d,2019-03-30,0,bantamweight,0.7316468826191566
acba98dfe391a402c7725c1a,2019-03-30,1,lightweight,0.910174790153211
bce69a101b3313de146183e7,2019-03-30,0,womens_flyweight,0.612464201662166
12e81505192fb36cefeaab8b,2019-03-30,1,featherweight,0.5733743050024216
3f60dec25b566435df7cedec,2019-04-13,1,welterweight,0.5495697875644294
7e8869149838e8184f1e5273,2019-04-13,0,bantamweight,0.4257653008765648
289890fb9419def12213ee83,2019-04-13,1,bantamweight,0.5386987865052709
b784ab0811d40210660ce193,2019-04-13,0,welterweight,0.6130696029350436
4ffab5007df4ff7646771e21,2019-04-13,0,light_heavyweight,0.7799180339223938
33ebcc2e07caca97f069be07,2019-04-13,0,lightweight,0.8286480067430604
a7712c32403c49d7bbe8592a,2019-04-13,1,middleweight,0.7616040806107182
cfbe4a97e3e72c4468debf09,2019-04-13,0,womens_flyweight,0.35953436440629793
3ad810f66b297f4a1e28f412,2019-04-13,0,welterweight,0.4225503342639948
5515c14ec2037b702fc825e9,2019-04-13,0,lightweight,0.9002362016272369
e22e3562dae8dfff221df22f,2019-04-13,1,bantamweight,0.7352830299886591
86ba5ba8d5b95634ce58b762,2019-04-13,1,light_heavyweight,0.5721302846104682
1c9726808f14ddd59d42d22d,2019-04-13,0,flyweight,0.3634640359146593
8de90dc8a38f56cfd96d944d,2019-04-20,1,lightweight,0.32914938560987217
b9b4e5d3157c57087a7a77b4,2019-04-20,0,heavyweight,0.34824570292042983
a13f15fd4cc899207fc13e71,2019-04-20,0,light_heavyweight,0.20664389410712217
663b41c840a325072588a36b,2019-04-20,1,lightweight,0.7993805757822656
1b6f229338f50db52565e59c,2019-04-20,0,middleweight,0.366286765377252
815560d234b6ccedda48743e,2019-04-20,0,lightweight,0.5174281315256805
91f5f9dbe58e9a59f5f3a499,2019-04-20,0,heavyweight,0.6957510462056796
f973994e8ab6d25d2f5f2c88,2019-04-20,0,featherweight,0.48099488051673844
af7c348666716dc73218dc9a,2019-04-20,0,womens_flyweight,0.639082034535708
7bb40837872b53468491b077,2019-04-20,1,heavyweight,0.4059119533014088
7b6b18993ce6ee3086c6f10e,2019-04-20,0,welterweight,0.42765482753187656
5f2baffa9f9e18070dd69e1d,2019-04-27,0,welterweight,0.5980855552449187
b031eded632dd94461f4a954,2019-04-27,1,heavyweight,0.7017709054165431
915cc3326771dcb5012f05cb,2019-04-27,1,womens_strawweight,0.48505655272208925
cbe370d6e9437f7454094401,2019-04-27,0,welterweight,0.42926843240419693
a3f24c5dfdbc1c1cb8b01ef2,2019-04-27,0,womens_strawweight,0.2896306954554514
3f0c08354e145c02110fd0a2,2019-04-27,1,welterweight,0.3908084408888471
6f066ff33c959ab559b7a1cb,2019-04-27,1,lightweight,0.6107188200097782
cf0c668767f8f59b49b1d46b,2019-04-27,1,light_heavyweight,0.39737916443386545
d7a529c7a59a0342b202024e,2019-04-27,0,heavyweight,0.21621094990773668
810334f59f27e21035e1f127,2019-04-27,0,middleweight,0.3847674460708515
56ca651437d7cc1d573c3970,2019-04-27,0,lightweight,0.7062263263348831
64e530283564ae1339632e0b,2019-04-27,0,bantamweight,0.6279885993124579
734a75344024157915995e4a,2019-04-27,0,lightweight,0.27632974098997226
3a807e46fc597761a9a248a3,2019-05-04,0,bantamweight,0.32525389849457476
4afd8778c789a9d76835ce0a,2019-05-04,1,lightweight,0.2225960213057034
ffc7edb9f4fdd9e856d76689,2019-05-04,1,heavyweight,0.4037033160208031
aa35b011a1662c7027e70524,2019-05-04,1,bantamweight,0.4539487331053103
640f1b8fcbd5c004e9cb36a7,2019-05-04,0,featherweight,0.5486687420360585
3b1a562aa4ebab0784fd7bc0,2019-05-04,0,middleweight,0.5666236842525684
1b63ea904ebd2957ee46991c,2019-05-04,1,featherweight,0.6238777197175623
89394eb01e7784b2c428333d,2019-05-04,1,womens_bantamweight,0.7288727617096824
dbedbc64c66202909e1eec7a,2019-05-04,1,middleweight,0.5922371286881086
9e20d5adcc49052c74014626,2019-05-04,1,bantamweight,0.5139972599711009
978214d16c31f8696f47f29f,2019-05-04,1,welterweight,0.6715013488419322
e124311e45865d724207e325,2019-05-04,1,heavyweight,0.43591602896501885
e7073ba5faca0ccac9ce2fcd,2019-05-11,0,lightweight,0.3764855891103959
69669b5e3b46042a05eb0823,2019-05-11,1,womens_bantamweight,0.5985880922047303
91bd5d42cc6416e430dd43ed,2019-05-11,1,middleweight,0.7221831764225812
4afd58b0d8a55895c868a02e,2019-05-11,1,featherweight,0.5698564739125872
81a04e8caf79fb727607d237,2019-05-11,1,womens_flyweight,0.6336822259423904
10d59155db6aa78a1427c454,2019-05-11,0,bantamweight,0.40726869580145086
9249808c94f3d6dfdf9af36b,2019-05-11,0,light_heavyweight,0.22519713232019234
6c73f1b4fdd41c4e4e6654da,2019-05-11,1,womens_strawweight,0.3716116197316738
d89982d834ee44a1b667b66f,2019-05-11,0,womens_bantamweight,0.5453307624243128
8296e0d578cb9314c68eee1d,2019-05-11,0,welterweight,0.22222876459893687
365fefe34135160ec5455d1f,2019-05-11,1,lightweight,0.7421828541446144
6cec7d8a2c1e3df9f294b43a,2019-05-11,0,welterweight,0.5201907736289361
363d78001101e6229c0a2b0a,2019-05-18,1,middleweight,0.4345469812003188
3f0251bc27145aab23db9546,2019-05-18,0,womens_bantamweight,0.5378670574089062
50d9e85f3686903269809172,2019-05-18,0,lightweight,0.2304544552420015
7d905c953ba73d1a68ead277,2019-05-18,0,welterweight,0.6424407711434126
6bc2a392929414c465042a48,2019-05-18,0,lightweight,0.28262530129091995
0f6484b736a7f3cc7aba63cc,2019-05-18,0,lightweight,0.2548139310725246
db76119921bdd0ed497b32f1,2019-05-18,1,featherweight,0.6926227903041471
33c355ad10b62e7d1de78d9c,2019-05-18,1,womens_featherweight,0.4018410754446789
bc3a021cd3cf61e555021000,2019-05-18,1,featherweight,0.4219347108711332
3c180878faf99b21bf865fd0,2019-05-18,1,light_heavyweight,0.47684417240295546
ca96343028b62aeda9c60fe9,2019-05-18,1,welterweight,0.24691405236041605
2a18e106ad1da3effa28ec4b,2019-05-18,1,welterweight,0.8191294212245821
05e89105390245833a6794d2,2019-05-18,0,middleweight,0.6433422088437288
e79d9d724c1b4f49a9c151d5,2019-06-01,0,light_heavyweight,0.5601202939378684
51130eaae559739d2277bccb,2019-06-01,1,womens_bantamweight,0.47360032731139085
376fca1b2417ed080dc55d71,2019-06-01,0,lightweight,0.5108057561005649
6c857bc2b1611cd86b8a59d5,2019-06-01,1,featherweight,0.49496629454221513
b2a972b374869a366d3b02ae,2019-06-01,1,light_heavyweight,0.4091933150485876
9a09782a2c405f04f7df2ff8,2019-06-01,1,light_heavyweight,0.8289352417681364
44f4f36c18cd30f4a78e8d2d,2019-06-01,1,lightweight,0.6153166514124063
c4311f2a96b7cc37340ba09a,2019-06-01,0,featherweight,0.4973247011273599
2fcd04431581330b8a2d18a7,2019-06-01,0,lightweight,0.4580692773261158
0f14442a17f1f00f94f2d4c5,2019-06-01,0,welterweight,0.4868104688105399
7f95ca9ac1c70cd00b0cce57,2019-06-01,0,lightweight,0.6474594566618745
42e3da20fad88525160d375a,2019-06-01,1,womens_bantamweight,0.39877034453217186
bd6e6031555f600f46ab4f03,2019-06-08,1,bantamweight,0.6490597505602218
95939d218a1d60a883da95bc,2019-06-08,1,middleweight,0.32273113912747853
266ee3a1c82efd700b8f5aa3,2019-06-08,1,bantamweight,0.7064668332761033
f07b57e2716471ad3302c0ee,2019-06-08,0,bantamweight,0.3010735218397382
5ef23b9557a9feefb97696b1,2019-06-08,0,bantamweight,0.330970852672036
3f6311a5a0724f605b206cd2,2019-06-08,1,womens_strawweight,0.4351190110037157
d207301a7745b122f84fef97,2019-06-08,1,womens_flyweight,0.5051617580767868
1e7a85d2f5574c5627c3eea1,2019-06-08,0,featherweight,0.5296871693445585
911a1fa0c445df7f0dd12d7b,2019-06-08,0,heavyweight,0.6877207303048203
3c6aa7bfcdac2bb433f30323,2019-06-08,1,womens_strawweight,0.6249263776022929
4e48afdd0e292d5f0e86fabf,2019-06-08,1,lightweight,0.7714630207142937
47652b43ae72f5590c7a1882,2019-06-08,0,womens_flyweight,0.13563601335915754
269fbddfdcbebe8e4bdb4b8c,2019-06-08,0,womens_strawweight,0.25445014046412423
ce49a5280ca93930a0ebe85b,2019-06-22,0,heavyweight,0.5489859064381455
41f5e50f9ae0bfaed31ee510,2019-06-22,0,bantamweight,0.42029453082955637
f692e76cf277eacf2a442090,2019-06-22,0,womens_flyweight,0.5663950409347585
72cedfae58fa44321b69b949,2019-06-22,0,womens_flyweight,0.39728845844845884
32ff903f72c4276ea24d999b,2019-06-22,1,womens_strawweight,0.3857761497023357
00c99648f208e0a417e279c9,2019-06-22,0,welterweight,0.4080863424560778
eee1e31c188a74656a5149fd,2019-06-22,1,featherweight,0.49894498518697933
c46941c902fed7bb4392162c,2019-06-22,0,middleweight,0.5451662670319399
b84127a3bd76a5e3ac7aea6d,2019-06-22,1,middleweight,0.7906164715422028
706b7d016d03a32401ae801c,2019-06-22,1,lightweight,0.8097611507101952
739e8e2602d787738477d46a,2019-06-22,1,featherweight,0.4196586559632881
f27c0e087e9ebd1684ff09fd,2019-06-29,1,light_heavyweight,0.5563580322525178
50585a029a9751dccfd39bd2,2019-06-29,0,light_heavyweight,0.5100199157129293
dae0a129ff92f092524a386b,2019-06-29,1,welterweight,0.2045188555862511
377c80dc3b6e45e576ef2577,2019-06-29,1,lightweight,0.7072161329169495
59455ad55e5ef93414e5aad0,2019-06-29,1,womens_strawweight,0.4371386907777117
a56c32c93524d245d82d6908,2019-06-29,0,light_heavyweight,0.1120418658637409
8f285887c02290c07814a22b,2019-06-29,1,heavyweight,0.664589788267145
d2a1e845ca36ee5b8600ef32,2019-06-29,0,lightweight,0.2808757681935332
cbcb6ed7e3c7e95a085b7341,2019-06-29,0,flyweight,0.5388928993950045
f34cc5843d81a39bf53d263e,2019-06-29,0,heavyweight,0.5205125412570262
f79e641c1d4367a70c107e82,2019-06-29,0,bantamweight,0.19897387645986897
53e67f863836aff47b826da4,2019-06-29,1,lightweight,0.20743334042562062
20a121ded841e9e12c1c757e,2019-07-06,1,bantamweight,0.6408932022037691
d2d8539dfdfeaf041ce5823f,2019-07-06,1,womens_bantamweight,0.8637564199401511
3849e7ad93590c82be6460fc,2019-07-06,0,womens_strawweight,0.3433406406162495
396c48ca67f51480545db649,2019-07-06,0,welterweight,0.21069850624606737
6c8c735afb0fb578f594ca2c,2019-07-06,0,middleweight,0.34005761742377466
d3c4e9545585b46a1e37a85b,2019-07-06,0,featherweight,0.09786283943433786
fad6e667536db7ad4137ba53,2019-07-06,0,welterweight,0.8013892042912011
13fece4ed75664de71f4c8a0,2019-07-06,0,light_heavyweight,0.7345569228214806
d0f0ebb34a909f7c5faf6a88,2019-07-06,0,light_heavyweight,0.07487661508322799
5de1539a147642bac02b122a,2019-07-06,0,welterweight,0.1870010130163133
82a761b4999bf1e4b0ed7ae3,2019-07-06,1,womens_bantamweight,0.5087607484664982
c2f52b8c99f2b37b25e37032,2019-07-06,0,bantamweight,0.24675034910461724
0def7c9da3d4db6e32d57362,2019-07-13,0,featherweight,0.34921759485063286
f5fb1ec8c7952cc1c512ffa7,2019-07-13,1,bantamweight,0.34948708563095565
26dc516d4800e957e79c8b4f,2019-07-13,0,featherweight,0.35120006235069273
ac96fd559635b4c7fc75a95f,2019-07-13,1,womens_bantamweight,0.5182451484270515
05ef9aeb915febb76910a720,2019-07-13,0,featherweight,0.6631680187031137
ae0ff18a3c5eee3bc503d001,2019-07-13,1,womens_bantamweight,0.4804480841708655
70ae5877cea9f6b0ba4cccb6,2019-07-13,0,middleweight,0.2813483867163733
588a2bb6b75711c8e2d3461e,2019-07-13,1,womens_strawweight,0.31106411333676004
0570cae799dc63830a762f58,2019-07-13,0,middleweight,0.4267352751432986
945e0d3a9e212876ede075da,2019-07-13,1,bantamweight,0.5158287148747238
1914dbfdf41512962586abae,2019-07-13,0,bantamweight,0.8502844378501497
4c546f42a090e35397ce363f,2019-07-20,0,heavyweight,0.4185099954322694
63961ea6efd64b1b65d34c39,2019-07-20,1,featherweight,0.49007274050752797
477aadc01e427b1389921cdb,2019-07-20,1,lightweight,0.7829640265804149
7af42900e3f80f8ca159c103,2019-07-20,1,heavyweight,0.3163414312430381
bb5283ee8ccec9441f73135f,2019-07-20,0,bantamweight,0.4110592046017635
03e22b6afc8fc3827a3323ba,2019-07-20,0,heavyweight,0.5379545168718447
c39309c4e67ff537333ba9da,2019-07-20,1,lightweight,0.4786055058768771
180e942322ce1a8941b2e39c,2019-07-20,0,bantamweight,0.4495274991724974
af5eec7e9c1abcec258ac49b,2019-07-20,0,welterweight,0.44988589786506933
270ce34d482903a677fa17bf,2019-07-20,1,womens_bantamweight,0.5564717104410125
9bb0db9278511eb73cc534e1,2019-07-20,1,bantamweight,0.7084745139733742
58e855604932a7f6ee3f5606,2019-07-20,1,womens_flyweight,0.4461301305741212
6270c7e6a13d39f8b0f428ab,2019-07-20,0,light_heavyweight,0.6607177696515258
12ec13ec46af056c14efd03e,2019-07-27,1,flyweight,0.4601934759267
1c6e856edd4101a3e500ec8f,2019-07-27,0,womens_flyweight,0.3616845205357787
51addb9d2b6072ced811c9b9,2019-07-27,1,womens_featherweight,0.6649890644962422
73b3d43d2c49d35aeaea8904,2019-07-27,0,welterweight,0.4335669289553875
05ed2239b2ea0fb046bfd3fb,2019-07-27,1,featherweight,0.2514445703139427
1295b55d2553494251bde142,2019-07-27,0,welterweight,0.39870464195743077
1880f52d5d8d4a70093be8c6,2019-07-27,0,womens_flyweight,0.3942977457949164
b233c1151e28ec04b24cad4a,2019-07-27,0,featherweight,0.3272140201759786
5f837399e34674ec11a971cd,2019-07-27,0,middleweight,0.4415547657625342
415e552f04f46d6a0dfa2bc5,2019-07-27,1,featherweight,0.8019935377945135
53c5de1fcd5d8fef19be7573,2019-07-27,0,lightweight,0.39738803053948
6eeac113de6d8be6c115f368,2019-08-03,0,womens_flyweight,0.5695735493386825
37963509a7ad6fe9091a4260,2019-08-03,0,welterweight,0.3265469419775889
3c047e2900cccc1e8b515fa4,2019-08-03,0,welterweight,0.20476247594469726
e1fbac640d40549a81a34408,2019-08-03,1,light_heavyweight,0.5870622224595645
545e968860424db391f622ba,2019-08-03,0,lightweight,0.5982043499753386
7201d2665fc7c40e5001a557,2019-08-03,0,lightweight,0.29637059333337834
f1af8880bfb7c5ee39f0e313,2019-08-03,0,flyweight,0.5868288083486577
08c664eb57a74c77d855ffcc,2019-08-03,0,womens_flyweight,0.692495171448484
3ca76db0b4b30f6617f3dae8,2019-08-03,0,welterweight,0.5234919934331976
d80baaecca990243dba2c73b,2019-08-03,1,womens_flyweight,0.5643140150132477
5a97ee77f95700513db584fb,2019-08-03,1,lightweight,0.5866515598651041
60aaa0218cf8078fe44e068a,2019-08-03,1,middleweight,0.4451831131313569
9bda4cca4c1560bdb475fa12,2019-08-10,0,heavyweight,0.4421163720083202
310b054339a286bb1219720d,2019-08-10,1,featherweight,0.4533215301750628
95f9071548c71c8a429b387f,2019-08-10,1,featherweight,0.5351198893605829
bb1f9e584eebc4445533e087,2019-08-10,0,bantamweight,0.5306532346438453
3cfa69ae9469d3e98e6e8c9d,2019-08-10,1,welterweight,0.48619822215147784
eb94bf7c64b05cef83a337de,2019-08-10,1,lightweight,0.6565022632432358
421e881d17b627912cc053c2,2019-08-10,0,middleweight,0.5961732589484656
40ad55cf214d324d07ce2773,2019-08-10,1,flyweight,0.3379364802051134
6cad3824255a247586943eda,2019-08-10,1,womens_strawweight,0.19114681572620554
366b24077b4b12afdda7f906,2019-08-10,0,womens_flyweight,0.19023844390788278
82a161559110934b283287e8,2019-08-10,0,womens_flyweight,0.43168090445040036
cafcc1a7d6eeee7dcac87f0c,2019-08-10,0,welterweight,0.4574314656174033
6bb4c1091c82f4a64ed209d1,2019-08-10,1,light_heavyweight,0.7194873708592203
952d0f85baf48e580adfcbf9,2019-08-17,0,welterweight,0.5976342525359297
763b7021eda95cec160668cd,2019-08-17,0,lightweight,0.5316298357972599
632ab47f31caa99776bafd3a,2019-08-17,1,heavyweight,0.4776173355542098
b14af30ec1b703032b1c7ff8,2019-08-17,0,middleweight,0.4961610022733581
2bfe269c743b9b99bdcb7bec,2019-08-17,1,lightweight,0.1190025617987489
fb841bfbd302bdfd92f09af9,2019-08-17,0,featherweight,0.41407744206222186
5d4a75be3c772b6777d6965e,2019-08-17,0,womens_strawweight,0.391287067365642
8b43d370f9a95a04823b6e21,2019-08-17,1,bantamweight,0.37571643163044105
2f96645259048f7ffc5e87f2,2019-08-17,1,catch_weight,0.3190347349883007
a412d12faf803a97f8b5fa87,2019-08-17,0,bantamweight,0.21183223331184733
f17d329e8a8236283607fb66,2019-08-17,0,womens_flyweight,0.2995481255232958
dc588caaf4e23b17b9b88f93,2019-08-17,0,middleweight,0.6251654546052628
1f035f3330e22fa82d2a3650,2019-08-31,0,bantamweight,0.48117320883283166
42555d1e8ce3c6e9f80f494b,2019-08-31,1,light_heavyweight,0.4649681474647929
1cd17e7a1ac6a13856b412fd,2019-08-31,1,lightweight,0.4834520855711775
4b6daf2f0a633140483ed5fc,2019-08-31,1,womens_strawweight,0.40308867596024894
dac218cda6b12fbf0566e953,2019-08-31,0,middleweight,0.4396180183604991
974033b9c21272ecc210e47a,2019-08-31,0,flyweight,0.42474177398433877
d656d282c41d79f44960517d,2019-08-31,1,womens_bantamweight,0.48355129306405237
b4c018c81b8c2840fc1bf217,2019-08-31,1,welterweight,0.33999198374984646
691194a03c43b9ec74c25c51,2019-08-31,1,welterweight,0.4037068550002885
5ef647d5242d0fc21e037ca7,2019-08-31,1,bantamweight,0.5277511185117425
3438a2f8e2061a5b3df0345f,2019-08-31,0,womens_flyweight,0.6139692314383963
5fd241c02070d9383973e1ad,2019-09-07,1,welterweight,0.7816546862320437
dfa8aa41ae70e1bc02b18c64,2019-09-07,0,heavyweight,0.13951349258949702
d18690fc6b502d5e9828c33d,2019-09-07,1,lightweight,0.49126054963492216
5c4bf8f13e687607837641d0,2019-09-07,1,lightweight,0.5447975381609281
a12f553a4bb3b6a0bc62f10c,2019-09-07,0,lightweight,0.39194739269365714
a6bde13c4fa732a086109c6f,2019-09-07,1,womens_flyweight,0.3500360770225085
8809a86b0765331ee3046ba8,2019-09-07,0,lightweight,0.19460413727818252
218ed25044345f0da0f1ab68,2019-09-07,1,womens_bantamweight,0.5020065358985771
4b5abc9b471d257e26814621,2019-09-07,0,lightweight,0.5180215848218809
88104c3216b870a94d094b52,2019-09-07,1,welterweight,0.3984479572486738
81f7b94567c3becf57b7c480,2019-09-07,0,middleweight,0.5700023228535882
4fa13ee966e6f925309146f9,2019-09-07,1,lightweight,0.46123315098886064
a24c84449925d91244224459,2019-09-14,0,bantamweight,0.6237014678001851
76b09b1ae45fb9768ca9f02d,2019-09-14,1,featherweight,0.3342789145288838
d52f32b4c96395db88e3df3c,2019-09-14,1,bantamweight,0.41803707575021676
cdebef1ad84897fe6e52dab4,2019-09-14,1,lightweight,0.6995030341724929
99a1382d0f54f8b36ae0f1a1,2019-09-14,1,light_heavyweight,0.19453333641758097
4657001db77127f01637d1aa,2019-09-14,1,lightweight,0.5890001423565846
cf978a340d3698c46fd69095,2019-09-14,1,bantamweight,0.5715361100970188
1a3fd89ca750799e7e003f98,2019-09-14,1,heavyweight,0.4697477480687938
43c10df3159c502c6de89daa,2019-09-14,1,welterweight,0.31129034719895105
7090bee0551cc8931473357e,2019-09-14,0,light_heavyweight,0.5258209244309059
3bda414f1341d69b2f6bec1e,2019-09-14,0,middleweight,0.6752033351669553
e675a50c92e763e9dbfe4d39,2019-09-21,0,womens_strawweight,0.49003356073061216
63e3f55fc8b51d57700eef35,2019-09-21,1,womens_strawweight,0.5836016279201588
307855e3460d7f7876deadf3,2019-09-21,1,lightweight,0.7631185943282109
a02b51f27087befa1a1128b4,2019-09-21,0,womens_bantamweight,0.34352225292794053
6c639d934a292ba8bc90c07c,2019-09-21,0,bantamweight,0.44473216539871185
aac3548e1e8a354304ee6db9,2019-09-21,0,featherweight,0.40090807130824563
87ed37dfa7f497b5f77d6e30,2019-09-21,1,featherweight,0.43855236362179423
3cc89087f0c0ce6f6e5675ad,2019-09-21,1,flyweight,0.8992581844582986
1ba523d6ccedc31871693413,2019-09-21,0,womens_bantamweight,0.7036456992908501
47758d29bd662b3fd1939d7f,2019-09-21,0,light_heavyweight,0.25624382624775216
4c5ca474ab0b5ce8ca07a033,2019-09-28,0,middleweight,0.706636321996015
2ef6cc622d891b2f47cc02a3,2019-09-28,0,middleweight,0.49010218040358167
c24762d1540afc7892a6a11f,2019-09-28,0,featherweight,0.7285223561014271
a74f028feadcc12f9e059d34,2019-09-28,1,welterweight,0.4877529750663194
58043915ba1655663c54db19,2019-09-28,1,light_heavyweight,0.5034343457916671
24165e221c133e0f8521184c,2019-09-28,1,middleweight,0.3187250271407147
db9cb586eea9be24aa022a81,2019-09-28,1,bantamweight,0.34906752931121937
c563a8cbab69fdedc2ca6293,2019-09-28,0,womens_bantamweight,0.8224362303512769
2e2ac3805ce6106ac7b08c39,2019-09-28,1,lightweight,0.5658175958298369
1badb9e1370a7f530b41dad9,2019-09-28,1,lightweight,0.19174524548990493
2667de7839876ddd18c5922f,2019-09-28,0,light_heavyweight,0.4481201846478338
838f2253c05f15ea4d21c1bb,2019-09-28,1,welterweight,0.1594240502913744
fceb01a3e6afb83d628ca021,2019-09-28,0,welterweight,0.34564678761312173
300838f93508ed30e50c5104,2019-10-05,1,lightweight,0.4351677901920954
0cb55ec63b83f5626f97c769,2019-10-05,1,lightweight,0.4505054331686023
c9b3790271aba99a0f5d563f,2019-10-05,1,welterweight,0.26214002129880326
59503950de9880dde6cfbd9a,2019-10-05,0,welterweight,0.30028565897516557
2efe952bc9906d2d8ee63d99,2019-10-05,0,heavyweight,0.5698443826641323
03bdb3f550d8728b99736cb5,2019-10-05,0,welterweight,0.41271995688578017
60a4cca6160e77a434c836eb,2019-10-05,1,womens_featherweight,0.47128934886416474
7a45e3425d11cee03efad9d2,2019-10-05,1,womens_flyweight,0.5165056064292745
b31117cda02191539a7b1042,2019-10-05,1,middleweight,0.6691121475698747
1541bbe0810786a062a2ed75,2019-10-05,0,heavyweight,0.9447575910952599
47228cf03cd4105dd977ba6d,2019-10-12,1,featherweight,0.580644904017847
65e84e21f699586e3aefedd3,2019-10-12,1,flyweight,0.6373676787638809
3d03b631b4587e1ba05b7567,2019-10-12,1,middleweight,0.41453778155393334
c1e628e157c0b3b603970990,2019-10-12,0,womens_flyweight,0.40665155960896715
b8d46870926615857be3f630,2019-10-12,0,womens_strawweight,0.26960888392150023
eb864e622ea92270ecef192f,2019-10-12,0,womens_strawweight,0.29773252923470184
85c6d7ac2b40e91bd0e22ab6,2019-10-12,0,bantamweight,0.2673326452372084
5f52782a6aa56ba0f3a97b9b,2019-10-12,1,middleweight,0.6043455740226815
c1512c7e186a2ad2d9405660,2019-10-12,0,lightweight,0.6945691004883588
277f3f3cb03bddbb79f8c1b5,2019-10-12,0,welterweight,0.4993676501639315
845f9a197d8e4dbaeffe8afc,2019-10-12,0,welterweight,0.45978567391277547
9c76094ff9dad4b08a83fa97,2019-10-12,1,lightweight,0.48465279809561035
a22737adaea8f3c24329fca1,2019-10-12,1,welterweight,0.33002482351469087
27e1fa1e0f0a4ed7fd4da048,2019-10-12,0,light_heavyweight,0.3694694231057969
ca0cd07f144ce35471f77fe5,2019-10-18,1,middleweight,0.20211037739700735
43a68b57b8ea07e036eda841,2019-10-18,1,featherweight,0.3149772566594672
e0354f103924591f691cb6e6,2019-10-18,1,welterweight,0.423982245137233
23340c1c1beee7c9694fde06,2019-10-18,1,heavyweight,0.44065200486417205
855a0f86334b84d5802b5b3c,2019-10-18,1,middleweight,0.6277352793533447
4535cc5c754f6cfab853349d,2019-10-18,1,light_heavyweight,0.455829787080127
312e5a705d9ea69f9304369e,2019-10-18,0,lightweight,0.7726287695003049
dd1a5c0133b77b445e4da39d,2019-10-18,0,featherweight,0.39011532363478657
924db0cc13ef377747acd751,2019-10-18,1,womens_flyweight,0.5753489705516313
1cbc40e89a4a3808ac58a6b2,2019-10-18,0,womens_flyweight,0.3950181434977357
8017582ad0a64b3df2a1b1f1,2019-10-18,1,bantamweight,0.902549759766921
0b8035462f110001d74cfccc,2019-10-18,0,featherweight,0.20580457782721445
e547a10b6f576ac5ce766f3b,2019-10-26,0,lightweight,0.45715614872252314
e3e811b0d565e05ccc653f76,2019-10-26,0,heavyweight,0.29027714183644726
068191c5ec0442a5f327a13f,2019-10-26,1,welterweight,0.6843898547282684
a36870d79a38bac025ca994f,2019-10-26,0,featherweight,0.4852958093213562
f0d2710e45778380c740e9a9,2019-10-26,0,lightweight,0.24606463592073377
0d3c456a7272d86e8ebbb604,2019-10-26,0,womens_strawweight,0.42375965689683043
ec961ddbd1b2a583933bf1c7,2019-10-26,0,heavyweight,0.46176761830383617
747dd08852da9f2fea81933a,2019-10-26,1,lightweight,0.6613403524390322
54365bc0fbf2054909ffb52a,2019-10-26,0,welterweight,0.5143175161297502
3d08ad4aa2e7c798a261b317,2019-10-26,1,womens_strawweight,0.4602479351880244
3c0c040f3ab9eee3625380a9,2019-10-26,1,heavyweight,0.34217772610490743
e493a0b30451a3c7301cdb30,2019-11-02,1,heavyweight,0.6895475516928293
b6ed2b7f241d89a1c2e5768c,2019-11-02,1,middleweight,0.7490461177988235
1179f435dc339904ffba59f4,2019-11-02,0,light_heavyweight,0.5377884300823305
fcd1f11d558f57139634bfd4,2019-11-02,0,heavyweight,0.3211200257786906
b40746bfe9247aa2ab1cf62a,2019-11-02,0,welterweight,0.4998544483061991
9be0b4ced3f43e9b5e0307d3,2019-11-02,0,featherweight,0.46408559262351656
3ef97578ff086342ac3316dc,2019-11-02,0,womens_flyweight,0.4588492627415098
6aac3558b27bea053402a041,2019-11-02,0,middleweight,0.3768186699415907
6bd651e672f1383eaaa3488e,2019-11-02,0,lightweight,0.38963912124883665
bdd7d638521a5220ece47138,2019-11-02,0,welterweight,0.53487735562423
77040a488134a21632e5e1c1,2019-11-02,1,featherweight,0.6146081053165222
16af1afe443d2d04a0b3004e,2019-11-02,0,welterweight,0.523469611957385
f936a2e7fe354fd8511c7843,2019-11-09,0,welterweight,0.32905892681807436
1e2f3752f6c52b1f4a02d6b7,2019-11-09,1,heavyweight,0.5964016195018135
1a1c5e4865c1d0486f79c7bd,2019-11-09,0,lightweight,0.24308946559896286
640793902348858ab72aa43f,2019-11-09,0,bantamweight,0.5243020251145364
4b1a6b415dfe50f3c9f1dbb5,2019-11-09,0,womens_bantamweight,0.3820571191914063
f0ffe0e3b264df9b5db97006,2019-11-09,1,light_heavyweight,0.15204504817898407
f1793f6ef34da4257673c238,2019-11-09,0,light_heavyweight,0.536936148513678
31bcc23345e28ba3b19c96e4,2019-11-09,1,welterweight,0.6563101119075365
b9697c6e95b6549c714acf96,2019-11-09,1,middleweight,0.7213507192751478
e106bc203bf221eab415c9d6,2019-11-09,0,welterweight,0.3492388571229287
43e49e7eac931187640250f8,2019-11-09,0,light_heavyweight,0.6435973645405956
1f6dc7a779838723b04fdcd9,2019-11-09,1,featherweight,0.7121250685742093
35a1c6a2fd428e45b7ba56ae,2019-11-09,1,welterweight,0.5625834804474222
9c39de42c4252efea5a6c7a4,2019-11-16,1,middleweight,0.5702170986462787
76080b6d4a1730806ca74745,2019-11-16,1,womens_flyweight,0.40479988275532836
ca0ede83403f2550325f5cf2,2019-11-16,0,lightweight,0.21604754775032625
895cdfc1522a784865e69ac8,2019-11-16,0,featherweight,0.6389739182326784
14217beddf84c2e52c742fae,2019-11-16,0,lightweight,0.7072353769145452
353fdcce1036b674908aaa84,2019-11-16,0,light_heavyweight,0.47279613950658894
9da66ec4bb7eb06c55458f10,2019-11-16,1,middleweight,0.5907098087833325
fab55b1d74b0c72834f8c73e,2019-11-16,0,featherweight,0.2181425206064502
0cd8da7c25c1fda31ca49a51,2019-11-16,0,welterweight,0.47617605947365776
3343bf88c488f245111644cf,2019-11-16,0,womens_bantamweight,0.4590951662449541
ebb3391b28a1a863bca84b60,2019-11-16,1,welterweight,0.4668691796798961
9dcdaba00e3d7661c2c20a0f,2019-12-07,0,heavyweight,0.34721898281067404
3f0d6005bcf5d8d74d490e25,2019-12-07,1,womens_bantamweight,0.48352576651226226
af619e0f50e39d9a3c707cbf,2019-12-07,1,featherweight,0.38253712198273254
70a295b55866179ccd1d2ba9,2019-12-07,1,featherweight,0.5152465786612908
9f1bc6cac3951396363e743b,2019-12-07,1,lightweight,0.72574276984312
ae915d199d0a3212d88d4bff,2019-12-07,1,middleweight,0.6506312116459946
b807573eed5a4156c41f13d0,2019-12-07,0,bantamweight,0.6438585404014758
c9a6fbe648a7cc56f81d7315,2019-12-07,0,heavyweight,0.49320256612816205
831cacee5fffa61376db4fc9,2019-12-07,0,welterweight,0.24233164830747048
2138569b556c4d614e8bb628,2019-12-07,0,womens_strawweight,0.41811629785125104
029906e95258805fd3ef5825,2019-12-14,1,womens_bantamweight,0.712594396609355
d5b4dfb3ff65f3dbb6fca19c,2019-12-14,0,flyweight,0.47363854828747054
ce5217459171cc8b3b06b8a1,2019-12-14,1,featherweight,0.6486445651623126
33e7da705762dd431b060f57,2019-12-14,1,welterweight,0.5708493169385335
f66a474497dbfe8160053545,2019-12-14,0,middleweight,0.46594261265825976
e78313114f040c2eb306caca,2019-12-14,0,womens_flyweight,0.6367469378052193
c278d51e7be09fbca132ce23,2019-12-14,1,welterweight,0.593568110258256
08209dc137ca29ba95d0b9a9,2019-12-14,0,womens_bantamweight,0.4795737991763512
c1ada04837f4f0ae52b28b1c,2019-12-14,0,bantamweight,0.5784949342953755
effa322cf0f61bf8fab0059d,2019-12-14,1,welterweight,0.5948783344895184
f1218bf5097065169418303d,2019-12-14,0,featherweight,0.5771529655415468
aa231dbbda45b913e6c739e4,2019-12-14,0,bantamweight,0.08586334333964082
75abd93d36786b68de733b5a,2019-12-14,0,middleweight,0.5934443533700932
ceb9eb09b6543ade92a2fc57,2019-12-21,1,bantamweight,0.4939811538592605
bc5dec6484ff60b254a2bf9e,2019-12-21,0,flyweight,0.44703387196154526
5e29733544b68ed9577a8341,2019-12-21,1,heavyweight,0.5885873353221678
7d8361c453bd229c2f8ab6af,2019-12-21,1,light_heavyweight,0.4840362173794948
fdfacd8404d0eb95adcee649,2019-12-21,0,lightweight,0.657214961779472
f9e7b8638de2149e61e51154,2019-12-21,1,featherweight,0.3703967419473196
8a987c4579dbf3e22f1d5ff3,2019-12-21,0,featherweight,0.5318112187402383
b93afc4960a3dbb6e25c0b1b,2019-12-21,1,middleweight,0.3322607866317141
ff575235c773175d33e45307,2019-12-21,1,bantamweight,0.5319579899392579
852967885dda5170546df8c6,2019-12-21,1,womens_strawweight,0.19889580648101943
3443c05c299fb7b8610b44d4,2019-12-21,0,bantamweight,0.6751329176838594
6c4e36c79471be03e79e25b7,2019-12-21,1,featherweight,0.7431259580579255
3b0c3a4939fb8a567ab24b63,2019-12-21,1,light_heavyweight,0.47628565951185436
dbaeff63b18a6d92838f98c2,2020-01-18,0,light_heavyweight,0.4453604178714129
32e3ff4610a5a504ed917afe,2020-01-18,0,heavyweight,0.6261801619501137
1826d3fc74bb2d6ba256950a,2020-01-18,1,featherweight,0.58981072264014
299419704af40353765232da,2020-01-18,1,lightweight,0.6109626503288619
a1906b428b2b7f692430e2cb,2020-01-18,1,bantamweight,0.5504527139491827
66d951441f61c860a46dd18a,2020-01-18,0,welterweight,0.32144742767487244
049d7f10a2408eaeea36b79b,2020-01-18,1,lightweight,0.3116921434511099
8c49399b3602fc1ea7faab1f,2020-01-18,1,womens_bantamweight,0.3951349867271103
894e5a6b67f8fd390b461dc8,2020-01-18,0,womens_flyweight,0.807527942106593
31631b1099dedbc551cca061,2020-01-18,1,womens_flyweight,0.5021154762315622
818e4e2f4882a32d5136f9f8,2020-01-18,1,flyweight,0.282592777479902
535e643e38e6e106255034d3,2020-01-25,1,featherweight,0.7528508276790982
fa88c98e5dae1a9d570d00f3,2020-01-25,1,middleweight,0.664300911294601
3be9f2fb380b4adfe9142fad,2020-01-25,1,bantamweight,0.6454499443362023
3ceaa0ce879bb7f0a68da029,2020-01-25,1,heavyweight,0.7469470786696677
70b24348fe735b27fba60a92,2020-01-25,1,womens_strawweight,0.55546701255063
4da0ae30154e9ffeae7d071a,2020-01-25,0,featherweight,0.5078810120583651
2a8739dba9f6bbb8da7160b0,2020-01-25,0,light_heavyweight,0.5678593231991174
f0db58925ab2f01282c6aed8,2020-01-25,1,flyweight,0.6689666344383076
611387fbcb2688d824e09cfa,2020-01-25,0,womens_flyweight,0.5993841716631965
34d2e609fae11eba0361d28c,2020-01-25,0,bantamweight,0.3412490376421087
49c737995706c23811737d45,2020-01-25,0,welterweight,0.5333904681449514
c98a7a3f6e065503e752b443,2020-01-25,1,womens_bantamweight,0.39752441447556386
58f8cedb4f1c4a8acfe97da0,2020-02-08,1,welterweight,0.4273854177964356
f791308687846b968ecb6e0b,2020-02-08,1,bantamweight,0.37748587497842334
45d8c7be4e945420d00361ae,2020-02-08,1,featherweight,0.534653765395892
a3ce1d91d4f5d48cb71fcfe9,2020-02-08,1,heavyweight,0.776068987687583
ff6a60aa5038e8415ec8939f,2020-02-08,1,light_heavyweight,0.8497782465045625
e68dbb04527c15178f4140e6,2020-02-08,1,heavyweight,0.5026007996220861
b2b4d0831802f26e83e6ccc7,2020-02-08,1,womens_flyweight,0.2299192998175964
8d68545109734da047569b52,2020-02-08,1,bantamweight,0.3238153901052501
9849cc2855f955fab6058523,2020-02-08,0,featherweight,0.44909576547293345
d1b4cad82cb530a5cf8cacd1,2020-02-08,1,middleweight,0.426079830823028
1f5ca783acb07145072da725,2020-02-08,1,womens_flyweight,0.7816101068742087
2085d5052f8ce3f92633bf3f,2020-02-15,1,lightweight,0.5670078774181294
8de48a03581e7b5f3ae2d006,2020-02-15,1,bantamweight,0.5272848396225813
bd22d4e2756e0f228a221025,2020-02-15,0,light_heavyweight,0.4777389970693086
c7f13fe85a89872d7c7fdc4a,2020-02-15,0,light_heavyweight,0.27978527486971627
1ff4a3233a4e3de253086d78,2020-02-15,0,welterweight,0.6886785715873455
f8d3fabff42baf18c7e8c6d5,2020-02-15,0,lightweight,0.23491691187986094
52e04780edda9cf0618b9152,2020-02-15,0,bantamweight,0.7726726419731513
828bae559074c156bab9cdec,2020-02-15,0,lightweight,0.4791769670297474
e2092c0a9fda00799fd85248,2020-02-15,0,womens_bantamweight,0.29005109770088205
344da31964fde9819457c241,2020-02-15,0,flyweight,0.5021441327306047
7a47b5bdbb687c1295999f5e,2020-02-15,0,womens_flyweight,0.3974900701532003
e21273dacc8544d24b825430,2020-02-15,1,flyweight,0.6870723359073554
806a30c5a3bc9369c6e1864c,2020-02-15,1,welterweight,0.4155406919830098
3345db9eff688ec37ec0f2f0,2020-02-22,1,heavyweight,0.5812193369041511
405c0a662bf5e5bd6660107f,2020-02-22,1,lightweight,0.572352772537284
957ee110d743be59ac63bd6c,2020-02-22,1,welterweight,0.6902905763146705
55fc23885a358078ecffc231,2020-02-22,1,welterweight,0.7752582521128111
3d852084c8c58ac9c0c3866d,2020-02-22,1,lightweight,0.6019022069184853
6d9b24acf3b0a085f063254d,2020-02-22,1,light_heavyweight,0.384561653157721
7ec2485289f1c9b63a5792d6,2020-02-22,0,flyweight,0.2754114537871992
e4febcd3b9270378b88c2c8d,2020-02-22,0,womens_strawweight,0.4526732333428323
06cda90846ecf341619165c4,2020-02-22,1,featherweight,0.5570339195224334
c081058b8760ebc49b1844fa,2020-02-22,1,womens_strawweight,0.5085526914051053
0a118b568754c03f74e85a68,2020-02-22,1,lightweight,0.7354878525454445
e8ddc97cca6d0a5d378ee12f,2020-02-22,1,womens_flyweight,0.6454807521724413
bc05c73c776a23522465fbba,2020-02-29,1,featherweight,0.572463726326374
67c513c4904f8faedf720155,2020-02-29,1,middleweight,0.32076922638666666
225a42fc041d7b46d5bfaca6,2020-02-29,0,womens_featherweight,0.34500323607931627
12c618f5f471aac6cbe2f559,2020-02-29,0,bantamweight,0.6191201713441938
7c35b87c3259435af9f305f0,2020-02-29,0,featherweight,0.17642266026965508
b9199fdaf47f5fe86002cdc7,2020-02-29,0,light_heavyweight,0.5117277511386563
a9d1e14c018c2bd7956f85b7,2020-02-29,1,featherweight,0.6908051754083883
959d009361301a02cd28d861,2020-02-29,0,flyweight,0.4242056702781428
c5b2efe1550d9fc74302f4ae,2020-02-29,0,lightweight,0.2487484922831723
af291c699433bd04d136b64e,2020-02-29,0,heavyweight,0.603017203872765
0192a4baef7d9bbc35d07b36,2020-02-29,0,womens_featherweight,0.4521389196223704
8233a2bcadaa15eb353a00ac,2020-02-29,0,welterweight,0.7200232951105499
ac32a2ac43ae6ff31c4c058a,2020-03-07,0,welterweight,0.3200817794432509
2994a65fc60a7ebda1abdfd4,2020-03-07,0,bantamweight,0.23039186458714087
4dc37410ffdd722c5c13b647,2020-03-07,1,lightweight,0.6212307915016162
bbd0ec55ec6433a7ed39dada,2020-03-07,0,middleweight,0.2317117778342066
29c5a22950b852875c2d2859,2020-03-07,1,featherweight,0.6148655993054751
fd70dfb0a7f2d8d11002f31b,2020-03-07,1,middleweight,0.8853015916150628
0a2d16d65f1e0a9aa0e5ad91,2020-03-07,1,lightweight,0.845049433753139
6d49420f915f8986e125d116,2020-03-07,0,welterweight,0.4361654015818534
b8fe0a7b1ff0416078863f66,2020-03-07,0,middleweight,0.5473895747089484
5f2af6f949d46196346c0969,2020-03-07,1,bantamweight,0.44933559467017853
49093c389ab04a0502e74269,2020-03-07,1,womens_strawweight,0.4792379432322882
dcbc89946cfd3b60dc2896a5,2020-03-14,1,womens_strawweight,0.8000592338862688
ab4e9d192e4c6a16d88cfa78,2020-03-14,1,flyweight,0.5577519998902063
0629e69e4cdef6010afb82fe,2020-03-14,1,welterweight,0.7499450290904206
12fcb4b15eab88cc21a628ea,2020-03-14,0,welterweight,0.44096796897129537
3397e1f912942f4951412964,2020-03-14,0,lightweight,0.71686570939667
0b804ef15016f4701a6c3b27,2020-03-14,0,light_heavyweight,0.3164063660064497
c060ae13226dc57054e79419,2020-03-14,0,flyweight,0.4333162924908037
1f8448a33794600e3b26b116,2020-03-14,1,lightweight,0.3851462124483275
8f283b50bf60f4ca662fb534,2020-03-14,1,womens_flyweight,0.4423071461618422
7171685f49e42fc47e27c391,2020-03-14,1,lightweight,0.799200713422114
832f4ad5e6462a116d4f8af9,2020-03-14,0,womens_bantamweight,0.6327635319379227
009aa0b869e610f7e796e750,2020-05-09,0,heavyweight,0.4863206071710745
c103c970f04eb87287a0e4b3,2020-05-09,1,welterweight,0.4991748853345073
cedffd9e5eec6ce82f7c101a,2020-05-09,0,featherweight,0.19145961228564576
a0e32d72c7de88f4800dab59,2020-05-09,1,womens_strawweight,0.5841816035846229
ae7dca63a813f4d6c52b1788,2020-05-09,0,heavyweight,0.42295903179162103
f8880f1d649f46e28a73ca8d,2020-05-09,1,heavyweight,0.7463968232867996
5384d7c94e5a0e0f2f57d0aa,2020-05-09,0,bantamweight,0.4852597805349963
b0b04e108bd700e4b9506bb6,2020-05-09,1,featherweight,0.562274707836681
4e861f89eebf4bd6240193ec,2020-05-09,0,light_heavyweight,0.4058848211137223
da967b755aeebd0969453818,2020-05-09,1,lightweight,0.4460991852527632
5922566ed6339c4bee68789a,2020-05-09,0,welterweight,0.3581514147378447
9327fe46dbb648274dedf148,2020-05-13,1,lightweight,0.3230309126155847
b4e09acb3ef8fb916cd20042,2020-05-13,0,heavyweight,0.5206925868566438
099226a1af8eaad416e33ce9,2020-05-13,0,light_heavyweight,0.7770681583805177
85583e946a1afc739c7971d5,2020-05-13,1,heavyweight,0.45559785178146917
30f7d6f26cdb555e1863bacf,2020-05-13,1,heavyweight,0.6031846745977569
77c3d8ba834acfc857c5d9ad,2020-05-13,0,lightweight,0.5488015505803269
281018bae372254e896f953c,2020-05-13,1,featherweight,0.44540035979821707
11a75f048fd5a8ce402d014c,2020-05-13,1,lightweight,0.7083059509854488
eec530344c8a5b1193095b97,2020-05-13,1,bantamweight,0.418874767683421
fc27e2a2bb4840d583e6af05,2020-05-13,1,womens_bantamweight,0.5591325176801534
56eb0df2ba5e8806fbb8b6ac,2020-05-16,0,heavyweight,0.459341574533289
4431b6293af599f45ff88ce1,2020-05-16,0,middleweight,0.32535664666734965
2ab2b9f636e1f691e06be87f,2020-05-16,1,womens_strawweight,0.5086576439671193
2013fc705603e4d2d485f766,2020-05-16,0,womens_flyweight,0.5321384005749844
5002aab7fcb128933ec0f428,2020-05-16,0,featherweight,0.23042207455225466
6b06bb42128fb721e64e27d0,2020-05-16,1,featherweight,0.3425353120494445
700c19e5d8072a2eb472243d,2020-05-16,0,middleweight,0.5609674127488326
e484e0ac9450e9273c0358cd,2020-05-16,1,featherweight,0.6326513141307667
ca6e34d9cb638eb1628a7523,2020-05-16,0,welterweight,0.3103721661823649
9a367f827403d6a654fbb184,2020-05-16,0,heavyweight,0.37762967039548334
bc93d93ef97ad802b83b9d42,2020-05-16,0,featherweight,0.39872479249162135
ee05f5ee9431052c10688e3a,2020-05-30,0,catch_weight,0.7237777259373933
4666770439ba8c9851230139,2020-05-30,0,heavyweight,0.39405807609814303
30e2e97fde043513c4e768c0,2020-05-30,0,featherweight,0.3438557017466979
4daf886ecde6eaec42a3a025,2020-05-30,1,welterweight,0.6623584313700037
cab113a35cf2265258613c6a,2020-05-30,0,womens_flyweight,0.29802859566565243
1ac169b7d2f5b29552a8b0c2,2020-05-30,1,bantamweight,0.5725818797515693
13b094ecc0ecaf09072cf52a,2020-05-30,0,womens_strawweight,0.3477943200015798
c05df91759ec1c10158435b1,2020-05-30,1,lightweight,0.7484828258172106
50b9b416e5e3b3851dac3a6f,2020-05-30,0,flyweight,0.6510687660527944
2d149a8495bc57d125ce4598,2020-05-30,1,welterweight,0.600990418416316
820e89cff0edf608156421bc,2020-06-06,0,featherweight,0.7789456089206881
97226c5d11d686649ed3e022,2020-06-06,0,bantamweight,0.45989516415194986
24970a4f8d6d139317076c24,2020-06-06,1,light_heavyweight,0.4705887728543263
28044f1dbc515f3c272522a1,2020-06-06,1,womens_featherweight,0.8880217034389445
14525c663d20a7a85c31b0dd,2020-06-06,0,middleweight,0.47321989688502086
4858c091f6e5f1675c2a3e4e,2020-06-06,0,featherweight,0.2647008009142058
f5093e48c887c2911361c958,2020-06-06,1,bantamweight,0.7118180099015488
478b9433c1b69ca56c69354f,2020-06-06,0,catch_weight,0.6574829598207256
34cf054f6fef1a96d7b033e6,2020-06-06,0,middleweight,0.4244336115047597
41234e8af82999c05cd8e76b,2020-06-06,0,flyweight,0.4082888212085609
0af06c0ad5c72afe4111ca93,2020-06-06,1,welterweight,0.38708076457538615
e31c4c6b7eef770d9e0c6969,2020-06-06,0,bantamweight,0.172259528231343
886bbd2f6a3553ba3983567a,2020-06-13,0,featherweight,0.4338956325785396
89e05740fd45ec7c49dee28a,2020-06-13,1,welterweight,0.5015933930918337
0307782c584315ff5b11eb53,2020-06-13,1,lightweight,0.27983138738517493
62e7a1dbde465ca7534617e6,2020-06-13,1,womens_flyweight,0.5189418220555815
8a6e39649a3fec737d38320b,2020-06-13,1,bantamweight,0.4418344126452072
c630e7885cdd36b6b14cca59,2020-06-13,1,womens_bantamweight,0.6340816134438964
3e172364fc518e64ef6c7969,2020-06-13,0,middleweight,0.4598367680213317
2259ec8201adefc465ce8c23,2020-06-13,1,womens_flyweight,0.6635877510089422
923433619c20dd750c2205af,2020-06-13,1,catch_weight,0.6518005886614626
e8151d9214dc667480a5a0cd,2020-06-13,1,bantamweight,0.472638043822842
290d4ab10e5aa919a128037b,2020-06-20,1,lightweight,0.5694172027364625
cbdc4ad6d5473e19d6df57ba,2020-06-20,0,welterweight,0.4057209708434825
35dd379f6c827a39c9ea2a80,2020-06-20,1,lightweight,0.7492486940730018
0ca95193d549deae06a43dfb,2020-06-20,0,womens_flyweight,0.3668794040839425
42a699b0e1e0b47000777a51,2020-06-20,1,heavyweight,0.6540935343984992
11a2b83fafaadd00beca04d6,2020-06-20,1,lightweight,0.3835673262153139
dab5c40932dc5108516b8357,2020-06-20,1,catch_weight,0.09058252552592634
1702be42945c42f331abfb86,2020-06-20,0,featherweight,0.5542310665397422
059fc403c1199ed58dfefd1e,2020-06-20,0,womens_bantamweight,0.16633483301842789
cd96fe8c1990581afcbc65fa,2020-06-20,1,womens_flyweight,0.4678177767688532
af88d28bf7e8107238ee84eb,2020-06-20,1,womens_strawweight,0.5735543513276518
82c23a4256fc112839a21e37,2020-06-27,1,middleweight,0.7210909290498538
de98f026bdf72951202b6d58,2020-06-27,0,lightweight,0.597187555387921
3f23da8e6c5be0676895513e,2020-06-27,1,heavyweight,0.5719271906856
b66fca201dea49414ec29f35,2020-06-27,0,featherweight,0.3793327150258154
c4e0a136fe5ffd850886b385,2020-06-27,1,womens_strawweight,0.5780808890082304
2fdfc02f2b246b2cd90069a6,2020-06-27,1,lightweight,0.2873388683780173
c13e18c821c98fe6fce0b80e,2020-06-27,0,welterweight,0.32215931445330437
44b541d2c96511df188e7335,2020-06-27,0,heavyweight,0.40650385551523843
c19913fffb602e14f3e2082b,2020-06-27,0,catch_weight,0.8251482307237624
006f504a194d5223fe79b4df,2020-06-27,1,welterweight,0.6312266272483245
be848e2721065a0114893812,2020-07-11,0,featherweight,0.45497078215212516
1f3620c84ae614757d7bfa36,2020-07-11,0,womens_flyweight,0.315346185212012
2aca388948ad79e83a84cf15,2020-07-11,0,welterweight,0.6188757362104209
574672682df84871761a5876,2020-07-11,1,womens_strawweight,0.5684132322447399
83c960d387ea71ac2b87a5ca,2020-07-11,0,welterweight,0.19956461448849233
51718fa99d2beeef65554230,2020-07-11,0,womens_bantamweight,0.462181931814806
d15cc1d2230aa928274889e4,2020-07-11,0,lightweight,0.42273613784770264
203ac34442d30277d30b534a,2020-07-11,0,featherweight,0.28350689390955297
bbb50c2b6683640361da5f6b,2020-07-11,1,heavyweight,0.7631353610068091
c47da9117ef9cb0c55d90f33,2020-07-11,0,bantamweight,0.6501363910118422
0d11971457c4175b965c7f87,2020-07-11,1,bantamweight,0.6777288070705856
511b42aba92448e1f30bcceb,2020-07-11,1,flyweight,0.734993825835289
b8cb51bb58d9db4514c8a4cf,2020-07-11,0,light_heavyweight,0.7552221875465841
3cb54ea87dbfd559fefef2b7,2020-07-15,0,welterweight,0.5088075990998797
884115a97758c772c9a1aa6e,2020-07-15,0,featherweight,0.6651103935951972
e030c4b4274431ef2741e6c9,2020-07-15,0,womens_flyweight,0.6186967029930242
a8f801019d4eef0e77d9ae1a,2020-07-15,0,bantamweight,0.16479632485787116
b3e069741adc630204893233,2020-07-15,1,featherweight,0.47066515981414414
e15671cec5d44e671c10a445,2020-07-15,1,featherweight,0.3500498358420886
8b32ecec48dbcd2195ac45bf,2020-07-15,0,middleweight,0.27457371463646874
07704ef1301d2d6ce8009af5,2020-07-15,1,light_heavyweight,0.5495773745024467
b612d80bd5c03377090d4d3e,2020-07-15,1,womens_flyweight,0.5579895835766502
9f333d28d7717b8654dfa658,2020-07-15,1,featherweight,0.1489839603124381
456ab7958561d909b67e3864,2020-07-15,0,flyweight,0.26060260747490477
8f69fcae4224781b3c9cfa38,2020-07-18,1,flyweight,0.39525650197543105
fa1912c548967b80aa56bf11,2020-07-18,1,womens_flyweight,0.42601774558539124
6919180ec57b7b188061ac38,2020-07-18,0,bantamweight,0.5800572490910673
74993216732e68a332a88a7c,2020-07-18,1,heavyweight,0.6632331901067038
cd37985766a8aa01b735f39b,2020-07-18,0,lightweight,0.3871774064825
1940aee687891ca4a94afbfd,2020-07-18,1,flyweight,0.623210678612731
9fafa8c93b811a3746eb31e8,2020-07-18,0,catch_weight,0.22333925824359818
f86ab16d919a25d4da537f58,2020-07-18,0,middleweight,0.49263385449062896
66da3b6f9f4cf7e4157872a1,2020-07-18,0,lightweight,0.4473014684699097
4a09d8daff5488361ff890ac,2020-07-18,1,bantamweight,0.5662153752131822
e038f9564dda467e4997ce35,2020-07-18,0,lightweight,0.6379971820469021
8cd39f466756d30dadd88be2,2020-07-18,0,light_heavyweight,0.7299003016250034
aa414e556f0b92cf8400036c,2020-07-25,0,welterweight,0.28266623934953244
9ecf8c24eea5a923e8f4b148,2020-07-25,1,womens_bantamweight,0.6039044731218236
b345fd117c26ce8ce1ef6e60,2020-07-25,0,womens_strawweight,0.38266311774276895
0c7ab3916d55a17df15a3a83,2020-07-25,1,heavyweight,0.110322382483884
39cab37f486024ecb9db2635,2020-07-25,1,lightweight,0.47504445474034995
defd84b0599cc0d92b68f3d9,2020-07-25,1,welterweight,0.7073615807134711
463933bcaf017d47e453066f,2020-07-25,1,light_heavyweight,0.7841883980870227
774acac56423a0c607d073ed,2020-07-25,1,featherweight,0.5979458734937549
f8145b4bb7b5e3cb97d4dc9c,2020-07-25,0,bantamweight,0.21237338074491866
6ce73abee15e58ac43b79445,2020-07-25,1,light_heavyweight,0.5674176137069233
85e0c0d613fc2cb13a184545,2020-07-25,1,welterweight,0.6746289155734359
d7af924b081837726a8d950e,2020-07-25,0,middleweight,0.6126031301989457
11685689bd05b8ae21ca67b2,2020-07-25,0,heavyweight,0.2926739817735013
376525f5ca63a4c27ff6decb,2020-07-25,1,heavyweight,0.5403185325033047
8332a93dfb22029ffd97dce6,2020-08-01,0,middleweight,0.6512336017899939
accaf5efe3560f60755f9237,2020-08-01,0,bantamweight,0.15889683758275858
77f7f2dbc81095fc4709e0cc,2020-08-01,0,featherweight,0.27857979197605953
803e4699563eeaab313ee6f9,2020-08-01,0,womens_flyweight,0.5729194893673835
cf1b0a8a8ef42f5355c57ac5,2020-08-01,0,featherweight,0.5312416166467713
74ada4c73df8d55a25668c40,2020-08-01,1,lightweight,0.5053925299644179
11b2bdce33b4daa385378c1a,2020-08-01,0,welterweight,0.4517193234258318
210876a707716aedd484fb62,2020-08-08,0,middleweight,0.5456914428635309
55d2db7e55ff9ef810d8a2d6,2020-08-08,0,lightweight,0.39914787459892515
04fb7fae5eccd9bfad3b30f5,2020-08-08,1,heavyweight,0.6875926364525193
9c4d9994434bee6a49132946,2020-08-08,0,featherweight,0.7089327566362476
868200fb7ccb6878e63a9732,2020-08-08,0,bantamweight,0.44202286957120457
7ba96474f9f6f546663fb612,2020-08-08,0,middleweight,0.2369004061718817
2d9f61eb854f945a91ce4e6e,2020-08-08,1,middleweight,0.5540030692968689
da0dbbeaf56d1757faf50688,2020-08-08,0,lightweight,0.22920011617854436
7cf5bb7c97d458ef222e05c8,2020-08-08,1,middleweight,0.40999315561158206
298e37ec9666db9f53515a4c,2020-08-08,0,welterweight,0.515351814082639
245a1aa1d70748ddb77fcd50,2020-08-08,0,womens_bantamweight,0.42047057601224536
060c3c0453e2685b88bfc7cd,2020-08-08,1,featherweight,0.8371140202426778
f62f628f4d455c496ac07489,2020-08-15,0,womens_strawweight,0.42541718252649097
a932c2ee19a974d44f417d4b,2020-08-15,1,heavyweight,0.5553311914850604
7a1e753ee1cac071ed552cc0,2020-08-15,1,womens_strawweight,0.6148434906697889
c2a30adbd7330740e20862ad,2020-08-15,0,featherweight,0.6987225856545295
14528df9ace6c262ceefb3f7,2020-08-15,0,lightweight,0.29809686239365435
55a99ea2630f084f2ed4d912,2020-08-15,1,bantamweight,0.7401868236661414
5d24c91dd499dbf9f371c204,2020-08-15,1,heavyweight,0.5670095512218029
1b00b8df5d93a51c490a2948,2020-08-15,0,featherweight,0.35024670415709475
ba981dcf4305f29bcaa7900b,2020-08-15,0,bantamweight,0.5903089451099309
27164f9bd07bca68817f3f4e,2020-08-15,0,heavyweight,0.42460806552194647
b5a777423264ab6348bb1c2e,2020-08-15,1,featherweight,0.2218391578002167
acf437c27bb894e5f10b2833,2020-08-22,1,womens_strawweight,0.6214104569186722
865bc5e17b412e9d8e74207b,2020-08-22,0,lightweight,0.33822683821605765
56c97a89da7aadd66d047b0a,2020-08-22,1,welterweight,0.5080912344530777
3d301ae7159660205e61e4dc,2020-08-22,0,welterweight,0.5208184549178841
34d337987a36d7908897d305,2020-08-22,0,light_heavyweight,0.17769797801698395
df37437bbab31d315b3583ce,2020-08-22,1,light_heavyweight,0.6328779570819967
35fc4617b59fef082956caf0,2020-08-22,1,womens_flyweight,0.11131438787376327
4c3bf69bcda575328e7dfa8a,2020-08-22,1,bantamweight,0.6160560106593927
9a0f019bcdd546effc2348ee,2020-08-29,1,middleweight,0.5821027218663218
445a76108cb8e63cbb18f23b,2020-08-29,1,featherweight,0.6413222235600631
783496ec89222db55e57a668,2020-08-29,1,light_heavyweight,0.40265286941403167
e386eba5a579cbc9c61d7ea2,2020-08-29,1,womens_flyweight,0.5446403789333779
7e8fcbb84541590cb5ced267,2020-08-29,0,middleweight,0.5462244177675063
4fba53fa922937da97b13a1a,2020-08-29,0,womens_strawweight,0.38362010419614556
9e3309a83263a3eb26e2536b,2020-08-29,1,womens_strawweight,0.598509810332048
cd63bf60ab82e106e2f0ee15,2020-08-29,1,featherweight,0.5197868374250522
5b102515890b750f61b15ad8,2020-08-29,1,welterweight,0.7885702515027219
df451b71add33401cfbbbdee,2020-08-29,0,welterweight,0.3721657651558406
a8f7e7ce78b35799585b7b3f,2020-09-05,1,heavyweight,0.2578765252905242
4566ad12d4871db68af538da,2020-09-05,0,middleweight,0.5763739052938697
79f56fc5b540a07b75fc2f98,2020-09-05,0,featherweight,0.34119150394705416
b37f7663c4100c0a3a3d864e,2020-09-05,1,bantamweight,0.665885256937626
db45cb350600a6522a63019e,2020-09-05,0,welterweight,0.4452535800549293
3a47b616824dbc09d6b4f23f,2020-09-05,1,light_heavyweight,0.536229527196989
cc3301848054cf1d86698beb,2020-09-05,1,womens_flyweight,0.40411243237210187
28d6bbf15b8b8f3eb7f23a3c,2020-09-12,0,heavyweight,0.38877849091645145
f323a1bcddd8b81465fd2d6a,2020-09-12,0,featherweight,0.2556447656933028
7ae74b7892d546b2c6cc4286,2020-09-12,1,catch_weight,0.6374896393578756
b58fb9829ccfd18659c6d7da,2020-09-12,0,welterweight,0.3280457198815559
082eb0ff7fe293a70ba23347,2020-09-12,1,light_heavyweight,0.30138640453777793
93cfcbcd4b75c2b5c8ee2e46,2020-09-12,1,womens_bantamweight,0.5812241910399648
04a643128e2a0077e897530a,2020-09-12,0,lightweight,0.19973663359435198
537ffd56845ed420190fbfdd,2020-09-12,1,womens_strawweight,0.5035547417266346
25de901f6dd7ecb9530b74b0,2020-09-12,0,lightweight,0.49546987372545065
28efb17bdca98d4378885a1c,2020-09-12,0,womens_flyweight,0.5811258618837191
9315dd27fd7b658d3ca50207,2020-09-12,1,womens_flyweight,0.6777330540076759
623b46230159a54815f5cb49,2020-09-19,1,bantamweight,0.5090188209447226
fb266d3d4965156fe0812808,2020-09-19,0,welterweight,0.3746665624112371
6c738a0d9b2c763e5023b8b1,2020-09-19,1,featherweight,0.44377004414113697
d817723ba47e641cb45f55df,2020-09-19,1,womens_bantamweight,0.4282443312105951
5b0b10e3a4c96b4a1aaacc21,2020-09-19,1,light_heavyweight,0.5392267989138417
4d15262f09d0438e42a1d716,2020-09-19,1,flyweight,0.349337795730375
f23ca5817efea8ed67cc6d3e,2020-09-19,1,bantamweight,0.5850167562388268
fb788a19abdf58c4ce9dcfda,2020-09-19,0,middleweight,0.22182869898969812
5c95389aafbb0711c5963558,2020-09-19,0,middleweight,0.33799740975471976
7931d00816825b1bd9e0ecf7,2020-09-19,1,womens_strawweight,0.6177841588306136
126a5071914844441f76aed3,2020-09-19,1,womens_flyweight,0.41911924429213243
ef94f26d1600348c57fa67b0,2020-09-19,1,featherweight,0.32974630243174574
3e510c9608a6583021390665,2020-09-19,1,bantamweight,0.40621860568804585
23a662e45455f29a908aee5f,2020-09-26,1,lightweight,0.5612821101351703
ffe5c9a6e91e0d37d415fdb0,2020-09-26,1,welterweight,0.9048389134727136
9f519c98b04a3b46edae897c,2020-09-26,1,light_heavyweight,0.31035674632610283
80791d311e48d79967e48920,2020-09-26,0,featherweight,0.47937473608406006
4ba5210842a9fdedea37b2dc,2020-09-26,0,middleweight,0.13361620892713724
38d22d042e94d6259e70a045,2020-09-26,1,heavyweight,0.429353435273831
48f7656e55b8b2313a2a7cd2,2020-09-26,1,flyweight,0.2798192628192196
f4bc73375a257ec73059a857,2020-09-26,1,womens_bantamweight,0.46872111708403447
be57e08456210445617a2cfe,2020-09-26,1,light_heavyweight,0.2516398598458521
39410ea34d5a7709c2e4070b,2020-09-26,0,featherweight,0.5797366073604169
f593b1fad2405f4eea183994,2020-09-26,0,light_heavyweight,0.7438880646737179
b04169fb651ff838bcc04a28,2020-10-03,0,welterweight,0.32142128227332195
0c6b8632abdb2d92929613c4,2020-10-03,0,bantamweight,0.45547837143587455
d1559e32012f7277afb65dff,2020-10-03,0,middleweight,0.41421818323348214
f3ee0876b7b239e4c9c141a5,2020-10-03,1,womens_bantamweight,0.5961440631292326
1ed625d2bce4a080ff7aa7ec,2020-10-03,0,womens_bantamweight,0.6082582382255418
c6a82c44dd90c79be12b6827,2020-10-03,0,middleweight,0.47736320865255477
e027916440b1d9b89633d333,2020-10-03,1,bantamweight,0.7756865897394977
e78a454a7ba56158106a70bb,2020-10-03,1,womens_strawweight,0.572420920803129
9038dd92cf6a9dba569b6e41,2020-10-03,1,lightweight,0.6533391094103073
5e403d21b6f537ca07e981a8,2020-10-03,1,heavyweight,0.5865820518435121
80048b12f4e27d448e681393,2020-10-10,0,bantamweight,0.6796718360578629
9fd3797dda6a9dc551642271,2020-10-10,0,heavyweight,0.4101588668027314
47d015c9da4f8e7c68642c9c,2020-10-10,1,flyweight,0.426643374070157
f3c39178e030c72a92766f83,2020-10-10,1,heavyweight,0.4732506692440318
b33b7e15079e874207787397,2020-10-10,1,featherweight,0.3771940651338642
32b54d883d2d43b47a7329ef,2020-10-10,1,featherweight,0.5171900407621226
3933cacfa643f4332fb05e57,2020-10-10,0,middleweight,0.663227416592385
6d2a9d7dc08ac386e90f4115,2020-10-10,0,middleweight,0.4591819216594004
a9b7a476e336ba9d14cc3967,2020-10-10,0,bantamweight,0.4985466915661057
4bf87d901465ed4dc164d766,2020-10-10,0,heavyweight,0.1514005991054709
96f20b0be6ccb77bf9cdc8eb,2020-10-10,1,middleweight,0.5539248736394756
f37de3fb239061532292aa7a,2020-10-10,0,womens_bantamweight,0.33000255380013976
c1064b7eb590e152b8293553,2020-10-10,0,featherweight,0.770117835934203
7436f2383310929d077726d8,2020-10-17,0,featherweight,0.6560594413512578
1ccd594341a2b6cea5016be1,2020-10-17,0,welterweight,0.3783950479340091
5c7f86843455a239817ae12d,2020-10-17,0,light_heavyweight,0.387757126863939
2da28f1443f58bbdd2cb3db7,2020-10-17,1,womens_flyweight,0.4701816449045384
9dc9bdd024b0eccd64b939ac,2020-10-17,1,lightweight,0.6200962253814136
5b47f9b0810708e40df64e9e,2020-10-17,0,light_heavyweight,0.2929004495078034
2975781dbd33227ef8a61f79,2020-10-17,1,middleweight,0.7646982435208612
2a9bbefd70d44c964d657e9b,2020-10-17,0,womens_flyweight,0.3419902006096166
591940879703188b315267f6,2020-10-17,1,lightweight,0.5194573834773427
385fd3eb8f3778369168b7dd,2020-10-17,1,bantamweight,0.7770039786234758
5d4dafd8adc6f8fdd0422db8,2020-10-17,1,featherweight,0.4781906988543204
9e5f20555d811d9565cd562c,2020-10-24,1,welterweight,0.3507325422941456
c390228f133682c232f89d7a,2020-10-24,0,heavyweight,0.09081415082192497
ddd3bcee83bd285bc2d66fda,2020-10-24,1,middleweight,0.503146786862069
accd1dcd8cd278a67c7cd20f,2020-10-24,1,lightweight,0.6516799771824755
5e1047bc4fb321e2c668e871,2020-10-24,1,lightweight,0.755976510059491
01e8de6e71b38fdbb4ca295b,2020-10-24,1,womens_flyweight,0.4965742377330332
dccd287fe543912a3d4262ce,2020-10-24,1,womens_flyweight,0.5562293077662435
27330ec2f027b06bb6e1d506,2020-10-24,0,light_heavyweight,0.37013441231330424
95bf3e74a6af57559a469137,2020-10-24,0,catch_weight,0.5377624229073
df5cb9edb98d3b8e5b0d1dcc,2020-10-24,0,middleweight,0.23282376274871314
f579d8fdebc5facfe7a54631,2020-10-24,0,heavyweight,0.3207960806465489
89530c10412fef4e37adacc3,2020-10-31,1,bantamweight,0.5209268436716034
139113bda6e2c08bcdb0de64,2020-10-31,0,featherweight,0.3805323665237708
64f6e5042b239942a0940584,2020-10-31,1,lightweight,0.7177877654549081
cefd7c12fbddc1ae93b66ff3,2020-10-31,0,welterweight,0.7870987235603326
7b0cfccdff37cdd83d0058fe,2020-10-31,0,light_heavyweight,0.43386816003361706
26fbfce30596a1dab7bd4db1,2020-10-31,1,middleweight,0.8219108777704374
578662bba25d0cd530c617d8,2020-10-31,1,lightweight,0.46016153319131675
ee10cdc650c5fb71fced52b6,2020-10-31,1,heavyweight,0.613223817317982
558610849677ae0c138c4f45,2020-10-31,1,bantamweight,0.6410320878267923
5fd8a5e104ff4c3e1adbc165,2020-10-31,1,middleweight,0.7125811142001558
b5338c339e99f772edcafd4b,2020-10-31,1,middleweight,0.8080886995224518
c01ae7afb0d017349ea11354,2020-11-07,0,heavyweight,0.3249490437464785
a75ae44aa15099924d9905d7,2020-11-07,1,heavyweight,0.11217387946349786
3eef4800a98bf0e45d406700,2020-11-07,1,womens_strawweight,0.5368405265615204
dcbfa685c07ca7e10a21cc93,2020-11-07,1,featherweight,0.296886511881116
7e96ea3f88bc1cd633bfbcff,2020-11-07,1,featherweight,0.7339443694755828
cf941249e8853878c39beb3b,2020-11-07,1,bantamweight,0.48709682199963833
627ff29937df0f3e4b02b96e,2020-11-07,0,welterweight,0.4112837953391584
35cd9e0ed2ba0bbc0352b4d5,2020-11-07,1,bantamweight,0.6772567617063775
f56a2da3439d7312f3ed5053,2020-11-07,0,light_heavyweight,0.5875363883778131
22d95249dfaff73c149f7787,2020-11-07,1,middleweight,0.6895240587338561
4f984c114f952c5e85b05305,2020-11-14,0,welterweight,0.17124588458130668
0bf1cad5fff73833720546bb,2020-11-14,1,welterweight,0.7359782798687187
4d8c8fdb741a66e9ec213215,2020-11-14,1,womens_strawweight,0.3378347882343798
7472bbec30036b91f8b3f55a,2020-11-14,1,catch_weight,0.44409517236435475
9d1bf278adaf06c59aafbe8a,2020-11-14,0,heavyweight,0.3238875388815636
bdf3b0384bfd20ab4f874937,2020-11-14,0,bantamweight,0.3914837191669364
256ba9eadd0025f9b1b46491,2020-11-14,0,womens_strawweight,0.6577653705931159
212de9a7a449ce2e3483fe61,2020-11-14,0,lightweight,0.479915416036093
71953b09146d733984c4873f,2020-11-14,0,womens_strawweight,0.4235870851111244
daa107f8ce19d97b1024e608,2020-11-21,0,welterweight,0.5717536999185189
990f47449008c2507dce5538,2020-11-21,0,womens_flyweight,0.43148170857173906
855198b297a6d4d634748fc0,2020-11-21,0,flyweight,0.25657349168772503
ab363e2b0f18214055df486e,2020-11-21,1,welterweight,0.38457149484466013
35a304f5212463a5b62f0016,2020-11-21,0,flyweight,0.535663381909507
e10c4a1985fd12ac4132b445,2020-11-21,1,middleweight,0.4688736155454717
75e45e9d89ad79cff7c42ac6,2020-11-21,0,womens_flyweight,0.441189286724402
5ec0091b78dc3de20dd3ac14,2020-11-21,0,middleweight,0.39028841527029334
71a0386425bf0de6d824fb82,2020-11-21,1,welterweight,0.4731563914235606
1d045510888fda8b989e961d,2020-11-21,0,light_heavyweight,0.613465808257107
eaf2ba2fb033cd4f682f8d99,2020-11-21,0,welterweight,0.7105074374728299
2cbdb6487a02560caa061947,2020-11-21,1,womens_flyweight,0.8196510571705847
f1ef0a42087a271126512de6,2020-11-28,0,light_heavyweight,0.32651687734049323
54556752d4e905ae3733dad8,2020-11-28,1,womens_bantamweight,0.5287698117690961
ee744e008569f783f1c7ae2f,2020-11-28,1,womens_flyweight,0.3966289400260535
1da86dd1a82396c3d44770b5,2020-11-28,1,featherweight,0.13004247952365697
f7f1ed2648969e54b0e3c382,2020-11-28,1,heavyweight,0.30119322896572914
15dd8c606462176c34ed098b,2020-11-28,0,catch_weight,0.5557155040931718
be0781425d6678d096405d23,2020-11-28,0,bantamweight,0.5525017218962014
1cc13b483b64475640fb3718,2020-11-28,0,welterweight,0.3704671975688801
1162fe15cac2da103dfe148c,2020-11-28,1,featherweight,0.46190226867413914
0c3a9c25327fe52dfdc851ce,2020-11-28,0,flyweight,0.20041715830039067
3fb0d126ec0ec9c850e7c51f,2020-12-05,1,lightweight,0.650456537464113
38c73190ff54c90011fd11da,2020-12-05,1,heavyweight,0.5457915972993261
2faee2f4000145f6ef0e7d15,2020-12-05,1,featherweight,0.7597125881244285
c7ea0e981df13024b9a31ab0,2020-12-05,1,middleweight,0.4372400850581638
b7f4b02b143222c336934e1f,2020-12-05,1,bantamweight,0.3071403772316145
96327f3512f595cecb211d04,2020-12-05,1,lightweight,0.7610344800322735
5626b216eee3a29a06e2e953,2020-12-05,0,light_heavyweight,0.3446052879716316
cdbde8c8fb7b8ab6ece9ca3f,2020-12-05,1,light_heavyweight,0.6516804486312022
e56a0eee2d1ec9ecb44e9c6c,2020-12-12,0,featherweight,0.3439588418711834
0212910162e54fa9cd5b7cd0,2020-12-12,0,featherweight,0.7342263174952298
d5af84d65e5ec7c832fd231d,2020-12-12,1,featherweight,0.397224404635335
f33feba4243e510ba6affdca,2020-12-12,1,heavyweight,0.5523391557165399
dd922295fee469e083fac69f,2020-12-12,1,middleweight,0.8273643390875908
b259ff80d212bf23d79b1dc4,2020-12-12,0,womens_strawweight,0.5069857993869439
4bdb0495d3dcf5d7e7dd27a3,2020-12-12,0,lightweight,0.6244051107600675
80103ed2aae686dd59e7503e,2020-12-12,0,womens_strawweight,0.2506111885801179
c07bd95dd550983c678bb413,2020-12-12,0,lightweight,0.21447925886122532
956d4c038b9d798a03f2f217,2020-12-19,1,welterweight,0.6534124503175001
06b8415093de68eee890672b,2020-12-19,1,catch_weight,0.4335957932307443
9cfc7008d97b25e3eee03dba,2020-12-19,0,catch_weight,0.5199388629313372
7c14b9cca72df7ce3e48797f,2020-12-19,0,womens_flyweight,0.5686950202147989
09bb551777feafe78278b168,2020-12-19,0,flyweight,0.5117627053114082
ce69be9a42b5dce320787439,2020-12-19,1,bantamweight,0.42361629276205726
d4607f21674e1b635ed2c4b1,2020-12-19,1,heavyweight,0.46213820418990026
2751edcfff14d6f87019df2c,2020-12-19,1,bantamweight,0.364091943114609
47e7219958c4619887b0ea40,2020-12-19,0,welterweight,0.48844570718143815
8da008a32caddde479cc3af6,2020-12-19,1,womens_bantamweight,0.4405586226281926
6cccf3ffb09a129e7b0bb096,2020-12-19,0,welterweight,0.5081539560948694
73c4fd702dce585354b6c53b,2020-12-19,1,middleweight,0.52616146793983
ae621dcbc9586b8e5527d2fc,2021-01-16,0,welterweight,0.41933990639616525
63d6662513715319fbb37f5b,2021-01-16,1,heavyweight,0.5011685194463549
299cafa827deafab86edfca9,2021-01-16,0,welterweight,0.35134993018381067
5a322970c6fa2b7ccdbf1a91,2021-01-16,0,featherweight,0.25113564479089007
0b3e78533c34539224338ddd,2021-01-16,0,middleweight,0.5649842317029956
e3788f7673c040a7e7162eaf,2021-01-16,1,featherweight,0.6017539388029559
94167c05ac13c3152031bd8a,2021-01-16,0,middleweight,0.6404050426840757
e1e59ca7e3b0bad7652227e2,2021-01-16,1,welterweight,0.30389584787272983
0314d7c96dc6c9029d7f9a5f,2021-01-16,0,womens_bantamweight,0.5606796571490622
733a1c63f7740f95a9317482,2021-01-16,1,womens_bantamweight,0.4497021910804574
6be48a3315d78994e2f6bbaf,2021-01-20,1,middleweight,0.5784115061336214
9fa1bae0311b4aa3ccba91f1,2021-01-20,1,flyweight,0.3593264956709944
0510c32efd9efab7964555f7,2021-01-20,1,light_heavyweight,0.41997432845152644
8dd911979c1d546b9c995936,2021-01-20,0,featherweight,0.14705322732900963
88d9b570e90c027e750424b7,2021-01-20,1,flyweight,0.5436693900091318
500b756ea736234a67f865c7,2021-01-20,1,welterweight,0.3547496607568815
e8a21c49a3957ae2db4f9304,2021-01-20,0,lightweight,0.3465028189614783
bd1a13b91967e59c2d2ca195,2021-01-20,1,middleweight,0.5899002284731456
871ec9ac30c6dde7f53b3da8,2021-01-20,0,bantamweight,0.20718305137289394
5e589ab68c009c7418795d5d,2021-01-20,0,womens_flyweight,0.3767833492000083
f586b613c26248f8a71102eb,2021-01-20,1,flyweight,0.705698217731914
c5b665d2739cea495eec4f33,2021-01-20,1,bantamweight,0.6325929877721986
e5728f57a9db1a6d419df71d,2021-01-20,0,womens_flyweight,0.5199959452660678
acb69131c93694b07300faa1,2021-01-20,1,welterweight,0.4755984995930316
cc8a36141f665f8a21e43c79,2021-01-23,1,flyweight,0.63241711105216
ba4700ec8890cb3212bac423,2021-01-23,0,middleweight,0.431467538460732
35396c0c45d4c8527b82d6ab,2021-01-23,1,lightweight,0.7960815632253622
e81b6098e57e8133b071edb8,2021-01-23,0,middleweight,0.6402179764537065
749823f187d45e71e91ff721,2021-01-23,0,lightweight,0.8954863579839051
41d00a19b95b8c4e1011e422,2021-01-23,0,lightweight,0.562907521464978
069bf8b9c6ade82cb549680a,2021-01-23,1,womens_flyweight,0.3723011195194139
946129bbdfaa781a21608a9e,2021-01-23,0,womens_bantamweight,0.25878459623813294
f7128ea236725875bb42fb2a,2021-01-23,1,light_heavyweight,0.1881844307307568
4d892766af178faa517a3b55,2021-01-23,1,womens_strawweight,0.2497662021748994
9eddebe538dcd4b2e8bce30f,2021-01-23,0,catch_weight,0.25850319793595894
398469f8b03c9109e14c3efb,2021-02-06,1,flyweight,0.6700607807342362
c52172bfe2d5dadbc2baa574,2021-02-06,1,heavyweight,0.6876039100919313
dd2ee13375dd8c96df6d0a62,2021-02-06,0,bantamweight,0.3493524019811378
c2749aa0039c9dbb15dc18cb,2021-02-06,1,catch_weight,0.6895491126956247
006fbd1ad4d3164705b758d8,2021-02-06,1,lightweight,0.5662193564467008
f95fccaf728f92e2468278a7,2021-02-06,1,womens_bantamweight,0.5233698206556151
5b925fbe88e3649da9183c2e,2021-02-06,1,lightweight,0.2770876648189524
5617b1854fbb99723ea7f386,2021-02-06,1,light_heavyweight,0.42129498567687
187bee69eb0bfc1344de75ea,2021-02-06,1,womens_flyweight,0.5635433154207691
116aee82de340b5b69294296,2021-02-06,0,featherweight,0.49133560281194516
990348198032e07f47fe05b5,2021-02-06,1,featherweight,0.19643011397758256
7f425d4ea75cb89d2a23d068,2021-02-06,0,featherweight,0.5368163563402074
0ad9e306fa9bafaa5d9d1705,2021-02-13,0,catch_weight,0.45535724648297193
f034ef7d780fb11cd9df91fa,2021-02-13,0,welterweight,0.4570420418498702
e415a937b387a95ec19c51ec,2021-02-13,0,welterweight,0.43206705279405355
f97a2702edccb7dad093612d,2021-02-13,1,welterweight,0.7501842489888305
a4e473c3f2b704804d3aa60e,2021-02-13,0,middleweight,0.48980104498101584
84467793f69d35eb41eb8877,2021-02-13,0,middleweight,0.5136305891619373
089e43bbc47943ab21cfcc52,2021-02-13,1,womens_flyweight,0.3904399219766628
eb1492878c3ea0174e4e3b62,2021-02-13,0,womens_strawweight,0.41642878292659835
12f182cc4484512866f9fb1e,2021-02-13,0,featherweight,0.20157861327452528
3dba4569718934d994975320,2021-02-13,1,middleweight,0.39061423101589904
ea60b29d1cc1c5cbf1e166c1,2021-02-20,1,bantamweight,0.271895546819605
74bfe372b0e5a30d25bf5041,2021-02-20,0,heavyweight,0.3106417769455213
54831bad652cdc3a8ada5fdc,2021-02-20,1,heavyweight,0.8802172117922668
5f3fc1a3e546d6b566ba1392,2021-02-20,1,featherweight,0.6015535841132429
1a4d68fedca9efa585791fa8,2021-02-20,1,heavyweight,0.16352752551615934
4dfd2b1535c10a0b46f38234,2021-02-20,1,bantamweight,0.555136128905363
35b9ba0462608f9b6e41c742,2021-02-20,0,featherweight,0.46546148167373386
b57470dcb8fd957a6caf4d98,2021-02-20,1,womens_bantamweight,0.44703933346666025
92b3031f9c8a237ab1c68ea2,2021-02-20,1,featherweight,0.38539062598595275
624a4740ac849b0f19e7a355,2021-02-20,1,middleweight,0.5466435241820269
bb5477c8597bf06ae476381f,2021-02-20,1,heavyweight,0.6643288379331267
08bc513ce88af8ec37ef2a3e,2021-02-20,1,womens_flyweight,0.7046935716196268
a8ff0354149b1a73242c7b41,2021-02-27,1,featherweight,0.6788824126591531
fa031ca2b598c1790a770dac,2021-02-27,1,lightweight,0.5930016158266392
79d0da63044a2d7848dc3eb4,2021-02-27,0,womens_bantamweight,0.8015594465420265
a7edd53221755c84fb85b338,2021-02-27,0,light_heavyweight,0.7109827719958447
4dae04976391e2c304856f18,2021-02-27,1,heavyweight,0.5824484333811427
8977265e2ec0ac4a8d0eb88d,2021-02-27,0,light_heavyweight,0.4361859251359492
03937bc015b49d21691cbfb9,2021-02-27,1,bantamweight,0.3940463455394734
3eed3433c57ea8ceb8e6c485,2021-02-27,0,bantamweight,0.5069909962141641
2c55dd48924effa480f5ca18,2021-03-06,0,womens_featherweight,0.09846261815644837
172ba1c4ac7e58c4dbd7b4dc,2021-03-06,0,bantamweight,0.43021693966810215
84173c3cabc82b82021ee1bb,2021-03-06,1,lightweight,0.7982590805812044
2f2a2e5d3ef44f24b2553a05,2021-03-06,1,light_heavyweight,0.16810159885533493
774fbbcd4bc58c07113c5842,2021-03-06,1,flyweight,0.5917140821667428
bec1db2b5e3183035ce016c7,2021-03-06,1,light_heavyweight,0.6084253514375298
7406877c1618cdf902112bd6,2021-03-06,1,womens_strawweight,0.5566903770531074
436382c7157f32d457cf439c,2021-03-06,1,bantamweight,0.2776843787664755
e40ebd32f54ba3551bc187f9,2021-03-06,0,bantamweight,0.6088655373109028
4c948af46307bedde78b9778,2021-03-06,1,flyweight,0.6790888298938798
39d510d179fdc5c9bc82b8d7,2021-03-06,1,welterweight,0.44432262177570947
a8dd1d9e9aeb7fd344b2f88f,2021-03-06,0,bantamweight,0.6134404767807878
1665c4098d198e470e99997e,2021-03-06,1,light_heavyweight,0.6674235588094374
83c08ce6fca53bee662ac967,2021-03-06,1,flyweight,0.5064240723202573
2a0f151b77d398964b58f1f6,2021-03-06,0,lightweight,0.1624167404774894
e048cc318dcc24e55e146279,2021-03-13,1,womens_strawweight,0.6492650742683078
75ff868f7c9201dc424bcc14,2021-03-13,0,featherweight,0.23013437055957636
45284428ec473bdf65215b5e,2021-03-13,1,womens_flyweight,0.5584312369540212
9681fb4a0e8ec440e305912e,2021-03-13,0,featherweight,0.36626837990231537
d8ea1aa19a7a70e000c057f8,2021-03-13,1,womens_strawweight,0.4134120974407029
08147aa1d935de56a0a7c9fb,2021-03-13,0,bantamweight,0.7425967637566859
1220f1ae4d30086f6c114d44,2021-03-13,1,flyweight,0.443189467243033
3d9e74cecbd64b77643aa7d2,2021-03-13,0,welterweight,0.37266769753412854
c3cb9104e11fce38ca8aaeaa,2021-03-13,1,light_heavyweight,0.4048818375760416
a651712b4735435b6dff0a60,2021-03-13,0,lightweight,0.23413311692264505
155fb3d1aba34cc5371c180a,2021-03-13,0,bantamweight,0.8496184286435513
09cb12976b9d557d330fede7,2021-03-20,1,bantamweight,0.6369522643747276
0e924a271d155d25cb96a9df,2021-03-20,1,flyweight,0.4734920198691231
bf9c66e4d2ea103435a96f54,2021-03-20,1,womens_strawweight,0.47097003850885505
a7bfb80dde30557923deb967,2021-03-20,1,middleweight,0.23003180170228132
fccce461000f977a1f29de71,2021-03-20,0,lightweight,0.2429835307006234
3046efa844e5b8c612a39088,2021-03-20,1,womens_bantamweight,0.8169726298496971
0e1232159bb09cf0a8157294,2021-03-20,0,bantamweight,0.2515495989318907
87a052aae5db7282aedf3af1,2021-03-20,0,welterweight,0.43134093186779554
5ac9f53f3b903f5f50c7ae07,2021-03-20,1,heavyweight,0.6711992109399727
24832c40dfffd88b28acd6a1,2021-03-20,1,middleweight,0.617508445382816
655ce511031179b0d7528580,2021-03-27,0,light_heavyweight,0.46394130970802633
1523d28d8f3dbd0ee0deefc5,2021-03-27,0,womens_flyweight,0.5263364052705408
9fa712833bf4b6daceb5243c,2021-03-27,0,lightweight,0.4693804431357162
06d257fb5a3c5fda36c86d32,2021-03-27,1,welterweight,0.47585066559809375
f821eef7b840304b0c4c2566,2021-03-27,0,middleweight,0.4542770370856928
10d5d1953f1e4db582bc4232,2021-03-27,1,light_heavyweight,0.5957869424669812
437c18cdfaded48de4fb9c8b,2021-03-27,1,bantamweight,0.6728183098758187
bb5d26adfb4244e5cb7c71ca,2021-03-27,1,featherweight,0.5206013221406509
f9ad023e5912b9e8e23296c4,2021-03-27,1,heavyweight,0.37903229923666837
71146ba7e43a180d3a76ed5f,2021-03-27,0,welterweight,0.48518237296141525
a5b7f687614fa2c274c262fc,2021-04-10,0,featherweight,0.4075749452343109
6a77043e2a2c7fbcf5d1422e,2021-04-10,0,light_heavyweight,0.6602312968314936
f7aba315e5e7f95e583bb5f6,2021-04-10,1,bantamweight,0.6379815558160676
eb0d9121307638176a27c78f,2021-04-10,1,welterweight,0.5888785654436094
ec6aff0a24442abf1efa5bb7,2021-04-10,0,lightweight,0.10146482516797083
be94f7ea41163e46b8032440,2021-04-10,0,lightweight,0.5592416600443653
75e3c66fe5bdb1e2907f61ff,2021-04-10,1,featherweight,0.4318529404159825
c2987bdf66ace8687c8129a8,2021-04-10,0,middleweight,0.6101371805394457
bb4b636ab4f2733d20549b1d,2021-04-10,0,welterweight,0.47139700514399735
2324fee04a36218838c2f885,2021-04-10,0,womens_strawweight,0.4193181673073568
04cea879fa6be6d87fdd22c0,2021-04-10,1,middleweight,0.45528135689242805
a145a890ebf3141cbf139a78,2021-04-10,1,lightweight,0.6008530183222709
a26ae051b20aa9c96dc7945e,2021-04-10,1,heavyweight,0.427219483437539
3974a50adcd6fd1bcc060147,2021-04-17,0,middleweight,0.878558756777392
c3a29929b0c55a012ba64d3c,2021-04-17,0,heavyweight,0.4487723777700234
85eb8bca2d84e2de29d25928,2021-04-17,0,heavyweight,0.6553930487794691
2dfce60518599adbf4e3bbc9,2021-04-17,1,lightweight,0.6825966293958674
3249899f8623af67ee4875c4,2021-04-17,1,middleweight,0.6239972493863198
b6a515792134d4e7ebc8590e,2021-04-17,0,womens_strawweight,0.6583672511234745
c36e6871481b761b6bc086f8,2021-04-17,0,lightweight,0.35424411066088635
d500803cf03a6c79704f1f11,2021-04-17,1,middleweight,0.6317549271888488
a7e37dc0ef58d7d8986f6a75,2021-04-17,1,bantamweight,0.9045084468352071
5540eafcd8dfd2f733cfcec1,2021-04-17,1,womens_flyweight,0.7615374626250545
44edb5e52a71d5b17b379406,2021-04-24,1,welterweight,0.555030699345081
b29904ef22772d43b1dce8a8,2021-04-24,0,light_heavyweight,0.40887202125631533
961b987dd8cca4efe946c0ac,2021-04-24,1,flyweight,0.5868527254136349
07cb74a61d28c7395ccc3e46,2021-04-24,0,bantamweight,0.599502637778263
c15e97d5709dfd66cf01357a,2021-04-24,0,welterweight,0.6871165658716804
0e596947e3da41e12e863200,2021-04-24,0,welterweight,0.12316103120734521
2c3c5213ab9496c702780d50,2021-04-24,1,middleweight,0.5898330815211625
023d0a839d940fdea400233f,2021-04-24,1,lightweight,0.48339176091112396
c379cb07b140cc25e888391e,2021-04-24,1,womens_strawweight,0.39368138016018833
fee11078cee1e6996b863aed,2021-04-24,1,featherweight,0.47662002605743875
5e472b8e52eff152fbfe7d30,2021-04-24,0,middleweight,0.6446149393876546
b53f0ffc153410c8a768bc13,2021-04-24,1,womens_flyweight,0.6802403852482646
440ba029911f1e78c5f3138a,2021-04-24,1,womens_strawweight,0.6266439038605681
1f45fe6f50add14fab876381,2021-05-01,1,middleweight,0.6888712301416777
d7b12003299832c257b05e66,2021-05-01,1,light_heavyweight,0.23216244554887197
0675530f5deaaa1160f7c718,2021-05-01,0,featherweight,0.27184860182922493
79247937a956625d6f3ce9c8,2021-05-01,1,featherweight,0.4646466091249505
f1f15579cd1db6d027621436,2021-05-01,0,womens_strawweight,0.32542125048812154
2e215036f623af43977bfb1e,2021-05-01,1,featherweight,0.40671699762369057
1a543291bbbbd63ae5f6db49,2021-05-01,1,bantamweight,0.5636729500358558
d6a46acfc572e3ae94089003,2021-05-01,0,womens_flyweight,0.56920763917187
01327dc0bf03e55429a6b30f,2021-05-01,0,womens_strawweight,0.5015205398147388
b3569c5019bea0ff890b4ec6,2021-05-01,0,middleweight,0.3535307700030784
fbe844693986698837d7441a,2021-05-08,1,welterweight,0.4669808703387154
b22da21be05c590f9103ab3e,2021-05-08,1,lightweight,0.5817412634973083
96f3e20245151d21bcdb8f40,2021-05-08,1,welterweight,0.5739479245883973
4b2e71789ce3c1603f44c672,2021-05-08,0,middleweight,0.625285226196727
0f50cecf3fb203a79fbe59a2,2021-05-08,1,featherweight,0.422816753089327
bf70c712fd72cbc1402be6de,2021-05-08,0,womens_flyweight,0.584887733086678
66a055a3bdb65ec398c18942,2021-05-08,1,heavyweight,0.5321069281787588
da6b936ea8667cee5f337a67,2021-05-08,1,welterweight,0.5974727549943805
1d555c9651e1649b67c873d2,2021-05-08,0,middleweight,0.5528384398712844
4eddd98f6b71d1b40ce9de04,2021-05-15,0,womens_flyweight,0.4012853174892068
b161c29e825cc8f33321c23d,2021-05-15,1,lightweight,0.8028887446881062
73ed9835db433e1c3179e031,2021-05-15,1,lightweight,0.3956558630606832
2c723e3bfbd7746b1a49bc19,2021-05-15,0,womens_flyweight,0.7045002433034621
4a515c7e15f58e278e85b0c2,2021-05-15,1,middleweight,0.5034904993693401
2d88a7f118a9b133a9aa150c,2021-05-15,0,middleweight,0.4784145189880015
7b40bb27aad143bbe4bf6123,2021-05-15,1,womens_flyweight,0.5703343772024804
9236d5c10fd5259af71d1f7a,2021-05-15,1,featherweight,0.5070822225508996
8552cf2fa15f36c962dd47da,2021-05-15,0,featherweight,0.5158887951056704
ac01654bb88f24cde0453ff9,2021-05-15,0,featherweight,0.6696590201660235
30b02d38c456914546eaa1f9,2021-05-15,0,lightweight,0.21334488336542323
d30d3aec127463726bcfe02e,2021-05-22,0,heavyweight,0.1565209203037401
071a45a6dbfc547ac87fd8f2,2021-05-22,0,flyweight,0.3899593956736317
10b25f19a0fff04f7455e7f0,2021-05-22,0,welterweight,0.5855591874241144
c218d031e77e1e9e8ceea0f8,2021-05-22,0,flyweight,0.28293567426770183
fda50c856c3cc806fad2cd0f,2021-05-22,0,womens_featherweight,0.5772642698257626
e9beb6a44ab27a583e24a07e,2021-05-22,0,middleweight,0.39613377197254085
296bd6be85fe799b7ab7c1a3,2021-05-22,1,featherweight,0.3264895098689363
cc74e32603a6a23148741929,2021-05-22,0,heavyweight,0.484368825371873
b5709b61e25ad5e6e50d3e45,2021-05-22,0,lightweight,0.3598466236923274
3b7b804068b8e00672a5f39a,2021-05-22,0,featherweight,0.32848883099741305
021c23a2eb7dd424b3760858,2021-05-22,0,bantamweight,0.7095632998256648
0a8907e7c9ccc7e92c10fa53,2021-05-22,0,womens_strawweight,0.5538703991933123
a71663808cab96a533f7f3a0,2021-06-05,0,lightweight,0.9757159587000537
b849723a163cb1a94edec03d,2021-06-05,0,middleweight,0.6937325327405954
c30c5ed0c6f68ddbdc6e0034,2021-06-05,1,welterweight,0.7152536326301246
005237f1190a5a2d4091414f,2021-06-05,1,heavyweight,0.6367701653528252
dae4bb27f2bbb3c7006d1dc5,2021-06-05,0,featherweight,0.6678479435393186
05ccaa473e2b94dfabf7d1fd,2021-06-05,1,womens_flyweight,0.6145444954610343
302fd43d83034a2a1167cb24,2021-06-05,0,womens_flyweight,0.3099475846299913
d603dc6aff17ddbb1d25c05e,2021-06-05,0,middleweight,0.3489289792780284
124977ad8833f804ed6cb04e,2021-06-05,0,welterweight,0.5830059927127228
a6488972b4e28f5bb943b98f,2021-06-05,1,featherweight,0.21870440557894025
cca2249636b0929cdddf4681,2021-06-05,0,heavyweight,0.6815415615018087
4dbb2484e6d1bdd5206a8e75,2021-06-05,0,heavyweight,0.1448770350978836
7b68645c6155f616e8698da6,2021-06-12,0,heavyweight,0.3682797889376059
a472857449a92cc1580c34ce,2021-06-12,1,featherweight,0.340676303229841
a00ccc9c46ab59aeed12bc52,2021-06-12,1,flyweight,0.5303305120415114
6416d8a78b4aeee3a078ff10,2021-06-12,1,welterweight,0.7908462135302106
d4659a1d3ed047b9c9526f60,2021-06-12,1,lightweight,0.548771264803079
d7e483bb04fd67f9c284ae8b,2021-06-12,1,light_heavyweight,0.4314531813615105
a067ee4df1e643240630223a,2021-06-12,0,lightweight,0.4331269481244485
06b2c67c96de677f095d63a4,2021-06-12,0,middleweight,0.4446135775701142
bdcced7630b8f9fc20b8e65d,2021-06-12,1,womens_flyweight,0.5899860955870805
27e411a536e1c7deb45d1ac6,2021-06-12,0,welterweight,0.22414989154336398
f2b6f09261ceb5b126445765,2021-06-12,0,lightweight,0.4199632418020778
7d225bf082e7c74caa37c3ce,2021-06-12,0,featherweight,0.35397468107844865
cba88fa3d2445ac8ac4d89a0,2021-06-12,0,womens_bantamweight,0.40594344501828733
30e778d3989da80d54ba9e9b,2021-06-12,1,light_heavyweight,0.36194537026444423
9328b8ac23e7685857194ee4,2021-06-19,1,light_heavyweight,0.3832825220356384
ebf39919541e28347dea97af,2021-06-19,0,heavyweight,0.21755016388699563
cd61e6ca2674830655d58d10,2021-06-19,0,womens_flyweight,0.33531661823476194
8aa7756723ebd18d2ab40f8e,2021-06-19,0,featherweight,0.5769192738307966
78cbe025f9059d02470e6e87,2021-06-19,0,lightweight,0.33239801984897416
61610b155882ac3e3eed4f71,2021-06-19,1,heavyweight,0.605845632565686
836588eb01321066a95e6f60,2021-06-19,1,featherweight,0.664323898605896
9987f669b7493fba2fe3d118,2021-06-19,1,womens_strawweight,0.4649453708661943
9f27d61139a529c02d842433,2021-06-19,1,welterweight,0.5741062306895074
e74b6bf080b0e710ce9747bd,2021-06-19,1,bantamweight,0.8027349148592747
b95e558564dc9e0f3f3f5cfd,2021-06-19,1,welterweight,0.28148000591298744
9a82adcac5a1d990fb6cd5a0,2021-06-19,1,middleweight,0.5482221469078159
a3c60ed394aa5d105da7ad3f,2021-06-26,1,featherweight,0.3728850985592523
b3a720a454739d051995c2c1,2021-06-26,1,heavyweight,0.6083283499918775
fc8f71a97583223c7eba5642,2021-06-26,0,womens_bantamweight,0.4940777707199149
7bab93177c4542550318ca39,2021-06-26,1,light_heavyweight,0.4423138155422071
734b592944e62af1b555c366,2021-06-26,0,light_heavyweight,0.2868773540524122
f161c4d3b027f2f49eaa2f45,2021-06-26,0,bantamweight,0.5273030477685248
89d9e6cd12cbc984c5ad5db8,2021-06-26,0,lightweight,0.42545057416092635
ce42994760729649b78812f5,2021-06-26,1,welterweight,0.7291680619387385
8fe42d98d6456f0fc2191b0e,2021-06-26,0,heavyweight,0.2660008666835732
d779754588526356ae5ea3e3,2021-06-26,1,welterweight,0.4675279455844621
ba71dd0032aaf0bf310c24c7,2021-06-26,0,welterweight,0.7137173935760267
746498ef7443f0caf5f2082d,2021-06-26,0,lightweight,0.5270439283256735
80d953c972d847be890d6aaf,2021-07-10,0,welterweight,0.42067083796370935
6498a4c8d3727a2016dbff4a,2021-07-10,0,lightweight,0.5507517346968096
52922d44b46e92c459d86bc8,2021-07-10,0,welterweight,0.5198400862176391
148e523baab99af91b27dce5,2021-07-10,1,womens_bantamweight,0.3733492096071893
15ad67d5e43acafdd6c98fe0,2021-07-10,0,womens_flyweight,0.3459215299161196
530b143d446dafc011071c4e,2021-07-10,1,welterweight,0.5707500021467142
bbfbf8b8166c426e1240e0a4,2021-07-10,1,middleweight,0.4303181859160126
12bc8ea49cf6466df9aea9a3,2021-07-10,0,featherweight,0.45879709605593577
051cabd00d8a84746e67e149,2021-07-10,1,bantamweight,0.8123815327093482
3ea316d32ba9c755ad343003,2021-07-10,1,heavyweight,0.4340825259058182
dd14dada5640b649e27c8cb6,2021-07-10,1,middleweight,0.3631279583778144
57c1af099e2eeaedffb7b6c6,2021-07-10,0,flyweight,0.4349921090429315
387800ac98197707044d3802,2021-07-17,0,womens_strawweight,0.30768948874197477
6a8395402c96b2d104acd78d,2021-07-17,1,welterweight,0.7911017230226042
87728864303defcd4fe22031,2021-07-17,0,flyweight,0.7537242719594226
8a31c1172ab5106325cc627e,2021-07-17,1,featherweight,0.5489075286628531
b726a2c340e0031859a57110,2021-07-17,0,lightweight,0.3264675155657096
4d558ebbde851ebbceb2a376,2021-07-17,1,lightweight,0.7201806345113719
973af1128fff9b2a14c5621f,2021-07-17,0,bantamweight,0.6027245682220819
ed7f6c0bd5b437f2f9dc6c7c,2021-07-17,1,womens_bantamweight,0.79160805194845
c9c25ab469ad2fe48494e4ba,2021-07-17,0,middleweight,0.4618960302972659
03a0165ac1c070a693740903,2021-07-24,1,bantamweight,0.6487482085676696
3cb448435c95ab6aa4fed0a9,2021-07-24,0,bantamweight,0.7075910380395886
b0617d39a8cbc7fc041d74b3,2021-07-24,1,featherweight,0.22125028907408065
f9beb1b95ba45b9b1621b64b,2021-07-24,1,womens_strawweight,0.5946197031388847
f8df7edab264a0f373e74bd3,2021-07-24,1,bantamweight,0.5586623854713523
1a387168660b6545f6e752fb,2021-07-24,0,bantamweight,0.7409809565835687
3619b7063e9cd88f010c5a0f,2021-07-24,1,welterweight,0.5731241469305853
f115a8a9f478bc63f707998e,2021-07-24,1,womens_flyweight,0.4660337112726856
f0c4c6e99336ff56646d4fa5,2021-07-24,1,middleweight,0.44602498615280656
2457d12636a9cfb566f94a56,2021-07-24,1,middleweight,0.570839732550869
033418400afa21c1b79842c9,2021-07-24,1,womens_flyweight,0.6936403702225339
aa362511017ececb3e8cb952,2021-07-31,1,welterweight,0.42213142926621944
439390ea327acf2b45119216,2021-07-31,0,womens_strawweight,0.43456620542005403
abe908dff98725268a6de4b5,2021-07-31,1,lightweight,0.26465400129840877
f53d55ca7e6c71bca1768d71,2021-07-31,0,featherweight,0.5331625162822627
3a69e82631c81017529c26db,2021-07-31,1,womens_strawweight,0.48718034439206187
848d633ab5d861af69f87843,2021-07-31,0,welterweight,0.5511104491334496
d6d47fd80d8781a3f317d30b,2021-07-31,1,welterweight,0.4115767608759911
32bb78b29e02d70783585786,2021-07-31,1,flyweight,0.697476322370452
3af23183b818dfe59d5a0114,2021-07-31,1,middleweight,0.6773513294796355
37eb5a2b7db7710c44ecbb0f,2021-08-07,1,light_heavyweight,0.7650672774601178
31e656fd3cfbfde7ba181505,2021-08-07,0,heavyweight,0.18783808415922285
cfc670cb4c942424d4bde058,2021-08-07,0,bantamweight,0.65416348265279
a13574844084b56c501c795d,2021-08-07,1,bantamweight,0.4682216658691546
c291f2773170c40024daeb22,2021-08-07,1,womens_strawweight,0.5954023913161788
e7881e314d5e66981e8e89de,2021-08-07,1,lightweight,0.5768385926605476
a7d7600747cdce4d1aac4734,2021-08-07,0,flyweight,0.2419692696463808
36997816a9de75a5faf77fdb,2021-08-07,0,welterweight,0.5669425728423111
1b48725e4a5a6738fae9d75e,2021-08-07,0,bantamweight,0.19680701042204418
adbb4bf7f16d6f11fdd6a702,2021-08-07,0,bantamweight,0.4303094887408743
8a628435db9e18feeb85b101,2021-08-07,1,womens_strawweight,0.39126824397176285
03bd3178b81b51c98a2ef07f,2021-08-07,0,womens_flyweight,0.2946607472419536
ff592cdaa4eca0c7c874169d,2021-08-07,1,bantamweight,0.38637244416207517
97eff66c4a32a2932814be38,2021-08-21,0,flyweight,0.5311840258135385
102faa4ad68146ae09750464,2021-08-21,0,featherweight,0.3748883664352966
7f212aa41a8e96a98df4f434,2021-08-21,1,womens_bantamweight,0.36265385550248647
256498ff833bad9ec8a58f4f,2021-08-21,1,bantamweight,0.548728896983184
768f6a84be53ebd19ce73dbe,2021-08-21,1,lightweight,0.8006276028489372
39e93a7358c364f594c54892,2021-08-21,0,middleweight,0.5425763798999582
a37c8fb1c9ec806b184a9c51,2021-08-21,1,heavyweight,0.34469169677537526
5d50a9759638e91e84f0b746,2021-08-21,1,lightweight,0.5636202404716316
e2ebb569fa02a491387e1161,2021-08-21,0,welterweight,0.48011579172582614
eb3d6a53fd969c07e9831cf1,2021-08-21,0,bantamweight,0.6592419773905632
642d81d57681e847b5fde3c9,2021-08-21,1,lightweight,0.3810814613055191
45a810ac99baec2dd4b54d7c,2021-08-21,0,light_heavyweight,0.2747290024669445
0ed065dd12c23b6c9d895669,2021-08-28,0,middleweight,0.6253532724765227
9f9acc55a8ab60ad174b6e11,2021-08-28,1,middleweight,0.45423323638336865
81175b83703a04c9578b0ede,2021-08-28,0,middleweight,0.45423323638336865
aff3ed6568a856a3854450e4,2021-08-28,0,light_heavyweight,0.486356923787489
ec627d0e52cb9efd5393d953,2021-08-28,0,featherweight,0.2548586595115493
d6d68f11e8b1409123b81a91,2021-08-28,0,featherweight,0.5482232937482665
bf631345d98ad2d5efa45637,2021-08-28,1,womens_flyweight,0.7023499616882795
c64ba96ba3a2bbcd5352c69a,2021-08-28,1,welterweight,0.34857330083732446
0e995a99c3637eda1e7fe1ab,2021-08-28,0,middleweight,0.5826480529235356
036b6e057cbf7a551f641948,2021-08-28,0,bantamweight,0.16326765989994477
323b248672e4ff7a5e608f9e,2021-08-28,0,bantamweight,0.45445069679583355
7134f69560a4ddd941edb18e,2021-08-28,1,middleweight,0.47212183549043685
848148a2658c8b26e59ce487,2021-09-04,1,welterweight,0.6064107950511457
979ddbd47cfbfedab2b8467b,2021-09-04,0,middleweight,0.425725469173903
c2ec829bd718d445716f67fa,2021-09-04,0,middleweight,0.5704292466930119
97be85a3e259ac669e1925e6,2021-09-04,0,bantamweight,0.15542696390501493
ba157252f6db82d9ef9cbf91,2021-09-04,1,catch_weight,0.18232491333124948
24c47b0c28d199c1ece9b21b,2021-09-04,0,light_heavyweight,0.6579288830531815
ef38db4fa319c1d073e6809b,2021-09-04,1,womens_flyweight,0.46047090405552044
f86ff3558c519c95d88ed2b0,2021-09-04,0,lightweight,0.5800391133796579
e39ab69302a3a4acaa385b46,2021-09-04,0,heavyweight,0.36640426885316646
21452c8ad7c8dfb85b7958bf,2021-09-18,1,light_heavyweight,0.5664035612631103
889ae6f64e5ed194f4e9d57a,2021-09-18,0,womens_flyweight,0.43035598818446413
1c6ed9f870c0d2d4f98638ea,2021-09-18,0,lightweight,0.17913823952662794
2b42e0ee62b14d7f1ac91ecb,2021-09-18,0,womens_flyweight,0.5030574782080778
30d2da816f66152c4db4ff93,2021-09-18,1,womens_flyweight,0.519430779939824
ba70d4bc1610e50610bc85f7,2021-09-18,0,welterweight,0.5912946452536547
ed602daa65f0872d1ddab046,2021-09-18,0,light_heavyweight,0.44480103710569596
50f8733c5af2c8bf7833a467,2021-09-18,1,middleweight,0.6185200607414375
394cd08a2aa9c8a419957765,2021-09-18,0,light_heavyweight,0.36633174357592985
193777961eacaedb105fe808,2021-09-18,0,bantamweight,0.2360421835996499
7ab07f5868c762f3dce9e36f,2021-09-18,1,bantamweight,0.3362512888614294
b7148a827199c4372ea4612c,2021-09-18,1,womens_bantamweight,0.4835440798232459
0317bdc7071d3d9f20a0a566,2021-09-18,0,lightweight,0.43704389294021667
947733852564801c14c15132,2021-09-25,0,featherweight,0.33967382587263123
fc453d53cd9cfa9ea2181094,2021-09-25,1,middleweight,0.5886415527585879
767276cd65a7bda83101b29a,2021-09-25,0,heavyweight,0.238059198791565
47acb1d6dee5fe4612753acf,2021-09-25,1,lightweight,0.4215113985936385
7018a5372c82c8016ce4c305,2021-09-25,1,womens_flyweight,0.594652714080226
91bfc0bf09df44aba9658abd,2021-09-25,1,featherweight,0.5566106347565037
37c022f2c4b458467443e0a5,2021-09-25,0,bantamweight,0.34763052840074865
b413ac8b94e17d9fb59f2a9f,2021-09-25,1,welterweight,0.5071678805804891
b36a08b76e552d0afc4cdbe4,2021-09-25,1,middleweight,0.29411586793237054
2d366fdf2a73af32527b7ab9,2021-09-25,0,womens_flyweight,0.2981323949942068
efae3152488573da2f0e8669,2021-09-25,0,heavyweight,0.17016128765193617
474e7b7412f9128323a6ee3c,2021-09-25,1,lightweight,0.09873357477918578
4d3d35d9481430b2717e1dc0,2021-09-25,0,womens_flyweight,0.12754521922748335
d7ff13529f7a31aa3fd66322,2021-10-02,0,bantamweight,0.15068412565265812
958aeebbb028943f8b474351,2021-10-02,0,welterweight,0.5287850762773517
21dfa6f1ccdd361947c8ec5a,2021-10-02,0,lightweight,0.2253268611273514
6d3f40f6d4381ce272c0a74b,2021-10-02,0,womens_flyweight,0.2240026857593637
03178009a51da703270bd2b4,2021-10-02,1,womens_bantamweight,0.8225342041666538
3537b39689d7dd5ae29a31d1,2021-10-02,0,lightweight,0.588242192605262
dff65f3a6f0298afa7bce7fc,2021-10-02,0,bantamweight,0.6942902918284855
b9d93ed042c8eef56051609b,2021-10-02,0,lightweight,0.7119877796953133
a2ed5d2192961f696e9f3cb5,2021-10-02,0,middleweight,0.5393252146745624
a19ad67f1de8c89c051799ad,2021-10-02,1,womens_bantamweight,0.6249686787236914
49ec1b7d30d14df34cde2e67,2021-10-02,1,light_heavyweight,0.3736695269308978
69e9597fb43638f8229546fb,2021-10-09,1,heavyweight,0.642006958587921
a4f8f9cd16f04f65379846ce,2021-10-09,1,featherweight,0.6535920116589953
679b8a681af1ea8df76c549c,2021-10-09,0,bantamweight,0.29907280376429857
b693cc8733bc9b6adc490155,2021-10-09,1,womens_strawweight,0.6974199960568278
65eb8cbb47349f9a81d27e50,2021-10-09,1,womens_strawweight,0.5742978143580467
968a08b5b350e76b63b11406,2021-10-09,0,welterweight,0.38024811265073893
c66520110ef94f852e522af5,2021-10-09,0,womens_flyweight,0.6375961395782165
2ab608b74126e2342d6abf67,2021-10-09,1,lightweight,0.5431652832340501
35e27d0eed9850d71eef2219,2021-10-09,0,flyweight,0.3784893310661178
05f9214d72c1cef7711a3eb5,2021-10-16,1,heavyweight,0.24680578766492844
223893d41e07dc5cba8acd64,2021-10-16,1,middleweight,0.556598775580009
85743a2ebed3fb08b5acc751,2021-10-16,0,womens_featherweight,0.5279569159057892
851cc8213082f5aa4029b1d8,2021-10-16,0,bantamweight,0.4586796043766483
6c771843a2de0df6854e6234,2021-10-16,0,welterweight,0.7084777121969962
7ec4f2ed29901e7f518e59da,2021-10-16,1,womens_strawweight,0.6464792172991697
75e91a9b2071aabf06334e6f,2021-10-16,1,lightweight,0.8146415762443306
b9ec4594020a9368d81a8a47,2021-10-16,0,womens_flyweight,0.6301677545306651
83b2a1dfe625eba45f9fe0b4,2021-10-16,0,womens_flyweight,0.24776069087296831
7e2515dfbd9e621b0263a272,2021-10-16,0,featherweight,0.783888654891832
abe8cc47f03ac58b02b7c95f,2021-10-23,1,featherweight,0.5112830507122612
34754acf1c6eb5adb027b3e4,2021-10-23,0,welterweight,0.5570408925685693
2a878e40629fed0a310e0b0c,2021-10-23,0,middleweight,0.6159385942956932
dd60dff39adefccc680c4313,2021-10-23,1,flyweight,0.6005746943665791
2fb719a1e5e0607e47554e4a,2021-10-23,0,womens_bantamweight,0.6779442759722638
5d85a2f11fdb5bd41dff2dd3,2021-10-23,1,bantamweight,0.6425640281176684
f60ed0d525f53da9f318bc43,2021-10-23,0,middleweight,0.35919974863198795
4f68242759113783714f4450,2021-10-23,1,lightweight,0.5942107365324015
c589ea31720af460013a699b,2021-10-23,0,womens_strawweight,0.6467897425236371
a8902ba72d4e5d289caa1fbd,2021-10-23,1,lightweight,0.6160428690665809
19b013dcff6f9c597376a765,2021-10-23,1,light_heavyweight,0.8136145944440392
41bdb938fef185e8ac424fb8,2021-10-23,1,light_heavyweight,0.764302330415648
181fe229210ebc0890d81133,2021-10-23,1,womens_strawweight,0.3730814202533036
f8031426c728a047582f816b,2021-10-30,1,middleweight,0.35004439000770016
b2390e3878dea3ac297006fd,2021-10-30,1,heavyweight,0.597423125505838
faf76162b47b80dad8f43727,2021-10-30,1,womens_strawweight,0.6575635417503952
ea01307e17f5d9d2ae50e47a,2021-10-30,0,welterweight,0.16673925163085335
ee313392ed6e4ab1c9ceea78,2021-10-30,1,middleweight,0.7257422350061796
82a15dc2358e1868399b644b,2021-10-30,1,lightweight,0.6600890839123489
e9bc05614cd6cd3f89fd76ea,2021-10-30,1,light_heavyweight,0.19853966675302928
3a77a8f67a2ec16505bae0ef,2021-10-30,0,welterweight,0.2605916132195488
dcdf4bf3562857781eb17181,2021-10-30,1,light_heavyweight,0.6263924562145232
d9465c9e6c4e4f9160831db3,2021-10-30,0,featherweight,0.36687110852733235
bfa3ac1e602529401051e936,2021-10-30,0,bantamweight,0.40168256374819095
243a6d2ea06e822417f703e4,2021-10-30,1,featherweight,0.37520600759169964
5fc60133e539e2c0c7530ce7,2021-10-30,0,light_heavyweight,0.40211236326319605
71a1ce754a0d5c295b38d6ad,2021-10-30,1,flyweight,0.5951839500076329
feba7692e9ec00fc3f868095,2021-11-06,0,lightweight,0.52164419324488
920ccd9a5d510535cd3692d3,2021-11-06,1,middleweight,0.5441584266942785
10daa6ca09d264f8b7a2893a,2021-11-06,1,flyweight,0.5121261072700647
e9b6f10c97adf96e4e554cc5,2021-11-06,1,light_heavyweight,0.49421048719904576
0e30995a9aa64204088d1709,2021-11-06,0,middleweight,0.5875268112340969
25b357bcb1a6646fa18598ef,2021-11-06,0,bantamweight,0.32451885192761687
b0256b7f301cabc76e6204a7,2021-11-06,0,heavyweight,0.6892576962459073
8480a1caaf0cfb57c9e5fdf8,2021-11-06,0,welterweight,0.4058783717420328
d88311609f9c79db410e7e7f,2021-11-06,1,lightweight,0.6978595894176605
16299a61153a379aa621129d,2021-11-06,1,welterweight,0.7638213600021182
bf1435ed5ca5a3918c669450,2021-11-06,0,featherweight,0.33887309675042704
a93768c61a4ee022e03f794a,2021-11-06,1,middleweight,0.3009810892825944
81d3f9751c8bc9bd3e0662f1,2021-11-06,1,womens_strawweight,0.6852585738285322
b0c67496eb05d9210c671511,2021-11-06,1,featherweight,0.5401784392115467
949db9181591a44d3ae970eb,2021-11-13,0,heavyweight,0.5174294912033328
89ef0e35ce5ec74836288f7e,2021-11-13,0,womens_flyweight,0.43566044944936194
c212308191927936a67ad305,2021-11-13,0,womens_flyweight,0.5753475514746015
8797bee1f200128ccd5ee671,2021-11-13,1,womens_featherweight,0.5255234893635902
2a193240a3ef708a55d33473,2021-11-13,0,light_heavyweight,0.36239067970997696
5bc0f36c0ff5a8dbb0b2fa0b,2021-11-13,0,lightweight,0.4349718280123573
e2e00765ed6f4ef0e3cf26ea,2021-11-13,0,featherweight,0.35064210481636443
4ff1b5494b02c884c647e48d,2021-11-13,0,welterweight,0.4681228102990992
422d4b195157b17048d3578c,2021-11-13,0,featherweight,0.4132852015545044
796ec7042f87631266057606,2021-11-13,0,bantamweight,0.22387201559095546
7200ae576f27dfe33d808be9,2021-11-13,0,lightweight,0.7641152160049021
2b9f75df7adfc64073e39234,2021-11-20,0,flyweight,0.22970786167717175
ea47fd95680fd40e63662844,2021-11-20,1,bantamweight,0.7635723823448541
955de39b09cc63ac1016eb55,2021-11-20,0,womens_flyweight,0.44520778524408533
c3392d5ce8b0f7cc39849ea5,2021-11-20,1,womens_bantamweight,0.581934322743419
886b35ce27e0dbfb4ffa65b1,2021-11-20,0,womens_strawweight,0.44937282726760064
02b2074a853937d576367380,2021-11-20,0,womens_strawweight,0.3475389251525419
c8b8e8a3970f3b7e64b5d37a,2021-11-20,1,welterweight,0.5318042790075873
e5d94690a4a67d6c1acbeec9,2021-11-20,1,featherweight,0.3954877595840737
b456d5fbc84ec67adfb965e1,2021-11-20,1,lightweight,0.6654713376263259
2fe0e26b551c93e2cdfc10ae,2021-11-20,0,bantamweight,0.47538126747086773
3c53f6a604af1ebde04927af,2021-11-20,1,featherweight,0.39752427961175435
226ce750c662215efe521657,2021-12-04,1,welterweight,0.6097057147283921
f86d296f6d7d0c47ff000083,2021-12-04,0,light_heavyweight,0.608524780694545
2a0cb1a7ac7387052927df0a,2021-12-04,1,lightweight,0.4850482305217149
73875ab95fc90e65ed3daa4b,2021-12-04,0,middleweight,0.7913488149801935
7d6c4908269ce22c76a5bf6f,2021-12-04,1,welterweight,0.7148268290342231
8ee79a7798d17ee7e0e747e8,2021-12-04,0,womens_strawweight,0.46880185861259277
384b21ca73c1b32e325cb539,2021-12-04,1,lightweight,0.6773174566225131
4307344dfcf8272d6832851b,2021-12-04,1,lightweight,0.33703515158913905
dcf02508a91496610861f3cd,2021-12-04,0,light_heavyweight,0.5152002731932033
68951def6fd1fe3b617a2a78,2021-12-04,1,bantamweight,0.59582022277038
e88409e5199e7f4ec93cd5c3,2021-12-04,0,middleweight,0.43595132619631854
51f23bd45fcb1ce3757cd2ac,2021-12-04,0,flyweight,0.3389329545423633
24bfa926f53e850e1895df92,2021-12-04,1,bantamweight,0.46860654542729924
b24994b03c0c6d0628dcb5f9,2021-12-11,0,womens_bantamweight,0.8539306427872984
977f1d7a994d29e9c5ddb2e8,2021-12-11,0,middleweight,0.43330472009367316
3d1de970a2cf4b319b4c6692,2021-12-11,1,heavyweight,0.4206576743870882
f6cf5b0962a53fff711a1736,2021-12-11,0,lightweight,0.331668494530798
362ded9378ae33d6df9ab0db,2021-12-11,1,welterweight,0.5740497132600065
659800e49c983b90b1532269,2021-12-11,1,womens_flyweight,0.7628304776482163
5d9fa69369301a12d9df127f,2021-12-11,0,middleweight,0.31699516232839636
7f29861d529a3539870a709a,2021-12-11,0,featherweight,0.7070210443706356
134497c23d1a4822c4629299,2021-12-11,1,flyweight,0.40865651133808156
71350b718af2d753556e708b,2021-12-11,0,womens_flyweight,0.5580712749030851
a66c555eb560ade1333c57d1,2021-12-11,0,bantamweight,0.3874083491444437
9f6cc54787f0d18509556ebb,2021-12-11,0,bantamweight,0.7549740162235054
f98dfffa944a6f9adc6c85de,2021-12-11,1,bantamweight,0.7750384153310625
7113c70ef552d4c9dbc57658,2021-12-11,0,featherweight,0.5564363441289801
8e8924f709322a82ecacc60f,2021-12-18,1,womens_strawweight,0.6389926639285041
82f44b2371ac1940213fab72,2021-12-18,0,featherweight,0.35552098701368257
8ab8d29bee172464a056b759,2021-12-18,1,featherweight,0.5665232363744493
13aaf98af49e0e06517a3cdf,2021-12-18,1,heavyweight,0.3839692687426081
9012e4d57365a687d63decab,2021-12-18,0,lightweight,0.3907240422813951
57db8b42042306ccb55cc279,2021-12-18,1,heavyweight,0.43673588358308646
6a6de675461536fac3479406,2021-12-18,1,middleweight,0.6384378549847937
ff80eefba644b7bddd785a3e,2021-12-18,0,lightweight,0.4710964195215199
7d13cbda8ae96a92482d1526,2021-12-18,0,heavyweight,0.19808949979549495
60f48f8ffdb45557c4561d0a,2021-12-18,1,bantamweight,0.8287368000841168
5dc086998ae75bc0d851ceda,2021-12-18,0,womens_featherweight,0.5583364832482642
5577100fdcc775b07433f1b2,2021-12-18,1,womens_flyweight,0.602098141297949
1df0129cb041d9c977faddd7,2021-12-18,0,welterweight,0.42199225371236604
881ea0620bb309ae02591096,2022-01-15,0,featherweight,0.4576865706097673
299816fff28d6ce721fabf71,2022-01-15,1,flyweight,0.5931394755175587
caaf36c1c3755cb12f5893eb,2022-01-15,1,featherweight,0.5678576220141083
889cc985afcb06e617eda61a,2022-01-15,0,featherweight,0.7183210214183472
6390092375396a3f925baf1e,2022-01-15,0,welterweight,0.5158945578531947
ebaff87fa2549b3b83d61772,2022-01-15,1,lightweight,0.45158065531023095
8b9c5af00e072a39cb6e2a7a,2022-01-15,0,heavyweight,0.5070462408198771
f72950530e203bc6f352bf55,2022-01-15,1,middleweight,0.46452693780289733
2d6c4dc57a1961ef40816f56,2022-01-15,0,womens_flyweight,0.2865772939782085
c77316be700ef6effbca89df,2022-01-15,1,lightweight,0.5877292054713791
8eea8daed7a521ab1426cfe0,2022-01-22,1,flyweight,0.30494735918630095
cc260ab6f2dcacb734b6e2ea,2022-01-22,1,bantamweight,0.42115986181953385
10040856fbf145522cf8cf94,2022-01-22,0,heavyweight,0.7743273418083221
dddd15fae61d06522710056a,2022-01-22,0,welterweight,0.4957540977196078
08046d48d6a4eb8737a3b825,2022-01-22,0,womens_flyweight,0.67241225564646
8b50626d4d84c3aa45d15a54,2022-01-22,0,lightweight,0.4410780581660615
de14551f8d21580fa8596ef6,2022-01-22,0,welterweight,0.728994147742439
de8ba4acaa432c191891b7af,2022-01-22,1,welterweight,0.7310826075416245
ec8bb730f1d208b6374ecd80,2022-01-22,1,bantamweight,0.20743574526438266
fcbbd7bc5f35efaf8450ad3c,2022-01-22,1,womens_strawweight,0.7117067396334897
98122fe1742fdd5100be2839,2022-01-22,1,bantamweight,0.7214905823995659
6ddb3676f4a7c26e86f9b228,2022-02-05,0,womens_bantamweight,0.6215812723192747
0272a89c05fdfaa2990c60a4,2022-02-05,0,middleweight,0.6755329135698311
0e91e69c628ca4308127c75d,2022-02-05,1,featherweight,0.6375864111857664
509c5eeb2b44572ce95c4735,2022-02-05,0,middleweight,0.30055992157144396
62bd1e7c1b554cf0ae6a45ec,2022-02-05,0,light_heavyweight,0.6911381855213667
8bcc740a724dc791e5db5130,2022-02-05,1,welterweight,0.36463929518301197
1c899e0a6dcb00a341edeaea,2022-02-05,0,featherweight,0.5397528271153716
90b3e133f1e2802dc88d0786,2022-02-05,0,flyweight,0.5143180362453953
10e50c9169649dc909f1e474,2022-02-05,1,bantamweight,0.27446432832109124
1d5256e991b31002be9b6431,2022-02-05,0,middleweight,0.4500130268146444
6b2eb716c19a21cbe060c8e0,2022-02-05,1,light_heavyweight,0.7172000900926859
d139ab9b5859db7ac6fac52c,2022-02-05,0,welterweight,0.32795716748950265
16e2466bf12ade10d76a1eda,2022-02-05,1,middleweight,0.5170945841316693
78785ae4443a05ddc0bb103f,2022-02-12,0,middleweight,0.36593396056442923
90d1c538c65bf733ee1afd05,2022-02-12,0,lightweight,0.4869181598509497
2715ae1c5ecb134385026391,2022-02-12,1,heavyweight,0.31672033830130536
ebf653201e47f988f8939597,2022-02-12,1,light_heavyweight,0.69222580756539
1a6b5820ddd6159cefd853a9,2022-02-12,0,heavyweight,0.5933122137190077
84e02aa57d1cc6af09fd93aa,2022-02-12,0,bantamweight,0.6553074886985557
f6bbc41b4218274211e225dd,2022-02-12,1,middleweight,0.6866710643201229
7d1b32a9d4d917e6275675bf,2022-02-12,1,middleweight,0.3745093538605421
b43ee87245d800862af774b9,2022-02-12,1,welterweight,0.62251503720874
d69376c1ea693c430e1f0818,2022-02-12,0,lightweight,0.6187069747538495
1f61d0ee3ab6febfeb923aaf,2022-02-12,1,bantamweight,0.8426773077678505
6cd1aef6194b33b28b3f5cc2,2022-02-12,1,bantamweight,0.6933563068788808
f332f3a05dc03a803776a9b5,2022-02-12,0,womens_flyweight,0.17508147886486633
9b4c38da301541ccd18bf9f9,2022-02-12,0,heavyweight,0.6380578725408655
e037496750d4a80f908de5f4,2022-02-19,0,bantamweight,0.6201923773402722
05f71a10c41ce6a5c3587bc5,2022-02-19,1,featherweight,0.822474663140314
62712c070cfa71b63ee554b0,2022-02-19,1,womens_strawweight,0.5217527158343623
83eb5904775e936959d6d016,2022-02-19,1,featherweight,0.40058178595493676
e3a18f940a8ab9d972aa4639,2022-02-19,0,womens_bantamweight,0.480995500324561
541220a08c84c482c971b01b,2022-02-19,1,lightweight,0.3883481217517223
ba606d161dd1c5f504f8c984,2022-02-19,0,middleweight,0.3714463936904902
0f1eb9c25283cba2a7cd007d,2022-02-19,0,light_heavyweight,0.6551687517153572
774771f5b5f0f8d5af90fd20,2022-02-19,0,featherweight,0.2682859126788964
7085b77b6e0023c3296b8cf6,2022-02-19,0,catch_weight,0.39571990812626606
8c1cb182501b4ff4c557a4f7,2022-02-19,1,bantamweight,0.6166513127243516
e0eeff5374ca589d7b5f7626,2022-02-19,0,heavyweight,0.2645607304500623
0bf431efc2c9170850a83b3f,2022-02-26,0,featherweight,0.36656196541465935
338700b1b79beb6242e882f3,2022-02-26,1,lightweight,0.7565186145803613
21ab4fa36f44cfe6814659de,2022-02-26,0,middleweight,0.7674609839974073
e9955a213c246dc76802a534,2022-02-26,0,catch_weight,0.14871187246770093
755b2c5ef7b44148e45d06f8,2022-02-26,1,womens_flyweight,0.3841900735837034
c9e3bc4ea58df6235765f2e0,2022-02-26,0,womens_featherweight,0.3763300039577904
8c15089f0431ebf57fba0b25,2022-02-26,0,middleweight,0.5836915210734819
7b8dd4825672e5c71feb365f,2022-02-26,1,welterweight,0.47138223615176106
115cd12c43c7ca9a98a34354,2022-02-26,1,lightweight,0.5032520181146857
ad3d758504e40f089358d0cc,2022-02-26,0,lightweight,0.6908578478490514
09803872173680a4e5a486f2,2022-02-26,1,flyweight,0.4967126886370197
8cab78badf4b3f9f94431dcb,2022-03-05,0,featherweight,0.20180354286866958
eb2dea2335dc1879ca29907d,2022-03-05,1,welterweight,0.6459691314589627
59e88ba1af2fe8e1830220bd,2022-03-05,0,lightweight,0.4535114060992538
c66c7054afb057dd78aa0f05,2022-03-05,1,light_heavyweight,0.5152821588976447
76eb17111d5981c71736b835,2022-03-05,0,featherweight,0.21720347139673174
054327f45b8b36f1c6c59bd8,2022-03-05,0,lightweight,0.4787295347313668
fe7ff91782693e8c97668462,2022-03-05,0,welterweight,0.21934768094020707
191f8590132dd622386f8dcb,2022-03-05,1,womens_strawweight,0.6974963343843802
62773007de975caae0e7403f,2022-03-05,1,womens_flyweight,0.3386981425488391
ef873da872c2b8ddc6d7f482,2022-03-05,0,light_heavyweight,0.6069512335532066
0e0ef94c36f8e8a6f0d81303,2022-03-05,1,catch_weight,0.3016181390020107
8b16bf8119b7a1889e14425c,2022-03-05,0,heavyweight,0.34317530396623913
8453f158995aa5825267e0fe,2022-03-05,0,flyweight,0.6123408443753109
4274a5bfdeeb6b92088e770d,2022-03-12,1,middleweight,0.40760385189919346
a62677dbc6c31338dbfa9ffe,2022-03-12,1,middleweight,0.6717395379497216
53cf6639d25754d424f290c6,2022-03-12,0,featherweight,0.5746887789437005
223c6e3695dc91fe55816b32,2022-03-12,0,lightweight,0.544084275989352
6ec545d9b947c7840a6a9e2b,2022-03-12,1,womens_flyweight,0.553007608845747
b80204d233e23b377832e77e,2022-03-12,0,light_heavyweight,0.6010977339367883
8f6f6a38f9345a057af6dcdd,2022-03-12,0,bantamweight,0.3027883110646036
4996c44f91f2861f4fab29a5,2022-03-12,0,bantamweight,0.17505437887156886
15a96087e7d45aef123c2813,2022-03-12,1,welterweight,0.6428328732065671
d51c5ce12e0b4950d5498e4f,2022-03-12,0,womens_flyweight,0.4399418776355036
2eb0a77e45cae384dd8ee69a,2022-03-12,0,featherweight,0.3881052709797199
ff820a222c111a32a86bd816,2022-03-12,1,light_heavyweight,0.22947307647284543
d4e5897b395921bd30941f44,2022-03-12,1,light_heavyweight,0.6342158488958628
c362815404c96b0fa3c1d79c,2022-03-12,1,bantamweight,0.3931600755177078
ddb23a0f0b02cab6843a40b2,2022-03-19,1,heavyweight,0.4842071188267607
fed3a50fd626de20bc9ddd39,2022-03-19,1,featherweight,0.5778971504434259
0edcadeec8b119ec0a8e22e5,2022-03-19,0,womens_strawweight,0.579241371390139
90db3390059fe0b1ae095e2d,2022-03-19,1,welterweight,0.6514251728978245
18453b23edda3fa1d9952968,2022-03-19,0,bantamweight,0.2604037675382421
9ae7ce42c6960b736e0efa95,2022-03-19,0,lightweight,0.18624183740074676
606a3226edc45b339470c15a,2022-03-19,1,featherweight,0.7018390951813037
8438c52b0f5b6abb1524eb73,2022-03-19,1,womens_flyweight,0.320313952864957
e44f8d6c21499f7ee69f7413,2022-03-19,1,flyweight,0.331895220196162
b0c27e0a67c2921f706c7982,2022-03-19,1,light_heavyweight,0.37681916212107747
50519ade549a1f6ba3ecdb0f,2022-03-19,1,lightweight,0.42900713415819564
1855e62e711e7cb90db8c57f,2022-03-19,0,heavyweight,0.26061436075118066
d1bfaf3217d92836ca7666c4,2022-03-26,0,middleweight,0.4957540977196078
ef9aa738f67fd68f2ca5af2f,2022-03-26,0,flyweight,0.5928080375321674
301dfd58acfdd68cb9065d69,2022-03-26,1,bantamweight,0.6935269529757716
351b3e350230c6b88f88f552,2022-03-26,0,heavyweight,0.20521185032086348
7d5f589e73ee039bd2697e09,2022-03-26,0,womens_flyweight,0.4560994533528055
2d86be1fe2a9c74ea1d1a00e,2022-03-26,1,womens_flyweight,0.4609060921001734
2569c71203392ff1e1f14af3,2022-03-26,1,featherweight,0.503673349364481
41c6e7756509299ae12c897f,2022-03-26,1,lightweight,0.5685820267751619
2d2fb7e95f4e7d64dacc585f,2022-03-26,1,flyweight,0.556042098181815
87d4157a7c6058179c54bd39,2022-03-26,0,welterweight,0.3622369050650794
e9351c7db8c8562852add0bf,2022-03-26,1,welterweight,0.7089396226586849
7af5d59b89e6c62ef7902cfe,2022-03-26,0,womens_bantamweight,0.8086514076085694
6a456265c9a0a54a45727866,2022-04-09,0,heavyweight,0.5754219780727469
9b4d0aeae28ca6a7651e18c3,2022-04-09,1,featherweight,0.7169371009744778
d59489d2219b8acf65c14d10,2022-04-09,0,bantamweight,0.6671373138277353
dcc78c9b5027cc486808530b,2022-04-09,1,middleweight,0.6913771615858846
10a507567f7c574bab053aba,2022-04-09,1,womens_bantamweight,0.5347244731449626
54dbd0ff791fe50de3635eda,2022-04-09,1,welterweight,0.7562380261474064
8d6783bbc0f9d2bd2d4c0534,2022-04-09,0,welterweight,0.5515043434456947
e4d38da609f2296f44f8e0f3,2022-04-09,1,bantamweight,0.6515551642382579
395fac7e1cb89c9f48542548,2022-04-09,0,womens_strawweight,0.45219423730548397
c717778925b8d05d09226a63,2022-04-09,0,welterweight,0.655444070046992
c8c932d20a23d93083cd5153,2022-04-09,1,womens_strawweight,0.40507457341856257
5210e8a6bd51cdb8a3be4742,2022-04-09,1,lightweight,0.5201296607427961
ab6c1f1d7010971c355e465c,2022-04-16,0,bantamweight,0.48815670151425417
4e19d3624ce2f192fda3e87e,2022-04-16,0,middleweight,0.4957540977196078
63a7508bcd39ffb177568395,2022-04-16,0,heavyweight,0.5147533607462177
a3b791cf3770be81a7311fc4,2022-04-16,0,heavyweight,0.4493437203485517
433dbc801627a6d385c7ad09,2022-04-16,1,lightweight,0.6613028094013618
f700791a20e6fde6268982b3,2022-04-16,0,womens_strawweight,0.49976005836856036
163a51708b615100cf2aba52,2022-04-16,0,lightweight,0.33738797292278083
a2e535212cb0109c16e03dcd,2022-04-16,0,womens_bantamweight,0.22805885287168343
069de3205d6c699d7be551aa,2022-04-16,0,womens_bantamweight,0.5397935573700257
9c7629f898574d7d259de1e2,2022-04-16,1,welterweight,0.2975826494772506
48857655a69cc90c77030d9a,2022-04-16,0,welterweight,0.384081904357443
e9eef12674e72868f84a57a0,2022-04-16,0,featherweight,0.11954734679425609
a2af6edea9fea96f3d6b4f3f,2022-04-16,1,lightweight,0.5651730989219099
de09e08f6c57358e9c22f9b4,2022-04-16,1,welterweight,0.5520291605745307
48e6102e4d53ecae10721bf6,2022-04-23,1,womens_strawweight,0.5240453604827939
9b932197b1fb2a26a1208177,2022-04-23,1,bantamweight,0.7086376911847607
06669d51b0a57a8f66b216d9,2022-04-23,0,lightweight,0.14731682684328304
692efc69390867723a995b60,2022-04-23,1,welterweight,0.42053385461375603
c85d55bcecdce0caae48f32d,2022-04-23,0,welterweight,0.3684928314686396
877e43ee92b6e92fe379f031,2022-04-23,0,catch_weight,0.4482501258884348
4d8474d6d776dc1f62fe315b,2022-04-23,0,featherweight,0.38082686493717416
711d9ff3483b66cb33e6fb1a,2022-04-23,1,light_heavyweight,0.5464706417384368
2b3e69ba4ea58a394404b393,2022-04-23,1,womens_flyweight,0.5823741181805591
c89f90b1b4c3c2b9606febb2,2022-04-23,0,welterweight,0.4840899297896154
213b698eaacabc90d39c3618,2022-04-23,0,light_heavyweight,0.12345775026843273
2dbdb35090901cb11cdd7d38,2022-04-30,0,heavyweight,0.265049522058071
aed8ef16b30b6d218c63f47c,2022-04-30,1,featherweight,0.4869886824662517
fcc9d5a0cfe4deba917371fb,2022-04-30,1,heavyweight,0.3366955919221352
9ec02b95cb264245c08bd1c3,2022-04-30,0,flyweight,0.3687838568859862
566ee83c01c427d616e79cb3,2022-04-30,1,featherweight,0.4875927321857534
312ba0118051211ffa424bb3,2022-04-30,1,welterweight,0.49764761133114754
bd90e67407043275cc350cb5,2022-04-30,0,womens_flyweight,0.5257905147861053
9932564c59fd0493d46f20f7,2022-04-30,0,lightweight,0.32827592710965775
ccbcefc2a02e49bf307142df,2022-04-30,1,middleweight,0.574082131144225
59e0827ca63295b63cd6a91a,2022-04-30,0,lightweight,0.26729774673385037
4e359c108544d2c8759d97d6,2022-04-30,1,bantamweight,0.5412130461786835
e83c43a20c4efdef6b675240,2022-05-07,0,welterweight,0.3872018495760689
c3f4eb06b7985fd64caa1c2a,2022-05-07,1,womens_strawweight,0.5917301347028378
27a25d6c4438938f3521b32a,2022-05-07,0,heavyweight,0.5837436685451868
f9ad67246c83a9f959594eb4,2022-05-07,0,flyweight,0.4205001726235682
68ecc0f643b3d96f33c5ea9d,2022-05-07,1,lightweight,0.7280529329392071
54d66068ae43906aa7a9cf26,2022-05-07,0,welterweight,0.5380036041813512
a295f10a5980bdb7db934877,2022-05-07,1,bantamweight,0.5139801380057092
57499631d3bdce3f6fc81243,2022-05-07,0,flyweight,0.422356670584078
65626c902a390cc627f7be7e,2022-05-07,0,womens_featherweight,0.6129662627808476
d31f108ad033cadad0d1f468,2022-05-07,1,light_heavyweight,0.385669487529449
cdb998abfa18ccf9f27af3b6,2022-05-07,0,lightweight,0.5262330383435657
709d13b3d0f6930bb797146f,2022-05-07,1,welterweight,0.37459492544109174
e513925b16ccc7cf2bc93298,2022-05-07,1,womens_strawweight,0.29756787924874767
cc6e0ffb423d24fff180d8c1,2022-05-07,1,womens_flyweight,0.41729358987696397
e80cfbe7751b8e42d0e37d81,2022-05-14,1,bantamweight,0.5384422233092739
d21ed7987834436d79762e16,2022-05-14,1,lightweight,0.6031360912820245
4987dc6f22514fa13327d770,2022-05-14,1,flyweight,0.6993633217306943
ec3db7fb69fd747f19d2772f,2022-05-14,1,light_heavyweight,0.4622239828707166
3a7bcb7089d6096f13b7cd48,2022-05-14,0,womens_flyweight,0.34951185224981873
cb4c231ddb365e4a24ca3af4,2022-05-14,0,lightweight,0.43671129574858103
95e847d3cc4c6bcbd6043bc2,2022-05-14,1,middleweight,0.412818611990214
db6d572d7fc3c8ad496fe6e9,2022-05-14,1,light_heavyweight,0.4856737059836853
d0dd5444e56544c7c7529281,2022-05-14,1,flyweight,0.6581865620560554
6b6cce875a6e865322f23a66,2022-05-14,0,womens_strawweight,0.44875225586678075
da1f5ebe1db19397cf95fdcf,2022-05-14,1,womens_flyweight,0.4346833399400853
a909d174db8b4390ae3774cf,2022-05-21,1,featherweight,0.6251347885983044
9101fa72d85c818841ee1d9b,2022-05-21,1,middleweight,0.5026209834335568
b2a463b8b2afe1453190b2a1,2022-05-21,0,womens_strawweight,0.546559559009816
383bc526c4fd50b1ff054c67,2022-05-21,0,middleweight,0.5799407331885793
45ca004338ad389c7e7dfbd2,2022-05-21,1,womens_bantamweight,0.5120084341079252
3f379cb193e0300c1aa1f821,2022-05-21,1,heavyweight,0.7891048512454345
2613b85681482b84539b6f00,2022-05-21,0,bantamweight,0.22735756685770628
765486e120840e8df1d10183,2022-05-21,1,middleweight,0.6177908610313213
40240f9f36602a2870ec2baa,2022-05-21,1,lightweight,0.6002136669066829
da790c4bab3aeacba933229a,2022-05-21,1,womens_strawweight,0.44753590045602665
e2c480e4c1e2f0c1546d5d77,2022-05-21,0,welterweight,0.4913165610284351
d22c42254e29e2ec340e1418,2022-06-04,0,heavyweight,0.33198685488508045
7d2d589ab3a24ccbec850331,2022-06-04,1,light_heavyweight,0.7464706952003962
b5fef85ad8722e2c173f1f31,2022-06-04,1,featherweight,0.7789995947775031
f9fbead95e311fc0ea7c84ee,2022-06-04,1,featherweight,0.6450105779915173
23a75d6e26246f3fadb396da,2022-06-04,0,womens_flyweight,0.4692375306832161
65042c1a280902886dc6dd26,2022-06-04,1,womens_strawweight,0.5297205915633728
c65a22b110cef6fbb2125d34,2022-06-04,0,flyweight,0.2046001095023608
8ce12f6034150468696c1404,2022-06-04,0,lightweight,0.3876428626799493
5445242c5438b4603f99e089,2022-06-04,0,bantamweight,0.39620498500283013
d14d68587e692687da0d3f24,2022-06-04,0,womens_flyweight,0.5226633680981883
e663e56b52a832ad0691ca69,2022-06-04,0,featherweight,0.49397379107939215
48c473af66656aa65786f4e1,2022-06-04,0,lightweight,0.43361511938276903
1879d9ea46bd3c6332543b68,2022-06-04,0,flyweight,0.6264549710310826
b2038bb6ca99f8b0ed7255c7,2022-06-04,1,welterweight,0.5550744710325479
e49e62b538c8335689613162,2022-06-11,1,welterweight,0.6915798156767136
065e1f6ee6a773ecb89f7d12,2022-06-11,0,middleweight,0.4838581363852469
fb821412f370884401d35139,2022-06-11,0,light_heavyweight,0.452829249979127
1e545d34ef5e99a2aabb7d44,2022-06-11,0,welterweight,0.5243533654988527
1991007feecb43a26b0eb7c6,2022-06-11,0,bantamweight,0.44728455864414235
4bdcffba7b815f20f7f0c0cf,2022-06-11,0,womens_strawweight,0.48047542095963147
e257df6df9aae0de1ae83c76,2022-06-11,0,lightweight,0.6410323297006084
acf90527fde3048d8876a70a,2022-06-11,1,womens_featherweight,0.45937251888344893
940b51f448bcff3babf27a3c,2022-06-11,1,featherweight,0.5346281965503027
bd4b807ebad4ce66420cb1f8,2022-06-11,0,womens_flyweight,0.24630136389735924
d41039f9c98e4cd3418f2f02,2022-06-11,0,womens_strawweight,0.5725227969106402
69d6707f40dbdd247de83d25,2022-06-18,1,bantamweight,0.7975057806582684
b2afb64bd777a942b65dbb5a,2022-06-18,1,featherweight,0.4771004110747931
bc67a856832a4900d2384ba4,2022-06-18,1,welterweight,0.5110805368225855
4a4060d03f813216114e4968,2022-06-18,0,lightweight,0.352710712039147
2280acaef1bd4f8d94bf22f2,2022-06-18,1,bantamweight,0.8547316137088761
ef1c81da42f18212117eb7db,2022-06-18,0,womens_flyweight,0.4766998136219114
b8b37ab0d685d69a80b80bfb,2022-06-18,1,middleweight,0.5216232796977173
c8bce7a0cd5b64400d6ce30d,2022-06-18,0,middleweight,0.504145708376368
34eacc018777cf756f0a9bc0,2022-06-18,0,womens_strawweight,0.5165309941456928
61b4b53d06936ba0aa98113d,2022-06-18,1,middleweight,0.6306315672693219
2cfd9a8c1b61856144ef594b,2022-06-18,1,featherweight,0.7881595579361177
5bdb3da39bb6e719e9fc0618,2022-06-18,0,middleweight,0.5010387777763281
68df60a85737373fc82b19b1,2022-06-18,0,welterweight,0.16438197850569813
2fbfe695974365c0c5f85fc8,2022-06-25,1,lightweight,0.34272275602569896
6458152c222f4906571bcde7,2022-06-25,0,bantamweight,0.2906412465702156
2ecd2eed9d2962188ecb5689,2022-06-25,1,light_heavyweight,0.3825364337394826
818221d71c181b39140c5074,2022-06-25,0,middleweight,0.4731985279686397
35e5e8e703d00edf360a6043,2022-06-25,1,heavyweight,0.3493592230800977
dbd552c2d7e341649622ee23,2022-06-25,0,flyweight,0.48847962510996223
d3ae12666b9f9a68eead2751,2022-06-25,0,bantamweight,0.1687252356567427
e4ea35454ee62c778fa3f4a6,2022-06-25,1,welterweight,0.49633749266846333
b21c9e5ff089ca9195054ac3,2022-06-25,0,bantamweight,0.6119991366231181
76e3a22b48d90e22583c5147,2022-06-25,1,featherweight,0.27234105020418603
48b66f6c4e067ab131987c86,2022-06-25,0,lightweight,0.2596160905767174
a59780a9c44b0f7455be33f1,2022-06-25,1,womens_strawweight,0.45027099019537775
e02eea16ac82e778f7daf1f7,2022-07-02,1,featherweight,0.690245935748897
876921be33b920ac9567b725,2022-07-02,0,lightweight,0.49277189384517756
e81f8dc803fd77311da05e80,2022-07-02,1,middleweight,0.5421322340204909
859d13910d61abd539cc945f,2022-07-02,1,welterweight,0.5413978065021973
e6c3e6276839dd5d64a789b2,2022-07-02,0,middleweight,0.2268557466468698
a2e9ef0e8cb15790f8ced352,2022-07-02,1,womens_flyweight,0.7609063609225918
eea7d1b3716582025dfbfca3,2022-07-02,0,womens_bantamweight,0.48543821190115655
2a9cc81d46ea65120d7fbe99,2022-07-02,1,welterweight,0.48244019561125395
ba6dd14c8af9df3ea8f92512,2022-07-02,1,welterweight,0.7202527501293821
5833acc9c3ac9e365c6c0b7c,2022-07-02,1,middleweight,0.24326690557879588
177235a3e775a6743d6600e5,2022-07-02,0,middleweight,0.3792683855481646
f2fd98701b89701fae9088a5,2022-07-09,1,bantamweight,0.3821836480284376
803fc1e81cfdec6e7a503544,2022-07-09,0,womens_flyweight,0.5928158158900826
8990215859428aaac941741d,2022-07-09,1,middleweight,0.35002974470129594
833c99cb97e71c4d5ca53fcb,2022-07-09,1,middleweight,0.5230720106395036
894eb20cea5348518aad7e6a,2022-07-09,0,featherweight,0.35745387958932706
ec47ffa3f0a194c15729e14e,2022-07-09,1,bantamweight,0.8107877193841662
eb92cb37c14b9a12e2392824,2022-07-09,1,heavyweight,0.3710841344183762
ed326894c1c1b1d3adbf1cba,2022-07-09,0,light_heavyweight,0.27924097717344754
3762c8ce8cd05373829c8371,2022-07-09,0,lightweight,0.29043554958521917
85e2d3f91c45cbb0e0bc1cb6,2022-07-09,1,lightweight,0.695402819591215
fb7e9ab6b45aeb9bdb8436ab,2022-07-09,0,bantamweight,0.6475530832370343
b203dec5ae3023e120de922f,2022-07-16,1,featherweight,0.6990757603172936
a32125452f6904259fbc72b2,2022-07-16,1,featherweight,0.4712602597764497
8fe207b501c2aa7554270832,2022-07-16,0,light_heavyweight,0.4072161450426724
a9c93145b251be4e9d7e6dcb,2022-07-16,0,middleweight,0.36650697013902495
12d4dffc5e8bc17202be2632,2022-07-16,1,womens_strawweight,0.3221513765111712
fb462f5b2e9f652779cdfb66,2022-07-16,0,womens_flyweight,0.6420007409827528
c637b6f0f5a09bb8e1a74e50,2022-07-16,0,welterweight,0.6022585438564058
17ea09382d449f8306c19c3b,2022-07-16,1,flyweight,0.3878749426189238
fd355002a0fa2e74e3536f46,2022-07-16,1,womens_strawweight,0.5424751321690447
ccfedebf868f0b8dc734bfd2,2022-07-16,0,middleweight,0.299654748368464
aec85754ffdd895e4321b6fb,2022-07-16,1,bantamweight,0.43324300879711325
ad625eebc9ae756d4e5ce12a,2022-07-16,0,featherweight,0.548464711796945
f0728df1781fd229cb014c50,2022-07-23,1,welterweight,0.5832022050592798
fc3a021d4027a74cd0e85243,2022-07-23,1,heavyweight,0.5977030914838315
953bbb8b3a4dbab3e4857e03,2022-07-23,1,middleweight,0.5463439240841242
e1bfa78d9e55d9829168dcdb,2022-07-23,1,lightweight,0.5898554458331545
d04154269d7f8664c62b6131,2022-07-23,0,featherweight,0.261405248187262
68dfedbb07bf88d9ca273dc2,2022-07-23,1,womens_flyweight,0.4735919577063343
ec4c20bfa09fac0285d92870,2022-07-23,0,lightweight,0.42604589906840873
3ba5a9abbb1ae3fa79599046,2022-07-23,1,lightweight,0.5039006356167034
291314e3a3d4ef5e1277e4e1,2022-07-23,1,womens_flyweight,0.6136972122434873
819b658e6cf0d717bb91de6c,2022-07-23,0,flyweight,0.4409612044131329
e1c2046ddc61effa0182c84b,2022-07-23,1,featherweight,0.85606727517015
fcbaa5ecf7ea948ec4284861,2022-07-23,1,light_heavyweight,0.4147980511217273
a3042f1e67d6574fb63da12e,2022-07-23,0,lightweight,0.6048348819764384
ef6ab6d69866893d4c3f7e61,2022-07-23,0,light_heavyweight,0.4045479152508924
b8683f73e2644670bf1ff574,2022-07-30,0,welterweight,0.4779637756666537
282ad5f28deaf15f8dca4792,2022-07-30,0,flyweight,0.5814503311692644
5fa0aeb049247895d054ff67,2022-07-30,1,flyweight,0.632711429541562
c07de9903dda0402b5b7ae51,2022-07-30,0,heavyweight,0.5349301989178213
5aaa23664d6070cac2051597,2022-07-30,1,lightweight,0.31116379352659806
58e54a3c63001690d005c9bc,2022-07-30,0,lightweight,0.509068524655845
10b81e064c1a7b6abe9a2535,2022-07-30,1,womens_bantamweight,0.7224959178888472
33eed00e388c88409a34cb2f,2022-07-30,0,womens_bantamweight,0.45331941485754323
e4877492b848342688b0277c,2022-07-30,0,light_heavyweight,0.31938943686252036
acc3d39765c5482fcb45accd,2022-07-30,1,welterweight,0.7369716810681488
17570bc74fd14e361a08e878,2022-07-30,0,light_heavyweight,0.3300691178366699
ac2b588a1a2472b349609a68,2022-07-30,0,welterweight,0.28795383466668034
1a6042f44f4e1018e13bcf39,2022-08-06,0,heavyweight,0.34393228812526694
11bfef30ead4201c97f126a7,2022-08-06,0,womens_flyweight,0.5109424857154486
ee78ff94d74191c0950c3305,2022-08-06,1,welterweight,0.5606997503390416
14baf91c942b6d4b80278c39,2022-08-06,1,womens_strawweight,0.3816719709067127
e16f507b343589a2e4e6722a,2022-08-06,0,womens_bantamweight,0.5546569360032826
e21ab264e04732c3ef8f62f4,2022-08-06,0,heavyweight,0.484584446414254
e9da8c8a6c31cb23cefbf64a,2022-08-06,1,middleweight,0.6271875484836841
6ec98fde74b283e28ca0a7fe,2022-08-06,0,lightweight,0.191846642758139
cf34d5f335348b66aa91eff5,2022-08-06,0,light_heavyweight,0.4741997757034709
f8f3e8322df974e5e79c4018,2022-08-06,1,welterweight,0.4773640896106369
a786185afd5f82f1db44d3c8,2022-08-13,0,catch_weight,0.629410369640907
769a825b93d1f461ed037a48,2022-08-13,1,middleweight,0.5021067673377547
e5ba6b21277ad5545d7c0dc3,2022-08-13,0,womens_flyweight,0.6678379889686356
7322e2f3f4bf5390f2bda163,2022-08-13,0,light_heavyweight,0.5744469366785504
aaf6d2192b150766430fc20b,2022-08-13,1,lightweight,0.41351670001079854
ba36c66a9c8864239d835333,2022-08-13,0,catch_weight,0.599194377669396
e07aa035986642062d25c1f5,2022-08-13,1,bantamweight,0.49593322453262295
8734458639c9a77e963669f8,2022-08-13,0,heavyweight,0.38200735214851383
8e3ee192291658b73f706113,2022-08-13,1,featherweight,0.3726154641884843
207fbf80c6f721606f408c61,2022-08-13,0,flyweight,0.6629713244886236
0e895646923d2363e9ee3865,2022-08-13,1,womens_bantamweight,0.32348085518055475
cd596c04dadc1a357e70db6e,2022-08-13,0,womens_strawweight,0.5109424857154486
7e414bf2e90506da27163941,2022-08-20,0,welterweight,0.6157537825288738
8a9c09281e5eeca72ddede9c,2022-08-20,0,flyweight,0.400741771841671
fc73feb19b3af4a912864096,2022-08-20,0,bantamweight,0.49151047916022955
2e655f9fa69fc63ba339bf9d,2022-08-20,0,flyweight,0.40175761608961613
09110ce448db775f208b9e4f,2022-08-20,0,bantamweight,0.3621988527753347
96bf35f8d242172083318f0b,2022-08-20,0,welterweight,0.679942407618608
72cae9b3b0647f262149f01d,2022-08-20,0,lightweight,0.19081950210542772
6e01d4335754eab4e2519c82,2022-08-20,0,heavyweight,0.5295665304751771
e041b8ced5ccae038bf87f85,2022-08-20,1,middleweight,0.490291081939237
e21703f2490a99b16dfadb3d,2022-08-20,1,light_heavyweight,0.8487664634249157
f41c685ee847a134377ce615,2022-08-20,0,womens_bantamweight,0.5655802968025331
9ce27f8c4c81304aae9d0e7e,2022-09-03,0,middleweight,0.518607198880073
a3bbb4a0fa0064f0548c4dc4,2022-09-03,1,middleweight,0.5631535750174923
2d11896bafc8bb829b196c12,2022-09-03,0,lightweight,0.30078681261527396
55128794a5130c0766120091,2022-09-03,0,featherweight,0.5765570855871057
7301434a052e54b477cb10b8,2022-09-03,0,heavyweight,0.2020113270122704
d67df94cf203060829d5e02a,2022-09-03,0,lightweight,0.363230010593972
3f009a05817aa629ecb33512,2022-09-03,1,lightweight,0.7072652331401266
86ec5f7ecd89641f1c7cff4e,2022-09-03,1,bantamweight,0.5573297983277316
561ee3bd70a2f70be5d0512b,2022-09-03,1,middleweight,0.5780588117522593
0fc64e2e9e677fbf1fdd2676,2022-09-03,0,middleweight,0.5723616311160421
be1d0f8c941e18f2385e8ec8,2022-09-03,0,womens_featherweight,0.3767950404475281
b8f2b3651db2a7baa029e536,2022-09-03,0,featherweight,0.4967126886370197
4a6bcffa1eef009392233795,2022-09-10,0,bantamweight,0.39433084025786624
c00654036cf18b5bb5f2d2c5,2022-09-10,0,welterweight,0.4545024854165574
b36dfd6178f9afe0176a1770,2022-09-10,0,middleweight,0.4989804527761054
7f7d0ff5834aebf0c6e0956b,2022-09-10,0,featherweight,0.7535628289842322
41da67b4d117a50c666ac843,2022-09-10,1,catch_weight,0.29600669767959825
6153221828eccf4930f0d3e6,2022-09-10,0,catch_weight,0.09790434665041975
9d40474ac4964ada854fa013,2022-09-10,0,heavyweight,0.6349194534990794
5a062d96aab1c99b7cc95f3b,2022-09-10,1,light_heavyweight,0.6695814445923248
61ba8d4c4fabfe43fbb836c9,2022-09-10,1,catch_weight,0.337584434647912
014ea6d786ce6f657768e865,2022-09-10,0,catch_weight,0.34218699415340437
0eacc4f0d8ed4f419ecbcea2,2022-09-10,1,womens_strawweight,0.5513674795284931
b23e87fdf32c675244e517b7,2022-09-10,1,welterweight,0.5040781869554928
129aa2e2442a6668ab3bdc63,2022-09-10,1,womens_featherweight,0.7430376500116943
5c6812938d363a82f925824d,2022-09-17,1,featherweight,0.31059808167789604
8d050432569789c31a32dcde,2022-09-17,0,middleweight,0.4101006027722783
dbcca4558e9c1d0d13c510a3,2022-09-17,0,middleweight,0.3584565426148039
bc3c14ac6ca3b5d7e1f471ce,2022-09-17,0,bantamweight,0.5887821066037756
c743e51d32485abb008206d8,2022-09-17,0,featherweight,0.5861583757338644
059dfb0529502eb13b47c82e,2022-09-17,1,womens_strawweight,0.58157165735984
f973efc4d40fd253e6092acf,2022-09-17,1,middleweight,0.8050753507557404
faae6d894d5ca7b2e828bf54,2022-09-17,1,womens_flyweight,0.4323276099739928
ba54b51b997887a6beff6ea6,2022-09-17,0,lightweight,0.40816626341556445
4d68a5e737c1e8b51f6f2e2d,2022-09-17,0,heavyweight,0.611073390101482
58d0836ce3aef89372366e16,2022-09-17,1,bantamweight,0.2754780247980349
1afe0d50e01083bebcec9aa7,2022-09-17,1,welterweight,0.6721476821750189
49322c3b76a447084d3343fa,2022-09-17,0,lightweight,0.49212902660176044
87a787d77cf0a5e09d3d9395,2022-10-01,1,bantamweight,0.23713703780780618
38a5c52b9d2138c264286309,2022-10-01,1,heavyweight,0.5731741822785916
fc47440fea6c1d9a73f29056,2022-10-01,0,lightweight,0.47273495681938915
5c2d756d58e2169143a3d205,2022-10-01,0,catch_weight,0.6758811622934344
fa7cd15e925add6d68fc71fb,2022-10-01,0,catch_weight,0.42855280127873047
fa6a5ead0aa09a9ef6c5b57a,2022-10-01,1,middleweight,0.5193905325412524
b72aea582d1585d9cb98b492,2022-10-01,1,womens_strawweight,0.4264182176872188
769a6a0ed8f56e2771571177,2022-10-01,1,lightweight,0.6194720579768075
ba830e44c169818ed678aa41,2022-10-01,1,welterweight,0.7436508556232015
8a3a1e63063d34a285884a99,2022-10-01,1,bantamweight,0.5839598663673293
332b606adadb464988ce504c,2022-10-01,0,featherweight,0.1563727816791354
01280f9e77503889cc5f9625,2022-10-15,1,womens_flyweight,0.4583862540461311
ca2c4ad4a77247d7ccff754f,2022-10-15,0,bantamweight,0.23627430391073911
0b42a434a9d342606e9634d5,2022-10-15,1,featherweight,0.6104108958761658
26959a0ae6d9ffc29e07813b,2022-10-15,0,middleweight,0.4046004231405332
aae253d49a82af766011fb44,2022-10-15,0,bantamweight,0.3631034770416691
dd6794095b4f567cbc4101d5,2022-10-15,0,welterweight,0.664823225710984
044df039a74152712583ec34,2022-10-15,1,light_heavyweight,0.5496760058133086
6a2ccb4c05791a9425fdd871,2022-10-15,0,middleweight,0.5375706455023141
a351ceb4ec13704924e64821,2022-10-15,1,womens_strawweight,0.3791771571896265
4f4009ed9b6888d49211b309,2022-10-15,1,bantamweight,0.6401829270228917
cb331ce12f84a70205c765de,2022-10-15,0,flyweight,0.3432361423444265
2fa71d83dae3ebb848f3441c,2022-10-22,0,welterweight,0.29688866196097746
3969abdde9d204a1383b76b0,2022-10-22,0,bantamweight,0.31555470442120553
d51176910516429f296e9791,2022-10-22,1,middleweight,0.6231652605622848
8b1f7cebde3141ff07f2e923,2022-10-22,1,welterweight,0.5247744650522023
1f39f88404238882611b5baf,2022-10-22,1,lightweight,0.46438298374866255
89b86d8017ee9c1cbaa746ae,2022-10-22,1,lightweight,0.5342819795046194
e323e1ea8dacbcffaa512ad7,2022-10-22,1,womens_bantamweight,0.7951103007929387
35a1f8dde1fde0e00768056a,2022-10-22,1,womens_flyweight,0.29668229065888674
f4c1d9b02ea276231e92bad9,2022-10-22,0,middleweight,0.46255988912058293
bf2060061f6746545bdfc695,2022-10-22,1,flyweight,0.6031349149030513
5cb842db992ceaeea1b3cf29,2022-10-22,0,bantamweight,0.6481422768953821
a99407677ffcc07b6201b9fe,2022-10-22,1,light_heavyweight,0.4703952567632489
9e77914c5d3a7d1ddeb09921,2022-10-29,0,heavyweight,0.2746948194221117
0475b074697fe0251c4d12ec,2022-10-29,1,featherweight,0.6983802680998473
9ad86cefbe6ecdf976f7782a,2022-10-29,1,featherweight,0.3725170778268211
ad5ce07a6e0876f8d5be2633,2022-10-29,1,bantamweight,0.6511072863997295
3ea908dc8672aba46a6b1042,2022-10-29,0,flyweight,0.3256555760976887
9cf346c97ea2bbfd2c1c605e,2022-10-29,1,light_heavyweight,0.20067749912603552
2578ddec4698f73c077da962,2022-10-29,1,middleweight,0.5590530579089604
ca802282390c52fdb2408e0b,2022-10-29,0,middleweight,0.4215142074575396
15d5339005fa2e8e3ec329bc,2022-10-29,1,middleweight,0.47866660135079425
50f80108ef29bd03c1534f16,2022-10-29,1,welterweight,0.6195559132434098
5f9c2584685ac701df1b20f1,2022-10-29,1,heavyweight,0.4506418050446049
fb2b6999fee39d8d4b28984c,2022-11-05,1,flyweight,0.4421340860306736
1fa02083adffe4f1a1aaa2d6,2022-11-05,1,featherweight,0.4025741497186796
443e0c3f3b5ee8993cb6247b,2022-11-05,1,lightweight,0.7121864883423057
ad031ee4e83f763ae7e5c2c5,2022-11-05,0,bantamweight,0.4096452062277966
85d5c7447efef749dd381282,2022-11-05,1,womens_strawweight,0.4255548147464022
d98a3449d656417386274448,2022-11-05,0,bantamweight,0.24672718117921183
67bf0adfb4a72e6d1d0816f4,2022-11-05,0,womens_flyweight,0.25130769292565336
7d63d3e966fba6336272ecea,2022-11-05,0,welterweight,0.49503291958496104
7d171beb120b8d9b085f3e3c,2022-11-05,0,womens_strawweight,0.42233940776855705
f6116b016fd15f3896db959f,2022-11-05,1,flyweight,0.531659297556745
d752a82ef0612c0a2c486058,2022-11-05,0,womens_bantamweight,0.5140444383254612
8aa99b2cd9574bce2a5476f0,2022-11-12,0,middleweight,0.35860633326562485
57a461274144d12c6cfaa424,2022-11-12,1,lightweight,0.40195631640709184
c2dc5cbd59cfdf863d8c6b7c,2022-11-12,1,womens_strawweight,0.454243348447782
8a2af618f9bb8c2582583f47,2022-11-12,1,light_heavyweight,0.4668312246845236
e85b565475987e455e539476,2022-11-12,0,lightweight,0.555119384400815
66f2c5674043221ca0434043,2022-11-12,0,light_heavyweight,0.6304635638586821
ed6cea9fd841f86133410b45,2022-11-12,1,lightweight,0.6579991385984235
f9d00f1cc1b81acb25c5ad95,2022-11-12,1,womens_flyweight,0.6465013759626493
89753c38b68f7526bf9e58a8,2022-11-12,1,bantamweight,0.7438154258316009
b17854bdc5ac75cdebdebfc7,2022-11-12,0,middleweight,0.7280055586003136
bb48fbeed91a2ae16e631b45,2022-11-12,0,bantamweight,0.46931781629625124
52729424a8db9c8e560906f5,2022-11-12,1,womens_strawweight,0.5144122628122458
4f56ea61b8260643a03879bd,2022-11-12,1,lightweight,0.3444826684515842
a29b34f3eb27fd13d76b11fa,2022-11-12,0,featherweight,0.671219009611936
d405e854a32224bcc4db5e45,2022-11-19,0,welterweight,0.3046659414853845
65a1d86b89e2470e1e3db15b,2022-11-19,1,bantamweight,0.5409305532338481
a610b8fe21dd433dd33fd822,2022-11-19,0,flyweight,0.5616124956694264
119695682640f1374d5c064b,2022-11-19,0,heavyweight,0.4817614394316923
134f4d4a92ff0f23596749a8,2022-11-19,0,welterweight,0.24162108659398962
076a794451db2a52b98c2309,2022-11-19,1,womens_flyweight,0.590847175673247
7c2cbb3580dd05ab14dfada5,2022-11-19,1,light_heavyweight,0.6965543728473497
9893e9ce7e58dd73dc5255ef,2022-11-19,1,womens_flyweight,0.7610246703406369
08cc9cab63281c265de6127d,2022-11-19,1,bantamweight,0.47910452950289356
2f3fc3172d73cddfd573aa40,2022-11-19,0,womens_strawweight,0.32231292255619287
630502317483ca9c43c50cad,2022-11-19,0,bantamweight,0.34347367256264605
cb2b679c92bd80ebf4dce030,2022-12-03,0,womens_strawweight,0.27183171344028667
e884d59713242b5e40c18426,2022-12-03,1,welterweight,0.45038056463501996
78078a06b6123519e6e6389d,2022-12-03,1,lightweight,0.3485620321056699
b4ddf766033e81d0119cb1e7,2022-12-03,0,featherweight,0.1201379948757075
b2b4ba541349261a5183a952,2022-12-03,0,middleweight,0.566971860801535
fbe2eacc0874d97394ea1832,2022-12-03,1,middleweight,0.35330721936399556
ce3faf675b6078ae06995f59,2022-12-03,0,featherweight,0.3759883441440576
4dac47d315d1aca95332a102,2022-12-03,0,flyweight,0.38035416782725623
cfc93cd8941fdfe5321696d6,2022-12-03,0,lightweight,0.784530572434981
4f162c7c30d92fff90d239d6,2022-12-03,0,lightweight,0.16120469007186047
6896a8bee73ed65ceb61e90d,2022-12-03,0,welterweight,0.5757472085749344
3df0cd81dd767dedc14ec088,2022-12-03,0,welterweight,0.7988924664555322
ffaaa6810e903c894557c687,2022-12-03,0,heavyweight,0.2789421820127507
69d8f51a708f4a602eb6b066,2022-12-03,0,womens_strawweight,0.42786157660883906
d685375c090e0b3ac4d13d51,2022-12-10,1,featherweight,0.4232362648199724
97918cbcbe4b3af27679dc76,2022-12-10,1,featherweight,0.4121673941196726
195a4a25edefbdee1978add5,2022-12-10,1,bantamweight,0.4967126886370197
f41619679889d65542ce470d,2022-12-10,1,middleweight,0.5275750738828374
898f396f3f2e781708ad4221,2022-12-10,0,middleweight,0.5076664489837277
89ac380a2e7df762e9960bef,2022-12-10,1,middleweight,0.752556745025164
6f83248ed364da425ac6e6b5,2022-12-10,1,heavyweight,0.44684430903610944
220fc84b9439edce53facd04,2022-12-10,0,lightweight,0.7395583599106618
c21d7cb712ee6288e115f864,2022-12-10,0,bantamweight,0.6435252181671296
11988bf1857ae4bc7fc9fc71,2022-12-10,1,catch_weight,0.41327852486302485
6cac8e9e2664ec7c35a78b87,2022-12-10,1,featherweight,0.631218207134866
18932712ef980754aa8ea7d5,2022-12-17,1,featherweight,0.5346330096642804
a908a1420ff1d9f94575f943,2022-12-17,1,flyweight,0.654178807851224
bbc491df17960bb5bff6b31e,2022-12-17,0,lightweight,0.2729364772426666
0c96e42f32a09a794ddebc39,2022-12-17,0,welterweight,0.4973250190400195
fc2b431ca6e0290539b9ecfb,2022-12-17,0,womens_strawweight,0.4961318987420704
376d706e7b1fffd65da0244c,2022-12-17,1,middleweight,0.4594150823040494
62c857b47d6eb83bf9f679d1,2022-12-17,0,flyweight,0.5261981039681176
8b3108a9d38cc348b9ee1402,2022-12-17,0,lightweight,0.509254075234332
708385da1df75bfa8783285c,2022-12-17,1,welterweight,0.29219729987567444
62df437ecc82bbfb87460bdf,2022-12-17,1,middleweight,0.36291997917952973
b09e70f040d7ee1dc6260cd4,2022-12-17,0,lightweight,0.3367840585661905
71ea7cae81899e81d9ce58fe,2022-12-17,0,bantamweight,0.4496131446403286
9560c9fd3964613752555ddd,2022-12-17,1,bantamweight,0.5999210471702004
c1e71d1d9adb482155fb773f,2023-01-14,1,flyweight,0.506315195598456
d0381b088b9a49444821f7b5,2023-01-14,1,flyweight,0.5360263533736596
473cb05603e509a4bfc9c579,2023-01-14,0,middleweight,0.39299519179691644
24f815b1e2137e2461a6637f,2023-01-14,1,featherweight,0.5691823930763749
f458bcba7703f48484dfacf4,2023-01-14,0,featherweight,0.44328161123121307
483b08fc27731ad0a87cdc0e,2023-01-14,0,bantamweight,0.19823716460538984
ec208d732aca7f0b1f0f698d,2023-01-14,0,womens_bantamweight,0.5163763170912719
52d6bc7e6509310031ed4ffe,2023-01-14,0,lightweight,0.4692725399675774
c80a716a5e04319dc22d6f21,2023-01-14,0,middleweight,0.5482012762625358
e38165574d6bfd63d4e79446,2023-01-14,0,light_heavyweight,0.3731939488983561
e2ebd640cdbbcc28ca2e8743,2023-01-14,1,bantamweight,0.8873969734796111
c571321ad6d07f540414f93f,2023-01-21,0,flyweight,0.37936095032259
1879c14c12351601569b29a1,2023-01-21,1,welterweight,0.3522477007585047
f709c650ce5f7a1d36b7501e,2023-01-21,0,welterweight,0.6088242403114379
2b19d65e695d66ba7d5f52dd,2023-01-21,0,light_heavyweight,0.3456657983874279
67ced6d3bcd5f9cff7b178ae,2023-01-21,1,middleweight,0.25774563801873085
a292c3204c848fc795af4c9b,2023-01-21,1,lightweight,0.13217890909193278
7b9b0213d00e3e62562edc0e,2023-01-21,0,womens_featherweight,0.1236152572426121
2d3203b53911c02b06b5c3d3,2023-01-21,0,womens_flyweight,0.2682031047287052
88c05dde0cfbbe4c9eece03b,2023-01-21,0,bantamweight,0.17121569003615586
c20db3255eb0b21fa2aab9f9,2023-01-21,0,light_heavyweight,0.7018448245222653
7ba2b9a199192a87d60f6838,2023-01-21,1,light_heavyweight,0.7398474315751892
170c5bb7b9800aa0cb5760fd,2023-01-21,0,bantamweight,0.5787174407319422
f8fe5853ba92aa1d4941f315,2023-01-21,0,heavyweight,0.31105410503563274
a35835c41d69a4aa0cc51950,2023-01-21,0,lightweight,0.303042589016202
f78c5d74308eea6a9b237336,2023-01-21,1,welterweight,0.3805526393116457
4379c427241e16c5c42ff97a,2023-02-04,1,light_heavyweight,0.3879195272936681
fb3ccccef9c44cd3f44a1d43,2023-02-04,0,heavyweight,0.2933989613809928
e58678b9928dcd7e2a89b900,2023-02-04,1,lightweight,0.4692725399675774
5ffe7cef56c8e5dc2a3b0312,2023-02-04,0,featherweight,0.4692725399675774
c06582e8c3186fa75ccd836a,2023-02-04,0,middleweight,0.2407354781548747
5eafd2114e06744c7808d3eb,2023-02-04,1,heavyweight,0.5940030763432496
c55aa74790a7618ed08e5e86,2023-02-04,1,flyweight,0.4692725399675774
667af8ef779c3de51b6ca32c,2023-02-04,0,flyweight,0.24619095363069438
92ddbc29697faa23279ea2aa,2023-02-04,1,bantamweight,0.4692725399675774
c0dbc7dac4a69fdfa7b8a7e5,2023-02-04,0,welterweight,0.4199841727559405
e3a6a92a6b4c14140c0f5668,2023-02-11,0,lightweight,0.5103721862600704
8e99069a041aef3a93ceeef4,2023-02-11,0,welterweight,0.4975817215741115
9ac871fd5b77a57cde66e145,2023-02-11,1,featherweight,0.617889307495899
128eedfd624aae6d0ee3489b,2023-02-11,1,lightweight,0.5629488571938746
3138bab08e28eac977aae47b,2023-02-11,1,featherweight,0.5728390581148816
8e0261939b3d9069a93806f4,2023-02-11,0,heavyweight,0.5157197012316416
4becbd5521ee229580343aec,2023-02-11,0,womens_strawweight,0.3251910271241792
50535e74ff87ae17e1c4af13,2023-02-11,0,featherweight,0.594202132478339
39b8a2a3689793a61bd1f93d,2023-02-11,0,flyweight,0.3724560040786624
352db25f95df258b62afd7f3,2023-02-11,0,light_heavyweight,0.6654220315605597
e2a5ee873106609aef8b7d36,2023-02-11,0,featherweight,0.4128244043802856
3f5d726191be802693a573f0,2023-02-11,1,lightweight,0.2065694007284414
9d14cb3c9c8fd9e831cb2b86,2023-02-18,0,welterweight,0.38047723134860106
a36fcfd26910843e21b34572,2023-02-18,0,flyweight,0.5735710898579258
47e078d89d36a38676c579fa,2023-02-18,0,featherweight,0.3748873761238708
389d6b8640bdfa2549c1e3fb,2023-02-18,0,womens_flyweight,0.6420187381811923
05ce260e041a2605c602d2d6,2023-02-18,1,lightweight,0.6347916477504586
7cdd2df80d6a6c593a282b52,2023-02-18,1,light_heavyweight,0.6195972941695757
33ac9685a2515b76f149fc89,2023-02-18,0,heavyweight,0.4265116718900989
73b63059d90c2960c03c75b9,2023-02-18,0,womens_bantamweight,0.24244575317446923
92dbac7a52867e46b35fafbb,2023-02-18,1,lightweight,0.5704587908542408
a4d636f7490aa62d4f569a1a,2023-02-18,1,light_heavyweight,0.3891788106709534
a77ddc24d18d055941c6bf15,2023-02-18,0,light_heavyweight,0.5631795354760813
f489e5bd58bfc35f1f4419cb,2023-02-25,0,middleweight,0.5911758865458683
758f1c497bf18e82210ab5c3,2023-02-25,1,heavyweight,0.519544437057489
5c80a7b04497ad5ee2bddd57,2023-02-25,0,lightweight,0.505583464713559
3fec13ee85d7f9983960b3cc,2023-02-25,0,womens_flyweight,0.531995160627115
0176ced8c9d94d30a64e4a7a,2023-02-25,0,lightweight,0.19660205434576483
cf7adf6d36d1b08cd9d8d30f,2023-02-25,1,lightweight,0.7315991211194637
b8372e22cddbfa48ea909485,2023-02-25,1,welterweight,0.5574834393777741
6b4e4ea9b801548615975cd1,2023-02-25,1,catch_weight,0.3893718538513236
6ea6168d8e84815d2134058f,2023-02-25,0,lightweight,0.6528909859349383
fc0acba87af9f8c76a7e2940,2023-02-25,0,womens_flyweight,0.2625857595221332
ddddb220f603a1df3e1e0161,2023-03-04,1,middleweight,0.6112821478603315
72321c6bbe98eff02e4095f8,2023-03-04,0,bantamweight,0.3837793904383813
cc0b7fa4194f7f6e6d3a39f1,2023-03-04,0,bantamweight,0.4692725399675774
85fe8793909e6952c9f78f00,2023-03-04,1,middleweight,0.6598682000435913
7363e41d86228b1d3ccb37ac,2023-03-04,1,lightweight,0.4692725399675774
4e033da568b46a961139d1ab,2023-03-04,0,welterweight,0.3724346818290966
d3cfb0d2b891ff38ada976af,2023-03-04,1,welterweight,0.5909213276320694
cbd06542b2b208df53fd406c,2023-03-04,1,womens_strawweight,0.7074563899536507
c3f3ab3581e4101201417c58,2023-03-04,0,heavyweight,0.24288597869801232
9314741277e5a546928ec867,2023-03-04,0,middleweight,0.41009619293193506
483a44eda1de7ba858e8ac87,2023-03-04,0,bantamweight,0.3643968562896594
ec001e69e1a671cb55343f5d,2023-03-04,1,lightweight,0.6333313725426445
79f6fa67f74ca1d1eceb89f0,2023-03-04,1,womens_flyweight,0.22845383532263713
ae1d2e42c74ebe569b8bf839,2023-03-04,0,womens_flyweight,0.4456158036352742
2c3d9b8cf266f7d87b21947a,2023-03-11,0,heavyweight,0.3237907746352691
28667af2ecff9e735860e563,2023-03-11,1,womens_flyweight,0.2307124628190977
51fc827668838509328eca57,2023-03-11,1,welterweight,0.5277531539224929
02b6dc85938acd2c6dc76f32,2023-03-11,0,heavyweight,0.6509903470410244
5e42a3409698012174f55aa2,2023-03-11,0,bantamweight,0.1019599851678995
cc22e042a99a400b3b543787,2023-03-11,1,catch_weight,0.4182446284590396
4a7cf56c83980792658c3945,2023-03-11,0,bantamweight,0.5144761231652386
970d1a7858aa5b5c168bdb4a,2023-03-11,1,bantamweight,0.5389432279431647
8c472cd93fff869b8c1659b3,2023-03-11,0,bantamweight,0.45784120580267407
57624421d747b53b6a9fce19,2023-03-11,0,middleweight,0.48835450106833445
121d895ec34c4ee500d71121,2023-03-11,0,flyweight,0.2735920670797858
39493c979c1bfbe357de6651,2023-03-11,1,bantamweight,0.4277343584061856
313274f54c13e378c9782b8c,2023-03-11,0,light_heavyweight,0.5369254635517096
3ef5192d293b633a47593b25,2023-03-18,1,lightweight,0.616701875374741
67939b6e4ba8a035489881f7,2023-03-18,1,middleweight,0.34392089368333323
ba6858c0646216e3a271c7f5,2023-03-18,1,welterweight,0.5385019130837077
a41a13deba0d06034c0c24a0,2023-03-18,0,featherweight,0.10779237769448353
be9e3b6594a545c5ece02333,2023-03-18,1,flyweight,0.5184990477008957
bd93d7b8110bf0a192791038,2023-03-18,0,womens_flyweight,0.680931876775488
aba38730016b8b0777777ee5,2023-03-18,1,womens_flyweight,0.6183995824741352
a445f6f894e3074c43e9960f,2023-03-18,0,womens_flyweight,0.6242789257804027
0204fb629e0e6e99f3a62ea5,2023-03-18,1,lightweight,0.4529140609281502
a1b6f8d2aeb238711fe9cd1a,2023-03-18,0,welterweight,0.3894018652895234
a9bd37ea947df11dfb5e63f7,2023-03-18,1,featherweight,0.7179785313752752
bd7c4c65dd0660d691a5b7ad,2023-03-18,1,middleweight,0.6847645154383312
e95f3b99a35f4827b821860d,2023-03-18,1,flyweight,0.769729676673377
759b5432bb0e95fb6e5a4cad,2023-03-18,0,lightweight,0.4692725399675774
c1d7d7ce041d52e09d7193c7,2023-03-25,0,womens_flyweight,0.3996950711195931
034e224915320f869f1dba0a,2023-03-25,1,middleweight,0.4620684738871457
717be830f10bc6172050d1e0,2023-03-25,0,flyweight,0.3104735256122564
fb68a3891e073458dc6aaa5f,2023-03-25,1,featherweight,0.3705471956765256
b4bcc9e8264244b410d7df4f,2023-03-25,1,womens_bantamweight,0.6197477793652396
84ded834631bc85d1a979066,2023-03-25,1,bantamweight,0.5089402721111065
3932764824c5a65f4ea80b0a,2023-03-25,0,featherweight,0.5359350516817563
3da110d1cd53964797f27c55,2023-03-25,0,featherweight,0.46336579575292025
bc34061f7585c8cb754582fc,2023-03-25,0,welterweight,0.3695999116252758
d8bf04bd476c5def9385b3ed,2023-03-25,1,flyweight,0.5741135718767503
090d5cdefe42617fa644a06f,2023-04-08,0,middleweight,0.4020746179712851
f4262813b91eccfae338f71f,2023-04-08,0,middleweight,0.6037955179626547
b3e3b5f129a63fb2038e58ed,2023-04-08,0,womens_strawweight,0.43920993967163663
30c5225ba53208cd76437d3b,2023-04-08,0,middleweight,0.6585459043871009
50f3bfb5121b7b06fdb05de0,2023-04-08,0,welterweight,0.4922361256412541
a3cc4d0be0f091345c0e83cd,2023-04-08,1,catch_weight,0.5963819994135641
186919d4a2872e5c626d87b8,2023-04-08,1,womens_strawweight,0.5297532448415564
50677f1bf973ddd98ff7be61,2023-04-08,1,welterweight,0.6431847288005899
5bf9cd7d305f8634d4423b73,2023-04-08,0,womens_strawweight,0.6969164876863074
542ab5e1dd01c45dbe923832,2023-04-08,1,bantamweight,0.35166744268941763
cb56c19233738e3f99fb0b06,2023-04-08,0,bantamweight,0.5017150982359795
7941baf2f9c14b9bc5dc6877,2023-04-08,0,featherweight,0.39241102024245483
536fc9ff4143a7f0ef5213e4,2023-04-15,1,bantamweight,0.5014108829069204
58d7a5e6018b4265e7a4b16d,2023-04-15,1,featherweight,0.5013528138418499
f5d38b8d75c4c47b6cad6b69,2023-04-15,1,flyweight,0.3401576787509031
7b3a87bcfdaf6184fa346634,2023-04-15,1,womens_strawweight,0.5370637948492641
305a994660d1f7aefbc2d278,2023-04-15,1,lightweight,0.8296192314612175
8aa967b47782f05988eede93,2023-04-15,0,light_heavyweight,0.497067703121575
e32814b20fa0d61f9191d8d6,2023-04-15,0,featherweight,0.6394232700437859
2df2b28eed63b6044ceb774a,2023-04-15,0,womens_strawweight,0.4221541511762442
6576e21f61790cd99298296d,2023-04-15,1,womens_bantamweight,0.7093225623312854
fc2939e831f145899a2e2a1e,2023-04-15,1,lightweight,0.28829329935539993
8585d2f9c10439b3ae1c6def,2023-04-15,1,featherweight,0.2560827934613264
715f478ae35da582d9f2f26f,2023-04-15,1,bantamweight,0.2672369689080276
a3b645cd303899e532cb969f,2023-04-15,0,light_heavyweight,0.491633225157024
4c702db73869ec0f411cd286,2023-04-15,0,light_heavyweight,0.1989438310513494
99f50e21f3c2b8fb41bfe804,2023-04-22,1,middleweight,0.5330628344127598
379db5a242315cc0331f6ab9,2023-04-22,1,bantamweight,0.36846158378297095
42d8de57f8ac25ae0a59af37,2023-04-22,0,featherweight,0.3710385443842104
69df5f5db0fe03de6d83eeb9,2023-04-22,1,womens_flyweight,0.48249050285087514
ebbd9b0e418daaecd3a5147b,2023-04-22,1,welterweight,0.4558758897975494
a81b666d9fea33d5a4e4e227,2023-04-22,0,womens_featherweight,0.4486550909458648
15793bfec6a8406b59adf881,2023-04-22,1,heavyweight,0.41456110671871116
cf2e08d1a2de456001218fbc,2023-04-22,1,bantamweight,0.6832810365223692
2d07b591baacde698e40eca7,2023-04-22,0,lightweight,0.5339984101432125
d0f44949b918faa8a43733f9,2023-04-22,1,heavyweight,0.3452331484951632
64bd164890b13ccd6152e1f3,2023-04-29,1,middleweight,0.4623858213094651
382d5f5de3ab9af93ca82b63,2023-04-29,1,flyweight,0.6509048640041935
e74e0fcfe591662c36de0f91,2023-04-29,0,womens_bantamweight,0.556861578640927
9404efffd14ae8bc7d0dad29,2023-04-29,0,welterweight,0.5351980234698658
361d3b8343a3062df1f20add,2023-04-29,0,catch_weight,0.3593837151581392
209f89bb364ad65d94f93f8c,2023-04-29,1,featherweight,0.2453483994793027
de2dcd0f2af8b8f8855a9ee1,2023-04-29,1,heavyweight,0.5024550817947451
79b7440c98a3fe7209a2b6c5,2023-04-29,1,heavyweight,0.506538635168224
a482e08e398790dbc62aab8b,2023-04-29,1,middleweight,0.5405089051281795
996883e37beff1a1ac3bb2d5,2023-04-29,1,bantamweight,0.460555865351386
c0f12ad7885173fca8c8dadf,2023-04-29,0,womens_bantamweight,0.6915737899230933
8cc6c1a80c3b3e78fc639607,2023-05-06,1,bantamweight,0.6006970175832136
8f175dda24ee4d5ed157611f,2023-05-06,1,welterweight,0.6472424219680775
38e28862ab0d408ffcf40da9,2023-05-06,0,heavyweight,0.3437446969574183
ac89ad183f32d054d164ee0c,2023-05-06,1,lightweight,0.4404532359519045
ef1bf09246b82fc675505721,2023-05-06,0,womens_strawweight,0.6259994082325436
b96182f98b3de52de631a16b,2023-05-06,0,middleweight,0.522669033064566
2db72ca1fb0fdb7fffe3a93f,2023-05-06,1,light_heavyweight,0.6594175930328374
c5ebf8e79324e5939125f9ad,2023-05-06,1,welterweight,0.7234085333753969
3e2e956ecc31c21affc1243d,2023-05-06,0,featherweight,0.2674506164384882
023c4ee9d811ea4e3c8b11fa,2023-05-06,1,womens_strawweight,0.27760227301809165
0675c46166735f4643081ce6,2023-05-06,0,featherweight,0.1506230455132277
3d3bc5c58bede42fd36c2efb,2023-05-06,0,middleweight,0.699983965593861
73f39af8d610478efc1c33d2,2023-05-13,1,light_heavyweight,0.6102324329471389
7a5e52cdf64699c40ca7635d,2023-05-13,1,welterweight,0.5631298750564886
8ea417e09eac08a2ad3fe828,2023-05-13,0,light_heavyweight,0.26294152156955297
f4ebeab135e8d5bb06730df8,2023-05-13,1,catch_weight,0.23993585662581718
bcb161a3c9d9e2a50a8e2857,2023-05-13,0,welterweight,0.613414236035481
74a34d39413c8f931bad1e28,2023-05-13,1,heavyweight,0.4633629154961011
f166d8ac6a457943bfe528eb,2023-05-13,0,womens_bantamweight,0.505855953250245
2d1948b604cc1d52072429d7,2023-05-13,0,womens_flyweight,0.42521084090313194
7eb37ee4f1b3f74a15b948a6,2023-05-13,0,heavyweight,0.27930441501662284
90d417de02b6d71ffa660d3f,2023-05-13,1,welterweight,0.25597298626709053
834f2fa194fc1425e6d5a51f,2023-05-13,0,welterweight,0.34949829280247047
9dea78b803a1d3cbffb84573,2023-05-20,0,welterweight,0.38553558129904913
d5f1029bfe5ae4808dbdeb8b,2023-05-20,1,lightweight,0.601290601873034
583ed00e1a40f7bc24f0e7d7,2023-05-20,1,lightweight,0.705497915082808
a5c6f22d83c3a5cd1f37e6d1,2023-05-20,0,middleweight,0.533310024429451
19550019194953c70877b46a,2023-05-20,1,catch_weight,0.6060668977363577
618b7b63848dfb28d9e75658,2023-05-20,1,heavyweight,0.6161718435964822
4dad1eec32d230346a567d14,2023-05-20,0,womens_strawweight,0.5538342180626983
f80948e2b2d88cf85d8f69c2,2023-05-20,0,womens_strawweight,0.3510347831847101
e14152d9d3bcd814f7a78595,2023-05-20,0,lightweight,0.37831895346758676
7a892f12809c158957f4222c,2023-05-20,0,womens_flyweight,0.12382836433214361
24d6f64dd1a9f4a00b60b172,2023-05-20,1,welterweight,0.5367614095548016
a9283fde7464f78285f35d4a,2023-05-20,1,welterweight,0.516440525480131
8d2657059b80b7d256f63ce5,2023-06-03,0,welterweight,0.4476581948206817
c47c6d03bdb49b711c50f83c,2023-06-03,0,featherweight,0.40757252246070114
fbdb0f998a41190f2e544cb6,2023-06-03,1,heavyweight,0.692180397567858
211bd8ca31ce0bf9f809f926,2023-06-03,0,bantamweight,0.571557802910597
1f74546eab5290536943b881,2023-06-03,1,bantamweight,0.4596859361553619
43dc5779bee5d6e1feaf1211,2023-06-03,1,womens_strawweight,0.5407181058902213
b53d7181f6baa5828ee82925,2023-06-03,0,lightweight,0.7578125325934548
eb35eda2f8e562604a3a6587,2023-06-03,1,lightweight,0.8494674743350659
a2548db55f411224c2090a87,2023-06-03,1,bantamweight,0.5030864627093596
810ebf65cda6f08605d0dfb4,2023-06-03,1,flyweight,0.552102296482037
ba64fa041a0a17289f7ec4aa,2023-06-03,0,womens_flyweight,0.5198004278235305
67fdbe55ae06879de2d3096b,2023-06-03,1,light_heavyweight,0.4578767376472376
e30468a3c5bcc4c5e6f074a6,2023-06-03,0,flyweight,0.3663816773654255
41b34cfef0a3c136d4b18cf6,2023-06-10,0,bantamweight,0.34804147140853564
2a7b20dea79359f48d7d2aed,2023-06-10,1,womens_bantamweight,0.7418076471475292
1f2ee3d9684f952d35509047,2023-06-10,1,lightweight,0.501224499622548
74a471c2a8c54c1c590e1255,2023-06-10,1,featherweight,0.6361088386657149
dca56b74a39286560767984d,2023-06-10,0,flyweight,0.5565624745502952
fb60c604b16810077c6dce79,2023-06-10,1,womens_strawweight,0.3602657963353219
753ef8a86a13c56c70328743,2023-06-10,1,featherweight,0.2688274159359317
bfe91c9408462da03caada04,2023-06-10,0,middleweight,0.5231267987447212
f6498a4788e114791bbae90c,2023-06-10,0,welterweight,0.3814782852069563
0830f25bd926d3257e23b2ff,2023-06-10,0,womens_flyweight,0.6695480343551263
b5479c9894d56b527aaf98e8,2023-06-17,0,lightweight,0.09447617634364636
fa8e30b594409ffd405b94c7,2023-06-17,1,middleweight,0.595252665162115
5de7511b539dc2f35627eeb4,2023-06-17,0,flyweight,0.6652860919161652
1553628079b91961f98be03a,2023-06-17,1,flyweight,0.8516792247196987
1701803460c2492f8c88e6dc,2023-06-17,0,bantamweight,0.3203635219175691
5ea10d9b2508835213a7e16b,2023-06-17,1,lightweight,0.5806490927354563
1ae6f24c34066c35e05a0ac5,2023-06-17,0,middleweight,0.6508565084401629
71155f2f38de2cef21d41ad4,2023-06-17,0,welterweight,0.4865930762189346
4afc828e854d71a980a4da1f,2023-06-17,1,featherweight,0.46425665964685325
1dc63941f97c2b53d6e7944e,2023-06-17,0,womens_flyweight,0.4885390384604068
b835ef106ba0d320989caaa9,2023-06-17,0,light_heavyweight,0.5209092066681158
9738dbbd12c022ab8c0244f4,2023-06-24,1,womens_flyweight,0.5087809314403243
26d1929d5e6faf685d9524e4,2023-06-24,0,middleweight,0.35187186821117217
02caa0904488e97a0c57821e,2023-06-24,1,middleweight,0.3981695535697326
8538c8b918b1de21ed7edfdc,2023-06-24,0,featherweight,0.4858764973746166
0c4515b1fb214c21809f0083,2023-06-24,0,featherweight,0.6516624641696495
a6a76a7a7db7da77a11b5ecc,2023-06-24,1,featherweight,0.7211372752991881
0744f58285748a8258aff8bb,2023-06-24,1,lightweight,0.4355806994493597
86089570ccc769b26795cf5c,2023-06-24,0,welterweight,0.12643595831973342
34413a75b78402855b689235,2023-06-24,1,welterweight,0.7072654631888021
d63c07a027a8bfced274a3e8,2023-06-24,0,womens_strawweight,0.5768290037307388
355dde8fa8af4f55e7903345,2023-06-24,0,lightweight,0.7252088535971549
d903ae15997c5c3259527ac9,2023-06-24,0,flyweight,0.2971551169416752
c16d37110bfde910cc00a282,2023-07-01,0,heavyweight,0.33184231214919113
f0881ed5aee329899d5dbe32,2023-07-01,0,womens_flyweight,0.6005733202752391
ff5a4b29681042b715de7dd8,2023-07-01,1,middleweight,0.4196868838201536
66a014a3d695164cadb97344,2023-07-01,1,lightweight,0.8041982787299602
5a3fafcfe8cf52b7388b69c6,2023-07-01,1,lightweight,0.5805185019960225
031c91854eac829bdf2ffa2c,2023-07-01,1,lightweight,0.36107042912108056
40db9ab26d4cae9288a4883f,2023-07-01,0,womens_flyweight,0.4897376010477965
4ce7c778f23cd1bf4546e0ec,2023-07-01,0,featherweight,0.3048950699073672
2906ec3d58e436e5228c8dff,2023-07-01,0,welterweight,0.46863551634110845
36428584824bba6898b4824a,2023-07-01,1,welterweight,0.28255194613953993
44200bfac7f2a84fa9b3c2c3,2023-07-01,1,middleweight,0.5903536166229683
f2750b184214af53cd2d9552,2023-07-01,1,womens_featherweight,0.5367473768651194
bfd5cf090725753cb73a2027,2023-07-08,1,featherweight,0.5764353368821882
b7b4f20cf8dafb6a112ac7d0,2023-07-08,0,middleweight,0.49227661215609736
8391134e7f930a916e52ef20,2023-07-08,1,flyweight,0.23975287353904545
339bc6663a7f472154266feb,2023-07-08,1,bantamweight,0.684847491639035
59f58c9c40c64fe1b8d474ff,2023-07-08,0,lightweight,0.4388893111787219
8b7bd39fd6c76d413400ef59,2023-07-08,0,light_heavyweight,0.4034110928832352
d05493e5cdd7938e02c6367f,2023-07-08,0,lightweight,0.35843424156701964
e724df897e9fa95b33128001,2023-07-08,1,welterweight,0.21846763892746807
243b01b43b4d154ee283edb4,2023-07-08,1,middleweight,0.5690711302700227
0580b939723798e97e523064,2023-07-08,1,flyweight,0.7028123087055713
3ee9d49d2883a76f0d0b3ebd,2023-07-08,1,catch_weight,0.6961360414872243
307078a8aaf55515debd7e4a,2023-07-08,0,light_heavyweight,0.5961221634506081
c040765e9cd22df2535af702,2023-07-08,1,womens_strawweight,0.3889232820488161
0e415addf4419c1bb7040995,2023-07-15,0,middleweight,0.32018329162106396
fae07c7909695a8de2670ea9,2023-07-15,1,lightweight,0.382342674019545
95d5ccbd56f49fdaea7018e3,2023-07-15,0,womens_bantamweight,0.44866314359486065
570ed242ca21c62fa3a6e0bd,2023-07-15,0,featherweight,0.4419852676658495
5fb55152ac40582efdac2338,2023-07-15,0,lightweight,0.46950992514564005
dc8c54b14e642c0f7dcc5d7f,2023-07-15,1,welterweight,0.8669369372765025
d5acd4b37d67e89519b6bd83,2023-07-15,1,lightweight,0.31833585622239957
59e240a1926ab9668d4ea114,2023-07-15,0,womens_featherweight,0.32056514148529236
20480c79595fbb7397cbcdad,2023-07-15,0,lightweight,0.3497438367458211
0504e93f7602bdaadee9e83e,2023-07-15,1,featherweight,0.5814529938214389
c66bd437648ce6c9d36fffd1,2023-07-15,0,flyweight,0.6324291845956297
aee881a6e3b66ff815a14b4e,2023-07-15,0,womens_strawweight,0.5452412415404275
37dbd1517fc350dfdb82fe5e,2023-07-22,0,lightweight,0.6904992926070422
2086564bb6d1a17b69d9594a,2023-07-22,1,welterweight,0.39988540224245533
85cc199fb2cc71d7610b426a,2023-07-22,1,bantamweight,0.329677989511639
d374ad54876bdc9ab00d188f,2023-07-22,1,flyweight,0.6825823301603056
f287ecd9b1b2b7e5886818fe,2023-07-22,1,lightweight,0.8254284431340436
5e03556ac21059d5540468b2,2023-07-22,0,womens_bantamweight,0.4080453605741744
88f4cf3ed1e8dc3bee9e78de,2023-07-22,0,featherweight,0.44792036145859243
f684f924db9762a5a24943d1,2023-07-22,1,middleweight,0.4710518033103932
07930a4698e812e3c33400df,2023-07-22,0,lightweight,0.5248946560156194
dc10ede4fff61150475f025f,2023-07-22,1,heavyweight,0.2964335342391077
1e5aadefe4f8b514331f7df1,2023-07-22,0,womens_flyweight,0.6281590157845632
be6f6a66dd1475a253d21e8f,2023-07-22,1,featherweight,0.6685574705120195
cdab172520a4c2a4e3be3200,2023-07-22,0,middleweight,0.7276985134469218
b6deee15173724b04f140ec9,2023-07-22,0,womens_strawweight,0.669821165856064
8dbb536f8d8d18684dece8d9,2023-07-22,1,heavyweight,0.6757711223863033
cf7ebf33fc2afed4809e7db8,2023-07-29,0,flyweight,0.44159592048170704
4e8cbb73bf869a8da3d7deaa,2023-07-29,0,heavyweight,0.4484696478528099
2a07f8ea0b27887c995f15a1,2023-07-29,0,lightweight,0.4625103685592223
f1f93d9da3d77601ddc068c8,2023-07-29,0,welterweight,0.7714470444441118
7cfdf3b2768432a51473f253,2023-07-29,1,welterweight,0.7774788581907047
73c5255ed61178a04a589d37,2023-07-29,0,light_heavyweight,0.42654007595992416
542062f841901da309fd39d0,2023-07-29,1,welterweight,0.43710251908302256
1441ccf352df4b05c9a83aea,2023-07-29,1,welterweight,0.6823924759944782
c7180a83d72402d7608bdceb,2023-07-29,1,womens_flyweight,0.7586001447037363
3a32c6a5cc5a1fd46bea3e47,2023-07-29,1,middleweight,0.6030939303773977
7bb394fbae44e1da0cd5bca3,2023-07-29,0,lightweight,0.23986504692819033
282fb397e104dd45c570b28a,2023-08-05,0,featherweight,0.48498464250823375
b787cf6c2fa2ed8c9e195150,2023-08-05,0,flyweight,0.3039247985538491
6560f72e1b1c9b8138574df6,2023-08-05,0,catch_weight,0.36461082753551916
f94e4cad52bf9a6b2f38df61,2023-08-05,1,featherweight,0.6421759258349
ce84563cfe04a65b5b76020c,2023-08-05,0,light_heavyweight,0.5773870368725188
0473c7065872a7d67606359f,2023-08-05,0,lightweight,0.6935936191933855
268d66a04a0a2276ada61537,2023-08-05,0,welterweight,0.605266660052758
d6ee9a0d0b602cdfb29a682a,2023-08-05,1,womens_strawweight,0.5857518855298484
d51412c5c86ef83705f9476f,2023-08-05,1,bantamweight,0.702684270459219
bb3b63715b62f6b0e4f65950,2023-08-05,1,flyweight,0.4620746343818008
358d2e14d9541e87802ef07a,2023-08-05,0,featherweight,0.4028269311549281
8a9f408c675d89c45391bc0c,2023-08-05,0,light_heavyweight,0.4332626623555236
cc0dfcba2a9a1a686e41e380,2023-08-12,0,middleweight,0.5635882320871917
21b8a0738ac50baebd05d9ac,2023-08-12,0,featherweight,0.6721510187717863
b0a0a0e4e665e9f2ee272956,2023-08-12,0,bantamweight,0.35489203826866234
56c51c3acfc72d7fc859ad42,2023-08-12,1,featherweight,0.35016471614229416
f83ebe6bf664c143f114ee24,2023-08-12,0,womens_strawweight,0.5063602341666692
cae33a4c01f60ea5bc1c2a9a,2023-08-12,0,middleweight,0.3945483273944674
d7b541461594eecc66b90080,2023-08-12,1,heavyweight,0.5562702137957068
21dc27ee66f98446e047ad70,2023-08-12,1,bantamweight,0.6428678035677665
6f0ec3612994e967fb90e063,2023-08-12,0,womens_flyweight,0.4547111771220356
e18d45083a7c265a8622e262,2023-08-12,0,light_heavyweight,0.7128263294811464
c9c58ef3f78b8a1983f75960,2023-08-12,1,womens_strawweight,0.4564835907496702
a6d4278c3e85ccf981d560d7,2023-08-12,1,lightweight,0.7480837748295844
fe4d9885f4576d7ab9015c10,2023-08-12,0,welterweight,0.36492981427905774
471c5569daaa1a004351935d,2023-08-19,0,bantamweight,0.5742431200404328
0b46edbdd82ecaaa8339d80a,2023-08-19,0,middleweight,0.3910159377944527
34b4caec2c3e9c8cc351c602,2023-08-19,1,womens_flyweight,0.702517645467631
2defed33fd46d631e90ba986,2023-08-19,0,bantamweight,0.400320321751737
e1c4b3bb77a1f665d7e9edb8,2023-08-19,1,middleweight,0.45648635295594464
f77e8217af476c8d76c17de8,2023-08-19,1,bantamweight,0.6241696633553256
5e2db79a3a1ad7fa4a047658,2023-08-19,0,middleweight,0.3211046646343378
6146e55c7547bad0f4598567,2023-08-19,1,womens_flyweight,0.6011563440456186
44a0ede1f5c3febcd8158c1b,2023-08-19,1,lightweight,0.22242177381832698
6a9d8431526f7e7ae3505c22,2023-08-19,0,bantamweight,0.34071669724164144
f59c117ae7cabc52d4b52159,2023-08-19,0,welterweight,0.6022356821227127
acbef5f5bc43c180f987011c,2023-08-19,0,womens_strawweight,0.47533333158418506
46011dba71434bf36e3c4864,2023-08-26,0,light_heavyweight,0.5889062483083752
7a36e5dab09fb0e3a32fff3f,2023-08-26,1,welterweight,0.5632993944869744
bff6b688a0748a0496dde666,2023-08-26,1,middleweight,0.563346925440192
31b7a66eb42b8c36524c3ab3,2023-08-26,1,womens_flyweight,0.6625071537128421
dd4024c9c91e5afd2d978e95,2023-08-26,1,featherweight,0.5113937373913461
f0e0f24c2d6eded73e540e2d,2023-08-26,1,heavyweight,0.7027235626477656
f3ff547fc056f0ae57dcdd5c,2023-08-26,1,womens_flyweight,0.7985808082392666
afe662b987c151d703cd1acb,2023-08-26,1,featherweight,0.659847090766677
ac6f2e63fe39b2f0a273ae19,2023-08-26,1,bantamweight,0.3331296187016489
baae93ffbdc1bf0262cee6e1,2023-08-26,1,featherweight,0.5318860171819678
99ab297a031513ce93f1576f,2023-08-26,1,welterweight,0.23249446406296734
32ae1bb3fc496ea9626ce862,2023-08-26,1,bantamweight,0.677042382281869
1fe545c4e1dfc5237a9e4748,2023-08-26,0,heavyweight,0.3986838113390893
ffa7455c3e5ede174ad4112d,2023-09-02,1,welterweight,0.4988580970421239
6d0f7ada6c998fb0eaf089de,2023-09-02,0,lightweight,0.5095473898450659
fd33be38cb0d1d4d0f6bca6f,2023-09-02,1,heavyweight,0.7518940034820913
6bd93fadde24f7c7a79345fe,2023-09-02,0,bantamweight,0.36314766776430124
65293a8e2961fadaeef4cf65,2023-09-02,1,womens_flyweight,0.33799545906873
2d1078d0507597c4e604903a,2023-09-02,0,featherweight,0.4692725399675774
a4d79f54aeee4768f37396e2,2023-09-02,0,womens_bantamweight,0.6325191382638538
44fbb5a2110d15b720a9751d,2023-09-02,1,bantamweight,0.6253277009561667
555e57ac84583be4ae725a15,2023-09-02,1,light_heavyweight,0.7804947082193432
21efe4021b701a3f681a8c10,2023-09-02,0,featherweight,0.24923352285343403
6e1227e9009e6929393b1fee,2023-09-02,1,catch_weight,0.5481494529243736
011b9746ab115630dd02c0fb,2023-09-09,0,welterweight,0.5123363255556064
b21089f4d62b3730b34a4346,2023-09-09,0,light_heavyweight,0.29915356663714965
1b6d13bce1996a9787f00657,2023-09-09,0,middleweight,0.5862310368633346
b2b23742f60158de1d1c5c14,2023-09-09,1,featherweight,0.4981305840967238
b8118cbf106d813928e0b82a,2023-09-09,0,lightweight,0.24766311455884332
27e9d3412a74a9570b14c3f3,2023-09-09,1,heavyweight,0.5651108968080619
16064fb85fa34316d72d9e6c,2023-09-09,0,welterweight,0.4683229197213831
f84f38efd0c68a4d11911324,2023-09-09,0,flyweight,0.2748547081378853
a0cc78d39dbec7a5ce6e1bd4,2023-09-09,0,lightweight,0.31567781771014614
ed8e3c472972a277f73c443c,2023-09-09,1,featherweight,0.27186105942803607
b04e6f3b3710a8911531f136,2023-09-09,1,heavyweight,0.7407132176047733
16cede3f450ae715871ef8c3,2023-09-09,1,light_heavyweight,0.395742323457389
ead4ef0da3ceb9dbd827dd4b,2023-09-16,0,lightweight,0.4096871944365778
c8cfe9c5b42f5b7ceda34093,2023-09-16,1,lightweight,0.26614939085991995
f0c6e7a442001e286c22093f,2023-09-16,0,featherweight,0.4586801619636239
eaa1d742167744bbb2317e5f,2023-09-16,1,womens_strawweight,0.4863752013937472
399469f15d7034c6b5c5aa4c,2023-09-16,1,welterweight,0.48092845553740293
2d4c42ccd0419f0034998f5b,2023-09-16,1,womens_strawweight,0.6703916837781461
8e05c99e0cfb203d446ab29e,2023-09-16,0,bantamweight,0.46253671232054233
281de41fa325e8017e097798,2023-09-16,0,middleweight,0.3404495202457617
568b5c62f6997dbaa49f2d78,2023-09-16,0,womens_flyweight,0.42987367709116264
a8d577f3a15db8e801f72cab,2023-09-23,1,welterweight,0.501417310095035
cd56e5717d0aecb3365e555b,2023-09-23,1,featherweight,0.5463045285327209
978e40854ce586ab5015d89f,2023-09-23,0,middleweight,0.6435014416605773
e705c6274e273eb488346925,2023-09-23,1,womens_strawweight,0.5361948426739286
5f67fcb6ff0330a07c25670c,2023-09-23,0,womens_strawweight,0.35949573443481186
534e4ba8dcf5d6b12163bd43,2023-09-23,1,heavyweight,0.495754907988064
ef95cdf14de0f6f13da1c922,2023-09-23,1,lightweight,0.6816878964615074
23bb45e27781d3fef56a8d5c,2023-09-23,1,featherweight,0.5725997049487322
abd474deac0d6aaec693b319,2023-09-23,0,womens_bantamweight,0.40715093761980675
afad3865935211f104c76cb6,2023-09-23,0,welterweight,0.28912827703737654
24613e52b4d9b4373f4e4226,2023-10-07,1,welterweight,0.4824571355424112
e808ac354fb383fa280dda7a,2023-10-07,1,featherweight,0.40577914725538194
c2fc0ceaf543ba31b0c8a9dd,2023-10-07,1,bantamweight,0.4172579263983313
1e86a983200de4386d6df19e,2023-10-07,0,lightweight,0.29958331113483444
80a2c51a131f7e11f83c99c2,2023-10-07,1,lightweight,0.22103576100029185
b0fd3639ae3acd8f3c7f83a6,2023-10-07,0,middleweight,0.2930434669359602
fe10b939cf29ddef67d106d5,2023-10-07,1,womens_strawweight,0.5158927041934037
da52ce077dfbc710eeee7d80,2023-10-07,1,womens_flyweight,0.5759184352490742
5d96dab1b32c072c721a3140,2023-10-07,0,flyweight,0.43806594955272565
3b2b6f588f233752d4106bfe,2023-10-07,0,womens_strawweight,0.59209000528137
af737fed0b9b7d7e97b45800,2023-10-14,1,middleweight,0.5421459517664505
fe5a4702ff9ab44d8fd9a270,2023-10-14,1,womens_strawweight,0.5014178607832488
9f46ec6a1c5898a3f4218fa9,2023-10-14,1,bantamweight,0.6641504805744894
bc494225f9e8733daace3b08,2023-10-14,0,bantamweight,0.48086279641119084
f9055a3cf35dd1b47246db50,2023-10-14,0,featherweight,0.6882299041604122
d140971eb1e02bcc7e160759,2023-10-14,0,womens_bantamweight,0.6813898011297546
846b585d86cb8c9a7c662345,2023-10-14,0,womens_flyweight,0.5510523904100553
71152a346f5435274991f699,2023-10-14,1,bantamweight,0.7072022194853592
a60d64e4d57ac341a707429b,2023-10-14,0,featherweight,0.7948633614585895
e9b3649cbac6fea997127d09,2023-10-14,1,womens_bantamweight,0.6486515216133497
6eb8e73eeedd0a4d4f090e59,2023-10-14,1,lightweight,0.7925514815503775
daa19bc1073e4de488b93099,2023-10-21,0,middleweight,0.20430014454171397
bd5197ce9e21f062e91cfdcc,2023-10-21,0,middleweight,0.44339057297045303
29ca6c04a5121ff6b3aead16,2023-10-21,0,lightweight,0.3675138571275727
53f58a616f1f98162f59d9a1,2023-10-21,0,middleweight,0.5347552323165843
259473adab67fa6d9c216e30,2023-10-21,0,lightweight,0.7028036569232496
e7ce0cf4e2292cc04f227813,2023-10-21,0,lightweight,0.3951492755413463
a12daf4c80637768db6e3c5a,2023-10-21,1,featherweight,0.3191383553920226
28eb240747f515de3836fdbf,2023-10-21,1,bantamweight,0.6169094633769118
f0516b939f36ebafdf81ca17,2023-10-21,1,middleweight,0.3396891455361212
62d3a5771d6b10f0089a8f81,2023-10-21,0,flyweight,0.3906594006288441
757ba2eafdc177b61032db32,2023-10-21,0,womens_strawweight,0.3028125422157599
04563713f288927086d00dc8,2023-11-04,0,womens_strawweight,0.30731953181797195
4dc323525ec4fe6a1902471c,2023-11-04,0,middleweight,0.27039775706400915
7a0160ef91b1c3b2e386696c,2023-11-04,0,womens_strawweight,0.21573939057070823
63065d8129b0cd4edb422521,2023-11-04,1,catch_weight,0.6045262876983313
1c5a8fa50a02c5f7237e7096,2023-11-04,1,welterweight,0.4620453169971519
74447d459909b91d8cbc210f,2023-11-04,1,heavyweight,0.6099035404947521
c7d24b653dac82db9b54ce3f,2023-11-04,0,lightweight,0.29410120364663844
df9a143b6b0fd7913bb8edfc,2023-11-04,0,heavyweight,0.38935558654352687
de2c9e0a9b1e5ca7f500117c,2023-11-04,0,light_heavyweight,0.4110566785588405
d15dd8dad27d3ee24d69ac60,2023-11-11,1,featherweight,0.5191689290031308
afa38907d741913db5a7be3e,2023-11-11,0,featherweight,0.5265506780969678
8a2b05dae46c16a168a3e654,2023-11-11,0,lightweight,0.34560560210009894
496a2700b89769900984608d,2023-11-11,1,womens_strawweight,0.7256683931781966
8d6e2b7b8b22ac6ba0a22969,2023-11-11,0,light_heavyweight,0.45990069281102414
e8561543ae98872e901f6879,2023-11-11,1,catch_weight,0.3323255146943111
833524b44b22bd3208f2fbd3,2023-11-11,1,flyweight,0.6375265530165588
d20739f6f7bd77ea12be13e0,2023-11-11,0,lightweight,0.3252219833955234
144baece3f6aa1688e288975,2023-11-11,0,lightweight,0.3394468151305493
e7b64eb7fc4775216b389738,2023-11-11,1,heavyweight,0.42231461055170155
177541d6f63823d585239290,2023-11-11,0,flyweight,0.5515220510534024
f41b81824fdcc42b9e4d0405,2023-11-11,0,womens_strawweight,0.4942407267445637
f2df0f0bae9607c1cf534447,2023-11-18,1,middleweight,0.7692126921224525
d364f1a7af8353a6a5bb476f,2023-11-18,0,bantamweight,0.5623419939037706
00e7ffbaf4344527093873a4,2023-11-18,1,flyweight,0.5183947403364919
459984a71320f6181b1f6a92,2023-11-18,0,lightweight,0.5293817362985495
cac245615a9748a0186e36ce,2023-11-18,0,middleweight,0.4360347362078255
8e520f2d4e402e4c08eac42a,2023-11-18,0,featherweight,0.6643445202836723
19a60d3bb692f7fab1aa0998,2023-11-18,1,featherweight,0.27302565820702773
5d678692a9535ae7a7113d36,2023-11-18,1,womens_strawweight,0.7006348810243179
e5dbe1f65469011be90331f1,2023-11-18,0,womens_bantamweight,0.31137517749561067
0814c6241270848832ee1c95,2023-11-18,1,welterweight,0.3274929068707842
d7d1847897d6db266f12f753,2023-11-18,1,heavyweight,0.7433454642864331
ded733c1abeb30eef94d0f74,2023-11-18,0,bantamweight,0.486737198737403
d8489abaf1802fa3a1021b7f,2023-11-18,0,welterweight,0.7159044667152682
3244052f0a3815145fdd8188,2023-12-02,1,lightweight,0.7066630415273095
29c71d1b4084e31abd61e31c,2023-12-02,1,lightweight,0.5600035638901371
266fe16c8f3e3b75a7f4c4a3,2023-12-02,1,lightweight,0.21631234996651277
577f775be78964896ac1a903,2023-12-02,1,lightweight,0.48614754979055297
aa55d74034f3a3481fb4d6d8,2023-12-02,0,womens_bantamweight,0.5899037189429946
6a65ab2dbc5dee6257dc9595,2023-12-02,0,middleweight,0.5579510578733281
ae90c163fbadc8e692614a68,2023-12-02,1,bantamweight,0.5714643274984939
d9ba19f4c35501b7970cbdd2,2023-12-02,0,light_heavyweight,0.6163736922628891
485be0671ebd8c05327115aa,2023-12-02,0,welterweight,0.30657110716963487
d0150e31146bd1f6c53d9109,2023-12-02,1,womens_flyweight,0.515567519546097
71220001b252fdbf72418ec3,2023-12-02,0,welterweight,0.6307105249654013
9fc28e3dc009b827883edd97,2023-12-02,0,middleweight,0.3671088881926429
aef3796599ba902b135e1a2e,2023-12-09,1,light_heavyweight,0.26355051063856977
5b76e797c4ffb48b61410c9d,2023-12-09,1,flyweight,0.8772097367184724
1466c10bcdb2f1b0a1352dec,2023-12-09,1,middleweight,0.5364411050775404
55082c328945d276153798e0,2023-12-09,0,womens_bantamweight,0.35748962409511187
0a60ebc269e85bff31e989ed,2023-12-09,1,lightweight,0.466020734382042
23ae5ee3a2a189aeb6fad511,2023-12-09,0,womens_strawweight,0.4863752013937472
aaea90999d2c2c9ef107ce94,2023-12-09,1,welterweight,0.35779581577309044
e4f499527d31d66c982fd653,2023-12-09,1,bantamweight,0.6218182524082677
1717f90d2160832604d7a78d,2023-12-09,1,lightweight,0.41866656402684443
adb8d33c46026c9bd9e6fbca,2023-12-09,0,flyweight,0.2460805462691926
f02ef45176d4af0219dabfa5,2023-12-09,1,bantamweight,0.32792623327992937
280a428b31e2aef693a0f9f4,2023-12-16,0,flyweight,0.46988847570436154
d3365e6d3be6de5629a2c7a8,2023-12-16,0,light_heavyweight,0.5682904170884957
d577b5cf3001b917a08711f8,2023-12-16,0,featherweight,0.23756599377843843
39fc49a6ebd402e80c2483c6,2023-12-16,1,womens_flyweight,0.34364578902097664
1330b89f70ea839717128850,2023-12-16,0,bantamweight,0.28456772542163733
058ef2585a4f17f0e5ad91cf,2023-12-16,1,womens_bantamweight,0.5323018275445062
f34bd1f41290f9fed4eb494a,2023-12-16,0,featherweight,0.7161025293537219
687a5fbe17d8dbd9d362aad4,2023-12-16,0,welterweight,0.2172756559765759
bb649a9711cf49795b3c4110,2023-12-16,1,heavyweight,0.2632891787961898
8b6069a7a68e296dabf0a2b7,2023-12-16,1,welterweight,0.8396736238303887
0248f733a0a79ce27869d3bb,2023-12-16,1,flyweight,0.42248789727719366
ebe757e2d75707e5c685fa5c,2023-12-16,1,lightweight,0.5055653848751065
350855927478bdd1e949d40c,2024-01-13,1,heavyweight,0.7686771355266803
3429305b9c7c09859dea585b,2024-01-13,1,bantamweight,0.40164756115686
3a6a6b413fb74d30cc7ca422,2024-01-13,0,lightweight,0.4290933397847077
428a69abf162f2b9b7b4fc5d,2024-01-13,1,flyweight,0.6618733294781212
25198c09b99dc5ef33baad00,2024-01-13,0,light_heavyweight,0.42704881203246636
4a93776243956f8fbb398bfd,2024-01-13,1,bantamweight,0.5999350942855153
406ffce8282d87e7c9405a2e,2024-01-13,1,welterweight,0.4050288614466871
811e412052d3c3ce36862e6e,2024-01-13,0,lightweight,0.6463124762107048
8cc7da19086c6ed2e0367e37,2024-01-13,0,middleweight,0.5634012396153225
8fe948f0238e3128d28de6c2,2024-01-13,1,bantamweight,0.42822260199930073
5d13c41cb62ff0921715726b,2024-01-13,0,featherweight,0.29755262416108275
b7feb4f5c53ec81135796ed1,2024-01-20,0,featherweight,0.48156100742866836
19f5549fd17592807a27b146,2024-01-20,1,bantamweight,0.565989548897185
89c2b506cd80a961358c0aa7,2024-01-20,0,featherweight,0.6471105703043902
2cfc07cf6675811da4dccda6,2024-01-20,0,middleweight,0.42482980053171165
dc907d383820e288b4e21f7a,2024-01-20,0,womens_strawweight,0.42099910290006576
381492d3d739b74de7beeaf8,2024-01-20,0,womens_bantamweight,0.2626391674636013
1885c2392f3fc4e13cca8970,2024-01-20,1,flyweight,0.310589976801862
d03ee612207eed674bede235,2024-01-20,1,welterweight,0.5578025380512344
b714ef8d91fff6b78df25c03,2024-01-20,1,womens_bantamweight,0.672377225058224
8101ef269b3e43cfcb139bb0,2024-01-20,1,middleweight,0.6194052040193273
cfab9e2259fc0aaa894fea97,2024-01-20,0,bantamweight,0.43181054030415733
c5a68290631162d0cceb4de3,2024-01-20,0,welterweight,0.6815668872038394
585b9503d7555c070c210fc6,2024-02-03,1,flyweight,0.5599383253476148
cdc0b8fe8eb1f4398afe4cc1,2024-02-03,0,welterweight,0.5961022031241132
cccf589a0c312106aced03f1,2024-02-03,1,featherweight,0.515729326721016
124fdf48a7e58167e2406acb,2024-02-03,0,lightweight,0.6461864413388584
c1f1986c9747f9c480a9e997,2024-02-03,1,womens_flyweight,0.6113138204211964
130b5f385e434a6ead40c900,2024-02-03,0,womens_strawweight,0.5629532709901787
68a976bdb4c4755bf10643db,2024-02-03,1,welterweight,0.6706006953496072
eff5e97ace834c6b6a4814ac,2024-02-03,0,lightweight,0.42271858413799107
83bf424cee3106fb1c1d003d,2024-02-03,0,middleweight,0.403543460169719
6b6316141f41f8571d3e4388,2024-02-03,0,welterweight,0.35396297627501166
06ebbfece8ed6f916f1b9909,2024-02-03,0,heavyweight,0.43008687853788535
5cab68e112cbb2a3111df0ad,2024-02-03,0,womens_flyweight,0.3490871068850825
85b8c9276ba604cad81ebac2,2024-02-10,0,lightweight,0.43181054030415733
65d8d6420f1e0a4aa05a178e,2024-02-10,1,middleweight,0.4267749831043371
13eedeaf133943571e8e2adc,2024-02-10,0,featherweight,0.32971586053137086
19838dda64baf51b952b953c,2024-02-10,1,light_heavyweight,0.3970903565963922
c4b6f3ca9c43308740153a7a,2024-02-10,1,featherweight,0.38568534834427165
989b72f7d9fce65b937a2210,2024-02-10,0,middleweight,0.48794948936467375
a289673832251cad582de635,2024-02-10,1,womens_strawweight,0.6709037790069737
ea3d25224fa0cf859531451b,2024-02-10,1,welterweight,0.4160864364101199
f7537c194a0a6dedbc510eba,2024-02-10,0,lightweight,0.7387524034920662
d7d8b7e2b293904ac1b5bb78,2024-02-10,1,middleweight,0.5011684591226815
598ce164fdf6415d56e7b795,2024-02-10,1,middleweight,0.3862873500942161
df6544316c136ebbbcf87b85,2024-02-10,0,welterweight,0.5803172079877311
4dc722c27e4030e3d16b4ca4,2024-02-10,1,light_heavyweight,0.3295765518775988
d7234fe2bf746ee2cf907640,2024-02-17,1,featherweight,0.5805236202787991
3d95040539382b0778d86880,2024-02-17,0,womens_strawweight,0.6122077548285048
0859c039546455918d4e00a0,2024-02-17,1,womens_flyweight,0.5430856554227458
8cf95c9b6a93f3379fba3bae,2024-02-17,0,middleweight,0.4562584932091928
91d92f1b9028820948735ff2,2024-02-17,1,welterweight,0.6123831984275655
1f1e004761793697bfdb3d25,2024-02-17,0,welterweight,0.3757192293214324
bd35b700e291f4438a1ed771,2024-02-17,1,heavyweight,0.3259336708402993
75d36ecf8a8355375bbfeb39,2024-02-17,1,bantamweight,0.7564112668593598
c54d754afa6119eaf55ba682,2024-02-17,0,welterweight,0.18953195713657423
9c356ca4e2c4a13e56153ea6,2024-02-17,0,bantamweight,0.24083516382212394
beebd8ffc5c9b908e7bffd97,2024-02-17,1,middleweight,0.585149526684951
a4563fbab7ae7cde62a6e539,2024-02-17,1,light_heavyweight,0.4387309116946713
c64700ee2cdf4b4f8a2a3263,2024-02-24,0,flyweight,0.7205851752196355
209209db725130787eba0ee0,2024-02-24,1,lightweight,0.5606117680246839
89ef0f8da85fc4f1f608a06a,2024-02-24,1,bantamweight,0.6055160079164656
7595efdbddc1226c02f629f3,2024-02-24,1,lightweight,0.5351062115890836
a58a8dd2b764d7c4cab9ab8b,2024-02-24,1,flyweight,0.5876065632132761
984871628d68f0d92bd4ef99,2024-02-24,0,featherweight,0.29671526880515475
f7770d17020ec11ef8b11097,2024-02-24,1,flyweight,0.42296851418048725
042a708e7b9fa3844e0e11d6,2024-02-24,0,lightweight,0.6521297283597207
4c3292e39be0121f3ea756dc,2024-02-24,0,flyweight,0.4747988787341636
a92624583dd834ec8eb0b001,2024-02-24,0,flyweight,0.5666951474228792
044f7e8edbbc1ee181fc4391,2024-02-24,0,featherweight,0.6473247623029182
3b255e4692d41230aa1120e1,2024-02-24,1,womens_strawweight,0.35191520670057796
2a399975bd1e1b0dd0a23723,2024-03-02,0,lightweight,0.3347824837586794
f221e836ceb8c4fade1a00bf,2024-03-02,1,bantamweight,0.3888938347451185
5241c9c4ed74e9f71dec32a6,2024-03-02,1,flyweight,0.5615821973355614
8b878472b607640f653aabf8,2024-03-02,0,middleweight,0.3652616016752941
b8ab408b0ad3705153c60d6a,2024-03-02,0,middleweight,0.4414706497310736
462aef659d2f1c9db0a805c7,2024-03-02,1,heavyweight,0.34022691438139446
f6e2ffe4c9ca47e91797a8a2,2024-03-02,0,lightweight,0.23583187377092685
f975335e1c3c676390ad01b8,2024-03-02,1,flyweight,0.6246105412319742
a5ac42ab85f1ef67611fe071,2024-03-02,1,bantamweight,0.8924744316873677
95e0c040d06438ee57ea9376,2024-03-02,0,bantamweight,0.5931184171207634
63de167ce405377f2aba39c8,2024-03-02,0,light_heavyweight,0.31808614590851153
767e0cd4fd92f89fa41fb0e6,2024-03-09,1,flyweight,0.6765092026456064
941a479df441789cc3533fb8,2024-03-09,0,heavyweight,0.4504314729797688
3bad79d24f4c8195f5e17845,2024-03-09,1,lightweight,0.445179978013683
bdcfbf088a7d3f37af559860,2024-03-09,1,welterweight,0.712113455200376
46bace0825d59702c71e7f9b,2024-03-09,0,light_heavyweight,0.586773688368726
a0db913c10b186b2f2ee92b0,2024-03-09,0,womens_flyweight,0.5071826738101289
774a7e588c92b3603e13fb0e,2024-03-09,1,womens_flyweight,0.518132383007961
58d4e6da9340c1453dd0eaae,2024-03-09,1,welterweight,0.1580528194100021
b17b04c1d8f0105c850933f0,2024-03-09,0,lightweight,0.14716980293924053
e1e51b91402d9d330f72e381,2024-03-09,1,middleweight,0.7244452207092321
29acf84fdc389a3d05e38869,2024-03-09,0,bantamweight,0.30231251633812656
6500ffecb08cd5920b6bb95a,2024-03-09,0,bantamweight,0.5803152815053092
ecc485a069e20e0452aa83f8,2024-03-09,0,heavyweight,0.4147175164687147
8d28cf9448610499fb45e428,2024-03-09,0,bantamweight,0.35674716626158853
1c78c76a645637092d543c74,2024-03-16,1,bantamweight,0.4069396086096995
2975ba8effb59bf63f531ccf,2024-03-16,1,featherweight,0.37080420153402704
2c547056bb11b7e5cf58a477,2024-03-16,1,middleweight,0.4864744702111805
cd990f7b7b3c638cf7fb4af1,2024-03-16,1,flyweight,0.580995623945012
2701e3a1ca5507745c3e167a,2024-03-16,0,womens_strawweight,0.3642606290312081
7b8f73546b25caae9d8e0963,2024-03-16,0,featherweight,0.5834185084433641
572aef4284a35d97b7e5b806,2024-03-16,1,womens_bantamweight,0.3378524794899088
d30caf84e805ba31ea467699,2024-03-16,0,lightweight,0.4759279968011014
50d49221d2d8e912a0449b06,2024-03-16,0,light_heavyweight,0.8030165722418745
1ede5ade9dccb1619dcef669,2024-03-16,0,womens_bantamweight,0.47269137779672543
35d276b0d655b5762a4adfa2,2024-03-16,1,heavyweight,0.588155167433429
0a9b856652e4e6e97855080b,2024-03-16,1,lightweight,0.5884683790570652
a64c19e40b1495a3c1956bbb,2024-03-23,0,womens_flyweight,0.3541406285188314
5cdaf1aa145a0b5f1417f8a9,2024-03-23,0,featherweight,0.46503246935058157
ffd41253362852c43cf12750,2024-03-23,0,middleweight,0.32236999545011114
a22b995a041336cd2e7b1b71,2024-03-23,1,featherweight,0.512257420196343
8e06fccd7bb02182d006203e,2024-03-23,1,flyweight,0.43181054030415733
faf2cb29b1f6abbd8713bb97,2024-03-23,1,featherweight,0.45255698907728953
b48bb5914daa78dc914fc244,2024-03-23,0,heavyweight,0.32792671356286157
2d258da0acd9ef5e460e76cc,2024-03-23,1,lightweight,0.4108821849081278
9df5f995b3d922bcb3086b07,2024-03-23,1,bantamweight,0.8807608465311256
45b6c75025a22a83394120db,2024-03-23,0,heavyweight,0.35406608453441374
fd45d43912f2632e09d27c20,2024-03-23,1,womens_bantamweight,0.40753641396887397
071ec632559eee88583d16b0,2024-03-23,0,bantamweight,0.47452604469715254
da9b12ab4d26fdc65b8ea77a,2024-03-23,1,featherweight,0.3509719418710165
8f4cffa9eab92b6b02b0d908,2024-03-30,1,middleweight,0.4495855430214235
597cf1aa8126498a52c75a08,2024-03-30,1,bantamweight,0.5809966199121284
806b9b05325b02e265c3a0fd,2024-03-30,0,featherweight,0.581967549823408
c9a059ab5fe63b169ad893f5,2024-03-30,1,welterweight,0.4661912033440759
c42216542c36faee591ca558,2024-03-30,0,middleweight,0.5956992982715001
1165451188dbec47a064b95c,2024-03-30,0,featherweight,0.4694304633128411
dd594ad901b92c946c85ba83,2024-03-30,0,womens_flyweight,0.5958183346246056
bfe4cbeeec90491f6582a54c,2024-03-30,0,light_heavyweight,0.45518383827939746
eb04b76ac189631bafe863ef,2024-03-30,1,featherweight,0.8165994934309371
390a29759a09a018f278d78e,2024-03-30,0,featherweight,0.5247890814387854
8e19439b96eaeed402465002,2024-03-30,0,middleweight,0.3932219708395471
dde5cb51c199688c1b7fbf18,2024-03-30,1,welterweight,0.3948165998055173
66b4a5d77d71117aeeb34de4,2024-03-30,0,womens_strawweight,0.6257170484112328
11fb6fbb886f244ae864e58a,2024-04-06,1,featherweight,0.45744216182347225
8231f0e6b0b5bafc0c8468e8,2024-04-06,0,middleweight,0.2653860351261086
f2db18a4c054f0e037b11cc2,2024-04-06,1,welterweight,0.6538089718750248
71daf3f66499f6c8d84b8ff1,2024-04-06,0,bantamweight,0.5766025576456176
74a163474a8c0f8e7e0f8528,2024-04-06,1,middleweight,0.4256625211046746
75905fdb791eefe74e05107b,2024-04-06,1,lightweight,0.7268226889832392
736a7a3bbb975eced403288a,2024-04-06,1,womens_bantamweight,0.4950933253605187
87408b8645e7a31b6cdbbf32,2024-04-06,1,featherweight,0.5607447183223331
4ab9a0d319271e6464c41d4f,2024-04-06,1,womens_bantamweight,0.5738409827883816
741737d64bcf1c7e2c9ab9a2,2024-04-06,1,bantamweight,0.43181054030415733
44b8b16421d3b8ca5e361743,2024-04-06,0,lightweight,0.411808725502809
fdb4e67476bc87811762511d,2024-04-06,0,heavyweight,0.3572889362887439
3300093a48a6b6f70a6dad94,2024-04-13,0,light_heavyweight,0.4450660298149333
f85198c6c82c7c5676cc1a84,2024-04-13,0,middleweight,0.38743682792461354
37e234e374031c4a9c10e43c,2024-04-13,1,featherweight,0.6743777818548411
564ed9d5df5aa5baa575e591,2024-04-13,0,lightweight,0.3544682352953817
03a849ee698f35fb17c1933b,2024-04-13,1,bantamweight,0.6304851557033122
7632d2c23612af5ce3d9a2f6,2024-04-13,1,womens_bantamweight,0.19085332204755232
147d563a5f53508a72a20873,2024-04-13,0,lightweight,0.5244662065580025
032c8104a460ad869376a130,2024-04-13,0,womens_strawweight,0.40657380606148474
a78f5cc79c971a495b411642,2024-04-13,0,light_heavyweight,0.41041107206864696
8600ede511999d9adc3c9975,2024-04-13,0,lightweight,0.4033411625243374
40ac2f53071b5de0836100e9,2024-04-13,1,lightweight,0.7177868793343866
3a1837e0a4820197bb51c85f,2024-04-13,0,featherweight,0.5118076123239739
0dc452084d23dc74076732ad,2024-04-13,1,womens_strawweight,0.6453835067874083
7b58877ab5e4d6cf85d3afdb,2024-04-27,0,womens_flyweight,0.37108127949298253
19df3fa9de41e66929ab88fa,2024-04-27,1,heavyweight,0.512080801650504
0d17deee4e12367f002ba9a2,2024-04-27,0,lightweight,0.5081244960366902
8d17aae9a953ca23b2144a12,2024-04-27,0,heavyweight,0.45029505925167307
9d1e1ee7b226466bb2c175ce,2024-04-27,1,lightweight,0.3512394025747986
03670cc90ed626c90836de43,2024-04-27,1,womens_flyweight,0.6297768054971555
53a27e69fc6fc4de042616c0,2024-04-27,1,lightweight,0.43181054030415733
e485c72f59f5947e989b064f,2024-04-27,0,featherweight,0.700563303212243
6a21e75bc72a71c8587b87c5,2024-04-27,0,womens_strawweight,0.3014451597733381
1d88a0c36a95acc86682e411,2024-04-27,0,flyweight,0.5293682995689901
f070085973f94e62645c20b9,2024-04-27,0,bantamweight,0.5315062926570052
181283d8443a6c33cb21c79c,2024-04-27,1,light_heavyweight,0.22850151527616439
c674910dad3e5790a28e8502,2024-04-27,1,welterweight,0.5900455339502603
4018cfaeb2593cc98fcf7a7b,2024-05-04,1,flyweight,0.6458794492323274
75f967a01638fa466a040663,2024-05-04,1,flyweight,0.5286964390990995
048e951737120ee49478ad81,2024-05-04,1,light_heavyweight,0.5463539453743418
22bf9f5adbf622b55d1f0d16,2024-05-04,0,womens_flyweight,0.4307685426314865
707d69a949880d2954a5183a,2024-05-04,1,lightweight,0.6004999984729101
40f2eca8b202a382e83a86ee,2024-05-04,0,lightweight,0.5430817864594909
f074dc7df2dadf7cfac1fda3,2024-05-04,0,featherweight,0.6005277984598973
d967e5ba34cb3ff8d9a4adb4,2024-05-04,1,lightweight,0.6517535321520241
e05a5a9e9719ca88d645516c,2024-05-04,0,bantamweight,0.7510495603864391
94bd5ed15286e8e4cc120e52,2024-05-04,1,womens_strawweight,0.36127362574165667
39cffcac3e882d98203f7dbc,2024-05-04,0,lightweight,0.7238792790622001
1c69f516d3ff75bcc6377c47,2024-05-04,1,middleweight,0.688352070839271
e9311178ebb944a7fc6aca37,2024-05-04,0,middleweight,0.3509703176518056
5961c213c10f64edc3e88f9f,2024-05-11,0,featherweight,0.37472708059020043
dcb8007781e8317ca6a6c80b,2024-05-11,0,light_heavyweight,0.32814413265416503
67958e9303cb81656c149b1d,2024-05-11,0,welterweight,0.32342282232621106
1a80a39cf42c05f59642a74d,2024-05-11,1,flyweight,0.5900409967659879
7621b21075c5e1917732c005,2024-05-11,1,lightweight,0.5057936986650429
7a09d0a6adda8ef213536caf,2024-05-11,1,heavyweight,0.33387908641644465
2418c947db415559ec8fb353,2024-05-11,1,lightweight,0.22817050782735204
a79c545c27deb304d7edfd56,2024-05-11,1,womens_flyweight,0.35398659609249505
f511fbf1cacfba820f4106fb,2024-05-11,1,welterweight,0.4874384643054463
04e190387cb56de161ad5390,2024-05-11,0,womens_strawweight,0.3531621953911621
49c439cfc0b0097ddf5a2828,2024-05-11,1,lightweight,0.38360069150915926
d9449a6730d848570ee311a9,2024-05-11,1,heavyweight,0.5876556110814812
a8bed7a2d2d40766423dceb9,2024-05-18,1,middleweight,0.5942823623491036
db2e4374a49ab25f5ec0dc0a,2024-05-18,0,bantamweight,0.26564241949390927
3be1164cabf2e5d45f3c45b5,2024-05-18,1,bantamweight,0.5017496177567857
3fd54e9fa93e640c3802e176,2024-05-18,1,featherweight,0.7780408386989313
d535daa86964c2b555e0dca5,2024-05-18,1,welterweight,0.4714515613171482
58732931566ff8038d67e1ae,2024-05-18,1,womens_strawweight,0.44993565606433966
07ce5e11ec24372dce1eade0,2024-05-18,0,light_heavyweight,0.4114971953519881
d8dea5c6d18a01f239c500fc,2024-05-18,1,womens_strawweight,0.357154848844602
c20d7e2d4ccac0647c485cea,2024-05-18,1,womens_bantamweight,0.561264118435081
dc832abfc5a2f3f0b0e3125e,2024-05-18,0,welterweight,0.3210612474560046
5ef58c611edc62275574db90,2024-05-18,0,womens_strawweight,0.42668539846740766
97edf385302354b149760b41,2024-05-18,0,lightweight,0.4646897866852508
8e17356f2fda3a5192d31ede,2024-06-01,0,womens_bantamweight,0.3657618819322665
10c40b22ef9284e7de0ce72f,2024-06-01,0,middleweight,0.45625293209946083
79ff3b1a7d1bf92f16483213,2024-06-01,1,lightweight,0.6218779229342521
4b9696096d6fa5e9d5610ddc,2024-06-01,0,lightweight,0.10056370108046664
989ca4098373cae02934935d,2024-06-01,1,heavyweight,0.6418999643119567
6b33e6c737a6684a25945237,2024-06-01,1,middleweight,0.723103681072063
cfe0192361aad1fbe188ea64,2024-06-01,1,welterweight,0.530601118617774
aabe4d2579baa78d78077059,2024-06-01,0,flyweight,0.4574985104727124
113ec2a83989aaec45d0a399,2024-06-01,1,welterweight,0.39337748234076364
0acc32af1154473e50db81c8,2024-06-01,1,welterweight,0.6000695822260405
41337cbd48bf4f84174dc20b,2024-06-01,1,welterweight,0.6537701747290755
3dee3aff7f82282e32f8df92,2024-06-01,0,middleweight,0.34885632251950127
518127b2dd8efe3a417831b3,2024-06-08,0,womens_flyweight,0.48177466531896074
2e839f2de196517e8e246d12,2024-06-08,0,bantamweight,0.45535559471321696
bf7ea6fdb51531c8d451a756,2024-06-08,0,middleweight,0.36970969603573534
7de1c7f30e70c0054157559a,2024-06-08,1,welterweight,0.5239017023814228
25d7d7c1927b76a34bdc14d3,2024-06-08,0,bantamweight,0.48752946440412276
0ddcfb11315e9923a41bb2c7,2024-06-08,1,light_heavyweight,0.499664448285991
e8438ef0c8ba3780dc2b45d9,2024-06-08,0,womens_strawweight,0.7697953669472407
d20e183e0125d6ec0f2db68e,2024-06-08,1,middleweight,0.5967872935085315
a1e8bfab94288f7370f435d3,2024-06-08,0,bantamweight,0.5731780823851871
e5d256c6836b448747c5b8c1,2024-06-08,0,middleweight,0.5220855777199885
70272da7c95cd179af6cf4d3,2024-06-08,0,welterweight,0.6845561167569515
144bac7646d283547cc8b638,2024-06-08,0,bantamweight,0.43501162430771134
19bc980d805f14744f6823af,2024-06-08,0,womens_strawweight,0.5849575452573063
8f81053df7a5953b7491f734,2024-06-08,1,lightweight,0.541292789666917
79440448cd3fec28695e7dec,2024-06-15,1,flyweight,0.6875611646821792
6c45fb565fbf14ea75c4fdcd,2024-06-15,1,flyweight,0.6406802489291806
14d2774e1d1f3fd5e1c6dbc7,2024-06-15,1,bantamweight,0.45859767922434524
f5dfccd531de267b99e1f070,2024-06-15,1,womens_flyweight,0.44507788267591697
493d3aa0ab1d0278e2da7639,2024-06-15,0,bantamweight,0.26449437372963464
763a5efe7035e062f2c0b690,2024-06-15,1,featherweight,0.42094567326125615
1fed94581536b612e2fb59a6,2024-06-15,1,flyweight,0.7408837828532693
41d8ef2e34a39925ad4e75f9,2024-06-15,1,womens_strawweight,0.6595595257131144
f988066efa595e7f87d49d22,2024-06-15,1,welterweight,0.5998401297447244
19dddb26aefce6783b18baf6,2024-06-15,0,featherweight,0.3973292478454592
9a8f34cfdca8efcd4558a8b7,2024-06-15,0,featherweight,0.45704773665304915
37d4488fc8163313b1231aae,2024-06-22,1,light_heavyweight,0.3542004258376208
7cf1ccb04fb7f586000618cd,2024-06-22,1,middleweight,0.37888704002534934
0a2c033e657e7440fa8aa8de,2024-06-22,1,bantamweight,0.6842676376885116
6d76913c436ce9ce53210b04,2024-06-22,0,light_heavyweight,0.43121507185281793
1a036b09296210df95e21b1d,2024-06-22,0,featherweight,0.6990202044108431
fc3424ff1e489f76836e8acd,2024-06-22,1,lightweight,0.5346323689076229
dcdb4b3fb3f9b4843ea57bb4,2024-06-22,0,welterweight,0.31791457454119115
65451ad06adc1f6bd89a8674,2024-06-22,0,middleweight,0.3879423830800693
a1d5af9825d34f2535d592ad,2024-06-22,0,heavyweight,0.6522589257430039
a0aecd3b3aa3acaa0c742fc0,2024-06-22,0,middleweight,0.3741637361008405
af244485111bd9dd30c97866,2024-06-22,1,bantamweight,0.43181054030415733
7c694c3870edbf3861bf90ae,2024-06-29,0,light_heavyweight,0.4622040594839663
1669e7c3c0104261e38941ae,2024-06-29,1,heavyweight,0.3677932002059742
6f03e907877bb17aa05774b7,2024-06-29,0,light_heavyweight,0.6085613642850409
9fcb0c56f33fc5b61e47d0b7,2024-06-29,0,featherweight,0.9429157667209305
bc237d1b3aa5dfe665961429,2024-06-29,0,featherweight,0.33674247828153003
7508a78c4629ff995495dbbd,2024-06-29,0,catch_weight,0.46564019644498367
1885b9c154714adfa0a9f0ee,2024-06-29,0,welterweight,0.2851230157974185
3a544bc796aa4992d5fe2c75,2024-06-29,1,middleweight,0.7023866049835896
a276808076c8af27cad7f2ff,2024-06-29,0,womens_bantamweight,0.36287096736351215
94dc3b686c902429728324a6,2024-06-29,1,womens_strawweight,0.42772440361996655
3d80286353ae673cbbea021b,2024-06-29,1,bantamweight,0.6204468096844199
d4d6b8ea5bd50709089f7bc0,2024-06-29,0,flyweight,0.5256123171973746
70c74e2537b1f6d717d6a580,2024-06-29,1,bantamweight,0.31509140031761157
df9f3189d74a76849525e5d0,2024-07-13,1,lightweight,0.1455175308533372
930fcb9f98b6403d004a10a2,2024-07-13,0,welterweight,0.5968924503994971
752309c3bca8093f692b1373,2024-07-13,1,welterweight,0.619610060913341
8ad7692e5b972dd4a7267c02,2024-07-13,0,womens_flyweight,0.26473538314506045
12131907a7300a3995c0f29f,2024-07-13,0,middleweight,0.26119458479822066
46e97615d7088624ce11ccd9,2024-07-13,0,flyweight,0.7275810800598298
d8807ddb36ab019a53c30d15,2024-07-13,1,featherweight,0.20241433620583624
85ca4854cd014ce8c4b31d7c,2024-07-13,0,womens_flyweight,0.36092400394557117
ddcbb740cdb42e2859e3ca1d,2024-07-13,1,bantamweight,0.6752404415658975
41c64f492689442222f3aa5d,2024-07-13,1,womens_flyweight,0.7332423594483031
1d14aed9e7e615e94ffe9351,2024-07-13,0,welterweight,0.5760085422413295
1a1f05ea93dfb2cef5441150,2024-07-20,1,womens_strawweight,0.5442247931043812
1802198470e4d36f13b9a300,2024-07-20,1,bantamweight,0.41895607470212165
52f6aa2624ec3c51c8435cc4,2024-07-20,1,flyweight,0.4742460423649411
8d11b4f1eb76e9b46dbfa43c,2024-07-20,0,featherweight,0.5745973195832251
fb73b101f05286253264c95b,2024-07-20,0,featherweight,0.4749949411420718
92839e130f117882696a849a,2024-07-20,0,lightweight,0.4646690713917992
d8fe945f52c4101fdb8bc15b,2024-07-20,0,lightweight,0.550527686452915
4833ad51744b121d927b82e5,2024-07-20,1,womens_flyweight,0.6111480324184206
5d08d6d735d021c218d42bec,2024-07-20,0,womens_flyweight,0.31959721712942524
26a9e6c978b8d211b6443478,2024-07-20,1,heavyweight,0.4766432859362397
9f2b2e8e992c8c2d56b31b48,2024-07-20,0,featherweight,0.42118651626310594
097b47cf0fd70817100149e1,2024-07-27,1,featherweight,0.690529774706767
a5ec3ef5260e3a28c3483b8b,2024-07-27,0,middleweight,0.3999026736144647
9de739fe6020a6c9f3fae848,2024-07-27,0,bantamweight,0.5947214329923396
2e1d63b7961383b47d4f353a,2024-07-27,1,lightweight,0.36305986401210094
79cfa01484c3ea38f9f51531,2024-07-27,0,welterweight,0.7968913818602816
a5cad6e8a51f09bf4c7d852c,2024-07-27,0,heavyweight,0.22565645727955694
d8173aa5dd83c7893f9af630,2024-07-27,0,light_heavyweight,0.439807425141611
10d948ba3fb1d8e9bd8dd436,2024-07-27,1,womens_strawweight,0.3285194850980097
74af90aae5e78d1c1ad3cd9c,2024-07-27,0,flyweight,0.29182525198581327
4e85b5ea469de051613b5741,2024-07-27,1,featherweight,0.6955325221635634
513e525430fb53e61e0bc06f,2024-07-27,1,welterweight,0.4591160391293761
a91c178a8284b7aafa874169,2024-07-27,1,welterweight,0.4021384335599801
aece4c936f0671bad30426f7,2024-07-27,1,womens_strawweight,0.484094995526618
73594b0e6c5d7117aadc2d01,2024-07-27,1,heavyweight,0.5715939745738882
9ba92a6b223ce70a5def5ac7,2024-08-03,1,light_heavyweight,0.5200052919268557
571fd99f2cea3cab0516a2a4,2024-08-03,1,bantamweight,0.6973471412342866
29050e1234307cff3226cdf8,2024-08-03,0,lightweight,0.4376171168537223
7966b9d988f1cc5340b09615,2024-08-03,1,lightweight,0.2799058500385327
45f6a77cf5bae11f69d9a8fb,2024-08-03,1,lightweight,0.3974362693642809
1f40f703023ba1bd3b521781,2024-08-03,1,womens_strawweight,0.4518418699938283
d2025cddbf7cdc74c599ce2d,2024-08-03,0,bantamweight,0.4964439257927801
04bb77d8d0c872a4a2bc082a,2024-08-03,1,lightweight,0.5956914837003681
a962037dba890b1e59b3c11e,2024-08-03,0,middleweight,0.38210744124501556
56741af4fb9164b3ceab34bb,2024-08-03,1,heavyweight,0.49011489787220885
ca0701d63a3f45561e4c49ba,2024-08-03,0,middleweight,0.3912385953418905
b008daa3b4c6db6c9f881827,2024-08-03,0,welterweight,0.18843437883082195
b4ace78f4c4b62732bf4877b,2024-08-03,0,womens_strawweight,0.371432242996186
63b290ed8d80110a23d74939,2024-08-10,1,bantamweight,0.8310704366839168
a88dc52e44b8276a684bb173,2024-08-10,0,featherweight,0.3717636397966827
6399ddb25f22d847585f6886,2024-08-10,0,welterweight,0.2519439016115518
b8b9c9039b433da4b20b5f90,2024-08-10,0,heavyweight,0.6528793111521112
961760ffcf08037002d97654,2024-08-10,0,womens_bantamweight,0.4277937513440187
7e7ce2895404f87c5266303a,2024-08-10,1,heavyweight,0.5007004944370369
12d0555dd382fcfab24b3392,2024-08-10,0,womens_strawweight,0.42449377058541754
96244b15517f4c3bda290b28,2024-08-10,0,bantamweight,0.6628648404880528
909669ccdc04944ae9d1b468,2024-08-10,0,womens_bantamweight,0.4897395087450878
bd60f369b8760c4e98e32f96,2024-08-10,0,featherweight,0.31407509373437453
d0e5f0596a80603b43725079,2024-08-17,1,womens_flyweight,0.41791689569685964
34ba7fa3787854789b373bc3,2024-08-17,1,middleweight,0.602649402216434
1ab2b260997db6bff8202e76,2024-08-17,0,featherweight,0.41324913624728765
4864b0dc32f25c0902026983,2024-08-17,0,featherweight,0.5421618168395964
fe925f7d987d2688da86017f,2024-08-17,0,heavyweight,0.5127099266355335
91cf1c66c0aae10df4f68f3c,2024-08-17,0,flyweight,0.5970318223494101
ae37c7930a26b186f933eb9c,2024-08-17,1,welterweight,0.5594032388487196
64bf5b234df82a4717fa37df,2024-08-17,0,lightweight,0.7383330697091235
a8691859c32e637d35c7433d,2024-08-17,1,welterweight,0.45454220860261774
9cef7cc38d059d1f8c348efe,2024-08-17,1,flyweight,0.4916244918954024
806133791825a62697b640f6,2024-08-17,1,heavyweight,0.6251353457605607
e85cd4c789fe17ebf55b166c,2024-08-17,0,lightweight,0.15867605608776195
7871134a09675ac61dce31c5,2024-08-24,0,womens_strawweight,0.3997843914371109
d1b1774c0be9c2a23e1afdb1,2024-08-24,0,lightweight,0.5834097939898144
03f2e0f30d6778d93ed003c7,2024-08-24,0,middleweight,0.4839881450254587
e36fc47ae8ddf929d7d70db2,2024-08-24,0,womens_bantamweight,0.26578027412186944
d27425d0f741578a348cf746,2024-08-24,1,middleweight,0.4754458548875347
7188747cdb0273a5acbad76a,2024-08-24,1,featherweight,0.43181054030415733
47b86263700fd8ef79cea0af,2024-08-24,0,welterweight,0.39404016989939644
a3f643c93410304590071638,2024-08-24,1,middleweight,0.4256625211046746
d5f593ce2352af15183e59e2,2024-08-24,0,lightweight,0.43805316062389604
93204973199b855bffa0e265,2024-08-24,1,womens_flyweight,0.6117568521749059
59d94d1306c4fa0cc5b39666,2024-08-24,0,middleweight,0.4745379626184287
7e324bf197dfe23d87cf3b37,2024-09-07,1,middleweight,0.7953166910006986
098a7ab058cb0919d2754437,2024-09-07,0,flyweight,0.32586268946333224
84bdaaa1b9eacf71f68d786f,2024-09-07,0,welterweight,0.3154620012613565
3687ac6b259d61ee8fdcf7d5,2024-09-07,1,featherweight,0.9754401765929958
520ab8059fa083df9466b8de,2024-09-07,0,womens_strawweight,0.1871054936903346
37543d1d6a400d3e6864fe4b,2024-09-07,0,womens_flyweight,0.5467901387820384
4891c35741f30e491ae624b4,2024-09-07,1,bantamweight,0.5803842062464839
3abd10663dd8be12d13c6cd1,2024-09-07,0,lightweight,0.3488093597378452
05620075d316a20238eb8fd9,2024-09-07,1,featherweight,0.6120590866507842
b76888405cc10f4682091f54,2024-09-07,1,lightweight,0.3413110131916759
fde085a48d0a96f2360b6382,2024-09-07,1,featherweight,0.39028783815755186
45ada03471594e17da40af4a,2024-09-07,1,featherweight,0.43181054030415733
b32a701a44b0d95605d7c908,2024-09-14,1,womens_flyweight,0.6506634965697746
f2ff0c6a9bbd4b5eae926db1,2024-09-14,0,featherweight,0.45048047595010793
09fa80261d93813008aaa022,2024-09-14,1,lightweight,0.5081107995778797
c72915269d9a5169f4bdbe0b,2024-09-14,0,flyweight,0.19898171223472752
3b8c650614dfc5493a3b1bd9,2024-09-14,0,womens_bantamweight,0.33721232684780833
d5a12c28b25082427278edbe,2024-09-14,1,lightweight,0.5345044060445385
d767088f51b6e7714e8d7645,2024-09-14,1,bantamweight,0.6341659657286989
3ec64b31845ac4f1cb2f5a4c,2024-09-14,0,flyweight,0.4653137079889712
75df11c187e283ce3ab3b3de,2024-09-14,1,bantamweight,0.5069653601829149
1288aee9afdb2d374cc3012a,2024-09-14,1,womens_strawweight,0.4572199738113157
245096e15704e2540393d97d,2024-09-28,1,womens_bantamweight,0.44142284234198514
60d8f7e0b676daa7ac15f065,2024-09-28,0,lightweight,0.4152829831558334
7030ef6d4542c58352a49bba,2024-09-28,0,flyweight,0.5482816102717446
6ebd9ffc7a13c46ca71bd8aa,2024-09-28,0,lightweight,0.2738503754110322
3e276600eba4e29cd38e2cca,2024-09-28,0,light_heavyweight,0.32359724108301263
dc350102307a004ad39adb01,2024-09-28,0,welterweight,0.5481120609724032
105253273d1654f9a2beee86,2024-09-28,0,lightweight,0.3058050480826245
50aafa48176dfa0137faaa73,2024-09-28,1,featherweight,0.6547164839652991
ab00b1352f514a47b8e37dc0,2024-09-28,0,middleweight,0.476584436711078
87ccdba10c40f4bdcf843017,2024-09-28,0,womens_bantamweight,0.40775940491701085
88572ee2955c4e9d956110a0,2024-09-28,0,light_heavyweight,0.4795002334036652
7e74c10fa13302f3fb7dd90e,2024-09-28,0,lightweight,0.4052382865740701
0c580a243e221bbb34761e5e,2024-09-28,0,bantamweight,0.2991554699935813
c2a55835ec8fc920f3adf40e,2024-09-28,0,featherweight,0.5725324186333907
c1c94449aa8da08edf6e1dff,2024-10-05,1,light_heavyweight,0.8005394076547726
7c56376f5bee90553ebe1f91,2024-10-05,0,lightweight,0.4124233141976993
42c9a2d2c6e47f7150c3c7b8,2024-10-05,1,womens_strawweight,0.2616564155452141
1972bb7a08946b356c1315c6,2024-10-05,0,middleweight,0.5110187534626645
401cf3772c7ad44839360dba,2024-10-05,0,welterweight,0.4083052679116872
57b18397eb6dda68408204e5,2024-10-05,0,bantamweight,0.346838531060452
144f8ee9b6fd2c722b5d25ce,2024-10-05,1,womens_bantamweight,0.6828005077561776
e443e39fbfefcebc6b107ee9,2024-10-05,0,womens_strawweight,0.597177785748498
d310221180298a0117347d09,2024-10-05,0,womens_bantamweight,0.5574995612297551
c6f824443fc9c84e876b488c,2024-10-05,0,middleweight,0.653520260306289
ce5cad2d9a093f6848c1c837,2024-10-05,1,light_heavyweight,0.7130628338506328
1956b00acb148792dba1a315,2024-10-05,0,welterweight,0.2645577265782422
4840224751a56333d055fc7a,2024-10-12,1,middleweight,0.5688314127117085
a727672cc9664edda540ef4e,2024-10-12,0,flyweight,0.7300273245075836
c9b19587d5b0943492e92d4b,2024-10-12,1,welterweight,0.4952097925583071
75c7c56dd807d68045a4386a,2024-10-12,1,flyweight,0.3980859493764319
8e2cca02f188a62e86ed9e5d,2024-10-12,1,flyweight,0.5601538818429241
559c2d014f7fdd130c04416c,2024-10-12,1,bantamweight,0.35144084996629055
b2154563c4e05478fec46f76,2024-10-12,0,welterweight,0.46277308866274974
0cb8a11def43b8e9e64a987c,2024-10-12,0,lightweight,0.3196871177183217
a9a12f6db5392e7212061c76,2024-10-12,1,featherweight,0.32207644444629263
da2b4cb4a1dece7e1cddce4b,2024-10-12,1,womens_strawweight,0.6106046030910469
6006b5e7b981df4da946cb96,2024-10-12,0,heavyweight,0.3589439033833487
d6fa07076c71693c51694206,2024-10-12,0,welterweight,0.4924277831547957
abcc6a4ab3920f6a692e9eee,2024-10-19,0,middleweight,0.5920745044772565
9e275e378f98707802ff3485,2024-10-19,1,heavyweight,0.441351758295957
412a5bf196b840083c98f4cb,2024-10-19,0,bantamweight,0.2141537258343651
8109c8b9fae6d7c0aec54bea,2024-10-19,0,flyweight,0.4052587345301437
0971e4c0e50a7ee704277ff9,2024-10-19,1,featherweight,0.3571018291666245
8e8bc92bd61bc4fcf37df834,2024-10-19,1,bantamweight,0.2876024812654266
7f31ec33285ef5018378b5ff,2024-10-19,0,womens_strawweight,0.3296983896006909
f37b3852170b4e3e133af446,2024-10-19,0,womens_bantamweight,0.32657763959435204
79e0b62af359301a3c381318,2024-10-19,1,flyweight,0.583575149330396
4798c8fae376043513d3f4d2,2024-10-19,0,womens_strawweight,0.5110944155642384
497026b88b1c9f6fe365d724,2024-10-19,0,bantamweight,0.691752858888509
64b6b3f836693e4882af28cc,2024-10-26,0,middleweight,0.4630652768447409
d083631584ac1c4442af2f54,2024-10-26,0,featherweight,0.30024752015311096
0fb2c51f918d8f2c887a3970,2024-10-26,0,welterweight,0.24541341698508404
4a0a7c62b38099ba662d7540,2024-10-26,0,light_heavyweight,0.34414557638213417
c481a4e5d3c8d48d2a063795,2024-10-26,1,featherweight,0.7558137268023722
e98deb41ebb14639db7c7876,2024-10-26,0,middleweight,0.3918954950517021
8c84124df2963190592ada9e,2024-10-26,0,heavyweight,0.23524463826442008
79fce42379f8108d722fa309,2024-10-26,1,featherweight,0.68306149276156
df658a10c24790baf29d4ee5,2024-10-26,1,light_heavyweight,0.7433991190707008
c1770a29dd92cea4a6f380c4,2024-10-26,0,catch_weight,0.5979105349107025
fa23b82570604d8dd9c63e98,2024-10-26,0,welterweight,0.13630742409126959
39f8f786e1f44eddf18e1470,2024-10-26,1,middleweight,0.7246081439024623
17cb3fa1910244939c601a11,2024-10-26,1,middleweight,0.636319549643433
f369464f1180832f1d8b7c25,2024-11-02,1,bantamweight,0.5953016684006124
e1741bf2713d935c14028fb4,2024-11-02,0,heavyweight,0.4899546549875372
6025d5b28df7b99fb482dcce,2024-11-02,1,womens_flyweight,0.543366295058954
55b1b3ca9a1864952fc3a120,2024-11-02,0,flyweight,0.375456740046295
88f856cc39f5020603b0cb4d,2024-11-02,0,light_heavyweight,0.5927834553577307
1f3e2215dc098945c449f796,2024-11-02,1,bantamweight,0.46154847659630904
fcff3a20a805946dcbc5b1f1,2024-11-02,1,bantamweight,0.3763500139460092
abebc636424c238657d451dd,2024-11-02,1,womens_flyweight,0.30863640410714105
4ac4778bb7788aaec05d064c,2024-11-02,1,featherweight,0.3580484997385907
6baeb93f8c6f6b9bd33db412,2024-11-02,0,womens_flyweight,0.47408320716369345
dcc9895cbd8b3c0b07f46767,2024-11-02,0,middleweight,0.5771908392860473
671290c0c6844812078884b0,2024-11-02,0,welterweight,0.43119402469450685
c56faacbd23e859d15f773a4,2024-11-02,0,bantamweight,0.4796839809971785
775087a13644ddbfe20dc426,2024-11-09,1,bantamweight,0.4518988573053355
1019552fdbf1a6c9ac7389ae,2024-11-09,0,welterweight,0.21693514930046182
0e948b30e911a8028bcd9511,2024-11-09,1,bantamweight,0.38993044220861817
4fa91a1cfb6740cb784e067a,2024-11-09,1,middleweight,0.19984501863190923
82c4427e3f9514cdeb328735,2024-11-09,0,womens_strawweight,0.48362584827108224
4493bfb4dc8c9613ac38e90c,2024-11-09,1,womens_strawweight,0.6281535281553177
3a681fdfbe596d2fdcae3f62,2024-11-09,0,middleweight,0.442223984642392
6b3506aa31679bb23befa70d,2024-11-09,0,welterweight,0.5793613031355803
c3c4de6fa97914db9f9aff63,2024-11-09,1,womens_bantamweight,0.43123644815989826
1977ecf38fd0fee16b089735,2024-11-09,0,welterweight,0.3664805601820381
97dc41469e9c9287cb5fd305,2024-11-09,1,middleweight,0.5411405552326194
043847b8441b879d0f429697,2024-11-16,0,welterweight,0.33342565745227903
4167d3f6070971c8b9d1fde2,2024-11-16,0,middleweight,0.2597915956279057
9f92f3cfd66a55be8006ffb2,2024-11-16,0,lightweight,0.275421278726887
54cc8d7bd582e5171cc7f70b,2024-11-16,1,lightweight,0.7322372066407781
bce7b7de58b92db963e36818,2024-11-16,0,lightweight,0.73202100198316
3e7b3ef93a01e95602563df6,2024-11-16,0,heavyweight,0.0904556305361062
fa0177ce9126280f55a43082,2024-11-16,1,bantamweight,0.3019868267888983
b5c28155a6e12ff7a5ce6f50,2024-11-16,0,heavyweight,0.27603030487262326
03e4a0968b9c873a3c75fe66,2024-11-16,0,catch_weight,0.23334324186380348
017db93038090457a9f2ad7f,2024-11-16,0,welterweight,0.5125454208405765
a7c487f94464423d6463a35e,2024-11-16,1,womens_flyweight,0.4323530710443862
46332285a7b69c9d2a12da53,2024-11-16,1,womens_flyweight,0.4248178965635411
8811b8fcd2100494af6f8cd5,2024-11-23,0,bantamweight,0.43181054030415733
1c95d96871ede2553b9ef069,2024-11-23,0,flyweight,0.43181054030415733
c23bd1c8a9009f9e2aa0618e,2024-11-23,0,flyweight,0.43181054030415733
b6619e5bf2b8cb1dcad50e13,2024-11-23,0,lightweight,0.4353636851228626
e18d6be41f88d838a0ea1d5a,2024-11-23,1,flyweight,0.5423864357705799
bd0443c550f1a30b6b7d0b7f,2024-11-23,1,bantamweight,0.6263610244417693
0ff5951760ba7570bb749166,2024-11-23,0,womens_strawweight,0.4307685426314865
c6ef3b68243861a699dbc860,2024-11-23,1,welterweight,0.6693811121096951
958a5e46c9010601ebb8d398,2024-11-23,1,light_heavyweight,0.5896146389923028
77418b65aac3f975237beb9e,2024-11-23,1,womens_flyweight,0.3338973501276225
8d8a818c9f17c009e3b85bf9,2024-11-23,1,bantamweight,0.42907270546904064
4a920eff3f6c4c24152c2d9c,2024-11-23,0,womens_strawweight,0.557621203418956
ab152d7ea0e03fcd72fe5e3e,2024-11-23,0,light_heavyweight,0.3763233341477117
8bec3556efa0aff00fc6942a,2024-12-07,0,flyweight,0.2135013025024097
9635f631a62e6cac838fac30,2024-12-07,0,featherweight,0.12095372876965445
0304da4371ba534498bbfa00,2024-12-07,1,catch_weight,0.2967789035899865
b7f0d52ab8dd1cb8f75d38c6,2024-12-07,0,heavyweight,0.34547111889879134
228014fdd9ac575ec9d83932,2024-12-07,1,lightweight,0.9073848464264223
b17d607483172d5ebfb86b98,2024-12-07,1,flyweight,0.6745121074494103
5fcd9b73e591e02031a00a9e,2024-12-07,0,light_heavyweight,0.501352892303695
3e73e0845cfe08a1abaa6d7f,2024-12-07,1,heavyweight,0.6069037096492731
034ec1f2c225729b14c0dfca,2024-12-07,0,welterweight,0.47918393097931744
ba2176c71f65397aaa94d50a,2024-12-07,0,featherweight,0.36010788003533395
44dbc5139ac2ed24c255f5cc,2024-12-07,1,featherweight,0.6698343881789626
9f2b7751f55b139930a7745b,2024-12-07,0,welterweight,0.5802706789570805
23e3d1acad9c979ed26efd91,2024-12-07,1,welterweight,0.5440484201631892
2bee7e4cb43cb0eed55b0645,2024-12-07,1,welterweight,0.4692320305905185
f0b0735efef392fe0658fcdb,2024-12-14,0,bantamweight,0.40381749621073676
bec4c121d2e352da409b0252,2024-12-14,1,welterweight,0.5379696275157995
7915719a146e85eb8bf4ac4e,2024-12-14,0,featherweight,0.6414265772998337
7b9f48d7590f393ee2bc937d,2024-12-14,1,bantamweight,0.4848838974201196
14139c465fda81dd1f24724d,2024-12-14,1,lightweight,0.6135504379916582
ee992fcfb2c3ec848b22bf51,2024-12-14,0,womens_strawweight,0.5538910726082802
a4bd67e5bf952f768ee5f2d7,2024-12-14,1,flyweight,0.6185233540156395
3d0468e9f5fdbbc6bcf4b92f,2024-12-14,1,lightweight,0.5520840997620369
8545cb07c6efcc3f4da59517,2024-12-14,0,featherweight,0.45953210505511977
01916ac920a0f4fd7230f3cb,2024-12-14,1,womens_flyweight,0.6710728361285764
282c2ae10a81491eae36a47a,2024-12-14,0,light_heavyweight,0.5180511849071378
92bbcef9c67dd1b7eb6c690e,2024-12-14,0,featherweight,0.2576106976062729
1fcccda17da14ab9603a0f66,2024-12-14,1,light_heavyweight,0.4568296012256739
d13a2c8a4f5306b8b033d501,2025-01-11,1,middleweight,0.5770555690604388
f97caf0d17bfb86368400b6c,2025-01-11,1,middleweight,0.46599468703194374
2162ca6af8aee7110a671097,2025-01-11,1,featherweight,0.7085376697457477
92702506603eaa3e00488ad1,2025-01-11,1,womens_flyweight,0.4486709524532281
cc7da53bb2061cf9b037478e,2025-01-11,0,womens_strawweight,0.3268167003641186
0dc0792dd70e1b4333e3f456,2025-01-11,1,flyweight,0.3692572572609411
41127606356904600eb046bc,2025-01-11,0,womens_strawweight,0.5308067292202272
6b4d318f2551857da68bd774,2025-01-11,1,light_heavyweight,0.3179120572154286
16d68cf0539018b23943680c,2025-01-11,0,middleweight,0.5626517319844032
363183767a8d3a0f614131b0,2025-01-11,0,lightweight,0.5381657235653275
5e5c66734f00f66b9aa5feac,2025-01-11,1,welterweight,0.34227998580142194
7cf917d8d98c64098c698bd8,2025-01-11,0,welterweight,0.6299094800274909
7202e3c174e624cffcb777b0,2025-01-11,0,welterweight,0.5278037624374878
8a7d322f6fca14cd6192d341,2025-01-11,1,lightweight,0.5138682064148883
6a55faf5e3739a306bb19200,2025-01-18,0,light_heavyweight,0.27292604601631204
e1288b021ae773be3a047196,2025-01-18,0,lightweight,0.14214879096129893
088ac1fb12dd2ebaf085d3f1,2025-01-18,1,lightweight,0.8389598076829977
2c8b03448ee5239e2e499d5c,2025-01-18,0,heavyweight,0.2302263941263021
aadce8bf98323e887aeff00f,2025-01-18,1,light_heavyweight,0.5440689763790216
05573171f789b22f3bfa651f,2025-01-18,0,womens_bantamweight,0.31437362841139055
f17f100843d4e347772b5af9,2025-01-18,0,middleweight,0.4475465898747315
899fce523cce9f7a9cea2479,2025-01-18,1,bantamweight,0.5345530198260318
5ed39636288a2ba5ca9cb88e,2025-01-18,1,bantamweight,0.3319358759917369
a491ece7037c4c2188cfbdd5,2025-01-18,0,bantamweight,0.2525559014227963
5e65f3c26f4bf3514f5a3c0b,2025-01-18,0,bantamweight,0.4977664813281351
4a104e8add50e30a63b377d4,2025-01-18,0,flyweight,0.4406890530412562
bf312225f90e425743b88be8,2025-01-18,1,middleweight,0.28787346838096134
57eb886166168af015166871,2025-02-01,1,featherweight,0.4055542291550839
b59ccbba51f2c68ca30d9860,2025-02-01,0,lightweight,0.3432804715245762
120a28da81a44a8f66a0c856,2025-02-01,0,heavyweight,0.4997499884880036
862cce61b7e0c11f70f924d0,2025-02-01,1,middleweight,0.6339835859404389
c798fa59525cc216c0e15eae,2025-02-01,0,womens_flyweight,0.39846808716414633
60c2041e7bcc826d91d85cc9,2025-02-01,1,featherweight,0.7035699328620915
11291199df3f14e2dc270b5d,2025-02-01,0,bantamweight,0.38803332034393406
28183de1455c91b680305ddd,2025-02-01,1,heavyweight,0.6139055717254169
1da1b0b686fd6b43baf97f25,2025-02-01,1,heavyweight,0.49430733025098733
ffdbff0f4c4968471d6da71d,2025-02-01,0,middleweight,0.5773130750692164
bd2cfaf861c385423053277e,2025-02-01,0,lightweight,0.2973824726325126
f5a450b35a167eb5e07ea9be,2025-02-08,1,bantamweight,0.4514163858651875
d7c8507105dea51aeb1bfdbb,2025-02-08,1,middleweight,0.749264287654385
a2f2eaef170057f6151c7c73,2025-02-08,0,featherweight,0.49644410968030833
19031d0d33105daae054408e,2025-02-08,0,welterweight,0.342256681405461
6a55956e6720fad748255e7b,2025-02-08,1,welterweight,0.32127942488518846
8b7903d49f0a666b61c30454,2025-02-08,1,heavyweight,0.6160219305708893
d556670cc9c71b744bb1f91f,2025-02-08,1,lightweight,0.37445724819380705
45f18205b7ab429cda0e8fa4,2025-02-08,0,lightweight,0.4042038254949159
63c8ed3753f8436862f3b66d,2025-02-08,1,lightweight,0.4908978448123287
418191fa2b0e4fe58486229c,2025-02-08,0,womens_flyweight,0.4615945762507717
a283e2b088f7e3cd6e984a55,2025-02-08,1,womens_strawweight,0.4092268341895741
97afa1180f84df65f7a8be01,2025-02-15,1,womens_strawweight,0.38538321891106614
078c5c8821a745744b98ad55,2025-02-15,0,featherweight,0.43812636866943994
c394b4eccb49499e31f22f66,2025-02-15,1,featherweight,0.4514299812448292
ff260dc57e36bd97916349bc,2025-02-15,1,heavyweight,0.4063551984588118
7b74848f2f11072d1810e50b,2025-02-15,1,middleweight,0.5337791662155547
c2ae2a5895d0e803012919bf,2025-02-15,1,welterweight,0.5221409321915422
25e42648758cca6502fc0226,2025-02-15,1,lightweight,0.349652961774468
fdab48eb73a21ee61647ad92,2025-02-15,0,middleweight,0.5872763493402253
47c5aab0ac3ce5195687d579,2025-02-15,0,womens_bantamweight,0.12947409063953824
23d1935c07ac5e1c9f6476c4,2025-02-15,0,flyweight,0.610020732231643
8bb4ed4fbab729326717bd11,2025-02-15,0,middleweight,0.4118737784424317
1ed11e1b6352784e1475ef27,2025-02-15,0,bantamweight,0.5088406091754089
944399599bda880389ae1ecb,2025-02-22,1,light_heavyweight,0.5161026103773513
b9096db38035d6174945c21a,2025-02-22,1,featherweight,0.637159444807775
63bc7c3581e7f4a2567737d7,2025-02-22,0,middleweight,0.3803724876835214
fe8366c24a651ce84d46856b,2025-02-22,0,bantamweight,0.32884147631519767
6d0a157f5bce1d9bb5e4c6da,2025-02-22,0,light_heavyweight,0.5905434476431595
8652f3ecf523c3c24c7ee212,2025-02-22,0,featherweight,0.73281695302777
6318765a68f8782f1fc9287a,2025-02-22,0,middleweight,0.27158147217684864
7247511fb4f337baaa72ec63,2025-02-22,1,light_heavyweight,0.9175845306049529
753fd329002d5ef7eca29455,2025-02-22,0,catch_weight,0.5492644689993481
d40fb6e3127007381b95ecf8,2025-02-22,0,middleweight,0.4031560827558592
4343268eff9bd324970737ba,2025-02-22,0,bantamweight,0.34801049451914917
1361d01a5306c83782722047,2025-02-22,1,catch_weight,0.5689403286663213
d7098deec85ab6f225b5dd3b,2025-03-01,0,womens_flyweight,0.47984015930249097
503ab7b4653a6b281798322c,2025-03-01,1,heavyweight,0.41822007466651134
5b87183fcdf61fb1cccae9ca,2025-03-01,1,flyweight,0.35992744279169203
f0082fb415e899c93890bc48,2025-03-01,0,middleweight,0.27991928108022096
39cb81a03865dfe9642dc2ca,2025-03-01,1,welterweight,0.2715561147965315
4bf7c060c65b5756e9a60a69,2025-03-01,1,featherweight,0.5304761526274674
869e85d2c9e882dcef21c8a6,2025-03-01,0,featherweight,0.6494593892401418
df30b7c826cff4376ce5f4b8,2025-03-01,0,flyweight,0.6852586578271899
b6aea126b237440f5f62b371,2025-03-01,1,lightweight,0.4747636221792043
0b08162e436edd7057feda6e,2025-03-01,1,featherweight,0.727161999316989
a17f7fb3322a29d49109df5d,2025-03-08,0,welterweight,0.44293238763857623
cc0e7bf1a3de097b07abf84d,2025-03-08,0,light_heavyweight,0.5066891134547078
1180ae20fbc658f6a18bc519,2025-03-08,1,womens_strawweight,0.42227498547860404
d97232c5dcbdc6ae63204240,2025-03-08,0,middleweight,0.3955598725582765
155fb95b8548237e167b385c,2025-03-08,1,middleweight,0.43606416376494517
73d9201cdf42426db5717467,2025-03-08,0,lightweight,0.3445261035480881
53c82e2b97f05f041be5e879,2025-03-08,1,flyweight,0.6359095880891655
fd96972af0a42cf8564554f0,2025-03-08,0,lightweight,0.4544189695092415
447e796f8f8fa0711eb851ec,2025-03-08,1,lightweight,0.5749341758250265
26367e541cf1af906e6936bc,2025-03-08,0,featherweight,0.37545501560269695
a5d324fc1e81b02c184c3d0c,2025-03-15,0,lightweight,0.2933616702752777
d40964659b77816a82e34d89,2025-03-15,1,bantamweight,0.5506741948693493
4d9f0274f43db97ee1d84343,2025-03-15,1,welterweight,0.4094912683818261
51eb5fce6d358b03382f5759,2025-03-15,1,bantamweight,0.5152813701727508
8ddc51ee94270116d2585e6d,2025-03-15,0,flyweight,0.1607645791024419
c59095dc236475eaf1f3d36c,2025-03-15,1,light_heavyweight,0.34861902769964237
4f3b8f599d7b94aadb8e6e1e,2025-03-15,1,womens_bantamweight,0.23826664831685068
a8466adaf98ed6c751357dd1,2025-03-15,0,middleweight,0.6162717363631478
f77346f2cfc223f134a774cb,2025-03-15,0,featherweight,0.5321019019629498
37b9f881c73685fb65f4ebfa,2025-03-15,1,womens_strawweight,0.3831923630969684
eee4f8cd86fdc705589eb0d5,2025-03-15,1,bantamweight,0.7862041237285758
b5080981acd30c0532404b87,2025-03-15,1,heavyweight,0.5174740806924076
266be725a4cb31ca651114c4,2025-03-15,1,womens_flyweight,0.5340265750875945
d59008574058a1b14bbff996,2025-03-22,0,middleweight,0.2951193861530637
de9f0856738dc28e60a60f40,2025-03-22,1,welterweight,0.5687965052750346
bedb420a0b9904e7099578a9,2025-03-22,0,lightweight,0.4222179150831111
0906caed76b72740d3fbda4e,2025-03-22,1,lightweight,0.8179453554507841
935fbfa3a3fbfb2d2ea68df7,2025-03-22,0,light_heavyweight,0.36379849195183867
ad04951661f8f611e59c0050,2025-03-22,1,lightweight,0.5891888592353564
cbd2b8dc7cb57c6a358efb83,2025-03-22,0,welterweight,0.598372509605467
7a42b1b6e8ea3d3b322d8a1d,2025-03-22,1,flyweight,0.5723766578099253
7573247bac486673ce88cefe,2025-03-22,0,heavyweight,0.41349485538305963
e7a39bf12141f8e19999e08c,2025-03-22,1,womens_strawweight,0.4020565056267258
c7b4a84ae2cefe30cea00a98,2025-03-22,1,bantamweight,0.2741633832283271
7f81d57f5d833d8ad5da0848,2025-03-22,0,featherweight,0.3685842860861786
c82889c8c0d8f63fea61710c,2025-03-22,0,womens_strawweight,0.4466481860273051
11a10b425b59b9e0d8f0336f,2025-03-29,1,flyweight,0.6294286355433416
5d8ba6b9deefdc4cbb31c7d6,2025-03-29,1,featherweight,0.45565426115684593
bbe55f63a120ca7a63ab45c1,2025-03-29,1,bantamweight,0.4856426457923357
a6bf522e3d935669f4bd1b6f,2025-03-29,1,flyweight,0.3931683946979331
4f32f005e6c63e6941a64b4e,2025-03-29,0,featherweight,0.28316363505562814
87722272fb59ea169b43792b,2025-03-29,0,middleweight,0.29871615167916293
e1d376d78f860f65c632bcaf,2025-03-29,1,womens_strawweight,0.553408426322513
3156f76dc6396ce97902a82e,2025-03-29,0,lightweight,0.37128945134413
baa2fdc844c082ed12a92ffc,2025-03-29,0,lightweight,0.35990593795053133
f86d56863e598ab008855f66,2025-03-29,0,lightweight,0.17051325724079974
3e7f9012b9276dfcc924089e,2025-03-29,0,bantamweight,0.3376925786344466
21a60322c2a027799b4cda05,2025-03-29,0,flyweight,0.6258772183900058
23faabac36533d24333d8b9b,2025-04-05,1,middleweight,0.3711879876839801
289a7d06e957dda3ac71729a,2025-04-05,1,bantamweight,0.5214070611785455
61271bd039197039582f5081,2025-04-05,0,womens_flyweight,0.3137127200607359
c11487f1f0a20ca93c52f3f6,2025-04-05,1,featherweight,0.8095868229126086
8009cb1b86ffa12974bab11c,2025-04-05,0,womens_strawweight,0.32987259184835477
fad1c076e137d244e645a12d,2025-04-05,1,heavyweight,0.5698271057485162
a5bc0dc17f83cdb10a2a2a18,2025-04-05,0,flyweight,0.5497176327995028
b98ca9357715ade21392a89f,2025-04-05,1,featherweight,0.288575644868197
c2a1eead1ee0f81bdd50b9d0,2025-04-05,0,welterweight,0.48717443030760044
57a290e76e72b5ae2804232a,2025-04-05,0,middleweight,0.3382553261935922
f392bf4a5aea118b0fcf79e0,2025-04-05,1,womens_strawweight,0.49738287049859786
294eafd904f1e51bc94077ca,2025-04-05,0,bantamweight,0.3115307067815812
a8e7973569d577221c53a5b1,2025-04-12,1,featherweight,0.3325609669213479
4e202f20f679c3ad921c34ff,2025-04-12,0,featherweight,0.8701501497516013
fad6402a48eb036723f79f9b,2025-04-12,1,featherweight,0.3613940437886562
82ef6c2034d37182beab57b7,2025-04-12,0,featherweight,0.3456908336251197
ec097764b056848f4b4f88f7,2025-04-12,0,lightweight,0.10915103171032331
4bda5a5554aa5ab74b2bfb60,2025-04-12,1,lightweight,0.5683722816839405
974693fddaa3db805f33b78d,2025-04-12,0,light_heavyweight,0.4835772438877065
826172d4bbccbe638becdc22,2025-04-12,0,womens_bantamweight,0.29493151635983916
891260885a5f80d3bff0abd4,2025-04-12,1,middleweight,0.4888435050201636
6645c6018ec0a356a3d0c85d,2025-04-12,1,flyweight,0.42746760990757887
6dcff865c5ae334fc9ae487e,2025-04-12,1,middleweight,0.5702140908370126
08e9b543f1a75eee7094614b,2025-04-12,1,featherweight,0.8829265507899465
aa22b6401f3234d1bfbe071c,2025-04-12,1,womens_strawweight,0.5464137573536338
87bbf6258de3cb96e8a832de,2025-04-26,1,light_heavyweight,0.5044565794719276
028469098ba8b26b229f791f,2025-04-26,0,womens_bantamweight,0.3649679531828997
dbb70afedb9ef563817787e0,2025-04-26,0,featherweight,0.3450156983004601
3e3c5c5312b4bd929a84995f,2025-04-26,1,bantamweight,0.5950565030647006
27c7a904f136fa232c0b0a03,2025-04-26,1,lightweight,0.4692385604977584
ef1ff906136a4d3f4e3321ad,2025-04-26,0,featherweight,0.563579660852085
0b8ae83ee2d6c368cb757711,2025-04-26,1,welterweight,0.5558824400810787
8ad58054347f53643069f2c9,2025-04-26,1,middleweight,0.4203019485798472
84a27a5934a0c6faca02d02f,2025-04-26,1,womens_strawweight,0.7916435637028496
1792660282d0d71e4e433eb3,2025-04-26,1,bantamweight,0.3788617275028219
cba044ae712b9c9e24ab6f28,2025-04-26,0,flyweight,0.29640445407262883
fcd8a836b338cbc5d9457d5a,2025-04-26,1,middleweight,0.5160073757180443
d747420e16d28d2d195431f3,2025-04-26,1,welterweight,0.6383412022805877
ac300a8bc3a696efec4549ab,2025-04-26,1,featherweight,0.45224585330203587
36774760194e875a7d85e86d,2025-05-03,0,bantamweight,0.5407501265998719
d64f95744f53521697c83832,2025-05-03,0,bantamweight,0.4944665224883188
4c8d14f14865044186a00772,2025-05-03,1,bantamweight,0.46349552951975465
504fded2a818ea0a1f81dc2f,2025-05-03,0,lightweight,0.3463478700486848
cfeadf7497fc94fcc54fead0,2025-05-03,0,womens_flyweight,0.656438389579225
225a65283842b9a22b1e2295,2025-05-03,0,womens_strawweight,0.4540425157772751
f9d7f8057a140f82e84a0d64,2025-05-03,0,bantamweight,0.4445843779767695
f6f1adce42b69f53e07c9586,2025-05-03,0,middleweight,0.35285744935320423
f56a0df051c442e76a77663b,2025-05-03,0,middleweight,0.4809808862791397
d495047d0422766bf9f850a9,2025-05-03,0,welterweight,0.4510155389410454
087461f6bef4abba6c68dfec,2025-05-03,0,heavyweight,0.4625221774290882
0b74991d1601a7375bc27438,2025-05-03,0,womens_bantamweight,0.5575858883204156
8ba8e397555d48cc79bd8912,2025-05-10,1,womens_flyweight,0.6782689680552161
879cb14fd7465227487d5da9,2025-05-10,0,welterweight,0.5398418878609947
9122d3e8d1d3bda33f7269aa,2025-05-10,0,lightweight,0.15112984932053528
cc4fe78051ab7264eeb20988,2025-05-10,1,bantamweight,0.5129509967540237
717f5c4a1659f99c4216a6ec,2025-05-10,0,featherweight,0.38348874022211416
4ac7c11efaa7ee9080a898cb,2025-05-10,0,womens_flyweight,0.4620357179376965
2b1c9563dd7925d92b8f60cc,2025-05-10,1,featherweight,0.5032992033431739
3ef6bc5a5758b71d5b267891,2025-05-10,1,middleweight,0.4643705070381133
0e3085a60c2e3c5fd7e03c0c,2025-05-10,0,welterweight,0.37555516970662056
62c80d38ec66ea69619a5163,2025-05-10,1,light_heavyweight,0.3353750207311264
f493312d5f22609841ea16e3,2025-05-10,1,light_heavyweight,0.585637905547843
5cfd6dcef72523c8bc33bbec,2025-05-10,0,womens_flyweight,0.3702570790590765
8444b628fb85e0e4c713e046,2025-05-17,1,middleweight,0.633135370780348
595c1cd257144cb582b01ff6,2025-05-17,1,womens_strawweight,0.6681646596137852
764d40ffa13a207a8cef5a45,2025-05-17,1,lightweight,0.3376843241125419
c93c2ee36de8ad0b549a520f,2025-05-17,0,welterweight,0.3360987996737361
47f58df4a1ba8a790123c191,2025-05-17,1,flyweight,0.3662353458337581
6f771d9e2a51041fb7d36b9a,2025-05-17,0,lightweight,0.5687914121786104
1d1a1475b7ae1dd4af4545ed,2025-05-17,0,featherweight,0.2944151122245696
19c93aa6cae2496337287bc2,2025-05-17,0,womens_bantamweight,0.44871559156109375
780ea07ae3c2dc63a325f1c6,2025-05-17,1,lightweight,0.557839811460325
8ef614cd46790cd66f6c942d,2025-05-17,1,womens_strawweight,0.5169697243407583
6065bf0f2380b1ff771924e4,2025-05-17,0,featherweight,0.465236592286762
a04cf5513db9284fbe46879d,2025-05-31,0,welterweight,0.6114707819975478
896ec1d976131b842f3e94b8,2025-05-31,0,lightweight,0.32641515516562825
1d07d1283a57c6fc62da78c8,2025-05-31,0,light_heavyweight,0.41294517294319366
dd89cc1c8180870b90412295,2025-05-31,0,flyweight,0.5119285197918206
6a2dddd90ed658483113a486,2025-05-31,0,womens_featherweight,0.5397009921027456
cde8734e2bfe61cc56299b06,2025-05-31,1,lightweight,0.7741965530996635
0dd89b255e0029ee98c9dc4a,2025-05-31,0,lightweight,0.4808584273512935
de48dcdb0e98a700b1038154,2025-05-31,1,womens_strawweight,0.4332018122668918
045909eca3b647588aeb2f69,2025-05-31,1,middleweight,0.6111627404707668
8faf9dea67b09bd99b348c6d,2025-06-07,0,womens_flyweight,0.4279369364483067
1d69d0b5671a7b6fce7824cd,2025-06-07,1,light_heavyweight,0.6393967195042092
3597df50ab9c4e51486d7d22,2025-06-07,1,flyweight,0.8601909978430305
364fe5c4ef81f12bf32d31a2,2025-06-07,1,featherweight,0.5647928414643881
4085c2e89e65277c8b429e34,2025-06-07,1,womens_bantamweight,0.5500243095266036
31f17d5574301b9b6fcc79f9,2025-06-07,0,middleweight,0.3069124755324629
3c800cd719ae5d849907a6c7,2025-06-07,0,welterweight,0.5700735660033869
5f9fcc8328c9a38c706fe679,2025-06-07,1,bantamweight,0.8535235747073752
9fda84271a8c700f28723c7d,2025-06-07,1,lightweight,0.5834398608399955
97d44289afe583ab015ca9dc,2025-06-07,0,bantamweight,0.38779430493677086
b323c6af2951f92e18796d52,2025-06-07,0,lightweight,0.32081815488596016
388fd0a68cd33b740d38ccbc,2025-06-07,1,heavyweight,0.4369651116416409
6fad86bc4d49f015f99a505c,2025-06-07,1,welterweight,0.6009691413059393
76e418d35ed3e0f0e5bf278c,2025-06-14,0,light_heavyweight,0.534248952954231
61ce6598688c9491dae0c637,2025-06-14,0,flyweight,0.4108241735967392
091aa54174aa690811470eab,2025-06-14,0,bantamweight,0.5813333388089874
682de845c3ed0c6a9162b4f2,2025-06-14,0,middleweight,0.5888722155745609
fd7d62e31dd3384cbb0c95fe,2025-06-14,0,womens_flyweight,0.273317348375633
5acb29d01ff8ebd4e3ddb1ef,2025-06-14,1,welterweight,0.36560193891456183
b0e18e82c4258d5c716daf17,2025-06-14,1,bantamweight,0.7576748074323965
20c65e762c27eedc278d7fa1,2025-06-14,1,welterweight,0.6507041677870243
4d1c6f20df94ea83ef5e61c5,2025-06-14,1,welterweight,0.6170793886567447
f0ab13f1886542a2847e3141,2025-06-14,1,bantamweight,0.6667246424353805
762abc3f792ddae7e3bd7070,2025-06-14,0,womens_flyweight,0.36252844582028465
44c78b9f5f1b31ff3bd1dcb2,2025-06-21,0,heavyweight,0.09654181200486298
f94de5af522515fea5397b80,2025-06-21,0,womens_bantamweight,0.44642347752163847
41e47b9d6a4d1d927369ac91,2025-06-21,0,heavyweight,0.555547673929994
108b049c7b0a9a31781ff663,2025-06-21,0,womens_bantamweight,0.6167737841291179
46dfffefdbbb385309f0fc94,2025-06-21,1,middleweight,0.43618978150432114
dc0da8780f83f733d6135ea5,2025-06-21,0,light_heavyweight,0.681830363842834
640598167682476e4e82e2a1,2025-06-21,1,featherweight,0.49726819830051827
0a238bb1d642688260bfe106,2025-06-21,0,lightweight,0.4558506457965539
5bda6a238a9da05c7fbbe0ce,2025-06-21,0,lightweight,0.6379854979214707
315ef153376d66f5879dac52,2025-06-21,0,welterweight,0.6647955450072172
eb8583ac00a6323599a656ca,2025-06-21,0,flyweight,0.2116990604634339
29b54c255ccddac493a2134a,2025-06-21,1,catch_weight,0.6690957734891478
2e100976c7912f924b40ef8c,2025-06-28,0,flyweight,0.4082162569306789
cb0b0b0725275dabddfdc0d7,2025-06-28,1,lightweight,0.3319263818702735
2e7eb231b95160105221bc08,2025-06-28,1,flyweight,0.6427229635626246
f2e78a8508a2b4a45b083944,2025-06-28,1,featherweight,0.2980671160795186
22a080c10f46376f89886971,2025-06-28,1,lightweight,0.8633226855330629
3dfcc06e8fa2e4a45e87f8c1,2025-06-28,0,middleweight,0.5368787297602555
024df74fcef0ae4d02b370e5,2025-06-28,1,heavyweight,0.6417954308912868
87c467d1d08f5fb738e3d521,2025-06-28,0,welterweight,0.543989468373055
35104535682e463eefb2c492,2025-06-28,0,bantamweight,0.6597962769937544
d77290b270a306d23265bdc8,2025-06-28,0,lightweight,0.3314829002411486
5a15a8a28f896fc4cc3d080f,2025-06-28,0,womens_flyweight,0.5243925580743002
2ccfbdd8d524feb831c34bd7,2025-07-12,0,featherweight,0.33115967668881924
46e4b0c0b095e6a1824455ba,2025-07-12,0,heavyweight,0.8254530472125269
9370d0fe112233ac16bfa61f,2025-07-12,1,womens_strawweight,0.6053934135140142
9c1fb56e609cbd6a1fb11633,2025-07-12,1,welterweight,0.5461093902364424
bc58565640e77c2276e10024,2025-07-12,1,light_heavyweight,0.27582272795012397
a77624b11d3a278d52c22094,2025-07-12,1,heavyweight,0.4959814004539994
f835d2868533801b21fc9f1b,2025-07-12,0,womens_flyweight,0.34688532314307907
07eb8178c0f1cf3e7ae4f656,2025-07-12,1,welterweight,0.44104465134230675
6f6dec82453fb5221dc8b8b3,2025-07-12,0,lightweight,0.2041461173330585
e49701832d493785c599056c,2025-07-12,1,featherweight,0.5569652036177052
7e0d55ba3c587ab22f4267a2,2025-07-12,1,welterweight,0.7805493186505409
59d3a43566d9ee6b8ec44611,2025-07-12,1,heavyweight,0.621639674109723
ac9b9ca1d346c1d7a4efa04b,2025-07-19,0,welterweight,0.42869969569033767
be17518bc4995180ea470f55,2025-07-19,1,middleweight,0.7131653075329788
d0dec993d7bf19ccdf13c55b,2025-07-19,1,middleweight,0.4965062185214089
4f8792a3e30a26c648e37f7f,2025-07-19,1,womens_flyweight,0.41453544547914367
47f068eaf25694d3e2dedc0e,2025-07-19,1,featherweight,0.19695079819660147
d00277048709f53e5e823331,2025-07-19,0,welterweight,0.5948443338615891
5886c517a68a27c8922390f0,2025-07-19,0,light_heavyweight,0.3544045515229892
55abc58474afd8c488ee30d7,2025-07-19,0,welterweight,0.64372456855051
31f78d290574d211242599f6,2025-07-19,1,bantamweight,0.5745755613852442
7f140b8e8eb850af317805b6,2025-07-19,1,middleweight,0.6092537287084633
fe7e69f66ef7c35197993b50,2025-07-19,0,lightweight,0.35472719967404304
ef74365ed86abf1cc45a1797,2025-07-19,1,lightweight,0.5245306271245301
4ba6aa5a4cb23a41969443b1,2025-07-19,1,middleweight,0.4940722819507496
249fc0ac1a643b51873825e3,2025-07-19,1,heavyweight,0.6023674139098071
4cf3d33ca45adeb8796cbfad,2025-07-26,0,womens_strawweight,0.5147557335236914
61aac29ee250562ae5af045c,2025-07-26,0,flyweight,0.4281765571414074
f41a705d58f918c9be91e699,2025-07-26,1,bantamweight,0.6734728890909545
304f8691454bfb71f6ae7be8,2025-07-26,0,bantamweight,0.6552309612530662
42b7976b1cd7ef4d25023afa,2025-07-26,1,light_heavyweight,0.34746988391746586
0ed1b38a437d44a3f5abfdaf,2025-07-26,1,heavyweight,0.67467463962182
d263febfc5fdbeee8f58b3d7,2025-07-26,0,featherweight,0.47689142679788193
c7c669bbd319cb2c2c87bab1,2025-07-26,1,welterweight,0.5165438739294314
684a65cf1decc3485242d4e8,2025-07-26,1,light_heavyweight,0.3578246112174069
1813b343ffb8aa8b2cc16194,2025-07-26,0,bantamweight,0.29871676311978856
9b2be6df340bee34f4428a78,2025-07-26,1,middleweight,0.5725388533435894
74c6f9010e443faa822b5de2,2025-07-26,0,middleweight,0.25213258047982623
d2351ac652a2bab2080418a6,2025-08-02,0,featherweight,0.31040889620838125
5ebd51be5dbeb7c202cd6084,2025-08-02,1,featherweight,0.34228412445579526
7aa5337d0d17974526f6c0ba,2025-08-02,1,lightweight,0.5129587525826722
b03dd1e813c8588475d9f81d,2025-08-02,1,womens_bantamweight,0.40394591501422067
bd28e5af8d5f43e74bc83fa8,2025-08-02,1,lightweight,0.5657054390412065
46d87220040c3475480b22ac,2025-08-02,0,welterweight,0.41569672011083786
bd594c3f831ad998d30d3849,2025-08-02,0,middleweight,0.5578548036546582
7e20097120c6860e72b430bb,2025-08-02,1,womens_strawweight,0.6099364590960394
382ceb31d4d48f8aab9da86d,2025-08-02,1,flyweight,0.6020350236451915
2e73637cd749398a55647476,2025-08-02,0,bantamweight,0.5726217349350126
52b21a901e1d3f725068746e,2025-08-02,0,middleweight,0.23447087522101284
0cdb2c7c499c7f12c59d5076,2025-08-02,0,flyweight,0.4280799886829017
baa3a0b5bb66310d24d30724,2025-08-09,0,featherweight,0.7670975599465247
a0f1373d72f4360e3aaf5424,2025-08-09,1,light_heavyweight,0.5231930162014025
dd55b10f0cf629737061b72f,2025-08-09,1,bantamweight,0.5148237962060926
ffa16f1988ab9e3541b7fcf9,2025-08-09,0,middleweight,0.38973371801768175
c16987de09fa3dbd489de454,2025-08-09,0,womens_flyweight,0.37919804449135597
2b3b2b67749e1bb892cf0acd,2025-08-09,1,womens_strawweight,0.5522148178263766
2ea0d44515ec523b78e2da31,2025-08-09,1,womens_bantamweight,0.7812606320713782
e9b686239850bd67761c5ec9,2025-08-09,1,light_heavyweight,0.7419065482763901
b52eb401eabebbc3b68e5a85,2025-08-09,0,bantamweight,0.3740794001509215
54b6e104899342805ddd9222,2025-08-09,1,middleweight,0.8062889465947276
5e92a9a9bc58ece830a866be,2025-08-09,0,bantamweight,0.19715358770979635
0140ff0489c619d42f8a0ba9,2025-08-09,1,welterweight,0.5879982962950351
b211de80fd6516d120afb179,2025-08-16,0,flyweight,0.4565856648315012
27cb9c0f0ecabb4020799a52,2025-08-16,0,middleweight,0.4174423149046058
234c73ef7b9a7927fe06956f,2025-08-16,0,lightweight,0.8269079243993688
cdf24ad78589dd6b959aae41,2025-08-16,0,middleweight,0.4140518789806805
8506c9dc71d90951f7c2734b,2025-08-16,0,lightweight,0.29977385422842795
0969559ba428b44f26855dcc,2025-08-16,1,welterweight,0.5581113981894119
f3951fd1ca68c3288746990a,2025-08-16,1,middleweight,0.39132079217838417
c7dd9f5c6a0aaedcf7fe644c,2025-08-16,1,middleweight,0.5447826352148855
be776ecd0666a524bf1ddb52,2025-08-16,1,womens_strawweight,0.46627861183297886
8d971b809930f012282424d0,2025-08-16,0,womens_flyweight,0.43261919920512204
291d07fa6322574143c38d57,2025-08-16,1,featherweight,0.8881532963672853
bc0eb80d7162533c77f7ece0,2025-08-16,0,flyweight,0.6891898981923243
95bd8df921ea22d128443178,2025-08-22,0,flyweight,0.4135705473975695
7abd8d8e5a8fc15a498dff04,2025-08-22,1,womens_strawweight,0.46924132691667864
2b17cff59381fe0c3eff3d9d,2025-08-23,0,catch_weight,0.27269997940906665
971111ce56c35402366b9b77,2025-08-23,1,flyweight,0.4923418852264802
db224424e2e8045da25a2896,2025-08-23,0,light_heavyweight,0.6344307669365382
b34ca09bc7be3fc0081881aa,2025-08-23,1,lightweight,0.5632785656942536
b4141bedb0af0b5c37add0e3,2025-08-23,0,middleweight,0.7099363957933797
dbd5352c89d5eb4c17fe7c41,2025-08-23,1,lightweight,0.6512704688836339
ce54aef08e800fa98afcab2d,2025-08-23,1,heavyweight,0.6051943663240181
043a909f41c4417e201656ad,2025-08-23,1,flyweight,0.5607144011023149
75ccd3b3fa917b9b2fc527da,2025-08-23,0,welterweight,0.4766151346023766
c2c392b6c345eaf81f091abb,2025-08-23,1,light_heavyweight,0.5135031739682466
aaa1ee69d1c8adedec2ed0ce,2025-08-23,1,bantamweight,0.5957604341578275
19c48d0092cc20527adcfae4,2025-08-23,0,featherweight,0.507038139061571
bdbe4caef667af15730fa7bc,2025-09-06,1,welterweight,0.470660351748789
fc8351175b2ac09f0e8d1a7a,2025-09-06,0,welterweight,0.48144061344188194
25e249d53f5f7892cd67849e,2025-09-06,0,lightweight,0.4117112921955146
ddfc0bc76dca722735332127,2025-09-06,0,lightweight,0.47885526686048396
de86f6f682b93bce0597617a,2025-09-06,1,middleweight,0.3646679222410797
0f9e5bb0fbdd52c5494ff57c,2025-09-06,1,lightweight,0.6705297934217487
df0fc2686fdb22931ced0ede,2025-09-06,1,heavyweight,0.2424424679607295
fa090d54d2b757cc1aafea97,2025-09-06,1,light_heavyweight,0.5612009533147112
0ed5675eb3801a48b0335afd,2025-09-06,1,middleweight,0.5859881227528048
59ead85f13c9d2f09879497e,2025-09-06,0,light_heavyweight,0.20352428604508538
1892f3b9b4f3f9c8faa4c96d,2025-09-06,1,welterweight,0.32271600756734053
a291420436ccdbd80fef7952,2025-09-06,1,womens_strawweight,0.4934580078422927
1a292e2c83b63803de83f158,2025-09-06,0,featherweight,0.31714334781610465
18c4672055196f93486642be,2025-09-13,1,flyweight,0.35659337176977934
8299a8eeb3e657cfa6e00115,2025-09-13,1,lightweight,0.6418233738042879
c6e2b1f222bed62450b9ca12,2025-09-13,1,lightweight,0.3042599824713007
b287b1f453d1d7bf8bad3ee1,2025-09-13,1,featherweight,0.8793173072310376
c1c35ebf47c4980926d90cea,2025-09-13,0,flyweight,0.427489495237133
5f287af644802d136e0fdd6c,2025-09-13,1,middleweight,0.5747998619582849
bee31ac5b44e1cacb29e970f,2025-09-13,1,middleweight,0.4822576445238018
ab7fa262752795b97960769a,2025-09-13,0,womens_bantamweight,0.48235335822472575
79c460f7318e1e47b6c052a1,2025-09-13,1,lightweight,0.6021704863574844
352016f0046a29a4cf067452,2025-09-13,1,bantamweight,0.2505137463380211
1df56064c8f7e1ca441000ea,2025-09-13,1,welterweight,0.4436277057812369
8fd221a4ec3d93cae773c96d,2025-09-13,1,bantamweight,0.2686970890351259
3af436048b664bb4bab1747e,2025-09-13,0,womens_strawweight,0.32207526322248714
b4d27de492bec1e8df9a62d7,2025-09-27,1,heavyweight,0.43105323578850147
6f4bcf6d5975f9761b5ead36,2025-09-27,0,middleweight,0.6009116685864553
db1b4578fd8497038c89942d,2025-09-27,1,light_heavyweight,0.6541593500278252
c511c22373e257618013d581,2025-09-27,1,bantamweight,0.5814053730871365
ae55c7192e5d47a30cc2fb22,2025-09-27,0,featherweight,0.34445306754171917
9d0c81bc55d131b7f66d9d94,2025-09-27,1,welterweight,0.4790141968473824
00288cf52176ab1dbb2cc531,2025-09-27,1,lightweight,0.5261147616656979
6a8e3d42040f64f6d57ae1d4,2025-09-27,0,light_heavyweight,0.4191249041199475
7097b2221f841d15c01dbf24,2025-09-27,1,womens_strawweight,0.437142098094553
3d0e9c190c7e5481dea541ac,2025-09-27,0,womens_bantamweight,0.5274596288334579
5f1fd8af123c697d3061879f,2025-09-27,1,light_heavyweight,0.6413607973241515
68b64ac5c0332df51465f88f,2025-09-27,1,lightweight,0.35193603900834614
ed978d51d031ee916f25dd1a,2025-10-04,1,middleweight,0.5578717636569761
4e367ca70eaa96509505b7cb,2025-10-04,1,middleweight,0.599090221351739
709e9bee2f688085c57f688e,2025-10-04,1,bantamweight,0.38296627177042486
22f89b26113958f50084b18f,2025-10-04,1,catch_weight,0.5658812111596384
1eee1d676aeffaf51a2b9d78,2025-10-04,0,middleweight,0.4193602972479025
d249a253ad910b943083e7ea,2025-10-04,0,light_heavyweight,0.29484589217567864
7f5b402bffdbbc826147235e,2025-10-04,1,featherweight,0.6995182837638464
20c03baca24710fcfbfe0242,2025-10-04,1,womens_bantamweight,0.4483576372407667
dcc2e6e7411f3944512299d7,2025-10-04,0,light_heavyweight,0.6379839035072357
5e117965c711a3d5f2a9e9c8,2025-10-04,0,bantamweight,0.1989858709808459
201ed48b53ff246acba1ab88,2025-10-04,1,bantamweight,0.30480127518136807
09ac8afbd2cc9b257f2e8306,2025-10-04,0,welterweight,0.33321706167610077
c5917f4f1e1cf6b675e32144,2025-10-04,0,welterweight,0.632356206146507
99d6452ad91ac6ff439de7d7,2025-10-04,1,womens_flyweight,0.65882801000814
cb8ccd5d0831bf843e955f03,2025-10-11,1,womens_bantamweight,0.5171978602895987
18b39d231248ccee53c89ddd,2025-10-11,1,lightweight,0.40669508614251026
03a543eeb416418534a1ad7a,2025-10-11,0,bantamweight,0.6300704809216857
b7d852ed25bf520bde28ae0c,2025-10-11,0,flyweight,0.6029530295325248
c4f1f0b03ee372772297d6a3,2025-10-11,0,heavyweight,0.712654051083161
c355a95281d0bb24253a58cf,2025-10-11,1,womens_strawweight,0.6716036004411755
38502208fcf7aa54d4175a66,2025-10-11,0,bantamweight,0.44139744863092883
9682d291035a4cdf92d734b1,2025-10-11,0,featherweight,0.386875670835494
3a225fd88aedd7470a6d4bb1,2025-10-11,1,flyweight,0.23832761452638226
bdd0c94f847b24ce027516f2,2025-10-11,1,featherweight,0.4193119332028375
e3df3e921925fccc181da162,2025-10-11,1,welterweight,0.632607471461764
2ecdc510d451e22fd234ae04,2025-10-11,0,heavyweight,0.39849470274486315
94ec5f7ab1575370207a10a7,2025-10-18,0,middleweight,0.6632690453953962
39709fadea483459750ee0d3,2025-10-18,1,flyweight,0.42911108273417625
66577356aef81e24594004c9,2025-10-18,1,bantamweight,0.7220194808219768
15548b82be638ac1b2eac466,2025-10-18,1,bantamweight,0.5010802103340722
622696dcf96f7d587f47e242,2025-10-18,1,middleweight,0.31412719132960415
740a455af5085a3f2c1eef53,2025-10-18,0,welterweight,0.5475335033179781
345aca7881b9ddcf27a514cd,2025-10-18,1,lightweight,0.5972345250950224
75d3d5b97313d4d18e906f49,2025-10-18,0,lightweight,0.32009458570583343
365b5fc719da0d2385a59156,2025-10-18,0,womens_flyweight,0.4078633838994048
87ea0631cd81020d01da2654,2025-10-18,1,bantamweight,0.5721786319440175
5390608b009af04d7f64d13d,2025-10-18,1,womens_bantamweight,0.4300893616982539
aeb6853e611533c931b46fc8,2025-10-18,1,middleweight,0.3437703477872578
c2061b903ce3af74a069617a,2025-10-18,0,womens_strawweight,0.5117158697612595
c5b5850073d5e3d638f844bf,2025-10-25,0,light_heavyweight,0.4899987238991339
e7819d000fe73ae512a0393e,2025-10-25,0,heavyweight,0.5610985252801169
3a4607b556fd9984e619b223,2025-10-25,0,flyweight,0.3494380801912954
4c1e8b4b86851ed942461ccf,2025-10-25,1,heavyweight,0.6331763090617887
d27009e46489a08b080b275c,2025-10-25,0,middleweight,0.4276462393808622
bb811d20bb3260b00315fdfd,2025-10-25,0,womens_strawweight,0.7526493122049969
dc5678ed360be4d79f153704,2025-10-25,0,lightweight,0.454946514277402
a731ebf6cb5c92adcc5ba9c4,2025-10-25,1,lightweight,0.6684736747678949
ddc02966aabeab4f66f2685c,2025-10-25,0,featherweight,0.435146865778819
c72755050a62c46de10af57f,2025-10-25,1,bantamweight,0.5987958148266702
8ee86b085de19d5d4a98da9f,2025-10-25,1,heavyweight,0.6684104119454473
da5da2d4c3ee8d5571f36c6c,2025-10-25,1,womens_strawweight,0.37057482552216675
1c9a74932f1083cd6a71cb4f,2025-11-01,1,womens_strawweight,0.7825218388080614
5bda27b8965c794787c80650,2025-11-01,0,catch_weight,0.26332761197520316
0b4e762b2fe4c547e8dacd17,2025-11-01,1,light_heavyweight,0.5488740883705051
bf4af8c3ccd13afa0d906d05,2025-11-01,1,welterweight,0.6835565906340476
098f5af1ef9e2f1e8966f0d6,2025-11-01,0,middleweight,0.39607925819131595
9c26e0952606e58b88586302,2025-11-01,1,featherweight,0.5454512888704415
c66cf25409ba381b4cf0a247,2025-11-01,1,welterweight,0.3888252455103949
edeb5c3b96f6053959dfa678,2025-11-01,1,womens_bantamweight,0.6122246974756189
337894a95c0b59535c562f06,2025-11-01,1,welterweight,0.619962578318567
b2e60281a4939d851cefb072,2025-11-01,0,featherweight,0.40581483100088134
f7043d547a9c10f7fd7ce4b5,2025-11-01,1,womens_strawweight,0.5207928401839516
3d415bce159aec85cec0457f,2025-11-01,1,bantamweight,0.3516983152358097
cf3d8e5fe12362623fd226ea,2025-11-01,0,heavyweight,0.43421461586835214
0b350ddefc89ce8d642a388a,2025-11-08,0,lightweight,0.4729953066440021
c9ce03bdb840283ab55d5cc6,2025-11-08,0,middleweight,0.5210334536229377
7e2348d0d4e1e4d4ce769a6b,2025-11-08,1,welterweight,0.6512485328972298
8444ea7db6924b529be3c711,2025-11-08,0,featherweight,0.6559230936386335
66050e7b8d70a5e23a01623d,2025-11-08,1,heavyweight,0.43105323578850147
d9c50eba63ea6b2915087d42,2025-11-08,1,flyweight,0.7767666403758537
c8841413fd1221cd0aa13ef9,2025-11-08,0,womens_bantamweight,0.268975991191464
bbeb325bf7cc59a2be8dbc64,2025-11-08,1,bantamweight,0.6581764619275998
6b76e8a825108393defee806,2025-11-08,1,welterweight,0.4802794680878772
8ebe1d895ab2453eb9f769fc,2025-11-08,1,bantamweight,0.3125015604668751
63f65d17e669efdaa957b86d,2025-11-08,0,womens_strawweight,0.46333784476429546
a875e31f6b8ddc96ee7d11a6,2025-11-08,0,catch_weight,0.3238800452032313
e3c446ad77f7b94cdaf543ef,2025-11-15,0,womens_strawweight,0.4428855271896692
e4224d67abc1dc6ea84a714a,2025-11-15,0,middleweight,0.25826524499643944
7218239385ecbf94927325e4,2025-11-15,1,lightweight,0.45650888430409253
1171f53f9006121e6cfca38b,2025-11-15,1,middleweight,0.5206440632926682
61fe2bc4f19ca9e58b98abee,2025-11-15,0,womens_flyweight,0.35241062811608626
eeb6e7bf87c2a68ea957c464,2025-11-15,1,welterweight,0.6690799216708426
301daae5af50f500a045aacf,2025-11-15,1,middleweight,0.4969056808115412
91815419bb1f8e5f10137edb,2025-11-15,0,welterweight,0.580196520160427
c3e20a6fb0e995c104302cf3,2025-11-15,0,featherweight,0.675941053998396
4337c9275478185d970fe51f,2025-11-15,1,featherweight,0.3558026480640451
0c349d383774593f2f523421,2025-11-15,0,middleweight,0.38893947472845875
24dff7c31ee8f9de3cc1ad45,2025-11-15,0,welterweight,0.5204902791304733
135ba1d08d95c69f6876dc07,2025-11-15,1,womens_flyweight,0.5174262677621752
6ebd54113023d3674cb6f6e9,2025-11-15,0,lightweight,0.389152749726769
e553a07fed3c4dc09fb01a68,2025-11-22,0,light_heavyweight,0.40417310981975235
5a2dc1ef51e7b45f9d3a0605,2025-11-22,0,flyweight,0.39358016409576163
383bdb229d4071c35e69a84e,2025-11-22,0,lightweight,0.1995315810829383
586d6a9b35106a95599326fe,2025-11-22,1,bantamweight,0.5917733541453154
c399510064a79f3ead47210b,2025-11-22,0,welterweight,0.4089087062812228
83a1824281316f3cbb390fee,2025-11-22,1,featherweight,0.23418890435990516
438d439d919b64be8a5846b5,2025-11-22,1,middleweight,0.5805409836068975
e92e2271695a45eed0ac693d,2025-11-22,0,welterweight,0.5333213890220135
bec9a3d1c86d7d07fbf8b14d,2025-11-22,0,heavyweight,0.43105323578850147
d10fff5ba41fdf47e9035da7,2025-11-22,1,welterweight,0.6582241911687825
a4564a86742578658f7a3076,2025-11-22,0,lightweight,0.28956962901168126
f7b4ebc3071afc261abaf2ad,2025-11-22,0,flyweight,0.46978362812559293
7c0eebe7bceb329e099b7ddc,2025-11-22,0,light_heavyweight,0.44576121104862115
5bf9e54d00be75d53de53c77,2025-11-22,1,heavyweight,0.6645987775288567
47f6ecefbf8a9700f9ad1b13,2025-12-06,0,flyweight,0.4431162553162565
83692f9275a75c75929d7246,2025-12-06,1,flyweight,0.5742617127137088
cb4e9cdeed597ad851824748,2025-12-06,1,lightweight,0.7412033994798897
957f73009ec79eed9d70fe05,2025-12-06,0,lightweight,0.6878782620655534
f4c2621e31660e542c75a846,2025-12-06,1,bantamweight,0.3414795930717464
ce59dd7a88406c8bcf7babc7,2025-12-06,1,light_heavyweight,0.36581024601059964
a50ce0633a2d49672fd3e128,2025-12-06,0,middleweight,0.20233622647900676
a503b23af13914d375594d73,2025-12-06,0,middleweight,0.6185010838449144
abd27ebef4489e8b3d0a5c0c,2025-12-06,0,womens_flyweight,0.3329288793315764
c828bc8375bd94f9ad322b32,2025-12-06,1,bantamweight,0.28118403540247466
7bd784b622245218baab22d6,2025-12-06,1,featherweight,0.4823611594027712
7dd5c823ff70d42fca421b92,2025-12-06,1,lightweight,0.6986408826534181
0da6a363382c422948bf35d0,2025-12-06,1,lightweight,0.5168470119075317
c3fd3930987eb83f7a242598,2025-12-13,1,heavyweight,0.43105323578850147
b0aae381897728400b9adea5,2025-12-13,0,flyweight,0.44752768161672773
1300bcc73318fc700957f622,2025-12-13,1,middleweight,0.29354609045796864
e5dcb77b8e3eda2b38e4f757,2025-12-13,0,featherweight,0.47643841395753267
80b5125aec0e6f993297001b,2025-12-13,1,womens_flyweight,0.6392918388144196
bd01ac96973326001df2976b,2025-12-13,1,featherweight,0.6800197285126263
1665176a69e81b9c8748aaaa,2025-12-13,0,catch_weight,0.22264855655798407
7ee792bdd0cf3b67f9851a0d,2025-12-13,0,womens_bantamweight,0.4050465172540957
c7bec709fdd7e9d3d188df67,2025-12-13,1,featherweight,0.6236892015067727
c6bf93754b654bbb787c7588,2025-12-13,1,welterweight,0.30367597939740726
72c1bd69d88f3491434a5f08,2025-12-13,1,heavyweight,0.4708719364115857
82850cdbea46ec0e25946058,2026-01-24,1,welterweight,0.4593233936411755
6ed204c17993ad6a38953727,2026-01-24,1,flyweight,0.47670873654942386
bf203fd48ac38ab591ad658e,2026-01-24,1,featherweight,0.11341964161668341
c71095d598c41bc25458981c,2026-01-24,0,middleweight,0.2770316072751743
45b118dd2a7a84c7e6879c08,2026-01-24,0,heavyweight,0.5930692447191658
c75491aec4ff89a8959a2d28,2026-01-24,0,lightweight,0.5920787226344999
17e3977c144b369d26b7054b,2026-01-24,1,womens_flyweight,0.5073427006479394
6cd7ac778689394ea2edaa25,2026-01-24,1,light_heavyweight,0.4637930947802574
f0309fa4738d9fb14d2fd95d,2026-01-24,1,bantamweight,0.6031794419814558
86815bf5667655ee2e11e3ed,2026-01-24,1,bantamweight,0.7655590141454256
ac2e282d3cd07bc055d9aedc,2026-01-24,0,heavyweight,0.17074252140644713
bf0d30898909dc8434fca8e1,2026-01-31,1,featherweight,0.3996281665345001
e84bafbb79b9fdf1f9a4c7ce,2026-01-31,0,middleweight,0.3211868719177788
2d20d9db3db2975b162430e2,2026-01-31,1,lightweight,0.6891486658386805
b276aa7b3862b8a5808a20c0,2026-01-31,0,middleweight,0.3248509709527452
598daafdd2887f4042da01d7,2026-01-31,1,welterweight,0.4587105937510558
2a2be08b8647e8819e4e7d23,2026-01-31,0,light_heavyweight,0.35294999055210763
b4f83c62c1a302608fee4c30,2026-01-31,0,featherweight,0.28721792681132996
2f7e2a996930e904d946b0d0,2026-01-31,0,featherweight,0.4859249581540685
6d166b2e116fe2350d4e4b60,2026-01-31,0,lightweight,0.157923256575595
c40943510405d6753810227e,2026-01-31,1,lightweight,0.4950112443170107
acd1c7251c1560f573ef62c7,2026-01-31,0,lightweight,0.4859249581540685
cf734647c7a8fafc0d1266b2,2026-01-31,1,bantamweight,0.4859249581540685
0a64c3e27d7fc6c2d17fbe33,2026-01-31,0,heavyweight,0.2790439278854789
4d3b0f2ec14570a88d2c8bf2,2026-02-07,1,welterweight,0.7614645364001517
c425b93c658e819194590de3,2026-02-07,0,flyweight,0.2001970464514133
a74bb6253b6400390ac5fdbb,2026-02-07,0,womens_strawweight,0.49368518510011866
9be29f1a447c830c4a583fea,2026-02-07,0,light_heavyweight,0.5086105700750215
93863546bc346c2c690e1d89,2026-02-07,0,heavyweight,0.6622153899600307
7b34da1460b25e212a1d8ffb,2026-02-07,1,bantamweight,0.6725721960557132
949130cc2494cd5b2faa1264,2026-02-07,1,bantamweight,0.5874843878890756
75b5f1ec3f038276e8d8f5cb,2026-02-07,1,womens_bantamweight,0.5956718883968956
ecb0adedc96a323aa7b99d3d,2026-02-07,1,bantamweight,0.35651457068157044
9bfcfb42830b0025d39a51b3,2026-02-07,1,middleweight,0.6745459954464961
94564392584f20781d869513,2026-02-07,0,bantamweight,0.701149819771526
de2a60852f08289a526c754a,2026-02-07,0,welterweight,0.5885367801942619
becb0895c49c3259307dd8e3,2026-02-07,1,catch_weight,0.37310010361383156
45073665a18a8f7f89b24eea,2026-02-21,0,flyweight,0.27434899946366764
1517e96809dbc885308879d1,2026-02-21,0,welterweight,0.48336623046205385
4574f78abb56d5a674cc043f,2026-02-21,0,featherweight,0.24915594890556703
f436ebc22db83f3ad41a4e90,2026-02-21,1,welterweight,0.4235430620437736
3b409b848e9dcc8ef4e83ec7,2026-02-21,1,welterweight,0.6175485038347927
f3531b5aac43526818a4b456,2026-02-21,0,featherweight,0.7160324610244877
7ca418b4bb525d977459acae,2026-02-21,1,womens_flyweight,0.6562371775062653
53ee52f4691a20b04eb18cc5,2026-02-21,0,womens_bantamweight,0.5527486614175681
ec31dba808dabf07c9e32028,2026-02-21,1,welterweight,0.3469917092481481
67df84ed09a55fa6a81f8977,2026-02-21,0,welterweight,0.44436850431336555
fdbf137d6ae3bc8a547299b7,2026-02-21,1,middleweight,0.21455697712730684
a3b9c01a6ade4da623999c36,2026-02-21,0,heavyweight,0.5113569008228527
8439a47c592a91fa4e4a37ab,2026-02-21,0,middleweight,0.3490638797118799
fbe23b59c0f621d06006d154,2026-02-28,0,womens_bantamweight,0.3624764962616638
ff52cdb73d7e3892507e29eb,2026-02-28,0,flyweight,0.6911780270089142
3fdd971f778608f10f39941d,2026-02-28,1,bantamweight,0.6277501591588845
bbc83dc430907e389c5797b7,2026-02-28,1,middleweight,0.4776649308360507
2077c2890c41a9b316ed868e,2026-02-28,1,lightweight,0.6793105899180769
f03a87113a5b4a41789518ce,2026-02-28,1,featherweight,0.5703483380597069
8751f42c0e4c3aeeeb87e5f5,2026-02-28,1,flyweight,0.28925558496930864
9082c15b81e2e51a642ac078,2026-02-28,1,featherweight,0.4506384060563916
22ec0f3aefb13116f8ada58c,2026-02-28,0,flyweight,0.5074686854079947
9010510737fbee093fd3bf77,2026-02-28,0,bantamweight,0.474942051266906
d459a63787315f3eb1a502d2,2026-02-28,0,catch_weight,0.3849759056460589
70ba1e925d41019126005eef,2026-02-28,1,middleweight,0.6225393805441913
d2d4410e876a93f8f976e7dd,2026-02-28,1,bantamweight,0.6498957661240978
318c47554f83861a25c5e91b,2026-03-07,1,middleweight,0.3511596057251703
bf1aec6f70f260624d3b9b53,2026-03-07,0,flyweight,0.5262275522428691
94147872239a767c2e857a45,2026-03-07,1,bantamweight,0.6249235456574102
f003622738f0c9f29a53f83e,2026-03-07,0,middleweight,0.2933989485560208
4835a22ad6b6553e6381e2c4,2026-03-07,0,lightweight,0.45035190740457465
f43a8d832e5416125dec762e,2026-03-07,0,middleweight,0.36355307561745903
6be0d12218d6b71924bdd528,2026-03-07,1,light_heavyweight,0.6245861768081168
0ef38a78abeb8ae87231f88a,2026-03-07,1,lightweight,0.44345212947022833
7f4464f49e34e59fd11f180c,2026-03-07,1,light_heavyweight,0.5560020927799042
3fdf134a7e134c04b4f0d2d1,2026-03-07,0,featherweight,0.3558349636439983
9aacc228933e9457bd940b43,2026-03-07,0,bantamweight,0.5146365112151704
fcd42646fa23e7f9e7c2f132,2026-03-07,0,flyweight,0.4486180044785517
6e42054fd40a5df987fe2c39,2026-03-14,0,womens_strawweight,0.503435708842311
116e4ab38bd010556899ca28,2026-03-14,1,featherweight,0.6422353991979401
2690cce2008297ed0261a224,2026-03-14,0,womens_bantamweight,0.32922305530311646
c3a3f9b49a9c711c66a3aa23,2026-03-14,0,lightweight,0.5709501045858956
e3e6be0a6a1785a18f06128e,2026-03-14,1,middleweight,0.5158089234420229
ebb2487b1e6c4a73375992db,2026-03-14,1,flyweight,0.6484822792034851
5cc3762bafc47314ac659de6,2026-03-14,1,welterweight,0.6136994986810727
1f1970ca73ded18e7d6dd680,2026-03-14,0,bantamweight,0.5538069879184425
97ed259a73928d4abea4e0a4,2026-03-14,0,light_heavyweight,0.6512271598372148
f2a19b392eaf6ecf53918ab1,2026-03-14,0,featherweight,0.37156579663800093
613f4b3d810c24745156c6f8,2026-03-14,1,bantamweight,0.5032529504618696
31a95d4534aebcbbd9f314ae,2026-03-14,0,featherweight,0.4929697723257346
eba61851d1d4237a787f4444,2026-03-14,0,womens_strawweight,0.48042749686106256
740bd64cdeb01e720d9478df,2026-03-14,1,heavyweight,0.4686108354442846
e50a767f6a27aaa8720affa3,2026-03-21,1,light_heavyweight,0.4911995343420904
ffc429f950fbc788ac732b76,2026-03-21,1,featherweight,0.5922403858730962
122b983ee76fcd5fd1b84173,2026-03-21,0,heavyweight,0.11181954009877461
2778b98b4b52fccf791a4af3,2026-03-21,1,featherweight,0.5536977360089823
c56f7132344781296abc57c7,2026-03-21,1,middleweight,0.6002434238606494
b928e149ebac6e5d829df31b,2026-03-21,1,heavyweight,0.7403980311555481
329f4134dd3d46d0e186fe60,2026-03-21,0,lightweight,0.3645236269642069
6d77f259cc07c1a082888097,2026-03-21,1,welterweight,0.7373227664563364
81753156ce7e294bd08ce590,2026-03-21,0,featherweight,0.4946163515564825
953466079f24c362d4b7033b,2026-03-21,1,featherweight,0.7145215006147824
08cc754bb366d03f4aec7fb7,2026-03-21,0,middleweight,0.4028596084806466
ea64fc32bcf0802d11eff113,2026-03-21,1,womens_strawweight,0.5131669748278895
b4b56d5288851656d6c14539,2026-03-21,0,lightweight,0.623757820075234
13932cdbe9d5de2ec76a5fee,2026-03-28,0,womens_flyweight,0.6704829285859368
7f89cb9c54fb491989693434,2026-03-28,0,womens_strawweight,0.30894212936565146
5b1cf02705f639a607b7a9f6,2026-03-28,0,womens_flyweight,0.3379886527753803
6e6499328bda5652d5e67268,2026-03-28,1,lightweight,0.3819646736395275
c0efb94625712dc6ce57d4a7,2026-03-28,0,lightweight,0.6615347255071882
c03ef62e877b68710a00fda6,2026-03-28,1,middleweight,0.5522211478601844
ded7cab12afa5e8136d32e03,2026-03-28,0,featherweight,0.6596542155367139
adb0e912e19c69abf28331ea,2026-03-28,1,middleweight,0.7056661564522079
9f71c631b76c14e341b8d005,2026-03-28,0,heavyweight,0.6938965235007337
089cb7f1d5d705a0045e8fe3,2026-03-28,1,welterweight,0.732194624145767
d88a8044ec31d862af12c982,2026-03-28,0,light_heavyweight,0.31082466524384184
2d8fec6e060b91d367e67549,2026-03-28,1,lightweight,0.512846201683865
38428a63561ebfc036261e52,2026-04-04,0,light_heavyweight,0.0990717035844868
6d6f4b2e916edab178747e5f,2026-04-04,1,flyweight,0.6717903368207893
9a0a82b8eefa40a31da05ef9,2026-04-04,1,womens_bantamweight,0.7912732085934768
8960ce5092f5f88135d6e47c,2026-04-04,1,middleweight,0.39723461615349803
e398470a69160ec364593eee,2026-04-04,0,womens_flyweight,0.5360108564001445
0a008748711d14843fd48f78,2026-04-04,0,bantamweight,0.528868060500705
4190a293ed302172c923038d,2026-04-04,0,heavyweight,0.5636649468648585
5601cf561a4aa0308a570064,2026-04-04,0,featherweight,0.6525634990685628
cd8f14862e82622863c3da12,2026-04-04,0,lightweight,0.624499321871957
e0c28b8a1fe424f046e120c9,2026-04-04,0,lightweight,0.481629916142314
2a8082089f09e6aa62537f3f,2026-04-04,1,lightweight,0.5439404414698333
98dcdabc51229deddfafd80c,2026-04-04,0,featherweight,0.34951058848100586
d61c11b27665ac1a7c18a5cd,2026-04-04,1,womens_strawweight,0.5450345972459173
2f41cee23f546234781713e8,2026-04-11,1,light_heavyweight,0.48006028406895285
89e8cd3f76a506f53b462316,2026-04-11,0,welterweight,0.45619621471437827
fdddea8806b9faa3621f37e6,2026-04-11,0,featherweight,0.5444121365907167
e7500102f24fa09cee94c525,2026-04-11,0,heavyweight,0.5443715190645655
da0321b24ad1c24f9593c513,2026-04-11,1,light_heavyweight,0.501905762716203
2da91e0c8c4525ab789d3607,2026-04-11,0,light_heavyweight,0.4307129014994887
6161f6406048a50739df4ffe,2026-04-11,1,middleweight,0.6285318712472368
2963e5a0bceb12ccb19f5725,2026-04-11,1,welterweight,0.5279676667523588
74aecca8423c0c193df10969,2026-04-11,1,lightweight,0.7118660553914712
2b7b04df6d9fa95baad00180,2026-04-11,1,featherweight,0.9056094222366637
c78dddb59b33a046f13afde6,2026-04-11,0,womens_strawweight,0.27887811296468357
6f53a0645cf079d074a65578,2026-04-18,1,featherweight,0.5510768371755579
8baab54f7d444bf10ca0db14,2026-04-18,1,welterweight,0.7270176151980183
481bde890c04cd2b72f36f45,2026-04-18,0,bantamweight,0.4756523881829533
42cad2889d9edf3128845320,2026-04-18,0,womens_flyweight,0.48302426784109725
571d039f951b5a5b79476f43,2026-04-18,1,womens_flyweight,0.36958050592347036
7648e715451f649c1c02e56b,2026-04-18,0,middleweight,0.48438883672222843
19ca748d94d8329185d01bc9,2026-04-18,0,bantamweight,0.5062217765853376
9a8cc5bc98fcb4f9b3d571ba,2026-04-18,1,lightweight,0.5339354152509667
9106a59252f60b584ed60f3b,2026-04-18,1,womens_bantamweight,0.5497766760078698
6f756791d3cb4e29f802a204,2026-04-18,1,heavyweight,0.4602036833259637
32ba2323da6e4e97057007b8,2026-04-18,1,lightweight,0.512602267706081
ced8d33f7c7986fc18c549dc,2026-04-25,0,featherweight,0.5556069344539116
bd41d6eb2f24b1109b3c75b2,2026-04-25,0,bantamweight,0.5884739097670534
e9a78e4001589a73d7f11eac,2026-04-25,0,lightweight,0.5211381723129361
0fa2bf16957a831e7e084c80,2026-04-25,0,middleweight,0.34371549652331895
6d425f605ff2851bb66f92b7,2026-04-25,0,bantamweight,0.642929099426907
3fc735f9cff4cfc6be2a5855,2026-04-25,0,heavyweight,0.5960280777872864
25c1ac509edcf2facf44036b,2026-04-25,0,welterweight,0.5885009157490377
9ad4b2353df7e16717b9c1bf,2026-04-25,0,womens_bantamweight,0.36275593565464703
82bd20cb47c73bc91d64b3c2,2026-04-25,1,bantamweight,0.38205084852510574
9864eb536b4f06f3a26d066e,2026-04-25,1,womens_bantamweight,0.3379184357672886
c42e9cf6d05571fadb1de5b2,2026-04-25,0,lightweight,0.35186815010039046
709f656b59ccf67184da9c71,2026-04-25,0,middleweight,0.6067494265605284
83133a15f09d9f4cc73f43b8,2026-04-25,0,womens_strawweight,0.5754299204437412
d2019c0de8325c8a98a306a7,2026-05-02,0,middleweight,0.6463692497689103
7768db54c66358b2b858e1e8,2026-05-02,1,lightweight,0.8181765308195966
770f8afd778d150f6aa7cf04,2026-05-02,0,middleweight,0.31990301913797503
6a2e981ee5d1b48a64ac6122,2026-05-02,0,bantamweight,0.3427537196803593
764a8bf0276adcfe93c1caa6,2026-05-02,1,lightweight,0.26311387276752607
01b5e211c209b6f0c543b0b2,2026-05-02,1,welterweight,0.3587058393763922
89d60525df38777002e660fc,2026-05-02,0,middleweight,0.221342879664474
b0c925bc64270bb81d93ab36,2026-05-02,0,welterweight,0.42384594941125203
083cde7930f8860fee58437e,2026-05-02,0,light_heavyweight,0.4693959014370877
60387333226530fdcf97bec6,2026-05-02,0,featherweight,0.3487975200494761
a264dffffe303c536de36458,2026-05-02,1,heavyweight,0.6133237881578814
09065036447dc7a320c7e2da,2026-05-02,1,heavyweight,0.44075209862002135
6fb53961b2d666aafb4b064b,2026-05-02,0,flyweight,0.24035571601990147
f5e0e2e46d3c92faa8b347ac,2026-05-09,0,heavyweight,0.5427463539573621
90e4da20581928aa94556f63,2026-05-09,1,middleweight,0.7414441048591548
1d98f3ce9b5d48961b4c745e,2026-05-09,0,middleweight,0.24465078268947268
05a76c96c6338817b292861c,2026-05-09,1,flyweight,0.6168849364210295
07b9e66a829dc6d72d9885f4,2026-05-09,0,lightweight,0.29259867425063796
afd2fbfe97aee305ec8d02d3,2026-05-09,1,lightweight,0.21500420282040283
3d1096937f18d86e33bc928a,2026-05-09,1,welterweight,0.39033811433995225
f6c88964f557b14ad9c204bb,2026-05-09,1,flyweight,0.5512251768092258
46298b169361970e45f99b28,2026-05-09,1,middleweight,0.16767770688177527
66afb65c31f9e32e9df8b5af,2026-05-09,1,lightweight,0.7862231340372897
955b4a0bcd70050a7d893bb7,2026-05-09,1,featherweight,0.4691886382718528
90ede5f565670aa0d4f02dd6,2026-05-09,0,middleweight,0.5598567305278411
60e599ad816b744b5d1dfe10,2026-05-09,0,welterweight,0.4562565926347941
df8bf64a53714ab469a8171d,2026-05-16,1,womens_strawweight,0.6074663993478838
60424e83dc1bfd79208498df,2026-05-16,1,featherweight,0.37492702831299635
5d1b5346c163183f72697000,2026-05-16,0,middleweight,0.5670457681395144
24504179e9e47707268034d9,2026-05-16,0,flyweight,0.24887170980952458
2c9ca900f65fc955ef8c517c,2026-05-16,0,featherweight,0.413173113205627
8f09fd2f5d0d5f2f5ee1b044,2026-05-16,0,womens_bantamweight,0.6164044456151752
2715b4c8d7fb7540defb3846,2026-05-16,1,bantamweight,0.543431039544789
82260e1138f346b4847d0064,2026-05-16,0,catch_weight,0.4700027850036001
d0e4f89291a3b2a47a4c2e5e,2026-05-16,1,welterweight,0.6491254510222362
1b2685e01a9ac753c4c600e4,2026-05-16,1,womens_strawweight,0.4363137165891519
997cfd358378b086e3299880,2026-05-16,1,bantamweight,0.44321190589783405
a4bdb5588de2297a5a11f2bb,2026-05-16,1,lightweight,0.32933694497569443
df7a148dbfdfd88918d9721d,2026-05-16,0,light_heavyweight,0.540224505550602
e76716cdb62adc72a898c84e,2026-05-30,0,womens_strawweight,0.4820739164475054
de4bbfe11f7e9afb3697411d,2026-05-30,0,bantamweight,0.26136842606654337
2e8f013fee31e910467a220f,2026-05-30,0,welterweight,0.35881814570824305
080866da8f9c3879368f9297,2026-05-30,1,welterweight,0.633058485167618
a9efd5d9fa54e2fffc8c705f,2026-05-30,1,bantamweight,0.4678015854603158
b3bdcb91ae448d6d7885c522,2026-05-30,1,womens_strawweight,0.6046100926865325
278006f71b6cf940c176a75c,2026-05-30,0,bantamweight,0.25791958861662334
148d8ace171a23073bdd117b,2026-05-30,1,heavyweight,0.6571427329610552
d5c6fe40bd98f0e9c99e1b2d,2026-05-30,1,bantamweight,0.6785463987365067
e2f4292e20e9c0c28b7a747d,2026-05-30,0,middleweight,0.5381550087097117
8f0f7a0419d23e212fbfb392,2026-05-30,1,light_heavyweight,0.36027942185872086
99d1eb8f8db46c35fa42c8d9,2026-05-30,0,featherweight,0.5175377992085215
9b4e5d497b54d27bc07491db,2026-06-06,0,welterweight,0.3020923550478964
b00742f8e1c3c7257dedfe17,2026-06-06,1,middleweight,0.630950642979262
ff8b0e9d5b615f26bcb56e8f,2026-06-06,0,flyweight,0.43650156733528883
0b367673055ac66f2fbae0f6,2026-06-06,0,bantamweight,0.5379265800445928
3668c1d2d15b9a2e17154633,2026-06-06,0,lightweight,0.7718452825523968
2968a2440ececa6a2bffa7ed,2026-06-06,1,light_heavyweight,0.3505216855559923
a8e7fcb14799998346df6ecf,2026-06-06,1,womens_flyweight,0.6558783567965569
68e8ac1859681ba9874a23a0,2026-06-06,1,featherweight,0.5919255315739839
683fba6e312497f37bccee6c,2026-06-06,0,womens_strawweight,0.34808093079379515
55cda98dcba84b2e4df21142,2026-06-06,0,bantamweight,0.4665579753468452
183d1fd4023d7452703cd115,2026-06-06,0,catch_weight,0.39450355486417893
c7214b866d96ddc944ef2f5f,2026-06-06,0,womens_bantamweight,0.3743908111851349
8278892a4c14c81652888c25,2026-06-14,0,heavyweight,0.4292186491172361
68eadc603e2258cc6e834490,2026-06-14,0,middleweight,0.3736542681909344
c060fc6fb029250777d3777d,2026-06-14,1,featherweight,0.5344988055959233
943e37ed671d7109047f808a,2026-06-14,1,lightweight,0.1460121126118138
36c1fa8c53e9ae2022f58cea,2026-06-14,0,heavyweight,0.2211545871729795
e7a5ea80f9a620085cb1823a,2026-06-14,0,lightweight,0.2320650484189529
6169cc08a126df1c6a18aaec,2026-06-14,0,bantamweight,0.3008499803422784
fc2a74fa8d1c4b03c6d69bf2,2026-06-20,1,flyweight,0.5185010061716538
c09d9aad14825f90797532f6,2026-06-20,1,flyweight,0.24386490553892626
2d36199c081637bb4c36b9e7,2026-06-20,1,womens_bantamweight,0.7365888993332566
805070bb64eed90ab7a713e8,2026-06-20,0,featherweight,0.6635400665263509
7fb42d1a9d173197276da987,2026-06-20,0,featherweight,0.32250139109812115
6f88dcffddfee17710b9ce04,2026-06-20,1,light_heavyweight,0.7024058766154279
10a92ed06831c359cbea7d7b,2026-06-20,0,womens_bantamweight,0.2508718301485001
daf8ce484ff4ccf83da3efd7,2026-06-20,0,welterweight,0.5234321583558258
068217722c3a581f2398ec98,2026-06-20,0,flyweight,0.7178437311507045
a5c013cd9de78690082fd17a,2026-06-20,1,featherweight,0.5595081488059431
9dc4ecfde8b739f17edabdca,2026-06-20,0,featherweight,0.479805523236729
5c36bf5ab120e7a209b11f28,2026-06-20,0,featherweight,0.14323564786662157
6d63253391cdf77a91c4ac30,2026-06-27,0,light_heavyweight,0.3455370031522934
90327db3b54656ced1143f70,2026-06-27,0,middleweight,0.3800483131960626
ef0f0a39d308aeb270b0d222,2026-06-27,0,flyweight,0.27542865477019146
8e1cd7330ad54ee49a037bc2,2026-06-27,1,bantamweight,0.735393832011595
7daafc83159f735d91d0ab67,2026-06-27,1,welterweight,0.7146872872080237
c75906328af883c3bbc52305,2026-06-27,1,welterweight,0.5463218244002241
989aa5c1b8e9355afa65a540,2026-06-27,0,middleweight,0.2983620994432621
87c2f9a831fbbcb2146f141b,2026-06-27,1,featherweight,0.2854018364267009
70fbc0ede755875b8b78fa42,2026-06-27,1,lightweight,0.46115352071480636
da8297f2092ec7e04ce66b24,2026-06-27,0,middleweight,0.5192407522698027
d8b6e78b4bbb706991ee1f38,2026-06-27,0,lightweight,0.640580518545233
ea8a1da327a8f5101e5ddd58,2026-06-27,0,middleweight,0.4136594658529092
f062199725bd87e849733e0c,2026-06-27,0,welterweight,0.48910904129685645
