fight_id,fight_date,fighter_a_won,weight_class,probability
26b46336baf995109799d0e8,2019-01-19,1,lightweight,0.4118814269540986
38913c7a553efd0ea27c4ce6,2019-01-19,0,light_heavyweight,0.5535392914228443
8126ece57175e39d22722e5b,2019-01-19,0,welterweight,0.5732138836352872
fb232738136fb41408e97318,2019-01-19,0,bantamweight,0.4043405954265511
cbce63c7e16d47b29e74d88a,2019-01-19,0,lightweight,0.4046286750969954
9a7c75d28b2227d353ffee0b,2019-01-19,1,light_heavyweight,0.42766373483174874
ed17d601382b0e1ee5f25834,2019-01-19,1,heavyweight,0.5634062176781182
5678ee79359ee825af2c6cf6,2019-01-19,0,lightweight,0.34779760414442407
25a9c1526fc208e6c7fe38c0,2019-01-19,0,flyweight,0.6863753404776998
7c630f0caa70766b4c9772ba,2019-01-19,0,womens_flyweight,0.14274960399286332
16e5b4cb10bf8316f059f140,2019-01-19,0,flyweight,0.4427920737688685
e290c1a53b53c40025a2f302,2019-01-19,1,welterweight,0.5223606999418591
24cb0110e15bf9500f3a20ae,2019-01-19,0,womens_flyweight,0.44151258231531587
8efd36d5f3360c4d96328383,2019-02-02,1,lightweight,0.521182776702275
414613fb990b2e1f8744a998,2019-02-02,0,welterweight,0.4798998777872643
1b0fda4335818f786b8d6f2f,2019-02-02,1,featherweight,0.47177925577485014
1953db6fe5b9744c1843dd12,2019-02-02,0,light_heavyweight,0.3832189521293333
1cd6203b9577bfd25372eb22,2019-02-02,0,featherweight,0.5291541445786587
22cbf1de4862c931b9f97a10,2019-02-02,1,heavyweight,0.5168726657470374
7342c697833ab7bab79bea3e,2019-02-02,0,womens_strawweight,0.37583399831464265
f0a78186a92cdad28af6e943,2019-02-02,0,flyweight,0.6379166218335482
4523cf854ff48df6d66ba36f,2019-02-02,1,womens_flyweight,0.6420509917296877
34446cbf52a1732388aac036,2019-02-02,0,middleweight,0.6469268530735492
5467de70ec0bbfc6ea3f127e,2019-02-02,1,bantamweight,0.5759725863078689
15c9bca416c7204a3b9a9692,2019-02-02,1,bantamweight,0.4143612742054519
f50a16321d311cfb1f168e8c,2019-02-02,0,welterweight,0.5553967953005597
1d74549a59fbd93e268d0046,2019-02-09,1,lightweight,0.5771518449895907
e4525ba53a52b5b0857e967c,2019-02-09,0,lightweight,0.3478349312881527
896c12a96bf1da79303bc533,2019-02-09,1,middleweight,0.6384157626150155
fcaa078b4857c278dceb747d,2019-02-09,1,light_heavyweight,0.46135337774188684
b253a6a048ba0dd83a41d3a3,2019-02-09,1,flyweight,0.5388301388603198
4c10bda573f8c01d3c440405,2019-02-09,1,lightweight,0.5680590651289695
5fe9e229550df4983795b5be,2019-02-09,0,womens_flyweight,0.38463429293472234
5ad3dfcbceb50baabf4a06f1,2019-02-09,0,bantamweight,0.48095404237467915
19c65e9f1f86ac03182841f4,2019-02-09,0,featherweight,0.342397233007862
b320535a9010e893cc6fe892,2019-02-09,1,bantamweight,0.6056192747311169
ca6f6af371cc512b6d1734d5,2019-02-09,0,bantamweight,0.563924943471933
fb545f795d0e191fdab5bb79,2019-02-17,0,womens_strawweight,0.41700792249172847
3a7293241a2a807fa182f6f5,2019-02-17,0,featherweight,0.42049758340480325
90e1f32d8c4d591b474fd0de,2019-02-17,0,featherweight,0.7424394721458853
3038757c3f23bac29c322002,2019-02-17,1,womens_flyweight,0.5468282526250051
c015f09a4e1bf33ced9384e3,2019-02-17,0,bantamweight,0.5337514853986313
5891d36900849c98a50352f1,2019-02-17,0,womens_strawweight,0.30526211499087774
6959921b10f78a71e64300e8,2019-02-17,0,heavyweight,0.6554664170933877
657a85fc997ba3106e9c502b,2019-02-17,0,lightweight,0.6985570045302815
ca78a58998323e4f9fdbc72f,2019-02-17,0,bantamweight,0.4165532962294746
8cc10441cbf2614f8785b729,2019-02-17,0,bantamweight,0.5951076197457666
6118a8c78447f0434395fc87,2019-02-17,0,lightweight,0.4565742830423409
38cec55ae4c31d673c6a5cb7,2019-02-17,1,welterweight,0.6165667492313909
9e4bab0c77a4e9c538d5684c,2019-02-23,0,lightweight,0.4468110666788032
e7306a3ff9867fb2e7e85ac2,2019-02-23,0,lightweight,0.1914311752582513
c622965b0bcf635ba617dbb7,2019-02-23,0,featherweight,0.4187621048215198
f6151b74f7346e29cfac2985,2019-02-23,1,welterweight,0.4081041983011875
bb340698ea1e7e4cc05fe35d,2019-02-23,0,light_heavyweight,0.6378633368678854
1f68dad92eb77d22953924b9,2019-02-23,0,light_heavyweight,0.4406963987027861
f20354ebb869644c4afccb40,2019-02-23,1,bantamweight,0.7315981371494344
68976dec066e7619e206ce8d,2019-02-23,1,womens_flyweight,0.47022535694917406
56cbf3ea04dbca631e7d843e,2019-02-23,0,light_heavyweight,0.5019000963734862
097be1f05c2d7e6e94d40303,2019-02-23,0,welterweight,0.7432037242508032
63c32ebc206ee6106b382e72,2019-02-23,1,lightweight,0.37281942354001674
fdd038da2b5f04c16971323a,2019-02-23,0,heavyweight,0.5042899988110512
c89ca4669b8e6877497edfa3,2019-02-23,0,womens_flyweight,0.23700362921422113
1b1fe5662b3d023466c64bc5,2019-03-02,0,bantamweight,0.647312308326047
947d498d822062457d1e667e,2019-03-02,0,bantamweight,0.5047118726242058
0d13e65dd754b3f1bc58e7b8,2019-03-02,0,welterweight,0.6192060863806295
54daae7c0fa28da8ca71a0f5,2019-03-02,1,middleweight,0.4658157061203349
d15183f063880d7d4e9bbce1,2019-03-02,0,womens_bantamweight,0.34431850604612707
5b92ec9d7c9365ea015380d9,2019-03-02,0,featherweight,0.2600648838101091
e6b1f51548c2ef5176c0c18c,2019-03-02,0,light_heavyweight,0.2768538019245168
a4499ea5511393f5c9bd2dbd,2019-03-02,0,light_heavyweight,0.4292577869513303
593c1b1e6c82dec285a0ca06,2019-03-02,1,womens_strawweight,0.35737883327052067
fb04d1b737f436ebc97b03b4,2019-03-02,1,welterweight,0.541190515411417
568a7229b4b06a6455408f13,2019-03-02,0,womens_strawweight,0.44853926132212707
75fc305627143c9630ca9bf5,2019-03-02,0,welterweight,0.4045383010738694
818abb53258da411751b41a4,2019-03-09,0,welterweight,0.4703980492470751
2af546ec2d6b95fc63d0c56e,2019-03-09,0,lightweight,0.29164307654974564
58e767357e6d5c8330f66f2f,2019-03-09,1,welterweight,0.5469596964879258
aeb99a1990e3cb523a3641f3,2019-03-09,1,lightweight,0.7372866998747093
57bb3b3ccfd9285941e2f474,2019-03-09,0,heavyweight,0.3628024297129356
e0fd283d4ad215ea9c9ecb5f,2019-03-09,0,heavyweight,0.3065843759568587
91dd9ae4e12f09809b994011,2019-03-09,1,welterweight,0.4516947175141568
a822ba1d485f0fc8ac120f48,2019-03-09,0,featherweight,0.35846117652891196
5b43785643265dac8e96f96a,2019-03-09,1,bantamweight,0.4979506524271249
33db1b31bad9e3c347f5d190,2019-03-09,1,womens_bantamweight,0.4008593903863328
e992a27d67c8e35a59363798,2019-03-09,0,heavyweight,0.28520069279943033
1598348e4d6680280ca7ecb1,2019-03-09,0,middleweight,0.3137706297653669
5793b77c4043eadce8dbc1a1,2019-03-09,0,welterweight,0.42744347608885686
3b895d43f522ada07f4959b0,2019-03-16,0,featherweight,0.4236837179474097
6d70742b8f98faa563b821eb,2019-03-16,0,featherweight,0.448723389840531
ace5bfe86e4b0d6735973199,2019-03-16,0,welterweight,0.42300075141226773
353e4c10440a62ea4553e3ff,2019-03-16,0,welterweight,0.5909468698601703
20e86b5d807bb2dc387b78f3,2019-03-16,1,middleweight,0.6945084800953191
f7dfb4e06c955b5b53ddc717,2019-03-16,1,welterweight,0.5978780401578997
6cac406144299eba656c31c8,2019-03-16,0,lightweight,0.5653822597148419
bf87589c5256203f65f72bbf,2019-03-16,1,featherweight,0.1688074588543929
0cc779241aa11d55442d44dc,2019-03-16,0,womens_flyweight,0.31787875520888115
9f29624a5aa95c6c6caf75e2,2019-03-16,0,bantamweight,0.3853498373259167
8f38415a1100e141bbd92841,2019-03-16,0,light_heavyweight,0.6990705480109285
10ac2affd027d19e4dc0a8e1,2019-03-16,0,light_heavyweight,0.409995695880329
e694a2560234a188ae42e974,2019-03-23,1,womens_flyweight,0.42361481517411226
9c5f20dcf4b276ed3c4a12e7,2019-03-23,1,featherweight,0.4593968025703151
de2f47976573bf170793803f,2019-03-23,1,heavyweight,0.5148499373487014
f9b2cc6068c2ae45506e9313,2019-03-23,0,flyweight,0.5465814214391749
6871ce208868dbd843118f56,2019-03-23,0,lightweight,0.47306334982522363
3507718bfe13d92f6054b9ed,2019-03-23,1,flyweight,0.492429934432945
57da958cc94cc83554eaeebb,2019-03-23,1,featherweight,0.5684227351434665
95a795d06d973c01bcfd4990,2019-03-23,0,bantamweight,0.39368784350064884
ab7c36995971e72c6d2cbf53,2019-03-23,1,womens_flyweight,0.48724071634198773
adccd3ef67929e7be8b0fb1f,2019-03-23,1,womens_strawweight,0.47547324554979187
a6ca1f430b5ef469ba343397,2019-03-23,0,bantamweight,0.6045420071064658
d9300b28ce089ff86c099e9b,2019-03-23,0,welterweight,0.5922139395274841
84ee51fdab49a6792b09df2b,2019-03-30,1,bantamweight,0.7309074178394555
b2272144ef0de0d983b37600,2019-03-30,1,middleweight,0.6956887969218336
4d97ae90607b612a50988191,2019-03-30,0,lightweight,0.5719651232460886
477250ca2a15d6683e877e00,2019-03-30,1,featherweight,0.3723028094386108
f3fc62d38088caaf5eec0fe5,2019-03-30,1,featherweight,0.45466709489169177
25a0d90348d39625a4f0314b,2019-03-30,0,womens_strawweight,0.49493257612140745
889f1c72aefbecafdff832f9,2019-03-30,0,light_heavyweight,0.6125735182350263
5396918119ed934b0af80bcb,2019-03-30,1,middleweight,0.5939844479597528
9496decacd91b03a238021e2,2019-03-30,0,womens_strawweight,0.39794515701085587
865dd8ea788e2e501a2f6b3d,2019-03-30,0,bantamweight,0.6405755086600687
acba98dfe391a402c7725c1a,2019-03-30,1,lightweight,0.8099489296715192
bce69a101b3313de146183e7,2019-03-30,0,womens_flyweight,0.6661024689248972
12e81505192fb36cefeaab8b,2019-03-30,1,featherweight,0.5263553214304676
3f60dec25b566435df7cedec,2019-04-13,1,welterweight,0.5083080588414081
7e8869149838e8184f1e5273,2019-04-13,0,bantamweight,0.5257138034555133
289890fb9419def12213ee83,2019-04-13,1,bantamweight,0.4349537378910018
b784ab0811d40210660ce193,2019-04-13,0,welterweight,0.5484090781261323
4ffab5007df4ff7646771e21,2019-04-13,0,light_heavyweight,0.612131939687726
33ebcc2e07caca97f069be07,2019-04-13,0,lightweight,0.6306409780401587
a7712c32403c49d7bbe8592a,2019-04-13,1,middleweight,0.5947533668428482
cfbe4a97e3e72c4468debf09,2019-04-13,0,womens_flyweight,0.43259345863548
3ad810f66b297f4a1e28f412,2019-04-13,0,welterweight,0.5427010151001309
5515c14ec2037b702fc825e9,2019-04-13,0,lightweight,0.7066858627944798
e22e3562dae8dfff221df22f,2019-04-13,1,bantamweight,0.6640815845974626
86ba5ba8d5b95634ce58b762,2019-04-13,1,light_heavyweight,0.5245789113875734
1c9726808f14ddd59d42d22d,2019-04-13,0,flyweight,0.48230924719680296
8de90dc8a38f56cfd96d944d,2019-04-20,1,lightweight,0.49444642017885077
b9b4e5d3157c57087a7a77b4,2019-04-20,0,heavyweight,0.4014314358817701
a13f15fd4cc899207fc13e71,2019-04-20,0,light_heavyweight,0.3286977167480894
663b41c840a325072588a36b,2019-04-20,1,lightweight,0.7378779174309635
1b6f229338f50db52565e59c,2019-04-20,0,middleweight,0.3307872318663636
815560d234b6ccedda48743e,2019-04-20,0,lightweight,0.4441159669474995
91f5f9dbe58e9a59f5f3a499,2019-04-20,0,heavyweight,0.6266675095495728
f973994e8ab6d25d2f5f2c88,2019-04-20,0,featherweight,0.5198069836624984
af7c348666716dc73218dc9a,2019-04-20,0,womens_flyweight,0.6549685998699448
7bb40837872b53468491b077,2019-04-20,1,heavyweight,0.40522887996340373
7b6b18993ce6ee3086c6f10e,2019-04-20,0,welterweight,0.5623474267136573
5f2baffa9f9e18070dd69e1d,2019-04-27,0,welterweight,0.5320076063888365
b031eded632dd94461f4a954,2019-04-27,1,heavyweight,0.5787460182644104
915cc3326771dcb5012f05cb,2019-04-27,1,womens_strawweight,0.590029284422657
cbe370d6e9437f7454094401,2019-04-27,0,welterweight,0.5042174700635647
a3f24c5dfdbc1c1cb8b01ef2,2019-04-27,0,womens_strawweight,0.43594094797704014
3f0c08354e145c02110fd0a2,2019-04-27,1,welterweight,0.44040974909263253
6f066ff33c959ab559b7a1cb,2019-04-27,1,lightweight,0.6276411104085841
cf0c668767f8f59b49b1d46b,2019-04-27,1,light_heavyweight,0.501495972357752
d7a529c7a59a0342b202024e,2019-04-27,0,heavyweight,0.26960155855957973
810334f59f27e21035e1f127,2019-04-27,0,middleweight,0.43359327840121314
56ca651437d7cc1d573c3970,2019-04-27,0,lightweight,0.5199197411492249
64e530283564ae1339632e0b,2019-04-27,0,bantamweight,0.4355521581577909
734a75344024157915995e4a,2019-04-27,0,lightweight,0.25806049801712966
3a807e46fc597761a9a248a3,2019-05-04,0,bantamweight,0.518432517025258
4afd8778c789a9d76835ce0a,2019-05-04,1,lightweight,0.462318355534072
ffc7edb9f4fdd9e856d76689,2019-05-04,1,heavyweight,0.48893249518452847
aa35b011a1662c7027e70524,2019-05-04,1,bantamweight,0.4586653362437853
640f1b8fcbd5c004e9cb36a7,2019-05-04,0,featherweight,0.5142852310682581
3b1a562aa4ebab0784fd7bc0,2019-05-04,0,middleweight,0.4923139140226558
1b63ea904ebd2957ee46991c,2019-05-04,1,featherweight,0.5981890862220289
89394eb01e7784b2c428333d,2019-05-04,1,womens_bantamweight,0.6126004696954124
dbedbc64c66202909e1eec7a,2019-05-04,1,middleweight,0.6487696775968448
9e20d5adcc49052c74014626,2019-05-04,1,bantamweight,0.49068014440839525
978214d16c31f8696f47f29f,2019-05-04,1,welterweight,0.6589199206297995
e124311e45865d724207e325,2019-05-04,1,heavyweight,0.39974671387710703
e7073ba5faca0ccac9ce2fcd,2019-05-11,0,lightweight,0.41059507131896383
69669b5e3b46042a05eb0823,2019-05-11,1,womens_bantamweight,0.553118900422549
91bd5d42cc6416e430dd43ed,2019-05-11,1,middleweight,0.5172605465347904
4afd58b0d8a55895c868a02e,2019-05-11,1,featherweight,0.5239197002702642
81a04e8caf79fb727607d237,2019-05-11,1,womens_flyweight,0.7049692673874007
10d59155db6aa78a1427c454,2019-05-11,0,bantamweight,0.37095268135670606
9249808c94f3d6dfdf9af36b,2019-05-11,0,light_heavyweight,0.44122942970876816
6c73f1b4fdd41c4e4e6654da,2019-05-11,1,womens_strawweight,0.4885867332410025
d89982d834ee44a1b667b66f,2019-05-11,0,womens_bantamweight,0.5109699523807045
8296e0d578cb9314c68eee1d,2019-05-11,0,welterweight,0.4560891684607232
365fefe34135160ec5455d1f,2019-05-11,1,lightweight,0.528098630526282
6cec7d8a2c1e3df9f294b43a,2019-05-11,0,welterweight,0.5518402422901029
363d78001101e6229c0a2b0a,2019-05-18,1,middleweight,0.44204676071725013
3f0251bc27145aab23db9546,2019-05-18,0,womens_bantamweight,0.4048715618781883
50d9e85f3686903269809172,2019-05-18,0,lightweight,0.4655047523740262
7d905c953ba73d1a68ead277,2019-05-18,0,welterweight,0.6133695842135664
6bc2a392929414c465042a48,2019-05-18,0,lightweight,0.34598225736894767
0f6484b736a7f3cc7aba63cc,2019-05-18,0,lightweight,0.27638873984478035
db76119921bdd0ed497b32f1,2019-05-18,1,featherweight,0.584913856653613
33c355ad10b62e7d1de78d9c,2019-05-18,1,womens_featherweight,0.4793587672201217
bc3a021cd3cf61e555021000,2019-05-18,1,featherweight,0.4425132221559359
3c180878faf99b21bf865fd0,2019-05-18,1,light_heavyweight,0.48440734082223885
ca96343028b62aeda9c60fe9,2019-05-18,1,welterweight,0.35502464885927465
2a18e106ad1da3effa28ec4b,2019-05-18,1,welterweight,0.7484924601755233
05e89105390245833a6794d2,2019-05-18,0,middleweight,0.5634188444508135
e79d9d724c1b4f49a9c151d5,2019-06-01,0,light_heavyweight,0.6787493436739481
51130eaae559739d2277bccb,2019-06-01,1,womens_bantamweight,0.2219152782153318
376fca1b2417ed080dc55d71,2019-06-01,0,lightweight,0.602610409403874
6c857bc2b1611cd86b8a59d5,2019-06-01,1,featherweight,0.38286315248746816
b2a972b374869a366d3b02ae,2019-06-01,1,light_heavyweight,0.4732554020369807
9a09782a2c405f04f7df2ff8,2019-06-01,1,light_heavyweight,0.6859797782784917
44f4f36c18cd30f4a78e8d2d,2019-06-01,1,lightweight,0.5298250130071858
c4311f2a96b7cc37340ba09a,2019-06-01,0,featherweight,0.4123520649283574
2fcd04431581330b8a2d18a7,2019-06-01,0,lightweight,0.5127333449216507
0f14442a17f1f00f94f2d4c5,2019-06-01,0,welterweight,0.40833310125643757
7f95ca9ac1c70cd00b0cce57,2019-06-01,0,lightweight,0.5165165792631751
42e3da20fad88525160d375a,2019-06-01,1,womens_bantamweight,0.5771218080016703
bd6e6031555f600f46ab4f03,2019-06-08,1,bantamweight,0.7324034104431089
95939d218a1d60a883da95bc,2019-06-08,1,middleweight,0.3750766282587807
266ee3a1c82efd700b8f5aa3,2019-06-08,1,bantamweight,0.5576498814473271
f07b57e2716471ad3302c0ee,2019-06-08,0,bantamweight,0.5110189559116172
5ef23b9557a9feefb97696b1,2019-06-08,0,bantamweight,0.386859121656863
3f6311a5a0724f605b206cd2,2019-06-08,1,womens_strawweight,0.5990822230881339
d207301a7745b122f84fef97,2019-06-08,1,womens_flyweight,0.4194362632199486
1e7a85d2f5574c5627c3eea1,2019-06-08,0,featherweight,0.5935988956371385
911a1fa0c445df7f0dd12d7b,2019-06-08,0,heavyweight,0.6485899007036358
3c6aa7bfcdac2bb433f30323,2019-06-08,1,womens_strawweight,0.6099677314350374
4e48afdd0e292d5f0e86fabf,2019-06-08,1,lightweight,0.6359693723365729
47652b43ae72f5590c7a1882,2019-06-08,0,womens_flyweight,0.30560526379878555
269fbddfdcbebe8e4bdb4b8c,2019-06-08,0,womens_strawweight,0.4327368222669408
ce49a5280ca93930a0ebe85b,2019-06-22,0,heavyweight,0.5206843154409465
41f5e50f9ae0bfaed31ee510,2019-06-22,0,bantamweight,0.43085779796475854
f692e76cf277eacf2a442090,2019-06-22,0,womens_flyweight,0.4366094343532248
72cedfae58fa44321b69b949,2019-06-22,0,womens_flyweight,0.35960403630845117
32ff903f72c4276ea24d999b,2019-06-22,1,womens_strawweight,0.40685910413647536
00c99648f208e0a417e279c9,2019-06-22,0,welterweight,0.47443512185133185
eee1e31c188a74656a5149fd,2019-06-22,1,featherweight,0.5119603078500092
c46941c902fed7bb4392162c,2019-06-22,0,middleweight,0.4614431167779606
b84127a3bd76a5e3ac7aea6d,2019-06-22,1,middleweight,0.6223196635654243
706b7d016d03a32401ae801c,2019-06-22,1,lightweight,0.6268342061416377
739e8e2602d787738477d46a,2019-06-22,1,featherweight,0.3226839053985245
f27c0e087e9ebd1684ff09fd,2019-06-29,1,light_heavyweight,0.5270949502958306
50585a029a9751dccfd39bd2,2019-06-29,0,light_heavyweight,0.5625929203936451
dae0a129ff92f092524a386b,2019-06-29,1,welterweight,0.5222595563230136
377c80dc3b6e45e576ef2577,2019-06-29,1,lightweight,0.7067999584668568
59455ad55e5ef93414e5aad0,2019-06-29,1,womens_strawweight,0.4285175645073782
a56c32c93524d245d82d6908,2019-06-29,0,light_heavyweight,0.4342515808391761
8f285887c02290c07814a22b,2019-06-29,1,heavyweight,0.3865096291357189
d2a1e845ca36ee5b8600ef32,2019-06-29,0,lightweight,0.2185841131636164
cbcb6ed7e3c7e95a085b7341,2019-06-29,0,flyweight,0.48818502609835784
f34cc5843d81a39bf53d263e,2019-06-29,0,heavyweight,0.49200868203090126
f79e641c1d4367a70c107e82,2019-06-29,0,bantamweight,0.286765336568083
53e67f863836aff47b826da4,2019-06-29,1,lightweight,0.43375530201543816
20a121ded841e9e12c1c757e,2019-07-06,1,bantamweight,0.5971673833139953
d2d8539dfdfeaf041ce5823f,2019-07-06,1,womens_bantamweight,0.7760481782617361
3849e7ad93590c82be6460fc,2019-07-06,0,womens_strawweight,0.4219647248837082
396c48ca67f51480545db649,2019-07-06,0,welterweight,0.36851237514880614
6c8c735afb0fb578f594ca2c,2019-07-06,0,middleweight,0.3192033013390017
d3c4e9545585b46a1e37a85b,2019-07-06,0,featherweight,0.3095216632494441
fad6e667536db7ad4137ba53,2019-07-06,0,welterweight,0.6137932866893503
13fece4ed75664de71f4c8a0,2019-07-06,0,light_heavyweight,0.6526728723174726
d0f0ebb34a909f7c5faf6a88,2019-07-06,0,light_heavyweight,0.2706038276317707
5de1539a147642bac02b122a,2019-07-06,0,welterweight,0.4187631499834968
82a761b4999bf1e4b0ed7ae3,2019-07-06,1,womens_bantamweight,0.5416617957074027
c2f52b8c99f2b37b25e37032,2019-07-06,0,bantamweight,0.3387268957174816
0def7c9da3d4db6e32d57362,2019-07-13,0,featherweight,0.4195207299708017
f5fb1ec8c7952cc1c512ffa7,2019-07-13,1,bantamweight,0.42122775706820476
26dc516d4800e957e79c8b4f,2019-07-13,0,featherweight,0.3364020429764427
ac96fd559635b4c7fc75a95f,2019-07-13,1,womens_bantamweight,0.4275175454059606
05ef9aeb915febb76910a720,2019-07-13,0,featherweight,0.6367529100829288
ae0ff18a3c5eee3bc503d001,2019-07-13,1,womens_bantamweight,0.561178728945244
70ae5877cea9f6b0ba4cccb6,2019-07-13,0,middleweight,0.4020954545553182
588a2bb6b75711c8e2d3461e,2019-07-13,1,womens_strawweight,0.1629209833185388
0570cae799dc63830a762f58,2019-07-13,0,middleweight,0.4680484552348627
945e0d3a9e212876ede075da,2019-07-13,1,bantamweight,0.545955361427391
1914dbfdf41512962586abae,2019-07-13,0,bantamweight,0.6344862914062982
4c546f42a090e35397ce363f,2019-07-20,0,heavyweight,0.41596798965537624
63961ea6efd64b1b65d34c39,2019-07-20,1,featherweight,0.5149446586451454
477aadc01e427b1389921cdb,2019-07-20,1,lightweight,0.5717533983307888
7af42900e3f80f8ca159c103,2019-07-20,1,heavyweight,0.4975582972552678
bb5283ee8ccec9441f73135f,2019-07-20,0,bantamweight,0.5171445666980338
03e22b6afc8fc3827a3323ba,2019-07-20,0,heavyweight,0.5608073503558902
c39309c4e67ff537333ba9da,2019-07-20,1,lightweight,0.44075715571949475
180e942322ce1a8941b2e39c,2019-07-20,0,bantamweight,0.43543166270851646
af5eec7e9c1abcec258ac49b,2019-07-20,0,welterweight,0.43832559706783153
270ce34d482903a677fa17bf,2019-07-20,1,womens_bantamweight,0.5897488424948323
9bb0db9278511eb73cc534e1,2019-07-20,1,bantamweight,0.583086724644294
58e855604932a7f6ee3f5606,2019-07-20,1,womens_flyweight,0.4911719390096358
6270c7e6a13d39f8b0f428ab,2019-07-20,0,light_heavyweight,0.4768087031155762
12ec13ec46af056c14efd03e,2019-07-27,1,flyweight,0.4363467362247786
1c6e856edd4101a3e500ec8f,2019-07-27,0,womens_flyweight,0.29069643189844624
51addb9d2b6072ced811c9b9,2019-07-27,1,womens_featherweight,0.5325817380029496
73b3d43d2c49d35aeaea8904,2019-07-27,0,welterweight,0.4525847778954491
05ed2239b2ea0fb046bfd3fb,2019-07-27,1,featherweight,0.37143921905087035
1295b55d2553494251bde142,2019-07-27,0,welterweight,0.4174376743499988
1880f52d5d8d4a70093be8c6,2019-07-27,0,womens_flyweight,0.3666746992337514
b233c1151e28ec04b24cad4a,2019-07-27,0,featherweight,0.39435880962895176
5f837399e34674ec11a971cd,2019-07-27,0,middleweight,0.35553792290762887
415e552f04f46d6a0dfa2bc5,2019-07-27,1,featherweight,0.6889078703866315
53c5de1fcd5d8fef19be7573,2019-07-27,0,lightweight,0.42788408686439455
6eeac113de6d8be6c115f368,2019-08-03,0,womens_flyweight,0.4452055590460941
37963509a7ad6fe9091a4260,2019-08-03,0,welterweight,0.22986584129700346
3c047e2900cccc1e8b515fa4,2019-08-03,0,welterweight,0.3030325883011027
e1fbac640d40549a81a34408,2019-08-03,1,light_heavyweight,0.521502369710846
545e968860424db391f622ba,2019-08-03,0,lightweight,0.5985536098298072
7201d2665fc7c40e5001a557,2019-08-03,0,lightweight,0.3968850497106729
f1af8880bfb7c5ee39f0e313,2019-08-03,0,flyweight,0.6125331404957662
08c664eb57a74c77d855ffcc,2019-08-03,0,womens_flyweight,0.6465486024601255
3ca76db0b4b30f6617f3dae8,2019-08-03,0,welterweight,0.4571480697686179
d80baaecca990243dba2c73b,2019-08-03,1,womens_flyweight,0.5792482952388841
5a97ee77f95700513db584fb,2019-08-03,1,lightweight,0.6061116200530098
60aaa0218cf8078fe44e068a,2019-08-03,1,middleweight,0.3351887937984817
9bda4cca4c1560bdb475fa12,2019-08-10,0,heavyweight,0.5620668047451964
310b054339a286bb1219720d,2019-08-10,1,featherweight,0.5940170340453723
95f9071548c71c8a429b387f,2019-08-10,1,featherweight,0.613571860087133
bb1f9e584eebc4445533e087,2019-08-10,0,bantamweight,0.541053708427282
3cfa69ae9469d3e98e6e8c9d,2019-08-10,1,welterweight,0.42312254019974826
eb94bf7c64b05cef83a337de,2019-08-10,1,lightweight,0.5076607370003368
421e881d17b627912cc053c2,2019-08-10,0,middleweight,0.5594346027545077
40ad55cf214d324d07ce2773,2019-08-10,1,flyweight,0.42300238362282067
6cad3824255a247586943eda,2019-08-10,1,womens_strawweight,0.478275425055953
366b24077b4b12afdda7f906,2019-08-10,0,womens_flyweight,0.3429817748286771
82a161559110934b283287e8,2019-08-10,0,womens_flyweight,0.49846404306009373
cafcc1a7d6eeee7dcac87f0c,2019-08-10,0,welterweight,0.5214646275236124
6bb4c1091c82f4a64ed209d1,2019-08-10,1,light_heavyweight,0.5682426155755999
952d0f85baf48e580adfcbf9,2019-08-17,0,welterweight,0.49161519938976483
763b7021eda95cec160668cd,2019-08-17,0,lightweight,0.5316164081265291
632ab47f31caa99776bafd3a,2019-08-17,1,heavyweight,0.504175406348241
b14af30ec1b703032b1c7ff8,2019-08-17,0,middleweight,0.5502135036670003
2bfe269c743b9b99bdcb7bec,2019-08-17,1,lightweight,0.2325825025861353
fb841bfbd302bdfd92f09af9,2019-08-17,0,featherweight,0.5508841020446127
5d4a75be3c772b6777d6965e,2019-08-17,0,womens_strawweight,0.358423663307607
8b43d370f9a95a04823b6e21,2019-08-17,1,bantamweight,0.5654193142084941
2f96645259048f7ffc5e87f2,2019-08-17,1,catch_weight,0.47585020216472923
a412d12faf803a97f8b5fa87,2019-08-17,0,bantamweight,0.4211571650046511
f17d329e8a8236283607fb66,2019-08-17,0,womens_flyweight,0.3851666274365785
dc588caaf4e23b17b9b88f93,2019-08-17,0,middleweight,0.5619169884857591
1f035f3330e22fa82d2a3650,2019-08-31,0,bantamweight,0.6268710428416716
42555d1e8ce3c6e9f80f494b,2019-08-31,1,light_heavyweight,0.7039495031748223
1cd17e7a1ac6a13856b412fd,2019-08-31,1,lightweight,0.4253126500030544
4b6daf2f0a633140483ed5fc,2019-08-31,1,womens_strawweight,0.527523404531857
dac218cda6b12fbf0566e953,2019-08-31,0,middleweight,0.5418145826151644
974033b9c21272ecc210e47a,2019-08-31,0,flyweight,0.38462401981955324
d656d282c41d79f44960517d,2019-08-31,1,womens_bantamweight,0.5013093122752621
b4c018c81b8c2840fc1bf217,2019-08-31,1,welterweight,0.5390072825100645
691194a03c43b9ec74c25c51,2019-08-31,1,welterweight,0.5214620799778646
5ef647d5242d0fc21e037ca7,2019-08-31,1,bantamweight,0.4748501709578402
3438a2f8e2061a5b3df0345f,2019-08-31,0,womens_flyweight,0.572133463499928
5fd241c02070d9383973e1ad,2019-09-07,1,welterweight,0.6510966708140354
dfa8aa41ae70e1bc02b18c64,2019-09-07,0,heavyweight,0.2747254640671352
d18690fc6b502d5e9828c33d,2019-09-07,1,lightweight,0.3778907384676428
5c4bf8f13e687607837641d0,2019-09-07,1,lightweight,0.4637003428152863
a12f553a4bb3b6a0bc62f10c,2019-09-07,0,lightweight,0.3841484981181962
a6bde13c4fa732a086109c6f,2019-09-07,1,womens_flyweight,0.4208314329632849
8809a86b0765331ee3046ba8,2019-09-07,0,lightweight,0.24358384932240654
218ed25044345f0da0f1ab68,2019-09-07,1,womens_bantamweight,0.3749080625500815
4b5abc9b471d257e26814621,2019-09-07,0,lightweight,0.5532733432185625
88104c3216b870a94d094b52,2019-09-07,1,welterweight,0.42771686001514997
81f7b94567c3becf57b7c480,2019-09-07,0,middleweight,0.4405385793681569
4fa13ee966e6f925309146f9,2019-09-07,1,lightweight,0.6061046173386857
a24c84449925d91244224459,2019-09-14,0,bantamweight,0.5732582470403389
76b09b1ae45fb9768ca9f02d,2019-09-14,1,featherweight,0.4192117363775323
d52f32b4c96395db88e3df3c,2019-09-14,1,bantamweight,0.20003785802271457
cdebef1ad84897fe6e52dab4,2019-09-14,1,lightweight,0.4680850754283342
99a1382d0f54f8b36ae0f1a1,2019-09-14,1,light_heavyweight,0.5338991038494539
4657001db77127f01637d1aa,2019-09-14,1,lightweight,0.5725793705611608
cf978a340d3698c46fd69095,2019-09-14,1,bantamweight,0.523502801030836
1a3fd89ca750799e7e003f98,2019-09-14,1,heavyweight,0.48037305487801046
43c10df3159c502c6de89daa,2019-09-14,1,welterweight,0.21140996864025827
7090bee0551cc8931473357e,2019-09-14,0,light_heavyweight,0.494923952350617
3bda414f1341d69b2f6bec1e,2019-09-14,0,middleweight,0.6398989099159383
e675a50c92e763e9dbfe4d39,2019-09-21,0,womens_strawweight,0.5195052931807251
63e3f55fc8b51d57700eef35,2019-09-21,1,womens_strawweight,0.3537443102571902
307855e3460d7f7876deadf3,2019-09-21,1,lightweight,0.6080762237500699
a02b51f27087befa1a1128b4,2019-09-21,0,womens_bantamweight,0.47967113717273124
6c639d934a292ba8bc90c07c,2019-09-21,0,bantamweight,0.44801096138543434
aac3548e1e8a354304ee6db9,2019-09-21,0,featherweight,0.5267582700476583
87ed37dfa7f497b5f77d6e30,2019-09-21,1,featherweight,0.45036223684846466
3cc89087f0c0ce6f6e5675ad,2019-09-21,1,flyweight,0.6619632086763524
1ba523d6ccedc31871693413,2019-09-21,0,womens_bantamweight,0.5652066450560209
47758d29bd662b3fd1939d7f,2019-09-21,0,light_heavyweight,0.3831868970562896
4c5ca474ab0b5ce8ca07a033,2019-09-28,0,middleweight,0.5406396195647344
2ef6cc622d891b2f47cc02a3,2019-09-28,0,middleweight,0.5862239764667571
c24762d1540afc7892a6a11f,2019-09-28,0,featherweight,0.4843416693643271
a74f028feadcc12f9e059d34,2019-09-28,1,welterweight,0.4792662755406631
58043915ba1655663c54db19,2019-09-28,1,light_heavyweight,0.5766181468321595
24165e221c133e0f8521184c,2019-09-28,1,middleweight,0.3389158616376927
db9cb586eea9be24aa022a81,2019-09-28,1,bantamweight,0.3936160577554562
c563a8cbab69fdedc2ca6293,2019-09-28,0,womens_bantamweight,0.6274888026260914
2e2ac3805ce6106ac7b08c39,2019-09-28,1,lightweight,0.5413917101882941
1badb9e1370a7f530b41dad9,2019-09-28,1,lightweight,0.2830299166840979
2667de7839876ddd18c5922f,2019-09-28,0,light_heavyweight,0.6119314894745376
838f2253c05f15ea4d21c1bb,2019-09-28,1,welterweight,0.3328679911522751
fceb01a3e6afb83d628ca021,2019-09-28,0,welterweight,0.3176078681874129
300838f93508ed30e50c5104,2019-10-05,1,lightweight,0.4781399338387067
0cb55ec63b83f5626f97c769,2019-10-05,1,lightweight,0.4353561322994338
c9b3790271aba99a0f5d563f,2019-10-05,1,welterweight,0.4072395513309274
59503950de9880dde6cfbd9a,2019-10-05,0,welterweight,0.41491620888562863
2efe952bc9906d2d8ee63d99,2019-10-05,0,heavyweight,0.39544054711549004
03bdb3f550d8728b99736cb5,2019-10-05,0,welterweight,0.47392943929412856
60a4cca6160e77a434c836eb,2019-10-05,1,womens_featherweight,0.41811305022729284
7a45e3425d11cee03efad9d2,2019-10-05,1,womens_flyweight,0.4511247178832605
b31117cda02191539a7b1042,2019-10-05,1,middleweight,0.5219020280114095
1541bbe0810786a062a2ed75,2019-10-05,0,heavyweight,0.7099759407993833
47228cf03cd4105dd977ba6d,2019-10-12,1,featherweight,0.4743014611343944
65e84e21f699586e3aefedd3,2019-10-12,1,flyweight,0.559899392559342
3d03b631b4587e1ba05b7567,2019-10-12,1,middleweight,0.4462686731006324
c1e628e157c0b3b603970990,2019-10-12,0,womens_flyweight,0.46513737286537216
b8d46870926615857be3f630,2019-10-12,0,womens_strawweight,0.3151928438658759
eb864e622ea92270ecef192f,2019-10-12,0,womens_strawweight,0.3348632987983622
85c6d7ac2b40e91bd0e22ab6,2019-10-12,0,bantamweight,0.4053504286969426
5f52782a6aa56ba0f3a97b9b,2019-10-12,1,middleweight,0.7389758597538502
c1512c7e186a2ad2d9405660,2019-10-12,0,lightweight,0.6263513463303689
277f3f3cb03bddbb79f8c1b5,2019-10-12,0,welterweight,0.49970304203346205
845f9a197d8e4dbaeffe8afc,2019-10-12,0,welterweight,0.37951939327675627
9c76094ff9dad4b08a83fa97,2019-10-12,1,lightweight,0.488097325025023
a22737adaea8f3c24329fca1,2019-10-12,1,welterweight,0.3633548614979511
27e1fa1e0f0a4ed7fd4da048,2019-10-12,0,light_heavyweight,0.45399986588697583
ca0cd07f144ce35471f77fe5,2019-10-18,1,middleweight,0.34046667740873726
43a68b57b8ea07e036eda841,2019-10-18,1,featherweight,0.3648917794938529
e0354f103924591f691cb6e6,2019-10-18,1,welterweight,0.5827397168759215
23340c1c1beee7c9694fde06,2019-10-18,1,heavyweight,0.52874837573589
855a0f86334b84d5802b5b3c,2019-10-18,1,middleweight,0.4534022123647492
4535cc5c754f6cfab853349d,2019-10-18,1,light_heavyweight,0.4876175329827448
312e5a705d9ea69f9304369e,2019-10-18,0,lightweight,0.7014062385930282
dd1a5c0133b77b445e4da39d,2019-10-18,0,featherweight,0.36738195119045175
924db0cc13ef377747acd751,2019-10-18,1,womens_flyweight,0.4729763055882494
1cbc40e89a4a3808ac58a6b2,2019-10-18,0,womens_flyweight,0.44750444976574033
8017582ad0a64b3df2a1b1f1,2019-10-18,1,bantamweight,0.7056916865232867
0b8035462f110001d74cfccc,2019-10-18,0,featherweight,0.29730771295104386
e547a10b6f576ac5ce766f3b,2019-10-26,0,lightweight,0.5006791938448969
e3e811b0d565e05ccc653f76,2019-10-26,0,heavyweight,0.26948430836991843
068191c5ec0442a5f327a13f,2019-10-26,1,welterweight,0.6374719277632669
a36870d79a38bac025ca994f,2019-10-26,0,featherweight,0.4474416854614045
f0d2710e45778380c740e9a9,2019-10-26,0,lightweight,0.3816714021528441
0d3c456a7272d86e8ebbb604,2019-10-26,0,womens_strawweight,0.4728879054678321
ec961ddbd1b2a583933bf1c7,2019-10-26,0,heavyweight,0.47085566638065746
747dd08852da9f2fea81933a,2019-10-26,1,lightweight,0.4891495918351527
54365bc0fbf2054909ffb52a,2019-10-26,0,welterweight,0.48086235494088186
3d08ad4aa2e7c798a261b317,2019-10-26,1,womens_strawweight,0.45578440625465866
3c0c040f3ab9eee3625380a9,2019-10-26,1,heavyweight,0.3676501485755425
e493a0b30451a3c7301cdb30,2019-11-02,1,heavyweight,0.5790168294839373
b6ed2b7f241d89a1c2e5768c,2019-11-02,1,middleweight,0.6863072595499132
1179f435dc339904ffba59f4,2019-11-02,0,light_heavyweight,0.4958804220753946
fcd1f11d558f57139634bfd4,2019-11-02,0,heavyweight,0.5272221099590818
b40746bfe9247aa2ab1cf62a,2019-11-02,0,welterweight,0.4844029669225629
9be0b4ced3f43e9b5e0307d3,2019-11-02,0,featherweight,0.48198998618932054
3ef97578ff086342ac3316dc,2019-11-02,0,womens_flyweight,0.49902097683263247
6aac3558b27bea053402a041,2019-11-02,0,middleweight,0.561720107947193
6bd651e672f1383eaaa3488e,2019-11-02,0,lightweight,0.5441830763626724
bdd7d638521a5220ece47138,2019-11-02,0,welterweight,0.44394147057839706
77040a488134a21632e5e1c1,2019-11-02,1,featherweight,0.5480839909731308
16af1afe443d2d04a0b3004e,2019-11-02,0,welterweight,0.570318776685032
f936a2e7fe354fd8511c7843,2019-11-09,0,welterweight,0.6672032075262633
1e2f3752f6c52b1f4a02d6b7,2019-11-09,1,heavyweight,0.5670127475073137
1a1c5e4865c1d0486f79c7bd,2019-11-09,0,lightweight,0.35420049273153503
640793902348858ab72aa43f,2019-11-09,0,bantamweight,0.39550910186272714
4b1a6b415dfe50f3c9f1dbb5,2019-11-09,0,womens_bantamweight,0.5330574841003478
f0ffe0e3b264df9b5db97006,2019-11-09,1,light_heavyweight,0.37680988088371675
f1793f6ef34da4257673c238,2019-11-09,0,light_heavyweight,0.4932166481225603
31bcc23345e28ba3b19c96e4,2019-11-09,1,welterweight,0.4825173765363196
b9697c6e95b6549c714acf96,2019-11-09,1,middleweight,0.6857832762147658
e106bc203bf221eab415c9d6,2019-11-09,0,welterweight,0.3767249971676641
43e49e7eac931187640250f8,2019-11-09,0,light_heavyweight,0.7296837979018054
1f6dc7a779838723b04fdcd9,2019-11-09,1,featherweight,0.7073799191570566
35a1c6a2fd428e45b7ba56ae,2019-11-09,1,welterweight,0.48443583750029473
9c39de42c4252efea5a6c7a4,2019-11-16,1,middleweight,0.485076366553594
76080b6d4a1730806ca74745,2019-11-16,1,womens_flyweight,0.4743219520783367
ca0ede83403f2550325f5cf2,2019-11-16,0,lightweight,0.36519511885031636
895cdfc1522a784865e69ac8,2019-11-16,0,featherweight,0.6858250235334952
14217beddf84c2e52c742fae,2019-11-16,0,lightweight,0.5785561973258656
353fdcce1036b674908aaa84,2019-11-16,0,light_heavyweight,0.49352477048883714
9da66ec4bb7eb06c55458f10,2019-11-16,1,middleweight,0.5742855247741773
fab55b1d74b0c72834f8c73e,2019-11-16,0,featherweight,0.33520600536630285
0cd8da7c25c1fda31ca49a51,2019-11-16,0,welterweight,0.5257224735329847
3343bf88c488f245111644cf,2019-11-16,0,womens_bantamweight,0.4131747416026074
ebb3391b28a1a863bca84b60,2019-11-16,1,welterweight,0.4681493993569052
9dcdaba00e3d7661c2c20a0f,2019-12-07,0,heavyweight,0.49273689034559076
3f0d6005bcf5d8d74d490e25,2019-12-07,1,womens_bantamweight,0.464234215482657
af619e0f50e39d9a3c707cbf,2019-12-07,1,featherweight,0.5424977700683793
70a295b55866179ccd1d2ba9,2019-12-07,1,featherweight,0.4569101772767862
9f1bc6cac3951396363e743b,2019-12-07,1,lightweight,0.6579377105037418
ae915d199d0a3212d88d4bff,2019-12-07,1,middleweight,0.6265256314181258
b807573eed5a4156c41f13d0,2019-12-07,0,bantamweight,0.4322591985824418
c9a6fbe648a7cc56f81d7315,2019-12-07,0,heavyweight,0.6140617884289248
831cacee5fffa61376db4fc9,2019-12-07,0,welterweight,0.3854921356903467
2138569b556c4d614e8bb628,2019-12-07,0,womens_strawweight,0.5339595535382742
029906e95258805fd3ef5825,2019-12-14,1,womens_bantamweight,0.6792001595718746
d5b4dfb3ff65f3dbb6fca19c,2019-12-14,0,flyweight,0.6004154270800599
ce5217459171cc8b3b06b8a1,2019-12-14,1,featherweight,0.6372906843110218
33e7da705762dd431b060f57,2019-12-14,1,welterweight,0.6085456282460834
f66a474497dbfe8160053545,2019-12-14,0,middleweight,0.42316923317788857
e78313114f040c2eb306caca,2019-12-14,0,womens_flyweight,0.5520112575677684
c278d51e7be09fbca132ce23,2019-12-14,1,welterweight,0.6618547901351012
08209dc137ca29ba95d0b9a9,2019-12-14,0,womens_bantamweight,0.4554683228852288
c1ada04837f4f0ae52b28b1c,2019-12-14,0,bantamweight,0.502196593821684
effa322cf0f61bf8fab0059d,2019-12-14,1,welterweight,0.7339804220310516
f1218bf5097065169418303d,2019-12-14,0,featherweight,0.5850731695689863
aa231dbbda45b913e6c739e4,2019-12-14,0,bantamweight,0.3142860445425327
75abd93d36786b68de733b5a,2019-12-14,0,middleweight,0.47947409990981155
ceb9eb09b6543ade92a2fc57,2019-12-21,1,bantamweight,0.4855607063531182
bc5dec6484ff60b254a2bf9e,2019-12-21,0,flyweight,0.5177847193031103
5e29733544b68ed9577a8341,2019-12-21,1,heavyweight,0.6053932292468971
7d8361c453bd229c2f8ab6af,2019-12-21,1,light_heavyweight,0.4341535561219616
fdfacd8404d0eb95adcee649,2019-12-21,0,lightweight,0.46839529092150545
f9e7b8638de2149e61e51154,2019-12-21,1,featherweight,0.5193645083649991
8a987c4579dbf3e22f1d5ff3,2019-12-21,0,featherweight,0.5589955278752358
b93afc4960a3dbb6e25c0b1b,2019-12-21,1,middleweight,0.49733155804543716
ff575235c773175d33e45307,2019-12-21,1,bantamweight,0.6080343206625946
852967885dda5170546df8c6,2019-12-21,1,womens_strawweight,0.41707996648118506
3443c05c299fb7b8610b44d4,2019-12-21,0,bantamweight,0.6410224578466945
6c4e36c79471be03e79e25b7,2019-12-21,1,featherweight,0.5698056780886873
3b0c3a4939fb8a567ab24b63,2019-12-21,1,light_heavyweight,0.4329499003457873
dbaeff63b18a6d92838f98c2,2020-01-18,0,light_heavyweight,0.45274262482662586
32e3ff4610a5a504ed917afe,2020-01-18,0,heavyweight,0.6327790184135319
1826d3fc74bb2d6ba256950a,2020-01-18,1,featherweight,0.6300231499741554
299419704af40353765232da,2020-01-18,1,lightweight,0.5240314407186808
a1906b428b2b7f692430e2cb,2020-01-18,1,bantamweight,0.657469258903922
66d951441f61c860a46dd18a,2020-01-18,0,welterweight,0.3661603148771759
049d7f10a2408eaeea36b79b,2020-01-18,1,lightweight,0.33344255964152414
8c49399b3602fc1ea7faab1f,2020-01-18,1,womens_bantamweight,0.4077019560724795
894e5a6b67f8fd390b461dc8,2020-01-18,0,womens_flyweight,0.6708734936738043
31631b1099dedbc551cca061,2020-01-18,1,womens_flyweight,0.6301719880831648
818e4e2f4882a32d5136f9f8,2020-01-18,1,flyweight,0.36357693189660295
535e643e38e6e106255034d3,2020-01-25,1,featherweight,0.5840022346476303
fa88c98e5dae1a9d570d00f3,2020-01-25,1,middleweight,0.6602632746307332
3be9f2fb380b4adfe9142fad,2020-01-25,1,bantamweight,0.6291970970019914
3ceaa0ce879bb7f0a68da029,2020-01-25,1,heavyweight,0.50400562014583
70b24348fe735b27fba60a92,2020-01-25,1,womens_strawweight,0.3964816273877527
4da0ae30154e9ffeae7d071a,2020-01-25,0,featherweight,0.5729649115297384
2a8739dba9f6bbb8da7160b0,2020-01-25,0,light_heavyweight,0.5393521151187506
f0db58925ab2f01282c6aed8,2020-01-25,1,flyweight,0.6084726494978808
611387fbcb2688d824e09cfa,2020-01-25,0,womens_flyweight,0.5032037381114756
34d2e609fae11eba0361d28c,2020-01-25,0,bantamweight,0.4586396044778917
49c737995706c23811737d45,2020-01-25,0,welterweight,0.47801132377863637
c98a7a3f6e065503e752b443,2020-01-25,1,womens_bantamweight,0.5026288381562838
58f8cedb4f1c4a8acfe97da0,2020-02-08,1,welterweight,0.42729758948423713
f791308687846b968ecb6e0b,2020-02-08,1,bantamweight,0.3822787761320017
45d8c7be4e945420d00361ae,2020-02-08,1,featherweight,0.42576530518438643
a3ce1d91d4f5d48cb71fcfe9,2020-02-08,1,heavyweight,0.5574306615319062
ff6a60aa5038e8415ec8939f,2020-02-08,1,light_heavyweight,0.626820423055883
e68dbb04527c15178f4140e6,2020-02-08,1,heavyweight,0.5304374826706109
b2b4d0831802f26e83e6ccc7,2020-02-08,1,womens_flyweight,0.33140785232179976
8d68545109734da047569b52,2020-02-08,1,bantamweight,0.38687596721645284
9849cc2855f955fab6058523,2020-02-08,0,featherweight,0.477639464076803
d1b4cad82cb530a5cf8cacd1,2020-02-08,1,middleweight,0.4180165318630516
1f5ca783acb07145072da725,2020-02-08,1,womens_flyweight,0.6214735210582215
2085d5052f8ce3f92633bf3f,2020-02-15,1,lightweight,0.5132531739140446
8de48a03581e7b5f3ae2d006,2020-02-15,1,bantamweight,0.4439507593271884
bd22d4e2756e0f228a221025,2020-02-15,0,light_heavyweight,0.5988255390340622
c7f13fe85a89872d7c7fdc4a,2020-02-15,0,light_heavyweight,0.2879105333534641
1ff4a3233a4e3de253086d78,2020-02-15,0,welterweight,0.4941999571166282
f8d3fabff42baf18c7e8c6d5,2020-02-15,0,lightweight,0.4705467844022837
52e04780edda9cf0618b9152,2020-02-15,0,bantamweight,0.6989433930040437
828bae559074c156bab9cdec,2020-02-15,0,lightweight,0.4229806340065541
e2092c0a9fda00799fd85248,2020-02-15,0,womens_bantamweight,0.38369460416271095
344da31964fde9819457c241,2020-02-15,0,flyweight,0.4506905731633681
7a47b5bdbb687c1295999f5e,2020-02-15,0,womens_flyweight,0.41047193797691767
e21273dacc8544d24b825430,2020-02-15,1,flyweight,0.5547446602385313
806a30c5a3bc9369c6e1864c,2020-02-15,1,welterweight,0.5507955277792489
3345db9eff688ec37ec0f2f0,2020-02-22,1,heavyweight,0.5860014029964579
405c0a662bf5e5bd6660107f,2020-02-22,1,lightweight,0.5356874007249229
957ee110d743be59ac63bd6c,2020-02-22,1,welterweight,0.5491474580670564
55fc23885a358078ecffc231,2020-02-22,1,welterweight,0.6350574562068939
3d852084c8c58ac9c0c3866d,2020-02-22,1,lightweight,0.5242933219043716
6d9b24acf3b0a085f063254d,2020-02-22,1,light_heavyweight,0.48843964012304375
7ec2485289f1c9b63a5792d6,2020-02-22,0,flyweight,0.3335178815384218
e4febcd3b9270378b88c2c8d,2020-02-22,0,womens_strawweight,0.3246922407878747
06cda90846ecf341619165c4,2020-02-22,1,featherweight,0.5072811267074556
c081058b8760ebc49b1844fa,2020-02-22,1,womens_strawweight,0.41665079423104573
0a118b568754c03f74e85a68,2020-02-22,1,lightweight,0.731047589946783
e8ddc97cca6d0a5d378ee12f,2020-02-22,1,womens_flyweight,0.4289640897110174
bc05c73c776a23522465fbba,2020-02-29,1,featherweight,0.813831861190689
67c513c4904f8faedf720155,2020-02-29,1,middleweight,0.4799442532015481
225a42fc041d7b46d5bfaca6,2020-02-29,0,womens_featherweight,0.3317335205893439
12c618f5f471aac6cbe2f559,2020-02-29,0,bantamweight,0.4895211324799137
7c35b87c3259435af9f305f0,2020-02-29,0,featherweight,0.2490757496519929
b9199fdaf47f5fe86002cdc7,2020-02-29,0,light_heavyweight,0.5525434291221797
a9d1e14c018c2bd7956f85b7,2020-02-29,1,featherweight,0.5003480383160599
959d009361301a02cd28d861,2020-02-29,0,flyweight,0.5861039586145835
c5b2efe1550d9fc74302f4ae,2020-02-29,0,lightweight,0.3592750481449352
af291c699433bd04d136b64e,2020-02-29,0,heavyweight,0.4709028706934273
0192a4baef7d9bbc35d07b36,2020-02-29,0,womens_featherweight,0.5243521822455202
8233a2bcadaa15eb353a00ac,2020-02-29,0,welterweight,0.6888555770721558
ac32a2ac43ae6ff31c4c058a,2020-03-07,0,welterweight,0.373638194965368
2994a65fc60a7ebda1abdfd4,2020-03-07,0,bantamweight,0.43362225935651993
4dc37410ffdd722c5c13b647,2020-03-07,1,lightweight,0.638816298362171
bbd0ec55ec6433a7ed39dada,2020-03-07,0,middleweight,0.38951633258120144
29c5a22950b852875c2d2859,2020-03-07,1,featherweight,0.52503311541203
fd70dfb0a7f2d8d11002f31b,2020-03-07,1,middleweight,0.6639552574080363
0a2d16d65f1e0a9aa0e5ad91,2020-03-07,1,lightweight,0.6133341294730071
6d49420f915f8986e125d116,2020-03-07,0,welterweight,0.4992811677428364
b8fe0a7b1ff0416078863f66,2020-03-07,0,middleweight,0.43546748922143885
5f2af6f949d46196346c0969,2020-03-07,1,bantamweight,0.5313251878858763
49093c389ab04a0502e74269,2020-03-07,1,womens_strawweight,0.5946431053007597
dcbc89946cfd3b60dc2896a5,2020-03-14,1,womens_strawweight,0.6442461784675304
ab4e9d192e4c6a16d88cfa78,2020-03-14,1,flyweight,0.7511387903674526
0629e69e4cdef6010afb82fe,2020-03-14,1,welterweight,0.5952338491615248
12fcb4b15eab88cc21a628ea,2020-03-14,0,welterweight,0.4978321133288444
3397e1f912942f4951412964,2020-03-14,0,lightweight,0.584500197344079
0b804ef15016f4701a6c3b27,2020-03-14,0,light_heavyweight,0.502095355353499
c060ae13226dc57054e79419,2020-03-14,0,flyweight,0.4951722046383257
1f8448a33794600e3b26b116,2020-03-14,1,lightweight,0.4013596405538286
8f283b50bf60f4ca662fb534,2020-03-14,1,womens_flyweight,0.48083634075813836
7171685f49e42fc47e27c391,2020-03-14,1,lightweight,0.6636755965157133
832f4ad5e6462a116d4f8af9,2020-03-14,0,womens_bantamweight,0.5460839596431429
009aa0b869e610f7e796e750,2020-05-09,0,heavyweight,0.6821988097983536
c103c970f04eb87287a0e4b3,2020-05-09,1,welterweight,0.4913894363293009
cedffd9e5eec6ce82f7c101a,2020-05-09,0,featherweight,0.3219094829781587
a0e32d72c7de88f4800dab59,2020-05-09,1,womens_strawweight,0.5374278556809384
ae7dca63a813f4d6c52b1788,2020-05-09,0,heavyweight,0.40449401504899446
f8880f1d649f46e28a73ca8d,2020-05-09,1,heavyweight,0.6037301793441072
5384d7c94e5a0e0f2f57d0aa,2020-05-09,0,bantamweight,0.47164164992950475
b0b04e108bd700e4b9506bb6,2020-05-09,1,featherweight,0.507879742583562
4e861f89eebf4bd6240193ec,2020-05-09,0,light_heavyweight,0.40326668051407366
da967b755aeebd0969453818,2020-05-09,1,lightweight,0.40002749895447304
5922566ed6339c4bee68789a,2020-05-09,0,welterweight,0.3719302992140547
9327fe46dbb648274dedf148,2020-05-13,1,lightweight,0.4280216176243519
b4e09acb3ef8fb916cd20042,2020-05-13,0,heavyweight,0.535144969121482
099226a1af8eaad416e33ce9,2020-05-13,0,light_heavyweight,0.5692028184965262
85583e946a1afc739c7971d5,2020-05-13,1,heavyweight,0.40465166272106484
30f7d6f26cdb555e1863bacf,2020-05-13,1,heavyweight,0.5379549731670741
77c3d8ba834acfc857c5d9ad,2020-05-13,0,lightweight,0.5451171663048038
281018bae372254e896f953c,2020-05-13,1,featherweight,0.41875953785112846
11a75f048fd5a8ce402d014c,2020-05-13,1,lightweight,0.5681879352733131
eec530344c8a5b1193095b97,2020-05-13,1,bantamweight,0.3522888246939759
fc27e2a2bb4840d583e6af05,2020-05-13,1,womens_bantamweight,0.5324080129149691
56eb0df2ba5e8806fbb8b6ac,2020-05-16,0,heavyweight,0.5228796275773593
4431b6293af599f45ff88ce1,2020-05-16,0,middleweight,0.34897533619640686
2ab2b9f636e1f691e06be87f,2020-05-16,1,womens_strawweight,0.48135549728872007
2013fc705603e4d2d485f766,2020-05-16,0,womens_flyweight,0.5809132895969739
5002aab7fcb128933ec0f428,2020-05-16,0,featherweight,0.34522415896667885
6b06bb42128fb721e64e27d0,2020-05-16,1,featherweight,0.44016971991179993
700c19e5d8072a2eb472243d,2020-05-16,0,middleweight,0.39043217638366884
e484e0ac9450e9273c0358cd,2020-05-16,1,featherweight,0.48338752988816547
ca6e34d9cb638eb1628a7523,2020-05-16,0,welterweight,0.37956426975978874
9a367f827403d6a654fbb184,2020-05-16,0,heavyweight,0.5341434366268277
bc93d93ef97ad802b83b9d42,2020-05-16,0,featherweight,0.27887953318236697
ee05f5ee9431052c10688e3a,2020-05-30,0,catch_weight,0.5634938838824859
4666770439ba8c9851230139,2020-05-30,0,heavyweight,0.44088433262594207
30e2e97fde043513c4e768c0,2020-05-30,0,featherweight,0.42239615989510715
4daf886ecde6eaec42a3a025,2020-05-30,1,welterweight,0.7117980003425857
cab113a35cf2265258613c6a,2020-05-30,0,womens_flyweight,0.4665790652224815
1ac169b7d2f5b29552a8b0c2,2020-05-30,1,bantamweight,0.5829540685120691
13b094ecc0ecaf09072cf52a,2020-05-30,0,womens_strawweight,0.4860419257415517
c05df91759ec1c10158435b1,2020-05-30,1,lightweight,0.7382990274452456
50b9b416e5e3b3851dac3a6f,2020-05-30,0,flyweight,0.4641406908657721
2d149a8495bc57d125ce4598,2020-05-30,1,welterweight,0.5412580614056529
820e89cff0edf608156421bc,2020-06-06,0,featherweight,0.6819958016992113
97226c5d11d686649ed3e022,2020-06-06,0,bantamweight,0.4512186660798116
24970a4f8d6d139317076c24,2020-06-06,1,light_heavyweight,0.48662069017988074
28044f1dbc515f3c272522a1,2020-06-06,1,womens_featherweight,0.7019823414315193
14525c663d20a7a85c31b0dd,2020-06-06,0,middleweight,0.6243830312550941
4858c091f6e5f1675c2a3e4e,2020-06-06,0,featherweight,0.26203842869909133
f5093e48c887c2911361c958,2020-06-06,1,bantamweight,0.7203223060904623
478b9433c1b69ca56c69354f,2020-06-06,0,catch_weight,0.47014382347377753
34cf054f6fef1a96d7b033e6,2020-06-06,0,middleweight,0.4784281921569678
41234e8af82999c05cd8e76b,2020-06-06,0,flyweight,0.368200026759773
0af06c0ad5c72afe4111ca93,2020-06-06,1,welterweight,0.47998996608079986
e31c4c6b7eef770d9e0c6969,2020-06-06,0,bantamweight,0.4045688592306133
886bbd2f6a3553ba3983567a,2020-06-13,0,featherweight,0.47867286758074734
89e05740fd45ec7c49dee28a,2020-06-13,1,welterweight,0.38730796972966114
0307782c584315ff5b11eb53,2020-06-13,1,lightweight,0.3694275726612987
62e7a1dbde465ca7534617e6,2020-06-13,1,womens_flyweight,0.4883660430200992
8a6e39649a3fec737d38320b,2020-06-13,1,bantamweight,0.5801314349136897
c630e7885cdd36b6b14cca59,2020-06-13,1,womens_bantamweight,0.629630614123687
3e172364fc518e64ef6c7969,2020-06-13,0,middleweight,0.39996072465501026
2259ec8201adefc465ce8c23,2020-06-13,1,womens_flyweight,0.5597362652071518
923433619c20dd750c2205af,2020-06-13,1,catch_weight,0.7173656140411531
e8151d9214dc667480a5a0cd,2020-06-13,1,bantamweight,0.4010308052098477
290d4ab10e5aa919a128037b,2020-06-20,1,lightweight,0.4712651519067818
cbdc4ad6d5473e19d6df57ba,2020-06-20,0,welterweight,0.4281302365229152
35dd379f6c827a39c9ea2a80,2020-06-20,1,lightweight,0.6303855244909983
0ca95193d549deae06a43dfb,2020-06-20,0,womens_flyweight,0.31963051064153286
42a699b0e1e0b47000777a51,2020-06-20,1,heavyweight,0.4857211873134057
11a2b83fafaadd00beca04d6,2020-06-20,1,lightweight,0.40485496298961793
dab5c40932dc5108516b8357,2020-06-20,1,catch_weight,0.3731092120386965
1702be42945c42f331abfb86,2020-06-20,0,featherweight,0.6645107698600279
059fc403c1199ed58dfefd1e,2020-06-20,0,womens_bantamweight,0.31876415021799026
cd96fe8c1990581afcbc65fa,2020-06-20,1,womens_flyweight,0.532513749070454
af88d28bf7e8107238ee84eb,2020-06-20,1,womens_strawweight,0.36822416267650293
82c23a4256fc112839a21e37,2020-06-27,1,middleweight,0.781233990100153
de98f026bdf72951202b6d58,2020-06-27,0,lightweight,0.40907305935196736
3f23da8e6c5be0676895513e,2020-06-27,1,heavyweight,0.5938444669951118
b66fca201dea49414ec29f35,2020-06-27,0,featherweight,0.4034147140940907
c4e0a136fe5ffd850886b385,2020-06-27,1,womens_strawweight,0.6629344999231106
2fdfc02f2b246b2cd90069a6,2020-06-27,1,lightweight,0.47694077001704727
c13e18c821c98fe6fce0b80e,2020-06-27,0,welterweight,0.3937200643654686
44b541d2c96511df188e7335,2020-06-27,0,heavyweight,0.4192061893832944
c19913fffb602e14f3e2082b,2020-06-27,0,catch_weight,0.6655156318158523
006f504a194d5223fe79b4df,2020-06-27,1,welterweight,0.6391677405866777
be848e2721065a0114893812,2020-07-11,0,featherweight,0.41229788553534297
1f3620c84ae614757d7bfa36,2020-07-11,0,womens_flyweight,0.2779179753785782
2aca388948ad79e83a84cf15,2020-07-11,0,welterweight,0.537939008220242
574672682df84871761a5876,2020-07-11,1,womens_strawweight,0.5304981661493561
83c960d387ea71ac2b87a5ca,2020-07-11,0,welterweight,0.29375810203080427
51718fa99d2beeef65554230,2020-07-11,0,womens_bantamweight,0.31526604367488104
d15cc1d2230aa928274889e4,2020-07-11,0,lightweight,0.3534296254244803
203ac34442d30277d30b534a,2020-07-11,0,featherweight,0.41840350277877497
bbb50c2b6683640361da5f6b,2020-07-11,1,heavyweight,0.6460567374526118
c47da9117ef9cb0c55d90f33,2020-07-11,0,bantamweight,0.6398863257108381
0d11971457c4175b965c7f87,2020-07-11,1,bantamweight,0.7131833761662496
511b42aba92448e1f30bcceb,2020-07-11,1,flyweight,0.6860723786147417
b8cb51bb58d9db4514c8a4cf,2020-07-11,0,light_heavyweight,0.7434793202650996
3cb54ea87dbfd559fefef2b7,2020-07-15,0,welterweight,0.5484792801765987
884115a97758c772c9a1aa6e,2020-07-15,0,featherweight,0.7056498234684725
e030c4b4274431ef2741e6c9,2020-07-15,0,womens_flyweight,0.5424890798990797
a8f801019d4eef0e77d9ae1a,2020-07-15,0,bantamweight,0.23817794511563803
b3e069741adc630204893233,2020-07-15,1,featherweight,0.5768308969264474
e15671cec5d44e671c10a445,2020-07-15,1,featherweight,0.3402128808099318
8b32ecec48dbcd2195ac45bf,2020-07-15,0,middleweight,0.35181432425691367
07704ef1301d2d6ce8009af5,2020-07-15,1,light_heavyweight,0.3652817637086857
b612d80bd5c03377090d4d3e,2020-07-15,1,womens_flyweight,0.5435206077538539
9f333d28d7717b8654dfa658,2020-07-15,1,featherweight,0.26635640489702994
456ab7958561d909b67e3864,2020-07-15,0,flyweight,0.48449075234057287
8f69fcae4224781b3c9cfa38,2020-07-18,1,flyweight,0.43100708513997565
fa1912c548967b80aa56bf11,2020-07-18,1,womens_flyweight,0.4586639349905673
6919180ec57b7b188061ac38,2020-07-18,0,bantamweight,0.6485975231505251
74993216732e68a332a88a7c,2020-07-18,1,heavyweight,0.47002180735915194
cd37985766a8aa01b735f39b,2020-07-18,0,lightweight,0.4510707854322534
1940aee687891ca4a94afbfd,2020-07-18,1,flyweight,0.5254290634167023
9fafa8c93b811a3746eb31e8,2020-07-18,0,catch_weight,0.39874691388203753
f86ab16d919a25d4da537f58,2020-07-18,0,middleweight,0.45446765440844833
66da3b6f9f4cf7e4157872a1,2020-07-18,0,lightweight,0.48482824052158635
4a09d8daff5488361ff890ac,2020-07-18,1,bantamweight,0.8126134727609482
e038f9564dda467e4997ce35,2020-07-18,0,lightweight,0.6214046959963213
8cd39f466756d30dadd88be2,2020-07-18,0,light_heavyweight,0.541180230961359
aa414e556f0b92cf8400036c,2020-07-25,0,welterweight,0.4317203007620838
9ecf8c24eea5a923e8f4b148,2020-07-25,1,womens_bantamweight,0.5883167202906534
b345fd117c26ce8ce1ef6e60,2020-07-25,0,womens_strawweight,0.48000482978993264
0c7ab3916d55a17df15a3a83,2020-07-25,1,heavyweight,0.33558255953383065
39cab37f486024ecb9db2635,2020-07-25,1,lightweight,0.6431208101943958
defd84b0599cc0d92b68f3d9,2020-07-25,1,welterweight,0.7228489037714746
463933bcaf017d47e453066f,2020-07-25,1,light_heavyweight,0.5388907834496423
774acac56423a0c607d073ed,2020-07-25,1,featherweight,0.46694607696153106
f8145b4bb7b5e3cb97d4dc9c,2020-07-25,0,bantamweight,0.28527478763957814
6ce73abee15e58ac43b79445,2020-07-25,1,light_heavyweight,0.5561505356260479
85e0c0d613fc2cb13a184545,2020-07-25,1,welterweight,0.7202308011925204
d7af924b081837726a8d950e,2020-07-25,0,middleweight,0.4239528994844583
11685689bd05b8ae21ca67b2,2020-07-25,0,heavyweight,0.3785371810124384
376525f5ca63a4c27ff6decb,2020-07-25,1,heavyweight,0.4133421098566124
8332a93dfb22029ffd97dce6,2020-08-01,0,middleweight,0.6736554960550362
accaf5efe3560f60755f9237,2020-08-01,0,bantamweight,0.36492533547720507
77f7f2dbc81095fc4709e0cc,2020-08-01,0,featherweight,0.4023103410413183
803e4699563eeaab313ee6f9,2020-08-01,0,womens_flyweight,0.6119097260125389
cf1b0a8a8ef42f5355c57ac5,2020-08-01,0,featherweight,0.5391736043165171
74ada4c73df8d55a25668c40,2020-08-01,1,lightweight,0.6144090804553126
11b2bdce33b4daa385378c1a,2020-08-01,0,welterweight,0.39885536611521033
210876a707716aedd484fb62,2020-08-08,0,middleweight,0.5758802068142116
55d2db7e55ff9ef810d8a2d6,2020-08-08,0,lightweight,0.30815640785552306
04fb7fae5eccd9bfad3b30f5,2020-08-08,1,heavyweight,0.548652205247303
9c4d9994434bee6a49132946,2020-08-08,0,featherweight,0.5684229870217177
868200fb7ccb6878e63a9732,2020-08-08,0,bantamweight,0.5597492760933708
7ba96474f9f6f546663fb612,2020-08-08,0,middleweight,0.4758007066999565
2d9f61eb854f945a91ce4e6e,2020-08-08,1,middleweight,0.5989675171487913
da0dbbeaf56d1757faf50688,2020-08-08,0,lightweight,0.35816961023568245
7cf5bb7c97d458ef222e05c8,2020-08-08,1,middleweight,0.4490404113730815
298e37ec9666db9f53515a4c,2020-08-08,0,welterweight,0.5797602146859853
245a1aa1d70748ddb77fcd50,2020-08-08,0,womens_bantamweight,0.28810793896576825
060c3c0453e2685b88bfc7cd,2020-08-08,1,featherweight,0.7046134084530251
f62f628f4d455c496ac07489,2020-08-15,0,womens_strawweight,0.43193519154449567
a932c2ee19a974d44f417d4b,2020-08-15,1,heavyweight,0.42285570540325235
7a1e753ee1cac071ed552cc0,2020-08-15,1,womens_strawweight,0.5160629557144772
c2a30adbd7330740e20862ad,2020-08-15,0,featherweight,0.7255257560750594
14528df9ace6c262ceefb3f7,2020-08-15,0,lightweight,0.4487133136993528
55a99ea2630f084f2ed4d912,2020-08-15,1,bantamweight,0.6748746094656367
5d24c91dd499dbf9f371c204,2020-08-15,1,heavyweight,0.5424563857510116
1b00b8df5d93a51c490a2948,2020-08-15,0,featherweight,0.5340696653101349
ba981dcf4305f29bcaa7900b,2020-08-15,0,bantamweight,0.6590124243281934
27164f9bd07bca68817f3f4e,2020-08-15,0,heavyweight,0.5870825852367036
b5a777423264ab6348bb1c2e,2020-08-15,1,featherweight,0.4228752254545401
acf437c27bb894e5f10b2833,2020-08-22,1,womens_strawweight,0.5671117379706259
865bc5e17b412e9d8e74207b,2020-08-22,0,lightweight,0.4754633468928516
56c97a89da7aadd66d047b0a,2020-08-22,1,welterweight,0.4707505172513724
3d301ae7159660205e61e4dc,2020-08-22,0,welterweight,0.5128652671082361
34d337987a36d7908897d305,2020-08-22,0,light_heavyweight,0.2570443335349375
df37437bbab31d315b3583ce,2020-08-22,1,light_heavyweight,0.6032831808632844
35fc4617b59fef082956caf0,2020-08-22,1,womens_flyweight,0.2643347441934975
4c3bf69bcda575328e7dfa8a,2020-08-22,1,bantamweight,0.5373825338692818
9a0f019bcdd546effc2348ee,2020-08-29,1,middleweight,0.490343468611377
445a76108cb8e63cbb18f23b,2020-08-29,1,featherweight,0.41378598271872635
783496ec89222db55e57a668,2020-08-29,1,light_heavyweight,0.6106120972808484
e386eba5a579cbc9c61d7ea2,2020-08-29,1,womens_flyweight,0.6993133131451719
7e8fcbb84541590cb5ced267,2020-08-29,0,middleweight,0.45064317771558154
4fba53fa922937da97b13a1a,2020-08-29,0,womens_strawweight,0.47442011616146174
9e3309a83263a3eb26e2536b,2020-08-29,1,womens_strawweight,0.5062377215640684
cd63bf60ab82e106e2f0ee15,2020-08-29,1,featherweight,0.7252608270620684
5b102515890b750f61b15ad8,2020-08-29,1,welterweight,0.6043307820353992
df451b71add33401cfbbbdee,2020-08-29,0,welterweight,0.3719299038863101
a8f7e7ce78b35799585b7b3f,2020-09-05,1,heavyweight,0.42783135778466835
4566ad12d4871db68af538da,2020-09-05,0,middleweight,0.6141966737591279
79f56fc5b540a07b75fc2f98,2020-09-05,0,featherweight,0.393348094207515
b37f7663c4100c0a3a3d864e,2020-09-05,1,bantamweight,0.6458350103615842
db45cb350600a6522a63019e,2020-09-05,0,welterweight,0.42595905728160544
3a47b616824dbc09d6b4f23f,2020-09-05,1,light_heavyweight,0.4595688380577342
cc3301848054cf1d86698beb,2020-09-05,1,womens_flyweight,0.4111130009965769
28d6bbf15b8b8f3eb7f23a3c,2020-09-12,0,heavyweight,0.31491666429579546
f323a1bcddd8b81465fd2d6a,2020-09-12,0,featherweight,0.4160132845716974
7ae74b7892d546b2c6cc4286,2020-09-12,1,catch_weight,0.656679378324319
b58fb9829ccfd18659c6d7da,2020-09-12,0,welterweight,0.4707124030346905
082eb0ff7fe293a70ba23347,2020-09-12,1,light_heavyweight,0.45667978313869395
93cfcbcd4b75c2b5c8ee2e46,2020-09-12,1,womens_bantamweight,0.5318374025476293
04a643128e2a0077e897530a,2020-09-12,0,lightweight,0.33994118306789595
537ffd56845ed420190fbfdd,2020-09-12,1,womens_strawweight,0.5414298357440472
25de901f6dd7ecb9530b74b0,2020-09-12,0,lightweight,0.42639643384816495
28efb17bdca98d4378885a1c,2020-09-12,0,womens_flyweight,0.5887665288701497
9315dd27fd7b658d3ca50207,2020-09-12,1,womens_flyweight,0.7312224945645738
623b46230159a54815f5cb49,2020-09-19,1,bantamweight,0.5541252850211857
fb266d3d4965156fe0812808,2020-09-19,0,welterweight,0.3191998509874919
6c738a0d9b2c763e5023b8b1,2020-09-19,1,featherweight,0.5378608562967254
d817723ba47e641cb45f55df,2020-09-19,1,womens_bantamweight,0.37785369066781677
5b0b10e3a4c96b4a1aaacc21,2020-09-19,1,light_heavyweight,0.4586175930166658
4d15262f09d0438e42a1d716,2020-09-19,1,flyweight,0.43262675957998603
f23ca5817efea8ed67cc6d3e,2020-09-19,1,bantamweight,0.6065945755076088
fb788a19abdf58c4ce9dcfda,2020-09-19,0,middleweight,0.3363546738334847
5c95389aafbb0711c5963558,2020-09-19,0,middleweight,0.24161311504274907
7931d00816825b1bd9e0ecf7,2020-09-19,1,womens_strawweight,0.535238728910393
126a5071914844441f76aed3,2020-09-19,1,womens_flyweight,0.4975741366523326
ef94f26d1600348c57fa67b0,2020-09-19,1,featherweight,0.3447765657603172
3e510c9608a6583021390665,2020-09-19,1,bantamweight,0.4558288525330722
23a662e45455f29a908aee5f,2020-09-26,1,lightweight,0.5452994394427139
ffe5c9a6e91e0d37d415fdb0,2020-09-26,1,welterweight,0.7583707504219926
9f519c98b04a3b46edae897c,2020-09-26,1,light_heavyweight,0.3652136200381641
80791d311e48d79967e48920,2020-09-26,0,featherweight,0.4887921791722753
4ba5210842a9fdedea37b2dc,2020-09-26,0,middleweight,0.3992883160011532
38d22d042e94d6259e70a045,2020-09-26,1,heavyweight,0.6243744346567524
48f7656e55b8b2313a2a7cd2,2020-09-26,1,flyweight,0.4090383608953176
f4bc73375a257ec73059a857,2020-09-26,1,womens_bantamweight,0.4782735572505212
be57e08456210445617a2cfe,2020-09-26,1,light_heavyweight,0.4757132383900882
39410ea34d5a7709c2e4070b,2020-09-26,0,featherweight,0.5672987738995982
f593b1fad2405f4eea183994,2020-09-26,0,light_heavyweight,0.6384830654849869
b04169fb651ff838bcc04a28,2020-10-03,0,welterweight,0.4024939361809347
0c6b8632abdb2d92929613c4,2020-10-03,0,bantamweight,0.39658222384169456
d1559e32012f7277afb65dff,2020-10-03,0,middleweight,0.377635790488445
f3ee0876b7b239e4c9c141a5,2020-10-03,1,womens_bantamweight,0.484090355669141
1ed625d2bce4a080ff7aa7ec,2020-10-03,0,womens_bantamweight,0.6276257243226466
c6a82c44dd90c79be12b6827,2020-10-03,0,middleweight,0.4628597483653137
e027916440b1d9b89633d333,2020-10-03,1,bantamweight,0.7271586991957989
e78a454a7ba56158106a70bb,2020-10-03,1,womens_strawweight,0.6266656103510821
9038dd92cf6a9dba569b6e41,2020-10-03,1,lightweight,0.5493771758152984
5e403d21b6f537ca07e981a8,2020-10-03,1,heavyweight,0.5413143264837741
80048b12f4e27d448e681393,2020-10-10,0,bantamweight,0.6896878398007799
9fd3797dda6a9dc551642271,2020-10-10,0,heavyweight,0.270769725882622
47d015c9da4f8e7c68642c9c,2020-10-10,1,flyweight,0.6782131956324312
f3c39178e030c72a92766f83,2020-10-10,1,heavyweight,0.462258774216978
b33b7e15079e874207787397,2020-10-10,1,featherweight,0.4363282864650349
32b54d883d2d43b47a7329ef,2020-10-10,1,featherweight,0.42059355471668003
3933cacfa643f4332fb05e57,2020-10-10,0,middleweight,0.5932610390312568
6d2a9d7dc08ac386e90f4115,2020-10-10,0,middleweight,0.4232846043852221
a9b7a476e336ba9d14cc3967,2020-10-10,0,bantamweight,0.44973968497846784
4bf87d901465ed4dc164d766,2020-10-10,0,heavyweight,0.23356398054646116
96f20b0be6ccb77bf9cdc8eb,2020-10-10,1,middleweight,0.6579303213155359
f37de3fb239061532292aa7a,2020-10-10,0,womens_bantamweight,0.2345573842436032
c1064b7eb590e152b8293553,2020-10-10,0,featherweight,0.6441154325164412
7436f2383310929d077726d8,2020-10-17,0,featherweight,0.4779777571799128
1ccd594341a2b6cea5016be1,2020-10-17,0,welterweight,0.47800526613094596
5c7f86843455a239817ae12d,2020-10-17,0,light_heavyweight,0.5488353407374371
2da28f1443f58bbdd2cb3db7,2020-10-17,1,womens_flyweight,0.45602120403668417
9dc9bdd024b0eccd64b939ac,2020-10-17,1,lightweight,0.7329178924848819
5b47f9b0810708e40df64e9e,2020-10-17,0,light_heavyweight,0.3165258309988138
2975781dbd33227ef8a61f79,2020-10-17,1,middleweight,0.6581400351600157
2a9bbefd70d44c964d657e9b,2020-10-17,0,womens_flyweight,0.4195539696955637
591940879703188b315267f6,2020-10-17,1,lightweight,0.44582460293211823
385fd3eb8f3778369168b7dd,2020-10-17,1,bantamweight,0.7145461467575115
5d4dafd8adc6f8fdd0422db8,2020-10-17,1,featherweight,0.5171926840006856
9e5f20555d811d9565cd562c,2020-10-24,1,welterweight,0.47807643598569827
c390228f133682c232f89d7a,2020-10-24,0,heavyweight,0.25345508932799865
ddd3bcee83bd285bc2d66fda,2020-10-24,1,middleweight,0.43385086994751426
accd1dcd8cd278a67c7cd20f,2020-10-24,1,lightweight,0.5719489981887688
5e1047bc4fb321e2c668e871,2020-10-24,1,lightweight,0.6541745997968761
01e8de6e71b38fdbb4ca295b,2020-10-24,1,womens_flyweight,0.49769252574991946
dccd287fe543912a3d4262ce,2020-10-24,1,womens_flyweight,0.561987445720503
27330ec2f027b06bb6e1d506,2020-10-24,0,light_heavyweight,0.4623569635153701
95bf3e74a6af57559a469137,2020-10-24,0,catch_weight,0.6085130329140735
df5cb9edb98d3b8e5b0d1dcc,2020-10-24,0,middleweight,0.2876171868418907
f579d8fdebc5facfe7a54631,2020-10-24,0,heavyweight,0.3973233828704286
89530c10412fef4e37adacc3,2020-10-31,1,bantamweight,0.49130553856067166
139113bda6e2c08bcdb0de64,2020-10-31,0,featherweight,0.4104997258027421
64f6e5042b239942a0940584,2020-10-31,1,lightweight,0.6564961085975991
cefd7c12fbddc1ae93b66ff3,2020-10-31,0,welterweight,0.6108426998168424
7b0cfccdff37cdd83d0058fe,2020-10-31,0,light_heavyweight,0.4871592061843843
26fbfce30596a1dab7bd4db1,2020-10-31,1,middleweight,0.6815369986034444
578662bba25d0cd530c617d8,2020-10-31,1,lightweight,0.37798484250579867
ee10cdc650c5fb71fced52b6,2020-10-31,1,heavyweight,0.625419841139209
558610849677ae0c138c4f45,2020-10-31,1,bantamweight,0.5494095292035277
5fd8a5e104ff4c3e1adbc165,2020-10-31,1,middleweight,0.7385108068366706
b5338c339e99f772edcafd4b,2020-10-31,1,middleweight,0.5768203196198793
c01ae7afb0d017349ea11354,2020-11-07,0,heavyweight,0.3586277072601251
a75ae44aa15099924d9905d7,2020-11-07,1,heavyweight,0.3286402894955715
3eef4800a98bf0e45d406700,2020-11-07,1,womens_strawweight,0.5522679623009192
dcbfa685c07ca7e10a21cc93,2020-11-07,1,featherweight,0.5199052062281304
7e96ea3f88bc1cd633bfbcff,2020-11-07,1,featherweight,0.5994798995864971
cf941249e8853878c39beb3b,2020-11-07,1,bantamweight,0.3690762430496127
627ff29937df0f3e4b02b96e,2020-11-07,0,welterweight,0.4892107616016824
35cd9e0ed2ba0bbc0352b4d5,2020-11-07,1,bantamweight,0.6394396555506904
f56a2da3439d7312f3ed5053,2020-11-07,0,light_heavyweight,0.6229895617136437
22d95249dfaff73c149f7787,2020-11-07,1,middleweight,0.6257682529123995
4f984c114f952c5e85b05305,2020-11-14,0,welterweight,0.24458855285199002
0bf1cad5fff73833720546bb,2020-11-14,1,welterweight,0.5967935781582544
4d8c8fdb741a66e9ec213215,2020-11-14,1,womens_strawweight,0.4783566653571991
7472bbec30036b91f8b3f55a,2020-11-14,1,catch_weight,0.4615791136968399
9d1bf278adaf06c59aafbe8a,2020-11-14,0,heavyweight,0.3946420655066636
bdf3b0384bfd20ab4f874937,2020-11-14,0,bantamweight,0.5063262705219111
256ba9eadd0025f9b1b46491,2020-11-14,0,womens_strawweight,0.5592890014174423
212de9a7a449ce2e3483fe61,2020-11-14,0,lightweight,0.3687829196544867
71953b09146d733984c4873f,2020-11-14,0,womens_strawweight,0.42496475724167676
daa107f8ce19d97b1024e608,2020-11-21,0,welterweight,0.4920684751781863
990f47449008c2507dce5538,2020-11-21,0,womens_flyweight,0.5210668356954393
855198b297a6d4d634748fc0,2020-11-21,0,flyweight,0.48872620175011605
ab363e2b0f18214055df486e,2020-11-21,1,welterweight,0.4048923607088443
35a304f5212463a5b62f0016,2020-11-21,0,flyweight,0.6069980987775999
e10c4a1985fd12ac4132b445,2020-11-21,1,middleweight,0.5574168180691621
75e45e9d89ad79cff7c42ac6,2020-11-21,0,womens_flyweight,0.48682764580325294
5ec0091b78dc3de20dd3ac14,2020-11-21,0,middleweight,0.40792027560272553
71a0386425bf0de6d824fb82,2020-11-21,1,welterweight,0.4226110394110671
1d045510888fda8b989e961d,2020-11-21,0,light_heavyweight,0.549372683830284
eaf2ba2fb033cd4f682f8d99,2020-11-21,0,welterweight,0.5873620172727705
2cbdb6487a02560caa061947,2020-11-21,1,womens_flyweight,0.7276012127965483
f1ef0a42087a271126512de6,2020-11-28,0,light_heavyweight,0.5496188533229043
54556752d4e905ae3733dad8,2020-11-28,1,womens_bantamweight,0.4899639752361656
ee744e008569f783f1c7ae2f,2020-11-28,1,womens_flyweight,0.36586530414106333
1da86dd1a82396c3d44770b5,2020-11-28,1,featherweight,0.2673619953080244
f7f1ed2648969e54b0e3c382,2020-11-28,1,heavyweight,0.4039228237354373
15dd8c606462176c34ed098b,2020-11-28,0,catch_weight,0.46841779227242075
be0781425d6678d096405d23,2020-11-28,0,bantamweight,0.6664046228823343
1cc13b483b64475640fb3718,2020-11-28,0,welterweight,0.4125201335484601
1162fe15cac2da103dfe148c,2020-11-28,1,featherweight,0.42499141694529796
0c3a9c25327fe52dfdc851ce,2020-11-28,0,flyweight,0.4493335531201965
3fb0d126ec0ec9c850e7c51f,2020-12-05,1,lightweight,0.6531489896807489
38c73190ff54c90011fd11da,2020-12-05,1,heavyweight,0.49538615616107945
2faee2f4000145f6ef0e7d15,2020-12-05,1,featherweight,0.6492367063550316
c7ea0e981df13024b9a31ab0,2020-12-05,1,middleweight,0.5365512433620732
b7f4b02b143222c336934e1f,2020-12-05,1,bantamweight,0.35766863023790396
96327f3512f595cecb211d04,2020-12-05,1,lightweight,0.7173342472098726
5626b216eee3a29a06e2e953,2020-12-05,0,light_heavyweight,0.4434209576172838
cdbde8c8fb7b8ab6ece9ca3f,2020-12-05,1,light_heavyweight,0.7022493736631985
e56a0eee2d1ec9ecb44e9c6c,2020-12-12,0,featherweight,0.40639794896678283
0212910162e54fa9cd5b7cd0,2020-12-12,0,featherweight,0.46420727507849496
d5af84d65e5ec7c832fd231d,2020-12-12,1,featherweight,0.3854739972087488
f33feba4243e510ba6affdca,2020-12-12,1,heavyweight,0.6887795039672481
dd922295fee469e083fac69f,2020-12-12,1,middleweight,0.5698674105103424
b259ff80d212bf23d79b1dc4,2020-12-12,0,womens_strawweight,0.5152710453456765
4bdb0495d3dcf5d7e7dd27a3,2020-12-12,0,lightweight,0.6076363815088005
80103ed2aae686dd59e7503e,2020-12-12,0,womens_strawweight,0.1798341049395711
c07bd95dd550983c678bb413,2020-12-12,0,lightweight,0.5013870397184536
956d4c038b9d798a03f2f217,2020-12-19,1,welterweight,0.4358081405918553
06b8415093de68eee890672b,2020-12-19,1,catch_weight,0.650230468947218
9cfc7008d97b25e3eee03dba,2020-12-19,0,catch_weight,0.5454824652199117
7c14b9cca72df7ce3e48797f,2020-12-19,0,womens_flyweight,0.4953289715332892
09bb551777feafe78278b168,2020-12-19,0,flyweight,0.5882101302325682
ce69be9a42b5dce320787439,2020-12-19,1,bantamweight,0.419272753769746
d4607f21674e1b635ed2c4b1,2020-12-19,1,heavyweight,0.43847056654041106
2751edcfff14d6f87019df2c,2020-12-19,1,bantamweight,0.45435181885639386
47e7219958c4619887b0ea40,2020-12-19,0,welterweight,0.5205709455659523
8da008a32caddde479cc3af6,2020-12-19,1,womens_bantamweight,0.49653975560827956
6cccf3ffb09a129e7b0bb096,2020-12-19,0,welterweight,0.6390735887468004
73c4fd702dce585354b6c53b,2020-12-19,1,middleweight,0.4761437665337749
ae621dcbc9586b8e5527d2fc,2021-01-16,0,welterweight,0.5447230553452517
63d6662513715319fbb37f5b,2021-01-16,1,heavyweight,0.42577746976944475
299cafa827deafab86edfca9,2021-01-16,0,welterweight,0.38620763898694477
5a322970c6fa2b7ccdbf1a91,2021-01-16,0,featherweight,0.3650905632529968
0b3e78533c34539224338ddd,2021-01-16,0,middleweight,0.5308489966439638
e3788f7673c040a7e7162eaf,2021-01-16,1,featherweight,0.6398196263819375
94167c05ac13c3152031bd8a,2021-01-16,0,middleweight,0.5077065657653066
e1e59ca7e3b0bad7652227e2,2021-01-16,1,welterweight,0.3225275608386225
0314d7c96dc6c9029d7f9a5f,2021-01-16,0,womens_bantamweight,0.5562931104836434
733a1c63f7740f95a9317482,2021-01-16,1,womens_bantamweight,0.4892970620364042
6be48a3315d78994e2f6bbaf,2021-01-20,1,middleweight,0.5345222422287852
9fa1bae0311b4aa3ccba91f1,2021-01-20,1,flyweight,0.6798153034000178
0510c32efd9efab7964555f7,2021-01-20,1,light_heavyweight,0.46745871371478886
8dd911979c1d546b9c995936,2021-01-20,0,featherweight,0.21000235986561464
88d9b570e90c027e750424b7,2021-01-20,1,flyweight,0.618822531439686
500b756ea736234a67f865c7,2021-01-20,1,welterweight,0.42293269973199815
e8a21c49a3957ae2db4f9304,2021-01-20,0,lightweight,0.36238872010020057
bd1a13b91967e59c2d2ca195,2021-01-20,1,middleweight,0.5282434246574444
871ec9ac30c6dde7f53b3da8,2021-01-20,0,bantamweight,0.09582475855480792
5e589ab68c009c7418795d5d,2021-01-20,0,womens_flyweight,0.38991884379282926
f586b613c26248f8a71102eb,2021-01-20,1,flyweight,0.6234594066694237
c5b665d2739cea495eec4f33,2021-01-20,1,bantamweight,0.5697121322679163
e5728f57a9db1a6d419df71d,2021-01-20,0,womens_flyweight,0.5739843481066068
acb69131c93694b07300faa1,2021-01-20,1,welterweight,0.4560293625202885
cc8a36141f665f8a21e43c79,2021-01-23,1,flyweight,0.612912457332692
ba4700ec8890cb3212bac423,2021-01-23,0,middleweight,0.3704789367066213
35396c0c45d4c8527b82d6ab,2021-01-23,1,lightweight,0.7466081995483327
e81b6098e57e8133b071edb8,2021-01-23,0,middleweight,0.43779094276508423
749823f187d45e71e91ff721,2021-01-23,0,lightweight,0.7403579451145018
41d00a19b95b8c4e1011e422,2021-01-23,0,lightweight,0.5097105955119429
069bf8b9c6ade82cb549680a,2021-01-23,1,womens_flyweight,0.5191099625751183
946129bbdfaa781a21608a9e,2021-01-23,0,womens_bantamweight,0.3284815524807836
f7128ea236725875bb42fb2a,2021-01-23,1,light_heavyweight,0.3056509524062271
4d892766af178faa517a3b55,2021-01-23,1,womens_strawweight,0.2016772947718831
9eddebe538dcd4b2e8bce30f,2021-01-23,0,catch_weight,0.2974504989226649
398469f8b03c9109e14c3efb,2021-02-06,1,flyweight,0.7044122379465035
c52172bfe2d5dadbc2baa574,2021-02-06,1,heavyweight,0.7155644252973345
dd2ee13375dd8c96df6d0a62,2021-02-06,0,bantamweight,0.3103608310236624
c2749aa0039c9dbb15dc18cb,2021-02-06,1,catch_weight,0.5819139009856129
006fbd1ad4d3164705b758d8,2021-02-06,1,lightweight,0.5201768462645856
f95fccaf728f92e2468278a7,2021-02-06,1,womens_bantamweight,0.46916388458310704
5b925fbe88e3649da9183c2e,2021-02-06,1,lightweight,0.4172304695472452
5617b1854fbb99723ea7f386,2021-02-06,1,light_heavyweight,0.44578402698358777
187bee69eb0bfc1344de75ea,2021-02-06,1,womens_flyweight,0.4787476434923003
116aee82de340b5b69294296,2021-02-06,0,featherweight,0.5312808539033069
990348198032e07f47fe05b5,2021-02-06,1,featherweight,0.38323164807403864
7f425d4ea75cb89d2a23d068,2021-02-06,0,featherweight,0.4634418133683462
0ad9e306fa9bafaa5d9d1705,2021-02-13,0,catch_weight,0.36779798391915736
f034ef7d780fb11cd9df91fa,2021-02-13,0,welterweight,0.4144839109723831
e415a937b387a95ec19c51ec,2021-02-13,0,welterweight,0.5247666018529739
f97a2702edccb7dad093612d,2021-02-13,1,welterweight,0.7285193650709845
a4e473c3f2b704804d3aa60e,2021-02-13,0,middleweight,0.3770434414824485
84467793f69d35eb41eb8877,2021-02-13,0,middleweight,0.5665501146538261
089e43bbc47943ab21cfcc52,2021-02-13,1,womens_flyweight,0.4853958519325054
eb1492878c3ea0174e4e3b62,2021-02-13,0,womens_strawweight,0.36308803619407576
12f182cc4484512866f9fb1e,2021-02-13,0,featherweight,0.26811943030705726
3dba4569718934d994975320,2021-02-13,1,middleweight,0.34488032860436363
ea60b29d1cc1c5cbf1e166c1,2021-02-20,1,bantamweight,0.3952807356659551
74bfe372b0e5a30d25bf5041,2021-02-20,0,heavyweight,0.25817274215041125
54831bad652cdc3a8ada5fdc,2021-02-20,1,heavyweight,0.6388805625910347
5f3fc1a3e546d6b566ba1392,2021-02-20,1,featherweight,0.5662120431583445
1a4d68fedca9efa585791fa8,2021-02-20,1,heavyweight,0.26696190847683327
4dfd2b1535c10a0b46f38234,2021-02-20,1,bantamweight,0.4866217022938886
35b9ba0462608f9b6e41c742,2021-02-20,0,featherweight,0.4434001147575271
b57470dcb8fd957a6caf4d98,2021-02-20,1,womens_bantamweight,0.4228494083560795
92b3031f9c8a237ab1c68ea2,2021-02-20,1,featherweight,0.5266238891996339
624a4740ac849b0f19e7a355,2021-02-20,1,middleweight,0.5147282631101069
bb5477c8597bf06ae476381f,2021-02-20,1,heavyweight,0.5442800301660108
08bc513ce88af8ec37ef2a3e,2021-02-20,1,womens_flyweight,0.6061023240896284
a8ff0354149b1a73242c7b41,2021-02-27,1,featherweight,0.6173587205680388
fa031ca2b598c1790a770dac,2021-02-27,1,lightweight,0.48418473001514095
79d0da63044a2d7848dc3eb4,2021-02-27,0,womens_bantamweight,0.6721921766606749
a7edd53221755c84fb85b338,2021-02-27,0,light_heavyweight,0.448511947512876
4dae04976391e2c304856f18,2021-02-27,1,heavyweight,0.5363132233299
8977265e2ec0ac4a8d0eb88d,2021-02-27,0,light_heavyweight,0.4332199670262671
03937bc015b49d21691cbfb9,2021-02-27,1,bantamweight,0.4588570088128995
3eed3433c57ea8ceb8e6c485,2021-02-27,0,bantamweight,0.4143690324816122
2c55dd48924effa480f5ca18,2021-03-06,0,womens_featherweight,0.30757087058225163
172ba1c4ac7e58c4dbd7b4dc,2021-03-06,0,bantamweight,0.5850805294764729
84173c3cabc82b82021ee1bb,2021-03-06,1,lightweight,0.6461643159698349
2f2a2e5d3ef44f24b2553a05,2021-03-06,1,light_heavyweight,0.2690976403476602
774fbbcd4bc58c07113c5842,2021-03-06,1,flyweight,0.6513708021120762
bec1db2b5e3183035ce016c7,2021-03-06,1,light_heavyweight,0.6556838178651687
7406877c1618cdf902112bd6,2021-03-06,1,womens_strawweight,0.5509206568274488
436382c7157f32d457cf439c,2021-03-06,1,bantamweight,0.32659005089036774
e40ebd32f54ba3551bc187f9,2021-03-06,0,bantamweight,0.5366647711115526
4c948af46307bedde78b9778,2021-03-06,1,flyweight,0.5680054268921206
39d510d179fdc5c9bc82b8d7,2021-03-06,1,welterweight,0.5532178827887958
a8dd1d9e9aeb7fd344b2f88f,2021-03-06,0,bantamweight,0.49218704992921575
1665c4098d198e470e99997e,2021-03-06,1,light_heavyweight,0.6658180303115093
83c08ce6fca53bee662ac967,2021-03-06,1,flyweight,0.42612425632499845
2a0f151b77d398964b58f1f6,2021-03-06,0,lightweight,0.2361222855906873
e048cc318dcc24e55e146279,2021-03-13,1,womens_strawweight,0.5549804096588441
75ff868f7c9201dc424bcc14,2021-03-13,0,featherweight,0.3188122579530779
45284428ec473bdf65215b5e,2021-03-13,1,womens_flyweight,0.5716467092611695
9681fb4a0e8ec440e305912e,2021-03-13,0,featherweight,0.42570622531189667
d8ea1aa19a7a70e000c057f8,2021-03-13,1,womens_strawweight,0.46265745020745613
08147aa1d935de56a0a7c9fb,2021-03-13,0,bantamweight,0.738291299534076
1220f1ae4d30086f6c114d44,2021-03-13,1,flyweight,0.4870319144430807
3d9e74cecbd64b77643aa7d2,2021-03-13,0,welterweight,0.28822410393708453
c3cb9104e11fce38ca8aaeaa,2021-03-13,1,light_heavyweight,0.46689625885138447
a651712b4735435b6dff0a60,2021-03-13,0,lightweight,0.35538930385054407
155fb3d1aba34cc5371c180a,2021-03-13,0,bantamweight,0.5666337987537188
09cb12976b9d557d330fede7,2021-03-20,1,bantamweight,0.529127395884004
0e924a271d155d25cb96a9df,2021-03-20,1,flyweight,0.42895165527195755
bf9c66e4d2ea103435a96f54,2021-03-20,1,womens_strawweight,0.7340236662952218
a7bfb80dde30557923deb967,2021-03-20,1,middleweight,0.4975337572605587
fccce461000f977a1f29de71,2021-03-20,0,lightweight,0.4660463683100311
3046efa844e5b8c612a39088,2021-03-20,1,womens_bantamweight,0.6428561597815141
0e1232159bb09cf0a8157294,2021-03-20,0,bantamweight,0.2799621451707801
87a052aae5db7282aedf3af1,2021-03-20,0,welterweight,0.4976048777734309
5ac9f53f3b903f5f50c7ae07,2021-03-20,1,heavyweight,0.6638865787410883
24832c40dfffd88b28acd6a1,2021-03-20,1,middleweight,0.5658507583330131
655ce511031179b0d7528580,2021-03-27,0,light_heavyweight,0.567300319643132
1523d28d8f3dbd0ee0deefc5,2021-03-27,0,womens_flyweight,0.4259256720531485
9fa712833bf4b6daceb5243c,2021-03-27,0,lightweight,0.5764948035580018
06d257fb5a3c5fda36c86d32,2021-03-27,1,welterweight,0.5251740702554021
f821eef7b840304b0c4c2566,2021-03-27,0,middleweight,0.5412676546336709
10d5d1953f1e4db582bc4232,2021-03-27,1,light_heavyweight,0.7090817186290685
437c18cdfaded48de4fb9c8b,2021-03-27,1,bantamweight,0.6332039772178889
bb5d26adfb4244e5cb7c71ca,2021-03-27,1,featherweight,0.5451127176225926
f9ad023e5912b9e8e23296c4,2021-03-27,1,heavyweight,0.4612772391607848
71146ba7e43a180d3a76ed5f,2021-03-27,0,welterweight,0.4166614654706828
a5b7f687614fa2c274c262fc,2021-04-10,0,featherweight,0.45941342744191443
6a77043e2a2c7fbcf5d1422e,2021-04-10,0,light_heavyweight,0.5756773199203223
f7aba315e5e7f95e583bb5f6,2021-04-10,1,bantamweight,0.5917402212705495
eb0d9121307638176a27c78f,2021-04-10,1,welterweight,0.4809540870085183
ec6aff0a24442abf1efa5bb7,2021-04-10,0,lightweight,0.3799229276097092
be94f7ea41163e46b8032440,2021-04-10,0,lightweight,0.5388367317439661
75e3c66fe5bdb1e2907f61ff,2021-04-10,1,featherweight,0.405997468143895
c2987bdf66ace8687c8129a8,2021-04-10,0,middleweight,0.47166050845819807
bb4b636ab4f2733d20549b1d,2021-04-10,0,welterweight,0.43990149481686613
2324fee04a36218838c2f885,2021-04-10,0,womens_strawweight,0.46998483350792913
04cea879fa6be6d87fdd22c0,2021-04-10,1,middleweight,0.44547086725463314
a145a890ebf3141cbf139a78,2021-04-10,1,lightweight,0.5526670914493319
a26ae051b20aa9c96dc7945e,2021-04-10,1,heavyweight,0.3088871376527591
3974a50adcd6fd1bcc060147,2021-04-17,0,middleweight,0.5548445770441371
c3a29929b0c55a012ba64d3c,2021-04-17,0,heavyweight,0.48689174609216573
85eb8bca2d84e2de29d25928,2021-04-17,0,heavyweight,0.5082525009898781
2dfce60518599adbf4e3bbc9,2021-04-17,1,lightweight,0.564730254342937
3249899f8623af67ee4875c4,2021-04-17,1,middleweight,0.4557263250322845
b6a515792134d4e7ebc8590e,2021-04-17,0,womens_strawweight,0.625818588008776
c36e6871481b761b6bc086f8,2021-04-17,0,lightweight,0.38435937222116834
d500803cf03a6c79704f1f11,2021-04-17,1,middleweight,0.6392265141391937
a7e37dc0ef58d7d8986f6a75,2021-04-17,1,bantamweight,0.6335892424465988
5540eafcd8dfd2f733cfcec1,2021-04-17,1,womens_flyweight,0.6038097313869112
44edb5e52a71d5b17b379406,2021-04-24,1,welterweight,0.5239401901659025
b29904ef22772d43b1dce8a8,2021-04-24,0,light_heavyweight,0.6142034392057572
961b987dd8cca4efe946c0ac,2021-04-24,1,flyweight,0.793124465023922
07cb74a61d28c7395ccc3e46,2021-04-24,0,bantamweight,0.467529831119094
c15e97d5709dfd66cf01357a,2021-04-24,0,welterweight,0.4620371216297582
0e596947e3da41e12e863200,2021-04-24,0,welterweight,0.2621868980035798
2c3c5213ab9496c702780d50,2021-04-24,1,middleweight,0.5998163420805704
023d0a839d940fdea400233f,2021-04-24,1,lightweight,0.558458483510379
c379cb07b140cc25e888391e,2021-04-24,1,womens_strawweight,0.5432032337630545
fee11078cee1e6996b863aed,2021-04-24,1,featherweight,0.3129595336842643
5e472b8e52eff152fbfe7d30,2021-04-24,0,middleweight,0.6689850751958308
b53f0ffc153410c8a768bc13,2021-04-24,1,womens_flyweight,0.5182145693752276
440ba029911f1e78c5f3138a,2021-04-24,1,womens_strawweight,0.5333281144900716
1f45fe6f50add14fab876381,2021-05-01,1,middleweight,0.5490864749844839
d7b12003299832c257b05e66,2021-05-01,1,light_heavyweight,0.3450444016925619
0675530f5deaaa1160f7c718,2021-05-01,0,featherweight,0.4096234200686159
79247937a956625d6f3ce9c8,2021-05-01,1,featherweight,0.38087576294844777
f1f15579cd1db6d027621436,2021-05-01,0,womens_strawweight,0.38554483683274093
2e215036f623af43977bfb1e,2021-05-01,1,featherweight,0.4541339912780895
1a543291bbbbd63ae5f6db49,2021-05-01,1,bantamweight,0.5646927252676751
d6a46acfc572e3ae94089003,2021-05-01,0,womens_flyweight,0.533858321246982
01327dc0bf03e55429a6b30f,2021-05-01,0,womens_strawweight,0.30046486773446723
b3569c5019bea0ff890b4ec6,2021-05-01,0,middleweight,0.2903660565241985
fbe844693986698837d7441a,2021-05-08,1,welterweight,0.5019473490776917
b22da21be05c590f9103ab3e,2021-05-08,1,lightweight,0.48900787869270196
96f3e20245151d21bcdb8f40,2021-05-08,1,welterweight,0.5605944930004737
4b2e71789ce3c1603f44c672,2021-05-08,0,middleweight,0.5265930556680092
0f50cecf3fb203a79fbe59a2,2021-05-08,1,featherweight,0.41153439288395127
bf70c712fd72cbc1402be6de,2021-05-08,0,womens_flyweight,0.42196980448803034
66a055a3bdb65ec398c18942,2021-05-08,1,heavyweight,0.578118292682187
da6b936ea8667cee5f337a67,2021-05-08,1,welterweight,0.5963744235074918
1d555c9651e1649b67c873d2,2021-05-08,0,middleweight,0.5587738380647046
4eddd98f6b71d1b40ce9de04,2021-05-15,0,womens_flyweight,0.40335293624406354
b161c29e825cc8f33321c23d,2021-05-15,1,lightweight,0.5135381561296736
73ed9835db433e1c3179e031,2021-05-15,1,lightweight,0.6746618066898388
2c723e3bfbd7746b1a49bc19,2021-05-15,0,womens_flyweight,0.7052363626255493
4a515c7e15f58e278e85b0c2,2021-05-15,1,middleweight,0.5858082458827784
2d88a7f118a9b133a9aa150c,2021-05-15,0,middleweight,0.5141447415900855
7b40bb27aad143bbe4bf6123,2021-05-15,1,womens_flyweight,0.5363753347939657
9236d5c10fd5259af71d1f7a,2021-05-15,1,featherweight,0.5793137116743423
8552cf2fa15f36c962dd47da,2021-05-15,0,featherweight,0.4882951150493124
ac01654bb88f24cde0453ff9,2021-05-15,0,featherweight,0.6360702683317772
30b02d38c456914546eaa1f9,2021-05-15,0,lightweight,0.33513833582512004
d30d3aec127463726bcfe02e,2021-05-22,0,heavyweight,0.24660978192166388
071a45a6dbfc547ac87fd8f2,2021-05-22,0,flyweight,0.3835323705383751
10b25f19a0fff04f7455e7f0,2021-05-22,0,welterweight,0.5282441467910798
c218d031e77e1e9e8ceea0f8,2021-05-22,0,flyweight,0.1116408812771998
fda50c856c3cc806fad2cd0f,2021-05-22,0,womens_featherweight,0.36917636280524735
e9beb6a44ab27a583e24a07e,2021-05-22,0,middleweight,0.4936110052303823
296bd6be85fe799b7ab7c1a3,2021-05-22,1,featherweight,0.35113365146436626
cc74e32603a6a23148741929,2021-05-22,0,heavyweight,0.5906777468028349
b5709b61e25ad5e6e50d3e45,2021-05-22,0,lightweight,0.2945380287726592
3b7b804068b8e00672a5f39a,2021-05-22,0,featherweight,0.47336422816833806
021c23a2eb7dd424b3760858,2021-05-22,0,bantamweight,0.42949562741486563
0a8907e7c9ccc7e92c10fa53,2021-05-22,0,womens_strawweight,0.601409293260026
a71663808cab96a533f7f3a0,2021-06-05,0,lightweight,0.60478760226578
b849723a163cb1a94edec03d,2021-06-05,0,middleweight,0.6762204469788908
c30c5ed0c6f68ddbdc6e0034,2021-06-05,1,welterweight,0.6008008335803797
005237f1190a5a2d4091414f,2021-06-05,1,heavyweight,0.5050231594120669
dae4bb27f2bbb3c7006d1dc5,2021-06-05,0,featherweight,0.6527494089482389
05ccaa473e2b94dfabf7d1fd,2021-06-05,1,womens_flyweight,0.681428533405772
302fd43d83034a2a1167cb24,2021-06-05,0,womens_flyweight,0.37090342082873656
d603dc6aff17ddbb1d25c05e,2021-06-05,0,middleweight,0.4427754692055315
124977ad8833f804ed6cb04e,2021-06-05,0,welterweight,0.6728295475559081
a6488972b4e28f5bb943b98f,2021-06-05,1,featherweight,0.404571494917458
cca2249636b0929cdddf4681,2021-06-05,0,heavyweight,0.565118151582843
4dbb2484e6d1bdd5206a8e75,2021-06-05,0,heavyweight,0.28378423616642934
7b68645c6155f616e8698da6,2021-06-12,0,heavyweight,0.4775906283419604
a472857449a92cc1580c34ce,2021-06-12,1,featherweight,0.3653265366241978
a00ccc9c46ab59aeed12bc52,2021-06-12,1,flyweight,0.49348985740124535
6416d8a78b4aeee3a078ff10,2021-06-12,1,welterweight,0.6301703963602913
d4659a1d3ed047b9c9526f60,2021-06-12,1,lightweight,0.5455534427117825
d7e483bb04fd67f9c284ae8b,2021-06-12,1,light_heavyweight,0.4801607130093391
a067ee4df1e643240630223a,2021-06-12,0,lightweight,0.5450234413344134
06b2c67c96de677f095d63a4,2021-06-12,0,middleweight,0.46566155097696366
bdcced7630b8f9fc20b8e65d,2021-06-12,1,womens_flyweight,0.496742270103663
27e411a536e1c7deb45d1ac6,2021-06-12,0,welterweight,0.2975778668623798
f2b6f09261ceb5b126445765,2021-06-12,0,lightweight,0.5796378363230963
7d225bf082e7c74caa37c3ce,2021-06-12,0,featherweight,0.412397720935888
cba88fa3d2445ac8ac4d89a0,2021-06-12,0,womens_bantamweight,0.38434896185962575
30e778d3989da80d54ba9e9b,2021-06-12,1,light_heavyweight,0.4317375721855049
9328b8ac23e7685857194ee4,2021-06-19,1,light_heavyweight,0.2508592769928863
ebf39919541e28347dea97af,2021-06-19,0,heavyweight,0.3374676025769359
cd61e6ca2674830655d58d10,2021-06-19,0,womens_flyweight,0.4080948851529668
8aa7756723ebd18d2ab40f8e,2021-06-19,0,featherweight,0.5897653940241658
78cbe025f9059d02470e6e87,2021-06-19,0,lightweight,0.5148390502843508
61610b155882ac3e3eed4f71,2021-06-19,1,heavyweight,0.5264634270006797
836588eb01321066a95e6f60,2021-06-19,1,featherweight,0.6101533047388329
9987f669b7493fba2fe3d118,2021-06-19,1,womens_strawweight,0.5174971350192262
9f27d61139a529c02d842433,2021-06-19,1,welterweight,0.48463338885693247
e74b6bf080b0e710ce9747bd,2021-06-19,1,bantamweight,0.5680777754394707
b95e558564dc9e0f3f3f5cfd,2021-06-19,1,welterweight,0.49201426601035647
9a82adcac5a1d990fb6cd5a0,2021-06-19,1,middleweight,0.4818352080346318
a3c60ed394aa5d105da7ad3f,2021-06-26,1,featherweight,0.5053109186817022
b3a720a454739d051995c2c1,2021-06-26,1,heavyweight,0.5654368722494983
fc8f71a97583223c7eba5642,2021-06-26,0,womens_bantamweight,0.5133171192252249
7bab93177c4542550318ca39,2021-06-26,1,light_heavyweight,0.43869906024306327
734b592944e62af1b555c366,2021-06-26,0,light_heavyweight,0.3073633080458038
f161c4d3b027f2f49eaa2f45,2021-06-26,0,bantamweight,0.44593905777248466
89d9e6cd12cbc984c5ad5db8,2021-06-26,0,lightweight,0.31133822890806345
ce42994760729649b78812f5,2021-06-26,1,welterweight,0.6607541363667295
8fe42d98d6456f0fc2191b0e,2021-06-26,0,heavyweight,0.36124156801808277
d779754588526356ae5ea3e3,2021-06-26,1,welterweight,0.603165042322866
ba71dd0032aaf0bf310c24c7,2021-06-26,0,welterweight,0.8071816919094918
746498ef7443f0caf5f2082d,2021-06-26,0,lightweight,0.4390853555608828
80d953c972d847be890d6aaf,2021-07-10,0,welterweight,0.4679483791350168
6498a4c8d3727a2016dbff4a,2021-07-10,0,lightweight,0.4213148949126753
52922d44b46e92c459d86bc8,2021-07-10,0,welterweight,0.503206194014515
148e523baab99af91b27dce5,2021-07-10,1,womens_bantamweight,0.37712588004878417
15ad67d5e43acafdd6c98fe0,2021-07-10,0,womens_flyweight,0.4997329244033986
530b143d446dafc011071c4e,2021-07-10,1,welterweight,0.6228317028508676
bbfbf8b8166c426e1240e0a4,2021-07-10,1,middleweight,0.42739654763346285
12bc8ea49cf6466df9aea9a3,2021-07-10,0,featherweight,0.41823413705815554
051cabd00d8a84746e67e149,2021-07-10,1,bantamweight,0.6746747110290727
3ea316d32ba9c755ad343003,2021-07-10,1,heavyweight,0.4920412188079115
dd14dada5640b649e27c8cb6,2021-07-10,1,middleweight,0.34653551092922696
57c1af099e2eeaedffb7b6c6,2021-07-10,0,flyweight,0.49787343811285184
387800ac98197707044d3802,2021-07-17,0,womens_strawweight,0.3311316974264768
6a8395402c96b2d104acd78d,2021-07-17,1,welterweight,0.6272111515237611
87728864303defcd4fe22031,2021-07-17,0,flyweight,0.6170062430358393
8a31c1172ab5106325cc627e,2021-07-17,1,featherweight,0.5519721290134417
b726a2c340e0031859a57110,2021-07-17,0,lightweight,0.3223005187184532
4d558ebbde851ebbceb2a376,2021-07-17,1,lightweight,0.7350130418178391
973af1128fff9b2a14c5621f,2021-07-17,0,bantamweight,0.6515337350717552
ed7f6c0bd5b437f2f9dc6c7c,2021-07-17,1,womens_bantamweight,0.6190208967316861
c9c25ab469ad2fe48494e4ba,2021-07-17,0,middleweight,0.41121037225518725
03a0165ac1c070a693740903,2021-07-24,1,bantamweight,0.5176788472051443
3cb448435c95ab6aa4fed0a9,2021-07-24,0,bantamweight,0.663583716979291
b0617d39a8cbc7fc041d74b3,2021-07-24,1,featherweight,0.38906668351324963
f9beb1b95ba45b9b1621b64b,2021-07-24,1,womens_strawweight,0.5878375063825275
f8df7edab264a0f373e74bd3,2021-07-24,1,bantamweight,0.49900307955846007
1a387168660b6545f6e752fb,2021-07-24,0,bantamweight,0.7088766290758516
3619b7063e9cd88f010c5a0f,2021-07-24,1,welterweight,0.5824293400400222
f115a8a9f478bc63f707998e,2021-07-24,1,womens_flyweight,0.41565751920036687
f0c4c6e99336ff56646d4fa5,2021-07-24,1,middleweight,0.5581465585697746
2457d12636a9cfb566f94a56,2021-07-24,1,middleweight,0.40411694299451073
033418400afa21c1b79842c9,2021-07-24,1,womens_flyweight,0.564760085451046
aa362511017ececb3e8cb952,2021-07-31,1,welterweight,0.45039803997816186
439390ea327acf2b45119216,2021-07-31,0,womens_strawweight,0.4808236506486263
abe908dff98725268a6de4b5,2021-07-31,1,lightweight,0.3638768806995317
f53d55ca7e6c71bca1768d71,2021-07-31,0,featherweight,0.5375342759436471
3a69e82631c81017529c26db,2021-07-31,1,womens_strawweight,0.412669284659685
848d633ab5d861af69f87843,2021-07-31,0,welterweight,0.579969618209428
d6d47fd80d8781a3f317d30b,2021-07-31,1,welterweight,0.4786656554604077
32bb78b29e02d70783585786,2021-07-31,1,flyweight,0.5266910147799782
3af23183b818dfe59d5a0114,2021-07-31,1,middleweight,0.7085647601006023
37eb5a2b7db7710c44ecbb0f,2021-08-07,1,light_heavyweight,0.553615792825681
31e656fd3cfbfde7ba181505,2021-08-07,0,heavyweight,0.3227497289445232
cfc670cb4c942424d4bde058,2021-08-07,0,bantamweight,0.495453497344081
a13574844084b56c501c795d,2021-08-07,1,bantamweight,0.4256823003592038
c291f2773170c40024daeb22,2021-08-07,1,womens_strawweight,0.3459951130318193
e7881e314d5e66981e8e89de,2021-08-07,1,lightweight,0.5660673572423891
a7d7600747cdce4d1aac4734,2021-08-07,0,flyweight,0.49776570406087134
36997816a9de75a5faf77fdb,2021-08-07,0,welterweight,0.48198208266314424
1b48725e4a5a6738fae9d75e,2021-08-07,0,bantamweight,0.28722967602501287
adbb4bf7f16d6f11fdd6a702,2021-08-07,0,bantamweight,0.4521884280165558
8a628435db9e18feeb85b101,2021-08-07,1,womens_strawweight,0.5621452412542528
03bd3178b81b51c98a2ef07f,2021-08-07,0,womens_flyweight,0.49823846206840455
ff592cdaa4eca0c7c874169d,2021-08-07,1,bantamweight,0.4974205119604955
97eff66c4a32a2932814be38,2021-08-21,0,flyweight,0.5019511228902417
102faa4ad68146ae09750464,2021-08-21,0,featherweight,0.3726855270315084
7f212aa41a8e96a98df4f434,2021-08-21,1,womens_bantamweight,0.23662767986952096
256498ff833bad9ec8a58f4f,2021-08-21,1,bantamweight,0.5255169535085004
768f6a84be53ebd19ce73dbe,2021-08-21,1,lightweight,0.5345700948597593
39e93a7358c364f594c54892,2021-08-21,0,middleweight,0.5123511798168128
a37c8fb1c9ec806b184a9c51,2021-08-21,1,heavyweight,0.3989576119647626
5d50a9759638e91e84f0b746,2021-08-21,1,lightweight,0.4560213630518731
e2ebb569fa02a491387e1161,2021-08-21,0,welterweight,0.5321431807810557
eb3d6a53fd969c07e9831cf1,2021-08-21,0,bantamweight,0.5498037111366998
642d81d57681e847b5fde3c9,2021-08-21,1,lightweight,0.4486767761655317
45a810ac99baec2dd4b54d7c,2021-08-21,0,light_heavyweight,0.20065461385306013
0ed065dd12c23b6c9d895669,2021-08-28,0,middleweight,0.696570525578613
9f9acc55a8ab60ad174b6e11,2021-08-28,1,middleweight,0.8201852823412428
81175b83703a04c9578b0ede,2021-08-28,0,middleweight,0.8201852823412428
aff3ed6568a856a3854450e4,2021-08-28,0,light_heavyweight,0.5374033898836807
ec627d0e52cb9efd5393d953,2021-08-28,0,featherweight,0.33811940023760173
d6d68f11e8b1409123b81a91,2021-08-28,0,featherweight,0.5052024068810261
bf631345d98ad2d5efa45637,2021-08-28,1,womens_flyweight,0.5485674314253091
c64ba96ba3a2bbcd5352c69a,2021-08-28,1,welterweight,0.4094096114962445
0e995a99c3637eda1e7fe1ab,2021-08-28,0,middleweight,0.549124749410165
036b6e057cbf7a551f641948,2021-08-28,0,bantamweight,0.3881214128952539
323b248672e4ff7a5e608f9e,2021-08-28,0,bantamweight,0.539423534255658
7134f69560a4ddd941edb18e,2021-08-28,1,middleweight,0.5273959985832515
848148a2658c8b26e59ce487,2021-09-04,1,welterweight,0.6242527258654211
979ddbd47cfbfedab2b8467b,2021-09-04,0,middleweight,0.4549375581376582
c2ec829bd718d445716f67fa,2021-09-04,0,middleweight,0.42942658943072115
97be85a3e259ac669e1925e6,2021-09-04,0,bantamweight,0.11919366253688961
ba157252f6db82d9ef9cbf91,2021-09-04,1,catch_weight,0.4032014822808546
24c47b0c28d199c1ece9b21b,2021-09-04,0,light_heavyweight,0.682000445199341
ef38db4fa319c1d073e6809b,2021-09-04,1,womens_flyweight,0.5509518814353078
f86ff3558c519c95d88ed2b0,2021-09-04,0,lightweight,0.5891346822468041
e39ab69302a3a4acaa385b46,2021-09-04,0,heavyweight,0.3000403297385451
21452c8ad7c8dfb85b7958bf,2021-09-18,1,light_heavyweight,0.3326151255778137
889ae6f64e5ed194f4e9d57a,2021-09-18,0,womens_flyweight,0.3944386190037331
1c6ed9f870c0d2d4f98638ea,2021-09-18,0,lightweight,0.1814254060943591
2b42e0ee62b14d7f1ac91ecb,2021-09-18,0,womens_flyweight,0.5864865870862611
30d2da816f66152c4db4ff93,2021-09-18,1,womens_flyweight,0.586220318631563
ba70d4bc1610e50610bc85f7,2021-09-18,0,welterweight,0.5492346216367284
ed602daa65f0872d1ddab046,2021-09-18,0,light_heavyweight,0.37834901780636265
50f8733c5af2c8bf7833a467,2021-09-18,1,middleweight,0.5855704443201827
394cd08a2aa9c8a419957765,2021-09-18,0,light_heavyweight,0.3431545850143103
193777961eacaedb105fe808,2021-09-18,0,bantamweight,0.34276970241216387
7ab07f5868c762f3dce9e36f,2021-09-18,1,bantamweight,0.47978134065112554
b7148a827199c4372ea4612c,2021-09-18,1,womens_bantamweight,0.46602310161324073
0317bdc7071d3d9f20a0a566,2021-09-18,0,lightweight,0.5642190994366078
947733852564801c14c15132,2021-09-25,0,featherweight,0.34929934913408517
fc453d53cd9cfa9ea2181094,2021-09-25,1,middleweight,0.46479000467753956
767276cd65a7bda83101b29a,2021-09-25,0,heavyweight,0.26646496814341797
47acb1d6dee5fe4612753acf,2021-09-25,1,lightweight,0.3595788769720539
7018a5372c82c8016ce4c305,2021-09-25,1,womens_flyweight,0.4626853462630409
91bfc0bf09df44aba9658abd,2021-09-25,1,featherweight,0.48108907221887837
37c022f2c4b458467443e0a5,2021-09-25,0,bantamweight,0.2953883932479309
b413ac8b94e17d9fb59f2a9f,2021-09-25,1,welterweight,0.5464449540984417
b36a08b76e552d0afc4cdbe4,2021-09-25,1,middleweight,0.5086447727430125
2d366fdf2a73af32527b7ab9,2021-09-25,0,womens_flyweight,0.2342825376109063
efae3152488573da2f0e8669,2021-09-25,0,heavyweight,0.25207334717968055
474e7b7412f9128323a6ee3c,2021-09-25,1,lightweight,0.3294521461361553
4d3d35d9481430b2717e1dc0,2021-09-25,0,womens_flyweight,0.21173098905263893
d7ff13529f7a31aa3fd66322,2021-10-02,0,bantamweight,0.2685838544354962
958aeebbb028943f8b474351,2021-10-02,0,welterweight,0.6406114734007852
21dfa6f1ccdd361947c8ec5a,2021-10-02,0,lightweight,0.23762099932517203
6d3f40f6d4381ce272c0a74b,2021-10-02,0,womens_flyweight,0.2526502753528757
03178009a51da703270bd2b4,2021-10-02,1,womens_bantamweight,0.6320709395596855
3537b39689d7dd5ae29a31d1,2021-10-02,0,lightweight,0.570294801801665
dff65f3a6f0298afa7bce7fc,2021-10-02,0,bantamweight,0.30935726504702427
b9d93ed042c8eef56051609b,2021-10-02,0,lightweight,0.6660015840910374
a2ed5d2192961f696e9f3cb5,2021-10-02,0,middleweight,0.4694294668337573
a19ad67f1de8c89c051799ad,2021-10-02,1,womens_bantamweight,0.5745178075611154
49ec1b7d30d14df34cde2e67,2021-10-02,1,light_heavyweight,0.4938089019503456
69e9597fb43638f8229546fb,2021-10-09,1,heavyweight,0.716959974846484
a4f8f9cd16f04f65379846ce,2021-10-09,1,featherweight,0.49433750925177683
679b8a681af1ea8df76c549c,2021-10-09,0,bantamweight,0.413404393720151
b693cc8733bc9b6adc490155,2021-10-09,1,womens_strawweight,0.6481351302393542
65eb8cbb47349f9a81d27e50,2021-10-09,1,womens_strawweight,0.5350247923878224
968a08b5b350e76b63b11406,2021-10-09,0,welterweight,0.39316006712058704
c66520110ef94f852e522af5,2021-10-09,0,womens_flyweight,0.6628078688445082
2ab608b74126e2342d6abf67,2021-10-09,1,lightweight,0.5138823023774708
35e27d0eed9850d71eef2219,2021-10-09,0,flyweight,0.31668371623744546
05f9214d72c1cef7711a3eb5,2021-10-16,1,heavyweight,0.5044117016073887
223893d41e07dc5cba8acd64,2021-10-16,1,middleweight,0.6330010054283526
85743a2ebed3fb08b5acc751,2021-10-16,0,womens_featherweight,0.47996344177499034
851cc8213082f5aa4029b1d8,2021-10-16,0,bantamweight,0.47659805158458285
6c771843a2de0df6854e6234,2021-10-16,0,welterweight,0.6366397667534197
7ec4f2ed29901e7f518e59da,2021-10-16,1,womens_strawweight,0.5061803988228549
75e91a9b2071aabf06334e6f,2021-10-16,1,lightweight,0.5869212203214209
b9ec4594020a9368d81a8a47,2021-10-16,0,womens_flyweight,0.5286069196010028
83b2a1dfe625eba45f9fe0b4,2021-10-16,0,womens_flyweight,0.27162800098713175
7e2515dfbd9e621b0263a272,2021-10-16,0,featherweight,0.6900338947067889
abe8cc47f03ac58b02b7c95f,2021-10-23,1,featherweight,0.4156202412567033
34754acf1c6eb5adb027b3e4,2021-10-23,0,welterweight,0.6184893199952537
2a878e40629fed0a310e0b0c,2021-10-23,0,middleweight,0.6879453552067627
dd60dff39adefccc680c4313,2021-10-23,1,flyweight,0.4724439210706517
2fb719a1e5e0607e47554e4a,2021-10-23,0,womens_bantamweight,0.5399629426433414
5d85a2f11fdb5bd41dff2dd3,2021-10-23,1,bantamweight,0.5327441479622264
f60ed0d525f53da9f318bc43,2021-10-23,0,middleweight,0.3279506507499461
4f68242759113783714f4450,2021-10-23,1,lightweight,0.43605567802726397
c589ea31720af460013a699b,2021-10-23,0,womens_strawweight,0.5997179368601752
a8902ba72d4e5d289caa1fbd,2021-10-23,1,lightweight,0.5005956282789922
19b013dcff6f9c597376a765,2021-10-23,1,light_heavyweight,0.5993670701994183
41bdb938fef185e8ac424fb8,2021-10-23,1,light_heavyweight,0.7107094667176789
181fe229210ebc0890d81133,2021-10-23,1,womens_strawweight,0.4747798080009278
f8031426c728a047582f816b,2021-10-30,1,middleweight,0.4424284628509559
b2390e3878dea3ac297006fd,2021-10-30,1,heavyweight,0.6501478754341609
faf76162b47b80dad8f43727,2021-10-30,1,womens_strawweight,0.5396618952864772
ea01307e17f5d9d2ae50e47a,2021-10-30,0,welterweight,0.16543730432471634
ee313392ed6e4ab1c9ceea78,2021-10-30,1,middleweight,0.7382412657548169
82a15dc2358e1868399b644b,2021-10-30,1,lightweight,0.6215742216277215
e9bc05614cd6cd3f89fd76ea,2021-10-30,1,light_heavyweight,0.3968952442728578
3a77a8f67a2ec16505bae0ef,2021-10-30,0,welterweight,0.23253403519368054
dcdf4bf3562857781eb17181,2021-10-30,1,light_heavyweight,0.5766174047470501
d9465c9e6c4e4f9160831db3,2021-10-30,0,featherweight,0.3516661951581819
bfa3ac1e602529401051e936,2021-10-30,0,bantamweight,0.4234029349132649
243a6d2ea06e822417f703e4,2021-10-30,1,featherweight,0.3821234914593376
5fc60133e539e2c0c7530ce7,2021-10-30,0,light_heavyweight,0.4927509008619442
71a1ce754a0d5c295b38d6ad,2021-10-30,1,flyweight,0.5747885972958674
feba7692e9ec00fc3f868095,2021-11-06,0,lightweight,0.47777966742637906
920ccd9a5d510535cd3692d3,2021-11-06,1,middleweight,0.6149168534680866
10daa6ca09d264f8b7a2893a,2021-11-06,1,flyweight,0.4498849505644553
e9b6f10c97adf96e4e554cc5,2021-11-06,1,light_heavyweight,0.4246871942701708
0e30995a9aa64204088d1709,2021-11-06,0,middleweight,0.40390275554828126
25b357bcb1a6646fa18598ef,2021-11-06,0,bantamweight,0.5245551740730531
b0256b7f301cabc76e6204a7,2021-11-06,0,heavyweight,0.5664310128013711
8480a1caaf0cfb57c9e5fdf8,2021-11-06,0,welterweight,0.5002314902226436
d88311609f9c79db410e7e7f,2021-11-06,1,lightweight,0.5597146278097938
16299a61153a379aa621129d,2021-11-06,1,welterweight,0.762296516923022
bf1435ed5ca5a3918c669450,2021-11-06,0,featherweight,0.23412978163115053
a93768c61a4ee022e03f794a,2021-11-06,1,middleweight,0.060093568712917086
81d3f9751c8bc9bd3e0662f1,2021-11-06,1,womens_strawweight,0.517947035252185
b0c67496eb05d9210c671511,2021-11-06,1,featherweight,0.489271802765183
949db9181591a44d3ae970eb,2021-11-13,0,heavyweight,0.3504170596648381
89ef0e35ce5ec74836288f7e,2021-11-13,0,womens_flyweight,0.5055942747194504
c212308191927936a67ad305,2021-11-13,0,womens_flyweight,0.549975461051179
8797bee1f200128ccd5ee671,2021-11-13,1,womens_featherweight,0.3315329691507543
2a193240a3ef708a55d33473,2021-11-13,0,light_heavyweight,0.3121349491465383
5bc0f36c0ff5a8dbb0b2fa0b,2021-11-13,0,lightweight,0.545536815987887
e2e00765ed6f4ef0e3cf26ea,2021-11-13,0,featherweight,0.33953213282873096
4ff1b5494b02c884c647e48d,2021-11-13,0,welterweight,0.5041863315428845
422d4b195157b17048d3578c,2021-11-13,0,featherweight,0.4495058869229831
796ec7042f87631266057606,2021-11-13,0,bantamweight,0.22920579361204835
7200ae576f27dfe33d808be9,2021-11-13,0,lightweight,0.5909479948037466
2b9f75df7adfc64073e39234,2021-11-20,0,flyweight,0.39984577591627246
ea47fd95680fd40e63662844,2021-11-20,1,bantamweight,0.6824841814833318
955de39b09cc63ac1016eb55,2021-11-20,0,womens_flyweight,0.4098888328587062
c3392d5ce8b0f7cc39849ea5,2021-11-20,1,womens_bantamweight,0.4591944889271048
886b35ce27e0dbfb4ffa65b1,2021-11-20,0,womens_strawweight,0.44971495839502446
02b2074a853937d576367380,2021-11-20,0,womens_strawweight,0.3526691969277955
c8b8e8a3970f3b7e64b5d37a,2021-11-20,1,welterweight,0.5551313815321924
e5d94690a4a67d6c1acbeec9,2021-11-20,1,featherweight,0.5039590228867425
b456d5fbc84ec67adfb965e1,2021-11-20,1,lightweight,0.534631411013583
2fe0e26b551c93e2cdfc10ae,2021-11-20,0,bantamweight,0.54440005960507
3c53f6a604af1ebde04927af,2021-11-20,1,featherweight,0.4266202039882899
226ce750c662215efe521657,2021-12-04,1,welterweight,0.6679001160410917
f86d296f6d7d0c47ff000083,2021-12-04,0,light_heavyweight,0.6256159390320146
2a0cb1a7ac7387052927df0a,2021-12-04,1,lightweight,0.4132427979007291
73875ab95fc90e65ed3daa4b,2021-12-04,0,middleweight,0.7208868729034973
7d6c4908269ce22c76a5bf6f,2021-12-04,1,welterweight,0.5576525408915477
8ee79a7798d17ee7e0e747e8,2021-12-04,0,womens_strawweight,0.3375633779613876
384b21ca73c1b32e325cb539,2021-12-04,1,lightweight,0.6017304625357284
4307344dfcf8272d6832851b,2021-12-04,1,lightweight,0.3679660981336155
dcf02508a91496610861f3cd,2021-12-04,0,light_heavyweight,0.5748934859063067
68951def6fd1fe3b617a2a78,2021-12-04,1,bantamweight,0.4052611483183361
e88409e5199e7f4ec93cd5c3,2021-12-04,0,middleweight,0.3835421325356344
51f23bd45fcb1ce3757cd2ac,2021-12-04,0,flyweight,0.40566175603195
24bfa926f53e850e1895df92,2021-12-04,1,bantamweight,0.3789748234292883
b24994b03c0c6d0628dcb5f9,2021-12-11,0,womens_bantamweight,0.730204015375254
977f1d7a994d29e9c5ddb2e8,2021-12-11,0,middleweight,0.42093843685132937
3d1de970a2cf4b319b4c6692,2021-12-11,1,heavyweight,0.5767392064539723
f6cf5b0962a53fff711a1736,2021-12-11,0,lightweight,0.5509398656276503
362ded9378ae33d6df9ab0db,2021-12-11,1,welterweight,0.47053984421215006
659800e49c983b90b1532269,2021-12-11,1,womens_flyweight,0.7711802596570724
5d9fa69369301a12d9df127f,2021-12-11,0,middleweight,0.3946614065766543
7f29861d529a3539870a709a,2021-12-11,0,featherweight,0.5090138275520449
134497c23d1a4822c4629299,2021-12-11,1,flyweight,0.46059373864760933
71350b718af2d753556e708b,2021-12-11,0,womens_flyweight,0.49323095895330815
a66c555eb560ade1333c57d1,2021-12-11,0,bantamweight,0.4067462044729437
9f6cc54787f0d18509556ebb,2021-12-11,0,bantamweight,0.7393859446252038
f98dfffa944a6f9adc6c85de,2021-12-11,1,bantamweight,0.6412041980979011
7113c70ef552d4c9dbc57658,2021-12-11,0,featherweight,0.4562486567174208
8e8924f709322a82ecacc60f,2021-12-18,1,womens_strawweight,0.5486908036919803
82f44b2371ac1940213fab72,2021-12-18,0,featherweight,0.5096569047349274
8ab8d29bee172464a056b759,2021-12-18,1,featherweight,0.537555200954365
13aaf98af49e0e06517a3cdf,2021-12-18,1,heavyweight,0.27963781611909755
9012e4d57365a687d63decab,2021-12-18,0,lightweight,0.3692697791298743
57db8b42042306ccb55cc279,2021-12-18,1,heavyweight,0.5156540113753952
6a6de675461536fac3479406,2021-12-18,1,middleweight,0.6586119673609557
ff80eefba644b7bddd785a3e,2021-12-18,0,lightweight,0.3654456468594703
7d13cbda8ae96a92482d1526,2021-12-18,0,heavyweight,0.3581396486299991
60f48f8ffdb45557c4561d0a,2021-12-18,1,bantamweight,0.6199775703918956
5dc086998ae75bc0d851ceda,2021-12-18,0,womens_featherweight,0.51772118229643
5577100fdcc775b07433f1b2,2021-12-18,1,womens_flyweight,0.5980413570403772
1df0129cb041d9c977faddd7,2021-12-18,0,welterweight,0.4496496906110948
881ea0620bb309ae02591096,2022-01-15,0,featherweight,0.5084831549931096
299816fff28d6ce721fabf71,2022-01-15,1,flyweight,0.6145315532138498
caaf36c1c3755cb12f5893eb,2022-01-15,1,featherweight,0.546470397903245
889cc985afcb06e617eda61a,2022-01-15,0,featherweight,0.6561174701276113
6390092375396a3f925baf1e,2022-01-15,0,welterweight,0.4766139993695419
ebaff87fa2549b3b83d61772,2022-01-15,1,lightweight,0.459302748371714
8b9c5af00e072a39cb6e2a7a,2022-01-15,0,heavyweight,0.3607971222385466
f72950530e203bc6f352bf55,2022-01-15,1,middleweight,0.5461178156511695
2d6c4dc57a1961ef40816f56,2022-01-15,0,womens_flyweight,0.2899673924201419
c77316be700ef6effbca89df,2022-01-15,1,lightweight,0.5809087425710941
8eea8daed7a521ab1426cfe0,2022-01-22,1,flyweight,0.4495315713345075
cc260ab6f2dcacb734b6e2ea,2022-01-22,1,bantamweight,0.5484040001274283
10040856fbf145522cf8cf94,2022-01-22,0,heavyweight,0.5874409140347763
dddd15fae61d06522710056a,2022-01-22,0,welterweight,0.7874947899739795
08046d48d6a4eb8737a3b825,2022-01-22,0,womens_flyweight,0.5576354702160277
8b50626d4d84c3aa45d15a54,2022-01-22,0,lightweight,0.2862807202439072
de14551f8d21580fa8596ef6,2022-01-22,0,welterweight,0.783138917939194
de8ba4acaa432c191891b7af,2022-01-22,1,welterweight,0.7559369452369985
ec8bb730f1d208b6374ecd80,2022-01-22,1,bantamweight,0.08723969261431173
fcbbd7bc5f35efaf8450ad3c,2022-01-22,1,womens_strawweight,0.5854332128826781
98122fe1742fdd5100be2839,2022-01-22,1,bantamweight,0.7191193092241958
6ddb3676f4a7c26e86f9b228,2022-02-05,0,womens_bantamweight,0.46701971184686053
0272a89c05fdfaa2990c60a4,2022-02-05,0,middleweight,0.7532710506167224
0e91e69c628ca4308127c75d,2022-02-05,1,featherweight,0.5626141575714815
509c5eeb2b44572ce95c4735,2022-02-05,0,middleweight,0.3447778475563873
62bd1e7c1b554cf0ae6a45ec,2022-02-05,0,light_heavyweight,0.7164985242018831
8bcc740a724dc791e5db5130,2022-02-05,1,welterweight,0.40394732447330134
1c899e0a6dcb00a341edeaea,2022-02-05,0,featherweight,0.5506191957980171
90b3e133f1e2802dc88d0786,2022-02-05,0,flyweight,0.43211669939294417
10e50c9169649dc909f1e474,2022-02-05,1,bantamweight,0.28523396392720696
1d5256e991b31002be9b6431,2022-02-05,0,middleweight,0.47312807670261064
6b2eb716c19a21cbe060c8e0,2022-02-05,1,light_heavyweight,0.6286877852332671
d139ab9b5859db7ac6fac52c,2022-02-05,0,welterweight,0.4138367566108957
16e2466bf12ade10d76a1eda,2022-02-05,1,middleweight,0.6368498311387397
78785ae4443a05ddc0bb103f,2022-02-12,0,middleweight,0.3106707975192553
90d1c538c65bf733ee1afd05,2022-02-12,0,lightweight,0.48626640655377185
2715ae1c5ecb134385026391,2022-02-12,1,heavyweight,0.6323541887716072
ebf653201e47f988f8939597,2022-02-12,1,light_heavyweight,0.48150709466646824
1a6b5820ddd6159cefd853a9,2022-02-12,0,heavyweight,0.4964243541875021
84e02aa57d1cc6af09fd93aa,2022-02-12,0,bantamweight,0.45735157471393495
f6bbc41b4218274211e225dd,2022-02-12,1,middleweight,0.42840686760035035
7d1b32a9d4d917e6275675bf,2022-02-12,1,middleweight,0.3774579887459948
b43ee87245d800862af774b9,2022-02-12,1,welterweight,0.6106654935546684
d69376c1ea693c430e1f0818,2022-02-12,0,lightweight,0.5161193551613176
1f61d0ee3ab6febfeb923aaf,2022-02-12,1,bantamweight,0.7507919436818614
6cd1aef6194b33b28b3f5cc2,2022-02-12,1,bantamweight,0.6089206127991095
f332f3a05dc03a803776a9b5,2022-02-12,0,womens_flyweight,0.23004358164488303
9b4c38da301541ccd18bf9f9,2022-02-12,0,heavyweight,0.5561886881148993
e037496750d4a80f908de5f4,2022-02-19,0,bantamweight,0.586395286980859
05f71a10c41ce6a5c3587bc5,2022-02-19,1,featherweight,0.5953251857534443
62712c070cfa71b63ee554b0,2022-02-19,1,womens_strawweight,0.4214076270490512
83eb5904775e936959d6d016,2022-02-19,1,featherweight,0.3274165038349096
e3a18f940a8ab9d972aa4639,2022-02-19,0,womens_bantamweight,0.6061923820693196
541220a08c84c482c971b01b,2022-02-19,1,lightweight,0.5866268772715799
ba606d161dd1c5f504f8c984,2022-02-19,0,middleweight,0.3804582237400998
0f1eb9c25283cba2a7cd007d,2022-02-19,0,light_heavyweight,0.6038788751093016
774771f5b5f0f8d5af90fd20,2022-02-19,0,featherweight,0.32738216014947763
7085b77b6e0023c3296b8cf6,2022-02-19,0,catch_weight,0.4204824218897031
8c1cb182501b4ff4c557a4f7,2022-02-19,1,bantamweight,0.5209269345448717
e0eeff5374ca589d7b5f7626,2022-02-19,0,heavyweight,0.4549152504731534
0bf431efc2c9170850a83b3f,2022-02-26,0,featherweight,0.4194709954270387
338700b1b79beb6242e882f3,2022-02-26,1,lightweight,0.6585854829718089
21ab4fa36f44cfe6814659de,2022-02-26,0,middleweight,0.7791823794878738
e9955a213c246dc76802a534,2022-02-26,0,catch_weight,0.32637890466769165
755b2c5ef7b44148e45d06f8,2022-02-26,1,womens_flyweight,0.3899301193745565
c9e3bc4ea58df6235765f2e0,2022-02-26,0,womens_featherweight,0.16782986415209558
8c15089f0431ebf57fba0b25,2022-02-26,0,middleweight,0.5217303146506667
7b8dd4825672e5c71feb365f,2022-02-26,1,welterweight,0.5957764978871808
115cd12c43c7ca9a98a34354,2022-02-26,1,lightweight,0.4607059970465366
ad3d758504e40f089358d0cc,2022-02-26,0,lightweight,0.40641934642432537
09803872173680a4e5a486f2,2022-02-26,1,flyweight,0.49665132356530006
8cab78badf4b3f9f94431dcb,2022-03-05,0,featherweight,0.33549805349710843
eb2dea2335dc1879ca29907d,2022-03-05,1,welterweight,0.6194905599945177
59e88ba1af2fe8e1830220bd,2022-03-05,0,lightweight,0.48547717417346453
c66c7054afb057dd78aa0f05,2022-03-05,1,light_heavyweight,0.4643966918182669
76eb17111d5981c71736b835,2022-03-05,0,featherweight,0.2746552654953435
054327f45b8b36f1c6c59bd8,2022-03-05,0,lightweight,0.3306428222240994
fe7ff91782693e8c97668462,2022-03-05,0,welterweight,0.34124880041073946
191f8590132dd622386f8dcb,2022-03-05,1,womens_strawweight,0.6516869445849023
62773007de975caae0e7403f,2022-03-05,1,womens_flyweight,0.4977402630775064
ef873da872c2b8ddc6d7f482,2022-03-05,0,light_heavyweight,0.6368604675911735
0e0ef94c36f8e8a6f0d81303,2022-03-05,1,catch_weight,0.46521641183113627
8b16bf8119b7a1889e14425c,2022-03-05,0,heavyweight,0.38229510404166445
8453f158995aa5825267e0fe,2022-03-05,0,flyweight,0.5592189044034731
4274a5bfdeeb6b92088e770d,2022-03-12,1,middleweight,0.4472983092154625
a62677dbc6c31338dbfa9ffe,2022-03-12,1,middleweight,0.5360016363604374
53cf6639d25754d424f290c6,2022-03-12,0,featherweight,0.6011907363467053
223c6e3695dc91fe55816b32,2022-03-12,0,lightweight,0.5951401547493846
6ec545d9b947c7840a6a9e2b,2022-03-12,1,womens_flyweight,0.47255034812717783
b80204d233e23b377832e77e,2022-03-12,0,light_heavyweight,0.5741819991409823
8f6f6a38f9345a057af6dcdd,2022-03-12,0,bantamweight,0.36094956759240343
4996c44f91f2861f4fab29a5,2022-03-12,0,bantamweight,0.25643712422746207
15a96087e7d45aef123c2813,2022-03-12,1,welterweight,0.8085200482356314
d51c5ce12e0b4950d5498e4f,2022-03-12,0,womens_flyweight,0.4353731273250354
2eb0a77e45cae384dd8ee69a,2022-03-12,0,featherweight,0.44665202790061387
ff820a222c111a32a86bd816,2022-03-12,1,light_heavyweight,0.3538407243093075
d4e5897b395921bd30941f44,2022-03-12,1,light_heavyweight,0.709486831709929
c362815404c96b0fa3c1d79c,2022-03-12,1,bantamweight,0.253168694759447
ddb23a0f0b02cab6843a40b2,2022-03-19,1,heavyweight,0.5918784400230618
fed3a50fd626de20bc9ddd39,2022-03-19,1,featherweight,0.6582311166905946
0edcadeec8b119ec0a8e22e5,2022-03-19,0,womens_strawweight,0.6204488302126905
90db3390059fe0b1ae095e2d,2022-03-19,1,welterweight,0.5299294228415847
18453b23edda3fa1d9952968,2022-03-19,0,bantamweight,0.4105730698372166
9ae7ce42c6960b736e0efa95,2022-03-19,0,lightweight,0.2162483372431761
606a3226edc45b339470c15a,2022-03-19,1,featherweight,0.6725119831765837
8438c52b0f5b6abb1524eb73,2022-03-19,1,womens_flyweight,0.4203981858318577
e44f8d6c21499f7ee69f7413,2022-03-19,1,flyweight,0.3668936054832758
b0c27e0a67c2921f706c7982,2022-03-19,1,light_heavyweight,0.4725689975476764
50519ade549a1f6ba3ecdb0f,2022-03-19,1,lightweight,0.4756759907987497
1855e62e711e7cb90db8c57f,2022-03-19,0,heavyweight,0.44276339565323136
d1bfaf3217d92836ca7666c4,2022-03-26,0,middleweight,0.7874947899739795
ef9aa738f67fd68f2ca5af2f,2022-03-26,0,flyweight,0.5300625211811273
301dfd58acfdd68cb9065d69,2022-03-26,1,bantamweight,0.5730521758680899
351b3e350230c6b88f88f552,2022-03-26,0,heavyweight,0.3537685552596312
7d5f589e73ee039bd2697e09,2022-03-26,0,womens_flyweight,0.22186501406719641
2d86be1fe2a9c74ea1d1a00e,2022-03-26,1,womens_flyweight,0.5171643430931089
2569c71203392ff1e1f14af3,2022-03-26,1,featherweight,0.5952998711601862
41c6e7756509299ae12c897f,2022-03-26,1,lightweight,0.5216873579527617
2d2fb7e95f4e7d64dacc585f,2022-03-26,1,flyweight,0.560670766481399
87d4157a7c6058179c54bd39,2022-03-26,0,welterweight,0.5249399481354555
e9351c7db8c8562852add0bf,2022-03-26,1,welterweight,0.6700162655058838
7af5d59b89e6c62ef7902cfe,2022-03-26,0,womens_bantamweight,0.6142019496225831
6a456265c9a0a54a45727866,2022-04-09,0,heavyweight,0.4929931038201455
9b4d0aeae28ca6a7651e18c3,2022-04-09,1,featherweight,0.7177602351229044
d59489d2219b8acf65c14d10,2022-04-09,0,bantamweight,0.47779922378546774
dcc78c9b5027cc486808530b,2022-04-09,1,middleweight,0.7022831836823895
10a507567f7c574bab053aba,2022-04-09,1,womens_bantamweight,0.5772407151357068
54dbd0ff791fe50de3635eda,2022-04-09,1,welterweight,0.6300752352752452
8d6783bbc0f9d2bd2d4c0534,2022-04-09,0,welterweight,0.5244001766513251
e4d38da609f2296f44f8e0f3,2022-04-09,1,bantamweight,0.6480933785013826
395fac7e1cb89c9f48542548,2022-04-09,0,womens_strawweight,0.4806056067855285
c717778925b8d05d09226a63,2022-04-09,0,welterweight,0.5573157978845334
c8c932d20a23d93083cd5153,2022-04-09,1,womens_strawweight,0.41072168623065186
5210e8a6bd51cdb8a3be4742,2022-04-09,1,lightweight,0.5302227954910939
ab6c1f1d7010971c355e465c,2022-04-16,0,bantamweight,0.2944854580069167
4e19d3624ce2f192fda3e87e,2022-04-16,0,middleweight,0.7874947899739795
63a7508bcd39ffb177568395,2022-04-16,0,heavyweight,0.6370639496050291
a3b791cf3770be81a7311fc4,2022-04-16,0,heavyweight,0.44556040957527
433dbc801627a6d385c7ad09,2022-04-16,1,lightweight,0.6884977602222463
f700791a20e6fde6268982b3,2022-04-16,0,womens_strawweight,0.5288200377467224
163a51708b615100cf2aba52,2022-04-16,0,lightweight,0.17235138440708458
a2e535212cb0109c16e03dcd,2022-04-16,0,womens_bantamweight,0.2719559569750108
069de3205d6c699d7be551aa,2022-04-16,0,womens_bantamweight,0.4970572516338997
9c7629f898574d7d259de1e2,2022-04-16,1,welterweight,0.1476577281728304
48857655a69cc90c77030d9a,2022-04-16,0,welterweight,0.22547923412000614
e9eef12674e72868f84a57a0,2022-04-16,0,featherweight,0.31645839023582495
a2af6edea9fea96f3d6b4f3f,2022-04-16,1,lightweight,0.6939508473320575
de09e08f6c57358e9c22f9b4,2022-04-16,1,welterweight,0.5273189530003373
48e6102e4d53ecae10721bf6,2022-04-23,1,womens_strawweight,0.5657171603165739
9b932197b1fb2a26a1208177,2022-04-23,1,bantamweight,0.6023777527074098
06669d51b0a57a8f66b216d9,2022-04-23,0,lightweight,0.40170839208696285
692efc69390867723a995b60,2022-04-23,1,welterweight,0.33679531454821005
c85d55bcecdce0caae48f32d,2022-04-23,0,welterweight,0.4876359312643002
877e43ee92b6e92fe379f031,2022-04-23,0,catch_weight,0.5386975803537973
4d8474d6d776dc1f62fe315b,2022-04-23,0,featherweight,0.435281363647179
711d9ff3483b66cb33e6fb1a,2022-04-23,1,light_heavyweight,0.38289676318331156
2b3e69ba4ea58a394404b393,2022-04-23,1,womens_flyweight,0.618346352403761
c89f90b1b4c3c2b9606febb2,2022-04-23,0,welterweight,0.41190429808562984
213b698eaacabc90d39c3618,2022-04-23,0,light_heavyweight,0.2875455232666606
2dbdb35090901cb11cdd7d38,2022-04-30,0,heavyweight,0.3148844752184565
aed8ef16b30b6d218c63f47c,2022-04-30,1,featherweight,0.5231207388913632
fcc9d5a0cfe4deba917371fb,2022-04-30,1,heavyweight,0.4916349488474296
9ec02b95cb264245c08bd1c3,2022-04-30,0,flyweight,0.3979168328317579
566ee83c01c427d616e79cb3,2022-04-30,1,featherweight,0.4695314995160564
312ba0118051211ffa424bb3,2022-04-30,1,welterweight,0.6747188971024158
bd90e67407043275cc350cb5,2022-04-30,0,womens_flyweight,0.5455312289531073
9932564c59fd0493d46f20f7,2022-04-30,0,lightweight,0.37563645338369517
ccbcefc2a02e49bf307142df,2022-04-30,1,middleweight,0.5670590626617575
59e0827ca63295b63cd6a91a,2022-04-30,0,lightweight,0.3954403817642358
4e359c108544d2c8759d97d6,2022-04-30,1,bantamweight,0.6092814466467473
e83c43a20c4efdef6b675240,2022-05-07,0,welterweight,0.24864642429806344
c3f4eb06b7985fd64caa1c2a,2022-05-07,1,womens_strawweight,0.6582423226864337
27a25d6c4438938f3521b32a,2022-05-07,0,heavyweight,0.5838415671534763
f9ad67246c83a9f959594eb4,2022-05-07,0,flyweight,0.46021176021211974
68ecc0f643b3d96f33c5ea9d,2022-05-07,1,lightweight,0.526945892304763
54d66068ae43906aa7a9cf26,2022-05-07,0,welterweight,0.48085991092232716
a295f10a5980bdb7db934877,2022-05-07,1,bantamweight,0.6596312104705824
57499631d3bdce3f6fc81243,2022-05-07,0,flyweight,0.4330038177117886
65626c902a390cc627f7be7e,2022-05-07,0,womens_featherweight,0.5831042619149236
d31f108ad033cadad0d1f468,2022-05-07,1,light_heavyweight,0.48214165601405123
cdb998abfa18ccf9f27af3b6,2022-05-07,0,lightweight,0.6218190203455783
709d13b3d0f6930bb797146f,2022-05-07,1,welterweight,0.4511192899279277
e513925b16ccc7cf2bc93298,2022-05-07,1,womens_strawweight,0.3017181259764694
cc6e0ffb423d24fff180d8c1,2022-05-07,1,womens_flyweight,0.5410579321536926
e80cfbe7751b8e42d0e37d81,2022-05-14,1,bantamweight,0.49703930944772245
d21ed7987834436d79762e16,2022-05-14,1,lightweight,0.5980315771088672
4987dc6f22514fa13327d770,2022-05-14,1,flyweight,0.7268991161411495
ec3db7fb69fd747f19d2772f,2022-05-14,1,light_heavyweight,0.52624756281501
3a7bcb7089d6096f13b7cd48,2022-05-14,0,womens_flyweight,0.4037374855086018
cb4c231ddb365e4a24ca3af4,2022-05-14,0,lightweight,0.4211045310597138
95e847d3cc4c6bcbd6043bc2,2022-05-14,1,middleweight,0.487443733875576
db6d572d7fc3c8ad496fe6e9,2022-05-14,1,light_heavyweight,0.3654233910520274
d0dd5444e56544c7c7529281,2022-05-14,1,flyweight,0.7311050726370557
6b6cce875a6e865322f23a66,2022-05-14,0,womens_strawweight,0.3314773609879729
da1f5ebe1db19397cf95fdcf,2022-05-14,1,womens_flyweight,0.4327866678061463
a909d174db8b4390ae3774cf,2022-05-21,1,featherweight,0.611624900944891
9101fa72d85c818841ee1d9b,2022-05-21,1,middleweight,0.5248932467501433
b2a463b8b2afe1453190b2a1,2022-05-21,0,womens_strawweight,0.5516109757119231
383bc526c4fd50b1ff054c67,2022-05-21,0,middleweight,0.4608212255857338
45ca004338ad389c7e7dfbd2,2022-05-21,1,womens_bantamweight,0.49852997129489873
3f379cb193e0300c1aa1f821,2022-05-21,1,heavyweight,0.5050851468685186
2613b85681482b84539b6f00,2022-05-21,0,bantamweight,0.2630480374482265
765486e120840e8df1d10183,2022-05-21,1,middleweight,0.5788409730371904
40240f9f36602a2870ec2baa,2022-05-21,1,lightweight,0.41713840336048896
da790c4bab3aeacba933229a,2022-05-21,1,womens_strawweight,0.5151578934489329
e2c480e4c1e2f0c1546d5d77,2022-05-21,0,welterweight,0.34550007263778776
d22c42254e29e2ec340e1418,2022-06-04,0,heavyweight,0.38421718547975586
7d2d589ab3a24ccbec850331,2022-06-04,1,light_heavyweight,0.7075658419582529
b5fef85ad8722e2c173f1f31,2022-06-04,1,featherweight,0.7132112451826845
f9fbead95e311fc0ea7c84ee,2022-06-04,1,featherweight,0.6890217059781969
23a75d6e26246f3fadb396da,2022-06-04,0,womens_flyweight,0.2434058631564819
65042c1a280902886dc6dd26,2022-06-04,1,womens_strawweight,0.5363616085032736
c65a22b110cef6fbb2125d34,2022-06-04,0,flyweight,0.3052639044926019
8ce12f6034150468696c1404,2022-06-04,0,lightweight,0.4664826726871736
5445242c5438b4603f99e089,2022-06-04,0,bantamweight,0.4986694410904672
d14d68587e692687da0d3f24,2022-06-04,0,womens_flyweight,0.4750276058829739
e663e56b52a832ad0691ca69,2022-06-04,0,featherweight,0.707113399404874
48c473af66656aa65786f4e1,2022-06-04,0,lightweight,0.4900828327523619
1879d9ea46bd3c6332543b68,2022-06-04,0,flyweight,0.5874551247688172
b2038bb6ca99f8b0ed7255c7,2022-06-04,1,welterweight,0.6106653624968384
e49e62b538c8335689613162,2022-06-11,1,welterweight,0.559799148008461
065e1f6ee6a773ecb89f7d12,2022-06-11,0,middleweight,0.3772652283011341
fb821412f370884401d35139,2022-06-11,0,light_heavyweight,0.4668235375529784
1e545d34ef5e99a2aabb7d44,2022-06-11,0,welterweight,0.34916961755569476
1991007feecb43a26b0eb7c6,2022-06-11,0,bantamweight,0.4669498197097075
4bdcffba7b815f20f7f0c0cf,2022-06-11,0,womens_strawweight,0.4747928674037173
e257df6df9aae0de1ae83c76,2022-06-11,0,lightweight,0.6556740636940546
acf90527fde3048d8876a70a,2022-06-11,1,womens_featherweight,0.5536202799543817
940b51f448bcff3babf27a3c,2022-06-11,1,featherweight,0.4965374773246084
bd4b807ebad4ce66420cb1f8,2022-06-11,0,womens_flyweight,0.45970221602840267
d41039f9c98e4cd3418f2f02,2022-06-11,0,womens_strawweight,0.4748933634586202
69d6707f40dbdd247de83d25,2022-06-18,1,bantamweight,0.6552356730062642
b2afb64bd777a942b65dbb5a,2022-06-18,1,featherweight,0.47848366170839646
bc67a856832a4900d2384ba4,2022-06-18,1,welterweight,0.5856585271719653
4a4060d03f813216114e4968,2022-06-18,0,lightweight,0.24137817861618308
2280acaef1bd4f8d94bf22f2,2022-06-18,1,bantamweight,0.7717639075919948
ef1c81da42f18212117eb7db,2022-06-18,0,womens_flyweight,0.6742885329398655
b8b37ab0d685d69a80b80bfb,2022-06-18,1,middleweight,0.4943641375017293
c8bce7a0cd5b64400d6ce30d,2022-06-18,0,middleweight,0.48854981625802246
34eacc018777cf756f0a9bc0,2022-06-18,0,womens_strawweight,0.6196559670155234
61b4b53d06936ba0aa98113d,2022-06-18,1,middleweight,0.6414501806339865
2cfd9a8c1b61856144ef594b,2022-06-18,1,featherweight,0.7362812191079336
5bdb3da39bb6e719e9fc0618,2022-06-18,0,middleweight,0.4485461972527338
68df60a85737373fc82b19b1,2022-06-18,0,welterweight,0.34957406676220915
2fbfe695974365c0c5f85fc8,2022-06-25,1,lightweight,0.41184393182993784
6458152c222f4906571bcde7,2022-06-25,0,bantamweight,0.39796877709102724
2ecd2eed9d2962188ecb5689,2022-06-25,1,light_heavyweight,0.5266870252395682
818221d71c181b39140c5074,2022-06-25,0,middleweight,0.522566486205605
35e5e8e703d00edf360a6043,2022-06-25,1,heavyweight,0.4180150765085811
dbd552c2d7e341649622ee23,2022-06-25,0,flyweight,0.47713417575853856
d3ae12666b9f9a68eead2751,2022-06-25,0,bantamweight,0.30876673015773987
e4ea35454ee62c778fa3f4a6,2022-06-25,1,welterweight,0.7093321693781866
b21c9e5ff089ca9195054ac3,2022-06-25,0,bantamweight,0.6061560599744553
76e3a22b48d90e22583c5147,2022-06-25,1,featherweight,0.25028938448524235
48b66f6c4e067ab131987c86,2022-06-25,0,lightweight,0.37660182833152506
a59780a9c44b0f7455be33f1,2022-06-25,1,womens_strawweight,0.44547319044409145
e02eea16ac82e778f7daf1f7,2022-07-02,1,featherweight,0.5863909738311056
876921be33b920ac9567b725,2022-07-02,0,lightweight,0.4743823663769489
e81f8dc803fd77311da05e80,2022-07-02,1,middleweight,0.638413598109318
859d13910d61abd539cc945f,2022-07-02,1,welterweight,0.540104449347093
e6c3e6276839dd5d64a789b2,2022-07-02,0,middleweight,0.33149963782609265
a2e9ef0e8cb15790f8ced352,2022-07-02,1,womens_flyweight,0.6854073041034819
eea7d1b3716582025dfbfca3,2022-07-02,0,womens_bantamweight,0.6332866723095609
2a9cc81d46ea65120d7fbe99,2022-07-02,1,welterweight,0.5537870837633748
ba6dd14c8af9df3ea8f92512,2022-07-02,1,welterweight,0.6053110302032467
5833acc9c3ac9e365c6c0b7c,2022-07-02,1,middleweight,0.3990026283867165
177235a3e775a6743d6600e5,2022-07-02,0,middleweight,0.3966408800352735
f2fd98701b89701fae9088a5,2022-07-09,1,bantamweight,0.35234764085436426
803fc1e81cfdec6e7a503544,2022-07-09,0,womens_flyweight,0.572757325495205
8990215859428aaac941741d,2022-07-09,1,middleweight,0.45029307735838947
833c99cb97e71c4d5ca53fcb,2022-07-09,1,middleweight,0.5701850388168511
894eb20cea5348518aad7e6a,2022-07-09,0,featherweight,0.2625215099002517
ec47ffa3f0a194c15729e14e,2022-07-09,1,bantamweight,0.7341317669353752
eb92cb37c14b9a12e2392824,2022-07-09,1,heavyweight,0.45637386340536606
ed326894c1c1b1d3adbf1cba,2022-07-09,0,light_heavyweight,0.5240812850860348
3762c8ce8cd05373829c8371,2022-07-09,0,lightweight,0.4691770869803702
85e2d3f91c45cbb0e0bc1cb6,2022-07-09,1,lightweight,0.5203928590630941
fb7e9ab6b45aeb9bdb8436ab,2022-07-09,0,bantamweight,0.5628050587559618
b203dec5ae3023e120de922f,2022-07-16,1,featherweight,0.5992330562684899
a32125452f6904259fbc72b2,2022-07-16,1,featherweight,0.5311440524549407
8fe207b501c2aa7554270832,2022-07-16,0,light_heavyweight,0.49171897158680516
a9c93145b251be4e9d7e6dcb,2022-07-16,0,middleweight,0.522127016167394
12d4dffc5e8bc17202be2632,2022-07-16,1,womens_strawweight,0.28576577262899394
fb462f5b2e9f652779cdfb66,2022-07-16,0,womens_flyweight,0.7047240025246039
c637b6f0f5a09bb8e1a74e50,2022-07-16,0,welterweight,0.5385672192792552
17ea09382d449f8306c19c3b,2022-07-16,1,flyweight,0.3064358787689567
fd355002a0fa2e74e3536f46,2022-07-16,1,womens_strawweight,0.6621722869020973
ccfedebf868f0b8dc734bfd2,2022-07-16,0,middleweight,0.3440906398330165
aec85754ffdd895e4321b6fb,2022-07-16,1,bantamweight,0.4741423712174717
ad625eebc9ae756d4e5ce12a,2022-07-16,0,featherweight,0.5393620954549608
f0728df1781fd229cb014c50,2022-07-23,1,welterweight,0.4847288803457118
fc3a021d4027a74cd0e85243,2022-07-23,1,heavyweight,0.4620865776505297
953bbb8b3a4dbab3e4857e03,2022-07-23,1,middleweight,0.6001103510853077
e1bfa78d9e55d9829168dcdb,2022-07-23,1,lightweight,0.6301773985679014
d04154269d7f8664c62b6131,2022-07-23,0,featherweight,0.3914116746989706
68dfedbb07bf88d9ca273dc2,2022-07-23,1,womens_flyweight,0.5060550937789235
ec4c20bfa09fac0285d92870,2022-07-23,0,lightweight,0.4428284809175491
3ba5a9abbb1ae3fa79599046,2022-07-23,1,lightweight,0.5266304418380492
291314e3a3d4ef5e1277e4e1,2022-07-23,1,womens_flyweight,0.6892020011995066
819b658e6cf0d717bb91de6c,2022-07-23,0,flyweight,0.23642619941899368
e1c2046ddc61effa0182c84b,2022-07-23,1,featherweight,0.659351978538441
fcbaa5ecf7ea948ec4284861,2022-07-23,1,light_heavyweight,0.4869690670487648
a3042f1e67d6574fb63da12e,2022-07-23,0,lightweight,0.5642897994868253
ef6ab6d69866893d4c3f7e61,2022-07-23,0,light_heavyweight,0.47237429961677263
b8683f73e2644670bf1ff574,2022-07-30,0,welterweight,0.5076577965676097
282ad5f28deaf15f8dca4792,2022-07-30,0,flyweight,0.6227839799411613
5fa0aeb049247895d054ff67,2022-07-30,1,flyweight,0.5799205747435568
c07de9903dda0402b5b7ae51,2022-07-30,0,heavyweight,0.3907051652645714
5aaa23664d6070cac2051597,2022-07-30,1,lightweight,0.5570239747858988
58e54a3c63001690d005c9bc,2022-07-30,0,lightweight,0.5831127640933008
10b81e064c1a7b6abe9a2535,2022-07-30,1,womens_bantamweight,0.5810889897078095
33eed00e388c88409a34cb2f,2022-07-30,0,womens_bantamweight,0.42789901283848264
e4877492b848342688b0277c,2022-07-30,0,light_heavyweight,0.25090465893699154
acc3d39765c5482fcb45accd,2022-07-30,1,welterweight,0.6625908584363437
17570bc74fd14e361a08e878,2022-07-30,0,light_heavyweight,0.189613821882858
ac2b588a1a2472b349609a68,2022-07-30,0,welterweight,0.3857504368616556
1a6042f44f4e1018e13bcf39,2022-08-06,0,heavyweight,0.274171706615346
11bfef30ead4201c97f126a7,2022-08-06,0,womens_flyweight,0.7455192364209678
ee78ff94d74191c0950c3305,2022-08-06,1,welterweight,0.5007628238419352
14baf91c942b6d4b80278c39,2022-08-06,1,womens_strawweight,0.5103321971476255
e16f507b343589a2e4e6722a,2022-08-06,0,womens_bantamweight,0.4792542154814975
e21ab264e04732c3ef8f62f4,2022-08-06,0,heavyweight,0.7395991027390487
e9da8c8a6c31cb23cefbf64a,2022-08-06,1,middleweight,0.6174954743070058
6ec98fde74b283e28ca0a7fe,2022-08-06,0,lightweight,0.1704204128426991
cf34d5f335348b66aa91eff5,2022-08-06,0,light_heavyweight,0.5225865478267405
f8f3e8322df974e5e79c4018,2022-08-06,1,welterweight,0.3926853124558746
a786185afd5f82f1db44d3c8,2022-08-13,0,catch_weight,0.5893878535935768
769a825b93d1f461ed037a48,2022-08-13,1,middleweight,0.5501483844001926
e5ba6b21277ad5545d7c0dc3,2022-08-13,0,womens_flyweight,0.6313865080191498
7322e2f3f4bf5390f2bda163,2022-08-13,0,light_heavyweight,0.5613286808235287
aaf6d2192b150766430fc20b,2022-08-13,1,lightweight,0.5269029393209069
ba36c66a9c8864239d835333,2022-08-13,0,catch_weight,0.6157934154799071
e07aa035986642062d25c1f5,2022-08-13,1,bantamweight,0.5569340843347913
8734458639c9a77e963669f8,2022-08-13,0,heavyweight,0.28023179346213034
8e3ee192291658b73f706113,2022-08-13,1,featherweight,0.4280492978710011
207fbf80c6f721606f408c61,2022-08-13,0,flyweight,0.6487959135049567
0e895646923d2363e9ee3865,2022-08-13,1,womens_bantamweight,0.3632771398679277
cd596c04dadc1a357e70db6e,2022-08-13,0,womens_strawweight,0.7455192364209678
7e414bf2e90506da27163941,2022-08-20,0,welterweight,0.6166685481871449
8a9c09281e5eeca72ddede9c,2022-08-20,0,flyweight,0.40587589938110585
fc73feb19b3af4a912864096,2022-08-20,0,bantamweight,0.3861980371521265
2e655f9fa69fc63ba339bf9d,2022-08-20,0,flyweight,0.5064937963325707
09110ce448db775f208b9e4f,2022-08-20,0,bantamweight,0.30092825296322584
96bf35f8d242172083318f0b,2022-08-20,0,welterweight,0.7866992387754307
72cae9b3b0647f262149f01d,2022-08-20,0,lightweight,0.3525733952571773
6e01d4335754eab4e2519c82,2022-08-20,0,heavyweight,0.6113046132736087
e041b8ced5ccae038bf87f85,2022-08-20,1,middleweight,0.4981728288798261
e21703f2490a99b16dfadb3d,2022-08-20,1,light_heavyweight,0.6175317659039131
f41c685ee847a134377ce615,2022-08-20,0,womens_bantamweight,0.5067251878939906
9ce27f8c4c81304aae9d0e7e,2022-09-03,0,middleweight,0.4061680659927616
a3bbb4a0fa0064f0548c4dc4,2022-09-03,1,middleweight,0.42278770552420863
2d11896bafc8bb829b196c12,2022-09-03,0,lightweight,0.27596055537924224
55128794a5130c0766120091,2022-09-03,0,featherweight,0.4221859402872578
7301434a052e54b477cb10b8,2022-09-03,0,heavyweight,0.34969977781432615
d67df94cf203060829d5e02a,2022-09-03,0,lightweight,0.26670248876034003
3f009a05817aa629ecb33512,2022-09-03,1,lightweight,0.5249128237768188
86ec5f7ecd89641f1c7cff4e,2022-09-03,1,bantamweight,0.3982338857053486
561ee3bd70a2f70be5d0512b,2022-09-03,1,middleweight,0.5994387400369383
0fc64e2e9e677fbf1fdd2676,2022-09-03,0,middleweight,0.41880027743340736
be1d0f8c941e18f2385e8ec8,2022-09-03,0,womens_featherweight,0.26136760881671617
b8f2b3651db2a7baa029e536,2022-09-03,0,featherweight,0.49665132356530006
4a6bcffa1eef009392233795,2022-09-10,0,bantamweight,0.3807835643531238
c00654036cf18b5bb5f2d2c5,2022-09-10,0,welterweight,0.41048575914745283
b36dfd6178f9afe0176a1770,2022-09-10,0,middleweight,0.6644928291016927
7f7d0ff5834aebf0c6e0956b,2022-09-10,0,featherweight,0.729247420481908
41da67b4d117a50c666ac843,2022-09-10,1,catch_weight,0.43701043070788054
6153221828eccf4930f0d3e6,2022-09-10,0,catch_weight,0.13089090604995052
9d40474ac4964ada854fa013,2022-09-10,0,heavyweight,0.6022169349688867
5a062d96aab1c99b7cc95f3b,2022-09-10,1,light_heavyweight,0.4203737631633902
61ba8d4c4fabfe43fbb836c9,2022-09-10,1,catch_weight,0.5674142766747188
014ea6d786ce6f657768e865,2022-09-10,0,catch_weight,0.4671742526245729
0eacc4f0d8ed4f419ecbcea2,2022-09-10,1,womens_strawweight,0.5994262253111265
b23e87fdf32c675244e517b7,2022-09-10,1,welterweight,0.4288645676242603
129aa2e2442a6668ab3bdc63,2022-09-10,1,womens_featherweight,0.6586564952531133
5c6812938d363a82f925824d,2022-09-17,1,featherweight,0.39483839025752643
8d050432569789c31a32dcde,2022-09-17,0,middleweight,0.38839228780758916
dbcca4558e9c1d0d13c510a3,2022-09-17,0,middleweight,0.44618289871112077
bc3c14ac6ca3b5d7e1f471ce,2022-09-17,0,bantamweight,0.568186660901951
c743e51d32485abb008206d8,2022-09-17,0,featherweight,0.5812515708038762
059dfb0529502eb13b47c82e,2022-09-17,1,womens_strawweight,0.6924166907984274
f973efc4d40fd253e6092acf,2022-09-17,1,middleweight,0.6276765565664079
faae6d894d5ca7b2e828bf54,2022-09-17,1,womens_flyweight,0.5701608922874244
ba54b51b997887a6beff6ea6,2022-09-17,0,lightweight,0.5583153130340779
4d68a5e737c1e8b51f6f2e2d,2022-09-17,0,heavyweight,0.674858412281254
58d0836ce3aef89372366e16,2022-09-17,1,bantamweight,0.41842308857853483
1afe0d50e01083bebcec9aa7,2022-09-17,1,welterweight,0.6281395819859988
49322c3b76a447084d3343fa,2022-09-17,0,lightweight,0.4245953612291859
87a787d77cf0a5e09d3d9395,2022-10-01,1,bantamweight,0.40627724509925894
38a5c52b9d2138c264286309,2022-10-01,1,heavyweight,0.5572277233437294
fc47440fea6c1d9a73f29056,2022-10-01,0,lightweight,0.29590968024051834
5c2d756d58e2169143a3d205,2022-10-01,0,catch_weight,0.5382497638854489
fa7cd15e925add6d68fc71fb,2022-10-01,0,catch_weight,0.48561541230007954
fa6a5ead0aa09a9ef6c5b57a,2022-10-01,1,middleweight,0.5695632535399676
b72aea582d1585d9cb98b492,2022-10-01,1,womens_strawweight,0.5001427706468634
769a6a0ed8f56e2771571177,2022-10-01,1,lightweight,0.5769268717427832
ba830e44c169818ed678aa41,2022-10-01,1,welterweight,0.6354733891184394
8a3a1e63063d34a285884a99,2022-10-01,1,bantamweight,0.6721186810197822
332b606adadb464988ce504c,2022-10-01,0,featherweight,0.11747518616940184
01280f9e77503889cc5f9625,2022-10-15,1,womens_flyweight,0.558659108046587
ca2c4ad4a77247d7ccff754f,2022-10-15,0,bantamweight,0.4009631346454287
0b42a434a9d342606e9634d5,2022-10-15,1,featherweight,0.6867545519862779
26959a0ae6d9ffc29e07813b,2022-10-15,0,middleweight,0.4299577966126211
aae253d49a82af766011fb44,2022-10-15,0,bantamweight,0.3419841098999005
dd6794095b4f567cbc4101d5,2022-10-15,0,welterweight,0.6697875117415308
044df039a74152712583ec34,2022-10-15,1,light_heavyweight,0.5654420917987013
6a2ccb4c05791a9425fdd871,2022-10-15,0,middleweight,0.5172195325234451
a351ceb4ec13704924e64821,2022-10-15,1,womens_strawweight,0.4392703613564646
4f4009ed9b6888d49211b309,2022-10-15,1,bantamweight,0.47855508311985195
cb331ce12f84a70205c765de,2022-10-15,0,flyweight,0.32295360786150384
2fa71d83dae3ebb848f3441c,2022-10-22,0,welterweight,0.3239652750834622
3969abdde9d204a1383b76b0,2022-10-22,0,bantamweight,0.4660028654884742
d51176910516429f296e9791,2022-10-22,1,middleweight,0.6253894365223162
8b1f7cebde3141ff07f2e923,2022-10-22,1,welterweight,0.4873876199834761
1f39f88404238882611b5baf,2022-10-22,1,lightweight,0.47961440187029686
89b86d8017ee9c1cbaa746ae,2022-10-22,1,lightweight,0.5864656465582468
e323e1ea8dacbcffaa512ad7,2022-10-22,1,womens_bantamweight,0.6694325408160284
35a1f8dde1fde0e00768056a,2022-10-22,1,womens_flyweight,0.38019398760465745
f4c1d9b02ea276231e92bad9,2022-10-22,0,middleweight,0.41711829193239947
bf2060061f6746545bdfc695,2022-10-22,1,flyweight,0.5876322578523168
5cb842db992ceaeea1b3cf29,2022-10-22,0,bantamweight,0.4499139824065835
a99407677ffcc07b6201b9fe,2022-10-22,1,light_heavyweight,0.5657362626964997
9e77914c5d3a7d1ddeb09921,2022-10-29,0,heavyweight,0.39203661105020177
0475b074697fe0251c4d12ec,2022-10-29,1,featherweight,0.7025231756099748
9ad86cefbe6ecdf976f7782a,2022-10-29,1,featherweight,0.4797256876357461
ad5ce07a6e0876f8d5be2633,2022-10-29,1,bantamweight,0.7103802643373063
3ea908dc8672aba46a6b1042,2022-10-29,0,flyweight,0.31660067923676294
9cf346c97ea2bbfd2c1c605e,2022-10-29,1,light_heavyweight,0.3638867264514432
2578ddec4698f73c077da962,2022-10-29,1,middleweight,0.5804218618669396
ca802282390c52fdb2408e0b,2022-10-29,0,middleweight,0.45716811563261955
15d5339005fa2e8e3ec329bc,2022-10-29,1,middleweight,0.4922447863069334
50f80108ef29bd03c1534f16,2022-10-29,1,welterweight,0.5540427461365969
5f9c2584685ac701df1b20f1,2022-10-29,1,heavyweight,0.6064592399017157
fb2b6999fee39d8d4b28984c,2022-11-05,1,flyweight,0.5213183857500439
1fa02083adffe4f1a1aaa2d6,2022-11-05,1,featherweight,0.40294794174276
443e0c3f3b5ee8993cb6247b,2022-11-05,1,lightweight,0.641679453404156
ad031ee4e83f763ae7e5c2c5,2022-11-05,0,bantamweight,0.3016142525067459
85d5c7447efef749dd381282,2022-11-05,1,womens_strawweight,0.39027292077086884
d98a3449d656417386274448,2022-11-05,0,bantamweight,0.3610671673726135
67bf0adfb4a72e6d1d0816f4,2022-11-05,0,womens_flyweight,0.27103421274338646
7d63d3e966fba6336272ecea,2022-11-05,0,welterweight,0.5755209973560411
7d171beb120b8d9b085f3e3c,2022-11-05,0,womens_strawweight,0.5055970032028845
f6116b016fd15f3896db959f,2022-11-05,1,flyweight,0.5139352964686447
d752a82ef0612c0a2c486058,2022-11-05,0,womens_bantamweight,0.5825477494626631
8aa99b2cd9574bce2a5476f0,2022-11-12,0,middleweight,0.3541171034961403
57a461274144d12c6cfaa424,2022-11-12,1,lightweight,0.4685162490428889
c2dc5cbd59cfdf863d8c6b7c,2022-11-12,1,womens_strawweight,0.5798491195011831
8a2af618f9bb8c2582583f47,2022-11-12,1,light_heavyweight,0.5216430875781162
e85b565475987e455e539476,2022-11-12,0,lightweight,0.5311911328721686
66f2c5674043221ca0434043,2022-11-12,0,light_heavyweight,0.53313925577346
ed6cea9fd841f86133410b45,2022-11-12,1,lightweight,0.7037446326291231
f9d00f1cc1b81acb25c5ad95,2022-11-12,1,womens_flyweight,0.6653563363458711
89753c38b68f7526bf9e58a8,2022-11-12,1,bantamweight,0.6717834475693933
b17854bdc5ac75cdebdebfc7,2022-11-12,0,middleweight,0.5582013523210859
bb48fbeed91a2ae16e631b45,2022-11-12,0,bantamweight,0.48566248151459274
52729424a8db9c8e560906f5,2022-11-12,1,womens_strawweight,0.5258558419691886
4f56ea61b8260643a03879bd,2022-11-12,1,lightweight,0.36301116513416837
a29b34f3eb27fd13d76b11fa,2022-11-12,0,featherweight,0.57807946290847
d405e854a32224bcc4db5e45,2022-11-19,0,welterweight,0.22549129464898102
65a1d86b89e2470e1e3db15b,2022-11-19,1,bantamweight,0.5466547467350189
a610b8fe21dd433dd33fd822,2022-11-19,0,flyweight,0.39996904639280173
119695682640f1374d5c064b,2022-11-19,0,heavyweight,0.37451742730793386
134f4d4a92ff0f23596749a8,2022-11-19,0,welterweight,0.2651625392959124
076a794451db2a52b98c2309,2022-11-19,1,womens_flyweight,0.3774057985764136
7c2cbb3580dd05ab14dfada5,2022-11-19,1,light_heavyweight,0.4708272168646681
9893e9ce7e58dd73dc5255ef,2022-11-19,1,womens_flyweight,0.7256294290943379
08cc9cab63281c265de6127d,2022-11-19,1,bantamweight,0.47727560405371255
2f3fc3172d73cddfd573aa40,2022-11-19,0,womens_strawweight,0.36633428527671275
630502317483ca9c43c50cad,2022-11-19,0,bantamweight,0.3528141282932389
cb2b679c92bd80ebf4dce030,2022-12-03,0,womens_strawweight,0.4857554537606576
e884d59713242b5e40c18426,2022-12-03,1,welterweight,0.5645976100883946
78078a06b6123519e6e6389d,2022-12-03,1,lightweight,0.45129179154922827
b4ddf766033e81d0119cb1e7,2022-12-03,0,featherweight,0.26891757989637277
b2b4ba541349261a5183a952,2022-12-03,0,middleweight,0.5804322406436208
fbe2eacc0874d97394ea1832,2022-12-03,1,middleweight,0.4622299694545029
ce3faf675b6078ae06995f59,2022-12-03,0,featherweight,0.47653894742939895
4dac47d315d1aca95332a102,2022-12-03,0,flyweight,0.29700218235322673
cfc93cd8941fdfe5321696d6,2022-12-03,0,lightweight,0.5806738623751265
4f162c7c30d92fff90d239d6,2022-12-03,0,lightweight,0.24266638343400368
6896a8bee73ed65ceb61e90d,2022-12-03,0,welterweight,0.5566168986425442
3df0cd81dd767dedc14ec088,2022-12-03,0,welterweight,0.63371408879246
ffaaa6810e903c894557c687,2022-12-03,0,heavyweight,0.3193277994696122
69d8f51a708f4a602eb6b066,2022-12-03,0,womens_strawweight,0.3486704497968004
d685375c090e0b3ac4d13d51,2022-12-10,1,featherweight,0.45787457560188916
97918cbcbe4b3af27679dc76,2022-12-10,1,featherweight,0.5019310461343126
195a4a25edefbdee1978add5,2022-12-10,1,bantamweight,0.49665132356530006
f41619679889d65542ce470d,2022-12-10,1,middleweight,0.48166049059521887
898f396f3f2e781708ad4221,2022-12-10,0,middleweight,0.4490954159004397
89ac380a2e7df762e9960bef,2022-12-10,1,middleweight,0.559200977495815
6f83248ed364da425ac6e6b5,2022-12-10,1,heavyweight,0.40628293962610845
220fc84b9439edce53facd04,2022-12-10,0,lightweight,0.5713314639817719
c21d7cb712ee6288e115f864,2022-12-10,0,bantamweight,0.623650708612874
11988bf1857ae4bc7fc9fc71,2022-12-10,1,catch_weight,0.528755574808877
6cac8e9e2664ec7c35a78b87,2022-12-10,1,featherweight,0.6450919188181281
18932712ef980754aa8ea7d5,2022-12-17,1,featherweight,0.5447264665933308
a908a1420ff1d9f94575f943,2022-12-17,1,flyweight,0.5429696488370382
bbc491df17960bb5bff6b31e,2022-12-17,0,lightweight,0.36318576757256604
0c96e42f32a09a794ddebc39,2022-12-17,0,welterweight,0.48629191763182006
fc2b431ca6e0290539b9ecfb,2022-12-17,0,womens_strawweight,0.5294771453722126
376d706e7b1fffd65da0244c,2022-12-17,1,middleweight,0.6148753356440254
62c857b47d6eb83bf9f679d1,2022-12-17,0,flyweight,0.5993619187228737
8b3108a9d38cc348b9ee1402,2022-12-17,0,lightweight,0.6203136267593871
708385da1df75bfa8783285c,2022-12-17,1,welterweight,0.36367329035229984
62df437ecc82bbfb87460bdf,2022-12-17,1,middleweight,0.30608860321203774
b09e70f040d7ee1dc6260cd4,2022-12-17,0,lightweight,0.4529860353059455
71ea7cae81899e81d9ce58fe,2022-12-17,0,bantamweight,0.44576289669316727
9560c9fd3964613752555ddd,2022-12-17,1,bantamweight,0.5536605597327949
c1e71d1d9adb482155fb773f,2023-01-14,1,flyweight,0.5140657950748718
d0381b088b9a49444821f7b5,2023-01-14,1,flyweight,0.5832345660292501
473cb05603e509a4bfc9c579,2023-01-14,0,middleweight,0.3736149883220465
24f815b1e2137e2461a6637f,2023-01-14,1,featherweight,0.5257551237206213
f458bcba7703f48484dfacf4,2023-01-14,0,featherweight,0.554747394822156
483b08fc27731ad0a87cdc0e,2023-01-14,0,bantamweight,0.11967888201453278
ec208d732aca7f0b1f0f698d,2023-01-14,0,womens_bantamweight,0.5014748881714375
52d6bc7e6509310031ed4ffe,2023-01-14,0,lightweight,0.49987569813276395
c80a716a5e04319dc22d6f21,2023-01-14,0,middleweight,0.5759162451212609
e38165574d6bfd63d4e79446,2023-01-14,0,light_heavyweight,0.5819917584244915
e2ebd640cdbbcc28ca2e8743,2023-01-14,1,bantamweight,0.7044881345300322
c571321ad6d07f540414f93f,2023-01-21,0,flyweight,0.462500089689462
1879c14c12351601569b29a1,2023-01-21,1,welterweight,0.4302200631881259
f709c650ce5f7a1d36b7501e,2023-01-21,0,welterweight,0.5459523894892768
2b19d65e695d66ba7d5f52dd,2023-01-21,0,light_heavyweight,0.4980902003322694
67ced6d3bcd5f9cff7b178ae,2023-01-21,1,middleweight,0.3740154629406684
a292c3204c848fc795af4c9b,2023-01-21,1,lightweight,0.21075942574586656
7b9b0213d00e3e62562edc0e,2023-01-21,0,womens_featherweight,0.24230889589640592
2d3203b53911c02b06b5c3d3,2023-01-21,0,womens_flyweight,0.25161174085186816
88c05dde0cfbbe4c9eece03b,2023-01-21,0,bantamweight,0.10626118750734556
c20db3255eb0b21fa2aab9f9,2023-01-21,0,light_heavyweight,0.6694307480612918
7ba2b9a199192a87d60f6838,2023-01-21,1,light_heavyweight,0.6736003608495839
170c5bb7b9800aa0cb5760fd,2023-01-21,0,bantamweight,0.7292912812229967
f8fe5853ba92aa1d4941f315,2023-01-21,0,heavyweight,0.4019377292498063
a35835c41d69a4aa0cc51950,2023-01-21,0,lightweight,0.2987235136186905
f78c5d74308eea6a9b237336,2023-01-21,1,welterweight,0.5045680419035318
4379c427241e16c5c42ff97a,2023-02-04,1,light_heavyweight,0.2614289590801143
fb3ccccef9c44cd3f44a1d43,2023-02-04,0,heavyweight,0.33543481895332616
e58678b9928dcd7e2a89b900,2023-02-04,1,lightweight,0.49987569813276395
5ffe7cef56c8e5dc2a3b0312,2023-02-04,0,featherweight,0.49987569813276395
c06582e8c3186fa75ccd836a,2023-02-04,0,middleweight,0.21754883144378492
5eafd2114e06744c7808d3eb,2023-02-04,1,heavyweight,0.5432545788998051
c55aa74790a7618ed08e5e86,2023-02-04,1,flyweight,0.49987569813276395
667af8ef779c3de51b6ca32c,2023-02-04,0,flyweight,0.18742422099034867
92ddbc29697faa23279ea2aa,2023-02-04,1,bantamweight,0.49987569813276395
c0dbc7dac4a69fdfa7b8a7e5,2023-02-04,0,welterweight,0.39514309386952773
e3a6a92a6b4c14140c0f5668,2023-02-11,0,lightweight,0.4755423048455405
8e99069a041aef3a93ceeef4,2023-02-11,0,welterweight,0.30681646959186093
9ac871fd5b77a57cde66e145,2023-02-11,1,featherweight,0.38831880862978785
128eedfd624aae6d0ee3489b,2023-02-11,1,lightweight,0.59109623185741
3138bab08e28eac977aae47b,2023-02-11,1,featherweight,0.5646063171429377
8e0261939b3d9069a93806f4,2023-02-11,0,heavyweight,0.5362038116433798
4becbd5521ee229580343aec,2023-02-11,0,womens_strawweight,0.30463331122612575
50535e74ff87ae17e1c4af13,2023-02-11,0,featherweight,0.6472993332717126
39b8a2a3689793a61bd1f93d,2023-02-11,0,flyweight,0.3703902101088115
352db25f95df258b62afd7f3,2023-02-11,0,light_heavyweight,0.6041919578944467
e2a5ee873106609aef8b7d36,2023-02-11,0,featherweight,0.45197901371399185
3f5d726191be802693a573f0,2023-02-11,1,lightweight,0.14976074989439492
9d14cb3c9c8fd9e831cb2b86,2023-02-18,0,welterweight,0.4581781900339965
a36fcfd26910843e21b34572,2023-02-18,0,flyweight,0.5736115175183478
47e078d89d36a38676c579fa,2023-02-18,0,featherweight,0.3309277998848456
389d6b8640bdfa2549c1e3fb,2023-02-18,0,womens_flyweight,0.44332553264275304
05ce260e041a2605c602d2d6,2023-02-18,1,lightweight,0.5262099945568943
7cdd2df80d6a6c593a282b52,2023-02-18,1,light_heavyweight,0.4605158310882969
33ac9685a2515b76f149fc89,2023-02-18,0,heavyweight,0.3596497566078709
73b63059d90c2960c03c75b9,2023-02-18,0,womens_bantamweight,0.31620027745817775
92dbac7a52867e46b35fafbb,2023-02-18,1,lightweight,0.5763716660014214
a4d636f7490aa62d4f569a1a,2023-02-18,1,light_heavyweight,0.5283605454082596
a77ddc24d18d055941c6bf15,2023-02-18,0,light_heavyweight,0.5220825875263327
f489e5bd58bfc35f1f4419cb,2023-02-25,0,middleweight,0.5101617458360846
758f1c497bf18e82210ab5c3,2023-02-25,1,heavyweight,0.4252817434721271
5c80a7b04497ad5ee2bddd57,2023-02-25,0,lightweight,0.5242679112343729
3fec13ee85d7f9983960b3cc,2023-02-25,0,womens_flyweight,0.44424586317209636
0176ced8c9d94d30a64e4a7a,2023-02-25,0,lightweight,0.146129021277717
cf7adf6d36d1b08cd9d8d30f,2023-02-25,1,lightweight,0.6992256515329017
b8372e22cddbfa48ea909485,2023-02-25,1,welterweight,0.531395508707204
6b4e4ea9b801548615975cd1,2023-02-25,1,catch_weight,0.470961684715158
6ea6168d8e84815d2134058f,2023-02-25,0,lightweight,0.693185898751789
fc0acba87af9f8c76a7e2940,2023-02-25,0,womens_flyweight,0.2643374272316098
ddddb220f603a1df3e1e0161,2023-03-04,1,middleweight,0.6804894313365928
72321c6bbe98eff02e4095f8,2023-03-04,0,bantamweight,0.320524766498289
cc0b7fa4194f7f6e6d3a39f1,2023-03-04,0,bantamweight,0.49987569813276395
85fe8793909e6952c9f78f00,2023-03-04,1,middleweight,0.6792265369760023
7363e41d86228b1d3ccb37ac,2023-03-04,1,lightweight,0.49987569813276395
4e033da568b46a961139d1ab,2023-03-04,0,welterweight,0.3652899871250311
d3cfb0d2b891ff38ada976af,2023-03-04,1,welterweight,0.6418826241638309
cbd06542b2b208df53fd406c,2023-03-04,1,womens_strawweight,0.7064244648085211
c3f3ab3581e4101201417c58,2023-03-04,0,heavyweight,0.48858740150818475
9314741277e5a546928ec867,2023-03-04,0,middleweight,0.48694150142188275
483a44eda1de7ba858e8ac87,2023-03-04,0,bantamweight,0.440875548059111
ec001e69e1a671cb55343f5d,2023-03-04,1,lightweight,0.4224649613445629
79f6fa67f74ca1d1eceb89f0,2023-03-04,1,womens_flyweight,0.31163690285365514
ae1d2e42c74ebe569b8bf839,2023-03-04,0,womens_flyweight,0.30556610840563975
2c3d9b8cf266f7d87b21947a,2023-03-11,0,heavyweight,0.40411786734609034
28667af2ecff9e735860e563,2023-03-11,1,womens_flyweight,0.2402792419705171
51fc827668838509328eca57,2023-03-11,1,welterweight,0.5274528637165763
02b6dc85938acd2c6dc76f32,2023-03-11,0,heavyweight,0.5934392252812005
5e42a3409698012174f55aa2,2023-03-11,0,bantamweight,0.21413580889800932
cc22e042a99a400b3b543787,2023-03-11,1,catch_weight,0.5132879006022177
4a7cf56c83980792658c3945,2023-03-11,0,bantamweight,0.4609752656780113
970d1a7858aa5b5c168bdb4a,2023-03-11,1,bantamweight,0.4676001397526147
8c472cd93fff869b8c1659b3,2023-03-11,0,bantamweight,0.462698421000854
57624421d747b53b6a9fce19,2023-03-11,0,middleweight,0.5534402786289149
121d895ec34c4ee500d71121,2023-03-11,0,flyweight,0.3770158687182075
39493c979c1bfbe357de6651,2023-03-11,1,bantamweight,0.49620722277674634
313274f54c13e378c9782b8c,2023-03-11,0,light_heavyweight,0.5790664754578563
3ef5192d293b633a47593b25,2023-03-18,1,lightweight,0.557388133093736
67939b6e4ba8a035489881f7,2023-03-18,1,middleweight,0.2851362547361987
ba6858c0646216e3a271c7f5,2023-03-18,1,welterweight,0.5091181682453423
a41a13deba0d06034c0c24a0,2023-03-18,0,featherweight,0.206902000503422
be9e3b6594a545c5ece02333,2023-03-18,1,flyweight,0.5322710998327973
bd93d7b8110bf0a192791038,2023-03-18,0,womens_flyweight,0.6280598369654842
aba38730016b8b0777777ee5,2023-03-18,1,womens_flyweight,0.5168987719395315
a445f6f894e3074c43e9960f,2023-03-18,0,womens_flyweight,0.6684497192214504
0204fb629e0e6e99f3a62ea5,2023-03-18,1,lightweight,0.4840191214596582
a1b6f8d2aeb238711fe9cd1a,2023-03-18,0,welterweight,0.5653552621758277
a9bd37ea947df11dfb5e63f7,2023-03-18,1,featherweight,0.718738188313826
bd7c4c65dd0660d691a5b7ad,2023-03-18,1,middleweight,0.5617115374994084
e95f3b99a35f4827b821860d,2023-03-18,1,flyweight,0.7592156944443863
759b5432bb0e95fb6e5a4cad,2023-03-18,0,lightweight,0.49987569813276395
c1d7d7ce041d52e09d7193c7,2023-03-25,0,womens_flyweight,0.41643572286859365
034e224915320f869f1dba0a,2023-03-25,1,middleweight,0.3965012241414609
717be830f10bc6172050d1e0,2023-03-25,0,flyweight,0.3304782135928866
fb68a3891e073458dc6aaa5f,2023-03-25,1,featherweight,0.36994632719223053
b4bcc9e8264244b410d7df4f,2023-03-25,1,womens_bantamweight,0.5564384436192568
84ded834631bc85d1a979066,2023-03-25,1,bantamweight,0.5492160900038363
3932764824c5a65f4ea80b0a,2023-03-25,0,featherweight,0.5007090221054304
3da110d1cd53964797f27c55,2023-03-25,0,featherweight,0.5674033912977364
bc34061f7585c8cb754582fc,2023-03-25,0,welterweight,0.4791617174151747
d8bf04bd476c5def9385b3ed,2023-03-25,1,flyweight,0.650700854475567
090d5cdefe42617fa644a06f,2023-04-08,0,middleweight,0.4368596995558304
f4262813b91eccfae338f71f,2023-04-08,0,middleweight,0.5279314449978003
b3e3b5f129a63fb2038e58ed,2023-04-08,0,womens_strawweight,0.42534246701031675
30c5225ba53208cd76437d3b,2023-04-08,0,middleweight,0.48881097695081166
50f3bfb5121b7b06fdb05de0,2023-04-08,0,welterweight,0.36810758400029486
a3cc4d0be0f091345c0e83cd,2023-04-08,1,catch_weight,0.5598967652059955
186919d4a2872e5c626d87b8,2023-04-08,1,womens_strawweight,0.34935654290986645
50677f1bf973ddd98ff7be61,2023-04-08,1,welterweight,0.5100507482800849
5bf9cd7d305f8634d4423b73,2023-04-08,0,womens_strawweight,0.37220203054117745
542ab5e1dd01c45dbe923832,2023-04-08,1,bantamweight,0.41060112181974423
cb56c19233738e3f99fb0b06,2023-04-08,0,bantamweight,0.5358559955822936
7941baf2f9c14b9bc5dc6877,2023-04-08,0,featherweight,0.5163510632828971
536fc9ff4143a7f0ef5213e4,2023-04-15,1,bantamweight,0.6219304433944292
58d7a5e6018b4265e7a4b16d,2023-04-15,1,featherweight,0.5922474957302227
f5d38b8d75c4c47b6cad6b69,2023-04-15,1,flyweight,0.31970040355741636
7b3a87bcfdaf6184fa346634,2023-04-15,1,womens_strawweight,0.5271995277865898
305a994660d1f7aefbc2d278,2023-04-15,1,lightweight,0.677907794894765
8aa967b47782f05988eede93,2023-04-15,0,light_heavyweight,0.3924035819548586
e32814b20fa0d61f9191d8d6,2023-04-15,0,featherweight,0.6348521680469474
2df2b28eed63b6044ceb774a,2023-04-15,0,womens_strawweight,0.46667975357219527
6576e21f61790cd99298296d,2023-04-15,1,womens_bantamweight,0.6291478198280301
fc2939e831f145899a2e2a1e,2023-04-15,1,lightweight,0.3212321861208806
8585d2f9c10439b3ae1c6def,2023-04-15,1,featherweight,0.43823043385290295
715f478ae35da582d9f2f26f,2023-04-15,1,bantamweight,0.2695501298649469
a3b645cd303899e532cb969f,2023-04-15,0,light_heavyweight,0.4786823222538277
4c702db73869ec0f411cd286,2023-04-15,0,light_heavyweight,0.31766271313420175
99f50e21f3c2b8fb41bfe804,2023-04-22,1,middleweight,0.3777072958750315
379db5a242315cc0331f6ab9,2023-04-22,1,bantamweight,0.4148739422588091
42d8de57f8ac25ae0a59af37,2023-04-22,0,featherweight,0.3981897716252041
69df5f5db0fe03de6d83eeb9,2023-04-22,1,womens_flyweight,0.5212253074869457
ebbd9b0e418daaecd3a5147b,2023-04-22,1,welterweight,0.5256931473142399
a81b666d9fea33d5a4e4e227,2023-04-22,0,womens_featherweight,0.4720684577261547
15793bfec6a8406b59adf881,2023-04-22,1,heavyweight,0.5531591029440392
cf2e08d1a2de456001218fbc,2023-04-22,1,bantamweight,0.6849879096220669
2d07b591baacde698e40eca7,2023-04-22,0,lightweight,0.5719545253864604
d0f44949b918faa8a43733f9,2023-04-22,1,heavyweight,0.4416386452840707
64bd164890b13ccd6152e1f3,2023-04-29,1,middleweight,0.5173154205634398
382d5f5de3ab9af93ca82b63,2023-04-29,1,flyweight,0.5950666736909923
e74e0fcfe591662c36de0f91,2023-04-29,0,womens_bantamweight,0.40599230769306244
9404efffd14ae8bc7d0dad29,2023-04-29,0,welterweight,0.5852311590339939
361d3b8343a3062df1f20add,2023-04-29,0,catch_weight,0.5065102464274809
209f89bb364ad65d94f93f8c,2023-04-29,1,featherweight,0.15903792246480053
de2dcd0f2af8b8f8855a9ee1,2023-04-29,1,heavyweight,0.445578116047571
79b7440c98a3fe7209a2b6c5,2023-04-29,1,heavyweight,0.6039225206028224
a482e08e398790dbc62aab8b,2023-04-29,1,middleweight,0.43833503781217864
996883e37beff1a1ac3bb2d5,2023-04-29,1,bantamweight,0.4793187503126549
c0f12ad7885173fca8c8dadf,2023-04-29,0,womens_bantamweight,0.6951440724021622
8cc6c1a80c3b3e78fc639607,2023-05-06,1,bantamweight,0.6479089597171345
8f175dda24ee4d5ed157611f,2023-05-06,1,welterweight,0.5329459273102741
38e28862ab0d408ffcf40da9,2023-05-06,0,heavyweight,0.3596215621608125
ac89ad183f32d054d164ee0c,2023-05-06,1,lightweight,0.48116587843741143
ef1bf09246b82fc675505721,2023-05-06,0,womens_strawweight,0.5956244120869761
b96182f98b3de52de631a16b,2023-05-06,0,middleweight,0.6632424576919188
2db72ca1fb0fdb7fffe3a93f,2023-05-06,1,light_heavyweight,0.670339225613508
c5ebf8e79324e5939125f9ad,2023-05-06,1,welterweight,0.730606242315883
3e2e956ecc31c21affc1243d,2023-05-06,0,featherweight,0.36707006674268217
023c4ee9d811ea4e3c8b11fa,2023-05-06,1,womens_strawweight,0.3793908047080943
0675c46166735f4643081ce6,2023-05-06,0,featherweight,0.17922625987676702
3d3bc5c58bede42fd36c2efb,2023-05-06,0,middleweight,0.7485895859379759
73f39af8d610478efc1c33d2,2023-05-13,1,light_heavyweight,0.5841661531337379
7a5e52cdf64699c40ca7635d,2023-05-13,1,welterweight,0.5836291871025048
8ea417e09eac08a2ad3fe828,2023-05-13,0,light_heavyweight,0.23895735858066297
f4ebeab135e8d5bb06730df8,2023-05-13,1,catch_weight,0.39200604117252025
bcb161a3c9d9e2a50a8e2857,2023-05-13,0,welterweight,0.5187102561932221
74a34d39413c8f931bad1e28,2023-05-13,1,heavyweight,0.5536578042119189
f166d8ac6a457943bfe528eb,2023-05-13,0,womens_bantamweight,0.6775272701021513
2d1948b604cc1d52072429d7,2023-05-13,0,womens_flyweight,0.5455942609253033
7eb37ee4f1b3f74a15b948a6,2023-05-13,0,heavyweight,0.3243866394177429
90d417de02b6d71ffa660d3f,2023-05-13,1,welterweight,0.4558674940499056
834f2fa194fc1425e6d5a51f,2023-05-13,0,welterweight,0.38236233474233094
9dea78b803a1d3cbffb84573,2023-05-20,0,welterweight,0.29752502239697115
d5f1029bfe5ae4808dbdeb8b,2023-05-20,1,lightweight,0.5467421492221621
583ed00e1a40f7bc24f0e7d7,2023-05-20,1,lightweight,0.5740114775188172
a5c6f22d83c3a5cd1f37e6d1,2023-05-20,0,middleweight,0.4355268242254558
19550019194953c70877b46a,2023-05-20,1,catch_weight,0.6175056181585252
618b7b63848dfb28d9e75658,2023-05-20,1,heavyweight,0.5027341477372179
4dad1eec32d230346a567d14,2023-05-20,0,womens_strawweight,0.48457594380745944
f80948e2b2d88cf85d8f69c2,2023-05-20,0,womens_strawweight,0.3299982711361653
e14152d9d3bcd814f7a78595,2023-05-20,0,lightweight,0.5363312417771197
7a892f12809c158957f4222c,2023-05-20,0,womens_flyweight,0.2073665869880591
24d6f64dd1a9f4a00b60b172,2023-05-20,1,welterweight,0.4180524346063666
a9283fde7464f78285f35d4a,2023-05-20,1,welterweight,0.5719325832967379
8d2657059b80b7d256f63ce5,2023-06-03,0,welterweight,0.425756246462015
c47c6d03bdb49b711c50f83c,2023-06-03,0,featherweight,0.3923026182881747
fbdb0f998a41190f2e544cb6,2023-06-03,1,heavyweight,0.4487636606689954
211bd8ca31ce0bf9f809f926,2023-06-03,0,bantamweight,0.5305625113368281
1f74546eab5290536943b881,2023-06-03,1,bantamweight,0.4727282759577648
43dc5779bee5d6e1feaf1211,2023-06-03,1,womens_strawweight,0.5757511411467252
b53d7181f6baa5828ee82925,2023-06-03,0,lightweight,0.5734594165731202
eb35eda2f8e562604a3a6587,2023-06-03,1,lightweight,0.7607156294655925
a2548db55f411224c2090a87,2023-06-03,1,bantamweight,0.7470852011497074
810ebf65cda6f08605d0dfb4,2023-06-03,1,flyweight,0.5460716768319412
ba64fa041a0a17289f7ec4aa,2023-06-03,0,womens_flyweight,0.37991430427681283
67fdbe55ae06879de2d3096b,2023-06-03,1,light_heavyweight,0.481479064938923
e30468a3c5bcc4c5e6f074a6,2023-06-03,0,flyweight,0.565422187667588
41b34cfef0a3c136d4b18cf6,2023-06-10,0,bantamweight,0.4656547870563336
2a7b20dea79359f48d7d2aed,2023-06-10,1,womens_bantamweight,0.7322694281276529
1f2ee3d9684f952d35509047,2023-06-10,1,lightweight,0.512589184233118
74a471c2a8c54c1c590e1255,2023-06-10,1,featherweight,0.5737407579386189
dca56b74a39286560767984d,2023-06-10,0,flyweight,0.5731367868171756
fb60c604b16810077c6dce79,2023-06-10,1,womens_strawweight,0.4807614569509996
753ef8a86a13c56c70328743,2023-06-10,1,featherweight,0.2765480012284293
bfe91c9408462da03caada04,2023-06-10,0,middleweight,0.4994155779261207
f6498a4788e114791bbae90c,2023-06-10,0,welterweight,0.3622292026860796
0830f25bd926d3257e23b2ff,2023-06-10,0,womens_flyweight,0.724310092400145
b5479c9894d56b527aaf98e8,2023-06-17,0,lightweight,0.2058907709851207
fa8e30b594409ffd405b94c7,2023-06-17,1,middleweight,0.5266770594100765
5de7511b539dc2f35627eeb4,2023-06-17,0,flyweight,0.5408630975227656
1553628079b91961f98be03a,2023-06-17,1,flyweight,0.6407446062779032
1701803460c2492f8c88e6dc,2023-06-17,0,bantamweight,0.4742533875025863
5ea10d9b2508835213a7e16b,2023-06-17,1,lightweight,0.5242352271978248
1ae6f24c34066c35e05a0ac5,2023-06-17,0,middleweight,0.5722902083266616
71155f2f38de2cef21d41ad4,2023-06-17,0,welterweight,0.5614335099628478
4afc828e854d71a980a4da1f,2023-06-17,1,featherweight,0.47346405415615106
1dc63941f97c2b53d6e7944e,2023-06-17,0,womens_flyweight,0.4894416855176456
b835ef106ba0d320989caaa9,2023-06-17,0,light_heavyweight,0.6122537552476062
9738dbbd12c022ab8c0244f4,2023-06-24,1,womens_flyweight,0.4811321970146824
26d1929d5e6faf685d9524e4,2023-06-24,0,middleweight,0.3369353040393953
02caa0904488e97a0c57821e,2023-06-24,1,middleweight,0.31860050618225394
8538c8b918b1de21ed7edfdc,2023-06-24,0,featherweight,0.4521496793717488
0c4515b1fb214c21809f0083,2023-06-24,0,featherweight,0.48753524706817936
a6a76a7a7db7da77a11b5ecc,2023-06-24,1,featherweight,0.6960573259013849
0744f58285748a8258aff8bb,2023-06-24,1,lightweight,0.573167331383035
86089570ccc769b26795cf5c,2023-06-24,0,welterweight,0.3032310517020666
34413a75b78402855b689235,2023-06-24,1,welterweight,0.7054937317851557
d63c07a027a8bfced274a3e8,2023-06-24,0,womens_strawweight,0.4956271860075398
355dde8fa8af4f55e7903345,2023-06-24,0,lightweight,0.7482420873306384
d903ae15997c5c3259527ac9,2023-06-24,0,flyweight,0.38666637080827815
c16d37110bfde910cc00a282,2023-07-01,0,heavyweight,0.3514474253679944
f0881ed5aee329899d5dbe32,2023-07-01,0,womens_flyweight,0.563190070854405
ff5a4b29681042b715de7dd8,2023-07-01,1,middleweight,0.2993541996840672
66a014a3d695164cadb97344,2023-07-01,1,lightweight,0.5746845132465804
5a3fafcfe8cf52b7388b69c6,2023-07-01,1,lightweight,0.6327449663954926
031c91854eac829bdf2ffa2c,2023-07-01,1,lightweight,0.31361023786038167
40db9ab26d4cae9288a4883f,2023-07-01,0,womens_flyweight,0.4013850423278084
4ce7c778f23cd1bf4546e0ec,2023-07-01,0,featherweight,0.12489563013169985
2906ec3d58e436e5228c8dff,2023-07-01,0,welterweight,0.23606710517148574
36428584824bba6898b4824a,2023-07-01,1,welterweight,0.5157540930921753
44200bfac7f2a84fa9b3c2c3,2023-07-01,1,middleweight,0.3315271222897439
f2750b184214af53cd2d9552,2023-07-01,1,womens_featherweight,0.5996526261722692
bfd5cf090725753cb73a2027,2023-07-08,1,featherweight,0.7154541953394797
b7b4f20cf8dafb6a112ac7d0,2023-07-08,0,middleweight,0.32098768926582544
8391134e7f930a916e52ef20,2023-07-08,1,flyweight,0.3844518366194518
339bc6663a7f472154266feb,2023-07-08,1,bantamweight,0.777977241891772
59f58c9c40c64fe1b8d474ff,2023-07-08,0,lightweight,0.582933102679995
8b7bd39fd6c76d413400ef59,2023-07-08,0,light_heavyweight,0.5417521244492381
d05493e5cdd7938e02c6367f,2023-07-08,0,lightweight,0.5171323483242901
e724df897e9fa95b33128001,2023-07-08,1,welterweight,0.509308958815783
243b01b43b4d154ee283edb4,2023-07-08,1,middleweight,0.5553401391264831
0580b939723798e97e523064,2023-07-08,1,flyweight,0.4637579651022868
3ee9d49d2883a76f0d0b3ebd,2023-07-08,1,catch_weight,0.6065668642108158
307078a8aaf55515debd7e4a,2023-07-08,0,light_heavyweight,0.4216198008240058
c040765e9cd22df2535af702,2023-07-08,1,womens_strawweight,0.4435335800681137
0e415addf4419c1bb7040995,2023-07-15,0,middleweight,0.38515460466670975
fae07c7909695a8de2670ea9,2023-07-15,1,lightweight,0.4232878598963967
95d5ccbd56f49fdaea7018e3,2023-07-15,0,womens_bantamweight,0.50028977057676
570ed242ca21c62fa3a6e0bd,2023-07-15,0,featherweight,0.5394896907313519
5fb55152ac40582efdac2338,2023-07-15,0,lightweight,0.5352091762565454
dc8c54b14e642c0f7dcc5d7f,2023-07-15,1,welterweight,0.8052274637908714
d5acd4b37d67e89519b6bd83,2023-07-15,1,lightweight,0.42529890259756786
59e240a1926ab9668d4ea114,2023-07-15,0,womens_featherweight,0.4609440633509038
20480c79595fbb7397cbcdad,2023-07-15,0,lightweight,0.5703454925082894
0504e93f7602bdaadee9e83e,2023-07-15,1,featherweight,0.56194896943864
c66bd437648ce6c9d36fffd1,2023-07-15,0,flyweight,0.6889434825412717
aee881a6e3b66ff815a14b4e,2023-07-15,0,womens_strawweight,0.5977454411589546
37dbd1517fc350dfdb82fe5e,2023-07-22,0,lightweight,0.5235822684559178
2086564bb6d1a17b69d9594a,2023-07-22,1,welterweight,0.2714363413260907
85cc199fb2cc71d7610b426a,2023-07-22,1,bantamweight,0.5258400488584907
d374ad54876bdc9ab00d188f,2023-07-22,1,flyweight,0.7078674405952352
f287ecd9b1b2b7e5886818fe,2023-07-22,1,lightweight,0.7234928159676766
5e03556ac21059d5540468b2,2023-07-22,0,womens_bantamweight,0.4318830592037179
88f4cf3ed1e8dc3bee9e78de,2023-07-22,0,featherweight,0.48114758367326194
f684f924db9762a5a24943d1,2023-07-22,1,middleweight,0.5185918074323718
07930a4698e812e3c33400df,2023-07-22,0,lightweight,0.5167333250790893
dc10ede4fff61150475f025f,2023-07-22,1,heavyweight,0.14501249365225866
1e5aadefe4f8b514331f7df1,2023-07-22,0,womens_flyweight,0.6294860326641514
be6f6a66dd1475a253d21e8f,2023-07-22,1,featherweight,0.6501225927059052
cdab172520a4c2a4e3be3200,2023-07-22,0,middleweight,0.674498135382303
b6deee15173724b04f140ec9,2023-07-22,0,womens_strawweight,0.6213086568546189
8dbb536f8d8d18684dece8d9,2023-07-22,1,heavyweight,0.6715818277410504
cf7ebf33fc2afed4809e7db8,2023-07-29,0,flyweight,0.3771949002440172
4e8cbb73bf869a8da3d7deaa,2023-07-29,0,heavyweight,0.5158644516581927
2a07f8ea0b27887c995f15a1,2023-07-29,0,lightweight,0.5430101757424126
f1f93d9da3d77601ddc068c8,2023-07-29,0,welterweight,0.5162963254901396
7cfdf3b2768432a51473f253,2023-07-29,1,welterweight,0.7424357477327198
73c5255ed61178a04a589d37,2023-07-29,0,light_heavyweight,0.43058301559919065
542062f841901da309fd39d0,2023-07-29,1,welterweight,0.4449022651756748
1441ccf352df4b05c9a83aea,2023-07-29,1,welterweight,0.4799843091482238
c7180a83d72402d7608bdceb,2023-07-29,1,womens_flyweight,0.7379173591503126
3a32c6a5cc5a1fd46bea3e47,2023-07-29,1,middleweight,0.566339641964163
7bb394fbae44e1da0cd5bca3,2023-07-29,0,lightweight,0.37759088649815953
282fb397e104dd45c570b28a,2023-08-05,0,featherweight,0.587488808352981
b787cf6c2fa2ed8c9e195150,2023-08-05,0,flyweight,0.4021499574065534
6560f72e1b1c9b8138574df6,2023-08-05,0,catch_weight,0.40308544078260033
f94e4cad52bf9a6b2f38df61,2023-08-05,1,featherweight,0.4087976695449271
ce84563cfe04a65b5b76020c,2023-08-05,0,light_heavyweight,0.5286456357731104
0473c7065872a7d67606359f,2023-08-05,0,lightweight,0.592984931872411
268d66a04a0a2276ada61537,2023-08-05,0,welterweight,0.6856528182936992
d6ee9a0d0b602cdfb29a682a,2023-08-05,1,womens_strawweight,0.5130324747903756
d51412c5c86ef83705f9476f,2023-08-05,1,bantamweight,0.677393792582033
bb3b63715b62f6b0e4f65950,2023-08-05,1,flyweight,0.4993740939733407
358d2e14d9541e87802ef07a,2023-08-05,0,featherweight,0.3877872708853059
8a9f408c675d89c45391bc0c,2023-08-05,0,light_heavyweight,0.4897067134609012
cc0dfcba2a9a1a686e41e380,2023-08-12,0,middleweight,0.5771647904577577
21b8a0738ac50baebd05d9ac,2023-08-12,0,featherweight,0.6362322920773721
b0a0a0e4e665e9f2ee272956,2023-08-12,0,bantamweight,0.30628695538129685
56c51c3acfc72d7fc859ad42,2023-08-12,1,featherweight,0.3362158360757329
f83ebe6bf664c143f114ee24,2023-08-12,0,womens_strawweight,0.5617940956254724
cae33a4c01f60ea5bc1c2a9a,2023-08-12,0,middleweight,0.4708584330466591
d7b541461594eecc66b90080,2023-08-12,1,heavyweight,0.6229111206810996
21dc27ee66f98446e047ad70,2023-08-12,1,bantamweight,0.5494558760787654
6f0ec3612994e967fb90e063,2023-08-12,0,womens_flyweight,0.5793062437426574
e18d45083a7c265a8622e262,2023-08-12,0,light_heavyweight,0.5793367621299418
c9c58ef3f78b8a1983f75960,2023-08-12,1,womens_strawweight,0.5119422782549494
a6d4278c3e85ccf981d560d7,2023-08-12,1,lightweight,0.68623293794492
fe4d9885f4576d7ab9015c10,2023-08-12,0,welterweight,0.49994138491645806
471c5569daaa1a004351935d,2023-08-19,0,bantamweight,0.49706096117948967
0b46edbdd82ecaaa8339d80a,2023-08-19,0,middleweight,0.2597545706383246
34b4caec2c3e9c8cc351c602,2023-08-19,1,womens_flyweight,0.6760202368443264
2defed33fd46d631e90ba986,2023-08-19,0,bantamweight,0.42960018028469155
e1c4b3bb77a1f665d7e9edb8,2023-08-19,1,middleweight,0.45519769781438923
f77e8217af476c8d76c17de8,2023-08-19,1,bantamweight,0.676130245863016
5e2db79a3a1ad7fa4a047658,2023-08-19,0,middleweight,0.20298445528264825
6146e55c7547bad0f4598567,2023-08-19,1,womens_flyweight,0.46600538774031275
44a0ede1f5c3febcd8158c1b,2023-08-19,1,lightweight,0.2182270981921682
6a9d8431526f7e7ae3505c22,2023-08-19,0,bantamweight,0.3633986606986278
f59c117ae7cabc52d4b52159,2023-08-19,0,welterweight,0.40203308139790406
acbef5f5bc43c180f987011c,2023-08-19,0,womens_strawweight,0.3880863400695285
46011dba71434bf36e3c4864,2023-08-26,0,light_heavyweight,0.6553237318509795
7a36e5dab09fb0e3a32fff3f,2023-08-26,1,welterweight,0.634527130551719
bff6b688a0748a0496dde666,2023-08-26,1,middleweight,0.6514637060815699
31b7a66eb42b8c36524c3ab3,2023-08-26,1,womens_flyweight,0.6245428855103752
dd4024c9c91e5afd2d978e95,2023-08-26,1,featherweight,0.5185153468301558
f0e0f24c2d6eded73e540e2d,2023-08-26,1,heavyweight,0.5602133427005382
f3ff547fc056f0ae57dcdd5c,2023-08-26,1,womens_flyweight,0.6704557262085928
afe662b987c151d703cd1acb,2023-08-26,1,featherweight,0.6929052292254199
ac6f2e63fe39b2f0a273ae19,2023-08-26,1,bantamweight,0.63786985027627
baae93ffbdc1bf0262cee6e1,2023-08-26,1,featherweight,0.5620703768017943
99ab297a031513ce93f1576f,2023-08-26,1,welterweight,0.4337568026389628
32ae1bb3fc496ea9626ce862,2023-08-26,1,bantamweight,0.5264462120229276
1fe545c4e1dfc5237a9e4748,2023-08-26,0,heavyweight,0.36562561874932215
ffa7455c3e5ede174ad4112d,2023-09-02,1,welterweight,0.601617129842224
6d0f7ada6c998fb0eaf089de,2023-09-02,0,lightweight,0.5047148508206739
fd33be38cb0d1d4d0f6bca6f,2023-09-02,1,heavyweight,0.5389765470394243
6bd93fadde24f7c7a79345fe,2023-09-02,0,bantamweight,0.3448845027382886
65293a8e2961fadaeef4cf65,2023-09-02,1,womens_flyweight,0.517353196447785
2d1078d0507597c4e604903a,2023-09-02,0,featherweight,0.49987569813276395
a4d79f54aeee4768f37396e2,2023-09-02,0,womens_bantamweight,0.6738123704404293
44fbb5a2110d15b720a9751d,2023-09-02,1,bantamweight,0.6150358320610927
555e57ac84583be4ae725a15,2023-09-02,1,light_heavyweight,0.6982647208088053
21efe4021b701a3f681a8c10,2023-09-02,0,featherweight,0.13042167404459468
6e1227e9009e6929393b1fee,2023-09-02,1,catch_weight,0.5575764643644648
011b9746ab115630dd02c0fb,2023-09-09,0,welterweight,0.5131459412195938
b21089f4d62b3730b34a4346,2023-09-09,0,light_heavyweight,0.2720613704186355
1b6d13bce1996a9787f00657,2023-09-09,0,middleweight,0.5483181979946146
b2b23742f60158de1d1c5c14,2023-09-09,1,featherweight,0.5025571761584886
b8118cbf106d813928e0b82a,2023-09-09,0,lightweight,0.30847574559726665
27e9d3412a74a9570b14c3f3,2023-09-09,1,heavyweight,0.6381460591948392
16064fb85fa34316d72d9e6c,2023-09-09,0,welterweight,0.46257090114801136
f84f38efd0c68a4d11911324,2023-09-09,0,flyweight,0.11522285238893332
a0cc78d39dbec7a5ce6e1bd4,2023-09-09,0,lightweight,0.1367305658807594
ed8e3c472972a277f73c443c,2023-09-09,1,featherweight,0.3471368586549817
b04e6f3b3710a8911531f136,2023-09-09,1,heavyweight,0.6069129569070685
16cede3f450ae715871ef8c3,2023-09-09,1,light_heavyweight,0.5593914858436805
ead4ef0da3ceb9dbd827dd4b,2023-09-16,0,lightweight,0.42766783365889344
c8cfe9c5b42f5b7ceda34093,2023-09-16,1,lightweight,0.41455933299248793
f0c6e7a442001e286c22093f,2023-09-16,0,featherweight,0.5474305399857606
eaa1d742167744bbb2317e5f,2023-09-16,1,womens_strawweight,0.51147653280843
399469f15d7034c6b5c5aa4c,2023-09-16,1,welterweight,0.6112450192175787
2d4c42ccd0419f0034998f5b,2023-09-16,1,womens_strawweight,0.577269526438059
8e05c99e0cfb203d446ab29e,2023-09-16,0,bantamweight,0.46712528286747185
281de41fa325e8017e097798,2023-09-16,0,middleweight,0.3078666864618778
568b5c62f6997dbaa49f2d78,2023-09-16,0,womens_flyweight,0.39969822657342485
a8d577f3a15db8e801f72cab,2023-09-23,1,welterweight,0.6367278073817894
cd56e5717d0aecb3365e555b,2023-09-23,1,featherweight,0.5317882374820379
978e40854ce586ab5015d89f,2023-09-23,0,middleweight,0.6679921721840223
e705c6274e273eb488346925,2023-09-23,1,womens_strawweight,0.663932171252734
5f67fcb6ff0330a07c25670c,2023-09-23,0,womens_strawweight,0.4844133368902799
534e4ba8dcf5d6b12163bd43,2023-09-23,1,heavyweight,0.5744206338680846
ef95cdf14de0f6f13da1c922,2023-09-23,1,lightweight,0.6039018108315798
23bb45e27781d3fef56a8d5c,2023-09-23,1,featherweight,0.47384528920657715
abd474deac0d6aaec693b319,2023-09-23,0,womens_bantamweight,0.600656233181867
afad3865935211f104c76cb6,2023-09-23,0,welterweight,0.23164501559193232
24613e52b4d9b4373f4e4226,2023-10-07,1,welterweight,0.5486744161027998
e808ac354fb383fa280dda7a,2023-10-07,1,featherweight,0.40869961286992207
c2fc0ceaf543ba31b0c8a9dd,2023-10-07,1,bantamweight,0.4908959921873692
1e86a983200de4386d6df19e,2023-10-07,0,lightweight,0.3363890327615911
80a2c51a131f7e11f83c99c2,2023-10-07,1,lightweight,0.2782327576409709
b0fd3639ae3acd8f3c7f83a6,2023-10-07,0,middleweight,0.32514283853780546
fe10b939cf29ddef67d106d5,2023-10-07,1,womens_strawweight,0.5163849544943069
da52ce077dfbc710eeee7d80,2023-10-07,1,womens_flyweight,0.523921497855985
5d96dab1b32c072c721a3140,2023-10-07,0,flyweight,0.3114020032228515
3b2b6f588f233752d4106bfe,2023-10-07,0,womens_strawweight,0.6117187760466042
af737fed0b9b7d7e97b45800,2023-10-14,1,middleweight,0.558052178993254
fe5a4702ff9ab44d8fd9a270,2023-10-14,1,womens_strawweight,0.5012868535886258
9f46ec6a1c5898a3f4218fa9,2023-10-14,1,bantamweight,0.6367938372906161
bc494225f9e8733daace3b08,2023-10-14,0,bantamweight,0.5576552541297761
f9055a3cf35dd1b47246db50,2023-10-14,0,featherweight,0.5863654612979197
d140971eb1e02bcc7e160759,2023-10-14,0,womens_bantamweight,0.6640286295668816
846b585d86cb8c9a7c662345,2023-10-14,0,womens_flyweight,0.6270395337259023
71152a346f5435274991f699,2023-10-14,1,bantamweight,0.6612715399585496
a60d64e4d57ac341a707429b,2023-10-14,0,featherweight,0.6490856575695125
e9b3649cbac6fea997127d09,2023-10-14,1,womens_bantamweight,0.5391627511558985
6eb8e73eeedd0a4d4f090e59,2023-10-14,1,lightweight,0.7039545252993438
daa19bc1073e4de488b93099,2023-10-21,0,middleweight,0.3638284917161361
bd5197ce9e21f062e91cfdcc,2023-10-21,0,middleweight,0.4862313996395674
29ca6c04a5121ff6b3aead16,2023-10-21,0,lightweight,0.5240397780972662
53f58a616f1f98162f59d9a1,2023-10-21,0,middleweight,0.5295482955431876
259473adab67fa6d9c216e30,2023-10-21,0,lightweight,0.6852904966210731
e7ce0cf4e2292cc04f227813,2023-10-21,0,lightweight,0.35612736953779495
a12daf4c80637768db6e3c5a,2023-10-21,1,featherweight,0.2894466705332006
28eb240747f515de3836fdbf,2023-10-21,1,bantamweight,0.7299898587757585
f0516b939f36ebafdf81ca17,2023-10-21,1,middleweight,0.3920274708079498
62d3a5771d6b10f0089a8f81,2023-10-21,0,flyweight,0.3146079946893788
757ba2eafdc177b61032db32,2023-10-21,0,womens_strawweight,0.2731502259978439
04563713f288927086d00dc8,2023-11-04,0,womens_strawweight,0.496092471822552
4dc323525ec4fe6a1902471c,2023-11-04,0,middleweight,0.3640609740426157
7a0160ef91b1c3b2e386696c,2023-11-04,0,womens_strawweight,0.5464559470607228
63065d8129b0cd4edb422521,2023-11-04,1,catch_weight,0.6854990484013216
1c5a8fa50a02c5f7237e7096,2023-11-04,1,welterweight,0.4600694519333835
74447d459909b91d8cbc210f,2023-11-04,1,heavyweight,0.5901726796448076
c7d24b653dac82db9b54ce3f,2023-11-04,0,lightweight,0.329659053075179
df9a143b6b0fd7913bb8edfc,2023-11-04,0,heavyweight,0.40043108896484436
de2c9e0a9b1e5ca7f500117c,2023-11-04,0,light_heavyweight,0.39963583404486513
d15dd8dad27d3ee24d69ac60,2023-11-11,1,featherweight,0.4772711346077791
afa38907d741913db5a7be3e,2023-11-11,0,featherweight,0.6242656510076624
8a2b05dae46c16a168a3e654,2023-11-11,0,lightweight,0.39255199096739074
496a2700b89769900984608d,2023-11-11,1,womens_strawweight,0.5818796277860608
8d6e2b7b8b22ac6ba0a22969,2023-11-11,0,light_heavyweight,0.48090421097017116
e8561543ae98872e901f6879,2023-11-11,1,catch_weight,0.3780931146227242
833524b44b22bd3208f2fbd3,2023-11-11,1,flyweight,0.6257993146777717
d20739f6f7bd77ea12be13e0,2023-11-11,0,lightweight,0.28204755614145594
144baece3f6aa1688e288975,2023-11-11,0,lightweight,0.4319335285167903
e7b64eb7fc4775216b389738,2023-11-11,1,heavyweight,0.4803682662400835
177541d6f63823d585239290,2023-11-11,0,flyweight,0.5093617787304999
f41b81824fdcc42b9e4d0405,2023-11-11,0,womens_strawweight,0.5401811311816705
f2df0f0bae9607c1cf534447,2023-11-18,1,middleweight,0.7388589686195256
d364f1a7af8353a6a5bb476f,2023-11-18,0,bantamweight,0.6665789304588727
00e7ffbaf4344527093873a4,2023-11-18,1,flyweight,0.5543211417027364
459984a71320f6181b1f6a92,2023-11-18,0,lightweight,0.5869019854366357
cac245615a9748a0186e36ce,2023-11-18,0,middleweight,0.3949709946324386
8e520f2d4e402e4c08eac42a,2023-11-18,0,featherweight,0.6258834884586568
19a60d3bb692f7fab1aa0998,2023-11-18,1,featherweight,0.4160420359659198
5d678692a9535ae7a7113d36,2023-11-18,1,womens_strawweight,0.6127874230432812
e5dbe1f65469011be90331f1,2023-11-18,0,womens_bantamweight,0.25492451440990166
0814c6241270848832ee1c95,2023-11-18,1,welterweight,0.5226943984897562
d7d1847897d6db266f12f753,2023-11-18,1,heavyweight,0.6735719873389134
ded733c1abeb30eef94d0f74,2023-11-18,0,bantamweight,0.4496065384995195
d8489abaf1802fa3a1021b7f,2023-11-18,0,welterweight,0.7378662099798226
3244052f0a3815145fdd8188,2023-12-02,1,lightweight,0.6420285399214811
29c71d1b4084e31abd61e31c,2023-12-02,1,lightweight,0.5183887366961153
266fe16c8f3e3b75a7f4c4a3,2023-12-02,1,lightweight,0.4192480885199502
577f775be78964896ac1a903,2023-12-02,1,lightweight,0.43966192814682853
aa55d74034f3a3481fb4d6d8,2023-12-02,0,womens_bantamweight,0.5459816443593979
6a65ab2dbc5dee6257dc9595,2023-12-02,0,middleweight,0.5704485939671529
ae90c163fbadc8e692614a68,2023-12-02,1,bantamweight,0.5289245413430123
d9ba19f4c35501b7970cbdd2,2023-12-02,0,light_heavyweight,0.6559340549141326
485be0671ebd8c05327115aa,2023-12-02,0,welterweight,0.46112089140942897
d0150e31146bd1f6c53d9109,2023-12-02,1,womens_flyweight,0.49522399728743427
71220001b252fdbf72418ec3,2023-12-02,0,welterweight,0.6257428053779153
9fc28e3dc009b827883edd97,2023-12-02,0,middleweight,0.3110345219935626
aef3796599ba902b135e1a2e,2023-12-09,1,light_heavyweight,0.4598185868020489
5b76e797c4ffb48b61410c9d,2023-12-09,1,flyweight,0.6317918059302151
1466c10bcdb2f1b0a1352dec,2023-12-09,1,middleweight,0.47797678033926455
55082c328945d276153798e0,2023-12-09,0,womens_bantamweight,0.29511956784343035
0a60ebc269e85bff31e989ed,2023-12-09,1,lightweight,0.5259275762575266
23ae5ee3a2a189aeb6fad511,2023-12-09,0,womens_strawweight,0.51147653280843
aaea90999d2c2c9ef107ce94,2023-12-09,1,welterweight,0.5145227621278017
e4f499527d31d66c982fd653,2023-12-09,1,bantamweight,0.6335524844299548
1717f90d2160832604d7a78d,2023-12-09,1,lightweight,0.4888906783587741
adb8d33c46026c9bd9e6fbca,2023-12-09,0,flyweight,0.35293969804449543
f02ef45176d4af0219dabfa5,2023-12-09,1,bantamweight,0.4498892853797134
280a428b31e2aef693a0f9f4,2023-12-16,0,flyweight,0.4918858880709711
d3365e6d3be6de5629a2c7a8,2023-12-16,0,light_heavyweight,0.5870778005737403
d577b5cf3001b917a08711f8,2023-12-16,0,featherweight,0.4299462387217375
39fc49a6ebd402e80c2483c6,2023-12-16,1,womens_flyweight,0.33739535301755097
1330b89f70ea839717128850,2023-12-16,0,bantamweight,0.2985569615634531
058ef2585a4f17f0e5ad91cf,2023-12-16,1,womens_bantamweight,0.44549557530157596
f34bd1f41290f9fed4eb494a,2023-12-16,0,featherweight,0.6320188638261457
687a5fbe17d8dbd9d362aad4,2023-12-16,0,welterweight,0.42225862081874616
bb649a9711cf49795b3c4110,2023-12-16,1,heavyweight,0.23361054211996338
8b6069a7a68e296dabf0a2b7,2023-12-16,1,welterweight,0.7011827494236614
0248f733a0a79ce27869d3bb,2023-12-16,1,flyweight,0.4431652688648828
ebe757e2d75707e5c685fa5c,2023-12-16,1,lightweight,0.505682661502115
350855927478bdd1e949d40c,2024-01-13,1,heavyweight,0.6607678756512945
3429305b9c7c09859dea585b,2024-01-13,1,bantamweight,0.426845330048402
3a6a6b413fb74d30cc7ca422,2024-01-13,0,lightweight,0.5455812302089154
428a69abf162f2b9b7b4fc5d,2024-01-13,1,flyweight,0.657653319661363
25198c09b99dc5ef33baad00,2024-01-13,0,light_heavyweight,0.371969618314283
4a93776243956f8fbb398bfd,2024-01-13,1,bantamweight,0.5375469281975186
406ffce8282d87e7c9405a2e,2024-01-13,1,welterweight,0.41358314298159193
811e412052d3c3ce36862e6e,2024-01-13,0,lightweight,0.6230551142697152
8cc7da19086c6ed2e0367e37,2024-01-13,0,middleweight,0.5692273149085791
8fe948f0238e3128d28de6c2,2024-01-13,1,bantamweight,0.533521888235243
5d13c41cb62ff0921715726b,2024-01-13,0,featherweight,0.413257769913364
b7feb4f5c53ec81135796ed1,2024-01-20,0,featherweight,0.28544139835079424
19f5549fd17592807a27b146,2024-01-20,1,bantamweight,0.4306515791218026
89c2b506cd80a961358c0aa7,2024-01-20,0,featherweight,0.5150913202490603
2cfc07cf6675811da4dccda6,2024-01-20,0,middleweight,0.5213549991175472
dc907d383820e288b4e21f7a,2024-01-20,0,womens_strawweight,0.29271444808419156
381492d3d739b74de7beeaf8,2024-01-20,0,womens_bantamweight,0.3187940917604681
1885c2392f3fc4e13cca8970,2024-01-20,1,flyweight,0.2886279037260888
d03ee612207eed674bede235,2024-01-20,1,welterweight,0.39987478292581385
b714ef8d91fff6b78df25c03,2024-01-20,1,womens_bantamweight,0.725117130758054
8101ef269b3e43cfcb139bb0,2024-01-20,1,middleweight,0.565343310771214
cfab9e2259fc0aaa894fea97,2024-01-20,0,bantamweight,0.4638746919398857
c5a68290631162d0cceb4de3,2024-01-20,0,welterweight,0.6534479754972329
585b9503d7555c070c210fc6,2024-02-03,1,flyweight,0.3908725679939556
cdc0b8fe8eb1f4398afe4cc1,2024-02-03,0,welterweight,0.5403825515875628
cccf589a0c312106aced03f1,2024-02-03,1,featherweight,0.5966228348659542
124fdf48a7e58167e2406acb,2024-02-03,0,lightweight,0.6272321610931474
c1f1986c9747f9c480a9e997,2024-02-03,1,womens_flyweight,0.569389263383276
130b5f385e434a6ead40c900,2024-02-03,0,womens_strawweight,0.49007363259636527
68a976bdb4c4755bf10643db,2024-02-03,1,welterweight,0.6557786835955739
eff5e97ace834c6b6a4814ac,2024-02-03,0,lightweight,0.5457241661246997
83bf424cee3106fb1c1d003d,2024-02-03,0,middleweight,0.37728096321089566
6b6316141f41f8571d3e4388,2024-02-03,0,welterweight,0.45421081546677194
06ebbfece8ed6f916f1b9909,2024-02-03,0,heavyweight,0.604946264383668
5cab68e112cbb2a3111df0ad,2024-02-03,0,womens_flyweight,0.23546698261384738
85b8c9276ba604cad81ebac2,2024-02-10,0,lightweight,0.4638746919398857
65d8d6420f1e0a4aa05a178e,2024-02-10,1,middleweight,0.5305456590105717
13eedeaf133943571e8e2adc,2024-02-10,0,featherweight,0.3593188010140433
19838dda64baf51b952b953c,2024-02-10,1,light_heavyweight,0.4349821662804731
c4b6f3ca9c43308740153a7a,2024-02-10,1,featherweight,0.5065732684401163
989b72f7d9fce65b937a2210,2024-02-10,0,middleweight,0.513324076942455
a289673832251cad582de635,2024-02-10,1,womens_strawweight,0.6449500371851149
ea3d25224fa0cf859531451b,2024-02-10,1,welterweight,0.30393339342549636
f7537c194a0a6dedbc510eba,2024-02-10,0,lightweight,0.6583423267615733
d7d8b7e2b293904ac1b5bb78,2024-02-10,1,middleweight,0.4033091041730981
598ce164fdf6415d56e7b795,2024-02-10,1,middleweight,0.38606705609255937
df6544316c136ebbbcf87b85,2024-02-10,0,welterweight,0.5121430438403334
4dc722c27e4030e3d16b4ca4,2024-02-10,1,light_heavyweight,0.2718881936855512
d7234fe2bf746ee2cf907640,2024-02-17,1,featherweight,0.551986125579835
3d95040539382b0778d86880,2024-02-17,0,womens_strawweight,0.6122264353899891
0859c039546455918d4e00a0,2024-02-17,1,womens_flyweight,0.5144157552401034
8cf95c9b6a93f3379fba3bae,2024-02-17,0,middleweight,0.4465902635937478
91d92f1b9028820948735ff2,2024-02-17,1,welterweight,0.6285809496086592
1f1e004761793697bfdb3d25,2024-02-17,0,welterweight,0.4800319026840388
bd35b700e291f4438a1ed771,2024-02-17,1,heavyweight,0.4291249457397121
75d36ecf8a8355375bbfeb39,2024-02-17,1,bantamweight,0.6478672688209695
c54d754afa6119eaf55ba682,2024-02-17,0,welterweight,0.3908200791802132
9c356ca4e2c4a13e56153ea6,2024-02-17,0,bantamweight,0.2611460485660768
beebd8ffc5c9b908e7bffd97,2024-02-17,1,middleweight,0.6837413889363017
a4563fbab7ae7cde62a6e539,2024-02-17,1,light_heavyweight,0.5109360879991491
c64700ee2cdf4b4f8a2a3263,2024-02-24,0,flyweight,0.6966306748782817
209209db725130787eba0ee0,2024-02-24,1,lightweight,0.48126342888300483
89ef0f8da85fc4f1f608a06a,2024-02-24,1,bantamweight,0.5640553724760302
7595efdbddc1226c02f629f3,2024-02-24,1,lightweight,0.5442132016010962
a58a8dd2b764d7c4cab9ab8b,2024-02-24,1,flyweight,0.5162155835774805
984871628d68f0d92bd4ef99,2024-02-24,0,featherweight,0.36133251820226814
f7770d17020ec11ef8b11097,2024-02-24,1,flyweight,0.4841670649230227
042a708e7b9fa3844e0e11d6,2024-02-24,0,lightweight,0.6010601722373292
4c3292e39be0121f3ea756dc,2024-02-24,0,flyweight,0.45027057623094
a92624583dd834ec8eb0b001,2024-02-24,0,flyweight,0.5976233860632796
044f7e8edbbc1ee181fc4391,2024-02-24,0,featherweight,0.6690175198940042
3b255e4692d41230aa1120e1,2024-02-24,1,womens_strawweight,0.4674415284962751
2a399975bd1e1b0dd0a23723,2024-03-02,0,lightweight,0.3214800300277821
f221e836ceb8c4fade1a00bf,2024-03-02,1,bantamweight,0.31056040464752616
5241c9c4ed74e9f71dec32a6,2024-03-02,1,flyweight,0.5346467615063797
8b878472b607640f653aabf8,2024-03-02,0,middleweight,0.3619406153730736
b8ab408b0ad3705153c60d6a,2024-03-02,0,middleweight,0.44122449073425835
462aef659d2f1c9db0a805c7,2024-03-02,1,heavyweight,0.25385801141682635
f6e2ffe4c9ca47e91797a8a2,2024-03-02,0,lightweight,0.23363205591065386
f975335e1c3c676390ad01b8,2024-03-02,1,flyweight,0.6365576292388815
a5ac42ab85f1ef67611fe071,2024-03-02,1,bantamweight,0.8105057999690072
95e0c040d06438ee57ea9376,2024-03-02,0,bantamweight,0.869892572322989
63de167ce405377f2aba39c8,2024-03-02,0,light_heavyweight,0.3175217859034153
767e0cd4fd92f89fa41fb0e6,2024-03-09,1,flyweight,0.6509732511565618
941a479df441789cc3533fb8,2024-03-09,0,heavyweight,0.5321863359388113
3bad79d24f4c8195f5e17845,2024-03-09,1,lightweight,0.3863557283174454
bdcfbf088a7d3f37af559860,2024-03-09,1,welterweight,0.6636146788618621
46bace0825d59702c71e7f9b,2024-03-09,0,light_heavyweight,0.6096854848661638
a0db913c10b186b2f2ee92b0,2024-03-09,0,womens_flyweight,0.41053125793267387
774a7e588c92b3603e13fb0e,2024-03-09,1,womens_flyweight,0.5995876293684759
58d4e6da9340c1453dd0eaae,2024-03-09,1,welterweight,0.23858328070436519
b17b04c1d8f0105c850933f0,2024-03-09,0,lightweight,0.3301391900922439
e1e51b91402d9d330f72e381,2024-03-09,1,middleweight,0.6565753398563102
29acf84fdc389a3d05e38869,2024-03-09,0,bantamweight,0.2763627137164624
6500ffecb08cd5920b6bb95a,2024-03-09,0,bantamweight,0.5715729717097124
ecc485a069e20e0452aa83f8,2024-03-09,0,heavyweight,0.342554974082995
8d28cf9448610499fb45e428,2024-03-09,0,bantamweight,0.28438006124494736
1c78c76a645637092d543c74,2024-03-16,1,bantamweight,0.41913536470877927
2975ba8effb59bf63f531ccf,2024-03-16,1,featherweight,0.26991607315839733
2c547056bb11b7e5cf58a477,2024-03-16,1,middleweight,0.48397105596234535
cd990f7b7b3c638cf7fb4af1,2024-03-16,1,flyweight,0.5651750013873041
2701e3a1ca5507745c3e167a,2024-03-16,0,womens_strawweight,0.48719555120533264
7b8f73546b25caae9d8e0963,2024-03-16,0,featherweight,0.6849043774175825
572aef4284a35d97b7e5b806,2024-03-16,1,womens_bantamweight,0.37117461959275855
d30caf84e805ba31ea467699,2024-03-16,0,lightweight,0.4025639909375034
50d49221d2d8e912a0449b06,2024-03-16,0,light_heavyweight,0.7181520405941765
1ede5ade9dccb1619dcef669,2024-03-16,0,womens_bantamweight,0.4826704417524211
35d276b0d655b5762a4adfa2,2024-03-16,1,heavyweight,0.5362423497461671
0a9b856652e4e6e97855080b,2024-03-16,1,lightweight,0.7470245705173342
a64c19e40b1495a3c1956bbb,2024-03-23,0,womens_flyweight,0.48187598725544906
5cdaf1aa145a0b5f1417f8a9,2024-03-23,0,featherweight,0.5822745508489131
ffd41253362852c43cf12750,2024-03-23,0,middleweight,0.3665300589686739
a22b995a041336cd2e7b1b71,2024-03-23,1,featherweight,0.6120446683657339
8e06fccd7bb02182d006203e,2024-03-23,1,flyweight,0.4638746919398857
faf2cb29b1f6abbd8713bb97,2024-03-23,1,featherweight,0.6252845543914467
b48bb5914daa78dc914fc244,2024-03-23,0,heavyweight,0.2711097205750427
2d258da0acd9ef5e460e76cc,2024-03-23,1,lightweight,0.46023846027730664
9df5f995b3d922bcb3086b07,2024-03-23,1,bantamweight,0.7395357493449602
45b6c75025a22a83394120db,2024-03-23,0,heavyweight,0.43666429794437295
fd45d43912f2632e09d27c20,2024-03-23,1,womens_bantamweight,0.2033135341194488
071ec632559eee88583d16b0,2024-03-23,0,bantamweight,0.5538844094126678
da9b12ab4d26fdc65b8ea77a,2024-03-23,1,featherweight,0.4006813528298912
8f4cffa9eab92b6b02b0d908,2024-03-30,1,middleweight,0.44564815348398557
597cf1aa8126498a52c75a08,2024-03-30,1,bantamweight,0.5641807853592627
806b9b05325b02e265c3a0fd,2024-03-30,0,featherweight,0.5218440307044838
c9a059ab5fe63b169ad893f5,2024-03-30,1,welterweight,0.6840235908633739
c42216542c36faee591ca558,2024-03-30,0,middleweight,0.48251493154173913
1165451188dbec47a064b95c,2024-03-30,0,featherweight,0.40836735789098894
dd594ad901b92c946c85ba83,2024-03-30,0,womens_flyweight,0.5177277580152168
bfe4cbeeec90491f6582a54c,2024-03-30,0,light_heavyweight,0.44663540710842947
eb04b76ac189631bafe863ef,2024-03-30,1,featherweight,0.5997705020065591
390a29759a09a018f278d78e,2024-03-30,0,featherweight,0.5606733905232136
8e19439b96eaeed402465002,2024-03-30,0,middleweight,0.4433078401439828
dde5cb51c199688c1b7fbf18,2024-03-30,1,welterweight,0.47724505142256146
66b4a5d77d71117aeeb34de4,2024-03-30,0,womens_strawweight,0.6493961683760618
11fb6fbb886f244ae864e58a,2024-04-06,1,featherweight,0.5047894917602102
8231f0e6b0b5bafc0c8468e8,2024-04-06,0,middleweight,0.22918479981915796
f2db18a4c054f0e037b11cc2,2024-04-06,1,welterweight,0.6012471180145857
71daf3f66499f6c8d84b8ff1,2024-04-06,0,bantamweight,0.663355593341549
74a163474a8c0f8e7e0f8528,2024-04-06,1,middleweight,0.38443728289254364
75905fdb791eefe74e05107b,2024-04-06,1,lightweight,0.6449250011814605
736a7a3bbb975eced403288a,2024-04-06,1,womens_bantamweight,0.4777886948698107
87408b8645e7a31b6cdbbf32,2024-04-06,1,featherweight,0.4766778712400457
4ab9a0d319271e6464c41d4f,2024-04-06,1,womens_bantamweight,0.6573479853968703
741737d64bcf1c7e2c9ab9a2,2024-04-06,1,bantamweight,0.4638746919398857
44b8b16421d3b8ca5e361743,2024-04-06,0,lightweight,0.39016393820543877
fdb4e67476bc87811762511d,2024-04-06,0,heavyweight,0.41962029038773635
3300093a48a6b6f70a6dad94,2024-04-13,0,light_heavyweight,0.45730057643237443
f85198c6c82c7c5676cc1a84,2024-04-13,0,middleweight,0.35789693906995423
37e234e374031c4a9c10e43c,2024-04-13,1,featherweight,0.6639478886313273
564ed9d5df5aa5baa575e591,2024-04-13,0,lightweight,0.34147102389713424
03a849ee698f35fb17c1933b,2024-04-13,1,bantamweight,0.6282079637936554
7632d2c23612af5ce3d9a2f6,2024-04-13,1,womens_bantamweight,0.15317097588364004
147d563a5f53508a72a20873,2024-04-13,0,lightweight,0.5602630011034732
032c8104a460ad869376a130,2024-04-13,0,womens_strawweight,0.4552524107848929
a78f5cc79c971a495b411642,2024-04-13,0,light_heavyweight,0.5099601509503795
8600ede511999d9adc3c9975,2024-04-13,0,lightweight,0.35370284916836536
40ac2f53071b5de0836100e9,2024-04-13,1,lightweight,0.7070798484660399
3a1837e0a4820197bb51c85f,2024-04-13,0,featherweight,0.5210967193116799
0dc452084d23dc74076732ad,2024-04-13,1,womens_strawweight,0.6089675790242557
7b58877ab5e4d6cf85d3afdb,2024-04-27,0,womens_flyweight,0.2962275934944669
19df3fa9de41e66929ab88fa,2024-04-27,1,heavyweight,0.48168033175884273
0d17deee4e12367f002ba9a2,2024-04-27,0,lightweight,0.29058426038758567
8d17aae9a953ca23b2144a12,2024-04-27,0,heavyweight,0.45965103011886377
9d1e1ee7b226466bb2c175ce,2024-04-27,1,lightweight,0.24403933690011173
03670cc90ed626c90836de43,2024-04-27,1,womens_flyweight,0.5770237448291289
53a27e69fc6fc4de042616c0,2024-04-27,1,lightweight,0.4638746919398857
e485c72f59f5947e989b064f,2024-04-27,0,featherweight,0.6831875830787382
6a21e75bc72a71c8587b87c5,2024-04-27,0,womens_strawweight,0.47731166984691964
1d88a0c36a95acc86682e411,2024-04-27,0,flyweight,0.5604502648027851
f070085973f94e62645c20b9,2024-04-27,0,bantamweight,0.5582928132368893
181283d8443a6c33cb21c79c,2024-04-27,1,light_heavyweight,0.21466566522798758
c674910dad3e5790a28e8502,2024-04-27,1,welterweight,0.5462118989569296
4018cfaeb2593cc98fcf7a7b,2024-05-04,1,flyweight,0.643720242045542
75f967a01638fa466a040663,2024-05-04,1,flyweight,0.470259973657577
048e951737120ee49478ad81,2024-05-04,1,light_heavyweight,0.39548745672329155
22bf9f5adbf622b55d1f0d16,2024-05-04,0,womens_flyweight,0.5425144757018937
707d69a949880d2954a5183a,2024-05-04,1,lightweight,0.4770151223906833
40f2eca8b202a382e83a86ee,2024-05-04,0,lightweight,0.5488448257551456
f074dc7df2dadf7cfac1fda3,2024-05-04,0,featherweight,0.6073294221818853
d967e5ba34cb3ff8d9a4adb4,2024-05-04,1,lightweight,0.646136726921275
e05a5a9e9719ca88d645516c,2024-05-04,0,bantamweight,0.6421372596992047
94bd5ed15286e8e4cc120e52,2024-05-04,1,womens_strawweight,0.37294912252737156
39cffcac3e882d98203f7dbc,2024-05-04,0,lightweight,0.5933824039634094
1c69f516d3ff75bcc6377c47,2024-05-04,1,middleweight,0.7621491600730096
e9311178ebb944a7fc6aca37,2024-05-04,0,middleweight,0.28930515514057126
5961c213c10f64edc3e88f9f,2024-05-11,0,featherweight,0.38207199032249994
dcb8007781e8317ca6a6c80b,2024-05-11,0,light_heavyweight,0.41424879571235734
67958e9303cb81656c149b1d,2024-05-11,0,welterweight,0.42199409360734147
1a80a39cf42c05f59642a74d,2024-05-11,1,flyweight,0.5692407113702893
7621b21075c5e1917732c005,2024-05-11,1,lightweight,0.6682968891345108
7a09d0a6adda8ef213536caf,2024-05-11,1,heavyweight,0.4641197957874764
2418c947db415559ec8fb353,2024-05-11,1,lightweight,0.21618136521423026
a79c545c27deb304d7edfd56,2024-05-11,1,womens_flyweight,0.4255017067412251
f511fbf1cacfba820f4106fb,2024-05-11,1,welterweight,0.2898267297006128
04e190387cb56de161ad5390,2024-05-11,0,womens_strawweight,0.49681048667760064
49c439cfc0b0097ddf5a2828,2024-05-11,1,lightweight,0.5377041190595614
d9449a6730d848570ee311a9,2024-05-11,1,heavyweight,0.33960218974197676
a8bed7a2d2d40766423dceb9,2024-05-18,1,middleweight,0.5188501535261022
db2e4374a49ab25f5ec0dc0a,2024-05-18,0,bantamweight,0.2958241274759153
3be1164cabf2e5d45f3c45b5,2024-05-18,1,bantamweight,0.6508430122766756
3fd54e9fa93e640c3802e176,2024-05-18,1,featherweight,0.626016156623256
d535daa86964c2b555e0dca5,2024-05-18,1,welterweight,0.5012148538736353
58732931566ff8038d67e1ae,2024-05-18,1,womens_strawweight,0.2912979157701858
07ce5e11ec24372dce1eade0,2024-05-18,0,light_heavyweight,0.5657686489810606
d8dea5c6d18a01f239c500fc,2024-05-18,1,womens_strawweight,0.3017958206399127
c20d7e2d4ccac0647c485cea,2024-05-18,1,womens_bantamweight,0.6316885375660242
dc832abfc5a2f3f0b0e3125e,2024-05-18,0,welterweight,0.46677907624069337
5ef58c611edc62275574db90,2024-05-18,0,womens_strawweight,0.3902271453713256
97edf385302354b149760b41,2024-05-18,0,lightweight,0.46134905727872666
8e17356f2fda3a5192d31ede,2024-06-01,0,womens_bantamweight,0.3077263095222873
10c40b22ef9284e7de0ce72f,2024-06-01,0,middleweight,0.5061647814336748
79ff3b1a7d1bf92f16483213,2024-06-01,1,lightweight,0.6180678350647966
4b9696096d6fa5e9d5610ddc,2024-06-01,0,lightweight,0.1880552977426516
989ca4098373cae02934935d,2024-06-01,1,heavyweight,0.650167094711858
6b33e6c737a6684a25945237,2024-06-01,1,middleweight,0.6126433505221145
cfe0192361aad1fbe188ea64,2024-06-01,1,welterweight,0.3684438011193515
aabe4d2579baa78d78077059,2024-06-01,0,flyweight,0.28496355188526895
113ec2a83989aaec45d0a399,2024-06-01,1,welterweight,0.41218060942097634
0acc32af1154473e50db81c8,2024-06-01,1,welterweight,0.5769228929753212
41337cbd48bf4f84174dc20b,2024-06-01,1,welterweight,0.6172688410884994
3dee3aff7f82282e32f8df92,2024-06-01,0,middleweight,0.41386455485171214
518127b2dd8efe3a417831b3,2024-06-08,0,womens_flyweight,0.4935610652081058
2e839f2de196517e8e246d12,2024-06-08,0,bantamweight,0.33625188812060863
bf7ea6fdb51531c8d451a756,2024-06-08,0,middleweight,0.37258276417690595
7de1c7f30e70c0054157559a,2024-06-08,1,welterweight,0.49302763669672267
25d7d7c1927b76a34bdc14d3,2024-06-08,0,bantamweight,0.5130216422600823
0ddcfb11315e9923a41bb2c7,2024-06-08,1,light_heavyweight,0.5109982602426187
e8438ef0c8ba3780dc2b45d9,2024-06-08,0,womens_strawweight,0.6001956118957372
d20e183e0125d6ec0f2db68e,2024-06-08,1,middleweight,0.6586086379316392
a1e8bfab94288f7370f435d3,2024-06-08,0,bantamweight,0.5355981740082779
e5d256c6836b448747c5b8c1,2024-06-08,0,middleweight,0.6025829592840318
70272da7c95cd179af6cf4d3,2024-06-08,0,welterweight,0.6210464155379509
144bac7646d283547cc8b638,2024-06-08,0,bantamweight,0.46340481290895574
19bc980d805f14744f6823af,2024-06-08,0,womens_strawweight,0.5100652673111159
8f81053df7a5953b7491f734,2024-06-08,1,lightweight,0.5580615547573985
79440448cd3fec28695e7dec,2024-06-15,1,flyweight,0.5940089356267578
6c45fb565fbf14ea75c4fdcd,2024-06-15,1,flyweight,0.619056324649173
14d2774e1d1f3fd5e1c6dbc7,2024-06-15,1,bantamweight,0.47044293668832105
f5dfccd531de267b99e1f070,2024-06-15,1,womens_flyweight,0.5566342432289717
493d3aa0ab1d0278e2da7639,2024-06-15,0,bantamweight,0.3684369449766376
763a5efe7035e062f2c0b690,2024-06-15,1,featherweight,0.2202407578856968
1fed94581536b612e2fb59a6,2024-06-15,1,flyweight,0.673383484440465
41d8ef2e34a39925ad4e75f9,2024-06-15,1,womens_strawweight,0.6576815759075139
f988066efa595e7f87d49d22,2024-06-15,1,welterweight,0.6184598619411129
19dddb26aefce6783b18baf6,2024-06-15,0,featherweight,0.4367745785845564
9a8f34cfdca8efcd4558a8b7,2024-06-15,0,featherweight,0.4367143624162613
37d4488fc8163313b1231aae,2024-06-22,1,light_heavyweight,0.46490046190691714
7cf1ccb04fb7f586000618cd,2024-06-22,1,middleweight,0.5343209659022188
0a2c033e657e7440fa8aa8de,2024-06-22,1,bantamweight,0.33994186700354
6d76913c436ce9ce53210b04,2024-06-22,0,light_heavyweight,0.41008852936948165
1a036b09296210df95e21b1d,2024-06-22,0,featherweight,0.7608495866291222
fc3424ff1e489f76836e8acd,2024-06-22,1,lightweight,0.5939389311542844
dcdb4b3fb3f9b4843ea57bb4,2024-06-22,0,welterweight,0.24847483452571936
65451ad06adc1f6bd89a8674,2024-06-22,0,middleweight,0.5244929591029717
a1d5af9825d34f2535d592ad,2024-06-22,0,heavyweight,0.6266402075408558
a0aecd3b3aa3acaa0c742fc0,2024-06-22,0,middleweight,0.35252580079224277
af244485111bd9dd30c97866,2024-06-22,1,bantamweight,0.4638746919398857
7c694c3870edbf3861bf90ae,2024-06-29,0,light_heavyweight,0.3796610685738038
1669e7c3c0104261e38941ae,2024-06-29,1,heavyweight,0.44242315963497114
6f03e907877bb17aa05774b7,2024-06-29,0,light_heavyweight,0.5503787591795241
9fcb0c56f33fc5b61e47d0b7,2024-06-29,0,featherweight,0.4620895626787712
bc237d1b3aa5dfe665961429,2024-06-29,0,featherweight,0.537346672500718
7508a78c4629ff995495dbbd,2024-06-29,0,catch_weight,0.5059378985258541
1885b9c154714adfa0a9f0ee,2024-06-29,0,welterweight,0.3501825766736316
3a544bc796aa4992d5fe2c75,2024-06-29,1,middleweight,0.5887052546080045
a276808076c8af27cad7f2ff,2024-06-29,0,womens_bantamweight,0.4456718940285848
94dc3b686c902429728324a6,2024-06-29,1,womens_strawweight,0.5886267204208288
3d80286353ae673cbbea021b,2024-06-29,1,bantamweight,0.6567374911751717
d4d6b8ea5bd50709089f7bc0,2024-06-29,0,flyweight,0.6073217161697189
70c74e2537b1f6d717d6a580,2024-06-29,1,bantamweight,0.4645150491236732
df9f3189d74a76849525e5d0,2024-07-13,1,lightweight,0.4275286109790114
930fcb9f98b6403d004a10a2,2024-07-13,0,welterweight,0.38446750804197405
752309c3bca8093f692b1373,2024-07-13,1,welterweight,0.6545356136648524
8ad7692e5b972dd4a7267c02,2024-07-13,0,womens_flyweight,0.24808602030164026
12131907a7300a3995c0f29f,2024-07-13,0,middleweight,0.2570849888319756
46e97615d7088624ce11ccd9,2024-07-13,0,flyweight,0.6708264031573061
d8807ddb36ab019a53c30d15,2024-07-13,1,featherweight,0.2620998807123991
85ca4854cd014ce8c4b31d7c,2024-07-13,0,womens_flyweight,0.43755300631755734
ddcbb740cdb42e2859e3ca1d,2024-07-13,1,bantamweight,0.7153603952796145
41c64f492689442222f3aa5d,2024-07-13,1,womens_flyweight,0.555252633271574
1d14aed9e7e615e94ffe9351,2024-07-13,0,welterweight,0.5105460449069213
1a1f05ea93dfb2cef5441150,2024-07-20,1,womens_strawweight,0.538130622767019
1802198470e4d36f13b9a300,2024-07-20,1,bantamweight,0.4546833983517782
52f6aa2624ec3c51c8435cc4,2024-07-20,1,flyweight,0.2667944403791785
8d11b4f1eb76e9b46dbfa43c,2024-07-20,0,featherweight,0.629833591791741
fb73b101f05286253264c95b,2024-07-20,0,featherweight,0.4485401434561092
92839e130f117882696a849a,2024-07-20,0,lightweight,0.4856272187611137
d8fe945f52c4101fdb8bc15b,2024-07-20,0,lightweight,0.45902200219610706
4833ad51744b121d927b82e5,2024-07-20,1,womens_flyweight,0.5543180875510423
5d08d6d735d021c218d42bec,2024-07-20,0,womens_flyweight,0.32588373090067135
26a9e6c978b8d211b6443478,2024-07-20,1,heavyweight,0.34575666599559074
9f2b2e8e992c8c2d56b31b48,2024-07-20,0,featherweight,0.3671568700341488
097b47cf0fd70817100149e1,2024-07-27,1,featherweight,0.5912473287200938
a5ec3ef5260e3a28c3483b8b,2024-07-27,0,middleweight,0.39300924635851214
9de739fe6020a6c9f3fae848,2024-07-27,0,bantamweight,0.6019209878044031
2e1d63b7961383b47d4f353a,2024-07-27,1,lightweight,0.413054158771493
79cfa01484c3ea38f9f51531,2024-07-27,0,welterweight,0.6304958580801989
a5cad6e8a51f09bf4c7d852c,2024-07-27,0,heavyweight,0.23450483793025492
d8173aa5dd83c7893f9af630,2024-07-27,0,light_heavyweight,0.4762289049165174
10d948ba3fb1d8e9bd8dd436,2024-07-27,1,womens_strawweight,0.28209109683410055
74af90aae5e78d1c1ad3cd9c,2024-07-27,0,flyweight,0.3047849932974058
4e85b5ea469de051613b5741,2024-07-27,1,featherweight,0.6925365150178232
513e525430fb53e61e0bc06f,2024-07-27,1,welterweight,0.5274815553955446
a91c178a8284b7aafa874169,2024-07-27,1,welterweight,0.538505081189
aece4c936f0671bad30426f7,2024-07-27,1,womens_strawweight,0.554757362061714
73594b0e6c5d7117aadc2d01,2024-07-27,1,heavyweight,0.5715490416799016
9ba92a6b223ce70a5def5ac7,2024-08-03,1,light_heavyweight,0.5563869496436186
571fd99f2cea3cab0516a2a4,2024-08-03,1,bantamweight,0.5578118520204371
29050e1234307cff3226cdf8,2024-08-03,0,lightweight,0.2978024247013112
7966b9d988f1cc5340b09615,2024-08-03,1,lightweight,0.43881537474442667
45f6a77cf5bae11f69d9a8fb,2024-08-03,1,lightweight,0.5274001544943532
1f40f703023ba1bd3b521781,2024-08-03,1,womens_strawweight,0.34530452955955926
d2025cddbf7cdc74c599ce2d,2024-08-03,0,bantamweight,0.5249112275757545
04bb77d8d0c872a4a2bc082a,2024-08-03,1,lightweight,0.5571176911753661
a962037dba890b1e59b3c11e,2024-08-03,0,middleweight,0.2661061423029922
56741af4fb9164b3ceab34bb,2024-08-03,1,heavyweight,0.4972877763116264
ca0701d63a3f45561e4c49ba,2024-08-03,0,middleweight,0.3792147789677376
b008daa3b4c6db6c9f881827,2024-08-03,0,welterweight,0.3234731770271648
b4ace78f4c4b62732bf4877b,2024-08-03,0,womens_strawweight,0.5669672371559156
63b290ed8d80110a23d74939,2024-08-10,1,bantamweight,0.8407553157407889
a88dc52e44b8276a684bb173,2024-08-10,0,featherweight,0.39701791631074196
6399ddb25f22d847585f6886,2024-08-10,0,welterweight,0.2471585597956781
b8b9c9039b433da4b20b5f90,2024-08-10,0,heavyweight,0.7043351321402858
961760ffcf08037002d97654,2024-08-10,0,womens_bantamweight,0.40463087970546097
7e7ce2895404f87c5266303a,2024-08-10,1,heavyweight,0.5427963987525126
12d0555dd382fcfab24b3392,2024-08-10,0,womens_strawweight,0.6915782554101502
96244b15517f4c3bda290b28,2024-08-10,0,bantamweight,0.506558717822151
909669ccdc04944ae9d1b468,2024-08-10,0,womens_bantamweight,0.5644170223508187
bd60f369b8760c4e98e32f96,2024-08-10,0,featherweight,0.19453702479494933
d0e5f0596a80603b43725079,2024-08-17,1,womens_flyweight,0.40079656677522724
34ba7fa3787854789b373bc3,2024-08-17,1,middleweight,0.5997488533015546
1ab2b260997db6bff8202e76,2024-08-17,0,featherweight,0.3535383079672713
4864b0dc32f25c0902026983,2024-08-17,0,featherweight,0.5535535376905021
fe925f7d987d2688da86017f,2024-08-17,0,heavyweight,0.6027507186573238
91cf1c66c0aae10df4f68f3c,2024-08-17,0,flyweight,0.5444233706101481
ae37c7930a26b186f933eb9c,2024-08-17,1,welterweight,0.5333589045414762
64bf5b234df82a4717fa37df,2024-08-17,0,lightweight,0.6206017411080053
a8691859c32e637d35c7433d,2024-08-17,1,welterweight,0.47966726205699994
9cef7cc38d059d1f8c348efe,2024-08-17,1,flyweight,0.5480661015222565
806133791825a62697b640f6,2024-08-17,1,heavyweight,0.5423734401556175
e85cd4c789fe17ebf55b166c,2024-08-17,0,lightweight,0.25200510795463915
7871134a09675ac61dce31c5,2024-08-24,0,womens_strawweight,0.29642734962188033
d1b1774c0be9c2a23e1afdb1,2024-08-24,0,lightweight,0.5866946364675981
03f2e0f30d6778d93ed003c7,2024-08-24,0,middleweight,0.5427106627350607
e36fc47ae8ddf929d7d70db2,2024-08-24,0,womens_bantamweight,0.26483941340518874
d27425d0f741578a348cf746,2024-08-24,1,middleweight,0.56997009241061
7188747cdb0273a5acbad76a,2024-08-24,1,featherweight,0.4638746919398857
47b86263700fd8ef79cea0af,2024-08-24,0,welterweight,0.3809885307398661
a3f643c93410304590071638,2024-08-24,1,middleweight,0.38443728289254364
d5f593ce2352af15183e59e2,2024-08-24,0,lightweight,0.4631480822395026
93204973199b855bffa0e265,2024-08-24,1,womens_flyweight,0.4800439978574904
59d94d1306c4fa0cc5b39666,2024-08-24,0,middleweight,0.3358887598194893
7e324bf197dfe23d87cf3b37,2024-09-07,1,middleweight,0.8056908318345034
098a7ab058cb0919d2754437,2024-09-07,0,flyweight,0.2537491355494029
84bdaaa1b9eacf71f68d786f,2024-09-07,0,welterweight,0.39056008649637747
3687ac6b259d61ee8fdcf7d5,2024-09-07,1,featherweight,0.613980272461092
520ab8059fa083df9466b8de,2024-09-07,0,womens_strawweight,0.3584805428902825
37543d1d6a400d3e6864fe4b,2024-09-07,0,womens_flyweight,0.4584976752090089
4891c35741f30e491ae624b4,2024-09-07,1,bantamweight,0.5904047891778866
3abd10663dd8be12d13c6cd1,2024-09-07,0,lightweight,0.2489399713676876
05620075d316a20238eb8fd9,2024-09-07,1,featherweight,0.5781900647353798
b76888405cc10f4682091f54,2024-09-07,1,lightweight,0.5007064492516312
fde085a48d0a96f2360b6382,2024-09-07,1,featherweight,0.39357524825882945
45ada03471594e17da40af4a,2024-09-07,1,featherweight,0.4638746919398857
b32a701a44b0d95605d7c908,2024-09-14,1,womens_flyweight,0.5997404126614936
f2ff0c6a9bbd4b5eae926db1,2024-09-14,0,featherweight,0.45046733757614504
09fa80261d93813008aaa022,2024-09-14,1,lightweight,0.50863583047889
c72915269d9a5169f4bdbe0b,2024-09-14,0,flyweight,0.33147686944951577
3b8c650614dfc5493a3b1bd9,2024-09-14,0,womens_bantamweight,0.20432256761505205
d5a12c28b25082427278edbe,2024-09-14,1,lightweight,0.40198806285024147
d767088f51b6e7714e8d7645,2024-09-14,1,bantamweight,0.621258462781413
3ec64b31845ac4f1cb2f5a4c,2024-09-14,0,flyweight,0.4768991122074684
75df11c187e283ce3ab3b3de,2024-09-14,1,bantamweight,0.4212727110271382
1288aee9afdb2d374cc3012a,2024-09-14,1,womens_strawweight,0.4400710146642034
245096e15704e2540393d97d,2024-09-28,1,womens_bantamweight,0.561647423351651
60d8f7e0b676daa7ac15f065,2024-09-28,0,lightweight,0.4756220853042446
7030ef6d4542c58352a49bba,2024-09-28,0,flyweight,0.5995264570730278
6ebd9ffc7a13c46ca71bd8aa,2024-09-28,0,lightweight,0.4278443661704092
3e276600eba4e29cd38e2cca,2024-09-28,0,light_heavyweight,0.39094278795838955
dc350102307a004ad39adb01,2024-09-28,0,welterweight,0.5754525722324829
105253273d1654f9a2beee86,2024-09-28,0,lightweight,0.26803922148856996
50aafa48176dfa0137faaa73,2024-09-28,1,featherweight,0.5431780382037366
ab00b1352f514a47b8e37dc0,2024-09-28,0,middleweight,0.46227383264239374
87ccdba10c40f4bdcf843017,2024-09-28,0,womens_bantamweight,0.46034585346024376
88572ee2955c4e9d956110a0,2024-09-28,0,light_heavyweight,0.4235171077657141
7e74c10fa13302f3fb7dd90e,2024-09-28,0,lightweight,0.5108337290156509
0c580a243e221bbb34761e5e,2024-09-28,0,bantamweight,0.3282138693319577
c2a55835ec8fc920f3adf40e,2024-09-28,0,featherweight,0.5320043051561015
c1c94449aa8da08edf6e1dff,2024-10-05,1,light_heavyweight,0.7293923870789254
7c56376f5bee90553ebe1f91,2024-10-05,0,lightweight,0.46876559621556463
42c9a2d2c6e47f7150c3c7b8,2024-10-05,1,womens_strawweight,0.3082147888297901
1972bb7a08946b356c1315c6,2024-10-05,0,middleweight,0.41656050100834896
401cf3772c7ad44839360dba,2024-10-05,0,welterweight,0.5821519227989684
57b18397eb6dda68408204e5,2024-10-05,0,bantamweight,0.47362298094316124
144f8ee9b6fd2c722b5d25ce,2024-10-05,1,womens_bantamweight,0.537367672258547
e443e39fbfefcebc6b107ee9,2024-10-05,0,womens_strawweight,0.46942987934177355
d310221180298a0117347d09,2024-10-05,0,womens_bantamweight,0.5210915794488071
c6f824443fc9c84e876b488c,2024-10-05,0,middleweight,0.6413051270487635
ce5cad2d9a093f6848c1c837,2024-10-05,1,light_heavyweight,0.5585098325881191
1956b00acb148792dba1a315,2024-10-05,0,welterweight,0.333303589207455
4840224751a56333d055fc7a,2024-10-12,1,middleweight,0.5391138450251888
a727672cc9664edda540ef4e,2024-10-12,0,flyweight,0.5627994251862135
c9b19587d5b0943492e92d4b,2024-10-12,1,welterweight,0.5545765005263152
75c7c56dd807d68045a4386a,2024-10-12,1,flyweight,0.2591608401013926
8e2cca02f188a62e86ed9e5d,2024-10-12,1,flyweight,0.47464836594608234
559c2d014f7fdd130c04416c,2024-10-12,1,bantamweight,0.30819742311360965
b2154563c4e05478fec46f76,2024-10-12,0,welterweight,0.4934579147165403
0cb8a11def43b8e9e64a987c,2024-10-12,0,lightweight,0.31559764530865564
a9a12f6db5392e7212061c76,2024-10-12,1,featherweight,0.3830562077186306
da2b4cb4a1dece7e1cddce4b,2024-10-12,1,womens_strawweight,0.5569491800036852
6006b5e7b981df4da946cb96,2024-10-12,0,heavyweight,0.3889233637884116
d6fa07076c71693c51694206,2024-10-12,0,welterweight,0.43200096053806525
abcc6a4ab3920f6a692e9eee,2024-10-19,0,middleweight,0.628869267291845
9e275e378f98707802ff3485,2024-10-19,1,heavyweight,0.4093574133744624
412a5bf196b840083c98f4cb,2024-10-19,0,bantamweight,0.3841435705678506
8109c8b9fae6d7c0aec54bea,2024-10-19,0,flyweight,0.5544577175561004
0971e4c0e50a7ee704277ff9,2024-10-19,1,featherweight,0.5426852876131745
8e8bc92bd61bc4fcf37df834,2024-10-19,1,bantamweight,0.2858690126482184
7f31ec33285ef5018378b5ff,2024-10-19,0,womens_strawweight,0.3674088727925319
f37b3852170b4e3e133af446,2024-10-19,0,womens_bantamweight,0.32106545143605636
79e0b62af359301a3c381318,2024-10-19,1,flyweight,0.5766993939848667
4798c8fae376043513d3f4d2,2024-10-19,0,womens_strawweight,0.5006677037937225
497026b88b1c9f6fe365d724,2024-10-19,0,bantamweight,0.6521397001260346
64b6b3f836693e4882af28cc,2024-10-26,0,middleweight,0.4596479067993864
d083631584ac1c4442af2f54,2024-10-26,0,featherweight,0.32417305670250157
0fb2c51f918d8f2c887a3970,2024-10-26,0,welterweight,0.45652291775005355
4a0a7c62b38099ba662d7540,2024-10-26,0,light_heavyweight,0.2937621089932112
c481a4e5d3c8d48d2a063795,2024-10-26,1,featherweight,0.5526359210995099
e98deb41ebb14639db7c7876,2024-10-26,0,middleweight,0.34113107104261847
8c84124df2963190592ada9e,2024-10-26,0,heavyweight,0.35983093114118425
79fce42379f8108d722fa309,2024-10-26,1,featherweight,0.5612719316549413
df658a10c24790baf29d4ee5,2024-10-26,1,light_heavyweight,0.6804814861978614
c1770a29dd92cea4a6f380c4,2024-10-26,0,catch_weight,0.616771364958741
fa23b82570604d8dd9c63e98,2024-10-26,0,welterweight,0.30243128646675743
39f8f786e1f44eddf18e1470,2024-10-26,1,middleweight,0.6036794159512632
17cb3fa1910244939c601a11,2024-10-26,1,middleweight,0.6616652626709123
f369464f1180832f1d8b7c25,2024-11-02,1,bantamweight,0.6532308216754584
e1741bf2713d935c14028fb4,2024-11-02,0,heavyweight,0.4176899664191941
6025d5b28df7b99fb482dcce,2024-11-02,1,womens_flyweight,0.5424971114518804
55b1b3ca9a1864952fc3a120,2024-11-02,0,flyweight,0.4337782193283564
88f856cc39f5020603b0cb4d,2024-11-02,0,light_heavyweight,0.6437760309712252
1f3e2215dc098945c449f796,2024-11-02,1,bantamweight,0.4692032656960696
fcff3a20a805946dcbc5b1f1,2024-11-02,1,bantamweight,0.35503982714426713
abebc636424c238657d451dd,2024-11-02,1,womens_flyweight,0.4013077739013016
4ac4778bb7788aaec05d064c,2024-11-02,1,featherweight,0.4790662100621668
6baeb93f8c6f6b9bd33db412,2024-11-02,0,womens_flyweight,0.45270848586844165
dcc9895cbd8b3c0b07f46767,2024-11-02,0,middleweight,0.5278260926902015
671290c0c6844812078884b0,2024-11-02,0,welterweight,0.45718474477118615
c56faacbd23e859d15f773a4,2024-11-02,0,bantamweight,0.6162561423853219
775087a13644ddbfe20dc426,2024-11-09,1,bantamweight,0.417045791936265
1019552fdbf1a6c9ac7389ae,2024-11-09,0,welterweight,0.20485578053368644
0e948b30e911a8028bcd9511,2024-11-09,1,bantamweight,0.544653881101109
4fa91a1cfb6740cb784e067a,2024-11-09,1,middleweight,0.22945758265258295
82c4427e3f9514cdeb328735,2024-11-09,0,womens_strawweight,0.481360940926045
4493bfb4dc8c9613ac38e90c,2024-11-09,1,womens_strawweight,0.5686204205703983
3a681fdfbe596d2fdcae3f62,2024-11-09,0,middleweight,0.4679653656883639
6b3506aa31679bb23befa70d,2024-11-09,0,welterweight,0.5348400860757833
c3c4de6fa97914db9f9aff63,2024-11-09,1,womens_bantamweight,0.6042590336028947
1977ecf38fd0fee16b089735,2024-11-09,0,welterweight,0.4460095297417273
97dc41469e9c9287cb5fd305,2024-11-09,1,middleweight,0.5154898845131985
043847b8441b879d0f429697,2024-11-16,0,welterweight,0.2619105216809905
4167d3f6070971c8b9d1fde2,2024-11-16,0,middleweight,0.21179480701773531
9f92f3cfd66a55be8006ffb2,2024-11-16,0,lightweight,0.362326561400473
54cc8d7bd582e5171cc7f70b,2024-11-16,1,lightweight,0.7233522604162059
bce7b7de58b92db963e36818,2024-11-16,0,lightweight,0.6725241121867286
3e7b3ef93a01e95602563df6,2024-11-16,0,heavyweight,0.2654535375375512
fa0177ce9126280f55a43082,2024-11-16,1,bantamweight,0.43299863770521674
b5c28155a6e12ff7a5ce6f50,2024-11-16,0,heavyweight,0.4445671577654698
03e4a0968b9c873a3c75fe66,2024-11-16,0,catch_weight,0.28845504349576423
017db93038090457a9f2ad7f,2024-11-16,0,welterweight,0.5326264088457496
a7c487f94464423d6463a35e,2024-11-16,1,womens_flyweight,0.45536682734046724
46332285a7b69c9d2a12da53,2024-11-16,1,womens_flyweight,0.25984194962522655
8811b8fcd2100494af6f8cd5,2024-11-23,0,bantamweight,0.4638746919398857
1c95d96871ede2553b9ef069,2024-11-23,0,flyweight,0.4638746919398857
c23bd1c8a9009f9e2aa0618e,2024-11-23,0,flyweight,0.4638746919398857
b6619e5bf2b8cb1dcad50e13,2024-11-23,0,lightweight,0.4222189179304054
e18d6be41f88d838a0ea1d5a,2024-11-23,1,flyweight,0.5067442686826003
bd0443c550f1a30b6b7d0b7f,2024-11-23,1,bantamweight,0.5264444048478899
0ff5951760ba7570bb749166,2024-11-23,0,womens_strawweight,0.5425144757018937
c6ef3b68243861a699dbc860,2024-11-23,1,welterweight,0.5585622177098843
958a5e46c9010601ebb8d398,2024-11-23,1,light_heavyweight,0.5708046576220298
77418b65aac3f975237beb9e,2024-11-23,1,womens_flyweight,0.3358028412619105
8d8a818c9f17c009e3b85bf9,2024-11-23,1,bantamweight,0.45399952106512265
4a920eff3f6c4c24152c2d9c,2024-11-23,0,womens_strawweight,0.4941867140674113
ab152d7ea0e03fcd72fe5e3e,2024-11-23,0,light_heavyweight,0.30196215873047405
8bec3556efa0aff00fc6942a,2024-12-07,0,flyweight,0.37729273400445323
9635f631a62e6cac838fac30,2024-12-07,0,featherweight,0.16791568691382883
0304da4371ba534498bbfa00,2024-12-07,1,catch_weight,0.3464502069773675
b7f0d52ab8dd1cb8f75d38c6,2024-12-07,0,heavyweight,0.4528401418111225
228014fdd9ac575ec9d83932,2024-12-07,1,lightweight,0.6719765705734368
b17d607483172d5ebfb86b98,2024-12-07,1,flyweight,0.5793921065168572
5fcd9b73e591e02031a00a9e,2024-12-07,0,light_heavyweight,0.378932543648231
3e73e0845cfe08a1abaa6d7f,2024-12-07,1,heavyweight,0.5883743881820178
034ec1f2c225729b14c0dfca,2024-12-07,0,welterweight,0.3976533386435104
ba2176c71f65397aaa94d50a,2024-12-07,0,featherweight,0.47929438249229595
44dbc5139ac2ed24c255f5cc,2024-12-07,1,featherweight,0.5882298345109775
9f2b7751f55b139930a7745b,2024-12-07,0,welterweight,0.6131934646562034
23e3d1acad9c979ed26efd91,2024-12-07,1,welterweight,0.543201844304899
2bee7e4cb43cb0eed55b0645,2024-12-07,1,welterweight,0.2303116072721392
f0b0735efef392fe0658fcdb,2024-12-14,0,bantamweight,0.39586060672685763
bec4c121d2e352da409b0252,2024-12-14,1,welterweight,0.6033681430300841
7915719a146e85eb8bf4ac4e,2024-12-14,0,featherweight,0.5881243045768307
7b9f48d7590f393ee2bc937d,2024-12-14,1,bantamweight,0.5226358186003828
14139c465fda81dd1f24724d,2024-12-14,1,lightweight,0.6600752805881556
ee992fcfb2c3ec848b22bf51,2024-12-14,0,womens_strawweight,0.4614018552247463
a4bd67e5bf952f768ee5f2d7,2024-12-14,1,flyweight,0.6869179885661469
3d0468e9f5fdbbc6bcf4b92f,2024-12-14,1,lightweight,0.5897335919377047
8545cb07c6efcc3f4da59517,2024-12-14,0,featherweight,0.4376143611824666
01916ac920a0f4fd7230f3cb,2024-12-14,1,womens_flyweight,0.708745591925167
282c2ae10a81491eae36a47a,2024-12-14,0,light_heavyweight,0.5851913617026862
92bbcef9c67dd1b7eb6c690e,2024-12-14,0,featherweight,0.2660664713422622
1fcccda17da14ab9603a0f66,2024-12-14,1,light_heavyweight,0.3432017576502041
d13a2c8a4f5306b8b033d501,2025-01-11,1,middleweight,0.6830128887377456
f97caf0d17bfb86368400b6c,2025-01-11,1,middleweight,0.558827875087086
2162ca6af8aee7110a671097,2025-01-11,1,featherweight,0.661102091923326
92702506603eaa3e00488ad1,2025-01-11,1,womens_flyweight,0.5042425330301313
cc7da53bb2061cf9b037478e,2025-01-11,0,womens_strawweight,0.49032906992887537
0dc0792dd70e1b4333e3f456,2025-01-11,1,flyweight,0.33199708912347575
41127606356904600eb046bc,2025-01-11,0,womens_strawweight,0.5840258437532255
6b4d318f2551857da68bd774,2025-01-11,1,light_heavyweight,0.22323041595242596
16d68cf0539018b23943680c,2025-01-11,0,middleweight,0.4692779199349607
363183767a8d3a0f614131b0,2025-01-11,0,lightweight,0.3766257649668733
5e5c66734f00f66b9aa5feac,2025-01-11,1,welterweight,0.25709589263919425
7cf917d8d98c64098c698bd8,2025-01-11,0,welterweight,0.5834433698087224
7202e3c174e624cffcb777b0,2025-01-11,0,welterweight,0.5322296999856153
8a7d322f6fca14cd6192d341,2025-01-11,1,lightweight,0.44850026664152653
6a55faf5e3739a306bb19200,2025-01-18,0,light_heavyweight,0.25238514916757443
e1288b021ae773be3a047196,2025-01-18,0,lightweight,0.28766861411396083
088ac1fb12dd2ebaf085d3f1,2025-01-18,1,lightweight,0.8011810397614583
2c8b03448ee5239e2e499d5c,2025-01-18,0,heavyweight,0.2930144282779063
aadce8bf98323e887aeff00f,2025-01-18,1,light_heavyweight,0.4284300997838807
05573171f789b22f3bfa651f,2025-01-18,0,womens_bantamweight,0.2866852703768765
f17f100843d4e347772b5af9,2025-01-18,0,middleweight,0.4090494847607624
899fce523cce9f7a9cea2479,2025-01-18,1,bantamweight,0.469243367637687
5ed39636288a2ba5ca9cb88e,2025-01-18,1,bantamweight,0.36568227433323386
a491ece7037c4c2188cfbdd5,2025-01-18,0,bantamweight,0.4442344420336825
5e65f3c26f4bf3514f5a3c0b,2025-01-18,0,bantamweight,0.6059057680404341
4a104e8add50e30a63b377d4,2025-01-18,0,flyweight,0.6156871292045643
bf312225f90e425743b88be8,2025-01-18,1,middleweight,0.17926271536912172
57eb886166168af015166871,2025-02-01,1,featherweight,0.36698014484615343
b59ccbba51f2c68ca30d9860,2025-02-01,0,lightweight,0.34134749942547365
120a28da81a44a8f66a0c856,2025-02-01,0,heavyweight,0.6006847524312712
862cce61b7e0c11f70f924d0,2025-02-01,1,middleweight,0.6022321919486648
c798fa59525cc216c0e15eae,2025-02-01,0,womens_flyweight,0.42233296289919153
60c2041e7bcc826d91d85cc9,2025-02-01,1,featherweight,0.5499535367133299
11291199df3f14e2dc270b5d,2025-02-01,0,bantamweight,0.3867123420379154
28183de1455c91b680305ddd,2025-02-01,1,heavyweight,0.49397037887905965
1da1b0b686fd6b43baf97f25,2025-02-01,1,heavyweight,0.3848647927584828
ffdbff0f4c4968471d6da71d,2025-02-01,0,middleweight,0.6373810044283831
bd2cfaf861c385423053277e,2025-02-01,0,lightweight,0.362525478806057
f5a450b35a167eb5e07ea9be,2025-02-08,1,bantamweight,0.500238255999949
d7c8507105dea51aeb1bfdbb,2025-02-08,1,middleweight,0.6324566442089943
a2f2eaef170057f6151c7c73,2025-02-08,0,featherweight,0.5597158684082114
19031d0d33105daae054408e,2025-02-08,0,welterweight,0.47095808824280244
6a55956e6720fad748255e7b,2025-02-08,1,welterweight,0.29925408883380306
8b7903d49f0a666b61c30454,2025-02-08,1,heavyweight,0.6073135076774002
d556670cc9c71b744bb1f91f,2025-02-08,1,lightweight,0.35799455701641303
45f18205b7ab429cda0e8fa4,2025-02-08,0,lightweight,0.49655074728274895
63c8ed3753f8436862f3b66d,2025-02-08,1,lightweight,0.5836116694986213
418191fa2b0e4fe58486229c,2025-02-08,0,womens_flyweight,0.5022951867327258
a283e2b088f7e3cd6e984a55,2025-02-08,1,womens_strawweight,0.4764455412764235
97afa1180f84df65f7a8be01,2025-02-15,1,womens_strawweight,0.3680781439647091
078c5c8821a745744b98ad55,2025-02-15,0,featherweight,0.30460706039482255
c394b4eccb49499e31f22f66,2025-02-15,1,featherweight,0.576692344402953
ff260dc57e36bd97916349bc,2025-02-15,1,heavyweight,0.5309966808761503
7b74848f2f11072d1810e50b,2025-02-15,1,middleweight,0.6853687303841602
c2ae2a5895d0e803012919bf,2025-02-15,1,welterweight,0.5942574410540848
25e42648758cca6502fc0226,2025-02-15,1,lightweight,0.428721355740847
fdab48eb73a21ee61647ad92,2025-02-15,0,middleweight,0.6580843685769441
47c5aab0ac3ce5195687d579,2025-02-15,0,womens_bantamweight,0.2275948660050953
23d1935c07ac5e1c9f6476c4,2025-02-15,0,flyweight,0.5566893812911176
8bb4ed4fbab729326717bd11,2025-02-15,0,middleweight,0.4994489343833433
1ed11e1b6352784e1475ef27,2025-02-15,0,bantamweight,0.44209753346670294
944399599bda880389ae1ecb,2025-02-22,1,light_heavyweight,0.6223478904520289
b9096db38035d6174945c21a,2025-02-22,1,featherweight,0.6488487043963539
63bc7c3581e7f4a2567737d7,2025-02-22,0,middleweight,0.444305473929755
fe8366c24a651ce84d46856b,2025-02-22,0,bantamweight,0.3745749493068331
6d0a157f5bce1d9bb5e4c6da,2025-02-22,0,light_heavyweight,0.5892706333786006
8652f3ecf523c3c24c7ee212,2025-02-22,0,featherweight,0.41156804771724276
6318765a68f8782f1fc9287a,2025-02-22,0,middleweight,0.30102186491301586
7247511fb4f337baaa72ec63,2025-02-22,1,light_heavyweight,0.5770322341922827
753fd329002d5ef7eca29455,2025-02-22,0,catch_weight,0.47829643534184857
d40fb6e3127007381b95ecf8,2025-02-22,0,middleweight,0.3251434008342694
4343268eff9bd324970737ba,2025-02-22,0,bantamweight,0.47062565164244746
1361d01a5306c83782722047,2025-02-22,1,catch_weight,0.5289845985928193
d7098deec85ab6f225b5dd3b,2025-03-01,0,womens_flyweight,0.3929543784888269
503ab7b4653a6b281798322c,2025-03-01,1,heavyweight,0.44081281368899833
5b87183fcdf61fb1cccae9ca,2025-03-01,1,flyweight,0.46172259692274403
f0082fb415e899c93890bc48,2025-03-01,0,middleweight,0.2661621510828526
39cb81a03865dfe9642dc2ca,2025-03-01,1,welterweight,0.4605450105710829
4bf7c060c65b5756e9a60a69,2025-03-01,1,featherweight,0.6177068908651594
869e85d2c9e882dcef21c8a6,2025-03-01,0,featherweight,0.5797218219515219
df30b7c826cff4376ce5f4b8,2025-03-01,0,flyweight,0.6484069571127091
b6aea126b237440f5f62b371,2025-03-01,1,lightweight,0.4161067722235687
0b08162e436edd7057feda6e,2025-03-01,1,featherweight,0.6494500404600724
a17f7fb3322a29d49109df5d,2025-03-08,0,welterweight,0.6048208401392092
cc0e7bf1a3de097b07abf84d,2025-03-08,0,light_heavyweight,0.5843274542657952
1180ae20fbc658f6a18bc519,2025-03-08,1,womens_strawweight,0.37926887061726977
d97232c5dcbdc6ae63204240,2025-03-08,0,middleweight,0.44384230787357154
155fb95b8548237e167b385c,2025-03-08,1,middleweight,0.5072977895332649
73d9201cdf42426db5717467,2025-03-08,0,lightweight,0.44302220933001296
53c82e2b97f05f041be5e879,2025-03-08,1,flyweight,0.4911502563828782
fd96972af0a42cf8564554f0,2025-03-08,0,lightweight,0.5436183642469806
447e796f8f8fa0711eb851ec,2025-03-08,1,lightweight,0.5431613668514653
26367e541cf1af906e6936bc,2025-03-08,0,featherweight,0.3302502831155554
a5d324fc1e81b02c184c3d0c,2025-03-15,0,lightweight,0.2754018582974646
d40964659b77816a82e34d89,2025-03-15,1,bantamweight,0.5273481292151927
4d9f0274f43db97ee1d84343,2025-03-15,1,welterweight,0.4651763866506763
51eb5fce6d358b03382f5759,2025-03-15,1,bantamweight,0.5862114959677094
8ddc51ee94270116d2585e6d,2025-03-15,0,flyweight,0.36357778965408144
c59095dc236475eaf1f3d36c,2025-03-15,1,light_heavyweight,0.41703193514375647
4f3b8f599d7b94aadb8e6e1e,2025-03-15,1,womens_bantamweight,0.3704550252974314
a8466adaf98ed6c751357dd1,2025-03-15,0,middleweight,0.6209889079273904
f77346f2cfc223f134a774cb,2025-03-15,0,featherweight,0.45695287843252996
37b9f881c73685fb65f4ebfa,2025-03-15,1,womens_strawweight,0.4019424090256852
eee4f8cd86fdc705589eb0d5,2025-03-15,1,bantamweight,0.619694058691702
b5080981acd30c0532404b87,2025-03-15,1,heavyweight,0.513038339168032
266be725a4cb31ca651114c4,2025-03-15,1,womens_flyweight,0.4016992892439611
d59008574058a1b14bbff996,2025-03-22,0,middleweight,0.29729916942077594
de9f0856738dc28e60a60f40,2025-03-22,1,welterweight,0.47800186905437947
bedb420a0b9904e7099578a9,2025-03-22,0,lightweight,0.5236286940000923
0906caed76b72740d3fbda4e,2025-03-22,1,lightweight,0.6384153609276624
935fbfa3a3fbfb2d2ea68df7,2025-03-22,0,light_heavyweight,0.4296887572741203
ad04951661f8f611e59c0050,2025-03-22,1,lightweight,0.6612623649254212
cbd2b8dc7cb57c6a358efb83,2025-03-22,0,welterweight,0.42827598097462577
7a42b1b6e8ea3d3b322d8a1d,2025-03-22,1,flyweight,0.5758992953656523
7573247bac486673ce88cefe,2025-03-22,0,heavyweight,0.5140177181684867
e7a39bf12141f8e19999e08c,2025-03-22,1,womens_strawweight,0.37059460060264915
c7b4a84ae2cefe30cea00a98,2025-03-22,1,bantamweight,0.21040642338467064
7f81d57f5d833d8ad5da0848,2025-03-22,0,featherweight,0.3854244634388449
c82889c8c0d8f63fea61710c,2025-03-22,0,womens_strawweight,0.5675887272921223
11a10b425b59b9e0d8f0336f,2025-03-29,1,flyweight,0.6887662011442454
5d8ba6b9deefdc4cbb31c7d6,2025-03-29,1,featherweight,0.4651455108998644
bbe55f63a120ca7a63ab45c1,2025-03-29,1,bantamweight,0.5629373903014062
a6bf522e3d935669f4bd1b6f,2025-03-29,1,flyweight,0.4484598718125637
4f32f005e6c63e6941a64b4e,2025-03-29,0,featherweight,0.37051318480426276
87722272fb59ea169b43792b,2025-03-29,0,middleweight,0.48783097438490947
e1d376d78f860f65c632bcaf,2025-03-29,1,womens_strawweight,0.5482713113315892
3156f76dc6396ce97902a82e,2025-03-29,0,lightweight,0.4053550315026812
baa2fdc844c082ed12a92ffc,2025-03-29,0,lightweight,0.37353749404759623
f86d56863e598ab008855f66,2025-03-29,0,lightweight,0.3208929420498575
3e7f9012b9276dfcc924089e,2025-03-29,0,bantamweight,0.23222284054681452
21a60322c2a027799b4cda05,2025-03-29,0,flyweight,0.5897615441643
23faabac36533d24333d8b9b,2025-04-05,1,middleweight,0.46967359339498294
289a7d06e957dda3ac71729a,2025-04-05,1,bantamweight,0.5621718217695004
61271bd039197039582f5081,2025-04-05,0,womens_flyweight,0.5008625468415198
c11487f1f0a20ca93c52f3f6,2025-04-05,1,featherweight,0.7310658668037745
8009cb1b86ffa12974bab11c,2025-04-05,0,womens_strawweight,0.26611532964595863
fad1c076e137d244e645a12d,2025-04-05,1,heavyweight,0.6930199333939061
a5bc0dc17f83cdb10a2a2a18,2025-04-05,0,flyweight,0.6429929983075627
b98ca9357715ade21392a89f,2025-04-05,1,featherweight,0.4420686416317462
c2a1eead1ee0f81bdd50b9d0,2025-04-05,0,welterweight,0.5765055358585467
57a290e76e72b5ae2804232a,2025-04-05,0,middleweight,0.31713489803581346
f392bf4a5aea118b0fcf79e0,2025-04-05,1,womens_strawweight,0.4750289021149745
294eafd904f1e51bc94077ca,2025-04-05,0,bantamweight,0.2733599985331269
a8e7973569d577221c53a5b1,2025-04-12,1,featherweight,0.5061106406546174
4e202f20f679c3ad921c34ff,2025-04-12,0,featherweight,0.5286608101516034
fad6402a48eb036723f79f9b,2025-04-12,1,featherweight,0.34904712468702365
82ef6c2034d37182beab57b7,2025-04-12,0,featherweight,0.5307364358965759
ec097764b056848f4b4f88f7,2025-04-12,0,lightweight,0.36458263501903054
4bda5a5554aa5ab74b2bfb60,2025-04-12,1,lightweight,0.691623901355125
974693fddaa3db805f33b78d,2025-04-12,0,light_heavyweight,0.4810845112447902
826172d4bbccbe638becdc22,2025-04-12,0,womens_bantamweight,0.34999792870022844
891260885a5f80d3bff0abd4,2025-04-12,1,middleweight,0.4669942398012183
6645c6018ec0a356a3d0c85d,2025-04-12,1,flyweight,0.5024852157719
6dcff865c5ae334fc9ae487e,2025-04-12,1,middleweight,0.6172432109601425
08e9b543f1a75eee7094614b,2025-04-12,1,featherweight,0.7211904069696242
aa22b6401f3234d1bfbe071c,2025-04-12,1,womens_strawweight,0.4764468989364884
87bbf6258de3cb96e8a832de,2025-04-26,1,light_heavyweight,0.6586441366666453
028469098ba8b26b229f791f,2025-04-26,0,womens_bantamweight,0.3783979781541216
dbb70afedb9ef563817787e0,2025-04-26,0,featherweight,0.332144247373639
3e3c5c5312b4bd929a84995f,2025-04-26,1,bantamweight,0.5494324880231753
27c7a904f136fa232c0b0a03,2025-04-26,1,lightweight,0.6013482257321876
ef1ff906136a4d3f4e3321ad,2025-04-26,0,featherweight,0.5649331647082728
0b8ae83ee2d6c368cb757711,2025-04-26,1,welterweight,0.46058835167565537
8ad58054347f53643069f2c9,2025-04-26,1,middleweight,0.5065304187320856
84a27a5934a0c6faca02d02f,2025-04-26,1,womens_strawweight,0.7300733702323133
1792660282d0d71e4e433eb3,2025-04-26,1,bantamweight,0.29436913176862933
cba044ae712b9c9e24ab6f28,2025-04-26,0,flyweight,0.38246206757220574
fcd8a836b338cbc5d9457d5a,2025-04-26,1,middleweight,0.3830562812084629
d747420e16d28d2d195431f3,2025-04-26,1,welterweight,0.7135044628812549
ac300a8bc3a696efec4549ab,2025-04-26,1,featherweight,0.5064783576991069
36774760194e875a7d85e86d,2025-05-03,0,bantamweight,0.5519818180099453
d64f95744f53521697c83832,2025-05-03,0,bantamweight,0.3977824697420871
4c8d14f14865044186a00772,2025-05-03,1,bantamweight,0.23787596515343468
504fded2a818ea0a1f81dc2f,2025-05-03,0,lightweight,0.42524966404431086
cfeadf7497fc94fcc54fead0,2025-05-03,0,womens_flyweight,0.6096430331995187
225a65283842b9a22b1e2295,2025-05-03,0,womens_strawweight,0.3004366345282135
f9d7f8057a140f82e84a0d64,2025-05-03,0,bantamweight,0.5231305885207979
f6f1adce42b69f53e07c9586,2025-05-03,0,middleweight,0.3997362818315612
f56a0df051c442e76a77663b,2025-05-03,0,middleweight,0.5004781170274377
d495047d0422766bf9f850a9,2025-05-03,0,welterweight,0.43596602433975845
087461f6bef4abba6c68dfec,2025-05-03,0,heavyweight,0.3584077538402691
0b74991d1601a7375bc27438,2025-05-03,0,womens_bantamweight,0.562906893298004
8ba8e397555d48cc79bd8912,2025-05-10,1,womens_flyweight,0.724696113504452
879cb14fd7465227487d5da9,2025-05-10,0,welterweight,0.43280670654493897
9122d3e8d1d3bda33f7269aa,2025-05-10,0,lightweight,0.23723881865032279
cc4fe78051ab7264eeb20988,2025-05-10,1,bantamweight,0.4602340600291286
717f5c4a1659f99c4216a6ec,2025-05-10,0,featherweight,0.39560942661094606
4ac7c11efaa7ee9080a898cb,2025-05-10,0,womens_flyweight,0.4595184176962436
2b1c9563dd7925d92b8f60cc,2025-05-10,1,featherweight,0.5397860522624607
3ef6bc5a5758b71d5b267891,2025-05-10,1,middleweight,0.4385150830813611
0e3085a60c2e3c5fd7e03c0c,2025-05-10,0,welterweight,0.3385315501066463
62c80d38ec66ea69619a5163,2025-05-10,1,light_heavyweight,0.4041207571359065
f493312d5f22609841ea16e3,2025-05-10,1,light_heavyweight,0.4905357438907428
5cfd6dcef72523c8bc33bbec,2025-05-10,0,womens_flyweight,0.5536732266346092
8444b628fb85e0e4c713e046,2025-05-17,1,middleweight,0.5843402088579464
595c1cd257144cb582b01ff6,2025-05-17,1,womens_strawweight,0.6996144479876683
764d40ffa13a207a8cef5a45,2025-05-17,1,lightweight,0.41339355306136444
c93c2ee36de8ad0b549a520f,2025-05-17,0,welterweight,0.331693210445769
47f58df4a1ba8a790123c191,2025-05-17,1,flyweight,0.5847755736352944
6f771d9e2a51041fb7d36b9a,2025-05-17,0,lightweight,0.5964103690287162
1d1a1475b7ae1dd4af4545ed,2025-05-17,0,featherweight,0.40541878467944825
19c93aa6cae2496337287bc2,2025-05-17,0,womens_bantamweight,0.47610018582125246
780ea07ae3c2dc63a325f1c6,2025-05-17,1,lightweight,0.5229294715358657
8ef614cd46790cd66f6c942d,2025-05-17,1,womens_strawweight,0.633971631196739
6065bf0f2380b1ff771924e4,2025-05-17,0,featherweight,0.3797479887905347
a04cf5513db9284fbe46879d,2025-05-31,0,welterweight,0.47573984468625896
896ec1d976131b842f3e94b8,2025-05-31,0,lightweight,0.2581466277279856
1d07d1283a57c6fc62da78c8,2025-05-31,0,light_heavyweight,0.5237957274617319
dd89cc1c8180870b90412295,2025-05-31,0,flyweight,0.575701731584288
6a2dddd90ed658483113a486,2025-05-31,0,womens_featherweight,0.5191713544910335
cde8734e2bfe61cc56299b06,2025-05-31,1,lightweight,0.7158078609959838
0dd89b255e0029ee98c9dc4a,2025-05-31,0,lightweight,0.5390811595536166
de48dcdb0e98a700b1038154,2025-05-31,1,womens_strawweight,0.5277321726411867
045909eca3b647588aeb2f69,2025-05-31,1,middleweight,0.640257792173323
8faf9dea67b09bd99b348c6d,2025-06-07,0,womens_flyweight,0.3444536200837718
1d69d0b5671a7b6fce7824cd,2025-06-07,1,light_heavyweight,0.6744006117373651
3597df50ab9c4e51486d7d22,2025-06-07,1,flyweight,0.724399013917043
364fe5c4ef81f12bf32d31a2,2025-06-07,1,featherweight,0.5798421703095098
4085c2e89e65277c8b429e34,2025-06-07,1,womens_bantamweight,0.6233612710453135
31f17d5574301b9b6fcc79f9,2025-06-07,0,middleweight,0.4814793880168423
3c800cd719ae5d849907a6c7,2025-06-07,0,welterweight,0.7592797187343411
5f9fcc8328c9a38c706fe679,2025-06-07,1,bantamweight,0.8130694529195233
9fda84271a8c700f28723c7d,2025-06-07,1,lightweight,0.5807983811325957
97d44289afe583ab015ca9dc,2025-06-07,0,bantamweight,0.5428876718506614
b323c6af2951f92e18796d52,2025-06-07,0,lightweight,0.4111870264902721
388fd0a68cd33b740d38ccbc,2025-06-07,1,heavyweight,0.5584055536221018
6fad86bc4d49f015f99a505c,2025-06-07,1,welterweight,0.43598448146493224
76e418d35ed3e0f0e5bf278c,2025-06-14,0,light_heavyweight,0.5453822751141169
61ce6598688c9491dae0c637,2025-06-14,0,flyweight,0.4807940619246447
091aa54174aa690811470eab,2025-06-14,0,bantamweight,0.44214664439478213
682de845c3ed0c6a9162b4f2,2025-06-14,0,middleweight,0.45856517178242107
fd7d62e31dd3384cbb0c95fe,2025-06-14,0,womens_flyweight,0.34386109862619485
5acb29d01ff8ebd4e3ddb1ef,2025-06-14,1,welterweight,0.43518274998636325
b0e18e82c4258d5c716daf17,2025-06-14,1,bantamweight,0.6962420579927309
20c65e762c27eedc278d7fa1,2025-06-14,1,welterweight,0.537705757511636
4d1c6f20df94ea83ef5e61c5,2025-06-14,1,welterweight,0.6131546038622346
f0ab13f1886542a2847e3141,2025-06-14,1,bantamweight,0.5635676486597068
762abc3f792ddae7e3bd7070,2025-06-14,0,womens_flyweight,0.43011854494422425
44c78b9f5f1b31ff3bd1dcb2,2025-06-21,0,heavyweight,0.32529506477059966
f94de5af522515fea5397b80,2025-06-21,0,womens_bantamweight,0.5606917741118693
41e47b9d6a4d1d927369ac91,2025-06-21,0,heavyweight,0.5414379049177023
108b049c7b0a9a31781ff663,2025-06-21,0,womens_bantamweight,0.49671623789388186
46dfffefdbbb385309f0fc94,2025-06-21,1,middleweight,0.4106605635014082
dc0da8780f83f733d6135ea5,2025-06-21,0,light_heavyweight,0.6541651087842562
640598167682476e4e82e2a1,2025-06-21,1,featherweight,0.5476220029662748
0a238bb1d642688260bfe106,2025-06-21,0,lightweight,0.4924799629133091
5bda6a238a9da05c7fbbe0ce,2025-06-21,0,lightweight,0.6052386658753343
315ef153376d66f5879dac52,2025-06-21,0,welterweight,0.7197111857324051
eb8583ac00a6323599a656ca,2025-06-21,0,flyweight,0.21903331439918328
29b54c255ccddac493a2134a,2025-06-21,1,catch_weight,0.7446345475252575
2e100976c7912f924b40ef8c,2025-06-28,0,flyweight,0.4971709992918565
cb0b0b0725275dabddfdc0d7,2025-06-28,1,lightweight,0.44963595053074024
2e7eb231b95160105221bc08,2025-06-28,1,flyweight,0.5418113497544875
f2e78a8508a2b4a45b083944,2025-06-28,1,featherweight,0.32990708578604105
22a080c10f46376f89886971,2025-06-28,1,lightweight,0.6782106117536478
3dfcc06e8fa2e4a45e87f8c1,2025-06-28,0,middleweight,0.48948422343541315
024df74fcef0ae4d02b370e5,2025-06-28,1,heavyweight,0.6395921607792742
87c467d1d08f5fb738e3d521,2025-06-28,0,welterweight,0.3993730261106505
35104535682e463eefb2c492,2025-06-28,0,bantamweight,0.6867436771419521
d77290b270a306d23265bdc8,2025-06-28,0,lightweight,0.30961030351902485
5a15a8a28f896fc4cc3d080f,2025-06-28,0,womens_flyweight,0.40363271446535154
2ccfbdd8d524feb831c34bd7,2025-07-12,0,featherweight,0.3304535144812832
46e4b0c0b095e6a1824455ba,2025-07-12,0,heavyweight,0.6967739489459437
9370d0fe112233ac16bfa61f,2025-07-12,1,womens_strawweight,0.6702203878856753
9c1fb56e609cbd6a1fb11633,2025-07-12,1,welterweight,0.5913279215235607
bc58565640e77c2276e10024,2025-07-12,1,light_heavyweight,0.3850350788786982
a77624b11d3a278d52c22094,2025-07-12,1,heavyweight,0.5262534465879671
f835d2868533801b21fc9f1b,2025-07-12,0,womens_flyweight,0.35556732810216585
07eb8178c0f1cf3e7ae4f656,2025-07-12,1,welterweight,0.5199912849379211
6f6dec82453fb5221dc8b8b3,2025-07-12,0,lightweight,0.21930061899595113
e49701832d493785c599056c,2025-07-12,1,featherweight,0.5546583446958195
7e0d55ba3c587ab22f4267a2,2025-07-12,1,welterweight,0.5867009244772244
59d3a43566d9ee6b8ec44611,2025-07-12,1,heavyweight,0.6509101701618779
ac9b9ca1d346c1d7a4efa04b,2025-07-19,0,welterweight,0.6412567014483805
be17518bc4995180ea470f55,2025-07-19,1,middleweight,0.5618751183671196
d0dec993d7bf19ccdf13c55b,2025-07-19,1,middleweight,0.5434743814502585
4f8792a3e30a26c648e37f7f,2025-07-19,1,womens_flyweight,0.49576791196664144
47f068eaf25694d3e2dedc0e,2025-07-19,1,featherweight,0.3396144132459412
d00277048709f53e5e823331,2025-07-19,0,welterweight,0.631010504354754
5886c517a68a27c8922390f0,2025-07-19,0,light_heavyweight,0.3937385483364373
55abc58474afd8c488ee30d7,2025-07-19,0,welterweight,0.5261544672650406
31f78d290574d211242599f6,2025-07-19,1,bantamweight,0.5395827083959889
7f140b8e8eb850af317805b6,2025-07-19,1,middleweight,0.5015039996053134
fe7e69f66ef7c35197993b50,2025-07-19,0,lightweight,0.3441511005277205
ef74365ed86abf1cc45a1797,2025-07-19,1,lightweight,0.5929372759625222
4ba6aa5a4cb23a41969443b1,2025-07-19,1,middleweight,0.43796985005400574
249fc0ac1a643b51873825e3,2025-07-19,1,heavyweight,0.626842070435208
4cf3d33ca45adeb8796cbfad,2025-07-26,0,womens_strawweight,0.6242862758664257
61aac29ee250562ae5af045c,2025-07-26,0,flyweight,0.5030862584503517
f41a705d58f918c9be91e699,2025-07-26,1,bantamweight,0.6253608535682362
304f8691454bfb71f6ae7be8,2025-07-26,0,bantamweight,0.5834643439888069
42b7976b1cd7ef4d25023afa,2025-07-26,1,light_heavyweight,0.5081639769568905
0ed1b38a437d44a3f5abfdaf,2025-07-26,1,heavyweight,0.6985523267752405
d263febfc5fdbeee8f58b3d7,2025-07-26,0,featherweight,0.5519368984904748
c7c669bbd319cb2c2c87bab1,2025-07-26,1,welterweight,0.5268266649011848
684a65cf1decc3485242d4e8,2025-07-26,1,light_heavyweight,0.4608256988044607
1813b343ffb8aa8b2cc16194,2025-07-26,0,bantamweight,0.557102371923263
9b2be6df340bee34f4428a78,2025-07-26,1,middleweight,0.49483643920283055
74c6f9010e443faa822b5de2,2025-07-26,0,middleweight,0.3059687233460826
d2351ac652a2bab2080418a6,2025-08-02,0,featherweight,0.364462463030618
5ebd51be5dbeb7c202cd6084,2025-08-02,1,featherweight,0.27172474500455973
7aa5337d0d17974526f6c0ba,2025-08-02,1,lightweight,0.5253687229594923
b03dd1e813c8588475d9f81d,2025-08-02,1,womens_bantamweight,0.4132006951216439
bd28e5af8d5f43e74bc83fa8,2025-08-02,1,lightweight,0.5354465189016622
46d87220040c3475480b22ac,2025-08-02,0,welterweight,0.4538510528357501
bd594c3f831ad998d30d3849,2025-08-02,0,middleweight,0.618978289264669
7e20097120c6860e72b430bb,2025-08-02,1,womens_strawweight,0.5412177231513059
382ceb31d4d48f8aab9da86d,2025-08-02,1,flyweight,0.6574918666105656
2e73637cd749398a55647476,2025-08-02,0,bantamweight,0.42462209184016986
52b21a901e1d3f725068746e,2025-08-02,0,middleweight,0.3544930507781639
0cdb2c7c499c7f12c59d5076,2025-08-02,0,flyweight,0.4612778071394408
baa3a0b5bb66310d24d30724,2025-08-09,0,featherweight,0.7018448485254811
a0f1373d72f4360e3aaf5424,2025-08-09,1,light_heavyweight,0.4256062456609478
dd55b10f0cf629737061b72f,2025-08-09,1,bantamweight,0.5439198891571324
ffa16f1988ab9e3541b7fcf9,2025-08-09,0,middleweight,0.4457300758717055
c16987de09fa3dbd489de454,2025-08-09,0,womens_flyweight,0.46812250451959253
2b3b2b67749e1bb892cf0acd,2025-08-09,1,womens_strawweight,0.5413384597614
2ea0d44515ec523b78e2da31,2025-08-09,1,womens_bantamweight,0.7062373675486822
e9b686239850bd67761c5ec9,2025-08-09,1,light_heavyweight,0.5998528481084975
b52eb401eabebbc3b68e5a85,2025-08-09,0,bantamweight,0.4323564524968157
54b6e104899342805ddd9222,2025-08-09,1,middleweight,0.6466694121561205
5e92a9a9bc58ece830a866be,2025-08-09,0,bantamweight,0.26136404637222677
0140ff0489c619d42f8a0ba9,2025-08-09,1,welterweight,0.6244079688429305
b211de80fd6516d120afb179,2025-08-16,0,flyweight,0.5479898027128552
27cb9c0f0ecabb4020799a52,2025-08-16,0,middleweight,0.416218846300608
234c73ef7b9a7927fe06956f,2025-08-16,0,lightweight,0.6000604118245455
cdf24ad78589dd6b959aae41,2025-08-16,0,middleweight,0.47842498776296577
8506c9dc71d90951f7c2734b,2025-08-16,0,lightweight,0.42900238963786164
0969559ba428b44f26855dcc,2025-08-16,1,welterweight,0.5127422922741354
f3951fd1ca68c3288746990a,2025-08-16,1,middleweight,0.5816846743882664
c7dd9f5c6a0aaedcf7fe644c,2025-08-16,1,middleweight,0.5805683693160691
be776ecd0666a524bf1ddb52,2025-08-16,1,womens_strawweight,0.49571418579504417
8d971b809930f012282424d0,2025-08-16,0,womens_flyweight,0.35874365632679583
291d07fa6322574143c38d57,2025-08-16,1,featherweight,0.8471150350028549
bc0eb80d7162533c77f7ece0,2025-08-16,0,flyweight,0.474309007269103
95bd8df921ea22d128443178,2025-08-22,0,flyweight,0.6045746899107483
7abd8d8e5a8fc15a498dff04,2025-08-22,1,womens_strawweight,0.5205073284529381
2b17cff59381fe0c3eff3d9d,2025-08-23,0,catch_weight,0.28824020610493545
971111ce56c35402366b9b77,2025-08-23,1,flyweight,0.35235564962366295
db224424e2e8045da25a2896,2025-08-23,0,light_heavyweight,0.6704871727130701
b34ca09bc7be3fc0081881aa,2025-08-23,1,lightweight,0.46491816629924726
b4141bedb0af0b5c37add0e3,2025-08-23,0,middleweight,0.6520454027966793
dbd5352c89d5eb4c17fe7c41,2025-08-23,1,lightweight,0.5363180618018445
ce54aef08e800fa98afcab2d,2025-08-23,1,heavyweight,0.4742897745857276
043a909f41c4417e201656ad,2025-08-23,1,flyweight,0.6048009162937227
75ccd3b3fa917b9b2fc527da,2025-08-23,0,welterweight,0.41076855813872776
c2c392b6c345eaf81f091abb,2025-08-23,1,light_heavyweight,0.4546179945113035
aaa1ee69d1c8adedec2ed0ce,2025-08-23,1,bantamweight,0.6515105204851883
19c48d0092cc20527adcfae4,2025-08-23,0,featherweight,0.5863370533949693
bdbe4caef667af15730fa7bc,2025-09-06,1,welterweight,0.41734581671285986
fc8351175b2ac09f0e8d1a7a,2025-09-06,0,welterweight,0.4086788812664892
25e249d53f5f7892cd67849e,2025-09-06,0,lightweight,0.43853191644265355
ddfc0bc76dca722735332127,2025-09-06,0,lightweight,0.5361104803058152
de86f6f682b93bce0597617a,2025-09-06,1,middleweight,0.39821560508205706
0f9e5bb0fbdd52c5494ff57c,2025-09-06,1,lightweight,0.6594215546850438
df0fc2686fdb22931ced0ede,2025-09-06,1,heavyweight,0.4086393003088295
fa090d54d2b757cc1aafea97,2025-09-06,1,light_heavyweight,0.5111661508834786
0ed5675eb3801a48b0335afd,2025-09-06,1,middleweight,0.43600303626253256
59ead85f13c9d2f09879497e,2025-09-06,0,light_heavyweight,0.22769204189668238
1892f3b9b4f3f9c8faa4c96d,2025-09-06,1,welterweight,0.44716951541941796
a291420436ccdbd80fef7952,2025-09-06,1,womens_strawweight,0.5944813468300124
1a292e2c83b63803de83f158,2025-09-06,0,featherweight,0.337618319533825
18c4672055196f93486642be,2025-09-13,1,flyweight,0.2816466593759934
8299a8eeb3e657cfa6e00115,2025-09-13,1,lightweight,0.5195115313897974
c6e2b1f222bed62450b9ca12,2025-09-13,1,lightweight,0.34426120897003887
b287b1f453d1d7bf8bad3ee1,2025-09-13,1,featherweight,0.4062440452717739
c1c35ebf47c4980926d90cea,2025-09-13,0,flyweight,0.36056728790837966
5f287af644802d136e0fdd6c,2025-09-13,1,middleweight,0.5808869932533185
bee31ac5b44e1cacb29e970f,2025-09-13,1,middleweight,0.6178983444932413
ab7fa262752795b97960769a,2025-09-13,0,womens_bantamweight,0.37972338325968635
79c460f7318e1e47b6c052a1,2025-09-13,1,lightweight,0.558792618900952
352016f0046a29a4cf067452,2025-09-13,1,bantamweight,0.5367252154950506
1df56064c8f7e1ca441000ea,2025-09-13,1,welterweight,0.5057656887303659
8fd221a4ec3d93cae773c96d,2025-09-13,1,bantamweight,0.32164278630299564
3af436048b664bb4bab1747e,2025-09-13,0,womens_strawweight,0.3856211426912246
b4d27de492bec1e8df9a62d7,2025-09-27,1,heavyweight,0.49392655340377445
6f4bcf6d5975f9761b5ead36,2025-09-27,0,middleweight,0.5003306429389472
db1b4578fd8497038c89942d,2025-09-27,1,light_heavyweight,0.4886701901625057
c511c22373e257618013d581,2025-09-27,1,bantamweight,0.6292085351507837
ae55c7192e5d47a30cc2fb22,2025-09-27,0,featherweight,0.3397634992176747
9d0c81bc55d131b7f66d9d94,2025-09-27,1,welterweight,0.4712243480129113
00288cf52176ab1dbb2cc531,2025-09-27,1,lightweight,0.6551344161668251
6a8e3d42040f64f6d57ae1d4,2025-09-27,0,light_heavyweight,0.29446583259629455
7097b2221f841d15c01dbf24,2025-09-27,1,womens_strawweight,0.6275165169486595
3d0e9c190c7e5481dea541ac,2025-09-27,0,womens_bantamweight,0.4664392483322764
5f1fd8af123c697d3061879f,2025-09-27,1,light_heavyweight,0.6003164392630607
68b64ac5c0332df51465f88f,2025-09-27,1,lightweight,0.24440460148353413
ed978d51d031ee916f25dd1a,2025-10-04,1,middleweight,0.5196608107402814
4e367ca70eaa96509505b7cb,2025-10-04,1,middleweight,0.6030610833632958
709e9bee2f688085c57f688e,2025-10-04,1,bantamweight,0.4879670078672375
22f89b26113958f50084b18f,2025-10-04,1,catch_weight,0.5830515154090956
1eee1d676aeffaf51a2b9d78,2025-10-04,0,middleweight,0.40234617173868464
d249a253ad910b943083e7ea,2025-10-04,0,light_heavyweight,0.3690029527142203
7f5b402bffdbbc826147235e,2025-10-04,1,featherweight,0.7249477172790844
20c03baca24710fcfbfe0242,2025-10-04,1,womens_bantamweight,0.46202509204521675
dcc2e6e7411f3944512299d7,2025-10-04,0,light_heavyweight,0.5299532907765684
5e117965c711a3d5f2a9e9c8,2025-10-04,0,bantamweight,0.3966847128553336
201ed48b53ff246acba1ab88,2025-10-04,1,bantamweight,0.3452422566320256
09ac8afbd2cc9b257f2e8306,2025-10-04,0,welterweight,0.3676443454717216
c5917f4f1e1cf6b675e32144,2025-10-04,0,welterweight,0.5929336118452139
99d6452ad91ac6ff439de7d7,2025-10-04,1,womens_flyweight,0.7266891083566377
cb8ccd5d0831bf843e955f03,2025-10-11,1,womens_bantamweight,0.5799790473358655
18b39d231248ccee53c89ddd,2025-10-11,1,lightweight,0.36903207092584206
03a543eeb416418534a1ad7a,2025-10-11,0,bantamweight,0.657319367422954
b7d852ed25bf520bde28ae0c,2025-10-11,0,flyweight,0.5953123835617712
c4f1f0b03ee372772297d6a3,2025-10-11,0,heavyweight,0.5964555528097447
c355a95281d0bb24253a58cf,2025-10-11,1,womens_strawweight,0.6317932249473136
38502208fcf7aa54d4175a66,2025-10-11,0,bantamweight,0.43307146695544313
9682d291035a4cdf92d734b1,2025-10-11,0,featherweight,0.5660110449969422
3a225fd88aedd7470a6d4bb1,2025-10-11,1,flyweight,0.3575897340793738
bdd0c94f847b24ce027516f2,2025-10-11,1,featherweight,0.4143048348566633
e3df3e921925fccc181da162,2025-10-11,1,welterweight,0.58419736711541
2ecdc510d451e22fd234ae04,2025-10-11,0,heavyweight,0.4542592991170906
94ec5f7ab1575370207a10a7,2025-10-18,0,middleweight,0.6774016232705456
39709fadea483459750ee0d3,2025-10-18,1,flyweight,0.2996196149683542
66577356aef81e24594004c9,2025-10-18,1,bantamweight,0.5703492514555532
15548b82be638ac1b2eac466,2025-10-18,1,bantamweight,0.5160519936483036
622696dcf96f7d587f47e242,2025-10-18,1,middleweight,0.303954052135046
740a455af5085a3f2c1eef53,2025-10-18,0,welterweight,0.4320607447158765
345aca7881b9ddcf27a514cd,2025-10-18,1,lightweight,0.5548663401418709
75d3d5b97313d4d18e906f49,2025-10-18,0,lightweight,0.3543065415551419
365b5fc719da0d2385a59156,2025-10-18,0,womens_flyweight,0.4207687722960525
87ea0631cd81020d01da2654,2025-10-18,1,bantamweight,0.6631683316870393
5390608b009af04d7f64d13d,2025-10-18,1,womens_bantamweight,0.32511994551188683
aeb6853e611533c931b46fc8,2025-10-18,1,middleweight,0.35411083483879513
c2061b903ce3af74a069617a,2025-10-18,0,womens_strawweight,0.5104750242437999
c5b5850073d5e3d638f844bf,2025-10-25,0,light_heavyweight,0.40593518433845815
e7819d000fe73ae512a0393e,2025-10-25,0,heavyweight,0.5113671192741429
3a4607b556fd9984e619b223,2025-10-25,0,flyweight,0.48452063999456935
4c1e8b4b86851ed942461ccf,2025-10-25,1,heavyweight,0.6017247601874822
d27009e46489a08b080b275c,2025-10-25,0,middleweight,0.42848778678980654
bb811d20bb3260b00315fdfd,2025-10-25,0,womens_strawweight,0.6982436770763257
dc5678ed360be4d79f153704,2025-10-25,0,lightweight,0.43514746537858834
a731ebf6cb5c92adcc5ba9c4,2025-10-25,1,lightweight,0.5732798655836031
ddc02966aabeab4f66f2685c,2025-10-25,0,featherweight,0.5319820747392309
c72755050a62c46de10af57f,2025-10-25,1,bantamweight,0.5821403562445038
8ee86b085de19d5d4a98da9f,2025-10-25,1,heavyweight,0.6655525002218393
da5da2d4c3ee8d5571f36c6c,2025-10-25,1,womens_strawweight,0.4245128325808375
1c9a74932f1083cd6a71cb4f,2025-11-01,1,womens_strawweight,0.5527869467614104
5bda27b8965c794787c80650,2025-11-01,0,catch_weight,0.39842111889858994
0b4e762b2fe4c547e8dacd17,2025-11-01,1,light_heavyweight,0.6129785887947035
bf4af8c3ccd13afa0d906d05,2025-11-01,1,welterweight,0.6240537106193973
098f5af1ef9e2f1e8966f0d6,2025-11-01,0,middleweight,0.47211735240966896
9c26e0952606e58b88586302,2025-11-01,1,featherweight,0.5101963830627053
c66cf25409ba381b4cf0a247,2025-11-01,1,welterweight,0.3766057556284283
edeb5c3b96f6053959dfa678,2025-11-01,1,womens_bantamweight,0.554821570238689
337894a95c0b59535c562f06,2025-11-01,1,welterweight,0.6634671025221425
b2e60281a4939d851cefb072,2025-11-01,0,featherweight,0.406647311490485
f7043d547a9c10f7fd7ce4b5,2025-11-01,1,womens_strawweight,0.6451095644853991
3d415bce159aec85cec0457f,2025-11-01,1,bantamweight,0.3996772546886583
cf3d8e5fe12362623fd226ea,2025-11-01,0,heavyweight,0.5737701740091702
0b350ddefc89ce8d642a388a,2025-11-08,0,lightweight,0.40874779739031203
c9ce03bdb840283ab55d5cc6,2025-11-08,0,middleweight,0.5036865134179878
7e2348d0d4e1e4d4ce769a6b,2025-11-08,1,welterweight,0.6107393574513141
8444ea7db6924b529be3c711,2025-11-08,0,featherweight,0.6596817198591687
66050e7b8d70a5e23a01623d,2025-11-08,1,heavyweight,0.49392655340377445
d9c50eba63ea6b2915087d42,2025-11-08,1,flyweight,0.5331797997000745
c8841413fd1221cd0aa13ef9,2025-11-08,0,womens_bantamweight,0.30247530749929735
bbeb325bf7cc59a2be8dbc64,2025-11-08,1,bantamweight,0.6359411094657635
6b76e8a825108393defee806,2025-11-08,1,welterweight,0.4896619997638007
8ebe1d895ab2453eb9f769fc,2025-11-08,1,bantamweight,0.5681082296763522
63f65d17e669efdaa957b86d,2025-11-08,0,womens_strawweight,0.40715119633980945
a875e31f6b8ddc96ee7d11a6,2025-11-08,0,catch_weight,0.19694686652080312
e3c446ad77f7b94cdaf543ef,2025-11-15,0,womens_strawweight,0.35359263152586584
e4224d67abc1dc6ea84a714a,2025-11-15,0,middleweight,0.24525088924940766
7218239385ecbf94927325e4,2025-11-15,1,lightweight,0.4597881999762697
1171f53f9006121e6cfca38b,2025-11-15,1,middleweight,0.5548918061287913
61fe2bc4f19ca9e58b98abee,2025-11-15,0,womens_flyweight,0.39940682835584207
eeb6e7bf87c2a68ea957c464,2025-11-15,1,welterweight,0.5416603177773518
301daae5af50f500a045aacf,2025-11-15,1,middleweight,0.5542466793175138
91815419bb1f8e5f10137edb,2025-11-15,0,welterweight,0.5883184594722143
c3e20a6fb0e995c104302cf3,2025-11-15,0,featherweight,0.586914192183163
4337c9275478185d970fe51f,2025-11-15,1,featherweight,0.49375093768304673
0c349d383774593f2f523421,2025-11-15,0,middleweight,0.3265968519780387
24dff7c31ee8f9de3cc1ad45,2025-11-15,0,welterweight,0.5343178703612181
135ba1d08d95c69f6876dc07,2025-11-15,1,womens_flyweight,0.47963815984847147
6ebd54113023d3674cb6f6e9,2025-11-15,0,lightweight,0.5154689697712384
e553a07fed3c4dc09fb01a68,2025-11-22,0,light_heavyweight,0.452385876988141
5a2dc1ef51e7b45f9d3a0605,2025-11-22,0,flyweight,0.36037171159819276
383bdb229d4071c35e69a84e,2025-11-22,0,lightweight,0.23834007489601508
586d6a9b35106a95599326fe,2025-11-22,1,bantamweight,0.5367283015159039
c399510064a79f3ead47210b,2025-11-22,0,welterweight,0.40389893751069317
83a1824281316f3cbb390fee,2025-11-22,1,featherweight,0.24883230693209996
438d439d919b64be8a5846b5,2025-11-22,1,middleweight,0.5511422086731315
e92e2271695a45eed0ac693d,2025-11-22,0,welterweight,0.42923021839620823
bec9a3d1c86d7d07fbf8b14d,2025-11-22,0,heavyweight,0.49392655340377445
d10fff5ba41fdf47e9035da7,2025-11-22,1,welterweight,0.7242642042197514
a4564a86742578658f7a3076,2025-11-22,0,lightweight,0.16638404397920983
f7b4ebc3071afc261abaf2ad,2025-11-22,0,flyweight,0.4915623277741126
7c0eebe7bceb329e099b7ddc,2025-11-22,0,light_heavyweight,0.38166379153877367
5bf9e54d00be75d53de53c77,2025-11-22,1,heavyweight,0.6662683299022293
47f6ecefbf8a9700f9ad1b13,2025-12-06,0,flyweight,0.42710576565117386
83692f9275a75c75929d7246,2025-12-06,1,flyweight,0.4891961497901071
cb4e9cdeed597ad851824748,2025-12-06,1,lightweight,0.650744394662941
957f73009ec79eed9d70fe05,2025-12-06,0,lightweight,0.5562207179465329
f4c2621e31660e542c75a846,2025-12-06,1,bantamweight,0.5679806565781004
ce59dd7a88406c8bcf7babc7,2025-12-06,1,light_heavyweight,0.3951095710355566
a50ce0633a2d49672fd3e128,2025-12-06,0,middleweight,0.2194102323372844
a503b23af13914d375594d73,2025-12-06,0,middleweight,0.46114464809729827
abd27ebef4489e8b3d0a5c0c,2025-12-06,0,womens_flyweight,0.3627939167628997
c828bc8375bd94f9ad322b32,2025-12-06,1,bantamweight,0.406611241218474
7bd784b622245218baab22d6,2025-12-06,1,featherweight,0.5186354752285162
7dd5c823ff70d42fca421b92,2025-12-06,1,lightweight,0.7134247245098255
0da6a363382c422948bf35d0,2025-12-06,1,lightweight,0.4774061821410865
c3fd3930987eb83f7a242598,2025-12-13,1,heavyweight,0.49392655340377445
b0aae381897728400b9adea5,2025-12-13,0,flyweight,0.4702970264917987
1300bcc73318fc700957f622,2025-12-13,1,middleweight,0.27418345093817903
e5dcb77b8e3eda2b38e4f757,2025-12-13,0,featherweight,0.37345582930308024
80b5125aec0e6f993297001b,2025-12-13,1,womens_flyweight,0.5506865937472359
bd01ac96973326001df2976b,2025-12-13,1,featherweight,0.7738369227376775
1665176a69e81b9c8748aaaa,2025-12-13,0,catch_weight,0.31560087286058075
7ee792bdd0cf3b67f9851a0d,2025-12-13,0,womens_bantamweight,0.3950976481369535
c7bec709fdd7e9d3d188df67,2025-12-13,1,featherweight,0.692080537825217
c6bf93754b654bbb787c7588,2025-12-13,1,welterweight,0.49069748163375776
72c1bd69d88f3491434a5f08,2025-12-13,1,heavyweight,0.4639349591428475
82850cdbea46ec0e25946058,2026-01-24,1,welterweight,0.5354829816507876
6ed204c17993ad6a38953727,2026-01-24,1,flyweight,0.5251299725775828
bf203fd48ac38ab591ad658e,2026-01-24,1,featherweight,0.2914717167813025
c71095d598c41bc25458981c,2026-01-24,0,middleweight,0.23819468127308535
45b118dd2a7a84c7e6879c08,2026-01-24,0,heavyweight,0.5293444581913415
c75491aec4ff89a8959a2d28,2026-01-24,0,lightweight,0.661916168111362
17e3977c144b369d26b7054b,2026-01-24,1,womens_flyweight,0.6112826958927267
6cd7ac778689394ea2edaa25,2026-01-24,1,light_heavyweight,0.53972055889208
f0309fa4738d9fb14d2fd95d,2026-01-24,1,bantamweight,0.561067265956238
86815bf5667655ee2e11e3ed,2026-01-24,1,bantamweight,0.6748621513243639
ac2e282d3cd07bc055d9aedc,2026-01-24,0,heavyweight,0.366755037402568
bf0d30898909dc8434fca8e1,2026-01-31,1,featherweight,0.6658194524272043
e84bafbb79b9fdf1f9a4c7ce,2026-01-31,0,middleweight,0.3262486615243908
2d20d9db3db2975b162430e2,2026-01-31,1,lightweight,0.6712458396111959
b276aa7b3862b8a5808a20c0,2026-01-31,0,middleweight,0.5161665975544255
598daafdd2887f4042da01d7,2026-01-31,1,welterweight,0.5237627415940952
2a2be08b8647e8819e4e7d23,2026-01-31,0,light_heavyweight,0.32750370550853336
b4f83c62c1a302608fee4c30,2026-01-31,0,featherweight,0.4203428267206351
2f7e2a996930e904d946b0d0,2026-01-31,0,featherweight,0.5154290475370806
6d166b2e116fe2350d4e4b60,2026-01-31,0,lightweight,0.27154483294348625
c40943510405d6753810227e,2026-01-31,1,lightweight,0.4149491187215759
acd1c7251c1560f573ef62c7,2026-01-31,0,lightweight,0.5154290475370806
cf734647c7a8fafc0d1266b2,2026-01-31,1,bantamweight,0.5154290475370806
0a64c3e27d7fc6c2d17fbe33,2026-01-31,0,heavyweight,0.4141282993391352
4d3b0f2ec14570a88d2c8bf2,2026-02-07,1,welterweight,0.7047498390343332
c425b93c658e819194590de3,2026-02-07,0,flyweight,0.3655695838449248
a74bb6253b6400390ac5fdbb,2026-02-07,0,womens_strawweight,0.5686732759774449
9be29f1a447c830c4a583fea,2026-02-07,0,light_heavyweight,0.5724459513829667
93863546bc346c2c690e1d89,2026-02-07,0,heavyweight,0.5718879462306655
7b34da1460b25e212a1d8ffb,2026-02-07,1,bantamweight,0.6396072543468976
949130cc2494cd5b2faa1264,2026-02-07,1,bantamweight,0.7209049249803483
75b5f1ec3f038276e8d8f5cb,2026-02-07,1,womens_bantamweight,0.6563015880858853
ecb0adedc96a323aa7b99d3d,2026-02-07,1,bantamweight,0.3098691146016355
9bfcfb42830b0025d39a51b3,2026-02-07,1,middleweight,0.777684741543836
94564392584f20781d869513,2026-02-07,0,bantamweight,0.5316482687671878
de2a60852f08289a526c754a,2026-02-07,0,welterweight,0.5527018707090915
becb0895c49c3259307dd8e3,2026-02-07,1,catch_weight,0.4929232424962664
45073665a18a8f7f89b24eea,2026-02-21,0,flyweight,0.20927726365282395
1517e96809dbc885308879d1,2026-02-21,0,welterweight,0.5791729896723047
4574f78abb56d5a674cc043f,2026-02-21,0,featherweight,0.30921511576775673
f436ebc22db83f3ad41a4e90,2026-02-21,1,welterweight,0.5238616551583093
3b409b848e9dcc8ef4e83ec7,2026-02-21,1,welterweight,0.6631270554562864
f3531b5aac43526818a4b456,2026-02-21,0,featherweight,0.5711532049618443
7ca418b4bb525d977459acae,2026-02-21,1,womens_flyweight,0.5433028117963459
53ee52f4691a20b04eb18cc5,2026-02-21,0,womens_bantamweight,0.4639754011981643
ec31dba808dabf07c9e32028,2026-02-21,1,welterweight,0.32605768627473164
67df84ed09a55fa6a81f8977,2026-02-21,0,welterweight,0.4475702474817981
fdbf137d6ae3bc8a547299b7,2026-02-21,1,middleweight,0.3250398413776613
a3b9c01a6ade4da623999c36,2026-02-21,0,heavyweight,0.42187352744223866
8439a47c592a91fa4e4a37ab,2026-02-21,0,middleweight,0.47434447381949846
fbe23b59c0f621d06006d154,2026-02-28,0,womens_bantamweight,0.3121087864548309
ff52cdb73d7e3892507e29eb,2026-02-28,0,flyweight,0.6333766196473188
3fdd971f778608f10f39941d,2026-02-28,1,bantamweight,0.7312063257754469
bbc83dc430907e389c5797b7,2026-02-28,1,middleweight,0.5524102386802193
2077c2890c41a9b316ed868e,2026-02-28,1,lightweight,0.7310569022272335
f03a87113a5b4a41789518ce,2026-02-28,1,featherweight,0.4648153561922871
8751f42c0e4c3aeeeb87e5f5,2026-02-28,1,flyweight,0.43456224679255256
9082c15b81e2e51a642ac078,2026-02-28,1,featherweight,0.5289168364800151
22ec0f3aefb13116f8ada58c,2026-02-28,0,flyweight,0.4614735695677379
9010510737fbee093fd3bf77,2026-02-28,0,bantamweight,0.3368099441970775
d459a63787315f3eb1a502d2,2026-02-28,0,catch_weight,0.5893344671081704
70ba1e925d41019126005eef,2026-02-28,1,middleweight,0.654624406893065
d2d4410e876a93f8f976e7dd,2026-02-28,1,bantamweight,0.6818609443294068
318c47554f83861a25c5e91b,2026-03-07,1,middleweight,0.49894465111052605
bf1aec6f70f260624d3b9b53,2026-03-07,0,flyweight,0.49117621082787877
94147872239a767c2e857a45,2026-03-07,1,bantamweight,0.6837902852252897
f003622738f0c9f29a53f83e,2026-03-07,0,middleweight,0.206546085022341
4835a22ad6b6553e6381e2c4,2026-03-07,0,lightweight,0.5513482766886261
f43a8d832e5416125dec762e,2026-03-07,0,middleweight,0.3752127255149098
6be0d12218d6b71924bdd528,2026-03-07,1,light_heavyweight,0.526581434718515
0ef38a78abeb8ae87231f88a,2026-03-07,1,lightweight,0.35751754079280684
7f4464f49e34e59fd11f180c,2026-03-07,1,light_heavyweight,0.5143350451111262
3fdf134a7e134c04b4f0d2d1,2026-03-07,0,featherweight,0.4010576547346446
9aacc228933e9457bd940b43,2026-03-07,0,bantamweight,0.4436873326769674
fcd42646fa23e7f9e7c2f132,2026-03-07,0,flyweight,0.5282064019162404
6e42054fd40a5df987fe2c39,2026-03-14,0,womens_strawweight,0.303625202106594
116e4ab38bd010556899ca28,2026-03-14,1,featherweight,0.4943374133627766
2690cce2008297ed0261a224,2026-03-14,0,womens_bantamweight,0.26431888748679483
c3a3f9b49a9c711c66a3aa23,2026-03-14,0,lightweight,0.6872782101414731
e3e6be0a6a1785a18f06128e,2026-03-14,1,middleweight,0.5000504726384539
ebb2487b1e6c4a73375992db,2026-03-14,1,flyweight,0.6092913456484642
5cc3762bafc47314ac659de6,2026-03-14,1,welterweight,0.5936768085533857
1f1970ca73ded18e7d6dd680,2026-03-14,0,bantamweight,0.5406311513241665
97ed259a73928d4abea4e0a4,2026-03-14,0,light_heavyweight,0.6747302599513186
f2a19b392eaf6ecf53918ab1,2026-03-14,0,featherweight,0.29184634364551704
613f4b3d810c24745156c6f8,2026-03-14,1,bantamweight,0.566925689806367
31a95d4534aebcbbd9f314ae,2026-03-14,0,featherweight,0.3961867084809104
eba61851d1d4237a787f4444,2026-03-14,0,womens_strawweight,0.4538784631193704
740bd64cdeb01e720d9478df,2026-03-14,1,heavyweight,0.4654570179658531
e50a767f6a27aaa8720affa3,2026-03-21,1,light_heavyweight,0.6046159326117257
ffc429f950fbc788ac732b76,2026-03-21,1,featherweight,0.7155627615868975
122b983ee76fcd5fd1b84173,2026-03-21,0,heavyweight,0.38203831161723434
2778b98b4b52fccf791a4af3,2026-03-21,1,featherweight,0.5084054603848401
c56f7132344781296abc57c7,2026-03-21,1,middleweight,0.4734444955691463
b928e149ebac6e5d829df31b,2026-03-21,1,heavyweight,0.6060898106725511
329f4134dd3d46d0e186fe60,2026-03-21,0,lightweight,0.38453295439369384
6d77f259cc07c1a082888097,2026-03-21,1,welterweight,0.5879260989942265
81753156ce7e294bd08ce590,2026-03-21,0,featherweight,0.47219607477458253
953466079f24c362d4b7033b,2026-03-21,1,featherweight,0.8187624538696503
08cc754bb366d03f4aec7fb7,2026-03-21,0,middleweight,0.40126215168778306
ea64fc32bcf0802d11eff113,2026-03-21,1,womens_strawweight,0.5199243774986347
b4b56d5288851656d6c14539,2026-03-21,0,lightweight,0.5835593434141636
13932cdbe9d5de2ec76a5fee,2026-03-28,0,womens_flyweight,0.6444270294716983
7f89cb9c54fb491989693434,2026-03-28,0,womens_strawweight,0.19215723567277848
5b1cf02705f639a607b7a9f6,2026-03-28,0,womens_flyweight,0.35155376835056384
6e6499328bda5652d5e67268,2026-03-28,1,lightweight,0.3129939487196522
c0efb94625712dc6ce57d4a7,2026-03-28,0,lightweight,0.6188659880313979
c03ef62e877b68710a00fda6,2026-03-28,1,middleweight,0.5204177621061963
ded7cab12afa5e8136d32e03,2026-03-28,0,featherweight,0.7787745651845945
adb0e912e19c69abf28331ea,2026-03-28,1,middleweight,0.514025894035215
9f71c631b76c14e341b8d005,2026-03-28,0,heavyweight,0.8000325640006906
089cb7f1d5d705a0045e8fe3,2026-03-28,1,welterweight,0.7731098925950174
d88a8044ec31d862af12c982,2026-03-28,0,light_heavyweight,0.2759675544089191
2d8fec6e060b91d367e67549,2026-03-28,1,lightweight,0.5513810470741302
38428a63561ebfc036261e52,2026-04-04,0,light_heavyweight,0.2843301268862786
6d6f4b2e916edab178747e5f,2026-04-04,1,flyweight,0.6444628323107905
9a0a82b8eefa40a31da05ef9,2026-04-04,1,womens_bantamweight,0.6305677501931148
8960ce5092f5f88135d6e47c,2026-04-04,1,middleweight,0.4287960829446941
e398470a69160ec364593eee,2026-04-04,0,womens_flyweight,0.5527452831560694
0a008748711d14843fd48f78,2026-04-04,0,bantamweight,0.48901898419797885
4190a293ed302172c923038d,2026-04-04,0,heavyweight,0.5597394456495113
5601cf561a4aa0308a570064,2026-04-04,0,featherweight,0.6213921531677041
cd8f14862e82622863c3da12,2026-04-04,0,lightweight,0.638361003849167
e0c28b8a1fe424f046e120c9,2026-04-04,0,lightweight,0.5620334131590375
2a8082089f09e6aa62537f3f,2026-04-04,1,lightweight,0.4582353827492899
98dcdabc51229deddfafd80c,2026-04-04,0,featherweight,0.47043288166389763
d61c11b27665ac1a7c18a5cd,2026-04-04,1,womens_strawweight,0.5297734750150447
2f41cee23f546234781713e8,2026-04-11,1,light_heavyweight,0.4271611396816068
89e8cd3f76a506f53b462316,2026-04-11,0,welterweight,0.4306284052813704
fdddea8806b9faa3621f37e6,2026-04-11,0,featherweight,0.5942352667414377
e7500102f24fa09cee94c525,2026-04-11,0,heavyweight,0.3549731922389092
da0321b24ad1c24f9593c513,2026-04-11,1,light_heavyweight,0.618798187409427
2da91e0c8c4525ab789d3607,2026-04-11,0,light_heavyweight,0.4795651504167972
6161f6406048a50739df4ffe,2026-04-11,1,middleweight,0.4968114654282764
2963e5a0bceb12ccb19f5725,2026-04-11,1,welterweight,0.4314625078792297
74aecca8423c0c193df10969,2026-04-11,1,lightweight,0.6280155698900506
2b7b04df6d9fa95baad00180,2026-04-11,1,featherweight,0.6698081558746952
c78dddb59b33a046f13afde6,2026-04-11,0,womens_strawweight,0.4162553751277717
6f53a0645cf079d074a65578,2026-04-18,1,featherweight,0.6267445518755648
8baab54f7d444bf10ca0db14,2026-04-18,1,welterweight,0.6696624568359024
481bde890c04cd2b72f36f45,2026-04-18,0,bantamweight,0.57681513777268
42cad2889d9edf3128845320,2026-04-18,0,womens_flyweight,0.48860546216915507
571d039f951b5a5b79476f43,2026-04-18,1,womens_flyweight,0.39204119565796175
7648e715451f649c1c02e56b,2026-04-18,0,middleweight,0.5028982593008359
19ca748d94d8329185d01bc9,2026-04-18,0,bantamweight,0.4999284276922657
9a8cc5bc98fcb4f9b3d571ba,2026-04-18,1,lightweight,0.4344248724087215
9106a59252f60b584ed60f3b,2026-04-18,1,womens_bantamweight,0.49237813748183024
6f756791d3cb4e29f802a204,2026-04-18,1,heavyweight,0.43546190080905506
32ba2323da6e4e97057007b8,2026-04-18,1,lightweight,0.521074334383538
ced8d33f7c7986fc18c549dc,2026-04-25,0,featherweight,0.4970521967879097
bd41d6eb2f24b1109b3c75b2,2026-04-25,0,bantamweight,0.5159590906401715
e9a78e4001589a73d7f11eac,2026-04-25,0,lightweight,0.5981190799210461
0fa2bf16957a831e7e084c80,2026-04-25,0,middleweight,0.4633127034820188
6d425f605ff2851bb66f92b7,2026-04-25,0,bantamweight,0.672616644695751
3fc735f9cff4cfc6be2a5855,2026-04-25,0,heavyweight,0.522572870264513
25c1ac509edcf2facf44036b,2026-04-25,0,welterweight,0.643085891513338
9ad4b2353df7e16717b9c1bf,2026-04-25,0,womens_bantamweight,0.3121572785729353
82bd20cb47c73bc91d64b3c2,2026-04-25,1,bantamweight,0.45270250119703787
9864eb536b4f06f3a26d066e,2026-04-25,1,womens_bantamweight,0.4552756566289823
c42e9cf6d05571fadb1de5b2,2026-04-25,0,lightweight,0.4488017728814281
709f656b59ccf67184da9c71,2026-04-25,0,middleweight,0.5659909358649486
83133a15f09d9f4cc73f43b8,2026-04-25,0,womens_strawweight,0.5345324502290113
d2019c0de8325c8a98a306a7,2026-05-02,0,middleweight,0.6653418324006222
7768db54c66358b2b858e1e8,2026-05-02,1,lightweight,0.7148201300966914
770f8afd778d150f6aa7cf04,2026-05-02,0,middleweight,0.41228634174765805
6a2e981ee5d1b48a64ac6122,2026-05-02,0,bantamweight,0.3176399585028696
764a8bf0276adcfe93c1caa6,2026-05-02,1,lightweight,0.30726472564243873
01b5e211c209b6f0c543b0b2,2026-05-02,1,welterweight,0.3772816479204863
89d60525df38777002e660fc,2026-05-02,0,middleweight,0.2125307361335224
b0c925bc64270bb81d93ab36,2026-05-02,0,welterweight,0.42277965797920875
083cde7930f8860fee58437e,2026-05-02,0,light_heavyweight,0.47259834751465474
60387333226530fdcf97bec6,2026-05-02,0,featherweight,0.2863424337298783
a264dffffe303c536de36458,2026-05-02,1,heavyweight,0.5127887444094822
09065036447dc7a320c7e2da,2026-05-02,1,heavyweight,0.5447427046759848
6fb53961b2d666aafb4b064b,2026-05-02,0,flyweight,0.35189483596219434
f5e0e2e46d3c92faa8b347ac,2026-05-09,0,heavyweight,0.5532458732947361
90e4da20581928aa94556f63,2026-05-09,1,middleweight,0.5747940462254468
1d98f3ce9b5d48961b4c745e,2026-05-09,0,middleweight,0.3348589366033971
05a76c96c6338817b292861c,2026-05-09,1,flyweight,0.6271748134239603
07b9e66a829dc6d72d9885f4,2026-05-09,0,lightweight,0.32030942278376445
afd2fbfe97aee305ec8d02d3,2026-05-09,1,lightweight,0.37068506386743666
3d1096937f18d86e33bc928a,2026-05-09,1,welterweight,0.5794852293733359
f6c88964f557b14ad9c204bb,2026-05-09,1,flyweight,0.5510240630260719
46298b169361970e45f99b28,2026-05-09,1,middleweight,0.30594790976454095
66afb65c31f9e32e9df8b5af,2026-05-09,1,lightweight,0.789397982071488
955b4a0bcd70050a7d893bb7,2026-05-09,1,featherweight,0.43183343230278315
90ede5f565670aa0d4f02dd6,2026-05-09,0,middleweight,0.5863851238911845
60e599ad816b744b5d1dfe10,2026-05-09,0,welterweight,0.4356929021861037
df8bf64a53714ab469a8171d,2026-05-16,1,womens_strawweight,0.5563737635889054
60424e83dc1bfd79208498df,2026-05-16,1,featherweight,0.44519260252181064
5d1b5346c163183f72697000,2026-05-16,0,middleweight,0.6417065140435037
24504179e9e47707268034d9,2026-05-16,0,flyweight,0.3411327719606194
2c9ca900f65fc955ef8c517c,2026-05-16,0,featherweight,0.5362893199806759
8f09fd2f5d0d5f2f5ee1b044,2026-05-16,0,womens_bantamweight,0.5904535090663354
2715b4c8d7fb7540defb3846,2026-05-16,1,bantamweight,0.5627662771159604
82260e1138f346b4847d0064,2026-05-16,0,catch_weight,0.4814476149879778
d0e4f89291a3b2a47a4c2e5e,2026-05-16,1,welterweight,0.575167951504288
1b2685e01a9ac753c4c600e4,2026-05-16,1,womens_strawweight,0.46477238082704586
997cfd358378b086e3299880,2026-05-16,1,bantamweight,0.4564607862787987
a4bdb5588de2297a5a11f2bb,2026-05-16,1,lightweight,0.3195927600628066
df7a148dbfdfd88918d9721d,2026-05-16,0,light_heavyweight,0.4860123432052863
e76716cdb62adc72a898c84e,2026-05-30,0,womens_strawweight,0.4890084501644271
de4bbfe11f7e9afb3697411d,2026-05-30,0,bantamweight,0.29219472923084294
2e8f013fee31e910467a220f,2026-05-30,0,welterweight,0.44972334658114504
080866da8f9c3879368f9297,2026-05-30,1,welterweight,0.6702693492036145
a9efd5d9fa54e2fffc8c705f,2026-05-30,1,bantamweight,0.33960958778965333
b3bdcb91ae448d6d7885c522,2026-05-30,1,womens_strawweight,0.4930403026833304
278006f71b6cf940c176a75c,2026-05-30,0,bantamweight,0.2551632881040124
148d8ace171a23073bdd117b,2026-05-30,1,heavyweight,0.5982190800184397
d5c6fe40bd98f0e9c99e1b2d,2026-05-30,1,bantamweight,0.6650116545004897
e2f4292e20e9c0c28b7a747d,2026-05-30,0,middleweight,0.48356631850588294
8f0f7a0419d23e212fbfb392,2026-05-30,1,light_heavyweight,0.3945254735162781
99d1eb8f8db46c35fa42c8d9,2026-05-30,0,featherweight,0.43961617456339497
9b4e5d497b54d27bc07491db,2026-06-06,0,welterweight,0.4289401675790679
b00742f8e1c3c7257dedfe17,2026-06-06,1,middleweight,0.5528158740010559
ff8b0e9d5b615f26bcb56e8f,2026-06-06,0,flyweight,0.3874663402988171
0b367673055ac66f2fbae0f6,2026-06-06,0,bantamweight,0.559955668213916
3668c1d2d15b9a2e17154633,2026-06-06,0,lightweight,0.7135861898384195
2968a2440ececa6a2bffa7ed,2026-06-06,1,light_heavyweight,0.5883253749626934
a8e7fcb14799998346df6ecf,2026-06-06,1,womens_flyweight,0.5583204480531097
68e8ac1859681ba9874a23a0,2026-06-06,1,featherweight,0.567699044639128
683fba6e312497f37bccee6c,2026-06-06,0,womens_strawweight,0.4088134147782512
55cda98dcba84b2e4df21142,2026-06-06,0,bantamweight,0.47364205093975265
183d1fd4023d7452703cd115,2026-06-06,0,catch_weight,0.4794846995709074
c7214b866d96ddc944ef2f5f,2026-06-06,0,womens_bantamweight,0.39285824514453543
8278892a4c14c81652888c25,2026-06-14,0,heavyweight,0.44304173526326696
68eadc603e2258cc6e834490,2026-06-14,0,middleweight,0.3015672908151861
c060fc6fb029250777d3777d,2026-06-14,1,featherweight,0.4977960938295313
943e37ed671d7109047f808a,2026-06-14,1,lightweight,0.258423378543248
36c1fa8c53e9ae2022f58cea,2026-06-14,0,heavyweight,0.30937676424153615
e7a5ea80f9a620085cb1823a,2026-06-14,0,lightweight,0.2524667113209962
6169cc08a126df1c6a18aaec,2026-06-14,0,bantamweight,0.3405854800837486
fc2a74fa8d1c4b03c6d69bf2,2026-06-20,1,flyweight,0.4557865322528152
c09d9aad14825f90797532f6,2026-06-20,1,flyweight,0.27561708663626455
2d36199c081637bb4c36b9e7,2026-06-20,1,womens_bantamweight,0.6468239535437765
805070bb64eed90ab7a713e8,2026-06-20,0,featherweight,0.5839397910277929
7fb42d1a9d173197276da987,2026-06-20,0,featherweight,0.44752505719239327
6f88dcffddfee17710b9ce04,2026-06-20,1,light_heavyweight,0.630409916494406
10a92ed06831c359cbea7d7b,2026-06-20,0,womens_bantamweight,0.3570744505864483
daf8ce484ff4ccf83da3efd7,2026-06-20,0,welterweight,0.5904715891653347
068217722c3a581f2398ec98,2026-06-20,0,flyweight,0.6148455803584674
a5c013cd9de78690082fd17a,2026-06-20,1,featherweight,0.4594799024863076
9dc4ecfde8b739f17edabdca,2026-06-20,0,featherweight,0.4735242357313765
5c36bf5ab120e7a209b11f28,2026-06-20,0,featherweight,0.21250398543436072
6d63253391cdf77a91c4ac30,2026-06-27,0,light_heavyweight,0.3005493555892889
90327db3b54656ced1143f70,2026-06-27,0,middleweight,0.5133461135951656
ef0f0a39d308aeb270b0d222,2026-06-27,0,flyweight,0.2535617003136185
8e1cd7330ad54ee49a037bc2,2026-06-27,1,bantamweight,0.6386371502397391
7daafc83159f735d91d0ab67,2026-06-27,1,welterweight,0.6647313467350928
c75906328af883c3bbc52305,2026-06-27,1,welterweight,0.6810747582061681
989aa5c1b8e9355afa65a540,2026-06-27,0,middleweight,0.36588218913886017
87c2f9a831fbbcb2146f141b,2026-06-27,1,featherweight,0.3458918872553153
70fbc0ede755875b8b78fa42,2026-06-27,1,lightweight,0.4374551870263892
da8297f2092ec7e04ce66b24,2026-06-27,0,middleweight,0.5206861731766858
d8b6e78b4bbb706991ee1f38,2026-06-27,0,lightweight,0.6650604983429925
ea8a1da327a8f5101e5ddd58,2026-06-27,0,middleweight,0.35108267775999713
f062199725bd87e849733e0c,2026-06-27,0,welterweight,0.44101501547481814
