fight_id,fight_date,fighter_a_won,weight_class,probability
26b46336baf995109799d0e8,2019-01-19,1,lightweight,0.2928025067032945
38913c7a553efd0ea27c4ce6,2019-01-19,0,light_heavyweight,0.5298577131621697
8126ece57175e39d22722e5b,2019-01-19,0,welterweight,0.6781477295417815
fb232738136fb41408e97318,2019-01-19,0,bantamweight,0.24214332046952813
cbce63c7e16d47b29e74d88a,2019-01-19,0,lightweight,0.3891122387544425
9a7c75d28b2227d353ffee0b,2019-01-19,1,light_heavyweight,0.42819103426706656
ed17d601382b0e1ee5f25834,2019-01-19,1,heavyweight,0.5022597793142284
5678ee79359ee825af2c6cf6,2019-01-19,0,lightweight,0.25361835110658976
25a9c1526fc208e6c7fe38c0,2019-01-19,0,flyweight,0.6950908537780426
7c630f0caa70766b4c9772ba,2019-01-19,0,womens_flyweight,0.2768429408212784
16e5b4cb10bf8316f059f140,2019-01-19,0,flyweight,0.4271666578141434
e290c1a53b53c40025a2f302,2019-01-19,1,welterweight,0.45941298746479664
24cb0110e15bf9500f3a20ae,2019-01-19,0,womens_flyweight,0.5072936317186111
8efd36d5f3360c4d96328383,2019-02-02,1,lightweight,0.4626151966964681
414613fb990b2e1f8744a998,2019-02-02,0,welterweight,0.4394358150156704
1b0fda4335818f786b8d6f2f,2019-02-02,1,featherweight,0.44508132051203625
1953db6fe5b9744c1843dd12,2019-02-02,0,light_heavyweight,0.40938990394541
1cd6203b9577bfd25372eb22,2019-02-02,0,featherweight,0.670571624348148
22cbf1de4862c931b9f97a10,2019-02-02,1,heavyweight,0.4187484946479035
7342c697833ab7bab79bea3e,2019-02-02,0,womens_strawweight,0.31843281603625373
f0a78186a92cdad28af6e943,2019-02-02,0,flyweight,0.7228443939753164
4523cf854ff48df6d66ba36f,2019-02-02,1,womens_flyweight,0.6526920729203916
34446cbf52a1732388aac036,2019-02-02,0,middleweight,0.6840665332604953
5467de70ec0bbfc6ea3f127e,2019-02-02,1,bantamweight,0.6631427728605559
15c9bca416c7204a3b9a9692,2019-02-02,1,bantamweight,0.3397010484223447
f50a16321d311cfb1f168e8c,2019-02-02,0,welterweight,0.7438961859671184
1d74549a59fbd93e268d0046,2019-02-09,1,lightweight,0.6675840682666145
e4525ba53a52b5b0857e967c,2019-02-09,0,lightweight,0.27173603843934685
896c12a96bf1da79303bc533,2019-02-09,1,middleweight,0.8593833297461912
fcaa078b4857c278dceb747d,2019-02-09,1,light_heavyweight,0.3823757355516791
b253a6a048ba0dd83a41d3a3,2019-02-09,1,flyweight,0.4980665729174011
4c10bda573f8c01d3c440405,2019-02-09,1,lightweight,0.7589262219734899
5fe9e229550df4983795b5be,2019-02-09,0,womens_flyweight,0.3054624748559117
5ad3dfcbceb50baabf4a06f1,2019-02-09,0,bantamweight,0.42764476947728175
19c65e9f1f86ac03182841f4,2019-02-09,0,featherweight,0.25542102018773066
b320535a9010e893cc6fe892,2019-02-09,1,bantamweight,0.7416782164230743
ca6f6af371cc512b6d1734d5,2019-02-09,0,bantamweight,0.6882712986939588
fb545f795d0e191fdab5bb79,2019-02-17,0,womens_strawweight,0.4537556689405112
3a7293241a2a807fa182f6f5,2019-02-17,0,featherweight,0.39911087787979005
90e1f32d8c4d591b474fd0de,2019-02-17,0,featherweight,0.7228608427924654
3038757c3f23bac29c322002,2019-02-17,1,womens_flyweight,0.5489601062619539
c015f09a4e1bf33ced9384e3,2019-02-17,0,bantamweight,0.5114245359062327
5891d36900849c98a50352f1,2019-02-17,0,womens_strawweight,0.29582527019660726
6959921b10f78a71e64300e8,2019-02-17,0,heavyweight,0.5050561168161554
657a85fc997ba3106e9c502b,2019-02-17,0,lightweight,0.6739399252719237
ca78a58998323e4f9fdbc72f,2019-02-17,0,bantamweight,0.3787308872345913
8cc10441cbf2614f8785b729,2019-02-17,0,bantamweight,0.5038023979355174
6118a8c78447f0434395fc87,2019-02-17,0,lightweight,0.3504293362167378
38cec55ae4c31d673c6a5cb7,2019-02-17,1,welterweight,0.5480506679586511
9e4bab0c77a4e9c538d5684c,2019-02-23,0,lightweight,0.41828490616124503
e7306a3ff9867fb2e7e85ac2,2019-02-23,0,lightweight,0.2203330057955791
c622965b0bcf635ba617dbb7,2019-02-23,0,featherweight,0.3918497816827956
f6151b74f7346e29cfac2985,2019-02-23,1,welterweight,0.3536766184763002
bb340698ea1e7e4cc05fe35d,2019-02-23,0,light_heavyweight,0.5997428352935017
1f68dad92eb77d22953924b9,2019-02-23,0,light_heavyweight,0.3723686756301029
f20354ebb869644c4afccb40,2019-02-23,1,bantamweight,0.7089351729221801
68976dec066e7619e206ce8d,2019-02-23,1,womens_flyweight,0.3968066238319512
56cbf3ea04dbca631e7d843e,2019-02-23,0,light_heavyweight,0.37440969043427164
097be1f05c2d7e6e94d40303,2019-02-23,0,welterweight,0.7760876184279112
63c32ebc206ee6106b382e72,2019-02-23,1,lightweight,0.35857267008434224
fdd038da2b5f04c16971323a,2019-02-23,0,heavyweight,0.5346258551318964
c89ca4669b8e6877497edfa3,2019-02-23,0,womens_flyweight,0.21743791001078125
1b1fe5662b3d023466c64bc5,2019-03-02,0,bantamweight,0.7479158007828368
947d498d822062457d1e667e,2019-03-02,0,bantamweight,0.4447280147751933
0d13e65dd754b3f1bc58e7b8,2019-03-02,0,welterweight,0.6590521723112274
54daae7c0fa28da8ca71a0f5,2019-03-02,1,middleweight,0.5739239205481669
d15183f063880d7d4e9bbce1,2019-03-02,0,womens_bantamweight,0.24993872885735266
5b92ec9d7c9365ea015380d9,2019-03-02,0,featherweight,0.18848192366246944
e6b1f51548c2ef5176c0c18c,2019-03-02,0,light_heavyweight,0.25588994275659277
a4499ea5511393f5c9bd2dbd,2019-03-02,0,light_heavyweight,0.3473051341773044
593c1b1e6c82dec285a0ca06,2019-03-02,1,womens_strawweight,0.2550573093189443
fb04d1b737f436ebc97b03b4,2019-03-02,1,welterweight,0.7259354814503362
568a7229b4b06a6455408f13,2019-03-02,0,womens_strawweight,0.526539988892238
75fc305627143c9630ca9bf5,2019-03-02,0,welterweight,0.49245358712216636
818abb53258da411751b41a4,2019-03-09,0,welterweight,0.46818903913395443
2af546ec2d6b95fc63d0c56e,2019-03-09,0,lightweight,0.30587424270481345
58e767357e6d5c8330f66f2f,2019-03-09,1,welterweight,0.5793862194384349
aeb99a1990e3cb523a3641f3,2019-03-09,1,lightweight,0.8227085133791618
57bb3b3ccfd9285941e2f474,2019-03-09,0,heavyweight,0.2691911969939551
e0fd283d4ad215ea9c9ecb5f,2019-03-09,0,heavyweight,0.2392843665750956
91dd9ae4e12f09809b994011,2019-03-09,1,welterweight,0.4745564886668602
a822ba1d485f0fc8ac120f48,2019-03-09,0,featherweight,0.2570098460105292
5b43785643265dac8e96f96a,2019-03-09,1,bantamweight,0.537282817862836
33db1b31bad9e3c347f5d190,2019-03-09,1,womens_bantamweight,0.6385809003868802
e992a27d67c8e35a59363798,2019-03-09,0,heavyweight,0.2532161277058749
1598348e4d6680280ca7ecb1,2019-03-09,0,middleweight,0.38542082972417
5793b77c4043eadce8dbc1a1,2019-03-09,0,welterweight,0.4621046226221755
3b895d43f522ada07f4959b0,2019-03-16,0,featherweight,0.46153618306801036
6d70742b8f98faa563b821eb,2019-03-16,0,featherweight,0.4426753148662442
ace5bfe86e4b0d6735973199,2019-03-16,0,welterweight,0.4612417463408386
353e4c10440a62ea4553e3ff,2019-03-16,0,welterweight,0.614186110893585
20e86b5d807bb2dc387b78f3,2019-03-16,1,middleweight,0.8108953438484165
f7dfb4e06c955b5b53ddc717,2019-03-16,1,welterweight,0.6786284480528051
6cac406144299eba656c31c8,2019-03-16,0,lightweight,0.6577246249463106
bf87589c5256203f65f72bbf,2019-03-16,1,featherweight,0.2543658931825759
0cc779241aa11d55442d44dc,2019-03-16,0,womens_flyweight,0.25308106076475656
9f29624a5aa95c6c6caf75e2,2019-03-16,0,bantamweight,0.2439137734929315
8f38415a1100e141bbd92841,2019-03-16,0,light_heavyweight,0.7549825041942336
10ac2affd027d19e4dc0a8e1,2019-03-16,0,light_heavyweight,0.5060296391818389
e694a2560234a188ae42e974,2019-03-23,1,womens_flyweight,0.3427255737394135
9c5f20dcf4b276ed3c4a12e7,2019-03-23,1,featherweight,0.5418915779354819
de2f47976573bf170793803f,2019-03-23,1,heavyweight,0.5864813596193862
f9b2cc6068c2ae45506e9313,2019-03-23,0,flyweight,0.5844326721369338
6871ce208868dbd843118f56,2019-03-23,0,lightweight,0.4905134494783882
3507718bfe13d92f6054b9ed,2019-03-23,1,flyweight,0.40195679615622976
57da958cc94cc83554eaeebb,2019-03-23,1,featherweight,0.6019739250531502
95a795d06d973c01bcfd4990,2019-03-23,0,bantamweight,0.3127627704832052
ab7c36995971e72c6d2cbf53,2019-03-23,1,womens_flyweight,0.5744103464935593
adccd3ef67929e7be8b0fb1f,2019-03-23,1,womens_strawweight,0.5886053855527059
a6ca1f430b5ef469ba343397,2019-03-23,0,bantamweight,0.5106111502748629
d9300b28ce089ff86c099e9b,2019-03-23,0,welterweight,0.6196829436974061
84ee51fdab49a6792b09df2b,2019-03-30,1,bantamweight,0.8663719626875263
b2272144ef0de0d983b37600,2019-03-30,1,middleweight,0.713710271668685
4d97ae90607b612a50988191,2019-03-30,0,lightweight,0.5096886562574198
477250ca2a15d6683e877e00,2019-03-30,1,featherweight,0.2630147698251851
f3fc62d38088caaf5eec0fe5,2019-03-30,1,featherweight,0.392450160321616
25a0d90348d39625a4f0314b,2019-03-30,0,womens_strawweight,0.6700689426418355
889f1c72aefbecafdff832f9,2019-03-30,0,light_heavyweight,0.5796668275134141
5396918119ed934b0af80bcb,2019-03-30,1,middleweight,0.5678328370459044
9496decacd91b03a238021e2,2019-03-30,0,womens_strawweight,0.36382208115007625
865dd8ea788e2e501a2f6b3d,2019-03-30,0,bantamweight,0.6503561997729905
acba98dfe391a402c7725c1a,2019-03-30,1,lightweight,0.8953213547011505
bce69a101b3313de146183e7,2019-03-30,0,womens_flyweight,0.7089139028223338
12e81505192fb36cefeaab8b,2019-03-30,1,featherweight,0.47025105582422866
3f60dec25b566435df7cedec,2019-04-13,1,welterweight,0.6191768374051688
7e8869149838e8184f1e5273,2019-04-13,0,bantamweight,0.530773100094206
289890fb9419def12213ee83,2019-04-13,1,bantamweight,0.5360699937687617
b784ab0811d40210660ce193,2019-04-13,0,welterweight,0.6079695799058246
4ffab5007df4ff7646771e21,2019-04-13,0,light_heavyweight,0.685717101389693
33ebcc2e07caca97f069be07,2019-04-13,0,lightweight,0.7988649896005775
a7712c32403c49d7bbe8592a,2019-04-13,1,middleweight,0.5688217196218773
cfbe4a97e3e72c4468debf09,2019-04-13,0,womens_flyweight,0.5502834150933564
3ad810f66b297f4a1e28f412,2019-04-13,0,welterweight,0.5347720749348348
5515c14ec2037b702fc825e9,2019-04-13,0,lightweight,0.7194615143913161
e22e3562dae8dfff221df22f,2019-04-13,1,bantamweight,0.7573936812906757
86ba5ba8d5b95634ce58b762,2019-04-13,1,light_heavyweight,0.7033832154423024
1c9726808f14ddd59d42d22d,2019-04-13,0,flyweight,0.5628511700194485
8de90dc8a38f56cfd96d944d,2019-04-20,1,lightweight,0.517973322454584
b9b4e5d3157c57087a7a77b4,2019-04-20,0,heavyweight,0.3565713469795523
a13f15fd4cc899207fc13e71,2019-04-20,0,light_heavyweight,0.24341824423434044
663b41c840a325072588a36b,2019-04-20,1,lightweight,0.7138384006797698
1b6f229338f50db52565e59c,2019-04-20,0,middleweight,0.25152097968998877
815560d234b6ccedda48743e,2019-04-20,0,lightweight,0.6111972591227012
91f5f9dbe58e9a59f5f3a499,2019-04-20,0,heavyweight,0.7374532735252073
f973994e8ab6d25d2f5f2c88,2019-04-20,0,featherweight,0.5001047743079655
af7c348666716dc73218dc9a,2019-04-20,0,womens_flyweight,0.635049278683605
7bb40837872b53468491b077,2019-04-20,1,heavyweight,0.4043764260103134
7b6b18993ce6ee3086c6f10e,2019-04-20,0,welterweight,0.5470751720796754
5f2baffa9f9e18070dd69e1d,2019-04-27,0,welterweight,0.6286660986422332
b031eded632dd94461f4a954,2019-04-27,1,heavyweight,0.7111183300176275
915cc3326771dcb5012f05cb,2019-04-27,1,womens_strawweight,0.7332049174345112
cbe370d6e9437f7454094401,2019-04-27,0,welterweight,0.4287480787560976
a3f24c5dfdbc1c1cb8b01ef2,2019-04-27,0,womens_strawweight,0.27048927910600645
3f0c08354e145c02110fd0a2,2019-04-27,1,welterweight,0.47419881930304475
6f066ff33c959ab559b7a1cb,2019-04-27,1,lightweight,0.6325493874878899
cf0c668767f8f59b49b1d46b,2019-04-27,1,light_heavyweight,0.2805757842115447
d7a529c7a59a0342b202024e,2019-04-27,0,heavyweight,0.3081609526285749
810334f59f27e21035e1f127,2019-04-27,0,middleweight,0.44192203706547245
56ca651437d7cc1d573c3970,2019-04-27,0,lightweight,0.5479508946524833
64e530283564ae1339632e0b,2019-04-27,0,bantamweight,0.4429636797567496
734a75344024157915995e4a,2019-04-27,0,lightweight,0.20966106489703976
3a807e46fc597761a9a248a3,2019-05-04,0,bantamweight,0.3952489308556527
4afd8778c789a9d76835ce0a,2019-05-04,1,lightweight,0.4417623262582389
ffc7edb9f4fdd9e856d76689,2019-05-04,1,heavyweight,0.39960796840874485
aa35b011a1662c7027e70524,2019-05-04,1,bantamweight,0.5699225613490705
640f1b8fcbd5c004e9cb36a7,2019-05-04,0,featherweight,0.49180960137297336
3b1a562aa4ebab0784fd7bc0,2019-05-04,0,middleweight,0.5334369362494243
1b63ea904ebd2957ee46991c,2019-05-04,1,featherweight,0.5628830258173314
89394eb01e7784b2c428333d,2019-05-04,1,womens_bantamweight,0.4833506967625446
dbedbc64c66202909e1eec7a,2019-05-04,1,middleweight,0.5105552696394854
9e20d5adcc49052c74014626,2019-05-04,1,bantamweight,0.5441842754196209
978214d16c31f8696f47f29f,2019-05-04,1,welterweight,0.6681777074386682
e124311e45865d724207e325,2019-05-04,1,heavyweight,0.2618524728347895
e7073ba5faca0ccac9ce2fcd,2019-05-11,0,lightweight,0.2754207961289234
69669b5e3b46042a05eb0823,2019-05-11,1,womens_bantamweight,0.5101296059310445
91bd5d42cc6416e430dd43ed,2019-05-11,1,middleweight,0.7011512545379631
4afd58b0d8a55895c868a02e,2019-05-11,1,featherweight,0.5744362004233219
81a04e8caf79fb727607d237,2019-05-11,1,womens_flyweight,0.7050303061456326
10d59155db6aa78a1427c454,2019-05-11,0,bantamweight,0.5003343258693368
9249808c94f3d6dfdf9af36b,2019-05-11,0,light_heavyweight,0.4806285776897262
6c73f1b4fdd41c4e4e6654da,2019-05-11,1,womens_strawweight,0.36308333180531116
d89982d834ee44a1b667b66f,2019-05-11,0,womens_bantamweight,0.5372928867973997
8296e0d578cb9314c68eee1d,2019-05-11,0,welterweight,0.3863847656667652
365fefe34135160ec5455d1f,2019-05-11,1,lightweight,0.5431981658915486
6cec7d8a2c1e3df9f294b43a,2019-05-11,0,welterweight,0.5344565664659758
363d78001101e6229c0a2b0a,2019-05-18,1,middleweight,0.4589318860306441
3f0251bc27145aab23db9546,2019-05-18,0,womens_bantamweight,0.450767305959171
50d9e85f3686903269809172,2019-05-18,0,lightweight,0.49031783956736974
7d905c953ba73d1a68ead277,2019-05-18,0,welterweight,0.634112446051109
6bc2a392929414c465042a48,2019-05-18,0,lightweight,0.33109787491577175
0f6484b736a7f3cc7aba63cc,2019-05-18,0,lightweight,0.24109438051763626
db76119921bdd0ed497b32f1,2019-05-18,1,featherweight,0.7465263509922171
33c355ad10b62e7d1de78d9c,2019-05-18,1,womens_featherweight,0.4447907692491891
bc3a021cd3cf61e555021000,2019-05-18,1,featherweight,0.3897308733705406
3c180878faf99b21bf865fd0,2019-05-18,1,light_heavyweight,0.456359180975617
ca96343028b62aeda9c60fe9,2019-05-18,1,welterweight,0.34777325721095853
2a18e106ad1da3effa28ec4b,2019-05-18,1,welterweight,0.6288838970612297
05e89105390245833a6794d2,2019-05-18,0,middleweight,0.6238289394337447
e79d9d724c1b4f49a9c151d5,2019-06-01,0,light_heavyweight,0.5066139493390182
51130eaae559739d2277bccb,2019-06-01,1,womens_bantamweight,0.4322672540086613
376fca1b2417ed080dc55d71,2019-06-01,0,lightweight,0.574428536334127
6c857bc2b1611cd86b8a59d5,2019-06-01,1,featherweight,0.33815320162565504
b2a972b374869a366d3b02ae,2019-06-01,1,light_heavyweight,0.5226638488907578
9a09782a2c405f04f7df2ff8,2019-06-01,1,light_heavyweight,0.8045902641452051
44f4f36c18cd30f4a78e8d2d,2019-06-01,1,lightweight,0.46872188500464657
c4311f2a96b7cc37340ba09a,2019-06-01,0,featherweight,0.49967994823653583
2fcd04431581330b8a2d18a7,2019-06-01,0,lightweight,0.6212102816740082
0f14442a17f1f00f94f2d4c5,2019-06-01,0,welterweight,0.5211432431803061
7f95ca9ac1c70cd00b0cce57,2019-06-01,0,lightweight,0.5787723592264605
42e3da20fad88525160d375a,2019-06-01,1,womens_bantamweight,0.5156666858809805
bd6e6031555f600f46ab4f03,2019-06-08,1,bantamweight,0.7395308070592196
95939d218a1d60a883da95bc,2019-06-08,1,middleweight,0.3216074150773693
266ee3a1c82efd700b8f5aa3,2019-06-08,1,bantamweight,0.6868999232908424
f07b57e2716471ad3302c0ee,2019-06-08,0,bantamweight,0.5378744820102435
5ef23b9557a9feefb97696b1,2019-06-08,0,bantamweight,0.4201438810113919
3f6311a5a0724f605b206cd2,2019-06-08,1,womens_strawweight,0.48931136067101044
d207301a7745b122f84fef97,2019-06-08,1,womens_flyweight,0.47562023852140245
1e7a85d2f5574c5627c3eea1,2019-06-08,0,featherweight,0.5296465855810473
911a1fa0c445df7f0dd12d7b,2019-06-08,0,heavyweight,0.7202476749029028
3c6aa7bfcdac2bb433f30323,2019-06-08,1,womens_strawweight,0.7471124978293832
4e48afdd0e292d5f0e86fabf,2019-06-08,1,lightweight,0.6498634272760733
47652b43ae72f5590c7a1882,2019-06-08,0,womens_flyweight,0.23202399107852179
269fbddfdcbebe8e4bdb4b8c,2019-06-08,0,womens_strawweight,0.34974662667237366
ce49a5280ca93930a0ebe85b,2019-06-22,0,heavyweight,0.6051970443728641
41f5e50f9ae0bfaed31ee510,2019-06-22,0,bantamweight,0.523432044921634
f692e76cf277eacf2a442090,2019-06-22,0,womens_flyweight,0.40600268157259606
72cedfae58fa44321b69b949,2019-06-22,0,womens_flyweight,0.44424144653339315
32ff903f72c4276ea24d999b,2019-06-22,1,womens_strawweight,0.4475084126101564
00c99648f208e0a417e279c9,2019-06-22,0,welterweight,0.425162236069088
eee1e31c188a74656a5149fd,2019-06-22,1,featherweight,0.5232088625624473
c46941c902fed7bb4392162c,2019-06-22,0,middleweight,0.481009893522006
b84127a3bd76a5e3ac7aea6d,2019-06-22,1,middleweight,0.6687078899220685
706b7d016d03a32401ae801c,2019-06-22,1,lightweight,0.6699337133768016
739e8e2602d787738477d46a,2019-06-22,1,featherweight,0.3271235099924338
f27c0e087e9ebd1684ff09fd,2019-06-29,1,light_heavyweight,0.47263097727706066
50585a029a9751dccfd39bd2,2019-06-29,0,light_heavyweight,0.48340473339511425
dae0a129ff92f092524a386b,2019-06-29,1,welterweight,0.5558057748407412
377c80dc3b6e45e576ef2577,2019-06-29,1,lightweight,0.7299852671479258
59455ad55e5ef93414e5aad0,2019-06-29,1,womens_strawweight,0.399882051564054
a56c32c93524d245d82d6908,2019-06-29,0,light_heavyweight,0.22797634629434138
8f285887c02290c07814a22b,2019-06-29,1,heavyweight,0.37541111280172845
d2a1e845ca36ee5b8600ef32,2019-06-29,0,lightweight,0.2700998369548934
cbcb6ed7e3c7e95a085b7341,2019-06-29,0,flyweight,0.3565573048064736
f34cc5843d81a39bf53d263e,2019-06-29,0,heavyweight,0.4895122550200751
f79e641c1d4367a70c107e82,2019-06-29,0,bantamweight,0.2728211152001277
53e67f863836aff47b826da4,2019-06-29,1,lightweight,0.3582460415689229
20a121ded841e9e12c1c757e,2019-07-06,1,bantamweight,0.6130543056158669
d2d8539dfdfeaf041ce5823f,2019-07-06,1,womens_bantamweight,0.8247012244227535
3849e7ad93590c82be6460fc,2019-07-06,0,womens_strawweight,0.2644978920398272
396c48ca67f51480545db649,2019-07-06,0,welterweight,0.2539996399544092
6c8c735afb0fb578f594ca2c,2019-07-06,0,middleweight,0.291950314850628
d3c4e9545585b46a1e37a85b,2019-07-06,0,featherweight,0.25346012175543337
fad6e667536db7ad4137ba53,2019-07-06,0,welterweight,0.7309488812648123
13fece4ed75664de71f4c8a0,2019-07-06,0,light_heavyweight,0.7405318322836777
d0f0ebb34a909f7c5faf6a88,2019-07-06,0,light_heavyweight,0.37434110457617087
5de1539a147642bac02b122a,2019-07-06,0,welterweight,0.3937447820507444
82a761b4999bf1e4b0ed7ae3,2019-07-06,1,womens_bantamweight,0.36528886310160685
c2f52b8c99f2b37b25e37032,2019-07-06,0,bantamweight,0.38590399467535336
0def7c9da3d4db6e32d57362,2019-07-13,0,featherweight,0.39955160488495495
f5fb1ec8c7952cc1c512ffa7,2019-07-13,1,bantamweight,0.4442451642430512
26dc516d4800e957e79c8b4f,2019-07-13,0,featherweight,0.36509202761366444
ac96fd559635b4c7fc75a95f,2019-07-13,1,womens_bantamweight,0.44960030972725584
05ef9aeb915febb76910a720,2019-07-13,0,featherweight,0.6509207812072603
ae0ff18a3c5eee3bc503d001,2019-07-13,1,womens_bantamweight,0.5363216981929865
70ae5877cea9f6b0ba4cccb6,2019-07-13,0,middleweight,0.3380247758811166
588a2bb6b75711c8e2d3461e,2019-07-13,1,womens_strawweight,0.22561571044848838
0570cae799dc63830a762f58,2019-07-13,0,middleweight,0.3186761878448704
945e0d3a9e212876ede075da,2019-07-13,1,bantamweight,0.45346525332865456
1914dbfdf41512962586abae,2019-07-13,0,bantamweight,0.6835686548173858
4c546f42a090e35397ce363f,2019-07-20,0,heavyweight,0.5034505259773963
63961ea6efd64b1b65d34c39,2019-07-20,1,featherweight,0.5173587578339153
477aadc01e427b1389921cdb,2019-07-20,1,lightweight,0.680084890553024
7af42900e3f80f8ca159c103,2019-07-20,1,heavyweight,0.42423044820979156
bb5283ee8ccec9441f73135f,2019-07-20,0,bantamweight,0.4973719534124239
03e22b6afc8fc3827a3323ba,2019-07-20,0,heavyweight,0.640881913716692
c39309c4e67ff537333ba9da,2019-07-20,1,lightweight,0.4089586417403653
180e942322ce1a8941b2e39c,2019-07-20,0,bantamweight,0.3810065715249247
af5eec7e9c1abcec258ac49b,2019-07-20,0,welterweight,0.48287346264409253
270ce34d482903a677fa17bf,2019-07-20,1,womens_bantamweight,0.675895072439118
9bb0db9278511eb73cc534e1,2019-07-20,1,bantamweight,0.5934433684530237
58e855604932a7f6ee3f5606,2019-07-20,1,womens_flyweight,0.31647548881044857
6270c7e6a13d39f8b0f428ab,2019-07-20,0,light_heavyweight,0.48459655019486536
12ec13ec46af056c14efd03e,2019-07-27,1,flyweight,0.45513115339959076
1c6e856edd4101a3e500ec8f,2019-07-27,0,womens_flyweight,0.23766463518033254
51addb9d2b6072ced811c9b9,2019-07-27,1,womens_featherweight,0.6341983337333077
73b3d43d2c49d35aeaea8904,2019-07-27,0,welterweight,0.29778826191808
05ed2239b2ea0fb046bfd3fb,2019-07-27,1,featherweight,0.40783241696744077
1295b55d2553494251bde142,2019-07-27,0,welterweight,0.44009141670059193
1880f52d5d8d4a70093be8c6,2019-07-27,0,womens_flyweight,0.4059670999926245
b233c1151e28ec04b24cad4a,2019-07-27,0,featherweight,0.3534106072234204
5f837399e34674ec11a971cd,2019-07-27,0,middleweight,0.3660417275680066
415e552f04f46d6a0dfa2bc5,2019-07-27,1,featherweight,0.6650307691751763
53c5de1fcd5d8fef19be7573,2019-07-27,0,lightweight,0.4590258244224966
6eeac113de6d8be6c115f368,2019-08-03,0,womens_flyweight,0.53174676799296
37963509a7ad6fe9091a4260,2019-08-03,0,welterweight,0.21493794383249598
3c047e2900cccc1e8b515fa4,2019-08-03,0,welterweight,0.19345821685307285
e1fbac640d40549a81a34408,2019-08-03,1,light_heavyweight,0.4973130755231156
545e968860424db391f622ba,2019-08-03,0,lightweight,0.5768180961973186
7201d2665fc7c40e5001a557,2019-08-03,0,lightweight,0.4889198420894913
f1af8880bfb7c5ee39f0e313,2019-08-03,0,flyweight,0.5487551126914956
08c664eb57a74c77d855ffcc,2019-08-03,0,womens_flyweight,0.6972584637086826
3ca76db0b4b30f6617f3dae8,2019-08-03,0,welterweight,0.45734170858080064
d80baaecca990243dba2c73b,2019-08-03,1,womens_flyweight,0.5441359776424924
5a97ee77f95700513db584fb,2019-08-03,1,lightweight,0.6806998440605851
60aaa0218cf8078fe44e068a,2019-08-03,1,middleweight,0.36505944632611487
9bda4cca4c1560bdb475fa12,2019-08-10,0,heavyweight,0.5132243466951163
310b054339a286bb1219720d,2019-08-10,1,featherweight,0.5318433575468561
95f9071548c71c8a429b387f,2019-08-10,1,featherweight,0.6023361290921158
bb1f9e584eebc4445533e087,2019-08-10,0,bantamweight,0.46042576981322403
3cfa69ae9469d3e98e6e8c9d,2019-08-10,1,welterweight,0.35793951164220417
eb94bf7c64b05cef83a337de,2019-08-10,1,lightweight,0.5078171020910394
421e881d17b627912cc053c2,2019-08-10,0,middleweight,0.5785937453941878
40ad55cf214d324d07ce2773,2019-08-10,1,flyweight,0.37781534474527523
6cad3824255a247586943eda,2019-08-10,1,womens_strawweight,0.3783103757633972
366b24077b4b12afdda7f906,2019-08-10,0,womens_flyweight,0.1887362687479567
82a161559110934b283287e8,2019-08-10,0,womens_flyweight,0.6313130894807434
cafcc1a7d6eeee7dcac87f0c,2019-08-10,0,welterweight,0.5840110869485913
6bb4c1091c82f4a64ed209d1,2019-08-10,1,light_heavyweight,0.4644863756838625
952d0f85baf48e580adfcbf9,2019-08-17,0,welterweight,0.42901456821059375
763b7021eda95cec160668cd,2019-08-17,0,lightweight,0.3980698946037486
632ab47f31caa99776bafd3a,2019-08-17,1,heavyweight,0.5538171012019052
b14af30ec1b703032b1c7ff8,2019-08-17,0,middleweight,0.4316414129651054
2bfe269c743b9b99bdcb7bec,2019-08-17,1,lightweight,0.15653219574157273
fb841bfbd302bdfd92f09af9,2019-08-17,0,featherweight,0.44159142286700953
5d4a75be3c772b6777d6965e,2019-08-17,0,womens_strawweight,0.518242488601055
8b43d370f9a95a04823b6e21,2019-08-17,1,bantamweight,0.5878202036216102
2f96645259048f7ffc5e87f2,2019-08-17,1,catch_weight,0.40106033390843887
a412d12faf803a97f8b5fa87,2019-08-17,0,bantamweight,0.24219285030141494
f17d329e8a8236283607fb66,2019-08-17,0,womens_flyweight,0.4003728570627492
dc588caaf4e23b17b9b88f93,2019-08-17,0,middleweight,0.5048563745803388
1f035f3330e22fa82d2a3650,2019-08-31,0,bantamweight,0.524996258455827
42555d1e8ce3c6e9f80f494b,2019-08-31,1,light_heavyweight,0.524996258455827
1cd17e7a1ac6a13856b412fd,2019-08-31,1,lightweight,0.403942101143095
4b6daf2f0a633140483ed5fc,2019-08-31,1,womens_strawweight,0.4515906240018123
dac218cda6b12fbf0566e953,2019-08-31,0,middleweight,0.4849173115113914
974033b9c21272ecc210e47a,2019-08-31,0,flyweight,0.34870531515725695
d656d282c41d79f44960517d,2019-08-31,1,womens_bantamweight,0.524996258455827
b4c018c81b8c2840fc1bf217,2019-08-31,1,welterweight,0.4778150128590921
691194a03c43b9ec74c25c51,2019-08-31,1,welterweight,0.642116692047559
5ef647d5242d0fc21e037ca7,2019-08-31,1,bantamweight,0.4987364390118921
3438a2f8e2061a5b3df0345f,2019-08-31,0,womens_flyweight,0.5995366154702989
5fd241c02070d9383973e1ad,2019-09-07,1,welterweight,0.7667611587425559
dfa8aa41ae70e1bc02b18c64,2019-09-07,0,heavyweight,0.19243174989063705
d18690fc6b502d5e9828c33d,2019-09-07,1,lightweight,0.39654245928502724
5c4bf8f13e687607837641d0,2019-09-07,1,lightweight,0.3260285982957937
a12f553a4bb3b6a0bc62f10c,2019-09-07,0,lightweight,0.46480064784786596
a6bde13c4fa732a086109c6f,2019-09-07,1,womens_flyweight,0.4508414691783099
8809a86b0765331ee3046ba8,2019-09-07,0,lightweight,0.2358468334457791
218ed25044345f0da0f1ab68,2019-09-07,1,womens_bantamweight,0.3314500539228164
4b5abc9b471d257e26814621,2019-09-07,0,lightweight,0.47115972099095516
88104c3216b870a94d094b52,2019-09-07,1,welterweight,0.3048495709098326
81f7b94567c3becf57b7c480,2019-09-07,0,middleweight,0.4876042144860172
4fa13ee966e6f925309146f9,2019-09-07,1,lightweight,0.617307685518487
a24c84449925d91244224459,2019-09-14,0,bantamweight,0.671433559238257
76b09b1ae45fb9768ca9f02d,2019-09-14,1,featherweight,0.4058782980795776
d52f32b4c96395db88e3df3c,2019-09-14,1,bantamweight,0.18752437436630298
cdebef1ad84897fe6e52dab4,2019-09-14,1,lightweight,0.5104011730060928
99a1382d0f54f8b36ae0f1a1,2019-09-14,1,light_heavyweight,0.3985109177650786
4657001db77127f01637d1aa,2019-09-14,1,lightweight,0.6027163409737019
cf978a340d3698c46fd69095,2019-09-14,1,bantamweight,0.6296573385995994
1a3fd89ca750799e7e003f98,2019-09-14,1,heavyweight,0.3854107960828371
43c10df3159c502c6de89daa,2019-09-14,1,welterweight,0.23431618024319037
7090bee0551cc8931473357e,2019-09-14,0,light_heavyweight,0.5198169143474064
3bda414f1341d69b2f6bec1e,2019-09-14,0,middleweight,0.665051264233216
e675a50c92e763e9dbfe4d39,2019-09-21,0,womens_strawweight,0.6008261240721339
63e3f55fc8b51d57700eef35,2019-09-21,1,womens_strawweight,0.4373593857231684
307855e3460d7f7876deadf3,2019-09-21,1,lightweight,0.6693206411215354
a02b51f27087befa1a1128b4,2019-09-21,0,womens_bantamweight,0.45770258093639543
6c639d934a292ba8bc90c07c,2019-09-21,0,bantamweight,0.2024279769856053
aac3548e1e8a354304ee6db9,2019-09-21,0,featherweight,0.6370734907895035
87ed37dfa7f497b5f77d6e30,2019-09-21,1,featherweight,0.37969118662735274
3cc89087f0c0ce6f6e5675ad,2019-09-21,1,flyweight,0.8103779569712342
1ba523d6ccedc31871693413,2019-09-21,0,womens_bantamweight,0.6222195377763042
47758d29bd662b3fd1939d7f,2019-09-21,0,light_heavyweight,0.3455154511862019
4c5ca474ab0b5ce8ca07a033,2019-09-28,0,middleweight,0.5737950199004982
2ef6cc622d891b2f47cc02a3,2019-09-28,0,middleweight,0.4629767333266174
c24762d1540afc7892a6a11f,2019-09-28,0,featherweight,0.4428966870389505
a74f028feadcc12f9e059d34,2019-09-28,1,welterweight,0.4875442878379048
58043915ba1655663c54db19,2019-09-28,1,light_heavyweight,0.5500693763003252
24165e221c133e0f8521184c,2019-09-28,1,middleweight,0.24885164913019767
db9cb586eea9be24aa022a81,2019-09-28,1,bantamweight,0.3615274217850541
c563a8cbab69fdedc2ca6293,2019-09-28,0,womens_bantamweight,0.7038420603156501
2e2ac3805ce6106ac7b08c39,2019-09-28,1,lightweight,0.5770760293632374
1badb9e1370a7f530b41dad9,2019-09-28,1,lightweight,0.2650741800161901
2667de7839876ddd18c5922f,2019-09-28,0,light_heavyweight,0.6977936558615662
838f2253c05f15ea4d21c1bb,2019-09-28,1,welterweight,0.2399623065820749
fceb01a3e6afb83d628ca021,2019-09-28,0,welterweight,0.2481794623729638
300838f93508ed30e50c5104,2019-10-05,1,lightweight,0.4605914869753872
0cb55ec63b83f5626f97c769,2019-10-05,1,lightweight,0.4210773509681004
c9b3790271aba99a0f5d563f,2019-10-05,1,welterweight,0.32371786033304023
59503950de9880dde6cfbd9a,2019-10-05,0,welterweight,0.26776070499822774
2efe952bc9906d2d8ee63d99,2019-10-05,0,heavyweight,0.551591940850626
03bdb3f550d8728b99736cb5,2019-10-05,0,welterweight,0.44343299233754824
60a4cca6160e77a434c836eb,2019-10-05,1,womens_featherweight,0.5211565562907723
7a45e3425d11cee03efad9d2,2019-10-05,1,womens_flyweight,0.47482207125369535
b31117cda02191539a7b1042,2019-10-05,1,middleweight,0.5010677132553457
1541bbe0810786a062a2ed75,2019-10-05,0,heavyweight,0.8242739301082687
47228cf03cd4105dd977ba6d,2019-10-12,1,featherweight,0.45752981872939785
65e84e21f699586e3aefedd3,2019-10-12,1,flyweight,0.4007361834182531
3d03b631b4587e1ba05b7567,2019-10-12,1,middleweight,0.4539055531370451
c1e628e157c0b3b603970990,2019-10-12,0,womens_flyweight,0.43627338446307307
b8d46870926615857be3f630,2019-10-12,0,womens_strawweight,0.2638523499034141
eb864e622ea92270ecef192f,2019-10-12,0,womens_strawweight,0.27848678742584204
85c6d7ac2b40e91bd0e22ab6,2019-10-12,0,bantamweight,0.48010184809904927
5f52782a6aa56ba0f3a97b9b,2019-10-12,1,middleweight,0.5979116029197904
c1512c7e186a2ad2d9405660,2019-10-12,0,lightweight,0.6726281354180235
277f3f3cb03bddbb79f8c1b5,2019-10-12,0,welterweight,0.46387849413503096
845f9a197d8e4dbaeffe8afc,2019-10-12,0,welterweight,0.41073712740745216
9c76094ff9dad4b08a83fa97,2019-10-12,1,lightweight,0.543445831783138
a22737adaea8f3c24329fca1,2019-10-12,1,welterweight,0.37067578880223256
27e1fa1e0f0a4ed7fd4da048,2019-10-12,0,light_heavyweight,0.48035207458222917
ca0cd07f144ce35471f77fe5,2019-10-18,1,middleweight,0.26883161006200573
43a68b57b8ea07e036eda841,2019-10-18,1,featherweight,0.5125576369299332
e0354f103924591f691cb6e6,2019-10-18,1,welterweight,0.5509751644317941
23340c1c1beee7c9694fde06,2019-10-18,1,heavyweight,0.41848340762551745
855a0f86334b84d5802b5b3c,2019-10-18,1,middleweight,0.44705370133775996
4535cc5c754f6cfab853349d,2019-10-18,1,light_heavyweight,0.3935143880309964
312e5a705d9ea69f9304369e,2019-10-18,0,lightweight,0.7962592506930948
dd1a5c0133b77b445e4da39d,2019-10-18,0,featherweight,0.3687663387331238
924db0cc13ef377747acd751,2019-10-18,1,womens_flyweight,0.5089679465268909
1cbc40e89a4a3808ac58a6b2,2019-10-18,0,womens_flyweight,0.45280829159459113
8017582ad0a64b3df2a1b1f1,2019-10-18,1,bantamweight,0.77013302781494
0b8035462f110001d74cfccc,2019-10-18,0,featherweight,0.24130070827540284
e547a10b6f576ac5ce766f3b,2019-10-26,0,lightweight,0.5145221826041265
e3e811b0d565e05ccc653f76,2019-10-26,0,heavyweight,0.3103407795700742
068191c5ec0442a5f327a13f,2019-10-26,1,welterweight,0.6272836925860219
a36870d79a38bac025ca994f,2019-10-26,0,featherweight,0.3510512311445086
f0d2710e45778380c740e9a9,2019-10-26,0,lightweight,0.298653669840539
0d3c456a7272d86e8ebbb604,2019-10-26,0,womens_strawweight,0.28498594159922264
ec961ddbd1b2a583933bf1c7,2019-10-26,0,heavyweight,0.35397854651969174
747dd08852da9f2fea81933a,2019-10-26,1,lightweight,0.45977183263225607
54365bc0fbf2054909ffb52a,2019-10-26,0,welterweight,0.6300422068391414
3d08ad4aa2e7c798a261b317,2019-10-26,1,womens_strawweight,0.4858095928617485
3c0c040f3ab9eee3625380a9,2019-10-26,1,heavyweight,0.3140895805704813
e493a0b30451a3c7301cdb30,2019-11-02,1,heavyweight,0.6942697119876668
b6ed2b7f241d89a1c2e5768c,2019-11-02,1,middleweight,0.8297108437138235
1179f435dc339904ffba59f4,2019-11-02,0,light_heavyweight,0.46382641862641283
fcd1f11d558f57139634bfd4,2019-11-02,0,heavyweight,0.47739341941813884
b40746bfe9247aa2ab1cf62a,2019-11-02,0,welterweight,0.3976389291765176
9be0b4ced3f43e9b5e0307d3,2019-11-02,0,featherweight,0.4993039748439356
3ef97578ff086342ac3316dc,2019-11-02,0,womens_flyweight,0.48402411936627127
6aac3558b27bea053402a041,2019-11-02,0,middleweight,0.6369554578540093
6bd651e672f1383eaaa3488e,2019-11-02,0,lightweight,0.5156967653684223
bdd7d638521a5220ece47138,2019-11-02,0,welterweight,0.5754246390795801
77040a488134a21632e5e1c1,2019-11-02,1,featherweight,0.34742624007155803
16af1afe443d2d04a0b3004e,2019-11-02,0,welterweight,0.4645171943707752
f936a2e7fe354fd8511c7843,2019-11-09,0,welterweight,0.5795082823308589
1e2f3752f6c52b1f4a02d6b7,2019-11-09,1,heavyweight,0.5857883164931968
1a1c5e4865c1d0486f79c7bd,2019-11-09,0,lightweight,0.3389062813081218
640793902348858ab72aa43f,2019-11-09,0,bantamweight,0.3335032497857441
4b1a6b415dfe50f3c9f1dbb5,2019-11-09,0,womens_bantamweight,0.5369300600292339
f0ffe0e3b264df9b5db97006,2019-11-09,1,light_heavyweight,0.31366698871964616
f1793f6ef34da4257673c238,2019-11-09,0,light_heavyweight,0.53227077681589
31bcc23345e28ba3b19c96e4,2019-11-09,1,welterweight,0.42111622811340804
b9697c6e95b6549c714acf96,2019-11-09,1,middleweight,0.7078451011339686
e106bc203bf221eab415c9d6,2019-11-09,0,welterweight,0.3942514902997974
43e49e7eac931187640250f8,2019-11-09,0,light_heavyweight,0.7838016919176201
1f6dc7a779838723b04fdcd9,2019-11-09,1,featherweight,0.7109348634877065
35a1c6a2fd428e45b7ba56ae,2019-11-09,1,welterweight,0.5095948277458695
9c39de42c4252efea5a6c7a4,2019-11-16,1,middleweight,0.5337612612516787
76080b6d4a1730806ca74745,2019-11-16,1,womens_flyweight,0.3444775027624491
ca0ede83403f2550325f5cf2,2019-11-16,0,lightweight,0.31942242403840093
895cdfc1522a784865e69ac8,2019-11-16,0,featherweight,0.7666640122084707
14217beddf84c2e52c742fae,2019-11-16,0,lightweight,0.6408067604913732
353fdcce1036b674908aaa84,2019-11-16,0,light_heavyweight,0.49571042273487465
9da66ec4bb7eb06c55458f10,2019-11-16,1,middleweight,0.5636953296398273
fab55b1d74b0c72834f8c73e,2019-11-16,0,featherweight,0.27518034866707286
0cd8da7c25c1fda31ca49a51,2019-11-16,0,welterweight,0.474038170157858
3343bf88c488f245111644cf,2019-11-16,0,womens_bantamweight,0.39871744866835307
ebb3391b28a1a863bca84b60,2019-11-16,1,welterweight,0.4554475698412958
9dcdaba00e3d7661c2c20a0f,2019-12-07,0,heavyweight,0.41399584120882676
3f0d6005bcf5d8d74d490e25,2019-12-07,1,womens_bantamweight,0.49715529685990245
af619e0f50e39d9a3c707cbf,2019-12-07,1,featherweight,0.4150564815564746
70a295b55866179ccd1d2ba9,2019-12-07,1,featherweight,0.537244899064228
9f1bc6cac3951396363e743b,2019-12-07,1,lightweight,0.8346136933809378
ae915d199d0a3212d88d4bff,2019-12-07,1,middleweight,0.6601808561378248
b807573eed5a4156c41f13d0,2019-12-07,0,bantamweight,0.5042288319483257
c9a6fbe648a7cc56f81d7315,2019-12-07,0,heavyweight,0.678785827728894
831cacee5fffa61376db4fc9,2019-12-07,0,welterweight,0.3154459826669321
2138569b556c4d614e8bb628,2019-12-07,0,womens_strawweight,0.4590764790915357
029906e95258805fd3ef5825,2019-12-14,1,womens_bantamweight,0.7855406161399501
d5b4dfb3ff65f3dbb6fca19c,2019-12-14,0,flyweight,0.5374403224751325
ce5217459171cc8b3b06b8a1,2019-12-14,1,featherweight,0.7314236443146658
33e7da705762dd431b060f57,2019-12-14,1,welterweight,0.5670679768687853
f66a474497dbfe8160053545,2019-12-14,0,middleweight,0.5431763762837426
e78313114f040c2eb306caca,2019-12-14,0,womens_flyweight,0.5163449120391489
c278d51e7be09fbca132ce23,2019-12-14,1,welterweight,0.5919670044952131
08209dc137ca29ba95d0b9a9,2019-12-14,0,womens_bantamweight,0.39805585255968784
c1ada04837f4f0ae52b28b1c,2019-12-14,0,bantamweight,0.32768280101394426
effa322cf0f61bf8fab0059d,2019-12-14,1,welterweight,0.7971491933597252
f1218bf5097065169418303d,2019-12-14,0,featherweight,0.5295918702184068
aa231dbbda45b913e6c739e4,2019-12-14,0,bantamweight,0.17763279051909098
75abd93d36786b68de733b5a,2019-12-14,0,middleweight,0.6112740713183414
ceb9eb09b6543ade92a2fc57,2019-12-21,1,bantamweight,0.44181552351812914
bc5dec6484ff60b254a2bf9e,2019-12-21,0,flyweight,0.49729753930214093
5e29733544b68ed9577a8341,2019-12-21,1,heavyweight,0.5746489094390927
7d8361c453bd229c2f8ab6af,2019-12-21,1,light_heavyweight,0.4409821254213772
fdfacd8404d0eb95adcee649,2019-12-21,0,lightweight,0.4011318398904369
f9e7b8638de2149e61e51154,2019-12-21,1,featherweight,0.5436840314903809
8a987c4579dbf3e22f1d5ff3,2019-12-21,0,featherweight,0.4868296126153303
b93afc4960a3dbb6e25c0b1b,2019-12-21,1,middleweight,0.36584829504879735
ff575235c773175d33e45307,2019-12-21,1,bantamweight,0.5845165184042072
852967885dda5170546df8c6,2019-12-21,1,womens_strawweight,0.26422250177223905
3443c05c299fb7b8610b44d4,2019-12-21,0,bantamweight,0.7679840003086993
6c4e36c79471be03e79e25b7,2019-12-21,1,featherweight,0.5614414923972938
3b0c3a4939fb8a567ab24b63,2019-12-21,1,light_heavyweight,0.5080988825287528
dbaeff63b18a6d92838f98c2,2020-01-18,0,light_heavyweight,0.37341080485130723
32e3ff4610a5a504ed917afe,2020-01-18,0,heavyweight,0.6354282143793283
1826d3fc74bb2d6ba256950a,2020-01-18,1,featherweight,0.6964742972270902
299419704af40353765232da,2020-01-18,1,lightweight,0.5232253349825847
a1906b428b2b7f692430e2cb,2020-01-18,1,bantamweight,0.5353472005600106
66d951441f61c860a46dd18a,2020-01-18,0,welterweight,0.2884294239726629
049d7f10a2408eaeea36b79b,2020-01-18,1,lightweight,0.2828830385812917
8c49399b3602fc1ea7faab1f,2020-01-18,1,womens_bantamweight,0.44144694645244376
894e5a6b67f8fd390b461dc8,2020-01-18,0,womens_flyweight,0.7685239398413359
31631b1099dedbc551cca061,2020-01-18,1,womens_flyweight,0.6714699147827657
818e4e2f4882a32d5136f9f8,2020-01-18,1,flyweight,0.3361395683565952
535e643e38e6e106255034d3,2020-01-25,1,featherweight,0.6594941488711903
fa88c98e5dae1a9d570d00f3,2020-01-25,1,middleweight,0.7053587224222634
3be9f2fb380b4adfe9142fad,2020-01-25,1,bantamweight,0.5754818808243755
3ceaa0ce879bb7f0a68da029,2020-01-25,1,heavyweight,0.503319994054436
70b24348fe735b27fba60a92,2020-01-25,1,womens_strawweight,0.4065129068270416
4da0ae30154e9ffeae7d071a,2020-01-25,0,featherweight,0.5254210560427661
2a8739dba9f6bbb8da7160b0,2020-01-25,0,light_heavyweight,0.6174472422306077
f0db58925ab2f01282c6aed8,2020-01-25,1,flyweight,0.6415735305443069
611387fbcb2688d824e09cfa,2020-01-25,0,womens_flyweight,0.5825212473122182
34d2e609fae11eba0361d28c,2020-01-25,0,bantamweight,0.30339485839097485
49c737995706c23811737d45,2020-01-25,0,welterweight,0.4893335482236109
c98a7a3f6e065503e752b443,2020-01-25,1,womens_bantamweight,0.5091789683231421
58f8cedb4f1c4a8acfe97da0,2020-02-08,1,welterweight,0.45098910911381124
f791308687846b968ecb6e0b,2020-02-08,1,bantamweight,0.4415761236974317
45d8c7be4e945420d00361ae,2020-02-08,1,featherweight,0.5590345946013698
a3ce1d91d4f5d48cb71fcfe9,2020-02-08,1,heavyweight,0.5935079532501741
ff6a60aa5038e8415ec8939f,2020-02-08,1,light_heavyweight,0.5923576188546362
e68dbb04527c15178f4140e6,2020-02-08,1,heavyweight,0.4959438349937606
b2b4d0831802f26e83e6ccc7,2020-02-08,1,womens_flyweight,0.382980506860875
8d68545109734da047569b52,2020-02-08,1,bantamweight,0.31663243002034364
9849cc2855f955fab6058523,2020-02-08,0,featherweight,0.40084670756024143
d1b4cad82cb530a5cf8cacd1,2020-02-08,1,middleweight,0.506405035635674
1f5ca783acb07145072da725,2020-02-08,1,womens_flyweight,0.7845622353274601
2085d5052f8ce3f92633bf3f,2020-02-15,1,lightweight,0.5484517116473849
8de48a03581e7b5f3ae2d006,2020-02-15,1,bantamweight,0.5462550086456154
bd22d4e2756e0f228a221025,2020-02-15,0,light_heavyweight,0.6577847731741127
c7f13fe85a89872d7c7fdc4a,2020-02-15,0,light_heavyweight,0.24372037195748464
1ff4a3233a4e3de253086d78,2020-02-15,0,welterweight,0.7143167616117603
f8d3fabff42baf18c7e8c6d5,2020-02-15,0,lightweight,0.42731427643842984
52e04780edda9cf0618b9152,2020-02-15,0,bantamweight,0.69682575811923
828bae559074c156bab9cdec,2020-02-15,0,lightweight,0.41123459905326204
e2092c0a9fda00799fd85248,2020-02-15,0,womens_bantamweight,0.2722933843384827
344da31964fde9819457c241,2020-02-15,0,flyweight,0.4223517499711629
7a47b5bdbb687c1295999f5e,2020-02-15,0,womens_flyweight,0.4465660682531232
e21273dacc8544d24b825430,2020-02-15,1,flyweight,0.4589251991473833
806a30c5a3bc9369c6e1864c,2020-02-15,1,welterweight,0.5090314887414684
3345db9eff688ec37ec0f2f0,2020-02-22,1,heavyweight,0.5440707207143493
405c0a662bf5e5bd6660107f,2020-02-22,1,lightweight,0.4449287173145069
957ee110d743be59ac63bd6c,2020-02-22,1,welterweight,0.5466936425325081
55fc23885a358078ecffc231,2020-02-22,1,welterweight,0.6723566627294753
3d852084c8c58ac9c0c3866d,2020-02-22,1,lightweight,0.5999248809335942
6d9b24acf3b0a085f063254d,2020-02-22,1,light_heavyweight,0.5234834578262502
7ec2485289f1c9b63a5792d6,2020-02-22,0,flyweight,0.2824076723522248
e4febcd3b9270378b88c2c8d,2020-02-22,0,womens_strawweight,0.43748043847930096
06cda90846ecf341619165c4,2020-02-22,1,featherweight,0.3717112565424299
c081058b8760ebc49b1844fa,2020-02-22,1,womens_strawweight,0.2782961009800937
0a118b568754c03f74e85a68,2020-02-22,1,lightweight,0.7114290548885513
e8ddc97cca6d0a5d378ee12f,2020-02-22,1,womens_flyweight,0.4183382583029555
bc05c73c776a23522465fbba,2020-02-29,1,featherweight,0.5812493009267373
67c513c4904f8faedf720155,2020-02-29,1,middleweight,0.48561561030582157
225a42fc041d7b46d5bfaca6,2020-02-29,0,womens_featherweight,0.28603956134518027
12c618f5f471aac6cbe2f559,2020-02-29,0,bantamweight,0.3794286715963049
7c35b87c3259435af9f305f0,2020-02-29,0,featherweight,0.2599537789989081
b9199fdaf47f5fe86002cdc7,2020-02-29,0,light_heavyweight,0.5793452972156589
a9d1e14c018c2bd7956f85b7,2020-02-29,1,featherweight,0.6085776548072336
959d009361301a02cd28d861,2020-02-29,0,flyweight,0.48692501936875016
c5b2efe1550d9fc74302f4ae,2020-02-29,0,lightweight,0.3521866273418639
af291c699433bd04d136b64e,2020-02-29,0,heavyweight,0.4845588042999648
0192a4baef7d9bbc35d07b36,2020-02-29,0,womens_featherweight,0.4821532018696613
8233a2bcadaa15eb353a00ac,2020-02-29,0,welterweight,0.6773860295968421
ac32a2ac43ae6ff31c4c058a,2020-03-07,0,welterweight,0.40156091265569704
2994a65fc60a7ebda1abdfd4,2020-03-07,0,bantamweight,0.3269545036015409
4dc37410ffdd722c5c13b647,2020-03-07,1,lightweight,0.6143595422451678
bbd0ec55ec6433a7ed39dada,2020-03-07,0,middleweight,0.30263488561552604
29c5a22950b852875c2d2859,2020-03-07,1,featherweight,0.5914261934117119
fd70dfb0a7f2d8d11002f31b,2020-03-07,1,middleweight,0.810390129038808
0a2d16d65f1e0a9aa0e5ad91,2020-03-07,1,lightweight,0.5876528064320861
6d49420f915f8986e125d116,2020-03-07,0,welterweight,0.5031973056069923
b8fe0a7b1ff0416078863f66,2020-03-07,0,middleweight,0.49576575255343375
5f2af6f949d46196346c0969,2020-03-07,1,bantamweight,0.5581245870514814
49093c389ab04a0502e74269,2020-03-07,1,womens_strawweight,0.6419876857301093
dcbc89946cfd3b60dc2896a5,2020-03-14,1,womens_strawweight,0.7710222830164054
ab4e9d192e4c6a16d88cfa78,2020-03-14,1,flyweight,0.5731876599346558
0629e69e4cdef6010afb82fe,2020-03-14,1,welterweight,0.6643215676549324
12fcb4b15eab88cc21a628ea,2020-03-14,0,welterweight,0.47698977269571874
3397e1f912942f4951412964,2020-03-14,0,lightweight,0.5536474284716782
0b804ef15016f4701a6c3b27,2020-03-14,0,light_heavyweight,0.5255914940835126
c060ae13226dc57054e79419,2020-03-14,0,flyweight,0.38024495858495433
1f8448a33794600e3b26b116,2020-03-14,1,lightweight,0.257720215457049
8f283b50bf60f4ca662fb534,2020-03-14,1,womens_flyweight,0.36661493347895396
7171685f49e42fc47e27c391,2020-03-14,1,lightweight,0.7142187271259213
832f4ad5e6462a116d4f8af9,2020-03-14,0,womens_bantamweight,0.6154529915577105
009aa0b869e610f7e796e750,2020-05-09,0,heavyweight,0.6671229967950089
c103c970f04eb87287a0e4b3,2020-05-09,1,welterweight,0.5321285151897569
cedffd9e5eec6ce82f7c101a,2020-05-09,0,featherweight,0.26089853910618827
a0e32d72c7de88f4800dab59,2020-05-09,1,womens_strawweight,0.6044328175420489
ae7dca63a813f4d6c52b1788,2020-05-09,0,heavyweight,0.27921122279390737
f8880f1d649f46e28a73ca8d,2020-05-09,1,heavyweight,0.5957273293241181
5384d7c94e5a0e0f2f57d0aa,2020-05-09,0,bantamweight,0.38908276097334793
b0b04e108bd700e4b9506bb6,2020-05-09,1,featherweight,0.463541866789014
4e861f89eebf4bd6240193ec,2020-05-09,0,light_heavyweight,0.39918013661273977
da967b755aeebd0969453818,2020-05-09,1,lightweight,0.3844053264902451
5922566ed6339c4bee68789a,2020-05-09,0,welterweight,0.27045626729947964
9327fe46dbb648274dedf148,2020-05-13,1,lightweight,0.30035324820689363
b4e09acb3ef8fb916cd20042,2020-05-13,0,heavyweight,0.6552453646689269
099226a1af8eaad416e33ce9,2020-05-13,0,light_heavyweight,0.6669934004866461
85583e946a1afc739c7971d5,2020-05-13,1,heavyweight,0.2698149409208156
30f7d6f26cdb555e1863bacf,2020-05-13,1,heavyweight,0.5898683201696682
77c3d8ba834acfc857c5d9ad,2020-05-13,0,lightweight,0.5689765692789136
281018bae372254e896f953c,2020-05-13,1,featherweight,0.4776907281933873
11a75f048fd5a8ce402d014c,2020-05-13,1,lightweight,0.8224650219173202
eec530344c8a5b1193095b97,2020-05-13,1,bantamweight,0.26400643698135484
fc27e2a2bb4840d583e6af05,2020-05-13,1,womens_bantamweight,0.6100068961283007
56eb0df2ba5e8806fbb8b6ac,2020-05-16,0,heavyweight,0.38429086622740327
4431b6293af599f45ff88ce1,2020-05-16,0,middleweight,0.2623426519806035
2ab2b9f636e1f691e06be87f,2020-05-16,1,womens_strawweight,0.44033821518039357
2013fc705603e4d2d485f766,2020-05-16,0,womens_flyweight,0.505882978419506
5002aab7fcb128933ec0f428,2020-05-16,0,featherweight,0.3022921760856983
6b06bb42128fb721e64e27d0,2020-05-16,1,featherweight,0.49651022907906517
700c19e5d8072a2eb472243d,2020-05-16,0,middleweight,0.38014706911989504
e484e0ac9450e9273c0358cd,2020-05-16,1,featherweight,0.4353958061065044
ca6e34d9cb638eb1628a7523,2020-05-16,0,welterweight,0.3068997060084259
9a367f827403d6a654fbb184,2020-05-16,0,heavyweight,0.4455756532372837
bc93d93ef97ad802b83b9d42,2020-05-16,0,featherweight,0.25315854046659725
ee05f5ee9431052c10688e3a,2020-05-30,0,catch_weight,0.6478106639958288
4666770439ba8c9851230139,2020-05-30,0,heavyweight,0.4921714300179917
30e2e97fde043513c4e768c0,2020-05-30,0,featherweight,0.363463546757817
4daf886ecde6eaec42a3a025,2020-05-30,1,welterweight,0.7268469453027542
cab113a35cf2265258613c6a,2020-05-30,0,womens_flyweight,0.4592898120190218
1ac169b7d2f5b29552a8b0c2,2020-05-30,1,bantamweight,0.6520785621102945
13b094ecc0ecaf09072cf52a,2020-05-30,0,womens_strawweight,0.40152867036681933
c05df91759ec1c10158435b1,2020-05-30,1,lightweight,0.7911299686856879
50b9b416e5e3b3851dac3a6f,2020-05-30,0,flyweight,0.6409266274556269
2d149a8495bc57d125ce4598,2020-05-30,1,welterweight,0.41770384110119485
820e89cff0edf608156421bc,2020-06-06,0,featherweight,0.7638253976327539
97226c5d11d686649ed3e022,2020-06-06,0,bantamweight,0.3926242263372261
24970a4f8d6d139317076c24,2020-06-06,1,light_heavyweight,0.5138689591293113
28044f1dbc515f3c272522a1,2020-06-06,1,womens_featherweight,0.622124256136147
14525c663d20a7a85c31b0dd,2020-06-06,0,middleweight,0.591886127384383
4858c091f6e5f1675c2a3e4e,2020-06-06,0,featherweight,0.23057403812806815
f5093e48c887c2911361c958,2020-06-06,1,bantamweight,0.7876589779977743
478b9433c1b69ca56c69354f,2020-06-06,0,catch_weight,0.4632114165450438
34cf054f6fef1a96d7b033e6,2020-06-06,0,middleweight,0.44343546170596315
41234e8af82999c05cd8e76b,2020-06-06,0,flyweight,0.45174579034689033
0af06c0ad5c72afe4111ca93,2020-06-06,1,welterweight,0.5033076329525007
e31c4c6b7eef770d9e0c6969,2020-06-06,0,bantamweight,0.3038308301943088
886bbd2f6a3553ba3983567a,2020-06-13,0,featherweight,0.48893935977255315
89e05740fd45ec7c49dee28a,2020-06-13,1,welterweight,0.5151536870385484
0307782c584315ff5b11eb53,2020-06-13,1,lightweight,0.36580874676966085
62e7a1dbde465ca7534617e6,2020-06-13,1,womens_flyweight,0.4977284660460377
8a6e39649a3fec737d38320b,2020-06-13,1,bantamweight,0.5782411983580561
c630e7885cdd36b6b14cca59,2020-06-13,1,womens_bantamweight,0.6116394201190635
3e172364fc518e64ef6c7969,2020-06-13,0,middleweight,0.36697801232617183
2259ec8201adefc465ce8c23,2020-06-13,1,womens_flyweight,0.6106984064813873
923433619c20dd750c2205af,2020-06-13,1,catch_weight,0.7946369491119576
e8151d9214dc667480a5a0cd,2020-06-13,1,bantamweight,0.4351954331870776
290d4ab10e5aa919a128037b,2020-06-20,1,lightweight,0.6677750976453716
cbdc4ad6d5473e19d6df57ba,2020-06-20,0,welterweight,0.478159182742499
35dd379f6c827a39c9ea2a80,2020-06-20,1,lightweight,0.7140533157310581
0ca95193d549deae06a43dfb,2020-06-20,0,womens_flyweight,0.3035182079168004
42a699b0e1e0b47000777a51,2020-06-20,1,heavyweight,0.5195481167365792
11a2b83fafaadd00beca04d6,2020-06-20,1,lightweight,0.4224915461964367
dab5c40932dc5108516b8357,2020-06-20,1,catch_weight,0.24267705964402184
1702be42945c42f331abfb86,2020-06-20,0,featherweight,0.5870832908753265
059fc403c1199ed58dfefd1e,2020-06-20,0,womens_bantamweight,0.19658212545514753
cd96fe8c1990581afcbc65fa,2020-06-20,1,womens_flyweight,0.5203442305326175
af88d28bf7e8107238ee84eb,2020-06-20,1,womens_strawweight,0.42077446751902453
82c23a4256fc112839a21e37,2020-06-27,1,middleweight,0.8437268620330266
de98f026bdf72951202b6d58,2020-06-27,0,lightweight,0.3237904538939999
3f23da8e6c5be0676895513e,2020-06-27,1,heavyweight,0.5971128389550374
b66fca201dea49414ec29f35,2020-06-27,0,featherweight,0.3712841888865015
c4e0a136fe5ffd850886b385,2020-06-27,1,womens_strawweight,0.7094314314625061
2fdfc02f2b246b2cd90069a6,2020-06-27,1,lightweight,0.5249700258703052
c13e18c821c98fe6fce0b80e,2020-06-27,0,welterweight,0.250645785319909
44b541d2c96511df188e7335,2020-06-27,0,heavyweight,0.4501343141430056
c19913fffb602e14f3e2082b,2020-06-27,0,catch_weight,0.7155395603982166
006f504a194d5223fe79b4df,2020-06-27,1,welterweight,0.6974117961920825
be848e2721065a0114893812,2020-07-11,0,featherweight,0.4007526711527337
1f3620c84ae614757d7bfa36,2020-07-11,0,womens_flyweight,0.21937475027698836
2aca388948ad79e83a84cf15,2020-07-11,0,welterweight,0.5004736068211592
574672682df84871761a5876,2020-07-11,1,womens_strawweight,0.5709251743921162
83c960d387ea71ac2b87a5ca,2020-07-11,0,welterweight,0.2145298080219646
51718fa99d2beeef65554230,2020-07-11,0,womens_bantamweight,0.3471110438173552
d15cc1d2230aa928274889e4,2020-07-11,0,lightweight,0.37007115130560525
203ac34442d30277d30b534a,2020-07-11,0,featherweight,0.23329866268037894
bbb50c2b6683640361da5f6b,2020-07-11,1,heavyweight,0.59307652372205
c47da9117ef9cb0c55d90f33,2020-07-11,0,bantamweight,0.6038383706937939
0d11971457c4175b965c7f87,2020-07-11,1,bantamweight,0.6866320078922089
511b42aba92448e1f30bcceb,2020-07-11,1,flyweight,0.7521437271926085
b8cb51bb58d9db4514c8a4cf,2020-07-11,0,light_heavyweight,0.7434503683599837
3cb54ea87dbfd559fefef2b7,2020-07-15,0,welterweight,0.5169615604908218
884115a97758c772c9a1aa6e,2020-07-15,0,featherweight,0.6580266307071205
e030c4b4274431ef2741e6c9,2020-07-15,0,womens_flyweight,0.5775868566689445
a8f801019d4eef0e77d9ae1a,2020-07-15,0,bantamweight,0.15596412961428166
b3e069741adc630204893233,2020-07-15,1,featherweight,0.577955815504367
e15671cec5d44e671c10a445,2020-07-15,1,featherweight,0.3178534480809395
8b32ecec48dbcd2195ac45bf,2020-07-15,0,middleweight,0.35381419226220673
07704ef1301d2d6ce8009af5,2020-07-15,1,light_heavyweight,0.5611786466472689
b612d80bd5c03377090d4d3e,2020-07-15,1,womens_flyweight,0.66178419151029
9f333d28d7717b8654dfa658,2020-07-15,1,featherweight,0.2539905006807558
456ab7958561d909b67e3864,2020-07-15,0,flyweight,0.4124781484047511
8f69fcae4224781b3c9cfa38,2020-07-18,1,flyweight,0.42729819174592804
fa1912c548967b80aa56bf11,2020-07-18,1,womens_flyweight,0.5471262309411785
6919180ec57b7b188061ac38,2020-07-18,0,bantamweight,0.7046959651236989
74993216732e68a332a88a7c,2020-07-18,1,heavyweight,0.5065628834673707
cd37985766a8aa01b735f39b,2020-07-18,0,lightweight,0.47466334870521865
1940aee687891ca4a94afbfd,2020-07-18,1,flyweight,0.4813078032752145
9fafa8c93b811a3746eb31e8,2020-07-18,0,catch_weight,0.3567675735467909
f86ab16d919a25d4da537f58,2020-07-18,0,middleweight,0.49142562589171407
66da3b6f9f4cf7e4157872a1,2020-07-18,0,lightweight,0.4118749161128805
4a09d8daff5488361ff890ac,2020-07-18,1,bantamweight,0.5971933342949584
e038f9564dda467e4997ce35,2020-07-18,0,lightweight,0.718546342748332
8cd39f466756d30dadd88be2,2020-07-18,0,light_heavyweight,0.4717293074735171
aa414e556f0b92cf8400036c,2020-07-25,0,welterweight,0.3828846956894357
9ecf8c24eea5a923e8f4b148,2020-07-25,1,womens_bantamweight,0.7166287950964465
b345fd117c26ce8ce1ef6e60,2020-07-25,0,womens_strawweight,0.4691477002999604
0c7ab3916d55a17df15a3a83,2020-07-25,1,heavyweight,0.2986119765627108
39cab37f486024ecb9db2635,2020-07-25,1,lightweight,0.5661173016769523
defd84b0599cc0d92b68f3d9,2020-07-25,1,welterweight,0.7152667549232413
463933bcaf017d47e453066f,2020-07-25,1,light_heavyweight,0.5794607947786892
774acac56423a0c607d073ed,2020-07-25,1,featherweight,0.5412825237103309
f8145b4bb7b5e3cb97d4dc9c,2020-07-25,0,bantamweight,0.2086064669092961
6ce73abee15e58ac43b79445,2020-07-25,1,light_heavyweight,0.6469970750130812
85e0c0d613fc2cb13a184545,2020-07-25,1,welterweight,0.7484338695528945
d7af924b081837726a8d950e,2020-07-25,0,middleweight,0.21026643299584474
11685689bd05b8ae21ca67b2,2020-07-25,0,heavyweight,0.3498093846393938
376525f5ca63a4c27ff6decb,2020-07-25,1,heavyweight,0.5169245589382111
8332a93dfb22029ffd97dce6,2020-08-01,0,middleweight,0.815518483515418
accaf5efe3560f60755f9237,2020-08-01,0,bantamweight,0.27826719112180165
77f7f2dbc81095fc4709e0cc,2020-08-01,0,featherweight,0.20680981376717442
803e4699563eeaab313ee6f9,2020-08-01,0,womens_flyweight,0.6587090710433703
cf1b0a8a8ef42f5355c57ac5,2020-08-01,0,featherweight,0.5291276906790213
74ada4c73df8d55a25668c40,2020-08-01,1,lightweight,0.6367237075272949
11b2bdce33b4daa385378c1a,2020-08-01,0,welterweight,0.4333766008749464
210876a707716aedd484fb62,2020-08-08,0,middleweight,0.5380685206491554
55d2db7e55ff9ef810d8a2d6,2020-08-08,0,lightweight,0.3625551234221892
04fb7fae5eccd9bfad3b30f5,2020-08-08,1,heavyweight,0.6520644218970566
9c4d9994434bee6a49132946,2020-08-08,0,featherweight,0.5321622438011493
868200fb7ccb6878e63a9732,2020-08-08,0,bantamweight,0.46296119293435367
7ba96474f9f6f546663fb612,2020-08-08,0,middleweight,0.3398938104830293
2d9f61eb854f945a91ce4e6e,2020-08-08,1,middleweight,0.575890106831961
da0dbbeaf56d1757faf50688,2020-08-08,0,lightweight,0.13591826562173842
7cf5bb7c97d458ef222e05c8,2020-08-08,1,middleweight,0.49210065010556564
298e37ec9666db9f53515a4c,2020-08-08,0,welterweight,0.529447124316177
245a1aa1d70748ddb77fcd50,2020-08-08,0,womens_bantamweight,0.434939438709043
060c3c0453e2685b88bfc7cd,2020-08-08,1,featherweight,0.7213615495152047
f62f628f4d455c496ac07489,2020-08-15,0,womens_strawweight,0.40418030592964693
a932c2ee19a974d44f417d4b,2020-08-15,1,heavyweight,0.5582416326468395
7a1e753ee1cac071ed552cc0,2020-08-15,1,womens_strawweight,0.5449233081342417
c2a30adbd7330740e20862ad,2020-08-15,0,featherweight,0.7854913042715651
14528df9ace6c262ceefb3f7,2020-08-15,0,lightweight,0.5731000306596044
55a99ea2630f084f2ed4d912,2020-08-15,1,bantamweight,0.7150131869642038
5d24c91dd499dbf9f371c204,2020-08-15,1,heavyweight,0.5349141506931107
1b00b8df5d93a51c490a2948,2020-08-15,0,featherweight,0.3761687490795089
ba981dcf4305f29bcaa7900b,2020-08-15,0,bantamweight,0.5096575243117166
27164f9bd07bca68817f3f4e,2020-08-15,0,heavyweight,0.4533180984880636
b5a777423264ab6348bb1c2e,2020-08-15,1,featherweight,0.44776640125545
acf437c27bb894e5f10b2833,2020-08-22,1,womens_strawweight,0.6431596536662202
865bc5e17b412e9d8e74207b,2020-08-22,0,lightweight,0.43428888261818704
56c97a89da7aadd66d047b0a,2020-08-22,1,welterweight,0.5183786207836805
3d301ae7159660205e61e4dc,2020-08-22,0,welterweight,0.4191453706719871
34d337987a36d7908897d305,2020-08-22,0,light_heavyweight,0.24662178304944804
df37437bbab31d315b3583ce,2020-08-22,1,light_heavyweight,0.6315921240170348
35fc4617b59fef082956caf0,2020-08-22,1,womens_flyweight,0.24498397953518533
4c3bf69bcda575328e7dfa8a,2020-08-22,1,bantamweight,0.6135517811323309
9a0f019bcdd546effc2348ee,2020-08-29,1,middleweight,0.5935086341408449
445a76108cb8e63cbb18f23b,2020-08-29,1,featherweight,0.34198083507612115
783496ec89222db55e57a668,2020-08-29,1,light_heavyweight,0.5344408472464384
e386eba5a579cbc9c61d7ea2,2020-08-29,1,womens_flyweight,0.7241707835543273
7e8fcbb84541590cb5ced267,2020-08-29,0,middleweight,0.5564749102518687
4fba53fa922937da97b13a1a,2020-08-29,0,womens_strawweight,0.3184456443852766
9e3309a83263a3eb26e2536b,2020-08-29,1,womens_strawweight,0.4261065993888275
cd63bf60ab82e106e2f0ee15,2020-08-29,1,featherweight,0.7532386057319441
5b102515890b750f61b15ad8,2020-08-29,1,welterweight,0.6855139065264468
df451b71add33401cfbbbdee,2020-08-29,0,welterweight,0.3389233432600957
a8f7e7ce78b35799585b7b3f,2020-09-05,1,heavyweight,0.34325225515993496
4566ad12d4871db68af538da,2020-09-05,0,middleweight,0.5564919135706851
79f56fc5b540a07b75fc2f98,2020-09-05,0,featherweight,0.34562524077330053
b37f7663c4100c0a3a3d864e,2020-09-05,1,bantamweight,0.6267190984979784
db45cb350600a6522a63019e,2020-09-05,0,welterweight,0.33032734113931006
3a47b616824dbc09d6b4f23f,2020-09-05,1,light_heavyweight,0.47376502814326305
cc3301848054cf1d86698beb,2020-09-05,1,womens_flyweight,0.34675929716512227
28d6bbf15b8b8f3eb7f23a3c,2020-09-12,0,heavyweight,0.410654625342871
f323a1bcddd8b81465fd2d6a,2020-09-12,0,featherweight,0.2890598993454041
7ae74b7892d546b2c6cc4286,2020-09-12,1,catch_weight,0.758600598166973
b58fb9829ccfd18659c6d7da,2020-09-12,0,welterweight,0.3923801425785521
082eb0ff7fe293a70ba23347,2020-09-12,1,light_heavyweight,0.3746326173710427
93cfcbcd4b75c2b5c8ee2e46,2020-09-12,1,womens_bantamweight,0.5133265420389642
04a643128e2a0077e897530a,2020-09-12,0,lightweight,0.22078206765837313
537ffd56845ed420190fbfdd,2020-09-12,1,womens_strawweight,0.47248207062034797
25de901f6dd7ecb9530b74b0,2020-09-12,0,lightweight,0.5649220228381889
28efb17bdca98d4378885a1c,2020-09-12,0,womens_flyweight,0.5295689223547693
9315dd27fd7b658d3ca50207,2020-09-12,1,womens_flyweight,0.7641808789210105
623b46230159a54815f5cb49,2020-09-19,1,bantamweight,0.6289755403832064
fb266d3d4965156fe0812808,2020-09-19,0,welterweight,0.3715769531043365
6c738a0d9b2c763e5023b8b1,2020-09-19,1,featherweight,0.588753466154148
d817723ba47e641cb45f55df,2020-09-19,1,womens_bantamweight,0.4295959543625586
5b0b10e3a4c96b4a1aaacc21,2020-09-19,1,light_heavyweight,0.4250501880865156
4d15262f09d0438e42a1d716,2020-09-19,1,flyweight,0.5052750250228356
f23ca5817efea8ed67cc6d3e,2020-09-19,1,bantamweight,0.5896589843877523
fb788a19abdf58c4ce9dcfda,2020-09-19,0,middleweight,0.3536166494932971
5c95389aafbb0711c5963558,2020-09-19,0,middleweight,0.1454077297889369
7931d00816825b1bd9e0ecf7,2020-09-19,1,womens_strawweight,0.5619855262167013
126a5071914844441f76aed3,2020-09-19,1,womens_flyweight,0.37457299827221485
ef94f26d1600348c57fa67b0,2020-09-19,1,featherweight,0.2449161514667642
3e510c9608a6583021390665,2020-09-19,1,bantamweight,0.35829972236165225
23a662e45455f29a908aee5f,2020-09-26,1,lightweight,0.46890967050469506
ffe5c9a6e91e0d37d415fdb0,2020-09-26,1,welterweight,0.8215680010146904
9f519c98b04a3b46edae897c,2020-09-26,1,light_heavyweight,0.2897239586612895
80791d311e48d79967e48920,2020-09-26,0,featherweight,0.4144617512468621
4ba5210842a9fdedea37b2dc,2020-09-26,0,middleweight,0.2805365859301211
38d22d042e94d6259e70a045,2020-09-26,1,heavyweight,0.4702959850607694
48f7656e55b8b2313a2a7cd2,2020-09-26,1,flyweight,0.4059160281608855
f4bc73375a257ec73059a857,2020-09-26,1,womens_bantamweight,0.3661234507053945
be57e08456210445617a2cfe,2020-09-26,1,light_heavyweight,0.47820561822308316
39410ea34d5a7709c2e4070b,2020-09-26,0,featherweight,0.6541215880013067
f593b1fad2405f4eea183994,2020-09-26,0,light_heavyweight,0.6434653790532345
b04169fb651ff838bcc04a28,2020-10-03,0,welterweight,0.3883758192967761
0c6b8632abdb2d92929613c4,2020-10-03,0,bantamweight,0.3134039757318422
d1559e32012f7277afb65dff,2020-10-03,0,middleweight,0.3246561243767495
f3ee0876b7b239e4c9c141a5,2020-10-03,1,womens_bantamweight,0.5030548927240016
1ed625d2bce4a080ff7aa7ec,2020-10-03,0,womens_bantamweight,0.5591909528914563
c6a82c44dd90c79be12b6827,2020-10-03,0,middleweight,0.4385964368130529
e027916440b1d9b89633d333,2020-10-03,1,bantamweight,0.7179233345817299
e78a454a7ba56158106a70bb,2020-10-03,1,womens_strawweight,0.6076590683450617
9038dd92cf6a9dba569b6e41,2020-10-03,1,lightweight,0.4924716739829177
5e403d21b6f537ca07e981a8,2020-10-03,1,heavyweight,0.47976218394002584
80048b12f4e27d448e681393,2020-10-10,0,bantamweight,0.7701786170323678
9fd3797dda6a9dc551642271,2020-10-10,0,heavyweight,0.26918848792463784
47d015c9da4f8e7c68642c9c,2020-10-10,1,flyweight,0.5384131600730294
f3c39178e030c72a92766f83,2020-10-10,1,heavyweight,0.5028376368601024
b33b7e15079e874207787397,2020-10-10,1,featherweight,0.4049851269028106
32b54d883d2d43b47a7329ef,2020-10-10,1,featherweight,0.5136162312125518
3933cacfa643f4332fb05e57,2020-10-10,0,middleweight,0.751247880322245
6d2a9d7dc08ac386e90f4115,2020-10-10,0,middleweight,0.40077257872557764
a9b7a476e336ba9d14cc3967,2020-10-10,0,bantamweight,0.5206844849673709
4bf87d901465ed4dc164d766,2020-10-10,0,heavyweight,0.12453868532072279
96f20b0be6ccb77bf9cdc8eb,2020-10-10,1,middleweight,0.6329077934686975
f37de3fb239061532292aa7a,2020-10-10,0,womens_bantamweight,0.2283644198247666
c1064b7eb590e152b8293553,2020-10-10,0,featherweight,0.684103137608036
7436f2383310929d077726d8,2020-10-17,0,featherweight,0.5894377221138144
1ccd594341a2b6cea5016be1,2020-10-17,0,welterweight,0.41768245565688583
5c7f86843455a239817ae12d,2020-10-17,0,light_heavyweight,0.47588541153069636
2da28f1443f58bbdd2cb3db7,2020-10-17,1,womens_flyweight,0.512754306892202
9dc9bdd024b0eccd64b939ac,2020-10-17,1,lightweight,0.619697560808349
5b47f9b0810708e40df64e9e,2020-10-17,0,light_heavyweight,0.2576075566846222
2975781dbd33227ef8a61f79,2020-10-17,1,middleweight,0.6040241972282846
2a9bbefd70d44c964d657e9b,2020-10-17,0,womens_flyweight,0.41211751243561323
591940879703188b315267f6,2020-10-17,1,lightweight,0.5239697104476737
385fd3eb8f3778369168b7dd,2020-10-17,1,bantamweight,0.8204849454986011
5d4dafd8adc6f8fdd0422db8,2020-10-17,1,featherweight,0.6075290488263961
9e5f20555d811d9565cd562c,2020-10-24,1,welterweight,0.37285722265899524
c390228f133682c232f89d7a,2020-10-24,0,heavyweight,0.2060935436223659
ddd3bcee83bd285bc2d66fda,2020-10-24,1,middleweight,0.4403566630906779
accd1dcd8cd278a67c7cd20f,2020-10-24,1,lightweight,0.6544707208293119
5e1047bc4fb321e2c668e871,2020-10-24,1,lightweight,0.6925527496934982
01e8de6e71b38fdbb4ca295b,2020-10-24,1,womens_flyweight,0.3712809063196495
dccd287fe543912a3d4262ce,2020-10-24,1,womens_flyweight,0.5613815408698046
27330ec2f027b06bb6e1d506,2020-10-24,0,light_heavyweight,0.4645572149185278
95bf3e74a6af57559a469137,2020-10-24,0,catch_weight,0.5553319176621754
df5cb9edb98d3b8e5b0d1dcc,2020-10-24,0,middleweight,0.19636844319723915
f579d8fdebc5facfe7a54631,2020-10-24,0,heavyweight,0.31694074766828295
89530c10412fef4e37adacc3,2020-10-31,1,bantamweight,0.5405156965655601
139113bda6e2c08bcdb0de64,2020-10-31,0,featherweight,0.3587560069876386
64f6e5042b239942a0940584,2020-10-31,1,lightweight,0.8017331877646472
cefd7c12fbddc1ae93b66ff3,2020-10-31,0,welterweight,0.6026445506836108
7b0cfccdff37cdd83d0058fe,2020-10-31,0,light_heavyweight,0.4273764271866562
26fbfce30596a1dab7bd4db1,2020-10-31,1,middleweight,0.6592019136706401
578662bba25d0cd530c617d8,2020-10-31,1,lightweight,0.4217861603186897
ee10cdc650c5fb71fced52b6,2020-10-31,1,heavyweight,0.6362174731635492
558610849677ae0c138c4f45,2020-10-31,1,bantamweight,0.5684303638037679
5fd8a5e104ff4c3e1adbc165,2020-10-31,1,middleweight,0.7851982977465615
b5338c339e99f772edcafd4b,2020-10-31,1,middleweight,0.48313716805031626
c01ae7afb0d017349ea11354,2020-11-07,0,heavyweight,0.3266508371679347
a75ae44aa15099924d9905d7,2020-11-07,1,heavyweight,0.2271595981016233
3eef4800a98bf0e45d406700,2020-11-07,1,womens_strawweight,0.4349562381512346
dcbfa685c07ca7e10a21cc93,2020-11-07,1,featherweight,0.5370033739705096
7e96ea3f88bc1cd633bfbcff,2020-11-07,1,featherweight,0.6068466651734735
cf941249e8853878c39beb3b,2020-11-07,1,bantamweight,0.39831817674265535
627ff29937df0f3e4b02b96e,2020-11-07,0,welterweight,0.38228850339562315
35cd9e0ed2ba0bbc0352b4d5,2020-11-07,1,bantamweight,0.6267545865636052
f56a2da3439d7312f3ed5053,2020-11-07,0,light_heavyweight,0.5226820897820408
22d95249dfaff73c149f7787,2020-11-07,1,middleweight,0.6743145616379134
4f984c114f952c5e85b05305,2020-11-14,0,welterweight,0.2107548553306778
0bf1cad5fff73833720546bb,2020-11-14,1,welterweight,0.6246134071551277
4d8c8fdb741a66e9ec213215,2020-11-14,1,womens_strawweight,0.5822555545276153
7472bbec30036b91f8b3f55a,2020-11-14,1,catch_weight,0.3700640204438273
9d1bf278adaf06c59aafbe8a,2020-11-14,0,heavyweight,0.4111160602783206
bdf3b0384bfd20ab4f874937,2020-11-14,0,bantamweight,0.45864329560201056
256ba9eadd0025f9b1b46491,2020-11-14,0,womens_strawweight,0.5880042893682279
212de9a7a449ce2e3483fe61,2020-11-14,0,lightweight,0.2531789971119983
71953b09146d733984c4873f,2020-11-14,0,womens_strawweight,0.46598775709047396
daa107f8ce19d97b1024e608,2020-11-21,0,welterweight,0.5360942863827717
990f47449008c2507dce5538,2020-11-21,0,womens_flyweight,0.44168990116006934
855198b297a6d4d634748fc0,2020-11-21,0,flyweight,0.4918116517268665
ab363e2b0f18214055df486e,2020-11-21,1,welterweight,0.3000247381945588
35a304f5212463a5b62f0016,2020-11-21,0,flyweight,0.47893992843836314
e10c4a1985fd12ac4132b445,2020-11-21,1,middleweight,0.5528450614422196
75e45e9d89ad79cff7c42ac6,2020-11-21,0,womens_flyweight,0.5502126871020016
5ec0091b78dc3de20dd3ac14,2020-11-21,0,middleweight,0.35735799255953554
71a0386425bf0de6d824fb82,2020-11-21,1,welterweight,0.4240471397277785
1d045510888fda8b989e961d,2020-11-21,0,light_heavyweight,0.5687661733360942
eaf2ba2fb033cd4f682f8d99,2020-11-21,0,welterweight,0.5265618828469121
2cbdb6487a02560caa061947,2020-11-21,1,womens_flyweight,0.819455246832492
f1ef0a42087a271126512de6,2020-11-28,0,light_heavyweight,0.6718866379564267
54556752d4e905ae3733dad8,2020-11-28,1,womens_bantamweight,0.5900723537180844
ee744e008569f783f1c7ae2f,2020-11-28,1,womens_flyweight,0.2945625253407032
1da86dd1a82396c3d44770b5,2020-11-28,1,featherweight,0.21569917952874854
f7f1ed2648969e54b0e3c382,2020-11-28,1,heavyweight,0.3948252404606323
15dd8c606462176c34ed098b,2020-11-28,0,catch_weight,0.34560641684485177
be0781425d6678d096405d23,2020-11-28,0,bantamweight,0.5954779251560239
1cc13b483b64475640fb3718,2020-11-28,0,welterweight,0.4443733995621704
1162fe15cac2da103dfe148c,2020-11-28,1,featherweight,0.45628782065549106
0c3a9c25327fe52dfdc851ce,2020-11-28,0,flyweight,0.3466928061941761
3fb0d126ec0ec9c850e7c51f,2020-12-05,1,lightweight,0.6015846006649995
38c73190ff54c90011fd11da,2020-12-05,1,heavyweight,0.4318353969323301
2faee2f4000145f6ef0e7d15,2020-12-05,1,featherweight,0.7871130883709586
c7ea0e981df13024b9a31ab0,2020-12-05,1,middleweight,0.48006418590928385
b7f4b02b143222c336934e1f,2020-12-05,1,bantamweight,0.3010510406184173
96327f3512f595cecb211d04,2020-12-05,1,lightweight,0.7100660368611987
5626b216eee3a29a06e2e953,2020-12-05,0,light_heavyweight,0.4744730402066441
cdbde8c8fb7b8ab6ece9ca3f,2020-12-05,1,light_heavyweight,0.6464301232223755
e56a0eee2d1ec9ecb44e9c6c,2020-12-12,0,featherweight,0.290183103397929
0212910162e54fa9cd5b7cd0,2020-12-12,0,featherweight,0.6088894945303647
d5af84d65e5ec7c832fd231d,2020-12-12,1,featherweight,0.3262309740880306
f33feba4243e510ba6affdca,2020-12-12,1,heavyweight,0.7597809173376768
dd922295fee469e083fac69f,2020-12-12,1,middleweight,0.5738467104647476
b259ff80d212bf23d79b1dc4,2020-12-12,0,womens_strawweight,0.47919612647049015
4bdb0495d3dcf5d7e7dd27a3,2020-12-12,0,lightweight,0.6435243208955944
80103ed2aae686dd59e7503e,2020-12-12,0,womens_strawweight,0.2525478535398555
c07bd95dd550983c678bb413,2020-12-12,0,lightweight,0.5580755165324165
956d4c038b9d798a03f2f217,2020-12-19,1,welterweight,0.7018861193804226
06b8415093de68eee890672b,2020-12-19,1,catch_weight,0.6820209885318457
9cfc7008d97b25e3eee03dba,2020-12-19,0,catch_weight,0.4139518383654513
7c14b9cca72df7ce3e48797f,2020-12-19,0,womens_flyweight,0.46514955646984557
09bb551777feafe78278b168,2020-12-19,0,flyweight,0.5254210560427661
ce69be9a42b5dce320787439,2020-12-19,1,bantamweight,0.6168542372896444
d4607f21674e1b635ed2c4b1,2020-12-19,1,heavyweight,0.3511105867406345
2751edcfff14d6f87019df2c,2020-12-19,1,bantamweight,0.3206432965643272
47e7219958c4619887b0ea40,2020-12-19,0,welterweight,0.4642923314570555
8da008a32caddde479cc3af6,2020-12-19,1,womens_bantamweight,0.4625820359744986
6cccf3ffb09a129e7b0bb096,2020-12-19,0,welterweight,0.61188819365268
73c4fd702dce585354b6c53b,2020-12-19,1,middleweight,0.5505419270092394
ae621dcbc9586b8e5527d2fc,2021-01-16,0,welterweight,0.6323861867519408
63d6662513715319fbb37f5b,2021-01-16,1,heavyweight,0.5324867854505685
299cafa827deafab86edfca9,2021-01-16,0,welterweight,0.3105115863393461
5a322970c6fa2b7ccdbf1a91,2021-01-16,0,featherweight,0.4117302429466825
0b3e78533c34539224338ddd,2021-01-16,0,middleweight,0.5927306822977757
e3788f7673c040a7e7162eaf,2021-01-16,1,featherweight,0.6129521987694299
94167c05ac13c3152031bd8a,2021-01-16,0,middleweight,0.5141690689818759
e1e59ca7e3b0bad7652227e2,2021-01-16,1,welterweight,0.4233368749472395
0314d7c96dc6c9029d7f9a5f,2021-01-16,0,womens_bantamweight,0.446903750674183
733a1c63f7740f95a9317482,2021-01-16,1,womens_bantamweight,0.4940491343308388
6be48a3315d78994e2f6bbaf,2021-01-20,1,middleweight,0.5076201696383603
9fa1bae0311b4aa3ccba91f1,2021-01-20,1,flyweight,0.49216435523717467
0510c32efd9efab7964555f7,2021-01-20,1,light_heavyweight,0.44056092340337527
8dd911979c1d546b9c995936,2021-01-20,0,featherweight,0.15882091163121184
88d9b570e90c027e750424b7,2021-01-20,1,flyweight,0.6667649213474506
500b756ea736234a67f865c7,2021-01-20,1,welterweight,0.4815446690193959
e8a21c49a3957ae2db4f9304,2021-01-20,0,lightweight,0.42269338432578557
bd1a13b91967e59c2d2ca195,2021-01-20,1,middleweight,0.697407878491518
871ec9ac30c6dde7f53b3da8,2021-01-20,0,bantamweight,0.24367472691762876
5e589ab68c009c7418795d5d,2021-01-20,0,womens_flyweight,0.4234234730415684
f586b613c26248f8a71102eb,2021-01-20,1,flyweight,0.6132226731811274
c5b665d2739cea495eec4f33,2021-01-20,1,bantamweight,0.6937305554312393
e5728f57a9db1a6d419df71d,2021-01-20,0,womens_flyweight,0.5285449410449247
acb69131c93694b07300faa1,2021-01-20,1,welterweight,0.44668002460849904
cc8a36141f665f8a21e43c79,2021-01-23,1,flyweight,0.5949309209266627
ba4700ec8890cb3212bac423,2021-01-23,0,middleweight,0.37219406817349215
35396c0c45d4c8527b82d6ab,2021-01-23,1,lightweight,0.7714267461427149
e81b6098e57e8133b071edb8,2021-01-23,0,middleweight,0.5538686681197745
749823f187d45e71e91ff721,2021-01-23,0,lightweight,0.7937581028736961
41d00a19b95b8c4e1011e422,2021-01-23,0,lightweight,0.46631928682894197
069bf8b9c6ade82cb549680a,2021-01-23,1,womens_flyweight,0.46783103826463607
946129bbdfaa781a21608a9e,2021-01-23,0,womens_bantamweight,0.3333314238818586
f7128ea236725875bb42fb2a,2021-01-23,1,light_heavyweight,0.3308104878118424
4d892766af178faa517a3b55,2021-01-23,1,womens_strawweight,0.2726863648795911
9eddebe538dcd4b2e8bce30f,2021-01-23,0,catch_weight,0.3344285124684086
398469f8b03c9109e14c3efb,2021-02-06,1,flyweight,0.7314226274700909
c52172bfe2d5dadbc2baa574,2021-02-06,1,heavyweight,0.6916368151307598
dd2ee13375dd8c96df6d0a62,2021-02-06,0,bantamweight,0.3625329812522151
c2749aa0039c9dbb15dc18cb,2021-02-06,1,catch_weight,0.6656576339385731
006fbd1ad4d3164705b758d8,2021-02-06,1,lightweight,0.6283721595540739
f95fccaf728f92e2468278a7,2021-02-06,1,womens_bantamweight,0.4743589029819135
5b925fbe88e3649da9183c2e,2021-02-06,1,lightweight,0.2602195462213641
5617b1854fbb99723ea7f386,2021-02-06,1,light_heavyweight,0.5147464712309826
187bee69eb0bfc1344de75ea,2021-02-06,1,womens_flyweight,0.3292097487684736
116aee82de340b5b69294296,2021-02-06,0,featherweight,0.5871871485203629
990348198032e07f47fe05b5,2021-02-06,1,featherweight,0.26862845011113207
7f425d4ea75cb89d2a23d068,2021-02-06,0,featherweight,0.6278771466559108
0ad9e306fa9bafaa5d9d1705,2021-02-13,0,catch_weight,0.3884111348924815
f034ef7d780fb11cd9df91fa,2021-02-13,0,welterweight,0.42954546477729694
e415a937b387a95ec19c51ec,2021-02-13,0,welterweight,0.52168263597139
f97a2702edccb7dad093612d,2021-02-13,1,welterweight,0.7415373272373507
a4e473c3f2b704804d3aa60e,2021-02-13,0,middleweight,0.3676538642286476
84467793f69d35eb41eb8877,2021-02-13,0,middleweight,0.665821317908222
089e43bbc47943ab21cfcc52,2021-02-13,1,womens_flyweight,0.4564930392023424
eb1492878c3ea0174e4e3b62,2021-02-13,0,womens_strawweight,0.2949128078951898
12f182cc4484512866f9fb1e,2021-02-13,0,featherweight,0.21448316845576187
3dba4569718934d994975320,2021-02-13,1,middleweight,0.3019842403056048
ea60b29d1cc1c5cbf1e166c1,2021-02-20,1,bantamweight,0.36273956488425957
74bfe372b0e5a30d25bf5041,2021-02-20,0,heavyweight,0.25977125572990356
54831bad652cdc3a8ada5fdc,2021-02-20,1,heavyweight,0.790041804284607
5f3fc1a3e546d6b566ba1392,2021-02-20,1,featherweight,0.672961945223111
1a4d68fedca9efa585791fa8,2021-02-20,1,heavyweight,0.30357684804192875
4dfd2b1535c10a0b46f38234,2021-02-20,1,bantamweight,0.4891246145290959
35b9ba0462608f9b6e41c742,2021-02-20,0,featherweight,0.44792183452203205
b57470dcb8fd957a6caf4d98,2021-02-20,1,womens_bantamweight,0.4963891336487781
92b3031f9c8a237ab1c68ea2,2021-02-20,1,featherweight,0.6588387647874911
624a4740ac849b0f19e7a355,2021-02-20,1,middleweight,0.462664917337034
bb5477c8597bf06ae476381f,2021-02-20,1,heavyweight,0.5197645198154043
08bc513ce88af8ec37ef2a3e,2021-02-20,1,womens_flyweight,0.7228863202419535
a8ff0354149b1a73242c7b41,2021-02-27,1,featherweight,0.47742904162434124
fa031ca2b598c1790a770dac,2021-02-27,1,lightweight,0.49611713128430246
79d0da63044a2d7848dc3eb4,2021-02-27,0,womens_bantamweight,0.7169993907777836
a7edd53221755c84fb85b338,2021-02-27,0,light_heavyweight,0.5725739664249779
4dae04976391e2c304856f18,2021-02-27,1,heavyweight,0.621268116556757
8977265e2ec0ac4a8d0eb88d,2021-02-27,0,light_heavyweight,0.4989948113901737
03937bc015b49d21691cbfb9,2021-02-27,1,bantamweight,0.4445304522838374
3eed3433c57ea8ceb8e6c485,2021-02-27,0,bantamweight,0.4624576321366379
2c55dd48924effa480f5ca18,2021-03-06,0,womens_featherweight,0.17352209416551218
172ba1c4ac7e58c4dbd7b4dc,2021-03-06,0,bantamweight,0.5970300481274405
84173c3cabc82b82021ee1bb,2021-03-06,1,lightweight,0.6477420891521045
2f2a2e5d3ef44f24b2553a05,2021-03-06,1,light_heavyweight,0.2596658450258991
774fbbcd4bc58c07113c5842,2021-03-06,1,flyweight,0.7499405205415544
bec1db2b5e3183035ce016c7,2021-03-06,1,light_heavyweight,0.5591860183166937
7406877c1618cdf902112bd6,2021-03-06,1,womens_strawweight,0.5988071315805807
436382c7157f32d457cf439c,2021-03-06,1,bantamweight,0.22027980050573767
e40ebd32f54ba3551bc187f9,2021-03-06,0,bantamweight,0.4573951310285773
4c948af46307bedde78b9778,2021-03-06,1,flyweight,0.5970485363800787
39d510d179fdc5c9bc82b8d7,2021-03-06,1,welterweight,0.6705676931741062
a8dd1d9e9aeb7fd344b2f88f,2021-03-06,0,bantamweight,0.37359271389181925
1665c4098d198e470e99997e,2021-03-06,1,light_heavyweight,0.6314335077768298
83c08ce6fca53bee662ac967,2021-03-06,1,flyweight,0.31803438148318514
2a0f151b77d398964b58f1f6,2021-03-06,0,lightweight,0.3549920142061926
e048cc318dcc24e55e146279,2021-03-13,1,womens_strawweight,0.5920317312326149
75ff868f7c9201dc424bcc14,2021-03-13,0,featherweight,0.23383363749986127
45284428ec473bdf65215b5e,2021-03-13,1,womens_flyweight,0.4479668948076025
9681fb4a0e8ec440e305912e,2021-03-13,0,featherweight,0.41155096124955004
d8ea1aa19a7a70e000c057f8,2021-03-13,1,womens_strawweight,0.3832738695011294
08147aa1d935de56a0a7c9fb,2021-03-13,0,bantamweight,0.6323136806196243
1220f1ae4d30086f6c114d44,2021-03-13,1,flyweight,0.5211882950990805
3d9e74cecbd64b77643aa7d2,2021-03-13,0,welterweight,0.2747458461363732
c3cb9104e11fce38ca8aaeaa,2021-03-13,1,light_heavyweight,0.4989805873535512
a651712b4735435b6dff0a60,2021-03-13,0,lightweight,0.21536166984187424
155fb3d1aba34cc5371c180a,2021-03-13,0,bantamweight,0.6194329405064105
09cb12976b9d557d330fede7,2021-03-20,1,bantamweight,0.5151553874245557
0e924a271d155d25cb96a9df,2021-03-20,1,flyweight,0.48489337634351337
bf9c66e4d2ea103435a96f54,2021-03-20,1,womens_strawweight,0.5285449410449247
a7bfb80dde30557923deb967,2021-03-20,1,middleweight,0.42971367219648804
fccce461000f977a1f29de71,2021-03-20,0,lightweight,0.31949169366708075
3046efa844e5b8c612a39088,2021-03-20,1,womens_bantamweight,0.6635731482152514
0e1232159bb09cf0a8157294,2021-03-20,0,bantamweight,0.2517682395335951
87a052aae5db7282aedf3af1,2021-03-20,0,welterweight,0.3846761308187054
5ac9f53f3b903f5f50c7ae07,2021-03-20,1,heavyweight,0.6961854360682715
24832c40dfffd88b28acd6a1,2021-03-20,1,middleweight,0.5879078837949768
655ce511031179b0d7528580,2021-03-27,0,light_heavyweight,0.6240912723673071
1523d28d8f3dbd0ee0deefc5,2021-03-27,0,womens_flyweight,0.46876313326347013
9fa712833bf4b6daceb5243c,2021-03-27,0,lightweight,0.5474298444782818
06d257fb5a3c5fda36c86d32,2021-03-27,1,welterweight,0.42549762044738415
f821eef7b840304b0c4c2566,2021-03-27,0,middleweight,0.4616541915197408
10d5d1953f1e4db582bc4232,2021-03-27,1,light_heavyweight,0.7151629714577662
437c18cdfaded48de4fb9c8b,2021-03-27,1,bantamweight,0.6632853451466658
bb5d26adfb4244e5cb7c71ca,2021-03-27,1,featherweight,0.4670822788196377
f9ad023e5912b9e8e23296c4,2021-03-27,1,heavyweight,0.49372603358914974
71146ba7e43a180d3a76ed5f,2021-03-27,0,welterweight,0.5395026921135596
a5b7f687614fa2c274c262fc,2021-04-10,0,featherweight,0.39644686613529523
6a77043e2a2c7fbcf5d1422e,2021-04-10,0,light_heavyweight,0.6256618776809463
f7aba315e5e7f95e583bb5f6,2021-04-10,1,bantamweight,0.6322558296671803
eb0d9121307638176a27c78f,2021-04-10,1,welterweight,0.49053623113001166
ec6aff0a24442abf1efa5bb7,2021-04-10,0,lightweight,0.26658291097154624
be94f7ea41163e46b8032440,2021-04-10,0,lightweight,0.6212926439905404
75e3c66fe5bdb1e2907f61ff,2021-04-10,1,featherweight,0.45776535088971576
c2987bdf66ace8687c8129a8,2021-04-10,0,middleweight,0.5149712055515462
bb4b636ab4f2733d20549b1d,2021-04-10,0,welterweight,0.5844630760866254
2324fee04a36218838c2f885,2021-04-10,0,womens_strawweight,0.44423760872464774
04cea879fa6be6d87fdd22c0,2021-04-10,1,middleweight,0.552854005100846
a145a890ebf3141cbf139a78,2021-04-10,1,lightweight,0.603504822786427
a26ae051b20aa9c96dc7945e,2021-04-10,1,heavyweight,0.3336848737118999
3974a50adcd6fd1bcc060147,2021-04-17,0,middleweight,0.6752745527630596
c3a29929b0c55a012ba64d3c,2021-04-17,0,heavyweight,0.4500092651250735
85eb8bca2d84e2de29d25928,2021-04-17,0,heavyweight,0.61799717548467
2dfce60518599adbf4e3bbc9,2021-04-17,1,lightweight,0.6863643355235022
3249899f8623af67ee4875c4,2021-04-17,1,middleweight,0.49797480019834456
b6a515792134d4e7ebc8590e,2021-04-17,0,womens_strawweight,0.6209647723369841
c36e6871481b761b6bc086f8,2021-04-17,0,lightweight,0.2955377831395303
d500803cf03a6c79704f1f11,2021-04-17,1,middleweight,0.6054870496286902
a7e37dc0ef58d7d8986f6a75,2021-04-17,1,bantamweight,0.7529115769743209
5540eafcd8dfd2f733cfcec1,2021-04-17,1,womens_flyweight,0.5572562377542182
44edb5e52a71d5b17b379406,2021-04-24,1,welterweight,0.5874745434208366
b29904ef22772d43b1dce8a8,2021-04-24,0,light_heavyweight,0.6304065353973155
961b987dd8cca4efe946c0ac,2021-04-24,1,flyweight,0.6410433243709325
07cb74a61d28c7395ccc3e46,2021-04-24,0,bantamweight,0.650533311708215
c15e97d5709dfd66cf01357a,2021-04-24,0,welterweight,0.4529809468028557
0e596947e3da41e12e863200,2021-04-24,0,welterweight,0.24234441427581374
2c3c5213ab9496c702780d50,2021-04-24,1,middleweight,0.47685222352794704
023d0a839d940fdea400233f,2021-04-24,1,lightweight,0.46197008155483216
c379cb07b140cc25e888391e,2021-04-24,1,womens_strawweight,0.4622886473174714
fee11078cee1e6996b863aed,2021-04-24,1,featherweight,0.382333130281126
5e472b8e52eff152fbfe7d30,2021-04-24,0,middleweight,0.6846643202852113
b53f0ffc153410c8a768bc13,2021-04-24,1,womens_flyweight,0.5702702547679573
440ba029911f1e78c5f3138a,2021-04-24,1,womens_strawweight,0.5089907033947503
1f45fe6f50add14fab876381,2021-05-01,1,middleweight,0.4048887706930236
d7b12003299832c257b05e66,2021-05-01,1,light_heavyweight,0.32211228671462094
0675530f5deaaa1160f7c718,2021-05-01,0,featherweight,0.31468536236778066
79247937a956625d6f3ce9c8,2021-05-01,1,featherweight,0.3220808738980698
f1f15579cd1db6d027621436,2021-05-01,0,womens_strawweight,0.3619269371374189
2e215036f623af43977bfb1e,2021-05-01,1,featherweight,0.5188256226305874
1a543291bbbbd63ae5f6db49,2021-05-01,1,bantamweight,0.6757068947720211
d6a46acfc572e3ae94089003,2021-05-01,0,womens_flyweight,0.7170418635372883
01327dc0bf03e55429a6b30f,2021-05-01,0,womens_strawweight,0.3251365792003386
b3569c5019bea0ff890b4ec6,2021-05-01,0,middleweight,0.33455431060667923
fbe844693986698837d7441a,2021-05-08,1,welterweight,0.4646749054805211
b22da21be05c590f9103ab3e,2021-05-08,1,lightweight,0.4655267644609555
96f3e20245151d21bcdb8f40,2021-05-08,1,welterweight,0.6746853135591134
4b2e71789ce3c1603f44c672,2021-05-08,0,middleweight,0.5507466079264615
0f50cecf3fb203a79fbe59a2,2021-05-08,1,featherweight,0.3782453531591342
bf70c712fd72cbc1402be6de,2021-05-08,0,womens_flyweight,0.38479279480747736
66a055a3bdb65ec398c18942,2021-05-08,1,heavyweight,0.4309933848387633
da6b936ea8667cee5f337a67,2021-05-08,1,welterweight,0.6256461224010937
1d555c9651e1649b67c873d2,2021-05-08,0,middleweight,0.5128143732241127
4eddd98f6b71d1b40ce9de04,2021-05-15,0,womens_flyweight,0.38816973730721194
b161c29e825cc8f33321c23d,2021-05-15,1,lightweight,0.5992483082911833
73ed9835db433e1c3179e031,2021-05-15,1,lightweight,0.6150058200296862
2c723e3bfbd7746b1a49bc19,2021-05-15,0,womens_flyweight,0.7324280778948198
4a515c7e15f58e278e85b0c2,2021-05-15,1,middleweight,0.5430705281176955
2d88a7f118a9b133a9aa150c,2021-05-15,0,middleweight,0.6009980360806285
7b40bb27aad143bbe4bf6123,2021-05-15,1,womens_flyweight,0.5913752860202438
9236d5c10fd5259af71d1f7a,2021-05-15,1,featherweight,0.6005174312888546
8552cf2fa15f36c962dd47da,2021-05-15,0,featherweight,0.5481129792264269
ac01654bb88f24cde0453ff9,2021-05-15,0,featherweight,0.616403392638341
30b02d38c456914546eaa1f9,2021-05-15,0,lightweight,0.3989868166732802
d30d3aec127463726bcfe02e,2021-05-22,0,heavyweight,0.3631591963814127
071a45a6dbfc547ac87fd8f2,2021-05-22,0,flyweight,0.43186618020657824
10b25f19a0fff04f7455e7f0,2021-05-22,0,welterweight,0.5705115062347951
c218d031e77e1e9e8ceea0f8,2021-05-22,0,flyweight,0.24406774276180743
fda50c856c3cc806fad2cd0f,2021-05-22,0,womens_featherweight,0.4069712271768508
e9beb6a44ab27a583e24a07e,2021-05-22,0,middleweight,0.48285958788416233
296bd6be85fe799b7ab7c1a3,2021-05-22,1,featherweight,0.33754540603149885
cc74e32603a6a23148741929,2021-05-22,0,heavyweight,0.52606031797385
b5709b61e25ad5e6e50d3e45,2021-05-22,0,lightweight,0.297711709168214
3b7b804068b8e00672a5f39a,2021-05-22,0,featherweight,0.48386563056307885
021c23a2eb7dd424b3760858,2021-05-22,0,bantamweight,0.5854898431840329
0a8907e7c9ccc7e92c10fa53,2021-05-22,0,womens_strawweight,0.43598351868141716
a71663808cab96a533f7f3a0,2021-06-05,0,lightweight,0.635077227560676
b849723a163cb1a94edec03d,2021-06-05,0,middleweight,0.6707163647775339
c30c5ed0c6f68ddbdc6e0034,2021-06-05,1,welterweight,0.7353178818857751
005237f1190a5a2d4091414f,2021-06-05,1,heavyweight,0.6843675626878359
dae4bb27f2bbb3c7006d1dc5,2021-06-05,0,featherweight,0.6062493495343275
05ccaa473e2b94dfabf7d1fd,2021-06-05,1,womens_flyweight,0.7144340251985327
302fd43d83034a2a1167cb24,2021-06-05,0,womens_flyweight,0.37291521782245934
d603dc6aff17ddbb1d25c05e,2021-06-05,0,middleweight,0.3619400839971366
124977ad8833f804ed6cb04e,2021-06-05,0,welterweight,0.7700897643545783
a6488972b4e28f5bb943b98f,2021-06-05,1,featherweight,0.31953543325213063
cca2249636b0929cdddf4681,2021-06-05,0,heavyweight,0.5871395599137074
4dbb2484e6d1bdd5206a8e75,2021-06-05,0,heavyweight,0.24861122370404842
7b68645c6155f616e8698da6,2021-06-12,0,heavyweight,0.4319272496880167
a472857449a92cc1580c34ce,2021-06-12,1,featherweight,0.34779924796227435
a00ccc9c46ab59aeed12bc52,2021-06-12,1,flyweight,0.46184331870380196
6416d8a78b4aeee3a078ff10,2021-06-12,1,welterweight,0.7021300645769023
d4659a1d3ed047b9c9526f60,2021-06-12,1,lightweight,0.5084259501120225
d7e483bb04fd67f9c284ae8b,2021-06-12,1,light_heavyweight,0.4390443731882931
a067ee4df1e643240630223a,2021-06-12,0,lightweight,0.5884129639753788
06b2c67c96de677f095d63a4,2021-06-12,0,middleweight,0.46320208876234503
bdcced7630b8f9fc20b8e65d,2021-06-12,1,womens_flyweight,0.5802269239850061
27e411a536e1c7deb45d1ac6,2021-06-12,0,welterweight,0.22663718712700798
f2b6f09261ceb5b126445765,2021-06-12,0,lightweight,0.6027961230462969
7d225bf082e7c74caa37c3ce,2021-06-12,0,featherweight,0.4334162503104142
cba88fa3d2445ac8ac4d89a0,2021-06-12,0,womens_bantamweight,0.24590665994913372
30e778d3989da80d54ba9e9b,2021-06-12,1,light_heavyweight,0.42689377122446276
9328b8ac23e7685857194ee4,2021-06-19,1,light_heavyweight,0.16832263114350096
ebf39919541e28347dea97af,2021-06-19,0,heavyweight,0.3045815747747325
cd61e6ca2674830655d58d10,2021-06-19,0,womens_flyweight,0.3081186427137227
8aa7756723ebd18d2ab40f8e,2021-06-19,0,featherweight,0.5923788991257763
78cbe025f9059d02470e6e87,2021-06-19,0,lightweight,0.5488892209646086
61610b155882ac3e3eed4f71,2021-06-19,1,heavyweight,0.6122734266577728
836588eb01321066a95e6f60,2021-06-19,1,featherweight,0.5696394515346423
9987f669b7493fba2fe3d118,2021-06-19,1,womens_strawweight,0.3946811494515785
9f27d61139a529c02d842433,2021-06-19,1,welterweight,0.621665186985104
e74b6bf080b0e710ce9747bd,2021-06-19,1,bantamweight,0.5717460247924512
b95e558564dc9e0f3f3f5cfd,2021-06-19,1,welterweight,0.3838904303445363
9a82adcac5a1d990fb6cd5a0,2021-06-19,1,middleweight,0.5856390091606929
a3c60ed394aa5d105da7ad3f,2021-06-26,1,featherweight,0.3883724979341227
b3a720a454739d051995c2c1,2021-06-26,1,heavyweight,0.6251209999480263
fc8f71a97583223c7eba5642,2021-06-26,0,womens_bantamweight,0.48546796727548364
7bab93177c4542550318ca39,2021-06-26,1,light_heavyweight,0.35367356584528015
734b592944e62af1b555c366,2021-06-26,0,light_heavyweight,0.23529272148454403
f161c4d3b027f2f49eaa2f45,2021-06-26,0,bantamweight,0.4640804528098328
89d9e6cd12cbc984c5ad5db8,2021-06-26,0,lightweight,0.27093779188791034
ce42994760729649b78812f5,2021-06-26,1,welterweight,0.7208838828406233
8fe42d98d6456f0fc2191b0e,2021-06-26,0,heavyweight,0.25017280916453266
d779754588526356ae5ea3e3,2021-06-26,1,welterweight,0.6721245037853428
ba71dd0032aaf0bf310c24c7,2021-06-26,0,welterweight,0.742151465111693
746498ef7443f0caf5f2082d,2021-06-26,0,lightweight,0.4043619030623364
80d953c972d847be890d6aaf,2021-07-10,0,welterweight,0.3761495830689395
6498a4c8d3727a2016dbff4a,2021-07-10,0,lightweight,0.47457922349604126
52922d44b46e92c459d86bc8,2021-07-10,0,welterweight,0.4508641242394257
148e523baab99af91b27dce5,2021-07-10,1,womens_bantamweight,0.3524578502584988
15ad67d5e43acafdd6c98fe0,2021-07-10,0,womens_flyweight,0.3988528105314019
530b143d446dafc011071c4e,2021-07-10,1,welterweight,0.6717799796938942
bbfbf8b8166c426e1240e0a4,2021-07-10,1,middleweight,0.35845458466942914
12bc8ea49cf6466df9aea9a3,2021-07-10,0,featherweight,0.3759119024763019
051cabd00d8a84746e67e149,2021-07-10,1,bantamweight,0.8087996772516753
3ea316d32ba9c755ad343003,2021-07-10,1,heavyweight,0.44793444510436775
dd14dada5640b649e27c8cb6,2021-07-10,1,middleweight,0.30438242589135933
57c1af099e2eeaedffb7b6c6,2021-07-10,0,flyweight,0.506339279482654
387800ac98197707044d3802,2021-07-17,0,womens_strawweight,0.4107040413620774
6a8395402c96b2d104acd78d,2021-07-17,1,welterweight,0.7047565661230589
87728864303defcd4fe22031,2021-07-17,0,flyweight,0.6676649574612324
8a31c1172ab5106325cc627e,2021-07-17,1,featherweight,0.5876082373362284
b726a2c340e0031859a57110,2021-07-17,0,lightweight,0.4052610540678039
4d558ebbde851ebbceb2a376,2021-07-17,1,lightweight,0.7845873276413934
973af1128fff9b2a14c5621f,2021-07-17,0,bantamweight,0.7478151128999522
ed7f6c0bd5b437f2f9dc6c7c,2021-07-17,1,womens_bantamweight,0.4953749259008095
c9c25ab469ad2fe48494e4ba,2021-07-17,0,middleweight,0.39736198564694714
03a0165ac1c070a693740903,2021-07-24,1,bantamweight,0.5884165489708946
3cb448435c95ab6aa4fed0a9,2021-07-24,0,bantamweight,0.7325248051222489
b0617d39a8cbc7fc041d74b3,2021-07-24,1,featherweight,0.33815261128304375
f9beb1b95ba45b9b1621b64b,2021-07-24,1,womens_strawweight,0.6332555609037916
f8df7edab264a0f373e74bd3,2021-07-24,1,bantamweight,0.40105489944936296
1a387168660b6545f6e752fb,2021-07-24,0,bantamweight,0.7261774616275881
3619b7063e9cd88f010c5a0f,2021-07-24,1,welterweight,0.5812293396776333
f115a8a9f478bc63f707998e,2021-07-24,1,womens_flyweight,0.3603022523962428
f0c4c6e99336ff56646d4fa5,2021-07-24,1,middleweight,0.46326839309532886
2457d12636a9cfb566f94a56,2021-07-24,1,middleweight,0.5429980836738758
033418400afa21c1b79842c9,2021-07-24,1,womens_flyweight,0.7302521092436802
aa362511017ececb3e8cb952,2021-07-31,1,welterweight,0.3076893357001578
439390ea327acf2b45119216,2021-07-31,0,womens_strawweight,0.42300621144929784
abe908dff98725268a6de4b5,2021-07-31,1,lightweight,0.3362106409478719
f53d55ca7e6c71bca1768d71,2021-07-31,0,featherweight,0.5437384470977124
3a69e82631c81017529c26db,2021-07-31,1,womens_strawweight,0.4515215661649128
848d633ab5d861af69f87843,2021-07-31,0,welterweight,0.6931188538082609
d6d47fd80d8781a3f317d30b,2021-07-31,1,welterweight,0.2794578358845895
32bb78b29e02d70783585786,2021-07-31,1,flyweight,0.6449128075279905
3af23183b818dfe59d5a0114,2021-07-31,1,middleweight,0.580412226647584
37eb5a2b7db7710c44ecbb0f,2021-08-07,1,light_heavyweight,0.7191731034933813
31e656fd3cfbfde7ba181505,2021-08-07,0,heavyweight,0.3049703120282693
cfc670cb4c942424d4bde058,2021-08-07,0,bantamweight,0.4208566092061813
a13574844084b56c501c795d,2021-08-07,1,bantamweight,0.4277461883139738
c291f2773170c40024daeb22,2021-08-07,1,womens_strawweight,0.33346057610909724
e7881e314d5e66981e8e89de,2021-08-07,1,lightweight,0.5301968011903576
a7d7600747cdce4d1aac4734,2021-08-07,0,flyweight,0.5197130087412559
36997816a9de75a5faf77fdb,2021-08-07,0,welterweight,0.6064752468703689
1b48725e4a5a6738fae9d75e,2021-08-07,0,bantamweight,0.1948244634995025
adbb4bf7f16d6f11fdd6a702,2021-08-07,0,bantamweight,0.4231175466511028
8a628435db9e18feeb85b101,2021-08-07,1,womens_strawweight,0.5464838958537788
03bd3178b81b51c98a2ef07f,2021-08-07,0,womens_flyweight,0.47343144031814943
ff592cdaa4eca0c7c874169d,2021-08-07,1,bantamweight,0.6088932642934394
97eff66c4a32a2932814be38,2021-08-21,0,flyweight,0.6059238184935084
102faa4ad68146ae09750464,2021-08-21,0,featherweight,0.35662179315619436
7f212aa41a8e96a98df4f434,2021-08-21,1,womens_bantamweight,0.3944504277726167
256498ff833bad9ec8a58f4f,2021-08-21,1,bantamweight,0.657378408990951
768f6a84be53ebd19ce73dbe,2021-08-21,1,lightweight,0.7548465614940526
39e93a7358c364f594c54892,2021-08-21,0,middleweight,0.5377260045041063
a37c8fb1c9ec806b184a9c51,2021-08-21,1,heavyweight,0.3804918917759397
5d50a9759638e91e84f0b746,2021-08-21,1,lightweight,0.5535145001230825
e2ebb569fa02a491387e1161,2021-08-21,0,welterweight,0.6760914089544503
eb3d6a53fd969c07e9831cf1,2021-08-21,0,bantamweight,0.7821069188893865
642d81d57681e847b5fde3c9,2021-08-21,1,lightweight,0.2771720724106123
45a810ac99baec2dd4b54d7c,2021-08-21,0,light_heavyweight,0.22355993547542247
0ed065dd12c23b6c9d895669,2021-08-28,0,middleweight,0.663480713865388
9f9acc55a8ab60ad174b6e11,2021-08-28,1,middleweight,0.5285449410449247
81175b83703a04c9578b0ede,2021-08-28,0,middleweight,0.5285449410449247
aff3ed6568a856a3854450e4,2021-08-28,0,light_heavyweight,0.6190275861651771
ec627d0e52cb9efd5393d953,2021-08-28,0,featherweight,0.3016527609741681
d6d68f11e8b1409123b81a91,2021-08-28,0,featherweight,0.40940189116464215
bf631345d98ad2d5efa45637,2021-08-28,1,womens_flyweight,0.44242414472804614
c64ba96ba3a2bbcd5352c69a,2021-08-28,1,welterweight,0.4015019210169322
0e995a99c3637eda1e7fe1ab,2021-08-28,0,middleweight,0.5955966633420603
036b6e057cbf7a551f641948,2021-08-28,0,bantamweight,0.32807434050276935
323b248672e4ff7a5e608f9e,2021-08-28,0,bantamweight,0.5285449410449247
7134f69560a4ddd941edb18e,2021-08-28,1,middleweight,0.6195799063526843
848148a2658c8b26e59ce487,2021-09-04,1,welterweight,0.6979475630058815
979ddbd47cfbfedab2b8467b,2021-09-04,0,middleweight,0.37594525274326157
c2ec829bd718d445716f67fa,2021-09-04,0,middleweight,0.6159190390704028
97be85a3e259ac669e1925e6,2021-09-04,0,bantamweight,0.23521669084172722
ba157252f6db82d9ef9cbf91,2021-09-04,1,catch_weight,0.3898439210072962
24c47b0c28d199c1ece9b21b,2021-09-04,0,light_heavyweight,0.5941461129937408
ef38db4fa319c1d073e6809b,2021-09-04,1,womens_flyweight,0.47388145919980396
f86ff3558c519c95d88ed2b0,2021-09-04,0,lightweight,0.7159390381090506
e39ab69302a3a4acaa385b46,2021-09-04,0,heavyweight,0.33351980123520936
21452c8ad7c8dfb85b7958bf,2021-09-18,1,light_heavyweight,0.31131191066693636
889ae6f64e5ed194f4e9d57a,2021-09-18,0,womens_flyweight,0.5419724272977846
1c6ed9f870c0d2d4f98638ea,2021-09-18,0,lightweight,0.1436684289845417
2b42e0ee62b14d7f1ac91ecb,2021-09-18,0,womens_flyweight,0.6561903228553333
30d2da816f66152c4db4ff93,2021-09-18,1,womens_flyweight,0.4869809523086937
ba70d4bc1610e50610bc85f7,2021-09-18,0,welterweight,0.45644177704001576
ed602daa65f0872d1ddab046,2021-09-18,0,light_heavyweight,0.2922693389829234
50f8733c5af2c8bf7833a467,2021-09-18,1,middleweight,0.5967819320198255
394cd08a2aa9c8a419957765,2021-09-18,0,light_heavyweight,0.4068712945043664
193777961eacaedb105fe808,2021-09-18,0,bantamweight,0.32477718099665626
7ab07f5868c762f3dce9e36f,2021-09-18,1,bantamweight,0.4203575093880001
b7148a827199c4372ea4612c,2021-09-18,1,womens_bantamweight,0.4251550098836764
0317bdc7071d3d9f20a0a566,2021-09-18,0,lightweight,0.4539695353970321
947733852564801c14c15132,2021-09-25,0,featherweight,0.46457851748317164
fc453d53cd9cfa9ea2181094,2021-09-25,1,middleweight,0.5845144272974695
767276cd65a7bda83101b29a,2021-09-25,0,heavyweight,0.2510406303239604
47acb1d6dee5fe4612753acf,2021-09-25,1,lightweight,0.3878384852855617
7018a5372c82c8016ce4c305,2021-09-25,1,womens_flyweight,0.488891247207338
91bfc0bf09df44aba9658abd,2021-09-25,1,featherweight,0.40219978336740525
37c022f2c4b458467443e0a5,2021-09-25,0,bantamweight,0.22854743267620808
b413ac8b94e17d9fb59f2a9f,2021-09-25,1,welterweight,0.6137427799692106
b36a08b76e552d0afc4cdbe4,2021-09-25,1,middleweight,0.47538503587896497
2d366fdf2a73af32527b7ab9,2021-09-25,0,womens_flyweight,0.2510255143966725
efae3152488573da2f0e8669,2021-09-25,0,heavyweight,0.1816857073364137
474e7b7412f9128323a6ee3c,2021-09-25,1,lightweight,0.26633197179573215
4d3d35d9481430b2717e1dc0,2021-09-25,0,womens_flyweight,0.19652604134199084
d7ff13529f7a31aa3fd66322,2021-10-02,0,bantamweight,0.17352845616716783
958aeebbb028943f8b474351,2021-10-02,0,welterweight,0.5935723145423797
21dfa6f1ccdd361947c8ec5a,2021-10-02,0,lightweight,0.21256397200029914
6d3f40f6d4381ce272c0a74b,2021-10-02,0,womens_flyweight,0.17737070109818173
03178009a51da703270bd2b4,2021-10-02,1,womens_bantamweight,0.6548735245551143
3537b39689d7dd5ae29a31d1,2021-10-02,0,lightweight,0.6763852435581424
dff65f3a6f0298afa7bce7fc,2021-10-02,0,bantamweight,0.5307050887148992
b9d93ed042c8eef56051609b,2021-10-02,0,lightweight,0.604808202729977
a2ed5d2192961f696e9f3cb5,2021-10-02,0,middleweight,0.4562331903919225
a19ad67f1de8c89c051799ad,2021-10-02,1,womens_bantamweight,0.5845410054958831
49ec1b7d30d14df34cde2e67,2021-10-02,1,light_heavyweight,0.5473030778371614
69e9597fb43638f8229546fb,2021-10-09,1,heavyweight,0.7715412314498996
a4f8f9cd16f04f65379846ce,2021-10-09,1,featherweight,0.5585915835532693
679b8a681af1ea8df76c549c,2021-10-09,0,bantamweight,0.42049003207982416
b693cc8733bc9b6adc490155,2021-10-09,1,womens_strawweight,0.5770755251221744
65eb8cbb47349f9a81d27e50,2021-10-09,1,womens_strawweight,0.5888729261803257
968a08b5b350e76b63b11406,2021-10-09,0,welterweight,0.3914330322693671
c66520110ef94f852e522af5,2021-10-09,0,womens_flyweight,0.7015860726306846
2ab608b74126e2342d6abf67,2021-10-09,1,lightweight,0.6077555552606035
35e27d0eed9850d71eef2219,2021-10-09,0,flyweight,0.4285336780614943
05f9214d72c1cef7711a3eb5,2021-10-16,1,heavyweight,0.42138103642098573
223893d41e07dc5cba8acd64,2021-10-16,1,middleweight,0.5699290392441068
85743a2ebed3fb08b5acc751,2021-10-16,0,womens_featherweight,0.43261086172757934
851cc8213082f5aa4029b1d8,2021-10-16,0,bantamweight,0.5192486403942094
6c771843a2de0df6854e6234,2021-10-16,0,welterweight,0.5932133296118222
7ec4f2ed29901e7f518e59da,2021-10-16,1,womens_strawweight,0.533269270676379
75e91a9b2071aabf06334e6f,2021-10-16,1,lightweight,0.7224528698633981
b9ec4594020a9368d81a8a47,2021-10-16,0,womens_flyweight,0.5447698258376581
83b2a1dfe625eba45f9fe0b4,2021-10-16,0,womens_flyweight,0.2170274949415663
7e2515dfbd9e621b0263a272,2021-10-16,0,featherweight,0.8259121154570309
abe8cc47f03ac58b02b7c95f,2021-10-23,1,featherweight,0.42526252038089224
34754acf1c6eb5adb027b3e4,2021-10-23,0,welterweight,0.5593265322480183
2a878e40629fed0a310e0b0c,2021-10-23,0,middleweight,0.7092644674741624
dd60dff39adefccc680c4313,2021-10-23,1,flyweight,0.5477019398753121
2fb719a1e5e0607e47554e4a,2021-10-23,0,womens_bantamweight,0.5277859954358735
5d85a2f11fdb5bd41dff2dd3,2021-10-23,1,bantamweight,0.6501591549274259
f60ed0d525f53da9f318bc43,2021-10-23,0,middleweight,0.3344662557524713
4f68242759113783714f4450,2021-10-23,1,lightweight,0.3663385118130859
c589ea31720af460013a699b,2021-10-23,0,womens_strawweight,0.551180460480196
a8902ba72d4e5d289caa1fbd,2021-10-23,1,lightweight,0.5517338445645793
19b013dcff6f9c597376a765,2021-10-23,1,light_heavyweight,0.5742556036414964
41bdb938fef185e8ac424fb8,2021-10-23,1,light_heavyweight,0.7826836514728077
181fe229210ebc0890d81133,2021-10-23,1,womens_strawweight,0.4420144732327789
f8031426c728a047582f816b,2021-10-30,1,middleweight,0.46407280827398717
b2390e3878dea3ac297006fd,2021-10-30,1,heavyweight,0.6047355152936676
faf76162b47b80dad8f43727,2021-10-30,1,womens_strawweight,0.6268384997688038
ea01307e17f5d9d2ae50e47a,2021-10-30,0,welterweight,0.16236923306092474
ee313392ed6e4ab1c9ceea78,2021-10-30,1,middleweight,0.7589150978044934
82a15dc2358e1868399b644b,2021-10-30,1,lightweight,0.6352906925097391
e9bc05614cd6cd3f89fd76ea,2021-10-30,1,light_heavyweight,0.29989417219296405
3a77a8f67a2ec16505bae0ef,2021-10-30,0,welterweight,0.27125965487403364
dcdf4bf3562857781eb17181,2021-10-30,1,light_heavyweight,0.6882643538208894
d9465c9e6c4e4f9160831db3,2021-10-30,0,featherweight,0.3277495053692563
bfa3ac1e602529401051e936,2021-10-30,0,bantamweight,0.4776058209430635
243a6d2ea06e822417f703e4,2021-10-30,1,featherweight,0.3212785427302972
5fc60133e539e2c0c7530ce7,2021-10-30,0,light_heavyweight,0.5685909476169884
71a1ce754a0d5c295b38d6ad,2021-10-30,1,flyweight,0.5588289581370414
feba7692e9ec00fc3f868095,2021-11-06,0,lightweight,0.4939117590247144
920ccd9a5d510535cd3692d3,2021-11-06,1,middleweight,0.5397138753147006
10daa6ca09d264f8b7a2893a,2021-11-06,1,flyweight,0.5836867857518026
e9b6f10c97adf96e4e554cc5,2021-11-06,1,light_heavyweight,0.44831076901393524
0e30995a9aa64204088d1709,2021-11-06,0,middleweight,0.49852280433262924
25b357bcb1a6646fa18598ef,2021-11-06,0,bantamweight,0.42296005463630953
b0256b7f301cabc76e6204a7,2021-11-06,0,heavyweight,0.5468803246817924
8480a1caaf0cfb57c9e5fdf8,2021-11-06,0,welterweight,0.4759495262923965
d88311609f9c79db410e7e7f,2021-11-06,1,lightweight,0.6316213146684201
16299a61153a379aa621129d,2021-11-06,1,welterweight,0.8050666265264614
bf1435ed5ca5a3918c669450,2021-11-06,0,featherweight,0.27858376494378656
a93768c61a4ee022e03f794a,2021-11-06,1,middleweight,0.19431273930219364
81d3f9751c8bc9bd3e0662f1,2021-11-06,1,womens_strawweight,0.5941028210834862
b0c67496eb05d9210c671511,2021-11-06,1,featherweight,0.5453795163134127
949db9181591a44d3ae970eb,2021-11-13,0,heavyweight,0.37235795818393946
89ef0e35ce5ec74836288f7e,2021-11-13,0,womens_flyweight,0.32365582334180454
c212308191927936a67ad305,2021-11-13,0,womens_flyweight,0.4876404681663449
8797bee1f200128ccd5ee671,2021-11-13,1,womens_featherweight,0.39925306265828087
2a193240a3ef708a55d33473,2021-11-13,0,light_heavyweight,0.29507278206100485
5bc0f36c0ff5a8dbb0b2fa0b,2021-11-13,0,lightweight,0.48792857053581307
e2e00765ed6f4ef0e3cf26ea,2021-11-13,0,featherweight,0.27087205161218847
4ff1b5494b02c884c647e48d,2021-11-13,0,welterweight,0.6933912967684172
422d4b195157b17048d3578c,2021-11-13,0,featherweight,0.3478480605448674
796ec7042f87631266057606,2021-11-13,0,bantamweight,0.2241357312477476
7200ae576f27dfe33d808be9,2021-11-13,0,lightweight,0.6815959229821394
2b9f75df7adfc64073e39234,2021-11-20,0,flyweight,0.3816220482098828
ea47fd95680fd40e63662844,2021-11-20,1,bantamweight,0.6178074232835631
955de39b09cc63ac1016eb55,2021-11-20,0,womens_flyweight,0.30621889222897825
c3392d5ce8b0f7cc39849ea5,2021-11-20,1,womens_bantamweight,0.4768116580064222
886b35ce27e0dbfb4ffa65b1,2021-11-20,0,womens_strawweight,0.42796440202786634
02b2074a853937d576367380,2021-11-20,0,womens_strawweight,0.2814510738476624
c8b8e8a3970f3b7e64b5d37a,2021-11-20,1,welterweight,0.6331783733835605
e5d94690a4a67d6c1acbeec9,2021-11-20,1,featherweight,0.4216923100972211
b456d5fbc84ec67adfb965e1,2021-11-20,1,lightweight,0.5902156213022173
2fe0e26b551c93e2cdfc10ae,2021-11-20,0,bantamweight,0.5350169177099946
3c53f6a604af1ebde04927af,2021-11-20,1,featherweight,0.27672531196553657
226ce750c662215efe521657,2021-12-04,1,welterweight,0.6931790818122486
f86d296f6d7d0c47ff000083,2021-12-04,0,light_heavyweight,0.5905693901369305
2a0cb1a7ac7387052927df0a,2021-12-04,1,lightweight,0.4206667547318681
73875ab95fc90e65ed3daa4b,2021-12-04,0,middleweight,0.7600140489222408
7d6c4908269ce22c76a5bf6f,2021-12-04,1,welterweight,0.5731214315429692
8ee79a7798d17ee7e0e747e8,2021-12-04,0,womens_strawweight,0.3034596390158402
384b21ca73c1b32e325cb539,2021-12-04,1,lightweight,0.7352324066822147
4307344dfcf8272d6832851b,2021-12-04,1,lightweight,0.19859684845634681
dcf02508a91496610861f3cd,2021-12-04,0,light_heavyweight,0.72618338692666
68951def6fd1fe3b617a2a78,2021-12-04,1,bantamweight,0.4706023238235189
e88409e5199e7f4ec93cd5c3,2021-12-04,0,middleweight,0.4095170556402905
51f23bd45fcb1ce3757cd2ac,2021-12-04,0,flyweight,0.39803627148883197
24bfa926f53e850e1895df92,2021-12-04,1,bantamweight,0.40842035734412746
b24994b03c0c6d0628dcb5f9,2021-12-11,0,womens_bantamweight,0.741171688510245
977f1d7a994d29e9c5ddb2e8,2021-12-11,0,middleweight,0.3379199676793005
3d1de970a2cf4b319b4c6692,2021-12-11,1,heavyweight,0.6141686332614061
f6cf5b0962a53fff711a1736,2021-12-11,0,lightweight,0.5215384322838886
362ded9378ae33d6df9ab0db,2021-12-11,1,welterweight,0.6027623923391464
659800e49c983b90b1532269,2021-12-11,1,womens_flyweight,0.7996003651045652
5d9fa69369301a12d9df127f,2021-12-11,0,middleweight,0.26776512985058043
7f29861d529a3539870a709a,2021-12-11,0,featherweight,0.6451474700255452
134497c23d1a4822c4629299,2021-12-11,1,flyweight,0.507562956956443
71350b718af2d753556e708b,2021-12-11,0,womens_flyweight,0.6189128522533793
a66c555eb560ade1333c57d1,2021-12-11,0,bantamweight,0.35119603798607424
9f6cc54787f0d18509556ebb,2021-12-11,0,bantamweight,0.7473380420008199
f98dfffa944a6f9adc6c85de,2021-12-11,1,bantamweight,0.7306662763333577
7113c70ef552d4c9dbc57658,2021-12-11,0,featherweight,0.46361206439979263
8e8924f709322a82ecacc60f,2021-12-18,1,womens_strawweight,0.6232125371735229
82f44b2371ac1940213fab72,2021-12-18,0,featherweight,0.5834724322479538
8ab8d29bee172464a056b759,2021-12-18,1,featherweight,0.6493161721530809
13aaf98af49e0e06517a3cdf,2021-12-18,1,heavyweight,0.39057258401225686
9012e4d57365a687d63decab,2021-12-18,0,lightweight,0.32029216809490263
57db8b42042306ccb55cc279,2021-12-18,1,heavyweight,0.5811467761056436
6a6de675461536fac3479406,2021-12-18,1,middleweight,0.6891295598434279
ff80eefba644b7bddd785a3e,2021-12-18,0,lightweight,0.2946628346167893
7d13cbda8ae96a92482d1526,2021-12-18,0,heavyweight,0.36442275360391585
60f48f8ffdb45557c4561d0a,2021-12-18,1,bantamweight,0.6900644519685727
5dc086998ae75bc0d851ceda,2021-12-18,0,womens_featherweight,0.5127333207442821
5577100fdcc775b07433f1b2,2021-12-18,1,womens_flyweight,0.5794791153939783
1df0129cb041d9c977faddd7,2021-12-18,0,welterweight,0.49446178768660387
881ea0620bb309ae02591096,2022-01-15,0,featherweight,0.43761807743989706
299816fff28d6ce721fabf71,2022-01-15,1,flyweight,0.617026748721662
caaf36c1c3755cb12f5893eb,2022-01-15,1,featherweight,0.5638692825769953
889cc985afcb06e617eda61a,2022-01-15,0,featherweight,0.6586200306684404
6390092375396a3f925baf1e,2022-01-15,0,welterweight,0.6332087685815024
ebaff87fa2549b3b83d61772,2022-01-15,1,lightweight,0.5209625428813168
8b9c5af00e072a39cb6e2a7a,2022-01-15,0,heavyweight,0.3958954894034831
f72950530e203bc6f352bf55,2022-01-15,1,middleweight,0.36644833929816756
2d6c4dc57a1961ef40816f56,2022-01-15,0,womens_flyweight,0.24698106778018916
c77316be700ef6effbca89df,2022-01-15,1,lightweight,0.621880774970934
8eea8daed7a521ab1426cfe0,2022-01-22,1,flyweight,0.4265811779064566
cc260ab6f2dcacb734b6e2ea,2022-01-22,1,bantamweight,0.5970138309505222
10040856fbf145522cf8cf94,2022-01-22,0,heavyweight,0.740017932475787
dddd15fae61d06522710056a,2022-01-22,0,welterweight,0.5287287436217555
08046d48d6a4eb8737a3b825,2022-01-22,0,womens_flyweight,0.621295040111494
8b50626d4d84c3aa45d15a54,2022-01-22,0,lightweight,0.34565207230093314
de14551f8d21580fa8596ef6,2022-01-22,0,welterweight,0.7420369268136288
de8ba4acaa432c191891b7af,2022-01-22,1,welterweight,0.8007042219587455
ec8bb730f1d208b6374ecd80,2022-01-22,1,bantamweight,0.15993794621769505
fcbbd7bc5f35efaf8450ad3c,2022-01-22,1,womens_strawweight,0.6788248712787
98122fe1742fdd5100be2839,2022-01-22,1,bantamweight,0.7812746709573726
6ddb3676f4a7c26e86f9b228,2022-02-05,0,womens_bantamweight,0.5111419710957267
0272a89c05fdfaa2990c60a4,2022-02-05,0,middleweight,0.7449987044640385
0e91e69c628ca4308127c75d,2022-02-05,1,featherweight,0.7152307210894614
509c5eeb2b44572ce95c4735,2022-02-05,0,middleweight,0.31292338083193344
62bd1e7c1b554cf0ae6a45ec,2022-02-05,0,light_heavyweight,0.7468622025701604
8bcc740a724dc791e5db5130,2022-02-05,1,welterweight,0.322014408908638
1c899e0a6dcb00a341edeaea,2022-02-05,0,featherweight,0.4960922920328649
90b3e133f1e2802dc88d0786,2022-02-05,0,flyweight,0.4190087694369304
10e50c9169649dc909f1e474,2022-02-05,1,bantamweight,0.3296796453658035
1d5256e991b31002be9b6431,2022-02-05,0,middleweight,0.49983358085008645
6b2eb716c19a21cbe060c8e0,2022-02-05,1,light_heavyweight,0.6938184674254022
d139ab9b5859db7ac6fac52c,2022-02-05,0,welterweight,0.3996395690320187
16e2466bf12ade10d76a1eda,2022-02-05,1,middleweight,0.6276141869995802
78785ae4443a05ddc0bb103f,2022-02-12,0,middleweight,0.3477816265383089
90d1c538c65bf733ee1afd05,2022-02-12,0,lightweight,0.4611898597965341
2715ae1c5ecb134385026391,2022-02-12,1,heavyweight,0.5922453603763015
ebf653201e47f988f8939597,2022-02-12,1,light_heavyweight,0.49802456449930815
1a6b5820ddd6159cefd853a9,2022-02-12,0,heavyweight,0.5947162763684872
84e02aa57d1cc6af09fd93aa,2022-02-12,0,bantamweight,0.4247441043038775
f6bbc41b4218274211e225dd,2022-02-12,1,middleweight,0.5418402919154415
7d1b32a9d4d917e6275675bf,2022-02-12,1,middleweight,0.4155597457201568
b43ee87245d800862af774b9,2022-02-12,1,welterweight,0.70402139873727
d69376c1ea693c430e1f0818,2022-02-12,0,lightweight,0.571921849456359
1f61d0ee3ab6febfeb923aaf,2022-02-12,1,bantamweight,0.7770497550594468
6cd1aef6194b33b28b3f5cc2,2022-02-12,1,bantamweight,0.6518103194226315
f332f3a05dc03a803776a9b5,2022-02-12,0,womens_flyweight,0.1927082692438036
9b4c38da301541ccd18bf9f9,2022-02-12,0,heavyweight,0.5695223395745321
e037496750d4a80f908de5f4,2022-02-19,0,bantamweight,0.6272151748520786
05f71a10c41ce6a5c3587bc5,2022-02-19,1,featherweight,0.6201102185008611
62712c070cfa71b63ee554b0,2022-02-19,1,womens_strawweight,0.360146662501879
83eb5904775e936959d6d016,2022-02-19,1,featherweight,0.3032378879942688
e3a18f940a8ab9d972aa4639,2022-02-19,0,womens_bantamweight,0.5828620483423198
541220a08c84c482c971b01b,2022-02-19,1,lightweight,0.5962649113798523
ba606d161dd1c5f504f8c984,2022-02-19,0,middleweight,0.3636223472989938
0f1eb9c25283cba2a7cd007d,2022-02-19,0,light_heavyweight,0.6768627823289456
774771f5b5f0f8d5af90fd20,2022-02-19,0,featherweight,0.4175534928341186
7085b77b6e0023c3296b8cf6,2022-02-19,0,catch_weight,0.32110479704883765
8c1cb182501b4ff4c557a4f7,2022-02-19,1,bantamweight,0.6512407941029074
e0eeff5374ca589d7b5f7626,2022-02-19,0,heavyweight,0.39617441810544246
0bf431efc2c9170850a83b3f,2022-02-26,0,featherweight,0.45427452976067095
338700b1b79beb6242e882f3,2022-02-26,1,lightweight,0.6017510718445835
21ab4fa36f44cfe6814659de,2022-02-26,0,middleweight,0.7735942152046058
e9955a213c246dc76802a534,2022-02-26,0,catch_weight,0.31228673268474455
755b2c5ef7b44148e45d06f8,2022-02-26,1,womens_flyweight,0.4187664216065573
c9e3bc4ea58df6235765f2e0,2022-02-26,0,womens_featherweight,0.1752809559972459
8c15089f0431ebf57fba0b25,2022-02-26,0,middleweight,0.6351355721269276
7b8dd4825672e5c71feb365f,2022-02-26,1,welterweight,0.7368786474292682
115cd12c43c7ca9a98a34354,2022-02-26,1,lightweight,0.6511948775557302
ad3d758504e40f089358d0cc,2022-02-26,0,lightweight,0.3624865670942415
09803872173680a4e5a486f2,2022-02-26,1,flyweight,0.5287287436217555
8cab78badf4b3f9f94431dcb,2022-03-05,0,featherweight,0.16001719954670793
eb2dea2335dc1879ca29907d,2022-03-05,1,welterweight,0.6293932469995702
59e88ba1af2fe8e1830220bd,2022-03-05,0,lightweight,0.5200950273928235
c66c7054afb057dd78aa0f05,2022-03-05,1,light_heavyweight,0.3675140808368101
76eb17111d5981c71736b835,2022-03-05,0,featherweight,0.1920313582321685
054327f45b8b36f1c6c59bd8,2022-03-05,0,lightweight,0.3893732873487832
fe7ff91782693e8c97668462,2022-03-05,0,welterweight,0.2822342042547474
191f8590132dd622386f8dcb,2022-03-05,1,womens_strawweight,0.66744900665921
62773007de975caae0e7403f,2022-03-05,1,womens_flyweight,0.3104332253720407
ef873da872c2b8ddc6d7f482,2022-03-05,0,light_heavyweight,0.7084321408575407
0e0ef94c36f8e8a6f0d81303,2022-03-05,1,catch_weight,0.4978354150531857
8b16bf8119b7a1889e14425c,2022-03-05,0,heavyweight,0.37176889617080267
8453f158995aa5825267e0fe,2022-03-05,0,flyweight,0.5424873168998937
4274a5bfdeeb6b92088e770d,2022-03-12,1,middleweight,0.5427448018486705
a62677dbc6c31338dbfa9ffe,2022-03-12,1,middleweight,0.6878686631200489
53cf6639d25754d424f290c6,2022-03-12,0,featherweight,0.6470680422594585
223c6e3695dc91fe55816b32,2022-03-12,0,lightweight,0.6621190136919388
6ec545d9b947c7840a6a9e2b,2022-03-12,1,womens_flyweight,0.4104676323618346
b80204d233e23b377832e77e,2022-03-12,0,light_heavyweight,0.5372198236577532
8f6f6a38f9345a057af6dcdd,2022-03-12,0,bantamweight,0.3920738372060089
4996c44f91f2861f4fab29a5,2022-03-12,0,bantamweight,0.24213575113041316
15a96087e7d45aef123c2813,2022-03-12,1,welterweight,0.6891013022456626
d51c5ce12e0b4950d5498e4f,2022-03-12,0,womens_flyweight,0.4129349519268692
2eb0a77e45cae384dd8ee69a,2022-03-12,0,featherweight,0.3508401175925066
ff820a222c111a32a86bd816,2022-03-12,1,light_heavyweight,0.2629025704421472
d4e5897b395921bd30941f44,2022-03-12,1,light_heavyweight,0.6468856393385977
c362815404c96b0fa3c1d79c,2022-03-12,1,bantamweight,0.4144103644065239
ddb23a0f0b02cab6843a40b2,2022-03-19,1,heavyweight,0.6017866782036864
fed3a50fd626de20bc9ddd39,2022-03-19,1,featherweight,0.5330792466821305
0edcadeec8b119ec0a8e22e5,2022-03-19,0,womens_strawweight,0.5059078869462935
90db3390059fe0b1ae095e2d,2022-03-19,1,welterweight,0.6100649937022053
18453b23edda3fa1d9952968,2022-03-19,0,bantamweight,0.32052593337192503
9ae7ce42c6960b736e0efa95,2022-03-19,0,lightweight,0.16160950673688193
606a3226edc45b339470c15a,2022-03-19,1,featherweight,0.6203542445211264
8438c52b0f5b6abb1524eb73,2022-03-19,1,womens_flyweight,0.3392641627642006
e44f8d6c21499f7ee69f7413,2022-03-19,1,flyweight,0.3921375214534973
b0c27e0a67c2921f706c7982,2022-03-19,1,light_heavyweight,0.4032496850772128
50519ade549a1f6ba3ecdb0f,2022-03-19,1,lightweight,0.37191799747611465
1855e62e711e7cb90db8c57f,2022-03-19,0,heavyweight,0.5166088732509949
d1bfaf3217d92836ca7666c4,2022-03-26,0,middleweight,0.5287287436217555
ef9aa738f67fd68f2ca5af2f,2022-03-26,0,flyweight,0.5730159168922826
301dfd58acfdd68cb9065d69,2022-03-26,1,bantamweight,0.5846999466105177
351b3e350230c6b88f88f552,2022-03-26,0,heavyweight,0.2875736168770891
7d5f589e73ee039bd2697e09,2022-03-26,0,womens_flyweight,0.23362517157451285
2d86be1fe2a9c74ea1d1a00e,2022-03-26,1,womens_flyweight,0.564661882542745
2569c71203392ff1e1f14af3,2022-03-26,1,featherweight,0.6025417411689652
41c6e7756509299ae12c897f,2022-03-26,1,lightweight,0.5554732417930597
2d2fb7e95f4e7d64dacc585f,2022-03-26,1,flyweight,0.5861510611408798
87d4157a7c6058179c54bd39,2022-03-26,0,welterweight,0.5503704846585085
e9351c7db8c8562852add0bf,2022-03-26,1,welterweight,0.6620100255997514
7af5d59b89e6c62ef7902cfe,2022-03-26,0,womens_bantamweight,0.7156672056743012
6a456265c9a0a54a45727866,2022-04-09,0,heavyweight,0.5540805822942777
9b4d0aeae28ca6a7651e18c3,2022-04-09,1,featherweight,0.6112287800543602
d59489d2219b8acf65c14d10,2022-04-09,0,bantamweight,0.6594634253930538
dcc78c9b5027cc486808530b,2022-04-09,1,middleweight,0.7133588555698419
10a507567f7c574bab053aba,2022-04-09,1,womens_bantamweight,0.6359657321000928
54dbd0ff791fe50de3635eda,2022-04-09,1,welterweight,0.6876221195434963
8d6783bbc0f9d2bd2d4c0534,2022-04-09,0,welterweight,0.4473871176003527
e4d38da609f2296f44f8e0f3,2022-04-09,1,bantamweight,0.7021372159709016
395fac7e1cb89c9f48542548,2022-04-09,0,womens_strawweight,0.47006902410996876
c717778925b8d05d09226a63,2022-04-09,0,welterweight,0.6507818831789036
c8c932d20a23d93083cd5153,2022-04-09,1,womens_strawweight,0.458585949687262
5210e8a6bd51cdb8a3be4742,2022-04-09,1,lightweight,0.45066766244913037
ab6c1f1d7010971c355e465c,2022-04-16,0,bantamweight,0.380764007339844
4e19d3624ce2f192fda3e87e,2022-04-16,0,middleweight,0.5287287436217555
63a7508bcd39ffb177568395,2022-04-16,0,heavyweight,0.6195947910554864
a3b791cf3770be81a7311fc4,2022-04-16,0,heavyweight,0.3517607907269858
433dbc801627a6d385c7ad09,2022-04-16,1,lightweight,0.7070444207390039
f700791a20e6fde6268982b3,2022-04-16,0,womens_strawweight,0.522483329954248
163a51708b615100cf2aba52,2022-04-16,0,lightweight,0.3130302006773896
a2e535212cb0109c16e03dcd,2022-04-16,0,womens_bantamweight,0.20109234959182984
069de3205d6c699d7be551aa,2022-04-16,0,womens_bantamweight,0.4457306346982108
9c7629f898574d7d259de1e2,2022-04-16,1,welterweight,0.2616063042804444
48857655a69cc90c77030d9a,2022-04-16,0,welterweight,0.3303841861052819
e9eef12674e72868f84a57a0,2022-04-16,0,featherweight,0.2837266751586305
a2af6edea9fea96f3d6b4f3f,2022-04-16,1,lightweight,0.7552116061654242
de09e08f6c57358e9c22f9b4,2022-04-16,1,welterweight,0.5010234890399783
48e6102e4d53ecae10721bf6,2022-04-23,1,womens_strawweight,0.5600860066339945
9b932197b1fb2a26a1208177,2022-04-23,1,bantamweight,0.707572942222785
06669d51b0a57a8f66b216d9,2022-04-23,0,lightweight,0.19389375959962593
692efc69390867723a995b60,2022-04-23,1,welterweight,0.3208342714153273
c85d55bcecdce0caae48f32d,2022-04-23,0,welterweight,0.4331438131056742
877e43ee92b6e92fe379f031,2022-04-23,0,catch_weight,0.45532655502210007
4d8474d6d776dc1f62fe315b,2022-04-23,0,featherweight,0.4282494937928025
711d9ff3483b66cb33e6fb1a,2022-04-23,1,light_heavyweight,0.2742141674110862
2b3e69ba4ea58a394404b393,2022-04-23,1,womens_flyweight,0.6065312972495382
c89f90b1b4c3c2b9606febb2,2022-04-23,0,welterweight,0.461472731985994
213b698eaacabc90d39c3618,2022-04-23,0,light_heavyweight,0.1947406591732054
2dbdb35090901cb11cdd7d38,2022-04-30,0,heavyweight,0.34904471673054244
aed8ef16b30b6d218c63f47c,2022-04-30,1,featherweight,0.5392933861885627
fcc9d5a0cfe4deba917371fb,2022-04-30,1,heavyweight,0.4803271504505908
9ec02b95cb264245c08bd1c3,2022-04-30,0,flyweight,0.45322758539101515
566ee83c01c427d616e79cb3,2022-04-30,1,featherweight,0.5796158144421585
312ba0118051211ffa424bb3,2022-04-30,1,welterweight,0.5525225164340611
bd90e67407043275cc350cb5,2022-04-30,0,womens_flyweight,0.640938698392357
9932564c59fd0493d46f20f7,2022-04-30,0,lightweight,0.39073568173094564
ccbcefc2a02e49bf307142df,2022-04-30,1,middleweight,0.5578069123672373
59e0827ca63295b63cd6a91a,2022-04-30,0,lightweight,0.37676082809414074
4e359c108544d2c8759d97d6,2022-04-30,1,bantamweight,0.5996646840849269
e83c43a20c4efdef6b675240,2022-05-07,0,welterweight,0.39267733912244746
c3f4eb06b7985fd64caa1c2a,2022-05-07,1,womens_strawweight,0.7879014431015218
27a25d6c4438938f3521b32a,2022-05-07,0,heavyweight,0.4446445899505276
f9ad67246c83a9f959594eb4,2022-05-07,0,flyweight,0.40102947993657606
68ecc0f643b3d96f33c5ea9d,2022-05-07,1,lightweight,0.6444110382534529
54d66068ae43906aa7a9cf26,2022-05-07,0,welterweight,0.5710926460629018
a295f10a5980bdb7db934877,2022-05-07,1,bantamweight,0.5432298545908795
57499631d3bdce3f6fc81243,2022-05-07,0,flyweight,0.43052432545057884
65626c902a390cc627f7be7e,2022-05-07,0,womens_featherweight,0.7066528878408586
d31f108ad033cadad0d1f468,2022-05-07,1,light_heavyweight,0.4738070916540364
cdb998abfa18ccf9f27af3b6,2022-05-07,0,lightweight,0.6752290095150836
709d13b3d0f6930bb797146f,2022-05-07,1,welterweight,0.44633941311840275
e513925b16ccc7cf2bc93298,2022-05-07,1,womens_strawweight,0.2020909085750904
cc6e0ffb423d24fff180d8c1,2022-05-07,1,womens_flyweight,0.5009595968389983
e80cfbe7751b8e42d0e37d81,2022-05-14,1,bantamweight,0.5578353094202694
d21ed7987834436d79762e16,2022-05-14,1,lightweight,0.7392840879941771
4987dc6f22514fa13327d770,2022-05-14,1,flyweight,0.7200491711576048
ec3db7fb69fd747f19d2772f,2022-05-14,1,light_heavyweight,0.524880754227094
3a7bcb7089d6096f13b7cd48,2022-05-14,0,womens_flyweight,0.4877830278669019
cb4c231ddb365e4a24ca3af4,2022-05-14,0,lightweight,0.37499978745103185
95e847d3cc4c6bcbd6043bc2,2022-05-14,1,middleweight,0.3227476865578067
db6d572d7fc3c8ad496fe6e9,2022-05-14,1,light_heavyweight,0.3009410344320159
d0dd5444e56544c7c7529281,2022-05-14,1,flyweight,0.7273063954505756
6b6cce875a6e865322f23a66,2022-05-14,0,womens_strawweight,0.4034917786681775
da1f5ebe1db19397cf95fdcf,2022-05-14,1,womens_flyweight,0.34424931148501786
a909d174db8b4390ae3774cf,2022-05-21,1,featherweight,0.7008405366891791
9101fa72d85c818841ee1d9b,2022-05-21,1,middleweight,0.4378506683175284
b2a463b8b2afe1453190b2a1,2022-05-21,0,womens_strawweight,0.6142169775998539
383bc526c4fd50b1ff054c67,2022-05-21,0,middleweight,0.4923033020653657
45ca004338ad389c7e7dfbd2,2022-05-21,1,womens_bantamweight,0.5113649913572035
3f379cb193e0300c1aa1f821,2022-05-21,1,heavyweight,0.6345193226068692
2613b85681482b84539b6f00,2022-05-21,0,bantamweight,0.28115329574503284
765486e120840e8df1d10183,2022-05-21,1,middleweight,0.5971064649846598
40240f9f36602a2870ec2baa,2022-05-21,1,lightweight,0.4909537440640895
da790c4bab3aeacba933229a,2022-05-21,1,womens_strawweight,0.6403554832839409
e2c480e4c1e2f0c1546d5d77,2022-05-21,0,welterweight,0.26668120920664623
d22c42254e29e2ec340e1418,2022-06-04,0,heavyweight,0.43716107461226644
7d2d589ab3a24ccbec850331,2022-06-04,1,light_heavyweight,0.7462078860752287
b5fef85ad8722e2c173f1f31,2022-06-04,1,featherweight,0.6333412809251487
f9fbead95e311fc0ea7c84ee,2022-06-04,1,featherweight,0.6777551525779321
23a75d6e26246f3fadb396da,2022-06-04,0,womens_flyweight,0.2342057660407867
65042c1a280902886dc6dd26,2022-06-04,1,womens_strawweight,0.514656019171583
c65a22b110cef6fbb2125d34,2022-06-04,0,flyweight,0.309677476015164
8ce12f6034150468696c1404,2022-06-04,0,lightweight,0.5425780855836501
5445242c5438b4603f99e089,2022-06-04,0,bantamweight,0.530746701138287
d14d68587e692687da0d3f24,2022-06-04,0,womens_flyweight,0.45157531404254814
e663e56b52a832ad0691ca69,2022-06-04,0,featherweight,0.6776422863016449
48c473af66656aa65786f4e1,2022-06-04,0,lightweight,0.48474452932894035
1879d9ea46bd3c6332543b68,2022-06-04,0,flyweight,0.6457996634592637
b2038bb6ca99f8b0ed7255c7,2022-06-04,1,welterweight,0.6129040261743848
e49e62b538c8335689613162,2022-06-11,1,welterweight,0.6278214642122905
065e1f6ee6a773ecb89f7d12,2022-06-11,0,middleweight,0.3768926619523137
fb821412f370884401d35139,2022-06-11,0,light_heavyweight,0.4614986907289899
1e545d34ef5e99a2aabb7d44,2022-06-11,0,welterweight,0.2960844630492316
1991007feecb43a26b0eb7c6,2022-06-11,0,bantamweight,0.4389256697572208
4bdcffba7b815f20f7f0c0cf,2022-06-11,0,womens_strawweight,0.4187903590097735
e257df6df9aae0de1ae83c76,2022-06-11,0,lightweight,0.6684801223691645
acf90527fde3048d8876a70a,2022-06-11,1,womens_featherweight,0.45726220806018325
940b51f448bcff3babf27a3c,2022-06-11,1,featherweight,0.6287474046251199
bd4b807ebad4ce66420cb1f8,2022-06-11,0,womens_flyweight,0.4262078319366211
d41039f9c98e4cd3418f2f02,2022-06-11,0,womens_strawweight,0.4621670878035964
69d6707f40dbdd247de83d25,2022-06-18,1,bantamweight,0.6499712646279954
b2afb64bd777a942b65dbb5a,2022-06-18,1,featherweight,0.47436949804549794
bc67a856832a4900d2384ba4,2022-06-18,1,welterweight,0.7010964451906042
4a4060d03f813216114e4968,2022-06-18,0,lightweight,0.3780914891440907
2280acaef1bd4f8d94bf22f2,2022-06-18,1,bantamweight,0.7870585459667901
ef1c81da42f18212117eb7db,2022-06-18,0,womens_flyweight,0.6100598859692536
b8b37ab0d685d69a80b80bfb,2022-06-18,1,middleweight,0.5048268884930288
c8bce7a0cd5b64400d6ce30d,2022-06-18,0,middleweight,0.5202381622457549
34eacc018777cf756f0a9bc0,2022-06-18,0,womens_strawweight,0.5101729968305632
61b4b53d06936ba0aa98113d,2022-06-18,1,middleweight,0.6848266220892318
2cfd9a8c1b61856144ef594b,2022-06-18,1,featherweight,0.7509825737971695
5bdb3da39bb6e719e9fc0618,2022-06-18,0,middleweight,0.49611354841102306
68df60a85737373fc82b19b1,2022-06-18,0,welterweight,0.26791573187787465
2fbfe695974365c0c5f85fc8,2022-06-25,1,lightweight,0.4954515286573197
6458152c222f4906571bcde7,2022-06-25,0,bantamweight,0.28864678313578274
2ecd2eed9d2962188ecb5689,2022-06-25,1,light_heavyweight,0.46814253463594957
818221d71c181b39140c5074,2022-06-25,0,middleweight,0.5405659477416032
35e5e8e703d00edf360a6043,2022-06-25,1,heavyweight,0.36478584622198446
dbd552c2d7e341649622ee23,2022-06-25,0,flyweight,0.3808209056346291
d3ae12666b9f9a68eead2751,2022-06-25,0,bantamweight,0.30074973927763415
e4ea35454ee62c778fa3f4a6,2022-06-25,1,welterweight,0.7545955160310667
b21c9e5ff089ca9195054ac3,2022-06-25,0,bantamweight,0.460788085063681
76e3a22b48d90e22583c5147,2022-06-25,1,featherweight,0.2654857549246963
48b66f6c4e067ab131987c86,2022-06-25,0,lightweight,0.37596783316897897
a59780a9c44b0f7455be33f1,2022-06-25,1,womens_strawweight,0.4556914762675336
e02eea16ac82e778f7daf1f7,2022-07-02,1,featherweight,0.6934606088222152
876921be33b920ac9567b725,2022-07-02,0,lightweight,0.41885459616295884
e81f8dc803fd77311da05e80,2022-07-02,1,middleweight,0.671777233813439
859d13910d61abd539cc945f,2022-07-02,1,welterweight,0.5956142588477452
e6c3e6276839dd5d64a789b2,2022-07-02,0,middleweight,0.23332950659359042
a2e9ef0e8cb15790f8ced352,2022-07-02,1,womens_flyweight,0.7127863099516201
eea7d1b3716582025dfbfca3,2022-07-02,0,womens_bantamweight,0.585188421690791
2a9cc81d46ea65120d7fbe99,2022-07-02,1,welterweight,0.5656143733139813
ba6dd14c8af9df3ea8f92512,2022-07-02,1,welterweight,0.6511839208618422
5833acc9c3ac9e365c6c0b7c,2022-07-02,1,middleweight,0.3033490106354216
177235a3e775a6743d6600e5,2022-07-02,0,middleweight,0.35492478042092934
f2fd98701b89701fae9088a5,2022-07-09,1,bantamweight,0.42670417608719957
803fc1e81cfdec6e7a503544,2022-07-09,0,womens_flyweight,0.6560261179379953
8990215859428aaac941741d,2022-07-09,1,middleweight,0.29199971359092647
833c99cb97e71c4d5ca53fcb,2022-07-09,1,middleweight,0.5593942438790391
894eb20cea5348518aad7e6a,2022-07-09,0,featherweight,0.38975796046133077
ec47ffa3f0a194c15729e14e,2022-07-09,1,bantamweight,0.835616378083066
eb92cb37c14b9a12e2392824,2022-07-09,1,heavyweight,0.4145003962430956
ed326894c1c1b1d3adbf1cba,2022-07-09,0,light_heavyweight,0.4716825510486999
3762c8ce8cd05373829c8371,2022-07-09,0,lightweight,0.46345662932793236
85e2d3f91c45cbb0e0bc1cb6,2022-07-09,1,lightweight,0.5724639439919962
fb7e9ab6b45aeb9bdb8436ab,2022-07-09,0,bantamweight,0.5224768923823607
b203dec5ae3023e120de922f,2022-07-16,1,featherweight,0.6461459520140899
a32125452f6904259fbc72b2,2022-07-16,1,featherweight,0.4468508087712885
8fe207b501c2aa7554270832,2022-07-16,0,light_heavyweight,0.4106694721869202
a9c93145b251be4e9d7e6dcb,2022-07-16,0,middleweight,0.5879090854685288
12d4dffc5e8bc17202be2632,2022-07-16,1,womens_strawweight,0.26861757544851145
fb462f5b2e9f652779cdfb66,2022-07-16,0,womens_flyweight,0.5724645904711949
c637b6f0f5a09bb8e1a74e50,2022-07-16,0,welterweight,0.664401122558299
17ea09382d449f8306c19c3b,2022-07-16,1,flyweight,0.3274247359253117
fd355002a0fa2e74e3536f46,2022-07-16,1,womens_strawweight,0.6511854700124512
ccfedebf868f0b8dc734bfd2,2022-07-16,0,middleweight,0.28172077337067947
aec85754ffdd895e4321b6fb,2022-07-16,1,bantamweight,0.5634487934821446
ad625eebc9ae756d4e5ce12a,2022-07-16,0,featherweight,0.530421242787355
f0728df1781fd229cb014c50,2022-07-23,1,welterweight,0.4956563760356245
fc3a021d4027a74cd0e85243,2022-07-23,1,heavyweight,0.48730910180794484
953bbb8b3a4dbab3e4857e03,2022-07-23,1,middleweight,0.6582092537449408
e1bfa78d9e55d9829168dcdb,2022-07-23,1,lightweight,0.6846624328797354
d04154269d7f8664c62b6131,2022-07-23,0,featherweight,0.33497498164197215
68dfedbb07bf88d9ca273dc2,2022-07-23,1,womens_flyweight,0.5295826802182921
ec4c20bfa09fac0285d92870,2022-07-23,0,lightweight,0.30133188807167977
3ba5a9abbb1ae3fa79599046,2022-07-23,1,lightweight,0.5784869651316323
291314e3a3d4ef5e1277e4e1,2022-07-23,1,womens_flyweight,0.7645670368267433
819b658e6cf0d717bb91de6c,2022-07-23,0,flyweight,0.3142105020070052
e1c2046ddc61effa0182c84b,2022-07-23,1,featherweight,0.7198195258198371
fcbaa5ecf7ea948ec4284861,2022-07-23,1,light_heavyweight,0.5678936523018161
a3042f1e67d6574fb63da12e,2022-07-23,0,lightweight,0.6328416508972534
ef6ab6d69866893d4c3f7e61,2022-07-23,0,light_heavyweight,0.36222798634365083
b8683f73e2644670bf1ff574,2022-07-30,0,welterweight,0.5151283817304612
282ad5f28deaf15f8dca4792,2022-07-30,0,flyweight,0.7345636130793821
5fa0aeb049247895d054ff67,2022-07-30,1,flyweight,0.5470195614172347
c07de9903dda0402b5b7ae51,2022-07-30,0,heavyweight,0.3639414673498217
5aaa23664d6070cac2051597,2022-07-30,1,lightweight,0.5304373459375457
58e54a3c63001690d005c9bc,2022-07-30,0,lightweight,0.5393205436702168
10b81e064c1a7b6abe9a2535,2022-07-30,1,womens_bantamweight,0.6768661504259683
33eed00e388c88409a34cb2f,2022-07-30,0,womens_bantamweight,0.38811892364665446
e4877492b848342688b0277c,2022-07-30,0,light_heavyweight,0.35880683230302657
acc3d39765c5482fcb45accd,2022-07-30,1,welterweight,0.7201030492299163
17570bc74fd14e361a08e878,2022-07-30,0,light_heavyweight,0.3378625046760176
ac2b588a1a2472b349609a68,2022-07-30,0,welterweight,0.482773712945438
1a6042f44f4e1018e13bcf39,2022-08-06,0,heavyweight,0.2875570880046264
11bfef30ead4201c97f126a7,2022-08-06,0,womens_flyweight,0.5287287436217555
ee78ff94d74191c0950c3305,2022-08-06,1,welterweight,0.5624739803073737
14baf91c942b6d4b80278c39,2022-08-06,1,womens_strawweight,0.5246919126594437
e16f507b343589a2e4e6722a,2022-08-06,0,womens_bantamweight,0.4841079413698157
e21ab264e04732c3ef8f62f4,2022-08-06,0,heavyweight,0.5287287436217555
e9da8c8a6c31cb23cefbf64a,2022-08-06,1,middleweight,0.6547474672994879
6ec98fde74b283e28ca0a7fe,2022-08-06,0,lightweight,0.2601718664513545
cf34d5f335348b66aa91eff5,2022-08-06,0,light_heavyweight,0.5404774733784716
f8f3e8322df974e5e79c4018,2022-08-06,1,welterweight,0.39382156120356915
a786185afd5f82f1db44d3c8,2022-08-13,0,catch_weight,0.759973416437308
769a825b93d1f461ed037a48,2022-08-13,1,middleweight,0.5859838574438748
e5ba6b21277ad5545d7c0dc3,2022-08-13,0,womens_flyweight,0.6092390211496471
7322e2f3f4bf5390f2bda163,2022-08-13,0,light_heavyweight,0.44551991002248054
aaf6d2192b150766430fc20b,2022-08-13,1,lightweight,0.6092460823564277
ba36c66a9c8864239d835333,2022-08-13,0,catch_weight,0.6232939166662884
e07aa035986642062d25c1f5,2022-08-13,1,bantamweight,0.4041953845931852
8734458639c9a77e963669f8,2022-08-13,0,heavyweight,0.3403941517954405
8e3ee192291658b73f706113,2022-08-13,1,featherweight,0.44038862175046717
207fbf80c6f721606f408c61,2022-08-13,0,flyweight,0.676975739470033
0e895646923d2363e9ee3865,2022-08-13,1,womens_bantamweight,0.288132582908546
cd596c04dadc1a357e70db6e,2022-08-13,0,womens_strawweight,0.5287287436217555
7e414bf2e90506da27163941,2022-08-20,0,welterweight,0.6725319256113833
8a9c09281e5eeca72ddede9c,2022-08-20,0,flyweight,0.3696284784515447
fc73feb19b3af4a912864096,2022-08-20,0,bantamweight,0.4165708302030249
2e655f9fa69fc63ba339bf9d,2022-08-20,0,flyweight,0.49507447743728866
09110ce448db775f208b9e4f,2022-08-20,0,bantamweight,0.20726147935025485
96bf35f8d242172083318f0b,2022-08-20,0,welterweight,0.7884510810091475
72cae9b3b0647f262149f01d,2022-08-20,0,lightweight,0.3228949058268595
6e01d4335754eab4e2519c82,2022-08-20,0,heavyweight,0.7444747372252342
e041b8ced5ccae038bf87f85,2022-08-20,1,middleweight,0.5255768827971691
e21703f2490a99b16dfadb3d,2022-08-20,1,light_heavyweight,0.6648031695483132
f41c685ee847a134377ce615,2022-08-20,0,womens_bantamweight,0.47455334450016173
9ce27f8c4c81304aae9d0e7e,2022-09-03,0,middleweight,0.4990608394117505
a3bbb4a0fa0064f0548c4dc4,2022-09-03,1,middleweight,0.45678693572237766
2d11896bafc8bb829b196c12,2022-09-03,0,lightweight,0.3709315069989027
55128794a5130c0766120091,2022-09-03,0,featherweight,0.4390027422969171
7301434a052e54b477cb10b8,2022-09-03,0,heavyweight,0.2634903581846507
d67df94cf203060829d5e02a,2022-09-03,0,lightweight,0.2778691138330004
3f009a05817aa629ecb33512,2022-09-03,1,lightweight,0.5886980178226938
86ec5f7ecd89641f1c7cff4e,2022-09-03,1,bantamweight,0.48585886277510265
561ee3bd70a2f70be5d0512b,2022-09-03,1,middleweight,0.5287869646508935
0fc64e2e9e677fbf1fdd2676,2022-09-03,0,middleweight,0.48636417936062787
be1d0f8c941e18f2385e8ec8,2022-09-03,0,womens_featherweight,0.28806060092002866
b8f2b3651db2a7baa029e536,2022-09-03,0,featherweight,0.5287287436217555
4a6bcffa1eef009392233795,2022-09-10,0,bantamweight,0.4047377406725349
c00654036cf18b5bb5f2d2c5,2022-09-10,0,welterweight,0.3957016268326956
b36dfd6178f9afe0176a1770,2022-09-10,0,middleweight,0.6635186545796373
7f7d0ff5834aebf0c6e0956b,2022-09-10,0,featherweight,0.7215996772271418
41da67b4d117a50c666ac843,2022-09-10,1,catch_weight,0.4464481794103304
6153221828eccf4930f0d3e6,2022-09-10,0,catch_weight,0.12287300981026002
9d40474ac4964ada854fa013,2022-09-10,0,heavyweight,0.60410542797059
5a062d96aab1c99b7cc95f3b,2022-09-10,1,light_heavyweight,0.44294273414592245
61ba8d4c4fabfe43fbb836c9,2022-09-10,1,catch_weight,0.3904509703745021
014ea6d786ce6f657768e865,2022-09-10,0,catch_weight,0.43272916395165345
0eacc4f0d8ed4f419ecbcea2,2022-09-10,1,womens_strawweight,0.5530906060663365
b23e87fdf32c675244e517b7,2022-09-10,1,welterweight,0.5031855940897907
129aa2e2442a6668ab3bdc63,2022-09-10,1,womens_featherweight,0.7761640158905246
5c6812938d363a82f925824d,2022-09-17,1,featherweight,0.4411834969626619
8d050432569789c31a32dcde,2022-09-17,0,middleweight,0.35299934904579916
dbcca4558e9c1d0d13c510a3,2022-09-17,0,middleweight,0.46110147059421236
bc3c14ac6ca3b5d7e1f471ce,2022-09-17,0,bantamweight,0.5408658234477213
c743e51d32485abb008206d8,2022-09-17,0,featherweight,0.7230001942366154
059dfb0529502eb13b47c82e,2022-09-17,1,womens_strawweight,0.5570033298801539
f973efc4d40fd253e6092acf,2022-09-17,1,middleweight,0.703200912999477
faae6d894d5ca7b2e828bf54,2022-09-17,1,womens_flyweight,0.44390578427617183
ba54b51b997887a6beff6ea6,2022-09-17,0,lightweight,0.5491412824089908
4d68a5e737c1e8b51f6f2e2d,2022-09-17,0,heavyweight,0.7567004766612294
58d0836ce3aef89372366e16,2022-09-17,1,bantamweight,0.44747870424885877
1afe0d50e01083bebcec9aa7,2022-09-17,1,welterweight,0.6839380826989496
49322c3b76a447084d3343fa,2022-09-17,0,lightweight,0.5095609076067463
87a787d77cf0a5e09d3d9395,2022-10-01,1,bantamweight,0.30022754864743517
38a5c52b9d2138c264286309,2022-10-01,1,heavyweight,0.6184123823717063
fc47440fea6c1d9a73f29056,2022-10-01,0,lightweight,0.3497607831595914
5c2d756d58e2169143a3d205,2022-10-01,0,catch_weight,0.7005919813831535
fa7cd15e925add6d68fc71fb,2022-10-01,0,catch_weight,0.5645633337013396
fa6a5ead0aa09a9ef6c5b57a,2022-10-01,1,middleweight,0.5309098183205873
b72aea582d1585d9cb98b492,2022-10-01,1,womens_strawweight,0.4820847130215509
769a6a0ed8f56e2771571177,2022-10-01,1,lightweight,0.5577803943358348
ba830e44c169818ed678aa41,2022-10-01,1,welterweight,0.6982963994699355
8a3a1e63063d34a285884a99,2022-10-01,1,bantamweight,0.6527872655343607
332b606adadb464988ce504c,2022-10-01,0,featherweight,0.20303741186430738
01280f9e77503889cc5f9625,2022-10-15,1,womens_flyweight,0.5765419638781805
ca2c4ad4a77247d7ccff754f,2022-10-15,0,bantamweight,0.3717867650944753
0b42a434a9d342606e9634d5,2022-10-15,1,featherweight,0.6184798272016586
26959a0ae6d9ffc29e07813b,2022-10-15,0,middleweight,0.3256053366560112
aae253d49a82af766011fb44,2022-10-15,0,bantamweight,0.32028684714770217
dd6794095b4f567cbc4101d5,2022-10-15,0,welterweight,0.6907050871163486
044df039a74152712583ec34,2022-10-15,1,light_heavyweight,0.49397742703455355
6a2ccb4c05791a9425fdd871,2022-10-15,0,middleweight,0.5422107829063401
a351ceb4ec13704924e64821,2022-10-15,1,womens_strawweight,0.46447730572423507
4f4009ed9b6888d49211b309,2022-10-15,1,bantamweight,0.4972958215334375
cb331ce12f84a70205c765de,2022-10-15,0,flyweight,0.2540592654961158
2fa71d83dae3ebb848f3441c,2022-10-22,0,welterweight,0.3456484748748228
3969abdde9d204a1383b76b0,2022-10-22,0,bantamweight,0.37127025424900967
d51176910516429f296e9791,2022-10-22,1,middleweight,0.6819122150196424
8b1f7cebde3141ff07f2e923,2022-10-22,1,welterweight,0.5426446039325064
1f39f88404238882611b5baf,2022-10-22,1,lightweight,0.39657950577759943
89b86d8017ee9c1cbaa746ae,2022-10-22,1,lightweight,0.6051488843127133
e323e1ea8dacbcffaa512ad7,2022-10-22,1,womens_bantamweight,0.7495460769393169
35a1f8dde1fde0e00768056a,2022-10-22,1,womens_flyweight,0.4588429468598506
f4c1d9b02ea276231e92bad9,2022-10-22,0,middleweight,0.46842503866699187
bf2060061f6746545bdfc695,2022-10-22,1,flyweight,0.5176377686044072
5cb842db992ceaeea1b3cf29,2022-10-22,0,bantamweight,0.39909325673618007
a99407677ffcc07b6201b9fe,2022-10-22,1,light_heavyweight,0.5314460627980712
9e77914c5d3a7d1ddeb09921,2022-10-29,0,heavyweight,0.445857424367523
0475b074697fe0251c4d12ec,2022-10-29,1,featherweight,0.6539884419182589
9ad86cefbe6ecdf976f7782a,2022-10-29,1,featherweight,0.40387499668484994
ad5ce07a6e0876f8d5be2633,2022-10-29,1,bantamweight,0.646362973912805
3ea908dc8672aba46a6b1042,2022-10-29,0,flyweight,0.45928735543635796
9cf346c97ea2bbfd2c1c605e,2022-10-29,1,light_heavyweight,0.3540324580412785
2578ddec4698f73c077da962,2022-10-29,1,middleweight,0.615968413276545
ca802282390c52fdb2408e0b,2022-10-29,0,middleweight,0.4003674908406919
15d5339005fa2e8e3ec329bc,2022-10-29,1,middleweight,0.4936167883710658
50f80108ef29bd03c1534f16,2022-10-29,1,welterweight,0.6363399754515665
5f9c2584685ac701df1b20f1,2022-10-29,1,heavyweight,0.5635928413042172
fb2b6999fee39d8d4b28984c,2022-11-05,1,flyweight,0.5468284486517101
1fa02083adffe4f1a1aaa2d6,2022-11-05,1,featherweight,0.36120591719614376
443e0c3f3b5ee8993cb6247b,2022-11-05,1,lightweight,0.6647688744039435
ad031ee4e83f763ae7e5c2c5,2022-11-05,0,bantamweight,0.3294557433460421
85d5c7447efef749dd381282,2022-11-05,1,womens_strawweight,0.3599626772534348
d98a3449d656417386274448,2022-11-05,0,bantamweight,0.3163614254300454
67bf0adfb4a72e6d1d0816f4,2022-11-05,0,womens_flyweight,0.29890721943850923
7d63d3e966fba6336272ecea,2022-11-05,0,welterweight,0.5783687252325684
7d171beb120b8d9b085f3e3c,2022-11-05,0,womens_strawweight,0.3822034526237902
f6116b016fd15f3896db959f,2022-11-05,1,flyweight,0.43433793204382987
d752a82ef0612c0a2c486058,2022-11-05,0,womens_bantamweight,0.432884893723878
8aa99b2cd9574bce2a5476f0,2022-11-12,0,middleweight,0.35089154254066174
57a461274144d12c6cfaa424,2022-11-12,1,lightweight,0.4800201148398242
c2dc5cbd59cfdf863d8c6b7c,2022-11-12,1,womens_strawweight,0.4313960575571907
8a2af618f9bb8c2582583f47,2022-11-12,1,light_heavyweight,0.3470647118481521
e85b565475987e455e539476,2022-11-12,0,lightweight,0.6080071407961283
66f2c5674043221ca0434043,2022-11-12,0,light_heavyweight,0.5233345071163875
ed6cea9fd841f86133410b45,2022-11-12,1,lightweight,0.6470777488592614
f9d00f1cc1b81acb25c5ad95,2022-11-12,1,womens_flyweight,0.689085130827217
89753c38b68f7526bf9e58a8,2022-11-12,1,bantamweight,0.7902059904998874
b17854bdc5ac75cdebdebfc7,2022-11-12,0,middleweight,0.6905630120046914
bb48fbeed91a2ae16e631b45,2022-11-12,0,bantamweight,0.5507927558913095
52729424a8db9c8e560906f5,2022-11-12,1,womens_strawweight,0.611965145085752
4f56ea61b8260643a03879bd,2022-11-12,1,lightweight,0.35315251496238464
a29b34f3eb27fd13d76b11fa,2022-11-12,0,featherweight,0.5700443405551442
d405e854a32224bcc4db5e45,2022-11-19,0,welterweight,0.19983107184783233
65a1d86b89e2470e1e3db15b,2022-11-19,1,bantamweight,0.5987904685740965
a610b8fe21dd433dd33fd822,2022-11-19,0,flyweight,0.4069742575308474
119695682640f1374d5c064b,2022-11-19,0,heavyweight,0.33544973032556247
134f4d4a92ff0f23596749a8,2022-11-19,0,welterweight,0.1976273326226484
076a794451db2a52b98c2309,2022-11-19,1,womens_flyweight,0.33841253020355877
7c2cbb3580dd05ab14dfada5,2022-11-19,1,light_heavyweight,0.3787817978476439
9893e9ce7e58dd73dc5255ef,2022-11-19,1,womens_flyweight,0.7900215378917329
08cc9cab63281c265de6127d,2022-11-19,1,bantamweight,0.5191173520355056
2f3fc3172d73cddfd573aa40,2022-11-19,0,womens_strawweight,0.4026388763233302
630502317483ca9c43c50cad,2022-11-19,0,bantamweight,0.30097012524847394
cb2b679c92bd80ebf4dce030,2022-12-03,0,womens_strawweight,0.5773412109603203
e884d59713242b5e40c18426,2022-12-03,1,welterweight,0.5879017004719197
78078a06b6123519e6e6389d,2022-12-03,1,lightweight,0.5394456726174736
b4ddf766033e81d0119cb1e7,2022-12-03,0,featherweight,0.34564062586250793
b2b4ba541349261a5183a952,2022-12-03,0,middleweight,0.6170213240119472
fbe2eacc0874d97394ea1832,2022-12-03,1,middleweight,0.40961687041929173
ce3faf675b6078ae06995f59,2022-12-03,0,featherweight,0.46290961947305864
4dac47d315d1aca95332a102,2022-12-03,0,flyweight,0.2974083447160232
cfc93cd8941fdfe5321696d6,2022-12-03,0,lightweight,0.7731438631399793
4f162c7c30d92fff90d239d6,2022-12-03,0,lightweight,0.2711512788857247
6896a8bee73ed65ceb61e90d,2022-12-03,0,welterweight,0.5471609848447997
3df0cd81dd767dedc14ec088,2022-12-03,0,welterweight,0.723519188231862
ffaaa6810e903c894557c687,2022-12-03,0,heavyweight,0.3774731678720681
69d8f51a708f4a602eb6b066,2022-12-03,0,womens_strawweight,0.307946116531174
d685375c090e0b3ac4d13d51,2022-12-10,1,featherweight,0.3740461949272607
97918cbcbe4b3af27679dc76,2022-12-10,1,featherweight,0.4911703342953665
195a4a25edefbdee1978add5,2022-12-10,1,bantamweight,0.5287287436217555
f41619679889d65542ce470d,2022-12-10,1,middleweight,0.4014029916139121
898f396f3f2e781708ad4221,2022-12-10,0,middleweight,0.5981022289397169
89ac380a2e7df762e9960bef,2022-12-10,1,middleweight,0.5522639951726641
6f83248ed364da425ac6e6b5,2022-12-10,1,heavyweight,0.4349298864690612
220fc84b9439edce53facd04,2022-12-10,0,lightweight,0.7116739513386275
c21d7cb712ee6288e115f864,2022-12-10,0,bantamweight,0.6357002145373064
11988bf1857ae4bc7fc9fc71,2022-12-10,1,catch_weight,0.5167612787909592
6cac8e9e2664ec7c35a78b87,2022-12-10,1,featherweight,0.6073373732952498
18932712ef980754aa8ea7d5,2022-12-17,1,featherweight,0.5634207301340279
a908a1420ff1d9f94575f943,2022-12-17,1,flyweight,0.5859929187066993
bbc491df17960bb5bff6b31e,2022-12-17,0,lightweight,0.3507294608177124
0c96e42f32a09a794ddebc39,2022-12-17,0,welterweight,0.46473853080772437
fc2b431ca6e0290539b9ecfb,2022-12-17,0,womens_strawweight,0.4867943034587056
376d706e7b1fffd65da0244c,2022-12-17,1,middleweight,0.5854130039934425
62c857b47d6eb83bf9f679d1,2022-12-17,0,flyweight,0.6273270023479449
8b3108a9d38cc348b9ee1402,2022-12-17,0,lightweight,0.7135126706835827
708385da1df75bfa8783285c,2022-12-17,1,welterweight,0.31848702398453843
62df437ecc82bbfb87460bdf,2022-12-17,1,middleweight,0.34700264459833813
b09e70f040d7ee1dc6260cd4,2022-12-17,0,lightweight,0.4394907039601164
71ea7cae81899e81d9ce58fe,2022-12-17,0,bantamweight,0.6442052189318505
9560c9fd3964613752555ddd,2022-12-17,1,bantamweight,0.5235474084750101
c1e71d1d9adb482155fb773f,2023-01-14,1,flyweight,0.6051283464998515
d0381b088b9a49444821f7b5,2023-01-14,1,flyweight,0.6111096015761288
473cb05603e509a4bfc9c579,2023-01-14,0,middleweight,0.4188853833218605
24f815b1e2137e2461a6637f,2023-01-14,1,featherweight,0.5601658113434318
f458bcba7703f48484dfacf4,2023-01-14,0,featherweight,0.5498062080495696
483b08fc27731ad0a87cdc0e,2023-01-14,0,bantamweight,0.11318056209399158
ec208d732aca7f0b1f0f698d,2023-01-14,0,womens_bantamweight,0.4439564799873866
52d6bc7e6509310031ed4ffe,2023-01-14,0,lightweight,0.5116259296702067
c80a716a5e04319dc22d6f21,2023-01-14,0,middleweight,0.6490809028188299
e38165574d6bfd63d4e79446,2023-01-14,0,light_heavyweight,0.5171471634892034
e2ebd640cdbbcc28ca2e8743,2023-01-14,1,bantamweight,0.8218261129483919
c571321ad6d07f540414f93f,2023-01-21,0,flyweight,0.45662798537975346
1879c14c12351601569b29a1,2023-01-21,1,welterweight,0.4093449040811906
f709c650ce5f7a1d36b7501e,2023-01-21,0,welterweight,0.631102147353613
2b19d65e695d66ba7d5f52dd,2023-01-21,0,light_heavyweight,0.7135295802745556
67ced6d3bcd5f9cff7b178ae,2023-01-21,1,middleweight,0.3167966498144252
a292c3204c848fc795af4c9b,2023-01-21,1,lightweight,0.1887428081234084
7b9b0213d00e3e62562edc0e,2023-01-21,0,womens_featherweight,0.1788219000269068
2d3203b53911c02b06b5c3d3,2023-01-21,0,womens_flyweight,0.23899625729864615
88c05dde0cfbbe4c9eece03b,2023-01-21,0,bantamweight,0.1406298010925098
c20db3255eb0b21fa2aab9f9,2023-01-21,0,light_heavyweight,0.6901699635103433
7ba2b9a199192a87d60f6838,2023-01-21,1,light_heavyweight,0.5950618090020678
170c5bb7b9800aa0cb5760fd,2023-01-21,0,bantamweight,0.564261393520155
f8fe5853ba92aa1d4941f315,2023-01-21,0,heavyweight,0.2641180483151057
a35835c41d69a4aa0cc51950,2023-01-21,0,lightweight,0.3169590855430993
f78c5d74308eea6a9b237336,2023-01-21,1,welterweight,0.4852150564517678
4379c427241e16c5c42ff97a,2023-02-04,1,light_heavyweight,0.30850588699609444
fb3ccccef9c44cd3f44a1d43,2023-02-04,0,heavyweight,0.34245799414232553
e58678b9928dcd7e2a89b900,2023-02-04,1,lightweight,0.5116259296702067
5ffe7cef56c8e5dc2a3b0312,2023-02-04,0,featherweight,0.5116259296702067
c06582e8c3186fa75ccd836a,2023-02-04,0,middleweight,0.21715248557804792
5eafd2114e06744c7808d3eb,2023-02-04,1,heavyweight,0.5871694123683964
c55aa74790a7618ed08e5e86,2023-02-04,1,flyweight,0.5116259296702067
667af8ef779c3de51b6ca32c,2023-02-04,0,flyweight,0.23546370481271192
92ddbc29697faa23279ea2aa,2023-02-04,1,bantamweight,0.5116259296702067
c0dbc7dac4a69fdfa7b8a7e5,2023-02-04,0,welterweight,0.3375269740644376
e3a6a92a6b4c14140c0f5668,2023-02-11,0,lightweight,0.4634161982496238
8e99069a041aef3a93ceeef4,2023-02-11,0,welterweight,0.26975785289242227
9ac871fd5b77a57cde66e145,2023-02-11,1,featherweight,0.5243195775344472
128eedfd624aae6d0ee3489b,2023-02-11,1,lightweight,0.6138182457494379
3138bab08e28eac977aae47b,2023-02-11,1,featherweight,0.5696819025112002
8e0261939b3d9069a93806f4,2023-02-11,0,heavyweight,0.5263367796200419
4becbd5521ee229580343aec,2023-02-11,0,womens_strawweight,0.3102697398700011
50535e74ff87ae17e1c4af13,2023-02-11,0,featherweight,0.526097596893894
39b8a2a3689793a61bd1f93d,2023-02-11,0,flyweight,0.3841909884763629
352db25f95df258b62afd7f3,2023-02-11,0,light_heavyweight,0.6057114583412523
e2a5ee873106609aef8b7d36,2023-02-11,0,featherweight,0.37863646166956977
3f5d726191be802693a573f0,2023-02-11,1,lightweight,0.13702807645564394
9d14cb3c9c8fd9e831cb2b86,2023-02-18,0,welterweight,0.4113462297199913
a36fcfd26910843e21b34572,2023-02-18,0,flyweight,0.6689344552569009
47e078d89d36a38676c579fa,2023-02-18,0,featherweight,0.36515599263035947
389d6b8640bdfa2549c1e3fb,2023-02-18,0,womens_flyweight,0.43337077515836453
05ce260e041a2605c602d2d6,2023-02-18,1,lightweight,0.6462964653962111
7cdd2df80d6a6c593a282b52,2023-02-18,1,light_heavyweight,0.5002189333018872
33ac9685a2515b76f149fc89,2023-02-18,0,heavyweight,0.2938559567098767
73b63059d90c2960c03c75b9,2023-02-18,0,womens_bantamweight,0.32830177160684865
92dbac7a52867e46b35fafbb,2023-02-18,1,lightweight,0.4948827597823234
a4d636f7490aa62d4f569a1a,2023-02-18,1,light_heavyweight,0.5849717884749355
a77ddc24d18d055941c6bf15,2023-02-18,0,light_heavyweight,0.5365412055660794
f489e5bd58bfc35f1f4419cb,2023-02-25,0,middleweight,0.5834801654407751
758f1c497bf18e82210ab5c3,2023-02-25,1,heavyweight,0.43877418942783136
5c80a7b04497ad5ee2bddd57,2023-02-25,0,lightweight,0.5225214736417453
3fec13ee85d7f9983960b3cc,2023-02-25,0,womens_flyweight,0.398802647143794
0176ced8c9d94d30a64e4a7a,2023-02-25,0,lightweight,0.153760250788184
cf7adf6d36d1b08cd9d8d30f,2023-02-25,1,lightweight,0.7529507759774817
b8372e22cddbfa48ea909485,2023-02-25,1,welterweight,0.48228103507310205
6b4e4ea9b801548615975cd1,2023-02-25,1,catch_weight,0.4769093426882939
6ea6168d8e84815d2134058f,2023-02-25,0,lightweight,0.709232632786694
fc0acba87af9f8c76a7e2940,2023-02-25,0,womens_flyweight,0.31020230096805734
ddddb220f603a1df3e1e0161,2023-03-04,1,middleweight,0.6687463837085939
72321c6bbe98eff02e4095f8,2023-03-04,0,bantamweight,0.3098080487272499
cc0b7fa4194f7f6e6d3a39f1,2023-03-04,0,bantamweight,0.5116259296702067
85fe8793909e6952c9f78f00,2023-03-04,1,middleweight,0.7813074738267008
7363e41d86228b1d3ccb37ac,2023-03-04,1,lightweight,0.5116259296702067
4e033da568b46a961139d1ab,2023-03-04,0,welterweight,0.42034679498190547
d3cfb0d2b891ff38ada976af,2023-03-04,1,welterweight,0.603385221492356
cbd06542b2b208df53fd406c,2023-03-04,1,womens_strawweight,0.6911187765952048
c3f3ab3581e4101201417c58,2023-03-04,0,heavyweight,0.7538327057346478
9314741277e5a546928ec867,2023-03-04,0,middleweight,0.453643954486198
483a44eda1de7ba858e8ac87,2023-03-04,0,bantamweight,0.5345309614742529
ec001e69e1a671cb55343f5d,2023-03-04,1,lightweight,0.5194169042065571
79f6fa67f74ca1d1eceb89f0,2023-03-04,1,womens_flyweight,0.34440430818795237
ae1d2e42c74ebe569b8bf839,2023-03-04,0,womens_flyweight,0.324932474934653
2c3d9b8cf266f7d87b21947a,2023-03-11,0,heavyweight,0.44636102492721724
28667af2ecff9e735860e563,2023-03-11,1,womens_flyweight,0.2073679201771386
51fc827668838509328eca57,2023-03-11,1,welterweight,0.5819658803760784
02b6dc85938acd2c6dc76f32,2023-03-11,0,heavyweight,0.6202145501628901
5e42a3409698012174f55aa2,2023-03-11,0,bantamweight,0.1337566049325518
cc22e042a99a400b3b543787,2023-03-11,1,catch_weight,0.5335660927544149
4a7cf56c83980792658c3945,2023-03-11,0,bantamweight,0.5568746534795378
970d1a7858aa5b5c168bdb4a,2023-03-11,1,bantamweight,0.5074685074827027
8c472cd93fff869b8c1659b3,2023-03-11,0,bantamweight,0.5314467325284693
57624421d747b53b6a9fce19,2023-03-11,0,middleweight,0.500881414139174
121d895ec34c4ee500d71121,2023-03-11,0,flyweight,0.39924439076845775
39493c979c1bfbe357de6651,2023-03-11,1,bantamweight,0.48581374653519616
313274f54c13e378c9782b8c,2023-03-11,0,light_heavyweight,0.5941215718294277
3ef5192d293b633a47593b25,2023-03-18,1,lightweight,0.5580027325743534
67939b6e4ba8a035489881f7,2023-03-18,1,middleweight,0.3695016050967868
ba6858c0646216e3a271c7f5,2023-03-18,1,welterweight,0.560428867568609
a41a13deba0d06034c0c24a0,2023-03-18,0,featherweight,0.195591392719269
be9e3b6594a545c5ece02333,2023-03-18,1,flyweight,0.46271379547661745
bd93d7b8110bf0a192791038,2023-03-18,0,womens_flyweight,0.6894271584855295
aba38730016b8b0777777ee5,2023-03-18,1,womens_flyweight,0.602848326744324
a445f6f894e3074c43e9960f,2023-03-18,0,womens_flyweight,0.6224578588153925
0204fb629e0e6e99f3a62ea5,2023-03-18,1,lightweight,0.5620572693752327
a1b6f8d2aeb238711fe9cd1a,2023-03-18,0,welterweight,0.6176623324638634
a9bd37ea947df11dfb5e63f7,2023-03-18,1,featherweight,0.8282962582582528
bd7c4c65dd0660d691a5b7ad,2023-03-18,1,middleweight,0.6324222584721542
e95f3b99a35f4827b821860d,2023-03-18,1,flyweight,0.672518234690803
759b5432bb0e95fb6e5a4cad,2023-03-18,0,lightweight,0.5116259296702067
c1d7d7ce041d52e09d7193c7,2023-03-25,0,womens_flyweight,0.5018608297475199
034e224915320f869f1dba0a,2023-03-25,1,middleweight,0.39598193859995445
717be830f10bc6172050d1e0,2023-03-25,0,flyweight,0.3544615423984225
fb68a3891e073458dc6aaa5f,2023-03-25,1,featherweight,0.19939586467002174
b4bcc9e8264244b410d7df4f,2023-03-25,1,womens_bantamweight,0.7364673560162422
84ded834631bc85d1a979066,2023-03-25,1,bantamweight,0.5329541468572365
3932764824c5a65f4ea80b0a,2023-03-25,0,featherweight,0.5010056500566714
3da110d1cd53964797f27c55,2023-03-25,0,featherweight,0.6646859095781373
bc34061f7585c8cb754582fc,2023-03-25,0,welterweight,0.412064507989551
d8bf04bd476c5def9385b3ed,2023-03-25,1,flyweight,0.6213179979661139
090d5cdefe42617fa644a06f,2023-04-08,0,middleweight,0.45940570968189026
f4262813b91eccfae338f71f,2023-04-08,0,middleweight,0.39107575255060983
b3e3b5f129a63fb2038e58ed,2023-04-08,0,womens_strawweight,0.3583527141072498
30c5225ba53208cd76437d3b,2023-04-08,0,middleweight,0.48013923131132336
50f3bfb5121b7b06fdb05de0,2023-04-08,0,welterweight,0.3963916199259175
a3cc4d0be0f091345c0e83cd,2023-04-08,1,catch_weight,0.6530462356340393
186919d4a2872e5c626d87b8,2023-04-08,1,womens_strawweight,0.42339466434205053
50677f1bf973ddd98ff7be61,2023-04-08,1,welterweight,0.5258760529519491
5bf9cd7d305f8634d4423b73,2023-04-08,0,womens_strawweight,0.3110618266966797
542ab5e1dd01c45dbe923832,2023-04-08,1,bantamweight,0.4706749177182514
cb56c19233738e3f99fb0b06,2023-04-08,0,bantamweight,0.538937134382715
7941baf2f9c14b9bc5dc6877,2023-04-08,0,featherweight,0.3649861575948644
536fc9ff4143a7f0ef5213e4,2023-04-15,1,bantamweight,0.6146687965107314
58d7a5e6018b4265e7a4b16d,2023-04-15,1,featherweight,0.5637451519158256
f5d38b8d75c4c47b6cad6b69,2023-04-15,1,flyweight,0.35796288966093115
7b3a87bcfdaf6184fa346634,2023-04-15,1,womens_strawweight,0.5903909540310989
305a994660d1f7aefbc2d278,2023-04-15,1,lightweight,0.781502870472525
8aa967b47782f05988eede93,2023-04-15,0,light_heavyweight,0.3339437646018037
e32814b20fa0d61f9191d8d6,2023-04-15,0,featherweight,0.7006462072635056
2df2b28eed63b6044ceb774a,2023-04-15,0,womens_strawweight,0.49986717682984166
6576e21f61790cd99298296d,2023-04-15,1,womens_bantamweight,0.7074351932928836
fc2939e831f145899a2e2a1e,2023-04-15,1,lightweight,0.4255587704806409
8585d2f9c10439b3ae1c6def,2023-04-15,1,featherweight,0.49253798122108655
715f478ae35da582d9f2f26f,2023-04-15,1,bantamweight,0.3215246690544444
a3b645cd303899e532cb969f,2023-04-15,0,light_heavyweight,0.5330219349598585
4c702db73869ec0f411cd286,2023-04-15,0,light_heavyweight,0.17538203325542895
99f50e21f3c2b8fb41bfe804,2023-04-22,1,middleweight,0.3516972785718902
379db5a242315cc0331f6ab9,2023-04-22,1,bantamweight,0.4503832513370446
42d8de57f8ac25ae0a59af37,2023-04-22,0,featherweight,0.3842020457276808
69df5f5db0fe03de6d83eeb9,2023-04-22,1,womens_flyweight,0.6293634434697754
ebbd9b0e418daaecd3a5147b,2023-04-22,1,welterweight,0.5263502495785376
a81b666d9fea33d5a4e4e227,2023-04-22,0,womens_featherweight,0.4495752742353068
15793bfec6a8406b59adf881,2023-04-22,1,heavyweight,0.526300459113779
cf2e08d1a2de456001218fbc,2023-04-22,1,bantamweight,0.6999855849827371
2d07b591baacde698e40eca7,2023-04-22,0,lightweight,0.5041384165958999
d0f44949b918faa8a43733f9,2023-04-22,1,heavyweight,0.23187274261122165
64bd164890b13ccd6152e1f3,2023-04-29,1,middleweight,0.6116688511780644
382d5f5de3ab9af93ca82b63,2023-04-29,1,flyweight,0.5684294989112477
e74e0fcfe591662c36de0f91,2023-04-29,0,womens_bantamweight,0.5221054710638362
9404efffd14ae8bc7d0dad29,2023-04-29,0,welterweight,0.5538279708947842
361d3b8343a3062df1f20add,2023-04-29,0,catch_weight,0.47205916026964395
209f89bb364ad65d94f93f8c,2023-04-29,1,featherweight,0.23658591640596807
de2dcd0f2af8b8f8855a9ee1,2023-04-29,1,heavyweight,0.3192937192201955
79b7440c98a3fe7209a2b6c5,2023-04-29,1,heavyweight,0.5535109532978684
a482e08e398790dbc62aab8b,2023-04-29,1,middleweight,0.5014292443824556
996883e37beff1a1ac3bb2d5,2023-04-29,1,bantamweight,0.5112437125465108
c0f12ad7885173fca8c8dadf,2023-04-29,0,womens_bantamweight,0.7148273729009887
8cc6c1a80c3b3e78fc639607,2023-05-06,1,bantamweight,0.7878210142230342
8f175dda24ee4d5ed157611f,2023-05-06,1,welterweight,0.508694690670778
38e28862ab0d408ffcf40da9,2023-05-06,0,heavyweight,0.4062133623506702
ac89ad183f32d054d164ee0c,2023-05-06,1,lightweight,0.4914961887805969
ef1bf09246b82fc675505721,2023-05-06,0,womens_strawweight,0.7145813900961371
b96182f98b3de52de631a16b,2023-05-06,0,middleweight,0.6425340106007623
2db72ca1fb0fdb7fffe3a93f,2023-05-06,1,light_heavyweight,0.631688101191897
c5ebf8e79324e5939125f9ad,2023-05-06,1,welterweight,0.7784325349954758
3e2e956ecc31c21affc1243d,2023-05-06,0,featherweight,0.3968530773621403
023c4ee9d811ea4e3c8b11fa,2023-05-06,1,womens_strawweight,0.23366841974234978
0675c46166735f4643081ce6,2023-05-06,0,featherweight,0.124781175712654
3d3bc5c58bede42fd36c2efb,2023-05-06,0,middleweight,0.6517916006815032
73f39af8d610478efc1c33d2,2023-05-13,1,light_heavyweight,0.5662562522598671
7a5e52cdf64699c40ca7635d,2023-05-13,1,welterweight,0.652005009093057
8ea417e09eac08a2ad3fe828,2023-05-13,0,light_heavyweight,0.23461089182389522
f4ebeab135e8d5bb06730df8,2023-05-13,1,catch_weight,0.3587679137808908
bcb161a3c9d9e2a50a8e2857,2023-05-13,0,welterweight,0.6246195118371386
74a34d39413c8f931bad1e28,2023-05-13,1,heavyweight,0.5349764462452534
f166d8ac6a457943bfe528eb,2023-05-13,0,womens_bantamweight,0.5470908530197804
2d1948b604cc1d52072429d7,2023-05-13,0,womens_flyweight,0.5296716584133282
7eb37ee4f1b3f74a15b948a6,2023-05-13,0,heavyweight,0.23736399351655718
90d417de02b6d71ffa660d3f,2023-05-13,1,welterweight,0.40953319838284213
834f2fa194fc1425e6d5a51f,2023-05-13,0,welterweight,0.36210093241490404
9dea78b803a1d3cbffb84573,2023-05-20,0,welterweight,0.3291539473418414
d5f1029bfe5ae4808dbdeb8b,2023-05-20,1,lightweight,0.7017985192390953
583ed00e1a40f7bc24f0e7d7,2023-05-20,1,lightweight,0.6489963824833535
a5c6f22d83c3a5cd1f37e6d1,2023-05-20,0,middleweight,0.5496996752401078
19550019194953c70877b46a,2023-05-20,1,catch_weight,0.672017422640317
618b7b63848dfb28d9e75658,2023-05-20,1,heavyweight,0.5863140713977901
4dad1eec32d230346a567d14,2023-05-20,0,womens_strawweight,0.4142320255722129
f80948e2b2d88cf85d8f69c2,2023-05-20,0,womens_strawweight,0.3643287725837859
e14152d9d3bcd814f7a78595,2023-05-20,0,lightweight,0.6107669400213875
7a892f12809c158957f4222c,2023-05-20,0,womens_flyweight,0.14191327104343648
24d6f64dd1a9f4a00b60b172,2023-05-20,1,welterweight,0.3711047242060887
a9283fde7464f78285f35d4a,2023-05-20,1,welterweight,0.5640443034430748
8d2657059b80b7d256f63ce5,2023-06-03,0,welterweight,0.4620048517397656
c47c6d03bdb49b711c50f83c,2023-06-03,0,featherweight,0.3549896939283995
fbdb0f998a41190f2e544cb6,2023-06-03,1,heavyweight,0.5551981890787427
211bd8ca31ce0bf9f809f926,2023-06-03,0,bantamweight,0.6497896022818965
1f74546eab5290536943b881,2023-06-03,1,bantamweight,0.38653613284437616
43dc5779bee5d6e1feaf1211,2023-06-03,1,womens_strawweight,0.5752265780802378
b53d7181f6baa5828ee82925,2023-06-03,0,lightweight,0.5576062422822168
eb35eda2f8e562604a3a6587,2023-06-03,1,lightweight,0.7311364705960791
a2548db55f411224c2090a87,2023-06-03,1,bantamweight,0.6946656403949458
810ebf65cda6f08605d0dfb4,2023-06-03,1,flyweight,0.6424930748437201
ba64fa041a0a17289f7ec4aa,2023-06-03,0,womens_flyweight,0.40333711504592235
67fdbe55ae06879de2d3096b,2023-06-03,1,light_heavyweight,0.5507266062930556
e30468a3c5bcc4c5e6f074a6,2023-06-03,0,flyweight,0.5343793238851394
41b34cfef0a3c136d4b18cf6,2023-06-10,0,bantamweight,0.5344215108650885
2a7b20dea79359f48d7d2aed,2023-06-10,1,womens_bantamweight,0.7458743026165119
1f2ee3d9684f952d35509047,2023-06-10,1,lightweight,0.6108728799919273
74a471c2a8c54c1c590e1255,2023-06-10,1,featherweight,0.6410291771851928
dca56b74a39286560767984d,2023-06-10,0,flyweight,0.5244168652107578
fb60c604b16810077c6dce79,2023-06-10,1,womens_strawweight,0.5778262223551656
753ef8a86a13c56c70328743,2023-06-10,1,featherweight,0.35296108120271774
bfe91c9408462da03caada04,2023-06-10,0,middleweight,0.6309325499904931
f6498a4788e114791bbae90c,2023-06-10,0,welterweight,0.41704270600165577
0830f25bd926d3257e23b2ff,2023-06-10,0,womens_flyweight,0.7019760809807077
b5479c9894d56b527aaf98e8,2023-06-17,0,lightweight,0.15588910428837302
fa8e30b594409ffd405b94c7,2023-06-17,1,middleweight,0.5695863199586543
5de7511b539dc2f35627eeb4,2023-06-17,0,flyweight,0.5130556067058527
1553628079b91961f98be03a,2023-06-17,1,flyweight,0.7041483751710393
1701803460c2492f8c88e6dc,2023-06-17,0,bantamweight,0.4530483800304309
5ea10d9b2508835213a7e16b,2023-06-17,1,lightweight,0.5575575740961797
1ae6f24c34066c35e05a0ac5,2023-06-17,0,middleweight,0.6446981647038812
71155f2f38de2cef21d41ad4,2023-06-17,0,welterweight,0.6007913049029484
4afc828e854d71a980a4da1f,2023-06-17,1,featherweight,0.5559868915968139
1dc63941f97c2b53d6e7944e,2023-06-17,0,womens_flyweight,0.5455048209776705
b835ef106ba0d320989caaa9,2023-06-17,0,light_heavyweight,0.5621075487107968
9738dbbd12c022ab8c0244f4,2023-06-24,1,womens_flyweight,0.4311290488859994
26d1929d5e6faf685d9524e4,2023-06-24,0,middleweight,0.3353511899737711
02caa0904488e97a0c57821e,2023-06-24,1,middleweight,0.3052798219692813
8538c8b918b1de21ed7edfdc,2023-06-24,0,featherweight,0.45989544440104335
0c4515b1fb214c21809f0083,2023-06-24,0,featherweight,0.6331149174285652
a6a76a7a7db7da77a11b5ecc,2023-06-24,1,featherweight,0.6447130681950333
0744f58285748a8258aff8bb,2023-06-24,1,lightweight,0.5524695416828712
86089570ccc769b26795cf5c,2023-06-24,0,welterweight,0.3282789094713599
34413a75b78402855b689235,2023-06-24,1,welterweight,0.7296417428268406
d63c07a027a8bfced274a3e8,2023-06-24,0,womens_strawweight,0.5132775873238096
355dde8fa8af4f55e7903345,2023-06-24,0,lightweight,0.6568719932610805
d903ae15997c5c3259527ac9,2023-06-24,0,flyweight,0.38197644886663606
c16d37110bfde910cc00a282,2023-07-01,0,heavyweight,0.2907986753882292
f0881ed5aee329899d5dbe32,2023-07-01,0,womens_flyweight,0.5904201137622749
ff5a4b29681042b715de7dd8,2023-07-01,1,middleweight,0.30470917404316905
66a014a3d695164cadb97344,2023-07-01,1,lightweight,0.6773376205653577
5a3fafcfe8cf52b7388b69c6,2023-07-01,1,lightweight,0.6560879091527322
031c91854eac829bdf2ffa2c,2023-07-01,1,lightweight,0.3332201267296319
40db9ab26d4cae9288a4883f,2023-07-01,0,womens_flyweight,0.4418024161098655
4ce7c778f23cd1bf4546e0ec,2023-07-01,0,featherweight,0.2396618413977259
2906ec3d58e436e5228c8dff,2023-07-01,0,welterweight,0.31355483715885535
36428584824bba6898b4824a,2023-07-01,1,welterweight,0.40424380555058953
44200bfac7f2a84fa9b3c2c3,2023-07-01,1,middleweight,0.24333456623777527
f2750b184214af53cd2d9552,2023-07-01,1,womens_featherweight,0.6335128585032906
bfd5cf090725753cb73a2027,2023-07-08,1,featherweight,0.7475931656738498
b7b4f20cf8dafb6a112ac7d0,2023-07-08,0,middleweight,0.31577679961671323
8391134e7f930a916e52ef20,2023-07-08,1,flyweight,0.3443396128290657
339bc6663a7f472154266feb,2023-07-08,1,bantamweight,0.7095063139873621
59f58c9c40c64fe1b8d474ff,2023-07-08,0,lightweight,0.5865470652388901
8b7bd39fd6c76d413400ef59,2023-07-08,0,light_heavyweight,0.5482954534172952
d05493e5cdd7938e02c6367f,2023-07-08,0,lightweight,0.5238628491857656
e724df897e9fa95b33128001,2023-07-08,1,welterweight,0.388352637009837
243b01b43b4d154ee283edb4,2023-07-08,1,middleweight,0.6858095000436287
0580b939723798e97e523064,2023-07-08,1,flyweight,0.60486625115523
3ee9d49d2883a76f0d0b3ebd,2023-07-08,1,catch_weight,0.6368335872833029
307078a8aaf55515debd7e4a,2023-07-08,0,light_heavyweight,0.43559170147745724
c040765e9cd22df2535af702,2023-07-08,1,womens_strawweight,0.42187669679538026
0e415addf4419c1bb7040995,2023-07-15,0,middleweight,0.43300400510553244
fae07c7909695a8de2670ea9,2023-07-15,1,lightweight,0.33158915619672397
95d5ccbd56f49fdaea7018e3,2023-07-15,0,womens_bantamweight,0.4681236127368026
570ed242ca21c62fa3a6e0bd,2023-07-15,0,featherweight,0.5222127130536117
5fb55152ac40582efdac2338,2023-07-15,0,lightweight,0.46502773690464977
dc8c54b14e642c0f7dcc5d7f,2023-07-15,1,welterweight,0.7643873549670303
d5acd4b37d67e89519b6bd83,2023-07-15,1,lightweight,0.3430144735668924
59e240a1926ab9668d4ea114,2023-07-15,0,womens_featherweight,0.4101706370150489
20480c79595fbb7397cbcdad,2023-07-15,0,lightweight,0.47434118845856704
0504e93f7602bdaadee9e83e,2023-07-15,1,featherweight,0.6190016204114261
c66bd437648ce6c9d36fffd1,2023-07-15,0,flyweight,0.5704398163051088
aee881a6e3b66ff815a14b4e,2023-07-15,0,womens_strawweight,0.517911288754295
37dbd1517fc350dfdb82fe5e,2023-07-22,0,lightweight,0.6327755233227788
2086564bb6d1a17b69d9594a,2023-07-22,1,welterweight,0.2976565430490043
85cc199fb2cc71d7610b426a,2023-07-22,1,bantamweight,0.5432511183954738
d374ad54876bdc9ab00d188f,2023-07-22,1,flyweight,0.7605914054940517
f287ecd9b1b2b7e5886818fe,2023-07-22,1,lightweight,0.7534524138511146
5e03556ac21059d5540468b2,2023-07-22,0,womens_bantamweight,0.3792414688804379
88f4cf3ed1e8dc3bee9e78de,2023-07-22,0,featherweight,0.5445633095345708
f684f924db9762a5a24943d1,2023-07-22,1,middleweight,0.4871409863789801
07930a4698e812e3c33400df,2023-07-22,0,lightweight,0.4596440275150325
dc10ede4fff61150475f025f,2023-07-22,1,heavyweight,0.1921393185879657
1e5aadefe4f8b514331f7df1,2023-07-22,0,womens_flyweight,0.7003956065142476
be6f6a66dd1475a253d21e8f,2023-07-22,1,featherweight,0.5804737458826088
cdab172520a4c2a4e3be3200,2023-07-22,0,middleweight,0.6600855872241334
b6deee15173724b04f140ec9,2023-07-22,0,womens_strawweight,0.6040559096200379
8dbb536f8d8d18684dece8d9,2023-07-22,1,heavyweight,0.7198623216008979
cf7ebf33fc2afed4809e7db8,2023-07-29,0,flyweight,0.3500117768211274
4e8cbb73bf869a8da3d7deaa,2023-07-29,0,heavyweight,0.44139251616810893
2a07f8ea0b27887c995f15a1,2023-07-29,0,lightweight,0.5304744827815072
f1f93d9da3d77601ddc068c8,2023-07-29,0,welterweight,0.5775226425123067
7cfdf3b2768432a51473f253,2023-07-29,1,welterweight,0.7153229634076627
73c5255ed61178a04a589d37,2023-07-29,0,light_heavyweight,0.45299244378232423
542062f841901da309fd39d0,2023-07-29,1,welterweight,0.3703809096132896
1441ccf352df4b05c9a83aea,2023-07-29,1,welterweight,0.5046243303709075
c7180a83d72402d7608bdceb,2023-07-29,1,womens_flyweight,0.807827082514926
3a32c6a5cc5a1fd46bea3e47,2023-07-29,1,middleweight,0.6348915193937501
7bb394fbae44e1da0cd5bca3,2023-07-29,0,lightweight,0.3550290231908159
282fb397e104dd45c570b28a,2023-08-05,0,featherweight,0.5624470714237919
b787cf6c2fa2ed8c9e195150,2023-08-05,0,flyweight,0.3385080013036863
6560f72e1b1c9b8138574df6,2023-08-05,0,catch_weight,0.37295413041833236
f94e4cad52bf9a6b2f38df61,2023-08-05,1,featherweight,0.4648168837110263
ce84563cfe04a65b5b76020c,2023-08-05,0,light_heavyweight,0.5278920262404846
0473c7065872a7d67606359f,2023-08-05,0,lightweight,0.6430338158850976
268d66a04a0a2276ada61537,2023-08-05,0,welterweight,0.6688892926969876
d6ee9a0d0b602cdfb29a682a,2023-08-05,1,womens_strawweight,0.5739041442481999
d51412c5c86ef83705f9476f,2023-08-05,1,bantamweight,0.7067413609512155
bb3b63715b62f6b0e4f65950,2023-08-05,1,flyweight,0.5914123985920644
358d2e14d9541e87802ef07a,2023-08-05,0,featherweight,0.5010419808348343
8a9f408c675d89c45391bc0c,2023-08-05,0,light_heavyweight,0.4433144367384725
cc0dfcba2a9a1a686e41e380,2023-08-12,0,middleweight,0.5825634848419312
21b8a0738ac50baebd05d9ac,2023-08-12,0,featherweight,0.7033301178098058
b0a0a0e4e665e9f2ee272956,2023-08-12,0,bantamweight,0.35401503350070873
56c51c3acfc72d7fc859ad42,2023-08-12,1,featherweight,0.41416366456600556
f83ebe6bf664c143f114ee24,2023-08-12,0,womens_strawweight,0.5390658448926803
cae33a4c01f60ea5bc1c2a9a,2023-08-12,0,middleweight,0.4907297600193924
d7b541461594eecc66b90080,2023-08-12,1,heavyweight,0.6309454846463881
21dc27ee66f98446e047ad70,2023-08-12,1,bantamweight,0.525089931204467
6f0ec3612994e967fb90e063,2023-08-12,0,womens_flyweight,0.5074125239778362
e18d45083a7c265a8622e262,2023-08-12,0,light_heavyweight,0.759080598686874
c9c58ef3f78b8a1983f75960,2023-08-12,1,womens_strawweight,0.48039386566887843
a6d4278c3e85ccf981d560d7,2023-08-12,1,lightweight,0.8317914149186282
fe4d9885f4576d7ab9015c10,2023-08-12,0,welterweight,0.5349209671820015
471c5569daaa1a004351935d,2023-08-19,0,bantamweight,0.4904063411164352
0b46edbdd82ecaaa8339d80a,2023-08-19,0,middleweight,0.259882230858397
34b4caec2c3e9c8cc351c602,2023-08-19,1,womens_flyweight,0.5597710132179552
2defed33fd46d631e90ba986,2023-08-19,0,bantamweight,0.412710749755463
e1c4b3bb77a1f665d7e9edb8,2023-08-19,1,middleweight,0.4620447922841642
f77e8217af476c8d76c17de8,2023-08-19,1,bantamweight,0.6608897024569491
5e2db79a3a1ad7fa4a047658,2023-08-19,0,middleweight,0.2642763816125591
6146e55c7547bad0f4598567,2023-08-19,1,womens_flyweight,0.4872769283013639
44a0ede1f5c3febcd8158c1b,2023-08-19,1,lightweight,0.17065889215097085
6a9d8431526f7e7ae3505c22,2023-08-19,0,bantamweight,0.4312008201481764
f59c117ae7cabc52d4b52159,2023-08-19,0,welterweight,0.49816309662028746
acbef5f5bc43c180f987011c,2023-08-19,0,womens_strawweight,0.32335169084278065
46011dba71434bf36e3c4864,2023-08-26,0,light_heavyweight,0.6542829118611341
7a36e5dab09fb0e3a32fff3f,2023-08-26,1,welterweight,0.533574267927913
bff6b688a0748a0496dde666,2023-08-26,1,middleweight,0.6343601388377699
31b7a66eb42b8c36524c3ab3,2023-08-26,1,womens_flyweight,0.705655724774669
dd4024c9c91e5afd2d978e95,2023-08-26,1,featherweight,0.7212549569022388
f0e0f24c2d6eded73e540e2d,2023-08-26,1,heavyweight,0.7118119466185568
f3ff547fc056f0ae57dcdd5c,2023-08-26,1,womens_flyweight,0.7012921839708687
afe662b987c151d703cd1acb,2023-08-26,1,featherweight,0.7448392006141922
ac6f2e63fe39b2f0a273ae19,2023-08-26,1,bantamweight,0.5475943824869269
baae93ffbdc1bf0262cee6e1,2023-08-26,1,featherweight,0.6128377112238848
99ab297a031513ce93f1576f,2023-08-26,1,welterweight,0.36701836830530077
32ae1bb3fc496ea9626ce862,2023-08-26,1,bantamweight,0.5002698032597922
1fe545c4e1dfc5237a9e4748,2023-08-26,0,heavyweight,0.4666444892428605
ffa7455c3e5ede174ad4112d,2023-09-02,1,welterweight,0.6279293828577892
6d0f7ada6c998fb0eaf089de,2023-09-02,0,lightweight,0.5866352784495387
fd33be38cb0d1d4d0f6bca6f,2023-09-02,1,heavyweight,0.6425957249720332
6bd93fadde24f7c7a79345fe,2023-09-02,0,bantamweight,0.5076011464544758
65293a8e2961fadaeef4cf65,2023-09-02,1,womens_flyweight,0.5586666155857709
2d1078d0507597c4e604903a,2023-09-02,0,featherweight,0.5116259296702067
a4d79f54aeee4768f37396e2,2023-09-02,0,womens_bantamweight,0.728678781302778
44fbb5a2110d15b720a9751d,2023-09-02,1,bantamweight,0.6094579463871637
555e57ac84583be4ae725a15,2023-09-02,1,light_heavyweight,0.7186423595341465
21efe4021b701a3f681a8c10,2023-09-02,0,featherweight,0.12092882393329304
6e1227e9009e6929393b1fee,2023-09-02,1,catch_weight,0.6854525960208254
011b9746ab115630dd02c0fb,2023-09-09,0,welterweight,0.5459177900680597
b21089f4d62b3730b34a4346,2023-09-09,0,light_heavyweight,0.31625865816707516
1b6d13bce1996a9787f00657,2023-09-09,0,middleweight,0.4761427599035084
b2b23742f60158de1d1c5c14,2023-09-09,1,featherweight,0.5963889137575493
b8118cbf106d813928e0b82a,2023-09-09,0,lightweight,0.25415178504722213
27e9d3412a74a9570b14c3f3,2023-09-09,1,heavyweight,0.6221651370060528
16064fb85fa34316d72d9e6c,2023-09-09,0,welterweight,0.5116259296702067
f84f38efd0c68a4d11911324,2023-09-09,0,flyweight,0.15644035006479842
a0cc78d39dbec7a5ce6e1bd4,2023-09-09,0,lightweight,0.22683090364937847
ed8e3c472972a277f73c443c,2023-09-09,1,featherweight,0.33713112907235443
b04e6f3b3710a8911531f136,2023-09-09,1,heavyweight,0.6321233053259554
16cede3f450ae715871ef8c3,2023-09-09,1,light_heavyweight,0.5700768305692173
ead4ef0da3ceb9dbd827dd4b,2023-09-16,0,lightweight,0.549440730341166
c8cfe9c5b42f5b7ceda34093,2023-09-16,1,lightweight,0.3370750186005361
f0c6e7a442001e286c22093f,2023-09-16,0,featherweight,0.5370724643563132
eaa1d742167744bbb2317e5f,2023-09-16,1,womens_strawweight,0.5116259296702067
399469f15d7034c6b5c5aa4c,2023-09-16,1,welterweight,0.6463522170640916
2d4c42ccd0419f0034998f5b,2023-09-16,1,womens_strawweight,0.7218327399573383
8e05c99e0cfb203d446ab29e,2023-09-16,0,bantamweight,0.4300150852366205
281de41fa325e8017e097798,2023-09-16,0,middleweight,0.3567908958788011
568b5c62f6997dbaa49f2d78,2023-09-16,0,womens_flyweight,0.30042746485180866
a8d577f3a15db8e801f72cab,2023-09-23,1,welterweight,0.6065023140358404
cd56e5717d0aecb3365e555b,2023-09-23,1,featherweight,0.6381424276580547
978e40854ce586ab5015d89f,2023-09-23,0,middleweight,0.6557752031013533
e705c6274e273eb488346925,2023-09-23,1,womens_strawweight,0.690756404600538
5f67fcb6ff0330a07c25670c,2023-09-23,0,womens_strawweight,0.5899385537284678
534e4ba8dcf5d6b12163bd43,2023-09-23,1,heavyweight,0.505473279474872
ef95cdf14de0f6f13da1c922,2023-09-23,1,lightweight,0.6268062253133097
23bb45e27781d3fef56a8d5c,2023-09-23,1,featherweight,0.4427274887999012
abd474deac0d6aaec693b319,2023-09-23,0,womens_bantamweight,0.5720443050053091
afad3865935211f104c76cb6,2023-09-23,0,welterweight,0.27959206711966433
24613e52b4d9b4373f4e4226,2023-10-07,1,welterweight,0.6226864392281295
e808ac354fb383fa280dda7a,2023-10-07,1,featherweight,0.35539765812368634
c2fc0ceaf543ba31b0c8a9dd,2023-10-07,1,bantamweight,0.5011163898220565
1e86a983200de4386d6df19e,2023-10-07,0,lightweight,0.41979453968855135
80a2c51a131f7e11f83c99c2,2023-10-07,1,lightweight,0.23186735081159493
b0fd3639ae3acd8f3c7f83a6,2023-10-07,0,middleweight,0.3341301109477365
fe10b939cf29ddef67d106d5,2023-10-07,1,womens_strawweight,0.4018719821129364
da52ce077dfbc710eeee7d80,2023-10-07,1,womens_flyweight,0.5678646014920354
5d96dab1b32c072c721a3140,2023-10-07,0,flyweight,0.34350371925613393
3b2b6f588f233752d4106bfe,2023-10-07,0,womens_strawweight,0.6797054246387316
af737fed0b9b7d7e97b45800,2023-10-14,1,middleweight,0.613893162845727
fe5a4702ff9ab44d8fd9a270,2023-10-14,1,womens_strawweight,0.5570768193106083
9f46ec6a1c5898a3f4218fa9,2023-10-14,1,bantamweight,0.7054291767697097
bc494225f9e8733daace3b08,2023-10-14,0,bantamweight,0.5872100616175859
f9055a3cf35dd1b47246db50,2023-10-14,0,featherweight,0.7016612969344024
d140971eb1e02bcc7e160759,2023-10-14,0,womens_bantamweight,0.6456628985456627
846b585d86cb8c9a7c662345,2023-10-14,0,womens_flyweight,0.5525944466538505
71152a346f5435274991f699,2023-10-14,1,bantamweight,0.742225151942919
a60d64e4d57ac341a707429b,2023-10-14,0,featherweight,0.6766853713643942
e9b3649cbac6fea997127d09,2023-10-14,1,womens_bantamweight,0.7399893116559939
6eb8e73eeedd0a4d4f090e59,2023-10-14,1,lightweight,0.7268197132014492
daa19bc1073e4de488b93099,2023-10-21,0,middleweight,0.39460088834585477
bd5197ce9e21f062e91cfdcc,2023-10-21,0,middleweight,0.5328063101867324
29ca6c04a5121ff6b3aead16,2023-10-21,0,lightweight,0.5277783668245086
53f58a616f1f98162f59d9a1,2023-10-21,0,middleweight,0.5340974020362699
259473adab67fa6d9c216e30,2023-10-21,0,lightweight,0.7226626699001006
e7ce0cf4e2292cc04f227813,2023-10-21,0,lightweight,0.48808590921139905
a12daf4c80637768db6e3c5a,2023-10-21,1,featherweight,0.3255950784822954
28eb240747f515de3836fdbf,2023-10-21,1,bantamweight,0.7675335781630209
f0516b939f36ebafdf81ca17,2023-10-21,1,middleweight,0.36998050939286276
62d3a5771d6b10f0089a8f81,2023-10-21,0,flyweight,0.2536885158172265
757ba2eafdc177b61032db32,2023-10-21,0,womens_strawweight,0.28536998258598645
04563713f288927086d00dc8,2023-11-04,0,womens_strawweight,0.4465880226115627
4dc323525ec4fe6a1902471c,2023-11-04,0,middleweight,0.3601749918152331
7a0160ef91b1c3b2e386696c,2023-11-04,0,womens_strawweight,0.3785249557456782
63065d8129b0cd4edb422521,2023-11-04,1,catch_weight,0.6615470908049864
1c5a8fa50a02c5f7237e7096,2023-11-04,1,welterweight,0.38880651207638867
74447d459909b91d8cbc210f,2023-11-04,1,heavyweight,0.6162068719373296
c7d24b653dac82db9b54ce3f,2023-11-04,0,lightweight,0.2460165807690149
df9a143b6b0fd7913bb8edfc,2023-11-04,0,heavyweight,0.4848931505338797
de2c9e0a9b1e5ca7f500117c,2023-11-04,0,light_heavyweight,0.38941484484707256
d15dd8dad27d3ee24d69ac60,2023-11-11,1,featherweight,0.7021982302298483
afa38907d741913db5a7be3e,2023-11-11,0,featherweight,0.6391027977540307
8a2b05dae46c16a168a3e654,2023-11-11,0,lightweight,0.43501293549258746
496a2700b89769900984608d,2023-11-11,1,womens_strawweight,0.5743517380854455
8d6e2b7b8b22ac6ba0a22969,2023-11-11,0,light_heavyweight,0.5152080154817754
e8561543ae98872e901f6879,2023-11-11,1,catch_weight,0.4036923443825668
833524b44b22bd3208f2fbd3,2023-11-11,1,flyweight,0.7397115638855277
d20739f6f7bd77ea12be13e0,2023-11-11,0,lightweight,0.2851862705632885
144baece3f6aa1688e288975,2023-11-11,0,lightweight,0.3778431500752396
e7b64eb7fc4775216b389738,2023-11-11,1,heavyweight,0.4892041322480484
177541d6f63823d585239290,2023-11-11,0,flyweight,0.5225497213857857
f41b81824fdcc42b9e4d0405,2023-11-11,0,womens_strawweight,0.5422694102775855
f2df0f0bae9607c1cf534447,2023-11-18,1,middleweight,0.7243262856508551
d364f1a7af8353a6a5bb476f,2023-11-18,0,bantamweight,0.6426915526626071
00e7ffbaf4344527093873a4,2023-11-18,1,flyweight,0.6788522620506017
459984a71320f6181b1f6a92,2023-11-18,0,lightweight,0.6709015401377028
cac245615a9748a0186e36ce,2023-11-18,0,middleweight,0.3633879461648916
8e520f2d4e402e4c08eac42a,2023-11-18,0,featherweight,0.6290989302905692
19a60d3bb692f7fab1aa0998,2023-11-18,1,featherweight,0.4384104188264912
5d678692a9535ae7a7113d36,2023-11-18,1,womens_strawweight,0.7345979399613
e5dbe1f65469011be90331f1,2023-11-18,0,womens_bantamweight,0.2209761971172105
0814c6241270848832ee1c95,2023-11-18,1,welterweight,0.47406829511241255
d7d1847897d6db266f12f753,2023-11-18,1,heavyweight,0.6887171145364676
ded733c1abeb30eef94d0f74,2023-11-18,0,bantamweight,0.5120654646529786
d8489abaf1802fa3a1021b7f,2023-11-18,0,welterweight,0.7784127339590138
3244052f0a3815145fdd8188,2023-12-02,1,lightweight,0.6357169558124109
29c71d1b4084e31abd61e31c,2023-12-02,1,lightweight,0.48297125633971927
266fe16c8f3e3b75a7f4c4a3,2023-12-02,1,lightweight,0.4025961769762091
577f775be78964896ac1a903,2023-12-02,1,lightweight,0.4948419404487134
aa55d74034f3a3481fb4d6d8,2023-12-02,0,womens_bantamweight,0.4814164363493626
6a65ab2dbc5dee6257dc9595,2023-12-02,0,middleweight,0.5861288758906018
ae90c163fbadc8e692614a68,2023-12-02,1,bantamweight,0.5536853366587332
d9ba19f4c35501b7970cbdd2,2023-12-02,0,light_heavyweight,0.6810350145125136
485be0671ebd8c05327115aa,2023-12-02,0,welterweight,0.3330861784244172
d0150e31146bd1f6c53d9109,2023-12-02,1,womens_flyweight,0.39211697152337305
71220001b252fdbf72418ec3,2023-12-02,0,welterweight,0.6096989659589906
9fc28e3dc009b827883edd97,2023-12-02,0,middleweight,0.35293247297773483
aef3796599ba902b135e1a2e,2023-12-09,1,light_heavyweight,0.4216363401084091
5b76e797c4ffb48b61410c9d,2023-12-09,1,flyweight,0.6644431648369477
1466c10bcdb2f1b0a1352dec,2023-12-09,1,middleweight,0.4746255019469483
55082c328945d276153798e0,2023-12-09,0,womens_bantamweight,0.24526266588283568
0a60ebc269e85bff31e989ed,2023-12-09,1,lightweight,0.5743707139480907
23ae5ee3a2a189aeb6fad511,2023-12-09,0,womens_strawweight,0.5116259296702067
aaea90999d2c2c9ef107ce94,2023-12-09,1,welterweight,0.4266309594212344
e4f499527d31d66c982fd653,2023-12-09,1,bantamweight,0.585669914239001
1717f90d2160832604d7a78d,2023-12-09,1,lightweight,0.4705262244093376
adb8d33c46026c9bd9e6fbca,2023-12-09,0,flyweight,0.3263374362212
f02ef45176d4af0219dabfa5,2023-12-09,1,bantamweight,0.6029341055300448
280a428b31e2aef693a0f9f4,2023-12-16,0,flyweight,0.577434924432739
d3365e6d3be6de5629a2c7a8,2023-12-16,0,light_heavyweight,0.5683269892145922
d577b5cf3001b917a08711f8,2023-12-16,0,featherweight,0.34524299705184
39fc49a6ebd402e80c2483c6,2023-12-16,1,womens_flyweight,0.3391802025702402
1330b89f70ea839717128850,2023-12-16,0,bantamweight,0.3009608653934375
058ef2585a4f17f0e5ad91cf,2023-12-16,1,womens_bantamweight,0.5200116440576865
f34bd1f41290f9fed4eb494a,2023-12-16,0,featherweight,0.637340266295729
687a5fbe17d8dbd9d362aad4,2023-12-16,0,welterweight,0.45912518941173625
bb649a9711cf49795b3c4110,2023-12-16,1,heavyweight,0.257155835482709
8b6069a7a68e296dabf0a2b7,2023-12-16,1,welterweight,0.8353380727614635
0248f733a0a79ce27869d3bb,2023-12-16,1,flyweight,0.33719019217719637
ebe757e2d75707e5c685fa5c,2023-12-16,1,lightweight,0.5520939705366585
350855927478bdd1e949d40c,2024-01-13,1,heavyweight,0.7188601686834477
3429305b9c7c09859dea585b,2024-01-13,1,bantamweight,0.4898788367002753
3a6a6b413fb74d30cc7ca422,2024-01-13,0,lightweight,0.4893451644985289
428a69abf162f2b9b7b4fc5d,2024-01-13,1,flyweight,0.6346773988852187
25198c09b99dc5ef33baad00,2024-01-13,0,light_heavyweight,0.49168368843535426
4a93776243956f8fbb398bfd,2024-01-13,1,bantamweight,0.6416571374955263
406ffce8282d87e7c9405a2e,2024-01-13,1,welterweight,0.44161559944733325
811e412052d3c3ce36862e6e,2024-01-13,0,lightweight,0.717860118185247
8cc7da19086c6ed2e0367e37,2024-01-13,0,middleweight,0.609835342559333
8fe948f0238e3128d28de6c2,2024-01-13,1,bantamweight,0.5470643363899255
5d13c41cb62ff0921715726b,2024-01-13,0,featherweight,0.30062359214648277
b7feb4f5c53ec81135796ed1,2024-01-20,0,featherweight,0.404845711996635
19f5549fd17592807a27b146,2024-01-20,1,bantamweight,0.4777237947262273
89c2b506cd80a961358c0aa7,2024-01-20,0,featherweight,0.43088048205781415
2cfc07cf6675811da4dccda6,2024-01-20,0,middleweight,0.4104730242369042
dc907d383820e288b4e21f7a,2024-01-20,0,womens_strawweight,0.3484960458055113
381492d3d739b74de7beeaf8,2024-01-20,0,womens_bantamweight,0.27792755323297813
1885c2392f3fc4e13cca8970,2024-01-20,1,flyweight,0.288672142101292
d03ee612207eed674bede235,2024-01-20,1,welterweight,0.4788317309827187
b714ef8d91fff6b78df25c03,2024-01-20,1,womens_bantamweight,0.643868392865082
8101ef269b3e43cfcb139bb0,2024-01-20,1,middleweight,0.6835966339177308
cfab9e2259fc0aaa894fea97,2024-01-20,0,bantamweight,0.4950226759979267
c5a68290631162d0cceb4de3,2024-01-20,0,welterweight,0.719632397494737
585b9503d7555c070c210fc6,2024-02-03,1,flyweight,0.45967189057164176
cdc0b8fe8eb1f4398afe4cc1,2024-02-03,0,welterweight,0.608325250255606
cccf589a0c312106aced03f1,2024-02-03,1,featherweight,0.6220934793960845
124fdf48a7e58167e2406acb,2024-02-03,0,lightweight,0.5744076979931728
c1f1986c9747f9c480a9e997,2024-02-03,1,womens_flyweight,0.6103383504720127
130b5f385e434a6ead40c900,2024-02-03,0,womens_strawweight,0.5448467286482531
68a976bdb4c4755bf10643db,2024-02-03,1,welterweight,0.6862273118655545
eff5e97ace834c6b6a4814ac,2024-02-03,0,lightweight,0.4682169565839713
83bf424cee3106fb1c1d003d,2024-02-03,0,middleweight,0.3376384020748533
6b6316141f41f8571d3e4388,2024-02-03,0,welterweight,0.4154431536180665
06ebbfece8ed6f916f1b9909,2024-02-03,0,heavyweight,0.5849267921278246
5cab68e112cbb2a3111df0ad,2024-02-03,0,womens_flyweight,0.2056340974401457
85b8c9276ba604cad81ebac2,2024-02-10,0,lightweight,0.4950226759979267
65d8d6420f1e0a4aa05a178e,2024-02-10,1,middleweight,0.5958227868030282
13eedeaf133943571e8e2adc,2024-02-10,0,featherweight,0.2859216448150134
19838dda64baf51b952b953c,2024-02-10,1,light_heavyweight,0.3984095815602503
c4b6f3ca9c43308740153a7a,2024-02-10,1,featherweight,0.34250674174123097
989b72f7d9fce65b937a2210,2024-02-10,0,middleweight,0.6079654398599208
a289673832251cad582de635,2024-02-10,1,womens_strawweight,0.658950029398564
ea3d25224fa0cf859531451b,2024-02-10,1,welterweight,0.28412112025294195
f7537c194a0a6dedbc510eba,2024-02-10,0,lightweight,0.6944975250466292
d7d8b7e2b293904ac1b5bb78,2024-02-10,1,middleweight,0.5913010211252919
598ce164fdf6415d56e7b795,2024-02-10,1,middleweight,0.3325632663900672
df6544316c136ebbbcf87b85,2024-02-10,0,welterweight,0.5964999974490331
4dc722c27e4030e3d16b4ca4,2024-02-10,1,light_heavyweight,0.2916652760448743
d7234fe2bf746ee2cf907640,2024-02-17,1,featherweight,0.4999480313731143
3d95040539382b0778d86880,2024-02-17,0,womens_strawweight,0.546241661500543
0859c039546455918d4e00a0,2024-02-17,1,womens_flyweight,0.46682824778713056
8cf95c9b6a93f3379fba3bae,2024-02-17,0,middleweight,0.4304718820641095
91d92f1b9028820948735ff2,2024-02-17,1,welterweight,0.6591700249373424
1f1e004761793697bfdb3d25,2024-02-17,0,welterweight,0.4514483937624758
bd35b700e291f4438a1ed771,2024-02-17,1,heavyweight,0.353350004791908
75d36ecf8a8355375bbfeb39,2024-02-17,1,bantamweight,0.677728044565381
c54d754afa6119eaf55ba682,2024-02-17,0,welterweight,0.44067731666034476
9c356ca4e2c4a13e56153ea6,2024-02-17,0,bantamweight,0.24182489962544448
beebd8ffc5c9b908e7bffd97,2024-02-17,1,middleweight,0.6523859806768535
a4563fbab7ae7cde62a6e539,2024-02-17,1,light_heavyweight,0.5083975420274237
c64700ee2cdf4b4f8a2a3263,2024-02-24,0,flyweight,0.7046265729863822
209209db725130787eba0ee0,2024-02-24,1,lightweight,0.5183666758923763
89ef0f8da85fc4f1f608a06a,2024-02-24,1,bantamweight,0.6302150359233082
7595efdbddc1226c02f629f3,2024-02-24,1,lightweight,0.4560893187092126
a58a8dd2b764d7c4cab9ab8b,2024-02-24,1,flyweight,0.6711028563033105
984871628d68f0d92bd4ef99,2024-02-24,0,featherweight,0.3127109598928109
f7770d17020ec11ef8b11097,2024-02-24,1,flyweight,0.5143205398924554
042a708e7b9fa3844e0e11d6,2024-02-24,0,lightweight,0.6591757826410378
4c3292e39be0121f3ea756dc,2024-02-24,0,flyweight,0.4425266997694403
a92624583dd834ec8eb0b001,2024-02-24,0,flyweight,0.6588837799588525
044f7e8edbbc1ee181fc4391,2024-02-24,0,featherweight,0.6281904573983548
3b255e4692d41230aa1120e1,2024-02-24,1,womens_strawweight,0.3477369900816005
2a399975bd1e1b0dd0a23723,2024-03-02,0,lightweight,0.3866774197672956
f221e836ceb8c4fade1a00bf,2024-03-02,1,bantamweight,0.2986656161714261
5241c9c4ed74e9f71dec32a6,2024-03-02,1,flyweight,0.46853367359644743
8b878472b607640f653aabf8,2024-03-02,0,middleweight,0.42156735429691283
b8ab408b0ad3705153c60d6a,2024-03-02,0,middleweight,0.4329382829720037
462aef659d2f1c9db0a805c7,2024-03-02,1,heavyweight,0.2745939592705371
f6e2ffe4c9ca47e91797a8a2,2024-03-02,0,lightweight,0.17357306617387666
f975335e1c3c676390ad01b8,2024-03-02,1,flyweight,0.6720402107423185
a5ac42ab85f1ef67611fe071,2024-03-02,1,bantamweight,0.789949559889459
95e0c040d06438ee57ea9376,2024-03-02,0,bantamweight,0.625352489582918
63de167ce405377f2aba39c8,2024-03-02,0,light_heavyweight,0.3370575617666494
767e0cd4fd92f89fa41fb0e6,2024-03-09,1,flyweight,0.7161476596088668
941a479df441789cc3533fb8,2024-03-09,0,heavyweight,0.6017464718982116
3bad79d24f4c8195f5e17845,2024-03-09,1,lightweight,0.495521978500161
bdcfbf088a7d3f37af559860,2024-03-09,1,welterweight,0.7404064156390314
46bace0825d59702c71e7f9b,2024-03-09,0,light_heavyweight,0.6811673252274965
a0db913c10b186b2f2ee92b0,2024-03-09,0,womens_flyweight,0.4567390701863569
774a7e588c92b3603e13fb0e,2024-03-09,1,womens_flyweight,0.5057246961087102
58d4e6da9340c1453dd0eaae,2024-03-09,1,welterweight,0.29898251659514263
b17b04c1d8f0105c850933f0,2024-03-09,0,lightweight,0.3315235750213753
e1e51b91402d9d330f72e381,2024-03-09,1,middleweight,0.6471497122273712
29acf84fdc389a3d05e38869,2024-03-09,0,bantamweight,0.2499913237213287
6500ffecb08cd5920b6bb95a,2024-03-09,0,bantamweight,0.6157777300747436
ecc485a069e20e0452aa83f8,2024-03-09,0,heavyweight,0.370111688172179
8d28cf9448610499fb45e428,2024-03-09,0,bantamweight,0.25949173999067277
1c78c76a645637092d543c74,2024-03-16,1,bantamweight,0.47504910519986027
2975ba8effb59bf63f531ccf,2024-03-16,1,featherweight,0.2949051463395487
2c547056bb11b7e5cf58a477,2024-03-16,1,middleweight,0.421188624381753
cd990f7b7b3c638cf7fb4af1,2024-03-16,1,flyweight,0.5646765151301465
2701e3a1ca5507745c3e167a,2024-03-16,0,womens_strawweight,0.4315703240807688
7b8f73546b25caae9d8e0963,2024-03-16,0,featherweight,0.6210565976995399
572aef4284a35d97b7e5b806,2024-03-16,1,womens_bantamweight,0.5106767888277587
d30caf84e805ba31ea467699,2024-03-16,0,lightweight,0.4881507324076089
50d49221d2d8e912a0449b06,2024-03-16,0,light_heavyweight,0.8060084306878793
1ede5ade9dccb1619dcef669,2024-03-16,0,womens_bantamweight,0.47361588103963786
35d276b0d655b5762a4adfa2,2024-03-16,1,heavyweight,0.47999818384492204
0a9b856652e4e6e97855080b,2024-03-16,1,lightweight,0.5578880763636234
a64c19e40b1495a3c1956bbb,2024-03-23,0,womens_flyweight,0.5326315139212552
5cdaf1aa145a0b5f1417f8a9,2024-03-23,0,featherweight,0.5929320545627994
ffd41253362852c43cf12750,2024-03-23,0,middleweight,0.26238177727173284
a22b995a041336cd2e7b1b71,2024-03-23,1,featherweight,0.5402394240665368
8e06fccd7bb02182d006203e,2024-03-23,1,flyweight,0.4950226759979267
faf2cb29b1f6abbd8713bb97,2024-03-23,1,featherweight,0.4211689783473363
b48bb5914daa78dc914fc244,2024-03-23,0,heavyweight,0.2994342345082398
2d258da0acd9ef5e460e76cc,2024-03-23,1,lightweight,0.5279757144494335
9df5f995b3d922bcb3086b07,2024-03-23,1,bantamweight,0.8087144702819323
45b6c75025a22a83394120db,2024-03-23,0,heavyweight,0.38182537589369203
fd45d43912f2632e09d27c20,2024-03-23,1,womens_bantamweight,0.22139403792544177
071ec632559eee88583d16b0,2024-03-23,0,bantamweight,0.5163944644556385
da9b12ab4d26fdc65b8ea77a,2024-03-23,1,featherweight,0.34486593947740396
8f4cffa9eab92b6b02b0d908,2024-03-30,1,middleweight,0.5224357523130964
597cf1aa8126498a52c75a08,2024-03-30,1,bantamweight,0.557291618535093
806b9b05325b02e265c3a0fd,2024-03-30,0,featherweight,0.4398222490877835
c9a059ab5fe63b169ad893f5,2024-03-30,1,welterweight,0.5454030550829982
c42216542c36faee591ca558,2024-03-30,0,middleweight,0.4727551730624002
1165451188dbec47a064b95c,2024-03-30,0,featherweight,0.488220341119794
dd594ad901b92c946c85ba83,2024-03-30,0,womens_flyweight,0.5241217810062162
bfe4cbeeec90491f6582a54c,2024-03-30,0,light_heavyweight,0.43962706978675703
eb04b76ac189631bafe863ef,2024-03-30,1,featherweight,0.6600673266481261
390a29759a09a018f278d78e,2024-03-30,0,featherweight,0.4832382350531093
8e19439b96eaeed402465002,2024-03-30,0,middleweight,0.34434834730092495
dde5cb51c199688c1b7fbf18,2024-03-30,1,welterweight,0.48582972911571465
66b4a5d77d71117aeeb34de4,2024-03-30,0,womens_strawweight,0.6856696033366974
11fb6fbb886f244ae864e58a,2024-04-06,1,featherweight,0.39953681303017824
8231f0e6b0b5bafc0c8468e8,2024-04-06,0,middleweight,0.20032528997332902
f2db18a4c054f0e037b11cc2,2024-04-06,1,welterweight,0.5639747321629734
71daf3f66499f6c8d84b8ff1,2024-04-06,0,bantamweight,0.6274634667657074
74a163474a8c0f8e7e0f8528,2024-04-06,1,middleweight,0.4950226759979267
75905fdb791eefe74e05107b,2024-04-06,1,lightweight,0.6418171993937545
736a7a3bbb975eced403288a,2024-04-06,1,womens_bantamweight,0.4360726493363487
87408b8645e7a31b6cdbbf32,2024-04-06,1,featherweight,0.6127333014471024
4ab9a0d319271e6464c41d4f,2024-04-06,1,womens_bantamweight,0.556358327596394
741737d64bcf1c7e2c9ab9a2,2024-04-06,1,bantamweight,0.4950226759979267
44b8b16421d3b8ca5e361743,2024-04-06,0,lightweight,0.329842577556448
fdb4e67476bc87811762511d,2024-04-06,0,heavyweight,0.375963419874162
3300093a48a6b6f70a6dad94,2024-04-13,0,light_heavyweight,0.42406519408274784
f85198c6c82c7c5676cc1a84,2024-04-13,0,middleweight,0.3222595920339491
37e234e374031c4a9c10e43c,2024-04-13,1,featherweight,0.7024718832829787
564ed9d5df5aa5baa575e591,2024-04-13,0,lightweight,0.4368501956198597
03a849ee698f35fb17c1933b,2024-04-13,1,bantamweight,0.7337132097489288
7632d2c23612af5ce3d9a2f6,2024-04-13,1,womens_bantamweight,0.20476938370282574
147d563a5f53508a72a20873,2024-04-13,0,lightweight,0.6169519691821425
032c8104a460ad869376a130,2024-04-13,0,womens_strawweight,0.4989040855093341
a78f5cc79c971a495b411642,2024-04-13,0,light_heavyweight,0.4906512114942832
8600ede511999d9adc3c9975,2024-04-13,0,lightweight,0.4094465532731039
40ac2f53071b5de0836100e9,2024-04-13,1,lightweight,0.8253093461540738
3a1837e0a4820197bb51c85f,2024-04-13,0,featherweight,0.3908059321969225
0dc452084d23dc74076732ad,2024-04-13,1,womens_strawweight,0.6969534166976458
7b58877ab5e4d6cf85d3afdb,2024-04-27,0,womens_flyweight,0.36881377772623886
19df3fa9de41e66929ab88fa,2024-04-27,1,heavyweight,0.47670942771294117
0d17deee4e12367f002ba9a2,2024-04-27,0,lightweight,0.26112381353672753
8d17aae9a953ca23b2144a12,2024-04-27,0,heavyweight,0.5083378955950244
9d1e1ee7b226466bb2c175ce,2024-04-27,1,lightweight,0.3025534665737168
03670cc90ed626c90836de43,2024-04-27,1,womens_flyweight,0.5634129775972712
53a27e69fc6fc4de042616c0,2024-04-27,1,lightweight,0.4950226759979267
e485c72f59f5947e989b064f,2024-04-27,0,featherweight,0.6705542131698619
6a21e75bc72a71c8587b87c5,2024-04-27,0,womens_strawweight,0.3749889496058217
1d88a0c36a95acc86682e411,2024-04-27,0,flyweight,0.46199151866002336
f070085973f94e62645c20b9,2024-04-27,0,bantamweight,0.4966345757822344
181283d8443a6c33cb21c79c,2024-04-27,1,light_heavyweight,0.21975207616755343
c674910dad3e5790a28e8502,2024-04-27,1,welterweight,0.5683894067486247
4018cfaeb2593cc98fcf7a7b,2024-05-04,1,flyweight,0.6601918700715937
75f967a01638fa466a040663,2024-05-04,1,flyweight,0.31544431326322003
048e951737120ee49478ad81,2024-05-04,1,light_heavyweight,0.3838729793818092
22bf9f5adbf622b55d1f0d16,2024-05-04,0,womens_flyweight,0.4950226759979267
707d69a949880d2954a5183a,2024-05-04,1,lightweight,0.5618902794276499
40f2eca8b202a382e83a86ee,2024-05-04,0,lightweight,0.48092679713574743
f074dc7df2dadf7cfac1fda3,2024-05-04,0,featherweight,0.4589210355479527
d967e5ba34cb3ff8d9a4adb4,2024-05-04,1,lightweight,0.6000431092845604
e05a5a9e9719ca88d645516c,2024-05-04,0,bantamweight,0.7490099227693501
94bd5ed15286e8e4cc120e52,2024-05-04,1,womens_strawweight,0.3435254164136282
39cffcac3e882d98203f7dbc,2024-05-04,0,lightweight,0.5838964259114056
1c69f516d3ff75bcc6377c47,2024-05-04,1,middleweight,0.7711263184266074
e9311178ebb944a7fc6aca37,2024-05-04,0,middleweight,0.2025856942986765
5961c213c10f64edc3e88f9f,2024-05-11,0,featherweight,0.2733380793137223
dcb8007781e8317ca6a6c80b,2024-05-11,0,light_heavyweight,0.43674747668025216
67958e9303cb81656c149b1d,2024-05-11,0,welterweight,0.30655606326177687
1a80a39cf42c05f59642a74d,2024-05-11,1,flyweight,0.6382729021051141
7621b21075c5e1917732c005,2024-05-11,1,lightweight,0.5857524465452348
7a09d0a6adda8ef213536caf,2024-05-11,1,heavyweight,0.39545817164654984
2418c947db415559ec8fb353,2024-05-11,1,lightweight,0.18405593866046818
a79c545c27deb304d7edfd56,2024-05-11,1,womens_flyweight,0.3776417269597375
f511fbf1cacfba820f4106fb,2024-05-11,1,welterweight,0.346933585875253
04e190387cb56de161ad5390,2024-05-11,0,womens_strawweight,0.44717055017411284
49c439cfc0b0097ddf5a2828,2024-05-11,1,lightweight,0.48088820743072797
d9449a6730d848570ee311a9,2024-05-11,1,heavyweight,0.3876578943102173
a8bed7a2d2d40766423dceb9,2024-05-18,1,middleweight,0.5890896088479073
db2e4374a49ab25f5ec0dc0a,2024-05-18,0,bantamweight,0.21592727402715872
3be1164cabf2e5d45f3c45b5,2024-05-18,1,bantamweight,0.5703300316188753
3fd54e9fa93e640c3802e176,2024-05-18,1,featherweight,0.7470497420535995
d535daa86964c2b555e0dca5,2024-05-18,1,welterweight,0.44738507571487596
58732931566ff8038d67e1ae,2024-05-18,1,womens_strawweight,0.22458038323429527
07ce5e11ec24372dce1eade0,2024-05-18,0,light_heavyweight,0.4950226759979267
d8dea5c6d18a01f239c500fc,2024-05-18,1,womens_strawweight,0.26371668451413954
c20d7e2d4ccac0647c485cea,2024-05-18,1,womens_bantamweight,0.5759210427804267
dc832abfc5a2f3f0b0e3125e,2024-05-18,0,welterweight,0.4110593024855629
5ef58c611edc62275574db90,2024-05-18,0,womens_strawweight,0.47178955315744237
97edf385302354b149760b41,2024-05-18,0,lightweight,0.41811619043288994
8e17356f2fda3a5192d31ede,2024-06-01,0,womens_bantamweight,0.3341814582240134
10c40b22ef9284e7de0ce72f,2024-06-01,0,middleweight,0.526461343506358
79ff3b1a7d1bf92f16483213,2024-06-01,1,lightweight,0.5716747652352727
4b9696096d6fa5e9d5610ddc,2024-06-01,0,lightweight,0.15280559725520562
989ca4098373cae02934935d,2024-06-01,1,heavyweight,0.6315381185920861
6b33e6c737a6684a25945237,2024-06-01,1,middleweight,0.734102519885655
cfe0192361aad1fbe188ea64,2024-06-01,1,welterweight,0.5076902429287298
aabe4d2579baa78d78077059,2024-06-01,0,flyweight,0.3734689203494044
113ec2a83989aaec45d0a399,2024-06-01,1,welterweight,0.409696218001259
0acc32af1154473e50db81c8,2024-06-01,1,welterweight,0.440190565389007
41337cbd48bf4f84174dc20b,2024-06-01,1,welterweight,0.6373525565835959
3dee3aff7f82282e32f8df92,2024-06-01,0,middleweight,0.41665386285859707
518127b2dd8efe3a417831b3,2024-06-08,0,womens_flyweight,0.5820063515906956
2e839f2de196517e8e246d12,2024-06-08,0,bantamweight,0.33870471955220544
bf7ea6fdb51531c8d451a756,2024-06-08,0,middleweight,0.38119143682595663
7de1c7f30e70c0054157559a,2024-06-08,1,welterweight,0.47379933701257976
25d7d7c1927b76a34bdc14d3,2024-06-08,0,bantamweight,0.5391099892080234
0ddcfb11315e9923a41bb2c7,2024-06-08,1,light_heavyweight,0.5621633205216837
e8438ef0c8ba3780dc2b45d9,2024-06-08,0,womens_strawweight,0.53959431661901
d20e183e0125d6ec0f2db68e,2024-06-08,1,middleweight,0.7557117692186374
a1e8bfab94288f7370f435d3,2024-06-08,0,bantamweight,0.5045908166897268
e5d256c6836b448747c5b8c1,2024-06-08,0,middleweight,0.6446736891678011
70272da7c95cd179af6cf4d3,2024-06-08,0,welterweight,0.6750656295325539
144bac7646d283547cc8b638,2024-06-08,0,bantamweight,0.36008835897918595
19bc980d805f14744f6823af,2024-06-08,0,womens_strawweight,0.604439585777675
8f81053df7a5953b7491f734,2024-06-08,1,lightweight,0.5624719010827696
79440448cd3fec28695e7dec,2024-06-15,1,flyweight,0.5331620445475018
6c45fb565fbf14ea75c4fdcd,2024-06-15,1,flyweight,0.6024764429484627
14d2774e1d1f3fd5e1c6dbc7,2024-06-15,1,bantamweight,0.5099770702079883
f5dfccd531de267b99e1f070,2024-06-15,1,womens_flyweight,0.43148749219684274
493d3aa0ab1d0278e2da7639,2024-06-15,0,bantamweight,0.19265875921799283
763a5efe7035e062f2c0b690,2024-06-15,1,featherweight,0.21502719688766103
1fed94581536b612e2fb59a6,2024-06-15,1,flyweight,0.7148680019876136
41d8ef2e34a39925ad4e75f9,2024-06-15,1,womens_strawweight,0.7075592367534579
f988066efa595e7f87d49d22,2024-06-15,1,welterweight,0.638399367675011
19dddb26aefce6783b18baf6,2024-06-15,0,featherweight,0.39550204530397814
9a8f34cfdca8efcd4558a8b7,2024-06-15,0,featherweight,0.34653589768637305
37d4488fc8163313b1231aae,2024-06-22,1,light_heavyweight,0.3500351817921804
7cf1ccb04fb7f586000618cd,2024-06-22,1,middleweight,0.5547736987417607
0a2c033e657e7440fa8aa8de,2024-06-22,1,bantamweight,0.5871453853674122
6d76913c436ce9ce53210b04,2024-06-22,0,light_heavyweight,0.4768102110696321
1a036b09296210df95e21b1d,2024-06-22,0,featherweight,0.6976640815939502
fc3424ff1e489f76836e8acd,2024-06-22,1,lightweight,0.6085048251515282
dcdb4b3fb3f9b4843ea57bb4,2024-06-22,0,welterweight,0.2084107118853904
65451ad06adc1f6bd89a8674,2024-06-22,0,middleweight,0.4433486946377306
a1d5af9825d34f2535d592ad,2024-06-22,0,heavyweight,0.5551407081831484
a0aecd3b3aa3acaa0c742fc0,2024-06-22,0,middleweight,0.26967694612012477
af244485111bd9dd30c97866,2024-06-22,1,bantamweight,0.4950226759979267
7c694c3870edbf3861bf90ae,2024-06-29,0,light_heavyweight,0.3140578475403217
1669e7c3c0104261e38941ae,2024-06-29,1,heavyweight,0.39082632658529154
6f03e907877bb17aa05774b7,2024-06-29,0,light_heavyweight,0.45056151490652613
9fcb0c56f33fc5b61e47d0b7,2024-06-29,0,featherweight,0.5613672280248836
bc237d1b3aa5dfe665961429,2024-06-29,0,featherweight,0.4959539692858406
7508a78c4629ff995495dbbd,2024-06-29,0,catch_weight,0.4380876152772623
1885b9c154714adfa0a9f0ee,2024-06-29,0,welterweight,0.30582451668571364
3a544bc796aa4992d5fe2c75,2024-06-29,1,middleweight,0.6654904596465743
a276808076c8af27cad7f2ff,2024-06-29,0,womens_bantamweight,0.3434346290934607
94dc3b686c902429728324a6,2024-06-29,1,womens_strawweight,0.5456110271947857
3d80286353ae673cbbea021b,2024-06-29,1,bantamweight,0.6406585904383056
d4d6b8ea5bd50709089f7bc0,2024-06-29,0,flyweight,0.5553778190318173
70c74e2537b1f6d717d6a580,2024-06-29,1,bantamweight,0.4696041585163137
df9f3189d74a76849525e5d0,2024-07-13,1,lightweight,0.3148851878940365
930fcb9f98b6403d004a10a2,2024-07-13,0,welterweight,0.37321153846158067
752309c3bca8093f692b1373,2024-07-13,1,welterweight,0.7113200542163409
8ad7692e5b972dd4a7267c02,2024-07-13,0,womens_flyweight,0.24134904537036458
12131907a7300a3995c0f29f,2024-07-13,0,middleweight,0.2250071912829682
46e97615d7088624ce11ccd9,2024-07-13,0,flyweight,0.6819992801960848
d8807ddb36ab019a53c30d15,2024-07-13,1,featherweight,0.1699764224192635
85ca4854cd014ce8c4b31d7c,2024-07-13,0,womens_flyweight,0.5030861284227756
ddcbb740cdb42e2859e3ca1d,2024-07-13,1,bantamweight,0.6384204142191325
41c64f492689442222f3aa5d,2024-07-13,1,womens_flyweight,0.4772127690416989
1d14aed9e7e615e94ffe9351,2024-07-13,0,welterweight,0.46233166956108523
1a1f05ea93dfb2cef5441150,2024-07-20,1,womens_strawweight,0.4063731020567659
1802198470e4d36f13b9a300,2024-07-20,1,bantamweight,0.5312027934717057
52f6aa2624ec3c51c8435cc4,2024-07-20,1,flyweight,0.2619482240006533
8d11b4f1eb76e9b46dbfa43c,2024-07-20,0,featherweight,0.6377801743461401
fb73b101f05286253264c95b,2024-07-20,0,featherweight,0.31856876558990493
92839e130f117882696a849a,2024-07-20,0,lightweight,0.5078669582917092
d8fe945f52c4101fdb8bc15b,2024-07-20,0,lightweight,0.4205794821162543
4833ad51744b121d927b82e5,2024-07-20,1,womens_flyweight,0.5418527441581512
5d08d6d735d021c218d42bec,2024-07-20,0,womens_flyweight,0.332345325359887
26a9e6c978b8d211b6443478,2024-07-20,1,heavyweight,0.33357108820300874
9f2b2e8e992c8c2d56b31b48,2024-07-20,0,featherweight,0.3720111910735286
097b47cf0fd70817100149e1,2024-07-27,1,featherweight,0.633342583683072
a5ec3ef5260e3a28c3483b8b,2024-07-27,0,middleweight,0.32526282282548885
9de739fe6020a6c9f3fae848,2024-07-27,0,bantamweight,0.47612318615449645
2e1d63b7961383b47d4f353a,2024-07-27,1,lightweight,0.32015847553411036
79cfa01484c3ea38f9f51531,2024-07-27,0,welterweight,0.7470036578958451
a5cad6e8a51f09bf4c7d852c,2024-07-27,0,heavyweight,0.37654249777304216
d8173aa5dd83c7893f9af630,2024-07-27,0,light_heavyweight,0.533551301138814
10d948ba3fb1d8e9bd8dd436,2024-07-27,1,womens_strawweight,0.2568670611200912
74af90aae5e78d1c1ad3cd9c,2024-07-27,0,flyweight,0.34728692839109804
4e85b5ea469de051613b5741,2024-07-27,1,featherweight,0.7410078269426419
513e525430fb53e61e0bc06f,2024-07-27,1,welterweight,0.5621822834240735
a91c178a8284b7aafa874169,2024-07-27,1,welterweight,0.558670963400668
aece4c936f0671bad30426f7,2024-07-27,1,womens_strawweight,0.45401407770029056
73594b0e6c5d7117aadc2d01,2024-07-27,1,heavyweight,0.5679954789337576
9ba92a6b223ce70a5def5ac7,2024-08-03,1,light_heavyweight,0.5628360194459421
571fd99f2cea3cab0516a2a4,2024-08-03,1,bantamweight,0.6747915382127906
29050e1234307cff3226cdf8,2024-08-03,0,lightweight,0.40901719777022577
7966b9d988f1cc5340b09615,2024-08-03,1,lightweight,0.5142431770824705
45f6a77cf5bae11f69d9a8fb,2024-08-03,1,lightweight,0.5862085465468638
1f40f703023ba1bd3b521781,2024-08-03,1,womens_strawweight,0.3706476897590896
d2025cddbf7cdc74c599ce2d,2024-08-03,0,bantamweight,0.49191272259820323
04bb77d8d0c872a4a2bc082a,2024-08-03,1,lightweight,0.5769314635968437
a962037dba890b1e59b3c11e,2024-08-03,0,middleweight,0.2893511908394084
56741af4fb9164b3ceab34bb,2024-08-03,1,heavyweight,0.4718614980636697
ca0701d63a3f45561e4c49ba,2024-08-03,0,middleweight,0.30780524661255054
b008daa3b4c6db6c9f881827,2024-08-03,0,welterweight,0.39079362205101653
b4ace78f4c4b62732bf4877b,2024-08-03,0,womens_strawweight,0.4495820802854789
63b290ed8d80110a23d74939,2024-08-10,1,bantamweight,0.8113119765226481
a88dc52e44b8276a684bb173,2024-08-10,0,featherweight,0.31534783911360637
6399ddb25f22d847585f6886,2024-08-10,0,welterweight,0.18334035626652617
b8b9c9039b433da4b20b5f90,2024-08-10,0,heavyweight,0.782563303978961
961760ffcf08037002d97654,2024-08-10,0,womens_bantamweight,0.3791866366533178
7e7ce2895404f87c5266303a,2024-08-10,1,heavyweight,0.5086639701359397
12d0555dd382fcfab24b3392,2024-08-10,0,womens_strawweight,0.5593049492542391
96244b15517f4c3bda290b28,2024-08-10,0,bantamweight,0.42627713951669305
909669ccdc04944ae9d1b468,2024-08-10,0,womens_bantamweight,0.5402041985264651
bd60f369b8760c4e98e32f96,2024-08-10,0,featherweight,0.17994407959036002
d0e5f0596a80603b43725079,2024-08-17,1,womens_flyweight,0.3012881955258662
34ba7fa3787854789b373bc3,2024-08-17,1,middleweight,0.6173595917268245
1ab2b260997db6bff8202e76,2024-08-17,0,featherweight,0.42161702384136285
4864b0dc32f25c0902026983,2024-08-17,0,featherweight,0.5289692157067981
fe925f7d987d2688da86017f,2024-08-17,0,heavyweight,0.641091323954948
91cf1c66c0aae10df4f68f3c,2024-08-17,0,flyweight,0.5944581878330294
ae37c7930a26b186f933eb9c,2024-08-17,1,welterweight,0.6486739685722982
64bf5b234df82a4717fa37df,2024-08-17,0,lightweight,0.716644635543136
a8691859c32e637d35c7433d,2024-08-17,1,welterweight,0.5004154368984668
9cef7cc38d059d1f8c348efe,2024-08-17,1,flyweight,0.5559885440766753
806133791825a62697b640f6,2024-08-17,1,heavyweight,0.5303655888345523
e85cd4c789fe17ebf55b166c,2024-08-17,0,lightweight,0.22330405913389076
7871134a09675ac61dce31c5,2024-08-24,0,womens_strawweight,0.2503999052193633
d1b1774c0be9c2a23e1afdb1,2024-08-24,0,lightweight,0.47014715752425323
03f2e0f30d6778d93ed003c7,2024-08-24,0,middleweight,0.5830565430014576
e36fc47ae8ddf929d7d70db2,2024-08-24,0,womens_bantamweight,0.2849001912892357
d27425d0f741578a348cf746,2024-08-24,1,middleweight,0.6507681502853804
7188747cdb0273a5acbad76a,2024-08-24,1,featherweight,0.4950226759979267
47b86263700fd8ef79cea0af,2024-08-24,0,welterweight,0.38867849831233564
a3f643c93410304590071638,2024-08-24,1,middleweight,0.4950226759979267
d5f593ce2352af15183e59e2,2024-08-24,0,lightweight,0.4424392310888989
93204973199b855bffa0e265,2024-08-24,1,womens_flyweight,0.5173651217165854
59d94d1306c4fa0cc5b39666,2024-08-24,0,middleweight,0.4101692431496995
7e324bf197dfe23d87cf3b37,2024-09-07,1,middleweight,0.7319621154826773
098a7ab058cb0919d2754437,2024-09-07,0,flyweight,0.3249341806860718
84bdaaa1b9eacf71f68d786f,2024-09-07,0,welterweight,0.33169926779599335
3687ac6b259d61ee8fdcf7d5,2024-09-07,1,featherweight,0.7242853437445113
520ab8059fa083df9466b8de,2024-09-07,0,womens_strawweight,0.31678534740152064
37543d1d6a400d3e6864fe4b,2024-09-07,0,womens_flyweight,0.4513700996761085
4891c35741f30e491ae624b4,2024-09-07,1,bantamweight,0.6545105293301077
3abd10663dd8be12d13c6cd1,2024-09-07,0,lightweight,0.272246018773604
05620075d316a20238eb8fd9,2024-09-07,1,featherweight,0.4950593531566502
b76888405cc10f4682091f54,2024-09-07,1,lightweight,0.48068888742036325
fde085a48d0a96f2360b6382,2024-09-07,1,featherweight,0.37273608833945177
45ada03471594e17da40af4a,2024-09-07,1,featherweight,0.4950226759979267
b32a701a44b0d95605d7c908,2024-09-14,1,womens_flyweight,0.6479379837099462
f2ff0c6a9bbd4b5eae926db1,2024-09-14,0,featherweight,0.41470602792346223
09fa80261d93813008aaa022,2024-09-14,1,lightweight,0.47996655285174405
c72915269d9a5169f4bdbe0b,2024-09-14,0,flyweight,0.32765125302634607
3b8c650614dfc5493a3b1bd9,2024-09-14,0,womens_bantamweight,0.2262061407545199
d5a12c28b25082427278edbe,2024-09-14,1,lightweight,0.5058733054575659
d767088f51b6e7714e8d7645,2024-09-14,1,bantamweight,0.48917274643863323
3ec64b31845ac4f1cb2f5a4c,2024-09-14,0,flyweight,0.5147934190534369
75df11c187e283ce3ab3b3de,2024-09-14,1,bantamweight,0.4576420006792896
1288aee9afdb2d374cc3012a,2024-09-14,1,womens_strawweight,0.2991796858864557
245096e15704e2540393d97d,2024-09-28,1,womens_bantamweight,0.4727822591828137
60d8f7e0b676daa7ac15f065,2024-09-28,0,lightweight,0.443384787518832
7030ef6d4542c58352a49bba,2024-09-28,0,flyweight,0.6681364980760032
6ebd9ffc7a13c46ca71bd8aa,2024-09-28,0,lightweight,0.36436484151749093
3e276600eba4e29cd38e2cca,2024-09-28,0,light_heavyweight,0.3265626552329711
dc350102307a004ad39adb01,2024-09-28,0,welterweight,0.5423226943765674
105253273d1654f9a2beee86,2024-09-28,0,lightweight,0.2150079324935552
50aafa48176dfa0137faaa73,2024-09-28,1,featherweight,0.6292312057017486
ab00b1352f514a47b8e37dc0,2024-09-28,0,middleweight,0.3762251664062733
87ccdba10c40f4bdcf843017,2024-09-28,0,womens_bantamweight,0.5513324118826559
88572ee2955c4e9d956110a0,2024-09-28,0,light_heavyweight,0.3589843005119486
7e74c10fa13302f3fb7dd90e,2024-09-28,0,lightweight,0.4830905830995287
0c580a243e221bbb34761e5e,2024-09-28,0,bantamweight,0.2928446331667934
c2a55835ec8fc920f3adf40e,2024-09-28,0,featherweight,0.6053480044466555
c1c94449aa8da08edf6e1dff,2024-10-05,1,light_heavyweight,0.7960744978640223
7c56376f5bee90553ebe1f91,2024-10-05,0,lightweight,0.41973813840018753
42c9a2d2c6e47f7150c3c7b8,2024-10-05,1,womens_strawweight,0.3896700682338537
1972bb7a08946b356c1315c6,2024-10-05,0,middleweight,0.4718473149221684
401cf3772c7ad44839360dba,2024-10-05,0,welterweight,0.59039305921377
57b18397eb6dda68408204e5,2024-10-05,0,bantamweight,0.4393352908993102
144f8ee9b6fd2c722b5d25ce,2024-10-05,1,womens_bantamweight,0.5901082150058303
e443e39fbfefcebc6b107ee9,2024-10-05,0,womens_strawweight,0.5569784173124405
d310221180298a0117347d09,2024-10-05,0,womens_bantamweight,0.5261492222841766
c6f824443fc9c84e876b488c,2024-10-05,0,middleweight,0.6342835061872399
ce5cad2d9a093f6848c1c837,2024-10-05,1,light_heavyweight,0.6308722269957134
1956b00acb148792dba1a315,2024-10-05,0,welterweight,0.1908010424645664
4840224751a56333d055fc7a,2024-10-12,1,middleweight,0.6314971434056099
a727672cc9664edda540ef4e,2024-10-12,0,flyweight,0.7146862147431421
c9b19587d5b0943492e92d4b,2024-10-12,1,welterweight,0.5344517139365179
75c7c56dd807d68045a4386a,2024-10-12,1,flyweight,0.378305841318918
8e2cca02f188a62e86ed9e5d,2024-10-12,1,flyweight,0.5483409046732292
559c2d014f7fdd130c04416c,2024-10-12,1,bantamweight,0.22389069395388161
b2154563c4e05478fec46f76,2024-10-12,0,welterweight,0.504649798042274
0cb8a11def43b8e9e64a987c,2024-10-12,0,lightweight,0.32797363740303404
a9a12f6db5392e7212061c76,2024-10-12,1,featherweight,0.39695834251912177
da2b4cb4a1dece7e1cddce4b,2024-10-12,1,womens_strawweight,0.5499604473141568
6006b5e7b981df4da946cb96,2024-10-12,0,heavyweight,0.4126704874169022
d6fa07076c71693c51694206,2024-10-12,0,welterweight,0.4199123853920868
abcc6a4ab3920f6a692e9eee,2024-10-19,0,middleweight,0.6515982198355789
9e275e378f98707802ff3485,2024-10-19,1,heavyweight,0.38391941527731294
412a5bf196b840083c98f4cb,2024-10-19,0,bantamweight,0.27812737063408727
8109c8b9fae6d7c0aec54bea,2024-10-19,0,flyweight,0.4128748166686037
0971e4c0e50a7ee704277ff9,2024-10-19,1,featherweight,0.5547526578277922
8e8bc92bd61bc4fcf37df834,2024-10-19,1,bantamweight,0.35957203569154694
7f31ec33285ef5018378b5ff,2024-10-19,0,womens_strawweight,0.2500934130249621
f37b3852170b4e3e133af446,2024-10-19,0,womens_bantamweight,0.43613410802403424
79e0b62af359301a3c381318,2024-10-19,1,flyweight,0.6246095121417882
4798c8fae376043513d3f4d2,2024-10-19,0,womens_strawweight,0.5083105343715736
497026b88b1c9f6fe365d724,2024-10-19,0,bantamweight,0.7349258352196358
64b6b3f836693e4882af28cc,2024-10-26,0,middleweight,0.4979703301964172
d083631584ac1c4442af2f54,2024-10-26,0,featherweight,0.3268890946677471
0fb2c51f918d8f2c887a3970,2024-10-26,0,welterweight,0.3683483581791137
4a0a7c62b38099ba662d7540,2024-10-26,0,light_heavyweight,0.4158467862440676
c481a4e5d3c8d48d2a063795,2024-10-26,1,featherweight,0.699081970908188
e98deb41ebb14639db7c7876,2024-10-26,0,middleweight,0.24968485587462558
8c84124df2963190592ada9e,2024-10-26,0,heavyweight,0.32108910003251084
79fce42379f8108d722fa309,2024-10-26,1,featherweight,0.527689264499579
df658a10c24790baf29d4ee5,2024-10-26,1,light_heavyweight,0.6966458234441827
c1770a29dd92cea4a6f380c4,2024-10-26,0,catch_weight,0.6635582370024032
fa23b82570604d8dd9c63e98,2024-10-26,0,welterweight,0.14239332311374162
39f8f786e1f44eddf18e1470,2024-10-26,1,middleweight,0.7249540982906699
17cb3fa1910244939c601a11,2024-10-26,1,middleweight,0.5404259404421066
f369464f1180832f1d8b7c25,2024-11-02,1,bantamweight,0.595800254526596
e1741bf2713d935c14028fb4,2024-11-02,0,heavyweight,0.33217984943940465
6025d5b28df7b99fb482dcce,2024-11-02,1,womens_flyweight,0.5301031695416858
55b1b3ca9a1864952fc3a120,2024-11-02,0,flyweight,0.4944429285187356
88f856cc39f5020603b0cb4d,2024-11-02,0,light_heavyweight,0.6186904854621667
1f3e2215dc098945c449f796,2024-11-02,1,bantamweight,0.5233794465575843
fcff3a20a805946dcbc5b1f1,2024-11-02,1,bantamweight,0.3143088327891496
abebc636424c238657d451dd,2024-11-02,1,womens_flyweight,0.41287738560580506
4ac4778bb7788aaec05d064c,2024-11-02,1,featherweight,0.4494453107624413
6baeb93f8c6f6b9bd33db412,2024-11-02,0,womens_flyweight,0.37311309214744115
dcc9895cbd8b3c0b07f46767,2024-11-02,0,middleweight,0.4868535014773274
671290c0c6844812078884b0,2024-11-02,0,welterweight,0.39956169940289366
c56faacbd23e859d15f773a4,2024-11-02,0,bantamweight,0.5785029015003027
775087a13644ddbfe20dc426,2024-11-09,1,bantamweight,0.39526127122489646
1019552fdbf1a6c9ac7389ae,2024-11-09,0,welterweight,0.25344912076785775
0e948b30e911a8028bcd9511,2024-11-09,1,bantamweight,0.5037913506690517
4fa91a1cfb6740cb784e067a,2024-11-09,1,middleweight,0.31889283330046025
82c4427e3f9514cdeb328735,2024-11-09,0,womens_strawweight,0.48148245244692667
4493bfb4dc8c9613ac38e90c,2024-11-09,1,womens_strawweight,0.5698060445743819
3a681fdfbe596d2fdcae3f62,2024-11-09,0,middleweight,0.46889276221496723
6b3506aa31679bb23befa70d,2024-11-09,0,welterweight,0.5656701628988281
c3c4de6fa97914db9f9aff63,2024-11-09,1,womens_bantamweight,0.6223387122579689
1977ecf38fd0fee16b089735,2024-11-09,0,welterweight,0.4400157665190449
97dc41469e9c9287cb5fd305,2024-11-09,1,middleweight,0.5282666244711862
043847b8441b879d0f429697,2024-11-16,0,welterweight,0.3990278246800364
4167d3f6070971c8b9d1fde2,2024-11-16,0,middleweight,0.18230894713928053
9f92f3cfd66a55be8006ffb2,2024-11-16,0,lightweight,0.43452484036337957
54cc8d7bd582e5171cc7f70b,2024-11-16,1,lightweight,0.6760059904871247
bce7b7de58b92db963e36818,2024-11-16,0,lightweight,0.7369202893023376
3e7b3ef93a01e95602563df6,2024-11-16,0,heavyweight,0.18718834220745956
fa0177ce9126280f55a43082,2024-11-16,1,bantamweight,0.4287922296234741
b5c28155a6e12ff7a5ce6f50,2024-11-16,0,heavyweight,0.43016705546082784
03e4a0968b9c873a3c75fe66,2024-11-16,0,catch_weight,0.27970485897049063
017db93038090457a9f2ad7f,2024-11-16,0,welterweight,0.4603412921450735
a7c487f94464423d6463a35e,2024-11-16,1,womens_flyweight,0.39843626137005883
46332285a7b69c9d2a12da53,2024-11-16,1,womens_flyweight,0.31039122335201663
8811b8fcd2100494af6f8cd5,2024-11-23,0,bantamweight,0.4950226759979267
1c95d96871ede2553b9ef069,2024-11-23,0,flyweight,0.4950226759979267
c23bd1c8a9009f9e2aa0618e,2024-11-23,0,flyweight,0.4950226759979267
b6619e5bf2b8cb1dcad50e13,2024-11-23,0,lightweight,0.527461803588398
e18d6be41f88d838a0ea1d5a,2024-11-23,1,flyweight,0.4985035841408792
bd0443c550f1a30b6b7d0b7f,2024-11-23,1,bantamweight,0.6493936645902031
0ff5951760ba7570bb749166,2024-11-23,0,womens_strawweight,0.4950226759979267
c6ef3b68243861a699dbc860,2024-11-23,1,welterweight,0.690105558658806
958a5e46c9010601ebb8d398,2024-11-23,1,light_heavyweight,0.5754700325256757
77418b65aac3f975237beb9e,2024-11-23,1,womens_flyweight,0.24661847714353216
8d8a818c9f17c009e3b85bf9,2024-11-23,1,bantamweight,0.5003155271104158
4a920eff3f6c4c24152c2d9c,2024-11-23,0,womens_strawweight,0.46973770623703515
ab152d7ea0e03fcd72fe5e3e,2024-11-23,0,light_heavyweight,0.24927777805107648
8bec3556efa0aff00fc6942a,2024-12-07,0,flyweight,0.375608991061368
9635f631a62e6cac838fac30,2024-12-07,0,featherweight,0.16877209437842902
0304da4371ba534498bbfa00,2024-12-07,1,catch_weight,0.3443592271619041
b7f0d52ab8dd1cb8f75d38c6,2024-12-07,0,heavyweight,0.31001831969492566
228014fdd9ac575ec9d83932,2024-12-07,1,lightweight,0.7885195910167688
b17d607483172d5ebfb86b98,2024-12-07,1,flyweight,0.6221654256727136
5fcd9b73e591e02031a00a9e,2024-12-07,0,light_heavyweight,0.3657386114899082
3e73e0845cfe08a1abaa6d7f,2024-12-07,1,heavyweight,0.5597024627282671
034ec1f2c225729b14c0dfca,2024-12-07,0,welterweight,0.41252877634062446
ba2176c71f65397aaa94d50a,2024-12-07,0,featherweight,0.4692137061865291
44dbc5139ac2ed24c255f5cc,2024-12-07,1,featherweight,0.6382024784440828
9f2b7751f55b139930a7745b,2024-12-07,0,welterweight,0.6340672758932149
23e3d1acad9c979ed26efd91,2024-12-07,1,welterweight,0.606488400965804
2bee7e4cb43cb0eed55b0645,2024-12-07,1,welterweight,0.2777979438946799
f0b0735efef392fe0658fcdb,2024-12-14,0,bantamweight,0.5110060544238841
bec4c121d2e352da409b0252,2024-12-14,1,welterweight,0.6249483799024339
7915719a146e85eb8bf4ac4e,2024-12-14,0,featherweight,0.6593663517157394
7b9f48d7590f393ee2bc937d,2024-12-14,1,bantamweight,0.4580975936945628
14139c465fda81dd1f24724d,2024-12-14,1,lightweight,0.6461880860463778
ee992fcfb2c3ec848b22bf51,2024-12-14,0,womens_strawweight,0.41653740047509596
a4bd67e5bf952f768ee5f2d7,2024-12-14,1,flyweight,0.6244029880412889
3d0468e9f5fdbbc6bcf4b92f,2024-12-14,1,lightweight,0.5282036451975097
8545cb07c6efcc3f4da59517,2024-12-14,0,featherweight,0.4430124859664854
01916ac920a0f4fd7230f3cb,2024-12-14,1,womens_flyweight,0.758422241027472
282c2ae10a81491eae36a47a,2024-12-14,0,light_heavyweight,0.5551206563552133
92bbcef9c67dd1b7eb6c690e,2024-12-14,0,featherweight,0.36593153109228593
1fcccda17da14ab9603a0f66,2024-12-14,1,light_heavyweight,0.31534873788503015
d13a2c8a4f5306b8b033d501,2025-01-11,1,middleweight,0.6185174094723175
f97caf0d17bfb86368400b6c,2025-01-11,1,middleweight,0.5710399367254686
2162ca6af8aee7110a671097,2025-01-11,1,featherweight,0.6839581874284445
92702506603eaa3e00488ad1,2025-01-11,1,womens_flyweight,0.5065860480145062
cc7da53bb2061cf9b037478e,2025-01-11,0,womens_strawweight,0.45270553509642547
0dc0792dd70e1b4333e3f456,2025-01-11,1,flyweight,0.3084711470344754
41127606356904600eb046bc,2025-01-11,0,womens_strawweight,0.5723066298147438
6b4d318f2551857da68bd774,2025-01-11,1,light_heavyweight,0.2804373206463904
16d68cf0539018b23943680c,2025-01-11,0,middleweight,0.5259340806158409
363183767a8d3a0f614131b0,2025-01-11,0,lightweight,0.3927325579221932
5e5c66734f00f66b9aa5feac,2025-01-11,1,welterweight,0.2690191981829735
7cf917d8d98c64098c698bd8,2025-01-11,0,welterweight,0.6029696517927042
7202e3c174e624cffcb777b0,2025-01-11,0,welterweight,0.5580204631961898
8a7d322f6fca14cd6192d341,2025-01-11,1,lightweight,0.46808300388798707
6a55faf5e3739a306bb19200,2025-01-18,0,light_heavyweight,0.30416523953646446
e1288b021ae773be3a047196,2025-01-18,0,lightweight,0.19374423949359434
088ac1fb12dd2ebaf085d3f1,2025-01-18,1,lightweight,0.8073121578692272
2c8b03448ee5239e2e499d5c,2025-01-18,0,heavyweight,0.2376131839000793
aadce8bf98323e887aeff00f,2025-01-18,1,light_heavyweight,0.4067933285119613
05573171f789b22f3bfa651f,2025-01-18,0,womens_bantamweight,0.33600640565131623
f17f100843d4e347772b5af9,2025-01-18,0,middleweight,0.4252651078169751
899fce523cce9f7a9cea2479,2025-01-18,1,bantamweight,0.5806387831216631
5ed39636288a2ba5ca9cb88e,2025-01-18,1,bantamweight,0.39550027359385703
a491ece7037c4c2188cfbdd5,2025-01-18,0,bantamweight,0.4270659236671978
5e65f3c26f4bf3514f5a3c0b,2025-01-18,0,bantamweight,0.5077616364944761
4a104e8add50e30a63b377d4,2025-01-18,0,flyweight,0.641566699969361
bf312225f90e425743b88be8,2025-01-18,1,middleweight,0.2127144474656853
57eb886166168af015166871,2025-02-01,1,featherweight,0.24087103913196187
b59ccbba51f2c68ca30d9860,2025-02-01,0,lightweight,0.297168744841046
120a28da81a44a8f66a0c856,2025-02-01,0,heavyweight,0.47711564586733174
862cce61b7e0c11f70f924d0,2025-02-01,1,middleweight,0.5486960972464356
c798fa59525cc216c0e15eae,2025-02-01,0,womens_flyweight,0.4645557485126618
60c2041e7bcc826d91d85cc9,2025-02-01,1,featherweight,0.6825603088415649
11291199df3f14e2dc270b5d,2025-02-01,0,bantamweight,0.4238540535802368
28183de1455c91b680305ddd,2025-02-01,1,heavyweight,0.5622395682448085
1da1b0b686fd6b43baf97f25,2025-02-01,1,heavyweight,0.38397658588129
ffdbff0f4c4968471d6da71d,2025-02-01,0,middleweight,0.5697884949609289
bd2cfaf861c385423053277e,2025-02-01,0,lightweight,0.2293628847942753
f5a450b35a167eb5e07ea9be,2025-02-08,1,bantamweight,0.4996805044524476
d7c8507105dea51aeb1bfdbb,2025-02-08,1,middleweight,0.6868908244004627
a2f2eaef170057f6151c7c73,2025-02-08,0,featherweight,0.5915104487483323
19031d0d33105daae054408e,2025-02-08,0,welterweight,0.40243778121013574
6a55956e6720fad748255e7b,2025-02-08,1,welterweight,0.24519142016617135
8b7903d49f0a666b61c30454,2025-02-08,1,heavyweight,0.7141719488205988
d556670cc9c71b744bb1f91f,2025-02-08,1,lightweight,0.3533014997923945
45f18205b7ab429cda0e8fa4,2025-02-08,0,lightweight,0.5471211382566036
63c8ed3753f8436862f3b66d,2025-02-08,1,lightweight,0.5585461741253852
418191fa2b0e4fe58486229c,2025-02-08,0,womens_flyweight,0.4516821238536354
a283e2b088f7e3cd6e984a55,2025-02-08,1,womens_strawweight,0.5145081029855312
97afa1180f84df65f7a8be01,2025-02-15,1,womens_strawweight,0.3327069136436718
078c5c8821a745744b98ad55,2025-02-15,0,featherweight,0.27468463547045646
c394b4eccb49499e31f22f66,2025-02-15,1,featherweight,0.5885577692895618
ff260dc57e36bd97916349bc,2025-02-15,1,heavyweight,0.585387171178019
7b74848f2f11072d1810e50b,2025-02-15,1,middleweight,0.678089951936163
c2ae2a5895d0e803012919bf,2025-02-15,1,welterweight,0.6525787731345312
25e42648758cca6502fc0226,2025-02-15,1,lightweight,0.40480385940678226
fdab48eb73a21ee61647ad92,2025-02-15,0,middleweight,0.6879773174899254
47c5aab0ac3ce5195687d579,2025-02-15,0,womens_bantamweight,0.16026338028126794
23d1935c07ac5e1c9f6476c4,2025-02-15,0,flyweight,0.5430597755201434
8bb4ed4fbab729326717bd11,2025-02-15,0,middleweight,0.5082840656356455
1ed11e1b6352784e1475ef27,2025-02-15,0,bantamweight,0.38178668219628037
944399599bda880389ae1ecb,2025-02-22,1,light_heavyweight,0.5897188597651309
b9096db38035d6174945c21a,2025-02-22,1,featherweight,0.7882941426991124
63bc7c3581e7f4a2567737d7,2025-02-22,0,middleweight,0.3268196727227682
fe8366c24a651ce84d46856b,2025-02-22,0,bantamweight,0.4679173405247417
6d0a157f5bce1d9bb5e4c6da,2025-02-22,0,light_heavyweight,0.6017537583479342
8652f3ecf523c3c24c7ee212,2025-02-22,0,featherweight,0.5821369144221695
6318765a68f8782f1fc9287a,2025-02-22,0,middleweight,0.2330768304446487
7247511fb4f337baaa72ec63,2025-02-22,1,light_heavyweight,0.5587404821141131
753fd329002d5ef7eca29455,2025-02-22,0,catch_weight,0.48997717748085523
d40fb6e3127007381b95ecf8,2025-02-22,0,middleweight,0.29662468946852655
4343268eff9bd324970737ba,2025-02-22,0,bantamweight,0.48246245249812786
1361d01a5306c83782722047,2025-02-22,1,catch_weight,0.5407449248271375
d7098deec85ab6f225b5dd3b,2025-03-01,0,womens_flyweight,0.5570316501841583
503ab7b4653a6b281798322c,2025-03-01,1,heavyweight,0.46517941135499846
5b87183fcdf61fb1cccae9ca,2025-03-01,1,flyweight,0.46345985340667484
f0082fb415e899c93890bc48,2025-03-01,0,middleweight,0.202221392620262
39cb81a03865dfe9642dc2ca,2025-03-01,1,welterweight,0.3143466626686044
4bf7c060c65b5756e9a60a69,2025-03-01,1,featherweight,0.6105136493610513
869e85d2c9e882dcef21c8a6,2025-03-01,0,featherweight,0.6748253816892071
df30b7c826cff4376ce5f4b8,2025-03-01,0,flyweight,0.7035884884928197
b6aea126b237440f5f62b371,2025-03-01,1,lightweight,0.37738574189922575
0b08162e436edd7057feda6e,2025-03-01,1,featherweight,0.66430760911575
a17f7fb3322a29d49109df5d,2025-03-08,0,welterweight,0.5472113159083957
cc0e7bf1a3de097b07abf84d,2025-03-08,0,light_heavyweight,0.6460995459542713
1180ae20fbc658f6a18bc519,2025-03-08,1,womens_strawweight,0.38142497007385084
d97232c5dcbdc6ae63204240,2025-03-08,0,middleweight,0.4731419566461043
155fb95b8548237e167b385c,2025-03-08,1,middleweight,0.41443461977157875
73d9201cdf42426db5717467,2025-03-08,0,lightweight,0.5094409852778237
53c82e2b97f05f041be5e879,2025-03-08,1,flyweight,0.5441891742470463
fd96972af0a42cf8564554f0,2025-03-08,0,lightweight,0.5466658652991289
447e796f8f8fa0711eb851ec,2025-03-08,1,lightweight,0.625864250678606
26367e541cf1af906e6936bc,2025-03-08,0,featherweight,0.281308177356347
a5d324fc1e81b02c184c3d0c,2025-03-15,0,lightweight,0.2812709124570576
d40964659b77816a82e34d89,2025-03-15,1,bantamweight,0.537247408684714
4d9f0274f43db97ee1d84343,2025-03-15,1,welterweight,0.41264401232719267
51eb5fce6d358b03382f5759,2025-03-15,1,bantamweight,0.5566118848691503
8ddc51ee94270116d2585e6d,2025-03-15,0,flyweight,0.24638929621835837
c59095dc236475eaf1f3d36c,2025-03-15,1,light_heavyweight,0.43083464174156044
4f3b8f599d7b94aadb8e6e1e,2025-03-15,1,womens_bantamweight,0.2762843305878608
a8466adaf98ed6c751357dd1,2025-03-15,0,middleweight,0.554035038498099
f77346f2cfc223f134a774cb,2025-03-15,0,featherweight,0.383134537984169
37b9f881c73685fb65f4ebfa,2025-03-15,1,womens_strawweight,0.3004346155370903
eee4f8cd86fdc705589eb0d5,2025-03-15,1,bantamweight,0.6464772316374486
b5080981acd30c0532404b87,2025-03-15,1,heavyweight,0.5222538523394817
266be725a4cb31ca651114c4,2025-03-15,1,womens_flyweight,0.5634787846429705
d59008574058a1b14bbff996,2025-03-22,0,middleweight,0.31661335106667154
de9f0856738dc28e60a60f40,2025-03-22,1,welterweight,0.6176706099707314
bedb420a0b9904e7099578a9,2025-03-22,0,lightweight,0.42587591541493064
0906caed76b72740d3fbda4e,2025-03-22,1,lightweight,0.6711547040548879
935fbfa3a3fbfb2d2ea68df7,2025-03-22,0,light_heavyweight,0.3715727830634694
ad04951661f8f611e59c0050,2025-03-22,1,lightweight,0.7401334008964153
cbd2b8dc7cb57c6a358efb83,2025-03-22,0,welterweight,0.398500291157032
7a42b1b6e8ea3d3b322d8a1d,2025-03-22,1,flyweight,0.5313238130230424
7573247bac486673ce88cefe,2025-03-22,0,heavyweight,0.5261731694836919
e7a39bf12141f8e19999e08c,2025-03-22,1,womens_strawweight,0.4857322439121698
c7b4a84ae2cefe30cea00a98,2025-03-22,1,bantamweight,0.2712900152186405
7f81d57f5d833d8ad5da0848,2025-03-22,0,featherweight,0.4081053086754753
c82889c8c0d8f63fea61710c,2025-03-22,0,womens_strawweight,0.507874548431407
11a10b425b59b9e0d8f0336f,2025-03-29,1,flyweight,0.6291370426108243
5d8ba6b9deefdc4cbb31c7d6,2025-03-29,1,featherweight,0.44437155771201964
bbe55f63a120ca7a63ab45c1,2025-03-29,1,bantamweight,0.5927649244722303
a6bf522e3d935669f4bd1b6f,2025-03-29,1,flyweight,0.3770288720816584
4f32f005e6c63e6941a64b4e,2025-03-29,0,featherweight,0.3146436362811241
87722272fb59ea169b43792b,2025-03-29,0,middleweight,0.42045466678101756
e1d376d78f860f65c632bcaf,2025-03-29,1,womens_strawweight,0.5092589990117298
3156f76dc6396ce97902a82e,2025-03-29,0,lightweight,0.36570410976963585
baa2fdc844c082ed12a92ffc,2025-03-29,0,lightweight,0.3543082906882006
f86d56863e598ab008855f66,2025-03-29,0,lightweight,0.2394968750568668
3e7f9012b9276dfcc924089e,2025-03-29,0,bantamweight,0.1922539301409513
21a60322c2a027799b4cda05,2025-03-29,0,flyweight,0.5092155000419597
23faabac36533d24333d8b9b,2025-04-05,1,middleweight,0.3800922313623144
289a7d06e957dda3ac71729a,2025-04-05,1,bantamweight,0.5775424726797933
61271bd039197039582f5081,2025-04-05,0,womens_flyweight,0.31105668149829757
c11487f1f0a20ca93c52f3f6,2025-04-05,1,featherweight,0.777355420937836
8009cb1b86ffa12974bab11c,2025-04-05,0,womens_strawweight,0.22257013855726754
fad1c076e137d244e645a12d,2025-04-05,1,heavyweight,0.57752383495237
a5bc0dc17f83cdb10a2a2a18,2025-04-05,0,flyweight,0.6426338869174432
b98ca9357715ade21392a89f,2025-04-05,1,featherweight,0.37964227320866706
c2a1eead1ee0f81bdd50b9d0,2025-04-05,0,welterweight,0.5744044529213183
57a290e76e72b5ae2804232a,2025-04-05,0,middleweight,0.35946602496994656
f392bf4a5aea118b0fcf79e0,2025-04-05,1,womens_strawweight,0.5003619811277694
294eafd904f1e51bc94077ca,2025-04-05,0,bantamweight,0.36970350239064415
a8e7973569d577221c53a5b1,2025-04-12,1,featherweight,0.5436232077169328
4e202f20f679c3ad921c34ff,2025-04-12,0,featherweight,0.7301230553329281
fad6402a48eb036723f79f9b,2025-04-12,1,featherweight,0.2576863348087747
82ef6c2034d37182beab57b7,2025-04-12,0,featherweight,0.513168534166814
ec097764b056848f4b4f88f7,2025-04-12,0,lightweight,0.3259422054308066
4bda5a5554aa5ab74b2bfb60,2025-04-12,1,lightweight,0.6156695899159846
974693fddaa3db805f33b78d,2025-04-12,0,light_heavyweight,0.37394019010213003
826172d4bbccbe638becdc22,2025-04-12,0,womens_bantamweight,0.24908868053477384
891260885a5f80d3bff0abd4,2025-04-12,1,middleweight,0.4571874665634881
6645c6018ec0a356a3d0c85d,2025-04-12,1,flyweight,0.5743248265509366
6dcff865c5ae334fc9ae487e,2025-04-12,1,middleweight,0.5559251877476561
08e9b543f1a75eee7094614b,2025-04-12,1,featherweight,0.8355574249332333
aa22b6401f3234d1bfbe071c,2025-04-12,1,womens_strawweight,0.41427122085547546
87bbf6258de3cb96e8a832de,2025-04-26,1,light_heavyweight,0.6487641850416839
028469098ba8b26b229f791f,2025-04-26,0,womens_bantamweight,0.39154930882935035
dbb70afedb9ef563817787e0,2025-04-26,0,featherweight,0.2876943243061337
3e3c5c5312b4bd929a84995f,2025-04-26,1,bantamweight,0.5903928034186604
27c7a904f136fa232c0b0a03,2025-04-26,1,lightweight,0.5701443843524024
ef1ff906136a4d3f4e3321ad,2025-04-26,0,featherweight,0.5503249730929272
0b8ae83ee2d6c368cb757711,2025-04-26,1,welterweight,0.5598213835085243
8ad58054347f53643069f2c9,2025-04-26,1,middleweight,0.447093839436858
84a27a5934a0c6faca02d02f,2025-04-26,1,womens_strawweight,0.7415997755310151
1792660282d0d71e4e433eb3,2025-04-26,1,bantamweight,0.3436310803230716
cba044ae712b9c9e24ab6f28,2025-04-26,0,flyweight,0.31676836033956335
fcd8a836b338cbc5d9457d5a,2025-04-26,1,middleweight,0.4441163413777795
d747420e16d28d2d195431f3,2025-04-26,1,welterweight,0.7009171850256838
ac300a8bc3a696efec4549ab,2025-04-26,1,featherweight,0.565336960876367
36774760194e875a7d85e86d,2025-05-03,0,bantamweight,0.5237127243672882
d64f95744f53521697c83832,2025-05-03,0,bantamweight,0.40565100271348215
4c8d14f14865044186a00772,2025-05-03,1,bantamweight,0.32845987384075165
504fded2a818ea0a1f81dc2f,2025-05-03,0,lightweight,0.46918642620334783
cfeadf7497fc94fcc54fead0,2025-05-03,0,womens_flyweight,0.5689705816667036
225a65283842b9a22b1e2295,2025-05-03,0,womens_strawweight,0.3332406009066454
f9d7f8057a140f82e84a0d64,2025-05-03,0,bantamweight,0.460812441382314
f6f1adce42b69f53e07c9586,2025-05-03,0,middleweight,0.27666666526076056
f56a0df051c442e76a77663b,2025-05-03,0,middleweight,0.4343120769171356
d495047d0422766bf9f850a9,2025-05-03,0,welterweight,0.42477083205844957
087461f6bef4abba6c68dfec,2025-05-03,0,heavyweight,0.4029547302126435
0b74991d1601a7375bc27438,2025-05-03,0,womens_bantamweight,0.4613743535341669
8ba8e397555d48cc79bd8912,2025-05-10,1,womens_flyweight,0.6159445554589353
879cb14fd7465227487d5da9,2025-05-10,0,welterweight,0.5393691562279367
9122d3e8d1d3bda33f7269aa,2025-05-10,0,lightweight,0.211048558388803
cc4fe78051ab7264eeb20988,2025-05-10,1,bantamweight,0.3642353765342873
717f5c4a1659f99c4216a6ec,2025-05-10,0,featherweight,0.27524743364533544
4ac7c11efaa7ee9080a898cb,2025-05-10,0,womens_flyweight,0.49085869551339806
2b1c9563dd7925d92b8f60cc,2025-05-10,1,featherweight,0.5086177455047839
3ef6bc5a5758b71d5b267891,2025-05-10,1,middleweight,0.36577548377805635
0e3085a60c2e3c5fd7e03c0c,2025-05-10,0,welterweight,0.36748038213936945
62c80d38ec66ea69619a5163,2025-05-10,1,light_heavyweight,0.34498341683507633
f493312d5f22609841ea16e3,2025-05-10,1,light_heavyweight,0.5513448516686832
5cfd6dcef72523c8bc33bbec,2025-05-10,0,womens_flyweight,0.496976262802765
8444b628fb85e0e4c713e046,2025-05-17,1,middleweight,0.6276938197187805
595c1cd257144cb582b01ff6,2025-05-17,1,womens_strawweight,0.6140292165043382
764d40ffa13a207a8cef5a45,2025-05-17,1,lightweight,0.3644992137894565
c93c2ee36de8ad0b549a520f,2025-05-17,0,welterweight,0.3228533545622844
47f58df4a1ba8a790123c191,2025-05-17,1,flyweight,0.451779496464964
6f771d9e2a51041fb7d36b9a,2025-05-17,0,lightweight,0.5644758289142601
1d1a1475b7ae1dd4af4545ed,2025-05-17,0,featherweight,0.39030763039721517
19c93aa6cae2496337287bc2,2025-05-17,0,womens_bantamweight,0.4538472504406602
780ea07ae3c2dc63a325f1c6,2025-05-17,1,lightweight,0.5845633607184414
8ef614cd46790cd66f6c942d,2025-05-17,1,womens_strawweight,0.6448787301870702
6065bf0f2380b1ff771924e4,2025-05-17,0,featherweight,0.3874495514179515
a04cf5513db9284fbe46879d,2025-05-31,0,welterweight,0.47572109284490083
896ec1d976131b842f3e94b8,2025-05-31,0,lightweight,0.2520707409662446
1d07d1283a57c6fc62da78c8,2025-05-31,0,light_heavyweight,0.5191058394773552
dd89cc1c8180870b90412295,2025-05-31,0,flyweight,0.5615891918895521
6a2dddd90ed658483113a486,2025-05-31,0,womens_featherweight,0.49670876458111707
cde8734e2bfe61cc56299b06,2025-05-31,1,lightweight,0.7550540688804187
0dd89b255e0029ee98c9dc4a,2025-05-31,0,lightweight,0.5045214447239993
de48dcdb0e98a700b1038154,2025-05-31,1,womens_strawweight,0.4343919860625099
045909eca3b647588aeb2f69,2025-05-31,1,middleweight,0.6067760326289577
8faf9dea67b09bd99b348c6d,2025-06-07,0,womens_flyweight,0.3616852038384215
1d69d0b5671a7b6fce7824cd,2025-06-07,1,light_heavyweight,0.6239634026874475
3597df50ab9c4e51486d7d22,2025-06-07,1,flyweight,0.6853656130838817
364fe5c4ef81f12bf32d31a2,2025-06-07,1,featherweight,0.5622615809686718
4085c2e89e65277c8b429e34,2025-06-07,1,womens_bantamweight,0.6830162863704853
31f17d5574301b9b6fcc79f9,2025-06-07,0,middleweight,0.5354631990195372
3c800cd719ae5d849907a6c7,2025-06-07,0,welterweight,0.7019426835220517
5f9fcc8328c9a38c706fe679,2025-06-07,1,bantamweight,0.7553281369994636
9fda84271a8c700f28723c7d,2025-06-07,1,lightweight,0.6527450153927574
97d44289afe583ab015ca9dc,2025-06-07,0,bantamweight,0.4260865081294094
b323c6af2951f92e18796d52,2025-06-07,0,lightweight,0.31104267348455067
388fd0a68cd33b740d38ccbc,2025-06-07,1,heavyweight,0.5293150641426292
6fad86bc4d49f015f99a505c,2025-06-07,1,welterweight,0.46928953400799295
76e418d35ed3e0f0e5bf278c,2025-06-14,0,light_heavyweight,0.5665304523847154
61ce6598688c9491dae0c637,2025-06-14,0,flyweight,0.43682999060779115
091aa54174aa690811470eab,2025-06-14,0,bantamweight,0.4491852309137416
682de845c3ed0c6a9162b4f2,2025-06-14,0,middleweight,0.5742735065006785
fd7d62e31dd3384cbb0c95fe,2025-06-14,0,womens_flyweight,0.2957078805593344
5acb29d01ff8ebd4e3ddb1ef,2025-06-14,1,welterweight,0.38738990449604765
b0e18e82c4258d5c716daf17,2025-06-14,1,bantamweight,0.6422868334025154
20c65e762c27eedc278d7fa1,2025-06-14,1,welterweight,0.6466824481143751
4d1c6f20df94ea83ef5e61c5,2025-06-14,1,welterweight,0.6716521752558485
f0ab13f1886542a2847e3141,2025-06-14,1,bantamweight,0.6395486360751226
762abc3f792ddae7e3bd7070,2025-06-14,0,womens_flyweight,0.5229494022111049
44c78b9f5f1b31ff3bd1dcb2,2025-06-21,0,heavyweight,0.2538431545996581
f94de5af522515fea5397b80,2025-06-21,0,womens_bantamweight,0.5693442673265438
41e47b9d6a4d1d927369ac91,2025-06-21,0,heavyweight,0.5306180360235384
108b049c7b0a9a31781ff663,2025-06-21,0,womens_bantamweight,0.6071816102170599
46dfffefdbbb385309f0fc94,2025-06-21,1,middleweight,0.31411275564984126
dc0da8780f83f733d6135ea5,2025-06-21,0,light_heavyweight,0.6742222550070729
640598167682476e4e82e2a1,2025-06-21,1,featherweight,0.5218142163233859
0a238bb1d642688260bfe106,2025-06-21,0,lightweight,0.41809125332112507
5bda6a238a9da05c7fbbe0ce,2025-06-21,0,lightweight,0.634158181979732
315ef153376d66f5879dac52,2025-06-21,0,welterweight,0.7377858032676305
eb8583ac00a6323599a656ca,2025-06-21,0,flyweight,0.19718467299599576
29b54c255ccddac493a2134a,2025-06-21,1,catch_weight,0.7710604758655818
2e100976c7912f924b40ef8c,2025-06-28,0,flyweight,0.5137885569877433
cb0b0b0725275dabddfdc0d7,2025-06-28,1,lightweight,0.41872532839223225
2e7eb231b95160105221bc08,2025-06-28,1,flyweight,0.6444040725179332
f2e78a8508a2b4a45b083944,2025-06-28,1,featherweight,0.19332291300736498
22a080c10f46376f89886971,2025-06-28,1,lightweight,0.7800966633099468
3dfcc06e8fa2e4a45e87f8c1,2025-06-28,0,middleweight,0.6182602262930139
024df74fcef0ae4d02b370e5,2025-06-28,1,heavyweight,0.7771261051557554
87c467d1d08f5fb738e3d521,2025-06-28,0,welterweight,0.4912073505512745
35104535682e463eefb2c492,2025-06-28,0,bantamweight,0.7897169982503067
d77290b270a306d23265bdc8,2025-06-28,0,lightweight,0.28863354508852446
5a15a8a28f896fc4cc3d080f,2025-06-28,0,womens_flyweight,0.3939960239646038
2ccfbdd8d524feb831c34bd7,2025-07-12,0,featherweight,0.35046678302783146
46e4b0c0b095e6a1824455ba,2025-07-12,0,heavyweight,0.8405652829508632
9370d0fe112233ac16bfa61f,2025-07-12,1,womens_strawweight,0.6915023144344806
9c1fb56e609cbd6a1fb11633,2025-07-12,1,welterweight,0.4946226793352975
bc58565640e77c2276e10024,2025-07-12,1,light_heavyweight,0.3424079482066268
a77624b11d3a278d52c22094,2025-07-12,1,heavyweight,0.6390125307508471
f835d2868533801b21fc9f1b,2025-07-12,0,womens_flyweight,0.20732153031923656
07eb8178c0f1cf3e7ae4f656,2025-07-12,1,welterweight,0.5571981469981538
6f6dec82453fb5221dc8b8b3,2025-07-12,0,lightweight,0.202086248430819
e49701832d493785c599056c,2025-07-12,1,featherweight,0.5045900319167302
7e0d55ba3c587ab22f4267a2,2025-07-12,1,welterweight,0.673750614246294
59d3a43566d9ee6b8ec44611,2025-07-12,1,heavyweight,0.5692202272908742
ac9b9ca1d346c1d7a4efa04b,2025-07-19,0,welterweight,0.5770382156033991
be17518bc4995180ea470f55,2025-07-19,1,middleweight,0.6127972674108263
d0dec993d7bf19ccdf13c55b,2025-07-19,1,middleweight,0.5170222710165137
4f8792a3e30a26c648e37f7f,2025-07-19,1,womens_flyweight,0.5085533184677099
47f068eaf25694d3e2dedc0e,2025-07-19,1,featherweight,0.29381797951226263
d00277048709f53e5e823331,2025-07-19,0,welterweight,0.6054705888060706
5886c517a68a27c8922390f0,2025-07-19,0,light_heavyweight,0.33820752823796374
55abc58474afd8c488ee30d7,2025-07-19,0,welterweight,0.6153866389904165
31f78d290574d211242599f6,2025-07-19,1,bantamweight,0.5590452523174928
7f140b8e8eb850af317805b6,2025-07-19,1,middleweight,0.4533322140365532
fe7e69f66ef7c35197993b50,2025-07-19,0,lightweight,0.31470385898914677
ef74365ed86abf1cc45a1797,2025-07-19,1,lightweight,0.48887003197045076
4ba6aa5a4cb23a41969443b1,2025-07-19,1,middleweight,0.5301116608050082
249fc0ac1a643b51873825e3,2025-07-19,1,heavyweight,0.5644636661977295
4cf3d33ca45adeb8796cbfad,2025-07-26,0,womens_strawweight,0.5616238646290787
61aac29ee250562ae5af045c,2025-07-26,0,flyweight,0.5237393083340357
f41a705d58f918c9be91e699,2025-07-26,1,bantamweight,0.5772404462411163
304f8691454bfb71f6ae7be8,2025-07-26,0,bantamweight,0.5074124265348897
42b7976b1cd7ef4d25023afa,2025-07-26,1,light_heavyweight,0.2619226696723285
0ed1b38a437d44a3f5abfdaf,2025-07-26,1,heavyweight,0.6533754293166892
d263febfc5fdbeee8f58b3d7,2025-07-26,0,featherweight,0.5669450523463073
c7c669bbd319cb2c2c87bab1,2025-07-26,1,welterweight,0.5051845589292874
684a65cf1decc3485242d4e8,2025-07-26,1,light_heavyweight,0.4035475763686591
1813b343ffb8aa8b2cc16194,2025-07-26,0,bantamweight,0.5536137032184286
9b2be6df340bee34f4428a78,2025-07-26,1,middleweight,0.521303447100081
74c6f9010e443faa822b5de2,2025-07-26,0,middleweight,0.2524952872213859
d2351ac652a2bab2080418a6,2025-08-02,0,featherweight,0.3829368295140623
5ebd51be5dbeb7c202cd6084,2025-08-02,1,featherweight,0.2014870938981128
7aa5337d0d17974526f6c0ba,2025-08-02,1,lightweight,0.5543810904818296
b03dd1e813c8588475d9f81d,2025-08-02,1,womens_bantamweight,0.40460666763583136
bd28e5af8d5f43e74bc83fa8,2025-08-02,1,lightweight,0.4932902145540441
46d87220040c3475480b22ac,2025-08-02,0,welterweight,0.3863578911819011
bd594c3f831ad998d30d3849,2025-08-02,0,middleweight,0.6119209243901943
7e20097120c6860e72b430bb,2025-08-02,1,womens_strawweight,0.5970133344593134
382ceb31d4d48f8aab9da86d,2025-08-02,1,flyweight,0.682377461425559
2e73637cd749398a55647476,2025-08-02,0,bantamweight,0.36510806842164734
52b21a901e1d3f725068746e,2025-08-02,0,middleweight,0.26382455056669785
0cdb2c7c499c7f12c59d5076,2025-08-02,0,flyweight,0.42428887270018734
baa3a0b5bb66310d24d30724,2025-08-09,0,featherweight,0.7718678156683296
a0f1373d72f4360e3aaf5424,2025-08-09,1,light_heavyweight,0.4187335458746044
dd55b10f0cf629737061b72f,2025-08-09,1,bantamweight,0.5473794821374394
ffa16f1988ab9e3541b7fcf9,2025-08-09,0,middleweight,0.34415278905856883
c16987de09fa3dbd489de454,2025-08-09,0,womens_flyweight,0.34350924157744217
2b3b2b67749e1bb892cf0acd,2025-08-09,1,womens_strawweight,0.626439391546677
2ea0d44515ec523b78e2da31,2025-08-09,1,womens_bantamweight,0.7047882183503469
e9b686239850bd67761c5ec9,2025-08-09,1,light_heavyweight,0.551183768667664
b52eb401eabebbc3b68e5a85,2025-08-09,0,bantamweight,0.4340053762787356
54b6e104899342805ddd9222,2025-08-09,1,middleweight,0.6644555283368277
5e92a9a9bc58ece830a866be,2025-08-09,0,bantamweight,0.22928571907850992
0140ff0489c619d42f8a0ba9,2025-08-09,1,welterweight,0.6044314349107911
b211de80fd6516d120afb179,2025-08-16,0,flyweight,0.4726969187884148
27cb9c0f0ecabb4020799a52,2025-08-16,0,middleweight,0.4251083735670656
234c73ef7b9a7927fe06956f,2025-08-16,0,lightweight,0.7016653875403663
cdf24ad78589dd6b959aae41,2025-08-16,0,middleweight,0.4533335998293311
8506c9dc71d90951f7c2734b,2025-08-16,0,lightweight,0.37744637412296794
0969559ba428b44f26855dcc,2025-08-16,1,welterweight,0.5250780653404297
f3951fd1ca68c3288746990a,2025-08-16,1,middleweight,0.5781724911007871
c7dd9f5c6a0aaedcf7fe644c,2025-08-16,1,middleweight,0.7044084636650169
be776ecd0666a524bf1ddb52,2025-08-16,1,womens_strawweight,0.5516743770016073
8d971b809930f012282424d0,2025-08-16,0,womens_flyweight,0.4236770653621487
291d07fa6322574143c38d57,2025-08-16,1,featherweight,0.809554325227214
bc0eb80d7162533c77f7ece0,2025-08-16,0,flyweight,0.5509429356298384
95bd8df921ea22d128443178,2025-08-22,0,flyweight,0.5228651471420414
7abd8d8e5a8fc15a498dff04,2025-08-22,1,womens_strawweight,0.4597699464709972
2b17cff59381fe0c3eff3d9d,2025-08-23,0,catch_weight,0.3006428795275094
971111ce56c35402366b9b77,2025-08-23,1,flyweight,0.4604926511703736
db224424e2e8045da25a2896,2025-08-23,0,light_heavyweight,0.6857344665710385
b34ca09bc7be3fc0081881aa,2025-08-23,1,lightweight,0.5346868336605746
b4141bedb0af0b5c37add0e3,2025-08-23,0,middleweight,0.7059893673642742
dbd5352c89d5eb4c17fe7c41,2025-08-23,1,lightweight,0.40173641746113514
ce54aef08e800fa98afcab2d,2025-08-23,1,heavyweight,0.5350560187882181
043a909f41c4417e201656ad,2025-08-23,1,flyweight,0.49078517896034934
75ccd3b3fa917b9b2fc527da,2025-08-23,0,welterweight,0.5146691415464355
c2c392b6c345eaf81f091abb,2025-08-23,1,light_heavyweight,0.4318370381354601
aaa1ee69d1c8adedec2ed0ce,2025-08-23,1,bantamweight,0.6981368269480096
19c48d0092cc20527adcfae4,2025-08-23,0,featherweight,0.5274089553480148
bdbe4caef667af15730fa7bc,2025-09-06,1,welterweight,0.40001720865285934
fc8351175b2ac09f0e8d1a7a,2025-09-06,0,welterweight,0.3331372819828472
25e249d53f5f7892cd67849e,2025-09-06,0,lightweight,0.3625847767284161
ddfc0bc76dca722735332127,2025-09-06,0,lightweight,0.5653538603641004
de86f6f682b93bce0597617a,2025-09-06,1,middleweight,0.4239895137923818
0f9e5bb0fbdd52c5494ff57c,2025-09-06,1,lightweight,0.6561146027429922
df0fc2686fdb22931ced0ede,2025-09-06,1,heavyweight,0.36471342519179123
fa090d54d2b757cc1aafea97,2025-09-06,1,light_heavyweight,0.5075951107710287
0ed5675eb3801a48b0335afd,2025-09-06,1,middleweight,0.5419365847892174
59ead85f13c9d2f09879497e,2025-09-06,0,light_heavyweight,0.2458373666080592
1892f3b9b4f3f9c8faa4c96d,2025-09-06,1,welterweight,0.34710643288423104
a291420436ccdbd80fef7952,2025-09-06,1,womens_strawweight,0.5462520893053484
1a292e2c83b63803de83f158,2025-09-06,0,featherweight,0.2905135153361487
18c4672055196f93486642be,2025-09-13,1,flyweight,0.4269168075320623
8299a8eeb3e657cfa6e00115,2025-09-13,1,lightweight,0.5876255896262154
c6e2b1f222bed62450b9ca12,2025-09-13,1,lightweight,0.30365042232745537
b287b1f453d1d7bf8bad3ee1,2025-09-13,1,featherweight,0.7516098679701451
c1c35ebf47c4980926d90cea,2025-09-13,0,flyweight,0.3785980460093389
5f287af644802d136e0fdd6c,2025-09-13,1,middleweight,0.6488127826544926
bee31ac5b44e1cacb29e970f,2025-09-13,1,middleweight,0.6467120248090251
ab7fa262752795b97960769a,2025-09-13,0,womens_bantamweight,0.3876884687464975
79c460f7318e1e47b6c052a1,2025-09-13,1,lightweight,0.5891948106199068
352016f0046a29a4cf067452,2025-09-13,1,bantamweight,0.46253690170287803
1df56064c8f7e1ca441000ea,2025-09-13,1,welterweight,0.4996805044524476
8fd221a4ec3d93cae773c96d,2025-09-13,1,bantamweight,0.3143434326455216
3af436048b664bb4bab1747e,2025-09-13,0,womens_strawweight,0.3404089534354674
b4d27de492bec1e8df9a62d7,2025-09-27,1,heavyweight,0.4996805044524476
6f4bcf6d5975f9761b5ead36,2025-09-27,0,middleweight,0.5018684305365335
db1b4578fd8497038c89942d,2025-09-27,1,light_heavyweight,0.48534176174038496
c511c22373e257618013d581,2025-09-27,1,bantamweight,0.626625869278549
ae55c7192e5d47a30cc2fb22,2025-09-27,0,featherweight,0.307014709124577
9d0c81bc55d131b7f66d9d94,2025-09-27,1,welterweight,0.48979980040418686
00288cf52176ab1dbb2cc531,2025-09-27,1,lightweight,0.5950244366383077
6a8e3d42040f64f6d57ae1d4,2025-09-27,0,light_heavyweight,0.3168553606537386
7097b2221f841d15c01dbf24,2025-09-27,1,womens_strawweight,0.7646370919620916
3d0e9c190c7e5481dea541ac,2025-09-27,0,womens_bantamweight,0.4382156562946096
5f1fd8af123c697d3061879f,2025-09-27,1,light_heavyweight,0.5385472787847826
68b64ac5c0332df51465f88f,2025-09-27,1,lightweight,0.2741442111915062
ed978d51d031ee916f25dd1a,2025-10-04,1,middleweight,0.493540061408579
4e367ca70eaa96509505b7cb,2025-10-04,1,middleweight,0.5343229825259743
709e9bee2f688085c57f688e,2025-10-04,1,bantamweight,0.48683985605710633
22f89b26113958f50084b18f,2025-10-04,1,catch_weight,0.4468413296090564
1eee1d676aeffaf51a2b9d78,2025-10-04,0,middleweight,0.424426014918867
d249a253ad910b943083e7ea,2025-10-04,0,light_heavyweight,0.35981655856039474
7f5b402bffdbbc826147235e,2025-10-04,1,featherweight,0.7864293304180546
20c03baca24710fcfbfe0242,2025-10-04,1,womens_bantamweight,0.4127160986130323
dcc2e6e7411f3944512299d7,2025-10-04,0,light_heavyweight,0.46035220048470266
5e117965c711a3d5f2a9e9c8,2025-10-04,0,bantamweight,0.33148378586718485
201ed48b53ff246acba1ab88,2025-10-04,1,bantamweight,0.3191552766327352
09ac8afbd2cc9b257f2e8306,2025-10-04,0,welterweight,0.34949567244051066
c5917f4f1e1cf6b675e32144,2025-10-04,0,welterweight,0.5794117729465816
99d6452ad91ac6ff439de7d7,2025-10-04,1,womens_flyweight,0.729702349764927
cb8ccd5d0831bf843e955f03,2025-10-11,1,womens_bantamweight,0.5250238677488406
18b39d231248ccee53c89ddd,2025-10-11,1,lightweight,0.36382841105735214
03a543eeb416418534a1ad7a,2025-10-11,0,bantamweight,0.5504749186456523
b7d852ed25bf520bde28ae0c,2025-10-11,0,flyweight,0.5703680571532053
c4f1f0b03ee372772297d6a3,2025-10-11,0,heavyweight,0.7503106935196434
c355a95281d0bb24253a58cf,2025-10-11,1,womens_strawweight,0.7196531584316306
38502208fcf7aa54d4175a66,2025-10-11,0,bantamweight,0.44890706738288333
9682d291035a4cdf92d734b1,2025-10-11,0,featherweight,0.5696499040617818
3a225fd88aedd7470a6d4bb1,2025-10-11,1,flyweight,0.35645637015401616
bdd0c94f847b24ce027516f2,2025-10-11,1,featherweight,0.4593722595249933
e3df3e921925fccc181da162,2025-10-11,1,welterweight,0.7271335343195632
2ecdc510d451e22fd234ae04,2025-10-11,0,heavyweight,0.4459018994087846
94ec5f7ab1575370207a10a7,2025-10-18,0,middleweight,0.6424531730544508
39709fadea483459750ee0d3,2025-10-18,1,flyweight,0.3893631897294726
66577356aef81e24594004c9,2025-10-18,1,bantamweight,0.6073258536028682
15548b82be638ac1b2eac466,2025-10-18,1,bantamweight,0.4553333120393822
622696dcf96f7d587f47e242,2025-10-18,1,middleweight,0.35741813878504064
740a455af5085a3f2c1eef53,2025-10-18,0,welterweight,0.6870539742835138
345aca7881b9ddcf27a514cd,2025-10-18,1,lightweight,0.5792454017698719
75d3d5b97313d4d18e906f49,2025-10-18,0,lightweight,0.3760633388804438
365b5fc719da0d2385a59156,2025-10-18,0,womens_flyweight,0.367227316394662
87ea0631cd81020d01da2654,2025-10-18,1,bantamweight,0.6793582251274785
5390608b009af04d7f64d13d,2025-10-18,1,womens_bantamweight,0.3321890501134239
aeb6853e611533c931b46fc8,2025-10-18,1,middleweight,0.270800860085322
c2061b903ce3af74a069617a,2025-10-18,0,womens_strawweight,0.4258093412295259
c5b5850073d5e3d638f844bf,2025-10-25,0,light_heavyweight,0.5772748508250576
e7819d000fe73ae512a0393e,2025-10-25,0,heavyweight,0.5063871463639775
3a4607b556fd9984e619b223,2025-10-25,0,flyweight,0.5463610584633254
4c1e8b4b86851ed942461ccf,2025-10-25,1,heavyweight,0.6988354739692517
d27009e46489a08b080b275c,2025-10-25,0,middleweight,0.4108001873402492
bb811d20bb3260b00315fdfd,2025-10-25,0,womens_strawweight,0.7805127099275774
dc5678ed360be4d79f153704,2025-10-25,0,lightweight,0.4717192483171431
a731ebf6cb5c92adcc5ba9c4,2025-10-25,1,lightweight,0.6780316791568404
ddc02966aabeab4f66f2685c,2025-10-25,0,featherweight,0.3972633899468281
c72755050a62c46de10af57f,2025-10-25,1,bantamweight,0.6063991865449101
8ee86b085de19d5d4a98da9f,2025-10-25,1,heavyweight,0.6526404088208184
da5da2d4c3ee8d5571f36c6c,2025-10-25,1,womens_strawweight,0.4570907755851606
1c9a74932f1083cd6a71cb4f,2025-11-01,1,womens_strawweight,0.6819030609363163
5bda27b8965c794787c80650,2025-11-01,0,catch_weight,0.39887100489547306
0b4e762b2fe4c547e8dacd17,2025-11-01,1,light_heavyweight,0.6108314136077522
bf4af8c3ccd13afa0d906d05,2025-11-01,1,welterweight,0.6009418951116745
098f5af1ef9e2f1e8966f0d6,2025-11-01,0,middleweight,0.4419119009839102
9c26e0952606e58b88586302,2025-11-01,1,featherweight,0.6248107615685166
c66cf25409ba381b4cf0a247,2025-11-01,1,welterweight,0.26258348074365223
edeb5c3b96f6053959dfa678,2025-11-01,1,womens_bantamweight,0.5714911628928971
337894a95c0b59535c562f06,2025-11-01,1,welterweight,0.7834232470895746
b2e60281a4939d851cefb072,2025-11-01,0,featherweight,0.39741061540525263
f7043d547a9c10f7fd7ce4b5,2025-11-01,1,womens_strawweight,0.6848533441117541
3d415bce159aec85cec0457f,2025-11-01,1,bantamweight,0.4296463506566856
cf3d8e5fe12362623fd226ea,2025-11-01,0,heavyweight,0.4278124908815206
0b350ddefc89ce8d642a388a,2025-11-08,0,lightweight,0.5174784426440779
c9ce03bdb840283ab55d5cc6,2025-11-08,0,middleweight,0.5651754275692056
7e2348d0d4e1e4d4ce769a6b,2025-11-08,1,welterweight,0.6112146046105617
8444ea7db6924b529be3c711,2025-11-08,0,featherweight,0.7154171186417079
66050e7b8d70a5e23a01623d,2025-11-08,1,heavyweight,0.4996805044524476
d9c50eba63ea6b2915087d42,2025-11-08,1,flyweight,0.5587387201409222
c8841413fd1221cd0aa13ef9,2025-11-08,0,womens_bantamweight,0.33365255872806415
bbeb325bf7cc59a2be8dbc64,2025-11-08,1,bantamweight,0.6030091158523635
6b76e8a825108393defee806,2025-11-08,1,welterweight,0.48791802463426703
8ebe1d895ab2453eb9f769fc,2025-11-08,1,bantamweight,0.537742089253408
63f65d17e669efdaa957b86d,2025-11-08,0,womens_strawweight,0.4696154952840426
a875e31f6b8ddc96ee7d11a6,2025-11-08,0,catch_weight,0.22545357815156006
e3c446ad77f7b94cdaf543ef,2025-11-15,0,womens_strawweight,0.3803782719560644
e4224d67abc1dc6ea84a714a,2025-11-15,0,middleweight,0.17786905074359863
7218239385ecbf94927325e4,2025-11-15,1,lightweight,0.4066494806953264
1171f53f9006121e6cfca38b,2025-11-15,1,middleweight,0.6120983074369232
61fe2bc4f19ca9e58b98abee,2025-11-15,0,womens_flyweight,0.2885692912718252
eeb6e7bf87c2a68ea957c464,2025-11-15,1,welterweight,0.6627222554524522
301daae5af50f500a045aacf,2025-11-15,1,middleweight,0.5923684988872213
91815419bb1f8e5f10137edb,2025-11-15,0,welterweight,0.6639991641644696
c3e20a6fb0e995c104302cf3,2025-11-15,0,featherweight,0.40308388161010744
4337c9275478185d970fe51f,2025-11-15,1,featherweight,0.43067883907531584
0c349d383774593f2f523421,2025-11-15,0,middleweight,0.29390120508671375
24dff7c31ee8f9de3cc1ad45,2025-11-15,0,welterweight,0.6214596892725422
135ba1d08d95c69f6876dc07,2025-11-15,1,womens_flyweight,0.4106086786359391
6ebd54113023d3674cb6f6e9,2025-11-15,0,lightweight,0.3743158214765319
e553a07fed3c4dc09fb01a68,2025-11-22,0,light_heavyweight,0.43579529654981825
5a2dc1ef51e7b45f9d3a0605,2025-11-22,0,flyweight,0.26915904500788473
383bdb229d4071c35e69a84e,2025-11-22,0,lightweight,0.24121777709625636
586d6a9b35106a95599326fe,2025-11-22,1,bantamweight,0.543118874728156
c399510064a79f3ead47210b,2025-11-22,0,welterweight,0.4183660255633357
83a1824281316f3cbb390fee,2025-11-22,1,featherweight,0.28473820180368814
438d439d919b64be8a5846b5,2025-11-22,1,middleweight,0.5515092538131892
e92e2271695a45eed0ac693d,2025-11-22,0,welterweight,0.40990643377505415
bec9a3d1c86d7d07fbf8b14d,2025-11-22,0,heavyweight,0.4996805044524476
d10fff5ba41fdf47e9035da7,2025-11-22,1,welterweight,0.7214942273278271
a4564a86742578658f7a3076,2025-11-22,0,lightweight,0.18696488625568633
f7b4ebc3071afc261abaf2ad,2025-11-22,0,flyweight,0.5293411036823673
7c0eebe7bceb329e099b7ddc,2025-11-22,0,light_heavyweight,0.3469330065283933
5bf9e54d00be75d53de53c77,2025-11-22,1,heavyweight,0.7154617666216506
47f6ecefbf8a9700f9ad1b13,2025-12-06,0,flyweight,0.4211568432666091
83692f9275a75c75929d7246,2025-12-06,1,flyweight,0.5832997499532329
cb4e9cdeed597ad851824748,2025-12-06,1,lightweight,0.7953549052389096
957f73009ec79eed9d70fe05,2025-12-06,0,lightweight,0.5790978781718742
f4c2621e31660e542c75a846,2025-12-06,1,bantamweight,0.4921731789013375
ce59dd7a88406c8bcf7babc7,2025-12-06,1,light_heavyweight,0.4684612106420723
a50ce0633a2d49672fd3e128,2025-12-06,0,middleweight,0.16473677714477966
a503b23af13914d375594d73,2025-12-06,0,middleweight,0.5299806431212392
abd27ebef4489e8b3d0a5c0c,2025-12-06,0,womens_flyweight,0.3989197896202284
c828bc8375bd94f9ad322b32,2025-12-06,1,bantamweight,0.28745855075403026
7bd784b622245218baab22d6,2025-12-06,1,featherweight,0.513392018260869
7dd5c823ff70d42fca421b92,2025-12-06,1,lightweight,0.7455158762472206
0da6a363382c422948bf35d0,2025-12-06,1,lightweight,0.4619283906634
c3fd3930987eb83f7a242598,2025-12-13,1,heavyweight,0.4996805044524476
b0aae381897728400b9adea5,2025-12-13,0,flyweight,0.46441978540093504
1300bcc73318fc700957f622,2025-12-13,1,middleweight,0.3056911534515291
e5dcb77b8e3eda2b38e4f757,2025-12-13,0,featherweight,0.48897103718870844
80b5125aec0e6f993297001b,2025-12-13,1,womens_flyweight,0.5945387428625508
bd01ac96973326001df2976b,2025-12-13,1,featherweight,0.67703619375124
1665176a69e81b9c8748aaaa,2025-12-13,0,catch_weight,0.2130558098559685
7ee792bdd0cf3b67f9851a0d,2025-12-13,0,womens_bantamweight,0.3240530327089185
c7bec709fdd7e9d3d188df67,2025-12-13,1,featherweight,0.6914976836659664
c6bf93754b654bbb787c7588,2025-12-13,1,welterweight,0.43575822398593145
72c1bd69d88f3491434a5f08,2025-12-13,1,heavyweight,0.4963301384693868
82850cdbea46ec0e25946058,2026-01-24,1,welterweight,0.5328388431644416
6ed204c17993ad6a38953727,2026-01-24,1,flyweight,0.4825638246090665
bf203fd48ac38ab591ad658e,2026-01-24,1,featherweight,0.19770088960542448
c71095d598c41bc25458981c,2026-01-24,0,middleweight,0.18726265121545466
45b118dd2a7a84c7e6879c08,2026-01-24,0,heavyweight,0.5192675039828126
c75491aec4ff89a8959a2d28,2026-01-24,0,lightweight,0.6533780469775514
17e3977c144b369d26b7054b,2026-01-24,1,womens_flyweight,0.5905467569049055
6cd7ac778689394ea2edaa25,2026-01-24,1,light_heavyweight,0.5249431883173232
f0309fa4738d9fb14d2fd95d,2026-01-24,1,bantamweight,0.63825140452656
86815bf5667655ee2e11e3ed,2026-01-24,1,bantamweight,0.7239441059383767
ac2e282d3cd07bc055d9aedc,2026-01-24,0,heavyweight,0.25209652757938894
bf0d30898909dc8434fca8e1,2026-01-31,1,featherweight,0.5979453229164694
e84bafbb79b9fdf1f9a4c7ce,2026-01-31,0,middleweight,0.24607245240400194
2d20d9db3db2975b162430e2,2026-01-31,1,lightweight,0.7291538183258316
b276aa7b3862b8a5808a20c0,2026-01-31,0,middleweight,0.47636908822178725
598daafdd2887f4042da01d7,2026-01-31,1,welterweight,0.5095328596770708
2a2be08b8647e8819e4e7d23,2026-01-31,0,light_heavyweight,0.3300167844958333
b4f83c62c1a302608fee4c30,2026-01-31,0,featherweight,0.4074280458899952
2f7e2a996930e904d946b0d0,2026-01-31,0,featherweight,0.5105556727705416
6d166b2e116fe2350d4e4b60,2026-01-31,0,lightweight,0.25530487527840906
c40943510405d6753810227e,2026-01-31,1,lightweight,0.45701386562153495
acd1c7251c1560f573ef62c7,2026-01-31,0,lightweight,0.5105556727705416
cf734647c7a8fafc0d1266b2,2026-01-31,1,bantamweight,0.5105556727705416
0a64c3e27d7fc6c2d17fbe33,2026-01-31,0,heavyweight,0.45564192932702435
4d3b0f2ec14570a88d2c8bf2,2026-02-07,1,welterweight,0.6880231359468996
c425b93c658e819194590de3,2026-02-07,0,flyweight,0.37881460080530327
a74bb6253b6400390ac5fdbb,2026-02-07,0,womens_strawweight,0.5148521287596642
9be29f1a447c830c4a583fea,2026-02-07,0,light_heavyweight,0.5173620476585915
93863546bc346c2c690e1d89,2026-02-07,0,heavyweight,0.6145412019835425
7b34da1460b25e212a1d8ffb,2026-02-07,1,bantamweight,0.6486238800484232
949130cc2494cd5b2faa1264,2026-02-07,1,bantamweight,0.6313643999862789
75b5f1ec3f038276e8d8f5cb,2026-02-07,1,womens_bantamweight,0.6431119903293843
ecb0adedc96a323aa7b99d3d,2026-02-07,1,bantamweight,0.34281417764937483
9bfcfb42830b0025d39a51b3,2026-02-07,1,middleweight,0.7903406355789874
94564392584f20781d869513,2026-02-07,0,bantamweight,0.5813734613599336
de2a60852f08289a526c754a,2026-02-07,0,welterweight,0.5815408504298655
becb0895c49c3259307dd8e3,2026-02-07,1,catch_weight,0.4790856419506345
45073665a18a8f7f89b24eea,2026-02-21,0,flyweight,0.19847480240250737
1517e96809dbc885308879d1,2026-02-21,0,welterweight,0.5277871099751801
4574f78abb56d5a674cc043f,2026-02-21,0,featherweight,0.32100461649393164
f436ebc22db83f3ad41a4e90,2026-02-21,1,welterweight,0.5187180521710448
3b409b848e9dcc8ef4e83ec7,2026-02-21,1,welterweight,0.7175191429505589
f3531b5aac43526818a4b456,2026-02-21,0,featherweight,0.5612175112144211
7ca418b4bb525d977459acae,2026-02-21,1,womens_flyweight,0.5921830819823037
53ee52f4691a20b04eb18cc5,2026-02-21,0,womens_bantamweight,0.4625848363616871
ec31dba808dabf07c9e32028,2026-02-21,1,welterweight,0.4101838486916787
67df84ed09a55fa6a81f8977,2026-02-21,0,welterweight,0.5303564756899917
fdbf137d6ae3bc8a547299b7,2026-02-21,1,middleweight,0.2840458258061517
a3b9c01a6ade4da623999c36,2026-02-21,0,heavyweight,0.5016958344205765
8439a47c592a91fa4e4a37ab,2026-02-21,0,middleweight,0.4751637490172387
fbe23b59c0f621d06006d154,2026-02-28,0,womens_bantamweight,0.3111613180054043
ff52cdb73d7e3892507e29eb,2026-02-28,0,flyweight,0.7212835802919246
3fdd971f778608f10f39941d,2026-02-28,1,bantamweight,0.6267181398455215
bbc83dc430907e389c5797b7,2026-02-28,1,middleweight,0.5105556727705416
2077c2890c41a9b316ed868e,2026-02-28,1,lightweight,0.6882819261945702
f03a87113a5b4a41789518ce,2026-02-28,1,featherweight,0.493028325586096
8751f42c0e4c3aeeeb87e5f5,2026-02-28,1,flyweight,0.35853666821065133
9082c15b81e2e51a642ac078,2026-02-28,1,featherweight,0.6172960110922868
22ec0f3aefb13116f8ada58c,2026-02-28,0,flyweight,0.4234865149640148
9010510737fbee093fd3bf77,2026-02-28,0,bantamweight,0.397278187998709
d459a63787315f3eb1a502d2,2026-02-28,0,catch_weight,0.608243246039565
70ba1e925d41019126005eef,2026-02-28,1,middleweight,0.6894383385658279
d2d4410e876a93f8f976e7dd,2026-02-28,1,bantamweight,0.6052574522373657
318c47554f83861a25c5e91b,2026-03-07,1,middleweight,0.49459618100504305
bf1aec6f70f260624d3b9b53,2026-03-07,0,flyweight,0.5411383223179331
94147872239a767c2e857a45,2026-03-07,1,bantamweight,0.7011447503772387
f003622738f0c9f29a53f83e,2026-03-07,0,middleweight,0.22940951965276432
4835a22ad6b6553e6381e2c4,2026-03-07,0,lightweight,0.5412269659921288
f43a8d832e5416125dec762e,2026-03-07,0,middleweight,0.3480544045481835
6be0d12218d6b71924bdd528,2026-03-07,1,light_heavyweight,0.6670524237289411
0ef38a78abeb8ae87231f88a,2026-03-07,1,lightweight,0.3513664758623805
7f4464f49e34e59fd11f180c,2026-03-07,1,light_heavyweight,0.43120028839745816
3fdf134a7e134c04b4f0d2d1,2026-03-07,0,featherweight,0.42566669690886566
9aacc228933e9457bd940b43,2026-03-07,0,bantamweight,0.5507868688198971
fcd42646fa23e7f9e7c2f132,2026-03-07,0,flyweight,0.5307325073494599
6e42054fd40a5df987fe2c39,2026-03-14,0,womens_strawweight,0.29681492945965
116e4ab38bd010556899ca28,2026-03-14,1,featherweight,0.6260511583388786
2690cce2008297ed0261a224,2026-03-14,0,womens_bantamweight,0.3443685633053519
c3a3f9b49a9c711c66a3aa23,2026-03-14,0,lightweight,0.6444292549946267
e3e6be0a6a1785a18f06128e,2026-03-14,1,middleweight,0.6165559335819799
ebb2487b1e6c4a73375992db,2026-03-14,1,flyweight,0.5996299620378909
5cc3762bafc47314ac659de6,2026-03-14,1,welterweight,0.5638342121289812
1f1970ca73ded18e7d6dd680,2026-03-14,0,bantamweight,0.5992832423764157
97ed259a73928d4abea4e0a4,2026-03-14,0,light_heavyweight,0.5501685290034652
f2a19b392eaf6ecf53918ab1,2026-03-14,0,featherweight,0.31652071908439305
613f4b3d810c24745156c6f8,2026-03-14,1,bantamweight,0.5795687200980021
31a95d4534aebcbbd9f314ae,2026-03-14,0,featherweight,0.4162762050341232
eba61851d1d4237a787f4444,2026-03-14,0,womens_strawweight,0.5029755230450732
740bd64cdeb01e720d9478df,2026-03-14,1,heavyweight,0.46481906215295393
e50a767f6a27aaa8720affa3,2026-03-21,1,light_heavyweight,0.4358860017536848
ffc429f950fbc788ac732b76,2026-03-21,1,featherweight,0.647379355659213
122b983ee76fcd5fd1b84173,2026-03-21,0,heavyweight,0.26928893080082583
2778b98b4b52fccf791a4af3,2026-03-21,1,featherweight,0.6319783172858221
c56f7132344781296abc57c7,2026-03-21,1,middleweight,0.5500963216379751
b928e149ebac6e5d829df31b,2026-03-21,1,heavyweight,0.6955829633701602
329f4134dd3d46d0e186fe60,2026-03-21,0,lightweight,0.3656620389081487
6d77f259cc07c1a082888097,2026-03-21,1,welterweight,0.6865744186593468
81753156ce7e294bd08ce590,2026-03-21,0,featherweight,0.4604496621407867
953466079f24c362d4b7033b,2026-03-21,1,featherweight,0.7587422820746637
08cc754bb366d03f4aec7fb7,2026-03-21,0,middleweight,0.47866093788139386
ea64fc32bcf0802d11eff113,2026-03-21,1,womens_strawweight,0.4624089992414149
b4b56d5288851656d6c14539,2026-03-21,0,lightweight,0.6041430319104368
13932cdbe9d5de2ec76a5fee,2026-03-28,0,womens_flyweight,0.6898869406837013
7f89cb9c54fb491989693434,2026-03-28,0,womens_strawweight,0.2314541938954242
5b1cf02705f639a607b7a9f6,2026-03-28,0,womens_flyweight,0.40214686910633124
6e6499328bda5652d5e67268,2026-03-28,1,lightweight,0.3570908343384657
c0efb94625712dc6ce57d4a7,2026-03-28,0,lightweight,0.6787594259892177
c03ef62e877b68710a00fda6,2026-03-28,1,middleweight,0.4988137825272025
ded7cab12afa5e8136d32e03,2026-03-28,0,featherweight,0.6817133839212233
adb0e912e19c69abf28331ea,2026-03-28,1,middleweight,0.557664432977986
9f71c631b76c14e341b8d005,2026-03-28,0,heavyweight,0.775721104263762
089cb7f1d5d705a0045e8fe3,2026-03-28,1,welterweight,0.7516971929182383
d88a8044ec31d862af12c982,2026-03-28,0,light_heavyweight,0.30694475567728435
2d8fec6e060b91d367e67549,2026-03-28,1,lightweight,0.7047023465148441
38428a63561ebfc036261e52,2026-04-04,0,light_heavyweight,0.1808020903492411
6d6f4b2e916edab178747e5f,2026-04-04,1,flyweight,0.7104411307714761
9a0a82b8eefa40a31da05ef9,2026-04-04,1,womens_bantamweight,0.668380994297391
8960ce5092f5f88135d6e47c,2026-04-04,1,middleweight,0.4337783436781662
e398470a69160ec364593eee,2026-04-04,0,womens_flyweight,0.4650322530537114
0a008748711d14843fd48f78,2026-04-04,0,bantamweight,0.5058434499323619
4190a293ed302172c923038d,2026-04-04,0,heavyweight,0.49618617995265896
5601cf561a4aa0308a570064,2026-04-04,0,featherweight,0.5693151247085602
cd8f14862e82622863c3da12,2026-04-04,0,lightweight,0.5776284204071279
e0c28b8a1fe424f046e120c9,2026-04-04,0,lightweight,0.5510112522199196
2a8082089f09e6aa62537f3f,2026-04-04,1,lightweight,0.3987174604743371
98dcdabc51229deddfafd80c,2026-04-04,0,featherweight,0.4558128268695225
d61c11b27665ac1a7c18a5cd,2026-04-04,1,womens_strawweight,0.5660048193499944
2f41cee23f546234781713e8,2026-04-11,1,light_heavyweight,0.3429140789421806
89e8cd3f76a506f53b462316,2026-04-11,0,welterweight,0.45527737235304316
fdddea8806b9faa3621f37e6,2026-04-11,0,featherweight,0.5420996671443014
e7500102f24fa09cee94c525,2026-04-11,0,heavyweight,0.47230605342534704
da0321b24ad1c24f9593c513,2026-04-11,1,light_heavyweight,0.5028442930647736
2da91e0c8c4525ab789d3607,2026-04-11,0,light_heavyweight,0.4032206635076746
6161f6406048a50739df4ffe,2026-04-11,1,middleweight,0.4620640533012306
2963e5a0bceb12ccb19f5725,2026-04-11,1,welterweight,0.46586791342695594
74aecca8423c0c193df10969,2026-04-11,1,lightweight,0.6918954579285237
2b7b04df6d9fa95baad00180,2026-04-11,1,featherweight,0.7986920339278946
c78dddb59b33a046f13afde6,2026-04-11,0,womens_strawweight,0.576690043084324
6f53a0645cf079d074a65578,2026-04-18,1,featherweight,0.6747369330710878
8baab54f7d444bf10ca0db14,2026-04-18,1,welterweight,0.7397970964410621
481bde890c04cd2b72f36f45,2026-04-18,0,bantamweight,0.4477685577771889
42cad2889d9edf3128845320,2026-04-18,0,womens_flyweight,0.5055705245533473
571d039f951b5a5b79476f43,2026-04-18,1,womens_flyweight,0.2768977729501738
7648e715451f649c1c02e56b,2026-04-18,0,middleweight,0.4624853990956832
19ca748d94d8329185d01bc9,2026-04-18,0,bantamweight,0.5143974304615434
9a8cc5bc98fcb4f9b3d571ba,2026-04-18,1,lightweight,0.3758524228900699
9106a59252f60b584ed60f3b,2026-04-18,1,womens_bantamweight,0.5440577641276252
6f756791d3cb4e29f802a204,2026-04-18,1,heavyweight,0.4987845343094487
32ba2323da6e4e97057007b8,2026-04-18,1,lightweight,0.5712364470166302
ced8d33f7c7986fc18c549dc,2026-04-25,0,featherweight,0.4861721994140482
bd41d6eb2f24b1109b3c75b2,2026-04-25,0,bantamweight,0.5735485666679605
e9a78e4001589a73d7f11eac,2026-04-25,0,lightweight,0.573587539845084
0fa2bf16957a831e7e084c80,2026-04-25,0,middleweight,0.6634199451956383
6d425f605ff2851bb66f92b7,2026-04-25,0,bantamweight,0.6554906200283818
3fc735f9cff4cfc6be2a5855,2026-04-25,0,heavyweight,0.5084137833523826
25c1ac509edcf2facf44036b,2026-04-25,0,welterweight,0.6139659545882467
9ad4b2353df7e16717b9c1bf,2026-04-25,0,womens_bantamweight,0.3069544463061108
82bd20cb47c73bc91d64b3c2,2026-04-25,1,bantamweight,0.45473764055448057
9864eb536b4f06f3a26d066e,2026-04-25,1,womens_bantamweight,0.5259912760674234
c42e9cf6d05571fadb1de5b2,2026-04-25,0,lightweight,0.41320772873472533
709f656b59ccf67184da9c71,2026-04-25,0,middleweight,0.5486152623991071
83133a15f09d9f4cc73f43b8,2026-04-25,0,womens_strawweight,0.447499591758787
d2019c0de8325c8a98a306a7,2026-05-02,0,middleweight,0.5953478326871566
7768db54c66358b2b858e1e8,2026-05-02,1,lightweight,0.8565486953508022
770f8afd778d150f6aa7cf04,2026-05-02,0,middleweight,0.4483414409754565
6a2e981ee5d1b48a64ac6122,2026-05-02,0,bantamweight,0.27549478660297305
764a8bf0276adcfe93c1caa6,2026-05-02,1,lightweight,0.2787419056134847
01b5e211c209b6f0c543b0b2,2026-05-02,1,welterweight,0.4523674417270029
89d60525df38777002e660fc,2026-05-02,0,middleweight,0.16537668182195
b0c925bc64270bb81d93ab36,2026-05-02,0,welterweight,0.3912205081393667
083cde7930f8860fee58437e,2026-05-02,0,light_heavyweight,0.36807883095505955
60387333226530fdcf97bec6,2026-05-02,0,featherweight,0.36548241350953053
a264dffffe303c536de36458,2026-05-02,1,heavyweight,0.5355653112961833
09065036447dc7a320c7e2da,2026-05-02,1,heavyweight,0.5717211036336411
6fb53961b2d666aafb4b064b,2026-05-02,0,flyweight,0.28786403745581784
f5e0e2e46d3c92faa8b347ac,2026-05-09,0,heavyweight,0.5175329572298831
90e4da20581928aa94556f63,2026-05-09,1,middleweight,0.7876446230170513
1d98f3ce9b5d48961b4c745e,2026-05-09,0,middleweight,0.24243029557070706
05a76c96c6338817b292861c,2026-05-09,1,flyweight,0.6626838172993539
07b9e66a829dc6d72d9885f4,2026-05-09,0,lightweight,0.23355819889667326
afd2fbfe97aee305ec8d02d3,2026-05-09,1,lightweight,0.38164723632389885
3d1096937f18d86e33bc928a,2026-05-09,1,welterweight,0.6844337001809019
f6c88964f557b14ad9c204bb,2026-05-09,1,flyweight,0.4698730717542603
46298b169361970e45f99b28,2026-05-09,1,middleweight,0.1958131809349209
66afb65c31f9e32e9df8b5af,2026-05-09,1,lightweight,0.7965697737862731
955b4a0bcd70050a7d893bb7,2026-05-09,1,featherweight,0.4246895140880286
90ede5f565670aa0d4f02dd6,2026-05-09,0,middleweight,0.5975855484291644
60e599ad816b744b5d1dfe10,2026-05-09,0,welterweight,0.39756439479897315
df8bf64a53714ab469a8171d,2026-05-16,1,womens_strawweight,0.6078120692914014
60424e83dc1bfd79208498df,2026-05-16,1,featherweight,0.35617025969400523
5d1b5346c163183f72697000,2026-05-16,0,middleweight,0.5755977959445874
24504179e9e47707268034d9,2026-05-16,0,flyweight,0.2618942733132334
2c9ca900f65fc955ef8c517c,2026-05-16,0,featherweight,0.6708858536314135
8f09fd2f5d0d5f2f5ee1b044,2026-05-16,0,womens_bantamweight,0.6078749608888453
2715b4c8d7fb7540defb3846,2026-05-16,1,bantamweight,0.5808162292456582
82260e1138f346b4847d0064,2026-05-16,0,catch_weight,0.6214402031866031
d0e4f89291a3b2a47a4c2e5e,2026-05-16,1,welterweight,0.5052044832531017
1b2685e01a9ac753c4c600e4,2026-05-16,1,womens_strawweight,0.37324965219511325
997cfd358378b086e3299880,2026-05-16,1,bantamweight,0.3733594465818634
a4bdb5588de2297a5a11f2bb,2026-05-16,1,lightweight,0.3114103011408069
df7a148dbfdfd88918d9721d,2026-05-16,0,light_heavyweight,0.4618973583490546
e76716cdb62adc72a898c84e,2026-05-30,0,womens_strawweight,0.6455003682728608
de4bbfe11f7e9afb3697411d,2026-05-30,0,bantamweight,0.27576798311470396
2e8f013fee31e910467a220f,2026-05-30,0,welterweight,0.38123461276446274
080866da8f9c3879368f9297,2026-05-30,1,welterweight,0.582436751385873
a9efd5d9fa54e2fffc8c705f,2026-05-30,1,bantamweight,0.38995130554789736
b3bdcb91ae448d6d7885c522,2026-05-30,1,womens_strawweight,0.5995223158364159
278006f71b6cf940c176a75c,2026-05-30,0,bantamweight,0.34859894437272376
148d8ace171a23073bdd117b,2026-05-30,1,heavyweight,0.6164902883132622
d5c6fe40bd98f0e9c99e1b2d,2026-05-30,1,bantamweight,0.6646837880397152
e2f4292e20e9c0c28b7a747d,2026-05-30,0,middleweight,0.5650934461981014
8f0f7a0419d23e212fbfb392,2026-05-30,1,light_heavyweight,0.35879420497278325
99d1eb8f8db46c35fa42c8d9,2026-05-30,0,featherweight,0.5473262788268782
9b4e5d497b54d27bc07491db,2026-06-06,0,welterweight,0.2933206953823702
b00742f8e1c3c7257dedfe17,2026-06-06,1,middleweight,0.5585151177293873
ff8b0e9d5b615f26bcb56e8f,2026-06-06,0,flyweight,0.5085559176430305
0b367673055ac66f2fbae0f6,2026-06-06,0,bantamweight,0.6742892208086791
3668c1d2d15b9a2e17154633,2026-06-06,0,lightweight,0.6838748791527669
2968a2440ececa6a2bffa7ed,2026-06-06,1,light_heavyweight,0.41501588389855526
a8e7fcb14799998346df6ecf,2026-06-06,1,womens_flyweight,0.5845951197737017
68e8ac1859681ba9874a23a0,2026-06-06,1,featherweight,0.5604698799892749
683fba6e312497f37bccee6c,2026-06-06,0,womens_strawweight,0.35798223490747305
55cda98dcba84b2e4df21142,2026-06-06,0,bantamweight,0.5608647380313876
183d1fd4023d7452703cd115,2026-06-06,0,catch_weight,0.33801043672379094
c7214b866d96ddc944ef2f5f,2026-06-06,0,womens_bantamweight,0.35500413132453107
8278892a4c14c81652888c25,2026-06-14,0,heavyweight,0.4848543805128195
68eadc603e2258cc6e834490,2026-06-14,0,middleweight,0.26460712676202885
c060fc6fb029250777d3777d,2026-06-14,1,featherweight,0.5654455630450425
943e37ed671d7109047f808a,2026-06-14,1,lightweight,0.1642932268493052
36c1fa8c53e9ae2022f58cea,2026-06-14,0,heavyweight,0.19276632545124178
e7a5ea80f9a620085cb1823a,2026-06-14,0,lightweight,0.23380231505424318
6169cc08a126df1c6a18aaec,2026-06-14,0,bantamweight,0.1914404284246539
fc2a74fa8d1c4b03c6d69bf2,2026-06-20,1,flyweight,0.438119091893558
c09d9aad14825f90797532f6,2026-06-20,1,flyweight,0.2138029135216039
2d36199c081637bb4c36b9e7,2026-06-20,1,womens_bantamweight,0.737797519517647
805070bb64eed90ab7a713e8,2026-06-20,0,featherweight,0.6429171125413402
7fb42d1a9d173197276da987,2026-06-20,0,featherweight,0.47390904244086157
6f88dcffddfee17710b9ce04,2026-06-20,1,light_heavyweight,0.6631914486101566
10a92ed06831c359cbea7d7b,2026-06-20,0,womens_bantamweight,0.3436820429913624
daf8ce484ff4ccf83da3efd7,2026-06-20,0,welterweight,0.507654017180748
068217722c3a581f2398ec98,2026-06-20,0,flyweight,0.4912218480341192
a5c013cd9de78690082fd17a,2026-06-20,1,featherweight,0.6071030018412723
9dc4ecfde8b739f17edabdca,2026-06-20,0,featherweight,0.4586260426590743
5c36bf5ab120e7a209b11f28,2026-06-20,0,featherweight,0.216552628193968
6d63253391cdf77a91c4ac30,2026-06-27,0,light_heavyweight,0.2778907878368254
90327db3b54656ced1143f70,2026-06-27,0,middleweight,0.41786744187215535
ef0f0a39d308aeb270b0d222,2026-06-27,0,flyweight,0.27080671571207077
8e1cd7330ad54ee49a037bc2,2026-06-27,1,bantamweight,0.6305878402030655
7daafc83159f735d91d0ab67,2026-06-27,1,welterweight,0.6339181701617022
c75906328af883c3bbc52305,2026-06-27,1,welterweight,0.612399864012621
989aa5c1b8e9355afa65a540,2026-06-27,0,middleweight,0.3554760574201169
87c2f9a831fbbcb2146f141b,2026-06-27,1,featherweight,0.25868762050580335
70fbc0ede755875b8b78fa42,2026-06-27,1,lightweight,0.4520329825080989
da8297f2092ec7e04ce66b24,2026-06-27,0,middleweight,0.702713346936313
d8b6e78b4bbb706991ee1f38,2026-06-27,0,lightweight,0.7381379582278873
ea8a1da327a8f5101e5ddd58,2026-06-27,0,middleweight,0.39735301508121607
f062199725bd87e849733e0c,2026-06-27,0,welterweight,0.5298895165051751
