fight_id,fight_date,fighter_a_won,weight_class,probability
26b46336baf995109799d0e8,2019-01-19,1,lightweight,0.2744123752676342
38913c7a553efd0ea27c4ce6,2019-01-19,0,light_heavyweight,0.5095430176833414
8126ece57175e39d22722e5b,2019-01-19,0,welterweight,0.5767905854579358
fb232738136fb41408e97318,2019-01-19,0,bantamweight,0.24180042489617218
cbce63c7e16d47b29e74d88a,2019-01-19,0,lightweight,0.22147332431741912
9a7c75d28b2227d353ffee0b,2019-01-19,1,light_heavyweight,0.2789274672781742
ed17d601382b0e1ee5f25834,2019-01-19,1,heavyweight,0.5046108095910121
5678ee79359ee825af2c6cf6,2019-01-19,0,lightweight,0.36132174182966026
25a9c1526fc208e6c7fe38c0,2019-01-19,0,flyweight,0.6940524105731459
7c630f0caa70766b4c9772ba,2019-01-19,0,womens_flyweight,0.394427567203062
16e5b4cb10bf8316f059f140,2019-01-19,0,flyweight,0.5596020342391591
e290c1a53b53c40025a2f302,2019-01-19,1,welterweight,0.4795695581220384
24cb0110e15bf9500f3a20ae,2019-01-19,0,womens_flyweight,0.3456458590907351
8efd36d5f3360c4d96328383,2019-02-02,1,lightweight,0.567559030427402
414613fb990b2e1f8744a998,2019-02-02,0,welterweight,0.33471593852774817
1b0fda4335818f786b8d6f2f,2019-02-02,1,featherweight,0.44241271165845203
1953db6fe5b9744c1843dd12,2019-02-02,0,light_heavyweight,0.3281119124037773
1cd6203b9577bfd25372eb22,2019-02-02,0,featherweight,0.6061115260682116
22cbf1de4862c931b9f97a10,2019-02-02,1,heavyweight,0.41896176506300753
7342c697833ab7bab79bea3e,2019-02-02,0,womens_strawweight,0.2486807639214189
f0a78186a92cdad28af6e943,2019-02-02,0,flyweight,0.5886589543033596
4523cf854ff48df6d66ba36f,2019-02-02,1,womens_flyweight,0.5915521003937895
34446cbf52a1732388aac036,2019-02-02,0,middleweight,0.5586411021237981
5467de70ec0bbfc6ea3f127e,2019-02-02,1,bantamweight,0.6674693784969484
15c9bca416c7204a3b9a9692,2019-02-02,1,bantamweight,0.46568619144894513
f50a16321d311cfb1f168e8c,2019-02-02,0,welterweight,0.7721297181224577
1d74549a59fbd93e268d0046,2019-02-09,1,lightweight,0.7935119779216296
e4525ba53a52b5b0857e967c,2019-02-09,0,lightweight,0.313538986405036
896c12a96bf1da79303bc533,2019-02-09,1,middleweight,0.7751712815284846
fcaa078b4857c278dceb747d,2019-02-09,1,light_heavyweight,0.33281018404856816
b253a6a048ba0dd83a41d3a3,2019-02-09,1,flyweight,0.5286194792615045
4c10bda573f8c01d3c440405,2019-02-09,1,lightweight,0.6912237373117464
5fe9e229550df4983795b5be,2019-02-09,0,womens_flyweight,0.31229078751242995
5ad3dfcbceb50baabf4a06f1,2019-02-09,0,bantamweight,0.3670436367838412
19c65e9f1f86ac03182841f4,2019-02-09,0,featherweight,0.2114269112108506
b320535a9010e893cc6fe892,2019-02-09,1,bantamweight,0.516660494865917
ca6f6af371cc512b6d1734d5,2019-02-09,0,bantamweight,0.6080979890488982
fb545f795d0e191fdab5bb79,2019-02-17,0,womens_strawweight,0.45221727122936667
3a7293241a2a807fa182f6f5,2019-02-17,0,featherweight,0.5677881297065607
90e1f32d8c4d591b474fd0de,2019-02-17,0,featherweight,0.5936936509024068
3038757c3f23bac29c322002,2019-02-17,1,womens_flyweight,0.3342115633374379
c015f09a4e1bf33ced9384e3,2019-02-17,0,bantamweight,0.6824350584810355
5891d36900849c98a50352f1,2019-02-17,0,womens_strawweight,0.37702045829325187
6959921b10f78a71e64300e8,2019-02-17,0,heavyweight,0.47712135533229055
657a85fc997ba3106e9c502b,2019-02-17,0,lightweight,0.5734129037859642
ca78a58998323e4f9fdbc72f,2019-02-17,0,bantamweight,0.4167916128860621
8cc10441cbf2614f8785b729,2019-02-17,0,bantamweight,0.5627492541828546
6118a8c78447f0434395fc87,2019-02-17,0,lightweight,0.5031028808951185
38cec55ae4c31d673c6a5cb7,2019-02-17,1,welterweight,0.6352812789428477
9e4bab0c77a4e9c538d5684c,2019-02-23,0,lightweight,0.3634182441756626
e7306a3ff9867fb2e7e85ac2,2019-02-23,0,lightweight,0.29907804680291467
c622965b0bcf635ba617dbb7,2019-02-23,0,featherweight,0.3547660830800528
f6151b74f7346e29cfac2985,2019-02-23,1,welterweight,0.467811825539043
bb340698ea1e7e4cc05fe35d,2019-02-23,0,light_heavyweight,0.5397486509795769
1f68dad92eb77d22953924b9,2019-02-23,0,light_heavyweight,0.33906721072435847
f20354ebb869644c4afccb40,2019-02-23,1,bantamweight,0.6757177017395088
68976dec066e7619e206ce8d,2019-02-23,1,womens_flyweight,0.42727524032605263
56cbf3ea04dbca631e7d843e,2019-02-23,0,light_heavyweight,0.42286736700504096
097be1f05c2d7e6e94d40303,2019-02-23,0,welterweight,0.773574874892537
63c32ebc206ee6106b382e72,2019-02-23,1,lightweight,0.35114419574979583
fdd038da2b5f04c16971323a,2019-02-23,0,heavyweight,0.42300954947384306
c89ca4669b8e6877497edfa3,2019-02-23,0,womens_flyweight,0.3149355773615484
1b1fe5662b3d023466c64bc5,2019-03-02,0,bantamweight,0.6501341899466663
947d498d822062457d1e667e,2019-03-02,0,bantamweight,0.4725415985272324
0d13e65dd754b3f1bc58e7b8,2019-03-02,0,welterweight,0.7561683801844694
54daae7c0fa28da8ca71a0f5,2019-03-02,1,middleweight,0.5877317556939415
d15183f063880d7d4e9bbce1,2019-03-02,0,womens_bantamweight,0.22429045794956176
5b92ec9d7c9365ea015380d9,2019-03-02,0,featherweight,0.18179250966440008
e6b1f51548c2ef5176c0c18c,2019-03-02,0,light_heavyweight,0.10845494404566251
a4499ea5511393f5c9bd2dbd,2019-03-02,0,light_heavyweight,0.297148735866207
593c1b1e6c82dec285a0ca06,2019-03-02,1,womens_strawweight,0.23525506366005733
fb04d1b737f436ebc97b03b4,2019-03-02,1,welterweight,0.3261026931267269
568a7229b4b06a6455408f13,2019-03-02,0,womens_strawweight,0.5880934735688207
75fc305627143c9630ca9bf5,2019-03-02,0,welterweight,0.4226978178730092
818abb53258da411751b41a4,2019-03-09,0,welterweight,0.38783993654611254
2af546ec2d6b95fc63d0c56e,2019-03-09,0,lightweight,0.4554349486882469
58e767357e6d5c8330f66f2f,2019-03-09,1,welterweight,0.6760787476033058
aeb99a1990e3cb523a3641f3,2019-03-09,1,lightweight,0.6488496102370724
57bb3b3ccfd9285941e2f474,2019-03-09,0,heavyweight,0.37882110719698
e0fd283d4ad215ea9c9ecb5f,2019-03-09,0,heavyweight,0.5354629680233949
91dd9ae4e12f09809b994011,2019-03-09,1,welterweight,0.4820208751692551
a822ba1d485f0fc8ac120f48,2019-03-09,0,featherweight,0.31835460194581083
5b43785643265dac8e96f96a,2019-03-09,1,bantamweight,0.5060437774078368
33db1b31bad9e3c347f5d190,2019-03-09,1,womens_bantamweight,0.4448492069727911
e992a27d67c8e35a59363798,2019-03-09,0,heavyweight,0.2522849543716126
1598348e4d6680280ca7ecb1,2019-03-09,0,middleweight,0.3037579161159489
5793b77c4043eadce8dbc1a1,2019-03-09,0,welterweight,0.4890462085917668
3b895d43f522ada07f4959b0,2019-03-16,0,featherweight,0.27456444279922426
6d70742b8f98faa563b821eb,2019-03-16,0,featherweight,0.3322221925856237
ace5bfe86e4b0d6735973199,2019-03-16,0,welterweight,0.48250139338724946
353e4c10440a62ea4553e3ff,2019-03-16,0,welterweight,0.6555522209622847
20e86b5d807bb2dc387b78f3,2019-03-16,1,middleweight,0.7351332469836649
f7dfb4e06c955b5b53ddc717,2019-03-16,1,welterweight,0.7140768637713131
6cac406144299eba656c31c8,2019-03-16,0,lightweight,0.43032129873113084
bf87589c5256203f65f72bbf,2019-03-16,1,featherweight,0.22709116198831059
0cc779241aa11d55442d44dc,2019-03-16,0,womens_flyweight,0.22901553703862845
9f29624a5aa95c6c6caf75e2,2019-03-16,0,bantamweight,0.3844257839987928
8f38415a1100e141bbd92841,2019-03-16,0,light_heavyweight,0.5622995830185709
10ac2affd027d19e4dc0a8e1,2019-03-16,0,light_heavyweight,0.34924438732801244
e694a2560234a188ae42e974,2019-03-23,1,womens_flyweight,0.5048785073760156
9c5f20dcf4b276ed3c4a12e7,2019-03-23,1,featherweight,0.5896425840611059
de2f47976573bf170793803f,2019-03-23,1,heavyweight,0.5674649739544186
f9b2cc6068c2ae45506e9313,2019-03-23,0,flyweight,0.6338764955510646
6871ce208868dbd843118f56,2019-03-23,0,lightweight,0.5541217516487753
3507718bfe13d92f6054b9ed,2019-03-23,1,flyweight,0.44791368626445943
57da958cc94cc83554eaeebb,2019-03-23,1,featherweight,0.6300253963265154
95a795d06d973c01bcfd4990,2019-03-23,0,bantamweight,0.17325069326196849
ab7c36995971e72c6d2cbf53,2019-03-23,1,womens_flyweight,0.44794868796049914
adccd3ef67929e7be8b0fb1f,2019-03-23,1,womens_strawweight,0.531970802171284
a6ca1f430b5ef469ba343397,2019-03-23,0,bantamweight,0.5562515151793943
d9300b28ce089ff86c099e9b,2019-03-23,0,welterweight,0.5275981327645497
84ee51fdab49a6792b09df2b,2019-03-30,1,bantamweight,0.6298607959861723
b2272144ef0de0d983b37600,2019-03-30,1,middleweight,0.7839566567126368
4d97ae90607b612a50988191,2019-03-30,0,lightweight,0.39280188697452567
477250ca2a15d6683e877e00,2019-03-30,1,featherweight,0.3242760072986182
f3fc62d38088caaf5eec0fe5,2019-03-30,1,featherweight,0.39597693245954846
25a0d90348d39625a4f0314b,2019-03-30,0,womens_strawweight,0.48898378469623754
889f1c72aefbecafdff832f9,2019-03-30,0,light_heavyweight,0.599364340791348
5396918119ed934b0af80bcb,2019-03-30,1,middleweight,0.6975668838370027
9496decacd91b03a238021e2,2019-03-30,0,womens_strawweight,0.3859364122998949
865dd8ea788e2e501a2f6b3d,2019-03-30,0,bantamweight,0.8110154287890229
acba98dfe391a402c7725c1a,2019-03-30,1,lightweight,0.8931532345185296
bce69a101b3313de146183e7,2019-03-30,0,womens_flyweight,0.610595706813061
12e81505192fb36cefeaab8b,2019-03-30,1,featherweight,0.6025828862190739
3f60dec25b566435df7cedec,2019-04-13,1,welterweight,0.45635189534923126
7e8869149838e8184f1e5273,2019-04-13,0,bantamweight,0.37221483684528933
289890fb9419def12213ee83,2019-04-13,1,bantamweight,0.5922756747375286
b784ab0811d40210660ce193,2019-04-13,0,welterweight,0.6071502164815109
4ffab5007df4ff7646771e21,2019-04-13,0,light_heavyweight,0.7463697751325176
33ebcc2e07caca97f069be07,2019-04-13,0,lightweight,0.8600443974688101
a7712c32403c49d7bbe8592a,2019-04-13,1,middleweight,0.6829522398129254
cfbe4a97e3e72c4468debf09,2019-04-13,0,womens_flyweight,0.36868805422227
3ad810f66b297f4a1e28f412,2019-04-13,0,welterweight,0.4065484540696301
5515c14ec2037b702fc825e9,2019-04-13,0,lightweight,0.8899210868518235
e22e3562dae8dfff221df22f,2019-04-13,1,bantamweight,0.7427999958448971
86ba5ba8d5b95634ce58b762,2019-04-13,1,light_heavyweight,0.4839057091082196
1c9726808f14ddd59d42d22d,2019-04-13,0,flyweight,0.3490754314549445
8de90dc8a38f56cfd96d944d,2019-04-20,1,lightweight,0.408835883089841
b9b4e5d3157c57087a7a77b4,2019-04-20,0,heavyweight,0.44362446623315804
a13f15fd4cc899207fc13e71,2019-04-20,0,light_heavyweight,0.2610124255877146
663b41c840a325072588a36b,2019-04-20,1,lightweight,0.7787044552715708
1b6f229338f50db52565e59c,2019-04-20,0,middleweight,0.3401135882978022
815560d234b6ccedda48743e,2019-04-20,0,lightweight,0.5654401561348116
91f5f9dbe58e9a59f5f3a499,2019-04-20,0,heavyweight,0.7512683321996565
f973994e8ab6d25d2f5f2c88,2019-04-20,0,featherweight,0.4744755270226625
af7c348666716dc73218dc9a,2019-04-20,0,womens_flyweight,0.650567560204593
7bb40837872b53468491b077,2019-04-20,1,heavyweight,0.4298442082049956
7b6b18993ce6ee3086c6f10e,2019-04-20,0,welterweight,0.46919247474379133
5f2baffa9f9e18070dd69e1d,2019-04-27,0,welterweight,0.5944591413128243
b031eded632dd94461f4a954,2019-04-27,1,heavyweight,0.6708043393007584
915cc3326771dcb5012f05cb,2019-04-27,1,womens_strawweight,0.5116340234529638
cbe370d6e9437f7454094401,2019-04-27,0,welterweight,0.4199274165774618
a3f24c5dfdbc1c1cb8b01ef2,2019-04-27,0,womens_strawweight,0.3145927324307206
3f0c08354e145c02110fd0a2,2019-04-27,1,welterweight,0.3251299886905986
6f066ff33c959ab559b7a1cb,2019-04-27,1,lightweight,0.6394810564970145
cf0c668767f8f59b49b1d46b,2019-04-27,1,light_heavyweight,0.2869593732716021
d7a529c7a59a0342b202024e,2019-04-27,0,heavyweight,0.21461912763177265
810334f59f27e21035e1f127,2019-04-27,0,middleweight,0.38717785610566013
56ca651437d7cc1d573c3970,2019-04-27,0,lightweight,0.6776217768011457
64e530283564ae1339632e0b,2019-04-27,0,bantamweight,0.5894778579505502
734a75344024157915995e4a,2019-04-27,0,lightweight,0.30337804114103767
3a807e46fc597761a9a248a3,2019-05-04,0,bantamweight,0.32737902315731904
4afd8778c789a9d76835ce0a,2019-05-04,1,lightweight,0.26770149296232304
ffc7edb9f4fdd9e856d76689,2019-05-04,1,heavyweight,0.5386540106661112
aa35b011a1662c7027e70524,2019-05-04,1,bantamweight,0.38656218157380196
640f1b8fcbd5c004e9cb36a7,2019-05-04,0,featherweight,0.5129080618466312
3b1a562aa4ebab0784fd7bc0,2019-05-04,0,middleweight,0.561426247917321
1b63ea904ebd2957ee46991c,2019-05-04,1,featherweight,0.5675302529431338
89394eb01e7784b2c428333d,2019-05-04,1,womens_bantamweight,0.7078810761547835
dbedbc64c66202909e1eec7a,2019-05-04,1,middleweight,0.5985520057706653
9e20d5adcc49052c74014626,2019-05-04,1,bantamweight,0.5862570452655654
978214d16c31f8696f47f29f,2019-05-04,1,welterweight,0.6786048352307416
e124311e45865d724207e325,2019-05-04,1,heavyweight,0.3668868507018362
e7073ba5faca0ccac9ce2fcd,2019-05-11,0,lightweight,0.4937120531630646
69669b5e3b46042a05eb0823,2019-05-11,1,womens_bantamweight,0.6129249957036316
91bd5d42cc6416e430dd43ed,2019-05-11,1,middleweight,0.4950461650263262
4afd58b0d8a55895c868a02e,2019-05-11,1,featherweight,0.6036509880178993
81a04e8caf79fb727607d237,2019-05-11,1,womens_flyweight,0.6314339946942042
10d59155db6aa78a1427c454,2019-05-11,0,bantamweight,0.43573356798743446
9249808c94f3d6dfdf9af36b,2019-05-11,0,light_heavyweight,0.22691897002056904
6c73f1b4fdd41c4e4e6654da,2019-05-11,1,womens_strawweight,0.38213117376406486
d89982d834ee44a1b667b66f,2019-05-11,0,womens_bantamweight,0.5238430843557319
8296e0d578cb9314c68eee1d,2019-05-11,0,welterweight,0.23520823262447837
365fefe34135160ec5455d1f,2019-05-11,1,lightweight,0.6562477421510563
6cec7d8a2c1e3df9f294b43a,2019-05-11,0,welterweight,0.5085164525556405
363d78001101e6229c0a2b0a,2019-05-18,1,middleweight,0.37391879029201663
3f0251bc27145aab23db9546,2019-05-18,0,womens_bantamweight,0.47713101197513885
50d9e85f3686903269809172,2019-05-18,0,lightweight,0.29652085826041086
7d905c953ba73d1a68ead277,2019-05-18,0,welterweight,0.5874419105719653
6bc2a392929414c465042a48,2019-05-18,0,lightweight,0.276905569303919
0f6484b736a7f3cc7aba63cc,2019-05-18,0,lightweight,0.2787039284377597
db76119921bdd0ed497b32f1,2019-05-18,1,featherweight,0.6726894611364403
33c355ad10b62e7d1de78d9c,2019-05-18,1,womens_featherweight,0.33953610464511264
bc3a021cd3cf61e555021000,2019-05-18,1,featherweight,0.2690190087700597
3c180878faf99b21bf865fd0,2019-05-18,1,light_heavyweight,0.5400566527926672
ca96343028b62aeda9c60fe9,2019-05-18,1,welterweight,0.26547341223593984
2a18e106ad1da3effa28ec4b,2019-05-18,1,welterweight,0.8498877431413929
05e89105390245833a6794d2,2019-05-18,0,middleweight,0.6166348894239375
e79d9d724c1b4f49a9c151d5,2019-06-01,0,light_heavyweight,0.444410047039352
51130eaae559739d2277bccb,2019-06-01,1,womens_bantamweight,0.4617480903714158
376fca1b2417ed080dc55d71,2019-06-01,0,lightweight,0.5461356199493042
6c857bc2b1611cd86b8a59d5,2019-06-01,1,featherweight,0.49936775730525634
b2a972b374869a366d3b02ae,2019-06-01,1,light_heavyweight,0.4790246719116993
9a09782a2c405f04f7df2ff8,2019-06-01,1,light_heavyweight,0.8350619761741602
44f4f36c18cd30f4a78e8d2d,2019-06-01,1,lightweight,0.6686816228150284
c4311f2a96b7cc37340ba09a,2019-06-01,0,featherweight,0.4171997846125619
2fcd04431581330b8a2d18a7,2019-06-01,0,lightweight,0.36263260369157974
0f14442a17f1f00f94f2d4c5,2019-06-01,0,welterweight,0.48182101580798997
7f95ca9ac1c70cd00b0cce57,2019-06-01,0,lightweight,0.6379753389866509
42e3da20fad88525160d375a,2019-06-01,1,womens_bantamweight,0.41977986310297705
bd6e6031555f600f46ab4f03,2019-06-08,1,bantamweight,0.6868357201794485
95939d218a1d60a883da95bc,2019-06-08,1,middleweight,0.3259836280774677
266ee3a1c82efd700b8f5aa3,2019-06-08,1,bantamweight,0.6726526990192384
f07b57e2716471ad3302c0ee,2019-06-08,0,bantamweight,0.303933667537919
5ef23b9557a9feefb97696b1,2019-06-08,0,bantamweight,0.28789790983856367
3f6311a5a0724f605b206cd2,2019-06-08,1,womens_strawweight,0.5362707075437387
d207301a7745b122f84fef97,2019-06-08,1,womens_flyweight,0.4587855640560584
1e7a85d2f5574c5627c3eea1,2019-06-08,0,featherweight,0.5021715088496205
911a1fa0c445df7f0dd12d7b,2019-06-08,0,heavyweight,0.6498057431025458
3c6aa7bfcdac2bb433f30323,2019-06-08,1,womens_strawweight,0.6264175415512285
4e48afdd0e292d5f0e86fabf,2019-06-08,1,lightweight,0.6885322852440986
47652b43ae72f5590c7a1882,2019-06-08,0,womens_flyweight,0.15528591713728107
269fbddfdcbebe8e4bdb4b8c,2019-06-08,0,womens_strawweight,0.2680176005853806
ce49a5280ca93930a0ebe85b,2019-06-22,0,heavyweight,0.44654203663150155
41f5e50f9ae0bfaed31ee510,2019-06-22,0,bantamweight,0.5230357799772463
f692e76cf277eacf2a442090,2019-06-22,0,womens_flyweight,0.5837500326735692
72cedfae58fa44321b69b949,2019-06-22,0,womens_flyweight,0.3146739229346776
32ff903f72c4276ea24d999b,2019-06-22,1,womens_strawweight,0.43809094034756213
00c99648f208e0a417e279c9,2019-06-22,0,welterweight,0.5239074590219394
eee1e31c188a74656a5149fd,2019-06-22,1,featherweight,0.5159873949487378
c46941c902fed7bb4392162c,2019-06-22,0,middleweight,0.5981205209130358
b84127a3bd76a5e3ac7aea6d,2019-06-22,1,middleweight,0.7515374486184689
706b7d016d03a32401ae801c,2019-06-22,1,lightweight,0.8552401837019161
739e8e2602d787738477d46a,2019-06-22,1,featherweight,0.34429238500328474
f27c0e087e9ebd1684ff09fd,2019-06-29,1,light_heavyweight,0.6055419285615387
50585a029a9751dccfd39bd2,2019-06-29,0,light_heavyweight,0.5096509461592821
dae0a129ff92f092524a386b,2019-06-29,1,welterweight,0.22918570870377183
377c80dc3b6e45e576ef2577,2019-06-29,1,lightweight,0.7233819464319683
59455ad55e5ef93414e5aad0,2019-06-29,1,womens_strawweight,0.4645435133421046
a56c32c93524d245d82d6908,2019-06-29,0,light_heavyweight,0.15192249679195544
8f285887c02290c07814a22b,2019-06-29,1,heavyweight,0.6980372569204402
d2a1e845ca36ee5b8600ef32,2019-06-29,0,lightweight,0.2547026066824156
cbcb6ed7e3c7e95a085b7341,2019-06-29,0,flyweight,0.5033286260639224
f34cc5843d81a39bf53d263e,2019-06-29,0,heavyweight,0.4924548833393215
f79e641c1d4367a70c107e82,2019-06-29,0,bantamweight,0.21719973189869946
53e67f863836aff47b826da4,2019-06-29,1,lightweight,0.2361082138240939
20a121ded841e9e12c1c757e,2019-07-06,1,bantamweight,0.6591741989706206
d2d8539dfdfeaf041ce5823f,2019-07-06,1,womens_bantamweight,0.8485015506019545
3849e7ad93590c82be6460fc,2019-07-06,0,womens_strawweight,0.351079205322684
396c48ca67f51480545db649,2019-07-06,0,welterweight,0.20464496792683343
6c8c735afb0fb578f594ca2c,2019-07-06,0,middleweight,0.2930377764249316
d3c4e9545585b46a1e37a85b,2019-07-06,0,featherweight,0.13636972260418675
fad6e667536db7ad4137ba53,2019-07-06,0,welterweight,0.76154547813593
13fece4ed75664de71f4c8a0,2019-07-06,0,light_heavyweight,0.7614438834194096
d0f0ebb34a909f7c5faf6a88,2019-07-06,0,light_heavyweight,0.1250574765218453
5de1539a147642bac02b122a,2019-07-06,0,welterweight,0.20965568003583296
82a761b4999bf1e4b0ed7ae3,2019-07-06,1,womens_bantamweight,0.4210712833470863
c2f52b8c99f2b37b25e37032,2019-07-06,0,bantamweight,0.30227206100408066
0def7c9da3d4db6e32d57362,2019-07-13,0,featherweight,0.3332286421102421
f5fb1ec8c7952cc1c512ffa7,2019-07-13,1,bantamweight,0.31829667645163556
26dc516d4800e957e79c8b4f,2019-07-13,0,featherweight,0.28467442100408114
ac96fd559635b4c7fc75a95f,2019-07-13,1,womens_bantamweight,0.4857769148759663
05ef9aeb915febb76910a720,2019-07-13,0,featherweight,0.6334927304401906
ae0ff18a3c5eee3bc503d001,2019-07-13,1,womens_bantamweight,0.5214891273124618
70ae5877cea9f6b0ba4cccb6,2019-07-13,0,middleweight,0.2550679523810209
588a2bb6b75711c8e2d3461e,2019-07-13,1,womens_strawweight,0.3361876661829681
0570cae799dc63830a762f58,2019-07-13,0,middleweight,0.43398281202897526
945e0d3a9e212876ede075da,2019-07-13,1,bantamweight,0.4675814899719818
1914dbfdf41512962586abae,2019-07-13,0,bantamweight,0.7951791376399995
4c546f42a090e35397ce363f,2019-07-20,0,heavyweight,0.5426922104998347
63961ea6efd64b1b65d34c39,2019-07-20,1,featherweight,0.4567833107142496
477aadc01e427b1389921cdb,2019-07-20,1,lightweight,0.7449533512651979
7af42900e3f80f8ca159c103,2019-07-20,1,heavyweight,0.3531441409753087
bb5283ee8ccec9441f73135f,2019-07-20,0,bantamweight,0.34308966158773274
03e22b6afc8fc3827a3323ba,2019-07-20,0,heavyweight,0.5675065713027028
c39309c4e67ff537333ba9da,2019-07-20,1,lightweight,0.5895417650091681
180e942322ce1a8941b2e39c,2019-07-20,0,bantamweight,0.4350073666503796
af5eec7e9c1abcec258ac49b,2019-07-20,0,welterweight,0.47767892748183965
270ce34d482903a677fa17bf,2019-07-20,1,womens_bantamweight,0.5564542597866059
9bb0db9278511eb73cc534e1,2019-07-20,1,bantamweight,0.7009268003523829
58e855604932a7f6ee3f5606,2019-07-20,1,womens_flyweight,0.4097152199148793
6270c7e6a13d39f8b0f428ab,2019-07-20,0,light_heavyweight,0.6185125337650961
12ec13ec46af056c14efd03e,2019-07-27,1,flyweight,0.43201863879918023
1c6e856edd4101a3e500ec8f,2019-07-27,0,womens_flyweight,0.25784384474458405
51addb9d2b6072ced811c9b9,2019-07-27,1,womens_featherweight,0.5563207577729038
73b3d43d2c49d35aeaea8904,2019-07-27,0,welterweight,0.29899619948330414
05ed2239b2ea0fb046bfd3fb,2019-07-27,1,featherweight,0.28727512847900233
1295b55d2553494251bde142,2019-07-27,0,welterweight,0.413846820603079
1880f52d5d8d4a70093be8c6,2019-07-27,0,womens_flyweight,0.40383333261179044
b233c1151e28ec04b24cad4a,2019-07-27,0,featherweight,0.371300457628808
5f837399e34674ec11a971cd,2019-07-27,0,middleweight,0.41277055030625304
415e552f04f46d6a0dfa2bc5,2019-07-27,1,featherweight,0.8179034997433445
53c5de1fcd5d8fef19be7573,2019-07-27,0,lightweight,0.34734051365566765
6eeac113de6d8be6c115f368,2019-08-03,0,womens_flyweight,0.48994963584180173
37963509a7ad6fe9091a4260,2019-08-03,0,welterweight,0.32784584084244606
3c047e2900cccc1e8b515fa4,2019-08-03,0,welterweight,0.15356939146223403
e1fbac640d40549a81a34408,2019-08-03,1,light_heavyweight,0.5184784215731205
545e968860424db391f622ba,2019-08-03,0,lightweight,0.6055020611254484
7201d2665fc7c40e5001a557,2019-08-03,0,lightweight,0.2876118592483036
f1af8880bfb7c5ee39f0e313,2019-08-03,0,flyweight,0.5805124904546635
08c664eb57a74c77d855ffcc,2019-08-03,0,womens_flyweight,0.6653631174190623
3ca76db0b4b30f6617f3dae8,2019-08-03,0,welterweight,0.5604710328055748
d80baaecca990243dba2c73b,2019-08-03,1,womens_flyweight,0.5560360578714181
5a97ee77f95700513db584fb,2019-08-03,1,lightweight,0.5823243522228033
60aaa0218cf8078fe44e068a,2019-08-03,1,middleweight,0.36363860455431085
9bda4cca4c1560bdb475fa12,2019-08-10,0,heavyweight,0.44159561981066764
310b054339a286bb1219720d,2019-08-10,1,featherweight,0.6451346582189833
95f9071548c71c8a429b387f,2019-08-10,1,featherweight,0.5506683062593754
bb1f9e584eebc4445533e087,2019-08-10,0,bantamweight,0.6169245512521777
3cfa69ae9469d3e98e6e8c9d,2019-08-10,1,welterweight,0.5489193359983643
eb94bf7c64b05cef83a337de,2019-08-10,1,lightweight,0.6981983722676933
421e881d17b627912cc053c2,2019-08-10,0,middleweight,0.5884193227464245
40ad55cf214d324d07ce2773,2019-08-10,1,flyweight,0.33392394815033744
6cad3824255a247586943eda,2019-08-10,1,womens_strawweight,0.19548187905335965
366b24077b4b12afdda7f906,2019-08-10,0,womens_flyweight,0.2064694258627555
82a161559110934b283287e8,2019-08-10,0,womens_flyweight,0.46967224929650403
cafcc1a7d6eeee7dcac87f0c,2019-08-10,0,welterweight,0.4116447722306724
6bb4c1091c82f4a64ed209d1,2019-08-10,1,light_heavyweight,0.6596325620004816
952d0f85baf48e580adfcbf9,2019-08-17,0,welterweight,0.4956642826636969
763b7021eda95cec160668cd,2019-08-17,0,lightweight,0.4790240327407277
632ab47f31caa99776bafd3a,2019-08-17,1,heavyweight,0.43646221131149243
b14af30ec1b703032b1c7ff8,2019-08-17,0,middleweight,0.4666352822105183
2bfe269c743b9b99bdcb7bec,2019-08-17,1,lightweight,0.14471529531389452
fb841bfbd302bdfd92f09af9,2019-08-17,0,featherweight,0.351365016798886
5d4a75be3c772b6777d6965e,2019-08-17,0,womens_strawweight,0.3801995858267306
8b43d370f9a95a04823b6e21,2019-08-17,1,bantamweight,0.42176655813174896
2f96645259048f7ffc5e87f2,2019-08-17,1,catch_weight,0.46680321291841054
a412d12faf803a97f8b5fa87,2019-08-17,0,bantamweight,0.24045405543176218
f17d329e8a8236283607fb66,2019-08-17,0,womens_flyweight,0.33060741861510207
dc588caaf4e23b17b9b88f93,2019-08-17,0,middleweight,0.6375262138486049
1f035f3330e22fa82d2a3650,2019-08-31,0,bantamweight,0.47695659175320715
42555d1e8ce3c6e9f80f494b,2019-08-31,1,light_heavyweight,0.46625025495108136
1cd17e7a1ac6a13856b412fd,2019-08-31,1,lightweight,0.5612159468216912
4b6daf2f0a633140483ed5fc,2019-08-31,1,womens_strawweight,0.33090195398022704
dac218cda6b12fbf0566e953,2019-08-31,0,middleweight,0.4511421412991055
974033b9c21272ecc210e47a,2019-08-31,0,flyweight,0.5046216376146428
d656d282c41d79f44960517d,2019-08-31,1,womens_bantamweight,0.4759746951226759
b4c018c81b8c2840fc1bf217,2019-08-31,1,welterweight,0.3260457435337745
691194a03c43b9ec74c25c51,2019-08-31,1,welterweight,0.48432624736003127
5ef647d5242d0fc21e037ca7,2019-08-31,1,bantamweight,0.5292417843506123
3438a2f8e2061a5b3df0345f,2019-08-31,0,womens_flyweight,0.573526148418378
5fd241c02070d9383973e1ad,2019-09-07,1,welterweight,0.7598591407434081
dfa8aa41ae70e1bc02b18c64,2019-09-07,0,heavyweight,0.13935521435687187
d18690fc6b502d5e9828c33d,2019-09-07,1,lightweight,0.4265427564643577
5c4bf8f13e687607837641d0,2019-09-07,1,lightweight,0.496950616685927
a12f553a4bb3b6a0bc62f10c,2019-09-07,0,lightweight,0.45288622720017846
a6bde13c4fa732a086109c6f,2019-09-07,1,womens_flyweight,0.3376282098004731
8809a86b0765331ee3046ba8,2019-09-07,0,lightweight,0.32654876785536974
218ed25044345f0da0f1ab68,2019-09-07,1,womens_bantamweight,0.46915651552884174
4b5abc9b471d257e26814621,2019-09-07,0,lightweight,0.5554585314567971
88104c3216b870a94d094b52,2019-09-07,1,welterweight,0.3548254170343801
81f7b94567c3becf57b7c480,2019-09-07,0,middleweight,0.5889727286058232
4fa13ee966e6f925309146f9,2019-09-07,1,lightweight,0.6339192569150084
a24c84449925d91244224459,2019-09-14,0,bantamweight,0.6615015646549791
76b09b1ae45fb9768ca9f02d,2019-09-14,1,featherweight,0.44368996749925677
d52f32b4c96395db88e3df3c,2019-09-14,1,bantamweight,0.37794533061196606
cdebef1ad84897fe6e52dab4,2019-09-14,1,lightweight,0.6421643723377954
99a1382d0f54f8b36ae0f1a1,2019-09-14,1,light_heavyweight,0.1979869632536081
4657001db77127f01637d1aa,2019-09-14,1,lightweight,0.5118359532899331
cf978a340d3698c46fd69095,2019-09-14,1,bantamweight,0.6600401334314467
1a3fd89ca750799e7e003f98,2019-09-14,1,heavyweight,0.41536005874190146
43c10df3159c502c6de89daa,2019-09-14,1,welterweight,0.3122732346793701
7090bee0551cc8931473357e,2019-09-14,0,light_heavyweight,0.5046030542336352
3bda414f1341d69b2f6bec1e,2019-09-14,0,middleweight,0.6804341577606136
e675a50c92e763e9dbfe4d39,2019-09-21,0,womens_strawweight,0.5102254533650659
63e3f55fc8b51d57700eef35,2019-09-21,1,womens_strawweight,0.47061609080730316
307855e3460d7f7876deadf3,2019-09-21,1,lightweight,0.7661774196632036
a02b51f27087befa1a1128b4,2019-09-21,0,womens_bantamweight,0.392190705179639
6c639d934a292ba8bc90c07c,2019-09-21,0,bantamweight,0.42973969957239516
aac3548e1e8a354304ee6db9,2019-09-21,0,featherweight,0.48245120796277674
87ed37dfa7f497b5f77d6e30,2019-09-21,1,featherweight,0.4797034840093574
3cc89087f0c0ce6f6e5675ad,2019-09-21,1,flyweight,0.9100519751376897
1ba523d6ccedc31871693413,2019-09-21,0,womens_bantamweight,0.6899348575157558
47758d29bd662b3fd1939d7f,2019-09-21,0,light_heavyweight,0.33979685215439565
4c5ca474ab0b5ce8ca07a033,2019-09-28,0,middleweight,0.6470392638986932
2ef6cc622d891b2f47cc02a3,2019-09-28,0,middleweight,0.5720272610077448
c24762d1540afc7892a6a11f,2019-09-28,0,featherweight,0.7465445623196987
a74f028feadcc12f9e059d34,2019-09-28,1,welterweight,0.5904969655388956
58043915ba1655663c54db19,2019-09-28,1,light_heavyweight,0.5420601263732375
24165e221c133e0f8521184c,2019-09-28,1,middleweight,0.3330885719311186
db9cb586eea9be24aa022a81,2019-09-28,1,bantamweight,0.41878623199223564
c563a8cbab69fdedc2ca6293,2019-09-28,0,womens_bantamweight,0.8266156788608802
2e2ac3805ce6106ac7b08c39,2019-09-28,1,lightweight,0.5504952297899314
1badb9e1370a7f530b41dad9,2019-09-28,1,lightweight,0.21437171101084213
2667de7839876ddd18c5922f,2019-09-28,0,light_heavyweight,0.5233163046372026
838f2253c05f15ea4d21c1bb,2019-09-28,1,welterweight,0.18903783421326564
fceb01a3e6afb83d628ca021,2019-09-28,0,welterweight,0.35206918126725734
300838f93508ed30e50c5104,2019-10-05,1,lightweight,0.4891306289087318
0cb55ec63b83f5626f97c769,2019-10-05,1,lightweight,0.44268493694621075
c9b3790271aba99a0f5d563f,2019-10-05,1,welterweight,0.2143455032438322
59503950de9880dde6cfbd9a,2019-10-05,0,welterweight,0.33597430439345805
2efe952bc9906d2d8ee63d99,2019-10-05,0,heavyweight,0.576550106815257
03bdb3f550d8728b99736cb5,2019-10-05,0,welterweight,0.45986741466742465
60a4cca6160e77a434c836eb,2019-10-05,1,womens_featherweight,0.512832255612141
7a45e3425d11cee03efad9d2,2019-10-05,1,womens_flyweight,0.5229290195129066
b31117cda02191539a7b1042,2019-10-05,1,middleweight,0.6056819412461159
1541bbe0810786a062a2ed75,2019-10-05,0,heavyweight,0.9367130938368744
47228cf03cd4105dd977ba6d,2019-10-12,1,featherweight,0.510542210032276
65e84e21f699586e3aefedd3,2019-10-12,1,flyweight,0.6342497051087066
3d03b631b4587e1ba05b7567,2019-10-12,1,middleweight,0.5246595090873899
c1e628e157c0b3b603970990,2019-10-12,0,womens_flyweight,0.3989004814596515
b8d46870926615857be3f630,2019-10-12,0,womens_strawweight,0.20493876450757678
eb864e622ea92270ecef192f,2019-10-12,0,womens_strawweight,0.24356054205177868
85c6d7ac2b40e91bd0e22ab6,2019-10-12,0,bantamweight,0.3254998244165688
5f52782a6aa56ba0f3a97b9b,2019-10-12,1,middleweight,0.6396536860909362
c1512c7e186a2ad2d9405660,2019-10-12,0,lightweight,0.854176083676252
277f3f3cb03bddbb79f8c1b5,2019-10-12,0,welterweight,0.5048571450359947
845f9a197d8e4dbaeffe8afc,2019-10-12,0,welterweight,0.25106114359635673
9c76094ff9dad4b08a83fa97,2019-10-12,1,lightweight,0.41314828222981154
a22737adaea8f3c24329fca1,2019-10-12,1,welterweight,0.2945030671464716
27e1fa1e0f0a4ed7fd4da048,2019-10-12,0,light_heavyweight,0.4197365795532441
ca0cd07f144ce35471f77fe5,2019-10-18,1,middleweight,0.23277010659225103
43a68b57b8ea07e036eda841,2019-10-18,1,featherweight,0.3276698255429826
e0354f103924591f691cb6e6,2019-10-18,1,welterweight,0.44233370246421283
23340c1c1beee7c9694fde06,2019-10-18,1,heavyweight,0.4751174508077391
855a0f86334b84d5802b5b3c,2019-10-18,1,middleweight,0.6116643428453259
4535cc5c754f6cfab853349d,2019-10-18,1,light_heavyweight,0.3464164983092524
312e5a705d9ea69f9304369e,2019-10-18,0,lightweight,0.7914174645638802
dd1a5c0133b77b445e4da39d,2019-10-18,0,featherweight,0.4311975306243796
924db0cc13ef377747acd751,2019-10-18,1,womens_flyweight,0.5360962920551761
1cbc40e89a4a3808ac58a6b2,2019-10-18,0,womens_flyweight,0.38349843537882977
8017582ad0a64b3df2a1b1f1,2019-10-18,1,bantamweight,0.9016948222127885
0b8035462f110001d74cfccc,2019-10-18,0,featherweight,0.1936674466580681
e547a10b6f576ac5ce766f3b,2019-10-26,0,lightweight,0.47733657239352095
e3e811b0d565e05ccc653f76,2019-10-26,0,heavyweight,0.28676720320125154
068191c5ec0442a5f327a13f,2019-10-26,1,welterweight,0.8525692301830397
a36870d79a38bac025ca994f,2019-10-26,0,featherweight,0.5204855079918204
f0d2710e45778380c740e9a9,2019-10-26,0,lightweight,0.36228369421420376
0d3c456a7272d86e8ebbb604,2019-10-26,0,womens_strawweight,0.4365961560547037
ec961ddbd1b2a583933bf1c7,2019-10-26,0,heavyweight,0.4977514359870799
747dd08852da9f2fea81933a,2019-10-26,1,lightweight,0.6469839045728604
54365bc0fbf2054909ffb52a,2019-10-26,0,welterweight,0.49635072313124773
3d08ad4aa2e7c798a261b317,2019-10-26,1,womens_strawweight,0.5095012708220154
3c0c040f3ab9eee3625380a9,2019-10-26,1,heavyweight,0.3079532256147465
e493a0b30451a3c7301cdb30,2019-11-02,1,heavyweight,0.7032841446155799
b6ed2b7f241d89a1c2e5768c,2019-11-02,1,middleweight,0.780260185664007
1179f435dc339904ffba59f4,2019-11-02,0,light_heavyweight,0.521715799620713
fcd1f11d558f57139634bfd4,2019-11-02,0,heavyweight,0.38472285140268153
b40746bfe9247aa2ab1cf62a,2019-11-02,0,welterweight,0.5222474361721952
9be0b4ced3f43e9b5e0307d3,2019-11-02,0,featherweight,0.44654505796613037
3ef97578ff086342ac3316dc,2019-11-02,0,womens_flyweight,0.4628510992081156
6aac3558b27bea053402a041,2019-11-02,0,middleweight,0.49260407304536086
6bd651e672f1383eaaa3488e,2019-11-02,0,lightweight,0.35983695007311556
bdd7d638521a5220ece47138,2019-11-02,0,welterweight,0.48823688432777673
77040a488134a21632e5e1c1,2019-11-02,1,featherweight,0.5224576701422026
16af1afe443d2d04a0b3004e,2019-11-02,0,welterweight,0.5734224378737759
f936a2e7fe354fd8511c7843,2019-11-09,0,welterweight,0.3730982560738158
1e2f3752f6c52b1f4a02d6b7,2019-11-09,1,heavyweight,0.5995469245273214
1a1c5e4865c1d0486f79c7bd,2019-11-09,0,lightweight,0.2900938197957509
640793902348858ab72aa43f,2019-11-09,0,bantamweight,0.4922235996666248
4b1a6b415dfe50f3c9f1dbb5,2019-11-09,0,womens_bantamweight,0.39966206206241456
f0ffe0e3b264df9b5db97006,2019-11-09,1,light_heavyweight,0.22091111831088506
f1793f6ef34da4257673c238,2019-11-09,0,light_heavyweight,0.5326259744115405
31bcc23345e28ba3b19c96e4,2019-11-09,1,welterweight,0.6527080510658736
b9697c6e95b6549c714acf96,2019-11-09,1,middleweight,0.6877678489315385
e106bc203bf221eab415c9d6,2019-11-09,0,welterweight,0.2931011159587852
43e49e7eac931187640250f8,2019-11-09,0,light_heavyweight,0.6358785897863056
1f6dc7a779838723b04fdcd9,2019-11-09,1,featherweight,0.6927413234319902
35a1c6a2fd428e45b7ba56ae,2019-11-09,1,welterweight,0.4813673668672824
9c39de42c4252efea5a6c7a4,2019-11-16,1,middleweight,0.5636140512984545
76080b6d4a1730806ca74745,2019-11-16,1,womens_flyweight,0.35495044528925557
ca0ede83403f2550325f5cf2,2019-11-16,0,lightweight,0.26704572001439214
895cdfc1522a784865e69ac8,2019-11-16,0,featherweight,0.649699516561198
14217beddf84c2e52c742fae,2019-11-16,0,lightweight,0.6803355734021472
353fdcce1036b674908aaa84,2019-11-16,0,light_heavyweight,0.5252240070602682
9da66ec4bb7eb06c55458f10,2019-11-16,1,middleweight,0.6224694941295152
fab55b1d74b0c72834f8c73e,2019-11-16,0,featherweight,0.15112189687894756
0cd8da7c25c1fda31ca49a51,2019-11-16,0,welterweight,0.4761455733340347
3343bf88c488f245111644cf,2019-11-16,0,womens_bantamweight,0.37830379471075326
ebb3391b28a1a863bca84b60,2019-11-16,1,welterweight,0.48514695631788124
9dcdaba00e3d7661c2c20a0f,2019-12-07,0,heavyweight,0.3199792905702163
3f0d6005bcf5d8d74d490e25,2019-12-07,1,womens_bantamweight,0.42290014006346355
af619e0f50e39d9a3c707cbf,2019-12-07,1,featherweight,0.37521748756719814
70a295b55866179ccd1d2ba9,2019-12-07,1,featherweight,0.5157771740792724
9f1bc6cac3951396363e743b,2019-12-07,1,lightweight,0.7444231895269542
ae915d199d0a3212d88d4bff,2019-12-07,1,middleweight,0.676220320363276
b807573eed5a4156c41f13d0,2019-12-07,0,bantamweight,0.5804792434778321
c9a6fbe648a7cc56f81d7315,2019-12-07,0,heavyweight,0.4624706102963498
831cacee5fffa61376db4fc9,2019-12-07,0,welterweight,0.27131852968812137
2138569b556c4d614e8bb628,2019-12-07,0,womens_strawweight,0.38474636909069193
029906e95258805fd3ef5825,2019-12-14,1,womens_bantamweight,0.6837992020901862
d5b4dfb3ff65f3dbb6fca19c,2019-12-14,0,flyweight,0.5146406136978527
ce5217459171cc8b3b06b8a1,2019-12-14,1,featherweight,0.6778533990855705
33e7da705762dd431b060f57,2019-12-14,1,welterweight,0.4873033773445795
f66a474497dbfe8160053545,2019-12-14,0,middleweight,0.5077891448908094
e78313114f040c2eb306caca,2019-12-14,0,womens_flyweight,0.583341023771596
c278d51e7be09fbca132ce23,2019-12-14,1,welterweight,0.5328916687635451
08209dc137ca29ba95d0b9a9,2019-12-14,0,womens_bantamweight,0.45950051894883803
c1ada04837f4f0ae52b28b1c,2019-12-14,0,bantamweight,0.48185237382116103
effa322cf0f61bf8fab0059d,2019-12-14,1,welterweight,0.6021073606011828
f1218bf5097065169418303d,2019-12-14,0,featherweight,0.5467246423955034
aa231dbbda45b913e6c739e4,2019-12-14,0,bantamweight,0.1420413612505987
75abd93d36786b68de733b5a,2019-12-14,0,middleweight,0.577676848045146
ceb9eb09b6543ade92a2fc57,2019-12-21,1,bantamweight,0.42924413822312285
bc5dec6484ff60b254a2bf9e,2019-12-21,0,flyweight,0.44525103097588237
5e29733544b68ed9577a8341,2019-12-21,1,heavyweight,0.5894173346401097
7d8361c453bd229c2f8ab6af,2019-12-21,1,light_heavyweight,0.4320069317949193
fdfacd8404d0eb95adcee649,2019-12-21,0,lightweight,0.612452944166834
f9e7b8638de2149e61e51154,2019-12-21,1,featherweight,0.4623875622339565
8a987c4579dbf3e22f1d5ff3,2019-12-21,0,featherweight,0.5168464169761204
b93afc4960a3dbb6e25c0b1b,2019-12-21,1,middleweight,0.25397550895728005
ff575235c773175d33e45307,2019-12-21,1,bantamweight,0.5895104803605793
852967885dda5170546df8c6,2019-12-21,1,womens_strawweight,0.12572501552274928
3443c05c299fb7b8610b44d4,2019-12-21,0,bantamweight,0.692778076448059
6c4e36c79471be03e79e25b7,2019-12-21,1,featherweight,0.7103712680871737
3b0c3a4939fb8a567ab24b63,2019-12-21,1,light_heavyweight,0.44840242557054194
dbaeff63b18a6d92838f98c2,2020-01-18,0,light_heavyweight,0.41267117818307075
32e3ff4610a5a504ed917afe,2020-01-18,0,heavyweight,0.6040831555848483
1826d3fc74bb2d6ba256950a,2020-01-18,1,featherweight,0.5441777019372581
299419704af40353765232da,2020-01-18,1,lightweight,0.5580109052799725
a1906b428b2b7f692430e2cb,2020-01-18,1,bantamweight,0.5238454028731718
66d951441f61c860a46dd18a,2020-01-18,0,welterweight,0.33346888233576816
049d7f10a2408eaeea36b79b,2020-01-18,1,lightweight,0.301575065992832
8c49399b3602fc1ea7faab1f,2020-01-18,1,womens_bantamweight,0.4835763017391742
894e5a6b67f8fd390b461dc8,2020-01-18,0,womens_flyweight,0.8072775895981635
31631b1099dedbc551cca061,2020-01-18,1,womens_flyweight,0.47413441669599427
818e4e2f4882a32d5136f9f8,2020-01-18,1,flyweight,0.257288334005219
535e643e38e6e106255034d3,2020-01-25,1,featherweight,0.7082762894235081
fa88c98e5dae1a9d570d00f3,2020-01-25,1,middleweight,0.6468811213727722
3be9f2fb380b4adfe9142fad,2020-01-25,1,bantamweight,0.6534170526477069
3ceaa0ce879bb7f0a68da029,2020-01-25,1,heavyweight,0.7430485311653847
70b24348fe735b27fba60a92,2020-01-25,1,womens_strawweight,0.5427671597701086
4da0ae30154e9ffeae7d071a,2020-01-25,0,featherweight,0.508102063108221
2a8739dba9f6bbb8da7160b0,2020-01-25,0,light_heavyweight,0.5749155261537072
f0db58925ab2f01282c6aed8,2020-01-25,1,flyweight,0.6407584820595654
611387fbcb2688d824e09cfa,2020-01-25,0,womens_flyweight,0.5678199621189086
34d2e609fae11eba0361d28c,2020-01-25,0,bantamweight,0.3809399882710174
49c737995706c23811737d45,2020-01-25,0,welterweight,0.5261703622589544
c98a7a3f6e065503e752b443,2020-01-25,1,womens_bantamweight,0.45131114024951546
58f8cedb4f1c4a8acfe97da0,2020-02-08,1,welterweight,0.4339444330788062
f791308687846b968ecb6e0b,2020-02-08,1,bantamweight,0.37488367071745715
45d8c7be4e945420d00361ae,2020-02-08,1,featherweight,0.5370077820043683
a3ce1d91d4f5d48cb71fcfe9,2020-02-08,1,heavyweight,0.6713433815502565
ff6a60aa5038e8415ec8939f,2020-02-08,1,light_heavyweight,0.8087913378500938
e68dbb04527c15178f4140e6,2020-02-08,1,heavyweight,0.7401001278104707
b2b4d0831802f26e83e6ccc7,2020-02-08,1,womens_flyweight,0.29430236886061056
8d68545109734da047569b52,2020-02-08,1,bantamweight,0.2640666172287863
9849cc2855f955fab6058523,2020-02-08,0,featherweight,0.43021476534018216
d1b4cad82cb530a5cf8cacd1,2020-02-08,1,middleweight,0.3601719620844658
1f5ca783acb07145072da725,2020-02-08,1,womens_flyweight,0.7386478107647505
2085d5052f8ce3f92633bf3f,2020-02-15,1,lightweight,0.5845711056334156
8de48a03581e7b5f3ae2d006,2020-02-15,1,bantamweight,0.4944729321840868
bd22d4e2756e0f228a221025,2020-02-15,0,light_heavyweight,0.5001092720789597
c7f13fe85a89872d7c7fdc4a,2020-02-15,0,light_heavyweight,0.2985303053462967
1ff4a3233a4e3de253086d78,2020-02-15,0,welterweight,0.716712821758541
f8d3fabff42baf18c7e8c6d5,2020-02-15,0,lightweight,0.26291013092831683
52e04780edda9cf0618b9152,2020-02-15,0,bantamweight,0.747300801389758
828bae559074c156bab9cdec,2020-02-15,0,lightweight,0.3932836374694888
e2092c0a9fda00799fd85248,2020-02-15,0,womens_bantamweight,0.32534866378719046
344da31964fde9819457c241,2020-02-15,0,flyweight,0.470245765206593
7a47b5bdbb687c1295999f5e,2020-02-15,0,womens_flyweight,0.45066611100384896
e21273dacc8544d24b825430,2020-02-15,1,flyweight,0.6925241071767038
806a30c5a3bc9369c6e1864c,2020-02-15,1,welterweight,0.39710269736910797
3345db9eff688ec37ec0f2f0,2020-02-22,1,heavyweight,0.5499782591375141
405c0a662bf5e5bd6660107f,2020-02-22,1,lightweight,0.6103968761540369
957ee110d743be59ac63bd6c,2020-02-22,1,welterweight,0.7883151048218819
55fc23885a358078ecffc231,2020-02-22,1,welterweight,0.7255631455645014
3d852084c8c58ac9c0c3866d,2020-02-22,1,lightweight,0.5133873330086548
6d9b24acf3b0a085f063254d,2020-02-22,1,light_heavyweight,0.366724726263105
7ec2485289f1c9b63a5792d6,2020-02-22,0,flyweight,0.2669499992231355
e4febcd3b9270378b88c2c8d,2020-02-22,0,womens_strawweight,0.4416896288898941
06cda90846ecf341619165c4,2020-02-22,1,featherweight,0.5339301389420684
c081058b8760ebc49b1844fa,2020-02-22,1,womens_strawweight,0.5214952845325586
0a118b568754c03f74e85a68,2020-02-22,1,lightweight,0.74930345548374
e8ddc97cca6d0a5d378ee12f,2020-02-22,1,womens_flyweight,0.6424516982972687
bc05c73c776a23522465fbba,2020-02-29,1,featherweight,0.574863861916838
67c513c4904f8faedf720155,2020-02-29,1,middleweight,0.3608701953791222
225a42fc041d7b46d5bfaca6,2020-02-29,0,womens_featherweight,0.30206639930817236
12c618f5f471aac6cbe2f559,2020-02-29,0,bantamweight,0.6379451360993765
7c35b87c3259435af9f305f0,2020-02-29,0,featherweight,0.18554936006178346
b9199fdaf47f5fe86002cdc7,2020-02-29,0,light_heavyweight,0.5560890056616844
a9d1e14c018c2bd7956f85b7,2020-02-29,1,featherweight,0.6352423949354227
959d009361301a02cd28d861,2020-02-29,0,flyweight,0.3988414739377606
c5b2efe1550d9fc74302f4ae,2020-02-29,0,lightweight,0.2822810621486078
af291c699433bd04d136b64e,2020-02-29,0,heavyweight,0.44373163362441254
0192a4baef7d9bbc35d07b36,2020-02-29,0,womens_featherweight,0.39294412810946283
8233a2bcadaa15eb353a00ac,2020-02-29,0,welterweight,0.7199947540030592
ac32a2ac43ae6ff31c4c058a,2020-03-07,0,welterweight,0.3712808019537822
2994a65fc60a7ebda1abdfd4,2020-03-07,0,bantamweight,0.24008997440800375
4dc37410ffdd722c5c13b647,2020-03-07,1,lightweight,0.49426493328592325
bbd0ec55ec6433a7ed39dada,2020-03-07,0,middleweight,0.29517756044757837
29c5a22950b852875c2d2859,2020-03-07,1,featherweight,0.5867587201962506
fd70dfb0a7f2d8d11002f31b,2020-03-07,1,middleweight,0.8213522699772614
0a2d16d65f1e0a9aa0e5ad91,2020-03-07,1,lightweight,0.849315328246264
6d49420f915f8986e125d116,2020-03-07,0,welterweight,0.43461470252943335
b8fe0a7b1ff0416078863f66,2020-03-07,0,middleweight,0.570065230968796
5f2af6f949d46196346c0969,2020-03-07,1,bantamweight,0.41390029065530615
49093c389ab04a0502e74269,2020-03-07,1,womens_strawweight,0.4323164363438287
dcbc89946cfd3b60dc2896a5,2020-03-14,1,womens_strawweight,0.7915705638659136
ab4e9d192e4c6a16d88cfa78,2020-03-14,1,flyweight,0.5586739624555926
0629e69e4cdef6010afb82fe,2020-03-14,1,welterweight,0.790252991331728
12fcb4b15eab88cc21a628ea,2020-03-14,0,welterweight,0.43613405288580315
3397e1f912942f4951412964,2020-03-14,0,lightweight,0.6500190535774545
0b804ef15016f4701a6c3b27,2020-03-14,0,light_heavyweight,0.4192783755091939
c060ae13226dc57054e79419,2020-03-14,0,flyweight,0.36527286144223614
1f8448a33794600e3b26b116,2020-03-14,1,lightweight,0.40921235819634433
8f283b50bf60f4ca662fb534,2020-03-14,1,womens_flyweight,0.3753400592919621
7171685f49e42fc47e27c391,2020-03-14,1,lightweight,0.7751862237131102
832f4ad5e6462a116d4f8af9,2020-03-14,0,womens_bantamweight,0.6319085978752743
009aa0b869e610f7e796e750,2020-05-09,0,heavyweight,0.46084728702371774
c103c970f04eb87287a0e4b3,2020-05-09,1,welterweight,0.47188727378978734
cedffd9e5eec6ce82f7c101a,2020-05-09,0,featherweight,0.18909727257341538
a0e32d72c7de88f4800dab59,2020-05-09,1,womens_strawweight,0.6149253249768231
ae7dca63a813f4d6c52b1788,2020-05-09,0,heavyweight,0.4195199050102573
f8880f1d649f46e28a73ca8d,2020-05-09,1,heavyweight,0.7356542016535438
5384d7c94e5a0e0f2f57d0aa,2020-05-09,0,bantamweight,0.3892268443499975
b0b04e108bd700e4b9506bb6,2020-05-09,1,featherweight,0.6426410626246568
4e861f89eebf4bd6240193ec,2020-05-09,0,light_heavyweight,0.38737869260533436
da967b755aeebd0969453818,2020-05-09,1,lightweight,0.4819714736525654
5922566ed6339c4bee68789a,2020-05-09,0,welterweight,0.33504563100135837
9327fe46dbb648274dedf148,2020-05-13,1,lightweight,0.39664188809771744
b4e09acb3ef8fb916cd20042,2020-05-13,0,heavyweight,0.5576946353830694
099226a1af8eaad416e33ce9,2020-05-13,0,light_heavyweight,0.8208512566637894
85583e946a1afc739c7971d5,2020-05-13,1,heavyweight,0.3133077377127433
30f7d6f26cdb555e1863bacf,2020-05-13,1,heavyweight,0.5599458290875812
77c3d8ba834acfc857c5d9ad,2020-05-13,0,lightweight,0.5552394330316164
281018bae372254e896f953c,2020-05-13,1,featherweight,0.46573471654859944
11a75f048fd5a8ce402d014c,2020-05-13,1,lightweight,0.7137217667086252
eec530344c8a5b1193095b97,2020-05-13,1,bantamweight,0.28326332734177456
fc27e2a2bb4840d583e6af05,2020-05-13,1,womens_bantamweight,0.5937547356274738
56eb0df2ba5e8806fbb8b6ac,2020-05-16,0,heavyweight,0.44263829557123513
4431b6293af599f45ff88ce1,2020-05-16,0,middleweight,0.3473143986047884
2ab2b9f636e1f691e06be87f,2020-05-16,1,womens_strawweight,0.5714542578565848
2013fc705603e4d2d485f766,2020-05-16,0,womens_flyweight,0.4813728404680266
5002aab7fcb128933ec0f428,2020-05-16,0,featherweight,0.2811483071724136
6b06bb42128fb721e64e27d0,2020-05-16,1,featherweight,0.31294697017458345
700c19e5d8072a2eb472243d,2020-05-16,0,middleweight,0.5521401560125142
e484e0ac9450e9273c0358cd,2020-05-16,1,featherweight,0.6006724058738487
ca6e34d9cb638eb1628a7523,2020-05-16,0,welterweight,0.26048867491752287
9a367f827403d6a654fbb184,2020-05-16,0,heavyweight,0.3748405600055746
bc93d93ef97ad802b83b9d42,2020-05-16,0,featherweight,0.36109673568924533
ee05f5ee9431052c10688e3a,2020-05-30,0,catch_weight,0.7109733958625764
4666770439ba8c9851230139,2020-05-30,0,heavyweight,0.41341141529451736
30e2e97fde043513c4e768c0,2020-05-30,0,featherweight,0.37187856462885976
4daf886ecde6eaec42a3a025,2020-05-30,1,welterweight,0.6075998592307381
cab113a35cf2265258613c6a,2020-05-30,0,womens_flyweight,0.3051305638570059
1ac169b7d2f5b29552a8b0c2,2020-05-30,1,bantamweight,0.5264954530854079
13b094ecc0ecaf09072cf52a,2020-05-30,0,womens_strawweight,0.2944569172315543
c05df91759ec1c10158435b1,2020-05-30,1,lightweight,0.7662030040781733
50b9b416e5e3b3851dac3a6f,2020-05-30,0,flyweight,0.5909083342036717
2d149a8495bc57d125ce4598,2020-05-30,1,welterweight,0.6541033508963655
820e89cff0edf608156421bc,2020-06-06,0,featherweight,0.7834243657148843
97226c5d11d686649ed3e022,2020-06-06,0,bantamweight,0.40234192057984275
24970a4f8d6d139317076c24,2020-06-06,1,light_heavyweight,0.48886318204683843
28044f1dbc515f3c272522a1,2020-06-06,1,womens_featherweight,0.8204178783889039
14525c663d20a7a85c31b0dd,2020-06-06,0,middleweight,0.49951483868497354
4858c091f6e5f1675c2a3e4e,2020-06-06,0,featherweight,0.27013617838003523
f5093e48c887c2911361c958,2020-06-06,1,bantamweight,0.7503059893968763
478b9433c1b69ca56c69354f,2020-06-06,0,catch_weight,0.5648102713349428
34cf054f6fef1a96d7b033e6,2020-06-06,0,middleweight,0.42714295899165283
41234e8af82999c05cd8e76b,2020-06-06,0,flyweight,0.36928110894242727
0af06c0ad5c72afe4111ca93,2020-06-06,1,welterweight,0.35230770910596626
e31c4c6b7eef770d9e0c6969,2020-06-06,0,bantamweight,0.1958008628182273
886bbd2f6a3553ba3983567a,2020-06-13,0,featherweight,0.4114762368896932
89e05740fd45ec7c49dee28a,2020-06-13,1,welterweight,0.5037967557888207
0307782c584315ff5b11eb53,2020-06-13,1,lightweight,0.3438646358765324
62e7a1dbde465ca7534617e6,2020-06-13,1,womens_flyweight,0.5510832593320077
8a6e39649a3fec737d38320b,2020-06-13,1,bantamweight,0.4762147018376152
c630e7885cdd36b6b14cca59,2020-06-13,1,womens_bantamweight,0.6327365900793918
3e172364fc518e64ef6c7969,2020-06-13,0,middleweight,0.437687483545264
2259ec8201adefc465ce8c23,2020-06-13,1,womens_flyweight,0.5946285950855817
923433619c20dd750c2205af,2020-06-13,1,catch_weight,0.74553304109265
e8151d9214dc667480a5a0cd,2020-06-13,1,bantamweight,0.5222212599767262
290d4ab10e5aa919a128037b,2020-06-20,1,lightweight,0.5707729553056171
cbdc4ad6d5473e19d6df57ba,2020-06-20,0,welterweight,0.43696925908372125
35dd379f6c827a39c9ea2a80,2020-06-20,1,lightweight,0.6955494417472048
0ca95193d549deae06a43dfb,2020-06-20,0,womens_flyweight,0.36740386259998203
42a699b0e1e0b47000777a51,2020-06-20,1,heavyweight,0.6530905334278777
11a2b83fafaadd00beca04d6,2020-06-20,1,lightweight,0.37299160310849816
dab5c40932dc5108516b8357,2020-06-20,1,catch_weight,0.12033959724424646
1702be42945c42f331abfb86,2020-06-20,0,featherweight,0.4456827834709469
059fc403c1199ed58dfefd1e,2020-06-20,0,womens_bantamweight,0.20763209891438086
cd96fe8c1990581afcbc65fa,2020-06-20,1,womens_flyweight,0.5196944137225137
af88d28bf7e8107238ee84eb,2020-06-20,1,womens_strawweight,0.5283371011818061
82c23a4256fc112839a21e37,2020-06-27,1,middleweight,0.7272427134817591
de98f026bdf72951202b6d58,2020-06-27,0,lightweight,0.5851165437689806
3f23da8e6c5be0676895513e,2020-06-27,1,heavyweight,0.47792340600002564
b66fca201dea49414ec29f35,2020-06-27,0,featherweight,0.34989059178981674
c4e0a136fe5ffd850886b385,2020-06-27,1,womens_strawweight,0.5851284265902977
2fdfc02f2b246b2cd90069a6,2020-06-27,1,lightweight,0.3210603785451661
c13e18c821c98fe6fce0b80e,2020-06-27,0,welterweight,0.3900761117322374
44b541d2c96511df188e7335,2020-06-27,0,heavyweight,0.39314694395514077
c19913fffb602e14f3e2082b,2020-06-27,0,catch_weight,0.8022694594538974
006f504a194d5223fe79b4df,2020-06-27,1,welterweight,0.6223568347845979
be848e2721065a0114893812,2020-07-11,0,featherweight,0.4267702299486149
1f3620c84ae614757d7bfa36,2020-07-11,0,womens_flyweight,0.2531609605340261
2aca388948ad79e83a84cf15,2020-07-11,0,welterweight,0.5917660503827175
574672682df84871761a5876,2020-07-11,1,womens_strawweight,0.6156003163008922
83c960d387ea71ac2b87a5ca,2020-07-11,0,welterweight,0.20225456403744044
51718fa99d2beeef65554230,2020-07-11,0,womens_bantamweight,0.4162735341060748
d15cc1d2230aa928274889e4,2020-07-11,0,lightweight,0.408491194359969
203ac34442d30277d30b534a,2020-07-11,0,featherweight,0.22479597383492403
bbb50c2b6683640361da5f6b,2020-07-11,1,heavyweight,0.7208642899773146
c47da9117ef9cb0c55d90f33,2020-07-11,0,bantamweight,0.6882958346145847
0d11971457c4175b965c7f87,2020-07-11,1,bantamweight,0.699148758545747
511b42aba92448e1f30bcceb,2020-07-11,1,flyweight,0.7447955004487219
b8cb51bb58d9db4514c8a4cf,2020-07-11,0,light_heavyweight,0.7265141407501473
3cb54ea87dbfd559fefef2b7,2020-07-15,0,welterweight,0.5587362035046305
884115a97758c772c9a1aa6e,2020-07-15,0,featherweight,0.696219520150792
e030c4b4274431ef2741e6c9,2020-07-15,0,womens_flyweight,0.5431784561168981
a8f801019d4eef0e77d9ae1a,2020-07-15,0,bantamweight,0.10954687713044674
b3e069741adc630204893233,2020-07-15,1,featherweight,0.5148696722236289
e15671cec5d44e671c10a445,2020-07-15,1,featherweight,0.36399613408906956
8b32ecec48dbcd2195ac45bf,2020-07-15,0,middleweight,0.33616312382760527
07704ef1301d2d6ce8009af5,2020-07-15,1,light_heavyweight,0.5574541197670442
b612d80bd5c03377090d4d3e,2020-07-15,1,womens_flyweight,0.5410324586527486
9f333d28d7717b8654dfa658,2020-07-15,1,featherweight,0.1753076092016513
456ab7958561d909b67e3864,2020-07-15,0,flyweight,0.4533410514693541
8f69fcae4224781b3c9cfa38,2020-07-18,1,flyweight,0.4194854679375296
fa1912c548967b80aa56bf11,2020-07-18,1,womens_flyweight,0.42932149013148807
6919180ec57b7b188061ac38,2020-07-18,0,bantamweight,0.6224788509258776
74993216732e68a332a88a7c,2020-07-18,1,heavyweight,0.575221704389826
cd37985766a8aa01b735f39b,2020-07-18,0,lightweight,0.3976630002063281
1940aee687891ca4a94afbfd,2020-07-18,1,flyweight,0.6413627674035604
9fafa8c93b811a3746eb31e8,2020-07-18,0,catch_weight,0.20416420924581186
f86ab16d919a25d4da537f58,2020-07-18,0,middleweight,0.48785979146718195
66da3b6f9f4cf7e4157872a1,2020-07-18,0,lightweight,0.3768043450515498
4a09d8daff5488361ff890ac,2020-07-18,1,bantamweight,0.5676972272160407
e038f9564dda467e4997ce35,2020-07-18,0,lightweight,0.656642316215082
8cd39f466756d30dadd88be2,2020-07-18,0,light_heavyweight,0.7289303845896606
aa414e556f0b92cf8400036c,2020-07-25,0,welterweight,0.30229138947638606
9ecf8c24eea5a923e8f4b148,2020-07-25,1,womens_bantamweight,0.6404351588704775
b345fd117c26ce8ce1ef6e60,2020-07-25,0,womens_strawweight,0.37767363671725324
0c7ab3916d55a17df15a3a83,2020-07-25,1,heavyweight,0.093174174876991
39cab37f486024ecb9db2635,2020-07-25,1,lightweight,0.5156619276522525
defd84b0599cc0d92b68f3d9,2020-07-25,1,welterweight,0.6879812681819492
463933bcaf017d47e453066f,2020-07-25,1,light_heavyweight,0.6756478686810224
774acac56423a0c607d073ed,2020-07-25,1,featherweight,0.5650072033893737
f8145b4bb7b5e3cb97d4dc9c,2020-07-25,0,bantamweight,0.2053925848214869
6ce73abee15e58ac43b79445,2020-07-25,1,light_heavyweight,0.6009303708719472
85e0c0d613fc2cb13a184545,2020-07-25,1,welterweight,0.7043558548106932
d7af924b081837726a8d950e,2020-07-25,0,middleweight,0.4697337434482906
11685689bd05b8ae21ca67b2,2020-07-25,0,heavyweight,0.2646499627807049
376525f5ca63a4c27ff6decb,2020-07-25,1,heavyweight,0.449583030644888
8332a93dfb22029ffd97dce6,2020-08-01,0,middleweight,0.6193716351771296
accaf5efe3560f60755f9237,2020-08-01,0,bantamweight,0.16818280053337875
77f7f2dbc81095fc4709e0cc,2020-08-01,0,featherweight,0.26667066689836383
803e4699563eeaab313ee6f9,2020-08-01,0,womens_flyweight,0.589586418014989
cf1b0a8a8ef42f5355c57ac5,2020-08-01,0,featherweight,0.5319483447027971
74ada4c73df8d55a25668c40,2020-08-01,1,lightweight,0.457245775656421
11b2bdce33b4daa385378c1a,2020-08-01,0,welterweight,0.4648765248612092
210876a707716aedd484fb62,2020-08-08,0,middleweight,0.5830475866184381
55d2db7e55ff9ef810d8a2d6,2020-08-08,0,lightweight,0.4676792960572496
04fb7fae5eccd9bfad3b30f5,2020-08-08,1,heavyweight,0.6552468810464293
9c4d9994434bee6a49132946,2020-08-08,0,featherweight,0.7509994169469357
868200fb7ccb6878e63a9732,2020-08-08,0,bantamweight,0.404822544154328
7ba96474f9f6f546663fb612,2020-08-08,0,middleweight,0.2551929378803872
2d9f61eb854f945a91ce4e6e,2020-08-08,1,middleweight,0.6721696315380251
da0dbbeaf56d1757faf50688,2020-08-08,0,lightweight,0.24025326855221074
7cf5bb7c97d458ef222e05c8,2020-08-08,1,middleweight,0.5081186495537383
298e37ec9666db9f53515a4c,2020-08-08,0,welterweight,0.550473113530672
245a1aa1d70748ddb77fcd50,2020-08-08,0,womens_bantamweight,0.5015281635293459
060c3c0453e2685b88bfc7cd,2020-08-08,1,featherweight,0.8263241919176135
f62f628f4d455c496ac07489,2020-08-15,0,womens_strawweight,0.4031543998883786
a932c2ee19a974d44f417d4b,2020-08-15,1,heavyweight,0.5576839848758303
7a1e753ee1cac071ed552cc0,2020-08-15,1,womens_strawweight,0.634105938938034
c2a30adbd7330740e20862ad,2020-08-15,0,featherweight,0.7710526984293263
14528df9ace6c262ceefb3f7,2020-08-15,0,lightweight,0.33239347120482776
55a99ea2630f084f2ed4d912,2020-08-15,1,bantamweight,0.7639458580026907
5d24c91dd499dbf9f371c204,2020-08-15,1,heavyweight,0.592370584357772
1b00b8df5d93a51c490a2948,2020-08-15,0,featherweight,0.3515635319201243
ba981dcf4305f29bcaa7900b,2020-08-15,0,bantamweight,0.5418453344963758
27164f9bd07bca68817f3f4e,2020-08-15,0,heavyweight,0.5056710832295433
b5a777423264ab6348bb1c2e,2020-08-15,1,featherweight,0.24692240247482236
acf437c27bb894e5f10b2833,2020-08-22,1,womens_strawweight,0.4695005566875899
865bc5e17b412e9d8e74207b,2020-08-22,0,lightweight,0.3635877009012931
56c97a89da7aadd66d047b0a,2020-08-22,1,welterweight,0.5112547143496825
3d301ae7159660205e61e4dc,2020-08-22,0,welterweight,0.448457362643739
34d337987a36d7908897d305,2020-08-22,0,light_heavyweight,0.17190084481638415
df37437bbab31d315b3583ce,2020-08-22,1,light_heavyweight,0.6091407467712353
35fc4617b59fef082956caf0,2020-08-22,1,womens_flyweight,0.12555955831007473
4c3bf69bcda575328e7dfa8a,2020-08-22,1,bantamweight,0.6620613393797015
9a0f019bcdd546effc2348ee,2020-08-29,1,middleweight,0.5549612672824197
445a76108cb8e63cbb18f23b,2020-08-29,1,featherweight,0.5737499799021017
783496ec89222db55e57a668,2020-08-29,1,light_heavyweight,0.3950301294149194
e386eba5a579cbc9c61d7ea2,2020-08-29,1,womens_flyweight,0.6026850605698402
7e8fcbb84541590cb5ced267,2020-08-29,0,middleweight,0.5375958805195942
4fba53fa922937da97b13a1a,2020-08-29,0,womens_strawweight,0.399024794063134
9e3309a83263a3eb26e2536b,2020-08-29,1,womens_strawweight,0.6424885483715463
cd63bf60ab82e106e2f0ee15,2020-08-29,1,featherweight,0.5136191787293569
5b102515890b750f61b15ad8,2020-08-29,1,welterweight,0.8282641862580387
df451b71add33401cfbbbdee,2020-08-29,0,welterweight,0.34218939072880056
a8f7e7ce78b35799585b7b3f,2020-09-05,1,heavyweight,0.252836432013466
4566ad12d4871db68af538da,2020-09-05,0,middleweight,0.5887839590594738
79f56fc5b540a07b75fc2f98,2020-09-05,0,featherweight,0.33569931499821226
b37f7663c4100c0a3a3d864e,2020-09-05,1,bantamweight,0.680960418776806
db45cb350600a6522a63019e,2020-09-05,0,welterweight,0.4332602756268224
3a47b616824dbc09d6b4f23f,2020-09-05,1,light_heavyweight,0.5833369605633865
cc3301848054cf1d86698beb,2020-09-05,1,womens_flyweight,0.4157560390353807
28d6bbf15b8b8f3eb7f23a3c,2020-09-12,0,heavyweight,0.39606255427199283
f323a1bcddd8b81465fd2d6a,2020-09-12,0,featherweight,0.2271357362160844
7ae74b7892d546b2c6cc4286,2020-09-12,1,catch_weight,0.6057926622154026
b58fb9829ccfd18659c6d7da,2020-09-12,0,welterweight,0.29643169442932527
082eb0ff7fe293a70ba23347,2020-09-12,1,light_heavyweight,0.30309447297874204
93cfcbcd4b75c2b5c8ee2e46,2020-09-12,1,womens_bantamweight,0.5977738609850992
04a643128e2a0077e897530a,2020-09-12,0,lightweight,0.22708766122238616
537ffd56845ed420190fbfdd,2020-09-12,1,womens_strawweight,0.5439947359398694
25de901f6dd7ecb9530b74b0,2020-09-12,0,lightweight,0.5759538217408298
28efb17bdca98d4378885a1c,2020-09-12,0,womens_flyweight,0.561633603812684
9315dd27fd7b658d3ca50207,2020-09-12,1,womens_flyweight,0.6674001638406094
623b46230159a54815f5cb49,2020-09-19,1,bantamweight,0.5467386205483026
fb266d3d4965156fe0812808,2020-09-19,0,welterweight,0.3353751203351374
6c738a0d9b2c763e5023b8b1,2020-09-19,1,featherweight,0.46370022360402874
d817723ba47e641cb45f55df,2020-09-19,1,womens_bantamweight,0.4551147936831798
5b0b10e3a4c96b4a1aaacc21,2020-09-19,1,light_heavyweight,0.5225074799804411
4d15262f09d0438e42a1d716,2020-09-19,1,flyweight,0.24990693037173536
f23ca5817efea8ed67cc6d3e,2020-09-19,1,bantamweight,0.5317861009288234
fb788a19abdf58c4ce9dcfda,2020-09-19,0,middleweight,0.24406806843562506
5c95389aafbb0711c5963558,2020-09-19,0,middleweight,0.25472875318519994
7931d00816825b1bd9e0ecf7,2020-09-19,1,womens_strawweight,0.570163023234483
126a5071914844441f76aed3,2020-09-19,1,womens_flyweight,0.4761555022168355
ef94f26d1600348c57fa67b0,2020-09-19,1,featherweight,0.3383476835939214
3e510c9608a6583021390665,2020-09-19,1,bantamweight,0.4437147314169414
23a662e45455f29a908aee5f,2020-09-26,1,lightweight,0.5531239986556903
ffe5c9a6e91e0d37d415fdb0,2020-09-26,1,welterweight,0.8685811690198268
9f519c98b04a3b46edae897c,2020-09-26,1,light_heavyweight,0.30424830384340545
80791d311e48d79967e48920,2020-09-26,0,featherweight,0.5430101791561628
4ba5210842a9fdedea37b2dc,2020-09-26,0,middleweight,0.1716415767763996
38d22d042e94d6259e70a045,2020-09-26,1,heavyweight,0.5156689498662501
48f7656e55b8b2313a2a7cd2,2020-09-26,1,flyweight,0.3709620217023381
f4bc73375a257ec73059a857,2020-09-26,1,womens_bantamweight,0.49005039820285673
be57e08456210445617a2cfe,2020-09-26,1,light_heavyweight,0.2560525728485889
39410ea34d5a7709c2e4070b,2020-09-26,0,featherweight,0.6225757177268262
f593b1fad2405f4eea183994,2020-09-26,0,light_heavyweight,0.7009575240241684
b04169fb651ff838bcc04a28,2020-10-03,0,welterweight,0.44369910310078503
0c6b8632abdb2d92929613c4,2020-10-03,0,bantamweight,0.4504445861516631
d1559e32012f7277afb65dff,2020-10-03,0,middleweight,0.48472022992826636
f3ee0876b7b239e4c9c141a5,2020-10-03,1,womens_bantamweight,0.6200003828328569
1ed625d2bce4a080ff7aa7ec,2020-10-03,0,womens_bantamweight,0.569259273482927
c6a82c44dd90c79be12b6827,2020-10-03,0,middleweight,0.4772207738300406
e027916440b1d9b89633d333,2020-10-03,1,bantamweight,0.7900748615208376
e78a454a7ba56158106a70bb,2020-10-03,1,womens_strawweight,0.5473526561665295
9038dd92cf6a9dba569b6e41,2020-10-03,1,lightweight,0.6724507753918704
5e403d21b6f537ca07e981a8,2020-10-03,1,heavyweight,0.5098627867295786
80048b12f4e27d448e681393,2020-10-10,0,bantamweight,0.5771021700092536
9fd3797dda6a9dc551642271,2020-10-10,0,heavyweight,0.359699068473243
47d015c9da4f8e7c68642c9c,2020-10-10,1,flyweight,0.43337089293463443
f3c39178e030c72a92766f83,2020-10-10,1,heavyweight,0.5218339289394552
b33b7e15079e874207787397,2020-10-10,1,featherweight,0.3964172599835808
32b54d883d2d43b47a7329ef,2020-10-10,1,featherweight,0.4630312376389652
3933cacfa643f4332fb05e57,2020-10-10,0,middleweight,0.638439127427298
6d2a9d7dc08ac386e90f4115,2020-10-10,0,middleweight,0.4656036117984918
a9b7a476e336ba9d14cc3967,2020-10-10,0,bantamweight,0.551831031735811
4bf87d901465ed4dc164d766,2020-10-10,0,heavyweight,0.18278889086423186
96f20b0be6ccb77bf9cdc8eb,2020-10-10,1,middleweight,0.49239828376557637
f37de3fb239061532292aa7a,2020-10-10,0,womens_bantamweight,0.4007601403182513
c1064b7eb590e152b8293553,2020-10-10,0,featherweight,0.7649607515996449
7436f2383310929d077726d8,2020-10-17,0,featherweight,0.726526844051209
1ccd594341a2b6cea5016be1,2020-10-17,0,welterweight,0.38458720709321687
5c7f86843455a239817ae12d,2020-10-17,0,light_heavyweight,0.3324730609867998
2da28f1443f58bbdd2cb3db7,2020-10-17,1,womens_flyweight,0.5378424167187873
9dc9bdd024b0eccd64b939ac,2020-10-17,1,lightweight,0.6573260405293706
5b47f9b0810708e40df64e9e,2020-10-17,0,light_heavyweight,0.30847182837531484
2975781dbd33227ef8a61f79,2020-10-17,1,middleweight,0.7023756145199778
2a9bbefd70d44c964d657e9b,2020-10-17,0,womens_flyweight,0.26530334780763937
591940879703188b315267f6,2020-10-17,1,lightweight,0.5189522626885473
385fd3eb8f3778369168b7dd,2020-10-17,1,bantamweight,0.7899283024584852
5d4dafd8adc6f8fdd0422db8,2020-10-17,1,featherweight,0.5254624206688111
9e5f20555d811d9565cd562c,2020-10-24,1,welterweight,0.3508501473540565
c390228f133682c232f89d7a,2020-10-24,0,heavyweight,0.08386669871369465
ddd3bcee83bd285bc2d66fda,2020-10-24,1,middleweight,0.5039274739932955
accd1dcd8cd278a67c7cd20f,2020-10-24,1,lightweight,0.6655481058511552
5e1047bc4fb321e2c668e871,2020-10-24,1,lightweight,0.6647468684798475
01e8de6e71b38fdbb4ca295b,2020-10-24,1,womens_flyweight,0.5867441521887795
dccd287fe543912a3d4262ce,2020-10-24,1,womens_flyweight,0.6274436460151164
27330ec2f027b06bb6e1d506,2020-10-24,0,light_heavyweight,0.4486709496816541
95bf3e74a6af57559a469137,2020-10-24,0,catch_weight,0.4923775648247586
df5cb9edb98d3b8e5b0d1dcc,2020-10-24,0,middleweight,0.26536898644158113
f579d8fdebc5facfe7a54631,2020-10-24,0,heavyweight,0.336285550861798
89530c10412fef4e37adacc3,2020-10-31,1,bantamweight,0.5208827718205599
139113bda6e2c08bcdb0de64,2020-10-31,0,featherweight,0.3975127817483279
64f6e5042b239942a0940584,2020-10-31,1,lightweight,0.6093309643651325
cefd7c12fbddc1ae93b66ff3,2020-10-31,0,welterweight,0.7877719172696315
7b0cfccdff37cdd83d0058fe,2020-10-31,0,light_heavyweight,0.381950471200828
26fbfce30596a1dab7bd4db1,2020-10-31,1,middleweight,0.8171059775346707
578662bba25d0cd530c617d8,2020-10-31,1,lightweight,0.5079776667047808
ee10cdc650c5fb71fced52b6,2020-10-31,1,heavyweight,0.5721657826596719
558610849677ae0c138c4f45,2020-10-31,1,bantamweight,0.6605101558738727
5fd8a5e104ff4c3e1adbc165,2020-10-31,1,middleweight,0.7798215024800984
b5338c339e99f772edcafd4b,2020-10-31,1,middleweight,0.6808498788473821
c01ae7afb0d017349ea11354,2020-11-07,0,heavyweight,0.3279819213476084
a75ae44aa15099924d9905d7,2020-11-07,1,heavyweight,0.09663623409270311
3eef4800a98bf0e45d406700,2020-11-07,1,womens_strawweight,0.4909774665473363
dcbfa685c07ca7e10a21cc93,2020-11-07,1,featherweight,0.41206330995269147
7e96ea3f88bc1cd633bfbcff,2020-11-07,1,featherweight,0.7391277258121376
cf941249e8853878c39beb3b,2020-11-07,1,bantamweight,0.5447146572628353
627ff29937df0f3e4b02b96e,2020-11-07,0,welterweight,0.4234974855719015
35cd9e0ed2ba0bbc0352b4d5,2020-11-07,1,bantamweight,0.617257807403651
f56a2da3439d7312f3ed5053,2020-11-07,0,light_heavyweight,0.6772517312830952
22d95249dfaff73c149f7787,2020-11-07,1,middleweight,0.649534727068018
4f984c114f952c5e85b05305,2020-11-14,0,welterweight,0.2293812199887625
0bf1cad5fff73833720546bb,2020-11-14,1,welterweight,0.703549717129068
4d8c8fdb741a66e9ec213215,2020-11-14,1,womens_strawweight,0.3789103158878843
7472bbec30036b91f8b3f55a,2020-11-14,1,catch_weight,0.4425783284762119
9d1bf278adaf06c59aafbe8a,2020-11-14,0,heavyweight,0.304684864474984
bdf3b0384bfd20ab4f874937,2020-11-14,0,bantamweight,0.42014916829330123
256ba9eadd0025f9b1b46491,2020-11-14,0,womens_strawweight,0.6345445025190349
212de9a7a449ce2e3483fe61,2020-11-14,0,lightweight,0.41027812843824146
71953b09146d733984c4873f,2020-11-14,0,womens_strawweight,0.47374032872403804
daa107f8ce19d97b1024e608,2020-11-21,0,welterweight,0.5781510147816543
990f47449008c2507dce5538,2020-11-21,0,womens_flyweight,0.40656039141730693
855198b297a6d4d634748fc0,2020-11-21,0,flyweight,0.3052499597763915
ab363e2b0f18214055df486e,2020-11-21,1,welterweight,0.3461049314258815
35a304f5212463a5b62f0016,2020-11-21,0,flyweight,0.5789633129222816
e10c4a1985fd12ac4132b445,2020-11-21,1,middleweight,0.5074151580819264
75e45e9d89ad79cff7c42ac6,2020-11-21,0,womens_flyweight,0.4928350650723618
5ec0091b78dc3de20dd3ac14,2020-11-21,0,middleweight,0.3121121231924261
71a0386425bf0de6d824fb82,2020-11-21,1,welterweight,0.47414616626517353
1d045510888fda8b989e961d,2020-11-21,0,light_heavyweight,0.48416641075992845
eaf2ba2fb033cd4f682f8d99,2020-11-21,0,welterweight,0.657299368997717
2cbdb6487a02560caa061947,2020-11-21,1,womens_flyweight,0.8449468031133954
f1ef0a42087a271126512de6,2020-11-28,0,light_heavyweight,0.3531555671668533
54556752d4e905ae3733dad8,2020-11-28,1,womens_bantamweight,0.497317882168372
ee744e008569f783f1c7ae2f,2020-11-28,1,womens_flyweight,0.38734333323928816
1da86dd1a82396c3d44770b5,2020-11-28,1,featherweight,0.13653856514730425
f7f1ed2648969e54b0e3c382,2020-11-28,1,heavyweight,0.3024061318690119
15dd8c606462176c34ed098b,2020-11-28,0,catch_weight,0.507310826336971
be0781425d6678d096405d23,2020-11-28,0,bantamweight,0.5700574935991345
1cc13b483b64475640fb3718,2020-11-28,0,welterweight,0.4476713152817718
1162fe15cac2da103dfe148c,2020-11-28,1,featherweight,0.4516620472747936
0c3a9c25327fe52dfdc851ce,2020-11-28,0,flyweight,0.20703863482857257
3fb0d126ec0ec9c850e7c51f,2020-12-05,1,lightweight,0.5360985108786444
38c73190ff54c90011fd11da,2020-12-05,1,heavyweight,0.47041788916419575
2faee2f4000145f6ef0e7d15,2020-12-05,1,featherweight,0.8395502557082397
c7ea0e981df13024b9a31ab0,2020-12-05,1,middleweight,0.47008957376324045
b7f4b02b143222c336934e1f,2020-12-05,1,bantamweight,0.38016647322160113
96327f3512f595cecb211d04,2020-12-05,1,lightweight,0.7974784116667061
5626b216eee3a29a06e2e953,2020-12-05,0,light_heavyweight,0.3714207965345539
cdbde8c8fb7b8ab6ece9ca3f,2020-12-05,1,light_heavyweight,0.5993065329211794
e56a0eee2d1ec9ecb44e9c6c,2020-12-12,0,featherweight,0.3305312857525334
0212910162e54fa9cd5b7cd0,2020-12-12,0,featherweight,0.5707836708894054
d5af84d65e5ec7c832fd231d,2020-12-12,1,featherweight,0.4260473232549041
f33feba4243e510ba6affdca,2020-12-12,1,heavyweight,0.5910632274807707
dd922295fee469e083fac69f,2020-12-12,1,middleweight,0.7549653378059622
b259ff80d212bf23d79b1dc4,2020-12-12,0,womens_strawweight,0.5295289322656304
4bdb0495d3dcf5d7e7dd27a3,2020-12-12,0,lightweight,0.5951830285853772
80103ed2aae686dd59e7503e,2020-12-12,0,womens_strawweight,0.2791799202117656
c07bd95dd550983c678bb413,2020-12-12,0,lightweight,0.26926310713000856
956d4c038b9d798a03f2f217,2020-12-19,1,welterweight,0.6440593959939032
06b8415093de68eee890672b,2020-12-19,1,catch_weight,0.5172360445805502
9cfc7008d97b25e3eee03dba,2020-12-19,0,catch_weight,0.4899892264629179
7c14b9cca72df7ce3e48797f,2020-12-19,0,womens_flyweight,0.5895785255988117
09bb551777feafe78278b168,2020-12-19,0,flyweight,0.5121081939094788
ce69be9a42b5dce320787439,2020-12-19,1,bantamweight,0.4160105895769635
d4607f21674e1b635ed2c4b1,2020-12-19,1,heavyweight,0.41617666236904804
2751edcfff14d6f87019df2c,2020-12-19,1,bantamweight,0.33913677637498746
47e7219958c4619887b0ea40,2020-12-19,0,welterweight,0.36922857676610504
8da008a32caddde479cc3af6,2020-12-19,1,womens_bantamweight,0.5072566319478159
6cccf3ffb09a129e7b0bb096,2020-12-19,0,welterweight,0.44331580017481925
73c4fd702dce585354b6c53b,2020-12-19,1,middleweight,0.529758476259518
ae621dcbc9586b8e5527d2fc,2021-01-16,0,welterweight,0.4509335006085312
63d6662513715319fbb37f5b,2021-01-16,1,heavyweight,0.5711566109696361
299cafa827deafab86edfca9,2021-01-16,0,welterweight,0.35503880308519936
5a322970c6fa2b7ccdbf1a91,2021-01-16,0,featherweight,0.20092280323208442
0b3e78533c34539224338ddd,2021-01-16,0,middleweight,0.5169021538537749
e3788f7673c040a7e7162eaf,2021-01-16,1,featherweight,0.582702335873697
94167c05ac13c3152031bd8a,2021-01-16,0,middleweight,0.6297296220715323
e1e59ca7e3b0bad7652227e2,2021-01-16,1,welterweight,0.34039818320506166
0314d7c96dc6c9029d7f9a5f,2021-01-16,0,womens_bantamweight,0.5349122064226611
733a1c63f7740f95a9317482,2021-01-16,1,womens_bantamweight,0.42736802483374525
6be48a3315d78994e2f6bbaf,2021-01-20,1,middleweight,0.632769149334183
9fa1bae0311b4aa3ccba91f1,2021-01-20,1,flyweight,0.308045449292242
0510c32efd9efab7964555f7,2021-01-20,1,light_heavyweight,0.30926282472408767
8dd911979c1d546b9c995936,2021-01-20,0,featherweight,0.15472277789778963
88d9b570e90c027e750424b7,2021-01-20,1,flyweight,0.42682895843103946
500b756ea736234a67f865c7,2021-01-20,1,welterweight,0.4179729879549963
e8a21c49a3957ae2db4f9304,2021-01-20,0,lightweight,0.3707891716565731
bd1a13b91967e59c2d2ca195,2021-01-20,1,middleweight,0.5343291322726955
871ec9ac30c6dde7f53b3da8,2021-01-20,0,bantamweight,0.25073133597562747
5e589ab68c009c7418795d5d,2021-01-20,0,womens_flyweight,0.39152020126556636
f586b613c26248f8a71102eb,2021-01-20,1,flyweight,0.6550866952380002
c5b665d2739cea495eec4f33,2021-01-20,1,bantamweight,0.62940212101657
e5728f57a9db1a6d419df71d,2021-01-20,0,womens_flyweight,0.5112115880166898
acb69131c93694b07300faa1,2021-01-20,1,welterweight,0.5001051263315317
cc8a36141f665f8a21e43c79,2021-01-23,1,flyweight,0.7296486460756249
ba4700ec8890cb3212bac423,2021-01-23,0,middleweight,0.366352678453631
35396c0c45d4c8527b82d6ab,2021-01-23,1,lightweight,0.8686665680722853
e81b6098e57e8133b071edb8,2021-01-23,0,middleweight,0.6570805612109247
749823f187d45e71e91ff721,2021-01-23,0,lightweight,0.8840657430719999
41d00a19b95b8c4e1011e422,2021-01-23,0,lightweight,0.5743574683669919
069bf8b9c6ade82cb549680a,2021-01-23,1,womens_flyweight,0.37681596934219874
946129bbdfaa781a21608a9e,2021-01-23,0,womens_bantamweight,0.2657513843076709
f7128ea236725875bb42fb2a,2021-01-23,1,light_heavyweight,0.22065494625757678
4d892766af178faa517a3b55,2021-01-23,1,womens_strawweight,0.22814117252058422
9eddebe538dcd4b2e8bce30f,2021-01-23,0,catch_weight,0.24857921475161604
398469f8b03c9109e14c3efb,2021-02-06,1,flyweight,0.6895268020411782
c52172bfe2d5dadbc2baa574,2021-02-06,1,heavyweight,0.6515234961156683
dd2ee13375dd8c96df6d0a62,2021-02-06,0,bantamweight,0.3400722978306498
c2749aa0039c9dbb15dc18cb,2021-02-06,1,catch_weight,0.6252525120598587
006fbd1ad4d3164705b758d8,2021-02-06,1,lightweight,0.6168499327370349
f95fccaf728f92e2468278a7,2021-02-06,1,womens_bantamweight,0.5366442416943173
5b925fbe88e3649da9183c2e,2021-02-06,1,lightweight,0.27050620268549275
5617b1854fbb99723ea7f386,2021-02-06,1,light_heavyweight,0.4047141970360022
187bee69eb0bfc1344de75ea,2021-02-06,1,womens_flyweight,0.6123282035336988
116aee82de340b5b69294296,2021-02-06,0,featherweight,0.5231222733711174
990348198032e07f47fe05b5,2021-02-06,1,featherweight,0.19984498992982047
7f425d4ea75cb89d2a23d068,2021-02-06,0,featherweight,0.6275448949542625
0ad9e306fa9bafaa5d9d1705,2021-02-13,0,catch_weight,0.451408590469581
f034ef7d780fb11cd9df91fa,2021-02-13,0,welterweight,0.3600169215326571
e415a937b387a95ec19c51ec,2021-02-13,0,welterweight,0.5300630612961786
f97a2702edccb7dad093612d,2021-02-13,1,welterweight,0.6278043267423679
a4e473c3f2b704804d3aa60e,2021-02-13,0,middleweight,0.4623401323376329
84467793f69d35eb41eb8877,2021-02-13,0,middleweight,0.5718781864582998
089e43bbc47943ab21cfcc52,2021-02-13,1,womens_flyweight,0.45489911304697705
eb1492878c3ea0174e4e3b62,2021-02-13,0,womens_strawweight,0.37386306030943856
12f182cc4484512866f9fb1e,2021-02-13,0,featherweight,0.24241519380881657
3dba4569718934d994975320,2021-02-13,1,middleweight,0.3335268404632647
ea60b29d1cc1c5cbf1e166c1,2021-02-20,1,bantamweight,0.26563721840330845
74bfe372b0e5a30d25bf5041,2021-02-20,0,heavyweight,0.2418180208627114
54831bad652cdc3a8ada5fdc,2021-02-20,1,heavyweight,0.8804704157065852
5f3fc1a3e546d6b566ba1392,2021-02-20,1,featherweight,0.637807577065537
1a4d68fedca9efa585791fa8,2021-02-20,1,heavyweight,0.18754336447610265
4dfd2b1535c10a0b46f38234,2021-02-20,1,bantamweight,0.5977336325392244
35b9ba0462608f9b6e41c742,2021-02-20,0,featherweight,0.5769816105307249
b57470dcb8fd957a6caf4d98,2021-02-20,1,womens_bantamweight,0.38709031223974827
92b3031f9c8a237ab1c68ea2,2021-02-20,1,featherweight,0.3995405637255384
624a4740ac849b0f19e7a355,2021-02-20,1,middleweight,0.6412388953475437
bb5477c8597bf06ae476381f,2021-02-20,1,heavyweight,0.6227188206032379
08bc513ce88af8ec37ef2a3e,2021-02-20,1,womens_flyweight,0.7374944110430508
a8ff0354149b1a73242c7b41,2021-02-27,1,featherweight,0.6345492607181821
fa031ca2b598c1790a770dac,2021-02-27,1,lightweight,0.6129841664031072
79d0da63044a2d7848dc3eb4,2021-02-27,0,womens_bantamweight,0.7844194676337854
a7edd53221755c84fb85b338,2021-02-27,0,light_heavyweight,0.6058962527268988
4dae04976391e2c304856f18,2021-02-27,1,heavyweight,0.6248973165409794
8977265e2ec0ac4a8d0eb88d,2021-02-27,0,light_heavyweight,0.42877185693615805
03937bc015b49d21691cbfb9,2021-02-27,1,bantamweight,0.39907307968694
3eed3433c57ea8ceb8e6c485,2021-02-27,0,bantamweight,0.5157141581694663
2c55dd48924effa480f5ca18,2021-03-06,0,womens_featherweight,0.1683149334569691
172ba1c4ac7e58c4dbd7b4dc,2021-03-06,0,bantamweight,0.5441706288353565
84173c3cabc82b82021ee1bb,2021-03-06,1,lightweight,0.7268869179078669
2f2a2e5d3ef44f24b2553a05,2021-03-06,1,light_heavyweight,0.1946373486440206
774fbbcd4bc58c07113c5842,2021-03-06,1,flyweight,0.6086994679380783
bec1db2b5e3183035ce016c7,2021-03-06,1,light_heavyweight,0.5907108591192848
7406877c1618cdf902112bd6,2021-03-06,1,womens_strawweight,0.496462933687643
436382c7157f32d457cf439c,2021-03-06,1,bantamweight,0.25755635188098064
e40ebd32f54ba3551bc187f9,2021-03-06,0,bantamweight,0.5858097685500836
4c948af46307bedde78b9778,2021-03-06,1,flyweight,0.6233033591261911
39d510d179fdc5c9bc82b8d7,2021-03-06,1,welterweight,0.53153510946137
a8dd1d9e9aeb7fd344b2f88f,2021-03-06,0,bantamweight,0.6772725052155398
1665c4098d198e470e99997e,2021-03-06,1,light_heavyweight,0.5523155406290354
83c08ce6fca53bee662ac967,2021-03-06,1,flyweight,0.43638166532931943
2a0f151b77d398964b58f1f6,2021-03-06,0,lightweight,0.17622266186003385
e048cc318dcc24e55e146279,2021-03-13,1,womens_strawweight,0.5765621914298272
75ff868f7c9201dc424bcc14,2021-03-13,0,featherweight,0.23905225946767222
45284428ec473bdf65215b5e,2021-03-13,1,womens_flyweight,0.5107610065785888
9681fb4a0e8ec440e305912e,2021-03-13,0,featherweight,0.312231365023045
d8ea1aa19a7a70e000c057f8,2021-03-13,1,womens_strawweight,0.402755688758236
08147aa1d935de56a0a7c9fb,2021-03-13,0,bantamweight,0.7817581187370896
1220f1ae4d30086f6c114d44,2021-03-13,1,flyweight,0.4433951601554167
3d9e74cecbd64b77643aa7d2,2021-03-13,0,welterweight,0.20782430831401097
c3cb9104e11fce38ca8aaeaa,2021-03-13,1,light_heavyweight,0.5005276386885898
a651712b4735435b6dff0a60,2021-03-13,0,lightweight,0.23526664279385903
155fb3d1aba34cc5371c180a,2021-03-13,0,bantamweight,0.8820699258469137
09cb12976b9d557d330fede7,2021-03-20,1,bantamweight,0.6498194819196424
0e924a271d155d25cb96a9df,2021-03-20,1,flyweight,0.48971970905176454
bf9c66e4d2ea103435a96f54,2021-03-20,1,womens_strawweight,0.4755936562771522
a7bfb80dde30557923deb967,2021-03-20,1,middleweight,0.25100969642968646
fccce461000f977a1f29de71,2021-03-20,0,lightweight,0.22206141456993117
3046efa844e5b8c612a39088,2021-03-20,1,womens_bantamweight,0.7638812304672051
0e1232159bb09cf0a8157294,2021-03-20,0,bantamweight,0.2780137300283224
87a052aae5db7282aedf3af1,2021-03-20,0,welterweight,0.40834867453453166
5ac9f53f3b903f5f50c7ae07,2021-03-20,1,heavyweight,0.6912658760588535
24832c40dfffd88b28acd6a1,2021-03-20,1,middleweight,0.5409682897846457
655ce511031179b0d7528580,2021-03-27,0,light_heavyweight,0.4565682556222009
1523d28d8f3dbd0ee0deefc5,2021-03-27,0,womens_flyweight,0.5609295363433535
9fa712833bf4b6daceb5243c,2021-03-27,0,lightweight,0.47283815887954844
06d257fb5a3c5fda36c86d32,2021-03-27,1,welterweight,0.46175565834391863
f821eef7b840304b0c4c2566,2021-03-27,0,middleweight,0.5073542147718157
10d5d1953f1e4db582bc4232,2021-03-27,1,light_heavyweight,0.6011970587216123
437c18cdfaded48de4fb9c8b,2021-03-27,1,bantamweight,0.6012724958197843
bb5d26adfb4244e5cb7c71ca,2021-03-27,1,featherweight,0.42467449915593947
f9ad023e5912b9e8e23296c4,2021-03-27,1,heavyweight,0.35759227410710154
71146ba7e43a180d3a76ed5f,2021-03-27,0,welterweight,0.46056709609482416
a5b7f687614fa2c274c262fc,2021-04-10,0,featherweight,0.38140666837510173
6a77043e2a2c7fbcf5d1422e,2021-04-10,0,light_heavyweight,0.6630187046192783
f7aba315e5e7f95e583bb5f6,2021-04-10,1,bantamweight,0.6527767252313388
eb0d9121307638176a27c78f,2021-04-10,1,welterweight,0.590807991690426
ec6aff0a24442abf1efa5bb7,2021-04-10,0,lightweight,0.10368388607055302
be94f7ea41163e46b8032440,2021-04-10,0,lightweight,0.5842912533702999
75e3c66fe5bdb1e2907f61ff,2021-04-10,1,featherweight,0.4751213739581017
c2987bdf66ace8687c8129a8,2021-04-10,0,middleweight,0.6169497113982643
bb4b636ab4f2733d20549b1d,2021-04-10,0,welterweight,0.4450383319445154
2324fee04a36218838c2f885,2021-04-10,0,womens_strawweight,0.40747987234588956
04cea879fa6be6d87fdd22c0,2021-04-10,1,middleweight,0.2990900059149576
a145a890ebf3141cbf139a78,2021-04-10,1,lightweight,0.5752422026235925
a26ae051b20aa9c96dc7945e,2021-04-10,1,heavyweight,0.39275483151813684
3974a50adcd6fd1bcc060147,2021-04-17,0,middleweight,0.9106558214314718
c3a29929b0c55a012ba64d3c,2021-04-17,0,heavyweight,0.5608363649671627
85eb8bca2d84e2de29d25928,2021-04-17,0,heavyweight,0.7000914287945823
2dfce60518599adbf4e3bbc9,2021-04-17,1,lightweight,0.6616789828046524
3249899f8623af67ee4875c4,2021-04-17,1,middleweight,0.6138319395968584
b6a515792134d4e7ebc8590e,2021-04-17,0,womens_strawweight,0.6272120834544145
c36e6871481b761b6bc086f8,2021-04-17,0,lightweight,0.34126696878403956
d500803cf03a6c79704f1f11,2021-04-17,1,middleweight,0.6323521609486031
a7e37dc0ef58d7d8986f6a75,2021-04-17,1,bantamweight,0.8516234194133406
5540eafcd8dfd2f733cfcec1,2021-04-17,1,womens_flyweight,0.7253768928597147
44edb5e52a71d5b17b379406,2021-04-24,1,welterweight,0.5811043478236927
b29904ef22772d43b1dce8a8,2021-04-24,0,light_heavyweight,0.39596406055340505
961b987dd8cca4efe946c0ac,2021-04-24,1,flyweight,0.5869868357461233
07cb74a61d28c7395ccc3e46,2021-04-24,0,bantamweight,0.5822085983166871
c15e97d5709dfd66cf01357a,2021-04-24,0,welterweight,0.7189585879319845
0e596947e3da41e12e863200,2021-04-24,0,welterweight,0.1634769319052938
2c3c5213ab9496c702780d50,2021-04-24,1,middleweight,0.5584207792727766
023d0a839d940fdea400233f,2021-04-24,1,lightweight,0.49527879352734266
c379cb07b140cc25e888391e,2021-04-24,1,womens_strawweight,0.3318745941961201
fee11078cee1e6996b863aed,2021-04-24,1,featherweight,0.3873706422494262
5e472b8e52eff152fbfe7d30,2021-04-24,0,middleweight,0.5752089900205937
b53f0ffc153410c8a768bc13,2021-04-24,1,womens_flyweight,0.6651223414194306
440ba029911f1e78c5f3138a,2021-04-24,1,womens_strawweight,0.632661593561781
1f45fe6f50add14fab876381,2021-05-01,1,middleweight,0.6983071675491638
d7b12003299832c257b05e66,2021-05-01,1,light_heavyweight,0.24413990934961619
0675530f5deaaa1160f7c718,2021-05-01,0,featherweight,0.17800309306645928
79247937a956625d6f3ce9c8,2021-05-01,1,featherweight,0.4916585990941601
f1f15579cd1db6d027621436,2021-05-01,0,womens_strawweight,0.3304007338079241
2e215036f623af43977bfb1e,2021-05-01,1,featherweight,0.47763475211860157
1a543291bbbbd63ae5f6db49,2021-05-01,1,bantamweight,0.5891292054337454
d6a46acfc572e3ae94089003,2021-05-01,0,womens_flyweight,0.5856717223437929
01327dc0bf03e55429a6b30f,2021-05-01,0,womens_strawweight,0.5321086226126206
b3569c5019bea0ff890b4ec6,2021-05-01,0,middleweight,0.365017769495156
fbe844693986698837d7441a,2021-05-08,1,welterweight,0.42509981851140227
b22da21be05c590f9103ab3e,2021-05-08,1,lightweight,0.5996444365251731
96f3e20245151d21bcdb8f40,2021-05-08,1,welterweight,0.483039374190745
4b2e71789ce3c1603f44c672,2021-05-08,0,middleweight,0.653054882639264
0f50cecf3fb203a79fbe59a2,2021-05-08,1,featherweight,0.4484173054441963
bf70c712fd72cbc1402be6de,2021-05-08,0,womens_flyweight,0.5376464886242911
66a055a3bdb65ec398c18942,2021-05-08,1,heavyweight,0.48777170323497915
da6b936ea8667cee5f337a67,2021-05-08,1,welterweight,0.5751197428552246
1d555c9651e1649b67c873d2,2021-05-08,0,middleweight,0.5208755499894256
4eddd98f6b71d1b40ce9de04,2021-05-15,0,womens_flyweight,0.39316992190697636
b161c29e825cc8f33321c23d,2021-05-15,1,lightweight,0.7581680876162668
73ed9835db433e1c3179e031,2021-05-15,1,lightweight,0.3749302105559061
2c723e3bfbd7746b1a49bc19,2021-05-15,0,womens_flyweight,0.6493251434328414
4a515c7e15f58e278e85b0c2,2021-05-15,1,middleweight,0.5899804155176287
2d88a7f118a9b133a9aa150c,2021-05-15,0,middleweight,0.5538321755741775
7b40bb27aad143bbe4bf6123,2021-05-15,1,womens_flyweight,0.49235810818555653
9236d5c10fd5259af71d1f7a,2021-05-15,1,featherweight,0.466602999307799
8552cf2fa15f36c962dd47da,2021-05-15,0,featherweight,0.44719228491115076
ac01654bb88f24cde0453ff9,2021-05-15,0,featherweight,0.5526755206263549
30b02d38c456914546eaa1f9,2021-05-15,0,lightweight,0.2501315630151796
d30d3aec127463726bcfe02e,2021-05-22,0,heavyweight,0.31694816503132206
071a45a6dbfc547ac87fd8f2,2021-05-22,0,flyweight,0.4199692702340043
10b25f19a0fff04f7455e7f0,2021-05-22,0,welterweight,0.5819373501398969
c218d031e77e1e9e8ceea0f8,2021-05-22,0,flyweight,0.2776782816102478
fda50c856c3cc806fad2cd0f,2021-05-22,0,womens_featherweight,0.5246996077762626
e9beb6a44ab27a583e24a07e,2021-05-22,0,middleweight,0.4050865476474262
296bd6be85fe799b7ab7c1a3,2021-05-22,1,featherweight,0.30335374775424145
cc74e32603a6a23148741929,2021-05-22,0,heavyweight,0.5450496085035997
b5709b61e25ad5e6e50d3e45,2021-05-22,0,lightweight,0.3454558217631767
3b7b804068b8e00672a5f39a,2021-05-22,0,featherweight,0.37912174985973807
021c23a2eb7dd424b3760858,2021-05-22,0,bantamweight,0.7006415525180135
0a8907e7c9ccc7e92c10fa53,2021-05-22,0,womens_strawweight,0.5255696460102971
a71663808cab96a533f7f3a0,2021-06-05,0,lightweight,0.9604665999224475
b849723a163cb1a94edec03d,2021-06-05,0,middleweight,0.6652665103122379
c30c5ed0c6f68ddbdc6e0034,2021-06-05,1,welterweight,0.6840169496596368
005237f1190a5a2d4091414f,2021-06-05,1,heavyweight,0.568920958220632
dae4bb27f2bbb3c7006d1dc5,2021-06-05,0,featherweight,0.6725306622937414
05ccaa473e2b94dfabf7d1fd,2021-06-05,1,womens_flyweight,0.6489622285646565
302fd43d83034a2a1167cb24,2021-06-05,0,womens_flyweight,0.27855668015737134
d603dc6aff17ddbb1d25c05e,2021-06-05,0,middleweight,0.46378255464017837
124977ad8833f804ed6cb04e,2021-06-05,0,welterweight,0.591182013116903
a6488972b4e28f5bb943b98f,2021-06-05,1,featherweight,0.22091286181115397
cca2249636b0929cdddf4681,2021-06-05,0,heavyweight,0.6870472900953152
4dbb2484e6d1bdd5206a8e75,2021-06-05,0,heavyweight,0.15351172918015718
7b68645c6155f616e8698da6,2021-06-12,0,heavyweight,0.38914998738534484
a472857449a92cc1580c34ce,2021-06-12,1,featherweight,0.27455264639642735
a00ccc9c46ab59aeed12bc52,2021-06-12,1,flyweight,0.48001002882110344
6416d8a78b4aeee3a078ff10,2021-06-12,1,welterweight,0.7869956572883706
d4659a1d3ed047b9c9526f60,2021-06-12,1,lightweight,0.5837883717789732
d7e483bb04fd67f9c284ae8b,2021-06-12,1,light_heavyweight,0.40938565868013216
a067ee4df1e643240630223a,2021-06-12,0,lightweight,0.4729100116415504
06b2c67c96de677f095d63a4,2021-06-12,0,middleweight,0.3761781852290325
bdcced7630b8f9fc20b8e65d,2021-06-12,1,womens_flyweight,0.5456333699334842
27e411a536e1c7deb45d1ac6,2021-06-12,0,welterweight,0.27045299267053796
f2b6f09261ceb5b126445765,2021-06-12,0,lightweight,0.39205501148331695
7d225bf082e7c74caa37c3ce,2021-06-12,0,featherweight,0.3208863400687755
cba88fa3d2445ac8ac4d89a0,2021-06-12,0,womens_bantamweight,0.27690593902838667
30e778d3989da80d54ba9e9b,2021-06-12,1,light_heavyweight,0.36656958092145797
9328b8ac23e7685857194ee4,2021-06-19,1,light_heavyweight,0.30127213646909246
ebf39919541e28347dea97af,2021-06-19,0,heavyweight,0.2362724218174735
cd61e6ca2674830655d58d10,2021-06-19,0,womens_flyweight,0.30527780830680623
8aa7756723ebd18d2ab40f8e,2021-06-19,0,featherweight,0.6077381745760444
78cbe025f9059d02470e6e87,2021-06-19,0,lightweight,0.2758733589153346
61610b155882ac3e3eed4f71,2021-06-19,1,heavyweight,0.5332222257065274
836588eb01321066a95e6f60,2021-06-19,1,featherweight,0.6460874296382406
9987f669b7493fba2fe3d118,2021-06-19,1,womens_strawweight,0.4982757525155704
9f27d61139a529c02d842433,2021-06-19,1,welterweight,0.6183224222887338
e74b6bf080b0e710ce9747bd,2021-06-19,1,bantamweight,0.7563539347806908
b95e558564dc9e0f3f3f5cfd,2021-06-19,1,welterweight,0.28722006562424074
9a82adcac5a1d990fb6cd5a0,2021-06-19,1,middleweight,0.6020788440028975
a3c60ed394aa5d105da7ad3f,2021-06-26,1,featherweight,0.3131967413579779
b3a720a454739d051995c2c1,2021-06-26,1,heavyweight,0.6060084260610764
fc8f71a97583223c7eba5642,2021-06-26,0,womens_bantamweight,0.47293179488451353
7bab93177c4542550318ca39,2021-06-26,1,light_heavyweight,0.43509083137755405
734b592944e62af1b555c366,2021-06-26,0,light_heavyweight,0.24468968754867917
f161c4d3b027f2f49eaa2f45,2021-06-26,0,bantamweight,0.5335321143164542
89d9e6cd12cbc984c5ad5db8,2021-06-26,0,lightweight,0.40533677357243936
ce42994760729649b78812f5,2021-06-26,1,welterweight,0.6981153793431263
8fe42d98d6456f0fc2191b0e,2021-06-26,0,heavyweight,0.339913958631092
d779754588526356ae5ea3e3,2021-06-26,1,welterweight,0.5212492843255072
ba71dd0032aaf0bf310c24c7,2021-06-26,0,welterweight,0.6687210696346282
746498ef7443f0caf5f2082d,2021-06-26,0,lightweight,0.5409227295137329
80d953c972d847be890d6aaf,2021-07-10,0,welterweight,0.34979206009752095
6498a4c8d3727a2016dbff4a,2021-07-10,0,lightweight,0.4474396371642091
52922d44b46e92c459d86bc8,2021-07-10,0,welterweight,0.37782989289171953
148e523baab99af91b27dce5,2021-07-10,1,womens_bantamweight,0.3588737363372429
15ad67d5e43acafdd6c98fe0,2021-07-10,0,womens_flyweight,0.3897250374098833
530b143d446dafc011071c4e,2021-07-10,1,welterweight,0.6215750858370566
bbfbf8b8166c426e1240e0a4,2021-07-10,1,middleweight,0.3774575705649459
12bc8ea49cf6466df9aea9a3,2021-07-10,0,featherweight,0.3704134602198224
051cabd00d8a84746e67e149,2021-07-10,1,bantamweight,0.7592364152218753
3ea316d32ba9c755ad343003,2021-07-10,1,heavyweight,0.4714655203207527
dd14dada5640b649e27c8cb6,2021-07-10,1,middleweight,0.39632568126626433
57c1af099e2eeaedffb7b6c6,2021-07-10,0,flyweight,0.44023215306519947
387800ac98197707044d3802,2021-07-17,0,womens_strawweight,0.3817507650940677
6a8395402c96b2d104acd78d,2021-07-17,1,welterweight,0.7781730605734535
87728864303defcd4fe22031,2021-07-17,0,flyweight,0.749246495259943
8a31c1172ab5106325cc627e,2021-07-17,1,featherweight,0.46398082976682814
b726a2c340e0031859a57110,2021-07-17,0,lightweight,0.379420161348906
4d558ebbde851ebbceb2a376,2021-07-17,1,lightweight,0.7038481676904533
973af1128fff9b2a14c5621f,2021-07-17,0,bantamweight,0.6579879403100164
ed7f6c0bd5b437f2f9dc6c7c,2021-07-17,1,womens_bantamweight,0.7395435824904462
c9c25ab469ad2fe48494e4ba,2021-07-17,0,middleweight,0.5360391716964107
03a0165ac1c070a693740903,2021-07-24,1,bantamweight,0.6373696758098941
3cb448435c95ab6aa4fed0a9,2021-07-24,0,bantamweight,0.6726879400365526
b0617d39a8cbc7fc041d74b3,2021-07-24,1,featherweight,0.24653843974949718
f9beb1b95ba45b9b1621b64b,2021-07-24,1,womens_strawweight,0.6433697902674962
f8df7edab264a0f373e74bd3,2021-07-24,1,bantamweight,0.6052677697476581
1a387168660b6545f6e752fb,2021-07-24,0,bantamweight,0.7209770887289165
3619b7063e9cd88f010c5a0f,2021-07-24,1,welterweight,0.5592879170703531
f115a8a9f478bc63f707998e,2021-07-24,1,womens_flyweight,0.3969641449899592
f0c4c6e99336ff56646d4fa5,2021-07-24,1,middleweight,0.39107506736350206
2457d12636a9cfb566f94a56,2021-07-24,1,middleweight,0.5395766996601912
033418400afa21c1b79842c9,2021-07-24,1,womens_flyweight,0.6994668188874751
aa362511017ececb3e8cb952,2021-07-31,1,welterweight,0.23121506975320377
439390ea327acf2b45119216,2021-07-31,0,womens_strawweight,0.39154017086079923
abe908dff98725268a6de4b5,2021-07-31,1,lightweight,0.2650569771997614
f53d55ca7e6c71bca1768d71,2021-07-31,0,featherweight,0.5307902327787348
3a69e82631c81017529c26db,2021-07-31,1,womens_strawweight,0.5179423402352348
848d633ab5d861af69f87843,2021-07-31,0,welterweight,0.6001777542916876
d6d47fd80d8781a3f317d30b,2021-07-31,1,welterweight,0.2708148806280778
32bb78b29e02d70783585786,2021-07-31,1,flyweight,0.6525417201991607
3af23183b818dfe59d5a0114,2021-07-31,1,middleweight,0.613618282276792
37eb5a2b7db7710c44ecbb0f,2021-08-07,1,light_heavyweight,0.764403112000781
31e656fd3cfbfde7ba181505,2021-08-07,0,heavyweight,0.19101508257567273
cfc670cb4c942424d4bde058,2021-08-07,0,bantamweight,0.6876627577059105
a13574844084b56c501c795d,2021-08-07,1,bantamweight,0.4314531401627064
c291f2773170c40024daeb22,2021-08-07,1,womens_strawweight,0.4692888707372349
e7881e314d5e66981e8e89de,2021-08-07,1,lightweight,0.6335247054228144
a7d7600747cdce4d1aac4734,2021-08-07,0,flyweight,0.21082495051881298
36997816a9de75a5faf77fdb,2021-08-07,0,welterweight,0.5362687957088238
1b48725e4a5a6738fae9d75e,2021-08-07,0,bantamweight,0.1762829151154442
adbb4bf7f16d6f11fdd6a702,2021-08-07,0,bantamweight,0.40766546603217224
8a628435db9e18feeb85b101,2021-08-07,1,womens_strawweight,0.5462345786186112
03bd3178b81b51c98a2ef07f,2021-08-07,0,womens_flyweight,0.2632334415016815
ff592cdaa4eca0c7c874169d,2021-08-07,1,bantamweight,0.44924784949831037
97eff66c4a32a2932814be38,2021-08-21,0,flyweight,0.5129436207617735
102faa4ad68146ae09750464,2021-08-21,0,featherweight,0.3602438368352869
7f212aa41a8e96a98df4f434,2021-08-21,1,womens_bantamweight,0.38685666739350366
256498ff833bad9ec8a58f4f,2021-08-21,1,bantamweight,0.6664932581684666
768f6a84be53ebd19ce73dbe,2021-08-21,1,lightweight,0.785611028011665
39e93a7358c364f594c54892,2021-08-21,0,middleweight,0.49521818188181005
a37c8fb1c9ec806b184a9c51,2021-08-21,1,heavyweight,0.3896918475703375
5d50a9759638e91e84f0b746,2021-08-21,1,lightweight,0.5137919341766359
e2ebb569fa02a491387e1161,2021-08-21,0,welterweight,0.4779239179177693
eb3d6a53fd969c07e9831cf1,2021-08-21,0,bantamweight,0.6358919238695131
642d81d57681e847b5fde3c9,2021-08-21,1,lightweight,0.31120047811742557
45a810ac99baec2dd4b54d7c,2021-08-21,0,light_heavyweight,0.23131341608049832
0ed065dd12c23b6c9d895669,2021-08-28,0,middleweight,0.6806771377712172
9f9acc55a8ab60ad174b6e11,2021-08-28,1,middleweight,0.464505718826339
81175b83703a04c9578b0ede,2021-08-28,0,middleweight,0.464505718826339
aff3ed6568a856a3854450e4,2021-08-28,0,light_heavyweight,0.5037974594071449
ec627d0e52cb9efd5393d953,2021-08-28,0,featherweight,0.26678920157349617
d6d68f11e8b1409123b81a91,2021-08-28,0,featherweight,0.5446126215039669
bf631345d98ad2d5efa45637,2021-08-28,1,womens_flyweight,0.6788257585923763
c64ba96ba3a2bbcd5352c69a,2021-08-28,1,welterweight,0.3798446677790192
0e995a99c3637eda1e7fe1ab,2021-08-28,0,middleweight,0.6764536310558146
036b6e057cbf7a551f641948,2021-08-28,0,bantamweight,0.1643514983005737
323b248672e4ff7a5e608f9e,2021-08-28,0,bantamweight,0.46229618552594487
7134f69560a4ddd941edb18e,2021-08-28,1,middleweight,0.45361459210057037
848148a2658c8b26e59ce487,2021-09-04,1,welterweight,0.6655016582464661
979ddbd47cfbfedab2b8467b,2021-09-04,0,middleweight,0.4165158352804198
c2ec829bd718d445716f67fa,2021-09-04,0,middleweight,0.5770888798179277
97be85a3e259ac669e1925e6,2021-09-04,0,bantamweight,0.17605644662171632
ba157252f6db82d9ef9cbf91,2021-09-04,1,catch_weight,0.22323243648080746
24c47b0c28d199c1ece9b21b,2021-09-04,0,light_heavyweight,0.6326242966576205
ef38db4fa319c1d073e6809b,2021-09-04,1,womens_flyweight,0.39596150794893775
f86ff3558c519c95d88ed2b0,2021-09-04,0,lightweight,0.5938354619847047
e39ab69302a3a4acaa385b46,2021-09-04,0,heavyweight,0.30925996157062446
21452c8ad7c8dfb85b7958bf,2021-09-18,1,light_heavyweight,0.5392406079726769
889ae6f64e5ed194f4e9d57a,2021-09-18,0,womens_flyweight,0.5070211558167576
1c6ed9f870c0d2d4f98638ea,2021-09-18,0,lightweight,0.1675235184239426
2b42e0ee62b14d7f1ac91ecb,2021-09-18,0,womens_flyweight,0.511516659076645
30d2da816f66152c4db4ff93,2021-09-18,1,womens_flyweight,0.5593612065737149
ba70d4bc1610e50610bc85f7,2021-09-18,0,welterweight,0.5632991850978076
ed602daa65f0872d1ddab046,2021-09-18,0,light_heavyweight,0.41719056406444477
50f8733c5af2c8bf7833a467,2021-09-18,1,middleweight,0.6184887078382599
394cd08a2aa9c8a419957765,2021-09-18,0,light_heavyweight,0.3550685873894614
193777961eacaedb105fe808,2021-09-18,0,bantamweight,0.248036547422152
7ab07f5868c762f3dce9e36f,2021-09-18,1,bantamweight,0.35226031778095246
b7148a827199c4372ea4612c,2021-09-18,1,womens_bantamweight,0.44373230939374286
0317bdc7071d3d9f20a0a566,2021-09-18,0,lightweight,0.4745970877866875
947733852564801c14c15132,2021-09-25,0,featherweight,0.27448139929476156
fc453d53cd9cfa9ea2181094,2021-09-25,1,middleweight,0.5911480084898283
767276cd65a7bda83101b29a,2021-09-25,0,heavyweight,0.23776546529101691
47acb1d6dee5fe4612753acf,2021-09-25,1,lightweight,0.38263138347779585
7018a5372c82c8016ce4c305,2021-09-25,1,womens_flyweight,0.6194238085015077
91bfc0bf09df44aba9658abd,2021-09-25,1,featherweight,0.3913536549059343
37c022f2c4b458467443e0a5,2021-09-25,0,bantamweight,0.26501795113073184
b413ac8b94e17d9fb59f2a9f,2021-09-25,1,welterweight,0.41789719996300095
b36a08b76e552d0afc4cdbe4,2021-09-25,1,middleweight,0.2746420204613003
2d366fdf2a73af32527b7ab9,2021-09-25,0,womens_flyweight,0.30786423991219736
efae3152488573da2f0e8669,2021-09-25,0,heavyweight,0.1384559764627256
474e7b7412f9128323a6ee3c,2021-09-25,1,lightweight,0.1086406338509009
4d3d35d9481430b2717e1dc0,2021-09-25,0,womens_flyweight,0.17596079987823493
d7ff13529f7a31aa3fd66322,2021-10-02,0,bantamweight,0.1569057508631204
958aeebbb028943f8b474351,2021-10-02,0,welterweight,0.5662054924124085
21dfa6f1ccdd361947c8ec5a,2021-10-02,0,lightweight,0.26584138586920064
6d3f40f6d4381ce272c0a74b,2021-10-02,0,womens_flyweight,0.21105845391603884
03178009a51da703270bd2b4,2021-10-02,1,womens_bantamweight,0.7985064446595408
3537b39689d7dd5ae29a31d1,2021-10-02,0,lightweight,0.5143531907264628
dff65f3a6f0298afa7bce7fc,2021-10-02,0,bantamweight,0.6223156085896933
b9d93ed042c8eef56051609b,2021-10-02,0,lightweight,0.6921754836285535
a2ed5d2192961f696e9f3cb5,2021-10-02,0,middleweight,0.5104523021070844
a19ad67f1de8c89c051799ad,2021-10-02,1,womens_bantamweight,0.6676322680675207
49ec1b7d30d14df34cde2e67,2021-10-02,1,light_heavyweight,0.456274913426479
69e9597fb43638f8229546fb,2021-10-09,1,heavyweight,0.6311311663996725
a4f8f9cd16f04f65379846ce,2021-10-09,1,featherweight,0.6302926111625934
679b8a681af1ea8df76c549c,2021-10-09,0,bantamweight,0.39637672733723195
b693cc8733bc9b6adc490155,2021-10-09,1,womens_strawweight,0.6347659518802952
65eb8cbb47349f9a81d27e50,2021-10-09,1,womens_strawweight,0.6225395684032207
968a08b5b350e76b63b11406,2021-10-09,0,welterweight,0.3953147559505778
c66520110ef94f852e522af5,2021-10-09,0,womens_flyweight,0.7005933501465742
2ab608b74126e2342d6abf67,2021-10-09,1,lightweight,0.5348022651986206
35e27d0eed9850d71eef2219,2021-10-09,0,flyweight,0.31807253987712003
05f9214d72c1cef7711a3eb5,2021-10-16,1,heavyweight,0.1925696144526896
223893d41e07dc5cba8acd64,2021-10-16,1,middleweight,0.5764332721230315
85743a2ebed3fb08b5acc751,2021-10-16,0,womens_featherweight,0.44141128649690387
851cc8213082f5aa4029b1d8,2021-10-16,0,bantamweight,0.4957424148458714
6c771843a2de0df6854e6234,2021-10-16,0,welterweight,0.6999837535212384
7ec4f2ed29901e7f518e59da,2021-10-16,1,womens_strawweight,0.5544296582564335
75e91a9b2071aabf06334e6f,2021-10-16,1,lightweight,0.61398022689298
b9ec4594020a9368d81a8a47,2021-10-16,0,womens_flyweight,0.7121805965318899
83b2a1dfe625eba45f9fe0b4,2021-10-16,0,womens_flyweight,0.2560674215067138
7e2515dfbd9e621b0263a272,2021-10-16,0,featherweight,0.8048741748755074
abe8cc47f03ac58b02b7c95f,2021-10-23,1,featherweight,0.43906382466733435
34754acf1c6eb5adb027b3e4,2021-10-23,0,welterweight,0.5502688328146647
2a878e40629fed0a310e0b0c,2021-10-23,0,middleweight,0.7384540638365185
dd60dff39adefccc680c4313,2021-10-23,1,flyweight,0.5825110474201686
2fb719a1e5e0607e47554e4a,2021-10-23,0,womens_bantamweight,0.6210773985526042
5d85a2f11fdb5bd41dff2dd3,2021-10-23,1,bantamweight,0.5997878332379466
f60ed0d525f53da9f318bc43,2021-10-23,0,middleweight,0.3962224841111938
4f68242759113783714f4450,2021-10-23,1,lightweight,0.593505051252015
c589ea31720af460013a699b,2021-10-23,0,womens_strawweight,0.6309847659146469
a8902ba72d4e5d289caa1fbd,2021-10-23,1,lightweight,0.5405554120074652
19b013dcff6f9c597376a765,2021-10-23,1,light_heavyweight,0.767787493374299
41bdb938fef185e8ac424fb8,2021-10-23,1,light_heavyweight,0.6930341597224334
181fe229210ebc0890d81133,2021-10-23,1,womens_strawweight,0.407806417107676
f8031426c728a047582f816b,2021-10-30,1,middleweight,0.38559647358256327
b2390e3878dea3ac297006fd,2021-10-30,1,heavyweight,0.6188935324819821
faf76162b47b80dad8f43727,2021-10-30,1,womens_strawweight,0.6216472192866996
ea01307e17f5d9d2ae50e47a,2021-10-30,0,welterweight,0.19947252776314345
ee313392ed6e4ab1c9ceea78,2021-10-30,1,middleweight,0.7021958402373887
82a15dc2358e1868399b644b,2021-10-30,1,lightweight,0.6279253391765397
e9bc05614cd6cd3f89fd76ea,2021-10-30,1,light_heavyweight,0.19459635791701643
3a77a8f67a2ec16505bae0ef,2021-10-30,0,welterweight,0.23406838348109144
dcdf4bf3562857781eb17181,2021-10-30,1,light_heavyweight,0.597668040607859
d9465c9e6c4e4f9160831db3,2021-10-30,0,featherweight,0.356803368116084
bfa3ac1e602529401051e936,2021-10-30,0,bantamweight,0.3944261523822313
243a6d2ea06e822417f703e4,2021-10-30,1,featherweight,0.3909525832379676
5fc60133e539e2c0c7530ce7,2021-10-30,0,light_heavyweight,0.3863635441610347
71a1ce754a0d5c295b38d6ad,2021-10-30,1,flyweight,0.5659280321617048
feba7692e9ec00fc3f868095,2021-11-06,0,lightweight,0.5409158245402339
920ccd9a5d510535cd3692d3,2021-11-06,1,middleweight,0.5725760054700757
10daa6ca09d264f8b7a2893a,2021-11-06,1,flyweight,0.44360329329080744
e9b6f10c97adf96e4e554cc5,2021-11-06,1,light_heavyweight,0.4535106873191885
0e30995a9aa64204088d1709,2021-11-06,0,middleweight,0.5761004648431439
25b357bcb1a6646fa18598ef,2021-11-06,0,bantamweight,0.3610515867220463
b0256b7f301cabc76e6204a7,2021-11-06,0,heavyweight,0.6807081881973365
8480a1caaf0cfb57c9e5fdf8,2021-11-06,0,welterweight,0.40994483230356527
d88311609f9c79db410e7e7f,2021-11-06,1,lightweight,0.662261697950882
16299a61153a379aa621129d,2021-11-06,1,welterweight,0.7393372650878093
bf1435ed5ca5a3918c669450,2021-11-06,0,featherweight,0.39720627116804114
a93768c61a4ee022e03f794a,2021-11-06,1,middleweight,0.22837330597530142
81d3f9751c8bc9bd3e0662f1,2021-11-06,1,womens_strawweight,0.6654572696654979
b0c67496eb05d9210c671511,2021-11-06,1,featherweight,0.48428252480048917
949db9181591a44d3ae970eb,2021-11-13,0,heavyweight,0.4672468583506923
89ef0e35ce5ec74836288f7e,2021-11-13,0,womens_flyweight,0.3999584021613201
c212308191927936a67ad305,2021-11-13,0,womens_flyweight,0.5714532150348127
8797bee1f200128ccd5ee671,2021-11-13,1,womens_featherweight,0.548640484956076
2a193240a3ef708a55d33473,2021-11-13,0,light_heavyweight,0.39263070222358354
5bc0f36c0ff5a8dbb0b2fa0b,2021-11-13,0,lightweight,0.4474377806793347
e2e00765ed6f4ef0e3cf26ea,2021-11-13,0,featherweight,0.3035704236394667
4ff1b5494b02c884c647e48d,2021-11-13,0,welterweight,0.4567027957590663
422d4b195157b17048d3578c,2021-11-13,0,featherweight,0.5084350661557209
796ec7042f87631266057606,2021-11-13,0,bantamweight,0.18017780433410222
7200ae576f27dfe33d808be9,2021-11-13,0,lightweight,0.7112591826415537
2b9f75df7adfc64073e39234,2021-11-20,0,flyweight,0.21661205721305196
ea47fd95680fd40e63662844,2021-11-20,1,bantamweight,0.7188966971204535
955de39b09cc63ac1016eb55,2021-11-20,0,womens_flyweight,0.435910593114953
c3392d5ce8b0f7cc39849ea5,2021-11-20,1,womens_bantamweight,0.5852570047630443
886b35ce27e0dbfb4ffa65b1,2021-11-20,0,womens_strawweight,0.39614046481211335
02b2074a853937d576367380,2021-11-20,0,womens_strawweight,0.21082012694960894
c8b8e8a3970f3b7e64b5d37a,2021-11-20,1,welterweight,0.5571076805416162
e5d94690a4a67d6c1acbeec9,2021-11-20,1,featherweight,0.3339300159706336
b456d5fbc84ec67adfb965e1,2021-11-20,1,lightweight,0.6221086973374017
2fe0e26b551c93e2cdfc10ae,2021-11-20,0,bantamweight,0.5766536003502482
3c53f6a604af1ebde04927af,2021-11-20,1,featherweight,0.34367642258362213
226ce750c662215efe521657,2021-12-04,1,welterweight,0.6142891248361669
f86d296f6d7d0c47ff000083,2021-12-04,0,light_heavyweight,0.6406331058852709
2a0cb1a7ac7387052927df0a,2021-12-04,1,lightweight,0.4675921480718318
73875ab95fc90e65ed3daa4b,2021-12-04,0,middleweight,0.7988853644386902
7d6c4908269ce22c76a5bf6f,2021-12-04,1,welterweight,0.6362425155834602
8ee79a7798d17ee7e0e747e8,2021-12-04,0,womens_strawweight,0.4938654364230812
384b21ca73c1b32e325cb539,2021-12-04,1,lightweight,0.7130846155965321
4307344dfcf8272d6832851b,2021-12-04,1,lightweight,0.3464242794041919
dcf02508a91496610861f3cd,2021-12-04,0,light_heavyweight,0.5222293702008572
68951def6fd1fe3b617a2a78,2021-12-04,1,bantamweight,0.47093697972382015
e88409e5199e7f4ec93cd5c3,2021-12-04,0,middleweight,0.4129369827051394
51f23bd45fcb1ce3757cd2ac,2021-12-04,0,flyweight,0.331491567488125
24bfa926f53e850e1895df92,2021-12-04,1,bantamweight,0.4527931966144626
b24994b03c0c6d0628dcb5f9,2021-12-11,0,womens_bantamweight,0.8578377380980602
977f1d7a994d29e9c5ddb2e8,2021-12-11,0,middleweight,0.44063644282326214
3d1de970a2cf4b319b4c6692,2021-12-11,1,heavyweight,0.3941784912028571
f6cf5b0962a53fff711a1736,2021-12-11,0,lightweight,0.4406732142167051
362ded9378ae33d6df9ab0db,2021-12-11,1,welterweight,0.5440770148220822
659800e49c983b90b1532269,2021-12-11,1,womens_flyweight,0.7618870057172819
5d9fa69369301a12d9df127f,2021-12-11,0,middleweight,0.26244272057984463
7f29861d529a3539870a709a,2021-12-11,0,featherweight,0.6687585240362565
134497c23d1a4822c4629299,2021-12-11,1,flyweight,0.3457737607766017
71350b718af2d753556e708b,2021-12-11,0,womens_flyweight,0.5122993694146243
a66c555eb560ade1333c57d1,2021-12-11,0,bantamweight,0.4324647963837275
9f6cc54787f0d18509556ebb,2021-12-11,0,bantamweight,0.8065748829294757
f98dfffa944a6f9adc6c85de,2021-12-11,1,bantamweight,0.7502922479766289
7113c70ef552d4c9dbc57658,2021-12-11,0,featherweight,0.6154238747387124
8e8924f709322a82ecacc60f,2021-12-18,1,womens_strawweight,0.6617774484267924
82f44b2371ac1940213fab72,2021-12-18,0,featherweight,0.38343260698492
8ab8d29bee172464a056b759,2021-12-18,1,featherweight,0.5111936669545366
13aaf98af49e0e06517a3cdf,2021-12-18,1,heavyweight,0.3633167711898626
9012e4d57365a687d63decab,2021-12-18,0,lightweight,0.32905893893865734
57db8b42042306ccb55cc279,2021-12-18,1,heavyweight,0.497610487473615
6a6de675461536fac3479406,2021-12-18,1,middleweight,0.5934290598752148
ff80eefba644b7bddd785a3e,2021-12-18,0,lightweight,0.45937129009994887
7d13cbda8ae96a92482d1526,2021-12-18,0,heavyweight,0.21494649619775458
60f48f8ffdb45557c4561d0a,2021-12-18,1,bantamweight,0.7886615935236313
5dc086998ae75bc0d851ceda,2021-12-18,0,womens_featherweight,0.5742854522434029
5577100fdcc775b07433f1b2,2021-12-18,1,womens_flyweight,0.5431694629330743
1df0129cb041d9c977faddd7,2021-12-18,0,welterweight,0.36856882399429564
881ea0620bb309ae02591096,2022-01-15,0,featherweight,0.456834783123881
299816fff28d6ce721fabf71,2022-01-15,1,flyweight,0.5595059082331502
caaf36c1c3755cb12f5893eb,2022-01-15,1,featherweight,0.6573976704630048
889cc985afcb06e617eda61a,2022-01-15,0,featherweight,0.7152858551655136
6390092375396a3f925baf1e,2022-01-15,0,welterweight,0.47651217989505446
ebaff87fa2549b3b83d61772,2022-01-15,1,lightweight,0.4998797094158231
8b9c5af00e072a39cb6e2a7a,2022-01-15,0,heavyweight,0.4294520076476788
f72950530e203bc6f352bf55,2022-01-15,1,middleweight,0.42177360402198877
2d6c4dc57a1961ef40816f56,2022-01-15,0,womens_flyweight,0.26911290720939757
c77316be700ef6effbca89df,2022-01-15,1,lightweight,0.6118954813131863
8eea8daed7a521ab1426cfe0,2022-01-22,1,flyweight,0.32043788604419104
cc260ab6f2dcacb734b6e2ea,2022-01-22,1,bantamweight,0.5542997047175222
10040856fbf145522cf8cf94,2022-01-22,0,heavyweight,0.7417265454918796
dddd15fae61d06522710056a,2022-01-22,0,welterweight,0.49255034906433426
08046d48d6a4eb8737a3b825,2022-01-22,0,womens_flyweight,0.7088018061868225
8b50626d4d84c3aa45d15a54,2022-01-22,0,lightweight,0.5421566368285794
de14551f8d21580fa8596ef6,2022-01-22,0,welterweight,0.7104801896681348
de8ba4acaa432c191891b7af,2022-01-22,1,welterweight,0.7412796574323705
ec8bb730f1d208b6374ecd80,2022-01-22,1,bantamweight,0.21209335446222286
fcbbd7bc5f35efaf8450ad3c,2022-01-22,1,womens_strawweight,0.6828409354553981
98122fe1742fdd5100be2839,2022-01-22,1,bantamweight,0.6913451486370619
6ddb3676f4a7c26e86f9b228,2022-02-05,0,womens_bantamweight,0.5704698533412521
0272a89c05fdfaa2990c60a4,2022-02-05,0,middleweight,0.6734885442968331
0e91e69c628ca4308127c75d,2022-02-05,1,featherweight,0.591407749678695
509c5eeb2b44572ce95c4735,2022-02-05,0,middleweight,0.31580141335307044
62bd1e7c1b554cf0ae6a45ec,2022-02-05,0,light_heavyweight,0.6496124489493915
8bcc740a724dc791e5db5130,2022-02-05,1,welterweight,0.37670839573821474
1c899e0a6dcb00a341edeaea,2022-02-05,0,featherweight,0.44985573569011356
90b3e133f1e2802dc88d0786,2022-02-05,0,flyweight,0.5201902782923753
10e50c9169649dc909f1e474,2022-02-05,1,bantamweight,0.2733843057530328
1d5256e991b31002be9b6431,2022-02-05,0,middleweight,0.442588795737779
6b2eb716c19a21cbe060c8e0,2022-02-05,1,light_heavyweight,0.7100228429738994
d139ab9b5859db7ac6fac52c,2022-02-05,0,welterweight,0.3277436271878466
16e2466bf12ade10d76a1eda,2022-02-05,1,middleweight,0.5468807163791697
78785ae4443a05ddc0bb103f,2022-02-12,0,middleweight,0.48615580739494046
90d1c538c65bf733ee1afd05,2022-02-12,0,lightweight,0.5077802383604048
2715ae1c5ecb134385026391,2022-02-12,1,heavyweight,0.3010331860652645
ebf653201e47f988f8939597,2022-02-12,1,light_heavyweight,0.6344102786112842
1a6b5820ddd6159cefd853a9,2022-02-12,0,heavyweight,0.5543234656224595
84e02aa57d1cc6af09fd93aa,2022-02-12,0,bantamweight,0.6400913440132802
f6bbc41b4218274211e225dd,2022-02-12,1,middleweight,0.6122339183128657
7d1b32a9d4d917e6275675bf,2022-02-12,1,middleweight,0.4080674506412904
b43ee87245d800862af774b9,2022-02-12,1,welterweight,0.6262448876080627
d69376c1ea693c430e1f0818,2022-02-12,0,lightweight,0.5936234873284602
1f61d0ee3ab6febfeb923aaf,2022-02-12,1,bantamweight,0.8331438455451597
6cd1aef6194b33b28b3f5cc2,2022-02-12,1,bantamweight,0.5482502180307713
f332f3a05dc03a803776a9b5,2022-02-12,0,womens_flyweight,0.20372570002875126
9b4c38da301541ccd18bf9f9,2022-02-12,0,heavyweight,0.6047728256328949
e037496750d4a80f908de5f4,2022-02-19,0,bantamweight,0.6349448835440525
05f71a10c41ce6a5c3587bc5,2022-02-19,1,featherweight,0.7444997451297054
62712c070cfa71b63ee554b0,2022-02-19,1,womens_strawweight,0.42610377862161564
83eb5904775e936959d6d016,2022-02-19,1,featherweight,0.3837439733008331
e3a18f940a8ab9d972aa4639,2022-02-19,0,womens_bantamweight,0.4842761321270123
541220a08c84c482c971b01b,2022-02-19,1,lightweight,0.3833924948016761
ba606d161dd1c5f504f8c984,2022-02-19,0,middleweight,0.40283676856173795
0f1eb9c25283cba2a7cd007d,2022-02-19,0,light_heavyweight,0.6651902670376215
774771f5b5f0f8d5af90fd20,2022-02-19,0,featherweight,0.34311934180158477
7085b77b6e0023c3296b8cf6,2022-02-19,0,catch_weight,0.34178763661592976
8c1cb182501b4ff4c557a4f7,2022-02-19,1,bantamweight,0.6530914509456038
e0eeff5374ca589d7b5f7626,2022-02-19,0,heavyweight,0.21305023747557025
0bf431efc2c9170850a83b3f,2022-02-26,0,featherweight,0.312115506576743
338700b1b79beb6242e882f3,2022-02-26,1,lightweight,0.7201617265885035
21ab4fa36f44cfe6814659de,2022-02-26,0,middleweight,0.7317697830311677
e9955a213c246dc76802a534,2022-02-26,0,catch_weight,0.26321046949424354
755b2c5ef7b44148e45d06f8,2022-02-26,1,womens_flyweight,0.3557314463540596
c9e3bc4ea58df6235765f2e0,2022-02-26,0,womens_featherweight,0.3972725850112373
8c15089f0431ebf57fba0b25,2022-02-26,0,middleweight,0.5224477893897561
7b8dd4825672e5c71feb365f,2022-02-26,1,welterweight,0.4758182618733434
115cd12c43c7ca9a98a34354,2022-02-26,1,lightweight,0.5091210598935816
ad3d758504e40f089358d0cc,2022-02-26,0,lightweight,0.7550035835496031
09803872173680a4e5a486f2,2022-02-26,1,flyweight,0.491916373035331
8cab78badf4b3f9f94431dcb,2022-03-05,0,featherweight,0.17096608470999627
eb2dea2335dc1879ca29907d,2022-03-05,1,welterweight,0.6037980976034603
59e88ba1af2fe8e1830220bd,2022-03-05,0,lightweight,0.3650920453107499
c66c7054afb057dd78aa0f05,2022-03-05,1,light_heavyweight,0.417336184960469
76eb17111d5981c71736b835,2022-03-05,0,featherweight,0.23359642489515275
054327f45b8b36f1c6c59bd8,2022-03-05,0,lightweight,0.5715348598505968
fe7ff91782693e8c97668462,2022-03-05,0,welterweight,0.21351595693680298
191f8590132dd622386f8dcb,2022-03-05,1,womens_strawweight,0.6702813160981039
62773007de975caae0e7403f,2022-03-05,1,womens_flyweight,0.3387966946318278
ef873da872c2b8ddc6d7f482,2022-03-05,0,light_heavyweight,0.6214985619237874
0e0ef94c36f8e8a6f0d81303,2022-03-05,1,catch_weight,0.3004775285294231
8b16bf8119b7a1889e14425c,2022-03-05,0,heavyweight,0.3591773945306139
8453f158995aa5825267e0fe,2022-03-05,0,flyweight,0.6502036319814348
4274a5bfdeeb6b92088e770d,2022-03-12,1,middleweight,0.37719196083937184
a62677dbc6c31338dbfa9ffe,2022-03-12,1,middleweight,0.6201331068150303
53cf6639d25754d424f290c6,2022-03-12,0,featherweight,0.6102124174871218
223c6e3695dc91fe55816b32,2022-03-12,0,lightweight,0.4817251639835457
6ec545d9b947c7840a6a9e2b,2022-03-12,1,womens_flyweight,0.4889613989946513
b80204d233e23b377832e77e,2022-03-12,0,light_heavyweight,0.5609948156693915
8f6f6a38f9345a057af6dcdd,2022-03-12,0,bantamweight,0.33588179391801937
4996c44f91f2861f4fab29a5,2022-03-12,0,bantamweight,0.15714280209566003
15a96087e7d45aef123c2813,2022-03-12,1,welterweight,0.6245996313328214
d51c5ce12e0b4950d5498e4f,2022-03-12,0,womens_flyweight,0.3604136176143651
2eb0a77e45cae384dd8ee69a,2022-03-12,0,featherweight,0.3170942294963144
ff820a222c111a32a86bd816,2022-03-12,1,light_heavyweight,0.2609346778340725
d4e5897b395921bd30941f44,2022-03-12,1,light_heavyweight,0.5648779972163517
c362815404c96b0fa3c1d79c,2022-03-12,1,bantamweight,0.39480659861514317
ddb23a0f0b02cab6843a40b2,2022-03-19,1,heavyweight,0.4980832107178363
fed3a50fd626de20bc9ddd39,2022-03-19,1,featherweight,0.5317318468868841
0edcadeec8b119ec0a8e22e5,2022-03-19,0,womens_strawweight,0.5885092705651729
90db3390059fe0b1ae095e2d,2022-03-19,1,welterweight,0.5985715491085145
18453b23edda3fa1d9952968,2022-03-19,0,bantamweight,0.2550098652937396
9ae7ce42c6960b736e0efa95,2022-03-19,0,lightweight,0.14210118050012344
606a3226edc45b339470c15a,2022-03-19,1,featherweight,0.6922378460721937
8438c52b0f5b6abb1524eb73,2022-03-19,1,womens_flyweight,0.3564699998997016
e44f8d6c21499f7ee69f7413,2022-03-19,1,flyweight,0.37783188527436
b0c27e0a67c2921f706c7982,2022-03-19,1,light_heavyweight,0.5156476596936964
50519ade549a1f6ba3ecdb0f,2022-03-19,1,lightweight,0.4086799690020356
1855e62e711e7cb90db8c57f,2022-03-19,0,heavyweight,0.234883383491091
d1bfaf3217d92836ca7666c4,2022-03-26,0,middleweight,0.49255034906433426
ef9aa738f67fd68f2ca5af2f,2022-03-26,0,flyweight,0.5562738498230128
301dfd58acfdd68cb9065d69,2022-03-26,1,bantamweight,0.6366655886785918
351b3e350230c6b88f88f552,2022-03-26,0,heavyweight,0.2593647663666613
7d5f589e73ee039bd2697e09,2022-03-26,0,womens_flyweight,0.3706308965647978
2d86be1fe2a9c74ea1d1a00e,2022-03-26,1,womens_flyweight,0.4586527939171295
2569c71203392ff1e1f14af3,2022-03-26,1,featherweight,0.5514741039897263
41c6e7756509299ae12c897f,2022-03-26,1,lightweight,0.5915107863173483
2d2fb7e95f4e7d64dacc585f,2022-03-26,1,flyweight,0.5416677045666635
87d4157a7c6058179c54bd39,2022-03-26,0,welterweight,0.3665403342658678
e9351c7db8c8562852add0bf,2022-03-26,1,welterweight,0.6493896919477606
7af5d59b89e6c62ef7902cfe,2022-03-26,0,womens_bantamweight,0.7689447289028337
6a456265c9a0a54a45727866,2022-04-09,0,heavyweight,0.5741853762476207
9b4d0aeae28ca6a7651e18c3,2022-04-09,1,featherweight,0.7372511594460822
d59489d2219b8acf65c14d10,2022-04-09,0,bantamweight,0.6718224190759443
dcc78c9b5027cc486808530b,2022-04-09,1,middleweight,0.6532690282426984
10a507567f7c574bab053aba,2022-04-09,1,womens_bantamweight,0.5798540300321166
54dbd0ff791fe50de3635eda,2022-04-09,1,welterweight,0.7150141590315825
8d6783bbc0f9d2bd2d4c0534,2022-04-09,0,welterweight,0.5735617849520954
e4d38da609f2296f44f8e0f3,2022-04-09,1,bantamweight,0.6331244652248351
395fac7e1cb89c9f48542548,2022-04-09,0,womens_strawweight,0.4951530593957189
c717778925b8d05d09226a63,2022-04-09,0,welterweight,0.6467355070107317
c8c932d20a23d93083cd5153,2022-04-09,1,womens_strawweight,0.3608824452705719
5210e8a6bd51cdb8a3be4742,2022-04-09,1,lightweight,0.6100833358933172
ab6c1f1d7010971c355e465c,2022-04-16,0,bantamweight,0.5077614964294771
4e19d3624ce2f192fda3e87e,2022-04-16,0,middleweight,0.49255034906433426
63a7508bcd39ffb177568395,2022-04-16,0,heavyweight,0.5293656886307548
a3b791cf3770be81a7311fc4,2022-04-16,0,heavyweight,0.37794780339863066
433dbc801627a6d385c7ad09,2022-04-16,1,lightweight,0.7506329516328217
f700791a20e6fde6268982b3,2022-04-16,0,womens_strawweight,0.46643867587822774
163a51708b615100cf2aba52,2022-04-16,0,lightweight,0.33830052581254955
a2e535212cb0109c16e03dcd,2022-04-16,0,womens_bantamweight,0.22535205264342717
069de3205d6c699d7be551aa,2022-04-16,0,womens_bantamweight,0.42181634273560675
9c7629f898574d7d259de1e2,2022-04-16,1,welterweight,0.3303914043181307
48857655a69cc90c77030d9a,2022-04-16,0,welterweight,0.4629524285385717
e9eef12674e72868f84a57a0,2022-04-16,0,featherweight,0.14092107964374068
a2af6edea9fea96f3d6b4f3f,2022-04-16,1,lightweight,0.5775415106537187
de09e08f6c57358e9c22f9b4,2022-04-16,1,welterweight,0.513204575195594
48e6102e4d53ecae10721bf6,2022-04-23,1,womens_strawweight,0.6051869245080442
9b932197b1fb2a26a1208177,2022-04-23,1,bantamweight,0.7785949901300268
06669d51b0a57a8f66b216d9,2022-04-23,0,lightweight,0.1716261357774312
692efc69390867723a995b60,2022-04-23,1,welterweight,0.4028228238976103
c85d55bcecdce0caae48f32d,2022-04-23,0,welterweight,0.3808793431680742
877e43ee92b6e92fe379f031,2022-04-23,0,catch_weight,0.5120553209843544
4d8474d6d776dc1f62fe315b,2022-04-23,0,featherweight,0.4131888189857359
711d9ff3483b66cb33e6fb1a,2022-04-23,1,light_heavyweight,0.5394159192618481
2b3e69ba4ea58a394404b393,2022-04-23,1,womens_flyweight,0.5273061555450739
c89f90b1b4c3c2b9606febb2,2022-04-23,0,welterweight,0.5259716590745961
213b698eaacabc90d39c3618,2022-04-23,0,light_heavyweight,0.11240596603560268
2dbdb35090901cb11cdd7d38,2022-04-30,0,heavyweight,0.21498860067146014
aed8ef16b30b6d218c63f47c,2022-04-30,1,featherweight,0.46300264454914963
fcc9d5a0cfe4deba917371fb,2022-04-30,1,heavyweight,0.3022833040913058
9ec02b95cb264245c08bd1c3,2022-04-30,0,flyweight,0.3111437752844856
566ee83c01c427d616e79cb3,2022-04-30,1,featherweight,0.4512896730970176
312ba0118051211ffa424bb3,2022-04-30,1,welterweight,0.44546493097250767
bd90e67407043275cc350cb5,2022-04-30,0,womens_flyweight,0.4762772454657816
9932564c59fd0493d46f20f7,2022-04-30,0,lightweight,0.30011807357171616
ccbcefc2a02e49bf307142df,2022-04-30,1,middleweight,0.5548395252010861
59e0827ca63295b63cd6a91a,2022-04-30,0,lightweight,0.30312321012697224
4e359c108544d2c8759d97d6,2022-04-30,1,bantamweight,0.5777543627752098
e83c43a20c4efdef6b675240,2022-05-07,0,welterweight,0.3422838310657358
c3f4eb06b7985fd64caa1c2a,2022-05-07,1,womens_strawweight,0.5705992802267674
27a25d6c4438938f3521b32a,2022-05-07,0,heavyweight,0.5160109744994467
f9ad67246c83a9f959594eb4,2022-05-07,0,flyweight,0.38260822052147153
68ecc0f643b3d96f33c5ea9d,2022-05-07,1,lightweight,0.7603456435656527
54d66068ae43906aa7a9cf26,2022-05-07,0,welterweight,0.5590273264831644
a295f10a5980bdb7db934877,2022-05-07,1,bantamweight,0.4305061543941635
57499631d3bdce3f6fc81243,2022-05-07,0,flyweight,0.48553338285691056
65626c902a390cc627f7be7e,2022-05-07,0,womens_featherweight,0.6367814506633344
d31f108ad033cadad0d1f468,2022-05-07,1,light_heavyweight,0.49301916886472286
cdb998abfa18ccf9f27af3b6,2022-05-07,0,lightweight,0.5307547356781097
709d13b3d0f6930bb797146f,2022-05-07,1,welterweight,0.42386349401268303
e513925b16ccc7cf2bc93298,2022-05-07,1,womens_strawweight,0.3638106647529312
cc6e0ffb423d24fff180d8c1,2022-05-07,1,womens_flyweight,0.3874847226773185
e80cfbe7751b8e42d0e37d81,2022-05-14,1,bantamweight,0.48408027267329723
d21ed7987834436d79762e16,2022-05-14,1,lightweight,0.6605952328506685
4987dc6f22514fa13327d770,2022-05-14,1,flyweight,0.6475984237655672
ec3db7fb69fd747f19d2772f,2022-05-14,1,light_heavyweight,0.47396393200457276
3a7bcb7089d6096f13b7cd48,2022-05-14,0,womens_flyweight,0.47189829505411024
cb4c231ddb365e4a24ca3af4,2022-05-14,0,lightweight,0.45647656078310994
95e847d3cc4c6bcbd6043bc2,2022-05-14,1,middleweight,0.4049053012046482
db6d572d7fc3c8ad496fe6e9,2022-05-14,1,light_heavyweight,0.4846335141948854
d0dd5444e56544c7c7529281,2022-05-14,1,flyweight,0.6622414458474299
6b6cce875a6e865322f23a66,2022-05-14,0,womens_strawweight,0.372181960619052
da1f5ebe1db19397cf95fdcf,2022-05-14,1,womens_flyweight,0.42534975982472556
a909d174db8b4390ae3774cf,2022-05-21,1,featherweight,0.56064506885601
9101fa72d85c818841ee1d9b,2022-05-21,1,middleweight,0.4373533747767539
b2a463b8b2afe1453190b2a1,2022-05-21,0,womens_strawweight,0.5804956893613729
383bc526c4fd50b1ff054c67,2022-05-21,0,middleweight,0.49891800796373176
45ca004338ad389c7e7dfbd2,2022-05-21,1,womens_bantamweight,0.5033740903181879
3f379cb193e0300c1aa1f821,2022-05-21,1,heavyweight,0.8537688080548796
2613b85681482b84539b6f00,2022-05-21,0,bantamweight,0.1841428290955287
765486e120840e8df1d10183,2022-05-21,1,middleweight,0.6750706822557995
40240f9f36602a2870ec2baa,2022-05-21,1,lightweight,0.44067603778292563
da790c4bab3aeacba933229a,2022-05-21,1,womens_strawweight,0.3500039261362131
e2c480e4c1e2f0c1546d5d77,2022-05-21,0,welterweight,0.42410797141943557
d22c42254e29e2ec340e1418,2022-06-04,0,heavyweight,0.3819292910575567
7d2d589ab3a24ccbec850331,2022-06-04,1,light_heavyweight,0.724761191397577
b5fef85ad8722e2c173f1f31,2022-06-04,1,featherweight,0.7444389286113046
f9fbead95e311fc0ea7c84ee,2022-06-04,1,featherweight,0.6244066399969382
23a75d6e26246f3fadb396da,2022-06-04,0,womens_flyweight,0.4211782229895808
65042c1a280902886dc6dd26,2022-06-04,1,womens_strawweight,0.5058258422644923
c65a22b110cef6fbb2125d34,2022-06-04,0,flyweight,0.2005680392816099
8ce12f6034150468696c1404,2022-06-04,0,lightweight,0.4512104542801572
5445242c5438b4603f99e089,2022-06-04,0,bantamweight,0.45195017411057226
d14d68587e692687da0d3f24,2022-06-04,0,womens_flyweight,0.44520868731051416
e663e56b52a832ad0691ca69,2022-06-04,0,featherweight,0.546567831705869
48c473af66656aa65786f4e1,2022-06-04,0,lightweight,0.35130516019501995
1879d9ea46bd3c6332543b68,2022-06-04,0,flyweight,0.614077621257439
b2038bb6ca99f8b0ed7255c7,2022-06-04,1,welterweight,0.4957747291378922
e49e62b538c8335689613162,2022-06-11,1,welterweight,0.5280803971271042
065e1f6ee6a773ecb89f7d12,2022-06-11,0,middleweight,0.32403951480948917
fb821412f370884401d35139,2022-06-11,0,light_heavyweight,0.4103728240738344
1e545d34ef5e99a2aabb7d44,2022-06-11,0,welterweight,0.47785981469318617
1991007feecb43a26b0eb7c6,2022-06-11,0,bantamweight,0.43984346121293294
4bdcffba7b815f20f7f0c0cf,2022-06-11,0,womens_strawweight,0.41806348294507195
e257df6df9aae0de1ae83c76,2022-06-11,0,lightweight,0.6276704838655708
acf90527fde3048d8876a70a,2022-06-11,1,womens_featherweight,0.5049997863390742
940b51f448bcff3babf27a3c,2022-06-11,1,featherweight,0.5118736242369535
bd4b807ebad4ce66420cb1f8,2022-06-11,0,womens_flyweight,0.26103521968202187
d41039f9c98e4cd3418f2f02,2022-06-11,0,womens_strawweight,0.6034289758031116
69d6707f40dbdd247de83d25,2022-06-18,1,bantamweight,0.7828785894206325
b2afb64bd777a942b65dbb5a,2022-06-18,1,featherweight,0.4490643159335017
bc67a856832a4900d2384ba4,2022-06-18,1,welterweight,0.6324242902371371
4a4060d03f813216114e4968,2022-06-18,0,lightweight,0.3523834799113747
2280acaef1bd4f8d94bf22f2,2022-06-18,1,bantamweight,0.847635006543464
ef1c81da42f18212117eb7db,2022-06-18,0,womens_flyweight,0.5084823993900194
b8b37ab0d685d69a80b80bfb,2022-06-18,1,middleweight,0.553035002316117
c8bce7a0cd5b64400d6ce30d,2022-06-18,0,middleweight,0.509672031433902
34eacc018777cf756f0a9bc0,2022-06-18,0,womens_strawweight,0.5510803262251873
61b4b53d06936ba0aa98113d,2022-06-18,1,middleweight,0.6721359416827265
2cfd9a8c1b61856144ef594b,2022-06-18,1,featherweight,0.7696371733267678
5bdb3da39bb6e719e9fc0618,2022-06-18,0,middleweight,0.5559099271793098
68df60a85737373fc82b19b1,2022-06-18,0,welterweight,0.16903016305249688
2fbfe695974365c0c5f85fc8,2022-06-25,1,lightweight,0.3502318902984729
6458152c222f4906571bcde7,2022-06-25,0,bantamweight,0.33099052408347446
2ecd2eed9d2962188ecb5689,2022-06-25,1,light_heavyweight,0.32473709660478906
818221d71c181b39140c5074,2022-06-25,0,middleweight,0.44847713495622943
35e5e8e703d00edf360a6043,2022-06-25,1,heavyweight,0.4299021713216766
dbd552c2d7e341649622ee23,2022-06-25,0,flyweight,0.5032052244197628
d3ae12666b9f9a68eead2751,2022-06-25,0,bantamweight,0.13013312931801224
e4ea35454ee62c778fa3f4a6,2022-06-25,1,welterweight,0.5617055577176039
b21c9e5ff089ca9195054ac3,2022-06-25,0,bantamweight,0.5935105514647546
76e3a22b48d90e22583c5147,2022-06-25,1,featherweight,0.23271572959627052
48b66f6c4e067ab131987c86,2022-06-25,0,lightweight,0.3066688079210011
a59780a9c44b0f7455be33f1,2022-06-25,1,womens_strawweight,0.3426094640173948
e02eea16ac82e778f7daf1f7,2022-07-02,1,featherweight,0.6229038659433866
876921be33b920ac9567b725,2022-07-02,0,lightweight,0.5574486568660734
e81f8dc803fd77311da05e80,2022-07-02,1,middleweight,0.5639391436818209
859d13910d61abd539cc945f,2022-07-02,1,welterweight,0.5595311666735959
e6c3e6276839dd5d64a789b2,2022-07-02,0,middleweight,0.25832157560984587
a2e9ef0e8cb15790f8ced352,2022-07-02,1,womens_flyweight,0.7381202644768187
eea7d1b3716582025dfbfca3,2022-07-02,0,womens_bantamweight,0.5188330618934085
2a9cc81d46ea65120d7fbe99,2022-07-02,1,welterweight,0.5441427561200676
ba6dd14c8af9df3ea8f92512,2022-07-02,1,welterweight,0.6931922296425299
5833acc9c3ac9e365c6c0b7c,2022-07-02,1,middleweight,0.260309121904147
177235a3e775a6743d6600e5,2022-07-02,0,middleweight,0.38712033555527986
f2fd98701b89701fae9088a5,2022-07-09,1,bantamweight,0.32702751454353896
803fc1e81cfdec6e7a503544,2022-07-09,0,womens_flyweight,0.5698045199504187
8990215859428aaac941741d,2022-07-09,1,middleweight,0.381889853201049
833c99cb97e71c4d5ca53fcb,2022-07-09,1,middleweight,0.47384693227889213
894eb20cea5348518aad7e6a,2022-07-09,0,featherweight,0.46628967420694833
ec47ffa3f0a194c15729e14e,2022-07-09,1,bantamweight,0.8647224362160627
eb92cb37c14b9a12e2392824,2022-07-09,1,heavyweight,0.33011693702566686
ed326894c1c1b1d3adbf1cba,2022-07-09,0,light_heavyweight,0.2581030469390891
3762c8ce8cd05373829c8371,2022-07-09,0,lightweight,0.30129545635533694
85e2d3f91c45cbb0e0bc1cb6,2022-07-09,1,lightweight,0.6706516161941567
fb7e9ab6b45aeb9bdb8436ab,2022-07-09,0,bantamweight,0.5206480234618772
b203dec5ae3023e120de922f,2022-07-16,1,featherweight,0.7112734937829497
a32125452f6904259fbc72b2,2022-07-16,1,featherweight,0.5531243288566017
8fe207b501c2aa7554270832,2022-07-16,0,light_heavyweight,0.4112166782782422
a9c93145b251be4e9d7e6dcb,2022-07-16,0,middleweight,0.44907180091659554
12d4dffc5e8bc17202be2632,2022-07-16,1,womens_strawweight,0.3898302477089749
fb462f5b2e9f652779cdfb66,2022-07-16,0,womens_flyweight,0.6781384727533839
c637b6f0f5a09bb8e1a74e50,2022-07-16,0,welterweight,0.6068232896654244
17ea09382d449f8306c19c3b,2022-07-16,1,flyweight,0.3270806755636934
fd355002a0fa2e74e3536f46,2022-07-16,1,womens_strawweight,0.564450015041165
ccfedebf868f0b8dc734bfd2,2022-07-16,0,middleweight,0.3103195158456524
aec85754ffdd895e4321b6fb,2022-07-16,1,bantamweight,0.37209402779392386
ad625eebc9ae756d4e5ce12a,2022-07-16,0,featherweight,0.5560959553169409
f0728df1781fd229cb014c50,2022-07-23,1,welterweight,0.5652246973782145
fc3a021d4027a74cd0e85243,2022-07-23,1,heavyweight,0.5246495706248364
953bbb8b3a4dbab3e4857e03,2022-07-23,1,middleweight,0.518327613349326
e1bfa78d9e55d9829168dcdb,2022-07-23,1,lightweight,0.5821470339812871
d04154269d7f8664c62b6131,2022-07-23,0,featherweight,0.36298560953133935
68dfedbb07bf88d9ca273dc2,2022-07-23,1,womens_flyweight,0.466203754446488
ec4c20bfa09fac0285d92870,2022-07-23,0,lightweight,0.40475026549529797
3ba5a9abbb1ae3fa79599046,2022-07-23,1,lightweight,0.5070669889645112
291314e3a3d4ef5e1277e4e1,2022-07-23,1,womens_flyweight,0.5806510993995239
819b658e6cf0d717bb91de6c,2022-07-23,0,flyweight,0.4719676429926464
e1c2046ddc61effa0182c84b,2022-07-23,1,featherweight,0.8855875785424605
fcbaa5ecf7ea948ec4284861,2022-07-23,1,light_heavyweight,0.35830740660916144
a3042f1e67d6574fb63da12e,2022-07-23,0,lightweight,0.6069603052963833
ef6ab6d69866893d4c3f7e61,2022-07-23,0,light_heavyweight,0.46930547918097754
b8683f73e2644670bf1ff574,2022-07-30,0,welterweight,0.4965359242714584
282ad5f28deaf15f8dca4792,2022-07-30,0,flyweight,0.6049799245444796
5fa0aeb049247895d054ff67,2022-07-30,1,flyweight,0.5644176410210487
c07de9903dda0402b5b7ae51,2022-07-30,0,heavyweight,0.4940639813062463
5aaa23664d6070cac2051597,2022-07-30,1,lightweight,0.3338917563059406
58e54a3c63001690d005c9bc,2022-07-30,0,lightweight,0.5519797798123036
10b81e064c1a7b6abe9a2535,2022-07-30,1,womens_bantamweight,0.6791919851376802
33eed00e388c88409a34cb2f,2022-07-30,0,womens_bantamweight,0.5213835729766632
e4877492b848342688b0277c,2022-07-30,0,light_heavyweight,0.31970302777276544
acc3d39765c5482fcb45accd,2022-07-30,1,welterweight,0.7461865562807135
17570bc74fd14e361a08e878,2022-07-30,0,light_heavyweight,0.3666971843313303
ac2b588a1a2472b349609a68,2022-07-30,0,welterweight,0.3727716397071238
1a6042f44f4e1018e13bcf39,2022-08-06,0,heavyweight,0.4259872036852658
11bfef30ead4201c97f126a7,2022-08-06,0,womens_flyweight,0.5033097539294377
ee78ff94d74191c0950c3305,2022-08-06,1,welterweight,0.6111401042791909
14baf91c942b6d4b80278c39,2022-08-06,1,womens_strawweight,0.5063357118379602
e16f507b343589a2e4e6722a,2022-08-06,0,womens_bantamweight,0.5818455959598321
e21ab264e04732c3ef8f62f4,2022-08-06,0,heavyweight,0.4838777259702141
e9da8c8a6c31cb23cefbf64a,2022-08-06,1,middleweight,0.6110751154008646
6ec98fde74b283e28ca0a7fe,2022-08-06,0,lightweight,0.21475966126943366
cf34d5f335348b66aa91eff5,2022-08-06,0,light_heavyweight,0.5019054659493534
f8f3e8322df974e5e79c4018,2022-08-06,1,welterweight,0.4502818492376326
a786185afd5f82f1db44d3c8,2022-08-13,0,catch_weight,0.6381933313166263
769a825b93d1f461ed037a48,2022-08-13,1,middleweight,0.48800567339980977
e5ba6b21277ad5545d7c0dc3,2022-08-13,0,womens_flyweight,0.6118702103136974
7322e2f3f4bf5390f2bda163,2022-08-13,0,light_heavyweight,0.6408836784081426
aaf6d2192b150766430fc20b,2022-08-13,1,lightweight,0.532869145048275
ba36c66a9c8864239d835333,2022-08-13,0,catch_weight,0.5629729646623632
e07aa035986642062d25c1f5,2022-08-13,1,bantamweight,0.5453480962537578
8734458639c9a77e963669f8,2022-08-13,0,heavyweight,0.41128104319788333
8e3ee192291658b73f706113,2022-08-13,1,featherweight,0.3660649752962796
207fbf80c6f721606f408c61,2022-08-13,0,flyweight,0.6656022636967179
0e895646923d2363e9ee3865,2022-08-13,1,womens_bantamweight,0.3468525714969905
cd596c04dadc1a357e70db6e,2022-08-13,0,womens_strawweight,0.5033097539294377
7e414bf2e90506da27163941,2022-08-20,0,welterweight,0.5300596527641864
8a9c09281e5eeca72ddede9c,2022-08-20,0,flyweight,0.3308961195778794
fc73feb19b3af4a912864096,2022-08-20,0,bantamweight,0.41024745541741314
2e655f9fa69fc63ba339bf9d,2022-08-20,0,flyweight,0.35964586050967684
09110ce448db775f208b9e4f,2022-08-20,0,bantamweight,0.26188462630144715
96bf35f8d242172083318f0b,2022-08-20,0,welterweight,0.6728538732418585
72cae9b3b0647f262149f01d,2022-08-20,0,lightweight,0.23340911268529643
6e01d4335754eab4e2519c82,2022-08-20,0,heavyweight,0.5973718232337304
e041b8ced5ccae038bf87f85,2022-08-20,1,middleweight,0.504987649548818
e21703f2490a99b16dfadb3d,2022-08-20,1,light_heavyweight,0.785246171721139
f41c685ee847a134377ce615,2022-08-20,0,womens_bantamweight,0.571744271244878
9ce27f8c4c81304aae9d0e7e,2022-09-03,0,middleweight,0.5715628112669665
a3bbb4a0fa0064f0548c4dc4,2022-09-03,1,middleweight,0.5210247272216706
2d11896bafc8bb829b196c12,2022-09-03,0,lightweight,0.3752678258727484
55128794a5130c0766120091,2022-09-03,0,featherweight,0.562728506375575
7301434a052e54b477cb10b8,2022-09-03,0,heavyweight,0.2139496763463681
d67df94cf203060829d5e02a,2022-09-03,0,lightweight,0.44096595373900643
3f009a05817aa629ecb33512,2022-09-03,1,lightweight,0.7025508313785795
86ec5f7ecd89641f1c7cff4e,2022-09-03,1,bantamweight,0.5349470147387607
561ee3bd70a2f70be5d0512b,2022-09-03,1,middleweight,0.5924315161904992
0fc64e2e9e677fbf1fdd2676,2022-09-03,0,middleweight,0.547776318152236
be1d0f8c941e18f2385e8ec8,2022-09-03,0,womens_featherweight,0.3655016879932618
b8f2b3651db2a7baa029e536,2022-09-03,0,featherweight,0.491916373035331
4a6bcffa1eef009392233795,2022-09-10,0,bantamweight,0.3231202832298245
c00654036cf18b5bb5f2d2c5,2022-09-10,0,welterweight,0.5193246419978388
b36dfd6178f9afe0176a1770,2022-09-10,0,middleweight,0.49933162389196867
7f7d0ff5834aebf0c6e0956b,2022-09-10,0,featherweight,0.6921924215291814
41da67b4d117a50c666ac843,2022-09-10,1,catch_weight,0.2655759748578784
6153221828eccf4930f0d3e6,2022-09-10,0,catch_weight,0.07926355819692556
9d40474ac4964ada854fa013,2022-09-10,0,heavyweight,0.5754321286288988
5a062d96aab1c99b7cc95f3b,2022-09-10,1,light_heavyweight,0.620995690867697
61ba8d4c4fabfe43fbb836c9,2022-09-10,1,catch_weight,0.31933121347715115
014ea6d786ce6f657768e865,2022-09-10,0,catch_weight,0.35416785346878715
0eacc4f0d8ed4f419ecbcea2,2022-09-10,1,womens_strawweight,0.5326387902654233
b23e87fdf32c675244e517b7,2022-09-10,1,welterweight,0.49121763804857027
129aa2e2442a6668ab3bdc63,2022-09-10,1,womens_featherweight,0.7537265463215055
5c6812938d363a82f925824d,2022-09-17,1,featherweight,0.3146627266633892
8d050432569789c31a32dcde,2022-09-17,0,middleweight,0.36590928913930953
dbcca4558e9c1d0d13c510a3,2022-09-17,0,middleweight,0.2738677250245354
bc3c14ac6ca3b5d7e1f471ce,2022-09-17,0,bantamweight,0.6604309880176777
c743e51d32485abb008206d8,2022-09-17,0,featherweight,0.513311260786831
059dfb0529502eb13b47c82e,2022-09-17,1,womens_strawweight,0.5402737950595536
f973efc4d40fd253e6092acf,2022-09-17,1,middleweight,0.8640799174171793
faae6d894d5ca7b2e828bf54,2022-09-17,1,womens_flyweight,0.5202751915778578
ba54b51b997887a6beff6ea6,2022-09-17,0,lightweight,0.4634096450097296
4d68a5e737c1e8b51f6f2e2d,2022-09-17,0,heavyweight,0.7260713122149982
58d0836ce3aef89372366e16,2022-09-17,1,bantamweight,0.35624407376283457
1afe0d50e01083bebcec9aa7,2022-09-17,1,welterweight,0.6748476605065211
49322c3b76a447084d3343fa,2022-09-17,0,lightweight,0.4545285315621579
87a787d77cf0a5e09d3d9395,2022-10-01,1,bantamweight,0.2592595947339714
38a5c52b9d2138c264286309,2022-10-01,1,heavyweight,0.5503959489320556
fc47440fea6c1d9a73f29056,2022-10-01,0,lightweight,0.47797962908978686
5c2d756d58e2169143a3d205,2022-10-01,0,catch_weight,0.7105488629178874
fa7cd15e925add6d68fc71fb,2022-10-01,0,catch_weight,0.4362164035337489
fa6a5ead0aa09a9ef6c5b57a,2022-10-01,1,middleweight,0.5736753268432593
b72aea582d1585d9cb98b492,2022-10-01,1,womens_strawweight,0.4190866092857027
769a6a0ed8f56e2771571177,2022-10-01,1,lightweight,0.659243984962378
ba830e44c169818ed678aa41,2022-10-01,1,welterweight,0.7335920183371444
8a3a1e63063d34a285884a99,2022-10-01,1,bantamweight,0.6094426464393875
332b606adadb464988ce504c,2022-10-01,0,featherweight,0.205934753618686
01280f9e77503889cc5f9625,2022-10-15,1,womens_flyweight,0.4894412078965815
ca2c4ad4a77247d7ccff754f,2022-10-15,0,bantamweight,0.24761801992501276
0b42a434a9d342606e9634d5,2022-10-15,1,featherweight,0.5770767207697611
26959a0ae6d9ffc29e07813b,2022-10-15,0,middleweight,0.39596602313105134
aae253d49a82af766011fb44,2022-10-15,0,bantamweight,0.27177398539146325
dd6794095b4f567cbc4101d5,2022-10-15,0,welterweight,0.63938195087117
044df039a74152712583ec34,2022-10-15,1,light_heavyweight,0.5441458670906922
6a2ccb4c05791a9425fdd871,2022-10-15,0,middleweight,0.5935056801762953
a351ceb4ec13704924e64821,2022-10-15,1,womens_strawweight,0.43233342482483894
4f4009ed9b6888d49211b309,2022-10-15,1,bantamweight,0.6002154144567934
cb331ce12f84a70205c765de,2022-10-15,0,flyweight,0.318413916693115
2fa71d83dae3ebb848f3441c,2022-10-22,0,welterweight,0.3344376223692327
3969abdde9d204a1383b76b0,2022-10-22,0,bantamweight,0.3087763466614971
d51176910516429f296e9791,2022-10-22,1,middleweight,0.7091793630508083
8b1f7cebde3141ff07f2e923,2022-10-22,1,welterweight,0.5300916624116383
1f39f88404238882611b5baf,2022-10-22,1,lightweight,0.3784245903221423
89b86d8017ee9c1cbaa746ae,2022-10-22,1,lightweight,0.5357181914246378
e323e1ea8dacbcffaa512ad7,2022-10-22,1,womens_bantamweight,0.7908178808261421
35a1f8dde1fde0e00768056a,2022-10-22,1,womens_flyweight,0.41709059484409056
f4c1d9b02ea276231e92bad9,2022-10-22,0,middleweight,0.45221348299693953
bf2060061f6746545bdfc695,2022-10-22,1,flyweight,0.5820769416473125
5cb842db992ceaeea1b3cf29,2022-10-22,0,bantamweight,0.6188330938683195
a99407677ffcc07b6201b9fe,2022-10-22,1,light_heavyweight,0.4902907599214409
9e77914c5d3a7d1ddeb09921,2022-10-29,0,heavyweight,0.2696255530532093
0475b074697fe0251c4d12ec,2022-10-29,1,featherweight,0.713898867330436
9ad86cefbe6ecdf976f7782a,2022-10-29,1,featherweight,0.450289521935459
ad5ce07a6e0876f8d5be2633,2022-10-29,1,bantamweight,0.6546202997498516
3ea908dc8672aba46a6b1042,2022-10-29,0,flyweight,0.3502003164488963
9cf346c97ea2bbfd2c1c605e,2022-10-29,1,light_heavyweight,0.24297414158565606
2578ddec4698f73c077da962,2022-10-29,1,middleweight,0.6746117288838458
ca802282390c52fdb2408e0b,2022-10-29,0,middleweight,0.3801979610913338
15d5339005fa2e8e3ec329bc,2022-10-29,1,middleweight,0.370905476993199
50f80108ef29bd03c1534f16,2022-10-29,1,welterweight,0.6331376358093849
5f9c2584685ac701df1b20f1,2022-10-29,1,heavyweight,0.4141621121994975
fb2b6999fee39d8d4b28984c,2022-11-05,1,flyweight,0.4343234852905674
1fa02083adffe4f1a1aaa2d6,2022-11-05,1,featherweight,0.42979752269317345
443e0c3f3b5ee8993cb6247b,2022-11-05,1,lightweight,0.6807896254199696
ad031ee4e83f763ae7e5c2c5,2022-11-05,0,bantamweight,0.3878484670419441
85d5c7447efef749dd381282,2022-11-05,1,womens_strawweight,0.43508154509025226
d98a3449d656417386274448,2022-11-05,0,bantamweight,0.2580191835051881
67bf0adfb4a72e6d1d0816f4,2022-11-05,0,womens_flyweight,0.21753978912444172
7d63d3e966fba6336272ecea,2022-11-05,0,welterweight,0.5447640217471471
7d171beb120b8d9b085f3e3c,2022-11-05,0,womens_strawweight,0.49157289368049084
f6116b016fd15f3896db959f,2022-11-05,1,flyweight,0.5288659251926727
d752a82ef0612c0a2c486058,2022-11-05,0,womens_bantamweight,0.5199294050573708
8aa99b2cd9574bce2a5476f0,2022-11-12,0,middleweight,0.42380375916403645
57a461274144d12c6cfaa424,2022-11-12,1,lightweight,0.4395649093589515
c2dc5cbd59cfdf863d8c6b7c,2022-11-12,1,womens_strawweight,0.42881752822137115
8a2af618f9bb8c2582583f47,2022-11-12,1,light_heavyweight,0.42393686605696507
e85b565475987e455e539476,2022-11-12,0,lightweight,0.6093774288791594
66f2c5674043221ca0434043,2022-11-12,0,light_heavyweight,0.555932133181581
ed6cea9fd841f86133410b45,2022-11-12,1,lightweight,0.6100574313126176
f9d00f1cc1b81acb25c5ad95,2022-11-12,1,womens_flyweight,0.6676163673295673
89753c38b68f7526bf9e58a8,2022-11-12,1,bantamweight,0.7220139346392733
b17854bdc5ac75cdebdebfc7,2022-11-12,0,middleweight,0.7076989917289748
bb48fbeed91a2ae16e631b45,2022-11-12,0,bantamweight,0.5159568388626076
52729424a8db9c8e560906f5,2022-11-12,1,womens_strawweight,0.5566982013493198
4f56ea61b8260643a03879bd,2022-11-12,1,lightweight,0.280627376250998
a29b34f3eb27fd13d76b11fa,2022-11-12,0,featherweight,0.5656780610972042
d405e854a32224bcc4db5e45,2022-11-19,0,welterweight,0.3620336413437209
65a1d86b89e2470e1e3db15b,2022-11-19,1,bantamweight,0.6224969306590301
a610b8fe21dd433dd33fd822,2022-11-19,0,flyweight,0.5542540243864971
119695682640f1374d5c064b,2022-11-19,0,heavyweight,0.4943055282113821
134f4d4a92ff0f23596749a8,2022-11-19,0,welterweight,0.23506868481347662
076a794451db2a52b98c2309,2022-11-19,1,womens_flyweight,0.5554344011382731
7c2cbb3580dd05ab14dfada5,2022-11-19,1,light_heavyweight,0.6465486278890052
9893e9ce7e58dd73dc5255ef,2022-11-19,1,womens_flyweight,0.7925463640622686
08cc9cab63281c265de6127d,2022-11-19,1,bantamweight,0.51178009494297
2f3fc3172d73cddfd573aa40,2022-11-19,0,womens_strawweight,0.2918278072331609
630502317483ca9c43c50cad,2022-11-19,0,bantamweight,0.2646725633678246
cb2b679c92bd80ebf4dce030,2022-12-03,0,womens_strawweight,0.4008027574220808
e884d59713242b5e40c18426,2022-12-03,1,welterweight,0.4691193977695358
78078a06b6123519e6e6389d,2022-12-03,1,lightweight,0.4047685805529473
b4ddf766033e81d0119cb1e7,2022-12-03,0,featherweight,0.13088945996505566
b2b4ba541349261a5183a952,2022-12-03,0,middleweight,0.6015813531543909
fbe2eacc0874d97394ea1832,2022-12-03,1,middleweight,0.36590309234329554
ce3faf675b6078ae06995f59,2022-12-03,0,featherweight,0.3905618555055418
4dac47d315d1aca95332a102,2022-12-03,0,flyweight,0.3261962802183073
cfc93cd8941fdfe5321696d6,2022-12-03,0,lightweight,0.7715039610605147
4f162c7c30d92fff90d239d6,2022-12-03,0,lightweight,0.1743693171076185
6896a8bee73ed65ceb61e90d,2022-12-03,0,welterweight,0.5804088683748572
3df0cd81dd767dedc14ec088,2022-12-03,0,welterweight,0.8170173459945255
ffaaa6810e903c894557c687,2022-12-03,0,heavyweight,0.2822106970522577
69d8f51a708f4a602eb6b066,2022-12-03,0,womens_strawweight,0.351426746476979
d685375c090e0b3ac4d13d51,2022-12-10,1,featherweight,0.415165673511586
97918cbcbe4b3af27679dc76,2022-12-10,1,featherweight,0.5123998375562109
195a4a25edefbdee1978add5,2022-12-10,1,bantamweight,0.491916373035331
f41619679889d65542ce470d,2022-12-10,1,middleweight,0.5347996326022669
898f396f3f2e781708ad4221,2022-12-10,0,middleweight,0.39353924455599487
89ac380a2e7df762e9960bef,2022-12-10,1,middleweight,0.7101002818760367
6f83248ed364da425ac6e6b5,2022-12-10,1,heavyweight,0.3998567110114885
220fc84b9439edce53facd04,2022-12-10,0,lightweight,0.6970892501306527
c21d7cb712ee6288e115f864,2022-12-10,0,bantamweight,0.5946206091008774
11988bf1857ae4bc7fc9fc71,2022-12-10,1,catch_weight,0.4091906939657037
6cac8e9e2664ec7c35a78b87,2022-12-10,1,featherweight,0.5874669937823971
18932712ef980754aa8ea7d5,2022-12-17,1,featherweight,0.42685795727767717
a908a1420ff1d9f94575f943,2022-12-17,1,flyweight,0.680258899156505
bbc491df17960bb5bff6b31e,2022-12-17,0,lightweight,0.2831182716942245
0c96e42f32a09a794ddebc39,2022-12-17,0,welterweight,0.5006067294943709
fc2b431ca6e0290539b9ecfb,2022-12-17,0,womens_strawweight,0.43767141134251025
376d706e7b1fffd65da0244c,2022-12-17,1,middleweight,0.5584837522627757
62c857b47d6eb83bf9f679d1,2022-12-17,0,flyweight,0.5227238262777845
8b3108a9d38cc348b9ee1402,2022-12-17,0,lightweight,0.5097007405083281
708385da1df75bfa8783285c,2022-12-17,1,welterweight,0.3382187090625111
62df437ecc82bbfb87460bdf,2022-12-17,1,middleweight,0.396386105591873
b09e70f040d7ee1dc6260cd4,2022-12-17,0,lightweight,0.3773159673292773
71ea7cae81899e81d9ce58fe,2022-12-17,0,bantamweight,0.5163326454323524
9560c9fd3964613752555ddd,2022-12-17,1,bantamweight,0.631370131393601
c1e71d1d9adb482155fb773f,2023-01-14,1,flyweight,0.48457642343244056
d0381b088b9a49444821f7b5,2023-01-14,1,flyweight,0.5668816736327017
473cb05603e509a4bfc9c579,2023-01-14,0,middleweight,0.4026161795763326
24f815b1e2137e2461a6637f,2023-01-14,1,featherweight,0.5513893854320154
f458bcba7703f48484dfacf4,2023-01-14,0,featherweight,0.4901946671577699
483b08fc27731ad0a87cdc0e,2023-01-14,0,bantamweight,0.18846904611844797
ec208d732aca7f0b1f0f698d,2023-01-14,0,womens_bantamweight,0.5444862371557085
52d6bc7e6509310031ed4ffe,2023-01-14,0,lightweight,0.46493001247352855
c80a716a5e04319dc22d6f21,2023-01-14,0,middleweight,0.547044675144845
e38165574d6bfd63d4e79446,2023-01-14,0,light_heavyweight,0.41799576057249693
e2ebd640cdbbcc28ca2e8743,2023-01-14,1,bantamweight,0.845801706578557
c571321ad6d07f540414f93f,2023-01-21,0,flyweight,0.35283467925973294
1879c14c12351601569b29a1,2023-01-21,1,welterweight,0.3809757284407323
f709c650ce5f7a1d36b7501e,2023-01-21,0,welterweight,0.5099318183290649
2b19d65e695d66ba7d5f52dd,2023-01-21,0,light_heavyweight,0.2945972500580474
67ced6d3bcd5f9cff7b178ae,2023-01-21,1,middleweight,0.28626817571185453
a292c3204c848fc795af4c9b,2023-01-21,1,lightweight,0.1439236845290098
7b9b0213d00e3e62562edc0e,2023-01-21,0,womens_featherweight,0.13728165520082572
2d3203b53911c02b06b5c3d3,2023-01-21,0,womens_flyweight,0.2693898949079714
88c05dde0cfbbe4c9eece03b,2023-01-21,0,bantamweight,0.21443298811694894
c20db3255eb0b21fa2aab9f9,2023-01-21,0,light_heavyweight,0.6835635525260931
7ba2b9a199192a87d60f6838,2023-01-21,1,light_heavyweight,0.6291084741215379
170c5bb7b9800aa0cb5760fd,2023-01-21,0,bantamweight,0.5596119412166558
f8fe5853ba92aa1d4941f315,2023-01-21,0,heavyweight,0.2657395782800527
a35835c41d69a4aa0cc51950,2023-01-21,0,lightweight,0.3244113479313184
f78c5d74308eea6a9b237336,2023-01-21,1,welterweight,0.3630288746862751
4379c427241e16c5c42ff97a,2023-02-04,1,light_heavyweight,0.3658721548651814
fb3ccccef9c44cd3f44a1d43,2023-02-04,0,heavyweight,0.3210370754310583
e58678b9928dcd7e2a89b900,2023-02-04,1,lightweight,0.46493001247352855
5ffe7cef56c8e5dc2a3b0312,2023-02-04,0,featherweight,0.46493001247352855
c06582e8c3186fa75ccd836a,2023-02-04,0,middleweight,0.24885683952547982
5eafd2114e06744c7808d3eb,2023-02-04,1,heavyweight,0.5853373125247643
c55aa74790a7618ed08e5e86,2023-02-04,1,flyweight,0.46493001247352855
667af8ef779c3de51b6ca32c,2023-02-04,0,flyweight,0.2671493407360663
92ddbc29697faa23279ea2aa,2023-02-04,1,bantamweight,0.46493001247352855
c0dbc7dac4a69fdfa7b8a7e5,2023-02-04,0,welterweight,0.3877159164327804
e3a6a92a6b4c14140c0f5668,2023-02-11,0,lightweight,0.6282891499765699
8e99069a041aef3a93ceeef4,2023-02-11,0,welterweight,0.4878038592883711
9ac871fd5b77a57cde66e145,2023-02-11,1,featherweight,0.6268307393908101
128eedfd624aae6d0ee3489b,2023-02-11,1,lightweight,0.5691185071706575
3138bab08e28eac977aae47b,2023-02-11,1,featherweight,0.5439191602023403
8e0261939b3d9069a93806f4,2023-02-11,0,heavyweight,0.562694871277606
4becbd5521ee229580343aec,2023-02-11,0,womens_strawweight,0.34014347476879575
50535e74ff87ae17e1c4af13,2023-02-11,0,featherweight,0.5409003737124207
39b8a2a3689793a61bd1f93d,2023-02-11,0,flyweight,0.42995358287411806
352db25f95df258b62afd7f3,2023-02-11,0,light_heavyweight,0.6334732541007865
e2a5ee873106609aef8b7d36,2023-02-11,0,featherweight,0.4164445855966252
3f5d726191be802693a573f0,2023-02-11,1,lightweight,0.2375032612747075
9d14cb3c9c8fd9e831cb2b86,2023-02-18,0,welterweight,0.47176981854337235
a36fcfd26910843e21b34572,2023-02-18,0,flyweight,0.5807342980732896
47e078d89d36a38676c579fa,2023-02-18,0,featherweight,0.32203703269649636
389d6b8640bdfa2549c1e3fb,2023-02-18,0,womens_flyweight,0.6350754826630843
05ce260e041a2605c602d2d6,2023-02-18,1,lightweight,0.5621139545288777
7cdd2df80d6a6c593a282b52,2023-02-18,1,light_heavyweight,0.7254944027591615
33ac9685a2515b76f149fc89,2023-02-18,0,heavyweight,0.3862423469360544
73b63059d90c2960c03c75b9,2023-02-18,0,womens_bantamweight,0.27402323691221503
92dbac7a52867e46b35fafbb,2023-02-18,1,lightweight,0.6223318161911284
a4d636f7490aa62d4f569a1a,2023-02-18,1,light_heavyweight,0.3811153184060614
a77ddc24d18d055941c6bf15,2023-02-18,0,light_heavyweight,0.6132633900825237
f489e5bd58bfc35f1f4419cb,2023-02-25,0,middleweight,0.5577854631443934
758f1c497bf18e82210ab5c3,2023-02-25,1,heavyweight,0.57178217408587
5c80a7b04497ad5ee2bddd57,2023-02-25,0,lightweight,0.473524777889363
3fec13ee85d7f9983960b3cc,2023-02-25,0,womens_flyweight,0.519680407526043
0176ced8c9d94d30a64e4a7a,2023-02-25,0,lightweight,0.19642958115410028
cf7adf6d36d1b08cd9d8d30f,2023-02-25,1,lightweight,0.696529903823948
b8372e22cddbfa48ea909485,2023-02-25,1,welterweight,0.5042222301086607
6b4e4ea9b801548615975cd1,2023-02-25,1,catch_weight,0.3598032176392232
6ea6168d8e84815d2134058f,2023-02-25,0,lightweight,0.650243262125623
fc0acba87af9f8c76a7e2940,2023-02-25,0,womens_flyweight,0.28641530801113135
ddddb220f603a1df3e1e0161,2023-03-04,1,middleweight,0.6323399542315098
72321c6bbe98eff02e4095f8,2023-03-04,0,bantamweight,0.3701460976023221
cc0b7fa4194f7f6e6d3a39f1,2023-03-04,0,bantamweight,0.46493001247352855
85fe8793909e6952c9f78f00,2023-03-04,1,middleweight,0.7165136419038336
7363e41d86228b1d3ccb37ac,2023-03-04,1,lightweight,0.46493001247352855
4e033da568b46a961139d1ab,2023-03-04,0,welterweight,0.3602254657601468
d3cfb0d2b891ff38ada976af,2023-03-04,1,welterweight,0.577238843978437
cbd06542b2b208df53fd406c,2023-03-04,1,womens_strawweight,0.6988204936109856
c3f3ab3581e4101201417c58,2023-03-04,0,heavyweight,0.2960261734738618
9314741277e5a546928ec867,2023-03-04,0,middleweight,0.49429703371373285
483a44eda1de7ba858e8ac87,2023-03-04,0,bantamweight,0.4190641369110023
ec001e69e1a671cb55343f5d,2023-03-04,1,lightweight,0.6965672885387058
79f6fa67f74ca1d1eceb89f0,2023-03-04,1,womens_flyweight,0.23214802452994143
ae1d2e42c74ebe569b8bf839,2023-03-04,0,womens_flyweight,0.4439359859461317
2c3d9b8cf266f7d87b21947a,2023-03-11,0,heavyweight,0.4165115395640864
28667af2ecff9e735860e563,2023-03-11,1,womens_flyweight,0.23995078386697097
51fc827668838509328eca57,2023-03-11,1,welterweight,0.5282100150232586
02b6dc85938acd2c6dc76f32,2023-03-11,0,heavyweight,0.6974516454137615
5e42a3409698012174f55aa2,2023-03-11,0,bantamweight,0.09587939611244187
cc22e042a99a400b3b543787,2023-03-11,1,catch_weight,0.3728060174163567
4a7cf56c83980792658c3945,2023-03-11,0,bantamweight,0.4404957369975201
970d1a7858aa5b5c168bdb4a,2023-03-11,1,bantamweight,0.5223000748144779
8c472cd93fff869b8c1659b3,2023-03-11,0,bantamweight,0.45455064312528626
57624421d747b53b6a9fce19,2023-03-11,0,middleweight,0.5133608598284342
121d895ec34c4ee500d71121,2023-03-11,0,flyweight,0.23713643915897467
39493c979c1bfbe357de6651,2023-03-11,1,bantamweight,0.4454032980784178
313274f54c13e378c9782b8c,2023-03-11,0,light_heavyweight,0.5599407590025041
3ef5192d293b633a47593b25,2023-03-18,1,lightweight,0.6203228786684096
67939b6e4ba8a035489881f7,2023-03-18,1,middleweight,0.3847791761337498
ba6858c0646216e3a271c7f5,2023-03-18,1,welterweight,0.4628778129927407
a41a13deba0d06034c0c24a0,2023-03-18,0,featherweight,0.1325080663815503
be9e3b6594a545c5ece02333,2023-03-18,1,flyweight,0.5428626572754587
bd93d7b8110bf0a192791038,2023-03-18,0,womens_flyweight,0.7298741956650947
aba38730016b8b0777777ee5,2023-03-18,1,womens_flyweight,0.6747985895807046
a445f6f894e3074c43e9960f,2023-03-18,0,womens_flyweight,0.6556963886303764
0204fb629e0e6e99f3a62ea5,2023-03-18,1,lightweight,0.3905948682860318
a1b6f8d2aeb238711fe9cd1a,2023-03-18,0,welterweight,0.3663244961742226
a9bd37ea947df11dfb5e63f7,2023-03-18,1,featherweight,0.7156849699675198
bd7c4c65dd0660d691a5b7ad,2023-03-18,1,middleweight,0.6275018147673734
e95f3b99a35f4827b821860d,2023-03-18,1,flyweight,0.7225505030537794
759b5432bb0e95fb6e5a4cad,2023-03-18,0,lightweight,0.46493001247352855
c1d7d7ce041d52e09d7193c7,2023-03-25,0,womens_flyweight,0.4141054882648529
034e224915320f869f1dba0a,2023-03-25,1,middleweight,0.5126193167426429
717be830f10bc6172050d1e0,2023-03-25,0,flyweight,0.28578139169342237
fb68a3891e073458dc6aaa5f,2023-03-25,1,featherweight,0.33016502262160763
b4bcc9e8264244b410d7df4f,2023-03-25,1,womens_bantamweight,0.6352072845910196
84ded834631bc85d1a979066,2023-03-25,1,bantamweight,0.4739546663022931
3932764824c5a65f4ea80b0a,2023-03-25,0,featherweight,0.5528227916234055
3da110d1cd53964797f27c55,2023-03-25,0,featherweight,0.5586101272781131
bc34061f7585c8cb754582fc,2023-03-25,0,welterweight,0.4031323295295008
d8bf04bd476c5def9385b3ed,2023-03-25,1,flyweight,0.5967801950156445
090d5cdefe42617fa644a06f,2023-04-08,0,middleweight,0.41350568849031516
f4262813b91eccfae338f71f,2023-04-08,0,middleweight,0.5695159659325035
b3e3b5f129a63fb2038e58ed,2023-04-08,0,womens_strawweight,0.467547736920026
30c5225ba53208cd76437d3b,2023-04-08,0,middleweight,0.7465453760285748
50f3bfb5121b7b06fdb05de0,2023-04-08,0,welterweight,0.44100934378789286
a3cc4d0be0f091345c0e83cd,2023-04-08,1,catch_weight,0.5686709209745208
186919d4a2872e5c626d87b8,2023-04-08,1,womens_strawweight,0.5143437635233737
50677f1bf973ddd98ff7be61,2023-04-08,1,welterweight,0.6278376178378273
5bf9cd7d305f8634d4423b73,2023-04-08,0,womens_strawweight,0.5189300057093648
542ab5e1dd01c45dbe923832,2023-04-08,1,bantamweight,0.37689757361644594
cb56c19233738e3f99fb0b06,2023-04-08,0,bantamweight,0.4744047802892655
7941baf2f9c14b9bc5dc6877,2023-04-08,0,featherweight,0.41779301821975634
536fc9ff4143a7f0ef5213e4,2023-04-15,1,bantamweight,0.6659525716166067
58d7a5e6018b4265e7a4b16d,2023-04-15,1,featherweight,0.5114434314350651
f5d38b8d75c4c47b6cad6b69,2023-04-15,1,flyweight,0.3429018225993502
7b3a87bcfdaf6184fa346634,2023-04-15,1,womens_strawweight,0.4781768557021447
305a994660d1f7aefbc2d278,2023-04-15,1,lightweight,0.80744679365955
8aa967b47782f05988eede93,2023-04-15,0,light_heavyweight,0.48209459584895376
e32814b20fa0d61f9191d8d6,2023-04-15,0,featherweight,0.6555649592148195
2df2b28eed63b6044ceb774a,2023-04-15,0,womens_strawweight,0.4079036138730115
6576e21f61790cd99298296d,2023-04-15,1,womens_bantamweight,0.7655446684196029
fc2939e831f145899a2e2a1e,2023-04-15,1,lightweight,0.288432792963809
8585d2f9c10439b3ae1c6def,2023-04-15,1,featherweight,0.3012743454832942
715f478ae35da582d9f2f26f,2023-04-15,1,bantamweight,0.2545982762243816
a3b645cd303899e532cb969f,2023-04-15,0,light_heavyweight,0.5105041718122555
4c702db73869ec0f411cd286,2023-04-15,0,light_heavyweight,0.2280524589899512
99f50e21f3c2b8fb41bfe804,2023-04-22,1,middleweight,0.5583472947893923
379db5a242315cc0331f6ab9,2023-04-22,1,bantamweight,0.3229621274070623
42d8de57f8ac25ae0a59af37,2023-04-22,0,featherweight,0.2970311777231813
69df5f5db0fe03de6d83eeb9,2023-04-22,1,womens_flyweight,0.5503917153595463
ebbd9b0e418daaecd3a5147b,2023-04-22,1,welterweight,0.49299782040033246
a81b666d9fea33d5a4e4e227,2023-04-22,0,womens_featherweight,0.4037452218058035
15793bfec6a8406b59adf881,2023-04-22,1,heavyweight,0.39827505805009744
cf2e08d1a2de456001218fbc,2023-04-22,1,bantamweight,0.74314558098396
2d07b591baacde698e40eca7,2023-04-22,0,lightweight,0.4851835863883659
d0f44949b918faa8a43733f9,2023-04-22,1,heavyweight,0.4145376975275813
64bd164890b13ccd6152e1f3,2023-04-29,1,middleweight,0.44605995600245474
382d5f5de3ab9af93ca82b63,2023-04-29,1,flyweight,0.6056940387021201
e74e0fcfe591662c36de0f91,2023-04-29,0,womens_bantamweight,0.5513458398041066
9404efffd14ae8bc7d0dad29,2023-04-29,0,welterweight,0.5126378015079451
361d3b8343a3062df1f20add,2023-04-29,0,catch_weight,0.38909955482918485
209f89bb364ad65d94f93f8c,2023-04-29,1,featherweight,0.24549302369220968
de2dcd0f2af8b8f8855a9ee1,2023-04-29,1,heavyweight,0.48405531249699574
79b7440c98a3fe7209a2b6c5,2023-04-29,1,heavyweight,0.49930704262644043
a482e08e398790dbc62aab8b,2023-04-29,1,middleweight,0.6563852568222224
996883e37beff1a1ac3bb2d5,2023-04-29,1,bantamweight,0.4566311662343636
c0f12ad7885173fca8c8dadf,2023-04-29,0,womens_bantamweight,0.6906820357789177
8cc6c1a80c3b3e78fc639607,2023-05-06,1,bantamweight,0.5474319803885287
8f175dda24ee4d5ed157611f,2023-05-06,1,welterweight,0.5842527191710034
38e28862ab0d408ffcf40da9,2023-05-06,0,heavyweight,0.3480250959689984
ac89ad183f32d054d164ee0c,2023-05-06,1,lightweight,0.4207377972111142
ef1bf09246b82fc675505721,2023-05-06,0,womens_strawweight,0.6582394702534753
b96182f98b3de52de631a16b,2023-05-06,0,middleweight,0.4625382244551903
2db72ca1fb0fdb7fffe3a93f,2023-05-06,1,light_heavyweight,0.6372994135613053
c5ebf8e79324e5939125f9ad,2023-05-06,1,welterweight,0.6597896948842986
3e2e956ecc31c21affc1243d,2023-05-06,0,featherweight,0.3914308126159461
023c4ee9d811ea4e3c8b11fa,2023-05-06,1,womens_strawweight,0.3527183103007563
0675c46166735f4643081ce6,2023-05-06,0,featherweight,0.16545736332709116
3d3bc5c58bede42fd36c2efb,2023-05-06,0,middleweight,0.7515769558444373
73f39af8d610478efc1c33d2,2023-05-13,1,light_heavyweight,0.5302318282286699
7a5e52cdf64699c40ca7635d,2023-05-13,1,welterweight,0.6227365296359927
8ea417e09eac08a2ad3fe828,2023-05-13,0,light_heavyweight,0.3182403343302373
f4ebeab135e8d5bb06730df8,2023-05-13,1,catch_weight,0.24553850252727938
bcb161a3c9d9e2a50a8e2857,2023-05-13,0,welterweight,0.6107000356879404
74a34d39413c8f931bad1e28,2023-05-13,1,heavyweight,0.5647855835540055
f166d8ac6a457943bfe528eb,2023-05-13,0,womens_bantamweight,0.4757205803646404
2d1948b604cc1d52072429d7,2023-05-13,0,womens_flyweight,0.4631755819525873
7eb37ee4f1b3f74a15b948a6,2023-05-13,0,heavyweight,0.2648631927503489
90d417de02b6d71ffa660d3f,2023-05-13,1,welterweight,0.304376004017251
834f2fa194fc1425e6d5a51f,2023-05-13,0,welterweight,0.38831521947842595
9dea78b803a1d3cbffb84573,2023-05-20,0,welterweight,0.37099749651730324
d5f1029bfe5ae4808dbdeb8b,2023-05-20,1,lightweight,0.5699103941598126
583ed00e1a40f7bc24f0e7d7,2023-05-20,1,lightweight,0.6268286959312518
a5c6f22d83c3a5cd1f37e6d1,2023-05-20,0,middleweight,0.5414518966100238
19550019194953c70877b46a,2023-05-20,1,catch_weight,0.6074710352691429
618b7b63848dfb28d9e75658,2023-05-20,1,heavyweight,0.5739551289676985
4dad1eec32d230346a567d14,2023-05-20,0,womens_strawweight,0.49452312331593373
f80948e2b2d88cf85d8f69c2,2023-05-20,0,womens_strawweight,0.3710482749065777
e14152d9d3bcd814f7a78595,2023-05-20,0,lightweight,0.47040037727638356
7a892f12809c158957f4222c,2023-05-20,0,womens_flyweight,0.09477515269504133
24d6f64dd1a9f4a00b60b172,2023-05-20,1,welterweight,0.5547579318501488
a9283fde7464f78285f35d4a,2023-05-20,1,welterweight,0.5418487475299545
8d2657059b80b7d256f63ce5,2023-06-03,0,welterweight,0.3932438056168189
c47c6d03bdb49b711c50f83c,2023-06-03,0,featherweight,0.4168936937257397
fbdb0f998a41190f2e544cb6,2023-06-03,1,heavyweight,0.6563940419384043
211bd8ca31ce0bf9f809f926,2023-06-03,0,bantamweight,0.5848452069745316
1f74546eab5290536943b881,2023-06-03,1,bantamweight,0.4868913238355724
43dc5779bee5d6e1feaf1211,2023-06-03,1,womens_strawweight,0.5028541453382718
b53d7181f6baa5828ee82925,2023-06-03,0,lightweight,0.7606373924048188
eb35eda2f8e562604a3a6587,2023-06-03,1,lightweight,0.7708135961451852
a2548db55f411224c2090a87,2023-06-03,1,bantamweight,0.5120062050830003
810ebf65cda6f08605d0dfb4,2023-06-03,1,flyweight,0.5474202274704827
ba64fa041a0a17289f7ec4aa,2023-06-03,0,womens_flyweight,0.5017337975063504
67fdbe55ae06879de2d3096b,2023-06-03,1,light_heavyweight,0.39127638773590456
e30468a3c5bcc4c5e6f074a6,2023-06-03,0,flyweight,0.448927690078123
41b34cfef0a3c136d4b18cf6,2023-06-10,0,bantamweight,0.44947402834021066
2a7b20dea79359f48d7d2aed,2023-06-10,1,womens_bantamweight,0.7052946038095526
1f2ee3d9684f952d35509047,2023-06-10,1,lightweight,0.5209920478216865
74a471c2a8c54c1c590e1255,2023-06-10,1,featherweight,0.5833226794057217
dca56b74a39286560767984d,2023-06-10,0,flyweight,0.5562713690138493
fb60c604b16810077c6dce79,2023-06-10,1,womens_strawweight,0.4670292931879126
753ef8a86a13c56c70328743,2023-06-10,1,featherweight,0.2955150715202219
bfe91c9408462da03caada04,2023-06-10,0,middleweight,0.5393066974132277
f6498a4788e114791bbae90c,2023-06-10,0,welterweight,0.4022936873775797
0830f25bd926d3257e23b2ff,2023-06-10,0,womens_flyweight,0.6396066979943249
b5479c9894d56b527aaf98e8,2023-06-17,0,lightweight,0.08469977533244487
fa8e30b594409ffd405b94c7,2023-06-17,1,middleweight,0.6336616396758465
5de7511b539dc2f35627eeb4,2023-06-17,0,flyweight,0.5987313275476442
1553628079b91961f98be03a,2023-06-17,1,flyweight,0.8400512086396624
1701803460c2492f8c88e6dc,2023-06-17,0,bantamweight,0.3378211852668507
5ea10d9b2508835213a7e16b,2023-06-17,1,lightweight,0.5386412543188278
1ae6f24c34066c35e05a0ac5,2023-06-17,0,middleweight,0.6443318224294411
71155f2f38de2cef21d41ad4,2023-06-17,0,welterweight,0.4945953200479037
4afc828e854d71a980a4da1f,2023-06-17,1,featherweight,0.4080978068225278
1dc63941f97c2b53d6e7944e,2023-06-17,0,womens_flyweight,0.45537528281641476
b835ef106ba0d320989caaa9,2023-06-17,0,light_heavyweight,0.49961212275495037
9738dbbd12c022ab8c0244f4,2023-06-24,1,womens_flyweight,0.4872636642017262
26d1929d5e6faf685d9524e4,2023-06-24,0,middleweight,0.34994854151355737
02caa0904488e97a0c57821e,2023-06-24,1,middleweight,0.38175070245805937
8538c8b918b1de21ed7edfdc,2023-06-24,0,featherweight,0.5798510403576905
0c4515b1fb214c21809f0083,2023-06-24,0,featherweight,0.7203972983504522
a6a76a7a7db7da77a11b5ecc,2023-06-24,1,featherweight,0.7653272227486321
0744f58285748a8258aff8bb,2023-06-24,1,lightweight,0.44861292246163426
86089570ccc769b26795cf5c,2023-06-24,0,welterweight,0.18242352098600514
34413a75b78402855b689235,2023-06-24,1,welterweight,0.6484559868701855
d63c07a027a8bfced274a3e8,2023-06-24,0,womens_strawweight,0.5307753814129971
355dde8fa8af4f55e7903345,2023-06-24,0,lightweight,0.711432547364982
d903ae15997c5c3259527ac9,2023-06-24,0,flyweight,0.30091515655378054
c16d37110bfde910cc00a282,2023-07-01,0,heavyweight,0.2797123651294604
f0881ed5aee329899d5dbe32,2023-07-01,0,womens_flyweight,0.6553460280990161
ff5a4b29681042b715de7dd8,2023-07-01,1,middleweight,0.44946670803909344
66a014a3d695164cadb97344,2023-07-01,1,lightweight,0.7537072820449647
5a3fafcfe8cf52b7388b69c6,2023-07-01,1,lightweight,0.5463779907936198
031c91854eac829bdf2ffa2c,2023-07-01,1,lightweight,0.4261089009131582
40db9ab26d4cae9288a4883f,2023-07-01,0,womens_flyweight,0.5448109599521651
4ce7c778f23cd1bf4546e0ec,2023-07-01,0,featherweight,0.2897883746703761
2906ec3d58e436e5228c8dff,2023-07-01,0,welterweight,0.35757701817159976
36428584824bba6898b4824a,2023-07-01,1,welterweight,0.3942555541898969
44200bfac7f2a84fa9b3c2c3,2023-07-01,1,middleweight,0.5436179696920392
f2750b184214af53cd2d9552,2023-07-01,1,womens_featherweight,0.48964510101185804
bfd5cf090725753cb73a2027,2023-07-08,1,featherweight,0.5900433858692448
b7b4f20cf8dafb6a112ac7d0,2023-07-08,0,middleweight,0.4894940886386825
8391134e7f930a916e52ef20,2023-07-08,1,flyweight,0.2789712825276348
339bc6663a7f472154266feb,2023-07-08,1,bantamweight,0.6707228792574342
59f58c9c40c64fe1b8d474ff,2023-07-08,0,lightweight,0.5042880818809385
8b7bd39fd6c76d413400ef59,2023-07-08,0,light_heavyweight,0.4506325307837038
d05493e5cdd7938e02c6367f,2023-07-08,0,lightweight,0.3442719170544005
e724df897e9fa95b33128001,2023-07-08,1,welterweight,0.1895329720063019
243b01b43b4d154ee283edb4,2023-07-08,1,middleweight,0.5521656241352972
0580b939723798e97e523064,2023-07-08,1,flyweight,0.7455839244201182
3ee9d49d2883a76f0d0b3ebd,2023-07-08,1,catch_weight,0.7054950354721712
307078a8aaf55515debd7e4a,2023-07-08,0,light_heavyweight,0.5242530359048528
c040765e9cd22df2535af702,2023-07-08,1,womens_strawweight,0.39598971719005527
0e415addf4419c1bb7040995,2023-07-15,0,middleweight,0.30086584622783574
fae07c7909695a8de2670ea9,2023-07-15,1,lightweight,0.35112134102105474
95d5ccbd56f49fdaea7018e3,2023-07-15,0,womens_bantamweight,0.4004308625200905
570ed242ca21c62fa3a6e0bd,2023-07-15,0,featherweight,0.37851341581714504
5fb55152ac40582efdac2338,2023-07-15,0,lightweight,0.491647273114959
dc8c54b14e642c0f7dcc5d7f,2023-07-15,1,welterweight,0.8628154627515203
d5acd4b37d67e89519b6bd83,2023-07-15,1,lightweight,0.3175636731720987
59e240a1926ab9668d4ea114,2023-07-15,0,womens_featherweight,0.2971841529417003
20480c79595fbb7397cbcdad,2023-07-15,0,lightweight,0.36317518878003946
0504e93f7602bdaadee9e83e,2023-07-15,1,featherweight,0.5508528223864158
c66bd437648ce6c9d36fffd1,2023-07-15,0,flyweight,0.6036966147692734
aee881a6e3b66ff815a14b4e,2023-07-15,0,womens_strawweight,0.47887649363335916
37dbd1517fc350dfdb82fe5e,2023-07-22,0,lightweight,0.6926362666674596
2086564bb6d1a17b69d9594a,2023-07-22,1,welterweight,0.4149246233608029
85cc199fb2cc71d7610b426a,2023-07-22,1,bantamweight,0.29996270802328745
d374ad54876bdc9ab00d188f,2023-07-22,1,flyweight,0.675136049732057
f287ecd9b1b2b7e5886818fe,2023-07-22,1,lightweight,0.7565313839851021
5e03556ac21059d5540468b2,2023-07-22,0,womens_bantamweight,0.39818503486306256
88f4cf3ed1e8dc3bee9e78de,2023-07-22,0,featherweight,0.3803689036057054
f684f924db9762a5a24943d1,2023-07-22,1,middleweight,0.41969497089238117
07930a4698e812e3c33400df,2023-07-22,0,lightweight,0.5222602828764551
dc10ede4fff61150475f025f,2023-07-22,1,heavyweight,0.3703452819401009
1e5aadefe4f8b514331f7df1,2023-07-22,0,womens_flyweight,0.6464138649506928
be6f6a66dd1475a253d21e8f,2023-07-22,1,featherweight,0.6487451523101049
cdab172520a4c2a4e3be3200,2023-07-22,0,middleweight,0.6518174757152171
b6deee15173724b04f140ec9,2023-07-22,0,womens_strawweight,0.6976282998797283
8dbb536f8d8d18684dece8d9,2023-07-22,1,heavyweight,0.6955667540816165
cf7ebf33fc2afed4809e7db8,2023-07-29,0,flyweight,0.38894690944408844
4e8cbb73bf869a8da3d7deaa,2023-07-29,0,heavyweight,0.464207018038045
2a07f8ea0b27887c995f15a1,2023-07-29,0,lightweight,0.4690553020396296
f1f93d9da3d77601ddc068c8,2023-07-29,0,welterweight,0.7409785260504774
7cfdf3b2768432a51473f253,2023-07-29,1,welterweight,0.7506065640550533
73c5255ed61178a04a589d37,2023-07-29,0,light_heavyweight,0.4050622756356161
542062f841901da309fd39d0,2023-07-29,1,welterweight,0.362127419170914
1441ccf352df4b05c9a83aea,2023-07-29,1,welterweight,0.6892727932497432
c7180a83d72402d7608bdceb,2023-07-29,1,womens_flyweight,0.7195108256237995
3a32c6a5cc5a1fd46bea3e47,2023-07-29,1,middleweight,0.6711403265112323
7bb394fbae44e1da0cd5bca3,2023-07-29,0,lightweight,0.2636303035961648
282fb397e104dd45c570b28a,2023-08-05,0,featherweight,0.4978085854370512
b787cf6c2fa2ed8c9e195150,2023-08-05,0,flyweight,0.34459084324136013
6560f72e1b1c9b8138574df6,2023-08-05,0,catch_weight,0.45900552979038833
f94e4cad52bf9a6b2f38df61,2023-08-05,1,featherweight,0.6645324950787919
ce84563cfe04a65b5b76020c,2023-08-05,0,light_heavyweight,0.5777642708145717
0473c7065872a7d67606359f,2023-08-05,0,lightweight,0.7164267797801614
268d66a04a0a2276ada61537,2023-08-05,0,welterweight,0.6018024252956764
d6ee9a0d0b602cdfb29a682a,2023-08-05,1,womens_strawweight,0.5822264898446303
d51412c5c86ef83705f9476f,2023-08-05,1,bantamweight,0.6930588478299448
bb3b63715b62f6b0e4f65950,2023-08-05,1,flyweight,0.4678918191945905
358d2e14d9541e87802ef07a,2023-08-05,0,featherweight,0.4532299935384093
8a9f408c675d89c45391bc0c,2023-08-05,0,light_heavyweight,0.4412007999867854
cc0dfcba2a9a1a686e41e380,2023-08-12,0,middleweight,0.5533877807981192
21b8a0738ac50baebd05d9ac,2023-08-12,0,featherweight,0.6659007915182878
b0a0a0e4e665e9f2ee272956,2023-08-12,0,bantamweight,0.36303210295194616
56c51c3acfc72d7fc859ad42,2023-08-12,1,featherweight,0.34141657835561534
f83ebe6bf664c143f114ee24,2023-08-12,0,womens_strawweight,0.5041593621916839
cae33a4c01f60ea5bc1c2a9a,2023-08-12,0,middleweight,0.411015483388665
d7b541461594eecc66b90080,2023-08-12,1,heavyweight,0.6155320975898103
21dc27ee66f98446e047ad70,2023-08-12,1,bantamweight,0.6830842072984247
6f0ec3612994e967fb90e063,2023-08-12,0,womens_flyweight,0.4577264370269276
e18d45083a7c265a8622e262,2023-08-12,0,light_heavyweight,0.6664149559454409
c9c58ef3f78b8a1983f75960,2023-08-12,1,womens_strawweight,0.563448444011171
a6d4278c3e85ccf981d560d7,2023-08-12,1,lightweight,0.7294284011654014
fe4d9885f4576d7ab9015c10,2023-08-12,0,welterweight,0.33747140371678347
471c5569daaa1a004351935d,2023-08-19,0,bantamweight,0.573025395103628
0b46edbdd82ecaaa8339d80a,2023-08-19,0,middleweight,0.4000835089799207
34b4caec2c3e9c8cc351c602,2023-08-19,1,womens_flyweight,0.7527942148131324
2defed33fd46d631e90ba986,2023-08-19,0,bantamweight,0.3512296235355677
e1c4b3bb77a1f665d7e9edb8,2023-08-19,1,middleweight,0.3734016655517971
f77e8217af476c8d76c17de8,2023-08-19,1,bantamweight,0.5983396704776005
5e2db79a3a1ad7fa4a047658,2023-08-19,0,middleweight,0.3149666675140472
6146e55c7547bad0f4598567,2023-08-19,1,womens_flyweight,0.683983533811916
44a0ede1f5c3febcd8158c1b,2023-08-19,1,lightweight,0.18975606855187788
6a9d8431526f7e7ae3505c22,2023-08-19,0,bantamweight,0.31310671056143335
f59c117ae7cabc52d4b52159,2023-08-19,0,welterweight,0.5352753070130851
acbef5f5bc43c180f987011c,2023-08-19,0,womens_strawweight,0.4460103176485225
46011dba71434bf36e3c4864,2023-08-26,0,light_heavyweight,0.5705086705937107
7a36e5dab09fb0e3a32fff3f,2023-08-26,1,welterweight,0.591991662039625
bff6b688a0748a0496dde666,2023-08-26,1,middleweight,0.6757815291082511
31b7a66eb42b8c36524c3ab3,2023-08-26,1,womens_flyweight,0.6289111461406699
dd4024c9c91e5afd2d978e95,2023-08-26,1,featherweight,0.5661802221592314
f0e0f24c2d6eded73e540e2d,2023-08-26,1,heavyweight,0.658935504849824
f3ff547fc056f0ae57dcdd5c,2023-08-26,1,womens_flyweight,0.763992584584288
afe662b987c151d703cd1acb,2023-08-26,1,featherweight,0.7070240706534688
ac6f2e63fe39b2f0a273ae19,2023-08-26,1,bantamweight,0.536428687216115
baae93ffbdc1bf0262cee6e1,2023-08-26,1,featherweight,0.5086904890532752
99ab297a031513ce93f1576f,2023-08-26,1,welterweight,0.24011087490082625
32ae1bb3fc496ea9626ce862,2023-08-26,1,bantamweight,0.594765948800716
1fe545c4e1dfc5237a9e4748,2023-08-26,0,heavyweight,0.4428997215402119
ffa7455c3e5ede174ad4112d,2023-09-02,1,welterweight,0.5318128466410241
6d0f7ada6c998fb0eaf089de,2023-09-02,0,lightweight,0.44235967251536484
fd33be38cb0d1d4d0f6bca6f,2023-09-02,1,heavyweight,0.7628763314979747
6bd93fadde24f7c7a79345fe,2023-09-02,0,bantamweight,0.3888650860037778
65293a8e2961fadaeef4cf65,2023-09-02,1,womens_flyweight,0.4097542321474296
2d1078d0507597c4e604903a,2023-09-02,0,featherweight,0.46493001247352855
a4d79f54aeee4768f37396e2,2023-09-02,0,womens_bantamweight,0.594869004202118
44fbb5a2110d15b720a9751d,2023-09-02,1,bantamweight,0.5684611048950245
555e57ac84583be4ae725a15,2023-09-02,1,light_heavyweight,0.7204909639216878
21efe4021b701a3f681a8c10,2023-09-02,0,featherweight,0.2375846326871897
6e1227e9009e6929393b1fee,2023-09-02,1,catch_weight,0.4734309302255615
011b9746ab115630dd02c0fb,2023-09-09,0,welterweight,0.52961579697573
b21089f4d62b3730b34a4346,2023-09-09,0,light_heavyweight,0.3276986090254952
1b6d13bce1996a9787f00657,2023-09-09,0,middleweight,0.5894953579586955
b2b23742f60158de1d1c5c14,2023-09-09,1,featherweight,0.502375093393654
b8118cbf106d813928e0b82a,2023-09-09,0,lightweight,0.2438014803781004
27e9d3412a74a9570b14c3f3,2023-09-09,1,heavyweight,0.5334192893108263
16064fb85fa34316d72d9e6c,2023-09-09,0,welterweight,0.4653269523315382
f84f38efd0c68a4d11911324,2023-09-09,0,flyweight,0.3033649371072454
a0cc78d39dbec7a5ce6e1bd4,2023-09-09,0,lightweight,0.3477827109976171
ed8e3c472972a277f73c443c,2023-09-09,1,featherweight,0.31572101085315313
b04e6f3b3710a8911531f136,2023-09-09,1,heavyweight,0.6668238629146884
16cede3f450ae715871ef8c3,2023-09-09,1,light_heavyweight,0.40200893427818984
ead4ef0da3ceb9dbd827dd4b,2023-09-16,0,lightweight,0.4291514413710712
c8cfe9c5b42f5b7ceda34093,2023-09-16,1,lightweight,0.3146789765188318
f0c6e7a442001e286c22093f,2023-09-16,0,featherweight,0.48470924350746314
eaa1d742167744bbb2317e5f,2023-09-16,1,womens_strawweight,0.4801416558949435
399469f15d7034c6b5c5aa4c,2023-09-16,1,welterweight,0.4600004004266892
2d4c42ccd0419f0034998f5b,2023-09-16,1,womens_strawweight,0.6883201201837346
8e05c99e0cfb203d446ab29e,2023-09-16,0,bantamweight,0.45802943134698604
281de41fa325e8017e097798,2023-09-16,0,middleweight,0.3526885091113029
568b5c62f6997dbaa49f2d78,2023-09-16,0,womens_flyweight,0.4784225164642159
a8d577f3a15db8e801f72cab,2023-09-23,1,welterweight,0.5485226624514479
cd56e5717d0aecb3365e555b,2023-09-23,1,featherweight,0.6066934925322605
978e40854ce586ab5015d89f,2023-09-23,0,middleweight,0.6682825987394094
e705c6274e273eb488346925,2023-09-23,1,womens_strawweight,0.5991953584370378
5f67fcb6ff0330a07c25670c,2023-09-23,0,womens_strawweight,0.5237752497968635
534e4ba8dcf5d6b12163bd43,2023-09-23,1,heavyweight,0.4644944967097283
ef95cdf14de0f6f13da1c922,2023-09-23,1,lightweight,0.6940392476625487
23bb45e27781d3fef56a8d5c,2023-09-23,1,featherweight,0.5252533326441337
abd474deac0d6aaec693b319,2023-09-23,0,womens_bantamweight,0.36289442602724864
afad3865935211f104c76cb6,2023-09-23,0,welterweight,0.34344881329662197
24613e52b4d9b4373f4e4226,2023-10-07,1,welterweight,0.5522212873844595
e808ac354fb383fa280dda7a,2023-10-07,1,featherweight,0.39257393894257475
c2fc0ceaf543ba31b0c8a9dd,2023-10-07,1,bantamweight,0.4602108823681348
1e86a983200de4386d6df19e,2023-10-07,0,lightweight,0.34197978966072917
80a2c51a131f7e11f83c99c2,2023-10-07,1,lightweight,0.24481124434288912
b0fd3639ae3acd8f3c7f83a6,2023-10-07,0,middleweight,0.36700950500440094
fe10b939cf29ddef67d106d5,2023-10-07,1,womens_strawweight,0.5364331375041954
da52ce077dfbc710eeee7d80,2023-10-07,1,womens_flyweight,0.5282345036939537
5d96dab1b32c072c721a3140,2023-10-07,0,flyweight,0.4962824920886981
3b2b6f588f233752d4106bfe,2023-10-07,0,womens_strawweight,0.6787823119948222
af737fed0b9b7d7e97b45800,2023-10-14,1,middleweight,0.5780650618639376
fe5a4702ff9ab44d8fd9a270,2023-10-14,1,womens_strawweight,0.5704492461060329
9f46ec6a1c5898a3f4218fa9,2023-10-14,1,bantamweight,0.6661797989854064
bc494225f9e8733daace3b08,2023-10-14,0,bantamweight,0.5356697560243162
f9055a3cf35dd1b47246db50,2023-10-14,0,featherweight,0.6327487639778716
d140971eb1e02bcc7e160759,2023-10-14,0,womens_bantamweight,0.6898014500241785
846b585d86cb8c9a7c662345,2023-10-14,0,womens_flyweight,0.5561203181786687
71152a346f5435274991f699,2023-10-14,1,bantamweight,0.7075450045854458
a60d64e4d57ac341a707429b,2023-10-14,0,featherweight,0.7355309041755654
e9b3649cbac6fea997127d09,2023-10-14,1,womens_bantamweight,0.6266870257199992
6eb8e73eeedd0a4d4f090e59,2023-10-14,1,lightweight,0.7645460979609356
daa19bc1073e4de488b93099,2023-10-21,0,middleweight,0.26471905245221583
bd5197ce9e21f062e91cfdcc,2023-10-21,0,middleweight,0.5471922224942789
29ca6c04a5121ff6b3aead16,2023-10-21,0,lightweight,0.4599475043218345
53f58a616f1f98162f59d9a1,2023-10-21,0,middleweight,0.5170965616066706
259473adab67fa6d9c216e30,2023-10-21,0,lightweight,0.7611799403008005
e7ce0cf4e2292cc04f227813,2023-10-21,0,lightweight,0.4312227665297085
a12daf4c80637768db6e3c5a,2023-10-21,1,featherweight,0.32008758118300845
28eb240747f515de3836fdbf,2023-10-21,1,bantamweight,0.6118817988011944
f0516b939f36ebafdf81ca17,2023-10-21,1,middleweight,0.3148273643632941
62d3a5771d6b10f0089a8f81,2023-10-21,0,flyweight,0.324011972032864
757ba2eafdc177b61032db32,2023-10-21,0,womens_strawweight,0.305639483275669
04563713f288927086d00dc8,2023-11-04,0,womens_strawweight,0.463414303858766
4dc323525ec4fe6a1902471c,2023-11-04,0,middleweight,0.30707370600596323
7a0160ef91b1c3b2e386696c,2023-11-04,0,womens_strawweight,0.2271596232564017
63065d8129b0cd4edb422521,2023-11-04,1,catch_weight,0.6384352191975998
1c5a8fa50a02c5f7237e7096,2023-11-04,1,welterweight,0.495281582186142
74447d459909b91d8cbc210f,2023-11-04,1,heavyweight,0.6783234614579075
c7d24b653dac82db9b54ce3f,2023-11-04,0,lightweight,0.29542938751488707
df9a143b6b0fd7913bb8edfc,2023-11-04,0,heavyweight,0.38802838869343603
de2c9e0a9b1e5ca7f500117c,2023-11-04,0,light_heavyweight,0.3975970873189784
d15dd8dad27d3ee24d69ac60,2023-11-11,1,featherweight,0.5713713387548018
afa38907d741913db5a7be3e,2023-11-11,0,featherweight,0.5505282075231297
8a2b05dae46c16a168a3e654,2023-11-11,0,lightweight,0.3778425374130092
496a2700b89769900984608d,2023-11-11,1,womens_strawweight,0.7245157213163765
8d6e2b7b8b22ac6ba0a22969,2023-11-11,0,light_heavyweight,0.44800492786793716
e8561543ae98872e901f6879,2023-11-11,1,catch_weight,0.3627256606397262
833524b44b22bd3208f2fbd3,2023-11-11,1,flyweight,0.6255532988219232
d20739f6f7bd77ea12be13e0,2023-11-11,0,lightweight,0.2805311174259431
144baece3f6aa1688e288975,2023-11-11,0,lightweight,0.28748242127611573
e7b64eb7fc4775216b389738,2023-11-11,1,heavyweight,0.40432834288380987
177541d6f63823d585239290,2023-11-11,0,flyweight,0.5576428701729532
f41b81824fdcc42b9e4d0405,2023-11-11,0,womens_strawweight,0.5391299988912446
f2df0f0bae9607c1cf534447,2023-11-18,1,middleweight,0.7530984451810454
d364f1a7af8353a6a5bb476f,2023-11-18,0,bantamweight,0.4957426239377171
00e7ffbaf4344527093873a4,2023-11-18,1,flyweight,0.567275653948864
459984a71320f6181b1f6a92,2023-11-18,0,lightweight,0.5094152203946689
cac245615a9748a0186e36ce,2023-11-18,0,middleweight,0.40595308889422405
8e520f2d4e402e4c08eac42a,2023-11-18,0,featherweight,0.5622930001961051
19a60d3bb692f7fab1aa0998,2023-11-18,1,featherweight,0.3508092454879077
5d678692a9535ae7a7113d36,2023-11-18,1,womens_strawweight,0.6663654718804496
e5dbe1f65469011be90331f1,2023-11-18,0,womens_bantamweight,0.2850393300716572
0814c6241270848832ee1c95,2023-11-18,1,welterweight,0.39515247596079295
d7d1847897d6db266f12f753,2023-11-18,1,heavyweight,0.7700128931251299
ded733c1abeb30eef94d0f74,2023-11-18,0,bantamweight,0.5056528478080862
d8489abaf1802fa3a1021b7f,2023-11-18,0,welterweight,0.6216934749374733
3244052f0a3815145fdd8188,2023-12-02,1,lightweight,0.7214990019178974
29c71d1b4084e31abd61e31c,2023-12-02,1,lightweight,0.5191363604979291
266fe16c8f3e3b75a7f4c4a3,2023-12-02,1,lightweight,0.2318893615621786
577f775be78964896ac1a903,2023-12-02,1,lightweight,0.4546272666533658
aa55d74034f3a3481fb4d6d8,2023-12-02,0,womens_bantamweight,0.468738062021133
6a65ab2dbc5dee6257dc9595,2023-12-02,0,middleweight,0.5776373981763687
ae90c163fbadc8e692614a68,2023-12-02,1,bantamweight,0.5919312168264008
d9ba19f4c35501b7970cbdd2,2023-12-02,0,light_heavyweight,0.598365693138033
485be0671ebd8c05327115aa,2023-12-02,0,welterweight,0.3620807162961833
d0150e31146bd1f6c53d9109,2023-12-02,1,womens_flyweight,0.41043699756711666
71220001b252fdbf72418ec3,2023-12-02,0,welterweight,0.6254598720462763
9fc28e3dc009b827883edd97,2023-12-02,0,middleweight,0.3530044519675179
aef3796599ba902b135e1a2e,2023-12-09,1,light_heavyweight,0.32272352741839117
5b76e797c4ffb48b61410c9d,2023-12-09,1,flyweight,0.8718463422750687
1466c10bcdb2f1b0a1352dec,2023-12-09,1,middleweight,0.5587667370096153
55082c328945d276153798e0,2023-12-09,0,womens_bantamweight,0.31311634804075167
0a60ebc269e85bff31e989ed,2023-12-09,1,lightweight,0.4579902211313959
23ae5ee3a2a189aeb6fad511,2023-12-09,0,womens_strawweight,0.4801416558949435
aaea90999d2c2c9ef107ce94,2023-12-09,1,welterweight,0.4421930942706334
e4f499527d31d66c982fd653,2023-12-09,1,bantamweight,0.5884355994421042
1717f90d2160832604d7a78d,2023-12-09,1,lightweight,0.3653860518240284
adb8d33c46026c9bd9e6fbca,2023-12-09,0,flyweight,0.27546947384390263
f02ef45176d4af0219dabfa5,2023-12-09,1,bantamweight,0.3602427905996107
280a428b31e2aef693a0f9f4,2023-12-16,0,flyweight,0.4766218926828144
d3365e6d3be6de5629a2c7a8,2023-12-16,0,light_heavyweight,0.5700135317495896
d577b5cf3001b917a08711f8,2023-12-16,0,featherweight,0.2945850412187952
39fc49a6ebd402e80c2483c6,2023-12-16,1,womens_flyweight,0.2942727833642754
1330b89f70ea839717128850,2023-12-16,0,bantamweight,0.3281928006750027
058ef2585a4f17f0e5ad91cf,2023-12-16,1,womens_bantamweight,0.5087163026504392
f34bd1f41290f9fed4eb494a,2023-12-16,0,featherweight,0.7365525439219488
687a5fbe17d8dbd9d362aad4,2023-12-16,0,welterweight,0.20062178758558194
bb649a9711cf49795b3c4110,2023-12-16,1,heavyweight,0.2800508676402205
8b6069a7a68e296dabf0a2b7,2023-12-16,1,welterweight,0.8420706839186827
0248f733a0a79ce27869d3bb,2023-12-16,1,flyweight,0.49001385627133415
ebe757e2d75707e5c685fa5c,2023-12-16,1,lightweight,0.5684464444125282
350855927478bdd1e949d40c,2024-01-13,1,heavyweight,0.7585641238636467
3429305b9c7c09859dea585b,2024-01-13,1,bantamweight,0.4341922795698374
3a6a6b413fb74d30cc7ca422,2024-01-13,0,lightweight,0.4372514043128295
428a69abf162f2b9b7b4fc5d,2024-01-13,1,flyweight,0.6581931364305919
25198c09b99dc5ef33baad00,2024-01-13,0,light_heavyweight,0.39235049811719597
4a93776243956f8fbb398bfd,2024-01-13,1,bantamweight,0.5604356222092283
406ffce8282d87e7c9405a2e,2024-01-13,1,welterweight,0.3852147843574177
811e412052d3c3ce36862e6e,2024-01-13,0,lightweight,0.6913078212200664
8cc7da19086c6ed2e0367e37,2024-01-13,0,middleweight,0.5596845269495195
8fe948f0238e3128d28de6c2,2024-01-13,1,bantamweight,0.46577826065565453
5d13c41cb62ff0921715726b,2024-01-13,0,featherweight,0.2144591337881892
b7feb4f5c53ec81135796ed1,2024-01-20,0,featherweight,0.4043905816661107
19f5549fd17592807a27b146,2024-01-20,1,bantamweight,0.3582440288165023
89c2b506cd80a961358c0aa7,2024-01-20,0,featherweight,0.6425533608495446
2cfc07cf6675811da4dccda6,2024-01-20,0,middleweight,0.36398179304855377
dc907d383820e288b4e21f7a,2024-01-20,0,womens_strawweight,0.3524563881652405
381492d3d739b74de7beeaf8,2024-01-20,0,womens_bantamweight,0.21995055747099426
1885c2392f3fc4e13cca8970,2024-01-20,1,flyweight,0.3554366628783434
d03ee612207eed674bede235,2024-01-20,1,welterweight,0.48061941302948685
b714ef8d91fff6b78df25c03,2024-01-20,1,womens_bantamweight,0.6880168272017203
8101ef269b3e43cfcb139bb0,2024-01-20,1,middleweight,0.6258542083133753
cfab9e2259fc0aaa894fea97,2024-01-20,0,bantamweight,0.4364934837186768
c5a68290631162d0cceb4de3,2024-01-20,0,welterweight,0.6406277963603785
585b9503d7555c070c210fc6,2024-02-03,1,flyweight,0.5393709358886016
cdc0b8fe8eb1f4398afe4cc1,2024-02-03,0,welterweight,0.5403842015984083
cccf589a0c312106aced03f1,2024-02-03,1,featherweight,0.5212489332603756
124fdf48a7e58167e2406acb,2024-02-03,0,lightweight,0.6104762139232388
c1f1986c9747f9c480a9e997,2024-02-03,1,womens_flyweight,0.6169072911703598
130b5f385e434a6ead40c900,2024-02-03,0,womens_strawweight,0.5202820901257552
68a976bdb4c4755bf10643db,2024-02-03,1,welterweight,0.6303468160732101
eff5e97ace834c6b6a4814ac,2024-02-03,0,lightweight,0.45937023558143264
83bf424cee3106fb1c1d003d,2024-02-03,0,middleweight,0.4262593771385651
6b6316141f41f8571d3e4388,2024-02-03,0,welterweight,0.3312162862065796
06ebbfece8ed6f916f1b9909,2024-02-03,0,heavyweight,0.4496255799849413
5cab68e112cbb2a3111df0ad,2024-02-03,0,womens_flyweight,0.27986254142541245
85b8c9276ba604cad81ebac2,2024-02-10,0,lightweight,0.4364934837186768
65d8d6420f1e0a4aa05a178e,2024-02-10,1,middleweight,0.4407140740770654
13eedeaf133943571e8e2adc,2024-02-10,0,featherweight,0.36982993048068563
19838dda64baf51b952b953c,2024-02-10,1,light_heavyweight,0.3822384219425881
c4b6f3ca9c43308740153a7a,2024-02-10,1,featherweight,0.5223654509956007
989b72f7d9fce65b937a2210,2024-02-10,0,middleweight,0.4501025835313803
a289673832251cad582de635,2024-02-10,1,womens_strawweight,0.6368583388614867
ea3d25224fa0cf859531451b,2024-02-10,1,welterweight,0.38090482361604155
f7537c194a0a6dedbc510eba,2024-02-10,0,lightweight,0.7340219909332569
d7d8b7e2b293904ac1b5bb78,2024-02-10,1,middleweight,0.5588864949629007
598ce164fdf6415d56e7b795,2024-02-10,1,middleweight,0.37228249082347253
df6544316c136ebbbcf87b85,2024-02-10,0,welterweight,0.4639542787059793
4dc722c27e4030e3d16b4ca4,2024-02-10,1,light_heavyweight,0.33153034468522524
d7234fe2bf746ee2cf907640,2024-02-17,1,featherweight,0.6350049054382824
3d95040539382b0778d86880,2024-02-17,0,womens_strawweight,0.5792927338982237
0859c039546455918d4e00a0,2024-02-17,1,womens_flyweight,0.5450079829400724
8cf95c9b6a93f3379fba3bae,2024-02-17,0,middleweight,0.4568462561835506
91d92f1b9028820948735ff2,2024-02-17,1,welterweight,0.5987865868555529
1f1e004761793697bfdb3d25,2024-02-17,0,welterweight,0.40188676766492754
bd35b700e291f4438a1ed771,2024-02-17,1,heavyweight,0.3324154158316845
75d36ecf8a8355375bbfeb39,2024-02-17,1,bantamweight,0.6893095154284697
c54d754afa6119eaf55ba682,2024-02-17,0,welterweight,0.2424657559542543
9c356ca4e2c4a13e56153ea6,2024-02-17,0,bantamweight,0.23791156819412387
beebd8ffc5c9b908e7bffd97,2024-02-17,1,middleweight,0.62693739935839
a4563fbab7ae7cde62a6e539,2024-02-17,1,light_heavyweight,0.4458875238531223
c64700ee2cdf4b4f8a2a3263,2024-02-24,0,flyweight,0.6632167245072256
209209db725130787eba0ee0,2024-02-24,1,lightweight,0.5077096061981713
89ef0f8da85fc4f1f608a06a,2024-02-24,1,bantamweight,0.6023535879429646
7595efdbddc1226c02f629f3,2024-02-24,1,lightweight,0.5281560146009137
a58a8dd2b764d7c4cab9ab8b,2024-02-24,1,flyweight,0.6685693217623685
984871628d68f0d92bd4ef99,2024-02-24,0,featherweight,0.31941793823024794
f7770d17020ec11ef8b11097,2024-02-24,1,flyweight,0.3515765943563511
042a708e7b9fa3844e0e11d6,2024-02-24,0,lightweight,0.6851448450956097
4c3292e39be0121f3ea756dc,2024-02-24,0,flyweight,0.47671174426595264
a92624583dd834ec8eb0b001,2024-02-24,0,flyweight,0.6298406234693255
044f7e8edbbc1ee181fc4391,2024-02-24,0,featherweight,0.6448989112390688
3b255e4692d41230aa1120e1,2024-02-24,1,womens_strawweight,0.2256283370837688
2a399975bd1e1b0dd0a23723,2024-03-02,0,lightweight,0.337588815336463
f221e836ceb8c4fade1a00bf,2024-03-02,1,bantamweight,0.2851007765913657
5241c9c4ed74e9f71dec32a6,2024-03-02,1,flyweight,0.4898128253902671
8b878472b607640f653aabf8,2024-03-02,0,middleweight,0.30038734542664275
b8ab408b0ad3705153c60d6a,2024-03-02,0,middleweight,0.44379083392639157
462aef659d2f1c9db0a805c7,2024-03-02,1,heavyweight,0.31571986817377473
f6e2ffe4c9ca47e91797a8a2,2024-03-02,0,lightweight,0.2799060582055323
f975335e1c3c676390ad01b8,2024-03-02,1,flyweight,0.7118809484953196
a5ac42ab85f1ef67611fe071,2024-03-02,1,bantamweight,0.8721530731320128
95e0c040d06438ee57ea9376,2024-03-02,0,bantamweight,0.5960240482837736
63de167ce405377f2aba39c8,2024-03-02,0,light_heavyweight,0.28848788701184336
767e0cd4fd92f89fa41fb0e6,2024-03-09,1,flyweight,0.6385775141824621
941a479df441789cc3533fb8,2024-03-09,0,heavyweight,0.5207851685106044
3bad79d24f4c8195f5e17845,2024-03-09,1,lightweight,0.37996816160558283
bdcfbf088a7d3f37af559860,2024-03-09,1,welterweight,0.6796760723662939
46bace0825d59702c71e7f9b,2024-03-09,0,light_heavyweight,0.6074132403410543
a0db913c10b186b2f2ee92b0,2024-03-09,0,womens_flyweight,0.4033345377696406
774a7e588c92b3603e13fb0e,2024-03-09,1,womens_flyweight,0.5353637939689535
58d4e6da9340c1453dd0eaae,2024-03-09,1,welterweight,0.17853288866841313
b17b04c1d8f0105c850933f0,2024-03-09,0,lightweight,0.1954544965611555
e1e51b91402d9d330f72e381,2024-03-09,1,middleweight,0.6612890876163313
29acf84fdc389a3d05e38869,2024-03-09,0,bantamweight,0.2702129798283214
6500ffecb08cd5920b6bb95a,2024-03-09,0,bantamweight,0.5425149906915614
ecc485a069e20e0452aa83f8,2024-03-09,0,heavyweight,0.383791138949422
8d28cf9448610499fb45e428,2024-03-09,0,bantamweight,0.3538748939873126
1c78c76a645637092d543c74,2024-03-16,1,bantamweight,0.33577834072335755
2975ba8effb59bf63f531ccf,2024-03-16,1,featherweight,0.40977286099675103
2c547056bb11b7e5cf58a477,2024-03-16,1,middleweight,0.462429107053375
cd990f7b7b3c638cf7fb4af1,2024-03-16,1,flyweight,0.6062956842560706
2701e3a1ca5507745c3e167a,2024-03-16,0,womens_strawweight,0.42953599454450414
7b8f73546b25caae9d8e0963,2024-03-16,0,featherweight,0.563634320473412
572aef4284a35d97b7e5b806,2024-03-16,1,womens_bantamweight,0.2985447803238935
d30caf84e805ba31ea467699,2024-03-16,0,lightweight,0.3855876236233006
50d49221d2d8e912a0449b06,2024-03-16,0,light_heavyweight,0.7870316693050581
1ede5ade9dccb1619dcef669,2024-03-16,0,womens_bantamweight,0.42063974208808125
35d276b0d655b5762a4adfa2,2024-03-16,1,heavyweight,0.4897494991935945
0a9b856652e4e6e97855080b,2024-03-16,1,lightweight,0.5723122252914079
a64c19e40b1495a3c1956bbb,2024-03-23,0,womens_flyweight,0.4157592068190176
5cdaf1aa145a0b5f1417f8a9,2024-03-23,0,featherweight,0.5054622426224109
ffd41253362852c43cf12750,2024-03-23,0,middleweight,0.3237832845840853
a22b995a041336cd2e7b1b71,2024-03-23,1,featherweight,0.4483457382741834
8e06fccd7bb02182d006203e,2024-03-23,1,flyweight,0.4364934837186768
faf2cb29b1f6abbd8713bb97,2024-03-23,1,featherweight,0.38996305808808407
b48bb5914daa78dc914fc244,2024-03-23,0,heavyweight,0.29765709408772945
2d258da0acd9ef5e460e76cc,2024-03-23,1,lightweight,0.41720654399517126
9df5f995b3d922bcb3086b07,2024-03-23,1,bantamweight,0.8304597154121884
45b6c75025a22a83394120db,2024-03-23,0,heavyweight,0.34114990242454146
fd45d43912f2632e09d27c20,2024-03-23,1,womens_bantamweight,0.41611813286380794
071ec632559eee88583d16b0,2024-03-23,0,bantamweight,0.5419707969743417
da9b12ab4d26fdc65b8ea77a,2024-03-23,1,featherweight,0.386083750437535
8f4cffa9eab92b6b02b0d908,2024-03-30,1,middleweight,0.45807084049528624
597cf1aa8126498a52c75a08,2024-03-30,1,bantamweight,0.5906869819696654
806b9b05325b02e265c3a0fd,2024-03-30,0,featherweight,0.5993697988595325
c9a059ab5fe63b169ad893f5,2024-03-30,1,welterweight,0.4906404051448966
c42216542c36faee591ca558,2024-03-30,0,middleweight,0.5385981214066488
1165451188dbec47a064b95c,2024-03-30,0,featherweight,0.554334510293133
dd594ad901b92c946c85ba83,2024-03-30,0,womens_flyweight,0.5313884785063794
bfe4cbeeec90491f6582a54c,2024-03-30,0,light_heavyweight,0.4408235816201841
eb04b76ac189631bafe863ef,2024-03-30,1,featherweight,0.7742953234192604
390a29759a09a018f278d78e,2024-03-30,0,featherweight,0.5170251193948298
8e19439b96eaeed402465002,2024-03-30,0,middleweight,0.3593379032999991
dde5cb51c199688c1b7fbf18,2024-03-30,1,welterweight,0.4666593521716683
66b4a5d77d71117aeeb34de4,2024-03-30,0,womens_strawweight,0.6326376426910543
11fb6fbb886f244ae864e58a,2024-04-06,1,featherweight,0.5392096305212503
8231f0e6b0b5bafc0c8468e8,2024-04-06,0,middleweight,0.26354793650343006
f2db18a4c054f0e037b11cc2,2024-04-06,1,welterweight,0.6265033017862913
71daf3f66499f6c8d84b8ff1,2024-04-06,0,bantamweight,0.6126512465547458
74a163474a8c0f8e7e0f8528,2024-04-06,1,middleweight,0.43221261113092
75905fdb791eefe74e05107b,2024-04-06,1,lightweight,0.6893398040599515
736a7a3bbb975eced403288a,2024-04-06,1,womens_bantamweight,0.47449048437197844
87408b8645e7a31b6cdbbf32,2024-04-06,1,featherweight,0.5388082776107657
4ab9a0d319271e6464c41d4f,2024-04-06,1,womens_bantamweight,0.6029868433507704
741737d64bcf1c7e2c9ab9a2,2024-04-06,1,bantamweight,0.4364934837186768
44b8b16421d3b8ca5e361743,2024-04-06,0,lightweight,0.402862671178708
fdb4e67476bc87811762511d,2024-04-06,0,heavyweight,0.3607197827346561
3300093a48a6b6f70a6dad94,2024-04-13,0,light_heavyweight,0.46087759785185545
f85198c6c82c7c5676cc1a84,2024-04-13,0,middleweight,0.3833155775686128
37e234e374031c4a9c10e43c,2024-04-13,1,featherweight,0.6750474816503167
564ed9d5df5aa5baa575e591,2024-04-13,0,lightweight,0.3219291775571775
03a849ee698f35fb17c1933b,2024-04-13,1,bantamweight,0.5741378670248138
7632d2c23612af5ce3d9a2f6,2024-04-13,1,womens_bantamweight,0.2502841688866339
147d563a5f53508a72a20873,2024-04-13,0,lightweight,0.5964313484531828
032c8104a460ad869376a130,2024-04-13,0,womens_strawweight,0.3852441427163956
a78f5cc79c971a495b411642,2024-04-13,0,light_heavyweight,0.40257915567247504
8600ede511999d9adc3c9975,2024-04-13,0,lightweight,0.3302439075972801
40ac2f53071b5de0836100e9,2024-04-13,1,lightweight,0.730353635797724
3a1837e0a4820197bb51c85f,2024-04-13,0,featherweight,0.45227842577022104
0dc452084d23dc74076732ad,2024-04-13,1,womens_strawweight,0.6168756951922659
7b58877ab5e4d6cf85d3afdb,2024-04-27,0,womens_flyweight,0.33019271116377596
19df3fa9de41e66929ab88fa,2024-04-27,1,heavyweight,0.5363693045725489
0d17deee4e12367f002ba9a2,2024-04-27,0,lightweight,0.5319153472123807
8d17aae9a953ca23b2144a12,2024-04-27,0,heavyweight,0.500845159960547
9d1e1ee7b226466bb2c175ce,2024-04-27,1,lightweight,0.3409506576775794
03670cc90ed626c90836de43,2024-04-27,1,womens_flyweight,0.6451922551698595
53a27e69fc6fc4de042616c0,2024-04-27,1,lightweight,0.4364934837186768
e485c72f59f5947e989b064f,2024-04-27,0,featherweight,0.669281307099312
6a21e75bc72a71c8587b87c5,2024-04-27,0,womens_strawweight,0.28755379468365144
1d88a0c36a95acc86682e411,2024-04-27,0,flyweight,0.48229164559004634
f070085973f94e62645c20b9,2024-04-27,0,bantamweight,0.454813818008551
181283d8443a6c33cb21c79c,2024-04-27,1,light_heavyweight,0.2354138376135482
c674910dad3e5790a28e8502,2024-04-27,1,welterweight,0.5123150545055634
4018cfaeb2593cc98fcf7a7b,2024-05-04,1,flyweight,0.696058677803811
75f967a01638fa466a040663,2024-05-04,1,flyweight,0.5029923530072562
048e951737120ee49478ad81,2024-05-04,1,light_heavyweight,0.4997230835661114
22bf9f5adbf622b55d1f0d16,2024-05-04,0,womens_flyweight,0.4350349509220383
707d69a949880d2954a5183a,2024-05-04,1,lightweight,0.5324576021111748
40f2eca8b202a382e83a86ee,2024-05-04,0,lightweight,0.4543350934578563
f074dc7df2dadf7cfac1fda3,2024-05-04,0,featherweight,0.5773237435340767
d967e5ba34cb3ff8d9a4adb4,2024-05-04,1,lightweight,0.5926527814654234
e05a5a9e9719ca88d645516c,2024-05-04,0,bantamweight,0.7725684673361725
94bd5ed15286e8e4cc120e52,2024-05-04,1,womens_strawweight,0.3905312919601841
39cffcac3e882d98203f7dbc,2024-05-04,0,lightweight,0.7109644516023166
1c69f516d3ff75bcc6377c47,2024-05-04,1,middleweight,0.6979627672367719
e9311178ebb944a7fc6aca37,2024-05-04,0,middleweight,0.3926738336536107
5961c213c10f64edc3e88f9f,2024-05-11,0,featherweight,0.3377147550053419
dcb8007781e8317ca6a6c80b,2024-05-11,0,light_heavyweight,0.37803610009203226
67958e9303cb81656c149b1d,2024-05-11,0,welterweight,0.2629345383554507
1a80a39cf42c05f59642a74d,2024-05-11,1,flyweight,0.5983389119059558
7621b21075c5e1917732c005,2024-05-11,1,lightweight,0.5498878100782497
7a09d0a6adda8ef213536caf,2024-05-11,1,heavyweight,0.3469257622296709
2418c947db415559ec8fb353,2024-05-11,1,lightweight,0.16665087931813163
a79c545c27deb304d7edfd56,2024-05-11,1,womens_flyweight,0.36217006987259864
f511fbf1cacfba820f4106fb,2024-05-11,1,welterweight,0.4547879132142601
04e190387cb56de161ad5390,2024-05-11,0,womens_strawweight,0.3757814223270544
49c439cfc0b0097ddf5a2828,2024-05-11,1,lightweight,0.44457494231203853
d9449a6730d848570ee311a9,2024-05-11,1,heavyweight,0.5862712505254353
a8bed7a2d2d40766423dceb9,2024-05-18,1,middleweight,0.5823030519960378
db2e4374a49ab25f5ec0dc0a,2024-05-18,0,bantamweight,0.2651495398049108
3be1164cabf2e5d45f3c45b5,2024-05-18,1,bantamweight,0.509789867090071
3fd54e9fa93e640c3802e176,2024-05-18,1,featherweight,0.7934179506912752
d535daa86964c2b555e0dca5,2024-05-18,1,welterweight,0.38740440506234447
58732931566ff8038d67e1ae,2024-05-18,1,womens_strawweight,0.3519061812762297
07ce5e11ec24372dce1eade0,2024-05-18,0,light_heavyweight,0.4204549548863543
d8dea5c6d18a01f239c500fc,2024-05-18,1,womens_strawweight,0.3526274102226561
c20d7e2d4ccac0647c485cea,2024-05-18,1,womens_bantamweight,0.5587507532187965
dc832abfc5a2f3f0b0e3125e,2024-05-18,0,welterweight,0.3514825170423077
5ef58c611edc62275574db90,2024-05-18,0,womens_strawweight,0.48284851262936046
97edf385302354b149760b41,2024-05-18,0,lightweight,0.4992443533371558
8e17356f2fda3a5192d31ede,2024-06-01,0,womens_bantamweight,0.29742185755024386
10c40b22ef9284e7de0ce72f,2024-06-01,0,middleweight,0.47644627429500835
79ff3b1a7d1bf92f16483213,2024-06-01,1,lightweight,0.5637788945072226
4b9696096d6fa5e9d5610ddc,2024-06-01,0,lightweight,0.11222015593663678
989ca4098373cae02934935d,2024-06-01,1,heavyweight,0.5569800670183953
6b33e6c737a6684a25945237,2024-06-01,1,middleweight,0.697777327145755
cfe0192361aad1fbe188ea64,2024-06-01,1,welterweight,0.49889871714691636
aabe4d2579baa78d78077059,2024-06-01,0,flyweight,0.4112357279334392
113ec2a83989aaec45d0a399,2024-06-01,1,welterweight,0.4807375056682239
0acc32af1154473e50db81c8,2024-06-01,1,welterweight,0.5648831539006608
41337cbd48bf4f84174dc20b,2024-06-01,1,welterweight,0.6187543932039002
3dee3aff7f82282e32f8df92,2024-06-01,0,middleweight,0.36003077029304187
518127b2dd8efe3a417831b3,2024-06-08,0,womens_flyweight,0.4680868429328103
2e839f2de196517e8e246d12,2024-06-08,0,bantamweight,0.42044147346272304
bf7ea6fdb51531c8d451a756,2024-06-08,0,middleweight,0.3825405054646281
7de1c7f30e70c0054157559a,2024-06-08,1,welterweight,0.5307716500498619
25d7d7c1927b76a34bdc14d3,2024-06-08,0,bantamweight,0.49855755376982963
0ddcfb11315e9923a41bb2c7,2024-06-08,1,light_heavyweight,0.4808199316183527
e8438ef0c8ba3780dc2b45d9,2024-06-08,0,womens_strawweight,0.7622377133305959
d20e183e0125d6ec0f2db68e,2024-06-08,1,middleweight,0.5488667713365625
a1e8bfab94288f7370f435d3,2024-06-08,0,bantamweight,0.5729135620590099
e5d256c6836b448747c5b8c1,2024-06-08,0,middleweight,0.5359014885476729
70272da7c95cd179af6cf4d3,2024-06-08,0,welterweight,0.6391301890335197
144bac7646d283547cc8b638,2024-06-08,0,bantamweight,0.4033374435806119
19bc980d805f14744f6823af,2024-06-08,0,womens_strawweight,0.5871049141309239
8f81053df7a5953b7491f734,2024-06-08,1,lightweight,0.5182159113184318
79440448cd3fec28695e7dec,2024-06-15,1,flyweight,0.7008437288764815
6c45fb565fbf14ea75c4fdcd,2024-06-15,1,flyweight,0.5686548771819245
14d2774e1d1f3fd5e1c6dbc7,2024-06-15,1,bantamweight,0.48960382437103384
f5dfccd531de267b99e1f070,2024-06-15,1,womens_flyweight,0.4200631651110308
493d3aa0ab1d0278e2da7639,2024-06-15,0,bantamweight,0.2859150892361419
763a5efe7035e062f2c0b690,2024-06-15,1,featherweight,0.3737414119765804
1fed94581536b612e2fb59a6,2024-06-15,1,flyweight,0.7325914643611603
41d8ef2e34a39925ad4e75f9,2024-06-15,1,womens_strawweight,0.6839888087441998
f988066efa595e7f87d49d22,2024-06-15,1,welterweight,0.5745886075856996
19dddb26aefce6783b18baf6,2024-06-15,0,featherweight,0.342084257639611
9a8f34cfdca8efcd4558a8b7,2024-06-15,0,featherweight,0.43027188308187303
37d4488fc8163313b1231aae,2024-06-22,1,light_heavyweight,0.34761574382704147
7cf1ccb04fb7f586000618cd,2024-06-22,1,middleweight,0.4277281793896848
0a2c033e657e7440fa8aa8de,2024-06-22,1,bantamweight,0.670641385684028
6d76913c436ce9ce53210b04,2024-06-22,0,light_heavyweight,0.44530060966105606
1a036b09296210df95e21b1d,2024-06-22,0,featherweight,0.7267285908534121
fc3424ff1e489f76836e8acd,2024-06-22,1,lightweight,0.540280141056507
dcdb4b3fb3f9b4843ea57bb4,2024-06-22,0,welterweight,0.2999989539918713
65451ad06adc1f6bd89a8674,2024-06-22,0,middleweight,0.40086465367060353
a1d5af9825d34f2535d592ad,2024-06-22,0,heavyweight,0.597690360149512
a0aecd3b3aa3acaa0c742fc0,2024-06-22,0,middleweight,0.43756519693585766
af244485111bd9dd30c97866,2024-06-22,1,bantamweight,0.4364934837186768
7c694c3870edbf3861bf90ae,2024-06-29,0,light_heavyweight,0.4757361459749157
1669e7c3c0104261e38941ae,2024-06-29,1,heavyweight,0.4034079986692117
6f03e907877bb17aa05774b7,2024-06-29,0,light_heavyweight,0.5697445255178544
9fcb0c56f33fc5b61e47d0b7,2024-06-29,0,featherweight,0.9080631260471073
bc237d1b3aa5dfe665961429,2024-06-29,0,featherweight,0.3112689243472349
7508a78c4629ff995495dbbd,2024-06-29,0,catch_weight,0.40697592757068857
1885b9c154714adfa0a9f0ee,2024-06-29,0,welterweight,0.30162008824905645
3a544bc796aa4992d5fe2c75,2024-06-29,1,middleweight,0.6988092851210644
a276808076c8af27cad7f2ff,2024-06-29,0,womens_bantamweight,0.41476582479777563
94dc3b686c902429728324a6,2024-06-29,1,womens_strawweight,0.5198726398434562
3d80286353ae673cbbea021b,2024-06-29,1,bantamweight,0.5088340090869911
d4d6b8ea5bd50709089f7bc0,2024-06-29,0,flyweight,0.5487832194058007
70c74e2537b1f6d717d6a580,2024-06-29,1,bantamweight,0.32690107376445465
df9f3189d74a76849525e5d0,2024-07-13,1,lightweight,0.20791497341225598
930fcb9f98b6403d004a10a2,2024-07-13,0,welterweight,0.629073089301074
752309c3bca8093f692b1373,2024-07-13,1,welterweight,0.5867543033669526
8ad7692e5b972dd4a7267c02,2024-07-13,0,womens_flyweight,0.22520007598566197
12131907a7300a3995c0f29f,2024-07-13,0,middleweight,0.2619394891029454
46e97615d7088624ce11ccd9,2024-07-13,0,flyweight,0.7501498365975383
d8807ddb36ab019a53c30d15,2024-07-13,1,featherweight,0.20673809740264135
85ca4854cd014ce8c4b31d7c,2024-07-13,0,womens_flyweight,0.33765524094552
ddcbb740cdb42e2859e3ca1d,2024-07-13,1,bantamweight,0.6405500011763253
41c64f492689442222f3aa5d,2024-07-13,1,womens_flyweight,0.6395025131965051
1d14aed9e7e615e94ffe9351,2024-07-13,0,welterweight,0.5016717275688525
1a1f05ea93dfb2cef5441150,2024-07-20,1,womens_strawweight,0.5642488788339601
1802198470e4d36f13b9a300,2024-07-20,1,bantamweight,0.3506633367919823
52f6aa2624ec3c51c8435cc4,2024-07-20,1,flyweight,0.6100507152565359
8d11b4f1eb76e9b46dbfa43c,2024-07-20,0,featherweight,0.5935412133183441
fb73b101f05286253264c95b,2024-07-20,0,featherweight,0.4345341790896231
92839e130f117882696a849a,2024-07-20,0,lightweight,0.5443134253309911
d8fe945f52c4101fdb8bc15b,2024-07-20,0,lightweight,0.5685076085358718
4833ad51744b121d927b82e5,2024-07-20,1,womens_flyweight,0.5560210425628934
5d08d6d735d021c218d42bec,2024-07-20,0,womens_flyweight,0.3308756633243749
26a9e6c978b8d211b6443478,2024-07-20,1,heavyweight,0.4350594796007182
9f2b2e8e992c8c2d56b31b48,2024-07-20,0,featherweight,0.34936852096789706
097b47cf0fd70817100149e1,2024-07-27,1,featherweight,0.6640665643062011
a5ec3ef5260e3a28c3483b8b,2024-07-27,0,middleweight,0.40678092293627066
9de739fe6020a6c9f3fae848,2024-07-27,0,bantamweight,0.6153054780080781
2e1d63b7961383b47d4f353a,2024-07-27,1,lightweight,0.35903626455467275
79cfa01484c3ea38f9f51531,2024-07-27,0,welterweight,0.7542158006853132
a5cad6e8a51f09bf4c7d852c,2024-07-27,0,heavyweight,0.2012054408197001
d8173aa5dd83c7893f9af630,2024-07-27,0,light_heavyweight,0.41527427152338237
10d948ba3fb1d8e9bd8dd436,2024-07-27,1,womens_strawweight,0.32882242551000873
74af90aae5e78d1c1ad3cd9c,2024-07-27,0,flyweight,0.2673280915961009
4e85b5ea469de051613b5741,2024-07-27,1,featherweight,0.7708382279742314
513e525430fb53e61e0bc06f,2024-07-27,1,welterweight,0.4002285401495941
a91c178a8284b7aafa874169,2024-07-27,1,welterweight,0.428780990813441
aece4c936f0671bad30426f7,2024-07-27,1,womens_strawweight,0.40979505036295627
73594b0e6c5d7117aadc2d01,2024-07-27,1,heavyweight,0.5604872829191965
9ba92a6b223ce70a5def5ac7,2024-08-03,1,light_heavyweight,0.5192758265072062
571fd99f2cea3cab0516a2a4,2024-08-03,1,bantamweight,0.7752247921266725
29050e1234307cff3226cdf8,2024-08-03,0,lightweight,0.4157003186524105
7966b9d988f1cc5340b09615,2024-08-03,1,lightweight,0.2963190975179311
45f6a77cf5bae11f69d9a8fb,2024-08-03,1,lightweight,0.34699023253361105
1f40f703023ba1bd3b521781,2024-08-03,1,womens_strawweight,0.4462810031023954
d2025cddbf7cdc74c599ce2d,2024-08-03,0,bantamweight,0.5733121439738689
04bb77d8d0c872a4a2bc082a,2024-08-03,1,lightweight,0.6440356567667203
a962037dba890b1e59b3c11e,2024-08-03,0,middleweight,0.35078928079124416
56741af4fb9164b3ceab34bb,2024-08-03,1,heavyweight,0.4653526563257287
ca0701d63a3f45561e4c49ba,2024-08-03,0,middleweight,0.43921948521217413
b008daa3b4c6db6c9f881827,2024-08-03,0,welterweight,0.2854911573591038
b4ace78f4c4b62732bf4877b,2024-08-03,0,womens_strawweight,0.4331003601337057
63b290ed8d80110a23d74939,2024-08-10,1,bantamweight,0.8240240427955172
a88dc52e44b8276a684bb173,2024-08-10,0,featherweight,0.36451658288353195
6399ddb25f22d847585f6886,2024-08-10,0,welterweight,0.2500552201933954
b8b9c9039b433da4b20b5f90,2024-08-10,0,heavyweight,0.6938001963562744
961760ffcf08037002d97654,2024-08-10,0,womens_bantamweight,0.4086254139654506
7e7ce2895404f87c5266303a,2024-08-10,1,heavyweight,0.5491731876120878
12d0555dd382fcfab24b3392,2024-08-10,0,womens_strawweight,0.42061727260943393
96244b15517f4c3bda290b28,2024-08-10,0,bantamweight,0.6477863971980935
909669ccdc04944ae9d1b468,2024-08-10,0,womens_bantamweight,0.4513596561786214
bd60f369b8760c4e98e32f96,2024-08-10,0,featherweight,0.27128547924916047
d0e5f0596a80603b43725079,2024-08-17,1,womens_flyweight,0.43717606191928265
34ba7fa3787854789b373bc3,2024-08-17,1,middleweight,0.5822456239969521
1ab2b260997db6bff8202e76,2024-08-17,0,featherweight,0.4346654174974172
4864b0dc32f25c0902026983,2024-08-17,0,featherweight,0.5438004021394173
fe925f7d987d2688da86017f,2024-08-17,0,heavyweight,0.5203123799990094
91cf1c66c0aae10df4f68f3c,2024-08-17,0,flyweight,0.5746723830557785
ae37c7930a26b186f933eb9c,2024-08-17,1,welterweight,0.6091374727673804
64bf5b234df82a4717fa37df,2024-08-17,0,lightweight,0.7348118255208901
a8691859c32e637d35c7433d,2024-08-17,1,welterweight,0.36579446132549454
9cef7cc38d059d1f8c348efe,2024-08-17,1,flyweight,0.40518958036013075
806133791825a62697b640f6,2024-08-17,1,heavyweight,0.5359797256673305
e85cd4c789fe17ebf55b166c,2024-08-17,0,lightweight,0.15727127048478792
7871134a09675ac61dce31c5,2024-08-24,0,womens_strawweight,0.346503113704018
d1b1774c0be9c2a23e1afdb1,2024-08-24,0,lightweight,0.5005459545580058
03f2e0f30d6778d93ed003c7,2024-08-24,0,middleweight,0.49113965026177403
e36fc47ae8ddf929d7d70db2,2024-08-24,0,womens_bantamweight,0.26991997706491044
d27425d0f741578a348cf746,2024-08-24,1,middleweight,0.5285572187327235
7188747cdb0273a5acbad76a,2024-08-24,1,featherweight,0.4364934837186768
47b86263700fd8ef79cea0af,2024-08-24,0,welterweight,0.3646972657150273
a3f643c93410304590071638,2024-08-24,1,middleweight,0.43221261113092
d5f593ce2352af15183e59e2,2024-08-24,0,lightweight,0.5078059406825651
93204973199b855bffa0e265,2024-08-24,1,womens_flyweight,0.6101126763640508
59d94d1306c4fa0cc5b39666,2024-08-24,0,middleweight,0.5161542964702838
7e324bf197dfe23d87cf3b37,2024-09-07,1,middleweight,0.770777312938387
098a7ab058cb0919d2754437,2024-09-07,0,flyweight,0.2969557041459877
84bdaaa1b9eacf71f68d786f,2024-09-07,0,welterweight,0.4124922571859372
3687ac6b259d61ee8fdcf7d5,2024-09-07,1,featherweight,0.9756541712213541
520ab8059fa083df9466b8de,2024-09-07,0,womens_strawweight,0.28100296355643034
37543d1d6a400d3e6864fe4b,2024-09-07,0,womens_flyweight,0.4778082767214282
4891c35741f30e491ae624b4,2024-09-07,1,bantamweight,0.6222974604160371
3abd10663dd8be12d13c6cd1,2024-09-07,0,lightweight,0.3190978250190328
05620075d316a20238eb8fd9,2024-09-07,1,featherweight,0.5792560262775243
b76888405cc10f4682091f54,2024-09-07,1,lightweight,0.4235982412662388
fde085a48d0a96f2360b6382,2024-09-07,1,featherweight,0.37963093737320874
45ada03471594e17da40af4a,2024-09-07,1,featherweight,0.4364934837186768
b32a701a44b0d95605d7c908,2024-09-14,1,womens_flyweight,0.653908341984727
f2ff0c6a9bbd4b5eae926db1,2024-09-14,0,featherweight,0.362252996286078
09fa80261d93813008aaa022,2024-09-14,1,lightweight,0.4508661887688898
c72915269d9a5169f4bdbe0b,2024-09-14,0,flyweight,0.24522883884115737
3b8c650614dfc5493a3b1bd9,2024-09-14,0,womens_bantamweight,0.32385395691031493
d5a12c28b25082427278edbe,2024-09-14,1,lightweight,0.5443165671087022
d767088f51b6e7714e8d7645,2024-09-14,1,bantamweight,0.5815346827798963
3ec64b31845ac4f1cb2f5a4c,2024-09-14,0,flyweight,0.4210041800558055
75df11c187e283ce3ab3b3de,2024-09-14,1,bantamweight,0.5118653860005814
1288aee9afdb2d374cc3012a,2024-09-14,1,womens_strawweight,0.5765278324582275
245096e15704e2540393d97d,2024-09-28,1,womens_bantamweight,0.4206546104068429
60d8f7e0b676daa7ac15f065,2024-09-28,0,lightweight,0.4021205163538238
7030ef6d4542c58352a49bba,2024-09-28,0,flyweight,0.49133369642249736
6ebd9ffc7a13c46ca71bd8aa,2024-09-28,0,lightweight,0.25134862230609223
3e276600eba4e29cd38e2cca,2024-09-28,0,light_heavyweight,0.3228008445128643
dc350102307a004ad39adb01,2024-09-28,0,welterweight,0.5477565979077171
105253273d1654f9a2beee86,2024-09-28,0,lightweight,0.28538908911237976
50aafa48176dfa0137faaa73,2024-09-28,1,featherweight,0.6470825314227975
ab00b1352f514a47b8e37dc0,2024-09-28,0,middleweight,0.5752514099278102
87ccdba10c40f4bdcf843017,2024-09-28,0,womens_bantamweight,0.4426291317742762
88572ee2955c4e9d956110a0,2024-09-28,0,light_heavyweight,0.5021691610404957
7e74c10fa13302f3fb7dd90e,2024-09-28,0,lightweight,0.4991179890675381
0c580a243e221bbb34761e5e,2024-09-28,0,bantamweight,0.2865240126601432
c2a55835ec8fc920f3adf40e,2024-09-28,0,featherweight,0.562479559669829
c1c94449aa8da08edf6e1dff,2024-10-05,1,light_heavyweight,0.7344643933155396
7c56376f5bee90553ebe1f91,2024-10-05,0,lightweight,0.454470780147553
42c9a2d2c6e47f7150c3c7b8,2024-10-05,1,womens_strawweight,0.30032661895374674
1972bb7a08946b356c1315c6,2024-10-05,0,middleweight,0.5252988579269005
401cf3772c7ad44839360dba,2024-10-05,0,welterweight,0.427243299870397
57b18397eb6dda68408204e5,2024-10-05,0,bantamweight,0.28522348475368325
144f8ee9b6fd2c722b5d25ce,2024-10-05,1,womens_bantamweight,0.742476868845091
e443e39fbfefcebc6b107ee9,2024-10-05,0,womens_strawweight,0.502682198137335
d310221180298a0117347d09,2024-10-05,0,womens_bantamweight,0.5249116908122696
c6f824443fc9c84e876b488c,2024-10-05,0,middleweight,0.5978406699483425
ce5cad2d9a093f6848c1c837,2024-10-05,1,light_heavyweight,0.6818281433513899
1956b00acb148792dba1a315,2024-10-05,0,welterweight,0.21836636681108418
4840224751a56333d055fc7a,2024-10-12,1,middleweight,0.5554227870038252
a727672cc9664edda540ef4e,2024-10-12,0,flyweight,0.7123339901997777
c9b19587d5b0943492e92d4b,2024-10-12,1,welterweight,0.4127768900301368
75c7c56dd807d68045a4386a,2024-10-12,1,flyweight,0.42839576721510547
8e2cca02f188a62e86ed9e5d,2024-10-12,1,flyweight,0.5222379684691644
559c2d014f7fdd130c04416c,2024-10-12,1,bantamweight,0.3635471058812959
b2154563c4e05478fec46f76,2024-10-12,0,welterweight,0.3422461310437962
0cb8a11def43b8e9e64a987c,2024-10-12,0,lightweight,0.39843581690192464
a9a12f6db5392e7212061c76,2024-10-12,1,featherweight,0.3293412181002943
da2b4cb4a1dece7e1cddce4b,2024-10-12,1,womens_strawweight,0.6713015974706619
6006b5e7b981df4da946cb96,2024-10-12,0,heavyweight,0.4269327972910602
d6fa07076c71693c51694206,2024-10-12,0,welterweight,0.44634812396127543
abcc6a4ab3920f6a692e9eee,2024-10-19,0,middleweight,0.6574053429597273
9e275e378f98707802ff3485,2024-10-19,1,heavyweight,0.42165057835286907
412a5bf196b840083c98f4cb,2024-10-19,0,bantamweight,0.21089354230638588
8109c8b9fae6d7c0aec54bea,2024-10-19,0,flyweight,0.38721718843386993
0971e4c0e50a7ee704277ff9,2024-10-19,1,featherweight,0.3998198636856326
8e8bc92bd61bc4fcf37df834,2024-10-19,1,bantamweight,0.31186008554365685
7f31ec33285ef5018378b5ff,2024-10-19,0,womens_strawweight,0.35857539971475777
f37b3852170b4e3e133af446,2024-10-19,0,womens_bantamweight,0.3669331667205687
79e0b62af359301a3c381318,2024-10-19,1,flyweight,0.5918405755458559
4798c8fae376043513d3f4d2,2024-10-19,0,womens_strawweight,0.4861376962475778
497026b88b1c9f6fe365d724,2024-10-19,0,bantamweight,0.7439856934612866
64b6b3f836693e4882af28cc,2024-10-26,0,middleweight,0.43188326836952606
d083631584ac1c4442af2f54,2024-10-26,0,featherweight,0.3238123676036263
0fb2c51f918d8f2c887a3970,2024-10-26,0,welterweight,0.3342746168853072
4a0a7c62b38099ba662d7540,2024-10-26,0,light_heavyweight,0.3537021986889844
c481a4e5d3c8d48d2a063795,2024-10-26,1,featherweight,0.7556924489639554
e98deb41ebb14639db7c7876,2024-10-26,0,middleweight,0.4009930102849344
8c84124df2963190592ada9e,2024-10-26,0,heavyweight,0.21703562251581873
79fce42379f8108d722fa309,2024-10-26,1,featherweight,0.7374471632894367
df658a10c24790baf29d4ee5,2024-10-26,1,light_heavyweight,0.7169262902460044
c1770a29dd92cea4a6f380c4,2024-10-26,0,catch_weight,0.5834738163300803
fa23b82570604d8dd9c63e98,2024-10-26,0,welterweight,0.1628974872643635
39f8f786e1f44eddf18e1470,2024-10-26,1,middleweight,0.7435900265585611
17cb3fa1910244939c601a11,2024-10-26,1,middleweight,0.5885290865654201
f369464f1180832f1d8b7c25,2024-11-02,1,bantamweight,0.5805433800738686
e1741bf2713d935c14028fb4,2024-11-02,0,heavyweight,0.40583438211159195
6025d5b28df7b99fb482dcce,2024-11-02,1,womens_flyweight,0.6065299540923804
55b1b3ca9a1864952fc3a120,2024-11-02,0,flyweight,0.44282844544962735
88f856cc39f5020603b0cb4d,2024-11-02,0,light_heavyweight,0.6412119306314181
1f3e2215dc098945c449f796,2024-11-02,1,bantamweight,0.5102746896251935
fcff3a20a805946dcbc5b1f1,2024-11-02,1,bantamweight,0.3899884785731152
abebc636424c238657d451dd,2024-11-02,1,womens_flyweight,0.3387706251230981
4ac4778bb7788aaec05d064c,2024-11-02,1,featherweight,0.4174794898783657
6baeb93f8c6f6b9bd33db412,2024-11-02,0,womens_flyweight,0.44831932422224396
dcc9895cbd8b3c0b07f46767,2024-11-02,0,middleweight,0.4861948875047049
671290c0c6844812078884b0,2024-11-02,0,welterweight,0.3554365534409129
c56faacbd23e859d15f773a4,2024-11-02,0,bantamweight,0.41198963389310084
775087a13644ddbfe20dc426,2024-11-09,1,bantamweight,0.49259298344382463
1019552fdbf1a6c9ac7389ae,2024-11-09,0,welterweight,0.194919351410387
0e948b30e911a8028bcd9511,2024-11-09,1,bantamweight,0.3832649622392805
4fa91a1cfb6740cb784e067a,2024-11-09,1,middleweight,0.22336629782474923
82c4427e3f9514cdeb328735,2024-11-09,0,womens_strawweight,0.46887691541650806
4493bfb4dc8c9613ac38e90c,2024-11-09,1,womens_strawweight,0.61257178573659
3a681fdfbe596d2fdcae3f62,2024-11-09,0,middleweight,0.4092796292635327
6b3506aa31679bb23befa70d,2024-11-09,0,welterweight,0.5721062928501498
c3c4de6fa97914db9f9aff63,2024-11-09,1,womens_bantamweight,0.4519190237071121
1977ecf38fd0fee16b089735,2024-11-09,0,welterweight,0.3359270423282163
97dc41469e9c9287cb5fd305,2024-11-09,1,middleweight,0.5598998125663704
043847b8441b879d0f429697,2024-11-16,0,welterweight,0.38375136219109346
4167d3f6070971c8b9d1fde2,2024-11-16,0,middleweight,0.3500034817491687
9f92f3cfd66a55be8006ffb2,2024-11-16,0,lightweight,0.3040125278222771
54cc8d7bd582e5171cc7f70b,2024-11-16,1,lightweight,0.7250662550496936
bce7b7de58b92db963e36818,2024-11-16,0,lightweight,0.8017538385958168
3e7b3ef93a01e95602563df6,2024-11-16,0,heavyweight,0.12042660473543121
fa0177ce9126280f55a43082,2024-11-16,1,bantamweight,0.31696039393155667
b5c28155a6e12ff7a5ce6f50,2024-11-16,0,heavyweight,0.34379474448696107
03e4a0968b9c873a3c75fe66,2024-11-16,0,catch_weight,0.2234006773512281
017db93038090457a9f2ad7f,2024-11-16,0,welterweight,0.5783958254296993
a7c487f94464423d6463a35e,2024-11-16,1,womens_flyweight,0.41624167258530753
46332285a7b69c9d2a12da53,2024-11-16,1,womens_flyweight,0.42372246896924354
8811b8fcd2100494af6f8cd5,2024-11-23,0,bantamweight,0.4364934837186768
1c95d96871ede2553b9ef069,2024-11-23,0,flyweight,0.4364934837186768
c23bd1c8a9009f9e2aa0618e,2024-11-23,0,flyweight,0.4364934837186768
b6619e5bf2b8cb1dcad50e13,2024-11-23,0,lightweight,0.46652488083164656
e18d6be41f88d838a0ea1d5a,2024-11-23,1,flyweight,0.5425699181313927
bd0443c550f1a30b6b7d0b7f,2024-11-23,1,bantamweight,0.6602008936138563
0ff5951760ba7570bb749166,2024-11-23,0,womens_strawweight,0.4350349509220383
c6ef3b68243861a699dbc860,2024-11-23,1,welterweight,0.6991400259839727
958a5e46c9010601ebb8d398,2024-11-23,1,light_heavyweight,0.5985314702157417
77418b65aac3f975237beb9e,2024-11-23,1,womens_flyweight,0.31612692685510146
8d8a818c9f17c009e3b85bf9,2024-11-23,1,bantamweight,0.41639037915751503
4a920eff3f6c4c24152c2d9c,2024-11-23,0,womens_strawweight,0.5987933869803711
ab152d7ea0e03fcd72fe5e3e,2024-11-23,0,light_heavyweight,0.35776063631033145
8bec3556efa0aff00fc6942a,2024-12-07,0,flyweight,0.23871293066448426
9635f631a62e6cac838fac30,2024-12-07,0,featherweight,0.1355375382130384
0304da4371ba534498bbfa00,2024-12-07,1,catch_weight,0.2421043577059096
b7f0d52ab8dd1cb8f75d38c6,2024-12-07,0,heavyweight,0.29225633030285025
228014fdd9ac575ec9d83932,2024-12-07,1,lightweight,0.9066475682103475
b17d607483172d5ebfb86b98,2024-12-07,1,flyweight,0.6523658292952339
5fcd9b73e591e02031a00a9e,2024-12-07,0,light_heavyweight,0.5495570126019227
3e73e0845cfe08a1abaa6d7f,2024-12-07,1,heavyweight,0.604628930207131
034ec1f2c225729b14c0dfca,2024-12-07,0,welterweight,0.47204545841539325
ba2176c71f65397aaa94d50a,2024-12-07,0,featherweight,0.2877828041926889
44dbc5139ac2ed24c255f5cc,2024-12-07,1,featherweight,0.5837692351559184
9f2b7751f55b139930a7745b,2024-12-07,0,welterweight,0.5441796105223938
23e3d1acad9c979ed26efd91,2024-12-07,1,welterweight,0.5454919808695968
2bee7e4cb43cb0eed55b0645,2024-12-07,1,welterweight,0.39837709835949225
f0b0735efef392fe0658fcdb,2024-12-14,0,bantamweight,0.36705594692456667
bec4c121d2e352da409b0252,2024-12-14,1,welterweight,0.5563868007689862
7915719a146e85eb8bf4ac4e,2024-12-14,0,featherweight,0.6508431606301239
7b9f48d7590f393ee2bc937d,2024-12-14,1,bantamweight,0.4761489656457752
14139c465fda81dd1f24724d,2024-12-14,1,lightweight,0.6302152727167033
ee992fcfb2c3ec848b22bf51,2024-12-14,0,womens_strawweight,0.5752062791659683
a4bd67e5bf952f768ee5f2d7,2024-12-14,1,flyweight,0.5091840600032954
3d0468e9f5fdbbc6bcf4b92f,2024-12-14,1,lightweight,0.582324623776228
8545cb07c6efcc3f4da59517,2024-12-14,0,featherweight,0.38678233569937714
01916ac920a0f4fd7230f3cb,2024-12-14,1,womens_flyweight,0.657456511061727
282c2ae10a81491eae36a47a,2024-12-14,0,light_heavyweight,0.5333899764544228
92bbcef9c67dd1b7eb6c690e,2024-12-14,0,featherweight,0.26703118117532454
1fcccda17da14ab9603a0f66,2024-12-14,1,light_heavyweight,0.43586866683217584
d13a2c8a4f5306b8b033d501,2025-01-11,1,middleweight,0.5674651711268848
f97caf0d17bfb86368400b6c,2025-01-11,1,middleweight,0.45042140301426925
2162ca6af8aee7110a671097,2025-01-11,1,featherweight,0.6949293843804969
92702506603eaa3e00488ad1,2025-01-11,1,womens_flyweight,0.4826900312606496
cc7da53bb2061cf9b037478e,2025-01-11,0,womens_strawweight,0.2647093470864821
0dc0792dd70e1b4333e3f456,2025-01-11,1,flyweight,0.33174162707663957
41127606356904600eb046bc,2025-01-11,0,womens_strawweight,0.6007919080453685
6b4d318f2551857da68bd774,2025-01-11,1,light_heavyweight,0.41248474449766503
16d68cf0539018b23943680c,2025-01-11,0,middleweight,0.5602769758166305
363183767a8d3a0f614131b0,2025-01-11,0,lightweight,0.5340664507815828
5e5c66734f00f66b9aa5feac,2025-01-11,1,welterweight,0.35304659344314615
7cf917d8d98c64098c698bd8,2025-01-11,0,welterweight,0.6058472748499328
7202e3c174e624cffcb777b0,2025-01-11,0,welterweight,0.6115139928494416
8a7d322f6fca14cd6192d341,2025-01-11,1,lightweight,0.5063240902484191
6a55faf5e3739a306bb19200,2025-01-18,0,light_heavyweight,0.28979619338508944
e1288b021ae773be3a047196,2025-01-18,0,lightweight,0.14271498047950978
088ac1fb12dd2ebaf085d3f1,2025-01-18,1,lightweight,0.8464254792478486
2c8b03448ee5239e2e499d5c,2025-01-18,0,heavyweight,0.27001529038567745
aadce8bf98323e887aeff00f,2025-01-18,1,light_heavyweight,0.5207062932229385
05573171f789b22f3bfa651f,2025-01-18,0,womens_bantamweight,0.3374008538452851
f17f100843d4e347772b5af9,2025-01-18,0,middleweight,0.494407125954823
899fce523cce9f7a9cea2479,2025-01-18,1,bantamweight,0.49926852073087324
5ed39636288a2ba5ca9cb88e,2025-01-18,1,bantamweight,0.3674016744995523
a491ece7037c4c2188cfbdd5,2025-01-18,0,bantamweight,0.25631160742783154
5e65f3c26f4bf3514f5a3c0b,2025-01-18,0,bantamweight,0.5340948795691742
4a104e8add50e30a63b377d4,2025-01-18,0,flyweight,0.4711667988907516
bf312225f90e425743b88be8,2025-01-18,1,middleweight,0.3886772917651604
57eb886166168af015166871,2025-02-01,1,featherweight,0.49492172559619224
b59ccbba51f2c68ca30d9860,2025-02-01,0,lightweight,0.3763369796149944
120a28da81a44a8f66a0c856,2025-02-01,0,heavyweight,0.48034619775390963
862cce61b7e0c11f70f924d0,2025-02-01,1,middleweight,0.5266940789741902
c798fa59525cc216c0e15eae,2025-02-01,0,womens_flyweight,0.4073367323499547
60c2041e7bcc826d91d85cc9,2025-02-01,1,featherweight,0.6855723208678896
11291199df3f14e2dc270b5d,2025-02-01,0,bantamweight,0.3859425724079155
28183de1455c91b680305ddd,2025-02-01,1,heavyweight,0.6049154862435896
1da1b0b686fd6b43baf97f25,2025-02-01,1,heavyweight,0.5091443617768375
ffdbff0f4c4968471d6da71d,2025-02-01,0,middleweight,0.5403733271869586
bd2cfaf861c385423053277e,2025-02-01,0,lightweight,0.32775578639731673
f5a450b35a167eb5e07ea9be,2025-02-08,1,bantamweight,0.45410422604627354
d7c8507105dea51aeb1bfdbb,2025-02-08,1,middleweight,0.7182807275048778
a2f2eaef170057f6151c7c73,2025-02-08,0,featherweight,0.49492392474082864
19031d0d33105daae054408e,2025-02-08,0,welterweight,0.4376232517808623
6a55956e6720fad748255e7b,2025-02-08,1,welterweight,0.3705009655908426
8b7903d49f0a666b61c30454,2025-02-08,1,heavyweight,0.6513444832992039
d556670cc9c71b744bb1f91f,2025-02-08,1,lightweight,0.43173423179394677
45f18205b7ab429cda0e8fa4,2025-02-08,0,lightweight,0.4688529444999568
63c8ed3753f8436862f3b66d,2025-02-08,1,lightweight,0.46565968415361775
418191fa2b0e4fe58486229c,2025-02-08,0,womens_flyweight,0.4515441071820729
a283e2b088f7e3cd6e984a55,2025-02-08,1,womens_strawweight,0.4997492575561453
97afa1180f84df65f7a8be01,2025-02-15,1,womens_strawweight,0.4013461670760189
078c5c8821a745744b98ad55,2025-02-15,0,featherweight,0.3983873061699096
c394b4eccb49499e31f22f66,2025-02-15,1,featherweight,0.5719654953125517
ff260dc57e36bd97916349bc,2025-02-15,1,heavyweight,0.4393119088220532
7b74848f2f11072d1810e50b,2025-02-15,1,middleweight,0.48453150129984457
c2ae2a5895d0e803012919bf,2025-02-15,1,welterweight,0.5469233578047021
25e42648758cca6502fc0226,2025-02-15,1,lightweight,0.302616505178422
fdab48eb73a21ee61647ad92,2025-02-15,0,middleweight,0.5888224733893919
47c5aab0ac3ce5195687d579,2025-02-15,0,womens_bantamweight,0.13240219025765163
23d1935c07ac5e1c9f6476c4,2025-02-15,0,flyweight,0.5414331234662606
8bb4ed4fbab729326717bd11,2025-02-15,0,middleweight,0.4057039604154721
1ed11e1b6352784e1475ef27,2025-02-15,0,bantamweight,0.4850955208889824
944399599bda880389ae1ecb,2025-02-22,1,light_heavyweight,0.5127488802973396
b9096db38035d6174945c21a,2025-02-22,1,featherweight,0.6186483119627394
63bc7c3581e7f4a2567737d7,2025-02-22,0,middleweight,0.4368115337688157
fe8366c24a651ce84d46856b,2025-02-22,0,bantamweight,0.36444744665735934
6d0a157f5bce1d9bb5e4c6da,2025-02-22,0,light_heavyweight,0.6188972082921715
8652f3ecf523c3c24c7ee212,2025-02-22,0,featherweight,0.6457294939676731
6318765a68f8782f1fc9287a,2025-02-22,0,middleweight,0.29818454669521866
7247511fb4f337baaa72ec63,2025-02-22,1,light_heavyweight,0.9202696890366715
753fd329002d5ef7eca29455,2025-02-22,0,catch_weight,0.5949229188273084
d40fb6e3127007381b95ecf8,2025-02-22,0,middleweight,0.35377088798732803
4343268eff9bd324970737ba,2025-02-22,0,bantamweight,0.39335617698361314
1361d01a5306c83782722047,2025-02-22,1,catch_weight,0.5158252340051117
d7098deec85ab6f225b5dd3b,2025-03-01,0,womens_flyweight,0.5203838889836979
503ab7b4653a6b281798322c,2025-03-01,1,heavyweight,0.4925950066173606
5b87183fcdf61fb1cccae9ca,2025-03-01,1,flyweight,0.3501094717933975
f0082fb415e899c93890bc48,2025-03-01,0,middleweight,0.2720283000851718
39cb81a03865dfe9642dc2ca,2025-03-01,1,welterweight,0.315264848069728
4bf7c060c65b5756e9a60a69,2025-03-01,1,featherweight,0.5438679545878852
869e85d2c9e882dcef21c8a6,2025-03-01,0,featherweight,0.5779764626857435
df30b7c826cff4376ce5f4b8,2025-03-01,0,flyweight,0.670710004846927
b6aea126b237440f5f62b371,2025-03-01,1,lightweight,0.4552461764242868
0b08162e436edd7057feda6e,2025-03-01,1,featherweight,0.7413871698562805
a17f7fb3322a29d49109df5d,2025-03-08,0,welterweight,0.3990466239451713
cc0e7bf1a3de097b07abf84d,2025-03-08,0,light_heavyweight,0.5326840532559326
1180ae20fbc658f6a18bc519,2025-03-08,1,womens_strawweight,0.38371838226064914
d97232c5dcbdc6ae63204240,2025-03-08,0,middleweight,0.43151497662003524
155fb95b8548237e167b385c,2025-03-08,1,middleweight,0.4190774506710794
73d9201cdf42426db5717467,2025-03-08,0,lightweight,0.35859057814452544
53c82e2b97f05f041be5e879,2025-03-08,1,flyweight,0.6706947498298249
fd96972af0a42cf8564554f0,2025-03-08,0,lightweight,0.5086440869507854
447e796f8f8fa0711eb851ec,2025-03-08,1,lightweight,0.5946275156244006
26367e541cf1af906e6936bc,2025-03-08,0,featherweight,0.3807492927423657
a5d324fc1e81b02c184c3d0c,2025-03-15,0,lightweight,0.2934957773578241
d40964659b77816a82e34d89,2025-03-15,1,bantamweight,0.44164808870885086
4d9f0274f43db97ee1d84343,2025-03-15,1,welterweight,0.3791854231481021
51eb5fce6d358b03382f5759,2025-03-15,1,bantamweight,0.5677598525740054
8ddc51ee94270116d2585e6d,2025-03-15,0,flyweight,0.18127663206617664
c59095dc236475eaf1f3d36c,2025-03-15,1,light_heavyweight,0.3668027674142148
4f3b8f599d7b94aadb8e6e1e,2025-03-15,1,womens_bantamweight,0.2274535620183928
a8466adaf98ed6c751357dd1,2025-03-15,0,middleweight,0.5762597440121299
f77346f2cfc223f134a774cb,2025-03-15,0,featherweight,0.49629507387004934
37b9f881c73685fb65f4ebfa,2025-03-15,1,womens_strawweight,0.36561581355496
eee4f8cd86fdc705589eb0d5,2025-03-15,1,bantamweight,0.739703724021991
b5080981acd30c0532404b87,2025-03-15,1,heavyweight,0.40750110825049946
266be725a4cb31ca651114c4,2025-03-15,1,womens_flyweight,0.5356202671334018
d59008574058a1b14bbff996,2025-03-22,0,middleweight,0.308104365687099
de9f0856738dc28e60a60f40,2025-03-22,1,welterweight,0.6342324298238848
bedb420a0b9904e7099578a9,2025-03-22,0,lightweight,0.38739975746664357
0906caed76b72740d3fbda4e,2025-03-22,1,lightweight,0.8227068784462551
935fbfa3a3fbfb2d2ea68df7,2025-03-22,0,light_heavyweight,0.3839274322615371
ad04951661f8f611e59c0050,2025-03-22,1,lightweight,0.6198568932037202
cbd2b8dc7cb57c6a358efb83,2025-03-22,0,welterweight,0.5579583186018107
7a42b1b6e8ea3d3b322d8a1d,2025-03-22,1,flyweight,0.6166873925279736
7573247bac486673ce88cefe,2025-03-22,0,heavyweight,0.47888808613367617
e7a39bf12141f8e19999e08c,2025-03-22,1,womens_strawweight,0.45417856717969096
c7b4a84ae2cefe30cea00a98,2025-03-22,1,bantamweight,0.2577258116358785
7f81d57f5d833d8ad5da0848,2025-03-22,0,featherweight,0.37354206261972717
c82889c8c0d8f63fea61710c,2025-03-22,0,womens_strawweight,0.4972968654038723
11a10b425b59b9e0d8f0336f,2025-03-29,1,flyweight,0.5992511103981123
5d8ba6b9deefdc4cbb31c7d6,2025-03-29,1,featherweight,0.4551212949248224
bbe55f63a120ca7a63ab45c1,2025-03-29,1,bantamweight,0.49976306023561984
a6bf522e3d935669f4bd1b6f,2025-03-29,1,flyweight,0.3958414299844114
4f32f005e6c63e6941a64b4e,2025-03-29,0,featherweight,0.32233632542877017
87722272fb59ea169b43792b,2025-03-29,0,middleweight,0.24110670020716538
e1d376d78f860f65c632bcaf,2025-03-29,1,womens_strawweight,0.47160413921895794
3156f76dc6396ce97902a82e,2025-03-29,0,lightweight,0.41573031144640793
baa2fdc844c082ed12a92ffc,2025-03-29,0,lightweight,0.4874790342738648
f86d56863e598ab008855f66,2025-03-29,0,lightweight,0.13622091499316627
3e7f9012b9276dfcc924089e,2025-03-29,0,bantamweight,0.28874020183480603
21a60322c2a027799b4cda05,2025-03-29,0,flyweight,0.6178145237883419
23faabac36533d24333d8b9b,2025-04-05,1,middleweight,0.35854731208185453
289a7d06e957dda3ac71729a,2025-04-05,1,bantamweight,0.5494343564674649
61271bd039197039582f5081,2025-04-05,0,womens_flyweight,0.3084358093532159
c11487f1f0a20ca93c52f3f6,2025-04-05,1,featherweight,0.8127354692380403
8009cb1b86ffa12974bab11c,2025-04-05,0,womens_strawweight,0.3376291871729863
fad1c076e137d244e645a12d,2025-04-05,1,heavyweight,0.5734253854804011
a5bc0dc17f83cdb10a2a2a18,2025-04-05,0,flyweight,0.571534420157539
b98ca9357715ade21392a89f,2025-04-05,1,featherweight,0.27131854244494136
c2a1eead1ee0f81bdd50b9d0,2025-04-05,0,welterweight,0.5806857712422508
57a290e76e72b5ae2804232a,2025-04-05,0,middleweight,0.34129078132234353
f392bf4a5aea118b0fcf79e0,2025-04-05,1,womens_strawweight,0.5340606588062882
294eafd904f1e51bc94077ca,2025-04-05,0,bantamweight,0.36214060296887374
a8e7973569d577221c53a5b1,2025-04-12,1,featherweight,0.3403988691549925
4e202f20f679c3ad921c34ff,2025-04-12,0,featherweight,0.8286432965878127
fad6402a48eb036723f79f9b,2025-04-12,1,featherweight,0.36799946172451703
82ef6c2034d37182beab57b7,2025-04-12,0,featherweight,0.3103884974290851
ec097764b056848f4b4f88f7,2025-04-12,0,lightweight,0.09540552251582424
4bda5a5554aa5ab74b2bfb60,2025-04-12,1,lightweight,0.5362713925086393
974693fddaa3db805f33b78d,2025-04-12,0,light_heavyweight,0.3877036258052226
826172d4bbccbe638becdc22,2025-04-12,0,womens_bantamweight,0.28614770697259356
891260885a5f80d3bff0abd4,2025-04-12,1,middleweight,0.5275903398670686
6645c6018ec0a356a3d0c85d,2025-04-12,1,flyweight,0.359182341238549
6dcff865c5ae334fc9ae487e,2025-04-12,1,middleweight,0.5638152368498058
08e9b543f1a75eee7094614b,2025-04-12,1,featherweight,0.838865637000079
aa22b6401f3234d1bfbe071c,2025-04-12,1,womens_strawweight,0.5984207986719361
87bbf6258de3cb96e8a832de,2025-04-26,1,light_heavyweight,0.5117649068723145
028469098ba8b26b229f791f,2025-04-26,0,womens_bantamweight,0.39191532496363485
dbb70afedb9ef563817787e0,2025-04-26,0,featherweight,0.32544498848709724
3e3c5c5312b4bd929a84995f,2025-04-26,1,bantamweight,0.6192722857085773
27c7a904f136fa232c0b0a03,2025-04-26,1,lightweight,0.4819863298927279
ef1ff906136a4d3f4e3321ad,2025-04-26,0,featherweight,0.4951177507822447
0b8ae83ee2d6c368cb757711,2025-04-26,1,welterweight,0.5295554876461482
8ad58054347f53643069f2c9,2025-04-26,1,middleweight,0.4744083214060004
84a27a5934a0c6faca02d02f,2025-04-26,1,womens_strawweight,0.788540875391176
1792660282d0d71e4e433eb3,2025-04-26,1,bantamweight,0.36150810790588356
cba044ae712b9c9e24ab6f28,2025-04-26,0,flyweight,0.2953681295947841
fcd8a836b338cbc5d9457d5a,2025-04-26,1,middleweight,0.603852791740157
d747420e16d28d2d195431f3,2025-04-26,1,welterweight,0.6736711147687371
ac300a8bc3a696efec4549ab,2025-04-26,1,featherweight,0.44133816608696574
36774760194e875a7d85e86d,2025-05-03,0,bantamweight,0.46859429249143486
d64f95744f53521697c83832,2025-05-03,0,bantamweight,0.5457704953572885
4c8d14f14865044186a00772,2025-05-03,1,bantamweight,0.45407771124248303
504fded2a818ea0a1f81dc2f,2025-05-03,0,lightweight,0.3394859278803445
cfeadf7497fc94fcc54fead0,2025-05-03,0,womens_flyweight,0.5917523123046119
225a65283842b9a22b1e2295,2025-05-03,0,womens_strawweight,0.38794629671153374
f9d7f8057a140f82e84a0d64,2025-05-03,0,bantamweight,0.4951702952107004
f6f1adce42b69f53e07c9586,2025-05-03,0,middleweight,0.4030303738188109
f56a0df051c442e76a77663b,2025-05-03,0,middleweight,0.5632090069431481
d495047d0422766bf9f850a9,2025-05-03,0,welterweight,0.41690885861404164
087461f6bef4abba6c68dfec,2025-05-03,0,heavyweight,0.4257911195731884
0b74991d1601a7375bc27438,2025-05-03,0,womens_bantamweight,0.5545876965132216
8ba8e397555d48cc79bd8912,2025-05-10,1,womens_flyweight,0.6823898476862412
879cb14fd7465227487d5da9,2025-05-10,0,welterweight,0.4942091903932947
9122d3e8d1d3bda33f7269aa,2025-05-10,0,lightweight,0.18392410138098694
cc4fe78051ab7264eeb20988,2025-05-10,1,bantamweight,0.49569684684113713
717f5c4a1659f99c4216a6ec,2025-05-10,0,featherweight,0.26563226043121496
4ac7c11efaa7ee9080a898cb,2025-05-10,0,womens_flyweight,0.4322795494838857
2b1c9563dd7925d92b8f60cc,2025-05-10,1,featherweight,0.4869036235817551
3ef6bc5a5758b71d5b267891,2025-05-10,1,middleweight,0.3857905507587204
0e3085a60c2e3c5fd7e03c0c,2025-05-10,0,welterweight,0.360301713751897
62c80d38ec66ea69619a5163,2025-05-10,1,light_heavyweight,0.37117787342138
f493312d5f22609841ea16e3,2025-05-10,1,light_heavyweight,0.6315087440665463
5cfd6dcef72523c8bc33bbec,2025-05-10,0,womens_flyweight,0.40696640074268986
8444b628fb85e0e4c713e046,2025-05-17,1,middleweight,0.577273766991932
595c1cd257144cb582b01ff6,2025-05-17,1,womens_strawweight,0.6661744519596474
764d40ffa13a207a8cef5a45,2025-05-17,1,lightweight,0.3524052829882053
c93c2ee36de8ad0b549a520f,2025-05-17,0,welterweight,0.3648989824931294
47f58df4a1ba8a790123c191,2025-05-17,1,flyweight,0.3884490256306311
6f771d9e2a51041fb7d36b9a,2025-05-17,0,lightweight,0.5113245503379041
1d1a1475b7ae1dd4af4545ed,2025-05-17,0,featherweight,0.33058838429333504
19c93aa6cae2496337287bc2,2025-05-17,0,womens_bantamweight,0.4819085385935064
780ea07ae3c2dc63a325f1c6,2025-05-17,1,lightweight,0.6142330305509248
8ef614cd46790cd66f6c942d,2025-05-17,1,womens_strawweight,0.541046304288627
6065bf0f2380b1ff771924e4,2025-05-17,0,featherweight,0.36663983598336936
a04cf5513db9284fbe46879d,2025-05-31,0,welterweight,0.6014975890736893
896ec1d976131b842f3e94b8,2025-05-31,0,lightweight,0.2993392378440208
1d07d1283a57c6fc62da78c8,2025-05-31,0,light_heavyweight,0.5386128157537889
dd89cc1c8180870b90412295,2025-05-31,0,flyweight,0.5463111696202966
6a2dddd90ed658483113a486,2025-05-31,0,womens_featherweight,0.6265841012161691
cde8734e2bfe61cc56299b06,2025-05-31,1,lightweight,0.7415032888395825
0dd89b255e0029ee98c9dc4a,2025-05-31,0,lightweight,0.4685753965158578
de48dcdb0e98a700b1038154,2025-05-31,1,womens_strawweight,0.37862240782501044
045909eca3b647588aeb2f69,2025-05-31,1,middleweight,0.5417276827499602
8faf9dea67b09bd99b348c6d,2025-06-07,0,womens_flyweight,0.38025533987458016
1d69d0b5671a7b6fce7824cd,2025-06-07,1,light_heavyweight,0.5905591865054021
3597df50ab9c4e51486d7d22,2025-06-07,1,flyweight,0.7982989549555749
364fe5c4ef81f12bf32d31a2,2025-06-07,1,featherweight,0.5349626008598454
4085c2e89e65277c8b429e34,2025-06-07,1,womens_bantamweight,0.6342931911563351
31f17d5574301b9b6fcc79f9,2025-06-07,0,middleweight,0.3335920594591443
3c800cd719ae5d849907a6c7,2025-06-07,0,welterweight,0.541790231865215
5f9fcc8328c9a38c706fe679,2025-06-07,1,bantamweight,0.8420445162014389
9fda84271a8c700f28723c7d,2025-06-07,1,lightweight,0.520372799854406
97d44289afe583ab015ca9dc,2025-06-07,0,bantamweight,0.37807263209729236
b323c6af2951f92e18796d52,2025-06-07,0,lightweight,0.37658126721932417
388fd0a68cd33b740d38ccbc,2025-06-07,1,heavyweight,0.4219465022402402
6fad86bc4d49f015f99a505c,2025-06-07,1,welterweight,0.6302133776032321
76e418d35ed3e0f0e5bf278c,2025-06-14,0,light_heavyweight,0.5577721990019023
61ce6598688c9491dae0c637,2025-06-14,0,flyweight,0.3955540297163935
091aa54174aa690811470eab,2025-06-14,0,bantamweight,0.5218251236330402
682de845c3ed0c6a9162b4f2,2025-06-14,0,middleweight,0.597324734405803
fd7d62e31dd3384cbb0c95fe,2025-06-14,0,womens_flyweight,0.29938412134237824
5acb29d01ff8ebd4e3ddb1ef,2025-06-14,1,welterweight,0.33773705748829513
b0e18e82c4258d5c716daf17,2025-06-14,1,bantamweight,0.7011231581885414
20c65e762c27eedc278d7fa1,2025-06-14,1,welterweight,0.6402439397580899
4d1c6f20df94ea83ef5e61c5,2025-06-14,1,welterweight,0.6173657402709546
f0ab13f1886542a2847e3141,2025-06-14,1,bantamweight,0.6514124780984161
762abc3f792ddae7e3bd7070,2025-06-14,0,womens_flyweight,0.40780612087369705
44c78b9f5f1b31ff3bd1dcb2,2025-06-21,0,heavyweight,0.1301029142923352
f94de5af522515fea5397b80,2025-06-21,0,womens_bantamweight,0.47542383436318936
41e47b9d6a4d1d927369ac91,2025-06-21,0,heavyweight,0.523302135576905
108b049c7b0a9a31781ff663,2025-06-21,0,womens_bantamweight,0.6086723838877688
46dfffefdbbb385309f0fc94,2025-06-21,1,middleweight,0.4394420217924168
dc0da8780f83f733d6135ea5,2025-06-21,0,light_heavyweight,0.6385243426963781
640598167682476e4e82e2a1,2025-06-21,1,featherweight,0.5189541554242728
0a238bb1d642688260bfe106,2025-06-21,0,lightweight,0.39590226648046595
5bda6a238a9da05c7fbbe0ce,2025-06-21,0,lightweight,0.6664874669411157
315ef153376d66f5879dac52,2025-06-21,0,welterweight,0.6485668496168985
eb8583ac00a6323599a656ca,2025-06-21,0,flyweight,0.2501928345728773
29b54c255ccddac493a2134a,2025-06-21,1,catch_weight,0.6777035621029078
2e100976c7912f924b40ef8c,2025-06-28,0,flyweight,0.3973818030343921
cb0b0b0725275dabddfdc0d7,2025-06-28,1,lightweight,0.37491897523325846
2e7eb231b95160105221bc08,2025-06-28,1,flyweight,0.6651993542020465
f2e78a8508a2b4a45b083944,2025-06-28,1,featherweight,0.21113890224045506
22a080c10f46376f89886971,2025-06-28,1,lightweight,0.8911218995162303
3dfcc06e8fa2e4a45e87f8c1,2025-06-28,0,middleweight,0.5199576989694795
024df74fcef0ae4d02b370e5,2025-06-28,1,heavyweight,0.623881915320193
87c467d1d08f5fb738e3d521,2025-06-28,0,welterweight,0.5354535342171968
35104535682e463eefb2c492,2025-06-28,0,bantamweight,0.7487674121048571
d77290b270a306d23265bdc8,2025-06-28,0,lightweight,0.2554578885578352
5a15a8a28f896fc4cc3d080f,2025-06-28,0,womens_flyweight,0.48456049206805984
2ccfbdd8d524feb831c34bd7,2025-07-12,0,featherweight,0.33043324329209733
46e4b0c0b095e6a1824455ba,2025-07-12,0,heavyweight,0.8247114259496859
9370d0fe112233ac16bfa61f,2025-07-12,1,womens_strawweight,0.6301149140431149
9c1fb56e609cbd6a1fb11633,2025-07-12,1,welterweight,0.5069297107540643
bc58565640e77c2276e10024,2025-07-12,1,light_heavyweight,0.28340008028797703
a77624b11d3a278d52c22094,2025-07-12,1,heavyweight,0.47513613002280375
f835d2868533801b21fc9f1b,2025-07-12,0,womens_flyweight,0.4143177580882428
07eb8178c0f1cf3e7ae4f656,2025-07-12,1,welterweight,0.5145327301986171
6f6dec82453fb5221dc8b8b3,2025-07-12,0,lightweight,0.24456590954424298
e49701832d493785c599056c,2025-07-12,1,featherweight,0.5795084664399165
7e0d55ba3c587ab22f4267a2,2025-07-12,1,welterweight,0.7869066129449418
59d3a43566d9ee6b8ec44611,2025-07-12,1,heavyweight,0.6929102379720576
ac9b9ca1d346c1d7a4efa04b,2025-07-19,0,welterweight,0.474783332827228
be17518bc4995180ea470f55,2025-07-19,1,middleweight,0.6958504814343784
d0dec993d7bf19ccdf13c55b,2025-07-19,1,middleweight,0.49737767494924945
4f8792a3e30a26c648e37f7f,2025-07-19,1,womens_flyweight,0.40273469732376677
47f068eaf25694d3e2dedc0e,2025-07-19,1,featherweight,0.22207667199951464
d00277048709f53e5e823331,2025-07-19,0,welterweight,0.6424176823778786
5886c517a68a27c8922390f0,2025-07-19,0,light_heavyweight,0.2907459044013991
55abc58474afd8c488ee30d7,2025-07-19,0,welterweight,0.6700520466877556
31f78d290574d211242599f6,2025-07-19,1,bantamweight,0.5939895734093557
7f140b8e8eb850af317805b6,2025-07-19,1,middleweight,0.6261273394524308
fe7e69f66ef7c35197993b50,2025-07-19,0,lightweight,0.30006238111194705
ef74365ed86abf1cc45a1797,2025-07-19,1,lightweight,0.5054452046432343
4ba6aa5a4cb23a41969443b1,2025-07-19,1,middleweight,0.4666343366328063
249fc0ac1a643b51873825e3,2025-07-19,1,heavyweight,0.5857451196340832
4cf3d33ca45adeb8796cbfad,2025-07-26,0,womens_strawweight,0.5099486682244472
61aac29ee250562ae5af045c,2025-07-26,0,flyweight,0.48604363458918226
f41a705d58f918c9be91e699,2025-07-26,1,bantamweight,0.7023671097738843
304f8691454bfb71f6ae7be8,2025-07-26,0,bantamweight,0.647578549023244
42b7976b1cd7ef4d25023afa,2025-07-26,1,light_heavyweight,0.43667130920803543
0ed1b38a437d44a3f5abfdaf,2025-07-26,1,heavyweight,0.6753881019164933
d263febfc5fdbeee8f58b3d7,2025-07-26,0,featherweight,0.5028213527715802
c7c669bbd319cb2c2c87bab1,2025-07-26,1,welterweight,0.4678066070121063
684a65cf1decc3485242d4e8,2025-07-26,1,light_heavyweight,0.41611432774802704
1813b343ffb8aa8b2cc16194,2025-07-26,0,bantamweight,0.342816803363204
9b2be6df340bee34f4428a78,2025-07-26,1,middleweight,0.5723286776708889
74c6f9010e443faa822b5de2,2025-07-26,0,middleweight,0.2560229257497365
d2351ac652a2bab2080418a6,2025-08-02,0,featherweight,0.30597223158380477
5ebd51be5dbeb7c202cd6084,2025-08-02,1,featherweight,0.2944166363631027
7aa5337d0d17974526f6c0ba,2025-08-02,1,lightweight,0.43880476871555496
b03dd1e813c8588475d9f81d,2025-08-02,1,womens_bantamweight,0.3917607783214336
bd28e5af8d5f43e74bc83fa8,2025-08-02,1,lightweight,0.503027047062112
46d87220040c3475480b22ac,2025-08-02,0,welterweight,0.4195400914459838
bd594c3f831ad998d30d3849,2025-08-02,0,middleweight,0.5157389696338186
7e20097120c6860e72b430bb,2025-08-02,1,womens_strawweight,0.6090255367737658
382ceb31d4d48f8aab9da86d,2025-08-02,1,flyweight,0.5594657277596528
2e73637cd749398a55647476,2025-08-02,0,bantamweight,0.5167995687728646
52b21a901e1d3f725068746e,2025-08-02,0,middleweight,0.23734502724471265
0cdb2c7c499c7f12c59d5076,2025-08-02,0,flyweight,0.44037027934410283
baa3a0b5bb66310d24d30724,2025-08-09,0,featherweight,0.7914253753583885
a0f1373d72f4360e3aaf5424,2025-08-09,1,light_heavyweight,0.4967816379218354
dd55b10f0cf629737061b72f,2025-08-09,1,bantamweight,0.5917352649847164
ffa16f1988ab9e3541b7fcf9,2025-08-09,0,middleweight,0.3906388727747024
c16987de09fa3dbd489de454,2025-08-09,0,womens_flyweight,0.35687879551872886
2b3b2b67749e1bb892cf0acd,2025-08-09,1,womens_strawweight,0.5703550455249198
2ea0d44515ec523b78e2da31,2025-08-09,1,womens_bantamweight,0.772707045762572
e9b686239850bd67761c5ec9,2025-08-09,1,light_heavyweight,0.7443550321502939
b52eb401eabebbc3b68e5a85,2025-08-09,0,bantamweight,0.4158096769083428
54b6e104899342805ddd9222,2025-08-09,1,middleweight,0.7382037529837021
5e92a9a9bc58ece830a866be,2025-08-09,0,bantamweight,0.1809275934754148
0140ff0489c619d42f8a0ba9,2025-08-09,1,welterweight,0.5176740345222157
b211de80fd6516d120afb179,2025-08-16,0,flyweight,0.5217950859438385
27cb9c0f0ecabb4020799a52,2025-08-16,0,middleweight,0.414445281384803
234c73ef7b9a7927fe06956f,2025-08-16,0,lightweight,0.8354027566672166
cdf24ad78589dd6b959aae41,2025-08-16,0,middleweight,0.4409600259618054
8506c9dc71d90951f7c2734b,2025-08-16,0,lightweight,0.3453829552153153
0969559ba428b44f26855dcc,2025-08-16,1,welterweight,0.6035040150743599
f3951fd1ca68c3288746990a,2025-08-16,1,middleweight,0.47733268640634746
c7dd9f5c6a0aaedcf7fe644c,2025-08-16,1,middleweight,0.5672109807704168
be776ecd0666a524bf1ddb52,2025-08-16,1,womens_strawweight,0.4455703041601085
8d971b809930f012282424d0,2025-08-16,0,womens_flyweight,0.41204434137291257
291d07fa6322574143c38d57,2025-08-16,1,featherweight,0.8734540249428732
bc0eb80d7162533c77f7ece0,2025-08-16,0,flyweight,0.6545592661395463
95bd8df921ea22d128443178,2025-08-22,0,flyweight,0.42262618301453203
7abd8d8e5a8fc15a498dff04,2025-08-22,1,womens_strawweight,0.4259186512493118
2b17cff59381fe0c3eff3d9d,2025-08-23,0,catch_weight,0.21604627704660492
971111ce56c35402366b9b77,2025-08-23,1,flyweight,0.4614133072778473
db224424e2e8045da25a2896,2025-08-23,0,light_heavyweight,0.7029566499200626
b34ca09bc7be3fc0081881aa,2025-08-23,1,lightweight,0.48156467419310683
b4141bedb0af0b5c37add0e3,2025-08-23,0,middleweight,0.6899515847454973
dbd5352c89d5eb4c17fe7c41,2025-08-23,1,lightweight,0.5884357646006995
ce54aef08e800fa98afcab2d,2025-08-23,1,heavyweight,0.5475323495756426
043a909f41c4417e201656ad,2025-08-23,1,flyweight,0.5287335242629654
75ccd3b3fa917b9b2fc527da,2025-08-23,0,welterweight,0.4265990679409856
c2c392b6c345eaf81f091abb,2025-08-23,1,light_heavyweight,0.5740685404671113
aaa1ee69d1c8adedec2ed0ce,2025-08-23,1,bantamweight,0.5727497121738961
19c48d0092cc20527adcfae4,2025-08-23,0,featherweight,0.4416417423145764
bdbe4caef667af15730fa7bc,2025-09-06,1,welterweight,0.5185794411586735
fc8351175b2ac09f0e8d1a7a,2025-09-06,0,welterweight,0.4228052762346408
25e249d53f5f7892cd67849e,2025-09-06,0,lightweight,0.41327306436825445
ddfc0bc76dca722735332127,2025-09-06,0,lightweight,0.5144146181002818
de86f6f682b93bce0597617a,2025-09-06,1,middleweight,0.39379679925445354
0f9e5bb0fbdd52c5494ff57c,2025-09-06,1,lightweight,0.6899066098735951
df0fc2686fdb22931ced0ede,2025-09-06,1,heavyweight,0.30878787365401783
fa090d54d2b757cc1aafea97,2025-09-06,1,light_heavyweight,0.47945948989367276
0ed5675eb3801a48b0335afd,2025-09-06,1,middleweight,0.4981417537563588
59ead85f13c9d2f09879497e,2025-09-06,0,light_heavyweight,0.2038058907675812
1892f3b9b4f3f9c8faa4c96d,2025-09-06,1,welterweight,0.3621414566474234
a291420436ccdbd80fef7952,2025-09-06,1,womens_strawweight,0.510600155735434
1a292e2c83b63803de83f158,2025-09-06,0,featherweight,0.34839818069755846
18c4672055196f93486642be,2025-09-13,1,flyweight,0.37028521073883447
8299a8eeb3e657cfa6e00115,2025-09-13,1,lightweight,0.6016894901205343
c6e2b1f222bed62450b9ca12,2025-09-13,1,lightweight,0.31784693047444257
b287b1f453d1d7bf8bad3ee1,2025-09-13,1,featherweight,0.8381554710570719
c1c35ebf47c4980926d90cea,2025-09-13,0,flyweight,0.4904699147907208
5f287af644802d136e0fdd6c,2025-09-13,1,middleweight,0.5407936757683103
bee31ac5b44e1cacb29e970f,2025-09-13,1,middleweight,0.48804522080084073
ab7fa262752795b97960769a,2025-09-13,0,womens_bantamweight,0.47446557972548
79c460f7318e1e47b6c052a1,2025-09-13,1,lightweight,0.640940780753027
352016f0046a29a4cf067452,2025-09-13,1,bantamweight,0.2461758504802553
1df56064c8f7e1ca441000ea,2025-09-13,1,welterweight,0.4482876558558946
8fd221a4ec3d93cae773c96d,2025-09-13,1,bantamweight,0.28185540918492386
3af436048b664bb4bab1747e,2025-09-13,0,womens_strawweight,0.36326831799091563
b4d27de492bec1e8df9a62d7,2025-09-27,1,heavyweight,0.4367002141980258
6f4bcf6d5975f9761b5ead36,2025-09-27,0,middleweight,0.5842844347352492
db1b4578fd8497038c89942d,2025-09-27,1,light_heavyweight,0.6392787853489409
c511c22373e257618013d581,2025-09-27,1,bantamweight,0.5342659418849717
ae55c7192e5d47a30cc2fb22,2025-09-27,0,featherweight,0.3763351231751794
9d0c81bc55d131b7f66d9d94,2025-09-27,1,welterweight,0.5322212797141755
00288cf52176ab1dbb2cc531,2025-09-27,1,lightweight,0.5643239723137965
6a8e3d42040f64f6d57ae1d4,2025-09-27,0,light_heavyweight,0.42780272083561116
7097b2221f841d15c01dbf24,2025-09-27,1,womens_strawweight,0.5067672142844272
3d0e9c190c7e5481dea541ac,2025-09-27,0,womens_bantamweight,0.4943912303994735
5f1fd8af123c697d3061879f,2025-09-27,1,light_heavyweight,0.681393124256336
68b64ac5c0332df51465f88f,2025-09-27,1,lightweight,0.35117921106097155
ed978d51d031ee916f25dd1a,2025-10-04,1,middleweight,0.476297019886816
4e367ca70eaa96509505b7cb,2025-10-04,1,middleweight,0.6300866403095524
709e9bee2f688085c57f688e,2025-10-04,1,bantamweight,0.4128919066772969
22f89b26113958f50084b18f,2025-10-04,1,catch_weight,0.581614078561481
1eee1d676aeffaf51a2b9d78,2025-10-04,0,middleweight,0.4430604363799735
d249a253ad910b943083e7ea,2025-10-04,0,light_heavyweight,0.31939717183886224
7f5b402bffdbbc826147235e,2025-10-04,1,featherweight,0.7327665484938534
20c03baca24710fcfbfe0242,2025-10-04,1,womens_bantamweight,0.3448718097214009
dcc2e6e7411f3944512299d7,2025-10-04,0,light_heavyweight,0.5803199680037963
5e117965c711a3d5f2a9e9c8,2025-10-04,0,bantamweight,0.16887509221104927
201ed48b53ff246acba1ab88,2025-10-04,1,bantamweight,0.3290419346401871
09ac8afbd2cc9b257f2e8306,2025-10-04,0,welterweight,0.3095173166311524
c5917f4f1e1cf6b675e32144,2025-10-04,0,welterweight,0.6482626983614889
99d6452ad91ac6ff439de7d7,2025-10-04,1,womens_flyweight,0.6877074182607059
cb8ccd5d0831bf843e955f03,2025-10-11,1,womens_bantamweight,0.5326180989187684
18b39d231248ccee53c89ddd,2025-10-11,1,lightweight,0.41251587723858574
03a543eeb416418534a1ad7a,2025-10-11,0,bantamweight,0.6083361055720529
b7d852ed25bf520bde28ae0c,2025-10-11,0,flyweight,0.5981145132297336
c4f1f0b03ee372772297d6a3,2025-10-11,0,heavyweight,0.6992484106975684
c355a95281d0bb24253a58cf,2025-10-11,1,womens_strawweight,0.7058127852770264
38502208fcf7aa54d4175a66,2025-10-11,0,bantamweight,0.4122250233433268
9682d291035a4cdf92d734b1,2025-10-11,0,featherweight,0.356813402361925
3a225fd88aedd7470a6d4bb1,2025-10-11,1,flyweight,0.24086943889511744
bdd0c94f847b24ce027516f2,2025-10-11,1,featherweight,0.4583173035527739
e3df3e921925fccc181da162,2025-10-11,1,welterweight,0.6616081695271551
2ecdc510d451e22fd234ae04,2025-10-11,0,heavyweight,0.42911045833013
94ec5f7ab1575370207a10a7,2025-10-18,0,middleweight,0.644982244055988
39709fadea483459750ee0d3,2025-10-18,1,flyweight,0.4710774877476868
66577356aef81e24594004c9,2025-10-18,1,bantamweight,0.6838143885579347
15548b82be638ac1b2eac466,2025-10-18,1,bantamweight,0.5186728102661309
622696dcf96f7d587f47e242,2025-10-18,1,middleweight,0.328721088836514
740a455af5085a3f2c1eef53,2025-10-18,0,welterweight,0.5169397499179635
345aca7881b9ddcf27a514cd,2025-10-18,1,lightweight,0.614590897973631
75d3d5b97313d4d18e906f49,2025-10-18,0,lightweight,0.32001208777385975
365b5fc719da0d2385a59156,2025-10-18,0,womens_flyweight,0.39609131620487487
87ea0631cd81020d01da2654,2025-10-18,1,bantamweight,0.5546129695873124
5390608b009af04d7f64d13d,2025-10-18,1,womens_bantamweight,0.4739419470381407
aeb6853e611533c931b46fc8,2025-10-18,1,middleweight,0.39610578558657245
c2061b903ce3af74a069617a,2025-10-18,0,womens_strawweight,0.602869510972457
c5b5850073d5e3d638f844bf,2025-10-25,0,light_heavyweight,0.4959812378046653
e7819d000fe73ae512a0393e,2025-10-25,0,heavyweight,0.6035173253558264
3a4607b556fd9984e619b223,2025-10-25,0,flyweight,0.3684996441658851
4c1e8b4b86851ed942461ccf,2025-10-25,1,heavyweight,0.6203207588063905
d27009e46489a08b080b275c,2025-10-25,0,middleweight,0.4174090236788221
bb811d20bb3260b00315fdfd,2025-10-25,0,womens_strawweight,0.7334513025381396
dc5678ed360be4d79f153704,2025-10-25,0,lightweight,0.5529677229500165
a731ebf6cb5c92adcc5ba9c4,2025-10-25,1,lightweight,0.6712920521023034
ddc02966aabeab4f66f2685c,2025-10-25,0,featherweight,0.3273778003704984
c72755050a62c46de10af57f,2025-10-25,1,bantamweight,0.6294067183522922
8ee86b085de19d5d4a98da9f,2025-10-25,1,heavyweight,0.6897892351206398
da5da2d4c3ee8d5571f36c6c,2025-10-25,1,womens_strawweight,0.35790647359891437
1c9a74932f1083cd6a71cb4f,2025-11-01,1,womens_strawweight,0.7399210561529621
5bda27b8965c794787c80650,2025-11-01,0,catch_weight,0.2992529459693901
0b4e762b2fe4c547e8dacd17,2025-11-01,1,light_heavyweight,0.5487739960948699
bf4af8c3ccd13afa0d906d05,2025-11-01,1,welterweight,0.7399283040510303
098f5af1ef9e2f1e8966f0d6,2025-11-01,0,middleweight,0.43611459217906395
9c26e0952606e58b88586302,2025-11-01,1,featherweight,0.5337554804414111
c66cf25409ba381b4cf0a247,2025-11-01,1,welterweight,0.39413315210359373
edeb5c3b96f6053959dfa678,2025-11-01,1,womens_bantamweight,0.6217431777177816
337894a95c0b59535c562f06,2025-11-01,1,welterweight,0.7025826367816899
b2e60281a4939d851cefb072,2025-11-01,0,featherweight,0.44076557206628886
f7043d547a9c10f7fd7ce4b5,2025-11-01,1,womens_strawweight,0.5259009161464522
3d415bce159aec85cec0457f,2025-11-01,1,bantamweight,0.3645658384441174
cf3d8e5fe12362623fd226ea,2025-11-01,0,heavyweight,0.47333667080418973
0b350ddefc89ce8d642a388a,2025-11-08,0,lightweight,0.4945581590637348
c9ce03bdb840283ab55d5cc6,2025-11-08,0,middleweight,0.5686652642879728
7e2348d0d4e1e4d4ce769a6b,2025-11-08,1,welterweight,0.621512896077185
8444ea7db6924b529be3c711,2025-11-08,0,featherweight,0.7080078953423165
66050e7b8d70a5e23a01623d,2025-11-08,1,heavyweight,0.4367002141980258
d9c50eba63ea6b2915087d42,2025-11-08,1,flyweight,0.7135923951391407
c8841413fd1221cd0aa13ef9,2025-11-08,0,womens_bantamweight,0.27737273626127484
bbeb325bf7cc59a2be8dbc64,2025-11-08,1,bantamweight,0.5910750320902278
6b76e8a825108393defee806,2025-11-08,1,welterweight,0.45884307587029843
8ebe1d895ab2453eb9f769fc,2025-11-08,1,bantamweight,0.41363860902719773
63f65d17e669efdaa957b86d,2025-11-08,0,womens_strawweight,0.4796536436083044
a875e31f6b8ddc96ee7d11a6,2025-11-08,0,catch_weight,0.37795132563633266
e3c446ad77f7b94cdaf543ef,2025-11-15,0,womens_strawweight,0.4200261554740491
e4224d67abc1dc6ea84a714a,2025-11-15,0,middleweight,0.28589028784482395
7218239385ecbf94927325e4,2025-11-15,1,lightweight,0.5249054808372824
1171f53f9006121e6cfca38b,2025-11-15,1,middleweight,0.5696254851062514
61fe2bc4f19ca9e58b98abee,2025-11-15,0,womens_flyweight,0.3889126698237594
eeb6e7bf87c2a68ea957c464,2025-11-15,1,welterweight,0.5642841516349718
301daae5af50f500a045aacf,2025-11-15,1,middleweight,0.49308547436480676
91815419bb1f8e5f10137edb,2025-11-15,0,welterweight,0.5218541973846859
c3e20a6fb0e995c104302cf3,2025-11-15,0,featherweight,0.6428104832902064
4337c9275478185d970fe51f,2025-11-15,1,featherweight,0.32100793013589385
0c349d383774593f2f523421,2025-11-15,0,middleweight,0.4079038854037535
24dff7c31ee8f9de3cc1ad45,2025-11-15,0,welterweight,0.49729152705786567
135ba1d08d95c69f6876dc07,2025-11-15,1,womens_flyweight,0.5914567559985898
6ebd54113023d3674cb6f6e9,2025-11-15,0,lightweight,0.3898422999204203
e553a07fed3c4dc09fb01a68,2025-11-22,0,light_heavyweight,0.36059161637943776
5a2dc1ef51e7b45f9d3a0605,2025-11-22,0,flyweight,0.36942218567213375
383bdb229d4071c35e69a84e,2025-11-22,0,lightweight,0.21773858931388765
586d6a9b35106a95599326fe,2025-11-22,1,bantamweight,0.5491398199075709
c399510064a79f3ead47210b,2025-11-22,0,welterweight,0.40275962057482895
83a1824281316f3cbb390fee,2025-11-22,1,featherweight,0.22171987218578088
438d439d919b64be8a5846b5,2025-11-22,1,middleweight,0.5664881623528402
e92e2271695a45eed0ac693d,2025-11-22,0,welterweight,0.5378934164645335
bec9a3d1c86d7d07fbf8b14d,2025-11-22,0,heavyweight,0.4367002141980258
d10fff5ba41fdf47e9035da7,2025-11-22,1,welterweight,0.6443308854502955
a4564a86742578658f7a3076,2025-11-22,0,lightweight,0.2611516529825786
f7b4ebc3071afc261abaf2ad,2025-11-22,0,flyweight,0.5055322833859609
7c0eebe7bceb329e099b7ddc,2025-11-22,0,light_heavyweight,0.485581552645779
5bf9e54d00be75d53de53c77,2025-11-22,1,heavyweight,0.6451397872926217
47f6ecefbf8a9700f9ad1b13,2025-12-06,0,flyweight,0.4276978482735001
83692f9275a75c75929d7246,2025-12-06,1,flyweight,0.5579694053083396
cb4e9cdeed597ad851824748,2025-12-06,1,lightweight,0.7282914176440062
957f73009ec79eed9d70fe05,2025-12-06,0,lightweight,0.6658009924660552
f4c2621e31660e542c75a846,2025-12-06,1,bantamweight,0.3515799604910471
ce59dd7a88406c8bcf7babc7,2025-12-06,1,light_heavyweight,0.42358147484456443
a50ce0633a2d49672fd3e128,2025-12-06,0,middleweight,0.2195079622055307
a503b23af13914d375594d73,2025-12-06,0,middleweight,0.5843112397349078
abd27ebef4489e8b3d0a5c0c,2025-12-06,0,womens_flyweight,0.38964334657555544
c828bc8375bd94f9ad322b32,2025-12-06,1,bantamweight,0.2747661869013604
7bd784b622245218baab22d6,2025-12-06,1,featherweight,0.47302591675025263
7dd5c823ff70d42fca421b92,2025-12-06,1,lightweight,0.6114953780535298
0da6a363382c422948bf35d0,2025-12-06,1,lightweight,0.5105377480061299
c3fd3930987eb83f7a242598,2025-12-13,1,heavyweight,0.4367002141980258
b0aae381897728400b9adea5,2025-12-13,0,flyweight,0.4620884074635234
1300bcc73318fc700957f622,2025-12-13,1,middleweight,0.3191445393617406
e5dcb77b8e3eda2b38e4f757,2025-12-13,0,featherweight,0.4406221277543763
80b5125aec0e6f993297001b,2025-12-13,1,womens_flyweight,0.5832107033885929
bd01ac96973326001df2976b,2025-12-13,1,featherweight,0.7018820865579519
1665176a69e81b9c8748aaaa,2025-12-13,0,catch_weight,0.18494959704621466
7ee792bdd0cf3b67f9851a0d,2025-12-13,0,womens_bantamweight,0.5033724160375229
c7bec709fdd7e9d3d188df67,2025-12-13,1,featherweight,0.565081519055906
c6bf93754b654bbb787c7588,2025-12-13,1,welterweight,0.3428110048528798
72c1bd69d88f3491434a5f08,2025-12-13,1,heavyweight,0.46006664873623837
82850cdbea46ec0e25946058,2026-01-24,1,welterweight,0.4222007572139266
6ed204c17993ad6a38953727,2026-01-24,1,flyweight,0.48438984039698596
bf203fd48ac38ab591ad658e,2026-01-24,1,featherweight,0.16715159344213268
c71095d598c41bc25458981c,2026-01-24,0,middleweight,0.25513885615529336
45b118dd2a7a84c7e6879c08,2026-01-24,0,heavyweight,0.5170144378211289
c75491aec4ff89a8959a2d28,2026-01-24,0,lightweight,0.6305933520663719
17e3977c144b369d26b7054b,2026-01-24,1,womens_flyweight,0.5726244071642813
6cd7ac778689394ea2edaa25,2026-01-24,1,light_heavyweight,0.44194750525764714
f0309fa4738d9fb14d2fd95d,2026-01-24,1,bantamweight,0.5688066881805363
86815bf5667655ee2e11e3ed,2026-01-24,1,bantamweight,0.7811957363071179
ac2e282d3cd07bc055d9aedc,2026-01-24,0,heavyweight,0.15833787942086966
bf0d30898909dc8434fca8e1,2026-01-31,1,featherweight,0.41534043520574554
e84bafbb79b9fdf1f9a4c7ce,2026-01-31,0,middleweight,0.3486539300868617
2d20d9db3db2975b162430e2,2026-01-31,1,lightweight,0.6740920447406326
b276aa7b3862b8a5808a20c0,2026-01-31,0,middleweight,0.2708234556708844
598daafdd2887f4042da01d7,2026-01-31,1,welterweight,0.4567112977093304
2a2be08b8647e8819e4e7d23,2026-01-31,0,light_heavyweight,0.3335653538501892
b4f83c62c1a302608fee4c30,2026-01-31,0,featherweight,0.26818155299224755
2f7e2a996930e904d946b0d0,2026-01-31,0,featherweight,0.48570763957995244
6d166b2e116fe2350d4e4b60,2026-01-31,0,lightweight,0.1535314259304089
c40943510405d6753810227e,2026-01-31,1,lightweight,0.5203837371418419
acd1c7251c1560f573ef62c7,2026-01-31,0,lightweight,0.48570763957995244
cf734647c7a8fafc0d1266b2,2026-01-31,1,bantamweight,0.48570763957995244
0a64c3e27d7fc6c2d17fbe33,2026-01-31,0,heavyweight,0.2715128355675075
4d3b0f2ec14570a88d2c8bf2,2026-02-07,1,welterweight,0.8017150624030818
c425b93c658e819194590de3,2026-02-07,0,flyweight,0.34791323215528513
a74bb6253b6400390ac5fdbb,2026-02-07,0,womens_strawweight,0.49730700311330683
9be29f1a447c830c4a583fea,2026-02-07,0,light_heavyweight,0.5173051988869578
93863546bc346c2c690e1d89,2026-02-07,0,heavyweight,0.7218682503645774
7b34da1460b25e212a1d8ffb,2026-02-07,1,bantamweight,0.6751231445167157
949130cc2494cd5b2faa1264,2026-02-07,1,bantamweight,0.5957653720395734
75b5f1ec3f038276e8d8f5cb,2026-02-07,1,womens_bantamweight,0.6132761800264065
ecb0adedc96a323aa7b99d3d,2026-02-07,1,bantamweight,0.3830681580730563
9bfcfb42830b0025d39a51b3,2026-02-07,1,middleweight,0.7544916704795336
94564392584f20781d869513,2026-02-07,0,bantamweight,0.7770633469320434
de2a60852f08289a526c754a,2026-02-07,0,welterweight,0.5912125604943373
becb0895c49c3259307dd8e3,2026-02-07,1,catch_weight,0.395872424690192
45073665a18a8f7f89b24eea,2026-02-21,0,flyweight,0.265596946232362
1517e96809dbc885308879d1,2026-02-21,0,welterweight,0.4301042402342609
4574f78abb56d5a674cc043f,2026-02-21,0,featherweight,0.25386576058834925
f436ebc22db83f3ad41a4e90,2026-02-21,1,welterweight,0.45401636399264644
3b409b848e9dcc8ef4e83ec7,2026-02-21,1,welterweight,0.5946013882915746
f3531b5aac43526818a4b456,2026-02-21,0,featherweight,0.7848198665182696
7ca418b4bb525d977459acae,2026-02-21,1,womens_flyweight,0.678487104293652
53ee52f4691a20b04eb18cc5,2026-02-21,0,womens_bantamweight,0.5443673196188462
ec31dba808dabf07c9e32028,2026-02-21,1,welterweight,0.3941649547967699
67df84ed09a55fa6a81f8977,2026-02-21,0,welterweight,0.46235505025334844
fdbf137d6ae3bc8a547299b7,2026-02-21,1,middleweight,0.29176678970016806
a3b9c01a6ade4da623999c36,2026-02-21,0,heavyweight,0.4992098462304324
8439a47c592a91fa4e4a37ab,2026-02-21,0,middleweight,0.3128291147658279
fbe23b59c0f621d06006d154,2026-02-28,0,womens_bantamweight,0.37439395644417617
ff52cdb73d7e3892507e29eb,2026-02-28,0,flyweight,0.7060510670000575
3fdd971f778608f10f39941d,2026-02-28,1,bantamweight,0.6294721996636887
bbc83dc430907e389c5797b7,2026-02-28,1,middleweight,0.4789292108134171
2077c2890c41a9b316ed868e,2026-02-28,1,lightweight,0.5992984961108765
f03a87113a5b4a41789518ce,2026-02-28,1,featherweight,0.5623152687253865
8751f42c0e4c3aeeeb87e5f5,2026-02-28,1,flyweight,0.3528557921346636
9082c15b81e2e51a642ac078,2026-02-28,1,featherweight,0.39465194385242086
22ec0f3aefb13116f8ada58c,2026-02-28,0,flyweight,0.47518484983706705
9010510737fbee093fd3bf77,2026-02-28,0,bantamweight,0.5100273668690125
d459a63787315f3eb1a502d2,2026-02-28,0,catch_weight,0.4338184802455934
70ba1e925d41019126005eef,2026-02-28,1,middleweight,0.6705465920756475
d2d4410e876a93f8f976e7dd,2026-02-28,1,bantamweight,0.6783022872544582
318c47554f83861a25c5e91b,2026-03-07,1,middleweight,0.4338377939057635
bf1aec6f70f260624d3b9b53,2026-03-07,0,flyweight,0.5709005546239639
94147872239a767c2e857a45,2026-03-07,1,bantamweight,0.6000625746062087
f003622738f0c9f29a53f83e,2026-03-07,0,middleweight,0.2991027396976281
4835a22ad6b6553e6381e2c4,2026-03-07,0,lightweight,0.45063152355736497
f43a8d832e5416125dec762e,2026-03-07,0,middleweight,0.4098819593936516
6be0d12218d6b71924bdd528,2026-03-07,1,light_heavyweight,0.5740024459785448
0ef38a78abeb8ae87231f88a,2026-03-07,1,lightweight,0.40332608354697036
7f4464f49e34e59fd11f180c,2026-03-07,1,light_heavyweight,0.5345241800944079
3fdf134a7e134c04b4f0d2d1,2026-03-07,0,featherweight,0.3753617300839153
9aacc228933e9457bd940b43,2026-03-07,0,bantamweight,0.4794861961605129
fcd42646fa23e7f9e7c2f132,2026-03-07,0,flyweight,0.4276860707931399
6e42054fd40a5df987fe2c39,2026-03-14,0,womens_strawweight,0.45502715002884164
116e4ab38bd010556899ca28,2026-03-14,1,featherweight,0.6228798795851677
2690cce2008297ed0261a224,2026-03-14,0,womens_bantamweight,0.3707948617342915
c3a3f9b49a9c711c66a3aa23,2026-03-14,0,lightweight,0.5777512599098903
e3e6be0a6a1785a18f06128e,2026-03-14,1,middleweight,0.6063289269157046
ebb2487b1e6c4a73375992db,2026-03-14,1,flyweight,0.566426615559239
5cc3762bafc47314ac659de6,2026-03-14,1,welterweight,0.6385768919881731
1f1970ca73ded18e7d6dd680,2026-03-14,0,bantamweight,0.5317104111691047
97ed259a73928d4abea4e0a4,2026-03-14,0,light_heavyweight,0.6885158574664543
f2a19b392eaf6ecf53918ab1,2026-03-14,0,featherweight,0.34470938597869705
613f4b3d810c24745156c6f8,2026-03-14,1,bantamweight,0.5424920181878488
31a95d4534aebcbbd9f314ae,2026-03-14,0,featherweight,0.543128857614485
eba61851d1d4237a787f4444,2026-03-14,0,womens_strawweight,0.4891931736258662
740bd64cdeb01e720d9478df,2026-03-14,1,heavyweight,0.5944276723552655
e50a767f6a27aaa8720affa3,2026-03-21,1,light_heavyweight,0.37669724138205457
ffc429f950fbc788ac732b76,2026-03-21,1,featherweight,0.6311675401868251
122b983ee76fcd5fd1b84173,2026-03-21,0,heavyweight,0.10748133816749016
2778b98b4b52fccf791a4af3,2026-03-21,1,featherweight,0.5091371703548585
c56f7132344781296abc57c7,2026-03-21,1,middleweight,0.5891133898640524
b928e149ebac6e5d829df31b,2026-03-21,1,heavyweight,0.7357697057252559
329f4134dd3d46d0e186fe60,2026-03-21,0,lightweight,0.3355109596842634
6d77f259cc07c1a082888097,2026-03-21,1,welterweight,0.6855566471367279
81753156ce7e294bd08ce590,2026-03-21,0,featherweight,0.473745393157836
953466079f24c362d4b7033b,2026-03-21,1,featherweight,0.7465478348092628
08cc754bb366d03f4aec7fb7,2026-03-21,0,middleweight,0.4445171915029302
ea64fc32bcf0802d11eff113,2026-03-21,1,womens_strawweight,0.5225125323017319
b4b56d5288851656d6c14539,2026-03-21,0,lightweight,0.6452410551164753
13932cdbe9d5de2ec76a5fee,2026-03-28,0,womens_flyweight,0.6390727030890422
7f89cb9c54fb491989693434,2026-03-28,0,womens_strawweight,0.3052138899700259
5b1cf02705f639a607b7a9f6,2026-03-28,0,womens_flyweight,0.36102071863529966
6e6499328bda5652d5e67268,2026-03-28,1,lightweight,0.38079678854344107
c0efb94625712dc6ce57d4a7,2026-03-28,0,lightweight,0.6010454773700582
c03ef62e877b68710a00fda6,2026-03-28,1,middleweight,0.4979637270521276
ded7cab12afa5e8136d32e03,2026-03-28,0,featherweight,0.6406230468965182
adb0e912e19c69abf28331ea,2026-03-28,1,middleweight,0.7462329897457792
9f71c631b76c14e341b8d005,2026-03-28,0,heavyweight,0.6446932630434933
089cb7f1d5d705a0045e8fe3,2026-03-28,1,welterweight,0.6692982928183182
d88a8044ec31d862af12c982,2026-03-28,0,light_heavyweight,0.2882418334521825
2d8fec6e060b91d367e67549,2026-03-28,1,lightweight,0.5922410351141477
38428a63561ebfc036261e52,2026-04-04,0,light_heavyweight,0.15647283575884527
6d6f4b2e916edab178747e5f,2026-04-04,1,flyweight,0.5837773634120103
9a0a82b8eefa40a31da05ef9,2026-04-04,1,womens_bantamweight,0.776322132301049
8960ce5092f5f88135d6e47c,2026-04-04,1,middleweight,0.39024769201905873
e398470a69160ec364593eee,2026-04-04,0,womens_flyweight,0.5449658226842117
0a008748711d14843fd48f78,2026-04-04,0,bantamweight,0.4705287087643747
4190a293ed302172c923038d,2026-04-04,0,heavyweight,0.5460239046443811
5601cf561a4aa0308a570064,2026-04-04,0,featherweight,0.6537151227173438
cd8f14862e82622863c3da12,2026-04-04,0,lightweight,0.6684199727243952
e0c28b8a1fe424f046e120c9,2026-04-04,0,lightweight,0.46172915237214507
2a8082089f09e6aa62537f3f,2026-04-04,1,lightweight,0.5106947712139045
98dcdabc51229deddfafd80c,2026-04-04,0,featherweight,0.33276361206928395
d61c11b27665ac1a7c18a5cd,2026-04-04,1,womens_strawweight,0.5336106853603705
2f41cee23f546234781713e8,2026-04-11,1,light_heavyweight,0.43983460528757895
89e8cd3f76a506f53b462316,2026-04-11,0,welterweight,0.4770244470857587
fdddea8806b9faa3621f37e6,2026-04-11,0,featherweight,0.5621642237299236
e7500102f24fa09cee94c525,2026-04-11,0,heavyweight,0.3807340569903445
da0321b24ad1c24f9593c513,2026-04-11,1,light_heavyweight,0.46695377907780317
2da91e0c8c4525ab789d3607,2026-04-11,0,light_heavyweight,0.4343818952462808
6161f6406048a50739df4ffe,2026-04-11,1,middleweight,0.5942799335306674
2963e5a0bceb12ccb19f5725,2026-04-11,1,welterweight,0.5589124141886987
74aecca8423c0c193df10969,2026-04-11,1,lightweight,0.6736742943972076
2b7b04df6d9fa95baad00180,2026-04-11,1,featherweight,0.8966055818829501
c78dddb59b33a046f13afde6,2026-04-11,0,womens_strawweight,0.4092647909537103
6f53a0645cf079d074a65578,2026-04-18,1,featherweight,0.5728128084159734
8baab54f7d444bf10ca0db14,2026-04-18,1,welterweight,0.7083450539920251
481bde890c04cd2b72f36f45,2026-04-18,0,bantamweight,0.4987760349232384
42cad2889d9edf3128845320,2026-04-18,0,womens_flyweight,0.5213837641777516
571d039f951b5a5b79476f43,2026-04-18,1,womens_flyweight,0.3180865915377633
7648e715451f649c1c02e56b,2026-04-18,0,middleweight,0.5182708455627596
19ca748d94d8329185d01bc9,2026-04-18,0,bantamweight,0.5072519842421691
9a8cc5bc98fcb4f9b3d571ba,2026-04-18,1,lightweight,0.5167655185613081
9106a59252f60b584ed60f3b,2026-04-18,1,womens_bantamweight,0.5314485926471985
6f756791d3cb4e29f802a204,2026-04-18,1,heavyweight,0.42143985833227693
32ba2323da6e4e97057007b8,2026-04-18,1,lightweight,0.5100285649396206
ced8d33f7c7986fc18c549dc,2026-04-25,0,featherweight,0.6088441425165384
bd41d6eb2f24b1109b3c75b2,2026-04-25,0,bantamweight,0.6058465295254566
e9a78e4001589a73d7f11eac,2026-04-25,0,lightweight,0.47873980406417826
0fa2bf16957a831e7e084c80,2026-04-25,0,middleweight,0.41947790455214834
6d425f605ff2851bb66f92b7,2026-04-25,0,bantamweight,0.6596106274795326
3fc735f9cff4cfc6be2a5855,2026-04-25,0,heavyweight,0.5602176143307099
25c1ac509edcf2facf44036b,2026-04-25,0,welterweight,0.5790123998680881
9ad4b2353df7e16717b9c1bf,2026-04-25,0,womens_bantamweight,0.3936702599516876
82bd20cb47c73bc91d64b3c2,2026-04-25,1,bantamweight,0.4659193475671203
9864eb536b4f06f3a26d066e,2026-04-25,1,womens_bantamweight,0.31716738815528794
c42e9cf6d05571fadb1de5b2,2026-04-25,0,lightweight,0.30801979973943555
709f656b59ccf67184da9c71,2026-04-25,0,middleweight,0.5764741243463423
83133a15f09d9f4cc73f43b8,2026-04-25,0,womens_strawweight,0.5930346673154646
d2019c0de8325c8a98a306a7,2026-05-02,0,middleweight,0.6331374561358014
7768db54c66358b2b858e1e8,2026-05-02,1,lightweight,0.8373271644172122
770f8afd778d150f6aa7cf04,2026-05-02,0,middleweight,0.28343758468961106
6a2e981ee5d1b48a64ac6122,2026-05-02,0,bantamweight,0.3604940785291542
764a8bf0276adcfe93c1caa6,2026-05-02,1,lightweight,0.21178434160778448
01b5e211c209b6f0c543b0b2,2026-05-02,1,welterweight,0.34346898580647955
89d60525df38777002e660fc,2026-05-02,0,middleweight,0.203889193337095
b0c925bc64270bb81d93ab36,2026-05-02,0,welterweight,0.42226045836374737
083cde7930f8860fee58437e,2026-05-02,0,light_heavyweight,0.5494758371400853
60387333226530fdcf97bec6,2026-05-02,0,featherweight,0.36843692508112297
a264dffffe303c536de36458,2026-05-02,1,heavyweight,0.6511084888775306
09065036447dc7a320c7e2da,2026-05-02,1,heavyweight,0.40781035857273634
6fb53961b2d666aafb4b064b,2026-05-02,0,flyweight,0.1836147589413049
f5e0e2e46d3c92faa8b347ac,2026-05-09,0,heavyweight,0.5895844313350432
90e4da20581928aa94556f63,2026-05-09,1,middleweight,0.7499513203068741
1d98f3ce9b5d48961b4c745e,2026-05-09,0,middleweight,0.22250698735119767
05a76c96c6338817b292861c,2026-05-09,1,flyweight,0.6612998145898057
07b9e66a829dc6d72d9885f4,2026-05-09,0,lightweight,0.42066764395729295
afd2fbfe97aee305ec8d02d3,2026-05-09,1,lightweight,0.2126541466197245
3d1096937f18d86e33bc928a,2026-05-09,1,welterweight,0.4981621144447959
f6c88964f557b14ad9c204bb,2026-05-09,1,flyweight,0.5769275187669128
46298b169361970e45f99b28,2026-05-09,1,middleweight,0.24684785048510957
66afb65c31f9e32e9df8b5af,2026-05-09,1,lightweight,0.7722500177518397
955b4a0bcd70050a7d893bb7,2026-05-09,1,featherweight,0.4809738941562832
90ede5f565670aa0d4f02dd6,2026-05-09,0,middleweight,0.5569062210181531
60e599ad816b744b5d1dfe10,2026-05-09,0,welterweight,0.533666005666892
df8bf64a53714ab469a8171d,2026-05-16,1,womens_strawweight,0.6673688002452813
60424e83dc1bfd79208498df,2026-05-16,1,featherweight,0.33139919391283024
5d1b5346c163183f72697000,2026-05-16,0,middleweight,0.5413266591182709
24504179e9e47707268034d9,2026-05-16,0,flyweight,0.2477691337674669
2c9ca900f65fc955ef8c517c,2026-05-16,0,featherweight,0.4565708985328585
8f09fd2f5d0d5f2f5ee1b044,2026-05-16,0,womens_bantamweight,0.6548044216109188
2715b4c8d7fb7540defb3846,2026-05-16,1,bantamweight,0.5001307215828464
82260e1138f346b4847d0064,2026-05-16,0,catch_weight,0.38656405620817225
d0e4f89291a3b2a47a4c2e5e,2026-05-16,1,welterweight,0.5861320600255986
1b2685e01a9ac753c4c600e4,2026-05-16,1,womens_strawweight,0.4811834302618026
997cfd358378b086e3299880,2026-05-16,1,bantamweight,0.4558822295535834
a4bdb5588de2297a5a11f2bb,2026-05-16,1,lightweight,0.327175289210001
df7a148dbfdfd88918d9721d,2026-05-16,0,light_heavyweight,0.582711024045332
e76716cdb62adc72a898c84e,2026-05-30,0,womens_strawweight,0.5099192223760121
de4bbfe11f7e9afb3697411d,2026-05-30,0,bantamweight,0.23183963278653522
2e8f013fee31e910467a220f,2026-05-30,0,welterweight,0.3573972195111483
080866da8f9c3879368f9297,2026-05-30,1,welterweight,0.5425587418241364
a9efd5d9fa54e2fffc8c705f,2026-05-30,1,bantamweight,0.45734070427762863
b3bdcb91ae448d6d7885c522,2026-05-30,1,womens_strawweight,0.6327994480627828
278006f71b6cf940c176a75c,2026-05-30,0,bantamweight,0.3278342883335552
148d8ace171a23073bdd117b,2026-05-30,1,heavyweight,0.5809774227154062
d5c6fe40bd98f0e9c99e1b2d,2026-05-30,1,bantamweight,0.6930589838286947
e2f4292e20e9c0c28b7a747d,2026-05-30,0,middleweight,0.5366223232409952
8f0f7a0419d23e212fbfb392,2026-05-30,1,light_heavyweight,0.3859849478181114
99d1eb8f8db46c35fa42c8d9,2026-05-30,0,featherweight,0.5127191684554393
9b4e5d497b54d27bc07491db,2026-06-06,0,welterweight,0.35471490861677446
b00742f8e1c3c7257dedfe17,2026-06-06,1,middleweight,0.6603312365454349
ff8b0e9d5b615f26bcb56e8f,2026-06-06,0,flyweight,0.5022823199173174
0b367673055ac66f2fbae0f6,2026-06-06,0,bantamweight,0.5360688182124786
3668c1d2d15b9a2e17154633,2026-06-06,0,lightweight,0.7493979671921404
2968a2440ececa6a2bffa7ed,2026-06-06,1,light_heavyweight,0.4184424103033412
a8e7fcb14799998346df6ecf,2026-06-06,1,womens_flyweight,0.7480325258336354
68e8ac1859681ba9874a23a0,2026-06-06,1,featherweight,0.6598099069520218
683fba6e312497f37bccee6c,2026-06-06,0,womens_strawweight,0.35096676716537956
55cda98dcba84b2e4df21142,2026-06-06,0,bantamweight,0.450381990290945
183d1fd4023d7452703cd115,2026-06-06,0,catch_weight,0.3726068605640186
c7214b866d96ddc944ef2f5f,2026-06-06,0,womens_bantamweight,0.3817191822200685
8278892a4c14c81652888c25,2026-06-14,0,heavyweight,0.4933311424992675
68eadc603e2258cc6e834490,2026-06-14,0,middleweight,0.4361475586298734
c060fc6fb029250777d3777d,2026-06-14,1,featherweight,0.5854091329141032
943e37ed671d7109047f808a,2026-06-14,1,lightweight,0.11437067157860203
36c1fa8c53e9ae2022f58cea,2026-06-14,0,heavyweight,0.13602366531580676
e7a5ea80f9a620085cb1823a,2026-06-14,0,lightweight,0.19984368807887642
6169cc08a126df1c6a18aaec,2026-06-14,0,bantamweight,0.2953261727378936
fc2a74fa8d1c4b03c6d69bf2,2026-06-20,1,flyweight,0.5278484890247288
c09d9aad14825f90797532f6,2026-06-20,1,flyweight,0.22308750372457403
2d36199c081637bb4c36b9e7,2026-06-20,1,womens_bantamweight,0.7390135801638251
805070bb64eed90ab7a713e8,2026-06-20,0,featherweight,0.7034041680107301
7fb42d1a9d173197276da987,2026-06-20,0,featherweight,0.33426075773022323
6f88dcffddfee17710b9ce04,2026-06-20,1,light_heavyweight,0.759955336066168
10a92ed06831c359cbea7d7b,2026-06-20,0,womens_bantamweight,0.271841286856234
daf8ce484ff4ccf83da3efd7,2026-06-20,0,welterweight,0.524363321490741
068217722c3a581f2398ec98,2026-06-20,0,flyweight,0.615137151603586
a5c013cd9de78690082fd17a,2026-06-20,1,featherweight,0.5576787551160204
9dc4ecfde8b739f17edabdca,2026-06-20,0,featherweight,0.4761753188288128
5c36bf5ab120e7a209b11f28,2026-06-20,0,featherweight,0.1391307393522099
6d63253391cdf77a91c4ac30,2026-06-27,0,light_heavyweight,0.42761607193358636
90327db3b54656ced1143f70,2026-06-27,0,middleweight,0.4127550896753068
ef0f0a39d308aeb270b0d222,2026-06-27,0,flyweight,0.2816271877501877
8e1cd7330ad54ee49a037bc2,2026-06-27,1,bantamweight,0.7076413841869674
7daafc83159f735d91d0ab67,2026-06-27,1,welterweight,0.7209015457762056
c75906328af883c3bbc52305,2026-06-27,1,welterweight,0.49413118251426863
989aa5c1b8e9355afa65a540,2026-06-27,0,middleweight,0.38062205081755307
87c2f9a831fbbcb2146f141b,2026-06-27,1,featherweight,0.3592192225328477
70fbc0ede755875b8b78fa42,2026-06-27,1,lightweight,0.4783593729024182
da8297f2092ec7e04ce66b24,2026-06-27,0,middleweight,0.48989818281220987
d8b6e78b4bbb706991ee1f38,2026-06-27,0,lightweight,0.6427176077741031
ea8a1da327a8f5101e5ddd58,2026-06-27,0,middleweight,0.36966585443150796
f062199725bd87e849733e0c,2026-06-27,0,welterweight,0.4882543539348205
