fight_id,fight_date,fighter_a_won,weight_class,probability
26b46336baf995109799d0e8,2019-01-19,1,lightweight,0.24849141656211146
38913c7a553efd0ea27c4ce6,2019-01-19,0,light_heavyweight,0.5110731169580506
8126ece57175e39d22722e5b,2019-01-19,0,welterweight,0.5650109202158312
fb232738136fb41408e97318,2019-01-19,0,bantamweight,0.2393635170462932
cbce63c7e16d47b29e74d88a,2019-01-19,0,lightweight,0.2094061830022447
9a7c75d28b2227d353ffee0b,2019-01-19,1,light_heavyweight,0.2974522912718546
ed17d601382b0e1ee5f25834,2019-01-19,1,heavyweight,0.5299600436301319
5678ee79359ee825af2c6cf6,2019-01-19,0,lightweight,0.38996616663683314
25a9c1526fc208e6c7fe38c0,2019-01-19,0,flyweight,0.7121633312228723
7c630f0caa70766b4c9772ba,2019-01-19,0,womens_flyweight,0.3655239904075879
16e5b4cb10bf8316f059f140,2019-01-19,0,flyweight,0.5726102553190154
e290c1a53b53c40025a2f302,2019-01-19,1,welterweight,0.4657357669915972
24cb0110e15bf9500f3a20ae,2019-01-19,0,womens_flyweight,0.3207425557378917
8efd36d5f3360c4d96328383,2019-02-02,1,lightweight,0.5962380931483601
414613fb990b2e1f8744a998,2019-02-02,0,welterweight,0.33254314205534613
1b0fda4335818f786b8d6f2f,2019-02-02,1,featherweight,0.44265927765531987
1953db6fe5b9744c1843dd12,2019-02-02,0,light_heavyweight,0.3319147520572794
1cd6203b9577bfd25372eb22,2019-02-02,0,featherweight,0.6319250742021717
22cbf1de4862c931b9f97a10,2019-02-02,1,heavyweight,0.44854658206034875
7342c697833ab7bab79bea3e,2019-02-02,0,womens_strawweight,0.2283829847646821
f0a78186a92cdad28af6e943,2019-02-02,0,flyweight,0.5661995724827905
4523cf854ff48df6d66ba36f,2019-02-02,1,womens_flyweight,0.603629919260127
34446cbf52a1732388aac036,2019-02-02,0,middleweight,0.5530760474543895
5467de70ec0bbfc6ea3f127e,2019-02-02,1,bantamweight,0.689975056184251
15c9bca416c7204a3b9a9692,2019-02-02,1,bantamweight,0.47162505900556884
f50a16321d311cfb1f168e8c,2019-02-02,0,welterweight,0.7815030142576452
1d74549a59fbd93e268d0046,2019-02-09,1,lightweight,0.7927920187863832
e4525ba53a52b5b0857e967c,2019-02-09,0,lightweight,0.32612702763795626
896c12a96bf1da79303bc533,2019-02-09,1,middleweight,0.7993881391882832
fcaa078b4857c278dceb747d,2019-02-09,1,light_heavyweight,0.3064362525450648
b253a6a048ba0dd83a41d3a3,2019-02-09,1,flyweight,0.5276622065180594
4c10bda573f8c01d3c440405,2019-02-09,1,lightweight,0.6952228814210701
5fe9e229550df4983795b5be,2019-02-09,0,womens_flyweight,0.31394725736012563
5ad3dfcbceb50baabf4a06f1,2019-02-09,0,bantamweight,0.35292288919473214
19c65e9f1f86ac03182841f4,2019-02-09,0,featherweight,0.20297308225670163
b320535a9010e893cc6fe892,2019-02-09,1,bantamweight,0.49660804888797266
ca6f6af371cc512b6d1734d5,2019-02-09,0,bantamweight,0.641013091732627
fb545f795d0e191fdab5bb79,2019-02-17,0,womens_strawweight,0.4708370159189087
3a7293241a2a807fa182f6f5,2019-02-17,0,featherweight,0.6017406927310281
90e1f32d8c4d591b474fd0de,2019-02-17,0,featherweight,0.5680565393240766
3038757c3f23bac29c322002,2019-02-17,1,womens_flyweight,0.30271780394403186
c015f09a4e1bf33ced9384e3,2019-02-17,0,bantamweight,0.6937897907619021
5891d36900849c98a50352f1,2019-02-17,0,womens_strawweight,0.40099643944161306
6959921b10f78a71e64300e8,2019-02-17,0,heavyweight,0.4845301178567232
657a85fc997ba3106e9c502b,2019-02-17,0,lightweight,0.5674925751786031
ca78a58998323e4f9fdbc72f,2019-02-17,0,bantamweight,0.41725402891346003
8cc10441cbf2614f8785b729,2019-02-17,0,bantamweight,0.5632347348849677
6118a8c78447f0434395fc87,2019-02-17,0,lightweight,0.5122018674212857
38cec55ae4c31d673c6a5cb7,2019-02-17,1,welterweight,0.654979499374203
9e4bab0c77a4e9c538d5684c,2019-02-23,0,lightweight,0.36748449916049875
e7306a3ff9867fb2e7e85ac2,2019-02-23,0,lightweight,0.30084004586174273
c622965b0bcf635ba617dbb7,2019-02-23,0,featherweight,0.3717510585565521
f6151b74f7346e29cfac2985,2019-02-23,1,welterweight,0.4860316868398726
bb340698ea1e7e4cc05fe35d,2019-02-23,0,light_heavyweight,0.5601655201298787
1f68dad92eb77d22953924b9,2019-02-23,0,light_heavyweight,0.3034821090731039
f20354ebb869644c4afccb40,2019-02-23,1,bantamweight,0.6860990139414418
68976dec066e7619e206ce8d,2019-02-23,1,womens_flyweight,0.44955939996246697
56cbf3ea04dbca631e7d843e,2019-02-23,0,light_heavyweight,0.4304470154451953
097be1f05c2d7e6e94d40303,2019-02-23,0,welterweight,0.7754590729784245
63c32ebc206ee6106b382e72,2019-02-23,1,lightweight,0.3404111653644285
fdd038da2b5f04c16971323a,2019-02-23,0,heavyweight,0.42085878348464634
c89ca4669b8e6877497edfa3,2019-02-23,0,womens_flyweight,0.34404740924585087
1b1fe5662b3d023466c64bc5,2019-03-02,0,bantamweight,0.6632391066881711
947d498d822062457d1e667e,2019-03-02,0,bantamweight,0.47733418710015524
0d13e65dd754b3f1bc58e7b8,2019-03-02,0,welterweight,0.7622858031527996
54daae7c0fa28da8ca71a0f5,2019-03-02,1,middleweight,0.5764866203904423
d15183f063880d7d4e9bbce1,2019-03-02,0,womens_bantamweight,0.20928540558616474
5b92ec9d7c9365ea015380d9,2019-03-02,0,featherweight,0.17106883816177998
e6b1f51548c2ef5176c0c18c,2019-03-02,0,light_heavyweight,0.10196507503870267
a4499ea5511393f5c9bd2dbd,2019-03-02,0,light_heavyweight,0.2999915403755839
593c1b1e6c82dec285a0ca06,2019-03-02,1,womens_strawweight,0.2492073216948811
fb04d1b737f436ebc97b03b4,2019-03-02,1,welterweight,0.33401358805638776
568a7229b4b06a6455408f13,2019-03-02,0,womens_strawweight,0.613889805133817
75fc305627143c9630ca9bf5,2019-03-02,0,welterweight,0.4496340300890908
818abb53258da411751b41a4,2019-03-09,0,welterweight,0.37108560453201034
2af546ec2d6b95fc63d0c56e,2019-03-09,0,lightweight,0.4724759368582945
58e767357e6d5c8330f66f2f,2019-03-09,1,welterweight,0.6860970982855451
aeb99a1990e3cb523a3641f3,2019-03-09,1,lightweight,0.6517834838475598
57bb3b3ccfd9285941e2f474,2019-03-09,0,heavyweight,0.38647861405907347
e0fd283d4ad215ea9c9ecb5f,2019-03-09,0,heavyweight,0.5366539348659312
91dd9ae4e12f09809b994011,2019-03-09,1,welterweight,0.46118173808147056
a822ba1d485f0fc8ac120f48,2019-03-09,0,featherweight,0.3059278937876531
5b43785643265dac8e96f96a,2019-03-09,1,bantamweight,0.5035712056330113
33db1b31bad9e3c347f5d190,2019-03-09,1,womens_bantamweight,0.4114869422505444
e992a27d67c8e35a59363798,2019-03-09,0,heavyweight,0.2511522978482636
1598348e4d6680280ca7ecb1,2019-03-09,0,middleweight,0.2926461240219541
5793b77c4043eadce8dbc1a1,2019-03-09,0,welterweight,0.4965744414967649
3b895d43f522ada07f4959b0,2019-03-16,0,featherweight,0.24671874724940487
6d70742b8f98faa563b821eb,2019-03-16,0,featherweight,0.3459982443782223
ace5bfe86e4b0d6735973199,2019-03-16,0,welterweight,0.5046078363764783
353e4c10440a62ea4553e3ff,2019-03-16,0,welterweight,0.6640434227848698
20e86b5d807bb2dc387b78f3,2019-03-16,1,middleweight,0.7189683301551417
f7dfb4e06c955b5b53ddc717,2019-03-16,1,welterweight,0.7046207493284679
6cac406144299eba656c31c8,2019-03-16,0,lightweight,0.4323136717754881
bf87589c5256203f65f72bbf,2019-03-16,1,featherweight,0.2217001438094277
0cc779241aa11d55442d44dc,2019-03-16,0,womens_flyweight,0.23644181993083055
9f29624a5aa95c6c6caf75e2,2019-03-16,0,bantamweight,0.3798077624363965
8f38415a1100e141bbd92841,2019-03-16,0,light_heavyweight,0.5517404717851963
10ac2affd027d19e4dc0a8e1,2019-03-16,0,light_heavyweight,0.3496967064553026
e694a2560234a188ae42e974,2019-03-23,1,womens_flyweight,0.5294336744549873
9c5f20dcf4b276ed3c4a12e7,2019-03-23,1,featherweight,0.579558241921277
de2f47976573bf170793803f,2019-03-23,1,heavyweight,0.580437579708585
f9b2cc6068c2ae45506e9313,2019-03-23,0,flyweight,0.6183106421183105
6871ce208868dbd843118f56,2019-03-23,0,lightweight,0.5236005954828137
3507718bfe13d92f6054b9ed,2019-03-23,1,flyweight,0.43353506998647684
57da958cc94cc83554eaeebb,2019-03-23,1,featherweight,0.6195120581327417
95a795d06d973c01bcfd4990,2019-03-23,0,bantamweight,0.15343357336282012
ab7c36995971e72c6d2cbf53,2019-03-23,1,womens_flyweight,0.4377169484676037
adccd3ef67929e7be8b0fb1f,2019-03-23,1,womens_strawweight,0.5345087207778522
a6ca1f430b5ef469ba343397,2019-03-23,0,bantamweight,0.5639848187931826
d9300b28ce089ff86c099e9b,2019-03-23,0,welterweight,0.5507211962702674
84ee51fdab49a6792b09df2b,2019-03-30,1,bantamweight,0.609794723174816
b2272144ef0de0d983b37600,2019-03-30,1,middleweight,0.821481742797111
4d97ae90607b612a50988191,2019-03-30,0,lightweight,0.3934355129601604
477250ca2a15d6683e877e00,2019-03-30,1,featherweight,0.31886545501707914
f3fc62d38088caaf5eec0fe5,2019-03-30,1,featherweight,0.37643080056046385
25a0d90348d39625a4f0314b,2019-03-30,0,womens_strawweight,0.49257714532141955
889f1c72aefbecafdff832f9,2019-03-30,0,light_heavyweight,0.6008077576051788
5396918119ed934b0af80bcb,2019-03-30,1,middleweight,0.7006731574636395
9496decacd91b03a238021e2,2019-03-30,0,womens_strawweight,0.39060885711016324
865dd8ea788e2e501a2f6b3d,2019-03-30,0,bantamweight,0.825496694899751
acba98dfe391a402c7725c1a,2019-03-30,1,lightweight,0.8880137661200914
bce69a101b3313de146183e7,2019-03-30,0,womens_flyweight,0.6174282227459441
12e81505192fb36cefeaab8b,2019-03-30,1,featherweight,0.595780197441442
3f60dec25b566435df7cedec,2019-04-13,1,welterweight,0.41898602964890114
7e8869149838e8184f1e5273,2019-04-13,0,bantamweight,0.37276211012626975
289890fb9419def12213ee83,2019-04-13,1,bantamweight,0.5920540509490436
b784ab0811d40210660ce193,2019-04-13,0,welterweight,0.6173177279849487
4ffab5007df4ff7646771e21,2019-04-13,0,light_heavyweight,0.7437245921496907
33ebcc2e07caca97f069be07,2019-04-13,0,lightweight,0.8666737334132859
a7712c32403c49d7bbe8592a,2019-04-13,1,middleweight,0.6789166858851438
cfbe4a97e3e72c4468debf09,2019-04-13,0,womens_flyweight,0.3940028981048922
3ad810f66b297f4a1e28f412,2019-04-13,0,welterweight,0.3953225381140393
5515c14ec2037b702fc825e9,2019-04-13,0,lightweight,0.902817103686003
e22e3562dae8dfff221df22f,2019-04-13,1,bantamweight,0.748101342972642
86ba5ba8d5b95634ce58b762,2019-04-13,1,light_heavyweight,0.4620682098122579
1c9726808f14ddd59d42d22d,2019-04-13,0,flyweight,0.3299858963317265
8de90dc8a38f56cfd96d944d,2019-04-20,1,lightweight,0.4025081490974426
b9b4e5d3157c57087a7a77b4,2019-04-20,0,heavyweight,0.43573915946843284
a13f15fd4cc899207fc13e71,2019-04-20,0,light_heavyweight,0.25521109370223655
663b41c840a325072588a36b,2019-04-20,1,lightweight,0.7742166841095979
1b6f229338f50db52565e59c,2019-04-20,0,middleweight,0.34767144704735725
815560d234b6ccedda48743e,2019-04-20,0,lightweight,0.5701862758468955
91f5f9dbe58e9a59f5f3a499,2019-04-20,0,heavyweight,0.7811217690848016
f973994e8ab6d25d2f5f2c88,2019-04-20,0,featherweight,0.4759982090321022
af7c348666716dc73218dc9a,2019-04-20,0,womens_flyweight,0.649244724807458
7bb40837872b53468491b077,2019-04-20,1,heavyweight,0.41699831193654197
7b6b18993ce6ee3086c6f10e,2019-04-20,0,welterweight,0.48981178197457986
5f2baffa9f9e18070dd69e1d,2019-04-27,0,welterweight,0.6108038894961921
b031eded632dd94461f4a954,2019-04-27,1,heavyweight,0.7073620965324876
915cc3326771dcb5012f05cb,2019-04-27,1,womens_strawweight,0.5056607809998351
cbe370d6e9437f7454094401,2019-04-27,0,welterweight,0.41132888097855225
a3f24c5dfdbc1c1cb8b01ef2,2019-04-27,0,womens_strawweight,0.2906104440322439
3f0c08354e145c02110fd0a2,2019-04-27,1,welterweight,0.28710520434110964
6f066ff33c959ab559b7a1cb,2019-04-27,1,lightweight,0.6337589117063733
cf0c668767f8f59b49b1d46b,2019-04-27,1,light_heavyweight,0.2832193046363587
d7a529c7a59a0342b202024e,2019-04-27,0,heavyweight,0.21962419214697484
810334f59f27e21035e1f127,2019-04-27,0,middleweight,0.38201727688107445
56ca651437d7cc1d573c3970,2019-04-27,0,lightweight,0.695385210215542
64e530283564ae1339632e0b,2019-04-27,0,bantamweight,0.6287114618367432
734a75344024157915995e4a,2019-04-27,0,lightweight,0.3218791237047845
3a807e46fc597761a9a248a3,2019-05-04,0,bantamweight,0.33454540006778954
4afd8778c789a9d76835ce0a,2019-05-04,1,lightweight,0.22836263273109383
ffc7edb9f4fdd9e856d76689,2019-05-04,1,heavyweight,0.5778415989630935
aa35b011a1662c7027e70524,2019-05-04,1,bantamweight,0.3833926641927158
640f1b8fcbd5c004e9cb36a7,2019-05-04,0,featherweight,0.4989291671947513
3b1a562aa4ebab0784fd7bc0,2019-05-04,0,middleweight,0.5931139156326029
1b63ea904ebd2957ee46991c,2019-05-04,1,featherweight,0.5944977913874563
89394eb01e7784b2c428333d,2019-05-04,1,womens_bantamweight,0.7264806103530832
dbedbc64c66202909e1eec7a,2019-05-04,1,middleweight,0.601230948344196
9e20d5adcc49052c74014626,2019-05-04,1,bantamweight,0.5774775712989644
978214d16c31f8696f47f29f,2019-05-04,1,welterweight,0.677823585913641
e124311e45865d724207e325,2019-05-04,1,heavyweight,0.3797186502350137
e7073ba5faca0ccac9ce2fcd,2019-05-11,0,lightweight,0.4542692193036173
69669b5e3b46042a05eb0823,2019-05-11,1,womens_bantamweight,0.6550404328029371
91bd5d42cc6416e430dd43ed,2019-05-11,1,middleweight,0.5029753072705556
4afd58b0d8a55895c868a02e,2019-05-11,1,featherweight,0.6099806143328362
81a04e8caf79fb727607d237,2019-05-11,1,womens_flyweight,0.6062007305324346
10d59155db6aa78a1427c454,2019-05-11,0,bantamweight,0.4191298195803189
9249808c94f3d6dfdf9af36b,2019-05-11,0,light_heavyweight,0.18194321474970532
6c73f1b4fdd41c4e4e6654da,2019-05-11,1,womens_strawweight,0.3646902495364107
d89982d834ee44a1b667b66f,2019-05-11,0,womens_bantamweight,0.5124505937043903
8296e0d578cb9314c68eee1d,2019-05-11,0,welterweight,0.2155891218815917
365fefe34135160ec5455d1f,2019-05-11,1,lightweight,0.6710415196074639
6cec7d8a2c1e3df9f294b43a,2019-05-11,0,welterweight,0.5040168099112557
363d78001101e6229c0a2b0a,2019-05-18,1,middleweight,0.35189970728652653
3f0251bc27145aab23db9546,2019-05-18,0,womens_bantamweight,0.4742014348527682
50d9e85f3686903269809172,2019-05-18,0,lightweight,0.263586819143922
7d905c953ba73d1a68ead277,2019-05-18,0,welterweight,0.5954300503809685
6bc2a392929414c465042a48,2019-05-18,0,lightweight,0.2727797048174038
0f6484b736a7f3cc7aba63cc,2019-05-18,0,lightweight,0.2799987653335635
db76119921bdd0ed497b32f1,2019-05-18,1,featherweight,0.6771400154023341
33c355ad10b62e7d1de78d9c,2019-05-18,1,womens_featherweight,0.33118686260237706
bc3a021cd3cf61e555021000,2019-05-18,1,featherweight,0.25000394507287954
3c180878faf99b21bf865fd0,2019-05-18,1,light_heavyweight,0.5407175290796572
ca96343028b62aeda9c60fe9,2019-05-18,1,welterweight,0.2419922887750717
2a18e106ad1da3effa28ec4b,2019-05-18,1,welterweight,0.8567094561711991
05e89105390245833a6794d2,2019-05-18,0,middleweight,0.6274344634663371
e79d9d724c1b4f49a9c151d5,2019-06-01,0,light_heavyweight,0.47859312776263835
51130eaae559739d2277bccb,2019-06-01,1,womens_bantamweight,0.4653339231531058
376fca1b2417ed080dc55d71,2019-06-01,0,lightweight,0.5204329105146085
6c857bc2b1611cd86b8a59d5,2019-06-01,1,featherweight,0.5240170356251431
b2a972b374869a366d3b02ae,2019-06-01,1,light_heavyweight,0.5031848097289648
9a09782a2c405f04f7df2ff8,2019-06-01,1,light_heavyweight,0.8386814016573733
44f4f36c18cd30f4a78e8d2d,2019-06-01,1,lightweight,0.6855790068485047
c4311f2a96b7cc37340ba09a,2019-06-01,0,featherweight,0.4045878215587184
2fcd04431581330b8a2d18a7,2019-06-01,0,lightweight,0.37913643926265955
0f14442a17f1f00f94f2d4c5,2019-06-01,0,welterweight,0.48205746757190177
7f95ca9ac1c70cd00b0cce57,2019-06-01,0,lightweight,0.6435000627960201
42e3da20fad88525160d375a,2019-06-01,1,womens_bantamweight,0.41660179535342384
bd6e6031555f600f46ab4f03,2019-06-08,1,bantamweight,0.7020530239871394
95939d218a1d60a883da95bc,2019-06-08,1,middleweight,0.3214369256390445
266ee3a1c82efd700b8f5aa3,2019-06-08,1,bantamweight,0.6877130512749002
f07b57e2716471ad3302c0ee,2019-06-08,0,bantamweight,0.3003322208490553
5ef23b9557a9feefb97696b1,2019-06-08,0,bantamweight,0.2815869339533614
3f6311a5a0724f605b206cd2,2019-06-08,1,womens_strawweight,0.5489678000432427
d207301a7745b122f84fef97,2019-06-08,1,womens_flyweight,0.46859839383982904
1e7a85d2f5574c5627c3eea1,2019-06-08,0,featherweight,0.495460023683214
911a1fa0c445df7f0dd12d7b,2019-06-08,0,heavyweight,0.6417703563732553
3c6aa7bfcdac2bb433f30323,2019-06-08,1,womens_strawweight,0.6234451604877862
4e48afdd0e292d5f0e86fabf,2019-06-08,1,lightweight,0.7016199501394917
47652b43ae72f5590c7a1882,2019-06-08,0,womens_flyweight,0.14250318800013778
269fbddfdcbebe8e4bdb4b8c,2019-06-08,0,womens_strawweight,0.26700948006658604
ce49a5280ca93930a0ebe85b,2019-06-22,0,heavyweight,0.4603425343570075
41f5e50f9ae0bfaed31ee510,2019-06-22,0,bantamweight,0.5478394771121075
f692e76cf277eacf2a442090,2019-06-22,0,womens_flyweight,0.5929493206616442
72cedfae58fa44321b69b949,2019-06-22,0,womens_flyweight,0.29146656561307016
32ff903f72c4276ea24d999b,2019-06-22,1,womens_strawweight,0.4370979103956308
00c99648f208e0a417e279c9,2019-06-22,0,welterweight,0.5274692812289533
eee1e31c188a74656a5149fd,2019-06-22,1,featherweight,0.4884016173226415
c46941c902fed7bb4392162c,2019-06-22,0,middleweight,0.6188261456866153
b84127a3bd76a5e3ac7aea6d,2019-06-22,1,middleweight,0.751721544874906
706b7d016d03a32401ae801c,2019-06-22,1,lightweight,0.8597216775568278
739e8e2602d787738477d46a,2019-06-22,1,featherweight,0.3107124143419999
f27c0e087e9ebd1684ff09fd,2019-06-29,1,light_heavyweight,0.6076018772522878
50585a029a9751dccfd39bd2,2019-06-29,0,light_heavyweight,0.5145335654184067
dae0a129ff92f092524a386b,2019-06-29,1,welterweight,0.19970418928749453
377c80dc3b6e45e576ef2577,2019-06-29,1,lightweight,0.7275399299745032
59455ad55e5ef93414e5aad0,2019-06-29,1,womens_strawweight,0.4806843992349434
a56c32c93524d245d82d6908,2019-06-29,0,light_heavyweight,0.15122018234475784
8f285887c02290c07814a22b,2019-06-29,1,heavyweight,0.7054888580796116
d2a1e845ca36ee5b8600ef32,2019-06-29,0,lightweight,0.25264170727352886
cbcb6ed7e3c7e95a085b7341,2019-06-29,0,flyweight,0.5024753938924537
f34cc5843d81a39bf53d263e,2019-06-29,0,heavyweight,0.47853037671218457
f79e641c1d4367a70c107e82,2019-06-29,0,bantamweight,0.21101311348824625
53e67f863836aff47b826da4,2019-06-29,1,lightweight,0.2339227341422663
20a121ded841e9e12c1c757e,2019-07-06,1,bantamweight,0.6780254441278651
d2d8539dfdfeaf041ce5823f,2019-07-06,1,womens_bantamweight,0.859885582759109
3849e7ad93590c82be6460fc,2019-07-06,0,womens_strawweight,0.3415213604134225
396c48ca67f51480545db649,2019-07-06,0,welterweight,0.22208210514157
6c8c735afb0fb578f594ca2c,2019-07-06,0,middleweight,0.30712726092530107
d3c4e9545585b46a1e37a85b,2019-07-06,0,featherweight,0.12088686043524906
fad6e667536db7ad4137ba53,2019-07-06,0,welterweight,0.7497998932364364
13fece4ed75664de71f4c8a0,2019-07-06,0,light_heavyweight,0.7842250490115804
d0f0ebb34a909f7c5faf6a88,2019-07-06,0,light_heavyweight,0.12488093751261062
5de1539a147642bac02b122a,2019-07-06,0,welterweight,0.2093746571270489
82a761b4999bf1e4b0ed7ae3,2019-07-06,1,womens_bantamweight,0.4199538284240343
c2f52b8c99f2b37b25e37032,2019-07-06,0,bantamweight,0.30112884589942873
0def7c9da3d4db6e32d57362,2019-07-13,0,featherweight,0.3075166108893548
f5fb1ec8c7952cc1c512ffa7,2019-07-13,1,bantamweight,0.30492986179080117
26dc516d4800e957e79c8b4f,2019-07-13,0,featherweight,0.26736361617780613
ac96fd559635b4c7fc75a95f,2019-07-13,1,womens_bantamweight,0.4854885251900204
05ef9aeb915febb76910a720,2019-07-13,0,featherweight,0.6174940741383199
ae0ff18a3c5eee3bc503d001,2019-07-13,1,womens_bantamweight,0.541738457775931
70ae5877cea9f6b0ba4cccb6,2019-07-13,0,middleweight,0.263350836498167
588a2bb6b75711c8e2d3461e,2019-07-13,1,womens_strawweight,0.3320381153625633
0570cae799dc63830a762f58,2019-07-13,0,middleweight,0.4378950880446925
945e0d3a9e212876ede075da,2019-07-13,1,bantamweight,0.46182493331443447
1914dbfdf41512962586abae,2019-07-13,0,bantamweight,0.8066258826446242
4c546f42a090e35397ce363f,2019-07-20,0,heavyweight,0.5393099631313163
63961ea6efd64b1b65d34c39,2019-07-20,1,featherweight,0.4919903261205727
477aadc01e427b1389921cdb,2019-07-20,1,lightweight,0.751437096649707
7af42900e3f80f8ca159c103,2019-07-20,1,heavyweight,0.3251579976786785
bb5283ee8ccec9441f73135f,2019-07-20,0,bantamweight,0.34280537059217636
03e22b6afc8fc3827a3323ba,2019-07-20,0,heavyweight,0.5648397361408632
c39309c4e67ff537333ba9da,2019-07-20,1,lightweight,0.6111065656693797
180e942322ce1a8941b2e39c,2019-07-20,0,bantamweight,0.4475276755151762
af5eec7e9c1abcec258ac49b,2019-07-20,0,welterweight,0.4803934039386293
270ce34d482903a677fa17bf,2019-07-20,1,womens_bantamweight,0.5574276346875003
9bb0db9278511eb73cc534e1,2019-07-20,1,bantamweight,0.7075079456781573
58e855604932a7f6ee3f5606,2019-07-20,1,womens_flyweight,0.40171581115380595
6270c7e6a13d39f8b0f428ab,2019-07-20,0,light_heavyweight,0.6502610921036829
12ec13ec46af056c14efd03e,2019-07-27,1,flyweight,0.4406442491727311
1c6e856edd4101a3e500ec8f,2019-07-27,0,womens_flyweight,0.23793411882122167
51addb9d2b6072ced811c9b9,2019-07-27,1,womens_featherweight,0.5681468697487587
73b3d43d2c49d35aeaea8904,2019-07-27,0,welterweight,0.28521333782840885
05ed2239b2ea0fb046bfd3fb,2019-07-27,1,featherweight,0.2766985861583234
1295b55d2553494251bde142,2019-07-27,0,welterweight,0.4127525523054576
1880f52d5d8d4a70093be8c6,2019-07-27,0,womens_flyweight,0.3897638017983568
b233c1151e28ec04b24cad4a,2019-07-27,0,featherweight,0.37481496958717125
5f837399e34674ec11a971cd,2019-07-27,0,middleweight,0.4184857391085939
415e552f04f46d6a0dfa2bc5,2019-07-27,1,featherweight,0.8288675694064764
53c5de1fcd5d8fef19be7573,2019-07-27,0,lightweight,0.349633332937642
6eeac113de6d8be6c115f368,2019-08-03,0,womens_flyweight,0.47778099239283595
37963509a7ad6fe9091a4260,2019-08-03,0,welterweight,0.3653041651827316
3c047e2900cccc1e8b515fa4,2019-08-03,0,welterweight,0.1486875477634144
e1fbac640d40549a81a34408,2019-08-03,1,light_heavyweight,0.535280361663106
545e968860424db391f622ba,2019-08-03,0,lightweight,0.6397551868763294
7201d2665fc7c40e5001a557,2019-08-03,0,lightweight,0.28217572114376427
f1af8880bfb7c5ee39f0e313,2019-08-03,0,flyweight,0.5871964377225486
08c664eb57a74c77d855ffcc,2019-08-03,0,womens_flyweight,0.6583369595166605
3ca76db0b4b30f6617f3dae8,2019-08-03,0,welterweight,0.5591233388720256
d80baaecca990243dba2c73b,2019-08-03,1,womens_flyweight,0.5599075308866845
5a97ee77f95700513db584fb,2019-08-03,1,lightweight,0.6000372854768735
60aaa0218cf8078fe44e068a,2019-08-03,1,middleweight,0.35778592273572263
9bda4cca4c1560bdb475fa12,2019-08-10,0,heavyweight,0.4418860633741629
310b054339a286bb1219720d,2019-08-10,1,featherweight,0.6781689500218481
95f9071548c71c8a429b387f,2019-08-10,1,featherweight,0.5592530919597327
bb1f9e584eebc4445533e087,2019-08-10,0,bantamweight,0.6264920996275305
3cfa69ae9469d3e98e6e8c9d,2019-08-10,1,welterweight,0.5518366253155046
eb94bf7c64b05cef83a337de,2019-08-10,1,lightweight,0.7167221474821512
421e881d17b627912cc053c2,2019-08-10,0,middleweight,0.5645596218124979
40ad55cf214d324d07ce2773,2019-08-10,1,flyweight,0.3292895034361234
6cad3824255a247586943eda,2019-08-10,1,womens_strawweight,0.16735580798699642
366b24077b4b12afdda7f906,2019-08-10,0,womens_flyweight,0.20781002606970425
82a161559110934b283287e8,2019-08-10,0,womens_flyweight,0.41233099153037267
cafcc1a7d6eeee7dcac87f0c,2019-08-10,0,welterweight,0.4174639024913797
6bb4c1091c82f4a64ed209d1,2019-08-10,1,light_heavyweight,0.6655879562978007
952d0f85baf48e580adfcbf9,2019-08-17,0,welterweight,0.475398212544981
763b7021eda95cec160668cd,2019-08-17,0,lightweight,0.4757189661453389
632ab47f31caa99776bafd3a,2019-08-17,1,heavyweight,0.46126437792252484
b14af30ec1b703032b1c7ff8,2019-08-17,0,middleweight,0.47410870102795494
2bfe269c743b9b99bdcb7bec,2019-08-17,1,lightweight,0.14822775600988672
fb841bfbd302bdfd92f09af9,2019-08-17,0,featherweight,0.3465385370061051
5d4a75be3c772b6777d6965e,2019-08-17,0,womens_strawweight,0.3880196377803347
8b43d370f9a95a04823b6e21,2019-08-17,1,bantamweight,0.37687126656579134
2f96645259048f7ffc5e87f2,2019-08-17,1,catch_weight,0.48643254506583394
a412d12faf803a97f8b5fa87,2019-08-17,0,bantamweight,0.23405821608738164
f17d329e8a8236283607fb66,2019-08-17,0,womens_flyweight,0.3411556704103297
dc588caaf4e23b17b9b88f93,2019-08-17,0,middleweight,0.6359592444180842
1f035f3330e22fa82d2a3650,2019-08-31,0,bantamweight,0.47264613099743696
42555d1e8ce3c6e9f80f494b,2019-08-31,1,light_heavyweight,0.4621012216007556
1cd17e7a1ac6a13856b412fd,2019-08-31,1,lightweight,0.5790868775593372
4b6daf2f0a633140483ed5fc,2019-08-31,1,womens_strawweight,0.30875274215613796
dac218cda6b12fbf0566e953,2019-08-31,0,middleweight,0.4314028128063164
974033b9c21272ecc210e47a,2019-08-31,0,flyweight,0.497304526398029
d656d282c41d79f44960517d,2019-08-31,1,womens_bantamweight,0.47628279863328304
b4c018c81b8c2840fc1bf217,2019-08-31,1,welterweight,0.32580464922384367
691194a03c43b9ec74c25c51,2019-08-31,1,welterweight,0.49098577192621623
5ef647d5242d0fc21e037ca7,2019-08-31,1,bantamweight,0.5181530238523735
3438a2f8e2061a5b3df0345f,2019-08-31,0,womens_flyweight,0.5887090244965189
5fd241c02070d9383973e1ad,2019-09-07,1,welterweight,0.7625690610823794
dfa8aa41ae70e1bc02b18c64,2019-09-07,0,heavyweight,0.12229719733838172
d18690fc6b502d5e9828c33d,2019-09-07,1,lightweight,0.42603801126943946
5c4bf8f13e687607837641d0,2019-09-07,1,lightweight,0.4965480681218372
a12f553a4bb3b6a0bc62f10c,2019-09-07,0,lightweight,0.4774372781154562
a6bde13c4fa732a086109c6f,2019-09-07,1,womens_flyweight,0.3386881756184772
8809a86b0765331ee3046ba8,2019-09-07,0,lightweight,0.3144281251065121
218ed25044345f0da0f1ab68,2019-09-07,1,womens_bantamweight,0.4593928282830369
4b5abc9b471d257e26814621,2019-09-07,0,lightweight,0.5756934027047834
88104c3216b870a94d094b52,2019-09-07,1,welterweight,0.33810951443190834
81f7b94567c3becf57b7c480,2019-09-07,0,middleweight,0.5717442774008925
4fa13ee966e6f925309146f9,2019-09-07,1,lightweight,0.630381179019162
a24c84449925d91244224459,2019-09-14,0,bantamweight,0.6646546652745603
76b09b1ae45fb9768ca9f02d,2019-09-14,1,featherweight,0.4215780153290335
d52f32b4c96395db88e3df3c,2019-09-14,1,bantamweight,0.3849006662527485
cdebef1ad84897fe6e52dab4,2019-09-14,1,lightweight,0.6853119866768685
99a1382d0f54f8b36ae0f1a1,2019-09-14,1,light_heavyweight,0.17534662129459208
4657001db77127f01637d1aa,2019-09-14,1,lightweight,0.5259452531552841
cf978a340d3698c46fd69095,2019-09-14,1,bantamweight,0.6784652600515745
1a3fd89ca750799e7e003f98,2019-09-14,1,heavyweight,0.39498757070104584
43c10df3159c502c6de89daa,2019-09-14,1,welterweight,0.3307462161875662
7090bee0551cc8931473357e,2019-09-14,0,light_heavyweight,0.4933715828697414
3bda414f1341d69b2f6bec1e,2019-09-14,0,middleweight,0.696674286100228
e675a50c92e763e9dbfe4d39,2019-09-21,0,womens_strawweight,0.5067873982667888
63e3f55fc8b51d57700eef35,2019-09-21,1,womens_strawweight,0.48879185650058393
307855e3460d7f7876deadf3,2019-09-21,1,lightweight,0.7718200585540828
a02b51f27087befa1a1128b4,2019-09-21,0,womens_bantamweight,0.3885509954471736
6c639d934a292ba8bc90c07c,2019-09-21,0,bantamweight,0.41755633018210647
aac3548e1e8a354304ee6db9,2019-09-21,0,featherweight,0.4815953043875715
87ed37dfa7f497b5f77d6e30,2019-09-21,1,featherweight,0.49711472727648637
3cc89087f0c0ce6f6e5675ad,2019-09-21,1,flyweight,0.9118330985669978
1ba523d6ccedc31871693413,2019-09-21,0,womens_bantamweight,0.713751070177222
47758d29bd662b3fd1939d7f,2019-09-21,0,light_heavyweight,0.3463221996854099
4c5ca474ab0b5ce8ca07a033,2019-09-28,0,middleweight,0.6237897300432774
2ef6cc622d891b2f47cc02a3,2019-09-28,0,middleweight,0.5924510601537761
c24762d1540afc7892a6a11f,2019-09-28,0,featherweight,0.7571665847040614
a74f028feadcc12f9e059d34,2019-09-28,1,welterweight,0.5744989082946341
58043915ba1655663c54db19,2019-09-28,1,light_heavyweight,0.5399542203344935
24165e221c133e0f8521184c,2019-09-28,1,middleweight,0.328388939211692
db9cb586eea9be24aa022a81,2019-09-28,1,bantamweight,0.43306391033792807
c563a8cbab69fdedc2ca6293,2019-09-28,0,womens_bantamweight,0.8325353602696361
2e2ac3805ce6106ac7b08c39,2019-09-28,1,lightweight,0.5338227127700435
1badb9e1370a7f530b41dad9,2019-09-28,1,lightweight,0.20873345383516262
2667de7839876ddd18c5922f,2019-09-28,0,light_heavyweight,0.5316763878117117
838f2253c05f15ea4d21c1bb,2019-09-28,1,welterweight,0.16981876910553625
fceb01a3e6afb83d628ca021,2019-09-28,0,welterweight,0.3612304786171534
300838f93508ed30e50c5104,2019-10-05,1,lightweight,0.47659371325370276
0cb55ec63b83f5626f97c769,2019-10-05,1,lightweight,0.44467794142011374
c9b3790271aba99a0f5d563f,2019-10-05,1,welterweight,0.2024884754072054
59503950de9880dde6cfbd9a,2019-10-05,0,welterweight,0.3352779795924636
2efe952bc9906d2d8ee63d99,2019-10-05,0,heavyweight,0.5743699449911093
03bdb3f550d8728b99736cb5,2019-10-05,0,welterweight,0.46248936203786567
60a4cca6160e77a434c836eb,2019-10-05,1,womens_featherweight,0.5071801652595651
7a45e3425d11cee03efad9d2,2019-10-05,1,womens_flyweight,0.5416421066452158
b31117cda02191539a7b1042,2019-10-05,1,middleweight,0.594129030685521
1541bbe0810786a062a2ed75,2019-10-05,0,heavyweight,0.9347112332983252
47228cf03cd4105dd977ba6d,2019-10-12,1,featherweight,0.5409372874604943
65e84e21f699586e3aefedd3,2019-10-12,1,flyweight,0.6153999284672476
3d03b631b4587e1ba05b7567,2019-10-12,1,middleweight,0.5124773787761348
c1e628e157c0b3b603970990,2019-10-12,0,womens_flyweight,0.3694957006113731
b8d46870926615857be3f630,2019-10-12,0,womens_strawweight,0.1891683735317697
eb864e622ea92270ecef192f,2019-10-12,0,womens_strawweight,0.22659189846173036
85c6d7ac2b40e91bd0e22ab6,2019-10-12,0,bantamweight,0.3240171560707704
5f52782a6aa56ba0f3a97b9b,2019-10-12,1,middleweight,0.6447551400797892
c1512c7e186a2ad2d9405660,2019-10-12,0,lightweight,0.8752978790800741
277f3f3cb03bddbb79f8c1b5,2019-10-12,0,welterweight,0.5056354585678782
845f9a197d8e4dbaeffe8afc,2019-10-12,0,welterweight,0.22619666892299356
9c76094ff9dad4b08a83fa97,2019-10-12,1,lightweight,0.411090691464379
a22737adaea8f3c24329fca1,2019-10-12,1,welterweight,0.28116955610855127
27e1fa1e0f0a4ed7fd4da048,2019-10-12,0,light_heavyweight,0.438329662206828
ca0cd07f144ce35471f77fe5,2019-10-18,1,middleweight,0.22783171187623918
43a68b57b8ea07e036eda841,2019-10-18,1,featherweight,0.3558915020480001
e0354f103924591f691cb6e6,2019-10-18,1,welterweight,0.40272887891557774
23340c1c1beee7c9694fde06,2019-10-18,1,heavyweight,0.48975602384985356
855a0f86334b84d5802b5b3c,2019-10-18,1,middleweight,0.6125085627564801
4535cc5c754f6cfab853349d,2019-10-18,1,light_heavyweight,0.3270688701382389
312e5a705d9ea69f9304369e,2019-10-18,0,lightweight,0.8032333607209219
dd1a5c0133b77b445e4da39d,2019-10-18,0,featherweight,0.43698537043121577
924db0cc13ef377747acd751,2019-10-18,1,womens_flyweight,0.5079307024223848
1cbc40e89a4a3808ac58a6b2,2019-10-18,0,womens_flyweight,0.36275532457003523
8017582ad0a64b3df2a1b1f1,2019-10-18,1,bantamweight,0.9068519069985522
0b8035462f110001d74cfccc,2019-10-18,0,featherweight,0.18310879368815888
e547a10b6f576ac5ce766f3b,2019-10-26,0,lightweight,0.474487095302094
e3e811b0d565e05ccc653f76,2019-10-26,0,heavyweight,0.28596068424859283
068191c5ec0442a5f327a13f,2019-10-26,1,welterweight,0.8541336295399838
a36870d79a38bac025ca994f,2019-10-26,0,featherweight,0.5346103836784317
f0d2710e45778380c740e9a9,2019-10-26,0,lightweight,0.36266287603376635
0d3c456a7272d86e8ebbb604,2019-10-26,0,womens_strawweight,0.42204218738997384
ec961ddbd1b2a583933bf1c7,2019-10-26,0,heavyweight,0.5254827792749144
747dd08852da9f2fea81933a,2019-10-26,1,lightweight,0.6598318054807618
54365bc0fbf2054909ffb52a,2019-10-26,0,welterweight,0.4884890394908629
3d08ad4aa2e7c798a261b317,2019-10-26,1,womens_strawweight,0.5149848008612946
3c0c040f3ab9eee3625380a9,2019-10-26,1,heavyweight,0.28941234328886795
e493a0b30451a3c7301cdb30,2019-11-02,1,heavyweight,0.7340906208369816
b6ed2b7f241d89a1c2e5768c,2019-11-02,1,middleweight,0.7756019819482298
1179f435dc339904ffba59f4,2019-11-02,0,light_heavyweight,0.5225488638824444
fcd1f11d558f57139634bfd4,2019-11-02,0,heavyweight,0.3879402672269302
b40746bfe9247aa2ab1cf62a,2019-11-02,0,welterweight,0.5195457903614075
9be0b4ced3f43e9b5e0307d3,2019-11-02,0,featherweight,0.45551698867715795
3ef97578ff086342ac3316dc,2019-11-02,0,womens_flyweight,0.45363911811316066
6aac3558b27bea053402a041,2019-11-02,0,middleweight,0.4960998591457953
6bd651e672f1383eaaa3488e,2019-11-02,0,lightweight,0.3381409881250231
bdd7d638521a5220ece47138,2019-11-02,0,welterweight,0.47818733747570796
77040a488134a21632e5e1c1,2019-11-02,1,featherweight,0.5334153550992249
16af1afe443d2d04a0b3004e,2019-11-02,0,welterweight,0.5545314665480742
f936a2e7fe354fd8511c7843,2019-11-09,0,welterweight,0.3635131137529845
1e2f3752f6c52b1f4a02d6b7,2019-11-09,1,heavyweight,0.6253394658314181
1a1c5e4865c1d0486f79c7bd,2019-11-09,0,lightweight,0.3210006313505357
640793902348858ab72aa43f,2019-11-09,0,bantamweight,0.5057724665758409
4b1a6b415dfe50f3c9f1dbb5,2019-11-09,0,womens_bantamweight,0.37200242515950316
f0ffe0e3b264df9b5db97006,2019-11-09,1,light_heavyweight,0.19344489951738833
f1793f6ef34da4257673c238,2019-11-09,0,light_heavyweight,0.5418079382414147
31bcc23345e28ba3b19c96e4,2019-11-09,1,welterweight,0.6537102016011413
b9697c6e95b6549c714acf96,2019-11-09,1,middleweight,0.6763710828559594
e106bc203bf221eab415c9d6,2019-11-09,0,welterweight,0.2893373109584682
43e49e7eac931187640250f8,2019-11-09,0,light_heavyweight,0.6261240745769355
1f6dc7a779838723b04fdcd9,2019-11-09,1,featherweight,0.6961381645256713
35a1c6a2fd428e45b7ba56ae,2019-11-09,1,welterweight,0.5068167686034842
9c39de42c4252efea5a6c7a4,2019-11-16,1,middleweight,0.5672256656423472
76080b6d4a1730806ca74745,2019-11-16,1,womens_flyweight,0.34644147629800714
ca0ede83403f2550325f5cf2,2019-11-16,0,lightweight,0.23706041734252667
895cdfc1522a784865e69ac8,2019-11-16,0,featherweight,0.6685137070401637
14217beddf84c2e52c742fae,2019-11-16,0,lightweight,0.685181732329809
353fdcce1036b674908aaa84,2019-11-16,0,light_heavyweight,0.522947013549815
9da66ec4bb7eb06c55458f10,2019-11-16,1,middleweight,0.6201832488609107
fab55b1d74b0c72834f8c73e,2019-11-16,0,featherweight,0.13541641218906045
0cd8da7c25c1fda31ca49a51,2019-11-16,0,welterweight,0.47414631195386225
3343bf88c488f245111644cf,2019-11-16,0,womens_bantamweight,0.3657307020229539
ebb3391b28a1a863bca84b60,2019-11-16,1,welterweight,0.5139194973610398
9dcdaba00e3d7661c2c20a0f,2019-12-07,0,heavyweight,0.3277011960622105
3f0d6005bcf5d8d74d490e25,2019-12-07,1,womens_bantamweight,0.4070752546846716
af619e0f50e39d9a3c707cbf,2019-12-07,1,featherweight,0.37759226003611673
70a295b55866179ccd1d2ba9,2019-12-07,1,featherweight,0.5210203374496665
9f1bc6cac3951396363e743b,2019-12-07,1,lightweight,0.7769777438919312
ae915d199d0a3212d88d4bff,2019-12-07,1,middleweight,0.6733636542495474
b807573eed5a4156c41f13d0,2019-12-07,0,bantamweight,0.5665775911209591
c9a6fbe648a7cc56f81d7315,2019-12-07,0,heavyweight,0.45404985309069196
831cacee5fffa61376db4fc9,2019-12-07,0,welterweight,0.2476292675938652
2138569b556c4d614e8bb628,2019-12-07,0,womens_strawweight,0.37590220990114265
029906e95258805fd3ef5825,2019-12-14,1,womens_bantamweight,0.6761720776757796
d5b4dfb3ff65f3dbb6fca19c,2019-12-14,0,flyweight,0.5047652531114923
ce5217459171cc8b3b06b8a1,2019-12-14,1,featherweight,0.6678793591884123
33e7da705762dd431b060f57,2019-12-14,1,welterweight,0.4662746596789815
f66a474497dbfe8160053545,2019-12-14,0,middleweight,0.4802788419319371
e78313114f040c2eb306caca,2019-12-14,0,womens_flyweight,0.5765542907499683
c278d51e7be09fbca132ce23,2019-12-14,1,welterweight,0.5104785048278007
08209dc137ca29ba95d0b9a9,2019-12-14,0,womens_bantamweight,0.45822549049019046
c1ada04837f4f0ae52b28b1c,2019-12-14,0,bantamweight,0.4279310904961454
effa322cf0f61bf8fab0059d,2019-12-14,1,welterweight,0.6077697395983424
f1218bf5097065169418303d,2019-12-14,0,featherweight,0.5469911526169196
aa231dbbda45b913e6c739e4,2019-12-14,0,bantamweight,0.1377304106441376
75abd93d36786b68de733b5a,2019-12-14,0,middleweight,0.5698211794480705
ceb9eb09b6543ade92a2fc57,2019-12-21,1,bantamweight,0.3859083232883178
bc5dec6484ff60b254a2bf9e,2019-12-21,0,flyweight,0.46771553481031164
5e29733544b68ed9577a8341,2019-12-21,1,heavyweight,0.5920469646077182
7d8361c453bd229c2f8ab6af,2019-12-21,1,light_heavyweight,0.4266003734921913
fdfacd8404d0eb95adcee649,2019-12-21,0,lightweight,0.6160674945327594
f9e7b8638de2149e61e51154,2019-12-21,1,featherweight,0.44456141095343155
8a987c4579dbf3e22f1d5ff3,2019-12-21,0,featherweight,0.5567095122814485
b93afc4960a3dbb6e25c0b1b,2019-12-21,1,middleweight,0.24631676656827917
ff575235c773175d33e45307,2019-12-21,1,bantamweight,0.5508983136288297
852967885dda5170546df8c6,2019-12-21,1,womens_strawweight,0.11606261441400287
3443c05c299fb7b8610b44d4,2019-12-21,0,bantamweight,0.6779448469898373
6c4e36c79471be03e79e25b7,2019-12-21,1,featherweight,0.7189009738504089
3b0c3a4939fb8a567ab24b63,2019-12-21,1,light_heavyweight,0.45707872662156235
dbaeff63b18a6d92838f98c2,2020-01-18,0,light_heavyweight,0.4235899226746857
32e3ff4610a5a504ed917afe,2020-01-18,0,heavyweight,0.6137433912627555
1826d3fc74bb2d6ba256950a,2020-01-18,1,featherweight,0.5280923909730104
299419704af40353765232da,2020-01-18,1,lightweight,0.5742786180990405
a1906b428b2b7f692430e2cb,2020-01-18,1,bantamweight,0.5249058886442612
66d951441f61c860a46dd18a,2020-01-18,0,welterweight,0.29436839463611963
049d7f10a2408eaeea36b79b,2020-01-18,1,lightweight,0.30432730868439256
8c49399b3602fc1ea7faab1f,2020-01-18,1,womens_bantamweight,0.4754318744182378
894e5a6b67f8fd390b461dc8,2020-01-18,0,womens_flyweight,0.8070780686463814
31631b1099dedbc551cca061,2020-01-18,1,womens_flyweight,0.43157655454920624
818e4e2f4882a32d5136f9f8,2020-01-18,1,flyweight,0.17087335611953544
535e643e38e6e106255034d3,2020-01-25,1,featherweight,0.7210866892573428
fa88c98e5dae1a9d570d00f3,2020-01-25,1,middleweight,0.6552589104525565
3be9f2fb380b4adfe9142fad,2020-01-25,1,bantamweight,0.6543982172861494
3ceaa0ce879bb7f0a68da029,2020-01-25,1,heavyweight,0.7601309795805784
70b24348fe735b27fba60a92,2020-01-25,1,womens_strawweight,0.5345168902769959
4da0ae30154e9ffeae7d071a,2020-01-25,0,featherweight,0.5097598195761615
2a8739dba9f6bbb8da7160b0,2020-01-25,0,light_heavyweight,0.5689005307506285
f0db58925ab2f01282c6aed8,2020-01-25,1,flyweight,0.6291820800657093
611387fbcb2688d824e09cfa,2020-01-25,0,womens_flyweight,0.5546975315814127
34d2e609fae11eba0361d28c,2020-01-25,0,bantamweight,0.38251802000786556
49c737995706c23811737d45,2020-01-25,0,welterweight,0.5354953791476842
c98a7a3f6e065503e752b443,2020-01-25,1,womens_bantamweight,0.42218259118131324
58f8cedb4f1c4a8acfe97da0,2020-02-08,1,welterweight,0.44108766174363895
f791308687846b968ecb6e0b,2020-02-08,1,bantamweight,0.3725394776145594
45d8c7be4e945420d00361ae,2020-02-08,1,featherweight,0.537085263933087
a3ce1d91d4f5d48cb71fcfe9,2020-02-08,1,heavyweight,0.6929550123835928
ff6a60aa5038e8415ec8939f,2020-02-08,1,light_heavyweight,0.8097459271745545
e68dbb04527c15178f4140e6,2020-02-08,1,heavyweight,0.764236267247628
b2b4d0831802f26e83e6ccc7,2020-02-08,1,womens_flyweight,0.3082982209618689
8d68545109734da047569b52,2020-02-08,1,bantamweight,0.2562020404491591
9849cc2855f955fab6058523,2020-02-08,0,featherweight,0.4295394199498198
d1b4cad82cb530a5cf8cacd1,2020-02-08,1,middleweight,0.35204464673735175
1f5ca783acb07145072da725,2020-02-08,1,womens_flyweight,0.7546805011504348
2085d5052f8ce3f92633bf3f,2020-02-15,1,lightweight,0.5873160528852144
8de48a03581e7b5f3ae2d006,2020-02-15,1,bantamweight,0.48631377827202443
bd22d4e2756e0f228a221025,2020-02-15,0,light_heavyweight,0.4834035226317022
c7f13fe85a89872d7c7fdc4a,2020-02-15,0,light_heavyweight,0.2941092930180522
1ff4a3233a4e3de253086d78,2020-02-15,0,welterweight,0.6990270073337875
f8d3fabff42baf18c7e8c6d5,2020-02-15,0,lightweight,0.2440341875278324
52e04780edda9cf0618b9152,2020-02-15,0,bantamweight,0.7599102109527235
828bae559074c156bab9cdec,2020-02-15,0,lightweight,0.4019330316860391
e2092c0a9fda00799fd85248,2020-02-15,0,womens_bantamweight,0.32749668858534403
344da31964fde9819457c241,2020-02-15,0,flyweight,0.4578113127774537
7a47b5bdbb687c1295999f5e,2020-02-15,0,womens_flyweight,0.45956791785821915
e21273dacc8544d24b825430,2020-02-15,1,flyweight,0.707092146055789
806a30c5a3bc9369c6e1864c,2020-02-15,1,welterweight,0.39195577437935764
3345db9eff688ec37ec0f2f0,2020-02-22,1,heavyweight,0.5635778399653097
405c0a662bf5e5bd6660107f,2020-02-22,1,lightweight,0.6038847144539543
957ee110d743be59ac63bd6c,2020-02-22,1,welterweight,0.8195824101047375
55fc23885a358078ecffc231,2020-02-22,1,welterweight,0.7530143285654224
3d852084c8c58ac9c0c3866d,2020-02-22,1,lightweight,0.4981565255694461
6d9b24acf3b0a085f063254d,2020-02-22,1,light_heavyweight,0.3436919477737018
7ec2485289f1c9b63a5792d6,2020-02-22,0,flyweight,0.2634685791819138
e4febcd3b9270378b88c2c8d,2020-02-22,0,womens_strawweight,0.44481277307543465
06cda90846ecf341619165c4,2020-02-22,1,featherweight,0.547980369234154
c081058b8760ebc49b1844fa,2020-02-22,1,womens_strawweight,0.5449820828355367
0a118b568754c03f74e85a68,2020-02-22,1,lightweight,0.7647323825237052
e8ddc97cca6d0a5d378ee12f,2020-02-22,1,womens_flyweight,0.6860057590197942
bc05c73c776a23522465fbba,2020-02-29,1,featherweight,0.5780284736840835
67c513c4904f8faedf720155,2020-02-29,1,middleweight,0.36250377986573096
225a42fc041d7b46d5bfaca6,2020-02-29,0,womens_featherweight,0.3020160408089597
12c618f5f471aac6cbe2f559,2020-02-29,0,bantamweight,0.6465476588657594
7c35b87c3259435af9f305f0,2020-02-29,0,featherweight,0.18824862669798173
b9199fdaf47f5fe86002cdc7,2020-02-29,0,light_heavyweight,0.5395467360624832
a9d1e14c018c2bd7956f85b7,2020-02-29,1,featherweight,0.648303183499271
959d009361301a02cd28d861,2020-02-29,0,flyweight,0.3789217905158916
c5b2efe1550d9fc74302f4ae,2020-02-29,0,lightweight,0.28933676741844905
af291c699433bd04d136b64e,2020-02-29,0,heavyweight,0.4082018451478536
0192a4baef7d9bbc35d07b36,2020-02-29,0,womens_featherweight,0.3825698299551618
8233a2bcadaa15eb353a00ac,2020-02-29,0,welterweight,0.7280906609465004
ac32a2ac43ae6ff31c4c058a,2020-03-07,0,welterweight,0.3668797233167391
2994a65fc60a7ebda1abdfd4,2020-03-07,0,bantamweight,0.24656179231214664
4dc37410ffdd722c5c13b647,2020-03-07,1,lightweight,0.4919796161390838
bbd0ec55ec6433a7ed39dada,2020-03-07,0,middleweight,0.2815026873944479
29c5a22950b852875c2d2859,2020-03-07,1,featherweight,0.5814231762404334
fd70dfb0a7f2d8d11002f31b,2020-03-07,1,middleweight,0.8186358981527099
0a2d16d65f1e0a9aa0e5ad91,2020-03-07,1,lightweight,0.863543454375814
6d49420f915f8986e125d116,2020-03-07,0,welterweight,0.41472034320055273
b8fe0a7b1ff0416078863f66,2020-03-07,0,middleweight,0.5679568872820695
5f2af6f949d46196346c0969,2020-03-07,1,bantamweight,0.4060464417009047
49093c389ab04a0502e74269,2020-03-07,1,womens_strawweight,0.4008871769220689
dcbc89946cfd3b60dc2896a5,2020-03-14,1,womens_strawweight,0.798587997158234
ab4e9d192e4c6a16d88cfa78,2020-03-14,1,flyweight,0.5612823820448073
0629e69e4cdef6010afb82fe,2020-03-14,1,welterweight,0.810686611073395
12fcb4b15eab88cc21a628ea,2020-03-14,0,welterweight,0.424996065342674
3397e1f912942f4951412964,2020-03-14,0,lightweight,0.6639922075446408
0b804ef15016f4701a6c3b27,2020-03-14,0,light_heavyweight,0.39416829940154924
c060ae13226dc57054e79419,2020-03-14,0,flyweight,0.3571715568026885
1f8448a33794600e3b26b116,2020-03-14,1,lightweight,0.42023351240589246
8f283b50bf60f4ca662fb534,2020-03-14,1,womens_flyweight,0.3569334625822429
7171685f49e42fc47e27c391,2020-03-14,1,lightweight,0.7933793215294335
832f4ad5e6462a116d4f8af9,2020-03-14,0,womens_bantamweight,0.6491741259657399
009aa0b869e610f7e796e750,2020-05-09,0,heavyweight,0.48252096125123217
c103c970f04eb87287a0e4b3,2020-05-09,1,welterweight,0.4557071465852958
cedffd9e5eec6ce82f7c101a,2020-05-09,0,featherweight,0.17162712958894102
a0e32d72c7de88f4800dab59,2020-05-09,1,womens_strawweight,0.6440564605326616
ae7dca63a813f4d6c52b1788,2020-05-09,0,heavyweight,0.43284260896807514
f8880f1d649f46e28a73ca8d,2020-05-09,1,heavyweight,0.7187199380814261
5384d7c94e5a0e0f2f57d0aa,2020-05-09,0,bantamweight,0.387913348527001
b0b04e108bd700e4b9506bb6,2020-05-09,1,featherweight,0.6592530303811004
4e861f89eebf4bd6240193ec,2020-05-09,0,light_heavyweight,0.4113821620899745
da967b755aeebd0969453818,2020-05-09,1,lightweight,0.5394841788287031
5922566ed6339c4bee68789a,2020-05-09,0,welterweight,0.3337892888457604
9327fe46dbb648274dedf148,2020-05-13,1,lightweight,0.4015202272504252
b4e09acb3ef8fb916cd20042,2020-05-13,0,heavyweight,0.5822371027711803
099226a1af8eaad416e33ce9,2020-05-13,0,light_heavyweight,0.8431547972234444
85583e946a1afc739c7971d5,2020-05-13,1,heavyweight,0.29375159975611626
30f7d6f26cdb555e1863bacf,2020-05-13,1,heavyweight,0.5766678222362194
77c3d8ba834acfc857c5d9ad,2020-05-13,0,lightweight,0.5776228832436864
281018bae372254e896f953c,2020-05-13,1,featherweight,0.4807147831391202
11a75f048fd5a8ce402d014c,2020-05-13,1,lightweight,0.7238971245319124
eec530344c8a5b1193095b97,2020-05-13,1,bantamweight,0.24328661582475047
fc27e2a2bb4840d583e6af05,2020-05-13,1,womens_bantamweight,0.5890263792900455
56eb0df2ba5e8806fbb8b6ac,2020-05-16,0,heavyweight,0.44213112537079163
4431b6293af599f45ff88ce1,2020-05-16,0,middleweight,0.34694102335034666
2ab2b9f636e1f691e06be87f,2020-05-16,1,womens_strawweight,0.5798464602292498
2013fc705603e4d2d485f766,2020-05-16,0,womens_flyweight,0.45943967105550554
5002aab7fcb128933ec0f428,2020-05-16,0,featherweight,0.270687500498509
6b06bb42128fb721e64e27d0,2020-05-16,1,featherweight,0.3133380133600878
700c19e5d8072a2eb472243d,2020-05-16,0,middleweight,0.5573846617749679
e484e0ac9450e9273c0358cd,2020-05-16,1,featherweight,0.5959376973886503
ca6e34d9cb638eb1628a7523,2020-05-16,0,welterweight,0.26509779644529385
9a367f827403d6a654fbb184,2020-05-16,0,heavyweight,0.38421966531578
bc93d93ef97ad802b83b9d42,2020-05-16,0,featherweight,0.37243750282409643
ee05f5ee9431052c10688e3a,2020-05-30,0,catch_weight,0.7277151198156809
4666770439ba8c9851230139,2020-05-30,0,heavyweight,0.41077109511211385
30e2e97fde043513c4e768c0,2020-05-30,0,featherweight,0.3586732653662906
4daf886ecde6eaec42a3a025,2020-05-30,1,welterweight,0.5961866389471038
cab113a35cf2265258613c6a,2020-05-30,0,womens_flyweight,0.290418056258475
1ac169b7d2f5b29552a8b0c2,2020-05-30,1,bantamweight,0.5055735034200994
13b094ecc0ecaf09072cf52a,2020-05-30,0,womens_strawweight,0.27072146034806244
c05df91759ec1c10158435b1,2020-05-30,1,lightweight,0.7512295305509649
50b9b416e5e3b3851dac3a6f,2020-05-30,0,flyweight,0.6569426015318373
2d149a8495bc57d125ce4598,2020-05-30,1,welterweight,0.6483781161863825
820e89cff0edf608156421bc,2020-06-06,0,featherweight,0.7614391738062081
97226c5d11d686649ed3e022,2020-06-06,0,bantamweight,0.38296317018587883
24970a4f8d6d139317076c24,2020-06-06,1,light_heavyweight,0.4741233680296266
28044f1dbc515f3c272522a1,2020-06-06,1,womens_featherweight,0.818614146400901
14525c663d20a7a85c31b0dd,2020-06-06,0,middleweight,0.5068505411621419
4858c091f6e5f1675c2a3e4e,2020-06-06,0,featherweight,0.25647497618253157
f5093e48c887c2911361c958,2020-06-06,1,bantamweight,0.7364285754403934
478b9433c1b69ca56c69354f,2020-06-06,0,catch_weight,0.5528459001585703
34cf054f6fef1a96d7b033e6,2020-06-06,0,middleweight,0.4423184218855382
41234e8af82999c05cd8e76b,2020-06-06,0,flyweight,0.38759629815282776
0af06c0ad5c72afe4111ca93,2020-06-06,1,welterweight,0.31766526860027744
e31c4c6b7eef770d9e0c6969,2020-06-06,0,bantamweight,0.1736972473023879
886bbd2f6a3553ba3983567a,2020-06-13,0,featherweight,0.39692045969953554
89e05740fd45ec7c49dee28a,2020-06-13,1,welterweight,0.5035093752116352
0307782c584315ff5b11eb53,2020-06-13,1,lightweight,0.3378383180312318
62e7a1dbde465ca7534617e6,2020-06-13,1,womens_flyweight,0.5249763373496437
8a6e39649a3fec737d38320b,2020-06-13,1,bantamweight,0.4849522906683093
c630e7885cdd36b6b14cca59,2020-06-13,1,womens_bantamweight,0.6480663254598916
3e172364fc518e64ef6c7969,2020-06-13,0,middleweight,0.4331152817547162
2259ec8201adefc465ce8c23,2020-06-13,1,womens_flyweight,0.6037557720193668
923433619c20dd750c2205af,2020-06-13,1,catch_weight,0.7387406441249453
e8151d9214dc667480a5a0cd,2020-06-13,1,bantamweight,0.534357572122369
290d4ab10e5aa919a128037b,2020-06-20,1,lightweight,0.5689788612227146
cbdc4ad6d5473e19d6df57ba,2020-06-20,0,welterweight,0.43475077089232556
35dd379f6c827a39c9ea2a80,2020-06-20,1,lightweight,0.6847392957548438
0ca95193d549deae06a43dfb,2020-06-20,0,womens_flyweight,0.3809619137533692
42a699b0e1e0b47000777a51,2020-06-20,1,heavyweight,0.6789789139308273
11a2b83fafaadd00beca04d6,2020-06-20,1,lightweight,0.34862965031917076
dab5c40932dc5108516b8357,2020-06-20,1,catch_weight,0.10460290931970254
1702be42945c42f331abfb86,2020-06-20,0,featherweight,0.4141350075883924
059fc403c1199ed58dfefd1e,2020-06-20,0,womens_bantamweight,0.18676971604934017
cd96fe8c1990581afcbc65fa,2020-06-20,1,womens_flyweight,0.5212509610533368
af88d28bf7e8107238ee84eb,2020-06-20,1,womens_strawweight,0.5537437759630014
82c23a4256fc112839a21e37,2020-06-27,1,middleweight,0.7281241783884703
de98f026bdf72951202b6d58,2020-06-27,0,lightweight,0.6145738768885703
3f23da8e6c5be0676895513e,2020-06-27,1,heavyweight,0.44315228808861595
b66fca201dea49414ec29f35,2020-06-27,0,featherweight,0.3555467394051211
c4e0a136fe5ffd850886b385,2020-06-27,1,womens_strawweight,0.578307385298665
2fdfc02f2b246b2cd90069a6,2020-06-27,1,lightweight,0.3198739093736681
c13e18c821c98fe6fce0b80e,2020-06-27,0,welterweight,0.3846773769255731
44b541d2c96511df188e7335,2020-06-27,0,heavyweight,0.37866486149614537
c19913fffb602e14f3e2082b,2020-06-27,0,catch_weight,0.8097648120171201
006f504a194d5223fe79b4df,2020-06-27,1,welterweight,0.6124855645067043
be848e2721065a0114893812,2020-07-11,0,featherweight,0.42274028748753134
1f3620c84ae614757d7bfa36,2020-07-11,0,womens_flyweight,0.276158475827927
2aca388948ad79e83a84cf15,2020-07-11,0,welterweight,0.6100550406622258
574672682df84871761a5876,2020-07-11,1,womens_strawweight,0.6533834426945931
83c960d387ea71ac2b87a5ca,2020-07-11,0,welterweight,0.19750386026274325
51718fa99d2beeef65554230,2020-07-11,0,womens_bantamweight,0.42114630636113687
d15cc1d2230aa928274889e4,2020-07-11,0,lightweight,0.42465665341994213
203ac34442d30277d30b534a,2020-07-11,0,featherweight,0.20616303513744427
bbb50c2b6683640361da5f6b,2020-07-11,1,heavyweight,0.7249647706728755
c47da9117ef9cb0c55d90f33,2020-07-11,0,bantamweight,0.6869634174876943
0d11971457c4175b965c7f87,2020-07-11,1,bantamweight,0.7243416059981809
511b42aba92448e1f30bcceb,2020-07-11,1,flyweight,0.7515794699741815
b8cb51bb58d9db4514c8a4cf,2020-07-11,0,light_heavyweight,0.7306562980431435
3cb54ea87dbfd559fefef2b7,2020-07-15,0,welterweight,0.5678022215206181
884115a97758c772c9a1aa6e,2020-07-15,0,featherweight,0.6896803787973894
e030c4b4274431ef2741e6c9,2020-07-15,0,womens_flyweight,0.535408037078218
a8f801019d4eef0e77d9ae1a,2020-07-15,0,bantamweight,0.10686336846961252
b3e069741adc630204893233,2020-07-15,1,featherweight,0.5145986550242786
e15671cec5d44e671c10a445,2020-07-15,1,featherweight,0.338562322175589
8b32ecec48dbcd2195ac45bf,2020-07-15,0,middleweight,0.34603273877278373
07704ef1301d2d6ce8009af5,2020-07-15,1,light_heavyweight,0.5572167425585772
b612d80bd5c03377090d4d3e,2020-07-15,1,womens_flyweight,0.5588927714604007
9f333d28d7717b8654dfa658,2020-07-15,1,featherweight,0.1656555395986157
456ab7958561d909b67e3864,2020-07-15,0,flyweight,0.39481585621832416
8f69fcae4224781b3c9cfa38,2020-07-18,1,flyweight,0.4347821260128614
fa1912c548967b80aa56bf11,2020-07-18,1,womens_flyweight,0.43183527033146657
6919180ec57b7b188061ac38,2020-07-18,0,bantamweight,0.6150071286057884
74993216732e68a332a88a7c,2020-07-18,1,heavyweight,0.5661502950059402
cd37985766a8aa01b735f39b,2020-07-18,0,lightweight,0.41885402570295965
1940aee687891ca4a94afbfd,2020-07-18,1,flyweight,0.6291942191528586
9fafa8c93b811a3746eb31e8,2020-07-18,0,catch_weight,0.19475805485202627
f86ab16d919a25d4da537f58,2020-07-18,0,middleweight,0.4972204108495522
66da3b6f9f4cf7e4157872a1,2020-07-18,0,lightweight,0.3905986365983379
4a09d8daff5488361ff890ac,2020-07-18,1,bantamweight,0.5697309259947217
e038f9564dda467e4997ce35,2020-07-18,0,lightweight,0.6741594445522869
8cd39f466756d30dadd88be2,2020-07-18,0,light_heavyweight,0.7509318852797907
aa414e556f0b92cf8400036c,2020-07-25,0,welterweight,0.29148019230050426
9ecf8c24eea5a923e8f4b148,2020-07-25,1,womens_bantamweight,0.6674874810045118
b345fd117c26ce8ce1ef6e60,2020-07-25,0,womens_strawweight,0.34496856121550407
0c7ab3916d55a17df15a3a83,2020-07-25,1,heavyweight,0.06807056117063481
39cab37f486024ecb9db2635,2020-07-25,1,lightweight,0.5089126661436594
defd84b0599cc0d92b68f3d9,2020-07-25,1,welterweight,0.6840932302697513
463933bcaf017d47e453066f,2020-07-25,1,light_heavyweight,0.7213018433590077
774acac56423a0c607d073ed,2020-07-25,1,featherweight,0.5583655748441161
f8145b4bb7b5e3cb97d4dc9c,2020-07-25,0,bantamweight,0.19596158121659088
6ce73abee15e58ac43b79445,2020-07-25,1,light_heavyweight,0.6281897037631847
85e0c0d613fc2cb13a184545,2020-07-25,1,welterweight,0.701859167137109
d7af924b081837726a8d950e,2020-07-25,0,middleweight,0.4503074973439996
11685689bd05b8ae21ca67b2,2020-07-25,0,heavyweight,0.25640828238151786
376525f5ca63a4c27ff6decb,2020-07-25,1,heavyweight,0.42295792295731777
8332a93dfb22029ffd97dce6,2020-08-01,0,middleweight,0.585780513726822
accaf5efe3560f60755f9237,2020-08-01,0,bantamweight,0.15719143164172272
77f7f2dbc81095fc4709e0cc,2020-08-01,0,featherweight,0.2556073798981571
803e4699563eeaab313ee6f9,2020-08-01,0,womens_flyweight,0.593175269075865
cf1b0a8a8ef42f5355c57ac5,2020-08-01,0,featherweight,0.5334144941590482
74ada4c73df8d55a25668c40,2020-08-01,1,lightweight,0.4262311619457273
11b2bdce33b4daa385378c1a,2020-08-01,0,welterweight,0.48811633973373475
210876a707716aedd484fb62,2020-08-08,0,middleweight,0.589196299932398
55d2db7e55ff9ef810d8a2d6,2020-08-08,0,lightweight,0.48133584210945457
04fb7fae5eccd9bfad3b30f5,2020-08-08,1,heavyweight,0.6826303529899641
9c4d9994434bee6a49132946,2020-08-08,0,featherweight,0.7440154929844056
868200fb7ccb6878e63a9732,2020-08-08,0,bantamweight,0.413607980668186
7ba96474f9f6f546663fb612,2020-08-08,0,middleweight,0.24598790033480894
2d9f61eb854f945a91ce4e6e,2020-08-08,1,middleweight,0.7087389365277084
da0dbbeaf56d1757faf50688,2020-08-08,0,lightweight,0.24986174787446605
7cf5bb7c97d458ef222e05c8,2020-08-08,1,middleweight,0.47519165467060276
298e37ec9666db9f53515a4c,2020-08-08,0,welterweight,0.5505716663684254
245a1aa1d70748ddb77fcd50,2020-08-08,0,womens_bantamweight,0.510358007406572
060c3c0453e2685b88bfc7cd,2020-08-08,1,featherweight,0.8294438838104771
f62f628f4d455c496ac07489,2020-08-15,0,womens_strawweight,0.38751320827429064
a932c2ee19a974d44f417d4b,2020-08-15,1,heavyweight,0.5594320038184769
7a1e753ee1cac071ed552cc0,2020-08-15,1,womens_strawweight,0.644145215837793
c2a30adbd7330740e20862ad,2020-08-15,0,featherweight,0.7753876897151069
14528df9ace6c262ceefb3f7,2020-08-15,0,lightweight,0.31709817590088807
55a99ea2630f084f2ed4d912,2020-08-15,1,bantamweight,0.7737112366044971
5d24c91dd499dbf9f371c204,2020-08-15,1,heavyweight,0.5851643434879031
1b00b8df5d93a51c490a2948,2020-08-15,0,featherweight,0.3520090102839256
ba981dcf4305f29bcaa7900b,2020-08-15,0,bantamweight,0.5358857827523059
27164f9bd07bca68817f3f4e,2020-08-15,0,heavyweight,0.5288669659432977
b5a777423264ab6348bb1c2e,2020-08-15,1,featherweight,0.22460615011730142
acf437c27bb894e5f10b2833,2020-08-22,1,womens_strawweight,0.485921880023387
865bc5e17b412e9d8e74207b,2020-08-22,0,lightweight,0.3684320711481843
56c97a89da7aadd66d047b0a,2020-08-22,1,welterweight,0.5137246359097055
3d301ae7159660205e61e4dc,2020-08-22,0,welterweight,0.43199356102687314
34d337987a36d7908897d305,2020-08-22,0,light_heavyweight,0.17088856901074087
df37437bbab31d315b3583ce,2020-08-22,1,light_heavyweight,0.6020928803573263
35fc4617b59fef082956caf0,2020-08-22,1,womens_flyweight,0.12615298367727262
4c3bf69bcda575328e7dfa8a,2020-08-22,1,bantamweight,0.6748675714000228
9a0f019bcdd546effc2348ee,2020-08-29,1,middleweight,0.5318549631469903
445a76108cb8e63cbb18f23b,2020-08-29,1,featherweight,0.5780281358501422
783496ec89222db55e57a668,2020-08-29,1,light_heavyweight,0.36413323129688646
e386eba5a579cbc9c61d7ea2,2020-08-29,1,womens_flyweight,0.5838523363950036
7e8fcbb84541590cb5ced267,2020-08-29,0,middleweight,0.5303664752230305
4fba53fa922937da97b13a1a,2020-08-29,0,womens_strawweight,0.38260236699183997
9e3309a83263a3eb26e2536b,2020-08-29,1,womens_strawweight,0.6602057706821344
cd63bf60ab82e106e2f0ee15,2020-08-29,1,featherweight,0.5048006243576896
5b102515890b750f61b15ad8,2020-08-29,1,welterweight,0.8440858123489531
df451b71add33401cfbbbdee,2020-08-29,0,welterweight,0.3312918022316131
a8f7e7ce78b35799585b7b3f,2020-09-05,1,heavyweight,0.22989308916312642
4566ad12d4871db68af538da,2020-09-05,0,middleweight,0.5693283252782552
79f56fc5b540a07b75fc2f98,2020-09-05,0,featherweight,0.33447428637453275
b37f7663c4100c0a3a3d864e,2020-09-05,1,bantamweight,0.6809125783229748
db45cb350600a6522a63019e,2020-09-05,0,welterweight,0.4368412570432679
3a47b616824dbc09d6b4f23f,2020-09-05,1,light_heavyweight,0.6014425719905448
cc3301848054cf1d86698beb,2020-09-05,1,womens_flyweight,0.4083769212803373
28d6bbf15b8b8f3eb7f23a3c,2020-09-12,0,heavyweight,0.39686068042150835
f323a1bcddd8b81465fd2d6a,2020-09-12,0,featherweight,0.22215153118206035
7ae74b7892d546b2c6cc4286,2020-09-12,1,catch_weight,0.6009125057334264
b58fb9829ccfd18659c6d7da,2020-09-12,0,welterweight,0.29586196593015635
082eb0ff7fe293a70ba23347,2020-09-12,1,light_heavyweight,0.26868910400352647
93cfcbcd4b75c2b5c8ee2e46,2020-09-12,1,womens_bantamweight,0.6113906708849286
04a643128e2a0077e897530a,2020-09-12,0,lightweight,0.22556846728741306
537ffd56845ed420190fbfdd,2020-09-12,1,womens_strawweight,0.5555268038553481
25de901f6dd7ecb9530b74b0,2020-09-12,0,lightweight,0.603171232767006
28efb17bdca98d4378885a1c,2020-09-12,0,womens_flyweight,0.5412165014855085
9315dd27fd7b658d3ca50207,2020-09-12,1,womens_flyweight,0.6772505347633563
623b46230159a54815f5cb49,2020-09-19,1,bantamweight,0.5598099961010627
fb266d3d4965156fe0812808,2020-09-19,0,welterweight,0.3251944356358373
6c738a0d9b2c763e5023b8b1,2020-09-19,1,featherweight,0.4647679452152873
d817723ba47e641cb45f55df,2020-09-19,1,womens_bantamweight,0.45550884096788485
5b0b10e3a4c96b4a1aaacc21,2020-09-19,1,light_heavyweight,0.5316674789091893
4d15262f09d0438e42a1d716,2020-09-19,1,flyweight,0.23383797728089747
f23ca5817efea8ed67cc6d3e,2020-09-19,1,bantamweight,0.5424887099527123
fb788a19abdf58c4ce9dcfda,2020-09-19,0,middleweight,0.23806732156419055
5c95389aafbb0711c5963558,2020-09-19,0,middleweight,0.25438757775016274
7931d00816825b1bd9e0ecf7,2020-09-19,1,womens_strawweight,0.5903619739773317
126a5071914844441f76aed3,2020-09-19,1,womens_flyweight,0.46214225710642337
ef94f26d1600348c57fa67b0,2020-09-19,1,featherweight,0.36673892602502206
3e510c9608a6583021390665,2020-09-19,1,bantamweight,0.4533311414021294
23a662e45455f29a908aee5f,2020-09-26,1,lightweight,0.5507324750319122
ffe5c9a6e91e0d37d415fdb0,2020-09-26,1,welterweight,0.8687167455294621
9f519c98b04a3b46edae897c,2020-09-26,1,light_heavyweight,0.30850395121251517
80791d311e48d79967e48920,2020-09-26,0,featherweight,0.5413722450879511
4ba5210842a9fdedea37b2dc,2020-09-26,0,middleweight,0.1704112141343021
38d22d042e94d6259e70a045,2020-09-26,1,heavyweight,0.48524346672249985
48f7656e55b8b2313a2a7cd2,2020-09-26,1,flyweight,0.3825736852399605
f4bc73375a257ec73059a857,2020-09-26,1,womens_bantamweight,0.5136411504365715
be57e08456210445617a2cfe,2020-09-26,1,light_heavyweight,0.23492228304601967
39410ea34d5a7709c2e4070b,2020-09-26,0,featherweight,0.6416885978869229
f593b1fad2405f4eea183994,2020-09-26,0,light_heavyweight,0.6757820945366184
b04169fb651ff838bcc04a28,2020-10-03,0,welterweight,0.46473840751333806
0c6b8632abdb2d92929613c4,2020-10-03,0,bantamweight,0.4500004813843087
d1559e32012f7277afb65dff,2020-10-03,0,middleweight,0.5046233025098362
f3ee0876b7b239e4c9c141a5,2020-10-03,1,womens_bantamweight,0.6419854011124245
1ed625d2bce4a080ff7aa7ec,2020-10-03,0,womens_bantamweight,0.5805279772345521
c6a82c44dd90c79be12b6827,2020-10-03,0,middleweight,0.4809119633270422
e027916440b1d9b89633d333,2020-10-03,1,bantamweight,0.7974463623546955
e78a454a7ba56158106a70bb,2020-10-03,1,womens_strawweight,0.5263993968110653
9038dd92cf6a9dba569b6e41,2020-10-03,1,lightweight,0.6878437079077051
5e403d21b6f537ca07e981a8,2020-10-03,1,heavyweight,0.4926317086253658
80048b12f4e27d448e681393,2020-10-10,0,bantamweight,0.5816267180345126
9fd3797dda6a9dc551642271,2020-10-10,0,heavyweight,0.3524450538079669
47d015c9da4f8e7c68642c9c,2020-10-10,1,flyweight,0.4268140087060172
f3c39178e030c72a92766f83,2020-10-10,1,heavyweight,0.5402661766559521
b33b7e15079e874207787397,2020-10-10,1,featherweight,0.3766427865574112
32b54d883d2d43b47a7329ef,2020-10-10,1,featherweight,0.4849690869858938
3933cacfa643f4332fb05e57,2020-10-10,0,middleweight,0.6501404091278585
6d2a9d7dc08ac386e90f4115,2020-10-10,0,middleweight,0.47948834599772705
a9b7a476e336ba9d14cc3967,2020-10-10,0,bantamweight,0.5829506256792616
4bf87d901465ed4dc164d766,2020-10-10,0,heavyweight,0.17450983947855178
96f20b0be6ccb77bf9cdc8eb,2020-10-10,1,middleweight,0.50072922402753
f37de3fb239061532292aa7a,2020-10-10,0,womens_bantamweight,0.41578667906569466
c1064b7eb590e152b8293553,2020-10-10,0,featherweight,0.7720780507793316
7436f2383310929d077726d8,2020-10-17,0,featherweight,0.7200576129078028
1ccd594341a2b6cea5016be1,2020-10-17,0,welterweight,0.3434259939550421
5c7f86843455a239817ae12d,2020-10-17,0,light_heavyweight,0.3189209967573897
2da28f1443f58bbdd2cb3db7,2020-10-17,1,womens_flyweight,0.528581630248848
9dc9bdd024b0eccd64b939ac,2020-10-17,1,lightweight,0.664225301105805
5b47f9b0810708e40df64e9e,2020-10-17,0,light_heavyweight,0.33446443887356836
2975781dbd33227ef8a61f79,2020-10-17,1,middleweight,0.6958845385446601
2a9bbefd70d44c964d657e9b,2020-10-17,0,womens_flyweight,0.23094326072570096
591940879703188b315267f6,2020-10-17,1,lightweight,0.519704315709275
385fd3eb8f3778369168b7dd,2020-10-17,1,bantamweight,0.7873623339670095
5d4dafd8adc6f8fdd0422db8,2020-10-17,1,featherweight,0.5154022072492324
9e5f20555d811d9565cd562c,2020-10-24,1,welterweight,0.3461626048935463
c390228f133682c232f89d7a,2020-10-24,0,heavyweight,0.07898727703454832
ddd3bcee83bd285bc2d66fda,2020-10-24,1,middleweight,0.5109331015642338
accd1dcd8cd278a67c7cd20f,2020-10-24,1,lightweight,0.6719251308380674
5e1047bc4fb321e2c668e871,2020-10-24,1,lightweight,0.6228978040217669
01e8de6e71b38fdbb4ca295b,2020-10-24,1,womens_flyweight,0.5913572278279687
dccd287fe543912a3d4262ce,2020-10-24,1,womens_flyweight,0.6127023173947647
27330ec2f027b06bb6e1d506,2020-10-24,0,light_heavyweight,0.43295287044984854
95bf3e74a6af57559a469137,2020-10-24,0,catch_weight,0.4820406834549626
df5cb9edb98d3b8e5b0d1dcc,2020-10-24,0,middleweight,0.24984962162561986
f579d8fdebc5facfe7a54631,2020-10-24,0,heavyweight,0.34660559250661455
89530c10412fef4e37adacc3,2020-10-31,1,bantamweight,0.5212881718826539
139113bda6e2c08bcdb0de64,2020-10-31,0,featherweight,0.37184713835342875
64f6e5042b239942a0940584,2020-10-31,1,lightweight,0.5885578157221187
cefd7c12fbddc1ae93b66ff3,2020-10-31,0,welterweight,0.7911859690692219
7b0cfccdff37cdd83d0058fe,2020-10-31,0,light_heavyweight,0.3714869851750176
26fbfce30596a1dab7bd4db1,2020-10-31,1,middleweight,0.8258938795126812
578662bba25d0cd530c617d8,2020-10-31,1,lightweight,0.5080753160598054
ee10cdc650c5fb71fced52b6,2020-10-31,1,heavyweight,0.5493525985212551
558610849677ae0c138c4f45,2020-10-31,1,bantamweight,0.6565916340299588
5fd8a5e104ff4c3e1adbc165,2020-10-31,1,middleweight,0.7978229569392129
b5338c339e99f772edcafd4b,2020-10-31,1,middleweight,0.7208536436079254
c01ae7afb0d017349ea11354,2020-11-07,0,heavyweight,0.3521957651102161
a75ae44aa15099924d9905d7,2020-11-07,1,heavyweight,0.0792638368269644
3eef4800a98bf0e45d406700,2020-11-07,1,womens_strawweight,0.47213403536792536
dcbfa685c07ca7e10a21cc93,2020-11-07,1,featherweight,0.41446597662586365
7e96ea3f88bc1cd633bfbcff,2020-11-07,1,featherweight,0.7384921718957674
cf941249e8853878c39beb3b,2020-11-07,1,bantamweight,0.5432464207339389
627ff29937df0f3e4b02b96e,2020-11-07,0,welterweight,0.4208225488621401
35cd9e0ed2ba0bbc0352b4d5,2020-11-07,1,bantamweight,0.6024021692908013
f56a2da3439d7312f3ed5053,2020-11-07,0,light_heavyweight,0.7173344943142292
22d95249dfaff73c149f7787,2020-11-07,1,middleweight,0.6577713429785075
4f984c114f952c5e85b05305,2020-11-14,0,welterweight,0.2622402912213839
0bf1cad5fff73833720546bb,2020-11-14,1,welterweight,0.6893845362170338
4d8c8fdb741a66e9ec213215,2020-11-14,1,womens_strawweight,0.37495922961351236
7472bbec30036b91f8b3f55a,2020-11-14,1,catch_weight,0.41663264902743485
9d1bf278adaf06c59aafbe8a,2020-11-14,0,heavyweight,0.2892881652664767
bdf3b0384bfd20ab4f874937,2020-11-14,0,bantamweight,0.42438469493926545
256ba9eadd0025f9b1b46491,2020-11-14,0,womens_strawweight,0.6306251859237774
212de9a7a449ce2e3483fe61,2020-11-14,0,lightweight,0.42146489348132604
71953b09146d733984c4873f,2020-11-14,0,womens_strawweight,0.4567792078575455
daa107f8ce19d97b1024e608,2020-11-21,0,welterweight,0.5873067049790204
990f47449008c2507dce5538,2020-11-21,0,womens_flyweight,0.4156669116927502
855198b297a6d4d634748fc0,2020-11-21,0,flyweight,0.2881328713453387
ab363e2b0f18214055df486e,2020-11-21,1,welterweight,0.321717809156511
35a304f5212463a5b62f0016,2020-11-21,0,flyweight,0.5601739725856348
e10c4a1985fd12ac4132b445,2020-11-21,1,middleweight,0.5108778430654347
75e45e9d89ad79cff7c42ac6,2020-11-21,0,womens_flyweight,0.4857183128901766
5ec0091b78dc3de20dd3ac14,2020-11-21,0,middleweight,0.31105126226938046
71a0386425bf0de6d824fb82,2020-11-21,1,welterweight,0.47969308497493635
1d045510888fda8b989e961d,2020-11-21,0,light_heavyweight,0.4726752376306412
eaf2ba2fb033cd4f682f8d99,2020-11-21,0,welterweight,0.6765313383042968
2cbdb6487a02560caa061947,2020-11-21,1,womens_flyweight,0.8557408685041428
f1ef0a42087a271126512de6,2020-11-28,0,light_heavyweight,0.33255382415922197
54556752d4e905ae3733dad8,2020-11-28,1,womens_bantamweight,0.4805524240299936
ee744e008569f783f1c7ae2f,2020-11-28,1,womens_flyweight,0.3831219176837876
1da86dd1a82396c3d44770b5,2020-11-28,1,featherweight,0.1334551248264541
f7f1ed2648969e54b0e3c382,2020-11-28,1,heavyweight,0.3085970362274137
15dd8c606462176c34ed098b,2020-11-28,0,catch_weight,0.5178399688971004
be0781425d6678d096405d23,2020-11-28,0,bantamweight,0.5770835082814234
1cc13b483b64475640fb3718,2020-11-28,0,welterweight,0.4631587981354878
1162fe15cac2da103dfe148c,2020-11-28,1,featherweight,0.482126149032529
0c3a9c25327fe52dfdc851ce,2020-11-28,0,flyweight,0.2032167317883677
3fb0d126ec0ec9c850e7c51f,2020-12-05,1,lightweight,0.5522190781019379
38c73190ff54c90011fd11da,2020-12-05,1,heavyweight,0.49947380056340396
2faee2f4000145f6ef0e7d15,2020-12-05,1,featherweight,0.8624775541400067
c7ea0e981df13024b9a31ab0,2020-12-05,1,middleweight,0.46473199246117347
b7f4b02b143222c336934e1f,2020-12-05,1,bantamweight,0.4075950758469805
96327f3512f595cecb211d04,2020-12-05,1,lightweight,0.8212558870664836
5626b216eee3a29a06e2e953,2020-12-05,0,light_heavyweight,0.37953431683054734
cdbde8c8fb7b8ab6ece9ca3f,2020-12-05,1,light_heavyweight,0.601546584231611
e56a0eee2d1ec9ecb44e9c6c,2020-12-12,0,featherweight,0.32448750369672014
0212910162e54fa9cd5b7cd0,2020-12-12,0,featherweight,0.6718837893919088
d5af84d65e5ec7c832fd231d,2020-12-12,1,featherweight,0.42892360297686644
f33feba4243e510ba6affdca,2020-12-12,1,heavyweight,0.5852658034093264
dd922295fee469e083fac69f,2020-12-12,1,middleweight,0.7692337269634363
b259ff80d212bf23d79b1dc4,2020-12-12,0,womens_strawweight,0.5230943926633346
4bdb0495d3dcf5d7e7dd27a3,2020-12-12,0,lightweight,0.6171190100780226
80103ed2aae686dd59e7503e,2020-12-12,0,womens_strawweight,0.254944544346923
c07bd95dd550983c678bb413,2020-12-12,0,lightweight,0.23933899736611738
956d4c038b9d798a03f2f217,2020-12-19,1,welterweight,0.6344548260382326
06b8415093de68eee890672b,2020-12-19,1,catch_weight,0.5277380052721122
9cfc7008d97b25e3eee03dba,2020-12-19,0,catch_weight,0.4823689059284702
7c14b9cca72df7ce3e48797f,2020-12-19,0,womens_flyweight,0.6035423011979705
09bb551777feafe78278b168,2020-12-19,0,flyweight,0.513750661539201
ce69be9a42b5dce320787439,2020-12-19,1,bantamweight,0.3812680685601777
d4607f21674e1b635ed2c4b1,2020-12-19,1,heavyweight,0.4432479893872711
2751edcfff14d6f87019df2c,2020-12-19,1,bantamweight,0.3280224042743588
47e7219958c4619887b0ea40,2020-12-19,0,welterweight,0.33649279800369614
8da008a32caddde479cc3af6,2020-12-19,1,womens_bantamweight,0.5307054972704089
6cccf3ffb09a129e7b0bb096,2020-12-19,0,welterweight,0.43317648373600465
73c4fd702dce585354b6c53b,2020-12-19,1,middleweight,0.5277245769884491
ae621dcbc9586b8e5527d2fc,2021-01-16,0,welterweight,0.45322339024756075
63d6662513715319fbb37f5b,2021-01-16,1,heavyweight,0.5804449891499802
299cafa827deafab86edfca9,2021-01-16,0,welterweight,0.3556663899500922
5a322970c6fa2b7ccdbf1a91,2021-01-16,0,featherweight,0.20041047389126815
0b3e78533c34539224338ddd,2021-01-16,0,middleweight,0.5002370784088473
e3788f7673c040a7e7162eaf,2021-01-16,1,featherweight,0.5751632766728156
94167c05ac13c3152031bd8a,2021-01-16,0,middleweight,0.6565400968181366
e1e59ca7e3b0bad7652227e2,2021-01-16,1,welterweight,0.3245824753617792
0314d7c96dc6c9029d7f9a5f,2021-01-16,0,womens_bantamweight,0.5403772293589729
733a1c63f7740f95a9317482,2021-01-16,1,womens_bantamweight,0.41981125745371667
6be48a3315d78994e2f6bbaf,2021-01-20,1,middleweight,0.6386855906529703
9fa1bae0311b4aa3ccba91f1,2021-01-20,1,flyweight,0.2984582004829617
0510c32efd9efab7964555f7,2021-01-20,1,light_heavyweight,0.2842634809342586
8dd911979c1d546b9c995936,2021-01-20,0,featherweight,0.15606959983095564
88d9b570e90c027e750424b7,2021-01-20,1,flyweight,0.4240922190677355
500b756ea736234a67f865c7,2021-01-20,1,welterweight,0.4106795023135526
e8a21c49a3957ae2db4f9304,2021-01-20,0,lightweight,0.34784961458640706
bd1a13b91967e59c2d2ca195,2021-01-20,1,middleweight,0.5584883235353
871ec9ac30c6dde7f53b3da8,2021-01-20,0,bantamweight,0.25422617462071934
5e589ab68c009c7418795d5d,2021-01-20,0,womens_flyweight,0.39448557928095146
f586b613c26248f8a71102eb,2021-01-20,1,flyweight,0.6482402772005975
c5b665d2739cea495eec4f33,2021-01-20,1,bantamweight,0.6287810370052479
e5728f57a9db1a6d419df71d,2021-01-20,0,womens_flyweight,0.5106896205185363
acb69131c93694b07300faa1,2021-01-20,1,welterweight,0.5055106550750088
cc8a36141f665f8a21e43c79,2021-01-23,1,flyweight,0.7324278459535689
ba4700ec8890cb3212bac423,2021-01-23,0,middleweight,0.37063133245876584
35396c0c45d4c8527b82d6ab,2021-01-23,1,lightweight,0.876733660106188
e81b6098e57e8133b071edb8,2021-01-23,0,middleweight,0.6794920821329442
749823f187d45e71e91ff721,2021-01-23,0,lightweight,0.8903668321701289
41d00a19b95b8c4e1011e422,2021-01-23,0,lightweight,0.6028421742451048
069bf8b9c6ade82cb549680a,2021-01-23,1,womens_flyweight,0.32570772642752077
946129bbdfaa781a21608a9e,2021-01-23,0,womens_bantamweight,0.24883082270404266
f7128ea236725875bb42fb2a,2021-01-23,1,light_heavyweight,0.21196989788216936
4d892766af178faa517a3b55,2021-01-23,1,womens_strawweight,0.22440993712248097
9eddebe538dcd4b2e8bce30f,2021-01-23,0,catch_weight,0.2455847999888976
398469f8b03c9109e14c3efb,2021-02-06,1,flyweight,0.6902669058179666
c52172bfe2d5dadbc2baa574,2021-02-06,1,heavyweight,0.6544599444171305
dd2ee13375dd8c96df6d0a62,2021-02-06,0,bantamweight,0.34283694039488577
c2749aa0039c9dbb15dc18cb,2021-02-06,1,catch_weight,0.6278164254922483
006fbd1ad4d3164705b758d8,2021-02-06,1,lightweight,0.6269851442966973
f95fccaf728f92e2468278a7,2021-02-06,1,womens_bantamweight,0.5437990504000039
5b925fbe88e3649da9183c2e,2021-02-06,1,lightweight,0.23990677104552766
5617b1854fbb99723ea7f386,2021-02-06,1,light_heavyweight,0.40749782393905165
187bee69eb0bfc1344de75ea,2021-02-06,1,womens_flyweight,0.6246569028786474
116aee82de340b5b69294296,2021-02-06,0,featherweight,0.5366425026334545
990348198032e07f47fe05b5,2021-02-06,1,featherweight,0.19794462798587276
7f425d4ea75cb89d2a23d068,2021-02-06,0,featherweight,0.6423710671874021
0ad9e306fa9bafaa5d9d1705,2021-02-13,0,catch_weight,0.46998327454601074
f034ef7d780fb11cd9df91fa,2021-02-13,0,welterweight,0.35742441221443516
e415a937b387a95ec19c51ec,2021-02-13,0,welterweight,0.5204244600240941
f97a2702edccb7dad093612d,2021-02-13,1,welterweight,0.6132416766471759
a4e473c3f2b704804d3aa60e,2021-02-13,0,middleweight,0.44974298205893
84467793f69d35eb41eb8877,2021-02-13,0,middleweight,0.5610267175501095
089e43bbc47943ab21cfcc52,2021-02-13,1,womens_flyweight,0.43856648492749434
eb1492878c3ea0174e4e3b62,2021-02-13,0,womens_strawweight,0.35566372523455864
12f182cc4484512866f9fb1e,2021-02-13,0,featherweight,0.24259622699874323
3dba4569718934d994975320,2021-02-13,1,middleweight,0.32718565029930474
ea60b29d1cc1c5cbf1e166c1,2021-02-20,1,bantamweight,0.24836919429252102
74bfe372b0e5a30d25bf5041,2021-02-20,0,heavyweight,0.2035579411196696
54831bad652cdc3a8ada5fdc,2021-02-20,1,heavyweight,0.8976933309532537
5f3fc1a3e546d6b566ba1392,2021-02-20,1,featherweight,0.6578723948687496
1a4d68fedca9efa585791fa8,2021-02-20,1,heavyweight,0.16867222771371929
4dfd2b1535c10a0b46f38234,2021-02-20,1,bantamweight,0.5875898764989785
35b9ba0462608f9b6e41c742,2021-02-20,0,featherweight,0.6137567964062798
b57470dcb8fd957a6caf4d98,2021-02-20,1,womens_bantamweight,0.40035331083799597
92b3031f9c8a237ab1c68ea2,2021-02-20,1,featherweight,0.38109064045295865
624a4740ac849b0f19e7a355,2021-02-20,1,middleweight,0.7020378467690475
bb5477c8597bf06ae476381f,2021-02-20,1,heavyweight,0.6158338537362402
08bc513ce88af8ec37ef2a3e,2021-02-20,1,womens_flyweight,0.7529792052622575
a8ff0354149b1a73242c7b41,2021-02-27,1,featherweight,0.6454486428781608
fa031ca2b598c1790a770dac,2021-02-27,1,lightweight,0.6335576353984899
79d0da63044a2d7848dc3eb4,2021-02-27,0,womens_bantamweight,0.7963900848490046
a7edd53221755c84fb85b338,2021-02-27,0,light_heavyweight,0.670549013455665
4dae04976391e2c304856f18,2021-02-27,1,heavyweight,0.648150538905888
8977265e2ec0ac4a8d0eb88d,2021-02-27,0,light_heavyweight,0.46285745229231673
03937bc015b49d21691cbfb9,2021-02-27,1,bantamweight,0.401450599709048
3eed3433c57ea8ceb8e6c485,2021-02-27,0,bantamweight,0.5293313913215087
2c55dd48924effa480f5ca18,2021-03-06,0,womens_featherweight,0.16751255682044935
172ba1c4ac7e58c4dbd7b4dc,2021-03-06,0,bantamweight,0.555555814206972
84173c3cabc82b82021ee1bb,2021-03-06,1,lightweight,0.7374415336030594
2f2a2e5d3ef44f24b2553a05,2021-03-06,1,light_heavyweight,0.20515404760321374
774fbbcd4bc58c07113c5842,2021-03-06,1,flyweight,0.5858047538534786
bec1db2b5e3183035ce016c7,2021-03-06,1,light_heavyweight,0.5906034005713303
7406877c1618cdf902112bd6,2021-03-06,1,womens_strawweight,0.48054944077756656
436382c7157f32d457cf439c,2021-03-06,1,bantamweight,0.2534083160690844
e40ebd32f54ba3551bc187f9,2021-03-06,0,bantamweight,0.5872185554544697
4c948af46307bedde78b9778,2021-03-06,1,flyweight,0.6273755118925561
39d510d179fdc5c9bc82b8d7,2021-03-06,1,welterweight,0.5299612783534835
a8dd1d9e9aeb7fd344b2f88f,2021-03-06,0,bantamweight,0.6920793260314589
1665c4098d198e470e99997e,2021-03-06,1,light_heavyweight,0.5114726695550671
83c08ce6fca53bee662ac967,2021-03-06,1,flyweight,0.47392050630208704
2a0f151b77d398964b58f1f6,2021-03-06,0,lightweight,0.1775840668795015
e048cc318dcc24e55e146279,2021-03-13,1,womens_strawweight,0.5973573868655636
75ff868f7c9201dc424bcc14,2021-03-13,0,featherweight,0.24119313353609625
45284428ec473bdf65215b5e,2021-03-13,1,womens_flyweight,0.5056701980476621
9681fb4a0e8ec440e305912e,2021-03-13,0,featherweight,0.3131076721685146
d8ea1aa19a7a70e000c057f8,2021-03-13,1,womens_strawweight,0.41700920664533153
08147aa1d935de56a0a7c9fb,2021-03-13,0,bantamweight,0.7666018263144662
1220f1ae4d30086f6c114d44,2021-03-13,1,flyweight,0.4323846591698942
3d9e74cecbd64b77643aa7d2,2021-03-13,0,welterweight,0.1808687295568118
c3cb9104e11fce38ca8aaeaa,2021-03-13,1,light_heavyweight,0.5133039278966798
a651712b4735435b6dff0a60,2021-03-13,0,lightweight,0.23381018227273623
155fb3d1aba34cc5371c180a,2021-03-13,0,bantamweight,0.8870459990043164
09cb12976b9d557d330fede7,2021-03-20,1,bantamweight,0.6521213054557379
0e924a271d155d25cb96a9df,2021-03-20,1,flyweight,0.5014287538794207
bf9c66e4d2ea103435a96f54,2021-03-20,1,womens_strawweight,0.46833495825833005
a7bfb80dde30557923deb967,2021-03-20,1,middleweight,0.24472117988647096
fccce461000f977a1f29de71,2021-03-20,0,lightweight,0.20192414342209442
3046efa844e5b8c612a39088,2021-03-20,1,womens_bantamweight,0.7653665675341224
0e1232159bb09cf0a8157294,2021-03-20,0,bantamweight,0.2859740344687486
87a052aae5db7282aedf3af1,2021-03-20,0,welterweight,0.3888682818706451
5ac9f53f3b903f5f50c7ae07,2021-03-20,1,heavyweight,0.6819817133211463
24832c40dfffd88b28acd6a1,2021-03-20,1,middleweight,0.5554177322145597
655ce511031179b0d7528580,2021-03-27,0,light_heavyweight,0.4506313120338883
1523d28d8f3dbd0ee0deefc5,2021-03-27,0,womens_flyweight,0.5567451675003745
9fa712833bf4b6daceb5243c,2021-03-27,0,lightweight,0.480772101957276
06d257fb5a3c5fda36c86d32,2021-03-27,1,welterweight,0.4727782227031119
f821eef7b840304b0c4c2566,2021-03-27,0,middleweight,0.5048567639741008
10d5d1953f1e4db582bc4232,2021-03-27,1,light_heavyweight,0.6052096611767037
437c18cdfaded48de4fb9c8b,2021-03-27,1,bantamweight,0.5917486147016161
bb5d26adfb4244e5cb7c71ca,2021-03-27,1,featherweight,0.40651473571843727
f9ad023e5912b9e8e23296c4,2021-03-27,1,heavyweight,0.34003004329821596
71146ba7e43a180d3a76ed5f,2021-03-27,0,welterweight,0.46674045480174087
a5b7f687614fa2c274c262fc,2021-04-10,0,featherweight,0.37891405966381164
6a77043e2a2c7fbcf5d1422e,2021-04-10,0,light_heavyweight,0.6602248540042902
f7aba315e5e7f95e583bb5f6,2021-04-10,1,bantamweight,0.6871033281194294
eb0d9121307638176a27c78f,2021-04-10,1,welterweight,0.5958705024065594
ec6aff0a24442abf1efa5bb7,2021-04-10,0,lightweight,0.08864578455811101
be94f7ea41163e46b8032440,2021-04-10,0,lightweight,0.5806749390846028
75e3c66fe5bdb1e2907f61ff,2021-04-10,1,featherweight,0.48417353508807964
c2987bdf66ace8687c8129a8,2021-04-10,0,middleweight,0.6264522443778787
bb4b636ab4f2733d20549b1d,2021-04-10,0,welterweight,0.45156468995285315
2324fee04a36218838c2f885,2021-04-10,0,womens_strawweight,0.41174536648503784
04cea879fa6be6d87fdd22c0,2021-04-10,1,middleweight,0.2749390539020796
a145a890ebf3141cbf139a78,2021-04-10,1,lightweight,0.5591490181205787
a26ae051b20aa9c96dc7945e,2021-04-10,1,heavyweight,0.39948476749513306
3974a50adcd6fd1bcc060147,2021-04-17,0,middleweight,0.9156356397945531
c3a29929b0c55a012ba64d3c,2021-04-17,0,heavyweight,0.5720257989802974
85eb8bca2d84e2de29d25928,2021-04-17,0,heavyweight,0.7307402864490296
2dfce60518599adbf4e3bbc9,2021-04-17,1,lightweight,0.6671856363277383
3249899f8623af67ee4875c4,2021-04-17,1,middleweight,0.6389807610726485
b6a515792134d4e7ebc8590e,2021-04-17,0,womens_strawweight,0.6154108067031377
c36e6871481b761b6bc086f8,2021-04-17,0,lightweight,0.336496266609789
d500803cf03a6c79704f1f11,2021-04-17,1,middleweight,0.6397056729663156
a7e37dc0ef58d7d8986f6a75,2021-04-17,1,bantamweight,0.8804467714123517
5540eafcd8dfd2f733cfcec1,2021-04-17,1,womens_flyweight,0.7221973106131162
44edb5e52a71d5b17b379406,2021-04-24,1,welterweight,0.5938482075389909
b29904ef22772d43b1dce8a8,2021-04-24,0,light_heavyweight,0.3584692833529359
961b987dd8cca4efe946c0ac,2021-04-24,1,flyweight,0.587398751612739
07cb74a61d28c7395ccc3e46,2021-04-24,0,bantamweight,0.5926807189670985
c15e97d5709dfd66cf01357a,2021-04-24,0,welterweight,0.729857293143049
0e596947e3da41e12e863200,2021-04-24,0,welterweight,0.16518471150196057
2c3c5213ab9496c702780d50,2021-04-24,1,middleweight,0.557750806161378
023d0a839d940fdea400233f,2021-04-24,1,lightweight,0.5104307257078486
c379cb07b140cc25e888391e,2021-04-24,1,womens_strawweight,0.3279353499027679
fee11078cee1e6996b863aed,2021-04-24,1,featherweight,0.402579621733281
5e472b8e52eff152fbfe7d30,2021-04-24,0,middleweight,0.559825198794811
b53f0ffc153410c8a768bc13,2021-04-24,1,womens_flyweight,0.6757469945292742
440ba029911f1e78c5f3138a,2021-04-24,1,womens_strawweight,0.6632617886470817
1f45fe6f50add14fab876381,2021-05-01,1,middleweight,0.6949927956819603
d7b12003299832c257b05e66,2021-05-01,1,light_heavyweight,0.234633660572327
0675530f5deaaa1160f7c718,2021-05-01,0,featherweight,0.15510264802209056
79247937a956625d6f3ce9c8,2021-05-01,1,featherweight,0.5133372480065669
f1f15579cd1db6d027621436,2021-05-01,0,womens_strawweight,0.3390013465807946
2e215036f623af43977bfb1e,2021-05-01,1,featherweight,0.4477120222410284
1a543291bbbbd63ae5f6db49,2021-05-01,1,bantamweight,0.5902658246848037
d6a46acfc572e3ae94089003,2021-05-01,0,womens_flyweight,0.6130867816345346
01327dc0bf03e55429a6b30f,2021-05-01,0,womens_strawweight,0.5238745894004085
b3569c5019bea0ff890b4ec6,2021-05-01,0,middleweight,0.36461954569905275
fbe844693986698837d7441a,2021-05-08,1,welterweight,0.42854935965258273
b22da21be05c590f9103ab3e,2021-05-08,1,lightweight,0.6065894180837561
96f3e20245151d21bcdb8f40,2021-05-08,1,welterweight,0.4908130045255582
4b2e71789ce3c1603f44c672,2021-05-08,0,middleweight,0.6597881245225842
0f50cecf3fb203a79fbe59a2,2021-05-08,1,featherweight,0.4583915996914278
bf70c712fd72cbc1402be6de,2021-05-08,0,womens_flyweight,0.575996448345246
66a055a3bdb65ec398c18942,2021-05-08,1,heavyweight,0.5349451691263171
da6b936ea8667cee5f337a67,2021-05-08,1,welterweight,0.5649898005500441
1d555c9651e1649b67c873d2,2021-05-08,0,middleweight,0.4932514720730258
4eddd98f6b71d1b40ce9de04,2021-05-15,0,womens_flyweight,0.39369613969027273
b161c29e825cc8f33321c23d,2021-05-15,1,lightweight,0.7895091798946301
73ed9835db433e1c3179e031,2021-05-15,1,lightweight,0.3404786233549454
2c723e3bfbd7746b1a49bc19,2021-05-15,0,womens_flyweight,0.6346268573889806
4a515c7e15f58e278e85b0c2,2021-05-15,1,middleweight,0.6094201418179543
2d88a7f118a9b133a9aa150c,2021-05-15,0,middleweight,0.5741652822828436
7b40bb27aad143bbe4bf6123,2021-05-15,1,womens_flyweight,0.500134841349182
9236d5c10fd5259af71d1f7a,2021-05-15,1,featherweight,0.46817380716476636
8552cf2fa15f36c962dd47da,2021-05-15,0,featherweight,0.43940463150947756
ac01654bb88f24cde0453ff9,2021-05-15,0,featherweight,0.5699984724876975
30b02d38c456914546eaa1f9,2021-05-15,0,lightweight,0.24727929143014252
d30d3aec127463726bcfe02e,2021-05-22,0,heavyweight,0.29318436790001634
071a45a6dbfc547ac87fd8f2,2021-05-22,0,flyweight,0.41600453226780704
10b25f19a0fff04f7455e7f0,2021-05-22,0,welterweight,0.5548121089852166
c218d031e77e1e9e8ceea0f8,2021-05-22,0,flyweight,0.2708278490498029
fda50c856c3cc806fad2cd0f,2021-05-22,0,womens_featherweight,0.5311199422627014
e9beb6a44ab27a583e24a07e,2021-05-22,0,middleweight,0.384911943684705
296bd6be85fe799b7ab7c1a3,2021-05-22,1,featherweight,0.29523904815096697
cc74e32603a6a23148741929,2021-05-22,0,heavyweight,0.5493158220364357
b5709b61e25ad5e6e50d3e45,2021-05-22,0,lightweight,0.349761824501186
3b7b804068b8e00672a5f39a,2021-05-22,0,featherweight,0.3597136416279744
021c23a2eb7dd424b3760858,2021-05-22,0,bantamweight,0.7285322937292833
0a8907e7c9ccc7e92c10fa53,2021-05-22,0,womens_strawweight,0.4972244668167002
a71663808cab96a533f7f3a0,2021-06-05,0,lightweight,0.9645834256645545
b849723a163cb1a94edec03d,2021-06-05,0,middleweight,0.6784695937261236
c30c5ed0c6f68ddbdc6e0034,2021-06-05,1,welterweight,0.7040771726584066
005237f1190a5a2d4091414f,2021-06-05,1,heavyweight,0.548685891465005
dae4bb27f2bbb3c7006d1dc5,2021-06-05,0,featherweight,0.6663772132736377
05ccaa473e2b94dfabf7d1fd,2021-06-05,1,womens_flyweight,0.649536611873198
302fd43d83034a2a1167cb24,2021-06-05,0,womens_flyweight,0.25099246260544666
d603dc6aff17ddbb1d25c05e,2021-06-05,0,middleweight,0.4769012230783482
124977ad8833f804ed6cb04e,2021-06-05,0,welterweight,0.5587732155757946
a6488972b4e28f5bb943b98f,2021-06-05,1,featherweight,0.21011324365230136
cca2249636b0929cdddf4681,2021-06-05,0,heavyweight,0.688835016118572
4dbb2484e6d1bdd5206a8e75,2021-06-05,0,heavyweight,0.14244401720153965
7b68645c6155f616e8698da6,2021-06-12,0,heavyweight,0.3948397650117505
a472857449a92cc1580c34ce,2021-06-12,1,featherweight,0.26914348269781246
a00ccc9c46ab59aeed12bc52,2021-06-12,1,flyweight,0.46653600811806983
6416d8a78b4aeee3a078ff10,2021-06-12,1,welterweight,0.8049232518183357
d4659a1d3ed047b9c9526f60,2021-06-12,1,lightweight,0.6011019622730671
d7e483bb04fd67f9c284ae8b,2021-06-12,1,light_heavyweight,0.4043022300489489
a067ee4df1e643240630223a,2021-06-12,0,lightweight,0.41964918498816794
06b2c67c96de677f095d63a4,2021-06-12,0,middleweight,0.37115040055313714
bdcced7630b8f9fc20b8e65d,2021-06-12,1,womens_flyweight,0.570396315211791
27e411a536e1c7deb45d1ac6,2021-06-12,0,welterweight,0.2744383005959198
f2b6f09261ceb5b126445765,2021-06-12,0,lightweight,0.3835177879751416
7d225bf082e7c74caa37c3ce,2021-06-12,0,featherweight,0.3129664424841908
cba88fa3d2445ac8ac4d89a0,2021-06-12,0,womens_bantamweight,0.2472023046071717
30e778d3989da80d54ba9e9b,2021-06-12,1,light_heavyweight,0.362171517501244
9328b8ac23e7685857194ee4,2021-06-19,1,light_heavyweight,0.3061639522337599
ebf39919541e28347dea97af,2021-06-19,0,heavyweight,0.23035083668484244
cd61e6ca2674830655d58d10,2021-06-19,0,womens_flyweight,0.300018362539707
8aa7756723ebd18d2ab40f8e,2021-06-19,0,featherweight,0.6373024567936044
78cbe025f9059d02470e6e87,2021-06-19,0,lightweight,0.24845207137138867
61610b155882ac3e3eed4f71,2021-06-19,1,heavyweight,0.517233798358688
836588eb01321066a95e6f60,2021-06-19,1,featherweight,0.668466541188044
9987f669b7493fba2fe3d118,2021-06-19,1,womens_strawweight,0.479047378669212
9f27d61139a529c02d842433,2021-06-19,1,welterweight,0.6149760246862938
e74b6bf080b0e710ce9747bd,2021-06-19,1,bantamweight,0.7689124227752466
b95e558564dc9e0f3f3f5cfd,2021-06-19,1,welterweight,0.2626912904703912
9a82adcac5a1d990fb6cd5a0,2021-06-19,1,middleweight,0.6133531733560248
a3c60ed394aa5d105da7ad3f,2021-06-26,1,featherweight,0.30220160609028346
b3a720a454739d051995c2c1,2021-06-26,1,heavyweight,0.6126291903630194
fc8f71a97583223c7eba5642,2021-06-26,0,womens_bantamweight,0.496185640407815
7bab93177c4542550318ca39,2021-06-26,1,light_heavyweight,0.4338231691655575
734b592944e62af1b555c366,2021-06-26,0,light_heavyweight,0.241876297391755
f161c4d3b027f2f49eaa2f45,2021-06-26,0,bantamweight,0.5288198820041459
89d9e6cd12cbc984c5ad5db8,2021-06-26,0,lightweight,0.38079883872265907
ce42994760729649b78812f5,2021-06-26,1,welterweight,0.6820819652712329
8fe42d98d6456f0fc2191b0e,2021-06-26,0,heavyweight,0.3619111196870722
d779754588526356ae5ea3e3,2021-06-26,1,welterweight,0.5267340402337191
ba71dd0032aaf0bf310c24c7,2021-06-26,0,welterweight,0.6570310999038205
746498ef7443f0caf5f2082d,2021-06-26,0,lightweight,0.5940029571917531
80d953c972d847be890d6aaf,2021-07-10,0,welterweight,0.326039222381432
6498a4c8d3727a2016dbff4a,2021-07-10,0,lightweight,0.444304190368938
52922d44b46e92c459d86bc8,2021-07-10,0,welterweight,0.34633656298805493
148e523baab99af91b27dce5,2021-07-10,1,womens_bantamweight,0.3524550524328963
15ad67d5e43acafdd6c98fe0,2021-07-10,0,womens_flyweight,0.4051599832092113
530b143d446dafc011071c4e,2021-07-10,1,welterweight,0.6147107128837361
bbfbf8b8166c426e1240e0a4,2021-07-10,1,middleweight,0.342833507950819
12bc8ea49cf6466df9aea9a3,2021-07-10,0,featherweight,0.34878783297796784
051cabd00d8a84746e67e149,2021-07-10,1,bantamweight,0.7626119328384964
3ea316d32ba9c755ad343003,2021-07-10,1,heavyweight,0.479429382848518
dd14dada5640b649e27c8cb6,2021-07-10,1,middleweight,0.4175295923510405
57c1af099e2eeaedffb7b6c6,2021-07-10,0,flyweight,0.41931082822943555
387800ac98197707044d3802,2021-07-17,0,womens_strawweight,0.38076149051746855
6a8395402c96b2d104acd78d,2021-07-17,1,welterweight,0.7835290784729788
87728864303defcd4fe22031,2021-07-17,0,flyweight,0.7483064482693202
8a31c1172ab5106325cc627e,2021-07-17,1,featherweight,0.46265009028528997
b726a2c340e0031859a57110,2021-07-17,0,lightweight,0.38705652083422687
4d558ebbde851ebbceb2a376,2021-07-17,1,lightweight,0.6910533861050719
973af1128fff9b2a14c5621f,2021-07-17,0,bantamweight,0.6814485981188982
ed7f6c0bd5b437f2f9dc6c7c,2021-07-17,1,womens_bantamweight,0.7473807336337565
c9c25ab469ad2fe48494e4ba,2021-07-17,0,middleweight,0.5576382264561462
03a0165ac1c070a693740903,2021-07-24,1,bantamweight,0.6698738982070651
3cb448435c95ab6aa4fed0a9,2021-07-24,0,bantamweight,0.6672933721781494
b0617d39a8cbc7fc041d74b3,2021-07-24,1,featherweight,0.23265972984776062
f9beb1b95ba45b9b1621b64b,2021-07-24,1,womens_strawweight,0.672086646597583
f8df7edab264a0f373e74bd3,2021-07-24,1,bantamweight,0.6255325728594211
1a387168660b6545f6e752fb,2021-07-24,0,bantamweight,0.7220186019730952
3619b7063e9cd88f010c5a0f,2021-07-24,1,welterweight,0.5748810989220706
f115a8a9f478bc63f707998e,2021-07-24,1,womens_flyweight,0.39275832205793837
f0c4c6e99336ff56646d4fa5,2021-07-24,1,middleweight,0.3796337087260743
2457d12636a9cfb566f94a56,2021-07-24,1,middleweight,0.5202632667182465
033418400afa21c1b79842c9,2021-07-24,1,womens_flyweight,0.6940966374810192
aa362511017ececb3e8cb952,2021-07-31,1,welterweight,0.19015351153392335
439390ea327acf2b45119216,2021-07-31,0,womens_strawweight,0.3958777726368913
abe908dff98725268a6de4b5,2021-07-31,1,lightweight,0.2442891236472836
f53d55ca7e6c71bca1768d71,2021-07-31,0,featherweight,0.5314481529494826
3a69e82631c81017529c26db,2021-07-31,1,womens_strawweight,0.5298454251166405
848d633ab5d861af69f87843,2021-07-31,0,welterweight,0.5940890331550858
d6d47fd80d8781a3f317d30b,2021-07-31,1,welterweight,0.25001799694491134
32bb78b29e02d70783585786,2021-07-31,1,flyweight,0.6687172330845191
3af23183b818dfe59d5a0114,2021-07-31,1,middleweight,0.6177145436178886
37eb5a2b7db7710c44ecbb0f,2021-08-07,1,light_heavyweight,0.7983331505361624
31e656fd3cfbfde7ba181505,2021-08-07,0,heavyweight,0.16864212928920774
cfc670cb4c942424d4bde058,2021-08-07,0,bantamweight,0.6972479060137065
a13574844084b56c501c795d,2021-08-07,1,bantamweight,0.39305502273479204
c291f2773170c40024daeb22,2021-08-07,1,womens_strawweight,0.4903379122907264
e7881e314d5e66981e8e89de,2021-08-07,1,lightweight,0.6395786634288009
a7d7600747cdce4d1aac4734,2021-08-07,0,flyweight,0.17590095551407328
36997816a9de75a5faf77fdb,2021-08-07,0,welterweight,0.5460229628677046
1b48725e4a5a6738fae9d75e,2021-08-07,0,bantamweight,0.1765602455609323
adbb4bf7f16d6f11fdd6a702,2021-08-07,0,bantamweight,0.3931860496121627
8a628435db9e18feeb85b101,2021-08-07,1,womens_strawweight,0.5330237852875295
03bd3178b81b51c98a2ef07f,2021-08-07,0,womens_flyweight,0.2608078220357227
ff592cdaa4eca0c7c874169d,2021-08-07,1,bantamweight,0.4501534908892837
97eff66c4a32a2932814be38,2021-08-21,0,flyweight,0.5033753610687433
102faa4ad68146ae09750464,2021-08-21,0,featherweight,0.3653332785396654
7f212aa41a8e96a98df4f434,2021-08-21,1,womens_bantamweight,0.3685235290970828
256498ff833bad9ec8a58f4f,2021-08-21,1,bantamweight,0.6639809983125172
768f6a84be53ebd19ce73dbe,2021-08-21,1,lightweight,0.8014197168759528
39e93a7358c364f594c54892,2021-08-21,0,middleweight,0.489849653994335
a37c8fb1c9ec806b184a9c51,2021-08-21,1,heavyweight,0.37944122355779164
5d50a9759638e91e84f0b746,2021-08-21,1,lightweight,0.5122770226932751
e2ebb569fa02a491387e1161,2021-08-21,0,welterweight,0.4750132146682991
eb3d6a53fd969c07e9831cf1,2021-08-21,0,bantamweight,0.6167304299557169
642d81d57681e847b5fde3c9,2021-08-21,1,lightweight,0.3095211125448699
45a810ac99baec2dd4b54d7c,2021-08-21,0,light_heavyweight,0.21665150057962676
0ed065dd12c23b6c9d895669,2021-08-28,0,middleweight,0.7002552200784463
9f9acc55a8ab60ad174b6e11,2021-08-28,1,middleweight,0.45780573113249406
81175b83703a04c9578b0ede,2021-08-28,0,middleweight,0.45780573113249406
aff3ed6568a856a3854450e4,2021-08-28,0,light_heavyweight,0.5160857093975265
ec627d0e52cb9efd5393d953,2021-08-28,0,featherweight,0.2499799499516906
d6d68f11e8b1409123b81a91,2021-08-28,0,featherweight,0.5598707951504397
bf631345d98ad2d5efa45637,2021-08-28,1,womens_flyweight,0.6786186642436809
c64ba96ba3a2bbcd5352c69a,2021-08-28,1,welterweight,0.38001540898611824
0e995a99c3637eda1e7fe1ab,2021-08-28,0,middleweight,0.67929032295378
036b6e057cbf7a551f641948,2021-08-28,0,bantamweight,0.1541739828321659
323b248672e4ff7a5e608f9e,2021-08-28,0,bantamweight,0.4551528416756732
7134f69560a4ddd941edb18e,2021-08-28,1,middleweight,0.4091824940798048
848148a2658c8b26e59ce487,2021-09-04,1,welterweight,0.6894698901750297
979ddbd47cfbfedab2b8467b,2021-09-04,0,middleweight,0.419239591537876
c2ec829bd718d445716f67fa,2021-09-04,0,middleweight,0.5887547585081626
97be85a3e259ac669e1925e6,2021-09-04,0,bantamweight,0.1627968514768693
ba157252f6db82d9ef9cbf91,2021-09-04,1,catch_weight,0.20232619803365257
24c47b0c28d199c1ece9b21b,2021-09-04,0,light_heavyweight,0.6266028489181251
ef38db4fa319c1d073e6809b,2021-09-04,1,womens_flyweight,0.38347657992547407
f86ff3558c519c95d88ed2b0,2021-09-04,0,lightweight,0.5798871886609357
e39ab69302a3a4acaa385b46,2021-09-04,0,heavyweight,0.30396025319801256
21452c8ad7c8dfb85b7958bf,2021-09-18,1,light_heavyweight,0.5770974982935205
889ae6f64e5ed194f4e9d57a,2021-09-18,0,womens_flyweight,0.5032068114044949
1c6ed9f870c0d2d4f98638ea,2021-09-18,0,lightweight,0.1696905000807552
2b42e0ee62b14d7f1ac91ecb,2021-09-18,0,womens_flyweight,0.5131609685882419
30d2da816f66152c4db4ff93,2021-09-18,1,womens_flyweight,0.5550787629127542
ba70d4bc1610e50610bc85f7,2021-09-18,0,welterweight,0.5720123636403112
ed602daa65f0872d1ddab046,2021-09-18,0,light_heavyweight,0.4477238971452788
50f8733c5af2c8bf7833a467,2021-09-18,1,middleweight,0.6317725735916907
394cd08a2aa9c8a419957765,2021-09-18,0,light_heavyweight,0.36494718633631523
193777961eacaedb105fe808,2021-09-18,0,bantamweight,0.2534424652523254
7ab07f5868c762f3dce9e36f,2021-09-18,1,bantamweight,0.3433993034590482
b7148a827199c4372ea4612c,2021-09-18,1,womens_bantamweight,0.4545162939310179
0317bdc7071d3d9f20a0a566,2021-09-18,0,lightweight,0.45147539626508665
947733852564801c14c15132,2021-09-25,0,featherweight,0.26539449853329844
fc453d53cd9cfa9ea2181094,2021-09-25,1,middleweight,0.593440500279031
767276cd65a7bda83101b29a,2021-09-25,0,heavyweight,0.20440181568428814
47acb1d6dee5fe4612753acf,2021-09-25,1,lightweight,0.38985905018374717
7018a5372c82c8016ce4c305,2021-09-25,1,womens_flyweight,0.6551297691883295
91bfc0bf09df44aba9658abd,2021-09-25,1,featherweight,0.385680099234106
37c022f2c4b458467443e0a5,2021-09-25,0,bantamweight,0.2513209946135016
b413ac8b94e17d9fb59f2a9f,2021-09-25,1,welterweight,0.39849620361952337
b36a08b76e552d0afc4cdbe4,2021-09-25,1,middleweight,0.2769862600463854
2d366fdf2a73af32527b7ab9,2021-09-25,0,womens_flyweight,0.31494047831983946
efae3152488573da2f0e8669,2021-09-25,0,heavyweight,0.12736606179939433
474e7b7412f9128323a6ee3c,2021-09-25,1,lightweight,0.1076147006812075
4d3d35d9481430b2717e1dc0,2021-09-25,0,womens_flyweight,0.1674245188763689
d7ff13529f7a31aa3fd66322,2021-10-02,0,bantamweight,0.15069221124765797
958aeebbb028943f8b474351,2021-10-02,0,welterweight,0.5648189522734243
21dfa6f1ccdd361947c8ec5a,2021-10-02,0,lightweight,0.281533413278883
6d3f40f6d4381ce272c0a74b,2021-10-02,0,womens_flyweight,0.19857011066282565
03178009a51da703270bd2b4,2021-10-02,1,womens_bantamweight,0.8165720042320926
3537b39689d7dd5ae29a31d1,2021-10-02,0,lightweight,0.5318918871237472
dff65f3a6f0298afa7bce7fc,2021-10-02,0,bantamweight,0.6246167346465189
b9d93ed042c8eef56051609b,2021-10-02,0,lightweight,0.6720205441881275
a2ed5d2192961f696e9f3cb5,2021-10-02,0,middleweight,0.526618316934678
a19ad67f1de8c89c051799ad,2021-10-02,1,womens_bantamweight,0.6760327145900356
49ec1b7d30d14df34cde2e67,2021-10-02,1,light_heavyweight,0.500034869525655
69e9597fb43638f8229546fb,2021-10-09,1,heavyweight,0.6282868424940052
a4f8f9cd16f04f65379846ce,2021-10-09,1,featherweight,0.6580025141542404
679b8a681af1ea8df76c549c,2021-10-09,0,bantamweight,0.40036806707088546
b693cc8733bc9b6adc490155,2021-10-09,1,womens_strawweight,0.6277832148686524
65eb8cbb47349f9a81d27e50,2021-10-09,1,womens_strawweight,0.6380530069126684
968a08b5b350e76b63b11406,2021-10-09,0,welterweight,0.3859088936849798
c66520110ef94f852e522af5,2021-10-09,0,womens_flyweight,0.7184151155472289
2ab608b74126e2342d6abf67,2021-10-09,1,lightweight,0.5524379718649076
35e27d0eed9850d71eef2219,2021-10-09,0,flyweight,0.3418008285626628
05f9214d72c1cef7711a3eb5,2021-10-16,1,heavyweight,0.16999680090850608
223893d41e07dc5cba8acd64,2021-10-16,1,middleweight,0.5602177663178093
85743a2ebed3fb08b5acc751,2021-10-16,0,womens_featherweight,0.4267308161224104
851cc8213082f5aa4029b1d8,2021-10-16,0,bantamweight,0.5188800522159154
6c771843a2de0df6854e6234,2021-10-16,0,welterweight,0.6931154122186182
7ec4f2ed29901e7f518e59da,2021-10-16,1,womens_strawweight,0.5811666035106304
75e91a9b2071aabf06334e6f,2021-10-16,1,lightweight,0.6635034819138116
b9ec4594020a9368d81a8a47,2021-10-16,0,womens_flyweight,0.7261607832825792
83b2a1dfe625eba45f9fe0b4,2021-10-16,0,womens_flyweight,0.24749196721837619
7e2515dfbd9e621b0263a272,2021-10-16,0,featherweight,0.8085080198589683
abe8cc47f03ac58b02b7c95f,2021-10-23,1,featherweight,0.46312740625105153
34754acf1c6eb5adb027b3e4,2021-10-23,0,welterweight,0.5521692657004407
2a878e40629fed0a310e0b0c,2021-10-23,0,middleweight,0.7293032674377833
dd60dff39adefccc680c4313,2021-10-23,1,flyweight,0.5884183733100354
2fb719a1e5e0607e47554e4a,2021-10-23,0,womens_bantamweight,0.6169649491466636
5d85a2f11fdb5bd41dff2dd3,2021-10-23,1,bantamweight,0.5964623464899639
f60ed0d525f53da9f318bc43,2021-10-23,0,middleweight,0.4041728746748609
4f68242759113783714f4450,2021-10-23,1,lightweight,0.591866330586132
c589ea31720af460013a699b,2021-10-23,0,womens_strawweight,0.6648017828224978
a8902ba72d4e5d289caa1fbd,2021-10-23,1,lightweight,0.5271013975152735
19b013dcff6f9c597376a765,2021-10-23,1,light_heavyweight,0.7666147991352917
41bdb938fef185e8ac424fb8,2021-10-23,1,light_heavyweight,0.6988767117398168
181fe229210ebc0890d81133,2021-10-23,1,womens_strawweight,0.41637208746173193
f8031426c728a047582f816b,2021-10-30,1,middleweight,0.3753944082150322
b2390e3878dea3ac297006fd,2021-10-30,1,heavyweight,0.6227861187891354
faf76162b47b80dad8f43727,2021-10-30,1,womens_strawweight,0.6141608861981732
ea01307e17f5d9d2ae50e47a,2021-10-30,0,welterweight,0.17861860522022108
ee313392ed6e4ab1c9ceea78,2021-10-30,1,middleweight,0.6987322104159274
82a15dc2358e1868399b644b,2021-10-30,1,lightweight,0.6113874923124751
e9bc05614cd6cd3f89fd76ea,2021-10-30,1,light_heavyweight,0.17091288047708322
3a77a8f67a2ec16505bae0ef,2021-10-30,0,welterweight,0.23040182054213904
dcdf4bf3562857781eb17181,2021-10-30,1,light_heavyweight,0.5745108624675699
d9465c9e6c4e4f9160831db3,2021-10-30,0,featherweight,0.34519681815604863
bfa3ac1e602529401051e936,2021-10-30,0,bantamweight,0.39597654282937805
243a6d2ea06e822417f703e4,2021-10-30,1,featherweight,0.3480702181000897
5fc60133e539e2c0c7530ce7,2021-10-30,0,light_heavyweight,0.37589627546244625
71a1ce754a0d5c295b38d6ad,2021-10-30,1,flyweight,0.5663162142754763
feba7692e9ec00fc3f868095,2021-11-06,0,lightweight,0.5494403406890693
920ccd9a5d510535cd3692d3,2021-11-06,1,middleweight,0.5884692110752671
10daa6ca09d264f8b7a2893a,2021-11-06,1,flyweight,0.4416192476589632
e9b6f10c97adf96e4e554cc5,2021-11-06,1,light_heavyweight,0.4340602896942512
0e30995a9aa64204088d1709,2021-11-06,0,middleweight,0.5952992877534004
25b357bcb1a6646fa18598ef,2021-11-06,0,bantamweight,0.33819466806458776
b0256b7f301cabc76e6204a7,2021-11-06,0,heavyweight,0.7459719799933414
8480a1caaf0cfb57c9e5fdf8,2021-11-06,0,welterweight,0.39580542068104835
d88311609f9c79db410e7e7f,2021-11-06,1,lightweight,0.7008961290333474
16299a61153a379aa621129d,2021-11-06,1,welterweight,0.7369825383235681
bf1435ed5ca5a3918c669450,2021-11-06,0,featherweight,0.3889395768472878
a93768c61a4ee022e03f794a,2021-11-06,1,middleweight,0.21174072858903828
81d3f9751c8bc9bd3e0662f1,2021-11-06,1,womens_strawweight,0.686387709905478
b0c67496eb05d9210c671511,2021-11-06,1,featherweight,0.48532656151122316
949db9181591a44d3ae970eb,2021-11-13,0,heavyweight,0.43339809830041975
89ef0e35ce5ec74836288f7e,2021-11-13,0,womens_flyweight,0.3833285617847938
c212308191927936a67ad305,2021-11-13,0,womens_flyweight,0.5782120346739801
8797bee1f200128ccd5ee671,2021-11-13,1,womens_featherweight,0.5548192940734203
2a193240a3ef708a55d33473,2021-11-13,0,light_heavyweight,0.38936426917408157
5bc0f36c0ff5a8dbb0b2fa0b,2021-11-13,0,lightweight,0.4674963128203568
e2e00765ed6f4ef0e3cf26ea,2021-11-13,0,featherweight,0.2833796940304053
4ff1b5494b02c884c647e48d,2021-11-13,0,welterweight,0.44930207525758553
422d4b195157b17048d3578c,2021-11-13,0,featherweight,0.528452453114306
796ec7042f87631266057606,2021-11-13,0,bantamweight,0.17040507411334388
7200ae576f27dfe33d808be9,2021-11-13,0,lightweight,0.7175287206484765
2b9f75df7adfc64073e39234,2021-11-20,0,flyweight,0.21693591913270044
ea47fd95680fd40e63662844,2021-11-20,1,bantamweight,0.7263128738073756
955de39b09cc63ac1016eb55,2021-11-20,0,womens_flyweight,0.4286630102532076
c3392d5ce8b0f7cc39849ea5,2021-11-20,1,womens_bantamweight,0.58799151528706
886b35ce27e0dbfb4ffa65b1,2021-11-20,0,womens_strawweight,0.4028874349116381
02b2074a853937d576367380,2021-11-20,0,womens_strawweight,0.21735096405537507
c8b8e8a3970f3b7e64b5d37a,2021-11-20,1,welterweight,0.5373360668805308
e5d94690a4a67d6c1acbeec9,2021-11-20,1,featherweight,0.32138772300567997
b456d5fbc84ec67adfb965e1,2021-11-20,1,lightweight,0.628359988716749
2fe0e26b551c93e2cdfc10ae,2021-11-20,0,bantamweight,0.5773714307466776
3c53f6a604af1ebde04927af,2021-11-20,1,featherweight,0.35099253438293965
226ce750c662215efe521657,2021-12-04,1,welterweight,0.6189793765604688
f86d296f6d7d0c47ff000083,2021-12-04,0,light_heavyweight,0.6499885596279296
2a0cb1a7ac7387052927df0a,2021-12-04,1,lightweight,0.46820501822168176
73875ab95fc90e65ed3daa4b,2021-12-04,0,middleweight,0.8116493581881773
7d6c4908269ce22c76a5bf6f,2021-12-04,1,welterweight,0.6526359149043983
8ee79a7798d17ee7e0e747e8,2021-12-04,0,womens_strawweight,0.4980841085347026
384b21ca73c1b32e325cb539,2021-12-04,1,lightweight,0.7034477807213734
4307344dfcf8272d6832851b,2021-12-04,1,lightweight,0.34333215768941455
dcf02508a91496610861f3cd,2021-12-04,0,light_heavyweight,0.5023472196968594
68951def6fd1fe3b617a2a78,2021-12-04,1,bantamweight,0.48279511833640937
e88409e5199e7f4ec93cd5c3,2021-12-04,0,middleweight,0.40943106535883594
51f23bd45fcb1ce3757cd2ac,2021-12-04,0,flyweight,0.3394983144102533
24bfa926f53e850e1895df92,2021-12-04,1,bantamweight,0.4284519974675595
b24994b03c0c6d0628dcb5f9,2021-12-11,0,womens_bantamweight,0.8731791388949262
977f1d7a994d29e9c5ddb2e8,2021-12-11,0,middleweight,0.47754520086985813
3d1de970a2cf4b319b4c6692,2021-12-11,1,heavyweight,0.3557813907425157
f6cf5b0962a53fff711a1736,2021-12-11,0,lightweight,0.38026418696931297
362ded9378ae33d6df9ab0db,2021-12-11,1,welterweight,0.5304040471890303
659800e49c983b90b1532269,2021-12-11,1,womens_flyweight,0.7469704958066576
5d9fa69369301a12d9df127f,2021-12-11,0,middleweight,0.24839741039690366
7f29861d529a3539870a709a,2021-12-11,0,featherweight,0.6622088617432755
134497c23d1a4822c4629299,2021-12-11,1,flyweight,0.34645734384978977
71350b718af2d753556e708b,2021-12-11,0,womens_flyweight,0.5018532641673752
a66c555eb560ade1333c57d1,2021-12-11,0,bantamweight,0.4691867151695361
9f6cc54787f0d18509556ebb,2021-12-11,0,bantamweight,0.8159486381369413
f98dfffa944a6f9adc6c85de,2021-12-11,1,bantamweight,0.7548003385483326
7113c70ef552d4c9dbc57658,2021-12-11,0,featherweight,0.5851337395339558
8e8924f709322a82ecacc60f,2021-12-18,1,womens_strawweight,0.6643666492053908
82f44b2371ac1940213fab72,2021-12-18,0,featherweight,0.3743859825333477
8ab8d29bee172464a056b759,2021-12-18,1,featherweight,0.5220273597910132
13aaf98af49e0e06517a3cdf,2021-12-18,1,heavyweight,0.36360744254188404
9012e4d57365a687d63decab,2021-12-18,0,lightweight,0.3324681647352567
57db8b42042306ccb55cc279,2021-12-18,1,heavyweight,0.5084077074465639
6a6de675461536fac3479406,2021-12-18,1,middleweight,0.6098188241485851
ff80eefba644b7bddd785a3e,2021-12-18,0,lightweight,0.4981105916351427
7d13cbda8ae96a92482d1526,2021-12-18,0,heavyweight,0.2235744587354882
60f48f8ffdb45557c4561d0a,2021-12-18,1,bantamweight,0.7843294340932956
5dc086998ae75bc0d851ceda,2021-12-18,0,womens_featherweight,0.5769872224011965
5577100fdcc775b07433f1b2,2021-12-18,1,womens_flyweight,0.558127265394389
1df0129cb041d9c977faddd7,2021-12-18,0,welterweight,0.3728662918557065
881ea0620bb309ae02591096,2022-01-15,0,featherweight,0.45579754193015803
299816fff28d6ce721fabf71,2022-01-15,1,flyweight,0.5510825354613006
caaf36c1c3755cb12f5893eb,2022-01-15,1,featherweight,0.6783919640513685
889cc985afcb06e617eda61a,2022-01-15,0,featherweight,0.7101520712688808
6390092375396a3f925baf1e,2022-01-15,0,welterweight,0.46901033896335437
ebaff87fa2549b3b83d61772,2022-01-15,1,lightweight,0.5085205684054526
8b9c5af00e072a39cb6e2a7a,2022-01-15,0,heavyweight,0.44364139034964495
f72950530e203bc6f352bf55,2022-01-15,1,middleweight,0.4229390802081279
2d6c4dc57a1961ef40816f56,2022-01-15,0,womens_flyweight,0.2443416355274716
c77316be700ef6effbca89df,2022-01-15,1,lightweight,0.6472462469231821
8eea8daed7a521ab1426cfe0,2022-01-22,1,flyweight,0.3063360735048092
cc260ab6f2dcacb734b6e2ea,2022-01-22,1,bantamweight,0.5584861620887164
10040856fbf145522cf8cf94,2022-01-22,0,heavyweight,0.7633489558699632
dddd15fae61d06522710056a,2022-01-22,0,welterweight,0.4951523037500548
08046d48d6a4eb8737a3b825,2022-01-22,0,womens_flyweight,0.7035480428805679
8b50626d4d84c3aa45d15a54,2022-01-22,0,lightweight,0.5409590118727456
de14551f8d21580fa8596ef6,2022-01-22,0,welterweight,0.7101086580154102
de8ba4acaa432c191891b7af,2022-01-22,1,welterweight,0.7494073558617774
ec8bb730f1d208b6374ecd80,2022-01-22,1,bantamweight,0.1964799793534486
fcbbd7bc5f35efaf8450ad3c,2022-01-22,1,womens_strawweight,0.6704945404736072
98122fe1742fdd5100be2839,2022-01-22,1,bantamweight,0.7048159640023983
6ddb3676f4a7c26e86f9b228,2022-02-05,0,womens_bantamweight,0.5996790505488089
0272a89c05fdfaa2990c60a4,2022-02-05,0,middleweight,0.6858239446940416
0e91e69c628ca4308127c75d,2022-02-05,1,featherweight,0.6043648524070657
509c5eeb2b44572ce95c4735,2022-02-05,0,middleweight,0.29732679226413816
62bd1e7c1b554cf0ae6a45ec,2022-02-05,0,light_heavyweight,0.6456029759687566
8bcc740a724dc791e5db5130,2022-02-05,1,welterweight,0.3914835433975534
1c899e0a6dcb00a341edeaea,2022-02-05,0,featherweight,0.467910620124343
90b3e133f1e2802dc88d0786,2022-02-05,0,flyweight,0.5195327579068852
10e50c9169649dc909f1e474,2022-02-05,1,bantamweight,0.25564668844176225
1d5256e991b31002be9b6431,2022-02-05,0,middleweight,0.44716499986966524
6b2eb716c19a21cbe060c8e0,2022-02-05,1,light_heavyweight,0.6962403609799959
d139ab9b5859db7ac6fac52c,2022-02-05,0,welterweight,0.32858685522835723
16e2466bf12ade10d76a1eda,2022-02-05,1,middleweight,0.5528072518563182
78785ae4443a05ddc0bb103f,2022-02-12,0,middleweight,0.5048419390911318
90d1c538c65bf733ee1afd05,2022-02-12,0,lightweight,0.5072000137465191
2715ae1c5ecb134385026391,2022-02-12,1,heavyweight,0.27562214157522796
ebf653201e47f988f8939597,2022-02-12,1,light_heavyweight,0.6390596078390576
1a6b5820ddd6159cefd853a9,2022-02-12,0,heavyweight,0.5800126687187925
84e02aa57d1cc6af09fd93aa,2022-02-12,0,bantamweight,0.6607486263132402
f6bbc41b4218274211e225dd,2022-02-12,1,middleweight,0.61744628617872
7d1b32a9d4d917e6275675bf,2022-02-12,1,middleweight,0.4004234485760331
b43ee87245d800862af774b9,2022-02-12,1,welterweight,0.6183363774734898
d69376c1ea693c430e1f0818,2022-02-12,0,lightweight,0.5832536953593894
1f61d0ee3ab6febfeb923aaf,2022-02-12,1,bantamweight,0.8288249745644681
6cd1aef6194b33b28b3f5cc2,2022-02-12,1,bantamweight,0.558506301917922
f332f3a05dc03a803776a9b5,2022-02-12,0,womens_flyweight,0.20591379079677338
9b4c38da301541ccd18bf9f9,2022-02-12,0,heavyweight,0.6139508768321432
e037496750d4a80f908de5f4,2022-02-19,0,bantamweight,0.6488126904201803
05f71a10c41ce6a5c3587bc5,2022-02-19,1,featherweight,0.7380374837840841
62712c070cfa71b63ee554b0,2022-02-19,1,womens_strawweight,0.4037882478307844
83eb5904775e936959d6d016,2022-02-19,1,featherweight,0.35265460452555003
e3a18f940a8ab9d972aa4639,2022-02-19,0,womens_bantamweight,0.4869824071498143
541220a08c84c482c971b01b,2022-02-19,1,lightweight,0.3886228144205177
ba606d161dd1c5f504f8c984,2022-02-19,0,middleweight,0.39553212121765724
0f1eb9c25283cba2a7cd007d,2022-02-19,0,light_heavyweight,0.6744113747268914
774771f5b5f0f8d5af90fd20,2022-02-19,0,featherweight,0.34265654573141
7085b77b6e0023c3296b8cf6,2022-02-19,0,catch_weight,0.3371743357684644
8c1cb182501b4ff4c557a4f7,2022-02-19,1,bantamweight,0.6642391017434106
e0eeff5374ca589d7b5f7626,2022-02-19,0,heavyweight,0.20622602852146277
0bf431efc2c9170850a83b3f,2022-02-26,0,featherweight,0.28827949656770124
338700b1b79beb6242e882f3,2022-02-26,1,lightweight,0.7293800087570613
21ab4fa36f44cfe6814659de,2022-02-26,0,middleweight,0.7305561782580631
e9955a213c246dc76802a534,2022-02-26,0,catch_weight,0.27716165470713205
755b2c5ef7b44148e45d06f8,2022-02-26,1,womens_flyweight,0.35804811823509414
c9e3bc4ea58df6235765f2e0,2022-02-26,0,womens_featherweight,0.41556147286836664
8c15089f0431ebf57fba0b25,2022-02-26,0,middleweight,0.5329355021236473
7b8dd4825672e5c71feb365f,2022-02-26,1,welterweight,0.47328083165842616
115cd12c43c7ca9a98a34354,2022-02-26,1,lightweight,0.4878799817339092
ad3d758504e40f089358d0cc,2022-02-26,0,lightweight,0.8247185957742085
09803872173680a4e5a486f2,2022-02-26,1,flyweight,0.4940823795495735
8cab78badf4b3f9f94431dcb,2022-03-05,0,featherweight,0.16415119832042746
eb2dea2335dc1879ca29907d,2022-03-05,1,welterweight,0.5922161155874277
59e88ba1af2fe8e1830220bd,2022-03-05,0,lightweight,0.36326162793769745
c66c7054afb057dd78aa0f05,2022-03-05,1,light_heavyweight,0.4130998736846842
76eb17111d5981c71736b835,2022-03-05,0,featherweight,0.21675719940510804
054327f45b8b36f1c6c59bd8,2022-03-05,0,lightweight,0.5868742752132561
fe7ff91782693e8c97668462,2022-03-05,0,welterweight,0.22560205863983376
191f8590132dd622386f8dcb,2022-03-05,1,womens_strawweight,0.6822720155905689
62773007de975caae0e7403f,2022-03-05,1,womens_flyweight,0.32721372952444966
ef873da872c2b8ddc6d7f482,2022-03-05,0,light_heavyweight,0.6124706255303989
0e0ef94c36f8e8a6f0d81303,2022-03-05,1,catch_weight,0.28989818342924806
8b16bf8119b7a1889e14425c,2022-03-05,0,heavyweight,0.3379012838329763
8453f158995aa5825267e0fe,2022-03-05,0,flyweight,0.6176813876078885
4274a5bfdeeb6b92088e770d,2022-03-12,1,middleweight,0.373929635799237
a62677dbc6c31338dbfa9ffe,2022-03-12,1,middleweight,0.6141132832793914
53cf6639d25754d424f290c6,2022-03-12,0,featherweight,0.576825735715479
223c6e3695dc91fe55816b32,2022-03-12,0,lightweight,0.4544560249740129
6ec545d9b947c7840a6a9e2b,2022-03-12,1,womens_flyweight,0.49706994394488435
b80204d233e23b377832e77e,2022-03-12,0,light_heavyweight,0.5694931855708091
8f6f6a38f9345a057af6dcdd,2022-03-12,0,bantamweight,0.3196057036989209
4996c44f91f2861f4fab29a5,2022-03-12,0,bantamweight,0.15360325439877065
15a96087e7d45aef123c2813,2022-03-12,1,welterweight,0.6528008869655954
d51c5ce12e0b4950d5498e4f,2022-03-12,0,womens_flyweight,0.3471067411177073
2eb0a77e45cae384dd8ee69a,2022-03-12,0,featherweight,0.3261171069944426
ff820a222c111a32a86bd816,2022-03-12,1,light_heavyweight,0.26216328128952987
d4e5897b395921bd30941f44,2022-03-12,1,light_heavyweight,0.5321037636071639
c362815404c96b0fa3c1d79c,2022-03-12,1,bantamweight,0.40307252474170163
ddb23a0f0b02cab6843a40b2,2022-03-19,1,heavyweight,0.48120578282709364
fed3a50fd626de20bc9ddd39,2022-03-19,1,featherweight,0.5026169211305774
0edcadeec8b119ec0a8e22e5,2022-03-19,0,womens_strawweight,0.5856862356591546
90db3390059fe0b1ae095e2d,2022-03-19,1,welterweight,0.5945506714376357
18453b23edda3fa1d9952968,2022-03-19,0,bantamweight,0.24335298776400507
9ae7ce42c6960b736e0efa95,2022-03-19,0,lightweight,0.1350509921362106
606a3226edc45b339470c15a,2022-03-19,1,featherweight,0.693968786511653
8438c52b0f5b6abb1524eb73,2022-03-19,1,womens_flyweight,0.35109376481857574
e44f8d6c21499f7ee69f7413,2022-03-19,1,flyweight,0.3749474660427694
b0c27e0a67c2921f706c7982,2022-03-19,1,light_heavyweight,0.515776239022083
50519ade549a1f6ba3ecdb0f,2022-03-19,1,lightweight,0.3792296032700559
1855e62e711e7cb90db8c57f,2022-03-19,0,heavyweight,0.24519624461187212
d1bfaf3217d92836ca7666c4,2022-03-26,0,middleweight,0.4951523037500548
ef9aa738f67fd68f2ca5af2f,2022-03-26,0,flyweight,0.554300530231035
301dfd58acfdd68cb9065d69,2022-03-26,1,bantamweight,0.6449887185211342
351b3e350230c6b88f88f552,2022-03-26,0,heavyweight,0.24058110936002766
7d5f589e73ee039bd2697e09,2022-03-26,0,womens_flyweight,0.3661709092207692
2d86be1fe2a9c74ea1d1a00e,2022-03-26,1,womens_flyweight,0.45673908828202703
2569c71203392ff1e1f14af3,2022-03-26,1,featherweight,0.5597300398180002
41c6e7756509299ae12c897f,2022-03-26,1,lightweight,0.5887650574768778
2d2fb7e95f4e7d64dacc585f,2022-03-26,1,flyweight,0.5365103261514071
87d4157a7c6058179c54bd39,2022-03-26,0,welterweight,0.35459986413230865
e9351c7db8c8562852add0bf,2022-03-26,1,welterweight,0.6478884177095681
7af5d59b89e6c62ef7902cfe,2022-03-26,0,womens_bantamweight,0.7866174036531322
6a456265c9a0a54a45727866,2022-04-09,0,heavyweight,0.5752398040192176
9b4d0aeae28ca6a7651e18c3,2022-04-09,1,featherweight,0.7314679350609116
d59489d2219b8acf65c14d10,2022-04-09,0,bantamweight,0.6962006896362681
dcc78c9b5027cc486808530b,2022-04-09,1,middleweight,0.6744443537189038
10a507567f7c574bab053aba,2022-04-09,1,womens_bantamweight,0.5848115477957988
54dbd0ff791fe50de3635eda,2022-04-09,1,welterweight,0.7099650209478949
8d6783bbc0f9d2bd2d4c0534,2022-04-09,0,welterweight,0.559949136959422
e4d38da609f2296f44f8e0f3,2022-04-09,1,bantamweight,0.6386687553470763
395fac7e1cb89c9f48542548,2022-04-09,0,womens_strawweight,0.4926932666118292
c717778925b8d05d09226a63,2022-04-09,0,welterweight,0.6523482210024542
c8c932d20a23d93083cd5153,2022-04-09,1,womens_strawweight,0.36424129311568343
5210e8a6bd51cdb8a3be4742,2022-04-09,1,lightweight,0.5983888781999128
ab6c1f1d7010971c355e465c,2022-04-16,0,bantamweight,0.4871996303351793
4e19d3624ce2f192fda3e87e,2022-04-16,0,middleweight,0.4951523037500548
63a7508bcd39ffb177568395,2022-04-16,0,heavyweight,0.5317716604458261
a3b791cf3770be81a7311fc4,2022-04-16,0,heavyweight,0.3453044592269218
433dbc801627a6d385c7ad09,2022-04-16,1,lightweight,0.7527539863461093
f700791a20e6fde6268982b3,2022-04-16,0,womens_strawweight,0.4599619402273028
163a51708b615100cf2aba52,2022-04-16,0,lightweight,0.354440282653834
a2e535212cb0109c16e03dcd,2022-04-16,0,womens_bantamweight,0.22418419248154867
069de3205d6c699d7be551aa,2022-04-16,0,womens_bantamweight,0.41514021417335467
9c7629f898574d7d259de1e2,2022-04-16,1,welterweight,0.332052990971461
48857655a69cc90c77030d9a,2022-04-16,0,welterweight,0.48227007204842237
e9eef12674e72868f84a57a0,2022-04-16,0,featherweight,0.15046079670815443
a2af6edea9fea96f3d6b4f3f,2022-04-16,1,lightweight,0.5507006398572633
de09e08f6c57358e9c22f9b4,2022-04-16,1,welterweight,0.5025684081816154
48e6102e4d53ecae10721bf6,2022-04-23,1,womens_strawweight,0.6139318355109773
9b932197b1fb2a26a1208177,2022-04-23,1,bantamweight,0.79444284180905
06669d51b0a57a8f66b216d9,2022-04-23,0,lightweight,0.16140555866914658
692efc69390867723a995b60,2022-04-23,1,welterweight,0.39850556678034327
c85d55bcecdce0caae48f32d,2022-04-23,0,welterweight,0.3687124728206064
877e43ee92b6e92fe379f031,2022-04-23,0,catch_weight,0.5158167480974091
4d8474d6d776dc1f62fe315b,2022-04-23,0,featherweight,0.426400457739243
711d9ff3483b66cb33e6fb1a,2022-04-23,1,light_heavyweight,0.5271103586896019
2b3e69ba4ea58a394404b393,2022-04-23,1,womens_flyweight,0.5299339657776245
c89f90b1b4c3c2b9606febb2,2022-04-23,0,welterweight,0.5264409843737653
213b698eaacabc90d39c3618,2022-04-23,0,light_heavyweight,0.10260991519239374
2dbdb35090901cb11cdd7d38,2022-04-30,0,heavyweight,0.2077306817032885
aed8ef16b30b6d218c63f47c,2022-04-30,1,featherweight,0.46982590858786344
fcc9d5a0cfe4deba917371fb,2022-04-30,1,heavyweight,0.2854043543004238
9ec02b95cb264245c08bd1c3,2022-04-30,0,flyweight,0.3009146776598139
566ee83c01c427d616e79cb3,2022-04-30,1,featherweight,0.42949785657255446
312ba0118051211ffa424bb3,2022-04-30,1,welterweight,0.44721308530790355
bd90e67407043275cc350cb5,2022-04-30,0,womens_flyweight,0.46999605585737403
9932564c59fd0493d46f20f7,2022-04-30,0,lightweight,0.31037860502515385
ccbcefc2a02e49bf307142df,2022-04-30,1,middleweight,0.5504050510317212
59e0827ca63295b63cd6a91a,2022-04-30,0,lightweight,0.3071332772120535
4e359c108544d2c8759d97d6,2022-04-30,1,bantamweight,0.5742261113907958
e83c43a20c4efdef6b675240,2022-05-07,0,welterweight,0.34383455037011945
c3f4eb06b7985fd64caa1c2a,2022-05-07,1,womens_strawweight,0.5283771549864366
27a25d6c4438938f3521b32a,2022-05-07,0,heavyweight,0.5302759683566721
f9ad67246c83a9f959594eb4,2022-05-07,0,flyweight,0.39691501932939327
68ecc0f643b3d96f33c5ea9d,2022-05-07,1,lightweight,0.7804050304086845
54d66068ae43906aa7a9cf26,2022-05-07,0,welterweight,0.5609042502803712
a295f10a5980bdb7db934877,2022-05-07,1,bantamweight,0.4274451055181011
57499631d3bdce3f6fc81243,2022-05-07,0,flyweight,0.47402586804892055
65626c902a390cc627f7be7e,2022-05-07,0,womens_featherweight,0.6412592795683272
d31f108ad033cadad0d1f468,2022-05-07,1,light_heavyweight,0.46889759711500084
cdb998abfa18ccf9f27af3b6,2022-05-07,0,lightweight,0.5193049348794738
709d13b3d0f6930bb797146f,2022-05-07,1,welterweight,0.4277232939472366
e513925b16ccc7cf2bc93298,2022-05-07,1,womens_strawweight,0.367029308290872
cc6e0ffb423d24fff180d8c1,2022-05-07,1,womens_flyweight,0.3776795885258378
e80cfbe7751b8e42d0e37d81,2022-05-14,1,bantamweight,0.48830062779353933
d21ed7987834436d79762e16,2022-05-14,1,lightweight,0.6515039471301286
4987dc6f22514fa13327d770,2022-05-14,1,flyweight,0.648428878022583
ec3db7fb69fd747f19d2772f,2022-05-14,1,light_heavyweight,0.49090062647344107
3a7bcb7089d6096f13b7cd48,2022-05-14,0,womens_flyweight,0.4594851815971969
cb4c231ddb365e4a24ca3af4,2022-05-14,0,lightweight,0.4323982454239959
95e847d3cc4c6bcbd6043bc2,2022-05-14,1,middleweight,0.4179883927397431
db6d572d7fc3c8ad496fe6e9,2022-05-14,1,light_heavyweight,0.4914409394110929
d0dd5444e56544c7c7529281,2022-05-14,1,flyweight,0.6598712626669593
6b6cce875a6e865322f23a66,2022-05-14,0,womens_strawweight,0.37959066659750024
da1f5ebe1db19397cf95fdcf,2022-05-14,1,womens_flyweight,0.4201025178710102
a909d174db8b4390ae3774cf,2022-05-21,1,featherweight,0.5593924127940963
9101fa72d85c818841ee1d9b,2022-05-21,1,middleweight,0.3984311389356435
b2a463b8b2afe1453190b2a1,2022-05-21,0,womens_strawweight,0.5671922193322727
383bc526c4fd50b1ff054c67,2022-05-21,0,middleweight,0.500176366558056
45ca004338ad389c7e7dfbd2,2022-05-21,1,womens_bantamweight,0.49460811121896564
3f379cb193e0300c1aa1f821,2022-05-21,1,heavyweight,0.86626406034886
2613b85681482b84539b6f00,2022-05-21,0,bantamweight,0.17687417089972196
765486e120840e8df1d10183,2022-05-21,1,middleweight,0.6734477594108053
40240f9f36602a2870ec2baa,2022-05-21,1,lightweight,0.4392907765312925
da790c4bab3aeacba933229a,2022-05-21,1,womens_strawweight,0.31357235831953845
e2c480e4c1e2f0c1546d5d77,2022-05-21,0,welterweight,0.42721733077586876
d22c42254e29e2ec340e1418,2022-06-04,0,heavyweight,0.3585830569473652
7d2d589ab3a24ccbec850331,2022-06-04,1,light_heavyweight,0.7361377106620789
b5fef85ad8722e2c173f1f31,2022-06-04,1,featherweight,0.7748306796340486
f9fbead95e311fc0ea7c84ee,2022-06-04,1,featherweight,0.6346687252084119
23a75d6e26246f3fadb396da,2022-06-04,0,womens_flyweight,0.43144861389369293
65042c1a280902886dc6dd26,2022-06-04,1,womens_strawweight,0.5239573157568728
c65a22b110cef6fbb2125d34,2022-06-04,0,flyweight,0.19999235834536408
8ce12f6034150468696c1404,2022-06-04,0,lightweight,0.4743191945190029
5445242c5438b4603f99e089,2022-06-04,0,bantamweight,0.44588411945057255
d14d68587e692687da0d3f24,2022-06-04,0,womens_flyweight,0.44399381689927553
e663e56b52a832ad0691ca69,2022-06-04,0,featherweight,0.5187646917798959
48c473af66656aa65786f4e1,2022-06-04,0,lightweight,0.347716473114563
1879d9ea46bd3c6332543b68,2022-06-04,0,flyweight,0.6165986898110771
b2038bb6ca99f8b0ed7255c7,2022-06-04,1,welterweight,0.49515234785334084
e49e62b538c8335689613162,2022-06-11,1,welterweight,0.5543477073212429
065e1f6ee6a773ecb89f7d12,2022-06-11,0,middleweight,0.3129340602235544
fb821412f370884401d35139,2022-06-11,0,light_heavyweight,0.383813228941082
1e545d34ef5e99a2aabb7d44,2022-06-11,0,welterweight,0.4735762330892835
1991007feecb43a26b0eb7c6,2022-06-11,0,bantamweight,0.43268225198890603
4bdcffba7b815f20f7f0c0cf,2022-06-11,0,womens_strawweight,0.39124113930001075
e257df6df9aae0de1ae83c76,2022-06-11,0,lightweight,0.6390030649671001
acf90527fde3048d8876a70a,2022-06-11,1,womens_featherweight,0.5095012091573785
940b51f448bcff3babf27a3c,2022-06-11,1,featherweight,0.5085552122629217
bd4b807ebad4ce66420cb1f8,2022-06-11,0,womens_flyweight,0.2597751157471735
d41039f9c98e4cd3418f2f02,2022-06-11,0,womens_strawweight,0.6208247696922582
69d6707f40dbdd247de83d25,2022-06-18,1,bantamweight,0.7850019445503131
b2afb64bd777a942b65dbb5a,2022-06-18,1,featherweight,0.4354426772498503
bc67a856832a4900d2384ba4,2022-06-18,1,welterweight,0.6171752354513675
4a4060d03f813216114e4968,2022-06-18,0,lightweight,0.3532468596756744
2280acaef1bd4f8d94bf22f2,2022-06-18,1,bantamweight,0.8574160915448453
ef1c81da42f18212117eb7db,2022-06-18,0,womens_flyweight,0.5078095395920705
b8b37ab0d685d69a80b80bfb,2022-06-18,1,middleweight,0.5576527583122888
c8bce7a0cd5b64400d6ce30d,2022-06-18,0,middleweight,0.5280623371257599
34eacc018777cf756f0a9bc0,2022-06-18,0,womens_strawweight,0.5646116348297665
61b4b53d06936ba0aa98113d,2022-06-18,1,middleweight,0.6714308771001938
2cfd9a8c1b61856144ef594b,2022-06-18,1,featherweight,0.7864856701487255
5bdb3da39bb6e719e9fc0618,2022-06-18,0,middleweight,0.578384724740377
68df60a85737373fc82b19b1,2022-06-18,0,welterweight,0.16092155379605455
2fbfe695974365c0c5f85fc8,2022-06-25,1,lightweight,0.35768398776977
6458152c222f4906571bcde7,2022-06-25,0,bantamweight,0.3087355937925274
2ecd2eed9d2962188ecb5689,2022-06-25,1,light_heavyweight,0.31795647167261726
818221d71c181b39140c5074,2022-06-25,0,middleweight,0.4467362491301148
35e5e8e703d00edf360a6043,2022-06-25,1,heavyweight,0.42720985074293394
dbd552c2d7e341649622ee23,2022-06-25,0,flyweight,0.5184243330244219
d3ae12666b9f9a68eead2751,2022-06-25,0,bantamweight,0.12085653083361879
e4ea35454ee62c778fa3f4a6,2022-06-25,1,welterweight,0.5458303848927434
b21c9e5ff089ca9195054ac3,2022-06-25,0,bantamweight,0.5898702660755957
76e3a22b48d90e22583c5147,2022-06-25,1,featherweight,0.2184513027953406
48b66f6c4e067ab131987c86,2022-06-25,0,lightweight,0.30209825382240824
a59780a9c44b0f7455be33f1,2022-06-25,1,womens_strawweight,0.3167631287439928
e02eea16ac82e778f7daf1f7,2022-07-02,1,featherweight,0.6284339909188327
876921be33b920ac9567b725,2022-07-02,0,lightweight,0.5791507156187773
e81f8dc803fd77311da05e80,2022-07-02,1,middleweight,0.57470085755045
859d13910d61abd539cc945f,2022-07-02,1,welterweight,0.5507463121792403
e6c3e6276839dd5d64a789b2,2022-07-02,0,middleweight,0.26192326317968245
a2e9ef0e8cb15790f8ced352,2022-07-02,1,womens_flyweight,0.7343133094973452
eea7d1b3716582025dfbfca3,2022-07-02,0,womens_bantamweight,0.5074730772262066
2a9cc81d46ea65120d7fbe99,2022-07-02,1,welterweight,0.5676092253150905
ba6dd14c8af9df3ea8f92512,2022-07-02,1,welterweight,0.7240178754230115
5833acc9c3ac9e365c6c0b7c,2022-07-02,1,middleweight,0.2446693872616516
177235a3e775a6743d6600e5,2022-07-02,0,middleweight,0.3923532604691172
f2fd98701b89701fae9088a5,2022-07-09,1,bantamweight,0.3494692258513755
803fc1e81cfdec6e7a503544,2022-07-09,0,womens_flyweight,0.5886171663169767
8990215859428aaac941741d,2022-07-09,1,middleweight,0.380197465045901
833c99cb97e71c4d5ca53fcb,2022-07-09,1,middleweight,0.46011425714548804
894eb20cea5348518aad7e6a,2022-07-09,0,featherweight,0.4698031005847154
ec47ffa3f0a194c15729e14e,2022-07-09,1,bantamweight,0.8949806719911761
eb92cb37c14b9a12e2392824,2022-07-09,1,heavyweight,0.3208460169042884
ed326894c1c1b1d3adbf1cba,2022-07-09,0,light_heavyweight,0.2588830214148504
3762c8ce8cd05373829c8371,2022-07-09,0,lightweight,0.298155108435457
85e2d3f91c45cbb0e0bc1cb6,2022-07-09,1,lightweight,0.6667110018558425
fb7e9ab6b45aeb9bdb8436ab,2022-07-09,0,bantamweight,0.5209410827524841
b203dec5ae3023e120de922f,2022-07-16,1,featherweight,0.709711896451647
a32125452f6904259fbc72b2,2022-07-16,1,featherweight,0.5534888199137452
8fe207b501c2aa7554270832,2022-07-16,0,light_heavyweight,0.41502237037065604
a9c93145b251be4e9d7e6dcb,2022-07-16,0,middleweight,0.4359462145199235
12d4dffc5e8bc17202be2632,2022-07-16,1,womens_strawweight,0.3551979030018704
fb462f5b2e9f652779cdfb66,2022-07-16,0,womens_flyweight,0.6835230950056642
c637b6f0f5a09bb8e1a74e50,2022-07-16,0,welterweight,0.6032727241543662
17ea09382d449f8306c19c3b,2022-07-16,1,flyweight,0.33857553684898184
fd355002a0fa2e74e3536f46,2022-07-16,1,womens_strawweight,0.5664699846781992
ccfedebf868f0b8dc734bfd2,2022-07-16,0,middleweight,0.284792099654923
aec85754ffdd895e4321b6fb,2022-07-16,1,bantamweight,0.3450388579013514
ad625eebc9ae756d4e5ce12a,2022-07-16,0,featherweight,0.5600214864821242
f0728df1781fd229cb014c50,2022-07-23,1,welterweight,0.5907018602890757
fc3a021d4027a74cd0e85243,2022-07-23,1,heavyweight,0.5531298024543563
953bbb8b3a4dbab3e4857e03,2022-07-23,1,middleweight,0.517794352644777
e1bfa78d9e55d9829168dcdb,2022-07-23,1,lightweight,0.5668408368280309
d04154269d7f8664c62b6131,2022-07-23,0,featherweight,0.3490238907656357
68dfedbb07bf88d9ca273dc2,2022-07-23,1,womens_flyweight,0.46721838899297796
ec4c20bfa09fac0285d92870,2022-07-23,0,lightweight,0.4206436973910544
3ba5a9abbb1ae3fa79599046,2022-07-23,1,lightweight,0.5186821632532989
291314e3a3d4ef5e1277e4e1,2022-07-23,1,womens_flyweight,0.5789232298521968
819b658e6cf0d717bb91de6c,2022-07-23,0,flyweight,0.4709915487634421
e1c2046ddc61effa0182c84b,2022-07-23,1,featherweight,0.9009220214411997
fcbaa5ecf7ea948ec4284861,2022-07-23,1,light_heavyweight,0.35803063389004663
a3042f1e67d6574fb63da12e,2022-07-23,0,lightweight,0.6017428233456305
ef6ab6d69866893d4c3f7e61,2022-07-23,0,light_heavyweight,0.45575802566236673
b8683f73e2644670bf1ff574,2022-07-30,0,welterweight,0.5278320270715865
282ad5f28deaf15f8dca4792,2022-07-30,0,flyweight,0.6065321370171047
5fa0aeb049247895d054ff67,2022-07-30,1,flyweight,0.5801308510348316
c07de9903dda0402b5b7ae51,2022-07-30,0,heavyweight,0.5119481121410496
5aaa23664d6070cac2051597,2022-07-30,1,lightweight,0.30113759099144516
58e54a3c63001690d005c9bc,2022-07-30,0,lightweight,0.534527651883212
10b81e064c1a7b6abe9a2535,2022-07-30,1,womens_bantamweight,0.6946811103701401
33eed00e388c88409a34cb2f,2022-07-30,0,womens_bantamweight,0.5156258190215541
e4877492b848342688b0277c,2022-07-30,0,light_heavyweight,0.3341967316036629
acc3d39765c5482fcb45accd,2022-07-30,1,welterweight,0.7408927256530903
17570bc74fd14e361a08e878,2022-07-30,0,light_heavyweight,0.3607937366304989
ac2b588a1a2472b349609a68,2022-07-30,0,welterweight,0.3488093578178811
1a6042f44f4e1018e13bcf39,2022-08-06,0,heavyweight,0.43313687882269186
11bfef30ead4201c97f126a7,2022-08-06,0,womens_flyweight,0.5053465520745574
ee78ff94d74191c0950c3305,2022-08-06,1,welterweight,0.598472269695201
14baf91c942b6d4b80278c39,2022-08-06,1,womens_strawweight,0.493371385787211
e16f507b343589a2e4e6722a,2022-08-06,0,womens_bantamweight,0.588541628561658
e21ab264e04732c3ef8f62f4,2022-08-06,0,heavyweight,0.48655890968240284
e9da8c8a6c31cb23cefbf64a,2022-08-06,1,middleweight,0.5647646785842051
6ec98fde74b283e28ca0a7fe,2022-08-06,0,lightweight,0.21308008749669116
cf34d5f335348b66aa91eff5,2022-08-06,0,light_heavyweight,0.525163077684778
f8f3e8322df974e5e79c4018,2022-08-06,1,welterweight,0.4449760860260469
a786185afd5f82f1db44d3c8,2022-08-13,0,catch_weight,0.6201357022969272
769a825b93d1f461ed037a48,2022-08-13,1,middleweight,0.49031004170492065
e5ba6b21277ad5545d7c0dc3,2022-08-13,0,womens_flyweight,0.6479140563778405
7322e2f3f4bf5390f2bda163,2022-08-13,0,light_heavyweight,0.6610586568677619
aaf6d2192b150766430fc20b,2022-08-13,1,lightweight,0.5255609064010613
ba36c66a9c8864239d835333,2022-08-13,0,catch_weight,0.5455709673575828
e07aa035986642062d25c1f5,2022-08-13,1,bantamweight,0.5718528016628477
8734458639c9a77e963669f8,2022-08-13,0,heavyweight,0.4207060535316362
8e3ee192291658b73f706113,2022-08-13,1,featherweight,0.3610372902248982
207fbf80c6f721606f408c61,2022-08-13,0,flyweight,0.6613064700907961
0e895646923d2363e9ee3865,2022-08-13,1,womens_bantamweight,0.3335585877921688
cd596c04dadc1a357e70db6e,2022-08-13,0,womens_strawweight,0.5053465520745574
7e414bf2e90506da27163941,2022-08-20,0,welterweight,0.49344132196200635
8a9c09281e5eeca72ddede9c,2022-08-20,0,flyweight,0.3245233036576246
fc73feb19b3af4a912864096,2022-08-20,0,bantamweight,0.39109355974521703
2e655f9fa69fc63ba339bf9d,2022-08-20,0,flyweight,0.35569114178263184
09110ce448db775f208b9e4f,2022-08-20,0,bantamweight,0.22826037738087296
96bf35f8d242172083318f0b,2022-08-20,0,welterweight,0.6751396813660341
72cae9b3b0647f262149f01d,2022-08-20,0,lightweight,0.19599709249886235
6e01d4335754eab4e2519c82,2022-08-20,0,heavyweight,0.5903290177483695
e041b8ced5ccae038bf87f85,2022-08-20,1,middleweight,0.5303485591598059
e21703f2490a99b16dfadb3d,2022-08-20,1,light_heavyweight,0.7956134238669614
f41c685ee847a134377ce615,2022-08-20,0,womens_bantamweight,0.5735604169705414
9ce27f8c4c81304aae9d0e7e,2022-09-03,0,middleweight,0.5746825001835043
a3bbb4a0fa0064f0548c4dc4,2022-09-03,1,middleweight,0.5150814169400753
2d11896bafc8bb829b196c12,2022-09-03,0,lightweight,0.36447456841527615
55128794a5130c0766120091,2022-09-03,0,featherweight,0.5834725903293606
7301434a052e54b477cb10b8,2022-09-03,0,heavyweight,0.19547469527931174
d67df94cf203060829d5e02a,2022-09-03,0,lightweight,0.44307420162355454
3f009a05817aa629ecb33512,2022-09-03,1,lightweight,0.7020677642931357
86ec5f7ecd89641f1c7cff4e,2022-09-03,1,bantamweight,0.5329502699730647
561ee3bd70a2f70be5d0512b,2022-09-03,1,middleweight,0.6099863922869438
0fc64e2e9e677fbf1fdd2676,2022-09-03,0,middleweight,0.5562331941747316
be1d0f8c941e18f2385e8ec8,2022-09-03,0,womens_featherweight,0.3814030427464326
b8f2b3651db2a7baa029e536,2022-09-03,0,featherweight,0.4940823795495735
4a6bcffa1eef009392233795,2022-09-10,0,bantamweight,0.3156887228368261
c00654036cf18b5bb5f2d2c5,2022-09-10,0,welterweight,0.5310465035801759
b36dfd6178f9afe0176a1770,2022-09-10,0,middleweight,0.4943801490271155
7f7d0ff5834aebf0c6e0956b,2022-09-10,0,featherweight,0.7183709780622459
41da67b4d117a50c666ac843,2022-09-10,1,catch_weight,0.27509246868274206
6153221828eccf4930f0d3e6,2022-09-10,0,catch_weight,0.08022090812316689
9d40474ac4964ada854fa013,2022-09-10,0,heavyweight,0.5756962853168911
5a062d96aab1c99b7cc95f3b,2022-09-10,1,light_heavyweight,0.6454254923020339
61ba8d4c4fabfe43fbb836c9,2022-09-10,1,catch_weight,0.3061083774307314
014ea6d786ce6f657768e865,2022-09-10,0,catch_weight,0.34661052340888915
0eacc4f0d8ed4f419ecbcea2,2022-09-10,1,womens_strawweight,0.5311046844925251
b23e87fdf32c675244e517b7,2022-09-10,1,welterweight,0.4860186013999045
129aa2e2442a6668ab3bdc63,2022-09-10,1,womens_featherweight,0.7523706430996336
5c6812938d363a82f925824d,2022-09-17,1,featherweight,0.30614520414877366
8d050432569789c31a32dcde,2022-09-17,0,middleweight,0.3500329002801058
dbcca4558e9c1d0d13c510a3,2022-09-17,0,middleweight,0.2598472301022139
bc3c14ac6ca3b5d7e1f471ce,2022-09-17,0,bantamweight,0.6720020782110209
c743e51d32485abb008206d8,2022-09-17,0,featherweight,0.4715954865019633
059dfb0529502eb13b47c82e,2022-09-17,1,womens_strawweight,0.5386262394541882
f973efc4d40fd253e6092acf,2022-09-17,1,middleweight,0.8623933580136763
faae6d894d5ca7b2e828bf54,2022-09-17,1,womens_flyweight,0.5239131623520414
ba54b51b997887a6beff6ea6,2022-09-17,0,lightweight,0.4558270994312306
4d68a5e737c1e8b51f6f2e2d,2022-09-17,0,heavyweight,0.7313488374745846
58d0836ce3aef89372366e16,2022-09-17,1,bantamweight,0.35109084336429125
1afe0d50e01083bebcec9aa7,2022-09-17,1,welterweight,0.6688512811442936
49322c3b76a447084d3343fa,2022-09-17,0,lightweight,0.4356527947342551
87a787d77cf0a5e09d3d9395,2022-10-01,1,bantamweight,0.2644085238458495
38a5c52b9d2138c264286309,2022-10-01,1,heavyweight,0.5638184354227059
fc47440fea6c1d9a73f29056,2022-10-01,0,lightweight,0.4957057485741561
5c2d756d58e2169143a3d205,2022-10-01,0,catch_weight,0.7174729091433514
fa7cd15e925add6d68fc71fb,2022-10-01,0,catch_weight,0.431552362826015
fa6a5ead0aa09a9ef6c5b57a,2022-10-01,1,middleweight,0.5806549880257884
b72aea582d1585d9cb98b492,2022-10-01,1,womens_strawweight,0.4002181770716992
769a6a0ed8f56e2771571177,2022-10-01,1,lightweight,0.6711660735561543
ba830e44c169818ed678aa41,2022-10-01,1,welterweight,0.7256598805243561
8a3a1e63063d34a285884a99,2022-10-01,1,bantamweight,0.617188730168149
332b606adadb464988ce504c,2022-10-01,0,featherweight,0.20321057130195255
01280f9e77503889cc5f9625,2022-10-15,1,womens_flyweight,0.5049340159231511
ca2c4ad4a77247d7ccff754f,2022-10-15,0,bantamweight,0.22661377860257456
0b42a434a9d342606e9634d5,2022-10-15,1,featherweight,0.5679679422579611
26959a0ae6d9ffc29e07813b,2022-10-15,0,middleweight,0.3674466271176153
aae253d49a82af766011fb44,2022-10-15,0,bantamweight,0.26477867089870155
dd6794095b4f567cbc4101d5,2022-10-15,0,welterweight,0.6342000982859585
044df039a74152712583ec34,2022-10-15,1,light_heavyweight,0.5420902119950611
6a2ccb4c05791a9425fdd871,2022-10-15,0,middleweight,0.5863116006516578
a351ceb4ec13704924e64821,2022-10-15,1,womens_strawweight,0.42761687106159296
4f4009ed9b6888d49211b309,2022-10-15,1,bantamweight,0.6396354297998105
cb331ce12f84a70205c765de,2022-10-15,0,flyweight,0.3171857392979556
2fa71d83dae3ebb848f3441c,2022-10-22,0,welterweight,0.30739564648493634
3969abdde9d204a1383b76b0,2022-10-22,0,bantamweight,0.2775826116974578
d51176910516429f296e9791,2022-10-22,1,middleweight,0.7319156052996881
8b1f7cebde3141ff07f2e923,2022-10-22,1,welterweight,0.5211811579459591
1f39f88404238882611b5baf,2022-10-22,1,lightweight,0.34561741466552914
89b86d8017ee9c1cbaa746ae,2022-10-22,1,lightweight,0.4888658135714914
e323e1ea8dacbcffaa512ad7,2022-10-22,1,womens_bantamweight,0.7922832627088628
35a1f8dde1fde0e00768056a,2022-10-22,1,womens_flyweight,0.393786310208021
f4c1d9b02ea276231e92bad9,2022-10-22,0,middleweight,0.4518784215771751
bf2060061f6746545bdfc695,2022-10-22,1,flyweight,0.5850402166776496
5cb842db992ceaeea1b3cf29,2022-10-22,0,bantamweight,0.6313259514827074
a99407677ffcc07b6201b9fe,2022-10-22,1,light_heavyweight,0.5132833508095339
9e77914c5d3a7d1ddeb09921,2022-10-29,0,heavyweight,0.22408737955061436
0475b074697fe0251c4d12ec,2022-10-29,1,featherweight,0.7217240756358974
9ad86cefbe6ecdf976f7782a,2022-10-29,1,featherweight,0.4750070411439133
ad5ce07a6e0876f8d5be2633,2022-10-29,1,bantamweight,0.649928010167298
3ea908dc8672aba46a6b1042,2022-10-29,0,flyweight,0.3523427866041979
9cf346c97ea2bbfd2c1c605e,2022-10-29,1,light_heavyweight,0.23822092213799018
2578ddec4698f73c077da962,2022-10-29,1,middleweight,0.7063257976765961
ca802282390c52fdb2408e0b,2022-10-29,0,middleweight,0.3460908992547023
15d5339005fa2e8e3ec329bc,2022-10-29,1,middleweight,0.35567794904532124
50f80108ef29bd03c1534f16,2022-10-29,1,welterweight,0.6572672414447516
5f9c2584685ac701df1b20f1,2022-10-29,1,heavyweight,0.3913833966184948
fb2b6999fee39d8d4b28984c,2022-11-05,1,flyweight,0.43907419690167554
1fa02083adffe4f1a1aaa2d6,2022-11-05,1,featherweight,0.4322731799099653
443e0c3f3b5ee8993cb6247b,2022-11-05,1,lightweight,0.690851060873951
ad031ee4e83f763ae7e5c2c5,2022-11-05,0,bantamweight,0.3912399184919205
85d5c7447efef749dd381282,2022-11-05,1,womens_strawweight,0.4404089374210617
d98a3449d656417386274448,2022-11-05,0,bantamweight,0.23877416196485482
67bf0adfb4a72e6d1d0816f4,2022-11-05,0,womens_flyweight,0.2147548624110355
7d63d3e966fba6336272ecea,2022-11-05,0,welterweight,0.5432560899222895
7d171beb120b8d9b085f3e3c,2022-11-05,0,womens_strawweight,0.5228391388980643
f6116b016fd15f3896db959f,2022-11-05,1,flyweight,0.5464224919705889
d752a82ef0612c0a2c486058,2022-11-05,0,womens_bantamweight,0.5314463592576156
8aa99b2cd9574bce2a5476f0,2022-11-12,0,middleweight,0.42069471742617126
57a461274144d12c6cfaa424,2022-11-12,1,lightweight,0.4303173751777542
c2dc5cbd59cfdf863d8c6b7c,2022-11-12,1,womens_strawweight,0.42357903469415953
8a2af618f9bb8c2582583f47,2022-11-12,1,light_heavyweight,0.42231872092702577
e85b565475987e455e539476,2022-11-12,0,lightweight,0.6126495904382406
66f2c5674043221ca0434043,2022-11-12,0,light_heavyweight,0.5674271873165451
ed6cea9fd841f86133410b45,2022-11-12,1,lightweight,0.5925819672543171
f9d00f1cc1b81acb25c5ad95,2022-11-12,1,womens_flyweight,0.6720009506257056
89753c38b68f7526bf9e58a8,2022-11-12,1,bantamweight,0.7401511386235714
b17854bdc5ac75cdebdebfc7,2022-11-12,0,middleweight,0.7190885421844342
bb48fbeed91a2ae16e631b45,2022-11-12,0,bantamweight,0.5220837423838145
52729424a8db9c8e560906f5,2022-11-12,1,womens_strawweight,0.5591836431670484
4f56ea61b8260643a03879bd,2022-11-12,1,lightweight,0.29346637767344613
a29b34f3eb27fd13d76b11fa,2022-11-12,0,featherweight,0.5941913857617901
d405e854a32224bcc4db5e45,2022-11-19,0,welterweight,0.342862489943688
65a1d86b89e2470e1e3db15b,2022-11-19,1,bantamweight,0.6284294611098504
a610b8fe21dd433dd33fd822,2022-11-19,0,flyweight,0.552678296547394
119695682640f1374d5c064b,2022-11-19,0,heavyweight,0.48590738314715026
134f4d4a92ff0f23596749a8,2022-11-19,0,welterweight,0.22115909594917948
076a794451db2a52b98c2309,2022-11-19,1,womens_flyweight,0.5649026845244667
7c2cbb3580dd05ab14dfada5,2022-11-19,1,light_heavyweight,0.6616586454539064
9893e9ce7e58dd73dc5255ef,2022-11-19,1,womens_flyweight,0.7949566032666062
08cc9cab63281c265de6127d,2022-11-19,1,bantamweight,0.5120974461739414
2f3fc3172d73cddfd573aa40,2022-11-19,0,womens_strawweight,0.28897896924449534
630502317483ca9c43c50cad,2022-11-19,0,bantamweight,0.25681618859869526
cb2b679c92bd80ebf4dce030,2022-12-03,0,womens_strawweight,0.33660235250004217
e884d59713242b5e40c18426,2022-12-03,1,welterweight,0.48198360021361913
78078a06b6123519e6e6389d,2022-12-03,1,lightweight,0.37371096668906256
b4ddf766033e81d0119cb1e7,2022-12-03,0,featherweight,0.12078485773504812
b2b4ba541349261a5183a952,2022-12-03,0,middleweight,0.583233712960327
fbe2eacc0874d97394ea1832,2022-12-03,1,middleweight,0.34352636525757424
ce3faf675b6078ae06995f59,2022-12-03,0,featherweight,0.41781302342555887
4dac47d315d1aca95332a102,2022-12-03,0,flyweight,0.3501550409868298
cfc93cd8941fdfe5321696d6,2022-12-03,0,lightweight,0.7782465824784758
4f162c7c30d92fff90d239d6,2022-12-03,0,lightweight,0.16926799997941827
6896a8bee73ed65ceb61e90d,2022-12-03,0,welterweight,0.5977354252996063
3df0cd81dd767dedc14ec088,2022-12-03,0,welterweight,0.8404583311568968
ffaaa6810e903c894557c687,2022-12-03,0,heavyweight,0.27096787525048993
69d8f51a708f4a602eb6b066,2022-12-03,0,womens_strawweight,0.3579691595506668
d685375c090e0b3ac4d13d51,2022-12-10,1,featherweight,0.4344974571925124
97918cbcbe4b3af27679dc76,2022-12-10,1,featherweight,0.5233006666541632
195a4a25edefbdee1978add5,2022-12-10,1,bantamweight,0.4940823795495735
f41619679889d65542ce470d,2022-12-10,1,middleweight,0.5385137813122096
898f396f3f2e781708ad4221,2022-12-10,0,middleweight,0.4023794205370604
89ac380a2e7df762e9960bef,2022-12-10,1,middleweight,0.7348191334080145
6f83248ed364da425ac6e6b5,2022-12-10,1,heavyweight,0.3983680177936168
220fc84b9439edce53facd04,2022-12-10,0,lightweight,0.7331959741235959
c21d7cb712ee6288e115f864,2022-12-10,0,bantamweight,0.608534263992619
11988bf1857ae4bc7fc9fc71,2022-12-10,1,catch_weight,0.4092432352610722
6cac8e9e2664ec7c35a78b87,2022-12-10,1,featherweight,0.6051597251170533
18932712ef980754aa8ea7d5,2022-12-17,1,featherweight,0.45441786423950925
a908a1420ff1d9f94575f943,2022-12-17,1,flyweight,0.6890348062341497
bbc491df17960bb5bff6b31e,2022-12-17,0,lightweight,0.26711882755768734
0c96e42f32a09a794ddebc39,2022-12-17,0,welterweight,0.4970202632304725
fc2b431ca6e0290539b9ecfb,2022-12-17,0,womens_strawweight,0.44064590536325
376d706e7b1fffd65da0244c,2022-12-17,1,middleweight,0.5486879780953124
62c857b47d6eb83bf9f679d1,2022-12-17,0,flyweight,0.5235372851230164
8b3108a9d38cc348b9ee1402,2022-12-17,0,lightweight,0.488930777500295
708385da1df75bfa8783285c,2022-12-17,1,welterweight,0.3311610362405597
62df437ecc82bbfb87460bdf,2022-12-17,1,middleweight,0.3845197710040424
b09e70f040d7ee1dc6260cd4,2022-12-17,0,lightweight,0.36398712012759843
71ea7cae81899e81d9ce58fe,2022-12-17,0,bantamweight,0.5375790755401426
9560c9fd3964613752555ddd,2022-12-17,1,bantamweight,0.636824618825266
c1e71d1d9adb482155fb773f,2023-01-14,1,flyweight,0.4774916234248843
d0381b088b9a49444821f7b5,2023-01-14,1,flyweight,0.5815784429616718
473cb05603e509a4bfc9c579,2023-01-14,0,middleweight,0.403236224453058
24f815b1e2137e2461a6637f,2023-01-14,1,featherweight,0.5446618840025677
f458bcba7703f48484dfacf4,2023-01-14,0,featherweight,0.5252045352110393
483b08fc27731ad0a87cdc0e,2023-01-14,0,bantamweight,0.1862387420465812
ec208d732aca7f0b1f0f698d,2023-01-14,0,womens_bantamweight,0.5304715682870491
52d6bc7e6509310031ed4ffe,2023-01-14,0,lightweight,0.4645289719415811
c80a716a5e04319dc22d6f21,2023-01-14,0,middleweight,0.5477526937491977
e38165574d6bfd63d4e79446,2023-01-14,0,light_heavyweight,0.4046613656369653
e2ebd640cdbbcc28ca2e8743,2023-01-14,1,bantamweight,0.8503296491630682
c571321ad6d07f540414f93f,2023-01-21,0,flyweight,0.3407730153849554
1879c14c12351601569b29a1,2023-01-21,1,welterweight,0.37682054475336657
f709c650ce5f7a1d36b7501e,2023-01-21,0,welterweight,0.49982328208896826
2b19d65e695d66ba7d5f52dd,2023-01-21,0,light_heavyweight,0.28596630000538087
67ced6d3bcd5f9cff7b178ae,2023-01-21,1,middleweight,0.2827479368173407
a292c3204c848fc795af4c9b,2023-01-21,1,lightweight,0.1385334917989916
7b9b0213d00e3e62562edc0e,2023-01-21,0,womens_featherweight,0.1418480957649201
2d3203b53911c02b06b5c3d3,2023-01-21,0,womens_flyweight,0.2454948496297434
88c05dde0cfbbe4c9eece03b,2023-01-21,0,bantamweight,0.189870847099822
c20db3255eb0b21fa2aab9f9,2023-01-21,0,light_heavyweight,0.7361993328537341
7ba2b9a199192a87d60f6838,2023-01-21,1,light_heavyweight,0.6296132847336314
170c5bb7b9800aa0cb5760fd,2023-01-21,0,bantamweight,0.5694274316204707
f8fe5853ba92aa1d4941f315,2023-01-21,0,heavyweight,0.25980200996453967
a35835c41d69a4aa0cc51950,2023-01-21,0,lightweight,0.3170073654718193
f78c5d74308eea6a9b237336,2023-01-21,1,welterweight,0.3315110455588935
4379c427241e16c5c42ff97a,2023-02-04,1,light_heavyweight,0.38035385497333524
fb3ccccef9c44cd3f44a1d43,2023-02-04,0,heavyweight,0.32900455695441894
e58678b9928dcd7e2a89b900,2023-02-04,1,lightweight,0.4645289719415811
5ffe7cef56c8e5dc2a3b0312,2023-02-04,0,featherweight,0.4645289719415811
c06582e8c3186fa75ccd836a,2023-02-04,0,middleweight,0.2354897187830415
5eafd2114e06744c7808d3eb,2023-02-04,1,heavyweight,0.5909300611207885
c55aa74790a7618ed08e5e86,2023-02-04,1,flyweight,0.4645289719415811
667af8ef779c3de51b6ca32c,2023-02-04,0,flyweight,0.2663210969709911
92ddbc29697faa23279ea2aa,2023-02-04,1,bantamweight,0.4645289719415811
c0dbc7dac4a69fdfa7b8a7e5,2023-02-04,0,welterweight,0.3745926956667556
e3a6a92a6b4c14140c0f5668,2023-02-11,0,lightweight,0.6826596759797551
8e99069a041aef3a93ceeef4,2023-02-11,0,welterweight,0.4663126850570214
9ac871fd5b77a57cde66e145,2023-02-11,1,featherweight,0.6181629867165926
128eedfd624aae6d0ee3489b,2023-02-11,1,lightweight,0.5704724760172406
3138bab08e28eac977aae47b,2023-02-11,1,featherweight,0.5474511102034022
8e0261939b3d9069a93806f4,2023-02-11,0,heavyweight,0.5739321968045866
4becbd5521ee229580343aec,2023-02-11,0,womens_strawweight,0.32498987958658637
50535e74ff87ae17e1c4af13,2023-02-11,0,featherweight,0.5558596461058697
39b8a2a3689793a61bd1f93d,2023-02-11,0,flyweight,0.4185137153311668
352db25f95df258b62afd7f3,2023-02-11,0,light_heavyweight,0.6622154579307565
e2a5ee873106609aef8b7d36,2023-02-11,0,featherweight,0.441465725470737
3f5d726191be802693a573f0,2023-02-11,1,lightweight,0.25338529970750945
9d14cb3c9c8fd9e831cb2b86,2023-02-18,0,welterweight,0.48056481691197966
a36fcfd26910843e21b34572,2023-02-18,0,flyweight,0.580717537963459
47e078d89d36a38676c579fa,2023-02-18,0,featherweight,0.3080045288621495
389d6b8640bdfa2549c1e3fb,2023-02-18,0,womens_flyweight,0.6560324735222784
05ce260e041a2605c602d2d6,2023-02-18,1,lightweight,0.5240890754198038
7cdd2df80d6a6c593a282b52,2023-02-18,1,light_heavyweight,0.7395703120207633
33ac9685a2515b76f149fc89,2023-02-18,0,heavyweight,0.38883695837586335
73b63059d90c2960c03c75b9,2023-02-18,0,womens_bantamweight,0.2802093573157259
92dbac7a52867e46b35fafbb,2023-02-18,1,lightweight,0.6265476147792418
a4d636f7490aa62d4f569a1a,2023-02-18,1,light_heavyweight,0.35580861181129236
a77ddc24d18d055941c6bf15,2023-02-18,0,light_heavyweight,0.6031473947616053
f489e5bd58bfc35f1f4419cb,2023-02-25,0,middleweight,0.5576912280553316
758f1c497bf18e82210ab5c3,2023-02-25,1,heavyweight,0.5612930325583363
5c80a7b04497ad5ee2bddd57,2023-02-25,0,lightweight,0.4861348055491479
3fec13ee85d7f9983960b3cc,2023-02-25,0,womens_flyweight,0.520114148037526
0176ced8c9d94d30a64e4a7a,2023-02-25,0,lightweight,0.19229659188405376
cf7adf6d36d1b08cd9d8d30f,2023-02-25,1,lightweight,0.679319674860689
b8372e22cddbfa48ea909485,2023-02-25,1,welterweight,0.49218986707326423
6b4e4ea9b801548615975cd1,2023-02-25,1,catch_weight,0.34084670790751076
6ea6168d8e84815d2134058f,2023-02-25,0,lightweight,0.6471951926496949
fc0acba87af9f8c76a7e2940,2023-02-25,0,womens_flyweight,0.29320563312859643
ddddb220f603a1df3e1e0161,2023-03-04,1,middleweight,0.639344944136276
72321c6bbe98eff02e4095f8,2023-03-04,0,bantamweight,0.3774516943917394
cc0b7fa4194f7f6e6d3a39f1,2023-03-04,0,bantamweight,0.4645289719415811
85fe8793909e6952c9f78f00,2023-03-04,1,middleweight,0.7170971690098231
7363e41d86228b1d3ccb37ac,2023-03-04,1,lightweight,0.4645289719415811
4e033da568b46a961139d1ab,2023-03-04,0,welterweight,0.3483073558275098
d3cfb0d2b891ff38ada976af,2023-03-04,1,welterweight,0.5689524056330652
cbd06542b2b208df53fd406c,2023-03-04,1,womens_strawweight,0.6940480167968284
c3f3ab3581e4101201417c58,2023-03-04,0,heavyweight,0.32737405309837503
9314741277e5a546928ec867,2023-03-04,0,middleweight,0.5155055274534959
483a44eda1de7ba858e8ac87,2023-03-04,0,bantamweight,0.42217326405990996
ec001e69e1a671cb55343f5d,2023-03-04,1,lightweight,0.7205734495024867
79f6fa67f74ca1d1eceb89f0,2023-03-04,1,womens_flyweight,0.2359681870821114
ae1d2e42c74ebe569b8bf839,2023-03-04,0,womens_flyweight,0.4554212969364345
2c3d9b8cf266f7d87b21947a,2023-03-11,0,heavyweight,0.40512828069046414
28667af2ecff9e735860e563,2023-03-11,1,womens_flyweight,0.2185543301002778
51fc827668838509328eca57,2023-03-11,1,welterweight,0.5287751750556151
02b6dc85938acd2c6dc76f32,2023-03-11,0,heavyweight,0.7082438006626831
5e42a3409698012174f55aa2,2023-03-11,0,bantamweight,0.08189158028300234
cc22e042a99a400b3b543787,2023-03-11,1,catch_weight,0.38110107424148915
4a7cf56c83980792658c3945,2023-03-11,0,bantamweight,0.42661266792015495
970d1a7858aa5b5c168bdb4a,2023-03-11,1,bantamweight,0.529034321065503
8c472cd93fff869b8c1659b3,2023-03-11,0,bantamweight,0.4464214474606071
57624421d747b53b6a9fce19,2023-03-11,0,middleweight,0.5198645466683147
121d895ec34c4ee500d71121,2023-03-11,0,flyweight,0.24055939036394455
39493c979c1bfbe357de6651,2023-03-11,1,bantamweight,0.4332343246517866
313274f54c13e378c9782b8c,2023-03-11,0,light_heavyweight,0.5620061069872201
3ef5192d293b633a47593b25,2023-03-18,1,lightweight,0.634588403733754
67939b6e4ba8a035489881f7,2023-03-18,1,middleweight,0.3606629817923301
ba6858c0646216e3a271c7f5,2023-03-18,1,welterweight,0.44678142357741446
a41a13deba0d06034c0c24a0,2023-03-18,0,featherweight,0.12240586103581098
be9e3b6594a545c5ece02333,2023-03-18,1,flyweight,0.5688267213977792
bd93d7b8110bf0a192791038,2023-03-18,0,womens_flyweight,0.7349881813844917
aba38730016b8b0777777ee5,2023-03-18,1,womens_flyweight,0.6964383203293706
a445f6f894e3074c43e9960f,2023-03-18,0,womens_flyweight,0.6380494185532419
0204fb629e0e6e99f3a62ea5,2023-03-18,1,lightweight,0.40892522495716443
a1b6f8d2aeb238711fe9cd1a,2023-03-18,0,welterweight,0.37604042844046914
a9bd37ea947df11dfb5e63f7,2023-03-18,1,featherweight,0.7039831389533878
bd7c4c65dd0660d691a5b7ad,2023-03-18,1,middleweight,0.6403711642762472
e95f3b99a35f4827b821860d,2023-03-18,1,flyweight,0.7164269509947465
759b5432bb0e95fb6e5a4cad,2023-03-18,0,lightweight,0.4645289719415811
c1d7d7ce041d52e09d7193c7,2023-03-25,0,womens_flyweight,0.4063288886427569
034e224915320f869f1dba0a,2023-03-25,1,middleweight,0.5224091756157065
717be830f10bc6172050d1e0,2023-03-25,0,flyweight,0.28235523642067356
fb68a3891e073458dc6aaa5f,2023-03-25,1,featherweight,0.3614144541669179
b4bcc9e8264244b410d7df4f,2023-03-25,1,womens_bantamweight,0.6483224052041922
84ded834631bc85d1a979066,2023-03-25,1,bantamweight,0.4571745335594374
3932764824c5a65f4ea80b0a,2023-03-25,0,featherweight,0.5665992570177235
3da110d1cd53964797f27c55,2023-03-25,0,featherweight,0.5702891062158119
bc34061f7585c8cb754582fc,2023-03-25,0,welterweight,0.39517056760575914
d8bf04bd476c5def9385b3ed,2023-03-25,1,flyweight,0.624943607900886
090d5cdefe42617fa644a06f,2023-04-08,0,middleweight,0.4129869634294499
f4262813b91eccfae338f71f,2023-04-08,0,middleweight,0.5716189987481972
b3e3b5f129a63fb2038e58ed,2023-04-08,0,womens_strawweight,0.4775733776583619
30c5225ba53208cd76437d3b,2023-04-08,0,middleweight,0.7564444523224977
50f3bfb5121b7b06fdb05de0,2023-04-08,0,welterweight,0.4344364935842866
a3cc4d0be0f091345c0e83cd,2023-04-08,1,catch_weight,0.5701394008277612
186919d4a2872e5c626d87b8,2023-04-08,1,womens_strawweight,0.5151626476957502
50677f1bf973ddd98ff7be61,2023-04-08,1,welterweight,0.6380586872227739
5bf9cd7d305f8634d4423b73,2023-04-08,0,womens_strawweight,0.5406070982216183
542ab5e1dd01c45dbe923832,2023-04-08,1,bantamweight,0.358656339098663
cb56c19233738e3f99fb0b06,2023-04-08,0,bantamweight,0.47531383708549363
7941baf2f9c14b9bc5dc6877,2023-04-08,0,featherweight,0.39836109522769214
536fc9ff4143a7f0ef5213e4,2023-04-15,1,bantamweight,0.611028432198572
58d7a5e6018b4265e7a4b16d,2023-04-15,1,featherweight,0.5003718272570769
f5d38b8d75c4c47b6cad6b69,2023-04-15,1,flyweight,0.33975760413894746
7b3a87bcfdaf6184fa346634,2023-04-15,1,womens_strawweight,0.47761635285365744
305a994660d1f7aefbc2d278,2023-04-15,1,lightweight,0.809886112159973
8aa967b47782f05988eede93,2023-04-15,0,light_heavyweight,0.46604337921663996
e32814b20fa0d61f9191d8d6,2023-04-15,0,featherweight,0.6705451691902784
2df2b28eed63b6044ceb774a,2023-04-15,0,womens_strawweight,0.40699274716514194
6576e21f61790cd99298296d,2023-04-15,1,womens_bantamweight,0.7702369277850603
fc2939e831f145899a2e2a1e,2023-04-15,1,lightweight,0.29195821157745083
8585d2f9c10439b3ae1c6def,2023-04-15,1,featherweight,0.29190376824364084
715f478ae35da582d9f2f26f,2023-04-15,1,bantamweight,0.25828773218937273
a3b645cd303899e532cb969f,2023-04-15,0,light_heavyweight,0.5115744133156467
4c702db73869ec0f411cd286,2023-04-15,0,light_heavyweight,0.2047319655640525
99f50e21f3c2b8fb41bfe804,2023-04-22,1,middleweight,0.5555483985161322
379db5a242315cc0331f6ab9,2023-04-22,1,bantamweight,0.30839756034261945
42d8de57f8ac25ae0a59af37,2023-04-22,0,featherweight,0.28869582665343957
69df5f5db0fe03de6d83eeb9,2023-04-22,1,womens_flyweight,0.5510382376564799
ebbd9b0e418daaecd3a5147b,2023-04-22,1,welterweight,0.4862712758312347
a81b666d9fea33d5a4e4e227,2023-04-22,0,womens_featherweight,0.3968274154504057
15793bfec6a8406b59adf881,2023-04-22,1,heavyweight,0.3935022810527159
cf2e08d1a2de456001218fbc,2023-04-22,1,bantamweight,0.7474662062578089
2d07b591baacde698e40eca7,2023-04-22,0,lightweight,0.49588809678708673
d0f44949b918faa8a43733f9,2023-04-22,1,heavyweight,0.3916687206442913
64bd164890b13ccd6152e1f3,2023-04-29,1,middleweight,0.4511888852563808
382d5f5de3ab9af93ca82b63,2023-04-29,1,flyweight,0.6090866909293423
e74e0fcfe591662c36de0f91,2023-04-29,0,womens_bantamweight,0.551419191206999
9404efffd14ae8bc7d0dad29,2023-04-29,0,welterweight,0.49684256868769355
361d3b8343a3062df1f20add,2023-04-29,0,catch_weight,0.37875661403222644
209f89bb364ad65d94f93f8c,2023-04-29,1,featherweight,0.23606256352074195
de2dcd0f2af8b8f8855a9ee1,2023-04-29,1,heavyweight,0.4881710992122252
79b7440c98a3fe7209a2b6c5,2023-04-29,1,heavyweight,0.523097121259773
a482e08e398790dbc62aab8b,2023-04-29,1,middleweight,0.6823071698503287
996883e37beff1a1ac3bb2d5,2023-04-29,1,bantamweight,0.4370878781060034
c0f12ad7885173fca8c8dadf,2023-04-29,0,womens_bantamweight,0.6925576005599293
8cc6c1a80c3b3e78fc639607,2023-05-06,1,bantamweight,0.5446424768356283
8f175dda24ee4d5ed157611f,2023-05-06,1,welterweight,0.5693478241439062
38e28862ab0d408ffcf40da9,2023-05-06,0,heavyweight,0.33754622767816306
ac89ad183f32d054d164ee0c,2023-05-06,1,lightweight,0.4009520008724221
ef1bf09246b82fc675505721,2023-05-06,0,womens_strawweight,0.6702513597304193
b96182f98b3de52de631a16b,2023-05-06,0,middleweight,0.45440954032607267
2db72ca1fb0fdb7fffe3a93f,2023-05-06,1,light_heavyweight,0.6281201956514174
c5ebf8e79324e5939125f9ad,2023-05-06,1,welterweight,0.6586927100566204
3e2e956ecc31c21affc1243d,2023-05-06,0,featherweight,0.40580581743155564
023c4ee9d811ea4e3c8b11fa,2023-05-06,1,womens_strawweight,0.3277596117162851
0675c46166735f4643081ce6,2023-05-06,0,featherweight,0.17229986407828526
3d3bc5c58bede42fd36c2efb,2023-05-06,0,middleweight,0.751887855782179
73f39af8d610478efc1c33d2,2023-05-13,1,light_heavyweight,0.5108992462483057
7a5e52cdf64699c40ca7635d,2023-05-13,1,welterweight,0.6264827296661215
8ea417e09eac08a2ad3fe828,2023-05-13,0,light_heavyweight,0.3095195135874394
f4ebeab135e8d5bb06730df8,2023-05-13,1,catch_weight,0.22483967647722594
bcb161a3c9d9e2a50a8e2857,2023-05-13,0,welterweight,0.6279672676755995
74a34d39413c8f931bad1e28,2023-05-13,1,heavyweight,0.5723215535355207
f166d8ac6a457943bfe528eb,2023-05-13,0,womens_bantamweight,0.4623534055828923
2d1948b604cc1d52072429d7,2023-05-13,0,womens_flyweight,0.45379345106772423
7eb37ee4f1b3f74a15b948a6,2023-05-13,0,heavyweight,0.2776448525565238
90d417de02b6d71ffa660d3f,2023-05-13,1,welterweight,0.2679497347990229
834f2fa194fc1425e6d5a51f,2023-05-13,0,welterweight,0.3859694174333092
9dea78b803a1d3cbffb84573,2023-05-20,0,welterweight,0.3557943662969378
d5f1029bfe5ae4808dbdeb8b,2023-05-20,1,lightweight,0.5828408187211498
583ed00e1a40f7bc24f0e7d7,2023-05-20,1,lightweight,0.6449870450501112
a5c6f22d83c3a5cd1f37e6d1,2023-05-20,0,middleweight,0.5489397193393853
19550019194953c70877b46a,2023-05-20,1,catch_weight,0.6100159312383793
618b7b63848dfb28d9e75658,2023-05-20,1,heavyweight,0.5715772730994575
4dad1eec32d230346a567d14,2023-05-20,0,womens_strawweight,0.4832494877140979
f80948e2b2d88cf85d8f69c2,2023-05-20,0,womens_strawweight,0.37286125294407535
e14152d9d3bcd814f7a78595,2023-05-20,0,lightweight,0.4695184404325169
7a892f12809c158957f4222c,2023-05-20,0,womens_flyweight,0.09228248996370095
24d6f64dd1a9f4a00b60b172,2023-05-20,1,welterweight,0.54865463737111
a9283fde7464f78285f35d4a,2023-05-20,1,welterweight,0.5440316578540491
8d2657059b80b7d256f63ce5,2023-06-03,0,welterweight,0.3995701195217478
c47c6d03bdb49b711c50f83c,2023-06-03,0,featherweight,0.4329910945471554
fbdb0f998a41190f2e544cb6,2023-06-03,1,heavyweight,0.6904369321236057
211bd8ca31ce0bf9f809f926,2023-06-03,0,bantamweight,0.5866698832786387
1f74546eab5290536943b881,2023-06-03,1,bantamweight,0.4891662919607517
43dc5779bee5d6e1feaf1211,2023-06-03,1,womens_strawweight,0.5052069626268336
b53d7181f6baa5828ee82925,2023-06-03,0,lightweight,0.7576149625731496
eb35eda2f8e562604a3a6587,2023-06-03,1,lightweight,0.8287954376882783
a2548db55f411224c2090a87,2023-06-03,1,bantamweight,0.4948325842719609
810ebf65cda6f08605d0dfb4,2023-06-03,1,flyweight,0.5587463489944992
ba64fa041a0a17289f7ec4aa,2023-06-03,0,womens_flyweight,0.51155879045752
67fdbe55ae06879de2d3096b,2023-06-03,1,light_heavyweight,0.38293796882988446
e30468a3c5bcc4c5e6f074a6,2023-06-03,0,flyweight,0.3984209154827128
41b34cfef0a3c136d4b18cf6,2023-06-10,0,bantamweight,0.4467912556357534
2a7b20dea79359f48d7d2aed,2023-06-10,1,womens_bantamweight,0.702728516076357
1f2ee3d9684f952d35509047,2023-06-10,1,lightweight,0.56480858684457
74a471c2a8c54c1c590e1255,2023-06-10,1,featherweight,0.572975569095547
dca56b74a39286560767984d,2023-06-10,0,flyweight,0.5431967403929518
fb60c604b16810077c6dce79,2023-06-10,1,womens_strawweight,0.4702722501242818
753ef8a86a13c56c70328743,2023-06-10,1,featherweight,0.30085897321813004
bfe91c9408462da03caada04,2023-06-10,0,middleweight,0.5599938527176127
f6498a4788e114791bbae90c,2023-06-10,0,welterweight,0.3992970726267173
0830f25bd926d3257e23b2ff,2023-06-10,0,womens_flyweight,0.6293510226636059
b5479c9894d56b527aaf98e8,2023-06-17,0,lightweight,0.07654655502992835
fa8e30b594409ffd405b94c7,2023-06-17,1,middleweight,0.6487408867830712
5de7511b539dc2f35627eeb4,2023-06-17,0,flyweight,0.5933404807519411
1553628079b91961f98be03a,2023-06-17,1,flyweight,0.85063129425931
1701803460c2492f8c88e6dc,2023-06-17,0,bantamweight,0.3399804176153958
5ea10d9b2508835213a7e16b,2023-06-17,1,lightweight,0.5270057428277037
1ae6f24c34066c35e05a0ac5,2023-06-17,0,middleweight,0.6509690044912586
71155f2f38de2cef21d41ad4,2023-06-17,0,welterweight,0.5009051417265186
4afc828e854d71a980a4da1f,2023-06-17,1,featherweight,0.38955593035747166
1dc63941f97c2b53d6e7944e,2023-06-17,0,womens_flyweight,0.4446044829197517
b835ef106ba0d320989caaa9,2023-06-17,0,light_heavyweight,0.5007250931511993
9738dbbd12c022ab8c0244f4,2023-06-24,1,womens_flyweight,0.47338069859189674
26d1929d5e6faf685d9524e4,2023-06-24,0,middleweight,0.35232870141253475
02caa0904488e97a0c57821e,2023-06-24,1,middleweight,0.3789034978234265
8538c8b918b1de21ed7edfdc,2023-06-24,0,featherweight,0.5912693433307784
0c4515b1fb214c21809f0083,2023-06-24,0,featherweight,0.7389925238078451
a6a76a7a7db7da77a11b5ecc,2023-06-24,1,featherweight,0.7772896287265875
0744f58285748a8258aff8bb,2023-06-24,1,lightweight,0.44367983324169297
86089570ccc769b26795cf5c,2023-06-24,0,welterweight,0.15505286982513153
34413a75b78402855b689235,2023-06-24,1,welterweight,0.6496701973547451
d63c07a027a8bfced274a3e8,2023-06-24,0,womens_strawweight,0.51505849673101
355dde8fa8af4f55e7903345,2023-06-24,0,lightweight,0.7264605295845457
d903ae15997c5c3259527ac9,2023-06-24,0,flyweight,0.31563396434794755
c16d37110bfde910cc00a282,2023-07-01,0,heavyweight,0.2662340621499826
f0881ed5aee329899d5dbe32,2023-07-01,0,womens_flyweight,0.6755867571302949
ff5a4b29681042b715de7dd8,2023-07-01,1,middleweight,0.46639014163764897
66a014a3d695164cadb97344,2023-07-01,1,lightweight,0.7668910223119116
5a3fafcfe8cf52b7388b69c6,2023-07-01,1,lightweight,0.5423605934018674
031c91854eac829bdf2ffa2c,2023-07-01,1,lightweight,0.4437066992573605
40db9ab26d4cae9288a4883f,2023-07-01,0,womens_flyweight,0.5581216297613357
4ce7c778f23cd1bf4546e0ec,2023-07-01,0,featherweight,0.2893732735548043
2906ec3d58e436e5228c8dff,2023-07-01,0,welterweight,0.3712891877129029
36428584824bba6898b4824a,2023-07-01,1,welterweight,0.3768180763151279
44200bfac7f2a84fa9b3c2c3,2023-07-01,1,middleweight,0.5550322701938053
f2750b184214af53cd2d9552,2023-07-01,1,womens_featherweight,0.48468608524289186
bfd5cf090725753cb73a2027,2023-07-08,1,featherweight,0.6150864923164747
b7b4f20cf8dafb6a112ac7d0,2023-07-08,0,middleweight,0.4849309379932525
8391134e7f930a916e52ef20,2023-07-08,1,flyweight,0.28255204481813556
339bc6663a7f472154266feb,2023-07-08,1,bantamweight,0.6695165600103562
59f58c9c40c64fe1b8d474ff,2023-07-08,0,lightweight,0.5145203428409038
8b7bd39fd6c76d413400ef59,2023-07-08,0,light_heavyweight,0.43301385338844445
d05493e5cdd7938e02c6367f,2023-07-08,0,lightweight,0.333789044864549
e724df897e9fa95b33128001,2023-07-08,1,welterweight,0.16766786365673178
243b01b43b4d154ee283edb4,2023-07-08,1,middleweight,0.545646823913651
0580b939723798e97e523064,2023-07-08,1,flyweight,0.7331219647331538
3ee9d49d2883a76f0d0b3ebd,2023-07-08,1,catch_weight,0.6890148911862333
307078a8aaf55515debd7e4a,2023-07-08,0,light_heavyweight,0.5126517545557632
c040765e9cd22df2535af702,2023-07-08,1,womens_strawweight,0.3810965779324416
0e415addf4419c1bb7040995,2023-07-15,0,middleweight,0.2827329662661672
fae07c7909695a8de2670ea9,2023-07-15,1,lightweight,0.3606248532235036
95d5ccbd56f49fdaea7018e3,2023-07-15,0,womens_bantamweight,0.4144037946366938
570ed242ca21c62fa3a6e0bd,2023-07-15,0,featherweight,0.38056623459698163
5fb55152ac40582efdac2338,2023-07-15,0,lightweight,0.4916073991842527
dc8c54b14e642c0f7dcc5d7f,2023-07-15,1,welterweight,0.8676593567371944
d5acd4b37d67e89519b6bd83,2023-07-15,1,lightweight,0.33179198773863855
59e240a1926ab9668d4ea114,2023-07-15,0,womens_featherweight,0.2823643207771728
20480c79595fbb7397cbcdad,2023-07-15,0,lightweight,0.34745018363048213
0504e93f7602bdaadee9e83e,2023-07-15,1,featherweight,0.5519231477771279
c66bd437648ce6c9d36fffd1,2023-07-15,0,flyweight,0.6212399100349157
aee881a6e3b66ff815a14b4e,2023-07-15,0,womens_strawweight,0.5026168379449678
37dbd1517fc350dfdb82fe5e,2023-07-22,0,lightweight,0.7101989440175872
2086564bb6d1a17b69d9594a,2023-07-22,1,welterweight,0.41198622576173827
85cc199fb2cc71d7610b426a,2023-07-22,1,bantamweight,0.296071838370183
d374ad54876bdc9ab00d188f,2023-07-22,1,flyweight,0.6753433872399573
f287ecd9b1b2b7e5886818fe,2023-07-22,1,lightweight,0.7673859205578042
5e03556ac21059d5540468b2,2023-07-22,0,womens_bantamweight,0.39977906270205077
88f4cf3ed1e8dc3bee9e78de,2023-07-22,0,featherweight,0.35604740145302305
f684f924db9762a5a24943d1,2023-07-22,1,middleweight,0.41907303069455903
07930a4698e812e3c33400df,2023-07-22,0,lightweight,0.5205916211103537
dc10ede4fff61150475f025f,2023-07-22,1,heavyweight,0.3750673908448591
1e5aadefe4f8b514331f7df1,2023-07-22,0,womens_flyweight,0.647951992956247
be6f6a66dd1475a253d21e8f,2023-07-22,1,featherweight,0.6198649481179159
cdab172520a4c2a4e3be3200,2023-07-22,0,middleweight,0.659381512495405
b6deee15173724b04f140ec9,2023-07-22,0,womens_strawweight,0.687479913493044
8dbb536f8d8d18684dece8d9,2023-07-22,1,heavyweight,0.6938666862552458
cf7ebf33fc2afed4809e7db8,2023-07-29,0,flyweight,0.3684260046674076
4e8cbb73bf869a8da3d7deaa,2023-07-29,0,heavyweight,0.464835908607607
2a07f8ea0b27887c995f15a1,2023-07-29,0,lightweight,0.41915931558316305
f1f93d9da3d77601ddc068c8,2023-07-29,0,welterweight,0.741778963832045
7cfdf3b2768432a51473f253,2023-07-29,1,welterweight,0.7597642337738073
73c5255ed61178a04a589d37,2023-07-29,0,light_heavyweight,0.4078973843202897
542062f841901da309fd39d0,2023-07-29,1,welterweight,0.3423454388530548
1441ccf352df4b05c9a83aea,2023-07-29,1,welterweight,0.6772017129672646
c7180a83d72402d7608bdceb,2023-07-29,1,womens_flyweight,0.715521179713732
3a32c6a5cc5a1fd46bea3e47,2023-07-29,1,middleweight,0.6862153455386946
7bb394fbae44e1da0cd5bca3,2023-07-29,0,lightweight,0.2532323380192236
282fb397e104dd45c570b28a,2023-08-05,0,featherweight,0.5212569000505323
b787cf6c2fa2ed8c9e195150,2023-08-05,0,flyweight,0.3553478577179424
6560f72e1b1c9b8138574df6,2023-08-05,0,catch_weight,0.46753950523481397
f94e4cad52bf9a6b2f38df61,2023-08-05,1,featherweight,0.6654304807798047
ce84563cfe04a65b5b76020c,2023-08-05,0,light_heavyweight,0.5942232352268471
0473c7065872a7d67606359f,2023-08-05,0,lightweight,0.7215409686041612
268d66a04a0a2276ada61537,2023-08-05,0,welterweight,0.582196403657006
d6ee9a0d0b602cdfb29a682a,2023-08-05,1,womens_strawweight,0.608134266476694
d51412c5c86ef83705f9476f,2023-08-05,1,bantamweight,0.7068591263412928
bb3b63715b62f6b0e4f65950,2023-08-05,1,flyweight,0.4715597934947953
358d2e14d9541e87802ef07a,2023-08-05,0,featherweight,0.4386126738140261
8a9f408c675d89c45391bc0c,2023-08-05,0,light_heavyweight,0.42737341476175555
cc0dfcba2a9a1a686e41e380,2023-08-12,0,middleweight,0.5626577492652287
21b8a0738ac50baebd05d9ac,2023-08-12,0,featherweight,0.6726123019895048
b0a0a0e4e665e9f2ee272956,2023-08-12,0,bantamweight,0.3590758933147342
56c51c3acfc72d7fc859ad42,2023-08-12,1,featherweight,0.33876109643370705
f83ebe6bf664c143f114ee24,2023-08-12,0,womens_strawweight,0.4992650888685016
cae33a4c01f60ea5bc1c2a9a,2023-08-12,0,middleweight,0.42666527478173244
d7b541461594eecc66b90080,2023-08-12,1,heavyweight,0.6296106813387028
21dc27ee66f98446e047ad70,2023-08-12,1,bantamweight,0.6731463339753213
6f0ec3612994e967fb90e063,2023-08-12,0,womens_flyweight,0.46686671875113356
e18d45083a7c265a8622e262,2023-08-12,0,light_heavyweight,0.6848428191040934
c9c58ef3f78b8a1983f75960,2023-08-12,1,womens_strawweight,0.5739546721784539
a6d4278c3e85ccf981d560d7,2023-08-12,1,lightweight,0.7292532576784327
fe4d9885f4576d7ab9015c10,2023-08-12,0,welterweight,0.335355490387375
471c5569daaa1a004351935d,2023-08-19,0,bantamweight,0.5734329228183009
0b46edbdd82ecaaa8339d80a,2023-08-19,0,middleweight,0.396817857370544
34b4caec2c3e9c8cc351c602,2023-08-19,1,womens_flyweight,0.7718313961508058
2defed33fd46d631e90ba986,2023-08-19,0,bantamweight,0.34390835234093586
e1c4b3bb77a1f665d7e9edb8,2023-08-19,1,middleweight,0.3627773480929815
f77e8217af476c8d76c17de8,2023-08-19,1,bantamweight,0.6113736016431092
5e2db79a3a1ad7fa4a047658,2023-08-19,0,middleweight,0.30141246175930264
6146e55c7547bad0f4598567,2023-08-19,1,womens_flyweight,0.7258759622161409
44a0ede1f5c3febcd8158c1b,2023-08-19,1,lightweight,0.17824516103967775
6a9d8431526f7e7ae3505c22,2023-08-19,0,bantamweight,0.29077205636101267
f59c117ae7cabc52d4b52159,2023-08-19,0,welterweight,0.5826846116607253
acbef5f5bc43c180f987011c,2023-08-19,0,womens_strawweight,0.4704859353563235
46011dba71434bf36e3c4864,2023-08-26,0,light_heavyweight,0.5169084953255014
7a36e5dab09fb0e3a32fff3f,2023-08-26,1,welterweight,0.5884018691699533
bff6b688a0748a0496dde666,2023-08-26,1,middleweight,0.7029603310764839
31b7a66eb42b8c36524c3ab3,2023-08-26,1,womens_flyweight,0.616029238150102
dd4024c9c91e5afd2d978e95,2023-08-26,1,featherweight,0.5669569310997665
f0e0f24c2d6eded73e540e2d,2023-08-26,1,heavyweight,0.6438605682511618
f3ff547fc056f0ae57dcdd5c,2023-08-26,1,womens_flyweight,0.7819820851069785
afe662b987c151d703cd1acb,2023-08-26,1,featherweight,0.6984467341005497
ac6f2e63fe39b2f0a273ae19,2023-08-26,1,bantamweight,0.5914754647866131
baae93ffbdc1bf0262cee6e1,2023-08-26,1,featherweight,0.5334732522403829
99ab297a031513ce93f1576f,2023-08-26,1,welterweight,0.2270827024806697
32ae1bb3fc496ea9626ce862,2023-08-26,1,bantamweight,0.579269528518172
1fe545c4e1dfc5237a9e4748,2023-08-26,0,heavyweight,0.44705505427507025
ffa7455c3e5ede174ad4112d,2023-09-02,1,welterweight,0.5186058337801213
6d0f7ada6c998fb0eaf089de,2023-09-02,0,lightweight,0.46645376120484716
fd33be38cb0d1d4d0f6bca6f,2023-09-02,1,heavyweight,0.786580636539246
6bd93fadde24f7c7a79345fe,2023-09-02,0,bantamweight,0.40150324880278704
65293a8e2961fadaeef4cf65,2023-09-02,1,womens_flyweight,0.4073496230877331
2d1078d0507597c4e604903a,2023-09-02,0,featherweight,0.4645289719415811
a4d79f54aeee4768f37396e2,2023-09-02,0,womens_bantamweight,0.5889229783310885
44fbb5a2110d15b720a9751d,2023-09-02,1,bantamweight,0.5561239603647665
555e57ac84583be4ae725a15,2023-09-02,1,light_heavyweight,0.7326944566261907
21efe4021b701a3f681a8c10,2023-09-02,0,featherweight,0.2437096108286587
6e1227e9009e6929393b1fee,2023-09-02,1,catch_weight,0.4696147327575409
011b9746ab115630dd02c0fb,2023-09-09,0,welterweight,0.5370027620530695
b21089f4d62b3730b34a4346,2023-09-09,0,light_heavyweight,0.3205652995012973
1b6d13bce1996a9787f00657,2023-09-09,0,middleweight,0.5743784340907527
b2b23742f60158de1d1c5c14,2023-09-09,1,featherweight,0.49278062768769626
b8118cbf106d813928e0b82a,2023-09-09,0,lightweight,0.2429491581257488
27e9d3412a74a9570b14c3f3,2023-09-09,1,heavyweight,0.526949167055001
16064fb85fa34316d72d9e6c,2023-09-09,0,welterweight,0.4652675353888636
f84f38efd0c68a4d11911324,2023-09-09,0,flyweight,0.3144823406969804
a0cc78d39dbec7a5ce6e1bd4,2023-09-09,0,lightweight,0.3523790518908865
ed8e3c472972a277f73c443c,2023-09-09,1,featherweight,0.30012793647231606
b04e6f3b3710a8911531f136,2023-09-09,1,heavyweight,0.6839839107542148
16cede3f450ae715871ef8c3,2023-09-09,1,light_heavyweight,0.4365742347743965
ead4ef0da3ceb9dbd827dd4b,2023-09-16,0,lightweight,0.43317549294438096
c8cfe9c5b42f5b7ceda34093,2023-09-16,1,lightweight,0.2985328083391921
f0c6e7a442001e286c22093f,2023-09-16,0,featherweight,0.4658270727506429
eaa1d742167744bbb2317e5f,2023-09-16,1,womens_strawweight,0.479563836897384
399469f15d7034c6b5c5aa4c,2023-09-16,1,welterweight,0.46725829151290926
2d4c42ccd0419f0034998f5b,2023-09-16,1,womens_strawweight,0.6925987854029885
8e05c99e0cfb203d446ab29e,2023-09-16,0,bantamweight,0.4407850543030602
281de41fa325e8017e097798,2023-09-16,0,middleweight,0.3353009143361645
568b5c62f6997dbaa49f2d78,2023-09-16,0,womens_flyweight,0.49647498272630197
a8d577f3a15db8e801f72cab,2023-09-23,1,welterweight,0.5772461220712102
cd56e5717d0aecb3365e555b,2023-09-23,1,featherweight,0.6236311805578555
978e40854ce586ab5015d89f,2023-09-23,0,middleweight,0.6750817752984895
e705c6274e273eb488346925,2023-09-23,1,womens_strawweight,0.602931847867975
5f67fcb6ff0330a07c25670c,2023-09-23,0,womens_strawweight,0.5069315859831993
534e4ba8dcf5d6b12163bd43,2023-09-23,1,heavyweight,0.4576163588902447
ef95cdf14de0f6f13da1c922,2023-09-23,1,lightweight,0.7044107075700659
23bb45e27781d3fef56a8d5c,2023-09-23,1,featherweight,0.5061288718756491
abd474deac0d6aaec693b319,2023-09-23,0,womens_bantamweight,0.363070270688489
afad3865935211f104c76cb6,2023-09-23,0,welterweight,0.3066920004328503
24613e52b4d9b4373f4e4226,2023-10-07,1,welterweight,0.5601732373496792
e808ac354fb383fa280dda7a,2023-10-07,1,featherweight,0.4059244507490721
c2fc0ceaf543ba31b0c8a9dd,2023-10-07,1,bantamweight,0.4685996197030185
1e86a983200de4386d6df19e,2023-10-07,0,lightweight,0.30686548062631813
80a2c51a131f7e11f83c99c2,2023-10-07,1,lightweight,0.23041989483408107
b0fd3639ae3acd8f3c7f83a6,2023-10-07,0,middleweight,0.3708142993188777
fe10b939cf29ddef67d106d5,2023-10-07,1,womens_strawweight,0.5461693978135037
da52ce077dfbc710eeee7d80,2023-10-07,1,womens_flyweight,0.518605226502982
5d96dab1b32c072c721a3140,2023-10-07,0,flyweight,0.49837792935515646
3b2b6f588f233752d4106bfe,2023-10-07,0,womens_strawweight,0.696816584985141
af737fed0b9b7d7e97b45800,2023-10-14,1,middleweight,0.5655437372781914
fe5a4702ff9ab44d8fd9a270,2023-10-14,1,womens_strawweight,0.5525592429759059
9f46ec6a1c5898a3f4218fa9,2023-10-14,1,bantamweight,0.6845849107298834
bc494225f9e8733daace3b08,2023-10-14,0,bantamweight,0.5382265386171065
f9055a3cf35dd1b47246db50,2023-10-14,0,featherweight,0.6455073528401253
d140971eb1e02bcc7e160759,2023-10-14,0,womens_bantamweight,0.6970988598773513
846b585d86cb8c9a7c662345,2023-10-14,0,womens_flyweight,0.5638037706897763
71152a346f5435274991f699,2023-10-14,1,bantamweight,0.714373973891777
a60d64e4d57ac341a707429b,2023-10-14,0,featherweight,0.7429587963150232
e9b3649cbac6fea997127d09,2023-10-14,1,womens_bantamweight,0.6306538303563536
6eb8e73eeedd0a4d4f090e59,2023-10-14,1,lightweight,0.7808016048640292
daa19bc1073e4de488b93099,2023-10-21,0,middleweight,0.2570237003078957
bd5197ce9e21f062e91cfdcc,2023-10-21,0,middleweight,0.5718558885096334
29ca6c04a5121ff6b3aead16,2023-10-21,0,lightweight,0.5258587352613819
53f58a616f1f98162f59d9a1,2023-10-21,0,middleweight,0.47817567982912823
259473adab67fa6d9c216e30,2023-10-21,0,lightweight,0.744982292621706
e7ce0cf4e2292cc04f227813,2023-10-21,0,lightweight,0.4217477997435333
a12daf4c80637768db6e3c5a,2023-10-21,1,featherweight,0.3238871852098382
28eb240747f515de3836fdbf,2023-10-21,1,bantamweight,0.6167219798538388
f0516b939f36ebafdf81ca17,2023-10-21,1,middleweight,0.3093365950770352
62d3a5771d6b10f0089a8f81,2023-10-21,0,flyweight,0.3442665657029764
757ba2eafdc177b61032db32,2023-10-21,0,womens_strawweight,0.2921789762680672
04563713f288927086d00dc8,2023-11-04,0,womens_strawweight,0.41032844675619107
4dc323525ec4fe6a1902471c,2023-11-04,0,middleweight,0.3143176334966434
7a0160ef91b1c3b2e386696c,2023-11-04,0,womens_strawweight,0.19265874503688885
63065d8129b0cd4edb422521,2023-11-04,1,catch_weight,0.6299554336296319
1c5a8fa50a02c5f7237e7096,2023-11-04,1,welterweight,0.4836575668673946
74447d459909b91d8cbc210f,2023-11-04,1,heavyweight,0.6542681543081589
c7d24b653dac82db9b54ce3f,2023-11-04,0,lightweight,0.289311287851704
df9a143b6b0fd7913bb8edfc,2023-11-04,0,heavyweight,0.3815580186296813
de2c9e0a9b1e5ca7f500117c,2023-11-04,0,light_heavyweight,0.3796852536193315
d15dd8dad27d3ee24d69ac60,2023-11-11,1,featherweight,0.6152351137916932
afa38907d741913db5a7be3e,2023-11-11,0,featherweight,0.5374098792295576
8a2b05dae46c16a168a3e654,2023-11-11,0,lightweight,0.3585030573950528
496a2700b89769900984608d,2023-11-11,1,womens_strawweight,0.7343747925082973
8d6e2b7b8b22ac6ba0a22969,2023-11-11,0,light_heavyweight,0.47323683576769066
e8561543ae98872e901f6879,2023-11-11,1,catch_weight,0.3836052006041366
833524b44b22bd3208f2fbd3,2023-11-11,1,flyweight,0.6312979033986443
d20739f6f7bd77ea12be13e0,2023-11-11,0,lightweight,0.26785281863228044
144baece3f6aa1688e288975,2023-11-11,0,lightweight,0.28456224378171563
e7b64eb7fc4775216b389738,2023-11-11,1,heavyweight,0.3899664346636908
177541d6f63823d585239290,2023-11-11,0,flyweight,0.5697372847386043
f41b81824fdcc42b9e4d0405,2023-11-11,0,womens_strawweight,0.5527224649914256
f2df0f0bae9607c1cf534447,2023-11-18,1,middleweight,0.7732794856148844
d364f1a7af8353a6a5bb476f,2023-11-18,0,bantamweight,0.49216687143765336
00e7ffbaf4344527093873a4,2023-11-18,1,flyweight,0.5696665221225942
459984a71320f6181b1f6a92,2023-11-18,0,lightweight,0.49804945344172535
cac245615a9748a0186e36ce,2023-11-18,0,middleweight,0.39614208465482986
8e520f2d4e402e4c08eac42a,2023-11-18,0,featherweight,0.5591523977447129
19a60d3bb692f7fab1aa0998,2023-11-18,1,featherweight,0.3551824055387332
5d678692a9535ae7a7113d36,2023-11-18,1,womens_strawweight,0.6651448260166501
e5dbe1f65469011be90331f1,2023-11-18,0,womens_bantamweight,0.28980310166508483
0814c6241270848832ee1c95,2023-11-18,1,welterweight,0.35615276525513817
d7d1847897d6db266f12f753,2023-11-18,1,heavyweight,0.776936577971911
ded733c1abeb30eef94d0f74,2023-11-18,0,bantamweight,0.5160195951179029
d8489abaf1802fa3a1021b7f,2023-11-18,0,welterweight,0.6219048541401807
3244052f0a3815145fdd8188,2023-12-02,1,lightweight,0.7282855707236802
29c71d1b4084e31abd61e31c,2023-12-02,1,lightweight,0.5183773717330689
266fe16c8f3e3b75a7f4c4a3,2023-12-02,1,lightweight,0.20857849191048672
577f775be78964896ac1a903,2023-12-02,1,lightweight,0.4621913132561608
aa55d74034f3a3481fb4d6d8,2023-12-02,0,womens_bantamweight,0.4767093723230225
6a65ab2dbc5dee6257dc9595,2023-12-02,0,middleweight,0.5808045953331327
ae90c163fbadc8e692614a68,2023-12-02,1,bantamweight,0.6243188199630341
d9ba19f4c35501b7970cbdd2,2023-12-02,0,light_heavyweight,0.5967339063189955
485be0671ebd8c05327115aa,2023-12-02,0,welterweight,0.3339565533422041
d0150e31146bd1f6c53d9109,2023-12-02,1,womens_flyweight,0.43605880259921864
71220001b252fdbf72418ec3,2023-12-02,0,welterweight,0.6380817403660829
9fc28e3dc009b827883edd97,2023-12-02,0,middleweight,0.35013842166083153
aef3796599ba902b135e1a2e,2023-12-09,1,light_heavyweight,0.2975686469939809
5b76e797c4ffb48b61410c9d,2023-12-09,1,flyweight,0.8670045105018953
1466c10bcdb2f1b0a1352dec,2023-12-09,1,middleweight,0.5598424295942676
55082c328945d276153798e0,2023-12-09,0,womens_bantamweight,0.3080015125520942
0a60ebc269e85bff31e989ed,2023-12-09,1,lightweight,0.46137001272091205
23ae5ee3a2a189aeb6fad511,2023-12-09,0,womens_strawweight,0.479563836897384
aaea90999d2c2c9ef107ce94,2023-12-09,1,welterweight,0.45459745979169247
e4f499527d31d66c982fd653,2023-12-09,1,bantamweight,0.5927326897316895
1717f90d2160832604d7a78d,2023-12-09,1,lightweight,0.3893576967037171
adb8d33c46026c9bd9e6fbca,2023-12-09,0,flyweight,0.27220248273238207
f02ef45176d4af0219dabfa5,2023-12-09,1,bantamweight,0.36378791309269687
280a428b31e2aef693a0f9f4,2023-12-16,0,flyweight,0.48744184358376097
d3365e6d3be6de5629a2c7a8,2023-12-16,0,light_heavyweight,0.5652514641294698
d577b5cf3001b917a08711f8,2023-12-16,0,featherweight,0.24489738970605443
39fc49a6ebd402e80c2483c6,2023-12-16,1,womens_flyweight,0.27153123075546787
1330b89f70ea839717128850,2023-12-16,0,bantamweight,0.32881217071319174
058ef2585a4f17f0e5ad91cf,2023-12-16,1,womens_bantamweight,0.5295420407054896
f34bd1f41290f9fed4eb494a,2023-12-16,0,featherweight,0.73315006800801
687a5fbe17d8dbd9d362aad4,2023-12-16,0,welterweight,0.19227780175605563
bb649a9711cf49795b3c4110,2023-12-16,1,heavyweight,0.2710833430529997
8b6069a7a68e296dabf0a2b7,2023-12-16,1,welterweight,0.8693596466595559
0248f733a0a79ce27869d3bb,2023-12-16,1,flyweight,0.5175155088348246
ebe757e2d75707e5c685fa5c,2023-12-16,1,lightweight,0.5560272200785668
350855927478bdd1e949d40c,2024-01-13,1,heavyweight,0.7828743347360089
3429305b9c7c09859dea585b,2024-01-13,1,bantamweight,0.43368731866963395
3a6a6b413fb74d30cc7ca422,2024-01-13,0,lightweight,0.38448555793286565
428a69abf162f2b9b7b4fc5d,2024-01-13,1,flyweight,0.6587033348686491
25198c09b99dc5ef33baad00,2024-01-13,0,light_heavyweight,0.39798429403246616
4a93776243956f8fbb398bfd,2024-01-13,1,bantamweight,0.547396060955018
406ffce8282d87e7c9405a2e,2024-01-13,1,welterweight,0.3648757538242782
811e412052d3c3ce36862e6e,2024-01-13,0,lightweight,0.6950395823852039
8cc7da19086c6ed2e0367e37,2024-01-13,0,middleweight,0.5533379853886992
8fe948f0238e3128d28de6c2,2024-01-13,1,bantamweight,0.4550038903496509
5d13c41cb62ff0921715726b,2024-01-13,0,featherweight,0.2077558223919999
b7feb4f5c53ec81135796ed1,2024-01-20,0,featherweight,0.3834100445295109
19f5549fd17592807a27b146,2024-01-20,1,bantamweight,0.366312442274196
89c2b506cd80a961358c0aa7,2024-01-20,0,featherweight,0.6319061602907384
2cfc07cf6675811da4dccda6,2024-01-20,0,middleweight,0.3573238140026897
dc907d383820e288b4e21f7a,2024-01-20,0,womens_strawweight,0.34265255706251474
381492d3d739b74de7beeaf8,2024-01-20,0,womens_bantamweight,0.20763529490302013
1885c2392f3fc4e13cca8970,2024-01-20,1,flyweight,0.37087867933248164
d03ee612207eed674bede235,2024-01-20,1,welterweight,0.47060561742691154
b714ef8d91fff6b78df25c03,2024-01-20,1,womens_bantamweight,0.7113384261117917
8101ef269b3e43cfcb139bb0,2024-01-20,1,middleweight,0.6116965751721191
cfab9e2259fc0aaa894fea97,2024-01-20,0,bantamweight,0.4318583460024467
c5a68290631162d0cceb4de3,2024-01-20,0,welterweight,0.6332511868653847
585b9503d7555c070c210fc6,2024-02-03,1,flyweight,0.541587729359296
cdc0b8fe8eb1f4398afe4cc1,2024-02-03,0,welterweight,0.5395829431914562
cccf589a0c312106aced03f1,2024-02-03,1,featherweight,0.5215637680498375
124fdf48a7e58167e2406acb,2024-02-03,0,lightweight,0.6120691515188603
c1f1986c9747f9c480a9e997,2024-02-03,1,womens_flyweight,0.6061663327975787
130b5f385e434a6ead40c900,2024-02-03,0,womens_strawweight,0.5410598859281069
68a976bdb4c4755bf10643db,2024-02-03,1,welterweight,0.6244014566054845
eff5e97ace834c6b6a4814ac,2024-02-03,0,lightweight,0.47542271897851757
83bf424cee3106fb1c1d003d,2024-02-03,0,middleweight,0.42200957221775265
6b6316141f41f8571d3e4388,2024-02-03,0,welterweight,0.3335890987251085
06ebbfece8ed6f916f1b9909,2024-02-03,0,heavyweight,0.44574785340497725
5cab68e112cbb2a3111df0ad,2024-02-03,0,womens_flyweight,0.26692546423387253
85b8c9276ba604cad81ebac2,2024-02-10,0,lightweight,0.4318583460024467
65d8d6420f1e0a4aa05a178e,2024-02-10,1,middleweight,0.45567949502760974
13eedeaf133943571e8e2adc,2024-02-10,0,featherweight,0.3785755798564026
19838dda64baf51b952b953c,2024-02-10,1,light_heavyweight,0.3671503860867647
c4b6f3ca9c43308740153a7a,2024-02-10,1,featherweight,0.5069810419567827
989b72f7d9fce65b937a2210,2024-02-10,0,middleweight,0.4354654235316735
a289673832251cad582de635,2024-02-10,1,womens_strawweight,0.6526692363497065
ea3d25224fa0cf859531451b,2024-02-10,1,welterweight,0.39506074937924074
f7537c194a0a6dedbc510eba,2024-02-10,0,lightweight,0.7404486890046765
d7d8b7e2b293904ac1b5bb78,2024-02-10,1,middleweight,0.5547696130284269
598ce164fdf6415d56e7b795,2024-02-10,1,middleweight,0.36308468931104
df6544316c136ebbbcf87b85,2024-02-10,0,welterweight,0.4443670258714999
4dc722c27e4030e3d16b4ca4,2024-02-10,1,light_heavyweight,0.3394816734115207
d7234fe2bf746ee2cf907640,2024-02-17,1,featherweight,0.6562529779874559
3d95040539382b0778d86880,2024-02-17,0,womens_strawweight,0.5665529883822922
0859c039546455918d4e00a0,2024-02-17,1,womens_flyweight,0.5349302625913395
8cf95c9b6a93f3379fba3bae,2024-02-17,0,middleweight,0.45927977918024826
91d92f1b9028820948735ff2,2024-02-17,1,welterweight,0.590090368371543
1f1e004761793697bfdb3d25,2024-02-17,0,welterweight,0.3956306075062212
bd35b700e291f4438a1ed771,2024-02-17,1,heavyweight,0.3443712398721563
75d36ecf8a8355375bbfeb39,2024-02-17,1,bantamweight,0.6970814855991537
c54d754afa6119eaf55ba682,2024-02-17,0,welterweight,0.23657216158262084
9c356ca4e2c4a13e56153ea6,2024-02-17,0,bantamweight,0.20426488380474442
beebd8ffc5c9b908e7bffd97,2024-02-17,1,middleweight,0.6280617037773365
a4563fbab7ae7cde62a6e539,2024-02-17,1,light_heavyweight,0.4434646260849498
c64700ee2cdf4b4f8a2a3263,2024-02-24,0,flyweight,0.6660392151803748
209209db725130787eba0ee0,2024-02-24,1,lightweight,0.523678624782745
89ef0f8da85fc4f1f608a06a,2024-02-24,1,bantamweight,0.5929669627073108
7595efdbddc1226c02f629f3,2024-02-24,1,lightweight,0.5328860355190409
a58a8dd2b764d7c4cab9ab8b,2024-02-24,1,flyweight,0.6719196940087646
984871628d68f0d92bd4ef99,2024-02-24,0,featherweight,0.33330833387912334
f7770d17020ec11ef8b11097,2024-02-24,1,flyweight,0.35219476061408506
042a708e7b9fa3844e0e11d6,2024-02-24,0,lightweight,0.6947401665432953
4c3292e39be0121f3ea756dc,2024-02-24,0,flyweight,0.48490707934250593
a92624583dd834ec8eb0b001,2024-02-24,0,flyweight,0.6445703136086786
044f7e8edbbc1ee181fc4391,2024-02-24,0,featherweight,0.6266542961887686
3b255e4692d41230aa1120e1,2024-02-24,1,womens_strawweight,0.21324979143656012
2a399975bd1e1b0dd0a23723,2024-03-02,0,lightweight,0.3290614802508439
f221e836ceb8c4fade1a00bf,2024-03-02,1,bantamweight,0.2820878901595368
5241c9c4ed74e9f71dec32a6,2024-03-02,1,flyweight,0.4755075389118737
8b878472b607640f653aabf8,2024-03-02,0,middleweight,0.284054720476629
b8ab408b0ad3705153c60d6a,2024-03-02,0,middleweight,0.42470318030844795
462aef659d2f1c9db0a805c7,2024-03-02,1,heavyweight,0.3305614217035189
f6e2ffe4c9ca47e91797a8a2,2024-03-02,0,lightweight,0.28753467642457387
f975335e1c3c676390ad01b8,2024-03-02,1,flyweight,0.700670915701978
a5ac42ab85f1ef67611fe071,2024-03-02,1,bantamweight,0.8703960286467671
95e0c040d06438ee57ea9376,2024-03-02,0,bantamweight,0.5947985734100214
63de167ce405377f2aba39c8,2024-03-02,0,light_heavyweight,0.27874065221504013
767e0cd4fd92f89fa41fb0e6,2024-03-09,1,flyweight,0.6303755786792387
941a479df441789cc3533fb8,2024-03-09,0,heavyweight,0.49536482319186836
3bad79d24f4c8195f5e17845,2024-03-09,1,lightweight,0.37463562227116687
bdcfbf088a7d3f37af559860,2024-03-09,1,welterweight,0.6828008982742634
46bace0825d59702c71e7f9b,2024-03-09,0,light_heavyweight,0.6083184788066265
a0db913c10b186b2f2ee92b0,2024-03-09,0,womens_flyweight,0.41492645037916803
774a7e588c92b3603e13fb0e,2024-03-09,1,womens_flyweight,0.5227643950080468
58d4e6da9340c1453dd0eaae,2024-03-09,1,welterweight,0.17778162363975222
b17b04c1d8f0105c850933f0,2024-03-09,0,lightweight,0.18253762930869677
e1e51b91402d9d330f72e381,2024-03-09,1,middleweight,0.6524580243901236
29acf84fdc389a3d05e38869,2024-03-09,0,bantamweight,0.26577767640727723
6500ffecb08cd5920b6bb95a,2024-03-09,0,bantamweight,0.5356993801291654
ecc485a069e20e0452aa83f8,2024-03-09,0,heavyweight,0.38826242118890253
8d28cf9448610499fb45e428,2024-03-09,0,bantamweight,0.36749285151326544
1c78c76a645637092d543c74,2024-03-16,1,bantamweight,0.3179866397560316
2975ba8effb59bf63f531ccf,2024-03-16,1,featherweight,0.4237640284678505
2c547056bb11b7e5cf58a477,2024-03-16,1,middleweight,0.46171995513138614
cd990f7b7b3c638cf7fb4af1,2024-03-16,1,flyweight,0.6103337493417503
2701e3a1ca5507745c3e167a,2024-03-16,0,womens_strawweight,0.43290886714247273
7b8f73546b25caae9d8e0963,2024-03-16,0,featherweight,0.5509087148130996
572aef4284a35d97b7e5b806,2024-03-16,1,womens_bantamweight,0.27663202668084774
d30caf84e805ba31ea467699,2024-03-16,0,lightweight,0.37940486449260297
50d49221d2d8e912a0449b06,2024-03-16,0,light_heavyweight,0.7844286997324565
1ede5ade9dccb1619dcef669,2024-03-16,0,womens_bantamweight,0.423767694589037
35d276b0d655b5762a4adfa2,2024-03-16,1,heavyweight,0.48745744289648707
0a9b856652e4e6e97855080b,2024-03-16,1,lightweight,0.5816822387963108
a64c19e40b1495a3c1956bbb,2024-03-23,0,womens_flyweight,0.39259573875226095
5cdaf1aa145a0b5f1417f8a9,2024-03-23,0,featherweight,0.49821486524758585
ffd41253362852c43cf12750,2024-03-23,0,middleweight,0.3180994430746568
a22b995a041336cd2e7b1b71,2024-03-23,1,featherweight,0.42938435778058065
8e06fccd7bb02182d006203e,2024-03-23,1,flyweight,0.4318583460024467
faf2cb29b1f6abbd8713bb97,2024-03-23,1,featherweight,0.38373420820211324
b48bb5914daa78dc914fc244,2024-03-23,0,heavyweight,0.30409294425254435
2d258da0acd9ef5e460e76cc,2024-03-23,1,lightweight,0.44467381869751127
9df5f995b3d922bcb3086b07,2024-03-23,1,bantamweight,0.8818320152179915
45b6c75025a22a83394120db,2024-03-23,0,heavyweight,0.3368721046307386
fd45d43912f2632e09d27c20,2024-03-23,1,womens_bantamweight,0.4255104245240082
071ec632559eee88583d16b0,2024-03-23,0,bantamweight,0.538420249145114
da9b12ab4d26fdc65b8ea77a,2024-03-23,1,featherweight,0.3849277340719002
8f4cffa9eab92b6b02b0d908,2024-03-30,1,middleweight,0.45220919009357624
597cf1aa8126498a52c75a08,2024-03-30,1,bantamweight,0.5841736072973058
806b9b05325b02e265c3a0fd,2024-03-30,0,featherweight,0.590826241410176
c9a059ab5fe63b169ad893f5,2024-03-30,1,welterweight,0.4726593282301579
c42216542c36faee591ca558,2024-03-30,0,middleweight,0.5415849731065434
1165451188dbec47a064b95c,2024-03-30,0,featherweight,0.5558332187775172
dd594ad901b92c946c85ba83,2024-03-30,0,womens_flyweight,0.5349941563795098
bfe4cbeeec90491f6582a54c,2024-03-30,0,light_heavyweight,0.43885598854713115
eb04b76ac189631bafe863ef,2024-03-30,1,featherweight,0.7736146830797944
390a29759a09a018f278d78e,2024-03-30,0,featherweight,0.5388560970909531
8e19439b96eaeed402465002,2024-03-30,0,middleweight,0.36754849578411697
dde5cb51c199688c1b7fbf18,2024-03-30,1,welterweight,0.4753774494882701
66b4a5d77d71117aeeb34de4,2024-03-30,0,womens_strawweight,0.6247922675262314
11fb6fbb886f244ae864e58a,2024-04-06,1,featherweight,0.5733624845343502
8231f0e6b0b5bafc0c8468e8,2024-04-06,0,middleweight,0.2622543129238612
f2db18a4c054f0e037b11cc2,2024-04-06,1,welterweight,0.6036601100602309
71daf3f66499f6c8d84b8ff1,2024-04-06,0,bantamweight,0.6035069541486755
74a163474a8c0f8e7e0f8528,2024-04-06,1,middleweight,0.4281702877723283
75905fdb791eefe74e05107b,2024-04-06,1,lightweight,0.6795057277468028
736a7a3bbb975eced403288a,2024-04-06,1,womens_bantamweight,0.48124198802354307
87408b8645e7a31b6cdbbf32,2024-04-06,1,featherweight,0.5356044948004998
4ab9a0d319271e6464c41d4f,2024-04-06,1,womens_bantamweight,0.620796603966879
741737d64bcf1c7e2c9ab9a2,2024-04-06,1,bantamweight,0.4318583460024467
44b8b16421d3b8ca5e361743,2024-04-06,0,lightweight,0.40790389856322307
fdb4e67476bc87811762511d,2024-04-06,0,heavyweight,0.3428106066861747
3300093a48a6b6f70a6dad94,2024-04-13,0,light_heavyweight,0.4604785389207073
f85198c6c82c7c5676cc1a84,2024-04-13,0,middleweight,0.37767024454932147
37e234e374031c4a9c10e43c,2024-04-13,1,featherweight,0.6573361777404517
564ed9d5df5aa5baa575e591,2024-04-13,0,lightweight,0.3295043996387605
03a849ee698f35fb17c1933b,2024-04-13,1,bantamweight,0.5725895301419491
7632d2c23612af5ce3d9a2f6,2024-04-13,1,womens_bantamweight,0.2497290454800102
147d563a5f53508a72a20873,2024-04-13,0,lightweight,0.5933760882386633
032c8104a460ad869376a130,2024-04-13,0,womens_strawweight,0.38924015045130295
a78f5cc79c971a495b411642,2024-04-13,0,light_heavyweight,0.3681467469331684
8600ede511999d9adc3c9975,2024-04-13,0,lightweight,0.3486607349457506
40ac2f53071b5de0836100e9,2024-04-13,1,lightweight,0.7078212066798414
3a1837e0a4820197bb51c85f,2024-04-13,0,featherweight,0.424208853617062
0dc452084d23dc74076732ad,2024-04-13,1,womens_strawweight,0.6120845983046936
7b58877ab5e4d6cf85d3afdb,2024-04-27,0,womens_flyweight,0.30614066944322504
19df3fa9de41e66929ab88fa,2024-04-27,1,heavyweight,0.5312171994068384
0d17deee4e12367f002ba9a2,2024-04-27,0,lightweight,0.5410647995372353
8d17aae9a953ca23b2144a12,2024-04-27,0,heavyweight,0.488897955614778
9d1e1ee7b226466bb2c175ce,2024-04-27,1,lightweight,0.35269890363400247
03670cc90ed626c90836de43,2024-04-27,1,womens_flyweight,0.664097363071185
53a27e69fc6fc4de042616c0,2024-04-27,1,lightweight,0.4318583460024467
e485c72f59f5947e989b064f,2024-04-27,0,featherweight,0.6732802563526324
6a21e75bc72a71c8587b87c5,2024-04-27,0,womens_strawweight,0.29250684268482424
1d88a0c36a95acc86682e411,2024-04-27,0,flyweight,0.4803552074516402
f070085973f94e62645c20b9,2024-04-27,0,bantamweight,0.47188758796270663
181283d8443a6c33cb21c79c,2024-04-27,1,light_heavyweight,0.22219272151113
c674910dad3e5790a28e8502,2024-04-27,1,welterweight,0.5099042073243529
4018cfaeb2593cc98fcf7a7b,2024-05-04,1,flyweight,0.7084221930506924
75f967a01638fa466a040663,2024-05-04,1,flyweight,0.4973235956132915
048e951737120ee49478ad81,2024-05-04,1,light_heavyweight,0.49392389302052025
22bf9f5adbf622b55d1f0d16,2024-05-04,0,womens_flyweight,0.43003738354241355
707d69a949880d2954a5183a,2024-05-04,1,lightweight,0.50473378874184
40f2eca8b202a382e83a86ee,2024-05-04,0,lightweight,0.4607624005220711
f074dc7df2dadf7cfac1fda3,2024-05-04,0,featherweight,0.58160938096265
d967e5ba34cb3ff8d9a4adb4,2024-05-04,1,lightweight,0.5247846216104554
e05a5a9e9719ca88d645516c,2024-05-04,0,bantamweight,0.7924590751840765
94bd5ed15286e8e4cc120e52,2024-05-04,1,womens_strawweight,0.39047603718016605
39cffcac3e882d98203f7dbc,2024-05-04,0,lightweight,0.712154857831147
1c69f516d3ff75bcc6377c47,2024-05-04,1,middleweight,0.7162787240205266
e9311178ebb944a7fc6aca37,2024-05-04,0,middleweight,0.3834436934753125
5961c213c10f64edc3e88f9f,2024-05-11,0,featherweight,0.3335067305900713
dcb8007781e8317ca6a6c80b,2024-05-11,0,light_heavyweight,0.3703737974232532
67958e9303cb81656c149b1d,2024-05-11,0,welterweight,0.2673798217964791
1a80a39cf42c05f59642a74d,2024-05-11,1,flyweight,0.6135112164940623
7621b21075c5e1917732c005,2024-05-11,1,lightweight,0.5651573037215797
7a09d0a6adda8ef213536caf,2024-05-11,1,heavyweight,0.3395218986816917
2418c947db415559ec8fb353,2024-05-11,1,lightweight,0.15852858309455106
a79c545c27deb304d7edfd56,2024-05-11,1,womens_flyweight,0.349433692007567
f511fbf1cacfba820f4106fb,2024-05-11,1,welterweight,0.45833510270560773
04e190387cb56de161ad5390,2024-05-11,0,womens_strawweight,0.35648065611436824
49c439cfc0b0097ddf5a2828,2024-05-11,1,lightweight,0.4299454518034415
d9449a6730d848570ee311a9,2024-05-11,1,heavyweight,0.571431297727668
a8bed7a2d2d40766423dceb9,2024-05-18,1,middleweight,0.565783622942852
db2e4374a49ab25f5ec0dc0a,2024-05-18,0,bantamweight,0.26110927791979305
3be1164cabf2e5d45f3c45b5,2024-05-18,1,bantamweight,0.5026342417034256
3fd54e9fa93e640c3802e176,2024-05-18,1,featherweight,0.8110573200335505
d535daa86964c2b555e0dca5,2024-05-18,1,welterweight,0.3772538943101038
58732931566ff8038d67e1ae,2024-05-18,1,womens_strawweight,0.3551285101138181
07ce5e11ec24372dce1eade0,2024-05-18,0,light_heavyweight,0.4165704317631842
d8dea5c6d18a01f239c500fc,2024-05-18,1,womens_strawweight,0.3681329832379698
c20d7e2d4ccac0647c485cea,2024-05-18,1,womens_bantamweight,0.5633440456734996
dc832abfc5a2f3f0b0e3125e,2024-05-18,0,welterweight,0.35989418702511244
5ef58c611edc62275574db90,2024-05-18,0,womens_strawweight,0.4941054507976154
97edf385302354b149760b41,2024-05-18,0,lightweight,0.5009357478247611
8e17356f2fda3a5192d31ede,2024-06-01,0,womens_bantamweight,0.28097718317159576
10c40b22ef9284e7de0ce72f,2024-06-01,0,middleweight,0.4831740568909146
79ff3b1a7d1bf92f16483213,2024-06-01,1,lightweight,0.5601674811473679
4b9696096d6fa5e9d5610ddc,2024-06-01,0,lightweight,0.10974615528139785
989ca4098373cae02934935d,2024-06-01,1,heavyweight,0.5505392086526719
6b33e6c737a6684a25945237,2024-06-01,1,middleweight,0.6939426916481277
cfe0192361aad1fbe188ea64,2024-06-01,1,welterweight,0.4788078993404077
aabe4d2579baa78d78077059,2024-06-01,0,flyweight,0.4272156857728277
113ec2a83989aaec45d0a399,2024-06-01,1,welterweight,0.48610708691912463
0acc32af1154473e50db81c8,2024-06-01,1,welterweight,0.581914075789782
41337cbd48bf4f84174dc20b,2024-06-01,1,welterweight,0.6055917495786681
3dee3aff7f82282e32f8df92,2024-06-01,0,middleweight,0.37575579583281876
518127b2dd8efe3a417831b3,2024-06-08,0,womens_flyweight,0.4742494281760213
2e839f2de196517e8e246d12,2024-06-08,0,bantamweight,0.4418633554580686
bf7ea6fdb51531c8d451a756,2024-06-08,0,middleweight,0.37122337242213466
7de1c7f30e70c0054157559a,2024-06-08,1,welterweight,0.5382238744036345
25d7d7c1927b76a34bdc14d3,2024-06-08,0,bantamweight,0.517374767783921
0ddcfb11315e9923a41bb2c7,2024-06-08,1,light_heavyweight,0.4734325626233563
e8438ef0c8ba3780dc2b45d9,2024-06-08,0,womens_strawweight,0.7787631203833234
d20e183e0125d6ec0f2db68e,2024-06-08,1,middleweight,0.5331055658230806
a1e8bfab94288f7370f435d3,2024-06-08,0,bantamweight,0.5873535021412132
e5d256c6836b448747c5b8c1,2024-06-08,0,middleweight,0.5457221016228903
70272da7c95cd179af6cf4d3,2024-06-08,0,welterweight,0.6536143521225327
144bac7646d283547cc8b638,2024-06-08,0,bantamweight,0.39430137842604424
19bc980d805f14744f6823af,2024-06-08,0,womens_strawweight,0.585393357735304
8f81053df7a5953b7491f734,2024-06-08,1,lightweight,0.48136176403553493
79440448cd3fec28695e7dec,2024-06-15,1,flyweight,0.7014377216154978
6c45fb565fbf14ea75c4fdcd,2024-06-15,1,flyweight,0.575654920278685
14d2774e1d1f3fd5e1c6dbc7,2024-06-15,1,bantamweight,0.4989850207178219
f5dfccd531de267b99e1f070,2024-06-15,1,womens_flyweight,0.42100076966703087
493d3aa0ab1d0278e2da7639,2024-06-15,0,bantamweight,0.28441931454662933
763a5efe7035e062f2c0b690,2024-06-15,1,featherweight,0.3864380712255393
1fed94581536b612e2fb59a6,2024-06-15,1,flyweight,0.743140832318675
41d8ef2e34a39925ad4e75f9,2024-06-15,1,womens_strawweight,0.6760471715302435
f988066efa595e7f87d49d22,2024-06-15,1,welterweight,0.5736459453727317
19dddb26aefce6783b18baf6,2024-06-15,0,featherweight,0.3468384309063125
9a8f34cfdca8efcd4558a8b7,2024-06-15,0,featherweight,0.43283411087612966
37d4488fc8163313b1231aae,2024-06-22,1,light_heavyweight,0.3461258764436448
7cf1ccb04fb7f586000618cd,2024-06-22,1,middleweight,0.42422501712999744
0a2c033e657e7440fa8aa8de,2024-06-22,1,bantamweight,0.7047093336196348
6d76913c436ce9ce53210b04,2024-06-22,0,light_heavyweight,0.4496421850465672
1a036b09296210df95e21b1d,2024-06-22,0,featherweight,0.7274686513955048
fc3424ff1e489f76836e8acd,2024-06-22,1,lightweight,0.5185053625998592
dcdb4b3fb3f9b4843ea57bb4,2024-06-22,0,welterweight,0.29850053247132624
65451ad06adc1f6bd89a8674,2024-06-22,0,middleweight,0.4030417265893445
a1d5af9825d34f2535d592ad,2024-06-22,0,heavyweight,0.6121362056879733
a0aecd3b3aa3acaa0c742fc0,2024-06-22,0,middleweight,0.4550947368444973
af244485111bd9dd30c97866,2024-06-22,1,bantamweight,0.4318583460024467
7c694c3870edbf3861bf90ae,2024-06-29,0,light_heavyweight,0.501269903490484
1669e7c3c0104261e38941ae,2024-06-29,1,heavyweight,0.4086016098862835
6f03e907877bb17aa05774b7,2024-06-29,0,light_heavyweight,0.5827029639146647
9fcb0c56f33fc5b61e47d0b7,2024-06-29,0,featherweight,0.9107823243028824
bc237d1b3aa5dfe665961429,2024-06-29,0,featherweight,0.2861561570490068
7508a78c4629ff995495dbbd,2024-06-29,0,catch_weight,0.39258827682639813
1885b9c154714adfa0a9f0ee,2024-06-29,0,welterweight,0.3054501406727141
3a544bc796aa4992d5fe2c75,2024-06-29,1,middleweight,0.7023729744580552
a276808076c8af27cad7f2ff,2024-06-29,0,womens_bantamweight,0.4685452159287026
94dc3b686c902429728324a6,2024-06-29,1,womens_strawweight,0.492955260988546
3d80286353ae673cbbea021b,2024-06-29,1,bantamweight,0.5026096353671714
d4d6b8ea5bd50709089f7bc0,2024-06-29,0,flyweight,0.553600643149733
70c74e2537b1f6d717d6a580,2024-06-29,1,bantamweight,0.3205769700930651
df9f3189d74a76849525e5d0,2024-07-13,1,lightweight,0.1908887035733014
930fcb9f98b6403d004a10a2,2024-07-13,0,welterweight,0.6377060652031504
752309c3bca8093f692b1373,2024-07-13,1,welterweight,0.5809642711422858
8ad7692e5b972dd4a7267c02,2024-07-13,0,womens_flyweight,0.21659474886997462
12131907a7300a3995c0f29f,2024-07-13,0,middleweight,0.2532374471073084
46e97615d7088624ce11ccd9,2024-07-13,0,flyweight,0.7554961554380359
d8807ddb36ab019a53c30d15,2024-07-13,1,featherweight,0.18843280806119653
85ca4854cd014ce8c4b31d7c,2024-07-13,0,womens_flyweight,0.3328672464173552
ddcbb740cdb42e2859e3ca1d,2024-07-13,1,bantamweight,0.6595926109189292
41c64f492689442222f3aa5d,2024-07-13,1,womens_flyweight,0.6533500923416813
1d14aed9e7e615e94ffe9351,2024-07-13,0,welterweight,0.49752483531657304
1a1f05ea93dfb2cef5441150,2024-07-20,1,womens_strawweight,0.5593062781131319
1802198470e4d36f13b9a300,2024-07-20,1,bantamweight,0.26588959985056154
52f6aa2624ec3c51c8435cc4,2024-07-20,1,flyweight,0.6315626692515494
8d11b4f1eb76e9b46dbfa43c,2024-07-20,0,featherweight,0.5986234120466343
fb73b101f05286253264c95b,2024-07-20,0,featherweight,0.4176020059927915
92839e130f117882696a849a,2024-07-20,0,lightweight,0.5607884012237921
d8fe945f52c4101fdb8bc15b,2024-07-20,0,lightweight,0.5727015896429815
4833ad51744b121d927b82e5,2024-07-20,1,womens_flyweight,0.5411283069302092
5d08d6d735d021c218d42bec,2024-07-20,0,womens_flyweight,0.3370595115890956
26a9e6c978b8d211b6443478,2024-07-20,1,heavyweight,0.43609969173125146
9f2b2e8e992c8c2d56b31b48,2024-07-20,0,featherweight,0.32761430355292576
097b47cf0fd70817100149e1,2024-07-27,1,featherweight,0.6705571486424505
a5ec3ef5260e3a28c3483b8b,2024-07-27,0,middleweight,0.4123495350539541
9de739fe6020a6c9f3fae848,2024-07-27,0,bantamweight,0.6146896295602015
2e1d63b7961383b47d4f353a,2024-07-27,1,lightweight,0.37837540176628065
79cfa01484c3ea38f9f51531,2024-07-27,0,welterweight,0.7600158305455748
a5cad6e8a51f09bf4c7d852c,2024-07-27,0,heavyweight,0.19503044230894462
d8173aa5dd83c7893f9af630,2024-07-27,0,light_heavyweight,0.4183348819501268
10d948ba3fb1d8e9bd8dd436,2024-07-27,1,womens_strawweight,0.32282359016602286
74af90aae5e78d1c1ad3cd9c,2024-07-27,0,flyweight,0.2567578273742673
4e85b5ea469de051613b5741,2024-07-27,1,featherweight,0.7664087189854787
513e525430fb53e61e0bc06f,2024-07-27,1,welterweight,0.4095693633745295
a91c178a8284b7aafa874169,2024-07-27,1,welterweight,0.4330631746917169
aece4c936f0671bad30426f7,2024-07-27,1,womens_strawweight,0.41947288498973656
73594b0e6c5d7117aadc2d01,2024-07-27,1,heavyweight,0.5168636602863581
9ba92a6b223ce70a5def5ac7,2024-08-03,1,light_heavyweight,0.5160269896127452
571fd99f2cea3cab0516a2a4,2024-08-03,1,bantamweight,0.7937313110775132
29050e1234307cff3226cdf8,2024-08-03,0,lightweight,0.4214704033875772
7966b9d988f1cc5340b09615,2024-08-03,1,lightweight,0.2966863110677482
45f6a77cf5bae11f69d9a8fb,2024-08-03,1,lightweight,0.32405581706389924
1f40f703023ba1bd3b521781,2024-08-03,1,womens_strawweight,0.45962987554398216
d2025cddbf7cdc74c599ce2d,2024-08-03,0,bantamweight,0.5864709903725358
04bb77d8d0c872a4a2bc082a,2024-08-03,1,lightweight,0.6528993953016508
a962037dba890b1e59b3c11e,2024-08-03,0,middleweight,0.3482969699210629
56741af4fb9164b3ceab34bb,2024-08-03,1,heavyweight,0.4527482334869444
ca0701d63a3f45561e4c49ba,2024-08-03,0,middleweight,0.43778508126045845
b008daa3b4c6db6c9f881827,2024-08-03,0,welterweight,0.2832564242370783
b4ace78f4c4b62732bf4877b,2024-08-03,0,womens_strawweight,0.42923868582505664
63b290ed8d80110a23d74939,2024-08-10,1,bantamweight,0.821984471766079
a88dc52e44b8276a684bb173,2024-08-10,0,featherweight,0.3668911151637872
6399ddb25f22d847585f6886,2024-08-10,0,welterweight,0.2462426245730753
b8b9c9039b433da4b20b5f90,2024-08-10,0,heavyweight,0.6937443265448773
961760ffcf08037002d97654,2024-08-10,0,womens_bantamweight,0.40377788821686045
7e7ce2895404f87c5266303a,2024-08-10,1,heavyweight,0.5294612781927598
12d0555dd382fcfab24b3392,2024-08-10,0,womens_strawweight,0.40518854052350106
96244b15517f4c3bda290b28,2024-08-10,0,bantamweight,0.644161755791533
909669ccdc04944ae9d1b468,2024-08-10,0,womens_bantamweight,0.44208162424637715
bd60f369b8760c4e98e32f96,2024-08-10,0,featherweight,0.26824362209914976
d0e5f0596a80603b43725079,2024-08-17,1,womens_flyweight,0.43304913743572343
34ba7fa3787854789b373bc3,2024-08-17,1,middleweight,0.5792110911292285
1ab2b260997db6bff8202e76,2024-08-17,0,featherweight,0.43835381605927076
4864b0dc32f25c0902026983,2024-08-17,0,featherweight,0.5642286152347648
fe925f7d987d2688da86017f,2024-08-17,0,heavyweight,0.5143201327233317
91cf1c66c0aae10df4f68f3c,2024-08-17,0,flyweight,0.5753363391102034
ae37c7930a26b186f933eb9c,2024-08-17,1,welterweight,0.6247414412443639
64bf5b234df82a4717fa37df,2024-08-17,0,lightweight,0.7359151741627828
a8691859c32e637d35c7433d,2024-08-17,1,welterweight,0.3628966180983265
9cef7cc38d059d1f8c348efe,2024-08-17,1,flyweight,0.3886023285858222
806133791825a62697b640f6,2024-08-17,1,heavyweight,0.5286965723755329
e85cd4c789fe17ebf55b166c,2024-08-17,0,lightweight,0.15724040621716598
7871134a09675ac61dce31c5,2024-08-24,0,womens_strawweight,0.35420188813926295
d1b1774c0be9c2a23e1afdb1,2024-08-24,0,lightweight,0.5000616279410482
03f2e0f30d6778d93ed003c7,2024-08-24,0,middleweight,0.4831923128615807
e36fc47ae8ddf929d7d70db2,2024-08-24,0,womens_bantamweight,0.24964434064117655
d27425d0f741578a348cf746,2024-08-24,1,middleweight,0.5230031019544261
7188747cdb0273a5acbad76a,2024-08-24,1,featherweight,0.4318583460024467
47b86263700fd8ef79cea0af,2024-08-24,0,welterweight,0.36581136873894554
a3f643c93410304590071638,2024-08-24,1,middleweight,0.4281702877723283
d5f593ce2352af15183e59e2,2024-08-24,0,lightweight,0.5084313824826101
93204973199b855bffa0e265,2024-08-24,1,womens_flyweight,0.5987045998180166
59d94d1306c4fa0cc5b39666,2024-08-24,0,middleweight,0.5171005358304974
7e324bf197dfe23d87cf3b37,2024-09-07,1,middleweight,0.7754528449519628
098a7ab058cb0919d2754437,2024-09-07,0,flyweight,0.29471190242144646
84bdaaa1b9eacf71f68d786f,2024-09-07,0,welterweight,0.4332618311739799
3687ac6b259d61ee8fdcf7d5,2024-09-07,1,featherweight,0.975940317544836
520ab8059fa083df9466b8de,2024-09-07,0,womens_strawweight,0.2902952268894552
37543d1d6a400d3e6864fe4b,2024-09-07,0,womens_flyweight,0.4747483273454102
4891c35741f30e491ae624b4,2024-09-07,1,bantamweight,0.5963768837578413
3abd10663dd8be12d13c6cd1,2024-09-07,0,lightweight,0.32635225690415287
05620075d316a20238eb8fd9,2024-09-07,1,featherweight,0.5869192150724586
b76888405cc10f4682091f54,2024-09-07,1,lightweight,0.4151695318712714
fde085a48d0a96f2360b6382,2024-09-07,1,featherweight,0.3861202765101622
45ada03471594e17da40af4a,2024-09-07,1,featherweight,0.4318583460024467
b32a701a44b0d95605d7c908,2024-09-14,1,womens_flyweight,0.6607091765866555
f2ff0c6a9bbd4b5eae926db1,2024-09-14,0,featherweight,0.33734322475893425
09fa80261d93813008aaa022,2024-09-14,1,lightweight,0.46735773549345033
c72915269d9a5169f4bdbe0b,2024-09-14,0,flyweight,0.25538544524192036
3b8c650614dfc5493a3b1bd9,2024-09-14,0,womens_bantamweight,0.3187514531930035
d5a12c28b25082427278edbe,2024-09-14,1,lightweight,0.5544124711623322
d767088f51b6e7714e8d7645,2024-09-14,1,bantamweight,0.5847105066481858
3ec64b31845ac4f1cb2f5a4c,2024-09-14,0,flyweight,0.38955033123085037
75df11c187e283ce3ab3b3de,2024-09-14,1,bantamweight,0.5262384921907379
1288aee9afdb2d374cc3012a,2024-09-14,1,womens_strawweight,0.5790438605923294
245096e15704e2540393d97d,2024-09-28,1,womens_bantamweight,0.4242880092012703
60d8f7e0b676daa7ac15f065,2024-09-28,0,lightweight,0.40933143406483224
7030ef6d4542c58352a49bba,2024-09-28,0,flyweight,0.4766860772509724
6ebd9ffc7a13c46ca71bd8aa,2024-09-28,0,lightweight,0.23387693767518905
3e276600eba4e29cd38e2cca,2024-09-28,0,light_heavyweight,0.30108375068660853
dc350102307a004ad39adb01,2024-09-28,0,welterweight,0.5352821430685781
105253273d1654f9a2beee86,2024-09-28,0,lightweight,0.2368211053240895
50aafa48176dfa0137faaa73,2024-09-28,1,featherweight,0.6452891611165577
ab00b1352f514a47b8e37dc0,2024-09-28,0,middleweight,0.5732960959485753
87ccdba10c40f4bdcf843017,2024-09-28,0,womens_bantamweight,0.4464924330787856
88572ee2955c4e9d956110a0,2024-09-28,0,light_heavyweight,0.5271084030003703
7e74c10fa13302f3fb7dd90e,2024-09-28,0,lightweight,0.4960218045474296
0c580a243e221bbb34761e5e,2024-09-28,0,bantamweight,0.29664698078415724
c2a55835ec8fc920f3adf40e,2024-09-28,0,featherweight,0.5626079263719531
c1c94449aa8da08edf6e1dff,2024-10-05,1,light_heavyweight,0.7443587951936683
7c56376f5bee90553ebe1f91,2024-10-05,0,lightweight,0.46518694021017665
42c9a2d2c6e47f7150c3c7b8,2024-10-05,1,womens_strawweight,0.2859912976637073
1972bb7a08946b356c1315c6,2024-10-05,0,middleweight,0.5354756961930152
401cf3772c7ad44839360dba,2024-10-05,0,welterweight,0.4014211293949943
57b18397eb6dda68408204e5,2024-10-05,0,bantamweight,0.2568793358156619
144f8ee9b6fd2c722b5d25ce,2024-10-05,1,womens_bantamweight,0.7552492720530197
e443e39fbfefcebc6b107ee9,2024-10-05,0,womens_strawweight,0.5116299728864891
d310221180298a0117347d09,2024-10-05,0,womens_bantamweight,0.5324498732724977
c6f824443fc9c84e876b488c,2024-10-05,0,middleweight,0.6055353404542287
ce5cad2d9a093f6848c1c837,2024-10-05,1,light_heavyweight,0.6998437475470646
1956b00acb148792dba1a315,2024-10-05,0,welterweight,0.2050265274953378
4840224751a56333d055fc7a,2024-10-12,1,middleweight,0.5558211082115196
a727672cc9664edda540ef4e,2024-10-12,0,flyweight,0.7024185300346697
c9b19587d5b0943492e92d4b,2024-10-12,1,welterweight,0.3986620139810174
75c7c56dd807d68045a4386a,2024-10-12,1,flyweight,0.4258216308604429
8e2cca02f188a62e86ed9e5d,2024-10-12,1,flyweight,0.5077906588674979
559c2d014f7fdd130c04416c,2024-10-12,1,bantamweight,0.36735440678282427
b2154563c4e05478fec46f76,2024-10-12,0,welterweight,0.32734339534905144
0cb8a11def43b8e9e64a987c,2024-10-12,0,lightweight,0.4104357679218749
a9a12f6db5392e7212061c76,2024-10-12,1,featherweight,0.3142438042600378
da2b4cb4a1dece7e1cddce4b,2024-10-12,1,womens_strawweight,0.7018532933425193
6006b5e7b981df4da946cb96,2024-10-12,0,heavyweight,0.43144091124275674
d6fa07076c71693c51694206,2024-10-12,0,welterweight,0.42288856805349373
abcc6a4ab3920f6a692e9eee,2024-10-19,0,middleweight,0.6824115901375458
9e275e378f98707802ff3485,2024-10-19,1,heavyweight,0.4097986278586702
412a5bf196b840083c98f4cb,2024-10-19,0,bantamweight,0.19116427435345118
8109c8b9fae6d7c0aec54bea,2024-10-19,0,flyweight,0.3848280044391408
0971e4c0e50a7ee704277ff9,2024-10-19,1,featherweight,0.36044706891121764
8e8bc92bd61bc4fcf37df834,2024-10-19,1,bantamweight,0.29968092705906424
7f31ec33285ef5018378b5ff,2024-10-19,0,womens_strawweight,0.34755533099269104
f37b3852170b4e3e133af446,2024-10-19,0,womens_bantamweight,0.3601807866629226
79e0b62af359301a3c381318,2024-10-19,1,flyweight,0.6031800849297445
4798c8fae376043513d3f4d2,2024-10-19,0,womens_strawweight,0.4959023656734025
497026b88b1c9f6fe365d724,2024-10-19,0,bantamweight,0.7590217952243045
64b6b3f836693e4882af28cc,2024-10-26,0,middleweight,0.43365369832107403
d083631584ac1c4442af2f54,2024-10-26,0,featherweight,0.3344506630163242
0fb2c51f918d8f2c887a3970,2024-10-26,0,welterweight,0.3206484536612579
4a0a7c62b38099ba662d7540,2024-10-26,0,light_heavyweight,0.33323931447490135
c481a4e5d3c8d48d2a063795,2024-10-26,1,featherweight,0.7691898621313377
e98deb41ebb14639db7c7876,2024-10-26,0,middleweight,0.40434396653577437
8c84124df2963190592ada9e,2024-10-26,0,heavyweight,0.20923321010863746
79fce42379f8108d722fa309,2024-10-26,1,featherweight,0.7449039118254828
df658a10c24790baf29d4ee5,2024-10-26,1,light_heavyweight,0.7120384917624527
c1770a29dd92cea4a6f380c4,2024-10-26,0,catch_weight,0.5833145498158069
fa23b82570604d8dd9c63e98,2024-10-26,0,welterweight,0.17222301483227292
39f8f786e1f44eddf18e1470,2024-10-26,1,middleweight,0.7708848985096918
17cb3fa1910244939c601a11,2024-10-26,1,middleweight,0.5927185470015117
f369464f1180832f1d8b7c25,2024-11-02,1,bantamweight,0.5781840924173847
e1741bf2713d935c14028fb4,2024-11-02,0,heavyweight,0.39523670777264935
6025d5b28df7b99fb482dcce,2024-11-02,1,womens_flyweight,0.6259211179721702
55b1b3ca9a1864952fc3a120,2024-11-02,0,flyweight,0.44057635098977804
88f856cc39f5020603b0cb4d,2024-11-02,0,light_heavyweight,0.6488109673388495
1f3e2215dc098945c449f796,2024-11-02,1,bantamweight,0.4897995499397147
fcff3a20a805946dcbc5b1f1,2024-11-02,1,bantamweight,0.39315650522062273
abebc636424c238657d451dd,2024-11-02,1,womens_flyweight,0.33360137915784177
4ac4778bb7788aaec05d064c,2024-11-02,1,featherweight,0.38441728078809756
6baeb93f8c6f6b9bd33db412,2024-11-02,0,womens_flyweight,0.4583228477704096
dcc9895cbd8b3c0b07f46767,2024-11-02,0,middleweight,0.490866132757023
671290c0c6844812078884b0,2024-11-02,0,welterweight,0.36630202175003956
c56faacbd23e859d15f773a4,2024-11-02,0,bantamweight,0.4078547379190031
775087a13644ddbfe20dc426,2024-11-09,1,bantamweight,0.4877461687416685
1019552fdbf1a6c9ac7389ae,2024-11-09,0,welterweight,0.19192062216738584
0e948b30e911a8028bcd9511,2024-11-09,1,bantamweight,0.38685468350020197
4fa91a1cfb6740cb784e067a,2024-11-09,1,middleweight,0.21616698089960665
82c4427e3f9514cdeb328735,2024-11-09,0,womens_strawweight,0.48826147478764953
4493bfb4dc8c9613ac38e90c,2024-11-09,1,womens_strawweight,0.605014404603287
3a681fdfbe596d2fdcae3f62,2024-11-09,0,middleweight,0.40986838627234273
6b3506aa31679bb23befa70d,2024-11-09,0,welterweight,0.5951511449960817
c3c4de6fa97914db9f9aff63,2024-11-09,1,womens_bantamweight,0.4425032210572331
1977ecf38fd0fee16b089735,2024-11-09,0,welterweight,0.3332713239860618
97dc41469e9c9287cb5fd305,2024-11-09,1,middleweight,0.5635818006195658
043847b8441b879d0f429697,2024-11-16,0,welterweight,0.37941290086079915
4167d3f6070971c8b9d1fde2,2024-11-16,0,middleweight,0.34499018285626865
9f92f3cfd66a55be8006ffb2,2024-11-16,0,lightweight,0.27135096600781194
54cc8d7bd582e5171cc7f70b,2024-11-16,1,lightweight,0.7317148573862295
bce7b7de58b92db963e36818,2024-11-16,0,lightweight,0.8139618753525003
3e7b3ef93a01e95602563df6,2024-11-16,0,heavyweight,0.1307580879296469
fa0177ce9126280f55a43082,2024-11-16,1,bantamweight,0.30425184311894793
b5c28155a6e12ff7a5ce6f50,2024-11-16,0,heavyweight,0.35759163397461347
03e4a0968b9c873a3c75fe66,2024-11-16,0,catch_weight,0.23010768620589062
017db93038090457a9f2ad7f,2024-11-16,0,welterweight,0.5760766183660637
a7c487f94464423d6463a35e,2024-11-16,1,womens_flyweight,0.4102262155083697
46332285a7b69c9d2a12da53,2024-11-16,1,womens_flyweight,0.4232802778160093
8811b8fcd2100494af6f8cd5,2024-11-23,0,bantamweight,0.4318583460024467
1c95d96871ede2553b9ef069,2024-11-23,0,flyweight,0.4318583460024467
c23bd1c8a9009f9e2aa0618e,2024-11-23,0,flyweight,0.4318583460024467
b6619e5bf2b8cb1dcad50e13,2024-11-23,0,lightweight,0.4658845951872349
e18d6be41f88d838a0ea1d5a,2024-11-23,1,flyweight,0.5444033448096248
bd0443c550f1a30b6b7d0b7f,2024-11-23,1,bantamweight,0.6719234148023893
0ff5951760ba7570bb749166,2024-11-23,0,womens_strawweight,0.43003738354241355
c6ef3b68243861a699dbc860,2024-11-23,1,welterweight,0.7159469090217485
958a5e46c9010601ebb8d398,2024-11-23,1,light_heavyweight,0.5983369585666234
77418b65aac3f975237beb9e,2024-11-23,1,womens_flyweight,0.32399610302202314
8d8a818c9f17c009e3b85bf9,2024-11-23,1,bantamweight,0.4250886994352167
4a920eff3f6c4c24152c2d9c,2024-11-23,0,womens_strawweight,0.5911599476947271
ab152d7ea0e03fcd72fe5e3e,2024-11-23,0,light_heavyweight,0.3493506289096106
8bec3556efa0aff00fc6942a,2024-12-07,0,flyweight,0.24794438800732932
9635f631a62e6cac838fac30,2024-12-07,0,featherweight,0.12992602144352844
0304da4371ba534498bbfa00,2024-12-07,1,catch_weight,0.24982886915209027
b7f0d52ab8dd1cb8f75d38c6,2024-12-07,0,heavyweight,0.2759031982691923
228014fdd9ac575ec9d83932,2024-12-07,1,lightweight,0.9128511934094063
b17d607483172d5ebfb86b98,2024-12-07,1,flyweight,0.6529707959156474
5fcd9b73e591e02031a00a9e,2024-12-07,0,light_heavyweight,0.5753925397556052
3e73e0845cfe08a1abaa6d7f,2024-12-07,1,heavyweight,0.6047932708452319
034ec1f2c225729b14c0dfca,2024-12-07,0,welterweight,0.48416899073636405
ba2176c71f65397aaa94d50a,2024-12-07,0,featherweight,0.2592423378064241
44dbc5139ac2ed24c255f5cc,2024-12-07,1,featherweight,0.582299222923718
9f2b7751f55b139930a7745b,2024-12-07,0,welterweight,0.5126873902334762
23e3d1acad9c979ed26efd91,2024-12-07,1,welterweight,0.5672746544972105
2bee7e4cb43cb0eed55b0645,2024-12-07,1,welterweight,0.40554773678354794
f0b0735efef392fe0658fcdb,2024-12-14,0,bantamweight,0.3665550134440848
bec4c121d2e352da409b0252,2024-12-14,1,welterweight,0.5586693420981781
7915719a146e85eb8bf4ac4e,2024-12-14,0,featherweight,0.6491838090703252
7b9f48d7590f393ee2bc937d,2024-12-14,1,bantamweight,0.4629095972368392
14139c465fda81dd1f24724d,2024-12-14,1,lightweight,0.6190450331176244
ee992fcfb2c3ec848b22bf51,2024-12-14,0,womens_strawweight,0.582472380317249
a4bd67e5bf952f768ee5f2d7,2024-12-14,1,flyweight,0.5107422164886578
3d0468e9f5fdbbc6bcf4b92f,2024-12-14,1,lightweight,0.6003566820175349
8545cb07c6efcc3f4da59517,2024-12-14,0,featherweight,0.3793231828587196
01916ac920a0f4fd7230f3cb,2024-12-14,1,womens_flyweight,0.6423938538728672
282c2ae10a81491eae36a47a,2024-12-14,0,light_heavyweight,0.5348578021542273
92bbcef9c67dd1b7eb6c690e,2024-12-14,0,featherweight,0.2578841098635559
1fcccda17da14ab9603a0f66,2024-12-14,1,light_heavyweight,0.4371537810288456
d13a2c8a4f5306b8b033d501,2025-01-11,1,middleweight,0.5671619176859304
f97caf0d17bfb86368400b6c,2025-01-11,1,middleweight,0.44522547303674725
2162ca6af8aee7110a671097,2025-01-11,1,featherweight,0.6894217104251749
92702506603eaa3e00488ad1,2025-01-11,1,womens_flyweight,0.4787984449504754
cc7da53bb2061cf9b037478e,2025-01-11,0,womens_strawweight,0.2602600669258903
0dc0792dd70e1b4333e3f456,2025-01-11,1,flyweight,0.3291089173783012
41127606356904600eb046bc,2025-01-11,0,womens_strawweight,0.5901879323109781
6b4d318f2551857da68bd774,2025-01-11,1,light_heavyweight,0.4209416597416844
16d68cf0539018b23943680c,2025-01-11,0,middleweight,0.5556773776023609
363183767a8d3a0f614131b0,2025-01-11,0,lightweight,0.5405612131345151
5e5c66734f00f66b9aa5feac,2025-01-11,1,welterweight,0.3604065600295632
7cf917d8d98c64098c698bd8,2025-01-11,0,welterweight,0.6368158004734458
7202e3c174e624cffcb777b0,2025-01-11,0,welterweight,0.6256910793789006
8a7d322f6fca14cd6192d341,2025-01-11,1,lightweight,0.5205280299446249
6a55faf5e3739a306bb19200,2025-01-18,0,light_heavyweight,0.2927308530465591
e1288b021ae773be3a047196,2025-01-18,0,lightweight,0.12921677284514654
088ac1fb12dd2ebaf085d3f1,2025-01-18,1,lightweight,0.8354567266729407
2c8b03448ee5239e2e499d5c,2025-01-18,0,heavyweight,0.2645834533828376
aadce8bf98323e887aeff00f,2025-01-18,1,light_heavyweight,0.5129677380190928
05573171f789b22f3bfa651f,2025-01-18,0,womens_bantamweight,0.3363360810722508
f17f100843d4e347772b5af9,2025-01-18,0,middleweight,0.486122653932342
899fce523cce9f7a9cea2479,2025-01-18,1,bantamweight,0.5042098587356403
5ed39636288a2ba5ca9cb88e,2025-01-18,1,bantamweight,0.35112129848500395
a491ece7037c4c2188cfbdd5,2025-01-18,0,bantamweight,0.23830682191980765
5e65f3c26f4bf3514f5a3c0b,2025-01-18,0,bantamweight,0.5501757375423332
4a104e8add50e30a63b377d4,2025-01-18,0,flyweight,0.44354150731309394
bf312225f90e425743b88be8,2025-01-18,1,middleweight,0.40303152696555833
57eb886166168af015166871,2025-02-01,1,featherweight,0.49725905579635404
b59ccbba51f2c68ca30d9860,2025-02-01,0,lightweight,0.41560582813428665
120a28da81a44a8f66a0c856,2025-02-01,0,heavyweight,0.47756125695043816
862cce61b7e0c11f70f924d0,2025-02-01,1,middleweight,0.5311629402082062
c798fa59525cc216c0e15eae,2025-02-01,0,womens_flyweight,0.4082955986603931
60c2041e7bcc826d91d85cc9,2025-02-01,1,featherweight,0.6858204174096455
11291199df3f14e2dc270b5d,2025-02-01,0,bantamweight,0.3782513118349419
28183de1455c91b680305ddd,2025-02-01,1,heavyweight,0.62904478774732
1da1b0b686fd6b43baf97f25,2025-02-01,1,heavyweight,0.5223258857460578
ffdbff0f4c4968471d6da71d,2025-02-01,0,middleweight,0.551623893242429
bd2cfaf861c385423053277e,2025-02-01,0,lightweight,0.3317723148663752
f5a450b35a167eb5e07ea9be,2025-02-08,1,bantamweight,0.4509367972794658
d7c8507105dea51aeb1bfdbb,2025-02-08,1,middleweight,0.7090052417560966
a2f2eaef170057f6151c7c73,2025-02-08,0,featherweight,0.49103857215069446
19031d0d33105daae054408e,2025-02-08,0,welterweight,0.4299456760214938
6a55956e6720fad748255e7b,2025-02-08,1,welterweight,0.3724794002362625
8b7903d49f0a666b61c30454,2025-02-08,1,heavyweight,0.6379197244226181
d556670cc9c71b744bb1f91f,2025-02-08,1,lightweight,0.429792992406793
45f18205b7ab429cda0e8fa4,2025-02-08,0,lightweight,0.44700534179852064
63c8ed3753f8436862f3b66d,2025-02-08,1,lightweight,0.46987697795836597
418191fa2b0e4fe58486229c,2025-02-08,0,womens_flyweight,0.4534615321578865
a283e2b088f7e3cd6e984a55,2025-02-08,1,womens_strawweight,0.4972702996747135
97afa1180f84df65f7a8be01,2025-02-15,1,womens_strawweight,0.43230515122320295
078c5c8821a745744b98ad55,2025-02-15,0,featherweight,0.41803624729231925
c394b4eccb49499e31f22f66,2025-02-15,1,featherweight,0.5648599267654195
ff260dc57e36bd97916349bc,2025-02-15,1,heavyweight,0.4301877687472248
7b74848f2f11072d1810e50b,2025-02-15,1,middleweight,0.46171412814515744
c2ae2a5895d0e803012919bf,2025-02-15,1,welterweight,0.5560505549770047
25e42648758cca6502fc0226,2025-02-15,1,lightweight,0.3067502841250116
fdab48eb73a21ee61647ad92,2025-02-15,0,middleweight,0.5785247898092409
47c5aab0ac3ce5195687d579,2025-02-15,0,womens_bantamweight,0.11953566528512796
23d1935c07ac5e1c9f6476c4,2025-02-15,0,flyweight,0.5298634436711225
8bb4ed4fbab729326717bd11,2025-02-15,0,middleweight,0.3783368910791462
1ed11e1b6352784e1475ef27,2025-02-15,0,bantamweight,0.493255929702162
944399599bda880389ae1ecb,2025-02-22,1,light_heavyweight,0.5100872663715686
b9096db38035d6174945c21a,2025-02-22,1,featherweight,0.6118180945627546
63bc7c3581e7f4a2567737d7,2025-02-22,0,middleweight,0.4455688935368326
fe8366c24a651ce84d46856b,2025-02-22,0,bantamweight,0.35419728715392107
6d0a157f5bce1d9bb5e4c6da,2025-02-22,0,light_heavyweight,0.6030238733712084
8652f3ecf523c3c24c7ee212,2025-02-22,0,featherweight,0.6489215269334803
6318765a68f8782f1fc9287a,2025-02-22,0,middleweight,0.2945300840990809
7247511fb4f337baaa72ec63,2025-02-22,1,light_heavyweight,0.925643107638785
753fd329002d5ef7eca29455,2025-02-22,0,catch_weight,0.5888931407193363
d40fb6e3127007381b95ecf8,2025-02-22,0,middleweight,0.3645841005416433
4343268eff9bd324970737ba,2025-02-22,0,bantamweight,0.3975118715817962
1361d01a5306c83782722047,2025-02-22,1,catch_weight,0.5053333489914712
d7098deec85ab6f225b5dd3b,2025-03-01,0,womens_flyweight,0.5356466493058776
503ab7b4653a6b281798322c,2025-03-01,1,heavyweight,0.5018056144225167
5b87183fcdf61fb1cccae9ca,2025-03-01,1,flyweight,0.3407547132650182
f0082fb415e899c93890bc48,2025-03-01,0,middleweight,0.24922582955910155
39cb81a03865dfe9642dc2ca,2025-03-01,1,welterweight,0.31440244403975454
4bf7c060c65b5756e9a60a69,2025-03-01,1,featherweight,0.549891959878034
869e85d2c9e882dcef21c8a6,2025-03-01,0,featherweight,0.5763441201567809
df30b7c826cff4376ce5f4b8,2025-03-01,0,flyweight,0.6724803187767041
b6aea126b237440f5f62b371,2025-03-01,1,lightweight,0.4327199675589184
0b08162e436edd7057feda6e,2025-03-01,1,featherweight,0.7500296291124237
a17f7fb3322a29d49109df5d,2025-03-08,0,welterweight,0.4128110727602146
cc0e7bf1a3de097b07abf84d,2025-03-08,0,light_heavyweight,0.5430164548364256
1180ae20fbc658f6a18bc519,2025-03-08,1,womens_strawweight,0.38013063475201975
d97232c5dcbdc6ae63204240,2025-03-08,0,middleweight,0.44616409996488154
155fb95b8548237e167b385c,2025-03-08,1,middleweight,0.41450944886796665
73d9201cdf42426db5717467,2025-03-08,0,lightweight,0.3487129482827524
53c82e2b97f05f041be5e879,2025-03-08,1,flyweight,0.6845145779406904
fd96972af0a42cf8564554f0,2025-03-08,0,lightweight,0.4894257753225418
447e796f8f8fa0711eb851ec,2025-03-08,1,lightweight,0.6334894449164438
26367e541cf1af906e6936bc,2025-03-08,0,featherweight,0.3802409016766019
a5d324fc1e81b02c184c3d0c,2025-03-15,0,lightweight,0.29716156092634166
d40964659b77816a82e34d89,2025-03-15,1,bantamweight,0.4209128307554744
4d9f0274f43db97ee1d84343,2025-03-15,1,welterweight,0.36034911499983524
51eb5fce6d358b03382f5759,2025-03-15,1,bantamweight,0.5651149951244168
8ddc51ee94270116d2585e6d,2025-03-15,0,flyweight,0.18204163509255064
c59095dc236475eaf1f3d36c,2025-03-15,1,light_heavyweight,0.36485930779615017
4f3b8f599d7b94aadb8e6e1e,2025-03-15,1,womens_bantamweight,0.22826719501926368
a8466adaf98ed6c751357dd1,2025-03-15,0,middleweight,0.5853060030008925
f77346f2cfc223f134a774cb,2025-03-15,0,featherweight,0.5115878194236179
37b9f881c73685fb65f4ebfa,2025-03-15,1,womens_strawweight,0.3814160855799984
eee4f8cd86fdc705589eb0d5,2025-03-15,1,bantamweight,0.7430721550369738
b5080981acd30c0532404b87,2025-03-15,1,heavyweight,0.3943968508299529
266be725a4cb31ca651114c4,2025-03-15,1,womens_flyweight,0.5551683779185859
d59008574058a1b14bbff996,2025-03-22,0,middleweight,0.2985947962443793
de9f0856738dc28e60a60f40,2025-03-22,1,welterweight,0.6216603148651316
bedb420a0b9904e7099578a9,2025-03-22,0,lightweight,0.3825432865403466
0906caed76b72740d3fbda4e,2025-03-22,1,lightweight,0.8358027004464487
935fbfa3a3fbfb2d2ea68df7,2025-03-22,0,light_heavyweight,0.4085327604272331
ad04951661f8f611e59c0050,2025-03-22,1,lightweight,0.6347634615591882
cbd2b8dc7cb57c6a358efb83,2025-03-22,0,welterweight,0.5910060165852309
7a42b1b6e8ea3d3b322d8a1d,2025-03-22,1,flyweight,0.6274515020923422
7573247bac486673ce88cefe,2025-03-22,0,heavyweight,0.4836092259276798
e7a39bf12141f8e19999e08c,2025-03-22,1,womens_strawweight,0.4490488699544578
c7b4a84ae2cefe30cea00a98,2025-03-22,1,bantamweight,0.2508107629269887
7f81d57f5d833d8ad5da0848,2025-03-22,0,featherweight,0.3584438352198602
c82889c8c0d8f63fea61710c,2025-03-22,0,womens_strawweight,0.4955228798606972
11a10b425b59b9e0d8f0336f,2025-03-29,1,flyweight,0.5977895081702397
5d8ba6b9deefdc4cbb31c7d6,2025-03-29,1,featherweight,0.454643324427304
bbe55f63a120ca7a63ab45c1,2025-03-29,1,bantamweight,0.47182841804818526
a6bf522e3d935669f4bd1b6f,2025-03-29,1,flyweight,0.39831513314390227
4f32f005e6c63e6941a64b4e,2025-03-29,0,featherweight,0.31458986520154814
87722272fb59ea169b43792b,2025-03-29,0,middleweight,0.24118188321919082
e1d376d78f860f65c632bcaf,2025-03-29,1,womens_strawweight,0.4528012798496877
3156f76dc6396ce97902a82e,2025-03-29,0,lightweight,0.4401769054336197
baa2fdc844c082ed12a92ffc,2025-03-29,0,lightweight,0.48500352821135023
f86d56863e598ab008855f66,2025-03-29,0,lightweight,0.11576630855943955
3e7f9012b9276dfcc924089e,2025-03-29,0,bantamweight,0.2849672073859802
21a60322c2a027799b4cda05,2025-03-29,0,flyweight,0.6276020187173139
23faabac36533d24333d8b9b,2025-04-05,1,middleweight,0.3420559212236936
289a7d06e957dda3ac71729a,2025-04-05,1,bantamweight,0.553192766920175
61271bd039197039582f5081,2025-04-05,0,womens_flyweight,0.3047613402873729
c11487f1f0a20ca93c52f3f6,2025-04-05,1,featherweight,0.8207883306824635
8009cb1b86ffa12974bab11c,2025-04-05,0,womens_strawweight,0.34646018716326715
fad1c076e137d244e645a12d,2025-04-05,1,heavyweight,0.5677890169604121
a5bc0dc17f83cdb10a2a2a18,2025-04-05,0,flyweight,0.5649033585074612
b98ca9357715ade21392a89f,2025-04-05,1,featherweight,0.2550987749595307
c2a1eead1ee0f81bdd50b9d0,2025-04-05,0,welterweight,0.5613754153703228
57a290e76e72b5ae2804232a,2025-04-05,0,middleweight,0.34126257689948647
f392bf4a5aea118b0fcf79e0,2025-04-05,1,womens_strawweight,0.5482512962524236
294eafd904f1e51bc94077ca,2025-04-05,0,bantamweight,0.3610572878027265
a8e7973569d577221c53a5b1,2025-04-12,1,featherweight,0.3209061134804027
4e202f20f679c3ad921c34ff,2025-04-12,0,featherweight,0.8399841402172642
fad6402a48eb036723f79f9b,2025-04-12,1,featherweight,0.3644385800359946
82ef6c2034d37182beab57b7,2025-04-12,0,featherweight,0.32443158250327614
ec097764b056848f4b4f88f7,2025-04-12,0,lightweight,0.09718316558377765
4bda5a5554aa5ab74b2bfb60,2025-04-12,1,lightweight,0.5265546766973451
974693fddaa3db805f33b78d,2025-04-12,0,light_heavyweight,0.44413463908948236
826172d4bbccbe638becdc22,2025-04-12,0,womens_bantamweight,0.28272867327955575
891260885a5f80d3bff0abd4,2025-04-12,1,middleweight,0.5385889681615724
6645c6018ec0a356a3d0c85d,2025-04-12,1,flyweight,0.345750856080342
6dcff865c5ae334fc9ae487e,2025-04-12,1,middleweight,0.5313628862378378
08e9b543f1a75eee7094614b,2025-04-12,1,featherweight,0.8281604003627606
aa22b6401f3234d1bfbe071c,2025-04-12,1,womens_strawweight,0.6011445451220249
87bbf6258de3cb96e8a832de,2025-04-26,1,light_heavyweight,0.5172541009201554
028469098ba8b26b229f791f,2025-04-26,0,womens_bantamweight,0.37717745384018164
dbb70afedb9ef563817787e0,2025-04-26,0,featherweight,0.3295911924277474
3e3c5c5312b4bd929a84995f,2025-04-26,1,bantamweight,0.6201334199446007
27c7a904f136fa232c0b0a03,2025-04-26,1,lightweight,0.4749786156087195
ef1ff906136a4d3f4e3321ad,2025-04-26,0,featherweight,0.4671884325218616
0b8ae83ee2d6c368cb757711,2025-04-26,1,welterweight,0.53456199879359
8ad58054347f53643069f2c9,2025-04-26,1,middleweight,0.48257250951308894
84a27a5934a0c6faca02d02f,2025-04-26,1,womens_strawweight,0.7922487422459258
1792660282d0d71e4e433eb3,2025-04-26,1,bantamweight,0.35501888386210945
cba044ae712b9c9e24ab6f28,2025-04-26,0,flyweight,0.26952758982754005
fcd8a836b338cbc5d9457d5a,2025-04-26,1,middleweight,0.614290721593147
d747420e16d28d2d195431f3,2025-04-26,1,welterweight,0.6647889405638079
ac300a8bc3a696efec4549ab,2025-04-26,1,featherweight,0.4542089516361759
36774760194e875a7d85e86d,2025-05-03,0,bantamweight,0.46921009041094985
d64f95744f53521697c83832,2025-05-03,0,bantamweight,0.5495261851732706
4c8d14f14865044186a00772,2025-05-03,1,bantamweight,0.44744016945768933
504fded2a818ea0a1f81dc2f,2025-05-03,0,lightweight,0.34293219635098376
cfeadf7497fc94fcc54fead0,2025-05-03,0,womens_flyweight,0.5885381772025944
225a65283842b9a22b1e2295,2025-05-03,0,womens_strawweight,0.4032096956593303
f9d7f8057a140f82e84a0d64,2025-05-03,0,bantamweight,0.4825342323202262
f6f1adce42b69f53e07c9586,2025-05-03,0,middleweight,0.39818647990786094
f56a0df051c442e76a77663b,2025-05-03,0,middleweight,0.5712106943826828
d495047d0422766bf9f850a9,2025-05-03,0,welterweight,0.4226613111525869
087461f6bef4abba6c68dfec,2025-05-03,0,heavyweight,0.4401042523696372
0b74991d1601a7375bc27438,2025-05-03,0,womens_bantamweight,0.5796508178234372
8ba8e397555d48cc79bd8912,2025-05-10,1,womens_flyweight,0.6833563770125725
879cb14fd7465227487d5da9,2025-05-10,0,welterweight,0.4793821157189149
9122d3e8d1d3bda33f7269aa,2025-05-10,0,lightweight,0.16775389507939123
cc4fe78051ab7264eeb20988,2025-05-10,1,bantamweight,0.49912147300514054
717f5c4a1659f99c4216a6ec,2025-05-10,0,featherweight,0.2680584221192334
4ac7c11efaa7ee9080a898cb,2025-05-10,0,womens_flyweight,0.46030673418958246
2b1c9563dd7925d92b8f60cc,2025-05-10,1,featherweight,0.48026030141140125
3ef6bc5a5758b71d5b267891,2025-05-10,1,middleweight,0.3687561236533947
0e3085a60c2e3c5fd7e03c0c,2025-05-10,0,welterweight,0.344180961284423
62c80d38ec66ea69619a5163,2025-05-10,1,light_heavyweight,0.35339381042580625
f493312d5f22609841ea16e3,2025-05-10,1,light_heavyweight,0.6513762483477685
5cfd6dcef72523c8bc33bbec,2025-05-10,0,womens_flyweight,0.40731045677474564
8444b628fb85e0e4c713e046,2025-05-17,1,middleweight,0.5679744111023798
595c1cd257144cb582b01ff6,2025-05-17,1,womens_strawweight,0.675866636683856
764d40ffa13a207a8cef5a45,2025-05-17,1,lightweight,0.3517592241580604
c93c2ee36de8ad0b549a520f,2025-05-17,0,welterweight,0.3868568110353214
47f58df4a1ba8a790123c191,2025-05-17,1,flyweight,0.3914777916626116
6f771d9e2a51041fb7d36b9a,2025-05-17,0,lightweight,0.5102047542897804
1d1a1475b7ae1dd4af4545ed,2025-05-17,0,featherweight,0.3191310095555028
19c93aa6cae2496337287bc2,2025-05-17,0,womens_bantamweight,0.4948244684730532
780ea07ae3c2dc63a325f1c6,2025-05-17,1,lightweight,0.6540108351032057
8ef614cd46790cd66f6c942d,2025-05-17,1,womens_strawweight,0.5246726506718169
6065bf0f2380b1ff771924e4,2025-05-17,0,featherweight,0.372044001554424
a04cf5513db9284fbe46879d,2025-05-31,0,welterweight,0.6075571281513844
896ec1d976131b842f3e94b8,2025-05-31,0,lightweight,0.29553788853756247
1d07d1283a57c6fc62da78c8,2025-05-31,0,light_heavyweight,0.5572805466817222
dd89cc1c8180870b90412295,2025-05-31,0,flyweight,0.5538978095882776
6a2dddd90ed658483113a486,2025-05-31,0,womens_featherweight,0.6446196426725972
cde8734e2bfe61cc56299b06,2025-05-31,1,lightweight,0.7313639088908667
0dd89b255e0029ee98c9dc4a,2025-05-31,0,lightweight,0.4474998749248306
de48dcdb0e98a700b1038154,2025-05-31,1,womens_strawweight,0.37923708336105677
045909eca3b647588aeb2f69,2025-05-31,1,middleweight,0.5274758366513168
8faf9dea67b09bd99b348c6d,2025-06-07,0,womens_flyweight,0.3669142739182869
1d69d0b5671a7b6fce7824cd,2025-06-07,1,light_heavyweight,0.5973058296748445
3597df50ab9c4e51486d7d22,2025-06-07,1,flyweight,0.804791428935211
364fe5c4ef81f12bf32d31a2,2025-06-07,1,featherweight,0.5264439782399135
4085c2e89e65277c8b429e34,2025-06-07,1,womens_bantamweight,0.6459070773603525
31f17d5574301b9b6fcc79f9,2025-06-07,0,middleweight,0.3120363772795979
3c800cd719ae5d849907a6c7,2025-06-07,0,welterweight,0.5124268491071594
5f9fcc8328c9a38c706fe679,2025-06-07,1,bantamweight,0.8434844887584388
9fda84271a8c700f28723c7d,2025-06-07,1,lightweight,0.5039096656443045
97d44289afe583ab015ca9dc,2025-06-07,0,bantamweight,0.378421425867606
b323c6af2951f92e18796d52,2025-06-07,0,lightweight,0.36991454574724547
388fd0a68cd33b740d38ccbc,2025-06-07,1,heavyweight,0.42729901860733965
6fad86bc4d49f015f99a505c,2025-06-07,1,welterweight,0.6189934262834473
76e418d35ed3e0f0e5bf278c,2025-06-14,0,light_heavyweight,0.5663802573550683
61ce6598688c9491dae0c637,2025-06-14,0,flyweight,0.4028653038314179
091aa54174aa690811470eab,2025-06-14,0,bantamweight,0.5207717842065062
682de845c3ed0c6a9162b4f2,2025-06-14,0,middleweight,0.6306473613788997
fd7d62e31dd3384cbb0c95fe,2025-06-14,0,womens_flyweight,0.28986349972971326
5acb29d01ff8ebd4e3ddb1ef,2025-06-14,1,welterweight,0.3235728932621958
b0e18e82c4258d5c716daf17,2025-06-14,1,bantamweight,0.7002307492724267
20c65e762c27eedc278d7fa1,2025-06-14,1,welterweight,0.6103025512220982
4d1c6f20df94ea83ef5e61c5,2025-06-14,1,welterweight,0.6184226994613143
f0ab13f1886542a2847e3141,2025-06-14,1,bantamweight,0.6584281349926926
762abc3f792ddae7e3bd7070,2025-06-14,0,womens_flyweight,0.3786796705303359
44c78b9f5f1b31ff3bd1dcb2,2025-06-21,0,heavyweight,0.11955714562614521
f94de5af522515fea5397b80,2025-06-21,0,womens_bantamweight,0.47931036133017735
41e47b9d6a4d1d927369ac91,2025-06-21,0,heavyweight,0.5272621022100276
108b049c7b0a9a31781ff663,2025-06-21,0,womens_bantamweight,0.6101434441291959
46dfffefdbbb385309f0fc94,2025-06-21,1,middleweight,0.44619798061866994
dc0da8780f83f733d6135ea5,2025-06-21,0,light_heavyweight,0.6453290213545062
640598167682476e4e82e2a1,2025-06-21,1,featherweight,0.5136788061340799
0a238bb1d642688260bfe106,2025-06-21,0,lightweight,0.3778461338701943
5bda6a238a9da05c7fbbe0ce,2025-06-21,0,lightweight,0.6680668176247669
315ef153376d66f5879dac52,2025-06-21,0,welterweight,0.6329654896377459
eb8583ac00a6323599a656ca,2025-06-21,0,flyweight,0.2601115340792416
29b54c255ccddac493a2134a,2025-06-21,1,catch_weight,0.6626778405767415
2e100976c7912f924b40ef8c,2025-06-28,0,flyweight,0.38031678532139296
cb0b0b0725275dabddfdc0d7,2025-06-28,1,lightweight,0.3713532506827308
2e7eb231b95160105221bc08,2025-06-28,1,flyweight,0.6649979774125314
f2e78a8508a2b4a45b083944,2025-06-28,1,featherweight,0.22520443778756538
22a080c10f46376f89886971,2025-06-28,1,lightweight,0.8920739968069399
3dfcc06e8fa2e4a45e87f8c1,2025-06-28,0,middleweight,0.5347314256151369
024df74fcef0ae4d02b370e5,2025-06-28,1,heavyweight,0.611602641929243
87c467d1d08f5fb738e3d521,2025-06-28,0,welterweight,0.5412405485972981
35104535682e463eefb2c492,2025-06-28,0,bantamweight,0.7581680871914505
d77290b270a306d23265bdc8,2025-06-28,0,lightweight,0.2732187592462329
5a15a8a28f896fc4cc3d080f,2025-06-28,0,womens_flyweight,0.5020976545537679
2ccfbdd8d524feb831c34bd7,2025-07-12,0,featherweight,0.32654161206919713
46e4b0c0b095e6a1824455ba,2025-07-12,0,heavyweight,0.822345972514066
9370d0fe112233ac16bfa61f,2025-07-12,1,womens_strawweight,0.6164700421009862
9c1fb56e609cbd6a1fb11633,2025-07-12,1,welterweight,0.5213282737473633
bc58565640e77c2276e10024,2025-07-12,1,light_heavyweight,0.2850264447987239
a77624b11d3a278d52c22094,2025-07-12,1,heavyweight,0.4874339216022751
f835d2868533801b21fc9f1b,2025-07-12,0,womens_flyweight,0.4272732403010899
07eb8178c0f1cf3e7ae4f656,2025-07-12,1,welterweight,0.5025938914834894
6f6dec82453fb5221dc8b8b3,2025-07-12,0,lightweight,0.2186211184925524
e49701832d493785c599056c,2025-07-12,1,featherweight,0.5921800657387124
7e0d55ba3c587ab22f4267a2,2025-07-12,1,welterweight,0.8035001631835416
59d3a43566d9ee6b8ec44611,2025-07-12,1,heavyweight,0.7171231316547022
ac9b9ca1d346c1d7a4efa04b,2025-07-19,0,welterweight,0.47681443002384
be17518bc4995180ea470f55,2025-07-19,1,middleweight,0.6955491550522138
d0dec993d7bf19ccdf13c55b,2025-07-19,1,middleweight,0.4888661792923539
4f8792a3e30a26c648e37f7f,2025-07-19,1,womens_flyweight,0.4066002904357068
47f068eaf25694d3e2dedc0e,2025-07-19,1,featherweight,0.20152408053950951
d00277048709f53e5e823331,2025-07-19,0,welterweight,0.6420501471379624
5886c517a68a27c8922390f0,2025-07-19,0,light_heavyweight,0.29138707989585816
55abc58474afd8c488ee30d7,2025-07-19,0,welterweight,0.6722208656599032
31f78d290574d211242599f6,2025-07-19,1,bantamweight,0.6025797447916614
7f140b8e8eb850af317805b6,2025-07-19,1,middleweight,0.6355584877653223
fe7e69f66ef7c35197993b50,2025-07-19,0,lightweight,0.2740687809089385
ef74365ed86abf1cc45a1797,2025-07-19,1,lightweight,0.5165489894965204
4ba6aa5a4cb23a41969443b1,2025-07-19,1,middleweight,0.4884891782245251
249fc0ac1a643b51873825e3,2025-07-19,1,heavyweight,0.6005262788533462
4cf3d33ca45adeb8796cbfad,2025-07-26,0,womens_strawweight,0.49096652659928164
61aac29ee250562ae5af045c,2025-07-26,0,flyweight,0.48083667945381525
f41a705d58f918c9be91e699,2025-07-26,1,bantamweight,0.7113072274809223
304f8691454bfb71f6ae7be8,2025-07-26,0,bantamweight,0.6650215058491297
42b7976b1cd7ef4d25023afa,2025-07-26,1,light_heavyweight,0.4578337256395095
0ed1b38a437d44a3f5abfdaf,2025-07-26,1,heavyweight,0.6756689584504689
d263febfc5fdbeee8f58b3d7,2025-07-26,0,featherweight,0.5167160389534521
c7c669bbd319cb2c2c87bab1,2025-07-26,1,welterweight,0.471951937422104
684a65cf1decc3485242d4e8,2025-07-26,1,light_heavyweight,0.38164129434820343
1813b343ffb8aa8b2cc16194,2025-07-26,0,bantamweight,0.34124649214873415
9b2be6df340bee34f4428a78,2025-07-26,1,middleweight,0.5900220203280441
74c6f9010e443faa822b5de2,2025-07-26,0,middleweight,0.24586273657603167
d2351ac652a2bab2080418a6,2025-08-02,0,featherweight,0.3026451852761993
5ebd51be5dbeb7c202cd6084,2025-08-02,1,featherweight,0.2877904365094957
7aa5337d0d17974526f6c0ba,2025-08-02,1,lightweight,0.4390081624377277
b03dd1e813c8588475d9f81d,2025-08-02,1,womens_bantamweight,0.3751474413424587
bd28e5af8d5f43e74bc83fa8,2025-08-02,1,lightweight,0.5073255891121408
46d87220040c3475480b22ac,2025-08-02,0,welterweight,0.404379229834238
bd594c3f831ad998d30d3849,2025-08-02,0,middleweight,0.5087225252421544
7e20097120c6860e72b430bb,2025-08-02,1,womens_strawweight,0.6237876920602875
382ceb31d4d48f8aab9da86d,2025-08-02,1,flyweight,0.5506847568846388
2e73637cd749398a55647476,2025-08-02,0,bantamweight,0.508053894326442
52b21a901e1d3f725068746e,2025-08-02,0,middleweight,0.2397597216936683
0cdb2c7c499c7f12c59d5076,2025-08-02,0,flyweight,0.4535997668091203
baa3a0b5bb66310d24d30724,2025-08-09,0,featherweight,0.7998324770272207
a0f1373d72f4360e3aaf5424,2025-08-09,1,light_heavyweight,0.4789364224422938
dd55b10f0cf629737061b72f,2025-08-09,1,bantamweight,0.5832491293777198
ffa16f1988ab9e3541b7fcf9,2025-08-09,0,middleweight,0.3872868739477345
c16987de09fa3dbd489de454,2025-08-09,0,womens_flyweight,0.3497104298474155
2b3b2b67749e1bb892cf0acd,2025-08-09,1,womens_strawweight,0.5529914587454601
2ea0d44515ec523b78e2da31,2025-08-09,1,womens_bantamweight,0.7751827088430827
e9b686239850bd67761c5ec9,2025-08-09,1,light_heavyweight,0.7402066610668481
b52eb401eabebbc3b68e5a85,2025-08-09,0,bantamweight,0.4197876040178243
54b6e104899342805ddd9222,2025-08-09,1,middleweight,0.7464388160177361
5e92a9a9bc58ece830a866be,2025-08-09,0,bantamweight,0.17079505894842917
0140ff0489c619d42f8a0ba9,2025-08-09,1,welterweight,0.5306129019037042
b211de80fd6516d120afb179,2025-08-16,0,flyweight,0.5231420665033205
27cb9c0f0ecabb4020799a52,2025-08-16,0,middleweight,0.41527461993964426
234c73ef7b9a7927fe06956f,2025-08-16,0,lightweight,0.8366959574321663
cdf24ad78589dd6b959aae41,2025-08-16,0,middleweight,0.4100008785306055
8506c9dc71d90951f7c2734b,2025-08-16,0,lightweight,0.35136668438666574
0969559ba428b44f26855dcc,2025-08-16,1,welterweight,0.618778506208427
f3951fd1ca68c3288746990a,2025-08-16,1,middleweight,0.4668504628430527
c7dd9f5c6a0aaedcf7fe644c,2025-08-16,1,middleweight,0.5476379513172928
be776ecd0666a524bf1ddb52,2025-08-16,1,womens_strawweight,0.4206087948658484
8d971b809930f012282424d0,2025-08-16,0,womens_flyweight,0.40219783727721237
291d07fa6322574143c38d57,2025-08-16,1,featherweight,0.8670940287415002
bc0eb80d7162533c77f7ece0,2025-08-16,0,flyweight,0.6422916492947609
95bd8df921ea22d128443178,2025-08-22,0,flyweight,0.41505711709133863
7abd8d8e5a8fc15a498dff04,2025-08-22,1,womens_strawweight,0.42227485999714576
2b17cff59381fe0c3eff3d9d,2025-08-23,0,catch_weight,0.2071911662258198
971111ce56c35402366b9b77,2025-08-23,1,flyweight,0.45743349277230827
db224424e2e8045da25a2896,2025-08-23,0,light_heavyweight,0.6945887957318669
b34ca09bc7be3fc0081881aa,2025-08-23,1,lightweight,0.4847100753554911
b4141bedb0af0b5c37add0e3,2025-08-23,0,middleweight,0.7036845647979831
dbd5352c89d5eb4c17fe7c41,2025-08-23,1,lightweight,0.6141129047613813
ce54aef08e800fa98afcab2d,2025-08-23,1,heavyweight,0.5684777155592823
043a909f41c4417e201656ad,2025-08-23,1,flyweight,0.5318385840625293
75ccd3b3fa917b9b2fc527da,2025-08-23,0,welterweight,0.4255648616841806
c2c392b6c345eaf81f091abb,2025-08-23,1,light_heavyweight,0.5696116339921207
aaa1ee69d1c8adedec2ed0ce,2025-08-23,1,bantamweight,0.5775588589526333
19c48d0092cc20527adcfae4,2025-08-23,0,featherweight,0.45169229131959365
bdbe4caef667af15730fa7bc,2025-09-06,1,welterweight,0.5079423538259581
fc8351175b2ac09f0e8d1a7a,2025-09-06,0,welterweight,0.44959920075575505
25e249d53f5f7892cd67849e,2025-09-06,0,lightweight,0.41709463387819906
ddfc0bc76dca722735332127,2025-09-06,0,lightweight,0.5263172255746489
de86f6f682b93bce0597617a,2025-09-06,1,middleweight,0.4061196750808896
0f9e5bb0fbdd52c5494ff57c,2025-09-06,1,lightweight,0.6870584221977137
df0fc2686fdb22931ced0ede,2025-09-06,1,heavyweight,0.31490645908946935
fa090d54d2b757cc1aafea97,2025-09-06,1,light_heavyweight,0.4801736967313835
0ed5675eb3801a48b0335afd,2025-09-06,1,middleweight,0.5110416990110394
59ead85f13c9d2f09879497e,2025-09-06,0,light_heavyweight,0.20030718953886703
1892f3b9b4f3f9c8faa4c96d,2025-09-06,1,welterweight,0.3591087645476542
a291420436ccdbd80fef7952,2025-09-06,1,womens_strawweight,0.5001253027181282
1a292e2c83b63803de83f158,2025-09-06,0,featherweight,0.3605295545871479
18c4672055196f93486642be,2025-09-13,1,flyweight,0.3622031318161154
8299a8eeb3e657cfa6e00115,2025-09-13,1,lightweight,0.5905954955744099
c6e2b1f222bed62450b9ca12,2025-09-13,1,lightweight,0.3334516324602138
b287b1f453d1d7bf8bad3ee1,2025-09-13,1,featherweight,0.8504403682680679
c1c35ebf47c4980926d90cea,2025-09-13,0,flyweight,0.50568689906924
5f287af644802d136e0fdd6c,2025-09-13,1,middleweight,0.529513595231226
bee31ac5b44e1cacb29e970f,2025-09-13,1,middleweight,0.48324673309322774
ab7fa262752795b97960769a,2025-09-13,0,womens_bantamweight,0.48069319548671424
79c460f7318e1e47b6c052a1,2025-09-13,1,lightweight,0.6508068489834119
352016f0046a29a4cf067452,2025-09-13,1,bantamweight,0.243275887743456
1df56064c8f7e1ca441000ea,2025-09-13,1,welterweight,0.4456458246004591
8fd221a4ec3d93cae773c96d,2025-09-13,1,bantamweight,0.27458283609124323
3af436048b664bb4bab1747e,2025-09-13,0,womens_strawweight,0.35068008725809213
b4d27de492bec1e8df9a62d7,2025-09-27,1,heavyweight,0.4341724945177563
6f4bcf6d5975f9761b5ead36,2025-09-27,0,middleweight,0.5808174954711371
db1b4578fd8497038c89942d,2025-09-27,1,light_heavyweight,0.6791001876265488
c511c22373e257618013d581,2025-09-27,1,bantamweight,0.5227976103260878
ae55c7192e5d47a30cc2fb22,2025-09-27,0,featherweight,0.35860784547485924
9d0c81bc55d131b7f66d9d94,2025-09-27,1,welterweight,0.5405046869678409
00288cf52176ab1dbb2cc531,2025-09-27,1,lightweight,0.5703153319158186
6a8e3d42040f64f6d57ae1d4,2025-09-27,0,light_heavyweight,0.45356499753123786
7097b2221f841d15c01dbf24,2025-09-27,1,womens_strawweight,0.5040388793322917
3d0e9c190c7e5481dea541ac,2025-09-27,0,womens_bantamweight,0.47608187168779104
5f1fd8af123c697d3061879f,2025-09-27,1,light_heavyweight,0.7094298808182592
68b64ac5c0332df51465f88f,2025-09-27,1,lightweight,0.35582113759106954
ed978d51d031ee916f25dd1a,2025-10-04,1,middleweight,0.46956561943420505
4e367ca70eaa96509505b7cb,2025-10-04,1,middleweight,0.6409568010957992
709e9bee2f688085c57f688e,2025-10-04,1,bantamweight,0.40732417540817106
22f89b26113958f50084b18f,2025-10-04,1,catch_weight,0.5974401990562987
1eee1d676aeffaf51a2b9d78,2025-10-04,0,middleweight,0.47573207455863953
d249a253ad910b943083e7ea,2025-10-04,0,light_heavyweight,0.31930332509112896
7f5b402bffdbbc826147235e,2025-10-04,1,featherweight,0.7001851874404112
20c03baca24710fcfbfe0242,2025-10-04,1,womens_bantamweight,0.32133800603379026
dcc2e6e7411f3944512299d7,2025-10-04,0,light_heavyweight,0.5654407094999587
5e117965c711a3d5f2a9e9c8,2025-10-04,0,bantamweight,0.15349319244913312
201ed48b53ff246acba1ab88,2025-10-04,1,bantamweight,0.32775257636810495
09ac8afbd2cc9b257f2e8306,2025-10-04,0,welterweight,0.31131530291228304
c5917f4f1e1cf6b675e32144,2025-10-04,0,welterweight,0.653423574485011
99d6452ad91ac6ff439de7d7,2025-10-04,1,womens_flyweight,0.7043367823754008
cb8ccd5d0831bf843e955f03,2025-10-11,1,womens_bantamweight,0.5362557835165153
18b39d231248ccee53c89ddd,2025-10-11,1,lightweight,0.4360315157119615
03a543eeb416418534a1ad7a,2025-10-11,0,bantamweight,0.5999365468555927
b7d852ed25bf520bde28ae0c,2025-10-11,0,flyweight,0.5995450537300442
c4f1f0b03ee372772297d6a3,2025-10-11,0,heavyweight,0.7018134568195802
c355a95281d0bb24253a58cf,2025-10-11,1,womens_strawweight,0.6989633553675592
38502208fcf7aa54d4175a66,2025-10-11,0,bantamweight,0.4277521908891572
9682d291035a4cdf92d734b1,2025-10-11,0,featherweight,0.35115755592502323
3a225fd88aedd7470a6d4bb1,2025-10-11,1,flyweight,0.24937915179667314
bdd0c94f847b24ce027516f2,2025-10-11,1,featherweight,0.45550526636804417
e3df3e921925fccc181da162,2025-10-11,1,welterweight,0.6384589771392406
2ecdc510d451e22fd234ae04,2025-10-11,0,heavyweight,0.4065631682793661
94ec5f7ab1575370207a10a7,2025-10-18,0,middleweight,0.6355202048309373
39709fadea483459750ee0d3,2025-10-18,1,flyweight,0.48963358815322977
66577356aef81e24594004c9,2025-10-18,1,bantamweight,0.6986421692125118
15548b82be638ac1b2eac466,2025-10-18,1,bantamweight,0.49987659178430444
622696dcf96f7d587f47e242,2025-10-18,1,middleweight,0.34186897910009056
740a455af5085a3f2c1eef53,2025-10-18,0,welterweight,0.5044143631188238
345aca7881b9ddcf27a514cd,2025-10-18,1,lightweight,0.6521700647344801
75d3d5b97313d4d18e906f49,2025-10-18,0,lightweight,0.2877972508901431
365b5fc719da0d2385a59156,2025-10-18,0,womens_flyweight,0.36614960765263815
87ea0631cd81020d01da2654,2025-10-18,1,bantamweight,0.5336744741817078
5390608b009af04d7f64d13d,2025-10-18,1,womens_bantamweight,0.4880567385335598
aeb6853e611533c931b46fc8,2025-10-18,1,middleweight,0.38911250447315393
c2061b903ce3af74a069617a,2025-10-18,0,womens_strawweight,0.6124987285653125
c5b5850073d5e3d638f844bf,2025-10-25,0,light_heavyweight,0.4774644230623731
e7819d000fe73ae512a0393e,2025-10-25,0,heavyweight,0.6071840049944542
3a4607b556fd9984e619b223,2025-10-25,0,flyweight,0.36360709296965826
4c1e8b4b86851ed942461ccf,2025-10-25,1,heavyweight,0.6218490937193133
d27009e46489a08b080b275c,2025-10-25,0,middleweight,0.4391772142738541
bb811d20bb3260b00315fdfd,2025-10-25,0,womens_strawweight,0.7299429509715316
dc5678ed360be4d79f153704,2025-10-25,0,lightweight,0.5576778305923099
a731ebf6cb5c92adcc5ba9c4,2025-10-25,1,lightweight,0.6901471702347252
ddc02966aabeab4f66f2685c,2025-10-25,0,featherweight,0.3049206585868462
c72755050a62c46de10af57f,2025-10-25,1,bantamweight,0.627737240327303
8ee86b085de19d5d4a98da9f,2025-10-25,1,heavyweight,0.6880020015052543
da5da2d4c3ee8d5571f36c6c,2025-10-25,1,womens_strawweight,0.33822936278817206
1c9a74932f1083cd6a71cb4f,2025-11-01,1,womens_strawweight,0.7705652519677152
5bda27b8965c794787c80650,2025-11-01,0,catch_weight,0.2713153761327491
0b4e762b2fe4c547e8dacd17,2025-11-01,1,light_heavyweight,0.5419325125270406
bf4af8c3ccd13afa0d906d05,2025-11-01,1,welterweight,0.7452518755677214
098f5af1ef9e2f1e8966f0d6,2025-11-01,0,middleweight,0.429272806725226
9c26e0952606e58b88586302,2025-11-01,1,featherweight,0.5474376522800891
c66cf25409ba381b4cf0a247,2025-11-01,1,welterweight,0.4059296884372031
edeb5c3b96f6053959dfa678,2025-11-01,1,womens_bantamweight,0.6276186013095533
337894a95c0b59535c562f06,2025-11-01,1,welterweight,0.705754599630582
b2e60281a4939d851cefb072,2025-11-01,0,featherweight,0.4453598077463718
f7043d547a9c10f7fd7ce4b5,2025-11-01,1,womens_strawweight,0.5235551236604552
3d415bce159aec85cec0457f,2025-11-01,1,bantamweight,0.3572492911306514
cf3d8e5fe12362623fd226ea,2025-11-01,0,heavyweight,0.4700313945137421
0b350ddefc89ce8d642a388a,2025-11-08,0,lightweight,0.49630804750825186
c9ce03bdb840283ab55d5cc6,2025-11-08,0,middleweight,0.5753679391670246
7e2348d0d4e1e4d4ce769a6b,2025-11-08,1,welterweight,0.6288688838013995
8444ea7db6924b529be3c711,2025-11-08,0,featherweight,0.7064202460159766
66050e7b8d70a5e23a01623d,2025-11-08,1,heavyweight,0.4341724945177563
d9c50eba63ea6b2915087d42,2025-11-08,1,flyweight,0.74681904591352
c8841413fd1221cd0aa13ef9,2025-11-08,0,womens_bantamweight,0.2599935698150633
bbeb325bf7cc59a2be8dbc64,2025-11-08,1,bantamweight,0.5910477521369564
6b76e8a825108393defee806,2025-11-08,1,welterweight,0.4682747760484008
8ebe1d895ab2453eb9f769fc,2025-11-08,1,bantamweight,0.4131357029240353
63f65d17e669efdaa957b86d,2025-11-08,0,womens_strawweight,0.4686971078913739
a875e31f6b8ddc96ee7d11a6,2025-11-08,0,catch_weight,0.38546953365069025
e3c446ad77f7b94cdaf543ef,2025-11-15,0,womens_strawweight,0.44912265861722
e4224d67abc1dc6ea84a714a,2025-11-15,0,middleweight,0.28077892744070754
7218239385ecbf94927325e4,2025-11-15,1,lightweight,0.5437612081412251
1171f53f9006121e6cfca38b,2025-11-15,1,middleweight,0.580872312589562
61fe2bc4f19ca9e58b98abee,2025-11-15,0,womens_flyweight,0.38178782941254624
eeb6e7bf87c2a68ea957c464,2025-11-15,1,welterweight,0.5105779553918685
301daae5af50f500a045aacf,2025-11-15,1,middleweight,0.46773050980755126
91815419bb1f8e5f10137edb,2025-11-15,0,welterweight,0.5425072781962971
c3e20a6fb0e995c104302cf3,2025-11-15,0,featherweight,0.636297474886506
4337c9275478185d970fe51f,2025-11-15,1,featherweight,0.3057093875550814
0c349d383774593f2f523421,2025-11-15,0,middleweight,0.4083477869509663
24dff7c31ee8f9de3cc1ad45,2025-11-15,0,welterweight,0.4951597418845611
135ba1d08d95c69f6876dc07,2025-11-15,1,womens_flyweight,0.5956983859457103
6ebd54113023d3674cb6f6e9,2025-11-15,0,lightweight,0.39392028811141866
e553a07fed3c4dc09fb01a68,2025-11-22,0,light_heavyweight,0.3605636233838664
5a2dc1ef51e7b45f9d3a0605,2025-11-22,0,flyweight,0.35729872538194896
383bdb229d4071c35e69a84e,2025-11-22,0,lightweight,0.20728388512695298
586d6a9b35106a95599326fe,2025-11-22,1,bantamweight,0.5479366879725347
c399510064a79f3ead47210b,2025-11-22,0,welterweight,0.4016472197556334
83a1824281316f3cbb390fee,2025-11-22,1,featherweight,0.21149424936771988
438d439d919b64be8a5846b5,2025-11-22,1,middleweight,0.5665610096238627
e92e2271695a45eed0ac693d,2025-11-22,0,welterweight,0.5598516908863483
bec9a3d1c86d7d07fbf8b14d,2025-11-22,0,heavyweight,0.4341724945177563
d10fff5ba41fdf47e9035da7,2025-11-22,1,welterweight,0.6529915354699779
a4564a86742578658f7a3076,2025-11-22,0,lightweight,0.2682103243263912
f7b4ebc3071afc261abaf2ad,2025-11-22,0,flyweight,0.4934601372575627
7c0eebe7bceb329e099b7ddc,2025-11-22,0,light_heavyweight,0.47146997810794034
5bf9e54d00be75d53de53c77,2025-11-22,1,heavyweight,0.6514324586032023
47f6ecefbf8a9700f9ad1b13,2025-12-06,0,flyweight,0.43840383064452465
83692f9275a75c75929d7246,2025-12-06,1,flyweight,0.5488016970477904
cb4e9cdeed597ad851824748,2025-12-06,1,lightweight,0.7224201946298431
957f73009ec79eed9d70fe05,2025-12-06,0,lightweight,0.6696240544486486
f4c2621e31660e542c75a846,2025-12-06,1,bantamweight,0.34590627787742295
ce59dd7a88406c8bcf7babc7,2025-12-06,1,light_heavyweight,0.4282804095101478
a50ce0633a2d49672fd3e128,2025-12-06,0,middleweight,0.21307348168407572
a503b23af13914d375594d73,2025-12-06,0,middleweight,0.582201393001806
abd27ebef4489e8b3d0a5c0c,2025-12-06,0,womens_flyweight,0.39409415582093177
c828bc8375bd94f9ad322b32,2025-12-06,1,bantamweight,0.2800067585029735
7bd784b622245218baab22d6,2025-12-06,1,featherweight,0.4549923811539913
7dd5c823ff70d42fca421b92,2025-12-06,1,lightweight,0.6063669377033136
0da6a363382c422948bf35d0,2025-12-06,1,lightweight,0.5252234626241811
c3fd3930987eb83f7a242598,2025-12-13,1,heavyweight,0.4341724945177563
b0aae381897728400b9adea5,2025-12-13,0,flyweight,0.48019416843879176
1300bcc73318fc700957f622,2025-12-13,1,middleweight,0.3195267346588453
e5dcb77b8e3eda2b38e4f757,2025-12-13,0,featherweight,0.4244414239755988
80b5125aec0e6f993297001b,2025-12-13,1,womens_flyweight,0.5893363379375677
bd01ac96973326001df2976b,2025-12-13,1,featherweight,0.6938756080573255
1665176a69e81b9c8748aaaa,2025-12-13,0,catch_weight,0.19449761996243897
7ee792bdd0cf3b67f9851a0d,2025-12-13,0,womens_bantamweight,0.5214571561334416
c7bec709fdd7e9d3d188df67,2025-12-13,1,featherweight,0.5639440519134673
c6bf93754b654bbb787c7588,2025-12-13,1,welterweight,0.3562467648792563
72c1bd69d88f3491434a5f08,2025-12-13,1,heavyweight,0.43511861925200723
82850cdbea46ec0e25946058,2026-01-24,1,welterweight,0.39446189098233064
6ed204c17993ad6a38953727,2026-01-24,1,flyweight,0.47729376603023
bf203fd48ac38ab591ad658e,2026-01-24,1,featherweight,0.17291229941912223
c71095d598c41bc25458981c,2026-01-24,0,middleweight,0.2412901542056556
45b118dd2a7a84c7e6879c08,2026-01-24,0,heavyweight,0.48286214442410885
c75491aec4ff89a8959a2d28,2026-01-24,0,lightweight,0.6119586532577272
17e3977c144b369d26b7054b,2026-01-24,1,womens_flyweight,0.5626905200975844
6cd7ac778689394ea2edaa25,2026-01-24,1,light_heavyweight,0.4644261240947535
f0309fa4738d9fb14d2fd95d,2026-01-24,1,bantamweight,0.5891721899585002
86815bf5667655ee2e11e3ed,2026-01-24,1,bantamweight,0.7852077571425868
ac2e282d3cd07bc055d9aedc,2026-01-24,0,heavyweight,0.1518472059279396
bf0d30898909dc8434fca8e1,2026-01-31,1,featherweight,0.36770603273078106
e84bafbb79b9fdf1f9a4c7ce,2026-01-31,0,middleweight,0.35649428576018743
2d20d9db3db2975b162430e2,2026-01-31,1,lightweight,0.665704158346643
b276aa7b3862b8a5808a20c0,2026-01-31,0,middleweight,0.2828252269356229
598daafdd2887f4042da01d7,2026-01-31,1,welterweight,0.45706078764594543
2a2be08b8647e8819e4e7d23,2026-01-31,0,light_heavyweight,0.31299185488102543
b4f83c62c1a302608fee4c30,2026-01-31,0,featherweight,0.26942240269876316
2f7e2a996930e904d946b0d0,2026-01-31,0,featherweight,0.4843697314577526
6d166b2e116fe2350d4e4b60,2026-01-31,0,lightweight,0.15090342036861124
c40943510405d6753810227e,2026-01-31,1,lightweight,0.5142520294990234
acd1c7251c1560f573ef62c7,2026-01-31,0,lightweight,0.4843697314577526
cf734647c7a8fafc0d1266b2,2026-01-31,1,bantamweight,0.4843697314577526
0a64c3e27d7fc6c2d17fbe33,2026-01-31,0,heavyweight,0.2708417744967323
4d3b0f2ec14570a88d2c8bf2,2026-02-07,1,welterweight,0.7996681004946311
c425b93c658e819194590de3,2026-02-07,0,flyweight,0.34284858709747895
a74bb6253b6400390ac5fdbb,2026-02-07,0,womens_strawweight,0.5104355598743084
9be29f1a447c830c4a583fea,2026-02-07,0,light_heavyweight,0.5026468735740738
93863546bc346c2c690e1d89,2026-02-07,0,heavyweight,0.7592410063006024
7b34da1460b25e212a1d8ffb,2026-02-07,1,bantamweight,0.6715912114036985
949130cc2494cd5b2faa1264,2026-02-07,1,bantamweight,0.5912809140919936
75b5f1ec3f038276e8d8f5cb,2026-02-07,1,womens_bantamweight,0.5949950464949336
ecb0adedc96a323aa7b99d3d,2026-02-07,1,bantamweight,0.3876616986591887
9bfcfb42830b0025d39a51b3,2026-02-07,1,middleweight,0.754679790641232
94564392584f20781d869513,2026-02-07,0,bantamweight,0.7902254586405804
de2a60852f08289a526c754a,2026-02-07,0,welterweight,0.6142368812653302
becb0895c49c3259307dd8e3,2026-02-07,1,catch_weight,0.3922101949843736
45073665a18a8f7f89b24eea,2026-02-21,0,flyweight,0.27010527377388743
1517e96809dbc885308879d1,2026-02-21,0,welterweight,0.41997908032897907
4574f78abb56d5a674cc043f,2026-02-21,0,featherweight,0.25921097179170893
f436ebc22db83f3ad41a4e90,2026-02-21,1,welterweight,0.447472855269596
3b409b848e9dcc8ef4e83ec7,2026-02-21,1,welterweight,0.5737693987687111
f3531b5aac43526818a4b456,2026-02-21,0,featherweight,0.8090127304251442
7ca418b4bb525d977459acae,2026-02-21,1,womens_flyweight,0.6877011884467258
53ee52f4691a20b04eb18cc5,2026-02-21,0,womens_bantamweight,0.5385064855798717
ec31dba808dabf07c9e32028,2026-02-21,1,welterweight,0.39517138638498656
67df84ed09a55fa6a81f8977,2026-02-21,0,welterweight,0.4438410868966528
fdbf137d6ae3bc8a547299b7,2026-02-21,1,middleweight,0.3013124006648182
a3b9c01a6ade4da623999c36,2026-02-21,0,heavyweight,0.48838544855588795
8439a47c592a91fa4e4a37ab,2026-02-21,0,middleweight,0.30577660430454223
fbe23b59c0f621d06006d154,2026-02-28,0,womens_bantamweight,0.3608684485400242
ff52cdb73d7e3892507e29eb,2026-02-28,0,flyweight,0.7197923422168768
3fdd971f778608f10f39941d,2026-02-28,1,bantamweight,0.6043738666196912
bbc83dc430907e389c5797b7,2026-02-28,1,middleweight,0.4780044790411523
2077c2890c41a9b316ed868e,2026-02-28,1,lightweight,0.5939284925523073
f03a87113a5b4a41789518ce,2026-02-28,1,featherweight,0.5488277473259371
8751f42c0e4c3aeeeb87e5f5,2026-02-28,1,flyweight,0.3500483975693667
9082c15b81e2e51a642ac078,2026-02-28,1,featherweight,0.3746314660989728
22ec0f3aefb13116f8ada58c,2026-02-28,0,flyweight,0.47465362059346905
9010510737fbee093fd3bf77,2026-02-28,0,bantamweight,0.5198504356405865
d459a63787315f3eb1a502d2,2026-02-28,0,catch_weight,0.42223242979297515
70ba1e925d41019126005eef,2026-02-28,1,middleweight,0.6601873917667727
d2d4410e876a93f8f976e7dd,2026-02-28,1,bantamweight,0.6890673840786121
318c47554f83861a25c5e91b,2026-03-07,1,middleweight,0.4359799875159958
bf1aec6f70f260624d3b9b53,2026-03-07,0,flyweight,0.5830682704920583
94147872239a767c2e857a45,2026-03-07,1,bantamweight,0.6153172388636852
f003622738f0c9f29a53f83e,2026-03-07,0,middleweight,0.30611527660254334
4835a22ad6b6553e6381e2c4,2026-03-07,0,lightweight,0.4551298155203762
f43a8d832e5416125dec762e,2026-03-07,0,middleweight,0.4050053487900504
6be0d12218d6b71924bdd528,2026-03-07,1,light_heavyweight,0.5872717430103318
0ef38a78abeb8ae87231f88a,2026-03-07,1,lightweight,0.4051852994078335
7f4464f49e34e59fd11f180c,2026-03-07,1,light_heavyweight,0.5430316032493427
3fdf134a7e134c04b4f0d2d1,2026-03-07,0,featherweight,0.36218973904860796
9aacc228933e9457bd940b43,2026-03-07,0,bantamweight,0.4722049087990063
fcd42646fa23e7f9e7c2f132,2026-03-07,0,flyweight,0.42949474961320344
6e42054fd40a5df987fe2c39,2026-03-14,0,womens_strawweight,0.48370683160584416
116e4ab38bd010556899ca28,2026-03-14,1,featherweight,0.6232950968936624
2690cce2008297ed0261a224,2026-03-14,0,womens_bantamweight,0.37054267522477574
c3a3f9b49a9c711c66a3aa23,2026-03-14,0,lightweight,0.5767159332451914
e3e6be0a6a1785a18f06128e,2026-03-14,1,middleweight,0.6294566548818684
ebb2487b1e6c4a73375992db,2026-03-14,1,flyweight,0.5768625349283454
5cc3762bafc47314ac659de6,2026-03-14,1,welterweight,0.6564932927236731
1f1970ca73ded18e7d6dd680,2026-03-14,0,bantamweight,0.519617053356259
97ed259a73928d4abea4e0a4,2026-03-14,0,light_heavyweight,0.6858994780519194
f2a19b392eaf6ecf53918ab1,2026-03-14,0,featherweight,0.3418707422290068
613f4b3d810c24745156c6f8,2026-03-14,1,bantamweight,0.5248546889750475
31a95d4534aebcbbd9f314ae,2026-03-14,0,featherweight,0.5460947867198763
eba61851d1d4237a787f4444,2026-03-14,0,womens_strawweight,0.4971305577654314
740bd64cdeb01e720d9478df,2026-03-14,1,heavyweight,0.6019735043288248
e50a767f6a27aaa8720affa3,2026-03-21,1,light_heavyweight,0.39281011357302476
ffc429f950fbc788ac732b76,2026-03-21,1,featherweight,0.6288121251368158
122b983ee76fcd5fd1b84173,2026-03-21,0,heavyweight,0.10134848343264631
2778b98b4b52fccf791a4af3,2026-03-21,1,featherweight,0.5067869551292051
c56f7132344781296abc57c7,2026-03-21,1,middleweight,0.5781944487708074
b928e149ebac6e5d829df31b,2026-03-21,1,heavyweight,0.7276917182026345
329f4134dd3d46d0e186fe60,2026-03-21,0,lightweight,0.3191506968445097
6d77f259cc07c1a082888097,2026-03-21,1,welterweight,0.6771332763394432
81753156ce7e294bd08ce590,2026-03-21,0,featherweight,0.49140537802908313
953466079f24c362d4b7033b,2026-03-21,1,featherweight,0.7444179110675518
08cc754bb366d03f4aec7fb7,2026-03-21,0,middleweight,0.43955265957713147
ea64fc32bcf0802d11eff113,2026-03-21,1,womens_strawweight,0.5211938194605887
b4b56d5288851656d6c14539,2026-03-21,0,lightweight,0.6610649433222646
13932cdbe9d5de2ec76a5fee,2026-03-28,0,womens_flyweight,0.6305974307862986
7f89cb9c54fb491989693434,2026-03-28,0,womens_strawweight,0.29833940717905943
5b1cf02705f639a607b7a9f6,2026-03-28,0,womens_flyweight,0.35951893896006615
6e6499328bda5652d5e67268,2026-03-28,1,lightweight,0.38819830139723105
c0efb94625712dc6ce57d4a7,2026-03-28,0,lightweight,0.5990999149232968
c03ef62e877b68710a00fda6,2026-03-28,1,middleweight,0.5073577499755901
ded7cab12afa5e8136d32e03,2026-03-28,0,featherweight,0.6345703360537257
adb0e912e19c69abf28331ea,2026-03-28,1,middleweight,0.7461034118884423
9f71c631b76c14e341b8d005,2026-03-28,0,heavyweight,0.6457951560843673
089cb7f1d5d705a0045e8fe3,2026-03-28,1,welterweight,0.6774688988783126
d88a8044ec31d862af12c982,2026-03-28,0,light_heavyweight,0.26757891476009293
2d8fec6e060b91d367e67549,2026-03-28,1,lightweight,0.5736297621622181
38428a63561ebfc036261e52,2026-04-04,0,light_heavyweight,0.14411669303293434
6d6f4b2e916edab178747e5f,2026-04-04,1,flyweight,0.5732353639228797
9a0a82b8eefa40a31da05ef9,2026-04-04,1,womens_bantamweight,0.7678151487669961
8960ce5092f5f88135d6e47c,2026-04-04,1,middleweight,0.38532720367365003
e398470a69160ec364593eee,2026-04-04,0,womens_flyweight,0.5527728669430104
0a008748711d14843fd48f78,2026-04-04,0,bantamweight,0.46842379215406355
4190a293ed302172c923038d,2026-04-04,0,heavyweight,0.5492873166305114
5601cf561a4aa0308a570064,2026-04-04,0,featherweight,0.651436778975554
cd8f14862e82622863c3da12,2026-04-04,0,lightweight,0.6688385076423089
e0c28b8a1fe424f046e120c9,2026-04-04,0,lightweight,0.4796094183648044
2a8082089f09e6aa62537f3f,2026-04-04,1,lightweight,0.5259566598728984
98dcdabc51229deddfafd80c,2026-04-04,0,featherweight,0.3319742132000511
d61c11b27665ac1a7c18a5cd,2026-04-04,1,womens_strawweight,0.5351101045527463
2f41cee23f546234781713e8,2026-04-11,1,light_heavyweight,0.44352556279481453
89e8cd3f76a506f53b462316,2026-04-11,0,welterweight,0.47150867951539627
fdddea8806b9faa3621f37e6,2026-04-11,0,featherweight,0.5748841016383487
e7500102f24fa09cee94c525,2026-04-11,0,heavyweight,0.36800399313305143
da0321b24ad1c24f9593c513,2026-04-11,1,light_heavyweight,0.46216246938296185
2da91e0c8c4525ab789d3607,2026-04-11,0,light_heavyweight,0.42830452344492304
6161f6406048a50739df4ffe,2026-04-11,1,middleweight,0.6026720346386362
2963e5a0bceb12ccb19f5725,2026-04-11,1,welterweight,0.551917128731649
74aecca8423c0c193df10969,2026-04-11,1,lightweight,0.6669196190291347
2b7b04df6d9fa95baad00180,2026-04-11,1,featherweight,0.8976636499859914
c78dddb59b33a046f13afde6,2026-04-11,0,womens_strawweight,0.3908363759251401
6f53a0645cf079d074a65578,2026-04-18,1,featherweight,0.5856338078914498
8baab54f7d444bf10ca0db14,2026-04-18,1,welterweight,0.6906775368496876
481bde890c04cd2b72f36f45,2026-04-18,0,bantamweight,0.5031147456524581
42cad2889d9edf3128845320,2026-04-18,0,womens_flyweight,0.5308183591800937
571d039f951b5a5b79476f43,2026-04-18,1,womens_flyweight,0.3102849606357425
7648e715451f649c1c02e56b,2026-04-18,0,middleweight,0.5054405249152173
19ca748d94d8329185d01bc9,2026-04-18,0,bantamweight,0.5084017684634887
9a8cc5bc98fcb4f9b3d571ba,2026-04-18,1,lightweight,0.5222770990673171
9106a59252f60b584ed60f3b,2026-04-18,1,womens_bantamweight,0.5373448575595839
6f756791d3cb4e29f802a204,2026-04-18,1,heavyweight,0.41677770844124473
32ba2323da6e4e97057007b8,2026-04-18,1,lightweight,0.48507730652035475
ced8d33f7c7986fc18c549dc,2026-04-25,0,featherweight,0.5936708025057588
bd41d6eb2f24b1109b3c75b2,2026-04-25,0,bantamweight,0.6259909666410779
e9a78e4001589a73d7f11eac,2026-04-25,0,lightweight,0.47646281234925164
0fa2bf16957a831e7e084c80,2026-04-25,0,middleweight,0.40836595141101406
6d425f605ff2851bb66f92b7,2026-04-25,0,bantamweight,0.6785932580588194
3fc735f9cff4cfc6be2a5855,2026-04-25,0,heavyweight,0.5489384331876376
25c1ac509edcf2facf44036b,2026-04-25,0,welterweight,0.5955772775760042
9ad4b2353df7e16717b9c1bf,2026-04-25,0,womens_bantamweight,0.39435803159994187
82bd20cb47c73bc91d64b3c2,2026-04-25,1,bantamweight,0.49148364008026285
9864eb536b4f06f3a26d066e,2026-04-25,1,womens_bantamweight,0.30430429878630516
c42e9cf6d05571fadb1de5b2,2026-04-25,0,lightweight,0.28729634026680834
709f656b59ccf67184da9c71,2026-04-25,0,middleweight,0.5842886796970106
83133a15f09d9f4cc73f43b8,2026-04-25,0,womens_strawweight,0.5942359042133227
d2019c0de8325c8a98a306a7,2026-05-02,0,middleweight,0.6322067319082418
7768db54c66358b2b858e1e8,2026-05-02,1,lightweight,0.8507495977044416
770f8afd778d150f6aa7cf04,2026-05-02,0,middleweight,0.28090507876165577
6a2e981ee5d1b48a64ac6122,2026-05-02,0,bantamweight,0.37074517052179967
764a8bf0276adcfe93c1caa6,2026-05-02,1,lightweight,0.2100764699101999
01b5e211c209b6f0c543b0b2,2026-05-02,1,welterweight,0.3230872461931328
89d60525df38777002e660fc,2026-05-02,0,middleweight,0.19052353204953668
b0c925bc64270bb81d93ab36,2026-05-02,0,welterweight,0.4042424320810769
083cde7930f8860fee58437e,2026-05-02,0,light_heavyweight,0.5667780832618411
60387333226530fdcf97bec6,2026-05-02,0,featherweight,0.3609055986919976
a264dffffe303c536de36458,2026-05-02,1,heavyweight,0.6633664205691094
09065036447dc7a320c7e2da,2026-05-02,1,heavyweight,0.38281175529991307
6fb53961b2d666aafb4b064b,2026-05-02,0,flyweight,0.16880475483014398
f5e0e2e46d3c92faa8b347ac,2026-05-09,0,heavyweight,0.5805914234093122
90e4da20581928aa94556f63,2026-05-09,1,middleweight,0.7565740328028713
1d98f3ce9b5d48961b4c745e,2026-05-09,0,middleweight,0.21951518638374895
05a76c96c6338817b292861c,2026-05-09,1,flyweight,0.6765326093950254
07b9e66a829dc6d72d9885f4,2026-05-09,0,lightweight,0.42873082592763345
afd2fbfe97aee305ec8d02d3,2026-05-09,1,lightweight,0.2030058725270285
3d1096937f18d86e33bc928a,2026-05-09,1,welterweight,0.5134400067574358
f6c88964f557b14ad9c204bb,2026-05-09,1,flyweight,0.5892309030994823
46298b169361970e45f99b28,2026-05-09,1,middleweight,0.22980958361468434
66afb65c31f9e32e9df8b5af,2026-05-09,1,lightweight,0.773799902277916
955b4a0bcd70050a7d893bb7,2026-05-09,1,featherweight,0.46846239654640837
90ede5f565670aa0d4f02dd6,2026-05-09,0,middleweight,0.5574136307535636
60e599ad816b744b5d1dfe10,2026-05-09,0,welterweight,0.5421341395763082
df8bf64a53714ab469a8171d,2026-05-16,1,womens_strawweight,0.6906764865236524
60424e83dc1bfd79208498df,2026-05-16,1,featherweight,0.3377413949997458
5d1b5346c163183f72697000,2026-05-16,0,middleweight,0.5411255213555805
24504179e9e47707268034d9,2026-05-16,0,flyweight,0.23917681077179798
2c9ca900f65fc955ef8c517c,2026-05-16,0,featherweight,0.4239928673836315
8f09fd2f5d0d5f2f5ee1b044,2026-05-16,0,womens_bantamweight,0.6523547815134804
2715b4c8d7fb7540defb3846,2026-05-16,1,bantamweight,0.5042985162794903
82260e1138f346b4847d0064,2026-05-16,0,catch_weight,0.3834233524622832
d0e4f89291a3b2a47a4c2e5e,2026-05-16,1,welterweight,0.5910085775208052
1b2685e01a9ac753c4c600e4,2026-05-16,1,womens_strawweight,0.47841646490952516
997cfd358378b086e3299880,2026-05-16,1,bantamweight,0.45050192565421543
a4bdb5588de2297a5a11f2bb,2026-05-16,1,lightweight,0.32819428467491213
df7a148dbfdfd88918d9721d,2026-05-16,0,light_heavyweight,0.5927704671733945
e76716cdb62adc72a898c84e,2026-05-30,0,womens_strawweight,0.4797899736401859
de4bbfe11f7e9afb3697411d,2026-05-30,0,bantamweight,0.2407670912440458
2e8f013fee31e910467a220f,2026-05-30,0,welterweight,0.35798521670462213
080866da8f9c3879368f9297,2026-05-30,1,welterweight,0.5315348247094878
a9efd5d9fa54e2fffc8c705f,2026-05-30,1,bantamweight,0.45586156514355414
b3bdcb91ae448d6d7885c522,2026-05-30,1,womens_strawweight,0.629657912522582
278006f71b6cf940c176a75c,2026-05-30,0,bantamweight,0.3406240292904205
148d8ace171a23073bdd117b,2026-05-30,1,heavyweight,0.6092241861186294
d5c6fe40bd98f0e9c99e1b2d,2026-05-30,1,bantamweight,0.6927537602779322
e2f4292e20e9c0c28b7a747d,2026-05-30,0,middleweight,0.5366922277474001
8f0f7a0419d23e212fbfb392,2026-05-30,1,light_heavyweight,0.3840199461434619
99d1eb8f8db46c35fa42c8d9,2026-05-30,0,featherweight,0.5134312796928427
9b4e5d497b54d27bc07491db,2026-06-06,0,welterweight,0.348600609302135
b00742f8e1c3c7257dedfe17,2026-06-06,1,middleweight,0.6713790239699392
ff8b0e9d5b615f26bcb56e8f,2026-06-06,0,flyweight,0.5185992847290204
0b367673055ac66f2fbae0f6,2026-06-06,0,bantamweight,0.5262755708378225
3668c1d2d15b9a2e17154633,2026-06-06,0,lightweight,0.7761625067398078
2968a2440ececa6a2bffa7ed,2026-06-06,1,light_heavyweight,0.4490810711496095
a8e7fcb14799998346df6ecf,2026-06-06,1,womens_flyweight,0.7526294452648239
68e8ac1859681ba9874a23a0,2026-06-06,1,featherweight,0.6771477598410979
683fba6e312497f37bccee6c,2026-06-06,0,womens_strawweight,0.35036624502590663
55cda98dcba84b2e4df21142,2026-06-06,0,bantamweight,0.4453762264151516
183d1fd4023d7452703cd115,2026-06-06,0,catch_weight,0.3638723732116675
c7214b866d96ddc944ef2f5f,2026-06-06,0,womens_bantamweight,0.37556029064019925
8278892a4c14c81652888c25,2026-06-14,0,heavyweight,0.4819866285200364
68eadc603e2258cc6e834490,2026-06-14,0,middleweight,0.4415198424715445
c060fc6fb029250777d3777d,2026-06-14,1,featherweight,0.5878702030865919
943e37ed671d7109047f808a,2026-06-14,1,lightweight,0.1091787005534908
36c1fa8c53e9ae2022f58cea,2026-06-14,0,heavyweight,0.11843801357878851
e7a5ea80f9a620085cb1823a,2026-06-14,0,lightweight,0.18867772438886907
6169cc08a126df1c6a18aaec,2026-06-14,0,bantamweight,0.28027084968634614
fc2a74fa8d1c4b03c6d69bf2,2026-06-20,1,flyweight,0.5179727498932963
c09d9aad14825f90797532f6,2026-06-20,1,flyweight,0.2193272381501434
2d36199c081637bb4c36b9e7,2026-06-20,1,womens_bantamweight,0.7429859567163825
805070bb64eed90ab7a713e8,2026-06-20,0,featherweight,0.6969174853020658
7fb42d1a9d173197276da987,2026-06-20,0,featherweight,0.3218544762626412
6f88dcffddfee17710b9ce04,2026-06-20,1,light_heavyweight,0.766615362933401
10a92ed06831c359cbea7d7b,2026-06-20,0,womens_bantamweight,0.2577587938446022
daf8ce484ff4ccf83da3efd7,2026-06-20,0,welterweight,0.5264138616956651
068217722c3a581f2398ec98,2026-06-20,0,flyweight,0.612088563282042
a5c013cd9de78690082fd17a,2026-06-20,1,featherweight,0.541821842228109
9dc4ecfde8b739f17edabdca,2026-06-20,0,featherweight,0.47706568274248956
5c36bf5ab120e7a209b11f28,2026-06-20,0,featherweight,0.12786305513542812
6d63253391cdf77a91c4ac30,2026-06-27,0,light_heavyweight,0.43062910246865654
90327db3b54656ced1143f70,2026-06-27,0,middleweight,0.39669742306176947
ef0f0a39d308aeb270b0d222,2026-06-27,0,flyweight,0.2756098302564559
8e1cd7330ad54ee49a037bc2,2026-06-27,1,bantamweight,0.7167079685104207
7daafc83159f735d91d0ab67,2026-06-27,1,welterweight,0.7119641071633794
c75906328af883c3bbc52305,2026-06-27,1,welterweight,0.4873019349545495
989aa5c1b8e9355afa65a540,2026-06-27,0,middleweight,0.38515487697962125
87c2f9a831fbbcb2146f141b,2026-06-27,1,featherweight,0.36944938996012383
70fbc0ede755875b8b78fa42,2026-06-27,1,lightweight,0.4703696499906295
da8297f2092ec7e04ce66b24,2026-06-27,0,middleweight,0.4774783851928752
d8b6e78b4bbb706991ee1f38,2026-06-27,0,lightweight,0.6224484992389376
ea8a1da327a8f5101e5ddd58,2026-06-27,0,middleweight,0.35070359861366934
f062199725bd87e849733e0c,2026-06-27,0,welterweight,0.4881036441289688
