fight_id,fight_date,fighter_a_won,weight_class,probability
26b46336baf995109799d0e8,2019-01-19,1,lightweight,0.28347036703429734
38913c7a553efd0ea27c4ce6,2019-01-19,0,light_heavyweight,0.5081118091813667
8126ece57175e39d22722e5b,2019-01-19,0,welterweight,0.5584597995274151
fb232738136fb41408e97318,2019-01-19,0,bantamweight,0.24925343106895814
cbce63c7e16d47b29e74d88a,2019-01-19,0,lightweight,0.24887828990952782
9a7c75d28b2227d353ffee0b,2019-01-19,1,light_heavyweight,0.28528312322741317
ed17d601382b0e1ee5f25834,2019-01-19,1,heavyweight,0.4976327758740459
5678ee79359ee825af2c6cf6,2019-01-19,0,lightweight,0.3315455521686275
25a9c1526fc208e6c7fe38c0,2019-01-19,0,flyweight,0.6630896269761072
7c630f0caa70766b4c9772ba,2019-01-19,0,womens_flyweight,0.40452035547409154
16e5b4cb10bf8316f059f140,2019-01-19,0,flyweight,0.5335034905285043
e290c1a53b53c40025a2f302,2019-01-19,1,welterweight,0.4939438683644
24cb0110e15bf9500f3a20ae,2019-01-19,0,womens_flyweight,0.3885666743276963
8efd36d5f3360c4d96328383,2019-02-02,1,lightweight,0.5170791588122575
414613fb990b2e1f8744a998,2019-02-02,0,welterweight,0.371403764798538
1b0fda4335818f786b8d6f2f,2019-02-02,1,featherweight,0.44346627802420197
1953db6fe5b9744c1843dd12,2019-02-02,0,light_heavyweight,0.34577177944990073
1cd6203b9577bfd25372eb22,2019-02-02,0,featherweight,0.5857508638672151
22cbf1de4862c931b9f97a10,2019-02-02,1,heavyweight,0.41431389009542885
7342c697833ab7bab79bea3e,2019-02-02,0,womens_strawweight,0.26793727657118394
f0a78186a92cdad28af6e943,2019-02-02,0,flyweight,0.6216209275026342
4523cf854ff48df6d66ba36f,2019-02-02,1,womens_flyweight,0.6031696842752903
34446cbf52a1732388aac036,2019-02-02,0,middleweight,0.5475650308952492
5467de70ec0bbfc6ea3f127e,2019-02-02,1,bantamweight,0.6513140568952597
15c9bca416c7204a3b9a9692,2019-02-02,1,bantamweight,0.46082264695678693
f50a16321d311cfb1f168e8c,2019-02-02,0,welterweight,0.7557327317007536
1d74549a59fbd93e268d0046,2019-02-09,1,lightweight,0.7841600381751207
e4525ba53a52b5b0857e967c,2019-02-09,0,lightweight,0.2696224604182407
896c12a96bf1da79303bc533,2019-02-09,1,middleweight,0.7407587965108093
fcaa078b4857c278dceb747d,2019-02-09,1,light_heavyweight,0.3718035417211989
b253a6a048ba0dd83a41d3a3,2019-02-09,1,flyweight,0.5302247102604639
4c10bda573f8c01d3c440405,2019-02-09,1,lightweight,0.6965290989243983
5fe9e229550df4983795b5be,2019-02-09,0,womens_flyweight,0.31864887716212675
5ad3dfcbceb50baabf4a06f1,2019-02-09,0,bantamweight,0.3807425602186637
19c65e9f1f86ac03182841f4,2019-02-09,0,featherweight,0.22351562853778942
b320535a9010e893cc6fe892,2019-02-09,1,bantamweight,0.5454893378875757
ca6f6af371cc512b6d1734d5,2019-02-09,0,bantamweight,0.5994493341060669
fb545f795d0e191fdab5bb79,2019-02-17,0,womens_strawweight,0.44201148055625983
3a7293241a2a807fa182f6f5,2019-02-17,0,featherweight,0.5487020232901586
90e1f32d8c4d591b474fd0de,2019-02-17,0,featherweight,0.5986963375819457
3038757c3f23bac29c322002,2019-02-17,1,womens_flyweight,0.34394668592158967
c015f09a4e1bf33ced9384e3,2019-02-17,0,bantamweight,0.6608818240117128
5891d36900849c98a50352f1,2019-02-17,0,womens_strawweight,0.36092100398118393
6959921b10f78a71e64300e8,2019-02-17,0,heavyweight,0.49950777292762694
657a85fc997ba3106e9c502b,2019-02-17,0,lightweight,0.5703258776421368
ca78a58998323e4f9fdbc72f,2019-02-17,0,bantamweight,0.42797237018910134
8cc10441cbf2614f8785b729,2019-02-17,0,bantamweight,0.5780172155528407
6118a8c78447f0434395fc87,2019-02-17,0,lightweight,0.47746861787808614
38cec55ae4c31d673c6a5cb7,2019-02-17,1,welterweight,0.6089479178270173
9e4bab0c77a4e9c538d5684c,2019-02-23,0,lightweight,0.3526401842285079
e7306a3ff9867fb2e7e85ac2,2019-02-23,0,lightweight,0.2997715637240841
c622965b0bcf635ba617dbb7,2019-02-23,0,featherweight,0.34035031522358916
f6151b74f7346e29cfac2985,2019-02-23,1,welterweight,0.4641488250535681
bb340698ea1e7e4cc05fe35d,2019-02-23,0,light_heavyweight,0.5243417904886791
1f68dad92eb77d22953924b9,2019-02-23,0,light_heavyweight,0.37211195120583757
f20354ebb869644c4afccb40,2019-02-23,1,bantamweight,0.678877526669133
68976dec066e7619e206ce8d,2019-02-23,1,womens_flyweight,0.41332521180866905
56cbf3ea04dbca631e7d843e,2019-02-23,0,light_heavyweight,0.4108636536094881
097be1f05c2d7e6e94d40303,2019-02-23,0,welterweight,0.7470309978997794
63c32ebc206ee6106b382e72,2019-02-23,1,lightweight,0.35610861211579536
fdd038da2b5f04c16971323a,2019-02-23,0,heavyweight,0.4525513757023913
c89ca4669b8e6877497edfa3,2019-02-23,0,womens_flyweight,0.29310630103720975
1b1fe5662b3d023466c64bc5,2019-03-02,0,bantamweight,0.6465431112387039
947d498d822062457d1e667e,2019-03-02,0,bantamweight,0.47933421132733184
0d13e65dd754b3f1bc58e7b8,2019-03-02,0,welterweight,0.7345535272144575
54daae7c0fa28da8ca71a0f5,2019-03-02,1,middleweight,0.5592518377346037
d15183f063880d7d4e9bbce1,2019-03-02,0,womens_bantamweight,0.23101365430651943
5b92ec9d7c9365ea015380d9,2019-03-02,0,featherweight,0.17723864224301517
e6b1f51548c2ef5176c0c18c,2019-03-02,0,light_heavyweight,0.12167049381215159
a4499ea5511393f5c9bd2dbd,2019-03-02,0,light_heavyweight,0.3144913769497945
593c1b1e6c82dec285a0ca06,2019-03-02,1,womens_strawweight,0.22408459950707604
fb04d1b737f436ebc97b03b4,2019-03-02,1,welterweight,0.3061112800025697
568a7229b4b06a6455408f13,2019-03-02,0,womens_strawweight,0.5409158383988302
75fc305627143c9630ca9bf5,2019-03-02,0,welterweight,0.38934833072987807
818abb53258da411751b41a4,2019-03-09,0,welterweight,0.40875674912870547
2af546ec2d6b95fc63d0c56e,2019-03-09,0,lightweight,0.4543491625974846
58e767357e6d5c8330f66f2f,2019-03-09,1,welterweight,0.6376031996873376
aeb99a1990e3cb523a3641f3,2019-03-09,1,lightweight,0.648752405990298
57bb3b3ccfd9285941e2f474,2019-03-09,0,heavyweight,0.35352337543129025
e0fd283d4ad215ea9c9ecb5f,2019-03-09,0,heavyweight,0.530564801079284
91dd9ae4e12f09809b994011,2019-03-09,1,welterweight,0.46935409430882763
a822ba1d485f0fc8ac120f48,2019-03-09,0,featherweight,0.30097160204731505
5b43785643265dac8e96f96a,2019-03-09,1,bantamweight,0.4926761878567353
33db1b31bad9e3c347f5d190,2019-03-09,1,womens_bantamweight,0.4528503372922886
e992a27d67c8e35a59363798,2019-03-09,0,heavyweight,0.2743646659285723
1598348e4d6680280ca7ecb1,2019-03-09,0,middleweight,0.3022738646903813
5793b77c4043eadce8dbc1a1,2019-03-09,0,welterweight,0.4863316659107653
3b895d43f522ada07f4959b0,2019-03-16,0,featherweight,0.29414139233688363
6d70742b8f98faa563b821eb,2019-03-16,0,featherweight,0.31436994716202865
ace5bfe86e4b0d6735973199,2019-03-16,0,welterweight,0.47335086724923353
353e4c10440a62ea4553e3ff,2019-03-16,0,welterweight,0.6590834336724666
20e86b5d807bb2dc387b78f3,2019-03-16,1,middleweight,0.7378722004541721
f7dfb4e06c955b5b53ddc717,2019-03-16,1,welterweight,0.6909654933687711
6cac406144299eba656c31c8,2019-03-16,0,lightweight,0.45160425355299083
bf87589c5256203f65f72bbf,2019-03-16,1,featherweight,0.2381359365978351
0cc779241aa11d55442d44dc,2019-03-16,0,womens_flyweight,0.22837570737972415
9f29624a5aa95c6c6caf75e2,2019-03-16,0,bantamweight,0.37175699884874175
8f38415a1100e141bbd92841,2019-03-16,0,light_heavyweight,0.5658598184578201
10ac2affd027d19e4dc0a8e1,2019-03-16,0,light_heavyweight,0.33315522389276
e694a2560234a188ae42e974,2019-03-23,1,womens_flyweight,0.5048594682289981
9c5f20dcf4b276ed3c4a12e7,2019-03-23,1,featherweight,0.5812228158612788
de2f47976573bf170793803f,2019-03-23,1,heavyweight,0.5535217492911305
f9b2cc6068c2ae45506e9313,2019-03-23,0,flyweight,0.6407469962441275
6871ce208868dbd843118f56,2019-03-23,0,lightweight,0.5703235249522856
3507718bfe13d92f6054b9ed,2019-03-23,1,flyweight,0.42945620713750277
57da958cc94cc83554eaeebb,2019-03-23,1,featherweight,0.6287685328615443
95a795d06d973c01bcfd4990,2019-03-23,0,bantamweight,0.19055770923887597
ab7c36995971e72c6d2cbf53,2019-03-23,1,womens_flyweight,0.4637130656952542
adccd3ef67929e7be8b0fb1f,2019-03-23,1,womens_strawweight,0.5283851341551912
a6ca1f430b5ef469ba343397,2019-03-23,0,bantamweight,0.5438898556321011
d9300b28ce089ff86c099e9b,2019-03-23,0,welterweight,0.5114660595048064
84ee51fdab49a6792b09df2b,2019-03-30,1,bantamweight,0.6322527852301791
b2272144ef0de0d983b37600,2019-03-30,1,middleweight,0.7450099403179635
4d97ae90607b612a50988191,2019-03-30,0,lightweight,0.41499108061740525
477250ca2a15d6683e877e00,2019-03-30,1,featherweight,0.32795867145658925
f3fc62d38088caaf5eec0fe5,2019-03-30,1,featherweight,0.4092890399336282
25a0d90348d39625a4f0314b,2019-03-30,0,womens_strawweight,0.4848205344492666
889f1c72aefbecafdff832f9,2019-03-30,0,light_heavyweight,0.5932952619605479
5396918119ed934b0af80bcb,2019-03-30,1,middleweight,0.6851558941878602
9496decacd91b03a238021e2,2019-03-30,0,womens_strawweight,0.381583141488291
865dd8ea788e2e501a2f6b3d,2019-03-30,0,bantamweight,0.7994022205313396
acba98dfe391a402c7725c1a,2019-03-30,1,lightweight,0.8873540915356125
bce69a101b3313de146183e7,2019-03-30,0,womens_flyweight,0.5950097070013348
12e81505192fb36cefeaab8b,2019-03-30,1,featherweight,0.6192966962242475
3f60dec25b566435df7cedec,2019-04-13,1,welterweight,0.4880788190552966
7e8869149838e8184f1e5273,2019-04-13,0,bantamweight,0.3707774515436877
289890fb9419def12213ee83,2019-04-13,1,bantamweight,0.5911677624246269
b784ab0811d40210660ce193,2019-04-13,0,welterweight,0.6131588516299884
4ffab5007df4ff7646771e21,2019-04-13,0,light_heavyweight,0.72672398729354
33ebcc2e07caca97f069be07,2019-04-13,0,lightweight,0.8578751328234749
a7712c32403c49d7bbe8592a,2019-04-13,1,middleweight,0.683984046824047
cfbe4a97e3e72c4468debf09,2019-04-13,0,womens_flyweight,0.3909721608920582
3ad810f66b297f4a1e28f412,2019-04-13,0,welterweight,0.39342400003595207
5515c14ec2037b702fc825e9,2019-04-13,0,lightweight,0.8630302923921203
e22e3562dae8dfff221df22f,2019-04-13,1,bantamweight,0.7363920555754581
86ba5ba8d5b95634ce58b762,2019-04-13,1,light_heavyweight,0.49487990139027543
1c9726808f14ddd59d42d22d,2019-04-13,0,flyweight,0.3702726987477172
8de90dc8a38f56cfd96d944d,2019-04-20,1,lightweight,0.4098188608731858
b9b4e5d3157c57087a7a77b4,2019-04-20,0,heavyweight,0.43251653370343807
a13f15fd4cc899207fc13e71,2019-04-20,0,light_heavyweight,0.28237357547284736
663b41c840a325072588a36b,2019-04-20,1,lightweight,0.7596386418781953
1b6f229338f50db52565e59c,2019-04-20,0,middleweight,0.3272181003734657
815560d234b6ccedda48743e,2019-04-20,0,lightweight,0.5583023739785841
91f5f9dbe58e9a59f5f3a499,2019-04-20,0,heavyweight,0.7323352322509669
f973994e8ab6d25d2f5f2c88,2019-04-20,0,featherweight,0.46889297207600994
af7c348666716dc73218dc9a,2019-04-20,0,womens_flyweight,0.6487158570857083
7bb40837872b53468491b077,2019-04-20,1,heavyweight,0.46763565924228345
7b6b18993ce6ee3086c6f10e,2019-04-20,0,welterweight,0.45905516189991863
5f2baffa9f9e18070dd69e1d,2019-04-27,0,welterweight,0.5792957954520556
b031eded632dd94461f4a954,2019-04-27,1,heavyweight,0.6457753676600284
915cc3326771dcb5012f05cb,2019-04-27,1,womens_strawweight,0.5192531635560845
cbe370d6e9437f7454094401,2019-04-27,0,welterweight,0.4556702847393203
a3f24c5dfdbc1c1cb8b01ef2,2019-04-27,0,womens_strawweight,0.33489447876976414
3f0c08354e145c02110fd0a2,2019-04-27,1,welterweight,0.3239324447012084
6f066ff33c959ab559b7a1cb,2019-04-27,1,lightweight,0.6321687285015334
cf0c668767f8f59b49b1d46b,2019-04-27,1,light_heavyweight,0.2921887012663855
d7a529c7a59a0342b202024e,2019-04-27,0,heavyweight,0.1945338431892563
810334f59f27e21035e1f127,2019-04-27,0,middleweight,0.39481898394538606
56ca651437d7cc1d573c3970,2019-04-27,0,lightweight,0.6305983892317745
64e530283564ae1339632e0b,2019-04-27,0,bantamweight,0.554536045404711
734a75344024157915995e4a,2019-04-27,0,lightweight,0.31268300227273
3a807e46fc597761a9a248a3,2019-05-04,0,bantamweight,0.3284779944791094
4afd8778c789a9d76835ce0a,2019-05-04,1,lightweight,0.29626126162095223
ffc7edb9f4fdd9e856d76689,2019-05-04,1,heavyweight,0.5090562870206801
aa35b011a1662c7027e70524,2019-05-04,1,bantamweight,0.3781717099227244
640f1b8fcbd5c004e9cb36a7,2019-05-04,0,featherweight,0.4895337626877045
3b1a562aa4ebab0784fd7bc0,2019-05-04,0,middleweight,0.5490198123477761
1b63ea904ebd2957ee46991c,2019-05-04,1,featherweight,0.5780995815684943
89394eb01e7784b2c428333d,2019-05-04,1,womens_bantamweight,0.7051063137544867
dbedbc64c66202909e1eec7a,2019-05-04,1,middleweight,0.5902746512885192
9e20d5adcc49052c74014626,2019-05-04,1,bantamweight,0.5650479653109473
978214d16c31f8696f47f29f,2019-05-04,1,welterweight,0.6614251950403854
e124311e45865d724207e325,2019-05-04,1,heavyweight,0.353763688619052
e7073ba5faca0ccac9ce2fcd,2019-05-11,0,lightweight,0.5397140670396608
69669b5e3b46042a05eb0823,2019-05-11,1,womens_bantamweight,0.5780160192029034
91bd5d42cc6416e430dd43ed,2019-05-11,1,middleweight,0.4628699260565184
4afd58b0d8a55895c868a02e,2019-05-11,1,featherweight,0.5997120404163458
81a04e8caf79fb727607d237,2019-05-11,1,womens_flyweight,0.6412411086993506
10d59155db6aa78a1427c454,2019-05-11,0,bantamweight,0.46533996386351384
9249808c94f3d6dfdf9af36b,2019-05-11,0,light_heavyweight,0.28882882947812516
6c73f1b4fdd41c4e4e6654da,2019-05-11,1,womens_strawweight,0.39388083356604886
d89982d834ee44a1b667b66f,2019-05-11,0,womens_bantamweight,0.5257647351285318
8296e0d578cb9314c68eee1d,2019-05-11,0,welterweight,0.27729074230236306
365fefe34135160ec5455d1f,2019-05-11,1,lightweight,0.6483367236249744
6cec7d8a2c1e3df9f294b43a,2019-05-11,0,welterweight,0.5021913797585527
363d78001101e6229c0a2b0a,2019-05-18,1,middleweight,0.38697991854784447
3f0251bc27145aab23db9546,2019-05-18,0,womens_bantamweight,0.4801830489132371
50d9e85f3686903269809172,2019-05-18,0,lightweight,0.3374282701533993
7d905c953ba73d1a68ead277,2019-05-18,0,welterweight,0.5767401108546623
6bc2a392929414c465042a48,2019-05-18,0,lightweight,0.2692202856929714
0f6484b736a7f3cc7aba63cc,2019-05-18,0,lightweight,0.2751513390053585
db76119921bdd0ed497b32f1,2019-05-18,1,featherweight,0.6819171530482346
33c355ad10b62e7d1de78d9c,2019-05-18,1,womens_featherweight,0.3410418592535388
bc3a021cd3cf61e555021000,2019-05-18,1,featherweight,0.2910580204580043
3c180878faf99b21bf865fd0,2019-05-18,1,light_heavyweight,0.5244967936839321
ca96343028b62aeda9c60fe9,2019-05-18,1,welterweight,0.28269395612818315
2a18e106ad1da3effa28ec4b,2019-05-18,1,welterweight,0.8308553815138197
05e89105390245833a6794d2,2019-05-18,0,middleweight,0.6053341529298495
e79d9d724c1b4f49a9c151d5,2019-06-01,0,light_heavyweight,0.4413605513572674
51130eaae559739d2277bccb,2019-06-01,1,womens_bantamweight,0.46320912890149335
376fca1b2417ed080dc55d71,2019-06-01,0,lightweight,0.5513628338386102
6c857bc2b1611cd86b8a59d5,2019-06-01,1,featherweight,0.47848061440540257
b2a972b374869a366d3b02ae,2019-06-01,1,light_heavyweight,0.4798199460200296
9a09782a2c405f04f7df2ff8,2019-06-01,1,light_heavyweight,0.8289236707737249
44f4f36c18cd30f4a78e8d2d,2019-06-01,1,lightweight,0.656348600127711
c4311f2a96b7cc37340ba09a,2019-06-01,0,featherweight,0.4527502509070238
2fcd04431581330b8a2d18a7,2019-06-01,0,lightweight,0.37484880967367096
0f14442a17f1f00f94f2d4c5,2019-06-01,0,welterweight,0.482843734126217
7f95ca9ac1c70cd00b0cce57,2019-06-01,0,lightweight,0.6357903173021722
42e3da20fad88525160d375a,2019-06-01,1,womens_bantamweight,0.424046852146977
bd6e6031555f600f46ab4f03,2019-06-08,1,bantamweight,0.6795530293812392
95939d218a1d60a883da95bc,2019-06-08,1,middleweight,0.3312765168802462
266ee3a1c82efd700b8f5aa3,2019-06-08,1,bantamweight,0.6456647684489857
f07b57e2716471ad3302c0ee,2019-06-08,0,bantamweight,0.33959885680912005
5ef23b9557a9feefb97696b1,2019-06-08,0,bantamweight,0.2915658171077607
3f6311a5a0724f605b206cd2,2019-06-08,1,womens_strawweight,0.5308125562346325
d207301a7745b122f84fef97,2019-06-08,1,womens_flyweight,0.4560014245371698
1e7a85d2f5574c5627c3eea1,2019-06-08,0,featherweight,0.4956114965273908
911a1fa0c445df7f0dd12d7b,2019-06-08,0,heavyweight,0.6415245646980424
3c6aa7bfcdac2bb433f30323,2019-06-08,1,womens_strawweight,0.657390967695049
4e48afdd0e292d5f0e86fabf,2019-06-08,1,lightweight,0.6896081870888422
47652b43ae72f5590c7a1882,2019-06-08,0,womens_flyweight,0.1773393586827134
269fbddfdcbebe8e4bdb4b8c,2019-06-08,0,womens_strawweight,0.26841055145526993
ce49a5280ca93930a0ebe85b,2019-06-22,0,heavyweight,0.4792318067325298
41f5e50f9ae0bfaed31ee510,2019-06-22,0,bantamweight,0.5000098475814255
f692e76cf277eacf2a442090,2019-06-22,0,womens_flyweight,0.6026506837519228
72cedfae58fa44321b69b949,2019-06-22,0,womens_flyweight,0.3365494704388489
32ff903f72c4276ea24d999b,2019-06-22,1,womens_strawweight,0.44581107114545876
00c99648f208e0a417e279c9,2019-06-22,0,welterweight,0.5200041124825744
eee1e31c188a74656a5149fd,2019-06-22,1,featherweight,0.5281423386344721
c46941c902fed7bb4392162c,2019-06-22,0,middleweight,0.5603446546035056
b84127a3bd76a5e3ac7aea6d,2019-06-22,1,middleweight,0.744684198395564
706b7d016d03a32401ae801c,2019-06-22,1,lightweight,0.8281770576305366
739e8e2602d787738477d46a,2019-06-22,1,featherweight,0.351819590903928
f27c0e087e9ebd1684ff09fd,2019-06-29,1,light_heavyweight,0.6110220385670954
50585a029a9751dccfd39bd2,2019-06-29,0,light_heavyweight,0.5046188272149282
dae0a129ff92f092524a386b,2019-06-29,1,welterweight,0.2749003409036687
377c80dc3b6e45e576ef2577,2019-06-29,1,lightweight,0.7113901778068428
59455ad55e5ef93414e5aad0,2019-06-29,1,womens_strawweight,0.4333061025869372
a56c32c93524d245d82d6908,2019-06-29,0,light_heavyweight,0.16575324568047944
8f285887c02290c07814a22b,2019-06-29,1,heavyweight,0.6970775713639643
d2a1e845ca36ee5b8600ef32,2019-06-29,0,lightweight,0.25835101824947015
cbcb6ed7e3c7e95a085b7341,2019-06-29,0,flyweight,0.4932199671870286
f34cc5843d81a39bf53d263e,2019-06-29,0,heavyweight,0.486106735288362
f79e641c1d4367a70c107e82,2019-06-29,0,bantamweight,0.21841147829549543
53e67f863836aff47b826da4,2019-06-29,1,lightweight,0.23014217688415917
20a121ded841e9e12c1c757e,2019-07-06,1,bantamweight,0.6314087902304055
d2d8539dfdfeaf041ce5823f,2019-07-06,1,womens_bantamweight,0.8419875260845313
3849e7ad93590c82be6460fc,2019-07-06,0,womens_strawweight,0.3638479125557631
396c48ca67f51480545db649,2019-07-06,0,welterweight,0.19270682348758728
6c8c735afb0fb578f594ca2c,2019-07-06,0,middleweight,0.28797638107765144
d3c4e9545585b46a1e37a85b,2019-07-06,0,featherweight,0.15041271330735095
fad6e667536db7ad4137ba53,2019-07-06,0,welterweight,0.7613279974845001
13fece4ed75664de71f4c8a0,2019-07-06,0,light_heavyweight,0.7552733652843013
d0f0ebb34a909f7c5faf6a88,2019-07-06,0,light_heavyweight,0.12577166810953605
5de1539a147642bac02b122a,2019-07-06,0,welterweight,0.22913342034537232
82a761b4999bf1e4b0ed7ae3,2019-07-06,1,womens_bantamweight,0.41456968933493127
c2f52b8c99f2b37b25e37032,2019-07-06,0,bantamweight,0.3046486252005443
0def7c9da3d4db6e32d57362,2019-07-13,0,featherweight,0.35811914173161563
f5fb1ec8c7952cc1c512ffa7,2019-07-13,1,bantamweight,0.3446145910821412
26dc516d4800e957e79c8b4f,2019-07-13,0,featherweight,0.30484330594541076
ac96fd559635b4c7fc75a95f,2019-07-13,1,womens_bantamweight,0.464005415153218
05ef9aeb915febb76910a720,2019-07-13,0,featherweight,0.6418371817987912
ae0ff18a3c5eee3bc503d001,2019-07-13,1,womens_bantamweight,0.5603340492645328
70ae5877cea9f6b0ba4cccb6,2019-07-13,0,middleweight,0.2447347011764997
588a2bb6b75711c8e2d3461e,2019-07-13,1,womens_strawweight,0.3450128292196554
0570cae799dc63830a762f58,2019-07-13,0,middleweight,0.45021821866017314
945e0d3a9e212876ede075da,2019-07-13,1,bantamweight,0.4690043736965459
1914dbfdf41512962586abae,2019-07-13,0,bantamweight,0.7793376579214014
4c546f42a090e35397ce363f,2019-07-20,0,heavyweight,0.5539776761919765
63961ea6efd64b1b65d34c39,2019-07-20,1,featherweight,0.4295368070003558
477aadc01e427b1389921cdb,2019-07-20,1,lightweight,0.7417561856430448
7af42900e3f80f8ca159c103,2019-07-20,1,heavyweight,0.3549948612802058
bb5283ee8ccec9441f73135f,2019-07-20,0,bantamweight,0.34241375520470047
03e22b6afc8fc3827a3323ba,2019-07-20,0,heavyweight,0.5597118351308021
c39309c4e67ff537333ba9da,2019-07-20,1,lightweight,0.5620075153657372
180e942322ce1a8941b2e39c,2019-07-20,0,bantamweight,0.4458127376373386
af5eec7e9c1abcec258ac49b,2019-07-20,0,welterweight,0.4650866801028801
270ce34d482903a677fa17bf,2019-07-20,1,womens_bantamweight,0.5623940317103872
9bb0db9278511eb73cc534e1,2019-07-20,1,bantamweight,0.6845741678580123
58e855604932a7f6ee3f5606,2019-07-20,1,womens_flyweight,0.42001761750808886
6270c7e6a13d39f8b0f428ab,2019-07-20,0,light_heavyweight,0.5711414844190927
12ec13ec46af056c14efd03e,2019-07-27,1,flyweight,0.4341996925837326
1c6e856edd4101a3e500ec8f,2019-07-27,0,womens_flyweight,0.2698931537270817
51addb9d2b6072ced811c9b9,2019-07-27,1,womens_featherweight,0.5154613909553425
73b3d43d2c49d35aeaea8904,2019-07-27,0,welterweight,0.3069607124660413
05ed2239b2ea0fb046bfd3fb,2019-07-27,1,featherweight,0.2977015891595934
1295b55d2553494251bde142,2019-07-27,0,welterweight,0.4085941945745793
1880f52d5d8d4a70093be8c6,2019-07-27,0,womens_flyweight,0.4377851146970167
b233c1151e28ec04b24cad4a,2019-07-27,0,featherweight,0.35935180526737726
5f837399e34674ec11a971cd,2019-07-27,0,middleweight,0.38016809966141984
415e552f04f46d6a0dfa2bc5,2019-07-27,1,featherweight,0.8120323671716683
53c5de1fcd5d8fef19be7573,2019-07-27,0,lightweight,0.3340699168435877
6eeac113de6d8be6c115f368,2019-08-03,0,womens_flyweight,0.48804521399836154
37963509a7ad6fe9091a4260,2019-08-03,0,welterweight,0.3104660029077329
3c047e2900cccc1e8b515fa4,2019-08-03,0,welterweight,0.1525956360584631
e1fbac640d40549a81a34408,2019-08-03,1,light_heavyweight,0.5193098630238836
545e968860424db391f622ba,2019-08-03,0,lightweight,0.5610201150109766
7201d2665fc7c40e5001a557,2019-08-03,0,lightweight,0.3085272699442269
f1af8880bfb7c5ee39f0e313,2019-08-03,0,flyweight,0.5778347240134507
08c664eb57a74c77d855ffcc,2019-08-03,0,womens_flyweight,0.6831666458050464
3ca76db0b4b30f6617f3dae8,2019-08-03,0,welterweight,0.5454497954321323
d80baaecca990243dba2c73b,2019-08-03,1,womens_flyweight,0.5539262664575471
5a97ee77f95700513db584fb,2019-08-03,1,lightweight,0.5933852189999043
60aaa0218cf8078fe44e068a,2019-08-03,1,middleweight,0.3764021853391215
9bda4cca4c1560bdb475fa12,2019-08-10,0,heavyweight,0.4467542153036874
310b054339a286bb1219720d,2019-08-10,1,featherweight,0.6102043251573948
95f9071548c71c8a429b387f,2019-08-10,1,featherweight,0.5349485708010587
bb1f9e584eebc4445533e087,2019-08-10,0,bantamweight,0.6019083697939726
3cfa69ae9469d3e98e6e8c9d,2019-08-10,1,welterweight,0.5135042623534039
eb94bf7c64b05cef83a337de,2019-08-10,1,lightweight,0.709320275900102
421e881d17b627912cc053c2,2019-08-10,0,middleweight,0.5785652404727634
40ad55cf214d324d07ce2773,2019-08-10,1,flyweight,0.3378439686855783
6cad3824255a247586943eda,2019-08-10,1,womens_strawweight,0.23726921834044107
366b24077b4b12afdda7f906,2019-08-10,0,womens_flyweight,0.198949336268396
82a161559110934b283287e8,2019-08-10,0,womens_flyweight,0.5364375781033288
cafcc1a7d6eeee7dcac87f0c,2019-08-10,0,welterweight,0.4225927081863235
6bb4c1091c82f4a64ed209d1,2019-08-10,1,light_heavyweight,0.6417854787518319
952d0f85baf48e580adfcbf9,2019-08-17,0,welterweight,0.5009951523022298
763b7021eda95cec160668cd,2019-08-17,0,lightweight,0.49320949149499643
632ab47f31caa99776bafd3a,2019-08-17,1,heavyweight,0.434893164827678
b14af30ec1b703032b1c7ff8,2019-08-17,0,middleweight,0.47198217344810073
2bfe269c743b9b99bdcb7bec,2019-08-17,1,lightweight,0.14030529026828542
fb841bfbd302bdfd92f09af9,2019-08-17,0,featherweight,0.3444733653557879
5d4a75be3c772b6777d6965e,2019-08-17,0,womens_strawweight,0.36249289223312003
8b43d370f9a95a04823b6e21,2019-08-17,1,bantamweight,0.4677885194078189
2f96645259048f7ffc5e87f2,2019-08-17,1,catch_weight,0.48378522222465703
a412d12faf803a97f8b5fa87,2019-08-17,0,bantamweight,0.249552317387852
f17d329e8a8236283607fb66,2019-08-17,0,womens_flyweight,0.3395385210397008
dc588caaf4e23b17b9b88f93,2019-08-17,0,middleweight,0.6222523177522137
1f035f3330e22fa82d2a3650,2019-08-31,0,bantamweight,0.4864628475392772
42555d1e8ce3c6e9f80f494b,2019-08-31,1,light_heavyweight,0.48071047148423107
1cd17e7a1ac6a13856b412fd,2019-08-31,1,lightweight,0.5472814822241167
4b6daf2f0a633140483ed5fc,2019-08-31,1,womens_strawweight,0.37730470994402293
dac218cda6b12fbf0566e953,2019-08-31,0,middleweight,0.45600105187958456
974033b9c21272ecc210e47a,2019-08-31,0,flyweight,0.5129794401086635
d656d282c41d79f44960517d,2019-08-31,1,womens_bantamweight,0.4785150961466289
b4c018c81b8c2840fc1bf217,2019-08-31,1,welterweight,0.3134788754723157
691194a03c43b9ec74c25c51,2019-08-31,1,welterweight,0.4690087861325927
5ef647d5242d0fc21e037ca7,2019-08-31,1,bantamweight,0.5312436347015391
3438a2f8e2061a5b3df0345f,2019-08-31,0,womens_flyweight,0.5861357493841496
5fd241c02070d9383973e1ad,2019-09-07,1,welterweight,0.7517976392122978
dfa8aa41ae70e1bc02b18c64,2019-09-07,0,heavyweight,0.1529732275726721
d18690fc6b502d5e9828c33d,2019-09-07,1,lightweight,0.4196483188395543
5c4bf8f13e687607837641d0,2019-09-07,1,lightweight,0.48588773872875585
a12f553a4bb3b6a0bc62f10c,2019-09-07,0,lightweight,0.44422575657893565
a6bde13c4fa732a086109c6f,2019-09-07,1,womens_flyweight,0.3512106743689104
8809a86b0765331ee3046ba8,2019-09-07,0,lightweight,0.31610244562726436
218ed25044345f0da0f1ab68,2019-09-07,1,womens_bantamweight,0.47306324715461046
4b5abc9b471d257e26814621,2019-09-07,0,lightweight,0.5377127366757618
88104c3216b870a94d094b52,2019-09-07,1,welterweight,0.37704199007632444
81f7b94567c3becf57b7c480,2019-09-07,0,middleweight,0.5897786010588075
4fa13ee966e6f925309146f9,2019-09-07,1,lightweight,0.6340712194482611
a24c84449925d91244224459,2019-09-14,0,bantamweight,0.6585461019705835
76b09b1ae45fb9768ca9f02d,2019-09-14,1,featherweight,0.4870023491586963
d52f32b4c96395db88e3df3c,2019-09-14,1,bantamweight,0.377172558891342
cdebef1ad84897fe6e52dab4,2019-09-14,1,lightweight,0.6019919608462283
99a1382d0f54f8b36ae0f1a1,2019-09-14,1,light_heavyweight,0.22638358426228702
4657001db77127f01637d1aa,2019-09-14,1,lightweight,0.5051304810850951
cf978a340d3698c46fd69095,2019-09-14,1,bantamweight,0.6581735933026444
1a3fd89ca750799e7e003f98,2019-09-14,1,heavyweight,0.4293022989614222
43c10df3159c502c6de89daa,2019-09-14,1,welterweight,0.290269844995918
7090bee0551cc8931473357e,2019-09-14,0,light_heavyweight,0.5024321251931113
3bda414f1341d69b2f6bec1e,2019-09-14,0,middleweight,0.6699027263572799
e675a50c92e763e9dbfe4d39,2019-09-21,0,womens_strawweight,0.5067905461097939
63e3f55fc8b51d57700eef35,2019-09-21,1,womens_strawweight,0.4517356271513751
307855e3460d7f7876deadf3,2019-09-21,1,lightweight,0.7471245074891267
a02b51f27087befa1a1128b4,2019-09-21,0,womens_bantamweight,0.39692415531462555
6c639d934a292ba8bc90c07c,2019-09-21,0,bantamweight,0.4389940554421773
aac3548e1e8a354304ee6db9,2019-09-21,0,featherweight,0.48266228081460316
87ed37dfa7f497b5f77d6e30,2019-09-21,1,featherweight,0.4664493702522036
3cc89087f0c0ce6f6e5675ad,2019-09-21,1,flyweight,0.9071482856621277
1ba523d6ccedc31871693413,2019-09-21,0,womens_bantamweight,0.6690592740679144
47758d29bd662b3fd1939d7f,2019-09-21,0,light_heavyweight,0.33281278025371513
4c5ca474ab0b5ce8ca07a033,2019-09-28,0,middleweight,0.6621601791089028
2ef6cc622d891b2f47cc02a3,2019-09-28,0,middleweight,0.5722318887496932
c24762d1540afc7892a6a11f,2019-09-28,0,featherweight,0.7327678399968338
a74f028feadcc12f9e059d34,2019-09-28,1,welterweight,0.57757342002084
58043915ba1655663c54db19,2019-09-28,1,light_heavyweight,0.5517098779704275
24165e221c133e0f8521184c,2019-09-28,1,middleweight,0.31477455894463646
db9cb586eea9be24aa022a81,2019-09-28,1,bantamweight,0.4059945389743285
c563a8cbab69fdedc2ca6293,2019-09-28,0,womens_bantamweight,0.8329498814325059
2e2ac3805ce6106ac7b08c39,2019-09-28,1,lightweight,0.5345696380212724
1badb9e1370a7f530b41dad9,2019-09-28,1,lightweight,0.20994081752819477
2667de7839876ddd18c5922f,2019-09-28,0,light_heavyweight,0.49512598253710766
838f2253c05f15ea4d21c1bb,2019-09-28,1,welterweight,0.20361903834556105
fceb01a3e6afb83d628ca021,2019-09-28,0,welterweight,0.3271842472665339
300838f93508ed30e50c5104,2019-10-05,1,lightweight,0.48223757704598175
0cb55ec63b83f5626f97c769,2019-10-05,1,lightweight,0.44414809848348397
c9b3790271aba99a0f5d563f,2019-10-05,1,welterweight,0.22286879143687185
59503950de9880dde6cfbd9a,2019-10-05,0,welterweight,0.33174491951186563
2efe952bc9906d2d8ee63d99,2019-10-05,0,heavyweight,0.5767378097316176
03bdb3f550d8728b99736cb5,2019-10-05,0,welterweight,0.47518176262684386
60a4cca6160e77a434c836eb,2019-10-05,1,womens_featherweight,0.531055214084561
7a45e3425d11cee03efad9d2,2019-10-05,1,womens_flyweight,0.4913768435681572
b31117cda02191539a7b1042,2019-10-05,1,middleweight,0.625500256254552
1541bbe0810786a062a2ed75,2019-10-05,0,heavyweight,0.9433716037109533
47228cf03cd4105dd977ba6d,2019-10-12,1,featherweight,0.4607336533377216
65e84e21f699586e3aefedd3,2019-10-12,1,flyweight,0.6710470281285664
3d03b631b4587e1ba05b7567,2019-10-12,1,middleweight,0.530061341667217
c1e628e157c0b3b603970990,2019-10-12,0,womens_flyweight,0.42472103882202855
b8d46870926615857be3f630,2019-10-12,0,womens_strawweight,0.22397719732643187
eb864e622ea92270ecef192f,2019-10-12,0,womens_strawweight,0.26179364043171677
85c6d7ac2b40e91bd0e22ab6,2019-10-12,0,bantamweight,0.3400974898670257
5f52782a6aa56ba0f3a97b9b,2019-10-12,1,middleweight,0.6500815169567202
c1512c7e186a2ad2d9405660,2019-10-12,0,lightweight,0.8334558455149731
277f3f3cb03bddbb79f8c1b5,2019-10-12,0,welterweight,0.5206772770018959
845f9a197d8e4dbaeffe8afc,2019-10-12,0,welterweight,0.27838577008812554
9c76094ff9dad4b08a83fa97,2019-10-12,1,lightweight,0.4128530201306664
a22737adaea8f3c24329fca1,2019-10-12,1,welterweight,0.32161005325723346
27e1fa1e0f0a4ed7fd4da048,2019-10-12,0,light_heavyweight,0.42691462163133803
ca0cd07f144ce35471f77fe5,2019-10-18,1,middleweight,0.23979200659912941
43a68b57b8ea07e036eda841,2019-10-18,1,featherweight,0.3018873658223178
e0354f103924591f691cb6e6,2019-10-18,1,welterweight,0.45459195852861306
23340c1c1beee7c9694fde06,2019-10-18,1,heavyweight,0.4689045730348933
855a0f86334b84d5802b5b3c,2019-10-18,1,middleweight,0.5875515444169829
4535cc5c754f6cfab853349d,2019-10-18,1,light_heavyweight,0.35839535164397984
312e5a705d9ea69f9304369e,2019-10-18,0,lightweight,0.7856244912588152
dd1a5c0133b77b445e4da39d,2019-10-18,0,featherweight,0.43018465666979805
924db0cc13ef377747acd751,2019-10-18,1,womens_flyweight,0.5626219333845086
1cbc40e89a4a3808ac58a6b2,2019-10-18,0,womens_flyweight,0.4045241550619819
8017582ad0a64b3df2a1b1f1,2019-10-18,1,bantamweight,0.9003078706474749
0b8035462f110001d74cfccc,2019-10-18,0,featherweight,0.188841354579543
e547a10b6f576ac5ce766f3b,2019-10-26,0,lightweight,0.4796919379088899
e3e811b0d565e05ccc653f76,2019-10-26,0,heavyweight,0.29812090625716053
068191c5ec0442a5f327a13f,2019-10-26,1,welterweight,0.8619400978397105
a36870d79a38bac025ca994f,2019-10-26,0,featherweight,0.5087487458725474
f0d2710e45778380c740e9a9,2019-10-26,0,lightweight,0.35151801958570045
0d3c456a7272d86e8ebbb604,2019-10-26,0,womens_strawweight,0.4591460414154239
ec961ddbd1b2a583933bf1c7,2019-10-26,0,heavyweight,0.48274629163316135
747dd08852da9f2fea81933a,2019-10-26,1,lightweight,0.634133831808712
54365bc0fbf2054909ffb52a,2019-10-26,0,welterweight,0.5160666619720228
3d08ad4aa2e7c798a261b317,2019-10-26,1,womens_strawweight,0.49045270394698637
3c0c040f3ab9eee3625380a9,2019-10-26,1,heavyweight,0.3099937577104006
e493a0b30451a3c7301cdb30,2019-11-02,1,heavyweight,0.6803036937527058
b6ed2b7f241d89a1c2e5768c,2019-11-02,1,middleweight,0.7729751906676917
1179f435dc339904ffba59f4,2019-11-02,0,light_heavyweight,0.5252138039759282
fcd1f11d558f57139634bfd4,2019-11-02,0,heavyweight,0.39850039983467883
b40746bfe9247aa2ab1cf62a,2019-11-02,0,welterweight,0.5208353817214365
9be0b4ced3f43e9b5e0307d3,2019-11-02,0,featherweight,0.440865493734707
3ef97578ff086342ac3316dc,2019-11-02,0,womens_flyweight,0.4804005665153186
6aac3558b27bea053402a041,2019-11-02,0,middleweight,0.5099713789354894
6bd651e672f1383eaaa3488e,2019-11-02,0,lightweight,0.3725429185332673
bdd7d638521a5220ece47138,2019-11-02,0,welterweight,0.49890414298034147
77040a488134a21632e5e1c1,2019-11-02,1,featherweight,0.5297350749033362
16af1afe443d2d04a0b3004e,2019-11-02,0,welterweight,0.5795139870674104
f936a2e7fe354fd8511c7843,2019-11-09,0,welterweight,0.3750034157174848
1e2f3752f6c52b1f4a02d6b7,2019-11-09,1,heavyweight,0.5736590699060442
1a1c5e4865c1d0486f79c7bd,2019-11-09,0,lightweight,0.29442010048469786
640793902348858ab72aa43f,2019-11-09,0,bantamweight,0.4903150872024791
4b1a6b415dfe50f3c9f1dbb5,2019-11-09,0,womens_bantamweight,0.4220182027954735
f0ffe0e3b264df9b5db97006,2019-11-09,1,light_heavyweight,0.2570696731931163
f1793f6ef34da4257673c238,2019-11-09,0,light_heavyweight,0.5271203041850353
31bcc23345e28ba3b19c96e4,2019-11-09,1,welterweight,0.6146139965262818
b9697c6e95b6549c714acf96,2019-11-09,1,middleweight,0.6831107124181435
e106bc203bf221eab415c9d6,2019-11-09,0,welterweight,0.2972640005823027
43e49e7eac931187640250f8,2019-11-09,0,light_heavyweight,0.6471471966611214
1f6dc7a779838723b04fdcd9,2019-11-09,1,featherweight,0.6929317652123534
35a1c6a2fd428e45b7ba56ae,2019-11-09,1,welterweight,0.4698230264018438
9c39de42c4252efea5a6c7a4,2019-11-16,1,middleweight,0.5614266006201444
76080b6d4a1730806ca74745,2019-11-16,1,womens_flyweight,0.37556128926544474
ca0ede83403f2550325f5cf2,2019-11-16,0,lightweight,0.3031477522811915
895cdfc1522a784865e69ac8,2019-11-16,0,featherweight,0.6248188255058882
14217beddf84c2e52c742fae,2019-11-16,0,lightweight,0.6953325990210927
353fdcce1036b674908aaa84,2019-11-16,0,light_heavyweight,0.5511359523771993
9da66ec4bb7eb06c55458f10,2019-11-16,1,middleweight,0.625758411632027
fab55b1d74b0c72834f8c73e,2019-11-16,0,featherweight,0.14952212312472637
0cd8da7c25c1fda31ca49a51,2019-11-16,0,welterweight,0.4774340451214086
3343bf88c488f245111644cf,2019-11-16,0,womens_bantamweight,0.3850053880344051
ebb3391b28a1a863bca84b60,2019-11-16,1,welterweight,0.46957758939547906
9dcdaba00e3d7661c2c20a0f,2019-12-07,0,heavyweight,0.35337286999054573
3f0d6005bcf5d8d74d490e25,2019-12-07,1,womens_bantamweight,0.45809900698507483
af619e0f50e39d9a3c707cbf,2019-12-07,1,featherweight,0.3715093404215506
70a295b55866179ccd1d2ba9,2019-12-07,1,featherweight,0.4934621965029793
9f1bc6cac3951396363e743b,2019-12-07,1,lightweight,0.7057623079068523
ae915d199d0a3212d88d4bff,2019-12-07,1,middleweight,0.687964484437931
b807573eed5a4156c41f13d0,2019-12-07,0,bantamweight,0.572571818711016
c9a6fbe648a7cc56f81d7315,2019-12-07,0,heavyweight,0.49230368466565066
831cacee5fffa61376db4fc9,2019-12-07,0,welterweight,0.3170077855192765
2138569b556c4d614e8bb628,2019-12-07,0,womens_strawweight,0.38066570380189474
029906e95258805fd3ef5825,2019-12-14,1,womens_bantamweight,0.7099000265258854
d5b4dfb3ff65f3dbb6fca19c,2019-12-14,0,flyweight,0.5331570026490499
ce5217459171cc8b3b06b8a1,2019-12-14,1,featherweight,0.66364855915418
33e7da705762dd431b060f57,2019-12-14,1,welterweight,0.5182383730594661
f66a474497dbfe8160053545,2019-12-14,0,middleweight,0.5348230906952437
e78313114f040c2eb306caca,2019-12-14,0,womens_flyweight,0.5840260177242155
c278d51e7be09fbca132ce23,2019-12-14,1,welterweight,0.5586179721696267
08209dc137ca29ba95d0b9a9,2019-12-14,0,womens_bantamweight,0.4827117232039529
c1ada04837f4f0ae52b28b1c,2019-12-14,0,bantamweight,0.5008452917423517
effa322cf0f61bf8fab0059d,2019-12-14,1,welterweight,0.588692547469561
f1218bf5097065169418303d,2019-12-14,0,featherweight,0.5310327696333282
aa231dbbda45b913e6c739e4,2019-12-14,0,bantamweight,0.13377021938498504
75abd93d36786b68de733b5a,2019-12-14,0,middleweight,0.5675143315605155
ceb9eb09b6543ade92a2fc57,2019-12-21,1,bantamweight,0.43634220270601903
bc5dec6484ff60b254a2bf9e,2019-12-21,0,flyweight,0.42670483928476305
5e29733544b68ed9577a8341,2019-12-21,1,heavyweight,0.6023839712918867
7d8361c453bd229c2f8ab6af,2019-12-21,1,light_heavyweight,0.4310779101219081
fdfacd8404d0eb95adcee649,2019-12-21,0,lightweight,0.5865136849864634
f9e7b8638de2149e61e51154,2019-12-21,1,featherweight,0.49879644631922104
8a987c4579dbf3e22f1d5ff3,2019-12-21,0,featherweight,0.4780492585762216
b93afc4960a3dbb6e25c0b1b,2019-12-21,1,middleweight,0.2746192864631279
ff575235c773175d33e45307,2019-12-21,1,bantamweight,0.6268346335123821
852967885dda5170546df8c6,2019-12-21,1,womens_strawweight,0.13621520920876137
3443c05c299fb7b8610b44d4,2019-12-21,0,bantamweight,0.7108614000304007
6c4e36c79471be03e79e25b7,2019-12-21,1,featherweight,0.7100992939042506
3b0c3a4939fb8a567ab24b63,2019-12-21,1,light_heavyweight,0.44360073783078147
dbaeff63b18a6d92838f98c2,2020-01-18,0,light_heavyweight,0.4206360399064201
32e3ff4610a5a504ed917afe,2020-01-18,0,heavyweight,0.6109674639098894
1826d3fc74bb2d6ba256950a,2020-01-18,1,featherweight,0.5741183189414009
299419704af40353765232da,2020-01-18,1,lightweight,0.5488475054172272
a1906b428b2b7f692430e2cb,2020-01-18,1,bantamweight,0.5033930500816721
66d951441f61c860a46dd18a,2020-01-18,0,welterweight,0.3480288428819505
049d7f10a2408eaeea36b79b,2020-01-18,1,lightweight,0.2963035382358868
8c49399b3602fc1ea7faab1f,2020-01-18,1,womens_bantamweight,0.4902429749737672
894e5a6b67f8fd390b461dc8,2020-01-18,0,womens_flyweight,0.8187136252628578
31631b1099dedbc551cca061,2020-01-18,1,womens_flyweight,0.5159503211184218
818e4e2f4882a32d5136f9f8,2020-01-18,1,flyweight,0.3269474145686185
535e643e38e6e106255034d3,2020-01-25,1,featherweight,0.6784225171810789
fa88c98e5dae1a9d570d00f3,2020-01-25,1,middleweight,0.6442320029501561
3be9f2fb380b4adfe9142fad,2020-01-25,1,bantamweight,0.6415995503033958
3ceaa0ce879bb7f0a68da029,2020-01-25,1,heavyweight,0.6968673236032094
70b24348fe735b27fba60a92,2020-01-25,1,womens_strawweight,0.54002378091648
4da0ae30154e9ffeae7d071a,2020-01-25,0,featherweight,0.5067057221307616
2a8739dba9f6bbb8da7160b0,2020-01-25,0,light_heavyweight,0.573168217827255
f0db58925ab2f01282c6aed8,2020-01-25,1,flyweight,0.6273063110900872
611387fbcb2688d824e09cfa,2020-01-25,0,womens_flyweight,0.5599710832574252
34d2e609fae11eba0361d28c,2020-01-25,0,bantamweight,0.3915047208426849
49c737995706c23811737d45,2020-01-25,0,welterweight,0.5058610861956978
c98a7a3f6e065503e752b443,2020-01-25,1,womens_bantamweight,0.4774076444212956
58f8cedb4f1c4a8acfe97da0,2020-02-08,1,welterweight,0.4310270954572161
f791308687846b968ecb6e0b,2020-02-08,1,bantamweight,0.37893076634900474
45d8c7be4e945420d00361ae,2020-02-08,1,featherweight,0.5358759306041688
a3ce1d91d4f5d48cb71fcfe9,2020-02-08,1,heavyweight,0.6707106364618912
ff6a60aa5038e8415ec8939f,2020-02-08,1,light_heavyweight,0.7838015023585079
e68dbb04527c15178f4140e6,2020-02-08,1,heavyweight,0.7272787850502985
b2b4d0831802f26e83e6ccc7,2020-02-08,1,womens_flyweight,0.296598571281441
8d68545109734da047569b52,2020-02-08,1,bantamweight,0.26744986158946493
9849cc2855f955fab6058523,2020-02-08,0,featherweight,0.4209833093635459
d1b4cad82cb530a5cf8cacd1,2020-02-08,1,middleweight,0.38723404282833496
1f5ca783acb07145072da725,2020-02-08,1,womens_flyweight,0.7043946384663713
2085d5052f8ce3f92633bf3f,2020-02-15,1,lightweight,0.5855681462330522
8de48a03581e7b5f3ae2d006,2020-02-15,1,bantamweight,0.4834542618411402
bd22d4e2756e0f228a221025,2020-02-15,0,light_heavyweight,0.536610444024665
c7f13fe85a89872d7c7fdc4a,2020-02-15,0,light_heavyweight,0.3014846017598444
1ff4a3233a4e3de253086d78,2020-02-15,0,welterweight,0.7071977120683426
f8d3fabff42baf18c7e8c6d5,2020-02-15,0,lightweight,0.31243905779779063
52e04780edda9cf0618b9152,2020-02-15,0,bantamweight,0.7508839755647072
828bae559074c156bab9cdec,2020-02-15,0,lightweight,0.3719256375240341
e2092c0a9fda00799fd85248,2020-02-15,0,womens_bantamweight,0.31380383977476906
344da31964fde9819457c241,2020-02-15,0,flyweight,0.49100066430746403
7a47b5bdbb687c1295999f5e,2020-02-15,0,womens_flyweight,0.4375907523333786
e21273dacc8544d24b825430,2020-02-15,1,flyweight,0.6573962426599386
806a30c5a3bc9369c6e1864c,2020-02-15,1,welterweight,0.37340574030527557
3345db9eff688ec37ec0f2f0,2020-02-22,1,heavyweight,0.5557119848552005
405c0a662bf5e5bd6660107f,2020-02-22,1,lightweight,0.6057689205063481
957ee110d743be59ac63bd6c,2020-02-22,1,welterweight,0.7691029036289102
55fc23885a358078ecffc231,2020-02-22,1,welterweight,0.6889523904094617
3d852084c8c58ac9c0c3866d,2020-02-22,1,lightweight,0.5133927074124432
6d9b24acf3b0a085f063254d,2020-02-22,1,light_heavyweight,0.39804436708793095
7ec2485289f1c9b63a5792d6,2020-02-22,0,flyweight,0.25915751467174397
e4febcd3b9270378b88c2c8d,2020-02-22,0,womens_strawweight,0.42091648438631313
06cda90846ecf341619165c4,2020-02-22,1,featherweight,0.5263599314970092
c081058b8760ebc49b1844fa,2020-02-22,1,womens_strawweight,0.5213059078164721
0a118b568754c03f74e85a68,2020-02-22,1,lightweight,0.7196591835829589
e8ddc97cca6d0a5d378ee12f,2020-02-22,1,womens_flyweight,0.58139287742387
bc05c73c776a23522465fbba,2020-02-29,1,featherweight,0.5736568856740811
67c513c4904f8faedf720155,2020-02-29,1,middleweight,0.36294026686049463
225a42fc041d7b46d5bfaca6,2020-02-29,0,womens_featherweight,0.30553545271943744
12c618f5f471aac6cbe2f559,2020-02-29,0,bantamweight,0.6349730803840284
7c35b87c3259435af9f305f0,2020-02-29,0,featherweight,0.1867990688380021
b9199fdaf47f5fe86002cdc7,2020-02-29,0,light_heavyweight,0.5841147938972486
a9d1e14c018c2bd7956f85b7,2020-02-29,1,featherweight,0.6020420176649615
959d009361301a02cd28d861,2020-02-29,0,flyweight,0.40926171238412834
c5b2efe1550d9fc74302f4ae,2020-02-29,0,lightweight,0.2913252810406806
af291c699433bd04d136b64e,2020-02-29,0,heavyweight,0.4547768970677644
0192a4baef7d9bbc35d07b36,2020-02-29,0,womens_featherweight,0.3740848485053622
8233a2bcadaa15eb353a00ac,2020-02-29,0,welterweight,0.7214284170176974
ac32a2ac43ae6ff31c4c058a,2020-03-07,0,welterweight,0.40038446620972895
2994a65fc60a7ebda1abdfd4,2020-03-07,0,bantamweight,0.23552477594977494
4dc37410ffdd722c5c13b647,2020-03-07,1,lightweight,0.5003368304804303
bbd0ec55ec6433a7ed39dada,2020-03-07,0,middleweight,0.31441551687259145
29c5a22950b852875c2d2859,2020-03-07,1,featherweight,0.5791715380819016
fd70dfb0a7f2d8d11002f31b,2020-03-07,1,middleweight,0.8332706419967887
0a2d16d65f1e0a9aa0e5ad91,2020-03-07,1,lightweight,0.8295358133454551
6d49420f915f8986e125d116,2020-03-07,0,welterweight,0.4436395627708956
b8fe0a7b1ff0416078863f66,2020-03-07,0,middleweight,0.5496521297241692
5f2af6f949d46196346c0969,2020-03-07,1,bantamweight,0.42213965068418996
49093c389ab04a0502e74269,2020-03-07,1,womens_strawweight,0.4663419378278779
dcbc89946cfd3b60dc2896a5,2020-03-14,1,womens_strawweight,0.7970064229783606
ab4e9d192e4c6a16d88cfa78,2020-03-14,1,flyweight,0.5596423451034057
0629e69e4cdef6010afb82fe,2020-03-14,1,welterweight,0.7502522027215471
12fcb4b15eab88cc21a628ea,2020-03-14,0,welterweight,0.4655601992207173
3397e1f912942f4951412964,2020-03-14,0,lightweight,0.629019203977084
0b804ef15016f4701a6c3b27,2020-03-14,0,light_heavyweight,0.4360405493518021
c060ae13226dc57054e79419,2020-03-14,0,flyweight,0.3565297208186936
1f8448a33794600e3b26b116,2020-03-14,1,lightweight,0.3685511850444931
8f283b50bf60f4ca662fb534,2020-03-14,1,womens_flyweight,0.3846434788600697
7171685f49e42fc47e27c391,2020-03-14,1,lightweight,0.7532370250187405
832f4ad5e6462a116d4f8af9,2020-03-14,0,womens_bantamweight,0.6176533787080808
009aa0b869e610f7e796e750,2020-05-09,0,heavyweight,0.46023874703615714
c103c970f04eb87287a0e4b3,2020-05-09,1,welterweight,0.46766930067070267
cedffd9e5eec6ce82f7c101a,2020-05-09,0,featherweight,0.19462987259884876
a0e32d72c7de88f4800dab59,2020-05-09,1,womens_strawweight,0.5811661319846047
ae7dca63a813f4d6c52b1788,2020-05-09,0,heavyweight,0.39670180476208716
f8880f1d649f46e28a73ca8d,2020-05-09,1,heavyweight,0.7480131545557264
5384d7c94e5a0e0f2f57d0aa,2020-05-09,0,bantamweight,0.3911429935094077
b0b04e108bd700e4b9506bb6,2020-05-09,1,featherweight,0.646335847476043
4e861f89eebf4bd6240193ec,2020-05-09,0,light_heavyweight,0.3408084049772256
da967b755aeebd0969453818,2020-05-09,1,lightweight,0.43766104686476764
5922566ed6339c4bee68789a,2020-05-09,0,welterweight,0.3407338538962779
9327fe46dbb648274dedf148,2020-05-13,1,lightweight,0.3749460784116457
b4e09acb3ef8fb916cd20042,2020-05-13,0,heavyweight,0.535476770716329
099226a1af8eaad416e33ce9,2020-05-13,0,light_heavyweight,0.7875329968168272
85583e946a1afc739c7971d5,2020-05-13,1,heavyweight,0.34484651694802426
30f7d6f26cdb555e1863bacf,2020-05-13,1,heavyweight,0.5419601402015649
77c3d8ba834acfc857c5d9ad,2020-05-13,0,lightweight,0.5757408833734982
281018bae372254e896f953c,2020-05-13,1,featherweight,0.4511949615126204
11a75f048fd5a8ce402d014c,2020-05-13,1,lightweight,0.6987329724154885
eec530344c8a5b1193095b97,2020-05-13,1,bantamweight,0.3077567596175171
fc27e2a2bb4840d583e6af05,2020-05-13,1,womens_bantamweight,0.5913882546746964
56eb0df2ba5e8806fbb8b6ac,2020-05-16,0,heavyweight,0.40080171592219677
4431b6293af599f45ff88ce1,2020-05-16,0,middleweight,0.35233529861338136
2ab2b9f636e1f691e06be87f,2020-05-16,1,womens_strawweight,0.5603731272097786
2013fc705603e4d2d485f766,2020-05-16,0,womens_flyweight,0.5047275806439078
5002aab7fcb128933ec0f428,2020-05-16,0,featherweight,0.29537831177998874
6b06bb42128fb721e64e27d0,2020-05-16,1,featherweight,0.3287755413055977
700c19e5d8072a2eb472243d,2020-05-16,0,middleweight,0.532342970112975
e484e0ac9450e9273c0358cd,2020-05-16,1,featherweight,0.5952873423442012
ca6e34d9cb638eb1628a7523,2020-05-16,0,welterweight,0.28773179336564697
9a367f827403d6a654fbb184,2020-05-16,0,heavyweight,0.38983131264827164
bc93d93ef97ad802b83b9d42,2020-05-16,0,featherweight,0.34079905851929315
ee05f5ee9431052c10688e3a,2020-05-30,0,catch_weight,0.6951774499507332
4666770439ba8c9851230139,2020-05-30,0,heavyweight,0.4315504224312768
30e2e97fde043513c4e768c0,2020-05-30,0,featherweight,0.39274718169547107
4daf886ecde6eaec42a3a025,2020-05-30,1,welterweight,0.5984507139091966
cab113a35cf2265258613c6a,2020-05-30,0,womens_flyweight,0.3257306522805899
1ac169b7d2f5b29552a8b0c2,2020-05-30,1,bantamweight,0.5422193747769823
13b094ecc0ecaf09072cf52a,2020-05-30,0,womens_strawweight,0.3123230644414575
c05df91759ec1c10158435b1,2020-05-30,1,lightweight,0.7520755144438647
50b9b416e5e3b3851dac3a6f,2020-05-30,0,flyweight,0.5360190244407619
2d149a8495bc57d125ce4598,2020-05-30,1,welterweight,0.621169943515236
820e89cff0edf608156421bc,2020-06-06,0,featherweight,0.7916035286301543
97226c5d11d686649ed3e022,2020-06-06,0,bantamweight,0.42466898065541997
24970a4f8d6d139317076c24,2020-06-06,1,light_heavyweight,0.4855612537708729
28044f1dbc515f3c272522a1,2020-06-06,1,womens_featherweight,0.8150670867052774
14525c663d20a7a85c31b0dd,2020-06-06,0,middleweight,0.4823723835191973
4858c091f6e5f1675c2a3e4e,2020-06-06,0,featherweight,0.2822277939606369
f5093e48c887c2911361c958,2020-06-06,1,bantamweight,0.776027030763635
478b9433c1b69ca56c69354f,2020-06-06,0,catch_weight,0.5505974227188101
34cf054f6fef1a96d7b033e6,2020-06-06,0,middleweight,0.4300493786652983
41234e8af82999c05cd8e76b,2020-06-06,0,flyweight,0.348153961328687
0af06c0ad5c72afe4111ca93,2020-06-06,1,welterweight,0.41937929862959733
e31c4c6b7eef770d9e0c6969,2020-06-06,0,bantamweight,0.22940248993323695
886bbd2f6a3553ba3983567a,2020-06-13,0,featherweight,0.42888489677848446
89e05740fd45ec7c49dee28a,2020-06-13,1,welterweight,0.5061073142438764
0307782c584315ff5b11eb53,2020-06-13,1,lightweight,0.3626130862768284
62e7a1dbde465ca7534617e6,2020-06-13,1,womens_flyweight,0.57004316789533
8a6e39649a3fec737d38320b,2020-06-13,1,bantamweight,0.48185066303079455
c630e7885cdd36b6b14cca59,2020-06-13,1,womens_bantamweight,0.6456955121572278
3e172364fc518e64ef6c7969,2020-06-13,0,middleweight,0.43337475308020434
2259ec8201adefc465ce8c23,2020-06-13,1,womens_flyweight,0.5750274366040924
923433619c20dd750c2205af,2020-06-13,1,catch_weight,0.7539142150259014
e8151d9214dc667480a5a0cd,2020-06-13,1,bantamweight,0.508437345411707
290d4ab10e5aa919a128037b,2020-06-20,1,lightweight,0.5769815987701957
cbdc4ad6d5473e19d6df57ba,2020-06-20,0,welterweight,0.4361639916957729
35dd379f6c827a39c9ea2a80,2020-06-20,1,lightweight,0.6938563823990179
0ca95193d549deae06a43dfb,2020-06-20,0,womens_flyweight,0.3669717939417554
42a699b0e1e0b47000777a51,2020-06-20,1,heavyweight,0.6515145363550997
11a2b83fafaadd00beca04d6,2020-06-20,1,lightweight,0.3947583127497257
dab5c40932dc5108516b8357,2020-06-20,1,catch_weight,0.15259126326874647
1702be42945c42f331abfb86,2020-06-20,0,featherweight,0.4697508110028942
059fc403c1199ed58dfefd1e,2020-06-20,0,womens_bantamweight,0.21955699030914602
cd96fe8c1990581afcbc65fa,2020-06-20,1,womens_flyweight,0.5144866215832193
af88d28bf7e8107238ee84eb,2020-06-20,1,womens_strawweight,0.4750940896167003
82c23a4256fc112839a21e37,2020-06-27,1,middleweight,0.7353243669716255
de98f026bdf72951202b6d58,2020-06-27,0,lightweight,0.5365753462253634
3f23da8e6c5be0676895513e,2020-06-27,1,heavyweight,0.5183920473667342
b66fca201dea49414ec29f35,2020-06-27,0,featherweight,0.34395853126489306
c4e0a136fe5ffd850886b385,2020-06-27,1,womens_strawweight,0.5916813274010192
2fdfc02f2b246b2cd90069a6,2020-06-27,1,lightweight,0.3386702281429196
c13e18c821c98fe6fce0b80e,2020-06-27,0,welterweight,0.39856882897843227
44b541d2c96511df188e7335,2020-06-27,0,heavyweight,0.4023678378740992
c19913fffb602e14f3e2082b,2020-06-27,0,catch_weight,0.8092543180273151
006f504a194d5223fe79b4df,2020-06-27,1,welterweight,0.6249480229997543
be848e2721065a0114893812,2020-07-11,0,featherweight,0.39669355429824266
1f3620c84ae614757d7bfa36,2020-07-11,0,womens_flyweight,0.25107069356483025
2aca388948ad79e83a84cf15,2020-07-11,0,welterweight,0.5670355164057285
574672682df84871761a5876,2020-07-11,1,womens_strawweight,0.6126565012302319
83c960d387ea71ac2b87a5ca,2020-07-11,0,welterweight,0.1910259796380492
51718fa99d2beeef65554230,2020-07-11,0,womens_bantamweight,0.41047613746688943
d15cc1d2230aa928274889e4,2020-07-11,0,lightweight,0.4188805620013628
203ac34442d30277d30b534a,2020-07-11,0,featherweight,0.22810896123514834
bbb50c2b6683640361da5f6b,2020-07-11,1,heavyweight,0.7145996342885145
c47da9117ef9cb0c55d90f33,2020-07-11,0,bantamweight,0.6988439332643408
0d11971457c4175b965c7f87,2020-07-11,1,bantamweight,0.673313283111482
511b42aba92448e1f30bcceb,2020-07-11,1,flyweight,0.7378344608364475
b8cb51bb58d9db4514c8a4cf,2020-07-11,0,light_heavyweight,0.7086076605427752
3cb54ea87dbfd559fefef2b7,2020-07-15,0,welterweight,0.5415014940877354
884115a97758c772c9a1aa6e,2020-07-15,0,featherweight,0.6941435134261074
e030c4b4274431ef2741e6c9,2020-07-15,0,womens_flyweight,0.551983744178775
a8f801019d4eef0e77d9ae1a,2020-07-15,0,bantamweight,0.10920858323031973
b3e069741adc630204893233,2020-07-15,1,featherweight,0.5101934825685153
e15671cec5d44e671c10a445,2020-07-15,1,featherweight,0.3945032524398149
8b32ecec48dbcd2195ac45bf,2020-07-15,0,middleweight,0.33552324527672
07704ef1301d2d6ce8009af5,2020-07-15,1,light_heavyweight,0.5563579738962244
b612d80bd5c03377090d4d3e,2020-07-15,1,womens_flyweight,0.5371580988237792
9f333d28d7717b8654dfa658,2020-07-15,1,featherweight,0.18186084007265105
456ab7958561d909b67e3864,2020-07-15,0,flyweight,0.5213263319733616
8f69fcae4224781b3c9cfa38,2020-07-18,1,flyweight,0.4093011329313943
fa1912c548967b80aa56bf11,2020-07-18,1,womens_flyweight,0.4420059404312108
6919180ec57b7b188061ac38,2020-07-18,0,bantamweight,0.6281458534841154
74993216732e68a332a88a7c,2020-07-18,1,heavyweight,0.5642944601196546
cd37985766a8aa01b735f39b,2020-07-18,0,lightweight,0.37271083103514785
1940aee687891ca4a94afbfd,2020-07-18,1,flyweight,0.6393746331242866
9fafa8c93b811a3746eb31e8,2020-07-18,0,catch_weight,0.22137481743937173
f86ab16d919a25d4da537f58,2020-07-18,0,middleweight,0.48679518612372913
66da3b6f9f4cf7e4157872a1,2020-07-18,0,lightweight,0.36413705775926514
4a09d8daff5488361ff890ac,2020-07-18,1,bantamweight,0.5667301585946752
e038f9564dda467e4997ce35,2020-07-18,0,lightweight,0.6265613489386959
8cd39f466756d30dadd88be2,2020-07-18,0,light_heavyweight,0.6995586700005713
aa414e556f0b92cf8400036c,2020-07-25,0,welterweight,0.300146574049676
9ecf8c24eea5a923e8f4b148,2020-07-25,1,womens_bantamweight,0.6180165498048393
b345fd117c26ce8ce1ef6e60,2020-07-25,0,womens_strawweight,0.40942243006979445
0c7ab3916d55a17df15a3a83,2020-07-25,1,heavyweight,0.12709209157883186
39cab37f486024ecb9db2635,2020-07-25,1,lightweight,0.519887360321606
defd84b0599cc0d92b68f3d9,2020-07-25,1,welterweight,0.6847536754566041
463933bcaf017d47e453066f,2020-07-25,1,light_heavyweight,0.6147498006014406
774acac56423a0c607d073ed,2020-07-25,1,featherweight,0.5854399976299808
f8145b4bb7b5e3cb97d4dc9c,2020-07-25,0,bantamweight,0.2108445904278815
6ce73abee15e58ac43b79445,2020-07-25,1,light_heavyweight,0.6103458672004671
85e0c0d613fc2cb13a184545,2020-07-25,1,welterweight,0.7076797401918954
d7af924b081837726a8d950e,2020-07-25,0,middleweight,0.47864713982971063
11685689bd05b8ae21ca67b2,2020-07-25,0,heavyweight,0.2776325131719728
376525f5ca63a4c27ff6decb,2020-07-25,1,heavyweight,0.459098113250967
8332a93dfb22029ffd97dce6,2020-08-01,0,middleweight,0.6302771269593339
accaf5efe3560f60755f9237,2020-08-01,0,bantamweight,0.17756786489465778
77f7f2dbc81095fc4709e0cc,2020-08-01,0,featherweight,0.26243347740561607
803e4699563eeaab313ee6f9,2020-08-01,0,womens_flyweight,0.5676816294391276
cf1b0a8a8ef42f5355c57ac5,2020-08-01,0,featherweight,0.5310402159017729
74ada4c73df8d55a25668c40,2020-08-01,1,lightweight,0.46960847171022235
11b2bdce33b4daa385378c1a,2020-08-01,0,welterweight,0.4313523739078458
210876a707716aedd484fb62,2020-08-08,0,middleweight,0.5809619087622745
55d2db7e55ff9ef810d8a2d6,2020-08-08,0,lightweight,0.4244116388518238
04fb7fae5eccd9bfad3b30f5,2020-08-08,1,heavyweight,0.6620440146622575
9c4d9994434bee6a49132946,2020-08-08,0,featherweight,0.758160214422953
868200fb7ccb6878e63a9732,2020-08-08,0,bantamweight,0.394220398896061
7ba96474f9f6f546663fb612,2020-08-08,0,middleweight,0.2659586479871193
2d9f61eb854f945a91ce4e6e,2020-08-08,1,middleweight,0.6168470037635647
da0dbbeaf56d1757faf50688,2020-08-08,0,lightweight,0.24200148848275105
7cf5bb7c97d458ef222e05c8,2020-08-08,1,middleweight,0.5725322128097448
298e37ec9666db9f53515a4c,2020-08-08,0,welterweight,0.5485500947635654
245a1aa1d70748ddb77fcd50,2020-08-08,0,womens_bantamweight,0.5231267706460295
060c3c0453e2685b88bfc7cd,2020-08-08,1,featherweight,0.8224265408095139
f62f628f4d455c496ac07489,2020-08-15,0,womens_strawweight,0.42615902106578124
a932c2ee19a974d44f417d4b,2020-08-15,1,heavyweight,0.558261671790402
7a1e753ee1cac071ed552cc0,2020-08-15,1,womens_strawweight,0.6307020631210094
c2a30adbd7330740e20862ad,2020-08-15,0,featherweight,0.7878779235485902
14528df9ace6c262ceefb3f7,2020-08-15,0,lightweight,0.4021944485384397
55a99ea2630f084f2ed4d912,2020-08-15,1,bantamweight,0.7500480732944464
5d24c91dd499dbf9f371c204,2020-08-15,1,heavyweight,0.584208070711323
1b00b8df5d93a51c490a2948,2020-08-15,0,featherweight,0.34878750624674415
ba981dcf4305f29bcaa7900b,2020-08-15,0,bantamweight,0.5523616848011679
27164f9bd07bca68817f3f4e,2020-08-15,0,heavyweight,0.48297265292301933
b5a777423264ab6348bb1c2e,2020-08-15,1,featherweight,0.2506365784836364
acf437c27bb894e5f10b2833,2020-08-22,1,womens_strawweight,0.4638501500375665
865bc5e17b412e9d8e74207b,2020-08-22,0,lightweight,0.36452160568371256
56c97a89da7aadd66d047b0a,2020-08-22,1,welterweight,0.5075040382782793
3d301ae7159660205e61e4dc,2020-08-22,0,welterweight,0.44630968081544764
34d337987a36d7908897d305,2020-08-22,0,light_heavyweight,0.1806465154127862
df37437bbab31d315b3583ce,2020-08-22,1,light_heavyweight,0.6106318656166989
35fc4617b59fef082956caf0,2020-08-22,1,womens_flyweight,0.14440836086625405
4c3bf69bcda575328e7dfa8a,2020-08-22,1,bantamweight,0.6442846020838489
9a0f019bcdd546effc2348ee,2020-08-29,1,middleweight,0.5691393588126237
445a76108cb8e63cbb18f23b,2020-08-29,1,featherweight,0.5530858798414805
783496ec89222db55e57a668,2020-08-29,1,light_heavyweight,0.4463309382523688
e386eba5a579cbc9c61d7ea2,2020-08-29,1,womens_flyweight,0.6235814539290351
7e8fcbb84541590cb5ced267,2020-08-29,0,middleweight,0.5478838672738235
4fba53fa922937da97b13a1a,2020-08-29,0,womens_strawweight,0.41562085380124736
9e3309a83263a3eb26e2536b,2020-08-29,1,womens_strawweight,0.615737438769992
cd63bf60ab82e106e2f0ee15,2020-08-29,1,featherweight,0.517242281514765
5b102515890b750f61b15ad8,2020-08-29,1,welterweight,0.810222735595547
df451b71add33401cfbbbdee,2020-08-29,0,welterweight,0.3539175816627559
a8f7e7ce78b35799585b7b3f,2020-09-05,1,heavyweight,0.2761122672857307
4566ad12d4871db68af538da,2020-09-05,0,middleweight,0.5933966466343144
79f56fc5b540a07b75fc2f98,2020-09-05,0,featherweight,0.33772907313602735
b37f7663c4100c0a3a3d864e,2020-09-05,1,bantamweight,0.6866379219956459
db45cb350600a6522a63019e,2020-09-05,0,welterweight,0.41912508215951005
3a47b616824dbc09d6b4f23f,2020-09-05,1,light_heavyweight,0.5712510322882903
cc3301848054cf1d86698beb,2020-09-05,1,womens_flyweight,0.4095794196408688
28d6bbf15b8b8f3eb7f23a3c,2020-09-12,0,heavyweight,0.4033220562698311
f323a1bcddd8b81465fd2d6a,2020-09-12,0,featherweight,0.23986123450136412
7ae74b7892d546b2c6cc4286,2020-09-12,1,catch_weight,0.5988950490334211
b58fb9829ccfd18659c6d7da,2020-09-12,0,welterweight,0.29527213708705913
082eb0ff7fe293a70ba23347,2020-09-12,1,light_heavyweight,0.3268869072085827
93cfcbcd4b75c2b5c8ee2e46,2020-09-12,1,womens_bantamweight,0.5692996785390667
04a643128e2a0077e897530a,2020-09-12,0,lightweight,0.23649505642707397
537ffd56845ed420190fbfdd,2020-09-12,1,womens_strawweight,0.5379216614862757
25de901f6dd7ecb9530b74b0,2020-09-12,0,lightweight,0.5780081356312057
28efb17bdca98d4378885a1c,2020-09-12,0,womens_flyweight,0.5843376249497738
9315dd27fd7b658d3ca50207,2020-09-12,1,womens_flyweight,0.6878688795500699
623b46230159a54815f5cb49,2020-09-19,1,bantamweight,0.5315807722557755
fb266d3d4965156fe0812808,2020-09-19,0,welterweight,0.33178621280931164
6c738a0d9b2c763e5023b8b1,2020-09-19,1,featherweight,0.45242534282760555
d817723ba47e641cb45f55df,2020-09-19,1,womens_bantamweight,0.46045328051081175
5b0b10e3a4c96b4a1aaacc21,2020-09-19,1,light_heavyweight,0.4963037685349236
4d15262f09d0438e42a1d716,2020-09-19,1,flyweight,0.2606056769253265
f23ca5817efea8ed67cc6d3e,2020-09-19,1,bantamweight,0.5253684852591912
fb788a19abdf58c4ce9dcfda,2020-09-19,0,middleweight,0.25134183200246657
5c95389aafbb0711c5963558,2020-09-19,0,middleweight,0.2537822398233452
7931d00816825b1bd9e0ecf7,2020-09-19,1,womens_strawweight,0.5734141791656866
126a5071914844441f76aed3,2020-09-19,1,womens_flyweight,0.49165659563997044
ef94f26d1600348c57fa67b0,2020-09-19,1,featherweight,0.3130477817544808
3e510c9608a6583021390665,2020-09-19,1,bantamweight,0.43762626018106415
23a662e45455f29a908aee5f,2020-09-26,1,lightweight,0.5342960617304756
ffe5c9a6e91e0d37d415fdb0,2020-09-26,1,welterweight,0.8459809313895428
9f519c98b04a3b46edae897c,2020-09-26,1,light_heavyweight,0.2953530217179359
80791d311e48d79967e48920,2020-09-26,0,featherweight,0.5254386656505511
4ba5210842a9fdedea37b2dc,2020-09-26,0,middleweight,0.17717711489702553
38d22d042e94d6259e70a045,2020-09-26,1,heavyweight,0.5399969096916702
48f7656e55b8b2313a2a7cd2,2020-09-26,1,flyweight,0.3526119230402054
f4bc73375a257ec73059a857,2020-09-26,1,womens_bantamweight,0.48476918194914675
be57e08456210445617a2cfe,2020-09-26,1,light_heavyweight,0.2935119954890549
39410ea34d5a7709c2e4070b,2020-09-26,0,featherweight,0.5899388871155598
f593b1fad2405f4eea183994,2020-09-26,0,light_heavyweight,0.6969347139993156
b04169fb651ff838bcc04a28,2020-10-03,0,welterweight,0.4665959543242731
0c6b8632abdb2d92929613c4,2020-10-03,0,bantamweight,0.446525300616269
d1559e32012f7277afb65dff,2020-10-03,0,middleweight,0.47091528019608087
f3ee0876b7b239e4c9c141a5,2020-10-03,1,womens_bantamweight,0.5736068251528738
1ed625d2bce4a080ff7aa7ec,2020-10-03,0,womens_bantamweight,0.548979288160697
c6a82c44dd90c79be12b6827,2020-10-03,0,middleweight,0.4757844077925433
e027916440b1d9b89633d333,2020-10-03,1,bantamweight,0.775325693154288
e78a454a7ba56158106a70bb,2020-10-03,1,womens_strawweight,0.550915681879152
9038dd92cf6a9dba569b6e41,2020-10-03,1,lightweight,0.676451258039329
5e403d21b6f537ca07e981a8,2020-10-03,1,heavyweight,0.5221828041656779
80048b12f4e27d448e681393,2020-10-10,0,bantamweight,0.5926974885393754
9fd3797dda6a9dc551642271,2020-10-10,0,heavyweight,0.3689914203731402
47d015c9da4f8e7c68642c9c,2020-10-10,1,flyweight,0.4394199580220429
f3c39178e030c72a92766f83,2020-10-10,1,heavyweight,0.5121014560252156
b33b7e15079e874207787397,2020-10-10,1,featherweight,0.41424170892638595
32b54d883d2d43b47a7329ef,2020-10-10,1,featherweight,0.45400498867859695
3933cacfa643f4332fb05e57,2020-10-10,0,middleweight,0.6286975816305415
6d2a9d7dc08ac386e90f4115,2020-10-10,0,middleweight,0.463451971525313
a9b7a476e336ba9d14cc3967,2020-10-10,0,bantamweight,0.5371704187187438
4bf87d901465ed4dc164d766,2020-10-10,0,heavyweight,0.2184438826322268
96f20b0be6ccb77bf9cdc8eb,2020-10-10,1,middleweight,0.4972178859197562
f37de3fb239061532292aa7a,2020-10-10,0,womens_bantamweight,0.39083252798431234
c1064b7eb590e152b8293553,2020-10-10,0,featherweight,0.7543807904621342
7436f2383310929d077726d8,2020-10-17,0,featherweight,0.7072205803836633
1ccd594341a2b6cea5016be1,2020-10-17,0,welterweight,0.4176747428709879
5c7f86843455a239817ae12d,2020-10-17,0,light_heavyweight,0.3321957022544221
2da28f1443f58bbdd2cb3db7,2020-10-17,1,womens_flyweight,0.5410163759318242
9dc9bdd024b0eccd64b939ac,2020-10-17,1,lightweight,0.6690187122001311
5b47f9b0810708e40df64e9e,2020-10-17,0,light_heavyweight,0.26616508035200276
2975781dbd33227ef8a61f79,2020-10-17,1,middleweight,0.7045320627407836
2a9bbefd70d44c964d657e9b,2020-10-17,0,womens_flyweight,0.32482644287401924
591940879703188b315267f6,2020-10-17,1,lightweight,0.5180872730677265
385fd3eb8f3778369168b7dd,2020-10-17,1,bantamweight,0.7866471582033578
5d4dafd8adc6f8fdd0422db8,2020-10-17,1,featherweight,0.5353969701859697
9e5f20555d811d9565cd562c,2020-10-24,1,welterweight,0.36206345446603605
c390228f133682c232f89d7a,2020-10-24,0,heavyweight,0.09374535833717633
ddd3bcee83bd285bc2d66fda,2020-10-24,1,middleweight,0.4971364647276064
accd1dcd8cd278a67c7cd20f,2020-10-24,1,lightweight,0.6531154865999761
5e1047bc4fb321e2c668e871,2020-10-24,1,lightweight,0.6827343465099419
01e8de6e71b38fdbb4ca295b,2020-10-24,1,womens_flyweight,0.5615091915607479
dccd287fe543912a3d4262ce,2020-10-24,1,womens_flyweight,0.6134905103455134
27330ec2f027b06bb6e1d506,2020-10-24,0,light_heavyweight,0.4704671097960496
95bf3e74a6af57559a469137,2020-10-24,0,catch_weight,0.49775968091438005
df5cb9edb98d3b8e5b0d1dcc,2020-10-24,0,middleweight,0.2648431430103531
f579d8fdebc5facfe7a54631,2020-10-24,0,heavyweight,0.37309855503203454
89530c10412fef4e37adacc3,2020-10-31,1,bantamweight,0.5196235538350173
139113bda6e2c08bcdb0de64,2020-10-31,0,featherweight,0.3985740456415325
64f6e5042b239942a0940584,2020-10-31,1,lightweight,0.6179443390744004
cefd7c12fbddc1ae93b66ff3,2020-10-31,0,welterweight,0.7809108906936623
7b0cfccdff37cdd83d0058fe,2020-10-31,0,light_heavyweight,0.4226406634348172
26fbfce30596a1dab7bd4db1,2020-10-31,1,middleweight,0.8026974816058785
578662bba25d0cd530c617d8,2020-10-31,1,lightweight,0.4982277864471957
ee10cdc650c5fb71fced52b6,2020-10-31,1,heavyweight,0.5909925612700468
558610849677ae0c138c4f45,2020-10-31,1,bantamweight,0.6694209855405204
5fd8a5e104ff4c3e1adbc165,2020-10-31,1,middleweight,0.7838875119086365
b5338c339e99f772edcafd4b,2020-10-31,1,middleweight,0.6261188148743698
c01ae7afb0d017349ea11354,2020-11-07,0,heavyweight,0.3219949182615688
a75ae44aa15099924d9905d7,2020-11-07,1,heavyweight,0.11286039643643607
3eef4800a98bf0e45d406700,2020-11-07,1,womens_strawweight,0.5368495145466161
dcbfa685c07ca7e10a21cc93,2020-11-07,1,featherweight,0.40845934956941904
7e96ea3f88bc1cd633bfbcff,2020-11-07,1,featherweight,0.7273605345996423
cf941249e8853878c39beb3b,2020-11-07,1,bantamweight,0.5327562764113489
627ff29937df0f3e4b02b96e,2020-11-07,0,welterweight,0.42141431981727734
35cd9e0ed2ba0bbc0352b4d5,2020-11-07,1,bantamweight,0.604726113607504
f56a2da3439d7312f3ed5053,2020-11-07,0,light_heavyweight,0.6391843392078485
22d95249dfaff73c149f7787,2020-11-07,1,middleweight,0.6317774016272649
4f984c114f952c5e85b05305,2020-11-14,0,welterweight,0.20014685285265035
0bf1cad5fff73833720546bb,2020-11-14,1,welterweight,0.7292168022331634
4d8c8fdb741a66e9ec213215,2020-11-14,1,womens_strawweight,0.3842952670376763
7472bbec30036b91f8b3f55a,2020-11-14,1,catch_weight,0.4456178343803476
9d1bf278adaf06c59aafbe8a,2020-11-14,0,heavyweight,0.31394014274248394
bdf3b0384bfd20ab4f874937,2020-11-14,0,bantamweight,0.44860188553726404
256ba9eadd0025f9b1b46491,2020-11-14,0,womens_strawweight,0.6382768933761014
212de9a7a449ce2e3483fe61,2020-11-14,0,lightweight,0.41077052387625346
71953b09146d733984c4873f,2020-11-14,0,womens_strawweight,0.47838382832687787
daa107f8ce19d97b1024e608,2020-11-21,0,welterweight,0.5687905723233513
990f47449008c2507dce5538,2020-11-21,0,womens_flyweight,0.40466259677539357
855198b297a6d4d634748fc0,2020-11-21,0,flyweight,0.3189572557287861
ab363e2b0f18214055df486e,2020-11-21,1,welterweight,0.338848504603254
35a304f5212463a5b62f0016,2020-11-21,0,flyweight,0.5518988362793092
e10c4a1985fd12ac4132b445,2020-11-21,1,middleweight,0.5103985236324665
75e45e9d89ad79cff7c42ac6,2020-11-21,0,womens_flyweight,0.5105410843786621
5ec0091b78dc3de20dd3ac14,2020-11-21,0,middleweight,0.30856520176067337
71a0386425bf0de6d824fb82,2020-11-21,1,welterweight,0.46814315253372424
1d045510888fda8b989e961d,2020-11-21,0,light_heavyweight,0.48375523562643186
eaf2ba2fb033cd4f682f8d99,2020-11-21,0,welterweight,0.6138930244314225
2cbdb6487a02560caa061947,2020-11-21,1,womens_flyweight,0.8109545813562672
f1ef0a42087a271126512de6,2020-11-28,0,light_heavyweight,0.387801440232879
54556752d4e905ae3733dad8,2020-11-28,1,womens_bantamweight,0.5043074414098553
ee744e008569f783f1c7ae2f,2020-11-28,1,womens_flyweight,0.35398736410274595
1da86dd1a82396c3d44770b5,2020-11-28,1,featherweight,0.14358522658843076
f7f1ed2648969e54b0e3c382,2020-11-28,1,heavyweight,0.3033419794821497
15dd8c606462176c34ed098b,2020-11-28,0,catch_weight,0.511738258407965
be0781425d6678d096405d23,2020-11-28,0,bantamweight,0.576745573631598
1cc13b483b64475640fb3718,2020-11-28,0,welterweight,0.4276536903059916
1162fe15cac2da103dfe148c,2020-11-28,1,featherweight,0.41154650909413243
0c3a9c25327fe52dfdc851ce,2020-11-28,0,flyweight,0.21796205159419357
3fb0d126ec0ec9c850e7c51f,2020-12-05,1,lightweight,0.5345427869018675
38c73190ff54c90011fd11da,2020-12-05,1,heavyweight,0.4458840734382824
2faee2f4000145f6ef0e7d15,2020-12-05,1,featherweight,0.8336334846977363
c7ea0e981df13024b9a31ab0,2020-12-05,1,middleweight,0.4719200173678464
b7f4b02b143222c336934e1f,2020-12-05,1,bantamweight,0.37827543597081015
96327f3512f595cecb211d04,2020-12-05,1,lightweight,0.7698216067314185
5626b216eee3a29a06e2e953,2020-12-05,0,light_heavyweight,0.38656552101945546
cdbde8c8fb7b8ab6ece9ca3f,2020-12-05,1,light_heavyweight,0.5871734891547392
e56a0eee2d1ec9ecb44e9c6c,2020-12-12,0,featherweight,0.3189337618210915
0212910162e54fa9cd5b7cd0,2020-12-12,0,featherweight,0.4548952593817934
d5af84d65e5ec7c832fd231d,2020-12-12,1,featherweight,0.3796095764851041
f33feba4243e510ba6affdca,2020-12-12,1,heavyweight,0.600099857955757
dd922295fee469e083fac69f,2020-12-12,1,middleweight,0.7437090292957899
b259ff80d212bf23d79b1dc4,2020-12-12,0,womens_strawweight,0.5434082064060016
4bdb0495d3dcf5d7e7dd27a3,2020-12-12,0,lightweight,0.5753419296656381
80103ed2aae686dd59e7503e,2020-12-12,0,womens_strawweight,0.3020130879319131
c07bd95dd550983c678bb413,2020-12-12,0,lightweight,0.3414105093451383
956d4c038b9d798a03f2f217,2020-12-19,1,welterweight,0.6509860382762743
06b8415093de68eee890672b,2020-12-19,1,catch_weight,0.540429352247209
9cfc7008d97b25e3eee03dba,2020-12-19,0,catch_weight,0.5037620521877287
7c14b9cca72df7ce3e48797f,2020-12-19,0,womens_flyweight,0.5654138318272468
09bb551777feafe78278b168,2020-12-19,0,flyweight,0.5106928726005804
ce69be9a42b5dce320787439,2020-12-19,1,bantamweight,0.4325068605880379
d4607f21674e1b635ed2c4b1,2020-12-19,1,heavyweight,0.4021253545240595
2751edcfff14d6f87019df2c,2020-12-19,1,bantamweight,0.3401326654600313
47e7219958c4619887b0ea40,2020-12-19,0,welterweight,0.41625530480183526
8da008a32caddde479cc3af6,2020-12-19,1,womens_bantamweight,0.5004210236882283
6cccf3ffb09a129e7b0bb096,2020-12-19,0,welterweight,0.46149686705499865
73c4fd702dce585354b6c53b,2020-12-19,1,middleweight,0.5319157636546552
ae621dcbc9586b8e5527d2fc,2021-01-16,0,welterweight,0.45261539136917006
63d6662513715319fbb37f5b,2021-01-16,1,heavyweight,0.5739470152474093
299cafa827deafab86edfca9,2021-01-16,0,welterweight,0.35441266703938
5a322970c6fa2b7ccdbf1a91,2021-01-16,0,featherweight,0.21170663064570677
0b3e78533c34539224338ddd,2021-01-16,0,middleweight,0.5279002194822638
e3788f7673c040a7e7162eaf,2021-01-16,1,featherweight,0.5890694023560864
94167c05ac13c3152031bd8a,2021-01-16,0,middleweight,0.621983972183997
e1e59ca7e3b0bad7652227e2,2021-01-16,1,welterweight,0.3626531514012482
0314d7c96dc6c9029d7f9a5f,2021-01-16,0,womens_bantamweight,0.5534182553148534
733a1c63f7740f95a9317482,2021-01-16,1,womens_bantamweight,0.42128680785944594
6be48a3315d78994e2f6bbaf,2021-01-20,1,middleweight,0.6418491728077796
9fa1bae0311b4aa3ccba91f1,2021-01-20,1,flyweight,0.30639236133061865
0510c32efd9efab7964555f7,2021-01-20,1,light_heavyweight,0.340472066904529
8dd911979c1d546b9c995936,2021-01-20,0,featherweight,0.15128468143914187
88d9b570e90c027e750424b7,2021-01-20,1,flyweight,0.43832611256083465
500b756ea736234a67f865c7,2021-01-20,1,welterweight,0.4218244596106233
e8a21c49a3957ae2db4f9304,2021-01-20,0,lightweight,0.39606228307129215
bd1a13b91967e59c2d2ca195,2021-01-20,1,middleweight,0.49243724437097647
871ec9ac30c6dde7f53b3da8,2021-01-20,0,bantamweight,0.2599758013295616
5e589ab68c009c7418795d5d,2021-01-20,0,womens_flyweight,0.36351717908775355
f586b613c26248f8a71102eb,2021-01-20,1,flyweight,0.6381802979348111
c5b665d2739cea495eec4f33,2021-01-20,1,bantamweight,0.6311739344452411
e5728f57a9db1a6d419df71d,2021-01-20,0,womens_flyweight,0.5117072925231727
acb69131c93694b07300faa1,2021-01-20,1,welterweight,0.4952249629508378
cc8a36141f665f8a21e43c79,2021-01-23,1,flyweight,0.7209502570088933
ba4700ec8890cb3212bac423,2021-01-23,0,middleweight,0.37314042988892027
35396c0c45d4c8527b82d6ab,2021-01-23,1,lightweight,0.8593877450940007
e81b6098e57e8133b071edb8,2021-01-23,0,middleweight,0.6433882669065595
749823f187d45e71e91ff721,2021-01-23,0,lightweight,0.8689286767596662
41d00a19b95b8c4e1011e422,2021-01-23,0,lightweight,0.5907179972954438
069bf8b9c6ade82cb549680a,2021-01-23,1,womens_flyweight,0.40800947841609475
946129bbdfaa781a21608a9e,2021-01-23,0,womens_bantamweight,0.2549853569283887
f7128ea236725875bb42fb2a,2021-01-23,1,light_heavyweight,0.23095735767202377
4d892766af178faa517a3b55,2021-01-23,1,womens_strawweight,0.2259930091066841
9eddebe538dcd4b2e8bce30f,2021-01-23,0,catch_weight,0.25571418125205825
398469f8b03c9109e14c3efb,2021-02-06,1,flyweight,0.67810440722107
c52172bfe2d5dadbc2baa574,2021-02-06,1,heavyweight,0.6479702388256101
dd2ee13375dd8c96df6d0a62,2021-02-06,0,bantamweight,0.33830502060150613
c2749aa0039c9dbb15dc18cb,2021-02-06,1,catch_weight,0.635557366204107
006fbd1ad4d3164705b758d8,2021-02-06,1,lightweight,0.6182091714307911
f95fccaf728f92e2468278a7,2021-02-06,1,womens_bantamweight,0.5371373772866905
5b925fbe88e3649da9183c2e,2021-02-06,1,lightweight,0.3142014635641278
5617b1854fbb99723ea7f386,2021-02-06,1,light_heavyweight,0.38827263342225
187bee69eb0bfc1344de75ea,2021-02-06,1,womens_flyweight,0.5995521820229552
116aee82de340b5b69294296,2021-02-06,0,featherweight,0.5099615018782547
990348198032e07f47fe05b5,2021-02-06,1,featherweight,0.20301142252446158
7f425d4ea75cb89d2a23d068,2021-02-06,0,featherweight,0.6063178945852935
0ad9e306fa9bafaa5d9d1705,2021-02-13,0,catch_weight,0.46124354186199545
f034ef7d780fb11cd9df91fa,2021-02-13,0,welterweight,0.34237075810530454
e415a937b387a95ec19c51ec,2021-02-13,0,welterweight,0.5469809288076144
f97a2702edccb7dad093612d,2021-02-13,1,welterweight,0.6680300950304999
a4e473c3f2b704804d3aa60e,2021-02-13,0,middleweight,0.4591432619549018
84467793f69d35eb41eb8877,2021-02-13,0,middleweight,0.5786876638326951
089e43bbc47943ab21cfcc52,2021-02-13,1,womens_flyweight,0.4555336992960425
eb1492878c3ea0174e4e3b62,2021-02-13,0,womens_strawweight,0.36839471353163966
12f182cc4484512866f9fb1e,2021-02-13,0,featherweight,0.24275321770590624
3dba4569718934d994975320,2021-02-13,1,middleweight,0.3223741496051082
ea60b29d1cc1c5cbf1e166c1,2021-02-20,1,bantamweight,0.2840670965913083
74bfe372b0e5a30d25bf5041,2021-02-20,0,heavyweight,0.2636132200315755
54831bad652cdc3a8ada5fdc,2021-02-20,1,heavyweight,0.8661811189869428
5f3fc1a3e546d6b566ba1392,2021-02-20,1,featherweight,0.6180223137553171
1a4d68fedca9efa585791fa8,2021-02-20,1,heavyweight,0.21199528543755558
4dfd2b1535c10a0b46f38234,2021-02-20,1,bantamweight,0.5981261411292651
35b9ba0462608f9b6e41c742,2021-02-20,0,featherweight,0.5245959713326763
b57470dcb8fd957a6caf4d98,2021-02-20,1,womens_bantamweight,0.3732402501671934
92b3031f9c8a237ab1c68ea2,2021-02-20,1,featherweight,0.4316109620301501
624a4740ac849b0f19e7a355,2021-02-20,1,middleweight,0.6074954620174423
bb5477c8597bf06ae476381f,2021-02-20,1,heavyweight,0.6056380577549819
08bc513ce88af8ec37ef2a3e,2021-02-20,1,womens_flyweight,0.7004333980473773
a8ff0354149b1a73242c7b41,2021-02-27,1,featherweight,0.6132516133600563
fa031ca2b598c1790a770dac,2021-02-27,1,lightweight,0.5901468068918516
79d0da63044a2d7848dc3eb4,2021-02-27,0,womens_bantamweight,0.7894708695564793
a7edd53221755c84fb85b338,2021-02-27,0,light_heavyweight,0.5856079321877208
4dae04976391e2c304856f18,2021-02-27,1,heavyweight,0.6161349346459324
8977265e2ec0ac4a8d0eb88d,2021-02-27,0,light_heavyweight,0.4202106158199239
03937bc015b49d21691cbfb9,2021-02-27,1,bantamweight,0.3784783879552352
3eed3433c57ea8ceb8e6c485,2021-02-27,0,bantamweight,0.5113811222023436
2c55dd48924effa480f5ca18,2021-03-06,0,womens_featherweight,0.16840350371675075
172ba1c4ac7e58c4dbd7b4dc,2021-03-06,0,bantamweight,0.5481557272628015
84173c3cabc82b82021ee1bb,2021-03-06,1,lightweight,0.7258064606970299
2f2a2e5d3ef44f24b2553a05,2021-03-06,1,light_heavyweight,0.16576152557770998
774fbbcd4bc58c07113c5842,2021-03-06,1,flyweight,0.6284012518084415
bec1db2b5e3183035ce016c7,2021-03-06,1,light_heavyweight,0.5967086323477601
7406877c1618cdf902112bd6,2021-03-06,1,womens_strawweight,0.4867482051400002
436382c7157f32d457cf439c,2021-03-06,1,bantamweight,0.2709450097579506
e40ebd32f54ba3551bc187f9,2021-03-06,0,bantamweight,0.5978894900990499
4c948af46307bedde78b9778,2021-03-06,1,flyweight,0.6179522293560805
39d510d179fdc5c9bc82b8d7,2021-03-06,1,welterweight,0.5435469921187288
a8dd1d9e9aeb7fd344b2f88f,2021-03-06,0,bantamweight,0.6860714426835186
1665c4098d198e470e99997e,2021-03-06,1,light_heavyweight,0.5826330463676356
83c08ce6fca53bee662ac967,2021-03-06,1,flyweight,0.418084485900092
2a0f151b77d398964b58f1f6,2021-03-06,0,lightweight,0.1799318423335275
e048cc318dcc24e55e146279,2021-03-13,1,womens_strawweight,0.5395258233777873
75ff868f7c9201dc424bcc14,2021-03-13,0,featherweight,0.2409838306679961
45284428ec473bdf65215b5e,2021-03-13,1,womens_flyweight,0.5004728378134883
9681fb4a0e8ec440e305912e,2021-03-13,0,featherweight,0.3028473918795841
d8ea1aa19a7a70e000c057f8,2021-03-13,1,womens_strawweight,0.40024813105589074
08147aa1d935de56a0a7c9fb,2021-03-13,0,bantamweight,0.7947083635945689
1220f1ae4d30086f6c114d44,2021-03-13,1,flyweight,0.45616925127271135
3d9e74cecbd64b77643aa7d2,2021-03-13,0,welterweight,0.2267328099687174
c3cb9104e11fce38ca8aaeaa,2021-03-13,1,light_heavyweight,0.5114266285323283
a651712b4735435b6dff0a60,2021-03-13,0,lightweight,0.2480314631509416
155fb3d1aba34cc5371c180a,2021-03-13,0,bantamweight,0.8758461364897696
09cb12976b9d557d330fede7,2021-03-20,1,bantamweight,0.6342668345136744
0e924a271d155d25cb96a9df,2021-03-20,1,flyweight,0.46459530532809995
bf9c66e4d2ea103435a96f54,2021-03-20,1,womens_strawweight,0.4854035481397818
a7bfb80dde30557923deb967,2021-03-20,1,middleweight,0.2575736193368546
fccce461000f977a1f29de71,2021-03-20,0,lightweight,0.21841394679896872
3046efa844e5b8c612a39088,2021-03-20,1,womens_bantamweight,0.7564650799536621
0e1232159bb09cf0a8157294,2021-03-20,0,bantamweight,0.2843054459266921
87a052aae5db7282aedf3af1,2021-03-20,0,welterweight,0.4242728032291715
5ac9f53f3b903f5f50c7ae07,2021-03-20,1,heavyweight,0.6962466688318536
24832c40dfffd88b28acd6a1,2021-03-20,1,middleweight,0.5303803982267546
655ce511031179b0d7528580,2021-03-27,0,light_heavyweight,0.4537811129968608
1523d28d8f3dbd0ee0deefc5,2021-03-27,0,womens_flyweight,0.5568936115570252
9fa712833bf4b6daceb5243c,2021-03-27,0,lightweight,0.47316751640670546
06d257fb5a3c5fda36c86d32,2021-03-27,1,welterweight,0.4769969891641448
f821eef7b840304b0c4c2566,2021-03-27,0,middleweight,0.5271703455871499
10d5d1953f1e4db582bc4232,2021-03-27,1,light_heavyweight,0.5707090607401195
437c18cdfaded48de4fb9c8b,2021-03-27,1,bantamweight,0.5998913669178843
bb5d26adfb4244e5cb7c71ca,2021-03-27,1,featherweight,0.4440422292270738
f9ad023e5912b9e8e23296c4,2021-03-27,1,heavyweight,0.3857089960986401
71146ba7e43a180d3a76ed5f,2021-03-27,0,welterweight,0.445448928319249
a5b7f687614fa2c274c262fc,2021-04-10,0,featherweight,0.39960217763761624
6a77043e2a2c7fbcf5d1422e,2021-04-10,0,light_heavyweight,0.6831914722695486
f7aba315e5e7f95e583bb5f6,2021-04-10,1,bantamweight,0.6203657324214449
eb0d9121307638176a27c78f,2021-04-10,1,welterweight,0.6013694102601166
ec6aff0a24442abf1efa5bb7,2021-04-10,0,lightweight,0.1256772201530913
be94f7ea41163e46b8032440,2021-04-10,0,lightweight,0.5772937499584465
75e3c66fe5bdb1e2907f61ff,2021-04-10,1,featherweight,0.4733224844611708
c2987bdf66ace8687c8129a8,2021-04-10,0,middleweight,0.6294240361947661
bb4b636ab4f2733d20549b1d,2021-04-10,0,welterweight,0.44512407578062213
2324fee04a36218838c2f885,2021-04-10,0,womens_strawweight,0.3974835424562507
04cea879fa6be6d87fdd22c0,2021-04-10,1,middleweight,0.3288519092610604
a145a890ebf3141cbf139a78,2021-04-10,1,lightweight,0.5911727609850764
a26ae051b20aa9c96dc7945e,2021-04-10,1,heavyweight,0.36082179414342935
3974a50adcd6fd1bcc060147,2021-04-17,0,middleweight,0.9173296744870947
c3a29929b0c55a012ba64d3c,2021-04-17,0,heavyweight,0.5551561480095675
85eb8bca2d84e2de29d25928,2021-04-17,0,heavyweight,0.6748719391896293
2dfce60518599adbf4e3bbc9,2021-04-17,1,lightweight,0.6610312794558221
3249899f8623af67ee4875c4,2021-04-17,1,middleweight,0.5847367796028148
b6a515792134d4e7ebc8590e,2021-04-17,0,womens_strawweight,0.6178884345385857
c36e6871481b761b6bc086f8,2021-04-17,0,lightweight,0.35312941100331613
d500803cf03a6c79704f1f11,2021-04-17,1,middleweight,0.6021947944956517
a7e37dc0ef58d7d8986f6a75,2021-04-17,1,bantamweight,0.8056899651882187
5540eafcd8dfd2f733cfcec1,2021-04-17,1,womens_flyweight,0.7219166034363254
44edb5e52a71d5b17b379406,2021-04-24,1,welterweight,0.5690080256513188
b29904ef22772d43b1dce8a8,2021-04-24,0,light_heavyweight,0.45437401509072944
961b987dd8cca4efe946c0ac,2021-04-24,1,flyweight,0.5862170043569074
07cb74a61d28c7395ccc3e46,2021-04-24,0,bantamweight,0.5904315439508955
c15e97d5709dfd66cf01357a,2021-04-24,0,welterweight,0.6937720405812916
0e596947e3da41e12e863200,2021-04-24,0,welterweight,0.15283317311430436
2c3c5213ab9496c702780d50,2021-04-24,1,middleweight,0.5632394901095956
023d0a839d940fdea400233f,2021-04-24,1,lightweight,0.4937876431105209
c379cb07b140cc25e888391e,2021-04-24,1,womens_strawweight,0.34999190141709957
fee11078cee1e6996b863aed,2021-04-24,1,featherweight,0.3824379944719406
5e472b8e52eff152fbfe7d30,2021-04-24,0,middleweight,0.597986631257829
b53f0ffc153410c8a768bc13,2021-04-24,1,womens_flyweight,0.6442258559568758
440ba029911f1e78c5f3138a,2021-04-24,1,womens_strawweight,0.579901851004978
1f45fe6f50add14fab876381,2021-05-01,1,middleweight,0.6917230042235781
d7b12003299832c257b05e66,2021-05-01,1,light_heavyweight,0.2849226018957715
0675530f5deaaa1160f7c718,2021-05-01,0,featherweight,0.1973953375528967
79247937a956625d6f3ce9c8,2021-05-01,1,featherweight,0.47961083110888464
f1f15579cd1db6d027621436,2021-05-01,0,womens_strawweight,0.3286850863443527
2e215036f623af43977bfb1e,2021-05-01,1,featherweight,0.5021445609072446
1a543291bbbbd63ae5f6db49,2021-05-01,1,bantamweight,0.5816084215588234
d6a46acfc572e3ae94089003,2021-05-01,0,womens_flyweight,0.5493785832801716
01327dc0bf03e55429a6b30f,2021-05-01,0,womens_strawweight,0.5209483407704132
b3569c5019bea0ff890b4ec6,2021-05-01,0,middleweight,0.3680236089614438
fbe844693986698837d7441a,2021-05-08,1,welterweight,0.40255712660482407
b22da21be05c590f9103ab3e,2021-05-08,1,lightweight,0.5830349538639931
96f3e20245151d21bcdb8f40,2021-05-08,1,welterweight,0.4765159490703646
4b2e71789ce3c1603f44c672,2021-05-08,0,middleweight,0.6441036554358113
0f50cecf3fb203a79fbe59a2,2021-05-08,1,featherweight,0.43909773678944025
bf70c712fd72cbc1402be6de,2021-05-08,0,womens_flyweight,0.49757834013480806
66a055a3bdb65ec398c18942,2021-05-08,1,heavyweight,0.45221830702445137
da6b936ea8667cee5f337a67,2021-05-08,1,welterweight,0.5750893225823682
1d555c9651e1649b67c873d2,2021-05-08,0,middleweight,0.5154177785433155
4eddd98f6b71d1b40ce9de04,2021-05-15,0,womens_flyweight,0.4248792183132297
b161c29e825cc8f33321c23d,2021-05-15,1,lightweight,0.7161591881634018
73ed9835db433e1c3179e031,2021-05-15,1,lightweight,0.4245869432878027
2c723e3bfbd7746b1a49bc19,2021-05-15,0,womens_flyweight,0.6433588237929643
4a515c7e15f58e278e85b0c2,2021-05-15,1,middleweight,0.5884252942196682
2d88a7f118a9b133a9aa150c,2021-05-15,0,middleweight,0.5175400789867273
7b40bb27aad143bbe4bf6123,2021-05-15,1,womens_flyweight,0.47946325692016284
9236d5c10fd5259af71d1f7a,2021-05-15,1,featherweight,0.47641440506150184
8552cf2fa15f36c962dd47da,2021-05-15,0,featherweight,0.4593911918949767
ac01654bb88f24cde0453ff9,2021-05-15,0,featherweight,0.5335642427445909
30b02d38c456914546eaa1f9,2021-05-15,0,lightweight,0.2664086225415136
d30d3aec127463726bcfe02e,2021-05-22,0,heavyweight,0.34164227596520863
071a45a6dbfc547ac87fd8f2,2021-05-22,0,flyweight,0.43454996599162327
10b25f19a0fff04f7455e7f0,2021-05-22,0,welterweight,0.5853736221945602
c218d031e77e1e9e8ceea0f8,2021-05-22,0,flyweight,0.29020973667760724
fda50c856c3cc806fad2cd0f,2021-05-22,0,womens_featherweight,0.5163995269993973
e9beb6a44ab27a583e24a07e,2021-05-22,0,middleweight,0.41495007051613875
296bd6be85fe799b7ab7c1a3,2021-05-22,1,featherweight,0.326719080416598
cc74e32603a6a23148741929,2021-05-22,0,heavyweight,0.5418201659472984
b5709b61e25ad5e6e50d3e45,2021-05-22,0,lightweight,0.3384803922976757
3b7b804068b8e00672a5f39a,2021-05-22,0,featherweight,0.37203615881773483
021c23a2eb7dd424b3760858,2021-05-22,0,bantamweight,0.6986333476110937
0a8907e7c9ccc7e92c10fa53,2021-05-22,0,womens_strawweight,0.5433736520197415
a71663808cab96a533f7f3a0,2021-06-05,0,lightweight,0.9516952540842243
b849723a163cb1a94edec03d,2021-06-05,0,middleweight,0.6609122297452868
c30c5ed0c6f68ddbdc6e0034,2021-06-05,1,welterweight,0.6763547109655189
005237f1190a5a2d4091414f,2021-06-05,1,heavyweight,0.5730120958077799
dae4bb27f2bbb3c7006d1dc5,2021-06-05,0,featherweight,0.6672665545083069
05ccaa473e2b94dfabf7d1fd,2021-06-05,1,womens_flyweight,0.6413132998109536
302fd43d83034a2a1167cb24,2021-06-05,0,womens_flyweight,0.30235659037207596
d603dc6aff17ddbb1d25c05e,2021-06-05,0,middleweight,0.4535984736050657
124977ad8833f804ed6cb04e,2021-06-05,0,welterweight,0.6186770490561484
a6488972b4e28f5bb943b98f,2021-06-05,1,featherweight,0.24144731508959552
cca2249636b0929cdddf4681,2021-06-05,0,heavyweight,0.6999604137431089
4dbb2484e6d1bdd5206a8e75,2021-06-05,0,heavyweight,0.16676861681872493
7b68645c6155f616e8698da6,2021-06-12,0,heavyweight,0.3899780117777527
a472857449a92cc1580c34ce,2021-06-12,1,featherweight,0.271262204667023
a00ccc9c46ab59aeed12bc52,2021-06-12,1,flyweight,0.480132013291201
6416d8a78b4aeee3a078ff10,2021-06-12,1,welterweight,0.7739406348619066
d4659a1d3ed047b9c9526f60,2021-06-12,1,lightweight,0.5818682135441937
d7e483bb04fd67f9c284ae8b,2021-06-12,1,light_heavyweight,0.42397849963448153
a067ee4df1e643240630223a,2021-06-12,0,lightweight,0.5297854488236996
06b2c67c96de677f095d63a4,2021-06-12,0,middleweight,0.37675576742290545
bdcced7630b8f9fc20b8e65d,2021-06-12,1,womens_flyweight,0.4965563034587531
27e411a536e1c7deb45d1ac6,2021-06-12,0,welterweight,0.276385716040363
f2b6f09261ceb5b126445765,2021-06-12,0,lightweight,0.40230125473382905
7d225bf082e7c74caa37c3ce,2021-06-12,0,featherweight,0.3344420713482011
cba88fa3d2445ac8ac4d89a0,2021-06-12,0,womens_bantamweight,0.28108733817181913
30e778d3989da80d54ba9e9b,2021-06-12,1,light_heavyweight,0.3544887829486467
9328b8ac23e7685857194ee4,2021-06-19,1,light_heavyweight,0.3039425768067036
ebf39919541e28347dea97af,2021-06-19,0,heavyweight,0.2417655125274792
cd61e6ca2674830655d58d10,2021-06-19,0,womens_flyweight,0.3156042234519681
8aa7756723ebd18d2ab40f8e,2021-06-19,0,featherweight,0.5844120042392252
78cbe025f9059d02470e6e87,2021-06-19,0,lightweight,0.30389783011949517
61610b155882ac3e3eed4f71,2021-06-19,1,heavyweight,0.5518045734786369
836588eb01321066a95e6f60,2021-06-19,1,featherweight,0.615095623847773
9987f669b7493fba2fe3d118,2021-06-19,1,womens_strawweight,0.502008269463625
9f27d61139a529c02d842433,2021-06-19,1,welterweight,0.6371492522157073
e74b6bf080b0e710ce9747bd,2021-06-19,1,bantamweight,0.7542689688480594
b95e558564dc9e0f3f3f5cfd,2021-06-19,1,welterweight,0.33455846347688034
9a82adcac5a1d990fb6cd5a0,2021-06-19,1,middleweight,0.5846766618625686
a3c60ed394aa5d105da7ad3f,2021-06-26,1,featherweight,0.33289417116389725
b3a720a454739d051995c2c1,2021-06-26,1,heavyweight,0.6113674828739558
fc8f71a97583223c7eba5642,2021-06-26,0,womens_bantamweight,0.44429337303241595
7bab93177c4542550318ca39,2021-06-26,1,light_heavyweight,0.4511655584660696
734b592944e62af1b555c366,2021-06-26,0,light_heavyweight,0.24777597719581357
f161c4d3b027f2f49eaa2f45,2021-06-26,0,bantamweight,0.5242091460634571
89d9e6cd12cbc984c5ad5db8,2021-06-26,0,lightweight,0.42542929007099844
ce42994760729649b78812f5,2021-06-26,1,welterweight,0.7210386967844707
8fe42d98d6456f0fc2191b0e,2021-06-26,0,heavyweight,0.3202612015444631
d779754588526356ae5ea3e3,2021-06-26,1,welterweight,0.5434648360031811
ba71dd0032aaf0bf310c24c7,2021-06-26,0,welterweight,0.6858384286493008
746498ef7443f0caf5f2082d,2021-06-26,0,lightweight,0.49207056405636523
80d953c972d847be890d6aaf,2021-07-10,0,welterweight,0.3797693226463471
6498a4c8d3727a2016dbff4a,2021-07-10,0,lightweight,0.4675267830815127
52922d44b46e92c459d86bc8,2021-07-10,0,welterweight,0.40455539206190533
148e523baab99af91b27dce5,2021-07-10,1,womens_bantamweight,0.3673424681184393
15ad67d5e43acafdd6c98fe0,2021-07-10,0,womens_flyweight,0.36619277422941054
530b143d446dafc011071c4e,2021-07-10,1,welterweight,0.6056200137897099
bbfbf8b8166c426e1240e0a4,2021-07-10,1,middleweight,0.39392532894994214
12bc8ea49cf6466df9aea9a3,2021-07-10,0,featherweight,0.36012708137692134
051cabd00d8a84746e67e149,2021-07-10,1,bantamweight,0.7507067167760273
3ea316d32ba9c755ad343003,2021-07-10,1,heavyweight,0.4666665080470941
dd14dada5640b649e27c8cb6,2021-07-10,1,middleweight,0.3686436420953018
57c1af099e2eeaedffb7b6c6,2021-07-10,0,flyweight,0.449295234257458
387800ac98197707044d3802,2021-07-17,0,womens_strawweight,0.3984393561626487
6a8395402c96b2d104acd78d,2021-07-17,1,welterweight,0.7698994056871415
87728864303defcd4fe22031,2021-07-17,0,flyweight,0.7344776816417335
8a31c1172ab5106325cc627e,2021-07-17,1,featherweight,0.4536455471485439
b726a2c340e0031859a57110,2021-07-17,0,lightweight,0.3705466072174137
4d558ebbde851ebbceb2a376,2021-07-17,1,lightweight,0.7250955094274366
973af1128fff9b2a14c5621f,2021-07-17,0,bantamweight,0.6565774614222377
ed7f6c0bd5b437f2f9dc6c7c,2021-07-17,1,womens_bantamweight,0.7137668214991192
c9c25ab469ad2fe48494e4ba,2021-07-17,0,middleweight,0.4975515090642756
03a0165ac1c070a693740903,2021-07-24,1,bantamweight,0.6218880119367587
3cb448435c95ab6aa4fed0a9,2021-07-24,0,bantamweight,0.6896251023551455
b0617d39a8cbc7fc041d74b3,2021-07-24,1,featherweight,0.2732227679374008
f9beb1b95ba45b9b1621b64b,2021-07-24,1,womens_strawweight,0.6253085203547906
f8df7edab264a0f373e74bd3,2021-07-24,1,bantamweight,0.5901500005758998
1a387168660b6545f6e752fb,2021-07-24,0,bantamweight,0.7221684294405258
3619b7063e9cd88f010c5a0f,2021-07-24,1,welterweight,0.5467113192629725
f115a8a9f478bc63f707998e,2021-07-24,1,womens_flyweight,0.39533832436772276
f0c4c6e99336ff56646d4fa5,2021-07-24,1,middleweight,0.41515615436045444
2457d12636a9cfb566f94a56,2021-07-24,1,middleweight,0.5474637933601838
033418400afa21c1b79842c9,2021-07-24,1,womens_flyweight,0.6970421809575277
aa362511017ececb3e8cb952,2021-07-31,1,welterweight,0.24997075542183878
439390ea327acf2b45119216,2021-07-31,0,womens_strawweight,0.39515396771868316
abe908dff98725268a6de4b5,2021-07-31,1,lightweight,0.26339155078489906
f53d55ca7e6c71bca1768d71,2021-07-31,0,featherweight,0.5309906343456653
3a69e82631c81017529c26db,2021-07-31,1,womens_strawweight,0.50151830132326
848d633ab5d861af69f87843,2021-07-31,0,welterweight,0.6111398515391957
d6d47fd80d8781a3f317d30b,2021-07-31,1,welterweight,0.2915190373070722
32bb78b29e02d70783585786,2021-07-31,1,flyweight,0.6370403415339069
3af23183b818dfe59d5a0114,2021-07-31,1,middleweight,0.5954509451610543
37eb5a2b7db7710c44ecbb0f,2021-08-07,1,light_heavyweight,0.7485996794102525
31e656fd3cfbfde7ba181505,2021-08-07,0,heavyweight,0.20539360989439023
cfc670cb4c942424d4bde058,2021-08-07,0,bantamweight,0.6963215820352827
a13574844084b56c501c795d,2021-08-07,1,bantamweight,0.4866706311778781
c291f2773170c40024daeb22,2021-08-07,1,womens_strawweight,0.43848460725826727
e7881e314d5e66981e8e89de,2021-08-07,1,lightweight,0.6394150257103816
a7d7600747cdce4d1aac4734,2021-08-07,0,flyweight,0.2424997144196297
36997816a9de75a5faf77fdb,2021-08-07,0,welterweight,0.508838248874239
1b48725e4a5a6738fae9d75e,2021-08-07,0,bantamweight,0.18238366624673902
adbb4bf7f16d6f11fdd6a702,2021-08-07,0,bantamweight,0.41589568363915086
8a628435db9e18feeb85b101,2021-08-07,1,womens_strawweight,0.5673009547290919
03bd3178b81b51c98a2ef07f,2021-08-07,0,womens_flyweight,0.27096343265147477
ff592cdaa4eca0c7c874169d,2021-08-07,1,bantamweight,0.4363140810812946
97eff66c4a32a2932814be38,2021-08-21,0,flyweight,0.5302664231598857
102faa4ad68146ae09750464,2021-08-21,0,featherweight,0.377388128918451
7f212aa41a8e96a98df4f434,2021-08-21,1,womens_bantamweight,0.43417077362786455
256498ff833bad9ec8a58f4f,2021-08-21,1,bantamweight,0.6647884316631043
768f6a84be53ebd19ce73dbe,2021-08-21,1,lightweight,0.7559916343872338
39e93a7358c364f594c54892,2021-08-21,0,middleweight,0.5427665751277985
a37c8fb1c9ec806b184a9c51,2021-08-21,1,heavyweight,0.38046237949113426
5d50a9759638e91e84f0b746,2021-08-21,1,lightweight,0.5010260752893606
e2ebb569fa02a491387e1161,2021-08-21,0,welterweight,0.4822256130196195
eb3d6a53fd969c07e9831cf1,2021-08-21,0,bantamweight,0.6558446076799564
642d81d57681e847b5fde3c9,2021-08-21,1,lightweight,0.30011270756712655
45a810ac99baec2dd4b54d7c,2021-08-21,0,light_heavyweight,0.23789129840140366
0ed065dd12c23b6c9d895669,2021-08-28,0,middleweight,0.6682993604534744
9f9acc55a8ab60ad174b6e11,2021-08-28,1,middleweight,0.47709968970223504
81175b83703a04c9578b0ede,2021-08-28,0,middleweight,0.47709968970223504
aff3ed6568a856a3854450e4,2021-08-28,0,light_heavyweight,0.5077447062489471
ec627d0e52cb9efd5393d953,2021-08-28,0,featherweight,0.2819185618706281
d6d68f11e8b1409123b81a91,2021-08-28,0,featherweight,0.5332669582635253
bf631345d98ad2d5efa45637,2021-08-28,1,womens_flyweight,0.6772190414300368
c64ba96ba3a2bbcd5352c69a,2021-08-28,1,welterweight,0.37575537443688567
0e995a99c3637eda1e7fe1ab,2021-08-28,0,middleweight,0.6766711378177833
036b6e057cbf7a551f641948,2021-08-28,0,bantamweight,0.16746201312320394
323b248672e4ff7a5e608f9e,2021-08-28,0,bantamweight,0.4770544933642717
7134f69560a4ddd941edb18e,2021-08-28,1,middleweight,0.5037693089167055
848148a2658c8b26e59ce487,2021-09-04,1,welterweight,0.6578372817248445
979ddbd47cfbfedab2b8467b,2021-09-04,0,middleweight,0.42008237830791745
c2ec829bd718d445716f67fa,2021-09-04,0,middleweight,0.5752001229720342
97be85a3e259ac669e1925e6,2021-09-04,0,bantamweight,0.1972821457235123
ba157252f6db82d9ef9cbf91,2021-09-04,1,catch_weight,0.2565592645912613
24c47b0c28d199c1ece9b21b,2021-09-04,0,light_heavyweight,0.6362618974015009
ef38db4fa319c1d073e6809b,2021-09-04,1,womens_flyweight,0.3961474843449547
f86ff3558c519c95d88ed2b0,2021-09-04,0,lightweight,0.6203987826384494
e39ab69302a3a4acaa385b46,2021-09-04,0,heavyweight,0.29943384095045683
21452c8ad7c8dfb85b7958bf,2021-09-18,1,light_heavyweight,0.4905107646638207
889ae6f64e5ed194f4e9d57a,2021-09-18,0,womens_flyweight,0.5003893694423927
1c6ed9f870c0d2d4f98638ea,2021-09-18,0,lightweight,0.1650766272978128
2b42e0ee62b14d7f1ac91ecb,2021-09-18,0,womens_flyweight,0.5181364474097183
30d2da816f66152c4db4ff93,2021-09-18,1,womens_flyweight,0.556450378761438
ba70d4bc1610e50610bc85f7,2021-09-18,0,welterweight,0.5587212250798065
ed602daa65f0872d1ddab046,2021-09-18,0,light_heavyweight,0.4003253509590642
50f8733c5af2c8bf7833a467,2021-09-18,1,middleweight,0.623322706165294
394cd08a2aa9c8a419957765,2021-09-18,0,light_heavyweight,0.3567650256427693
193777961eacaedb105fe808,2021-09-18,0,bantamweight,0.2802487191903158
7ab07f5868c762f3dce9e36f,2021-09-18,1,bantamweight,0.3617353353441556
b7148a827199c4372ea4612c,2021-09-18,1,womens_bantamweight,0.43880793202463736
0317bdc7071d3d9f20a0a566,2021-09-18,0,lightweight,0.5001067795575891
947733852564801c14c15132,2021-09-25,0,featherweight,0.2676664697269761
fc453d53cd9cfa9ea2181094,2021-09-25,1,middleweight,0.5872858442821647
767276cd65a7bda83101b29a,2021-09-25,0,heavyweight,0.27628089591975497
47acb1d6dee5fe4612753acf,2021-09-25,1,lightweight,0.37304539257813724
7018a5372c82c8016ce4c305,2021-09-25,1,womens_flyweight,0.5998720010722016
91bfc0bf09df44aba9658abd,2021-09-25,1,featherweight,0.3829396677831319
37c022f2c4b458467443e0a5,2021-09-25,0,bantamweight,0.29241979370362975
b413ac8b94e17d9fb59f2a9f,2021-09-25,1,welterweight,0.4227598640063004
b36a08b76e552d0afc4cdbe4,2021-09-25,1,middleweight,0.3140988803948771
2d366fdf2a73af32527b7ab9,2021-09-25,0,womens_flyweight,0.27769788588840305
efae3152488573da2f0e8669,2021-09-25,0,heavyweight,0.1473094065018614
474e7b7412f9128323a6ee3c,2021-09-25,1,lightweight,0.11459267916825262
4d3d35d9481430b2717e1dc0,2021-09-25,0,womens_flyweight,0.17882737815821095
d7ff13529f7a31aa3fd66322,2021-10-02,0,bantamweight,0.15620784001376373
958aeebbb028943f8b474351,2021-10-02,0,welterweight,0.5585183899998211
21dfa6f1ccdd361947c8ec5a,2021-10-02,0,lightweight,0.26011559818751934
6d3f40f6d4381ce272c0a74b,2021-10-02,0,womens_flyweight,0.22613363948088458
03178009a51da703270bd2b4,2021-10-02,1,womens_bantamweight,0.7858903883613435
3537b39689d7dd5ae29a31d1,2021-10-02,0,lightweight,0.5256140529662408
dff65f3a6f0298afa7bce7fc,2021-10-02,0,bantamweight,0.6279067952963096
b9d93ed042c8eef56051609b,2021-10-02,0,lightweight,0.7010949433494821
a2ed5d2192961f696e9f3cb5,2021-10-02,0,middleweight,0.49107487842126696
a19ad67f1de8c89c051799ad,2021-10-02,1,womens_bantamweight,0.6755764926696671
49ec1b7d30d14df34cde2e67,2021-10-02,1,light_heavyweight,0.4409701021784672
69e9597fb43638f8229546fb,2021-10-09,1,heavyweight,0.6222015672988193
a4f8f9cd16f04f65379846ce,2021-10-09,1,featherweight,0.6165436819651436
679b8a681af1ea8df76c549c,2021-10-09,0,bantamweight,0.39229038417357626
b693cc8733bc9b6adc490155,2021-10-09,1,womens_strawweight,0.6493348567284002
65eb8cbb47349f9a81d27e50,2021-10-09,1,womens_strawweight,0.599461547385713
968a08b5b350e76b63b11406,2021-10-09,0,welterweight,0.4100224244205718
c66520110ef94f852e522af5,2021-10-09,0,womens_flyweight,0.6916288563342701
2ab608b74126e2342d6abf67,2021-10-09,1,lightweight,0.5469329420079143
35e27d0eed9850d71eef2219,2021-10-09,0,flyweight,0.3114202492580248
05f9214d72c1cef7711a3eb5,2021-10-16,1,heavyweight,0.2145836314776859
223893d41e07dc5cba8acd64,2021-10-16,1,middleweight,0.5749353211263296
85743a2ebed3fb08b5acc751,2021-10-16,0,womens_featherweight,0.46202825289840677
851cc8213082f5aa4029b1d8,2021-10-16,0,bantamweight,0.4726698559395098
6c771843a2de0df6854e6234,2021-10-16,0,welterweight,0.6970958812006248
7ec4f2ed29901e7f518e59da,2021-10-16,1,womens_strawweight,0.5261257568419058
75e91a9b2071aabf06334e6f,2021-10-16,1,lightweight,0.5873095991096687
b9ec4594020a9368d81a8a47,2021-10-16,0,womens_flyweight,0.7008519968676762
83b2a1dfe625eba45f9fe0b4,2021-10-16,0,womens_flyweight,0.26449669904439627
7e2515dfbd9e621b0263a272,2021-10-16,0,featherweight,0.8083379864842094
abe8cc47f03ac58b02b7c95f,2021-10-23,1,featherweight,0.41156491326118516
34754acf1c6eb5adb027b3e4,2021-10-23,0,welterweight,0.5449552770405574
2a878e40629fed0a310e0b0c,2021-10-23,0,middleweight,0.7392622156959738
dd60dff39adefccc680c4313,2021-10-23,1,flyweight,0.5681737166421411
2fb719a1e5e0607e47554e4a,2021-10-23,0,womens_bantamweight,0.6150233111356119
5d85a2f11fdb5bd41dff2dd3,2021-10-23,1,bantamweight,0.6033883553471562
f60ed0d525f53da9f318bc43,2021-10-23,0,middleweight,0.3942084580185432
4f68242759113783714f4450,2021-10-23,1,lightweight,0.60207694932972
c589ea31720af460013a699b,2021-10-23,0,womens_strawweight,0.616488212666081
a8902ba72d4e5d289caa1fbd,2021-10-23,1,lightweight,0.5462123961246907
19b013dcff6f9c597376a765,2021-10-23,1,light_heavyweight,0.7581013535466656
41bdb938fef185e8ac424fb8,2021-10-23,1,light_heavyweight,0.6852457725118282
181fe229210ebc0890d81133,2021-10-23,1,womens_strawweight,0.4200884219635902
f8031426c728a047582f816b,2021-10-30,1,middleweight,0.3858185715082442
b2390e3878dea3ac297006fd,2021-10-30,1,heavyweight,0.6224650057382355
faf76162b47b80dad8f43727,2021-10-30,1,womens_strawweight,0.6349670520745818
ea01307e17f5d9d2ae50e47a,2021-10-30,0,welterweight,0.2300796889864375
ee313392ed6e4ab1c9ceea78,2021-10-30,1,middleweight,0.7175871821833562
82a15dc2358e1868399b644b,2021-10-30,1,lightweight,0.6581174683767811
e9bc05614cd6cd3f89fd76ea,2021-10-30,1,light_heavyweight,0.23658786160071468
3a77a8f67a2ec16505bae0ef,2021-10-30,0,welterweight,0.24314597369007773
dcdf4bf3562857781eb17181,2021-10-30,1,light_heavyweight,0.6074594237550021
d9465c9e6c4e4f9160831db3,2021-10-30,0,featherweight,0.345705242846546
bfa3ac1e602529401051e936,2021-10-30,0,bantamweight,0.4232345086846478
243a6d2ea06e822417f703e4,2021-10-30,1,featherweight,0.40885580326889037
5fc60133e539e2c0c7530ce7,2021-10-30,0,light_heavyweight,0.4243050154684762
71a1ce754a0d5c295b38d6ad,2021-10-30,1,flyweight,0.5583625327486973
feba7692e9ec00fc3f868095,2021-11-06,0,lightweight,0.5357085194012392
920ccd9a5d510535cd3692d3,2021-11-06,1,middleweight,0.5447031986639483
10daa6ca09d264f8b7a2893a,2021-11-06,1,flyweight,0.4613967843294598
e9b6f10c97adf96e4e554cc5,2021-11-06,1,light_heavyweight,0.4656390501623696
0e30995a9aa64204088d1709,2021-11-06,0,middleweight,0.550732053062252
25b357bcb1a6646fa18598ef,2021-11-06,0,bantamweight,0.3814137653546092
b0256b7f301cabc76e6204a7,2021-11-06,0,heavyweight,0.6235388599628738
8480a1caaf0cfb57c9e5fdf8,2021-11-06,0,welterweight,0.42766400760687295
d88311609f9c79db410e7e7f,2021-11-06,1,lightweight,0.6215311370673108
16299a61153a379aa621129d,2021-11-06,1,welterweight,0.743779031927872
bf1435ed5ca5a3918c669450,2021-11-06,0,featherweight,0.41824477620250156
a93768c61a4ee022e03f794a,2021-11-06,1,middleweight,0.23203415847504133
81d3f9751c8bc9bd3e0662f1,2021-11-06,1,womens_strawweight,0.6161508256805132
b0c67496eb05d9210c671511,2021-11-06,1,featherweight,0.4705486112372161
949db9181591a44d3ae970eb,2021-11-13,0,heavyweight,0.46625219583009947
89ef0e35ce5ec74836288f7e,2021-11-13,0,womens_flyweight,0.40370872433689703
c212308191927936a67ad305,2021-11-13,0,womens_flyweight,0.5550098458701932
8797bee1f200128ccd5ee671,2021-11-13,1,womens_featherweight,0.5285808243209538
2a193240a3ef708a55d33473,2021-11-13,0,light_heavyweight,0.3926194453444044
5bc0f36c0ff5a8dbb0b2fa0b,2021-11-13,0,lightweight,0.44398291548240987
e2e00765ed6f4ef0e3cf26ea,2021-11-13,0,featherweight,0.3165768375227771
4ff1b5494b02c884c647e48d,2021-11-13,0,welterweight,0.45242198078061546
422d4b195157b17048d3578c,2021-11-13,0,featherweight,0.48706606163672556
796ec7042f87631266057606,2021-11-13,0,bantamweight,0.18442380521693033
7200ae576f27dfe33d808be9,2021-11-13,0,lightweight,0.699769807503544
2b9f75df7adfc64073e39234,2021-11-20,0,flyweight,0.21504054848732493
ea47fd95680fd40e63662844,2021-11-20,1,bantamweight,0.7187921316690897
955de39b09cc63ac1016eb55,2021-11-20,0,womens_flyweight,0.43390337475687313
c3392d5ce8b0f7cc39849ea5,2021-11-20,1,womens_bantamweight,0.604899995366927
886b35ce27e0dbfb4ffa65b1,2021-11-20,0,womens_strawweight,0.38200727102601945
02b2074a853937d576367380,2021-11-20,0,womens_strawweight,0.2016166859663821
c8b8e8a3970f3b7e64b5d37a,2021-11-20,1,welterweight,0.57379160239123
e5d94690a4a67d6c1acbeec9,2021-11-20,1,featherweight,0.3509142313972978
b456d5fbc84ec67adfb965e1,2021-11-20,1,lightweight,0.619173944214654
2fe0e26b551c93e2cdfc10ae,2021-11-20,0,bantamweight,0.568109815631351
3c53f6a604af1ebde04927af,2021-11-20,1,featherweight,0.356155635479774
226ce750c662215efe521657,2021-12-04,1,welterweight,0.618248139032488
f86d296f6d7d0c47ff000083,2021-12-04,0,light_heavyweight,0.6161578927543232
2a0cb1a7ac7387052927df0a,2021-12-04,1,lightweight,0.4778801345823689
73875ab95fc90e65ed3daa4b,2021-12-04,0,middleweight,0.7995369933050169
7d6c4908269ce22c76a5bf6f,2021-12-04,1,welterweight,0.6178578796452356
8ee79a7798d17ee7e0e747e8,2021-12-04,0,womens_strawweight,0.45363287675757075
384b21ca73c1b32e325cb539,2021-12-04,1,lightweight,0.7052516597315704
4307344dfcf8272d6832851b,2021-12-04,1,lightweight,0.37693809114757054
dcf02508a91496610861f3cd,2021-12-04,0,light_heavyweight,0.5439761044485012
68951def6fd1fe3b617a2a78,2021-12-04,1,bantamweight,0.44784826743012585
e88409e5199e7f4ec93cd5c3,2021-12-04,0,middleweight,0.4108650266415535
51f23bd45fcb1ce3757cd2ac,2021-12-04,0,flyweight,0.3224144216844922
24bfa926f53e850e1895df92,2021-12-04,1,bantamweight,0.5054759246180723
b24994b03c0c6d0628dcb5f9,2021-12-11,0,womens_bantamweight,0.8357922705911759
977f1d7a994d29e9c5ddb2e8,2021-12-11,0,middleweight,0.41979149193706905
3d1de970a2cf4b319b4c6692,2021-12-11,1,heavyweight,0.4237653574250922
f6cf5b0962a53fff711a1736,2021-12-11,0,lightweight,0.4993600333940224
362ded9378ae33d6df9ab0db,2021-12-11,1,welterweight,0.5466156888991247
659800e49c983b90b1532269,2021-12-11,1,womens_flyweight,0.7587192422922595
5d9fa69369301a12d9df127f,2021-12-11,0,middleweight,0.28945184582868927
7f29861d529a3539870a709a,2021-12-11,0,featherweight,0.6717642242165425
134497c23d1a4822c4629299,2021-12-11,1,flyweight,0.34435508011656507
71350b718af2d753556e708b,2021-12-11,0,womens_flyweight,0.5266402874909372
a66c555eb560ade1333c57d1,2021-12-11,0,bantamweight,0.40757755182644495
9f6cc54787f0d18509556ebb,2021-12-11,0,bantamweight,0.8021089580768713
f98dfffa944a6f9adc6c85de,2021-12-11,1,bantamweight,0.7269022494697209
7113c70ef552d4c9dbc57658,2021-12-11,0,featherweight,0.6207739078097955
8e8924f709322a82ecacc60f,2021-12-18,1,womens_strawweight,0.6527733260708439
82f44b2371ac1940213fab72,2021-12-18,0,featherweight,0.38716919785658405
8ab8d29bee172464a056b759,2021-12-18,1,featherweight,0.5117339297809848
13aaf98af49e0e06517a3cdf,2021-12-18,1,heavyweight,0.36323760885108214
9012e4d57365a687d63decab,2021-12-18,0,lightweight,0.3172223325523301
57db8b42042306ccb55cc279,2021-12-18,1,heavyweight,0.5037373103260329
6a6de675461536fac3479406,2021-12-18,1,middleweight,0.6056923292262951
ff80eefba644b7bddd785a3e,2021-12-18,0,lightweight,0.42818048768176764
7d13cbda8ae96a92482d1526,2021-12-18,0,heavyweight,0.2074885802761224
60f48f8ffdb45557c4561d0a,2021-12-18,1,bantamweight,0.7961497118145816
5dc086998ae75bc0d851ceda,2021-12-18,0,womens_featherweight,0.5682368629521806
5577100fdcc775b07433f1b2,2021-12-18,1,womens_flyweight,0.5510072882313259
1df0129cb041d9c977faddd7,2021-12-18,0,welterweight,0.38020276704409606
881ea0620bb309ae02591096,2022-01-15,0,featherweight,0.46784516571024914
299816fff28d6ce721fabf71,2022-01-15,1,flyweight,0.559791351411466
caaf36c1c3755cb12f5893eb,2022-01-15,1,featherweight,0.6314756664685283
889cc985afcb06e617eda61a,2022-01-15,0,featherweight,0.7185018418483281
6390092375396a3f925baf1e,2022-01-15,0,welterweight,0.4807501092221477
ebaff87fa2549b3b83d61772,2022-01-15,1,lightweight,0.4851782711019288
8b9c5af00e072a39cb6e2a7a,2022-01-15,0,heavyweight,0.4251885728104143
f72950530e203bc6f352bf55,2022-01-15,1,middleweight,0.42652282613980125
2d6c4dc57a1961ef40816f56,2022-01-15,0,womens_flyweight,0.29634570101431174
c77316be700ef6effbca89df,2022-01-15,1,lightweight,0.5967922889778859
8eea8daed7a521ab1426cfe0,2022-01-22,1,flyweight,0.3323359667200107
cc260ab6f2dcacb734b6e2ea,2022-01-22,1,bantamweight,0.5649437772994534
10040856fbf145522cf8cf94,2022-01-22,0,heavyweight,0.7150150829124788
dddd15fae61d06522710056a,2022-01-22,0,welterweight,0.4914495429129573
08046d48d6a4eb8737a3b825,2022-01-22,0,womens_flyweight,0.7079321613233832
8b50626d4d84c3aa45d15a54,2022-01-22,0,lightweight,0.5328733318797592
de14551f8d21580fa8596ef6,2022-01-22,0,welterweight,0.7221975963725218
de8ba4acaa432c191891b7af,2022-01-22,1,welterweight,0.7371643148225167
ec8bb730f1d208b6374ecd80,2022-01-22,1,bantamweight,0.2315744107961553
fcbbd7bc5f35efaf8450ad3c,2022-01-22,1,womens_strawweight,0.6956751391110333
98122fe1742fdd5100be2839,2022-01-22,1,bantamweight,0.6764645932819582
6ddb3676f4a7c26e86f9b228,2022-02-05,0,womens_bantamweight,0.5309357825251572
0272a89c05fdfaa2990c60a4,2022-02-05,0,middleweight,0.6638985521351772
0e91e69c628ca4308127c75d,2022-02-05,1,featherweight,0.5671976989040851
509c5eeb2b44572ce95c4735,2022-02-05,0,middleweight,0.33527548518101286
62bd1e7c1b554cf0ae6a45ec,2022-02-05,0,light_heavyweight,0.6406544386667248
8bcc740a724dc791e5db5130,2022-02-05,1,welterweight,0.3715831956294255
1c899e0a6dcb00a341edeaea,2022-02-05,0,featherweight,0.4264084800047716
90b3e133f1e2802dc88d0786,2022-02-05,0,flyweight,0.5143305056784713
10e50c9169649dc909f1e474,2022-02-05,1,bantamweight,0.3001295613138249
1d5256e991b31002be9b6431,2022-02-05,0,middleweight,0.4414119451937346
6b2eb716c19a21cbe060c8e0,2022-02-05,1,light_heavyweight,0.745450930207376
d139ab9b5859db7ac6fac52c,2022-02-05,0,welterweight,0.3296077152535801
16e2466bf12ade10d76a1eda,2022-02-05,1,middleweight,0.5360186196978113
78785ae4443a05ddc0bb103f,2022-02-12,0,middleweight,0.46922901962826985
90d1c538c65bf733ee1afd05,2022-02-12,0,lightweight,0.4889621118642817
2715ae1c5ecb134385026391,2022-02-12,1,heavyweight,0.31968667037378146
ebf653201e47f988f8939597,2022-02-12,1,light_heavyweight,0.6516285436784581
1a6b5820ddd6159cefd853a9,2022-02-12,0,heavyweight,0.5281833590200629
84e02aa57d1cc6af09fd93aa,2022-02-12,0,bantamweight,0.6208036176102918
f6bbc41b4218274211e225dd,2022-02-12,1,middleweight,0.6012867997440989
7d1b32a9d4d917e6275675bf,2022-02-12,1,middleweight,0.40172316766370436
b43ee87245d800862af774b9,2022-02-12,1,welterweight,0.6455651002341679
d69376c1ea693c430e1f0818,2022-02-12,0,lightweight,0.5905961548357039
1f61d0ee3ab6febfeb923aaf,2022-02-12,1,bantamweight,0.8350141464071752
6cd1aef6194b33b28b3f5cc2,2022-02-12,1,bantamweight,0.5572950284074766
f332f3a05dc03a803776a9b5,2022-02-12,0,womens_flyweight,0.1872133639597388
9b4c38da301541ccd18bf9f9,2022-02-12,0,heavyweight,0.6088583506113396
e037496750d4a80f908de5f4,2022-02-19,0,bantamweight,0.6281960076105052
05f71a10c41ce6a5c3587bc5,2022-02-19,1,featherweight,0.7355140734003889
62712c070cfa71b63ee554b0,2022-02-19,1,womens_strawweight,0.42921787482564006
83eb5904775e936959d6d016,2022-02-19,1,featherweight,0.3781505370752443
e3a18f940a8ab9d972aa4639,2022-02-19,0,womens_bantamweight,0.4769043853309351
541220a08c84c482c971b01b,2022-02-19,1,lightweight,0.3938207405130217
ba606d161dd1c5f504f8c984,2022-02-19,0,middleweight,0.4069220969569003
0f1eb9c25283cba2a7cd007d,2022-02-19,0,light_heavyweight,0.6443662670573181
774771f5b5f0f8d5af90fd20,2022-02-19,0,featherweight,0.35607304602792444
7085b77b6e0023c3296b8cf6,2022-02-19,0,catch_weight,0.3605556076668822
8c1cb182501b4ff4c557a4f7,2022-02-19,1,bantamweight,0.6327488793315627
e0eeff5374ca589d7b5f7626,2022-02-19,0,heavyweight,0.2304359968335746
0bf431efc2c9170850a83b3f,2022-02-26,0,featherweight,0.34577206981251396
338700b1b79beb6242e882f3,2022-02-26,1,lightweight,0.713019030499879
21ab4fa36f44cfe6814659de,2022-02-26,0,middleweight,0.732843169481838
e9955a213c246dc76802a534,2022-02-26,0,catch_weight,0.25305788018883885
755b2c5ef7b44148e45d06f8,2022-02-26,1,womens_flyweight,0.35188898144793335
c9e3bc4ea58df6235765f2e0,2022-02-26,0,womens_featherweight,0.37528231689149827
8c15089f0431ebf57fba0b25,2022-02-26,0,middleweight,0.5246367768943421
7b8dd4825672e5c71feb365f,2022-02-26,1,welterweight,0.48754908069764963
115cd12c43c7ca9a98a34354,2022-02-26,1,lightweight,0.536213273347386
ad3d758504e40f089358d0cc,2022-02-26,0,lightweight,0.7230302752750926
09803872173680a4e5a486f2,2022-02-26,1,flyweight,0.4914495429129573
8cab78badf4b3f9f94431dcb,2022-03-05,0,featherweight,0.17966058526290477
eb2dea2335dc1879ca29907d,2022-03-05,1,welterweight,0.6210212791084171
59e88ba1af2fe8e1830220bd,2022-03-05,0,lightweight,0.3858907454633718
c66c7054afb057dd78aa0f05,2022-03-05,1,light_heavyweight,0.41814907159176684
76eb17111d5981c71736b835,2022-03-05,0,featherweight,0.24955865711661063
054327f45b8b36f1c6c59bd8,2022-03-05,0,lightweight,0.5536549953428463
fe7ff91782693e8c97668462,2022-03-05,0,welterweight,0.20263109351929615
191f8590132dd622386f8dcb,2022-03-05,1,womens_strawweight,0.6507405803498437
62773007de975caae0e7403f,2022-03-05,1,womens_flyweight,0.3406053321079781
ef873da872c2b8ddc6d7f482,2022-03-05,0,light_heavyweight,0.6281057880282255
0e0ef94c36f8e8a6f0d81303,2022-03-05,1,catch_weight,0.2871509385176731
8b16bf8119b7a1889e14425c,2022-03-05,0,heavyweight,0.38792683130029626
8453f158995aa5825267e0fe,2022-03-05,0,flyweight,0.6508770802144662
4274a5bfdeeb6b92088e770d,2022-03-12,1,middleweight,0.37318081775565726
a62677dbc6c31338dbfa9ffe,2022-03-12,1,middleweight,0.6175227024302352
53cf6639d25754d424f290c6,2022-03-12,0,featherweight,0.622992292870596
223c6e3695dc91fe55816b32,2022-03-12,0,lightweight,0.5359979025353805
6ec545d9b947c7840a6a9e2b,2022-03-12,1,womens_flyweight,0.4675440390310686
b80204d233e23b377832e77e,2022-03-12,0,light_heavyweight,0.5355561769699665
8f6f6a38f9345a057af6dcdd,2022-03-12,0,bantamweight,0.3580074610403105
4996c44f91f2861f4fab29a5,2022-03-12,0,bantamweight,0.154811891889955
15a96087e7d45aef123c2813,2022-03-12,1,welterweight,0.596127271761495
d51c5ce12e0b4950d5498e4f,2022-03-12,0,womens_flyweight,0.3707222201265713
2eb0a77e45cae384dd8ee69a,2022-03-12,0,featherweight,0.28477983540222845
ff820a222c111a32a86bd816,2022-03-12,1,light_heavyweight,0.2732947181901889
d4e5897b395921bd30941f44,2022-03-12,1,light_heavyweight,0.6048483671792689
c362815404c96b0fa3c1d79c,2022-03-12,1,bantamweight,0.38462258911640435
ddb23a0f0b02cab6843a40b2,2022-03-19,1,heavyweight,0.5049257492549666
fed3a50fd626de20bc9ddd39,2022-03-19,1,featherweight,0.5745180509717189
0edcadeec8b119ec0a8e22e5,2022-03-19,0,womens_strawweight,0.5897240353726263
90db3390059fe0b1ae095e2d,2022-03-19,1,welterweight,0.5719932074922458
18453b23edda3fa1d9952968,2022-03-19,0,bantamweight,0.28459690512560115
9ae7ce42c6960b736e0efa95,2022-03-19,0,lightweight,0.14047635008505613
606a3226edc45b339470c15a,2022-03-19,1,featherweight,0.69499993747373
8438c52b0f5b6abb1524eb73,2022-03-19,1,womens_flyweight,0.36147394474147165
e44f8d6c21499f7ee69f7413,2022-03-19,1,flyweight,0.37876097700583616
b0c27e0a67c2921f706c7982,2022-03-19,1,light_heavyweight,0.5316856006837674
50519ade549a1f6ba3ecdb0f,2022-03-19,1,lightweight,0.43864121896697733
1855e62e711e7cb90db8c57f,2022-03-19,0,heavyweight,0.23113054961441373
d1bfaf3217d92836ca7666c4,2022-03-26,0,middleweight,0.4914495429129573
ef9aa738f67fd68f2ca5af2f,2022-03-26,0,flyweight,0.5568510368595023
301dfd58acfdd68cb9065d69,2022-03-26,1,bantamweight,0.6373738416110304
351b3e350230c6b88f88f552,2022-03-26,0,heavyweight,0.3044838236759829
7d5f589e73ee039bd2697e09,2022-03-26,0,womens_flyweight,0.37724255554066594
2d86be1fe2a9c74ea1d1a00e,2022-03-26,1,womens_flyweight,0.454726961024195
2569c71203392ff1e1f14af3,2022-03-26,1,featherweight,0.5582062446160408
41c6e7756509299ae12c897f,2022-03-26,1,lightweight,0.6007135758601806
2d2fb7e95f4e7d64dacc585f,2022-03-26,1,flyweight,0.5484156711185232
87d4157a7c6058179c54bd39,2022-03-26,0,welterweight,0.38992850923421446
e9351c7db8c8562852add0bf,2022-03-26,1,welterweight,0.6550614082440566
7af5d59b89e6c62ef7902cfe,2022-03-26,0,womens_bantamweight,0.774783339010902
6a456265c9a0a54a45727866,2022-04-09,0,heavyweight,0.6112076644880019
9b4d0aeae28ca6a7651e18c3,2022-04-09,1,featherweight,0.7489643213761014
d59489d2219b8acf65c14d10,2022-04-09,0,bantamweight,0.6388035654637053
dcc78c9b5027cc486808530b,2022-04-09,1,middleweight,0.6155513946820411
10a507567f7c574bab053aba,2022-04-09,1,womens_bantamweight,0.5786862127791508
54dbd0ff791fe50de3635eda,2022-04-09,1,welterweight,0.7527281094795795
8d6783bbc0f9d2bd2d4c0534,2022-04-09,0,welterweight,0.5926905274637703
e4d38da609f2296f44f8e0f3,2022-04-09,1,bantamweight,0.6156499428180607
395fac7e1cb89c9f48542548,2022-04-09,0,womens_strawweight,0.5077731105076471
c717778925b8d05d09226a63,2022-04-09,0,welterweight,0.6362310332757338
c8c932d20a23d93083cd5153,2022-04-09,1,womens_strawweight,0.36057425596446785
5210e8a6bd51cdb8a3be4742,2022-04-09,1,lightweight,0.6233860569766656
ab6c1f1d7010971c355e465c,2022-04-16,0,bantamweight,0.5238081134148099
4e19d3624ce2f192fda3e87e,2022-04-16,0,middleweight,0.4914495429129573
63a7508bcd39ffb177568395,2022-04-16,0,heavyweight,0.5317554353902161
a3b791cf3770be81a7311fc4,2022-04-16,0,heavyweight,0.42975545737016885
433dbc801627a6d385c7ad09,2022-04-16,1,lightweight,0.7581656511350877
f700791a20e6fde6268982b3,2022-04-16,0,womens_strawweight,0.49887784961082837
163a51708b615100cf2aba52,2022-04-16,0,lightweight,0.31128062579963683
a2e535212cb0109c16e03dcd,2022-04-16,0,womens_bantamweight,0.21231070311925626
069de3205d6c699d7be551aa,2022-04-16,0,womens_bantamweight,0.4384223893851174
9c7629f898574d7d259de1e2,2022-04-16,1,welterweight,0.32291901856265237
48857655a69cc90c77030d9a,2022-04-16,0,welterweight,0.4439128228366755
e9eef12674e72868f84a57a0,2022-04-16,0,featherweight,0.1235409655721962
a2af6edea9fea96f3d6b4f3f,2022-04-16,1,lightweight,0.6097299342591614
de09e08f6c57358e9c22f9b4,2022-04-16,1,welterweight,0.5101290207354162
48e6102e4d53ecae10721bf6,2022-04-23,1,womens_strawweight,0.5934202735072315
9b932197b1fb2a26a1208177,2022-04-23,1,bantamweight,0.748803430374828
06669d51b0a57a8f66b216d9,2022-04-23,0,lightweight,0.20279326089850366
692efc69390867723a995b60,2022-04-23,1,welterweight,0.4437217715715936
c85d55bcecdce0caae48f32d,2022-04-23,0,welterweight,0.395930750954308
877e43ee92b6e92fe379f031,2022-04-23,0,catch_weight,0.5372828177663022
4d8474d6d776dc1f62fe315b,2022-04-23,0,featherweight,0.40876199075579095
711d9ff3483b66cb33e6fb1a,2022-04-23,1,light_heavyweight,0.5427184200196251
2b3e69ba4ea58a394404b393,2022-04-23,1,womens_flyweight,0.5230614283732744
c89f90b1b4c3c2b9606febb2,2022-04-23,0,welterweight,0.5191981459303598
213b698eaacabc90d39c3618,2022-04-23,0,light_heavyweight,0.12026851878273985
2dbdb35090901cb11cdd7d38,2022-04-30,0,heavyweight,0.21918461323323907
aed8ef16b30b6d218c63f47c,2022-04-30,1,featherweight,0.4639164672715576
fcc9d5a0cfe4deba917371fb,2022-04-30,1,heavyweight,0.32334038266669807
9ec02b95cb264245c08bd1c3,2022-04-30,0,flyweight,0.3306377786390818
566ee83c01c427d616e79cb3,2022-04-30,1,featherweight,0.4915522585749472
312ba0118051211ffa424bb3,2022-04-30,1,welterweight,0.45811785999106275
bd90e67407043275cc350cb5,2022-04-30,0,womens_flyweight,0.5014831829018184
9932564c59fd0493d46f20f7,2022-04-30,0,lightweight,0.28511272818095285
ccbcefc2a02e49bf307142df,2022-04-30,1,middleweight,0.5608174735125178
59e0827ca63295b63cd6a91a,2022-04-30,0,lightweight,0.3008113265521608
4e359c108544d2c8759d97d6,2022-04-30,1,bantamweight,0.5796083865152031
e83c43a20c4efdef6b675240,2022-05-07,0,welterweight,0.3405881317959867
c3f4eb06b7985fd64caa1c2a,2022-05-07,1,womens_strawweight,0.5888396129390874
27a25d6c4438938f3521b32a,2022-05-07,0,heavyweight,0.5053850474995369
f9ad67246c83a9f959594eb4,2022-05-07,0,flyweight,0.37112222628686997
68ecc0f643b3d96f33c5ea9d,2022-05-07,1,lightweight,0.7403617063375796
54d66068ae43906aa7a9cf26,2022-05-07,0,welterweight,0.5765107144362068
a295f10a5980bdb7db934877,2022-05-07,1,bantamweight,0.4378796396110677
57499631d3bdce3f6fc81243,2022-05-07,0,flyweight,0.48999806370697957
65626c902a390cc627f7be7e,2022-05-07,0,womens_featherweight,0.620653536365893
d31f108ad033cadad0d1f468,2022-05-07,1,light_heavyweight,0.52224103802437
cdb998abfa18ccf9f27af3b6,2022-05-07,0,lightweight,0.5370145237771684
709d13b3d0f6930bb797146f,2022-05-07,1,welterweight,0.4101570235551066
e513925b16ccc7cf2bc93298,2022-05-07,1,womens_strawweight,0.38060677390871656
cc6e0ffb423d24fff180d8c1,2022-05-07,1,womens_flyweight,0.3978921749218963
e80cfbe7751b8e42d0e37d81,2022-05-14,1,bantamweight,0.4782531130051696
d21ed7987834436d79762e16,2022-05-14,1,lightweight,0.6746607026301872
4987dc6f22514fa13327d770,2022-05-14,1,flyweight,0.6520078462328737
ec3db7fb69fd747f19d2772f,2022-05-14,1,light_heavyweight,0.44162602806861107
3a7bcb7089d6096f13b7cd48,2022-05-14,0,womens_flyweight,0.4960641704301571
cb4c231ddb365e4a24ca3af4,2022-05-14,0,lightweight,0.45986365675435953
95e847d3cc4c6bcbd6043bc2,2022-05-14,1,middleweight,0.3987982895575969
db6d572d7fc3c8ad496fe6e9,2022-05-14,1,light_heavyweight,0.4705768235679944
d0dd5444e56544c7c7529281,2022-05-14,1,flyweight,0.661465740181076
6b6cce875a6e865322f23a66,2022-05-14,0,womens_strawweight,0.3608190602045033
da1f5ebe1db19397cf95fdcf,2022-05-14,1,womens_flyweight,0.4287207693957685
a909d174db8b4390ae3774cf,2022-05-21,1,featherweight,0.5590287766290117
9101fa72d85c818841ee1d9b,2022-05-21,1,middleweight,0.47151912506965904
b2a463b8b2afe1453190b2a1,2022-05-21,0,womens_strawweight,0.5848786394202736
383bc526c4fd50b1ff054c67,2022-05-21,0,middleweight,0.4937092455181841
45ca004338ad389c7e7dfbd2,2022-05-21,1,womens_bantamweight,0.5275688083868251
3f379cb193e0300c1aa1f821,2022-05-21,1,heavyweight,0.8470022770121528
2613b85681482b84539b6f00,2022-05-21,0,bantamweight,0.19649755971911856
765486e120840e8df1d10183,2022-05-21,1,middleweight,0.6708864085051629
40240f9f36602a2870ec2baa,2022-05-21,1,lightweight,0.46077256444824244
da790c4bab3aeacba933229a,2022-05-21,1,womens_strawweight,0.3793310349900034
e2c480e4c1e2f0c1546d5d77,2022-05-21,0,welterweight,0.43121139178507845
d22c42254e29e2ec340e1418,2022-06-04,0,heavyweight,0.39200311428859513
7d2d589ab3a24ccbec850331,2022-06-04,1,light_heavyweight,0.7117997255672859
b5fef85ad8722e2c173f1f31,2022-06-04,1,featherweight,0.7171026220499632
f9fbead95e311fc0ea7c84ee,2022-06-04,1,featherweight,0.6384538273028728
23a75d6e26246f3fadb396da,2022-06-04,0,womens_flyweight,0.41478504153709644
65042c1a280902886dc6dd26,2022-06-04,1,womens_strawweight,0.4998608990296153
c65a22b110cef6fbb2125d34,2022-06-04,0,flyweight,0.2072115094276809
8ce12f6034150468696c1404,2022-06-04,0,lightweight,0.43270395430700953
5445242c5438b4603f99e089,2022-06-04,0,bantamweight,0.4611161782186485
d14d68587e692687da0d3f24,2022-06-04,0,womens_flyweight,0.44158188801428866
e663e56b52a832ad0691ca69,2022-06-04,0,featherweight,0.579189610558198
48c473af66656aa65786f4e1,2022-06-04,0,lightweight,0.3600804310275173
1879d9ea46bd3c6332543b68,2022-06-04,0,flyweight,0.6102137040066206
b2038bb6ca99f8b0ed7255c7,2022-06-04,1,welterweight,0.4898220028400871
e49e62b538c8335689613162,2022-06-11,1,welterweight,0.5220659082561281
065e1f6ee6a773ecb89f7d12,2022-06-11,0,middleweight,0.3186125842257195
fb821412f370884401d35139,2022-06-11,0,light_heavyweight,0.4189593999519168
1e545d34ef5e99a2aabb7d44,2022-06-11,0,welterweight,0.4931510562546621
1991007feecb43a26b0eb7c6,2022-06-11,0,bantamweight,0.449799059574488
4bdcffba7b815f20f7f0c0cf,2022-06-11,0,womens_strawweight,0.452635776707752
e257df6df9aae0de1ae83c76,2022-06-11,0,lightweight,0.6269469633715493
acf90527fde3048d8876a70a,2022-06-11,1,womens_featherweight,0.5029726167954071
940b51f448bcff3babf27a3c,2022-06-11,1,featherweight,0.5146131049425947
bd4b807ebad4ce66420cb1f8,2022-06-11,0,womens_flyweight,0.2872326725799594
d41039f9c98e4cd3418f2f02,2022-06-11,0,womens_strawweight,0.5610360776220372
69d6707f40dbdd247de83d25,2022-06-18,1,bantamweight,0.7824486125242424
b2afb64bd777a942b65dbb5a,2022-06-18,1,featherweight,0.4404793500507546
bc67a856832a4900d2384ba4,2022-06-18,1,welterweight,0.6515081241761279
4a4060d03f813216114e4968,2022-06-18,0,lightweight,0.35030339991161213
2280acaef1bd4f8d94bf22f2,2022-06-18,1,bantamweight,0.8299034374263179
ef1c81da42f18212117eb7db,2022-06-18,0,womens_flyweight,0.5059947132950824
b8b37ab0d685d69a80b80bfb,2022-06-18,1,middleweight,0.5441965314473574
c8bce7a0cd5b64400d6ce30d,2022-06-18,0,middleweight,0.48615947111081226
34eacc018777cf756f0a9bc0,2022-06-18,0,womens_strawweight,0.5418893492105303
61b4b53d06936ba0aa98113d,2022-06-18,1,middleweight,0.6730117948264471
2cfd9a8c1b61856144ef594b,2022-06-18,1,featherweight,0.7749761154351271
5bdb3da39bb6e719e9fc0618,2022-06-18,0,middleweight,0.5512956615756109
68df60a85737373fc82b19b1,2022-06-18,0,welterweight,0.18287454639843873
2fbfe695974365c0c5f85fc8,2022-06-25,1,lightweight,0.349865456623141
6458152c222f4906571bcde7,2022-06-25,0,bantamweight,0.34807972523465736
2ecd2eed9d2962188ecb5689,2022-06-25,1,light_heavyweight,0.3512996806775125
818221d71c181b39140c5074,2022-06-25,0,middleweight,0.4534203620420314
35e5e8e703d00edf360a6043,2022-06-25,1,heavyweight,0.4542700393643558
dbd552c2d7e341649622ee23,2022-06-25,0,flyweight,0.508811921999391
d3ae12666b9f9a68eead2751,2022-06-25,0,bantamweight,0.14053648561722357
e4ea35454ee62c778fa3f4a6,2022-06-25,1,welterweight,0.5776621074719779
b21c9e5ff089ca9195054ac3,2022-06-25,0,bantamweight,0.5947962006125501
76e3a22b48d90e22583c5147,2022-06-25,1,featherweight,0.24907261399229783
48b66f6c4e067ab131987c86,2022-06-25,0,lightweight,0.3193112099867481
a59780a9c44b0f7455be33f1,2022-06-25,1,womens_strawweight,0.3664258795408803
e02eea16ac82e778f7daf1f7,2022-07-02,1,featherweight,0.6376148315286418
876921be33b920ac9567b725,2022-07-02,0,lightweight,0.5463309877214362
e81f8dc803fd77311da05e80,2022-07-02,1,middleweight,0.5671898153171329
859d13910d61abd539cc945f,2022-07-02,1,welterweight,0.5618144731502832
e6c3e6276839dd5d64a789b2,2022-07-02,0,middleweight,0.24453586413954562
a2e9ef0e8cb15790f8ced352,2022-07-02,1,womens_flyweight,0.757010839037386
eea7d1b3716582025dfbfca3,2022-07-02,0,womens_bantamweight,0.540404418227248
2a9cc81d46ea65120d7fbe99,2022-07-02,1,welterweight,0.5403761868597484
ba6dd14c8af9df3ea8f92512,2022-07-02,1,welterweight,0.6268499621546035
5833acc9c3ac9e365c6c0b7c,2022-07-02,1,middleweight,0.2798262153699073
177235a3e775a6743d6600e5,2022-07-02,0,middleweight,0.362829453461098
f2fd98701b89701fae9088a5,2022-07-09,1,bantamweight,0.32717196199118487
803fc1e81cfdec6e7a503544,2022-07-09,0,womens_flyweight,0.5398515505907515
8990215859428aaac941741d,2022-07-09,1,middleweight,0.39622583484207746
833c99cb97e71c4d5ca53fcb,2022-07-09,1,middleweight,0.49965719246362544
894eb20cea5348518aad7e6a,2022-07-09,0,featherweight,0.45345609594282177
ec47ffa3f0a194c15729e14e,2022-07-09,1,bantamweight,0.8482687914836596
eb92cb37c14b9a12e2392824,2022-07-09,1,heavyweight,0.33426474624163277
ed326894c1c1b1d3adbf1cba,2022-07-09,0,light_heavyweight,0.2574708412780129
3762c8ce8cd05373829c8371,2022-07-09,0,lightweight,0.32903708500779033
85e2d3f91c45cbb0e0bc1cb6,2022-07-09,1,lightweight,0.667900522758559
fb7e9ab6b45aeb9bdb8436ab,2022-07-09,0,bantamweight,0.5262286447788006
b203dec5ae3023e120de922f,2022-07-16,1,featherweight,0.6918176258170513
a32125452f6904259fbc72b2,2022-07-16,1,featherweight,0.5593405420433587
8fe207b501c2aa7554270832,2022-07-16,0,light_heavyweight,0.4127015242115828
a9c93145b251be4e9d7e6dcb,2022-07-16,0,middleweight,0.4843020092054122
12d4dffc5e8bc17202be2632,2022-07-16,1,womens_strawweight,0.425937214857038
fb462f5b2e9f652779cdfb66,2022-07-16,0,womens_flyweight,0.6648885378626339
c637b6f0f5a09bb8e1a74e50,2022-07-16,0,welterweight,0.6271049761167886
17ea09382d449f8306c19c3b,2022-07-16,1,flyweight,0.3117051324162878
fd355002a0fa2e74e3536f46,2022-07-16,1,womens_strawweight,0.5660833493531955
ccfedebf868f0b8dc734bfd2,2022-07-16,0,middleweight,0.3231132344490553
aec85754ffdd895e4321b6fb,2022-07-16,1,bantamweight,0.3940749546384499
ad625eebc9ae756d4e5ce12a,2022-07-16,0,featherweight,0.5392967161230605
f0728df1781fd229cb014c50,2022-07-23,1,welterweight,0.5521089639088418
fc3a021d4027a74cd0e85243,2022-07-23,1,heavyweight,0.4645829051051281
953bbb8b3a4dbab3e4857e03,2022-07-23,1,middleweight,0.5092887631319605
e1bfa78d9e55d9829168dcdb,2022-07-23,1,lightweight,0.60187348547574
d04154269d7f8664c62b6131,2022-07-23,0,featherweight,0.4008980090161614
68dfedbb07bf88d9ca273dc2,2022-07-23,1,womens_flyweight,0.4625063922917558
ec4c20bfa09fac0285d92870,2022-07-23,0,lightweight,0.37491555112256236
3ba5a9abbb1ae3fa79599046,2022-07-23,1,lightweight,0.49968027390865666
291314e3a3d4ef5e1277e4e1,2022-07-23,1,womens_flyweight,0.5670140408501683
819b658e6cf0d717bb91de6c,2022-07-23,0,flyweight,0.5011804834751163
e1c2046ddc61effa0182c84b,2022-07-23,1,featherweight,0.8734141397130903
fcbaa5ecf7ea948ec4284861,2022-07-23,1,light_heavyweight,0.3827592467751298
a3042f1e67d6574fb63da12e,2022-07-23,0,lightweight,0.6199982142603003
ef6ab6d69866893d4c3f7e61,2022-07-23,0,light_heavyweight,0.4849396234475629
b8683f73e2644670bf1ff574,2022-07-30,0,welterweight,0.46619416139988906
282ad5f28deaf15f8dca4792,2022-07-30,0,flyweight,0.589698603367593
5fa0aeb049247895d054ff67,2022-07-30,1,flyweight,0.5290211208991676
c07de9903dda0402b5b7ae51,2022-07-30,0,heavyweight,0.48674685550502134
5aaa23664d6070cac2051597,2022-07-30,1,lightweight,0.38179979185911844
58e54a3c63001690d005c9bc,2022-07-30,0,lightweight,0.5812906237608005
10b81e064c1a7b6abe9a2535,2022-07-30,1,womens_bantamweight,0.6695269679390639
33eed00e388c88409a34cb2f,2022-07-30,0,womens_bantamweight,0.5467351464376947
e4877492b848342688b0277c,2022-07-30,0,light_heavyweight,0.29573238648659544
acc3d39765c5482fcb45accd,2022-07-30,1,welterweight,0.7467315288591726
17570bc74fd14e361a08e878,2022-07-30,0,light_heavyweight,0.377190755092684
ac2b588a1a2472b349609a68,2022-07-30,0,welterweight,0.3991040547630139
1a6042f44f4e1018e13bcf39,2022-08-06,0,heavyweight,0.41504952641893333
11bfef30ead4201c97f126a7,2022-08-06,0,womens_flyweight,0.49955628012597686
ee78ff94d74191c0950c3305,2022-08-06,1,welterweight,0.623825105403593
14baf91c942b6d4b80278c39,2022-08-06,1,womens_strawweight,0.5192280432338369
e16f507b343589a2e4e6722a,2022-08-06,0,womens_bantamweight,0.5900404708538486
e21ab264e04732c3ef8f62f4,2022-08-06,0,heavyweight,0.48687469302543507
e9da8c8a6c31cb23cefbf64a,2022-08-06,1,middleweight,0.6500727093286681
6ec98fde74b283e28ca0a7fe,2022-08-06,0,lightweight,0.23089247725647283
cf34d5f335348b66aa91eff5,2022-08-06,0,light_heavyweight,0.46852586434978827
f8f3e8322df974e5e79c4018,2022-08-06,1,welterweight,0.43625317681305065
a786185afd5f82f1db44d3c8,2022-08-13,0,catch_weight,0.7008763334427711
769a825b93d1f461ed037a48,2022-08-13,1,middleweight,0.4763100566444682
e5ba6b21277ad5545d7c0dc3,2022-08-13,0,womens_flyweight,0.5910714936669843
7322e2f3f4bf5390f2bda163,2022-08-13,0,light_heavyweight,0.6276274889514056
aaf6d2192b150766430fc20b,2022-08-13,1,lightweight,0.569374845433182
ba36c66a9c8864239d835333,2022-08-13,0,catch_weight,0.5835183835994848
e07aa035986642062d25c1f5,2022-08-13,1,bantamweight,0.5082055810834392
8734458639c9a77e963669f8,2022-08-13,0,heavyweight,0.4144402433036269
8e3ee192291658b73f706113,2022-08-13,1,featherweight,0.384864706002892
207fbf80c6f721606f408c61,2022-08-13,0,flyweight,0.6649798868805944
0e895646923d2363e9ee3865,2022-08-13,1,womens_bantamweight,0.35317778271956685
cd596c04dadc1a357e70db6e,2022-08-13,0,womens_strawweight,0.49955628012597686
7e414bf2e90506da27163941,2022-08-20,0,welterweight,0.568166101128904
8a9c09281e5eeca72ddede9c,2022-08-20,0,flyweight,0.32377937515775135
fc73feb19b3af4a912864096,2022-08-20,0,bantamweight,0.4338654652871573
2e655f9fa69fc63ba339bf9d,2022-08-20,0,flyweight,0.36916677211363624
09110ce448db775f208b9e4f,2022-08-20,0,bantamweight,0.3089146359929316
96bf35f8d242172083318f0b,2022-08-20,0,welterweight,0.6927036827077236
72cae9b3b0647f262149f01d,2022-08-20,0,lightweight,0.2668700054049475
6e01d4335754eab4e2519c82,2022-08-20,0,heavyweight,0.6196006962714793
e041b8ced5ccae038bf87f85,2022-08-20,1,middleweight,0.5012584077239725
e21703f2490a99b16dfadb3d,2022-08-20,1,light_heavyweight,0.7833749625818098
f41c685ee847a134377ce615,2022-08-20,0,womens_bantamweight,0.5740295072579141
9ce27f8c4c81304aae9d0e7e,2022-09-03,0,middleweight,0.5686487023282412
a3bbb4a0fa0064f0548c4dc4,2022-09-03,1,middleweight,0.5143414262756961
2d11896bafc8bb829b196c12,2022-09-03,0,lightweight,0.3851493694924974
55128794a5130c0766120091,2022-09-03,0,featherweight,0.546488022327924
7301434a052e54b477cb10b8,2022-09-03,0,heavyweight,0.24266387279445334
d67df94cf203060829d5e02a,2022-09-03,0,lightweight,0.43875382502401006
3f009a05817aa629ecb33512,2022-09-03,1,lightweight,0.7035568712522058
86ec5f7ecd89641f1c7cff4e,2022-09-03,1,bantamweight,0.5168067507955078
561ee3bd70a2f70be5d0512b,2022-09-03,1,middleweight,0.5846120856919641
0fc64e2e9e677fbf1fdd2676,2022-09-03,0,middleweight,0.5327569768279796
be1d0f8c941e18f2385e8ec8,2022-09-03,0,womens_featherweight,0.34573283886202555
b8f2b3651db2a7baa029e536,2022-09-03,0,featherweight,0.4914495429129573
4a6bcffa1eef009392233795,2022-09-10,0,bantamweight,0.3341776472994967
c00654036cf18b5bb5f2d2c5,2022-09-10,0,welterweight,0.5149672699326036
b36dfd6178f9afe0176a1770,2022-09-10,0,middleweight,0.5211682584967807
7f7d0ff5834aebf0c6e0956b,2022-09-10,0,featherweight,0.6750231455197061
41da67b4d117a50c666ac843,2022-09-10,1,catch_weight,0.2680631758798276
6153221828eccf4930f0d3e6,2022-09-10,0,catch_weight,0.086954528541255
9d40474ac4964ada854fa013,2022-09-10,0,heavyweight,0.5746746664970098
5a062d96aab1c99b7cc95f3b,2022-09-10,1,light_heavyweight,0.580341783796021
61ba8d4c4fabfe43fbb836c9,2022-09-10,1,catch_weight,0.3717961343450849
014ea6d786ce6f657768e865,2022-09-10,0,catch_weight,0.3789401822553425
0eacc4f0d8ed4f419ecbcea2,2022-09-10,1,womens_strawweight,0.5248192662943362
b23e87fdf32c675244e517b7,2022-09-10,1,welterweight,0.4773793051431855
129aa2e2442a6668ab3bdc63,2022-09-10,1,womens_featherweight,0.7495419857984794
5c6812938d363a82f925824d,2022-09-17,1,featherweight,0.33765090094177846
8d050432569789c31a32dcde,2022-09-17,0,middleweight,0.3766942110747061
dbcca4558e9c1d0d13c510a3,2022-09-17,0,middleweight,0.30720573848325317
bc3c14ac6ca3b5d7e1f471ce,2022-09-17,0,bantamweight,0.6560350492483915
c743e51d32485abb008206d8,2022-09-17,0,featherweight,0.5398352175286588
059dfb0529502eb13b47c82e,2022-09-17,1,womens_strawweight,0.5353588825004918
f973efc4d40fd253e6092acf,2022-09-17,1,middleweight,0.859988902528089
faae6d894d5ca7b2e828bf54,2022-09-17,1,womens_flyweight,0.517236092529971
ba54b51b997887a6beff6ea6,2022-09-17,0,lightweight,0.4794330852481448
4d68a5e737c1e8b51f6f2e2d,2022-09-17,0,heavyweight,0.725561146024346
58d0836ce3aef89372366e16,2022-09-17,1,bantamweight,0.3670730436796241
1afe0d50e01083bebcec9aa7,2022-09-17,1,welterweight,0.6878813386309578
49322c3b76a447084d3343fa,2022-09-17,0,lightweight,0.4661794791594133
87a787d77cf0a5e09d3d9395,2022-10-01,1,bantamweight,0.2577392849157496
38a5c52b9d2138c264286309,2022-10-01,1,heavyweight,0.5716564804685823
fc47440fea6c1d9a73f29056,2022-10-01,0,lightweight,0.46571132811081545
5c2d756d58e2169143a3d205,2022-10-01,0,catch_weight,0.7199245412927197
fa7cd15e925add6d68fc71fb,2022-10-01,0,catch_weight,0.45179745286673556
fa6a5ead0aa09a9ef6c5b57a,2022-10-01,1,middleweight,0.5701674290108261
b72aea582d1585d9cb98b492,2022-10-01,1,womens_strawweight,0.41899478469457696
769a6a0ed8f56e2771571177,2022-10-01,1,lightweight,0.6409867109433472
ba830e44c169818ed678aa41,2022-10-01,1,welterweight,0.7340012882044412
8a3a1e63063d34a285884a99,2022-10-01,1,bantamweight,0.5844697660879064
332b606adadb464988ce504c,2022-10-01,0,featherweight,0.20863182710203398
01280f9e77503889cc5f9625,2022-10-15,1,womens_flyweight,0.47883542748580604
ca2c4ad4a77247d7ccff754f,2022-10-15,0,bantamweight,0.2686767566646283
0b42a434a9d342606e9634d5,2022-10-15,1,featherweight,0.5912526935569937
26959a0ae6d9ffc29e07813b,2022-10-15,0,middleweight,0.4368970504530661
aae253d49a82af766011fb44,2022-10-15,0,bantamweight,0.27187430908138216
dd6794095b4f567cbc4101d5,2022-10-15,0,welterweight,0.6533256316219154
044df039a74152712583ec34,2022-10-15,1,light_heavyweight,0.5430531874948898
6a2ccb4c05791a9425fdd871,2022-10-15,0,middleweight,0.5978370988816484
a351ceb4ec13704924e64821,2022-10-15,1,womens_strawweight,0.43853602737481584
4f4009ed9b6888d49211b309,2022-10-15,1,bantamweight,0.5745781288576095
cb331ce12f84a70205c765de,2022-10-15,0,flyweight,0.32871403099192553
2fa71d83dae3ebb848f3441c,2022-10-22,0,welterweight,0.365248309505566
3969abdde9d204a1383b76b0,2022-10-22,0,bantamweight,0.3069199093299784
d51176910516429f296e9791,2022-10-22,1,middleweight,0.6891728924451228
8b1f7cebde3141ff07f2e923,2022-10-22,1,welterweight,0.5439089712864286
1f39f88404238882611b5baf,2022-10-22,1,lightweight,0.38663404661760126
89b86d8017ee9c1cbaa746ae,2022-10-22,1,lightweight,0.5825255096247168
e323e1ea8dacbcffaa512ad7,2022-10-22,1,womens_bantamweight,0.8072815517418083
35a1f8dde1fde0e00768056a,2022-10-22,1,womens_flyweight,0.4436123918958455
f4c1d9b02ea276231e92bad9,2022-10-22,0,middleweight,0.45906314932524594
bf2060061f6746545bdfc695,2022-10-22,1,flyweight,0.5784587932658087
5cb842db992ceaeea1b3cf29,2022-10-22,0,bantamweight,0.5963507728913401
a99407677ffcc07b6201b9fe,2022-10-22,1,light_heavyweight,0.4841887593295248
9e77914c5d3a7d1ddeb09921,2022-10-29,0,heavyweight,0.29696065473613803
0475b074697fe0251c4d12ec,2022-10-29,1,featherweight,0.7186578037153126
9ad86cefbe6ecdf976f7782a,2022-10-29,1,featherweight,0.42642539752711556
ad5ce07a6e0876f8d5be2633,2022-10-29,1,bantamweight,0.6537818948998562
3ea908dc8672aba46a6b1042,2022-10-29,0,flyweight,0.3510632347901833
9cf346c97ea2bbfd2c1c605e,2022-10-29,1,light_heavyweight,0.26093674892650653
2578ddec4698f73c077da962,2022-10-29,1,middleweight,0.6533571904561319
ca802282390c52fdb2408e0b,2022-10-29,0,middleweight,0.42288252112617286
15d5339005fa2e8e3ec329bc,2022-10-29,1,middleweight,0.37827782975875585
50f80108ef29bd03c1534f16,2022-10-29,1,welterweight,0.6066022185489057
5f9c2584685ac701df1b20f1,2022-10-29,1,heavyweight,0.4334499524011015
fb2b6999fee39d8d4b28984c,2022-11-05,1,flyweight,0.44816157125411543
1fa02083adffe4f1a1aaa2d6,2022-11-05,1,featherweight,0.4216270365879216
443e0c3f3b5ee8993cb6247b,2022-11-05,1,lightweight,0.6978137827085484
ad031ee4e83f763ae7e5c2c5,2022-11-05,0,bantamweight,0.40255028175092317
85d5c7447efef749dd381282,2022-11-05,1,womens_strawweight,0.4158573050364376
d98a3449d656417386274448,2022-11-05,0,bantamweight,0.2708788477020321
67bf0adfb4a72e6d1d0816f4,2022-11-05,0,womens_flyweight,0.2135221157531147
7d63d3e966fba6336272ecea,2022-11-05,0,welterweight,0.5401943395431885
7d171beb120b8d9b085f3e3c,2022-11-05,0,womens_strawweight,0.4613412767175034
f6116b016fd15f3896db959f,2022-11-05,1,flyweight,0.5222424933325258
d752a82ef0612c0a2c486058,2022-11-05,0,womens_bantamweight,0.5026538781203669
8aa99b2cd9574bce2a5476f0,2022-11-12,0,middleweight,0.41861469355873926
57a461274144d12c6cfaa424,2022-11-12,1,lightweight,0.4782644627203577
c2dc5cbd59cfdf863d8c6b7c,2022-11-12,1,womens_strawweight,0.4705777053180963
8a2af618f9bb8c2582583f47,2022-11-12,1,light_heavyweight,0.42294142864097
e85b565475987e455e539476,2022-11-12,0,lightweight,0.6110151774284863
66f2c5674043221ca0434043,2022-11-12,0,light_heavyweight,0.5225439998372747
ed6cea9fd841f86133410b45,2022-11-12,1,lightweight,0.6038986633254612
f9d00f1cc1b81acb25c5ad95,2022-11-12,1,womens_flyweight,0.666323360045228
89753c38b68f7526bf9e58a8,2022-11-12,1,bantamweight,0.704269143155301
b17854bdc5ac75cdebdebfc7,2022-11-12,0,middleweight,0.69873494095108
bb48fbeed91a2ae16e631b45,2022-11-12,0,bantamweight,0.5161357481979292
52729424a8db9c8e560906f5,2022-11-12,1,womens_strawweight,0.5909173849080016
4f56ea61b8260643a03879bd,2022-11-12,1,lightweight,0.2713611122465659
a29b34f3eb27fd13d76b11fa,2022-11-12,0,featherweight,0.5180607648531506
d405e854a32224bcc4db5e45,2022-11-19,0,welterweight,0.3712706001114915
65a1d86b89e2470e1e3db15b,2022-11-19,1,bantamweight,0.602962091607386
a610b8fe21dd433dd33fd822,2022-11-19,0,flyweight,0.5247838932458212
119695682640f1374d5c064b,2022-11-19,0,heavyweight,0.5035640652149495
134f4d4a92ff0f23596749a8,2022-11-19,0,welterweight,0.2526726247960361
076a794451db2a52b98c2309,2022-11-19,1,womens_flyweight,0.5401103646835272
7c2cbb3580dd05ab14dfada5,2022-11-19,1,light_heavyweight,0.6326746470855603
9893e9ce7e58dd73dc5255ef,2022-11-19,1,womens_flyweight,0.7860254898499751
08cc9cab63281c265de6127d,2022-11-19,1,bantamweight,0.5067878151765887
2f3fc3172d73cddfd573aa40,2022-11-19,0,womens_strawweight,0.3128465889890703
630502317483ca9c43c50cad,2022-11-19,0,bantamweight,0.27411548151290976
cb2b679c92bd80ebf4dce030,2022-12-03,0,womens_strawweight,0.44772024497112406
e884d59713242b5e40c18426,2022-12-03,1,welterweight,0.4636609336215853
78078a06b6123519e6e6389d,2022-12-03,1,lightweight,0.46184479536597306
b4ddf766033e81d0119cb1e7,2022-12-03,0,featherweight,0.15614149833176572
b2b4ba541349261a5183a952,2022-12-03,0,middleweight,0.6205989408376857
fbe2eacc0874d97394ea1832,2022-12-03,1,middleweight,0.38969457860654244
ce3faf675b6078ae06995f59,2022-12-03,0,featherweight,0.37767908734206934
4dac47d315d1aca95332a102,2022-12-03,0,flyweight,0.30613102303678735
cfc93cd8941fdfe5321696d6,2022-12-03,0,lightweight,0.7482133720404617
4f162c7c30d92fff90d239d6,2022-12-03,0,lightweight,0.18882522146430358
6896a8bee73ed65ceb61e90d,2022-12-03,0,welterweight,0.5725672203766814
3df0cd81dd767dedc14ec088,2022-12-03,0,welterweight,0.7844920037350168
ffaaa6810e903c894557c687,2022-12-03,0,heavyweight,0.31241867443007143
69d8f51a708f4a602eb6b066,2022-12-03,0,womens_strawweight,0.35266350478795977
d685375c090e0b3ac4d13d51,2022-12-10,1,featherweight,0.4023158292328266
97918cbcbe4b3af27679dc76,2022-12-10,1,featherweight,0.5227544365490836
195a4a25edefbdee1978add5,2022-12-10,1,bantamweight,0.4914495429129573
f41619679889d65542ce470d,2022-12-10,1,middleweight,0.5199711040796386
898f396f3f2e781708ad4221,2022-12-10,0,middleweight,0.37868173677133854
89ac380a2e7df762e9960bef,2022-12-10,1,middleweight,0.6845949608821887
6f83248ed364da425ac6e6b5,2022-12-10,1,heavyweight,0.39831142546581727
220fc84b9439edce53facd04,2022-12-10,0,lightweight,0.6754576336690713
c21d7cb712ee6288e115f864,2022-12-10,0,bantamweight,0.5757016321836343
11988bf1857ae4bc7fc9fc71,2022-12-10,1,catch_weight,0.4327879748092163
6cac8e9e2664ec7c35a78b87,2022-12-10,1,featherweight,0.5761629107710154
18932712ef980754aa8ea7d5,2022-12-17,1,featherweight,0.39896291297765746
a908a1420ff1d9f94575f943,2022-12-17,1,flyweight,0.6864815414565333
bbc491df17960bb5bff6b31e,2022-12-17,0,lightweight,0.310755106688984
0c96e42f32a09a794ddebc39,2022-12-17,0,welterweight,0.5170266080628294
fc2b431ca6e0290539b9ecfb,2022-12-17,0,womens_strawweight,0.4399160865471739
376d706e7b1fffd65da0244c,2022-12-17,1,middleweight,0.5636115231917249
62c857b47d6eb83bf9f679d1,2022-12-17,0,flyweight,0.5272596260943511
8b3108a9d38cc348b9ee1402,2022-12-17,0,lightweight,0.5514302538764771
708385da1df75bfa8783285c,2022-12-17,1,welterweight,0.3425774113330027
62df437ecc82bbfb87460bdf,2022-12-17,1,middleweight,0.40180992147120775
b09e70f040d7ee1dc6260cd4,2022-12-17,0,lightweight,0.3691258671526093
71ea7cae81899e81d9ce58fe,2022-12-17,0,bantamweight,0.5076080396636895
9560c9fd3964613752555ddd,2022-12-17,1,bantamweight,0.6241512636932911
c1e71d1d9adb482155fb773f,2023-01-14,1,flyweight,0.5003218539852919
d0381b088b9a49444821f7b5,2023-01-14,1,flyweight,0.5832698913322564
473cb05603e509a4bfc9c579,2023-01-14,0,middleweight,0.400109640653982
24f815b1e2137e2461a6637f,2023-01-14,1,featherweight,0.5643208034765881
f458bcba7703f48484dfacf4,2023-01-14,0,featherweight,0.478031212614971
483b08fc27731ad0a87cdc0e,2023-01-14,0,bantamweight,0.1959085688867476
ec208d732aca7f0b1f0f698d,2023-01-14,0,womens_bantamweight,0.5560867760570185
52d6bc7e6509310031ed4ffe,2023-01-14,0,lightweight,0.4650015523262698
c80a716a5e04319dc22d6f21,2023-01-14,0,middleweight,0.5285460484535595
e38165574d6bfd63d4e79446,2023-01-14,0,light_heavyweight,0.4550131063949284
e2ebd640cdbbcc28ca2e8743,2023-01-14,1,bantamweight,0.8508667217965156
c571321ad6d07f540414f93f,2023-01-21,0,flyweight,0.3540035380342873
1879c14c12351601569b29a1,2023-01-21,1,welterweight,0.38830430762637974
f709c650ce5f7a1d36b7501e,2023-01-21,0,welterweight,0.574880673412307
2b19d65e695d66ba7d5f52dd,2023-01-21,0,light_heavyweight,0.2910663567896805
67ced6d3bcd5f9cff7b178ae,2023-01-21,1,middleweight,0.2857840896886449
a292c3204c848fc795af4c9b,2023-01-21,1,lightweight,0.16027342405090847
7b9b0213d00e3e62562edc0e,2023-01-21,0,womens_featherweight,0.13628897362266848
2d3203b53911c02b06b5c3d3,2023-01-21,0,womens_flyweight,0.28399521382532034
88c05dde0cfbbe4c9eece03b,2023-01-21,0,bantamweight,0.22514767169283123
c20db3255eb0b21fa2aab9f9,2023-01-21,0,light_heavyweight,0.6448317617612479
7ba2b9a199192a87d60f6838,2023-01-21,1,light_heavyweight,0.6275122230373624
170c5bb7b9800aa0cb5760fd,2023-01-21,0,bantamweight,0.5433654700094752
f8fe5853ba92aa1d4941f315,2023-01-21,0,heavyweight,0.25202670234249236
a35835c41d69a4aa0cc51950,2023-01-21,0,lightweight,0.3262420957266254
f78c5d74308eea6a9b237336,2023-01-21,1,welterweight,0.4074923173961278
4379c427241e16c5c42ff97a,2023-02-04,1,light_heavyweight,0.3787068973564554
fb3ccccef9c44cd3f44a1d43,2023-02-04,0,heavyweight,0.32297213763424176
e58678b9928dcd7e2a89b900,2023-02-04,1,lightweight,0.4650015523262698
5ffe7cef56c8e5dc2a3b0312,2023-02-04,0,featherweight,0.4650015523262698
c06582e8c3186fa75ccd836a,2023-02-04,0,middleweight,0.27828953445988414
5eafd2114e06744c7808d3eb,2023-02-04,1,heavyweight,0.5823157376115591
c55aa74790a7618ed08e5e86,2023-02-04,1,flyweight,0.4650015523262698
667af8ef779c3de51b6ca32c,2023-02-04,0,flyweight,0.26804425611910815
92ddbc29697faa23279ea2aa,2023-02-04,1,bantamweight,0.4650015523262698
c0dbc7dac4a69fdfa7b8a7e5,2023-02-04,0,welterweight,0.39087475593024146
e3a6a92a6b4c14140c0f5668,2023-02-11,0,lightweight,0.5955798884767528
8e99069a041aef3a93ceeef4,2023-02-11,0,welterweight,0.49805785632943633
9ac871fd5b77a57cde66e145,2023-02-11,1,featherweight,0.637443588304639
128eedfd624aae6d0ee3489b,2023-02-11,1,lightweight,0.5679227734967848
3138bab08e28eac977aae47b,2023-02-11,1,featherweight,0.5422202383398292
8e0261939b3d9069a93806f4,2023-02-11,0,heavyweight,0.5428809531904643
4becbd5521ee229580343aec,2023-02-11,0,womens_strawweight,0.35197508869922606
50535e74ff87ae17e1c4af13,2023-02-11,0,featherweight,0.5273962173148867
39b8a2a3689793a61bd1f93d,2023-02-11,0,flyweight,0.4367134524067575
352db25f95df258b62afd7f3,2023-02-11,0,light_heavyweight,0.5904541689649172
e2a5ee873106609aef8b7d36,2023-02-11,0,featherweight,0.39366164823016486
3f5d726191be802693a573f0,2023-02-11,1,lightweight,0.2191347964148728
9d14cb3c9c8fd9e831cb2b86,2023-02-18,0,welterweight,0.47219978958697867
a36fcfd26910843e21b34572,2023-02-18,0,flyweight,0.5927052706886761
47e078d89d36a38676c579fa,2023-02-18,0,featherweight,0.3300717863569923
389d6b8640bdfa2549c1e3fb,2023-02-18,0,womens_flyweight,0.5886633181689533
05ce260e041a2605c602d2d6,2023-02-18,1,lightweight,0.5864154683345953
7cdd2df80d6a6c593a282b52,2023-02-18,1,light_heavyweight,0.7159088972901742
33ac9685a2515b76f149fc89,2023-02-18,0,heavyweight,0.38876558356545177
73b63059d90c2960c03c75b9,2023-02-18,0,womens_bantamweight,0.2642785771124143
92dbac7a52867e46b35fafbb,2023-02-18,1,lightweight,0.6193071595756932
a4d636f7490aa62d4f569a1a,2023-02-18,1,light_heavyweight,0.400415448776574
a77ddc24d18d055941c6bf15,2023-02-18,0,light_heavyweight,0.62877169418964
f489e5bd58bfc35f1f4419cb,2023-02-25,0,middleweight,0.5607180325769501
758f1c497bf18e82210ab5c3,2023-02-25,1,heavyweight,0.5654569481288313
5c80a7b04497ad5ee2bddd57,2023-02-25,0,lightweight,0.45057137451161977
3fec13ee85d7f9983960b3cc,2023-02-25,0,womens_flyweight,0.5112108982627367
0176ced8c9d94d30a64e4a7a,2023-02-25,0,lightweight,0.19769868781908442
cf7adf6d36d1b08cd9d8d30f,2023-02-25,1,lightweight,0.7206441479839758
b8372e22cddbfa48ea909485,2023-02-25,1,welterweight,0.5093934342580546
6b4e4ea9b801548615975cd1,2023-02-25,1,catch_weight,0.38173338798653544
6ea6168d8e84815d2134058f,2023-02-25,0,lightweight,0.645940032728793
fc0acba87af9f8c76a7e2940,2023-02-25,0,womens_flyweight,0.28229060821275453
ddddb220f603a1df3e1e0161,2023-03-04,1,middleweight,0.6166631011746188
72321c6bbe98eff02e4095f8,2023-03-04,0,bantamweight,0.3458900471676024
cc0b7fa4194f7f6e6d3a39f1,2023-03-04,0,bantamweight,0.4650015523262698
85fe8793909e6952c9f78f00,2023-03-04,1,middleweight,0.7282513759396667
7363e41d86228b1d3ccb37ac,2023-03-04,1,lightweight,0.4650015523262698
4e033da568b46a961139d1ab,2023-03-04,0,welterweight,0.34853127068182227
d3cfb0d2b891ff38ada976af,2023-03-04,1,welterweight,0.5880515659556161
cbd06542b2b208df53fd406c,2023-03-04,1,womens_strawweight,0.7003551051265019
c3f3ab3581e4101201417c58,2023-03-04,0,heavyweight,0.3132570346857941
9314741277e5a546928ec867,2023-03-04,0,middleweight,0.47227929502824045
483a44eda1de7ba858e8ac87,2023-03-04,0,bantamweight,0.42529213908420005
ec001e69e1a671cb55343f5d,2023-03-04,1,lightweight,0.6884489640799102
79f6fa67f74ca1d1eceb89f0,2023-03-04,1,womens_flyweight,0.2491496948769236
ae1d2e42c74ebe569b8bf839,2023-03-04,0,womens_flyweight,0.42287911506553444
2c3d9b8cf266f7d87b21947a,2023-03-11,0,heavyweight,0.4075281276244807
28667af2ecff9e735860e563,2023-03-11,1,womens_flyweight,0.2537951058353135
51fc827668838509328eca57,2023-03-11,1,welterweight,0.5301261532592265
02b6dc85938acd2c6dc76f32,2023-03-11,0,heavyweight,0.6838233705314477
5e42a3409698012174f55aa2,2023-03-11,0,bantamweight,0.10679343509986626
cc22e042a99a400b3b543787,2023-03-11,1,catch_weight,0.38205122492057186
4a7cf56c83980792658c3945,2023-03-11,0,bantamweight,0.4421304970551922
970d1a7858aa5b5c168bdb4a,2023-03-11,1,bantamweight,0.48852709016893725
8c472cd93fff869b8c1659b3,2023-03-11,0,bantamweight,0.47427725947860844
57624421d747b53b6a9fce19,2023-03-11,0,middleweight,0.519231909035118
121d895ec34c4ee500d71121,2023-03-11,0,flyweight,0.2403348842904672
39493c979c1bfbe357de6651,2023-03-11,1,bantamweight,0.45644590029090326
313274f54c13e378c9782b8c,2023-03-11,0,light_heavyweight,0.5681898138649865
3ef5192d293b633a47593b25,2023-03-18,1,lightweight,0.6049499389970368
67939b6e4ba8a035489881f7,2023-03-18,1,middleweight,0.3895917421558973
ba6858c0646216e3a271c7f5,2023-03-18,1,welterweight,0.46394781506957206
a41a13deba0d06034c0c24a0,2023-03-18,0,featherweight,0.1529093389545978
be9e3b6594a545c5ece02333,2023-03-18,1,flyweight,0.538457384991395
bd93d7b8110bf0a192791038,2023-03-18,0,womens_flyweight,0.7133155505321707
aba38730016b8b0777777ee5,2023-03-18,1,womens_flyweight,0.6500201422383134
a445f6f894e3074c43e9960f,2023-03-18,0,womens_flyweight,0.6784792968380714
0204fb629e0e6e99f3a62ea5,2023-03-18,1,lightweight,0.3510423962252101
a1b6f8d2aeb238711fe9cd1a,2023-03-18,0,welterweight,0.37995460398253766
a9bd37ea947df11dfb5e63f7,2023-03-18,1,featherweight,0.724186447232588
bd7c4c65dd0660d691a5b7ad,2023-03-18,1,middleweight,0.6042404773475574
e95f3b99a35f4827b821860d,2023-03-18,1,flyweight,0.7145258314755264
759b5432bb0e95fb6e5a4cad,2023-03-18,0,lightweight,0.4650015523262698
c1d7d7ce041d52e09d7193c7,2023-03-25,0,womens_flyweight,0.4041744632058675
034e224915320f869f1dba0a,2023-03-25,1,middleweight,0.5085035364406848
717be830f10bc6172050d1e0,2023-03-25,0,flyweight,0.28425597275932785
fb68a3891e073458dc6aaa5f,2023-03-25,1,featherweight,0.3043652887122456
b4bcc9e8264244b410d7df4f,2023-03-25,1,womens_bantamweight,0.6105798079059355
84ded834631bc85d1a979066,2023-03-25,1,bantamweight,0.49123356783745276
3932764824c5a65f4ea80b0a,2023-03-25,0,featherweight,0.5310692364904038
3da110d1cd53964797f27c55,2023-03-25,0,featherweight,0.5528561985266708
bc34061f7585c8cb754582fc,2023-03-25,0,welterweight,0.4242954222579421
d8bf04bd476c5def9385b3ed,2023-03-25,1,flyweight,0.5844390052473405
090d5cdefe42617fa644a06f,2023-04-08,0,middleweight,0.427059535084282
f4262813b91eccfae338f71f,2023-04-08,0,middleweight,0.5378036504816509
b3e3b5f129a63fb2038e58ed,2023-04-08,0,womens_strawweight,0.4435226541828013
30c5225ba53208cd76437d3b,2023-04-08,0,middleweight,0.7139305842706286
50f3bfb5121b7b06fdb05de0,2023-04-08,0,welterweight,0.437459330409339
a3cc4d0be0f091345c0e83cd,2023-04-08,1,catch_weight,0.5722750125755628
186919d4a2872e5c626d87b8,2023-04-08,1,womens_strawweight,0.5155872728528428
50677f1bf973ddd98ff7be61,2023-04-08,1,welterweight,0.6018646010558238
5bf9cd7d305f8634d4423b73,2023-04-08,0,womens_strawweight,0.5102454042848327
542ab5e1dd01c45dbe923832,2023-04-08,1,bantamweight,0.40250257879333723
cb56c19233738e3f99fb0b06,2023-04-08,0,bantamweight,0.49896015689315704
7941baf2f9c14b9bc5dc6877,2023-04-08,0,featherweight,0.4369176480268188
536fc9ff4143a7f0ef5213e4,2023-04-15,1,bantamweight,0.7062176680656158
58d7a5e6018b4265e7a4b16d,2023-04-15,1,featherweight,0.5175776793104482
f5d38b8d75c4c47b6cad6b69,2023-04-15,1,flyweight,0.34107949385661224
7b3a87bcfdaf6184fa346634,2023-04-15,1,womens_strawweight,0.47799884116854807
305a994660d1f7aefbc2d278,2023-04-15,1,lightweight,0.7859087209009958
8aa967b47782f05988eede93,2023-04-15,0,light_heavyweight,0.4920320708555289
e32814b20fa0d61f9191d8d6,2023-04-15,0,featherweight,0.6533428187374481
2df2b28eed63b6044ceb774a,2023-04-15,0,womens_strawweight,0.423685944164342
6576e21f61790cd99298296d,2023-04-15,1,womens_bantamweight,0.7520386054438724
fc2939e831f145899a2e2a1e,2023-04-15,1,lightweight,0.3070343613754797
8585d2f9c10439b3ae1c6def,2023-04-15,1,featherweight,0.3012692814245435
715f478ae35da582d9f2f26f,2023-04-15,1,bantamweight,0.2517882129034503
a3b645cd303899e532cb969f,2023-04-15,0,light_heavyweight,0.506507585446355
4c702db73869ec0f411cd286,2023-04-15,0,light_heavyweight,0.2486300258620754
99f50e21f3c2b8fb41bfe804,2023-04-22,1,middleweight,0.5536321093417678
379db5a242315cc0331f6ab9,2023-04-22,1,bantamweight,0.3378153799242015
42d8de57f8ac25ae0a59af37,2023-04-22,0,featherweight,0.31424474330327273
69df5f5db0fe03de6d83eeb9,2023-04-22,1,womens_flyweight,0.5555607775989453
ebbd9b0e418daaecd3a5147b,2023-04-22,1,welterweight,0.5164834433023481
a81b666d9fea33d5a4e4e227,2023-04-22,0,womens_featherweight,0.43218674564505255
15793bfec6a8406b59adf881,2023-04-22,1,heavyweight,0.4023455174093706
cf2e08d1a2de456001218fbc,2023-04-22,1,bantamweight,0.7497258511026538
2d07b591baacde698e40eca7,2023-04-22,0,lightweight,0.47560540442904947
d0f44949b918faa8a43733f9,2023-04-22,1,heavyweight,0.434599485435919
64bd164890b13ccd6152e1f3,2023-04-29,1,middleweight,0.46781972916497017
382d5f5de3ab9af93ca82b63,2023-04-29,1,flyweight,0.5923392604977387
e74e0fcfe591662c36de0f91,2023-04-29,0,womens_bantamweight,0.5483812170840795
9404efffd14ae8bc7d0dad29,2023-04-29,0,welterweight,0.5335302338763229
361d3b8343a3062df1f20add,2023-04-29,0,catch_weight,0.4053919729714919
209f89bb364ad65d94f93f8c,2023-04-29,1,featherweight,0.25473835891895014
de2dcd0f2af8b8f8855a9ee1,2023-04-29,1,heavyweight,0.49659399997926473
79b7440c98a3fe7209a2b6c5,2023-04-29,1,heavyweight,0.49935291486588174
a482e08e398790dbc62aab8b,2023-04-29,1,middleweight,0.6068981420669013
996883e37beff1a1ac3bb2d5,2023-04-29,1,bantamweight,0.48315046387235094
c0f12ad7885173fca8c8dadf,2023-04-29,0,womens_bantamweight,0.6846153282991387
8cc6c1a80c3b3e78fc639607,2023-05-06,1,bantamweight,0.5886360945072364
8f175dda24ee4d5ed157611f,2023-05-06,1,welterweight,0.5960262855821988
38e28862ab0d408ffcf40da9,2023-05-06,0,heavyweight,0.37172448962773325
ac89ad183f32d054d164ee0c,2023-05-06,1,lightweight,0.4349975463223013
ef1bf09246b82fc675505721,2023-05-06,0,womens_strawweight,0.6344486069097318
b96182f98b3de52de631a16b,2023-05-06,0,middleweight,0.47314694648833094
2db72ca1fb0fdb7fffe3a93f,2023-05-06,1,light_heavyweight,0.6241804118861034
c5ebf8e79324e5939125f9ad,2023-05-06,1,welterweight,0.6594070900879558
3e2e956ecc31c21affc1243d,2023-05-06,0,featherweight,0.37159593064256835
023c4ee9d811ea4e3c8b11fa,2023-05-06,1,womens_strawweight,0.3709909940171229
0675c46166735f4643081ce6,2023-05-06,0,featherweight,0.1572685849865611
3d3bc5c58bede42fd36c2efb,2023-05-06,0,middleweight,0.7455966907086463
73f39af8d610478efc1c33d2,2023-05-13,1,light_heavyweight,0.553660778975078
7a5e52cdf64699c40ca7635d,2023-05-13,1,welterweight,0.6135596324929663
8ea417e09eac08a2ad3fe828,2023-05-13,0,light_heavyweight,0.33865013561346186
f4ebeab135e8d5bb06730df8,2023-05-13,1,catch_weight,0.2669987507943063
bcb161a3c9d9e2a50a8e2857,2023-05-13,0,welterweight,0.6085787492366288
74a34d39413c8f931bad1e28,2023-05-13,1,heavyweight,0.5849967113309811
f166d8ac6a457943bfe528eb,2023-05-13,0,womens_bantamweight,0.48514797666023346
2d1948b604cc1d52072429d7,2023-05-13,0,womens_flyweight,0.47865268033742636
7eb37ee4f1b3f74a15b948a6,2023-05-13,0,heavyweight,0.26642699812432846
90d417de02b6d71ffa660d3f,2023-05-13,1,welterweight,0.3437090932606692
834f2fa194fc1425e6d5a51f,2023-05-13,0,welterweight,0.3820274429053859
9dea78b803a1d3cbffb84573,2023-05-20,0,welterweight,0.3876109353615347
d5f1029bfe5ae4808dbdeb8b,2023-05-20,1,lightweight,0.5601063416017907
583ed00e1a40f7bc24f0e7d7,2023-05-20,1,lightweight,0.582942554884911
a5c6f22d83c3a5cd1f37e6d1,2023-05-20,0,middleweight,0.5323561759830855
19550019194953c70877b46a,2023-05-20,1,catch_weight,0.6217003049251438
618b7b63848dfb28d9e75658,2023-05-20,1,heavyweight,0.5899782838004662
4dad1eec32d230346a567d14,2023-05-20,0,womens_strawweight,0.4829176410178291
f80948e2b2d88cf85d8f69c2,2023-05-20,0,womens_strawweight,0.3682482894586489
e14152d9d3bcd814f7a78595,2023-05-20,0,lightweight,0.4737658089825007
7a892f12809c158957f4222c,2023-05-20,0,womens_flyweight,0.10751527137143099
24d6f64dd1a9f4a00b60b172,2023-05-20,1,welterweight,0.5571120551135069
a9283fde7464f78285f35d4a,2023-05-20,1,welterweight,0.5291861071531404
8d2657059b80b7d256f63ce5,2023-06-03,0,welterweight,0.39884696271157855
c47c6d03bdb49b711c50f83c,2023-06-03,0,featherweight,0.396887470140378
fbdb0f998a41190f2e544cb6,2023-06-03,1,heavyweight,0.6134445843540967
211bd8ca31ce0bf9f809f926,2023-06-03,0,bantamweight,0.5790321660681681
1f74546eab5290536943b881,2023-06-03,1,bantamweight,0.4954144810143113
43dc5779bee5d6e1feaf1211,2023-06-03,1,womens_strawweight,0.4919278478874186
b53d7181f6baa5828ee82925,2023-06-03,0,lightweight,0.7468299265585713
eb35eda2f8e562604a3a6587,2023-06-03,1,lightweight,0.724868692904949
a2548db55f411224c2090a87,2023-06-03,1,bantamweight,0.5379773901453032
810ebf65cda6f08605d0dfb4,2023-06-03,1,flyweight,0.5328980404945464
ba64fa041a0a17289f7ec4aa,2023-06-03,0,womens_flyweight,0.49164581165331117
67fdbe55ae06879de2d3096b,2023-06-03,1,light_heavyweight,0.40356276826090653
e30468a3c5bcc4c5e6f074a6,2023-06-03,0,flyweight,0.4667470257668328
41b34cfef0a3c136d4b18cf6,2023-06-10,0,bantamweight,0.4675766841389371
2a7b20dea79359f48d7d2aed,2023-06-10,1,womens_bantamweight,0.697400671252122
1f2ee3d9684f952d35509047,2023-06-10,1,lightweight,0.49369112386682756
74a471c2a8c54c1c590e1255,2023-06-10,1,featherweight,0.5974385808656392
dca56b74a39286560767984d,2023-06-10,0,flyweight,0.5630805407786729
fb60c604b16810077c6dce79,2023-06-10,1,womens_strawweight,0.4585693694607959
753ef8a86a13c56c70328743,2023-06-10,1,featherweight,0.29275210896400444
bfe91c9408462da03caada04,2023-06-10,0,middleweight,0.517165049786898
f6498a4788e114791bbae90c,2023-06-10,0,welterweight,0.4155146269536266
0830f25bd926d3257e23b2ff,2023-06-10,0,womens_flyweight,0.638492517553311
b5479c9894d56b527aaf98e8,2023-06-17,0,lightweight,0.0877732331109372
fa8e30b594409ffd405b94c7,2023-06-17,1,middleweight,0.6074131318298269
5de7511b539dc2f35627eeb4,2023-06-17,0,flyweight,0.6062013295470572
1553628079b91961f98be03a,2023-06-17,1,flyweight,0.835959463792252
1701803460c2492f8c88e6dc,2023-06-17,0,bantamweight,0.34404352218343137
5ea10d9b2508835213a7e16b,2023-06-17,1,lightweight,0.5499861442412554
1ae6f24c34066c35e05a0ac5,2023-06-17,0,middleweight,0.6426975782355723
71155f2f38de2cef21d41ad4,2023-06-17,0,welterweight,0.49863668216007306
4afc828e854d71a980a4da1f,2023-06-17,1,featherweight,0.42146100464314123
1dc63941f97c2b53d6e7944e,2023-06-17,0,womens_flyweight,0.4502066796855152
b835ef106ba0d320989caaa9,2023-06-17,0,light_heavyweight,0.4970938554667956
9738dbbd12c022ab8c0244f4,2023-06-24,1,womens_flyweight,0.48950836244457646
26d1929d5e6faf685d9524e4,2023-06-24,0,middleweight,0.34132416588311193
02caa0904488e97a0c57821e,2023-06-24,1,middleweight,0.37292879426131154
8538c8b918b1de21ed7edfdc,2023-06-24,0,featherweight,0.580836199253709
0c4515b1fb214c21809f0083,2023-06-24,0,featherweight,0.7369366069654083
a6a76a7a7db7da77a11b5ecc,2023-06-24,1,featherweight,0.7781806454925339
0744f58285748a8258aff8bb,2023-06-24,1,lightweight,0.4598967414090418
86089570ccc769b26795cf5c,2023-06-24,0,welterweight,0.21006496222521687
34413a75b78402855b689235,2023-06-24,1,welterweight,0.6679216217773534
d63c07a027a8bfced274a3e8,2023-06-24,0,womens_strawweight,0.5270197801995492
355dde8fa8af4f55e7903345,2023-06-24,0,lightweight,0.6890113495157645
d903ae15997c5c3259527ac9,2023-06-24,0,flyweight,0.3022134204270854
c16d37110bfde910cc00a282,2023-07-01,0,heavyweight,0.2981357927312852
f0881ed5aee329899d5dbe32,2023-07-01,0,womens_flyweight,0.6313686333409365
ff5a4b29681042b715de7dd8,2023-07-01,1,middleweight,0.43495262790800737
66a014a3d695164cadb97344,2023-07-01,1,lightweight,0.740803034593207
5a3fafcfe8cf52b7388b69c6,2023-07-01,1,lightweight,0.55126425373861
031c91854eac829bdf2ffa2c,2023-07-01,1,lightweight,0.41158211589427973
40db9ab26d4cae9288a4883f,2023-07-01,0,womens_flyweight,0.5330654339090111
4ce7c778f23cd1bf4546e0ec,2023-07-01,0,featherweight,0.28190817799191464
2906ec3d58e436e5228c8dff,2023-07-01,0,welterweight,0.35181639523859803
36428584824bba6898b4824a,2023-07-01,1,welterweight,0.41152264243922704
44200bfac7f2a84fa9b3c2c3,2023-07-01,1,middleweight,0.5393637857324516
f2750b184214af53cd2d9552,2023-07-01,1,womens_featherweight,0.5110411753136412
bfd5cf090725753cb73a2027,2023-07-08,1,featherweight,0.5638585872518301
b7b4f20cf8dafb6a112ac7d0,2023-07-08,0,middleweight,0.48295854784160314
8391134e7f930a916e52ef20,2023-07-08,1,flyweight,0.291243229129801
339bc6663a7f472154266feb,2023-07-08,1,bantamweight,0.6703142716050043
59f58c9c40c64fe1b8d474ff,2023-07-08,0,lightweight,0.5000570449991487
8b7bd39fd6c76d413400ef59,2023-07-08,0,light_heavyweight,0.47379970218667394
d05493e5cdd7938e02c6367f,2023-07-08,0,lightweight,0.3700773457816168
e724df897e9fa95b33128001,2023-07-08,1,welterweight,0.23770413682730426
243b01b43b4d154ee283edb4,2023-07-08,1,middleweight,0.5767829978950062
0580b939723798e97e523064,2023-07-08,1,flyweight,0.7670219257209054
3ee9d49d2883a76f0d0b3ebd,2023-07-08,1,catch_weight,0.7186443691168136
307078a8aaf55515debd7e4a,2023-07-08,0,light_heavyweight,0.5549836717310309
c040765e9cd22df2535af702,2023-07-08,1,womens_strawweight,0.4161915573140643
0e415addf4419c1bb7040995,2023-07-15,0,middleweight,0.32303145326967053
fae07c7909695a8de2670ea9,2023-07-15,1,lightweight,0.3419441720810011
95d5ccbd56f49fdaea7018e3,2023-07-15,0,womens_bantamweight,0.38630384768121884
570ed242ca21c62fa3a6e0bd,2023-07-15,0,featherweight,0.36352002775263564
5fb55152ac40582efdac2338,2023-07-15,0,lightweight,0.4987853453144462
dc8c54b14e642c0f7dcc5d7f,2023-07-15,1,welterweight,0.8579884958808633
d5acd4b37d67e89519b6bd83,2023-07-15,1,lightweight,0.3147998472901481
59e240a1926ab9668d4ea114,2023-07-15,0,womens_featherweight,0.3194459016945939
20480c79595fbb7397cbcdad,2023-07-15,0,lightweight,0.37944981051293925
0504e93f7602bdaadee9e83e,2023-07-15,1,featherweight,0.5465940605590061
c66bd437648ce6c9d36fffd1,2023-07-15,0,flyweight,0.586909175885496
aee881a6e3b66ff815a14b4e,2023-07-15,0,womens_strawweight,0.4575134930819869
37dbd1517fc350dfdb82fe5e,2023-07-22,0,lightweight,0.6775378644968775
2086564bb6d1a17b69d9594a,2023-07-22,1,welterweight,0.3958597657806387
85cc199fb2cc71d7610b426a,2023-07-22,1,bantamweight,0.3077146955229661
d374ad54876bdc9ab00d188f,2023-07-22,1,flyweight,0.6744422312773742
f287ecd9b1b2b7e5886818fe,2023-07-22,1,lightweight,0.7351140405658023
5e03556ac21059d5540468b2,2023-07-22,0,womens_bantamweight,0.3935210706693307
88f4cf3ed1e8dc3bee9e78de,2023-07-22,0,featherweight,0.38986718695339756
f684f924db9762a5a24943d1,2023-07-22,1,middleweight,0.43218007430807
07930a4698e812e3c33400df,2023-07-22,0,lightweight,0.514507406320883
dc10ede4fff61150475f025f,2023-07-22,1,heavyweight,0.3746129419169145
1e5aadefe4f8b514331f7df1,2023-07-22,0,womens_flyweight,0.6462695714885252
be6f6a66dd1475a253d21e8f,2023-07-22,1,featherweight,0.6531354907773687
cdab172520a4c2a4e3be3200,2023-07-22,0,middleweight,0.6644282726897223
b6deee15173724b04f140ec9,2023-07-22,0,womens_strawweight,0.7017496505837026
8dbb536f8d8d18684dece8d9,2023-07-22,1,heavyweight,0.6969433376116015
cf7ebf33fc2afed4809e7db8,2023-07-29,0,flyweight,0.4024515099384965
4e8cbb73bf869a8da3d7deaa,2023-07-29,0,heavyweight,0.46031705867389483
2a07f8ea0b27887c995f15a1,2023-07-29,0,lightweight,0.4851761686928062
f1f93d9da3d77601ddc068c8,2023-07-29,0,welterweight,0.7184397890478775
7cfdf3b2768432a51473f253,2023-07-29,1,welterweight,0.7369237254205014
73c5255ed61178a04a589d37,2023-07-29,0,light_heavyweight,0.37969679309261806
542062f841901da309fd39d0,2023-07-29,1,welterweight,0.39055599618322195
1441ccf352df4b05c9a83aea,2023-07-29,1,welterweight,0.7015230751676668
c7180a83d72402d7608bdceb,2023-07-29,1,womens_flyweight,0.7270987717006326
3a32c6a5cc5a1fd46bea3e47,2023-07-29,1,middleweight,0.6558316374425548
7bb394fbae44e1da0cd5bca3,2023-07-29,0,lightweight,0.2769150145653579
282fb397e104dd45c570b28a,2023-08-05,0,featherweight,0.48384232277912803
b787cf6c2fa2ed8c9e195150,2023-08-05,0,flyweight,0.3411350177746993
6560f72e1b1c9b8138574df6,2023-08-05,0,catch_weight,0.44126290908633614
f94e4cad52bf9a6b2f38df61,2023-08-05,1,featherweight,0.6636310857033402
ce84563cfe04a65b5b76020c,2023-08-05,0,light_heavyweight,0.5797271496883756
0473c7065872a7d67606359f,2023-08-05,0,lightweight,0.7074307938706512
268d66a04a0a2276ada61537,2023-08-05,0,welterweight,0.622606915849267
d6ee9a0d0b602cdfb29a682a,2023-08-05,1,womens_strawweight,0.5947474286307397
d51412c5c86ef83705f9476f,2023-08-05,1,bantamweight,0.6879926269964716
bb3b63715b62f6b0e4f65950,2023-08-05,1,flyweight,0.4532911516057241
358d2e14d9541e87802ef07a,2023-08-05,0,featherweight,0.4674856827917315
8a9f408c675d89c45391bc0c,2023-08-05,0,light_heavyweight,0.4439319468139499
cc0dfcba2a9a1a686e41e380,2023-08-12,0,middleweight,0.5311071685018728
21b8a0738ac50baebd05d9ac,2023-08-12,0,featherweight,0.6601447699393247
b0a0a0e4e665e9f2ee272956,2023-08-12,0,bantamweight,0.3649614470374251
56c51c3acfc72d7fc859ad42,2023-08-12,1,featherweight,0.33624316774933555
f83ebe6bf664c143f114ee24,2023-08-12,0,womens_strawweight,0.4998731478003075
cae33a4c01f60ea5bc1c2a9a,2023-08-12,0,middleweight,0.40357354951933494
d7b541461594eecc66b90080,2023-08-12,1,heavyweight,0.6275485569019138
21dc27ee66f98446e047ad70,2023-08-12,1,bantamweight,0.6937463031437877
6f0ec3612994e967fb90e063,2023-08-12,0,womens_flyweight,0.44907650060267185
e18d45083a7c265a8622e262,2023-08-12,0,light_heavyweight,0.637834207058219
c9c58ef3f78b8a1983f75960,2023-08-12,1,womens_strawweight,0.5656411919843213
a6d4278c3e85ccf981d560d7,2023-08-12,1,lightweight,0.7321517328398083
fe4d9885f4576d7ab9015c10,2023-08-12,0,welterweight,0.3431640063278374
471c5569daaa1a004351935d,2023-08-19,0,bantamweight,0.5710761469345098
0b46edbdd82ecaaa8339d80a,2023-08-19,0,middleweight,0.38813477110079564
34b4caec2c3e9c8cc351c602,2023-08-19,1,womens_flyweight,0.7429843080133686
2defed33fd46d631e90ba986,2023-08-19,0,bantamweight,0.34830136799629463
e1c4b3bb77a1f665d7e9edb8,2023-08-19,1,middleweight,0.3816525318701349
f77e8217af476c8d76c17de8,2023-08-19,1,bantamweight,0.5932971176626336
5e2db79a3a1ad7fa4a047658,2023-08-19,0,middleweight,0.32509549818490646
6146e55c7547bad0f4598567,2023-08-19,1,womens_flyweight,0.6626716808348798
44a0ede1f5c3febcd8158c1b,2023-08-19,1,lightweight,0.1877464536306785
6a9d8431526f7e7ae3505c22,2023-08-19,0,bantamweight,0.3335022597832736
f59c117ae7cabc52d4b52159,2023-08-19,0,welterweight,0.5207413169095719
acbef5f5bc43c180f987011c,2023-08-19,0,womens_strawweight,0.40334248246364574
46011dba71434bf36e3c4864,2023-08-26,0,light_heavyweight,0.6123141654023022
7a36e5dab09fb0e3a32fff3f,2023-08-26,1,welterweight,0.5887736678772661
bff6b688a0748a0496dde666,2023-08-26,1,middleweight,0.6587618676430921
31b7a66eb42b8c36524c3ab3,2023-08-26,1,womens_flyweight,0.6515073893398652
dd4024c9c91e5afd2d978e95,2023-08-26,1,featherweight,0.5815089965799033
f0e0f24c2d6eded73e540e2d,2023-08-26,1,heavyweight,0.6757941712953005
f3ff547fc056f0ae57dcdd5c,2023-08-26,1,womens_flyweight,0.7533804499252361
afe662b987c151d703cd1acb,2023-08-26,1,featherweight,0.7089506915631495
ac6f2e63fe39b2f0a273ae19,2023-08-26,1,bantamweight,0.523658988391612
baae93ffbdc1bf0262cee6e1,2023-08-26,1,featherweight,0.48200093264123406
99ab297a031513ce93f1576f,2023-08-26,1,welterweight,0.27220282828496006
32ae1bb3fc496ea9626ce862,2023-08-26,1,bantamweight,0.6269720393586593
1fe545c4e1dfc5237a9e4748,2023-08-26,0,heavyweight,0.4371539681604626
ffa7455c3e5ede174ad4112d,2023-09-02,1,welterweight,0.5737871646226169
6d0f7ada6c998fb0eaf089de,2023-09-02,0,lightweight,0.44431463660138354
fd33be38cb0d1d4d0f6bca6f,2023-09-02,1,heavyweight,0.709231620234467
6bd93fadde24f7c7a79345fe,2023-09-02,0,bantamweight,0.3998516637016879
65293a8e2961fadaeef4cf65,2023-09-02,1,womens_flyweight,0.44156532140687493
2d1078d0507597c4e604903a,2023-09-02,0,featherweight,0.4650015523262698
a4d79f54aeee4768f37396e2,2023-09-02,0,womens_bantamweight,0.5896103774685406
44fbb5a2110d15b720a9751d,2023-09-02,1,bantamweight,0.5832709768444799
555e57ac84583be4ae725a15,2023-09-02,1,light_heavyweight,0.7084614046220414
21efe4021b701a3f681a8c10,2023-09-02,0,featherweight,0.23594817276360414
6e1227e9009e6929393b1fee,2023-09-02,1,catch_weight,0.5144329105134581
011b9746ab115630dd02c0fb,2023-09-09,0,welterweight,0.5077825637359357
b21089f4d62b3730b34a4346,2023-09-09,0,light_heavyweight,0.3289091922908996
1b6d13bce1996a9787f00657,2023-09-09,0,middleweight,0.600132233408559
b2b23742f60158de1d1c5c14,2023-09-09,1,featherweight,0.5540427154783318
b8118cbf106d813928e0b82a,2023-09-09,0,lightweight,0.25821859209750664
27e9d3412a74a9570b14c3f3,2023-09-09,1,heavyweight,0.5468201173449737
16064fb85fa34316d72d9e6c,2023-09-09,0,welterweight,0.4650015523262698
f84f38efd0c68a4d11911324,2023-09-09,0,flyweight,0.2951225016268006
a0cc78d39dbec7a5ce6e1bd4,2023-09-09,0,lightweight,0.3365880142913009
ed8e3c472972a277f73c443c,2023-09-09,1,featherweight,0.32897070947114493
b04e6f3b3710a8911531f136,2023-09-09,1,heavyweight,0.6506653436829651
16cede3f450ae715871ef8c3,2023-09-09,1,light_heavyweight,0.38107832724500595
ead4ef0da3ceb9dbd827dd4b,2023-09-16,0,lightweight,0.43813330484047347
c8cfe9c5b42f5b7ceda34093,2023-09-16,1,lightweight,0.352047733899534
f0c6e7a442001e286c22093f,2023-09-16,0,featherweight,0.5065265962604371
eaa1d742167744bbb2317e5f,2023-09-16,1,womens_strawweight,0.4771632952834453
399469f15d7034c6b5c5aa4c,2023-09-16,1,welterweight,0.46449821127557056
2d4c42ccd0419f0034998f5b,2023-09-16,1,womens_strawweight,0.6892254956443046
8e05c99e0cfb203d446ab29e,2023-09-16,0,bantamweight,0.4683172603748792
281de41fa325e8017e097798,2023-09-16,0,middleweight,0.36225407643593605
568b5c62f6997dbaa49f2d78,2023-09-16,0,womens_flyweight,0.4631317240318523
a8d577f3a15db8e801f72cab,2023-09-23,1,welterweight,0.5325622627247635
cd56e5717d0aecb3365e555b,2023-09-23,1,featherweight,0.585307449296251
978e40854ce586ab5015d89f,2023-09-23,0,middleweight,0.6553744018936846
e705c6274e273eb488346925,2023-09-23,1,womens_strawweight,0.6082676429307681
5f67fcb6ff0330a07c25670c,2023-09-23,0,womens_strawweight,0.5450078781502612
534e4ba8dcf5d6b12163bd43,2023-09-23,1,heavyweight,0.4850862518576914
ef95cdf14de0f6f13da1c922,2023-09-23,1,lightweight,0.6716203483648672
23bb45e27781d3fef56a8d5c,2023-09-23,1,featherweight,0.5213006195036151
abd474deac0d6aaec693b319,2023-09-23,0,womens_bantamweight,0.36158472695423266
afad3865935211f104c76cb6,2023-09-23,0,welterweight,0.3730775752039403
24613e52b4d9b4373f4e4226,2023-10-07,1,welterweight,0.5403877730097149
e808ac354fb383fa280dda7a,2023-10-07,1,featherweight,0.3781084652942753
c2fc0ceaf543ba31b0c8a9dd,2023-10-07,1,bantamweight,0.45524086567338024
1e86a983200de4386d6df19e,2023-10-07,0,lightweight,0.3623683382647083
80a2c51a131f7e11f83c99c2,2023-10-07,1,lightweight,0.24131610437191925
b0fd3639ae3acd8f3c7f83a6,2023-10-07,0,middleweight,0.33855544008401095
fe10b939cf29ddef67d106d5,2023-10-07,1,womens_strawweight,0.5164366758016661
da52ce077dfbc710eeee7d80,2023-10-07,1,womens_flyweight,0.5114018554088472
5d96dab1b32c072c721a3140,2023-10-07,0,flyweight,0.50159231170383
3b2b6f588f233752d4106bfe,2023-10-07,0,womens_strawweight,0.6745144634287005
af737fed0b9b7d7e97b45800,2023-10-14,1,middleweight,0.575483534399368
fe5a4702ff9ab44d8fd9a270,2023-10-14,1,womens_strawweight,0.5830271861186828
9f46ec6a1c5898a3f4218fa9,2023-10-14,1,bantamweight,0.668365223539019
bc494225f9e8733daace3b08,2023-10-14,0,bantamweight,0.5566113762293311
f9055a3cf35dd1b47246db50,2023-10-14,0,featherweight,0.6056841267704289
d140971eb1e02bcc7e160759,2023-10-14,0,womens_bantamweight,0.677246314750994
846b585d86cb8c9a7c662345,2023-10-14,0,womens_flyweight,0.5530342736098784
71152a346f5435274991f699,2023-10-14,1,bantamweight,0.6963342109579364
a60d64e4d57ac341a707429b,2023-10-14,0,featherweight,0.7124630941263582
e9b3649cbac6fea997127d09,2023-10-14,1,womens_bantamweight,0.6179775877236621
6eb8e73eeedd0a4d4f090e59,2023-10-14,1,lightweight,0.7375551071230465
daa19bc1073e4de488b93099,2023-10-21,0,middleweight,0.27001509277496
bd5197ce9e21f062e91cfdcc,2023-10-21,0,middleweight,0.541858461325194
29ca6c04a5121ff6b3aead16,2023-10-21,0,lightweight,0.43434288051015874
53f58a616f1f98162f59d9a1,2023-10-21,0,middleweight,0.51339568417999
259473adab67fa6d9c216e30,2023-10-21,0,lightweight,0.7886098338559807
e7ce0cf4e2292cc04f227813,2023-10-21,0,lightweight,0.43274446931962307
a12daf4c80637768db6e3c5a,2023-10-21,1,featherweight,0.32870992986995284
28eb240747f515de3836fdbf,2023-10-21,1,bantamweight,0.631219523206627
f0516b939f36ebafdf81ca17,2023-10-21,1,middleweight,0.3091268594685037
62d3a5771d6b10f0089a8f81,2023-10-21,0,flyweight,0.3384118484281596
757ba2eafdc177b61032db32,2023-10-21,0,womens_strawweight,0.3025283702529064
04563713f288927086d00dc8,2023-11-04,0,womens_strawweight,0.5170606902077154
4dc323525ec4fe6a1902471c,2023-11-04,0,middleweight,0.29840839513330636
7a0160ef91b1c3b2e386696c,2023-11-04,0,womens_strawweight,0.2559757327911732
63065d8129b0cd4edb422521,2023-11-04,1,catch_weight,0.659449064480259
1c5a8fa50a02c5f7237e7096,2023-11-04,1,welterweight,0.47109628125816155
74447d459909b91d8cbc210f,2023-11-04,1,heavyweight,0.6960986479321906
c7d24b653dac82db9b54ce3f,2023-11-04,0,lightweight,0.30339231513021814
df9a143b6b0fd7913bb8edfc,2023-11-04,0,heavyweight,0.3947999616387115
de2c9e0a9b1e5ca7f500117c,2023-11-04,0,light_heavyweight,0.42605721831994064
d15dd8dad27d3ee24d69ac60,2023-11-11,1,featherweight,0.537195911518428
afa38907d741913db5a7be3e,2023-11-11,0,featherweight,0.5729955388012895
8a2b05dae46c16a168a3e654,2023-11-11,0,lightweight,0.3942393347814263
496a2700b89769900984608d,2023-11-11,1,womens_strawweight,0.6861583256544518
8d6e2b7b8b22ac6ba0a22969,2023-11-11,0,light_heavyweight,0.4512970710570126
e8561543ae98872e901f6879,2023-11-11,1,catch_weight,0.37509786374933674
833524b44b22bd3208f2fbd3,2023-11-11,1,flyweight,0.6151501389811422
d20739f6f7bd77ea12be13e0,2023-11-11,0,lightweight,0.3000874705527086
144baece3f6aa1688e288975,2023-11-11,0,lightweight,0.30587143396552996
e7b64eb7fc4775216b389738,2023-11-11,1,heavyweight,0.40841084877969214
177541d6f63823d585239290,2023-11-11,0,flyweight,0.5611094025908635
f41b81824fdcc42b9e4d0405,2023-11-11,0,womens_strawweight,0.5307594434772915
f2df0f0bae9607c1cf534447,2023-11-18,1,middleweight,0.7465603287325506
d364f1a7af8353a6a5bb476f,2023-11-18,0,bantamweight,0.5026336500738589
00e7ffbaf4344527093873a4,2023-11-18,1,flyweight,0.5538793145251395
459984a71320f6181b1f6a92,2023-11-18,0,lightweight,0.5374219600591337
cac245615a9748a0186e36ce,2023-11-18,0,middleweight,0.41006902675358653
8e520f2d4e402e4c08eac42a,2023-11-18,0,featherweight,0.5667245527366328
19a60d3bb692f7fab1aa0998,2023-11-18,1,featherweight,0.3782895813224963
5d678692a9535ae7a7113d36,2023-11-18,1,womens_strawweight,0.67197642570527
e5dbe1f65469011be90331f1,2023-11-18,0,womens_bantamweight,0.25876668913028567
0814c6241270848832ee1c95,2023-11-18,1,welterweight,0.44359971464434256
d7d1847897d6db266f12f753,2023-11-18,1,heavyweight,0.753663484510638
ded733c1abeb30eef94d0f74,2023-11-18,0,bantamweight,0.4993337444868343
d8489abaf1802fa3a1021b7f,2023-11-18,0,welterweight,0.6427438511140728
3244052f0a3815145fdd8188,2023-12-02,1,lightweight,0.7282661476700484
29c71d1b4084e31abd61e31c,2023-12-02,1,lightweight,0.5087588932171447
266fe16c8f3e3b75a7f4c4a3,2023-12-02,1,lightweight,0.24932000975045854
577f775be78964896ac1a903,2023-12-02,1,lightweight,0.44592653798455095
aa55d74034f3a3481fb4d6d8,2023-12-02,0,womens_bantamweight,0.4689484026963805
6a65ab2dbc5dee6257dc9595,2023-12-02,0,middleweight,0.5819609186894413
ae90c163fbadc8e692614a68,2023-12-02,1,bantamweight,0.5578123021872974
d9ba19f4c35501b7970cbdd2,2023-12-02,0,light_heavyweight,0.5871511135554678
485be0671ebd8c05327115aa,2023-12-02,0,welterweight,0.41118903996377326
d0150e31146bd1f6c53d9109,2023-12-02,1,womens_flyweight,0.3753005080771424
71220001b252fdbf72418ec3,2023-12-02,0,welterweight,0.6005110242351432
9fc28e3dc009b827883edd97,2023-12-02,0,middleweight,0.35057526918463183
aef3796599ba902b135e1a2e,2023-12-09,1,light_heavyweight,0.3660128226495871
5b76e797c4ffb48b61410c9d,2023-12-09,1,flyweight,0.8806070630215376
1466c10bcdb2f1b0a1352dec,2023-12-09,1,middleweight,0.5575234573338113
55082c328945d276153798e0,2023-12-09,0,womens_bantamweight,0.31252308471560786
0a60ebc269e85bff31e989ed,2023-12-09,1,lightweight,0.4663946802981622
23ae5ee3a2a189aeb6fad511,2023-12-09,0,womens_strawweight,0.4771632952834453
aaea90999d2c2c9ef107ce94,2023-12-09,1,welterweight,0.42109553231812447
e4f499527d31d66c982fd653,2023-12-09,1,bantamweight,0.5885838649188349
1717f90d2160832604d7a78d,2023-12-09,1,lightweight,0.3432454415454437
adb8d33c46026c9bd9e6fbca,2023-12-09,0,flyweight,0.284399098508768
f02ef45176d4af0219dabfa5,2023-12-09,1,bantamweight,0.35550370008752347
280a428b31e2aef693a0f9f4,2023-12-16,0,flyweight,0.4698031780574149
d3365e6d3be6de5629a2c7a8,2023-12-16,0,light_heavyweight,0.561959238004376
d577b5cf3001b917a08711f8,2023-12-16,0,featherweight,0.33182646530735144
39fc49a6ebd402e80c2483c6,2023-12-16,1,womens_flyweight,0.31450568342537766
1330b89f70ea839717128850,2023-12-16,0,bantamweight,0.31210867944910275
058ef2585a4f17f0e5ad91cf,2023-12-16,1,womens_bantamweight,0.48319601559182473
f34bd1f41290f9fed4eb494a,2023-12-16,0,featherweight,0.7435894902365094
687a5fbe17d8dbd9d362aad4,2023-12-16,0,welterweight,0.23271810614567187
bb649a9711cf49795b3c4110,2023-12-16,1,heavyweight,0.28932210010040893
8b6069a7a68e296dabf0a2b7,2023-12-16,1,welterweight,0.82126286377104
0248f733a0a79ce27869d3bb,2023-12-16,1,flyweight,0.48280891370217793
ebe757e2d75707e5c685fa5c,2023-12-16,1,lightweight,0.5501121154292196
350855927478bdd1e949d40c,2024-01-13,1,heavyweight,0.73174729608959
3429305b9c7c09859dea585b,2024-01-13,1,bantamweight,0.4293959645611729
3a6a6b413fb74d30cc7ca422,2024-01-13,0,lightweight,0.4640096907179974
428a69abf162f2b9b7b4fc5d,2024-01-13,1,flyweight,0.6473675860874335
25198c09b99dc5ef33baad00,2024-01-13,0,light_heavyweight,0.3920814900354703
4a93776243956f8fbb398bfd,2024-01-13,1,bantamweight,0.5760448095146529
406ffce8282d87e7c9405a2e,2024-01-13,1,welterweight,0.4011522258281538
811e412052d3c3ce36862e6e,2024-01-13,0,lightweight,0.6807965545454848
8cc7da19086c6ed2e0367e37,2024-01-13,0,middleweight,0.568221930841852
8fe948f0238e3128d28de6c2,2024-01-13,1,bantamweight,0.471794168437604
5d13c41cb62ff0921715726b,2024-01-13,0,featherweight,0.22387121760254997
b7feb4f5c53ec81135796ed1,2024-01-20,0,featherweight,0.4121700113789311
19f5549fd17592807a27b146,2024-01-20,1,bantamweight,0.3352241005441192
89c2b506cd80a961358c0aa7,2024-01-20,0,featherweight,0.6421578450034796
2cfc07cf6675811da4dccda6,2024-01-20,0,middleweight,0.378328433681697
dc907d383820e288b4e21f7a,2024-01-20,0,womens_strawweight,0.35054768963262123
381492d3d739b74de7beeaf8,2024-01-20,0,womens_bantamweight,0.2172624828905791
1885c2392f3fc4e13cca8970,2024-01-20,1,flyweight,0.35178971056188296
d03ee612207eed674bede235,2024-01-20,1,welterweight,0.5016035995300334
b714ef8d91fff6b78df25c03,2024-01-20,1,womens_bantamweight,0.6728361239785466
8101ef269b3e43cfcb139bb0,2024-01-20,1,middleweight,0.6544549863956651
cfab9e2259fc0aaa894fea97,2024-01-20,0,bantamweight,0.4433087908852325
c5a68290631162d0cceb4de3,2024-01-20,0,welterweight,0.6468657857425704
585b9503d7555c070c210fc6,2024-02-03,1,flyweight,0.5129343141926217
cdc0b8fe8eb1f4398afe4cc1,2024-02-03,0,welterweight,0.5383154671143949
cccf589a0c312106aced03f1,2024-02-03,1,featherweight,0.5048668439500105
124fdf48a7e58167e2406acb,2024-02-03,0,lightweight,0.6092507435559025
c1f1986c9747f9c480a9e997,2024-02-03,1,womens_flyweight,0.6009241114076637
130b5f385e434a6ead40c900,2024-02-03,0,womens_strawweight,0.5251757052124718
68a976bdb4c4755bf10643db,2024-02-03,1,welterweight,0.6500618348234348
eff5e97ace834c6b6a4814ac,2024-02-03,0,lightweight,0.42262070894460435
83bf424cee3106fb1c1d003d,2024-02-03,0,middleweight,0.4314118114581845
6b6316141f41f8571d3e4388,2024-02-03,0,welterweight,0.3419543406438409
06ebbfece8ed6f916f1b9909,2024-02-03,0,heavyweight,0.44627789073709134
5cab68e112cbb2a3111df0ad,2024-02-03,0,womens_flyweight,0.28517076429645927
85b8c9276ba604cad81ebac2,2024-02-10,0,lightweight,0.4433087908852325
65d8d6420f1e0a4aa05a178e,2024-02-10,1,middleweight,0.4425039578935931
13eedeaf133943571e8e2adc,2024-02-10,0,featherweight,0.36567557976655346
19838dda64baf51b952b953c,2024-02-10,1,light_heavyweight,0.3828466687818727
c4b6f3ca9c43308740153a7a,2024-02-10,1,featherweight,0.5378826682742268
989b72f7d9fce65b937a2210,2024-02-10,0,middleweight,0.4818060375805283
a289673832251cad582de635,2024-02-10,1,womens_strawweight,0.6191393892309889
ea3d25224fa0cf859531451b,2024-02-10,1,welterweight,0.36020258870646954
f7537c194a0a6dedbc510eba,2024-02-10,0,lightweight,0.713431574111849
d7d8b7e2b293904ac1b5bb78,2024-02-10,1,middleweight,0.5498845010846041
598ce164fdf6415d56e7b795,2024-02-10,1,middleweight,0.38128139239534703
df6544316c136ebbbcf87b85,2024-02-10,0,welterweight,0.4772135384103713
4dc722c27e4030e3d16b4ca4,2024-02-10,1,light_heavyweight,0.32966718743729867
d7234fe2bf746ee2cf907640,2024-02-17,1,featherweight,0.6450461475868193
3d95040539382b0778d86880,2024-02-17,0,womens_strawweight,0.5722916910303925
0859c039546455918d4e00a0,2024-02-17,1,womens_flyweight,0.5599090875198354
8cf95c9b6a93f3379fba3bae,2024-02-17,0,middleweight,0.44587822102264246
91d92f1b9028820948735ff2,2024-02-17,1,welterweight,0.5974659549068296
1f1e004761793697bfdb3d25,2024-02-17,0,welterweight,0.42548934727602866
bd35b700e291f4438a1ed771,2024-02-17,1,heavyweight,0.33342753741407044
75d36ecf8a8355375bbfeb39,2024-02-17,1,bantamweight,0.6896732034509359
c54d754afa6119eaf55ba682,2024-02-17,0,welterweight,0.2650024511242692
9c356ca4e2c4a13e56153ea6,2024-02-17,0,bantamweight,0.26344985791548825
beebd8ffc5c9b908e7bffd97,2024-02-17,1,middleweight,0.6158711934823254
a4563fbab7ae7cde62a6e539,2024-02-17,1,light_heavyweight,0.44767987344356563
c64700ee2cdf4b4f8a2a3263,2024-02-24,0,flyweight,0.6437674271879849
209209db725130787eba0ee0,2024-02-24,1,lightweight,0.4961121276317885
89ef0f8da85fc4f1f608a06a,2024-02-24,1,bantamweight,0.6011952142899136
7595efdbddc1226c02f629f3,2024-02-24,1,lightweight,0.525260048260732
a58a8dd2b764d7c4cab9ab8b,2024-02-24,1,flyweight,0.6833994109511017
984871628d68f0d92bd4ef99,2024-02-24,0,featherweight,0.30458501164858315
f7770d17020ec11ef8b11097,2024-02-24,1,flyweight,0.3538525614679089
042a708e7b9fa3844e0e11d6,2024-02-24,0,lightweight,0.67364951125091
4c3292e39be0121f3ea756dc,2024-02-24,0,flyweight,0.4824930481293032
a92624583dd834ec8eb0b001,2024-02-24,0,flyweight,0.6134818010235553
044f7e8edbbc1ee181fc4391,2024-02-24,0,featherweight,0.6557056157299546
3b255e4692d41230aa1120e1,2024-02-24,1,womens_strawweight,0.2306971265581804
2a399975bd1e1b0dd0a23723,2024-03-02,0,lightweight,0.3539827457021668
f221e836ceb8c4fade1a00bf,2024-03-02,1,bantamweight,0.2741430494242762
5241c9c4ed74e9f71dec32a6,2024-03-02,1,flyweight,0.49375484339877845
8b878472b607640f653aabf8,2024-03-02,0,middleweight,0.3121132644419428
b8ab408b0ad3705153c60d6a,2024-03-02,0,middleweight,0.44765594538153836
462aef659d2f1c9db0a805c7,2024-03-02,1,heavyweight,0.31060852577976505
f6e2ffe4c9ca47e91797a8a2,2024-03-02,0,lightweight,0.28284941312552553
f975335e1c3c676390ad01b8,2024-03-02,1,flyweight,0.7213381498525433
a5ac42ab85f1ef67611fe071,2024-03-02,1,bantamweight,0.8683008053972617
95e0c040d06438ee57ea9376,2024-03-02,0,bantamweight,0.593612725216924
63de167ce405377f2aba39c8,2024-03-02,0,light_heavyweight,0.2899512795176651
767e0cd4fd92f89fa41fb0e6,2024-03-09,1,flyweight,0.6568808211348633
941a479df441789cc3533fb8,2024-03-09,0,heavyweight,0.5765765072439752
3bad79d24f4c8195f5e17845,2024-03-09,1,lightweight,0.34435175594315764
bdcfbf088a7d3f37af559860,2024-03-09,1,welterweight,0.6917973766786567
46bace0825d59702c71e7f9b,2024-03-09,0,light_heavyweight,0.6039822656431603
a0db913c10b186b2f2ee92b0,2024-03-09,0,womens_flyweight,0.3915258311281443
774a7e588c92b3603e13fb0e,2024-03-09,1,womens_flyweight,0.5505362904099359
58d4e6da9340c1453dd0eaae,2024-03-09,1,welterweight,0.17604107683966855
b17b04c1d8f0105c850933f0,2024-03-09,0,lightweight,0.20248716895969288
e1e51b91402d9d330f72e381,2024-03-09,1,middleweight,0.6676853184898331
29acf84fdc389a3d05e38869,2024-03-09,0,bantamweight,0.28135409518949966
6500ffecb08cd5920b6bb95a,2024-03-09,0,bantamweight,0.5548183176474907
ecc485a069e20e0452aa83f8,2024-03-09,0,heavyweight,0.3804354791790853
8d28cf9448610499fb45e428,2024-03-09,0,bantamweight,0.32524474322571517
1c78c76a645637092d543c74,2024-03-16,1,bantamweight,0.3557462930977498
2975ba8effb59bf63f531ccf,2024-03-16,1,featherweight,0.39868931526598156
2c547056bb11b7e5cf58a477,2024-03-16,1,middleweight,0.470982221652902
cd990f7b7b3c638cf7fb4af1,2024-03-16,1,flyweight,0.5998926088143643
2701e3a1ca5507745c3e167a,2024-03-16,0,womens_strawweight,0.4184674173828888
7b8f73546b25caae9d8e0963,2024-03-16,0,featherweight,0.5700902633194032
572aef4284a35d97b7e5b806,2024-03-16,1,womens_bantamweight,0.3403816531076446
d30caf84e805ba31ea467699,2024-03-16,0,lightweight,0.37932966472389645
50d49221d2d8e912a0449b06,2024-03-16,0,light_heavyweight,0.7953129013362427
1ede5ade9dccb1619dcef669,2024-03-16,0,womens_bantamweight,0.42060386784722936
35d276b0d655b5762a4adfa2,2024-03-16,1,heavyweight,0.4848422143540862
0a9b856652e4e6e97855080b,2024-03-16,1,lightweight,0.5599462725532777
a64c19e40b1495a3c1956bbb,2024-03-23,0,womens_flyweight,0.4532354928210909
5cdaf1aa145a0b5f1417f8a9,2024-03-23,0,featherweight,0.5255626333102421
ffd41253362852c43cf12750,2024-03-23,0,middleweight,0.3350156833583871
a22b995a041336cd2e7b1b71,2024-03-23,1,featherweight,0.47135433639658664
8e06fccd7bb02182d006203e,2024-03-23,1,flyweight,0.4433087908852325
faf2cb29b1f6abbd8713bb97,2024-03-23,1,featherweight,0.4066051807923008
b48bb5914daa78dc914fc244,2024-03-23,0,heavyweight,0.2988752335552269
2d258da0acd9ef5e460e76cc,2024-03-23,1,lightweight,0.40733576682728806
9df5f995b3d922bcb3086b07,2024-03-23,1,bantamweight,0.7910042642716748
45b6c75025a22a83394120db,2024-03-23,0,heavyweight,0.3446320947006223
fd45d43912f2632e09d27c20,2024-03-23,1,womens_bantamweight,0.4166438434370989
071ec632559eee88583d16b0,2024-03-23,0,bantamweight,0.5390204532668771
da9b12ab4d26fdc65b8ea77a,2024-03-23,1,featherweight,0.36830566795356445
8f4cffa9eab92b6b02b0d908,2024-03-30,1,middleweight,0.4438642982717215
597cf1aa8126498a52c75a08,2024-03-30,1,bantamweight,0.5935968823356786
806b9b05325b02e265c3a0fd,2024-03-30,0,featherweight,0.6103530373450601
c9a059ab5fe63b169ad893f5,2024-03-30,1,welterweight,0.5202501232595665
c42216542c36faee591ca558,2024-03-30,0,middleweight,0.5212553726058599
1165451188dbec47a064b95c,2024-03-30,0,featherweight,0.5549250581545813
dd594ad901b92c946c85ba83,2024-03-30,0,womens_flyweight,0.5047922313656071
bfe4cbeeec90491f6582a54c,2024-03-30,0,light_heavyweight,0.4459537973565592
eb04b76ac189631bafe863ef,2024-03-30,1,featherweight,0.7547134691772662
390a29759a09a018f278d78e,2024-03-30,0,featherweight,0.4935764900678218
8e19439b96eaeed402465002,2024-03-30,0,middleweight,0.36138156600534066
dde5cb51c199688c1b7fbf18,2024-03-30,1,welterweight,0.4508599221046546
66b4a5d77d71117aeeb34de4,2024-03-30,0,womens_strawweight,0.6305380471729647
11fb6fbb886f244ae864e58a,2024-04-06,1,featherweight,0.5091996822737807
8231f0e6b0b5bafc0c8468e8,2024-04-06,0,middleweight,0.26199973242370234
f2db18a4c054f0e037b11cc2,2024-04-06,1,welterweight,0.6472200448978146
71daf3f66499f6c8d84b8ff1,2024-04-06,0,bantamweight,0.6195174245724385
74a163474a8c0f8e7e0f8528,2024-04-06,1,middleweight,0.4401752164047786
75905fdb791eefe74e05107b,2024-04-06,1,lightweight,0.6940636322575502
736a7a3bbb975eced403288a,2024-04-06,1,womens_bantamweight,0.4616800308724124
87408b8645e7a31b6cdbbf32,2024-04-06,1,featherweight,0.5369427191104167
4ab9a0d319271e6464c41d4f,2024-04-06,1,womens_bantamweight,0.5862440926231188
741737d64bcf1c7e2c9ab9a2,2024-04-06,1,bantamweight,0.4433087908852325
44b8b16421d3b8ca5e361743,2024-04-06,0,lightweight,0.3998453433533641
fdb4e67476bc87811762511d,2024-04-06,0,heavyweight,0.3746160580687012
3300093a48a6b6f70a6dad94,2024-04-13,0,light_heavyweight,0.4625787073339556
f85198c6c82c7c5676cc1a84,2024-04-13,0,middleweight,0.3897993624818467
37e234e374031c4a9c10e43c,2024-04-13,1,featherweight,0.6907086863529084
564ed9d5df5aa5baa575e591,2024-04-13,0,lightweight,0.29939659258353585
03a849ee698f35fb17c1933b,2024-04-13,1,bantamweight,0.5783968878795503
7632d2c23612af5ce3d9a2f6,2024-04-13,1,womens_bantamweight,0.27283895828152166
147d563a5f53508a72a20873,2024-04-13,0,lightweight,0.5845273226013262
032c8104a460ad869376a130,2024-04-13,0,womens_strawweight,0.38579018060756426
a78f5cc79c971a495b411642,2024-04-13,0,light_heavyweight,0.43619975698992475
8600ede511999d9adc3c9975,2024-04-13,0,lightweight,0.32497718324899355
40ac2f53071b5de0836100e9,2024-04-13,1,lightweight,0.7348142026614952
3a1837e0a4820197bb51c85f,2024-04-13,0,featherweight,0.47135331883575793
0dc452084d23dc74076732ad,2024-04-13,1,womens_strawweight,0.6157575481719532
7b58877ab5e4d6cf85d3afdb,2024-04-27,0,womens_flyweight,0.3307217267424022
19df3fa9de41e66929ab88fa,2024-04-27,1,heavyweight,0.5459932872239316
0d17deee4e12367f002ba9a2,2024-04-27,0,lightweight,0.535721977652884
8d17aae9a953ca23b2144a12,2024-04-27,0,heavyweight,0.5204336964952749
9d1e1ee7b226466bb2c175ce,2024-04-27,1,lightweight,0.3324263557941831
03670cc90ed626c90836de43,2024-04-27,1,womens_flyweight,0.6325200557338346
53a27e69fc6fc4de042616c0,2024-04-27,1,lightweight,0.4433087908852325
e485c72f59f5947e989b064f,2024-04-27,0,featherweight,0.6596669137842486
6a21e75bc72a71c8587b87c5,2024-04-27,0,womens_strawweight,0.29875444963663045
1d88a0c36a95acc86682e411,2024-04-27,0,flyweight,0.4844763208762495
f070085973f94e62645c20b9,2024-04-27,0,bantamweight,0.4105966868922671
181283d8443a6c33cb21c79c,2024-04-27,1,light_heavyweight,0.2489369875214709
c674910dad3e5790a28e8502,2024-04-27,1,welterweight,0.5268956930532752
4018cfaeb2593cc98fcf7a7b,2024-05-04,1,flyweight,0.6940689785023743
75f967a01638fa466a040663,2024-05-04,1,flyweight,0.4954454039325111
048e951737120ee49478ad81,2024-05-04,1,light_heavyweight,0.47521498919677
22bf9f5adbf622b55d1f0d16,2024-05-04,0,womens_flyweight,0.4406083369655586
707d69a949880d2954a5183a,2024-05-04,1,lightweight,0.5253681601145685
40f2eca8b202a382e83a86ee,2024-05-04,0,lightweight,0.4366313389328876
f074dc7df2dadf7cfac1fda3,2024-05-04,0,featherweight,0.5630445734265641
d967e5ba34cb3ff8d9a4adb4,2024-05-04,1,lightweight,0.6285054747644007
e05a5a9e9719ca88d645516c,2024-05-04,0,bantamweight,0.7407390847375092
94bd5ed15286e8e4cc120e52,2024-05-04,1,womens_strawweight,0.41394388046049285
39cffcac3e882d98203f7dbc,2024-05-04,0,lightweight,0.7034683968886059
1c69f516d3ff75bcc6377c47,2024-05-04,1,middleweight,0.6904491769795971
e9311178ebb944a7fc6aca37,2024-05-04,0,middleweight,0.3740521725429937
5961c213c10f64edc3e88f9f,2024-05-11,0,featherweight,0.32809757358743963
dcb8007781e8317ca6a6c80b,2024-05-11,0,light_heavyweight,0.39525537831368435
67958e9303cb81656c149b1d,2024-05-11,0,welterweight,0.26577369741320883
1a80a39cf42c05f59642a74d,2024-05-11,1,flyweight,0.5721815777020549
7621b21075c5e1917732c005,2024-05-11,1,lightweight,0.5193906892732385
7a09d0a6adda8ef213536caf,2024-05-11,1,heavyweight,0.3627834791139938
2418c947db415559ec8fb353,2024-05-11,1,lightweight,0.1704743175066734
a79c545c27deb304d7edfd56,2024-05-11,1,womens_flyweight,0.36449458342920943
f511fbf1cacfba820f4106fb,2024-05-11,1,welterweight,0.4572813337377335
04e190387cb56de161ad5390,2024-05-11,0,womens_strawweight,0.3772170017858178
49c439cfc0b0097ddf5a2828,2024-05-11,1,lightweight,0.463437930028508
d9449a6730d848570ee311a9,2024-05-11,1,heavyweight,0.5878309301420317
a8bed7a2d2d40766423dceb9,2024-05-18,1,middleweight,0.5878830638086463
db2e4374a49ab25f5ec0dc0a,2024-05-18,0,bantamweight,0.26051144590756203
3be1164cabf2e5d45f3c45b5,2024-05-18,1,bantamweight,0.49879407226873346
3fd54e9fa93e640c3802e176,2024-05-18,1,featherweight,0.7797379557385714
d535daa86964c2b555e0dca5,2024-05-18,1,welterweight,0.399447024361351
58732931566ff8038d67e1ae,2024-05-18,1,womens_strawweight,0.3381427386830906
07ce5e11ec24372dce1eade0,2024-05-18,0,light_heavyweight,0.4308893621910656
d8dea5c6d18a01f239c500fc,2024-05-18,1,womens_strawweight,0.33789508426293924
c20d7e2d4ccac0647c485cea,2024-05-18,1,womens_bantamweight,0.5476098473088304
dc832abfc5a2f3f0b0e3125e,2024-05-18,0,welterweight,0.3528351473149492
5ef58c611edc62275574db90,2024-05-18,0,womens_strawweight,0.47165996676066696
97edf385302354b149760b41,2024-05-18,0,lightweight,0.4995210021279606
8e17356f2fda3a5192d31ede,2024-06-01,0,womens_bantamweight,0.30410751734624625
10c40b22ef9284e7de0ce72f,2024-06-01,0,middleweight,0.4724346774292041
79ff3b1a7d1bf92f16483213,2024-06-01,1,lightweight,0.5642002395447907
4b9696096d6fa5e9d5610ddc,2024-06-01,0,lightweight,0.11576065200251347
989ca4098373cae02934935d,2024-06-01,1,heavyweight,0.5853600050176153
6b33e6c737a6684a25945237,2024-06-01,1,middleweight,0.6973165968801747
cfe0192361aad1fbe188ea64,2024-06-01,1,welterweight,0.5203195922889858
aabe4d2579baa78d78077059,2024-06-01,0,flyweight,0.40738493685277316
113ec2a83989aaec45d0a399,2024-06-01,1,welterweight,0.4833877422122031
0acc32af1154473e50db81c8,2024-06-01,1,welterweight,0.5274166715149323
41337cbd48bf4f84174dc20b,2024-06-01,1,welterweight,0.6325060323257258
3dee3aff7f82282e32f8df92,2024-06-01,0,middleweight,0.35223695931659565
518127b2dd8efe3a417831b3,2024-06-08,0,womens_flyweight,0.45961055749564567
2e839f2de196517e8e246d12,2024-06-08,0,bantamweight,0.3935763405212179
bf7ea6fdb51531c8d451a756,2024-06-08,0,middleweight,0.4005904462764761
7de1c7f30e70c0054157559a,2024-06-08,1,welterweight,0.5229973227394271
25d7d7c1927b76a34bdc14d3,2024-06-08,0,bantamweight,0.4806195696285456
0ddcfb11315e9923a41bb2c7,2024-06-08,1,light_heavyweight,0.4857341727816048
e8438ef0c8ba3780dc2b45d9,2024-06-08,0,womens_strawweight,0.7400913569931897
d20e183e0125d6ec0f2db68e,2024-06-08,1,middleweight,0.5795827379539977
a1e8bfab94288f7370f435d3,2024-06-08,0,bantamweight,0.5584817383496262
e5d256c6836b448747c5b8c1,2024-06-08,0,middleweight,0.5154932559909333
70272da7c95cd179af6cf4d3,2024-06-08,0,welterweight,0.6372672478589021
144bac7646d283547cc8b638,2024-06-08,0,bantamweight,0.41225070830914634
19bc980d805f14744f6823af,2024-06-08,0,womens_strawweight,0.5973670155513857
8f81053df7a5953b7491f734,2024-06-08,1,lightweight,0.5300023228592751
79440448cd3fec28695e7dec,2024-06-15,1,flyweight,0.6985799466579664
6c45fb565fbf14ea75c4fdcd,2024-06-15,1,flyweight,0.5810196337876276
14d2774e1d1f3fd5e1c6dbc7,2024-06-15,1,bantamweight,0.4823574097954833
f5dfccd531de267b99e1f070,2024-06-15,1,womens_flyweight,0.42907309833515644
493d3aa0ab1d0278e2da7639,2024-06-15,0,bantamweight,0.2922542566903912
763a5efe7035e062f2c0b690,2024-06-15,1,featherweight,0.34165010009730784
1fed94581536b612e2fb59a6,2024-06-15,1,flyweight,0.7222965115995141
41d8ef2e34a39925ad4e75f9,2024-06-15,1,womens_strawweight,0.6854358901822846
f988066efa595e7f87d49d22,2024-06-15,1,welterweight,0.5685114667573884
19dddb26aefce6783b18baf6,2024-06-15,0,featherweight,0.3310307316450558
9a8f34cfdca8efcd4558a8b7,2024-06-15,0,featherweight,0.4235282907762419
37d4488fc8163313b1231aae,2024-06-22,1,light_heavyweight,0.34421662117956126
7cf1ccb04fb7f586000618cd,2024-06-22,1,middleweight,0.4537578186898172
0a2c033e657e7440fa8aa8de,2024-06-22,1,bantamweight,0.6322155717906818
6d76913c436ce9ce53210b04,2024-06-22,0,light_heavyweight,0.44372140041487573
1a036b09296210df95e21b1d,2024-06-22,0,featherweight,0.7271917891583525
fc3424ff1e489f76836e8acd,2024-06-22,1,lightweight,0.5555087107550398
dcdb4b3fb3f9b4843ea57bb4,2024-06-22,0,welterweight,0.30026785384947624
65451ad06adc1f6bd89a8674,2024-06-22,0,middleweight,0.40350450487716194
a1d5af9825d34f2535d592ad,2024-06-22,0,heavyweight,0.582145903874709
a0aecd3b3aa3acaa0c742fc0,2024-06-22,0,middleweight,0.43102870890284734
af244485111bd9dd30c97866,2024-06-22,1,bantamweight,0.4433087908852325
7c694c3870edbf3861bf90ae,2024-06-29,0,light_heavyweight,0.4676667281438579
1669e7c3c0104261e38941ae,2024-06-29,1,heavyweight,0.4418565514896894
6f03e907877bb17aa05774b7,2024-06-29,0,light_heavyweight,0.5643088401626727
9fcb0c56f33fc5b61e47d0b7,2024-06-29,0,featherweight,0.9165090922792721
bc237d1b3aa5dfe665961429,2024-06-29,0,featherweight,0.33796543127894046
7508a78c4629ff995495dbbd,2024-06-29,0,catch_weight,0.41471806278612233
1885b9c154714adfa0a9f0ee,2024-06-29,0,welterweight,0.3043719284335327
3a544bc796aa4992d5fe2c75,2024-06-29,1,middleweight,0.6974243539224476
a276808076c8af27cad7f2ff,2024-06-29,0,womens_bantamweight,0.3780695229213995
94dc3b686c902429728324a6,2024-06-29,1,womens_strawweight,0.5277358510628675
3d80286353ae673cbbea021b,2024-06-29,1,bantamweight,0.5071664402657668
d4d6b8ea5bd50709089f7bc0,2024-06-29,0,flyweight,0.5389532703079002
70c74e2537b1f6d717d6a580,2024-06-29,1,bantamweight,0.3392346592801831
df9f3189d74a76849525e5d0,2024-07-13,1,lightweight,0.2086542891092059
930fcb9f98b6403d004a10a2,2024-07-13,0,welterweight,0.6158107313753752
752309c3bca8093f692b1373,2024-07-13,1,welterweight,0.5930612811379521
8ad7692e5b972dd4a7267c02,2024-07-13,0,womens_flyweight,0.2336992585667113
12131907a7300a3995c0f29f,2024-07-13,0,middleweight,0.26444943931971326
46e97615d7088624ce11ccd9,2024-07-13,0,flyweight,0.7439180477093782
d8807ddb36ab019a53c30d15,2024-07-13,1,featherweight,0.2080515873143677
85ca4854cd014ce8c4b31d7c,2024-07-13,0,womens_flyweight,0.33271949082267627
ddcbb740cdb42e2859e3ca1d,2024-07-13,1,bantamweight,0.6168764235486764
41c64f492689442222f3aa5d,2024-07-13,1,womens_flyweight,0.5926391619081052
1d14aed9e7e615e94ffe9351,2024-07-13,0,welterweight,0.5152748398239221
1a1f05ea93dfb2cef5441150,2024-07-20,1,womens_strawweight,0.5582018829439376
1802198470e4d36f13b9a300,2024-07-20,1,bantamweight,0.40597722588603574
52f6aa2624ec3c51c8435cc4,2024-07-20,1,flyweight,0.5836555200791479
8d11b4f1eb76e9b46dbfa43c,2024-07-20,0,featherweight,0.5862530084946515
fb73b101f05286253264c95b,2024-07-20,0,featherweight,0.44307253935804924
92839e130f117882696a849a,2024-07-20,0,lightweight,0.5438243359587374
d8fe945f52c4101fdb8bc15b,2024-07-20,0,lightweight,0.5556899650461761
4833ad51744b121d927b82e5,2024-07-20,1,womens_flyweight,0.5786126920231474
5d08d6d735d021c218d42bec,2024-07-20,0,womens_flyweight,0.320390670517619
26a9e6c978b8d211b6443478,2024-07-20,1,heavyweight,0.43858877320413736
9f2b2e8e992c8c2d56b31b48,2024-07-20,0,featherweight,0.33498818890469756
097b47cf0fd70817100149e1,2024-07-27,1,featherweight,0.65770409370725
a5ec3ef5260e3a28c3483b8b,2024-07-27,0,middleweight,0.39173486297657034
9de739fe6020a6c9f3fae848,2024-07-27,0,bantamweight,0.6066357563374652
2e1d63b7961383b47d4f353a,2024-07-27,1,lightweight,0.36786923424580636
79cfa01484c3ea38f9f51531,2024-07-27,0,welterweight,0.7321335314919768
a5cad6e8a51f09bf4c7d852c,2024-07-27,0,heavyweight,0.2094689348022447
d8173aa5dd83c7893f9af630,2024-07-27,0,light_heavyweight,0.41460279927097354
10d948ba3fb1d8e9bd8dd436,2024-07-27,1,womens_strawweight,0.34157787766522696
74af90aae5e78d1c1ad3cd9c,2024-07-27,0,flyweight,0.2663236310722729
4e85b5ea469de051613b5741,2024-07-27,1,featherweight,0.783598870739583
513e525430fb53e61e0bc06f,2024-07-27,1,welterweight,0.3873565802791602
a91c178a8284b7aafa874169,2024-07-27,1,welterweight,0.4323166797811651
aece4c936f0671bad30426f7,2024-07-27,1,womens_strawweight,0.4058965422704604
73594b0e6c5d7117aadc2d01,2024-07-27,1,heavyweight,0.5639371045102384
9ba92a6b223ce70a5def5ac7,2024-08-03,1,light_heavyweight,0.5221048230995246
571fd99f2cea3cab0516a2a4,2024-08-03,1,bantamweight,0.7544495877526797
29050e1234307cff3226cdf8,2024-08-03,0,lightweight,0.4085834665617586
7966b9d988f1cc5340b09615,2024-08-03,1,lightweight,0.31078988563961557
45f6a77cf5bae11f69d9a8fb,2024-08-03,1,lightweight,0.35517617642229166
1f40f703023ba1bd3b521781,2024-08-03,1,womens_strawweight,0.430136482506974
d2025cddbf7cdc74c599ce2d,2024-08-03,0,bantamweight,0.5546124448958757
04bb77d8d0c872a4a2bc082a,2024-08-03,1,lightweight,0.6546676313632643
a962037dba890b1e59b3c11e,2024-08-03,0,middleweight,0.351147919711958
56741af4fb9164b3ceab34bb,2024-08-03,1,heavyweight,0.4708677579889614
ca0701d63a3f45561e4c49ba,2024-08-03,0,middleweight,0.43646046548180484
b008daa3b4c6db6c9f881827,2024-08-03,0,welterweight,0.32587374368158006
b4ace78f4c4b62732bf4877b,2024-08-03,0,womens_strawweight,0.4619972610148883
63b290ed8d80110a23d74939,2024-08-10,1,bantamweight,0.8152643415781735
a88dc52e44b8276a684bb173,2024-08-10,0,featherweight,0.36142854826882276
6399ddb25f22d847585f6886,2024-08-10,0,welterweight,0.2754748560707548
b8b9c9039b433da4b20b5f90,2024-08-10,0,heavyweight,0.6887871389009435
961760ffcf08037002d97654,2024-08-10,0,womens_bantamweight,0.4064037186032238
7e7ce2895404f87c5266303a,2024-08-10,1,heavyweight,0.5610174624728352
12d0555dd382fcfab24b3392,2024-08-10,0,womens_strawweight,0.436327187955357
96244b15517f4c3bda290b28,2024-08-10,0,bantamweight,0.6380678934781796
909669ccdc04944ae9d1b468,2024-08-10,0,womens_bantamweight,0.47110789771964906
bd60f369b8760c4e98e32f96,2024-08-10,0,featherweight,0.2770797558562932
d0e5f0596a80603b43725079,2024-08-17,1,womens_flyweight,0.4291113819912977
34ba7fa3787854789b373bc3,2024-08-17,1,middleweight,0.608594724460723
1ab2b260997db6bff8202e76,2024-08-17,0,featherweight,0.4331715553197825
4864b0dc32f25c0902026983,2024-08-17,0,featherweight,0.5002282783443295
fe925f7d987d2688da86017f,2024-08-17,0,heavyweight,0.5182546595354212
91cf1c66c0aae10df4f68f3c,2024-08-17,0,flyweight,0.5745544869816697
ae37c7930a26b186f933eb9c,2024-08-17,1,welterweight,0.6133848158829504
64bf5b234df82a4717fa37df,2024-08-17,0,lightweight,0.7474729268364089
a8691859c32e637d35c7433d,2024-08-17,1,welterweight,0.38130138730239704
9cef7cc38d059d1f8c348efe,2024-08-17,1,flyweight,0.4079358942981391
806133791825a62697b640f6,2024-08-17,1,heavyweight,0.5269012346653823
e85cd4c789fe17ebf55b166c,2024-08-17,0,lightweight,0.1593299419000149
7871134a09675ac61dce31c5,2024-08-24,0,womens_strawweight,0.32398439872023116
d1b1774c0be9c2a23e1afdb1,2024-08-24,0,lightweight,0.4865160982985517
03f2e0f30d6778d93ed003c7,2024-08-24,0,middleweight,0.5071014321691586
e36fc47ae8ddf929d7d70db2,2024-08-24,0,womens_bantamweight,0.2887086524241118
d27425d0f741578a348cf746,2024-08-24,1,middleweight,0.5606558688445444
7188747cdb0273a5acbad76a,2024-08-24,1,featherweight,0.4433087908852325
47b86263700fd8ef79cea0af,2024-08-24,0,welterweight,0.3499923925273641
a3f643c93410304590071638,2024-08-24,1,middleweight,0.4401752164047786
d5f593ce2352af15183e59e2,2024-08-24,0,lightweight,0.5108800872749268
93204973199b855bffa0e265,2024-08-24,1,womens_flyweight,0.6035807066762642
59d94d1306c4fa0cc5b39666,2024-08-24,0,middleweight,0.5184822867210775
7e324bf197dfe23d87cf3b37,2024-09-07,1,middleweight,0.7484900806437194
098a7ab058cb0919d2754437,2024-09-07,0,flyweight,0.30349915738623034
84bdaaa1b9eacf71f68d786f,2024-09-07,0,welterweight,0.38263068156663893
3687ac6b259d61ee8fdcf7d5,2024-09-07,1,featherweight,0.9776778197191199
520ab8059fa083df9466b8de,2024-09-07,0,womens_strawweight,0.2671625598024182
37543d1d6a400d3e6864fe4b,2024-09-07,0,womens_flyweight,0.4564814316404761
4891c35741f30e491ae624b4,2024-09-07,1,bantamweight,0.629155691387309
3abd10663dd8be12d13c6cd1,2024-09-07,0,lightweight,0.311966515466859
05620075d316a20238eb8fd9,2024-09-07,1,featherweight,0.59027306481554
b76888405cc10f4682091f54,2024-09-07,1,lightweight,0.4411556429842956
fde085a48d0a96f2360b6382,2024-09-07,1,featherweight,0.37002557707821215
45ada03471594e17da40af4a,2024-09-07,1,featherweight,0.4433087908852325
b32a701a44b0d95605d7c908,2024-09-14,1,womens_flyweight,0.6159770058240998
f2ff0c6a9bbd4b5eae926db1,2024-09-14,0,featherweight,0.37518250805759285
09fa80261d93813008aaa022,2024-09-14,1,lightweight,0.4193519100675619
c72915269d9a5169f4bdbe0b,2024-09-14,0,flyweight,0.26436102149651053
3b8c650614dfc5493a3b1bd9,2024-09-14,0,womens_bantamweight,0.32154333838573024
d5a12c28b25082427278edbe,2024-09-14,1,lightweight,0.5127980155540416
d767088f51b6e7714e8d7645,2024-09-14,1,bantamweight,0.5726791524358031
3ec64b31845ac4f1cb2f5a4c,2024-09-14,0,flyweight,0.4370058064032433
75df11c187e283ce3ab3b3de,2024-09-14,1,bantamweight,0.49812302534198993
1288aee9afdb2d374cc3012a,2024-09-14,1,womens_strawweight,0.5751718738282258
245096e15704e2540393d97d,2024-09-28,1,womens_bantamweight,0.4158146779961298
60d8f7e0b676daa7ac15f065,2024-09-28,0,lightweight,0.39028153708569674
7030ef6d4542c58352a49bba,2024-09-28,0,flyweight,0.4984480375777383
6ebd9ffc7a13c46ca71bd8aa,2024-09-28,0,lightweight,0.2794128577611929
3e276600eba4e29cd38e2cca,2024-09-28,0,light_heavyweight,0.3435745140869713
dc350102307a004ad39adb01,2024-09-28,0,welterweight,0.555806773618345
105253273d1654f9a2beee86,2024-09-28,0,lightweight,0.32438763902151185
50aafa48176dfa0137faaa73,2024-09-28,1,featherweight,0.6229525555527092
ab00b1352f514a47b8e37dc0,2024-09-28,0,middleweight,0.5794211697620927
87ccdba10c40f4bdcf843017,2024-09-28,0,womens_bantamweight,0.4250240096212382
88572ee2955c4e9d956110a0,2024-09-28,0,light_heavyweight,0.4843463380938482
7e74c10fa13302f3fb7dd90e,2024-09-28,0,lightweight,0.5004404280544649
0c580a243e221bbb34761e5e,2024-09-28,0,bantamweight,0.27572204391526894
c2a55835ec8fc920f3adf40e,2024-09-28,0,featherweight,0.5561834800980373
c1c94449aa8da08edf6e1dff,2024-10-05,1,light_heavyweight,0.7236546698930444
7c56376f5bee90553ebe1f91,2024-10-05,0,lightweight,0.45020731166617933
42c9a2d2c6e47f7150c3c7b8,2024-10-05,1,womens_strawweight,0.32491253101416584
1972bb7a08946b356c1315c6,2024-10-05,0,middleweight,0.49017114527596917
401cf3772c7ad44839360dba,2024-10-05,0,welterweight,0.4549070516393342
57b18397eb6dda68408204e5,2024-10-05,0,bantamweight,0.32285361006772006
144f8ee9b6fd2c722b5d25ce,2024-10-05,1,womens_bantamweight,0.7446000793159175
e443e39fbfefcebc6b107ee9,2024-10-05,0,womens_strawweight,0.48048426698198254
d310221180298a0117347d09,2024-10-05,0,womens_bantamweight,0.5029467467628704
c6f824443fc9c84e876b488c,2024-10-05,0,middleweight,0.5883042236481703
ce5cad2d9a093f6848c1c837,2024-10-05,1,light_heavyweight,0.6564863493023787
1956b00acb148792dba1a315,2024-10-05,0,welterweight,0.2283834398099936
4840224751a56333d055fc7a,2024-10-12,1,middleweight,0.5509734323676384
a727672cc9664edda540ef4e,2024-10-12,0,flyweight,0.7076890960280258
c9b19587d5b0943492e92d4b,2024-10-12,1,welterweight,0.4084293559021226
75c7c56dd807d68045a4386a,2024-10-12,1,flyweight,0.43885937219604026
8e2cca02f188a62e86ed9e5d,2024-10-12,1,flyweight,0.5241726513331794
559c2d014f7fdd130c04416c,2024-10-12,1,bantamweight,0.34966367464393977
b2154563c4e05478fec46f76,2024-10-12,0,welterweight,0.35945319492699196
0cb8a11def43b8e9e64a987c,2024-10-12,0,lightweight,0.3856175740972692
a9a12f6db5392e7212061c76,2024-10-12,1,featherweight,0.34061117349522585
da2b4cb4a1dece7e1cddce4b,2024-10-12,1,womens_strawweight,0.6467815629796823
6006b5e7b981df4da946cb96,2024-10-12,0,heavyweight,0.4293827530656737
d6fa07076c71693c51694206,2024-10-12,0,welterweight,0.46657926897952934
abcc6a4ab3920f6a692e9eee,2024-10-19,0,middleweight,0.6308156731682111
9e275e378f98707802ff3485,2024-10-19,1,heavyweight,0.4162483142357579
412a5bf196b840083c98f4cb,2024-10-19,0,bantamweight,0.2320636526366251
8109c8b9fae6d7c0aec54bea,2024-10-19,0,flyweight,0.3924482328740802
0971e4c0e50a7ee704277ff9,2024-10-19,1,featherweight,0.44415841958605784
8e8bc92bd61bc4fcf37df834,2024-10-19,1,bantamweight,0.33200311948727346
7f31ec33285ef5018378b5ff,2024-10-19,0,womens_strawweight,0.38710526480572033
f37b3852170b4e3e133af446,2024-10-19,0,womens_bantamweight,0.3740516837390271
79e0b62af359301a3c381318,2024-10-19,1,flyweight,0.5903008923410045
4798c8fae376043513d3f4d2,2024-10-19,0,womens_strawweight,0.476001152242441
497026b88b1c9f6fe365d724,2024-10-19,0,bantamweight,0.7303564348549889
64b6b3f836693e4882af28cc,2024-10-26,0,middleweight,0.4293367953620069
d083631584ac1c4442af2f54,2024-10-26,0,featherweight,0.3193112388841026
0fb2c51f918d8f2c887a3970,2024-10-26,0,welterweight,0.34042712883652376
4a0a7c62b38099ba662d7540,2024-10-26,0,light_heavyweight,0.3758954430383518
c481a4e5d3c8d48d2a063795,2024-10-26,1,featherweight,0.7547528051661998
e98deb41ebb14639db7c7876,2024-10-26,0,middleweight,0.40429209261178156
8c84124df2963190592ada9e,2024-10-26,0,heavyweight,0.2395839450036988
79fce42379f8108d722fa309,2024-10-26,1,featherweight,0.7318694128798459
df658a10c24790baf29d4ee5,2024-10-26,1,light_heavyweight,0.7002410133956222
c1770a29dd92cea4a6f380c4,2024-10-26,0,catch_weight,0.576991267614279
fa23b82570604d8dd9c63e98,2024-10-26,0,welterweight,0.15701047797461196
39f8f786e1f44eddf18e1470,2024-10-26,1,middleweight,0.7493755408887253
17cb3fa1910244939c601a11,2024-10-26,1,middleweight,0.5966033425229965
f369464f1180832f1d8b7c25,2024-11-02,1,bantamweight,0.552303437694566
e1741bf2713d935c14028fb4,2024-11-02,0,heavyweight,0.42077614760907855
6025d5b28df7b99fb482dcce,2024-11-02,1,womens_flyweight,0.6033707758279283
55b1b3ca9a1864952fc3a120,2024-11-02,0,flyweight,0.4640713128261568
88f856cc39f5020603b0cb4d,2024-11-02,0,light_heavyweight,0.6288791749876939
1f3e2215dc098945c449f796,2024-11-02,1,bantamweight,0.5196815383447078
fcff3a20a805946dcbc5b1f1,2024-11-02,1,bantamweight,0.3626837775513885
abebc636424c238657d451dd,2024-11-02,1,womens_flyweight,0.3730846305928707
4ac4778bb7788aaec05d064c,2024-11-02,1,featherweight,0.4495258051724656
6baeb93f8c6f6b9bd33db412,2024-11-02,0,womens_flyweight,0.4433460181958418
dcc9895cbd8b3c0b07f46767,2024-11-02,0,middleweight,0.4827508764023958
671290c0c6844812078884b0,2024-11-02,0,welterweight,0.3468232475626875
c56faacbd23e859d15f773a4,2024-11-02,0,bantamweight,0.4036177238483759
775087a13644ddbfe20dc426,2024-11-09,1,bantamweight,0.494214763594155
1019552fdbf1a6c9ac7389ae,2024-11-09,0,welterweight,0.21981648565124318
0e948b30e911a8028bcd9511,2024-11-09,1,bantamweight,0.39597624997385183
4fa91a1cfb6740cb784e067a,2024-11-09,1,middleweight,0.2479248527695403
82c4427e3f9514cdeb328735,2024-11-09,0,womens_strawweight,0.4313031561669392
4493bfb4dc8c9613ac38e90c,2024-11-09,1,womens_strawweight,0.5993573834142618
3a681fdfbe596d2fdcae3f62,2024-11-09,0,middleweight,0.4144198098336656
6b3506aa31679bb23befa70d,2024-11-09,0,welterweight,0.5451496051274577
c3c4de6fa97914db9f9aff63,2024-11-09,1,womens_bantamweight,0.4667425329234297
1977ecf38fd0fee16b089735,2024-11-09,0,welterweight,0.3540790688949692
97dc41469e9c9287cb5fd305,2024-11-09,1,middleweight,0.560380315647768
043847b8441b879d0f429697,2024-11-16,0,welterweight,0.38909953242894535
4167d3f6070971c8b9d1fde2,2024-11-16,0,middleweight,0.34455901926169535
9f92f3cfd66a55be8006ffb2,2024-11-16,0,lightweight,0.33564256344816945
54cc8d7bd582e5171cc7f70b,2024-11-16,1,lightweight,0.7085873702657077
bce7b7de58b92db963e36818,2024-11-16,0,lightweight,0.7776581453009507
3e7b3ef93a01e95602563df6,2024-11-16,0,heavyweight,0.10830367293231567
fa0177ce9126280f55a43082,2024-11-16,1,bantamweight,0.3266482834545207
b5c28155a6e12ff7a5ce6f50,2024-11-16,0,heavyweight,0.35863925750793896
03e4a0968b9c873a3c75fe66,2024-11-16,0,catch_weight,0.22537359379520241
017db93038090457a9f2ad7f,2024-11-16,0,welterweight,0.5974022960593062
a7c487f94464423d6463a35e,2024-11-16,1,womens_flyweight,0.43458320390677546
46332285a7b69c9d2a12da53,2024-11-16,1,womens_flyweight,0.41392174940661025
8811b8fcd2100494af6f8cd5,2024-11-23,0,bantamweight,0.4433087908852325
1c95d96871ede2553b9ef069,2024-11-23,0,flyweight,0.4433087908852325
c23bd1c8a9009f9e2aa0618e,2024-11-23,0,flyweight,0.4433087908852325
b6619e5bf2b8cb1dcad50e13,2024-11-23,0,lightweight,0.466280563502989
e18d6be41f88d838a0ea1d5a,2024-11-23,1,flyweight,0.5307130085244327
bd0443c550f1a30b6b7d0b7f,2024-11-23,1,bantamweight,0.6548824385686689
0ff5951760ba7570bb749166,2024-11-23,0,womens_strawweight,0.4406083369655586
c6ef3b68243861a699dbc860,2024-11-23,1,welterweight,0.6750553101120427
958a5e46c9010601ebb8d398,2024-11-23,1,light_heavyweight,0.6034350229809825
77418b65aac3f975237beb9e,2024-11-23,1,womens_flyweight,0.3050598515747391
8d8a818c9f17c009e3b85bf9,2024-11-23,1,bantamweight,0.41452522134115427
4a920eff3f6c4c24152c2d9c,2024-11-23,0,womens_strawweight,0.5949710708828565
ab152d7ea0e03fcd72fe5e3e,2024-11-23,0,light_heavyweight,0.3821869756355715
8bec3556efa0aff00fc6942a,2024-12-07,0,flyweight,0.23951506604659245
9635f631a62e6cac838fac30,2024-12-07,0,featherweight,0.13599564832389277
0304da4371ba534498bbfa00,2024-12-07,1,catch_weight,0.24290914087623883
b7f0d52ab8dd1cb8f75d38c6,2024-12-07,0,heavyweight,0.32121563635460837
228014fdd9ac575ec9d83932,2024-12-07,1,lightweight,0.8875950718389972
b17d607483172d5ebfb86b98,2024-12-07,1,flyweight,0.6486040956227078
5fcd9b73e591e02031a00a9e,2024-12-07,0,light_heavyweight,0.52521092519397
3e73e0845cfe08a1abaa6d7f,2024-12-07,1,heavyweight,0.5918520597304124
034ec1f2c225729b14c0dfca,2024-12-07,0,welterweight,0.45787764085514415
ba2176c71f65397aaa94d50a,2024-12-07,0,featherweight,0.3073222144547935
44dbc5139ac2ed24c255f5cc,2024-12-07,1,featherweight,0.583080956148468
9f2b7751f55b139930a7745b,2024-12-07,0,welterweight,0.5729790318100334
23e3d1acad9c979ed26efd91,2024-12-07,1,welterweight,0.5463204810027636
2bee7e4cb43cb0eed55b0645,2024-12-07,1,welterweight,0.3922109351546616
f0b0735efef392fe0658fcdb,2024-12-14,0,bantamweight,0.35759291322240694
bec4c121d2e352da409b0252,2024-12-14,1,welterweight,0.5504189431196916
7915719a146e85eb8bf4ac4e,2024-12-14,0,featherweight,0.6396704217562309
7b9f48d7590f393ee2bc937d,2024-12-14,1,bantamweight,0.4856877934941558
14139c465fda81dd1f24724d,2024-12-14,1,lightweight,0.6349484327252309
ee992fcfb2c3ec848b22bf51,2024-12-14,0,womens_strawweight,0.5722581084100902
a4bd67e5bf952f768ee5f2d7,2024-12-14,1,flyweight,0.5234201172261107
3d0468e9f5fdbbc6bcf4b92f,2024-12-14,1,lightweight,0.5611591221747284
8545cb07c6efcc3f4da59517,2024-12-14,0,featherweight,0.39384601002972247
01916ac920a0f4fd7230f3cb,2024-12-14,1,womens_flyweight,0.6682258541911943
282c2ae10a81491eae36a47a,2024-12-14,0,light_heavyweight,0.5438380104789713
92bbcef9c67dd1b7eb6c690e,2024-12-14,0,featherweight,0.2789272916301149
1fcccda17da14ab9603a0f66,2024-12-14,1,light_heavyweight,0.4223124079426141
d13a2c8a4f5306b8b033d501,2025-01-11,1,middleweight,0.5854438031086507
f97caf0d17bfb86368400b6c,2025-01-11,1,middleweight,0.4739777249582379
2162ca6af8aee7110a671097,2025-01-11,1,featherweight,0.6889548625328632
92702506603eaa3e00488ad1,2025-01-11,1,womens_flyweight,0.4937937021552985
cc7da53bb2061cf9b037478e,2025-01-11,0,womens_strawweight,0.27178157439844586
0dc0792dd70e1b4333e3f456,2025-01-11,1,flyweight,0.3351747256589193
41127606356904600eb046bc,2025-01-11,0,womens_strawweight,0.6121266596252783
6b4d318f2551857da68bd774,2025-01-11,1,light_heavyweight,0.42243592036891314
16d68cf0539018b23943680c,2025-01-11,0,middleweight,0.5457030397323719
363183767a8d3a0f614131b0,2025-01-11,0,lightweight,0.5309636389845799
5e5c66734f00f66b9aa5feac,2025-01-11,1,welterweight,0.35388654576401857
7cf917d8d98c64098c698bd8,2025-01-11,0,welterweight,0.5944075250483183
7202e3c174e624cffcb777b0,2025-01-11,0,welterweight,0.5905565097171681
8a7d322f6fca14cd6192d341,2025-01-11,1,lightweight,0.5045774989548494
6a55faf5e3739a306bb19200,2025-01-18,0,light_heavyweight,0.2979385615913276
e1288b021ae773be3a047196,2025-01-18,0,lightweight,0.15695666171739886
088ac1fb12dd2ebaf085d3f1,2025-01-18,1,lightweight,0.8441777635422522
2c8b03448ee5239e2e499d5c,2025-01-18,0,heavyweight,0.2812736673222521
aadce8bf98323e887aeff00f,2025-01-18,1,light_heavyweight,0.538747713763384
05573171f789b22f3bfa651f,2025-01-18,0,womens_bantamweight,0.33840356768742197
f17f100843d4e347772b5af9,2025-01-18,0,middleweight,0.46637167463773577
899fce523cce9f7a9cea2479,2025-01-18,1,bantamweight,0.4893356625016742
5ed39636288a2ba5ca9cb88e,2025-01-18,1,bantamweight,0.3718929177445237
a491ece7037c4c2188cfbdd5,2025-01-18,0,bantamweight,0.27874755463208495
5e65f3c26f4bf3514f5a3c0b,2025-01-18,0,bantamweight,0.5252963019491157
4a104e8add50e30a63b377d4,2025-01-18,0,flyweight,0.5080682584130157
bf312225f90e425743b88be8,2025-01-18,1,middleweight,0.3932355960765955
57eb886166168af015166871,2025-02-01,1,featherweight,0.5005290880406223
b59ccbba51f2c68ca30d9860,2025-02-01,0,lightweight,0.34117799821131317
120a28da81a44a8f66a0c856,2025-02-01,0,heavyweight,0.486362048870649
862cce61b7e0c11f70f924d0,2025-02-01,1,middleweight,0.5237929403752278
c798fa59525cc216c0e15eae,2025-02-01,0,womens_flyweight,0.41567726151800743
60c2041e7bcc826d91d85cc9,2025-02-01,1,featherweight,0.6879427578092067
11291199df3f14e2dc270b5d,2025-02-01,0,bantamweight,0.399144987486531
28183de1455c91b680305ddd,2025-02-01,1,heavyweight,0.5812718883561733
1da1b0b686fd6b43baf97f25,2025-02-01,1,heavyweight,0.5013998754693391
ffdbff0f4c4968471d6da71d,2025-02-01,0,middleweight,0.5544034327588563
bd2cfaf861c385423053277e,2025-02-01,0,lightweight,0.3245355817658414
f5a450b35a167eb5e07ea9be,2025-02-08,1,bantamweight,0.4588987734798001
d7c8507105dea51aeb1bfdbb,2025-02-08,1,middleweight,0.7289696322731177
a2f2eaef170057f6151c7c73,2025-02-08,0,featherweight,0.4993077477818972
19031d0d33105daae054408e,2025-02-08,0,welterweight,0.44282046747791154
6a55956e6720fad748255e7b,2025-02-08,1,welterweight,0.3884010781782402
8b7903d49f0a666b61c30454,2025-02-08,1,heavyweight,0.6507687207736782
d556670cc9c71b744bb1f91f,2025-02-08,1,lightweight,0.44220822579413155
45f18205b7ab429cda0e8fa4,2025-02-08,0,lightweight,0.4913241644155272
63c8ed3753f8436862f3b66d,2025-02-08,1,lightweight,0.4725883117957889
418191fa2b0e4fe58486229c,2025-02-08,0,womens_flyweight,0.44265214973606404
a283e2b088f7e3cd6e984a55,2025-02-08,1,womens_strawweight,0.4848917334085571
97afa1180f84df65f7a8be01,2025-02-15,1,womens_strawweight,0.3803807858074404
078c5c8821a745744b98ad55,2025-02-15,0,featherweight,0.3819721918793332
c394b4eccb49499e31f22f66,2025-02-15,1,featherweight,0.5605230647103879
ff260dc57e36bd97916349bc,2025-02-15,1,heavyweight,0.47440996072942876
7b74848f2f11072d1810e50b,2025-02-15,1,middleweight,0.4977619840335291
c2ae2a5895d0e803012919bf,2025-02-15,1,welterweight,0.5344326369771367
25e42648758cca6502fc0226,2025-02-15,1,lightweight,0.2921868135490394
fdab48eb73a21ee61647ad92,2025-02-15,0,middleweight,0.6259767316283686
47c5aab0ac3ce5195687d579,2025-02-15,0,womens_bantamweight,0.1366126493525738
23d1935c07ac5e1c9f6476c4,2025-02-15,0,flyweight,0.5320007855018742
8bb4ed4fbab729326717bd11,2025-02-15,0,middleweight,0.4338084961109672
1ed11e1b6352784e1475ef27,2025-02-15,0,bantamweight,0.47832720854748983
944399599bda880389ae1ecb,2025-02-22,1,light_heavyweight,0.519601863793338
b9096db38035d6174945c21a,2025-02-22,1,featherweight,0.5999184985754398
63bc7c3581e7f4a2567737d7,2025-02-22,0,middleweight,0.4365471027505896
fe8366c24a651ce84d46856b,2025-02-22,0,bantamweight,0.3621344606808202
6d0a157f5bce1d9bb5e4c6da,2025-02-22,0,light_heavyweight,0.6248143638221944
8652f3ecf523c3c24c7ee212,2025-02-22,0,featherweight,0.6668756522105969
6318765a68f8782f1fc9287a,2025-02-22,0,middleweight,0.29345832383702175
7247511fb4f337baaa72ec63,2025-02-22,1,light_heavyweight,0.9131919656574374
753fd329002d5ef7eca29455,2025-02-22,0,catch_weight,0.620118662546255
d40fb6e3127007381b95ecf8,2025-02-22,0,middleweight,0.33342271417877556
4343268eff9bd324970737ba,2025-02-22,0,bantamweight,0.41849261289588213
1361d01a5306c83782722047,2025-02-22,1,catch_weight,0.512130014318893
d7098deec85ab6f225b5dd3b,2025-03-01,0,womens_flyweight,0.5045844760656625
503ab7b4653a6b281798322c,2025-03-01,1,heavyweight,0.4902449540648878
5b87183fcdf61fb1cccae9ca,2025-03-01,1,flyweight,0.37352974197495475
f0082fb415e899c93890bc48,2025-03-01,0,middleweight,0.2853078054071777
39cb81a03865dfe9642dc2ca,2025-03-01,1,welterweight,0.3202880081409889
4bf7c060c65b5756e9a60a69,2025-03-01,1,featherweight,0.5423521550155586
869e85d2c9e882dcef21c8a6,2025-03-01,0,featherweight,0.5788801994793012
df30b7c826cff4376ce5f4b8,2025-03-01,0,flyweight,0.6614177436701089
b6aea126b237440f5f62b371,2025-03-01,1,lightweight,0.4715079821971392
0b08162e436edd7057feda6e,2025-03-01,1,featherweight,0.7359353357187134
a17f7fb3322a29d49109df5d,2025-03-08,0,welterweight,0.3793540134349727
cc0e7bf1a3de097b07abf84d,2025-03-08,0,light_heavyweight,0.5332063194492772
1180ae20fbc658f6a18bc519,2025-03-08,1,womens_strawweight,0.3668372560659995
d97232c5dcbdc6ae63204240,2025-03-08,0,middleweight,0.428579965939731
155fb95b8548237e167b385c,2025-03-08,1,middleweight,0.41963061461771317
73d9201cdf42426db5717467,2025-03-08,0,lightweight,0.3609215060459469
53c82e2b97f05f041be5e879,2025-03-08,1,flyweight,0.6436422430703674
fd96972af0a42cf8564554f0,2025-03-08,0,lightweight,0.5357400540043391
447e796f8f8fa0711eb851ec,2025-03-08,1,lightweight,0.5774610834850161
26367e541cf1af906e6936bc,2025-03-08,0,featherweight,0.3896035820382522
a5d324fc1e81b02c184c3d0c,2025-03-15,0,lightweight,0.2621336411235371
d40964659b77816a82e34d89,2025-03-15,1,bantamweight,0.4586656148152515
4d9f0274f43db97ee1d84343,2025-03-15,1,welterweight,0.383317997805534
51eb5fce6d358b03382f5759,2025-03-15,1,bantamweight,0.5810003016769253
8ddc51ee94270116d2585e6d,2025-03-15,0,flyweight,0.18343300306916108
c59095dc236475eaf1f3d36c,2025-03-15,1,light_heavyweight,0.3791836359448372
4f3b8f599d7b94aadb8e6e1e,2025-03-15,1,womens_bantamweight,0.24294912371342772
a8466adaf98ed6c751357dd1,2025-03-15,0,middleweight,0.5508132394502638
f77346f2cfc223f134a774cb,2025-03-15,0,featherweight,0.46743799702080546
37b9f881c73685fb65f4ebfa,2025-03-15,1,womens_strawweight,0.3412242899970852
eee4f8cd86fdc705589eb0d5,2025-03-15,1,bantamweight,0.7324812374441283
b5080981acd30c0532404b87,2025-03-15,1,heavyweight,0.41955480657876576
266be725a4cb31ca651114c4,2025-03-15,1,womens_flyweight,0.5147768278904927
d59008574058a1b14bbff996,2025-03-22,0,middleweight,0.3155937263010735
de9f0856738dc28e60a60f40,2025-03-22,1,welterweight,0.6449112135125687
bedb420a0b9904e7099578a9,2025-03-22,0,lightweight,0.3850123426917724
0906caed76b72740d3fbda4e,2025-03-22,1,lightweight,0.8091904220704597
935fbfa3a3fbfb2d2ea68df7,2025-03-22,0,light_heavyweight,0.3582114374305055
ad04951661f8f611e59c0050,2025-03-22,1,lightweight,0.60041589304702
cbd2b8dc7cb57c6a358efb83,2025-03-22,0,welterweight,0.506515001810527
7a42b1b6e8ea3d3b322d8a1d,2025-03-22,1,flyweight,0.6032561956804302
7573247bac486673ce88cefe,2025-03-22,0,heavyweight,0.48647874823594994
e7a39bf12141f8e19999e08c,2025-03-22,1,womens_strawweight,0.477546676098972
c7b4a84ae2cefe30cea00a98,2025-03-22,1,bantamweight,0.2528631712675287
7f81d57f5d833d8ad5da0848,2025-03-22,0,featherweight,0.4031259816663073
c82889c8c0d8f63fea61710c,2025-03-22,0,womens_strawweight,0.5113951929305008
11a10b425b59b9e0d8f0336f,2025-03-29,1,flyweight,0.5895490185424029
5d8ba6b9deefdc4cbb31c7d6,2025-03-29,1,featherweight,0.459634772794861
bbe55f63a120ca7a63ab45c1,2025-03-29,1,bantamweight,0.5178354124307495
a6bf522e3d935669f4bd1b6f,2025-03-29,1,flyweight,0.41675923867064363
4f32f005e6c63e6941a64b4e,2025-03-29,0,featherweight,0.3370917513082094
87722272fb59ea169b43792b,2025-03-29,0,middleweight,0.25871041709546955
e1d376d78f860f65c632bcaf,2025-03-29,1,womens_strawweight,0.4690852331466676
3156f76dc6396ce97902a82e,2025-03-29,0,lightweight,0.39520460448576866
baa2fdc844c082ed12a92ffc,2025-03-29,0,lightweight,0.4987474039552232
f86d56863e598ab008855f66,2025-03-29,0,lightweight,0.13834077982029389
3e7f9012b9276dfcc924089e,2025-03-29,0,bantamweight,0.28702239879899233
21a60322c2a027799b4cda05,2025-03-29,0,flyweight,0.620971180781429
23faabac36533d24333d8b9b,2025-04-05,1,middleweight,0.3876814758468499
289a7d06e957dda3ac71729a,2025-04-05,1,bantamweight,0.5388543487131024
61271bd039197039582f5081,2025-04-05,0,womens_flyweight,0.3114530191936272
c11487f1f0a20ca93c52f3f6,2025-04-05,1,featherweight,0.808327328566168
8009cb1b86ffa12974bab11c,2025-04-05,0,womens_strawweight,0.32468801265729397
fad1c076e137d244e645a12d,2025-04-05,1,heavyweight,0.5865104445315478
a5bc0dc17f83cdb10a2a2a18,2025-04-05,0,flyweight,0.5664510209964331
b98ca9357715ade21392a89f,2025-04-05,1,featherweight,0.29097914581801165
c2a1eead1ee0f81bdd50b9d0,2025-04-05,0,welterweight,0.6031595177431961
57a290e76e72b5ae2804232a,2025-04-05,0,middleweight,0.3445472408445646
f392bf4a5aea118b0fcf79e0,2025-04-05,1,womens_strawweight,0.5331207703927252
294eafd904f1e51bc94077ca,2025-04-05,0,bantamweight,0.3659416781615804
a8e7973569d577221c53a5b1,2025-04-12,1,featherweight,0.34537959755820324
4e202f20f679c3ad921c34ff,2025-04-12,0,featherweight,0.8344923306575913
fad6402a48eb036723f79f9b,2025-04-12,1,featherweight,0.3803052333235838
82ef6c2034d37182beab57b7,2025-04-12,0,featherweight,0.3149004462636919
ec097764b056848f4b4f88f7,2025-04-12,0,lightweight,0.10588566605555463
4bda5a5554aa5ab74b2bfb60,2025-04-12,1,lightweight,0.5325420044451892
974693fddaa3db805f33b78d,2025-04-12,0,light_heavyweight,0.3742647347177502
826172d4bbccbe638becdc22,2025-04-12,0,womens_bantamweight,0.2891967124190155
891260885a5f80d3bff0abd4,2025-04-12,1,middleweight,0.5143538684252592
6645c6018ec0a356a3d0c85d,2025-04-12,1,flyweight,0.38976088439773093
6dcff865c5ae334fc9ae487e,2025-04-12,1,middleweight,0.5820859875100564
08e9b543f1a75eee7094614b,2025-04-12,1,featherweight,0.8536196853681037
aa22b6401f3234d1bfbe071c,2025-04-12,1,womens_strawweight,0.5782099623430726
87bbf6258de3cb96e8a832de,2025-04-26,1,light_heavyweight,0.5109366541061707
028469098ba8b26b229f791f,2025-04-26,0,womens_bantamweight,0.3905883759315977
dbb70afedb9ef563817787e0,2025-04-26,0,featherweight,0.33546331694920106
3e3c5c5312b4bd929a84995f,2025-04-26,1,bantamweight,0.6163831876011938
27c7a904f136fa232c0b0a03,2025-04-26,1,lightweight,0.4819355416705115
ef1ff906136a4d3f4e3321ad,2025-04-26,0,featherweight,0.5145547025637772
0b8ae83ee2d6c368cb757711,2025-04-26,1,welterweight,0.5042975129076419
8ad58054347f53643069f2c9,2025-04-26,1,middleweight,0.46477276040931814
84a27a5934a0c6faca02d02f,2025-04-26,1,womens_strawweight,0.7890483088525742
1792660282d0d71e4e433eb3,2025-04-26,1,bantamweight,0.36879764724240555
cba044ae712b9c9e24ab6f28,2025-04-26,0,flyweight,0.31198595225968223
fcd8a836b338cbc5d9457d5a,2025-04-26,1,middleweight,0.60417240462539
d747420e16d28d2d195431f3,2025-04-26,1,welterweight,0.6820473030016548
ac300a8bc3a696efec4549ab,2025-04-26,1,featherweight,0.43575345139515365
36774760194e875a7d85e86d,2025-05-03,0,bantamweight,0.4574656256860046
d64f95744f53521697c83832,2025-05-03,0,bantamweight,0.5285904398828666
4c8d14f14865044186a00772,2025-05-03,1,bantamweight,0.4335390359060927
504fded2a818ea0a1f81dc2f,2025-05-03,0,lightweight,0.35416446020850434
cfeadf7497fc94fcc54fead0,2025-05-03,0,womens_flyweight,0.5868799054916599
225a65283842b9a22b1e2295,2025-05-03,0,womens_strawweight,0.3787897610329817
f9d7f8057a140f82e84a0d64,2025-05-03,0,bantamweight,0.515928907540512
f6f1adce42b69f53e07c9586,2025-05-03,0,middleweight,0.40459315156288683
f56a0df051c442e76a77663b,2025-05-03,0,middleweight,0.5573301124658409
d495047d0422766bf9f850a9,2025-05-03,0,welterweight,0.4261327297289553
087461f6bef4abba6c68dfec,2025-05-03,0,heavyweight,0.4256471343195645
0b74991d1601a7375bc27438,2025-05-03,0,womens_bantamweight,0.5375690399810932
8ba8e397555d48cc79bd8912,2025-05-10,1,womens_flyweight,0.691660670461942
879cb14fd7465227487d5da9,2025-05-10,0,welterweight,0.48833237721769013
9122d3e8d1d3bda33f7269aa,2025-05-10,0,lightweight,0.19714419426926055
cc4fe78051ab7264eeb20988,2025-05-10,1,bantamweight,0.49242621414747767
717f5c4a1659f99c4216a6ec,2025-05-10,0,featherweight,0.27176011918574033
4ac7c11efaa7ee9080a898cb,2025-05-10,0,womens_flyweight,0.4168344605325795
2b1c9563dd7925d92b8f60cc,2025-05-10,1,featherweight,0.4766996542501222
3ef6bc5a5758b71d5b267891,2025-05-10,1,middleweight,0.39973079574093345
0e3085a60c2e3c5fd7e03c0c,2025-05-10,0,welterweight,0.3849789820412517
62c80d38ec66ea69619a5163,2025-05-10,1,light_heavyweight,0.37493376980938087
f493312d5f22609841ea16e3,2025-05-10,1,light_heavyweight,0.615843908328384
5cfd6dcef72523c8bc33bbec,2025-05-10,0,womens_flyweight,0.4326749335971076
8444b628fb85e0e4c713e046,2025-05-17,1,middleweight,0.5735079822115969
595c1cd257144cb582b01ff6,2025-05-17,1,womens_strawweight,0.6674317478325748
764d40ffa13a207a8cef5a45,2025-05-17,1,lightweight,0.3586713927311772
c93c2ee36de8ad0b549a520f,2025-05-17,0,welterweight,0.29940642916832816
47f58df4a1ba8a790123c191,2025-05-17,1,flyweight,0.3990633864472723
6f771d9e2a51041fb7d36b9a,2025-05-17,0,lightweight,0.539132912914367
1d1a1475b7ae1dd4af4545ed,2025-05-17,0,featherweight,0.34454338033657617
19c93aa6cae2496337287bc2,2025-05-17,0,womens_bantamweight,0.46906850824625834
780ea07ae3c2dc63a325f1c6,2025-05-17,1,lightweight,0.5992289442122648
8ef614cd46790cd66f6c942d,2025-05-17,1,womens_strawweight,0.549970753258549
6065bf0f2380b1ff771924e4,2025-05-17,0,featherweight,0.37170583175096555
a04cf5513db9284fbe46879d,2025-05-31,0,welterweight,0.5908397245056929
896ec1d976131b842f3e94b8,2025-05-31,0,lightweight,0.29825983576917836
1d07d1283a57c6fc62da78c8,2025-05-31,0,light_heavyweight,0.5287256325962989
dd89cc1c8180870b90412295,2025-05-31,0,flyweight,0.544624468046922
6a2dddd90ed658483113a486,2025-05-31,0,womens_featherweight,0.6076712566772099
cde8734e2bfe61cc56299b06,2025-05-31,1,lightweight,0.7712071947160025
0dd89b255e0029ee98c9dc4a,2025-05-31,0,lightweight,0.4708760086599045
de48dcdb0e98a700b1038154,2025-05-31,1,womens_strawweight,0.36596463780634475
045909eca3b647588aeb2f69,2025-05-31,1,middleweight,0.5310705497962167
8faf9dea67b09bd99b348c6d,2025-06-07,0,womens_flyweight,0.36621980018622613
1d69d0b5671a7b6fce7824cd,2025-06-07,1,light_heavyweight,0.586110495099922
3597df50ab9c4e51486d7d22,2025-06-07,1,flyweight,0.7929323424774272
364fe5c4ef81f12bf32d31a2,2025-06-07,1,featherweight,0.539347964044129
4085c2e89e65277c8b429e34,2025-06-07,1,womens_bantamweight,0.6437772360106738
31f17d5574301b9b6fcc79f9,2025-06-07,0,middleweight,0.35593936429730666
3c800cd719ae5d849907a6c7,2025-06-07,0,welterweight,0.5571252780892406
5f9fcc8328c9a38c706fe679,2025-06-07,1,bantamweight,0.8312082888393836
9fda84271a8c700f28723c7d,2025-06-07,1,lightweight,0.5390968547595486
97d44289afe583ab015ca9dc,2025-06-07,0,bantamweight,0.3857731137316772
b323c6af2951f92e18796d52,2025-06-07,0,lightweight,0.3884043843267629
388fd0a68cd33b740d38ccbc,2025-06-07,1,heavyweight,0.42805162931094703
6fad86bc4d49f015f99a505c,2025-06-07,1,welterweight,0.637009210556769
76e418d35ed3e0f0e5bf278c,2025-06-14,0,light_heavyweight,0.5532480060754479
61ce6598688c9491dae0c637,2025-06-14,0,flyweight,0.3845856926829563
091aa54174aa690811470eab,2025-06-14,0,bantamweight,0.5106653225120066
682de845c3ed0c6a9162b4f2,2025-06-14,0,middleweight,0.5686065487146191
fd7d62e31dd3384cbb0c95fe,2025-06-14,0,womens_flyweight,0.30841410303345085
5acb29d01ff8ebd4e3ddb1ef,2025-06-14,1,welterweight,0.3572940490733213
b0e18e82c4258d5c716daf17,2025-06-14,1,bantamweight,0.7169453513429482
20c65e762c27eedc278d7fa1,2025-06-14,1,welterweight,0.6576807204275791
4d1c6f20df94ea83ef5e61c5,2025-06-14,1,welterweight,0.6134480814397686
f0ab13f1886542a2847e3141,2025-06-14,1,bantamweight,0.6381717193824059
762abc3f792ddae7e3bd7070,2025-06-14,0,womens_flyweight,0.44353070256453875
44c78b9f5f1b31ff3bd1dcb2,2025-06-21,0,heavyweight,0.15772830023439474
f94de5af522515fea5397b80,2025-06-21,0,womens_bantamweight,0.475701977150474
41e47b9d6a4d1d927369ac91,2025-06-21,0,heavyweight,0.5118618808329025
108b049c7b0a9a31781ff663,2025-06-21,0,womens_bantamweight,0.6025411084235437
46dfffefdbbb385309f0fc94,2025-06-21,1,middleweight,0.4229699820159229
dc0da8780f83f733d6135ea5,2025-06-21,0,light_heavyweight,0.6166012629214128
640598167682476e4e82e2a1,2025-06-21,1,featherweight,0.5197402776120177
0a238bb1d642688260bfe106,2025-06-21,0,lightweight,0.408376381601999
5bda6a238a9da05c7fbbe0ce,2025-06-21,0,lightweight,0.6671462498947941
315ef153376d66f5879dac52,2025-06-21,0,welterweight,0.6620336533996458
eb8583ac00a6323599a656ca,2025-06-21,0,flyweight,0.24445502476615338
29b54c255ccddac493a2134a,2025-06-21,1,catch_weight,0.6897598140311836
2e100976c7912f924b40ef8c,2025-06-28,0,flyweight,0.4163352987069573
cb0b0b0725275dabddfdc0d7,2025-06-28,1,lightweight,0.3704379599484044
2e7eb231b95160105221bc08,2025-06-28,1,flyweight,0.6572570814604
f2e78a8508a2b4a45b083944,2025-06-28,1,featherweight,0.19164944887620383
22a080c10f46376f89886971,2025-06-28,1,lightweight,0.8989192667816182
3dfcc06e8fa2e4a45e87f8c1,2025-06-28,0,middleweight,0.4998644436115753
024df74fcef0ae4d02b370e5,2025-06-28,1,heavyweight,0.6294877638411687
87c467d1d08f5fb738e3d521,2025-06-28,0,welterweight,0.49837642350326017
35104535682e463eefb2c492,2025-06-28,0,bantamweight,0.7389487352332388
d77290b270a306d23265bdc8,2025-06-28,0,lightweight,0.24722838542106956
5a15a8a28f896fc4cc3d080f,2025-06-28,0,womens_flyweight,0.46359708411769446
2ccfbdd8d524feb831c34bd7,2025-07-12,0,featherweight,0.3303024168184171
46e4b0c0b095e6a1824455ba,2025-07-12,0,heavyweight,0.807667736748417
9370d0fe112233ac16bfa61f,2025-07-12,1,womens_strawweight,0.6487578059420037
9c1fb56e609cbd6a1fb11633,2025-07-12,1,welterweight,0.5179272799353408
bc58565640e77c2276e10024,2025-07-12,1,light_heavyweight,0.30405679937803437
a77624b11d3a278d52c22094,2025-07-12,1,heavyweight,0.4954683532596318
f835d2868533801b21fc9f1b,2025-07-12,0,womens_flyweight,0.3835012647561567
07eb8178c0f1cf3e7ae4f656,2025-07-12,1,welterweight,0.5260683300575122
6f6dec82453fb5221dc8b8b3,2025-07-12,0,lightweight,0.28357353468319485
e49701832d493785c599056c,2025-07-12,1,featherweight,0.5777549092200363
7e0d55ba3c587ab22f4267a2,2025-07-12,1,welterweight,0.753294915644836
59d3a43566d9ee6b8ec44611,2025-07-12,1,heavyweight,0.6832861469897101
ac9b9ca1d346c1d7a4efa04b,2025-07-19,0,welterweight,0.48533776822266494
be17518bc4995180ea470f55,2025-07-19,1,middleweight,0.689707982538989
d0dec993d7bf19ccdf13c55b,2025-07-19,1,middleweight,0.5045835640757302
4f8792a3e30a26c648e37f7f,2025-07-19,1,womens_flyweight,0.39155146727863005
47f068eaf25694d3e2dedc0e,2025-07-19,1,featherweight,0.2254110931383283
d00277048709f53e5e823331,2025-07-19,0,welterweight,0.6624769952171986
5886c517a68a27c8922390f0,2025-07-19,0,light_heavyweight,0.26294046558544176
55abc58474afd8c488ee30d7,2025-07-19,0,welterweight,0.6881114646782863
31f78d290574d211242599f6,2025-07-19,1,bantamweight,0.5927546056014382
7f140b8e8eb850af317805b6,2025-07-19,1,middleweight,0.61591328721351
fe7e69f66ef7c35197993b50,2025-07-19,0,lightweight,0.313851335163541
ef74365ed86abf1cc45a1797,2025-07-19,1,lightweight,0.4612356496609496
4ba6aa5a4cb23a41969443b1,2025-07-19,1,middleweight,0.44568348303058414
249fc0ac1a643b51873825e3,2025-07-19,1,heavyweight,0.5727102963556017
4cf3d33ca45adeb8796cbfad,2025-07-26,0,womens_strawweight,0.5370529118959702
61aac29ee250562ae5af045c,2025-07-26,0,flyweight,0.5022675750322759
f41a705d58f918c9be91e699,2025-07-26,1,bantamweight,0.6993032611402248
304f8691454bfb71f6ae7be8,2025-07-26,0,bantamweight,0.6217899966806972
42b7976b1cd7ef4d25023afa,2025-07-26,1,light_heavyweight,0.40464268386567015
0ed1b38a437d44a3f5abfdaf,2025-07-26,1,heavyweight,0.6762232318976049
d263febfc5fdbeee8f58b3d7,2025-07-26,0,featherweight,0.4904443532162332
c7c669bbd319cb2c2c87bab1,2025-07-26,1,welterweight,0.45406451002953235
684a65cf1decc3485242d4e8,2025-07-26,1,light_heavyweight,0.46144545201532916
1813b343ffb8aa8b2cc16194,2025-07-26,0,bantamweight,0.3475965921866352
9b2be6df340bee34f4428a78,2025-07-26,1,middleweight,0.5710728991225896
74c6f9010e443faa822b5de2,2025-07-26,0,middleweight,0.2636995390546086
d2351ac652a2bab2080418a6,2025-08-02,0,featherweight,0.3131584928235637
5ebd51be5dbeb7c202cd6084,2025-08-02,1,featherweight,0.3047645841482652
7aa5337d0d17974526f6c0ba,2025-08-02,1,lightweight,0.4363128304805237
b03dd1e813c8588475d9f81d,2025-08-02,1,womens_bantamweight,0.38672603011508816
bd28e5af8d5f43e74bc83fa8,2025-08-02,1,lightweight,0.4899459230642797
46d87220040c3475480b22ac,2025-08-02,0,welterweight,0.38992867928135777
bd594c3f831ad998d30d3849,2025-08-02,0,middleweight,0.5199436967506179
7e20097120c6860e72b430bb,2025-08-02,1,womens_strawweight,0.6047852803970524
382ceb31d4d48f8aab9da86d,2025-08-02,1,flyweight,0.5754372872299598
2e73637cd749398a55647476,2025-08-02,0,bantamweight,0.5130826948501901
52b21a901e1d3f725068746e,2025-08-02,0,middleweight,0.24270770326924593
0cdb2c7c499c7f12c59d5076,2025-08-02,0,flyweight,0.43960540873146603
baa3a0b5bb66310d24d30724,2025-08-09,0,featherweight,0.7669236067002683
a0f1373d72f4360e3aaf5424,2025-08-09,1,light_heavyweight,0.51298470513692
dd55b10f0cf629737061b72f,2025-08-09,1,bantamweight,0.5940908487867226
ffa16f1988ab9e3541b7fcf9,2025-08-09,0,middleweight,0.3900144654911647
c16987de09fa3dbd489de454,2025-08-09,0,womens_flyweight,0.34210098562633506
2b3b2b67749e1bb892cf0acd,2025-08-09,1,womens_strawweight,0.5960153508282074
2ea0d44515ec523b78e2da31,2025-08-09,1,womens_bantamweight,0.7844750190318593
e9b686239850bd67761c5ec9,2025-08-09,1,light_heavyweight,0.7476140115433157
b52eb401eabebbc3b68e5a85,2025-08-09,0,bantamweight,0.40625398380412797
54b6e104899342805ddd9222,2025-08-09,1,middleweight,0.7190654901523955
5e92a9a9bc58ece830a866be,2025-08-09,0,bantamweight,0.18355545094895878
0140ff0489c619d42f8a0ba9,2025-08-09,1,welterweight,0.5241593918887062
b211de80fd6516d120afb179,2025-08-16,0,flyweight,0.5202695676966131
27cb9c0f0ecabb4020799a52,2025-08-16,0,middleweight,0.413732502756327
234c73ef7b9a7927fe06956f,2025-08-16,0,lightweight,0.8305986310561135
cdf24ad78589dd6b959aae41,2025-08-16,0,middleweight,0.45359403097878337
8506c9dc71d90951f7c2734b,2025-08-16,0,lightweight,0.3585178570434589
0969559ba428b44f26855dcc,2025-08-16,1,welterweight,0.5849437279767654
f3951fd1ca68c3288746990a,2025-08-16,1,middleweight,0.48703294232861677
c7dd9f5c6a0aaedcf7fe644c,2025-08-16,1,middleweight,0.5979256462772511
be776ecd0666a524bf1ddb52,2025-08-16,1,womens_strawweight,0.46061467515654514
8d971b809930f012282424d0,2025-08-16,0,womens_flyweight,0.41311310734637086
291d07fa6322574143c38d57,2025-08-16,1,featherweight,0.8717224119625934
bc0eb80d7162533c77f7ece0,2025-08-16,0,flyweight,0.638851123409266
95bd8df921ea22d128443178,2025-08-22,0,flyweight,0.4206013372910469
7abd8d8e5a8fc15a498dff04,2025-08-22,1,womens_strawweight,0.4116574173778512
2b17cff59381fe0c3eff3d9d,2025-08-23,0,catch_weight,0.24325443335180177
971111ce56c35402366b9b77,2025-08-23,1,flyweight,0.44625913828527825
db224424e2e8045da25a2896,2025-08-23,0,light_heavyweight,0.6885448215767012
b34ca09bc7be3fc0081881aa,2025-08-23,1,lightweight,0.4802759840011181
b4141bedb0af0b5c37add0e3,2025-08-23,0,middleweight,0.6867042045941335
dbd5352c89d5eb4c17fe7c41,2025-08-23,1,lightweight,0.5387824461648021
ce54aef08e800fa98afcab2d,2025-08-23,1,heavyweight,0.5073007860869324
043a909f41c4417e201656ad,2025-08-23,1,flyweight,0.5410131460097328
75ccd3b3fa917b9b2fc527da,2025-08-23,0,welterweight,0.42829695729876505
c2c392b6c345eaf81f091abb,2025-08-23,1,light_heavyweight,0.5720171199878532
aaa1ee69d1c8adedec2ed0ce,2025-08-23,1,bantamweight,0.5560662762161164
19c48d0092cc20527adcfae4,2025-08-23,0,featherweight,0.435109890217619
bdbe4caef667af15730fa7bc,2025-09-06,1,welterweight,0.5145097660485353
fc8351175b2ac09f0e8d1a7a,2025-09-06,0,welterweight,0.4038734868876623
25e249d53f5f7892cd67849e,2025-09-06,0,lightweight,0.42949177325449445
ddfc0bc76dca722735332127,2025-09-06,0,lightweight,0.5008367709339144
de86f6f682b93bce0597617a,2025-09-06,1,middleweight,0.37335560800008616
0f9e5bb0fbdd52c5494ff57c,2025-09-06,1,lightweight,0.6908186338880111
df0fc2686fdb22931ced0ede,2025-09-06,1,heavyweight,0.3037873452108643
fa090d54d2b757cc1aafea97,2025-09-06,1,light_heavyweight,0.4689222535740037
0ed5675eb3801a48b0335afd,2025-09-06,1,middleweight,0.48539721699590427
59ead85f13c9d2f09879497e,2025-09-06,0,light_heavyweight,0.22052674743827333
1892f3b9b4f3f9c8faa4c96d,2025-09-06,1,welterweight,0.3555929300646339
a291420436ccdbd80fef7952,2025-09-06,1,womens_strawweight,0.5199115410619816
1a292e2c83b63803de83f158,2025-09-06,0,featherweight,0.33962235827814485
18c4672055196f93486642be,2025-09-13,1,flyweight,0.36877512311194915
8299a8eeb3e657cfa6e00115,2025-09-13,1,lightweight,0.5925980479399222
c6e2b1f222bed62450b9ca12,2025-09-13,1,lightweight,0.3253198843697133
b287b1f453d1d7bf8bad3ee1,2025-09-13,1,featherweight,0.8420259494994515
c1c35ebf47c4980926d90cea,2025-09-13,0,flyweight,0.48965132489690694
5f287af644802d136e0fdd6c,2025-09-13,1,middleweight,0.5470083126100672
bee31ac5b44e1cacb29e970f,2025-09-13,1,middleweight,0.49141653108531824
ab7fa262752795b97960769a,2025-09-13,0,womens_bantamweight,0.46608423397311566
79c460f7318e1e47b6c052a1,2025-09-13,1,lightweight,0.6264876284917339
352016f0046a29a4cf067452,2025-09-13,1,bantamweight,0.2809110083178638
1df56064c8f7e1ca441000ea,2025-09-13,1,welterweight,0.45420213396710374
8fd221a4ec3d93cae773c96d,2025-09-13,1,bantamweight,0.29816867040869066
3af436048b664bb4bab1747e,2025-09-13,0,womens_strawweight,0.3513916519059635
b4d27de492bec1e8df9a62d7,2025-09-27,1,heavyweight,0.444924477268543
6f4bcf6d5975f9761b5ead36,2025-09-27,0,middleweight,0.5844665700001964
db1b4578fd8497038c89942d,2025-09-27,1,light_heavyweight,0.6014128162885363
c511c22373e257618013d581,2025-09-27,1,bantamweight,0.5472066884925176
ae55c7192e5d47a30cc2fb22,2025-09-27,0,featherweight,0.3902678785981426
9d0c81bc55d131b7f66d9d94,2025-09-27,1,welterweight,0.5625873269051502
00288cf52176ab1dbb2cc531,2025-09-27,1,lightweight,0.5529931533790429
6a8e3d42040f64f6d57ae1d4,2025-09-27,0,light_heavyweight,0.3780787143267496
7097b2221f841d15c01dbf24,2025-09-27,1,womens_strawweight,0.5413150709167348
3d0e9c190c7e5481dea541ac,2025-09-27,0,womens_bantamweight,0.5127036345450817
5f1fd8af123c697d3061879f,2025-09-27,1,light_heavyweight,0.6438524035155935
68b64ac5c0332df51465f88f,2025-09-27,1,lightweight,0.3545137683858384
ed978d51d031ee916f25dd1a,2025-10-04,1,middleweight,0.4843935893972437
4e367ca70eaa96509505b7cb,2025-10-04,1,middleweight,0.615691646249589
709e9bee2f688085c57f688e,2025-10-04,1,bantamweight,0.43497374232393216
22f89b26113958f50084b18f,2025-10-04,1,catch_weight,0.5820848878496057
1eee1d676aeffaf51a2b9d78,2025-10-04,0,middleweight,0.40312380727026376
d249a253ad910b943083e7ea,2025-10-04,0,light_heavyweight,0.309093951858081
7f5b402bffdbbc826147235e,2025-10-04,1,featherweight,0.7520515119132659
20c03baca24710fcfbfe0242,2025-10-04,1,womens_bantamweight,0.3688087737450302
dcc2e6e7411f3944512299d7,2025-10-04,0,light_heavyweight,0.5776738807134097
5e117965c711a3d5f2a9e9c8,2025-10-04,0,bantamweight,0.1928160118549087
201ed48b53ff246acba1ab88,2025-10-04,1,bantamweight,0.3344128376919915
09ac8afbd2cc9b257f2e8306,2025-10-04,0,welterweight,0.3177129947092458
c5917f4f1e1cf6b675e32144,2025-10-04,0,welterweight,0.6357385338609837
99d6452ad91ac6ff439de7d7,2025-10-04,1,womens_flyweight,0.6450660435521983
cb8ccd5d0831bf843e955f03,2025-10-11,1,womens_bantamweight,0.5206846424099298
18b39d231248ccee53c89ddd,2025-10-11,1,lightweight,0.3827864617874443
03a543eeb416418534a1ad7a,2025-10-11,0,bantamweight,0.6174738306815876
b7d852ed25bf520bde28ae0c,2025-10-11,0,flyweight,0.594495145514592
c4f1f0b03ee372772297d6a3,2025-10-11,0,heavyweight,0.6846996841670325
c355a95281d0bb24253a58cf,2025-10-11,1,womens_strawweight,0.722818625624255
38502208fcf7aa54d4175a66,2025-10-11,0,bantamweight,0.40440450930174615
9682d291035a4cdf92d734b1,2025-10-11,0,featherweight,0.3578141178358391
3a225fd88aedd7470a6d4bb1,2025-10-11,1,flyweight,0.23179174120532606
bdd0c94f847b24ce027516f2,2025-10-11,1,featherweight,0.4307054505489715
e3df3e921925fccc181da162,2025-10-11,1,welterweight,0.6784988001947649
2ecdc510d451e22fd234ae04,2025-10-11,0,heavyweight,0.4551391513741833
94ec5f7ab1575370207a10a7,2025-10-18,0,middleweight,0.6549941683387152
39709fadea483459750ee0d3,2025-10-18,1,flyweight,0.44144168632769243
66577356aef81e24594004c9,2025-10-18,1,bantamweight,0.6673163214463576
15548b82be638ac1b2eac466,2025-10-18,1,bantamweight,0.5297449929973361
622696dcf96f7d587f47e242,2025-10-18,1,middleweight,0.3221649460560146
740a455af5085a3f2c1eef53,2025-10-18,0,welterweight,0.5457508962768878
345aca7881b9ddcf27a514cd,2025-10-18,1,lightweight,0.5547265087477342
75d3d5b97313d4d18e906f49,2025-10-18,0,lightweight,0.34261796967660807
365b5fc719da0d2385a59156,2025-10-18,0,womens_flyweight,0.42495478874000003
87ea0631cd81020d01da2654,2025-10-18,1,bantamweight,0.5530702203461165
5390608b009af04d7f64d13d,2025-10-18,1,womens_bantamweight,0.46902146291526425
aeb6853e611533c931b46fc8,2025-10-18,1,middleweight,0.3654128409244399
c2061b903ce3af74a069617a,2025-10-18,0,womens_strawweight,0.5907871417391382
c5b5850073d5e3d638f844bf,2025-10-25,0,light_heavyweight,0.522913206785983
e7819d000fe73ae512a0393e,2025-10-25,0,heavyweight,0.5972316452777534
3a4607b556fd9984e619b223,2025-10-25,0,flyweight,0.3835731160323865
4c1e8b4b86851ed942461ccf,2025-10-25,1,heavyweight,0.6142537359314516
d27009e46489a08b080b275c,2025-10-25,0,middleweight,0.4088818455384278
bb811d20bb3260b00315fdfd,2025-10-25,0,womens_strawweight,0.73333640135442
dc5678ed360be4d79f153704,2025-10-25,0,lightweight,0.5567719725113539
a731ebf6cb5c92adcc5ba9c4,2025-10-25,1,lightweight,0.652041414581938
ddc02966aabeab4f66f2685c,2025-10-25,0,featherweight,0.35505756447163
c72755050a62c46de10af57f,2025-10-25,1,bantamweight,0.6498852431151173
8ee86b085de19d5d4a98da9f,2025-10-25,1,heavyweight,0.7028127860624371
da5da2d4c3ee8d5571f36c6c,2025-10-25,1,womens_strawweight,0.3837708998757408
1c9a74932f1083cd6a71cb4f,2025-11-01,1,womens_strawweight,0.7018480730504655
5bda27b8965c794787c80650,2025-11-01,0,catch_weight,0.318407551683496
0b4e762b2fe4c547e8dacd17,2025-11-01,1,light_heavyweight,0.5492790134634802
bf4af8c3ccd13afa0d906d05,2025-11-01,1,welterweight,0.7354364300442112
098f5af1ef9e2f1e8966f0d6,2025-11-01,0,middleweight,0.4393264799476363
9c26e0952606e58b88586302,2025-11-01,1,featherweight,0.527999192427512
c66cf25409ba381b4cf0a247,2025-11-01,1,welterweight,0.38210218614986263
edeb5c3b96f6053959dfa678,2025-11-01,1,womens_bantamweight,0.596831759926093
337894a95c0b59535c562f06,2025-11-01,1,welterweight,0.701770299168155
b2e60281a4939d851cefb072,2025-11-01,0,featherweight,0.432462868072456
f7043d547a9c10f7fd7ce4b5,2025-11-01,1,womens_strawweight,0.5380911674263544
3d415bce159aec85cec0457f,2025-11-01,1,bantamweight,0.38758787788159427
cf3d8e5fe12362623fd226ea,2025-11-01,0,heavyweight,0.4809374347118225
0b350ddefc89ce8d642a388a,2025-11-08,0,lightweight,0.47942267768394464
c9ce03bdb840283ab55d5cc6,2025-11-08,0,middleweight,0.5580230814101251
7e2348d0d4e1e4d4ce769a6b,2025-11-08,1,welterweight,0.6111139974704026
8444ea7db6924b529be3c711,2025-11-08,0,featherweight,0.7155728739313392
66050e7b8d70a5e23a01623d,2025-11-08,1,heavyweight,0.444924477268543
d9c50eba63ea6b2915087d42,2025-11-08,1,flyweight,0.6803024436392735
c8841413fd1221cd0aa13ef9,2025-11-08,0,womens_bantamweight,0.28602173264123315
bbeb325bf7cc59a2be8dbc64,2025-11-08,1,bantamweight,0.5865909367021204
6b76e8a825108393defee806,2025-11-08,1,welterweight,0.4700047021706697
8ebe1d895ab2453eb9f769fc,2025-11-08,1,bantamweight,0.4265542100836962
63f65d17e669efdaa957b86d,2025-11-08,0,womens_strawweight,0.47416846617026526
a875e31f6b8ddc96ee7d11a6,2025-11-08,0,catch_weight,0.3863380703291183
e3c446ad77f7b94cdaf543ef,2025-11-15,0,womens_strawweight,0.373025996804538
e4224d67abc1dc6ea84a714a,2025-11-15,0,middleweight,0.2916888227052315
7218239385ecbf94927325e4,2025-11-15,1,lightweight,0.5248281214304792
1171f53f9006121e6cfca38b,2025-11-15,1,middleweight,0.5841975227287293
61fe2bc4f19ca9e58b98abee,2025-11-15,0,womens_flyweight,0.39612624293848114
eeb6e7bf87c2a68ea957c464,2025-11-15,1,welterweight,0.5895243815386129
301daae5af50f500a045aacf,2025-11-15,1,middleweight,0.5171809527600536
91815419bb1f8e5f10137edb,2025-11-15,0,welterweight,0.4854526408133336
c3e20a6fb0e995c104302cf3,2025-11-15,0,featherweight,0.6425717712779138
4337c9275478185d970fe51f,2025-11-15,1,featherweight,0.3362014502327735
0c349d383774593f2f523421,2025-11-15,0,middleweight,0.40099955729281966
24dff7c31ee8f9de3cc1ad45,2025-11-15,0,welterweight,0.4923917069712898
135ba1d08d95c69f6876dc07,2025-11-15,1,womens_flyweight,0.5614983326717938
6ebd54113023d3674cb6f6e9,2025-11-15,0,lightweight,0.39107676893308246
e553a07fed3c4dc09fb01a68,2025-11-22,0,light_heavyweight,0.3668040467623256
5a2dc1ef51e7b45f9d3a0605,2025-11-22,0,flyweight,0.3759641676301307
383bdb229d4071c35e69a84e,2025-11-22,0,lightweight,0.21487969116764766
586d6a9b35106a95599326fe,2025-11-22,1,bantamweight,0.532514422625535
c399510064a79f3ead47210b,2025-11-22,0,welterweight,0.3916771456337905
83a1824281316f3cbb390fee,2025-11-22,1,featherweight,0.2303494533807318
438d439d919b64be8a5846b5,2025-11-22,1,middleweight,0.5633247583819615
e92e2271695a45eed0ac693d,2025-11-22,0,welterweight,0.4935383716070985
bec9a3d1c86d7d07fbf8b14d,2025-11-22,0,heavyweight,0.444924477268543
d10fff5ba41fdf47e9035da7,2025-11-22,1,welterweight,0.6425701082859397
a4564a86742578658f7a3076,2025-11-22,0,lightweight,0.2531787347406128
f7b4ebc3071afc261abaf2ad,2025-11-22,0,flyweight,0.5111559533621627
7c0eebe7bceb329e099b7ddc,2025-11-22,0,light_heavyweight,0.49812126256186257
5bf9e54d00be75d53de53c77,2025-11-22,1,heavyweight,0.6536895089552591
47f6ecefbf8a9700f9ad1b13,2025-12-06,0,flyweight,0.4204287218031164
83692f9275a75c75929d7246,2025-12-06,1,flyweight,0.5761576725618084
cb4e9cdeed597ad851824748,2025-12-06,1,lightweight,0.7057029693851583
957f73009ec79eed9d70fe05,2025-12-06,0,lightweight,0.6558771471280435
f4c2621e31660e542c75a846,2025-12-06,1,bantamweight,0.3775247386800069
ce59dd7a88406c8bcf7babc7,2025-12-06,1,light_heavyweight,0.4180346194660425
a50ce0633a2d49672fd3e128,2025-12-06,0,middleweight,0.1968560159373502
a503b23af13914d375594d73,2025-12-06,0,middleweight,0.5876531777023104
abd27ebef4489e8b3d0a5c0c,2025-12-06,0,womens_flyweight,0.37399241090918195
c828bc8375bd94f9ad322b32,2025-12-06,1,bantamweight,0.28104031587379363
7bd784b622245218baab22d6,2025-12-06,1,featherweight,0.4959405014933267
7dd5c823ff70d42fca421b92,2025-12-06,1,lightweight,0.6051587957404677
0da6a363382c422948bf35d0,2025-12-06,1,lightweight,0.5043180974126293
c3fd3930987eb83f7a242598,2025-12-13,1,heavyweight,0.444924477268543
b0aae381897728400b9adea5,2025-12-13,0,flyweight,0.43431150847647654
1300bcc73318fc700957f622,2025-12-13,1,middleweight,0.31964044771092504
e5dcb77b8e3eda2b38e4f757,2025-12-13,0,featherweight,0.4386031523214114
80b5125aec0e6f993297001b,2025-12-13,1,womens_flyweight,0.5663936365526551
bd01ac96973326001df2976b,2025-12-13,1,featherweight,0.7001284702351223
1665176a69e81b9c8748aaaa,2025-12-13,0,catch_weight,0.21040926059744355
7ee792bdd0cf3b67f9851a0d,2025-12-13,0,womens_bantamweight,0.4617702854657008
c7bec709fdd7e9d3d188df67,2025-12-13,1,featherweight,0.5453770545735572
c6bf93754b654bbb787c7588,2025-12-13,1,welterweight,0.29908317501413906
72c1bd69d88f3491434a5f08,2025-12-13,1,heavyweight,0.4844686740068041
82850cdbea46ec0e25946058,2026-01-24,1,welterweight,0.4469905614630021
6ed204c17993ad6a38953727,2026-01-24,1,flyweight,0.49325924025112267
bf203fd48ac38ab591ad658e,2026-01-24,1,featherweight,0.1402490506605552
c71095d598c41bc25458981c,2026-01-24,0,middleweight,0.25654405563214305
45b118dd2a7a84c7e6879c08,2026-01-24,0,heavyweight,0.5317906869843868
c75491aec4ff89a8959a2d28,2026-01-24,0,lightweight,0.6342968639883219
17e3977c144b369d26b7054b,2026-01-24,1,womens_flyweight,0.6060353662864573
6cd7ac778689394ea2edaa25,2026-01-24,1,light_heavyweight,0.44045342767872286
f0309fa4738d9fb14d2fd95d,2026-01-24,1,bantamweight,0.538804356569455
86815bf5667655ee2e11e3ed,2026-01-24,1,bantamweight,0.787557425942592
ac2e282d3cd07bc055d9aedc,2026-01-24,0,heavyweight,0.17532010734010384
bf0d30898909dc8434fca8e1,2026-01-31,1,featherweight,0.4419649983528766
e84bafbb79b9fdf1f9a4c7ce,2026-01-31,0,middleweight,0.33985559200744203
2d20d9db3db2975b162430e2,2026-01-31,1,lightweight,0.6890690009609842
b276aa7b3862b8a5808a20c0,2026-01-31,0,middleweight,0.27320596662096547
598daafdd2887f4042da01d7,2026-01-31,1,welterweight,0.46072131642659575
2a2be08b8647e8819e4e7d23,2026-01-31,0,light_heavyweight,0.3539302972033203
b4f83c62c1a302608fee4c30,2026-01-31,0,featherweight,0.2684694973772766
2f7e2a996930e904d946b0d0,2026-01-31,0,featherweight,0.4867706111207496
6d166b2e116fe2350d4e4b60,2026-01-31,0,lightweight,0.16196712691103177
c40943510405d6753810227e,2026-01-31,1,lightweight,0.5165857742334038
acd1c7251c1560f573ef62c7,2026-01-31,0,lightweight,0.4867706111207496
cf734647c7a8fafc0d1266b2,2026-01-31,1,bantamweight,0.4867706111207496
0a64c3e27d7fc6c2d17fbe33,2026-01-31,0,heavyweight,0.2822981917274904
4d3b0f2ec14570a88d2c8bf2,2026-02-07,1,welterweight,0.7902783885456206
c425b93c658e819194590de3,2026-02-07,0,flyweight,0.3712024741328867
a74bb6253b6400390ac5fdbb,2026-02-07,0,womens_strawweight,0.4873888038912433
9be29f1a447c830c4a583fea,2026-02-07,0,light_heavyweight,0.5415015108883487
93863546bc346c2c690e1d89,2026-02-07,0,heavyweight,0.6805888017145748
7b34da1460b25e212a1d8ffb,2026-02-07,1,bantamweight,0.6733152946659418
949130cc2494cd5b2faa1264,2026-02-07,1,bantamweight,0.5947685621068157
75b5f1ec3f038276e8d8f5cb,2026-02-07,1,womens_bantamweight,0.6487703743394824
ecb0adedc96a323aa7b99d3d,2026-02-07,1,bantamweight,0.3569778804753032
9bfcfb42830b0025d39a51b3,2026-02-07,1,middleweight,0.7505684834121389
94564392584f20781d869513,2026-02-07,0,bantamweight,0.7650157966432004
de2a60852f08289a526c754a,2026-02-07,0,welterweight,0.5674211479815665
becb0895c49c3259307dd8e3,2026-02-07,1,catch_weight,0.4078997923136443
45073665a18a8f7f89b24eea,2026-02-21,0,flyweight,0.27318879564734766
1517e96809dbc885308879d1,2026-02-21,0,welterweight,0.4141485391911104
4574f78abb56d5a674cc043f,2026-02-21,0,featherweight,0.2686519049243104
f436ebc22db83f3ad41a4e90,2026-02-21,1,welterweight,0.462247566909471
3b409b848e9dcc8ef4e83ec7,2026-02-21,1,welterweight,0.6055171686190527
f3531b5aac43526818a4b456,2026-02-21,0,featherweight,0.7422739100312029
7ca418b4bb525d977459acae,2026-02-21,1,womens_flyweight,0.6622897987380318
53ee52f4691a20b04eb18cc5,2026-02-21,0,womens_bantamweight,0.543002841846206
ec31dba808dabf07c9e32028,2026-02-21,1,welterweight,0.39866502394528863
67df84ed09a55fa6a81f8977,2026-02-21,0,welterweight,0.4792258905458777
fdbf137d6ae3bc8a547299b7,2026-02-21,1,middleweight,0.2760570819313039
a3b9c01a6ade4da623999c36,2026-02-21,0,heavyweight,0.5010954696995072
8439a47c592a91fa4e4a37ab,2026-02-21,0,middleweight,0.31822781434545766
fbe23b59c0f621d06006d154,2026-02-28,0,womens_bantamweight,0.3759567823445037
ff52cdb73d7e3892507e29eb,2026-02-28,0,flyweight,0.6836672405505088
3fdd971f778608f10f39941d,2026-02-28,1,bantamweight,0.6746019594255046
bbc83dc430907e389c5797b7,2026-02-28,1,middleweight,0.48074078248095514
2077c2890c41a9b316ed868e,2026-02-28,1,lightweight,0.5817616197797378
f03a87113a5b4a41789518ce,2026-02-28,1,featherweight,0.5778962511306559
8751f42c0e4c3aeeeb87e5f5,2026-02-28,1,flyweight,0.3715807047834796
9082c15b81e2e51a642ac078,2026-02-28,1,featherweight,0.4286813326231549
22ec0f3aefb13116f8ada58c,2026-02-28,0,flyweight,0.46001868954738656
9010510737fbee093fd3bf77,2026-02-28,0,bantamweight,0.4592274815446951
d459a63787315f3eb1a502d2,2026-02-28,0,catch_weight,0.45694754663700404
70ba1e925d41019126005eef,2026-02-28,1,middleweight,0.6728862005439922
d2d4410e876a93f8f976e7dd,2026-02-28,1,bantamweight,0.656276213585954
318c47554f83861a25c5e91b,2026-03-07,1,middleweight,0.4362526801977119
bf1aec6f70f260624d3b9b53,2026-03-07,0,flyweight,0.5496174332256959
94147872239a767c2e857a45,2026-03-07,1,bantamweight,0.5663647004996363
f003622738f0c9f29a53f83e,2026-03-07,0,middleweight,0.29834350162144896
4835a22ad6b6553e6381e2c4,2026-03-07,0,lightweight,0.4325992937503153
f43a8d832e5416125dec762e,2026-03-07,0,middleweight,0.41575566064908853
6be0d12218d6b71924bdd528,2026-03-07,1,light_heavyweight,0.5685532174391899
0ef38a78abeb8ae87231f88a,2026-03-07,1,lightweight,0.3601184802379823
7f4464f49e34e59fd11f180c,2026-03-07,1,light_heavyweight,0.5349702841311196
3fdf134a7e134c04b4f0d2d1,2026-03-07,0,featherweight,0.3858284585022437
9aacc228933e9457bd940b43,2026-03-07,0,bantamweight,0.47362003057486357
fcd42646fa23e7f9e7c2f132,2026-03-07,0,flyweight,0.4278478917815065
6e42054fd40a5df987fe2c39,2026-03-14,0,womens_strawweight,0.4342041788758562
116e4ab38bd010556899ca28,2026-03-14,1,featherweight,0.6080857707484408
2690cce2008297ed0261a224,2026-03-14,0,womens_bantamweight,0.3789687867343342
c3a3f9b49a9c711c66a3aa23,2026-03-14,0,lightweight,0.5729635672392392
e3e6be0a6a1785a18f06128e,2026-03-14,1,middleweight,0.5688142455719196
ebb2487b1e6c4a73375992db,2026-03-14,1,flyweight,0.5475846668963119
5cc3762bafc47314ac659de6,2026-03-14,1,welterweight,0.6285477896473262
1f1970ca73ded18e7d6dd680,2026-03-14,0,bantamweight,0.5148839420338734
97ed259a73928d4abea4e0a4,2026-03-14,0,light_heavyweight,0.6957359959065043
f2a19b392eaf6ecf53918ab1,2026-03-14,0,featherweight,0.3467825576516361
613f4b3d810c24745156c6f8,2026-03-14,1,bantamweight,0.5294550049150482
31a95d4534aebcbbd9f314ae,2026-03-14,0,featherweight,0.531730285969947
eba61851d1d4237a787f4444,2026-03-14,0,womens_strawweight,0.4752962430831718
740bd64cdeb01e720d9478df,2026-03-14,1,heavyweight,0.5781007666404061
e50a767f6a27aaa8720affa3,2026-03-21,1,light_heavyweight,0.3896284082160611
ffc429f950fbc788ac732b76,2026-03-21,1,featherweight,0.629131105605031
122b983ee76fcd5fd1b84173,2026-03-21,0,heavyweight,0.12369064455570321
2778b98b4b52fccf791a4af3,2026-03-21,1,featherweight,0.49499308492899247
c56f7132344781296abc57c7,2026-03-21,1,middleweight,0.6113275017808107
b928e149ebac6e5d829df31b,2026-03-21,1,heavyweight,0.742220427690299
329f4134dd3d46d0e186fe60,2026-03-21,0,lightweight,0.3621107758388683
6d77f259cc07c1a082888097,2026-03-21,1,welterweight,0.6945198554432206
81753156ce7e294bd08ce590,2026-03-21,0,featherweight,0.44266581796286136
953466079f24c362d4b7033b,2026-03-21,1,featherweight,0.729887917544988
08cc754bb366d03f4aec7fb7,2026-03-21,0,middleweight,0.4540179142829299
ea64fc32bcf0802d11eff113,2026-03-21,1,womens_strawweight,0.5157846035673752
b4b56d5288851656d6c14539,2026-03-21,0,lightweight,0.6388654290532786
13932cdbe9d5de2ec76a5fee,2026-03-28,0,womens_flyweight,0.6339786933405562
7f89cb9c54fb491989693434,2026-03-28,0,womens_strawweight,0.2918276792591322
5b1cf02705f639a607b7a9f6,2026-03-28,0,womens_flyweight,0.34999902651415177
6e6499328bda5652d5e67268,2026-03-28,1,lightweight,0.3962087457622585
c0efb94625712dc6ce57d4a7,2026-03-28,0,lightweight,0.6027184105517733
c03ef62e877b68710a00fda6,2026-03-28,1,middleweight,0.49421850755834484
ded7cab12afa5e8136d32e03,2026-03-28,0,featherweight,0.6247372858247535
adb0e912e19c69abf28331ea,2026-03-28,1,middleweight,0.7263697477967168
9f71c631b76c14e341b8d005,2026-03-28,0,heavyweight,0.6292331744010516
089cb7f1d5d705a0045e8fe3,2026-03-28,1,welterweight,0.6649326787510333
d88a8044ec31d862af12c982,2026-03-28,0,light_heavyweight,0.3076813123119399
2d8fec6e060b91d367e67549,2026-03-28,1,lightweight,0.5956813502989036
38428a63561ebfc036261e52,2026-04-04,0,light_heavyweight,0.1584862106281707
6d6f4b2e916edab178747e5f,2026-04-04,1,flyweight,0.5872252252080999
9a0a82b8eefa40a31da05ef9,2026-04-04,1,womens_bantamweight,0.7812762741692018
8960ce5092f5f88135d6e47c,2026-04-04,1,middleweight,0.3911030715358319
e398470a69160ec364593eee,2026-04-04,0,womens_flyweight,0.5518100745199817
0a008748711d14843fd48f78,2026-04-04,0,bantamweight,0.48299402399557617
4190a293ed302172c923038d,2026-04-04,0,heavyweight,0.5402312108806112
5601cf561a4aa0308a570064,2026-04-04,0,featherweight,0.658250376599989
cd8f14862e82622863c3da12,2026-04-04,0,lightweight,0.6783398683955603
e0c28b8a1fe424f046e120c9,2026-04-04,0,lightweight,0.45611702144310934
2a8082089f09e6aa62537f3f,2026-04-04,1,lightweight,0.4995913208662701
98dcdabc51229deddfafd80c,2026-04-04,0,featherweight,0.3393931857973452
d61c11b27665ac1a7c18a5cd,2026-04-04,1,womens_strawweight,0.5172752712619038
2f41cee23f546234781713e8,2026-04-11,1,light_heavyweight,0.44246246551008883
89e8cd3f76a506f53b462316,2026-04-11,0,welterweight,0.4611268942204862
fdddea8806b9faa3621f37e6,2026-04-11,0,featherweight,0.5350022466135604
e7500102f24fa09cee94c525,2026-04-11,0,heavyweight,0.40166582716059623
da0321b24ad1c24f9593c513,2026-04-11,1,light_heavyweight,0.47620530207388767
2da91e0c8c4525ab789d3607,2026-04-11,0,light_heavyweight,0.4508439609376705
6161f6406048a50739df4ffe,2026-04-11,1,middleweight,0.5803864754819033
2963e5a0bceb12ccb19f5725,2026-04-11,1,welterweight,0.5723876214429271
74aecca8423c0c193df10969,2026-04-11,1,lightweight,0.6536470484320521
2b7b04df6d9fa95baad00180,2026-04-11,1,featherweight,0.8956817971016631
c78dddb59b33a046f13afde6,2026-04-11,0,womens_strawweight,0.4010541454139028
6f53a0645cf079d074a65578,2026-04-18,1,featherweight,0.5614252580184352
8baab54f7d444bf10ca0db14,2026-04-18,1,welterweight,0.7140258442730826
481bde890c04cd2b72f36f45,2026-04-18,0,bantamweight,0.4989742198479823
42cad2889d9edf3128845320,2026-04-18,0,womens_flyweight,0.5126299139420587
571d039f951b5a5b79476f43,2026-04-18,1,womens_flyweight,0.34019894755456653
7648e715451f649c1c02e56b,2026-04-18,0,middleweight,0.5161776412351643
19ca748d94d8329185d01bc9,2026-04-18,0,bantamweight,0.5209716137700573
9a8cc5bc98fcb4f9b3d571ba,2026-04-18,1,lightweight,0.4955623941918335
9106a59252f60b584ed60f3b,2026-04-18,1,womens_bantamweight,0.5144875946260723
6f756791d3cb4e29f802a204,2026-04-18,1,heavyweight,0.4257388531415262
32ba2323da6e4e97057007b8,2026-04-18,1,lightweight,0.5196204015142759
ced8d33f7c7986fc18c549dc,2026-04-25,0,featherweight,0.611866004731798
bd41d6eb2f24b1109b3c75b2,2026-04-25,0,bantamweight,0.5945276873264986
e9a78e4001589a73d7f11eac,2026-04-25,0,lightweight,0.47437054941937595
0fa2bf16957a831e7e084c80,2026-04-25,0,middleweight,0.44111379318253535
6d425f605ff2851bb66f92b7,2026-04-25,0,bantamweight,0.6538453371263802
3fc735f9cff4cfc6be2a5855,2026-04-25,0,heavyweight,0.553420505781291
25c1ac509edcf2facf44036b,2026-04-25,0,welterweight,0.5588846261128754
9ad4b2353df7e16717b9c1bf,2026-04-25,0,womens_bantamweight,0.40300321356872293
82bd20cb47c73bc91d64b3c2,2026-04-25,1,bantamweight,0.45119647431522386
9864eb536b4f06f3a26d066e,2026-04-25,1,womens_bantamweight,0.3518896433505028
c42e9cf6d05571fadb1de5b2,2026-04-25,0,lightweight,0.32370289168462923
709f656b59ccf67184da9c71,2026-04-25,0,middleweight,0.5638453591768637
83133a15f09d9f4cc73f43b8,2026-04-25,0,womens_strawweight,0.5838182464409273
d2019c0de8325c8a98a306a7,2026-05-02,0,middleweight,0.6132348801397468
7768db54c66358b2b858e1e8,2026-05-02,1,lightweight,0.8238467945696901
770f8afd778d150f6aa7cf04,2026-05-02,0,middleweight,0.289276548202836
6a2e981ee5d1b48a64ac6122,2026-05-02,0,bantamweight,0.35055330954174996
764a8bf0276adcfe93c1caa6,2026-05-02,1,lightweight,0.21796667292130373
01b5e211c209b6f0c543b0b2,2026-05-02,1,welterweight,0.36699212138203746
89d60525df38777002e660fc,2026-05-02,0,middleweight,0.22842295001602086
b0c925bc64270bb81d93ab36,2026-05-02,0,welterweight,0.42890667829687157
083cde7930f8860fee58437e,2026-05-02,0,light_heavyweight,0.5410589015630146
60387333226530fdcf97bec6,2026-05-02,0,featherweight,0.3767724194979985
a264dffffe303c536de36458,2026-05-02,1,heavyweight,0.6494155546232154
09065036447dc7a320c7e2da,2026-05-02,1,heavyweight,0.4081759435738116
6fb53961b2d666aafb4b064b,2026-05-02,0,flyweight,0.18861933466797637
f5e0e2e46d3c92faa8b347ac,2026-05-09,0,heavyweight,0.5907513537551016
90e4da20581928aa94556f63,2026-05-09,1,middleweight,0.7581935967212747
1d98f3ce9b5d48961b4c745e,2026-05-09,0,middleweight,0.22674931537952875
05a76c96c6338817b292861c,2026-05-09,1,flyweight,0.6474827762970966
07b9e66a829dc6d72d9885f4,2026-05-09,0,lightweight,0.4213385870166682
afd2fbfe97aee305ec8d02d3,2026-05-09,1,lightweight,0.23632524215253026
3d1096937f18d86e33bc928a,2026-05-09,1,welterweight,0.5015684072134021
f6c88964f557b14ad9c204bb,2026-05-09,1,flyweight,0.56199298799751
46298b169361970e45f99b28,2026-05-09,1,middleweight,0.24027489480394465
66afb65c31f9e32e9df8b5af,2026-05-09,1,lightweight,0.7753272531536081
955b4a0bcd70050a7d893bb7,2026-05-09,1,featherweight,0.4841819884690345
90ede5f565670aa0d4f02dd6,2026-05-09,0,middleweight,0.5518281603777601
60e599ad816b744b5d1dfe10,2026-05-09,0,welterweight,0.5207488632635263
df8bf64a53714ab469a8171d,2026-05-16,1,womens_strawweight,0.6406200550951745
60424e83dc1bfd79208498df,2026-05-16,1,featherweight,0.3446643836094146
5d1b5346c163183f72697000,2026-05-16,0,middleweight,0.5491227994291893
24504179e9e47707268034d9,2026-05-16,0,flyweight,0.2521782246535339
2c9ca900f65fc955ef8c517c,2026-05-16,0,featherweight,0.49600266441475227
8f09fd2f5d0d5f2f5ee1b044,2026-05-16,0,womens_bantamweight,0.6636886544582544
2715b4c8d7fb7540defb3846,2026-05-16,1,bantamweight,0.49218177198834273
82260e1138f346b4847d0064,2026-05-16,0,catch_weight,0.3967253464230544
d0e4f89291a3b2a47a4c2e5e,2026-05-16,1,welterweight,0.569867757224932
1b2685e01a9ac753c4c600e4,2026-05-16,1,womens_strawweight,0.47851233499326296
997cfd358378b086e3299880,2026-05-16,1,bantamweight,0.4653316339183156
a4bdb5588de2297a5a11f2bb,2026-05-16,1,lightweight,0.3289580327886337
df7a148dbfdfd88918d9721d,2026-05-16,0,light_heavyweight,0.5981558220740891
e76716cdb62adc72a898c84e,2026-05-30,0,womens_strawweight,0.5234607828395267
de4bbfe11f7e9afb3697411d,2026-05-30,0,bantamweight,0.2224001158192963
2e8f013fee31e910467a220f,2026-05-30,0,welterweight,0.359435331954786
080866da8f9c3879368f9297,2026-05-30,1,welterweight,0.555235647846093
a9efd5d9fa54e2fffc8c705f,2026-05-30,1,bantamweight,0.4387961404108002
b3bdcb91ae448d6d7885c522,2026-05-30,1,womens_strawweight,0.6588171914967946
278006f71b6cf940c176a75c,2026-05-30,0,bantamweight,0.3148022774934239
148d8ace171a23073bdd117b,2026-05-30,1,heavyweight,0.5414711720397377
d5c6fe40bd98f0e9c99e1b2d,2026-05-30,1,bantamweight,0.6900917727064684
e2f4292e20e9c0c28b7a747d,2026-05-30,0,middleweight,0.5343009383428525
8f0f7a0419d23e212fbfb392,2026-05-30,1,light_heavyweight,0.3846528425515616
99d1eb8f8db46c35fa42c8d9,2026-05-30,0,featherweight,0.5120875975908533
9b4e5d497b54d27bc07491db,2026-06-06,0,welterweight,0.350855485501175
b00742f8e1c3c7257dedfe17,2026-06-06,1,middleweight,0.6373465967704467
ff8b0e9d5b615f26bcb56e8f,2026-06-06,0,flyweight,0.48802949134444673
0b367673055ac66f2fbae0f6,2026-06-06,0,bantamweight,0.5203972956808464
3668c1d2d15b9a2e17154633,2026-06-06,0,lightweight,0.7240109466059034
2968a2440ececa6a2bffa7ed,2026-06-06,1,light_heavyweight,0.4229843606102576
a8e7fcb14799998346df6ecf,2026-06-06,1,womens_flyweight,0.7357871461088439
68e8ac1859681ba9874a23a0,2026-06-06,1,featherweight,0.6427564520953338
683fba6e312497f37bccee6c,2026-06-06,0,womens_strawweight,0.34397918921907783
55cda98dcba84b2e4df21142,2026-06-06,0,bantamweight,0.44470206960882475
183d1fd4023d7452703cd115,2026-06-06,0,catch_weight,0.37249990222956547
c7214b866d96ddc944ef2f5f,2026-06-06,0,womens_bantamweight,0.37071247697017384
8278892a4c14c81652888c25,2026-06-14,0,heavyweight,0.5086427319802546
68eadc603e2258cc6e834490,2026-06-14,0,middleweight,0.43630107365087817
c060fc6fb029250777d3777d,2026-06-14,1,featherweight,0.5760502866739722
943e37ed671d7109047f808a,2026-06-14,1,lightweight,0.1000367716439746
36c1fa8c53e9ae2022f58cea,2026-06-14,0,heavyweight,0.1517428691012993
e7a5ea80f9a620085cb1823a,2026-06-14,0,lightweight,0.19574416435423403
6169cc08a126df1c6a18aaec,2026-06-14,0,bantamweight,0.2953421906929876
fc2a74fa8d1c4b03c6d69bf2,2026-06-20,1,flyweight,0.5300907468388708
c09d9aad14825f90797532f6,2026-06-20,1,flyweight,0.2135130986152617
2d36199c081637bb4c36b9e7,2026-06-20,1,womens_bantamweight,0.7453441479372076
805070bb64eed90ab7a713e8,2026-06-20,0,featherweight,0.7168616324439271
7fb42d1a9d173197276da987,2026-06-20,0,featherweight,0.34990310855865003
6f88dcffddfee17710b9ce04,2026-06-20,1,light_heavyweight,0.7426093125896083
10a92ed06831c359cbea7d7b,2026-06-20,0,womens_bantamweight,0.28929526665543653
daf8ce484ff4ccf83da3efd7,2026-06-20,0,welterweight,0.5199757306837994
068217722c3a581f2398ec98,2026-06-20,0,flyweight,0.59369862619182
a5c013cd9de78690082fd17a,2026-06-20,1,featherweight,0.5773768389840158
9dc4ecfde8b739f17edabdca,2026-06-20,0,featherweight,0.4744296057466437
5c36bf5ab120e7a209b11f28,2026-06-20,0,featherweight,0.14890518859071228
6d63253391cdf77a91c4ac30,2026-06-27,0,light_heavyweight,0.41893121698103136
90327db3b54656ced1143f70,2026-06-27,0,middleweight,0.41787418813622745
ef0f0a39d308aeb270b0d222,2026-06-27,0,flyweight,0.2881617408740762
8e1cd7330ad54ee49a037bc2,2026-06-27,1,bantamweight,0.7008325266316714
7daafc83159f735d91d0ab67,2026-06-27,1,welterweight,0.723660019436667
c75906328af883c3bbc52305,2026-06-27,1,welterweight,0.49751251996824764
989aa5c1b8e9355afa65a540,2026-06-27,0,middleweight,0.38708523893160596
87c2f9a831fbbcb2146f141b,2026-06-27,1,featherweight,0.35449075323944557
70fbc0ede755875b8b78fa42,2026-06-27,1,lightweight,0.4813339678660579
da8297f2092ec7e04ce66b24,2026-06-27,0,middleweight,0.49011915714682386
d8b6e78b4bbb706991ee1f38,2026-06-27,0,lightweight,0.6595272100473291
ea8a1da327a8f5101e5ddd58,2026-06-27,0,middleweight,0.3725558911538069
f062199725bd87e849733e0c,2026-06-27,0,welterweight,0.4873977675700644
