fight_id,fight_date,weight_class,method_label,p_Decision,p_KO/TKO,p_Submission
26b46336baf995109799d0e8,2019-01-19,lightweight,KO/TKO,0.47763768,0.37423515,0.1481272
38913c7a553efd0ea27c4ce6,2019-01-19,light_heavyweight,KO/TKO,0.31686383,0.44972765,0.23340851
8126ece57175e39d22722e5b,2019-01-19,welterweight,Decision,0.44373482,0.37033585,0.1859293
fb232738136fb41408e97318,2019-01-19,bantamweight,Submission,0.404819,0.3724196,0.22276135
cbce63c7e16d47b29e74d88a,2019-01-19,lightweight,Decision,0.5128387,0.30349013,0.18367113
9a7c75d28b2227d353ffee0b,2019-01-19,light_heavyweight,Submission,0.3544537,0.42803982,0.21750651
5678ee79359ee825af2c6cf6,2019-01-19,lightweight,KO/TKO,0.45806652,0.35623887,0.18569459
25a9c1526fc208e6c7fe38c0,2019-01-19,flyweight,KO/TKO,0.5202971,0.36849743,0.11120548
7c630f0caa70766b4c9772ba,2019-01-19,womens_flyweight,Decision,0.47803012,0.30524775,0.21672207
16e5b4cb10bf8316f059f140,2019-01-19,flyweight,Decision,0.60083246,0.3032144,0.09595308
e290c1a53b53c40025a2f302,2019-01-19,welterweight,Submission,0.47613925,0.31564343,0.2082173
24cb0110e15bf9500f3a20ae,2019-01-19,womens_flyweight,Submission,0.5362115,0.17243351,0.29135498
8efd36d5f3360c4d96328383,2019-02-02,lightweight,Submission,0.5058463,0.27289927,0.22125442
414613fb990b2e1f8744a998,2019-02-02,welterweight,Submission,0.43591756,0.3985453,0.16553718
1b0fda4335818f786b8d6f2f,2019-02-02,featherweight,Decision,0.4330989,0.27235055,0.2945505
1953db6fe5b9744c1843dd12,2019-02-02,light_heavyweight,KO/TKO,0.36793035,0.47928888,0.15278076
1cd6203b9577bfd25372eb22,2019-02-02,featherweight,KO/TKO,0.63911647,0.25078076,0.11010277
22cbf1de4862c931b9f97a10,2019-02-02,heavyweight,KO/TKO,0.31813234,0.56646854,0.11539914
7342c697833ab7bab79bea3e,2019-02-02,womens_strawweight,Decision,0.44187012,0.17462346,0.38350645
f0a78186a92cdad28af6e943,2019-02-02,flyweight,Decision,0.32964724,0.34518,0.32517275
4523cf854ff48df6d66ba36f,2019-02-02,womens_flyweight,Decision,0.5465184,0.21733795,0.23614363
34446cbf52a1732388aac036,2019-02-02,middleweight,Submission,0.4401455,0.2767886,0.28306597
5467de70ec0bbfc6ea3f127e,2019-02-02,bantamweight,Submission,0.37295905,0.5012677,0.12577328
15c9bca416c7204a3b9a9692,2019-02-02,bantamweight,KO/TKO,0.61421216,0.26737773,0.118410125
f50a16321d311cfb1f168e8c,2019-02-02,welterweight,Decision,0.5581507,0.34768847,0.09416083
1d74549a59fbd93e268d0046,2019-02-09,lightweight,KO/TKO,0.37737083,0.43758076,0.18504845
e4525ba53a52b5b0857e967c,2019-02-09,lightweight,KO/TKO,0.45860896,0.35479486,0.18659617
896c12a96bf1da79303bc533,2019-02-09,middleweight,Decision,0.40124223,0.49090108,0.10785663
fcaa078b4857c278dceb747d,2019-02-09,light_heavyweight,KO/TKO,0.40741235,0.35990894,0.2326787
b253a6a048ba0dd83a41d3a3,2019-02-09,flyweight,Decision,0.4691654,0.26825923,0.26257533
4c10bda573f8c01d3c440405,2019-02-09,lightweight,Submission,0.4586213,0.39087662,0.15050204
5fe9e229550df4983795b5be,2019-02-09,womens_flyweight,Submission,0.6095564,0.14793234,0.2425113
5ad3dfcbceb50baabf4a06f1,2019-02-09,bantamweight,Decision,0.5742552,0.20559698,0.22014776
19c65e9f1f86ac03182841f4,2019-02-09,featherweight,Decision,0.6357955,0.24873371,0.1154708
b320535a9010e893cc6fe892,2019-02-09,bantamweight,Submission,0.5187114,0.23305185,0.24823678
ca6f6af371cc512b6d1734d5,2019-02-09,bantamweight,Decision,0.57921374,0.2428922,0.17789401
fb545f795d0e191fdab5bb79,2019-02-17,womens_strawweight,Submission,0.63184565,0.1756677,0.19248664
3a7293241a2a807fa182f6f5,2019-02-17,featherweight,Submission,0.5309903,0.30897778,0.1600319
90e1f32d8c4d591b474fd0de,2019-02-17,featherweight,Decision,0.53786963,0.30786413,0.15426627
3038757c3f23bac29c322002,2019-02-17,womens_flyweight,Decision,0.62825066,0.2023178,0.1694315
c015f09a4e1bf33ced9384e3,2019-02-17,bantamweight,Submission,0.512026,0.20977989,0.2781941
5891d36900849c98a50352f1,2019-02-17,womens_strawweight,Decision,0.6547364,0.15002508,0.19523853
6959921b10f78a71e64300e8,2019-02-17,heavyweight,KO/TKO,0.2506253,0.63689476,0.112479925
657a85fc997ba3106e9c502b,2019-02-17,lightweight,Decision,0.52147985,0.32585746,0.15266265
ca78a58998323e4f9fdbc72f,2019-02-17,bantamweight,Decision,0.6161111,0.2592729,0.124616005
8cc10441cbf2614f8785b729,2019-02-17,bantamweight,KO/TKO,0.5501574,0.30452454,0.14531802
6118a8c78447f0434395fc87,2019-02-17,lightweight,Decision,0.5870237,0.26671374,0.14626257
38cec55ae4c31d673c6a5cb7,2019-02-17,welterweight,KO/TKO,0.43667278,0.37750083,0.18582636
9e4bab0c77a4e9c538d5684c,2019-02-23,lightweight,KO/TKO,0.5290098,0.3580963,0.11289391
e7306a3ff9867fb2e7e85ac2,2019-02-23,lightweight,Decision,0.5093982,0.25958696,0.23101485
c622965b0bcf635ba617dbb7,2019-02-23,featherweight,Submission,0.5311866,0.27878386,0.19002953
f6151b74f7346e29cfac2985,2019-02-23,welterweight,KO/TKO,0.5474732,0.30688697,0.14563984
bb340698ea1e7e4cc05fe35d,2019-02-23,light_heavyweight,KO/TKO,0.39122328,0.49912214,0.109654546
1f68dad92eb77d22953924b9,2019-02-23,light_heavyweight,KO/TKO,0.30006817,0.55836636,0.1415655
f20354ebb869644c4afccb40,2019-02-23,bantamweight,Decision,0.56743264,0.32180873,0.11075865
68976dec066e7619e206ce8d,2019-02-23,womens_flyweight,Decision,0.6416612,0.22980064,0.1285381
56cbf3ea04dbca631e7d843e,2019-02-23,light_heavyweight,Decision,0.30108193,0.5536583,0.1452597
097be1f05c2d7e6e94d40303,2019-02-23,welterweight,Decision,0.40150267,0.3240652,0.27443206
63c32ebc206ee6106b382e72,2019-02-23,lightweight,Decision,0.49874765,0.33108115,0.17017119
fdd038da2b5f04c16971323a,2019-02-23,heavyweight,Submission,0.2909571,0.54677474,0.16226816
c89ca4669b8e6877497edfa3,2019-02-23,womens_flyweight,Submission,0.49492308,0.1822946,0.32278234
1b1fe5662b3d023466c64bc5,2019-03-02,bantamweight,KO/TKO,0.48671013,0.35218105,0.16110884
947d498d822062457d1e667e,2019-03-02,bantamweight,Decision,0.66665447,0.23887211,0.09447336
0d13e65dd754b3f1bc58e7b8,2019-03-02,welterweight,KO/TKO,0.39303723,0.3044874,0.3024754
54daae7c0fa28da8ca71a0f5,2019-03-02,middleweight,KO/TKO,0.42969695,0.29103395,0.2792691
d15183f063880d7d4e9bbce1,2019-03-02,womens_bantamweight,KO/TKO,0.54370236,0.18149875,0.2747988
5b92ec9d7c9365ea015380d9,2019-03-02,featherweight,Decision,0.6416884,0.21157902,0.14673255
e6b1f51548c2ef5176c0c18c,2019-03-02,light_heavyweight,Decision,0.33410257,0.5746434,0.09125406
a4499ea5511393f5c9bd2dbd,2019-03-02,light_heavyweight,KO/TKO,0.24514952,0.4885249,0.2663256
593c1b1e6c82dec285a0ca06,2019-03-02,womens_strawweight,Decision,0.52830714,0.22401068,0.24768214
fb04d1b737f436ebc97b03b4,2019-03-02,welterweight,Submission,0.5076593,0.37884685,0.11349385
568a7229b4b06a6455408f13,2019-03-02,womens_strawweight,Decision,0.68073064,0.15256248,0.16670693
75fc305627143c9630ca9bf5,2019-03-02,welterweight,Decision,0.45068994,0.4514149,0.09789519
818abb53258da411751b41a4,2019-03-09,welterweight,KO/TKO,0.58138865,0.28001696,0.13859442
2af546ec2d6b95fc63d0c56e,2019-03-09,lightweight,Decision,0.5059294,0.3523976,0.14167298
58e767357e6d5c8330f66f2f,2019-03-09,welterweight,Decision,0.5343829,0.30203605,0.16358112
aeb99a1990e3cb523a3641f3,2019-03-09,lightweight,Submission,0.53230095,0.2968296,0.17086944
57bb3b3ccfd9285941e2f474,2019-03-09,heavyweight,Decision,0.5239597,0.33464876,0.14139153
e0fd283d4ad215ea9c9ecb5f,2019-03-09,heavyweight,KO/TKO,0.3000134,0.6119638,0.088022806
91dd9ae4e12f09809b994011,2019-03-09,welterweight,Submission,0.5798509,0.32944262,0.090706445
a822ba1d485f0fc8ac120f48,2019-03-09,featherweight,Decision,0.41013062,0.33296946,0.25689998
5b43785643265dac8e96f96a,2019-03-09,bantamweight,Submission,0.50521755,0.26822817,0.22655426
33db1b31bad9e3c347f5d190,2019-03-09,womens_bantamweight,Decision,0.54776627,0.22009125,0.23214246
e992a27d67c8e35a59363798,2019-03-09,heavyweight,Decision,0.29577687,0.42022327,0.2839998
1598348e4d6680280ca7ecb1,2019-03-09,middleweight,Decision,0.47892314,0.38456458,0.13651225
5793b77c4043eadce8dbc1a1,2019-03-09,welterweight,KO/TKO,0.40363958,0.4104198,0.18594062
3b895d43f522ada07f4959b0,2019-03-16,featherweight,Decision,0.564918,0.20146507,0.23361693
6d70742b8f98faa563b821eb,2019-03-16,featherweight,Submission,0.4313758,0.28663933,0.28198487
ace5bfe86e4b0d6735973199,2019-03-16,welterweight,Submission,0.49037254,0.3470259,0.16260155
353e4c10440a62ea4553e3ff,2019-03-16,welterweight,KO/TKO,0.39650917,0.48469552,0.11879532
20e86b5d807bb2dc387b78f3,2019-03-16,middleweight,Decision,0.49211812,0.38172466,0.1261572
f7dfb4e06c955b5b53ddc717,2019-03-16,welterweight,Decision,0.57759744,0.24379405,0.17860846
6cac406144299eba656c31c8,2019-03-16,lightweight,Decision,0.50523615,0.27750832,0.21725552
bf87589c5256203f65f72bbf,2019-03-16,featherweight,KO/TKO,0.5358331,0.2659454,0.19822143
0cc779241aa11d55442d44dc,2019-03-16,womens_flyweight,Decision,0.5263888,0.27059177,0.20301943
9f29624a5aa95c6c6caf75e2,2019-03-16,bantamweight,Submission,0.6374576,0.18019944,0.18234296
8f38415a1100e141bbd92841,2019-03-16,light_heavyweight,Decision,0.33681822,0.51494926,0.14823253
10ac2affd027d19e4dc0a8e1,2019-03-16,light_heavyweight,Decision,0.36565796,0.49249494,0.14184709
e694a2560234a188ae42e974,2019-03-23,womens_flyweight,Decision,0.6632193,0.18799183,0.1487889
9c5f20dcf4b276ed3c4a12e7,2019-03-23,featherweight,Decision,0.41631544,0.22510512,0.3585795
de2f47976573bf170793803f,2019-03-23,heavyweight,Decision,0.4400332,0.4386805,0.121286295
f9b2cc6068c2ae45506e9313,2019-03-23,flyweight,Decision,0.5159652,0.26390493,0.22012982
6871ce208868dbd843118f56,2019-03-23,lightweight,Decision,0.5515484,0.32905236,0.11939924
3507718bfe13d92f6054b9ed,2019-03-23,flyweight,Decision,0.56089294,0.26726493,0.1718421
57da958cc94cc83554eaeebb,2019-03-23,featherweight,Decision,0.6330874,0.19534959,0.17156304
95a795d06d973c01bcfd4990,2019-03-23,bantamweight,KO/TKO,0.524376,0.27464104,0.20098299
ab7c36995971e72c6d2cbf53,2019-03-23,womens_flyweight,KO/TKO,0.6351709,0.2314565,0.13337262
adccd3ef67929e7be8b0fb1f,2019-03-23,womens_strawweight,Submission,0.72768927,0.17673285,0.0955779
a6ca1f430b5ef469ba343397,2019-03-23,bantamweight,Decision,0.43169543,0.3280567,0.24024786
d9300b28ce089ff86c099e9b,2019-03-23,welterweight,KO/TKO,0.3988207,0.45400158,0.14717771
84ee51fdab49a6792b09df2b,2019-03-30,bantamweight,Decision,0.49527737,0.28392938,0.22079328
b2272144ef0de0d983b37600,2019-03-30,middleweight,Submission,0.47276452,0.3835604,0.14367513
4d97ae90607b612a50988191,2019-03-30,lightweight,KO/TKO,0.33692005,0.5698787,0.09320124
477250ca2a15d6683e877e00,2019-03-30,featherweight,Decision,0.623222,0.26829296,0.10848505
f3fc62d38088caaf5eec0fe5,2019-03-30,featherweight,KO/TKO,0.60281837,0.3197085,0.07747316
25a0d90348d39625a4f0314b,2019-03-30,womens_strawweight,Decision,0.6668609,0.16613758,0.16700149
889f1c72aefbecafdff832f9,2019-03-30,light_heavyweight,Submission,0.2887683,0.44632602,0.2649057
5396918119ed934b0af80bcb,2019-03-30,middleweight,Decision,0.4201718,0.29270002,0.2871282
9496decacd91b03a238021e2,2019-03-30,womens_strawweight,Decision,0.614321,0.24338222,0.14229679
865dd8ea788e2e501a2f6b3d,2019-03-30,bantamweight,Decision,0.43305746,0.21541591,0.3515266
acba98dfe391a402c7725c1a,2019-03-30,lightweight,KO/TKO,0.6255399,0.28579935,0.08866067
bce69a101b3313de146183e7,2019-03-30,womens_flyweight,Decision,0.6017086,0.18737388,0.21091756
12e81505192fb36cefeaab8b,2019-03-30,featherweight,Decision,0.54230225,0.31764454,0.14005321
3f60dec25b566435df7cedec,2019-04-13,welterweight,Decision,0.4250486,0.49060014,0.08435122
7e8869149838e8184f1e5273,2019-04-13,bantamweight,KO/TKO,0.49698612,0.24370967,0.25930417
289890fb9419def12213ee83,2019-04-13,bantamweight,Submission,0.5475345,0.28462374,0.16784176
b784ab0811d40210660ce193,2019-04-13,welterweight,Decision,0.61525327,0.303057,0.081689715
4ffab5007df4ff7646771e21,2019-04-13,light_heavyweight,Decision,0.37409866,0.49676287,0.12913847
33ebcc2e07caca97f069be07,2019-04-13,lightweight,Decision,0.4391756,0.40336823,0.15745617
a7712c32403c49d7bbe8592a,2019-04-13,middleweight,Decision,0.45366308,0.45224187,0.094095014
cfbe4a97e3e72c4468debf09,2019-04-13,womens_flyweight,Decision,0.54984164,0.3112471,0.13891123
3ad810f66b297f4a1e28f412,2019-04-13,welterweight,Decision,0.4651618,0.38731048,0.14752774
5515c14ec2037b702fc825e9,2019-04-13,lightweight,Decision,0.34222075,0.49829245,0.15948679
e22e3562dae8dfff221df22f,2019-04-13,bantamweight,Decision,0.5191664,0.25860864,0.22222492
86ba5ba8d5b95634ce58b762,2019-04-13,light_heavyweight,Submission,0.29377812,0.5286283,0.1775936
1c9726808f14ddd59d42d22d,2019-04-13,flyweight,KO/TKO,0.58925545,0.22654462,0.18419988
8de90dc8a38f56cfd96d944d,2019-04-20,lightweight,Submission,0.4676334,0.32713246,0.20523413
b9b4e5d3157c57087a7a77b4,2019-04-20,heavyweight,KO/TKO,0.18679945,0.56890005,0.24430051
a13f15fd4cc899207fc13e71,2019-04-20,light_heavyweight,KO/TKO,0.24338417,0.45566988,0.300946
663b41c840a325072588a36b,2019-04-20,lightweight,Decision,0.3863119,0.2836059,0.33008227
1b6f229338f50db52565e59c,2019-04-20,middleweight,Decision,0.4548367,0.34566027,0.199503
815560d234b6ccedda48743e,2019-04-20,lightweight,KO/TKO,0.40485787,0.3484443,0.24669778
91f5f9dbe58e9a59f5f3a499,2019-04-20,heavyweight,KO/TKO,0.5226097,0.3898287,0.087561585
f973994e8ab6d25d2f5f2c88,2019-04-20,featherweight,Decision,0.4330989,0.27235055,0.2945505
af7c348666716dc73218dc9a,2019-04-20,womens_flyweight,Decision,0.6769948,0.22840281,0.09460242
7bb40837872b53468491b077,2019-04-20,heavyweight,KO/TKO,0.40828153,0.39975828,0.19196014
7b6b18993ce6ee3086c6f10e,2019-04-20,welterweight,Decision,0.6032852,0.25055698,0.14615785
5f2baffa9f9e18070dd69e1d,2019-04-27,welterweight,Decision,0.45638567,0.3770444,0.16656995
b031eded632dd94461f4a954,2019-04-27,heavyweight,Decision,0.4210385,0.49860197,0.08035953
915cc3326771dcb5012f05cb,2019-04-27,womens_strawweight,Decision,0.69889635,0.19036442,0.110739246
cbe370d6e9437f7454094401,2019-04-27,welterweight,KO/TKO,0.36316934,0.4083987,0.228432
a3f24c5dfdbc1c1cb8b01ef2,2019-04-27,womens_strawweight,Decision,0.6057663,0.17103443,0.2231993
3f0c08354e145c02110fd0a2,2019-04-27,welterweight,Decision,0.47004214,0.34074014,0.18921769
6f066ff33c959ab559b7a1cb,2019-04-27,lightweight,Submission,0.49654803,0.29317445,0.21027751
cf0c668767f8f59b49b1d46b,2019-04-27,light_heavyweight,Submission,0.35276967,0.51496387,0.1322665
d7a529c7a59a0342b202024e,2019-04-27,heavyweight,KO/TKO,0.38278332,0.4651687,0.15204793
810334f59f27e21035e1f127,2019-04-27,middleweight,Decision,0.3060066,0.510911,0.18308239
56ca651437d7cc1d573c3970,2019-04-27,lightweight,Submission,0.48856014,0.23942973,0.2720101
64e530283564ae1339632e0b,2019-04-27,bantamweight,Decision,0.47796077,0.31701407,0.20502521
734a75344024157915995e4a,2019-04-27,lightweight,Decision,0.4502768,0.27153575,0.27818748
3a807e46fc597761a9a248a3,2019-05-04,bantamweight,Decision,0.61286014,0.24842,0.13871987
4afd8778c789a9d76835ce0a,2019-05-04,lightweight,Decision,0.3313869,0.540792,0.12782113
ffc7edb9f4fdd9e856d76689,2019-05-04,heavyweight,Decision,0.508395,0.3929906,0.098614454
aa35b011a1662c7027e70524,2019-05-04,bantamweight,Decision,0.6713525,0.1993902,0.1292573
640f1b8fcbd5c004e9cb36a7,2019-05-04,featherweight,Decision,0.5536799,0.34840035,0.09791977
3b1a562aa4ebab0784fd7bc0,2019-05-04,middleweight,Decision,0.46965665,0.4166401,0.113703236
1b63ea904ebd2957ee46991c,2019-05-04,featherweight,Submission,0.5564858,0.25847664,0.18503761
89394eb01e7784b2c428333d,2019-05-04,womens_bantamweight,KO/TKO,0.46893764,0.22737534,0.30368698
dbedbc64c66202909e1eec7a,2019-05-04,middleweight,Decision,0.500322,0.34047344,0.15920454
9e20d5adcc49052c74014626,2019-05-04,bantamweight,Decision,0.40425023,0.302974,0.29277584
978214d16c31f8696f47f29f,2019-05-04,welterweight,Decision,0.4768512,0.39529648,0.12785237
e124311e45865d724207e325,2019-05-04,heavyweight,KO/TKO,0.27281246,0.5754256,0.15176189
e7073ba5faca0ccac9ce2fcd,2019-05-11,lightweight,Decision,0.57539666,0.28852075,0.13608256
69669b5e3b46042a05eb0823,2019-05-11,womens_bantamweight,Submission,0.72860646,0.18694443,0.084449105
91bd5d42cc6416e430dd43ed,2019-05-11,middleweight,KO/TKO,0.4147986,0.45536923,0.12983218
4afd58b0d8a55895c868a02e,2019-05-11,featherweight,Decision,0.6252958,0.28493562,0.08976859
81a04e8caf79fb727607d237,2019-05-11,womens_flyweight,Decision,0.5672555,0.242675,0.19006948
10d59155db6aa78a1427c454,2019-05-11,bantamweight,KO/TKO,0.47309637,0.25587213,0.27103156
9249808c94f3d6dfdf9af36b,2019-05-11,light_heavyweight,KO/TKO,0.40004733,0.47349903,0.12645364
6c73f1b4fdd41c4e4e6654da,2019-05-11,womens_strawweight,KO/TKO,0.535058,0.27624834,0.18869361
d89982d834ee44a1b667b66f,2019-05-11,womens_bantamweight,KO/TKO,0.6184835,0.1754085,0.20610797
8296e0d578cb9314c68eee1d,2019-05-11,welterweight,Decision,0.5579814,0.3581358,0.083882816
365fefe34135160ec5455d1f,2019-05-11,lightweight,Decision,0.48316938,0.2742429,0.2425877
6cec7d8a2c1e3df9f294b43a,2019-05-11,welterweight,KO/TKO,0.5614794,0.29719698,0.14132361
363d78001101e6229c0a2b0a,2019-05-18,middleweight,Decision,0.57902247,0.24021825,0.18075933
3f0251bc27145aab23db9546,2019-05-18,womens_bantamweight,Decision,0.5371668,0.31028816,0.1525451
50d9e85f3686903269809172,2019-05-18,lightweight,KO/TKO,0.47607148,0.24607019,0.27785832
7d905c953ba73d1a68ead277,2019-05-18,welterweight,KO/TKO,0.40065098,0.424683,0.17466606
6bc2a392929414c465042a48,2019-05-18,lightweight,Decision,0.45349768,0.24680558,0.29969674
0f6484b736a7f3cc7aba63cc,2019-05-18,lightweight,Decision,0.5556333,0.29242522,0.15194143
db76119921bdd0ed497b32f1,2019-05-18,featherweight,KO/TKO,0.627765,0.19499223,0.17724282
33c355ad10b62e7d1de78d9c,2019-05-18,womens_featherweight,Submission,0.47145927,0.30549616,0.22304453
bc3a021cd3cf61e555021000,2019-05-18,featherweight,Submission,0.6091533,0.23119716,0.15964961
3c180878faf99b21bf865fd0,2019-05-18,light_heavyweight,KO/TKO,0.4118775,0.42771336,0.16040911
ca96343028b62aeda9c60fe9,2019-05-18,welterweight,Submission,0.4463137,0.38024145,0.17344488
2a18e106ad1da3effa28ec4b,2019-05-18,welterweight,KO/TKO,0.34057423,0.440541,0.21888475
05e89105390245833a6794d2,2019-05-18,middleweight,Submission,0.46780488,0.38108748,0.15110762
e79d9d724c1b4f49a9c151d5,2019-06-01,light_heavyweight,Submission,0.24994944,0.6550162,0.095034376
51130eaae559739d2277bccb,2019-06-01,womens_bantamweight,Submission,0.45701683,0.227195,0.31578812
376fca1b2417ed080dc55d71,2019-06-01,lightweight,Decision,0.5126175,0.26620033,0.22118212
6c857bc2b1611cd86b8a59d5,2019-06-01,featherweight,Decision,0.5216729,0.2898971,0.18843001
b2a972b374869a366d3b02ae,2019-06-01,light_heavyweight,Decision,0.36156002,0.4713329,0.16710705
9a09782a2c405f04f7df2ff8,2019-06-01,light_heavyweight,KO/TKO,0.34347552,0.5578292,0.09869532
44f4f36c18cd30f4a78e8d2d,2019-06-01,lightweight,KO/TKO,0.51678514,0.25381756,0.22939737
c4311f2a96b7cc37340ba09a,2019-06-01,featherweight,Submission,0.45605686,0.20496447,0.3389786
2fcd04431581330b8a2d18a7,2019-06-01,lightweight,KO/TKO,0.63698953,0.2623958,0.10061464
0f14442a17f1f00f94f2d4c5,2019-06-01,welterweight,Decision,0.3865775,0.3290386,0.28438392
7f95ca9ac1c70cd00b0cce57,2019-06-01,lightweight,KO/TKO,0.51207054,0.31911302,0.16881645
42e3da20fad88525160d375a,2019-06-01,womens_bantamweight,Decision,0.57625234,0.2740402,0.14970744
bd6e6031555f600f46ab4f03,2019-06-08,bantamweight,Decision,0.53404516,0.2980084,0.1679464
95939d218a1d60a883da95bc,2019-06-08,middleweight,Decision,0.463146,0.41280022,0.12405371
266ee3a1c82efd700b8f5aa3,2019-06-08,bantamweight,KO/TKO,0.5034773,0.36510924,0.13141347
f07b57e2716471ad3302c0ee,2019-06-08,bantamweight,KO/TKO,0.37623847,0.46188763,0.1618739
5ef23b9557a9feefb97696b1,2019-06-08,bantamweight,Decision,0.6072375,0.29323882,0.09952366
3f6311a5a0724f605b206cd2,2019-06-08,womens_strawweight,Decision,0.6740312,0.20822848,0.117740296
d207301a7745b122f84fef97,2019-06-08,womens_flyweight,Decision,0.6832461,0.18992093,0.12683302
1e7a85d2f5574c5627c3eea1,2019-06-08,featherweight,KO/TKO,0.52102655,0.3353831,0.14359033
911a1fa0c445df7f0dd12d7b,2019-06-08,heavyweight,Decision,0.53451854,0.36310917,0.1023723
3c6aa7bfcdac2bb433f30323,2019-06-08,womens_strawweight,Decision,0.6677054,0.13894053,0.19335409
4e48afdd0e292d5f0e86fabf,2019-06-08,lightweight,KO/TKO,0.47378314,0.36911586,0.15710102
47652b43ae72f5590c7a1882,2019-06-08,womens_flyweight,KO/TKO,0.6297368,0.23733063,0.13293256
269fbddfdcbebe8e4bdb4b8c,2019-06-08,womens_strawweight,Decision,0.7161018,0.18318905,0.10070915
ce49a5280ca93930a0ebe85b,2019-06-22,heavyweight,KO/TKO,0.2420196,0.607064,0.15091637
41f5e50f9ae0bfaed31ee510,2019-06-22,bantamweight,Decision,0.58580595,0.24260859,0.17158549
f692e76cf277eacf2a442090,2019-06-22,womens_flyweight,Decision,0.62284994,0.16074787,0.21640216
72cedfae58fa44321b69b949,2019-06-22,womens_flyweight,Decision,0.6507873,0.17262875,0.17658392
32ff903f72c4276ea24d999b,2019-06-22,womens_strawweight,Decision,0.6824121,0.19180648,0.12578143
00c99648f208e0a417e279c9,2019-06-22,welterweight,KO/TKO,0.5539791,0.3335324,0.11248848
eee1e31c188a74656a5149fd,2019-06-22,featherweight,Decision,0.62976074,0.24688469,0.12335456
c46941c902fed7bb4392162c,2019-06-22,middleweight,Decision,0.37510532,0.28765613,0.33723858
b84127a3bd76a5e3ac7aea6d,2019-06-22,middleweight,Decision,0.54743695,0.27383855,0.17872448
706b7d016d03a32401ae801c,2019-06-22,lightweight,KO/TKO,0.4254927,0.28327435,0.29123294
739e8e2602d787738477d46a,2019-06-22,featherweight,KO/TKO,0.47173735,0.36698428,0.16127838
f27c0e087e9ebd1684ff09fd,2019-06-29,light_heavyweight,KO/TKO,0.28830737,0.516515,0.19517764
50585a029a9751dccfd39bd2,2019-06-29,light_heavyweight,KO/TKO,0.3240852,0.459977,0.21593785
dae0a129ff92f092524a386b,2019-06-29,welterweight,Decision,0.46037823,0.32992968,0.20969206
377c80dc3b6e45e576ef2577,2019-06-29,lightweight,KO/TKO,0.52245283,0.36129278,0.11625436
59455ad55e5ef93414e5aad0,2019-06-29,womens_strawweight,Submission,0.55796117,0.21216032,0.22987849
a56c32c93524d245d82d6908,2019-06-29,light_heavyweight,KO/TKO,0.3826362,0.48818892,0.1291749
8f285887c02290c07814a22b,2019-06-29,heavyweight,KO/TKO,0.2641318,0.64318275,0.0926854
d2a1e845ca36ee5b8600ef32,2019-06-29,lightweight,Decision,0.555585,0.31808877,0.1263262
cbcb6ed7e3c7e95a085b7341,2019-06-29,flyweight,KO/TKO,0.6022787,0.26418075,0.13354048
f34cc5843d81a39bf53d263e,2019-06-29,heavyweight,KO/TKO,0.38704365,0.4619014,0.15105496
f79e641c1d4367a70c107e82,2019-06-29,bantamweight,Decision,0.50379,0.306222,0.18998794
53e67f863836aff47b826da4,2019-06-29,lightweight,Decision,0.4898115,0.27008212,0.24010636
20a121ded841e9e12c1c757e,2019-07-06,bantamweight,KO/TKO,0.5354174,0.30703524,0.15754735
d2d8539dfdfeaf041ce5823f,2019-07-06,womens_bantamweight,KO/TKO,0.50358224,0.3747246,0.12169319
3849e7ad93590c82be6460fc,2019-07-06,womens_strawweight,Decision,0.6865034,0.17280816,0.14068846
396c48ca67f51480545db649,2019-07-06,welterweight,Decision,0.47282138,0.29545778,0.23172085
6c8c735afb0fb578f594ca2c,2019-07-06,middleweight,Submission,0.4833145,0.36307707,0.15360843
d3c4e9545585b46a1e37a85b,2019-07-06,featherweight,Decision,0.51153946,0.29405525,0.19440527
fad6e667536db7ad4137ba53,2019-07-06,welterweight,Decision,0.52984494,0.25107542,0.2190797
13fece4ed75664de71f4c8a0,2019-07-06,light_heavyweight,KO/TKO,0.4104796,0.42660922,0.16291119
d0f0ebb34a909f7c5faf6a88,2019-07-06,light_heavyweight,Decision,0.281326,0.5964398,0.12223426
5de1539a147642bac02b122a,2019-07-06,welterweight,KO/TKO,0.46826944,0.2924672,0.23926339
82a761b4999bf1e4b0ed7ae3,2019-07-06,womens_bantamweight,Decision,0.34992802,0.26000097,0.39007103
c2f52b8c99f2b37b25e37032,2019-07-06,bantamweight,Submission,0.46905565,0.28873783,0.24220645
0def7c9da3d4db6e32d57362,2019-07-13,featherweight,KO/TKO,0.6241816,0.2612089,0.11460946
f5fb1ec8c7952cc1c512ffa7,2019-07-13,bantamweight,Decision,0.6220841,0.23142697,0.14648893
26dc516d4800e957e79c8b4f,2019-07-13,featherweight,Decision,0.60832256,0.23373854,0.15793891
ac96fd559635b4c7fc75a95f,2019-07-13,womens_bantamweight,KO/TKO,0.33071247,0.48177576,0.18751182
05ef9aeb915febb76910a720,2019-07-13,featherweight,KO/TKO,0.59128535,0.2836785,0.12503617
ae0ff18a3c5eee3bc503d001,2019-07-13,womens_bantamweight,Decision,0.71083105,0.14719361,0.14197534
70ae5877cea9f6b0ba4cccb6,2019-07-13,middleweight,Decision,0.39010578,0.3557688,0.25412545
588a2bb6b75711c8e2d3461e,2019-07-13,womens_strawweight,Decision,0.40250123,0.21651638,0.38098243
0570cae799dc63830a762f58,2019-07-13,middleweight,Decision,0.57481074,0.28252727,0.14266202
945e0d3a9e212876ede075da,2019-07-13,bantamweight,KO/TKO,0.52947044,0.24659209,0.22393745
1914dbfdf41512962586abae,2019-07-13,bantamweight,KO/TKO,0.5385979,0.2725063,0.18889578
4c546f42a090e35397ce363f,2019-07-20,heavyweight,KO/TKO,0.26749846,0.49462917,0.23787239
63961ea6efd64b1b65d34c39,2019-07-20,featherweight,Decision,0.657451,0.21528898,0.12726004
477aadc01e427b1389921cdb,2019-07-20,lightweight,Decision,0.41850215,0.41342193,0.16807595
7af42900e3f80f8ca159c103,2019-07-20,heavyweight,Decision,0.36332226,0.52298266,0.11369506
bb5283ee8ccec9441f73135f,2019-07-20,bantamweight,Decision,0.508631,0.21716818,0.27420086
03e22b6afc8fc3827a3323ba,2019-07-20,heavyweight,KO/TKO,0.3882343,0.4604636,0.15130205
c39309c4e67ff537333ba9da,2019-07-20,lightweight,KO/TKO,0.48843572,0.34242618,0.16913815
180e942322ce1a8941b2e39c,2019-07-20,bantamweight,Decision,0.5692997,0.22610372,0.20459656
af5eec7e9c1abcec258ac49b,2019-07-20,welterweight,Decision,0.42104232,0.43922228,0.13973537
270ce34d482903a677fa17bf,2019-07-20,womens_bantamweight,Decision,0.68952733,0.17454574,0.13592692
9bb0db9278511eb73cc534e1,2019-07-20,bantamweight,Decision,0.4332199,0.21831624,0.34846386
58e855604932a7f6ee3f5606,2019-07-20,womens_flyweight,Decision,0.70987034,0.1893393,0.10079039
6270c7e6a13d39f8b0f428ab,2019-07-20,light_heavyweight,Decision,0.48432624,0.4242229,0.09145085
12ec13ec46af056c14efd03e,2019-07-27,flyweight,Decision,0.55289656,0.2622135,0.18488994
1c6e856edd4101a3e500ec8f,2019-07-27,womens_flyweight,Decision,0.645558,0.23755862,0.11688334
51addb9d2b6072ced811c9b9,2019-07-27,womens_featherweight,Decision,0.42434406,0.280623,0.29503298
73b3d43d2c49d35aeaea8904,2019-07-27,welterweight,Decision,0.38534978,0.36218396,0.2524662
05ed2239b2ea0fb046bfd3fb,2019-07-27,featherweight,Submission,0.58826965,0.23797876,0.17375161
1295b55d2553494251bde142,2019-07-27,welterweight,KO/TKO,0.38889405,0.4147039,0.19640209
1880f52d5d8d4a70093be8c6,2019-07-27,womens_flyweight,KO/TKO,0.517962,0.1577498,0.3242882
b233c1151e28ec04b24cad4a,2019-07-27,featherweight,KO/TKO,0.5062028,0.3294403,0.16435686
5f837399e34674ec11a971cd,2019-07-27,middleweight,Decision,0.59017813,0.3044601,0.10536173
415e552f04f46d6a0dfa2bc5,2019-07-27,featherweight,Decision,0.39735582,0.49081674,0.11182743
53c5de1fcd5d8fef19be7573,2019-07-27,lightweight,Decision,0.5472856,0.21968469,0.23302971
6eeac113de6d8be6c115f368,2019-08-03,womens_flyweight,Submission,0.64575595,0.19963142,0.15461265
37963509a7ad6fe9091a4260,2019-08-03,welterweight,Submission,0.41893387,0.28570443,0.29536167
3c047e2900cccc1e8b515fa4,2019-08-03,welterweight,Decision,0.4317251,0.4561316,0.11214321
e1fbac640d40549a81a34408,2019-08-03,light_heavyweight,Decision,0.4592452,0.4084375,0.1323173
545e968860424db391f622ba,2019-08-03,lightweight,Submission,0.4698851,0.3103052,0.2198097
7201d2665fc7c40e5001a557,2019-08-03,lightweight,KO/TKO,0.5837267,0.28100494,0.13526833
f1af8880bfb7c5ee39f0e313,2019-08-03,flyweight,Submission,0.62868494,0.22815439,0.14316069
08c664eb57a74c77d855ffcc,2019-08-03,womens_flyweight,KO/TKO,0.7032197,0.14979115,0.1469891
3ca76db0b4b30f6617f3dae8,2019-08-03,welterweight,Decision,0.39201307,0.2639062,0.34408072
d80baaecca990243dba2c73b,2019-08-03,womens_flyweight,Decision,0.47283617,0.23615426,0.29100958
5a97ee77f95700513db584fb,2019-08-03,lightweight,KO/TKO,0.6378654,0.25862548,0.10350906
60aaa0218cf8078fe44e068a,2019-08-03,middleweight,Submission,0.341771,0.34125078,0.31697822
9bda4cca4c1560bdb475fa12,2019-08-10,heavyweight,Submission,0.31866148,0.44627985,0.2350587
310b054339a286bb1219720d,2019-08-10,featherweight,Decision,0.4224597,0.35261476,0.22492553
95f9071548c71c8a429b387f,2019-08-10,featherweight,Decision,0.60980904,0.21841629,0.17177469
bb1f9e584eebc4445533e087,2019-08-10,bantamweight,Decision,0.5954214,0.23818216,0.16639645
3cfa69ae9469d3e98e6e8c9d,2019-08-10,welterweight,Decision,0.6005652,0.2665489,0.1328859
eb94bf7c64b05cef83a337de,2019-08-10,lightweight,Decision,0.32987458,0.28682816,0.38329726
421e881d17b627912cc053c2,2019-08-10,middleweight,Submission,0.34166548,0.42157066,0.23676388
40ad55cf214d324d07ce2773,2019-08-10,flyweight,KO/TKO,0.5089227,0.2534265,0.2376508
6cad3824255a247586943eda,2019-08-10,womens_strawweight,Decision,0.680105,0.20958649,0.110308565
366b24077b4b12afdda7f906,2019-08-10,womens_flyweight,Decision,0.58578455,0.26274693,0.15146852
82a161559110934b283287e8,2019-08-10,womens_flyweight,Submission,0.6572408,0.13580424,0.206955
cafcc1a7d6eeee7dcac87f0c,2019-08-10,welterweight,Decision,0.45417812,0.3797646,0.16605727
6bb4c1091c82f4a64ed209d1,2019-08-10,light_heavyweight,KO/TKO,0.39162102,0.49316278,0.115216255
952d0f85baf48e580adfcbf9,2019-08-17,welterweight,Decision,0.547808,0.2780079,0.17418416
763b7021eda95cec160668cd,2019-08-17,lightweight,Decision,0.6592164,0.20607385,0.13470975
632ab47f31caa99776bafd3a,2019-08-17,heavyweight,KO/TKO,0.38699025,0.48454344,0.12846632
b14af30ec1b703032b1c7ff8,2019-08-17,middleweight,Decision,0.44829863,0.42629737,0.12540397
2bfe269c743b9b99bdcb7bec,2019-08-17,lightweight,KO/TKO,0.41754478,0.4090066,0.17344864
fb841bfbd302bdfd92f09af9,2019-08-17,featherweight,KO/TKO,0.49514663,0.31921783,0.18563557
5d4a75be3c772b6777d6965e,2019-08-17,womens_strawweight,Decision,0.66664195,0.19822063,0.13513736
8b43d370f9a95a04823b6e21,2019-08-17,bantamweight,Decision,0.61903626,0.20336345,0.1776003
2f96645259048f7ffc5e87f2,2019-08-17,catch_weight,Decision,0.32195973,0.253493,0.42454723
a412d12faf803a97f8b5fa87,2019-08-17,bantamweight,Decision,0.47996157,0.37829715,0.1417413
f17d329e8a8236283607fb66,2019-08-17,womens_flyweight,Decision,0.6360574,0.23602892,0.12791368
dc588caaf4e23b17b9b88f93,2019-08-17,middleweight,Decision,0.3545895,0.53669715,0.10871336
1f035f3330e22fa82d2a3650,2019-08-31,bantamweight,Decision,0.33308682,0.31813356,0.34877965
42555d1e8ce3c6e9f80f494b,2019-08-31,light_heavyweight,Submission,0.2408855,0.48307973,0.27603477
1cd17e7a1ac6a13856b412fd,2019-08-31,lightweight,Decision,0.52886033,0.2399496,0.2311901
4b6daf2f0a633140483ed5fc,2019-08-31,womens_strawweight,KO/TKO,0.5728943,0.2743651,0.15274063
dac218cda6b12fbf0566e953,2019-08-31,middleweight,Submission,0.3583622,0.3469142,0.29472357
974033b9c21272ecc210e47a,2019-08-31,flyweight,Decision,0.6473478,0.21602334,0.13662887
d656d282c41d79f44960517d,2019-08-31,womens_bantamweight,Decision,0.46874234,0.22099169,0.310266
b4c018c81b8c2840fc1bf217,2019-08-31,welterweight,KO/TKO,0.4894609,0.3998978,0.11064128
691194a03c43b9ec74c25c51,2019-08-31,welterweight,Decision,0.42919865,0.43872344,0.13207787
5ef647d5242d0fc21e037ca7,2019-08-31,bantamweight,Decision,0.4026476,0.2941127,0.3032397
3438a2f8e2061a5b3df0345f,2019-08-31,womens_flyweight,Decision,0.43699813,0.23183654,0.33116537
5fd241c02070d9383973e1ad,2019-09-07,welterweight,Submission,0.45727614,0.4274044,0.1153194
dfa8aa41ae70e1bc02b18c64,2019-09-07,heavyweight,KO/TKO,0.41233203,0.48059958,0.107068375
d18690fc6b502d5e9828c33d,2019-09-07,lightweight,Decision,0.34516993,0.34241217,0.3124179
5c4bf8f13e687607837641d0,2019-09-07,lightweight,Decision,0.5907471,0.3234425,0.08581042
a12f553a4bb3b6a0bc62f10c,2019-09-07,lightweight,Decision,0.5272232,0.23406775,0.23870903
a6bde13c4fa732a086109c6f,2019-09-07,womens_flyweight,Decision,0.6758024,0.18716656,0.1370311
8809a86b0765331ee3046ba8,2019-09-07,lightweight,Submission,0.5004498,0.37923077,0.12031946
218ed25044345f0da0f1ab68,2019-09-07,womens_bantamweight,KO/TKO,0.504526,0.16335481,0.33211917
4b5abc9b471d257e26814621,2019-09-07,lightweight,Decision,0.50199056,0.35740525,0.14060415
88104c3216b870a94d094b52,2019-09-07,welterweight,KO/TKO,0.4606117,0.43400198,0.105386265
81f7b94567c3becf57b7c480,2019-09-07,middleweight,Decision,0.4939585,0.3308171,0.17522438
4fa13ee966e6f925309146f9,2019-09-07,lightweight,KO/TKO,0.42258084,0.26408523,0.31333393
a24c84449925d91244224459,2019-09-14,bantamweight,Decision,0.5402092,0.2764521,0.18333869
76b09b1ae45fb9768ca9f02d,2019-09-14,featherweight,Decision,0.5668824,0.18927906,0.24383858
d52f32b4c96395db88e3df3c,2019-09-14,bantamweight,Decision,0.46226916,0.25537145,0.28235933
cdebef1ad84897fe6e52dab4,2019-09-14,lightweight,KO/TKO,0.3015099,0.5741699,0.12432027
99a1382d0f54f8b36ae0f1a1,2019-09-14,light_heavyweight,Decision,0.25492302,0.5506683,0.19440868
4657001db77127f01637d1aa,2019-09-14,lightweight,Decision,0.6066113,0.24112825,0.15226045
cf978a340d3698c46fd69095,2019-09-14,bantamweight,KO/TKO,0.5486644,0.2618675,0.18946812
1a3fd89ca750799e7e003f98,2019-09-14,heavyweight,KO/TKO,0.51229197,0.3848302,0.102877796
43c10df3159c502c6de89daa,2019-09-14,welterweight,Decision,0.32767704,0.47354618,0.19877677
7090bee0551cc8931473357e,2019-09-14,light_heavyweight,Submission,0.29286945,0.44488072,0.26224977
3bda414f1341d69b2f6bec1e,2019-09-14,middleweight,Decision,0.4766858,0.34299287,0.18032128
e675a50c92e763e9dbfe4d39,2019-09-21,womens_strawweight,KO/TKO,0.60705996,0.22821422,0.16472578
63e3f55fc8b51d57700eef35,2019-09-21,womens_strawweight,Decision,0.7026955,0.16484079,0.13246374
307855e3460d7f7876deadf3,2019-09-21,lightweight,Decision,0.44603434,0.21599142,0.33797422
a02b51f27087befa1a1128b4,2019-09-21,womens_bantamweight,Decision,0.6704309,0.19416274,0.13540632
6c639d934a292ba8bc90c07c,2019-09-21,bantamweight,Decision,0.5457112,0.26127827,0.19301052
aac3548e1e8a354304ee6db9,2019-09-21,featherweight,KO/TKO,0.425266,0.38330007,0.19143389
87ed37dfa7f497b5f77d6e30,2019-09-21,featherweight,KO/TKO,0.6011093,0.26127452,0.13761614
3cc89087f0c0ce6f6e5675ad,2019-09-21,flyweight,Decision,0.53527623,0.28524113,0.17948264
1ba523d6ccedc31871693413,2019-09-21,womens_bantamweight,Decision,0.7234595,0.18730514,0.08923544
47758d29bd662b3fd1939d7f,2019-09-21,light_heavyweight,Submission,0.32692483,0.50610834,0.16696678
4c5ca474ab0b5ce8ca07a033,2019-09-28,middleweight,KO/TKO,0.5308636,0.30646524,0.16267116
2ef6cc622d891b2f47cc02a3,2019-09-28,middleweight,Decision,0.47107273,0.38252652,0.14640072
c24762d1540afc7892a6a11f,2019-09-28,featherweight,Decision,0.55993515,0.2672289,0.17283598
a74f028feadcc12f9e059d34,2019-09-28,welterweight,Decision,0.47461197,0.3008188,0.2245692
58043915ba1655663c54db19,2019-09-28,light_heavyweight,KO/TKO,0.4105815,0.47623095,0.11318761
24165e221c133e0f8521184c,2019-09-28,middleweight,KO/TKO,0.34356472,0.50368863,0.15274666
db9cb586eea9be24aa022a81,2019-09-28,bantamweight,Submission,0.38903397,0.27625743,0.33470863
c563a8cbab69fdedc2ca6293,2019-09-28,womens_bantamweight,Decision,0.45212564,0.31248426,0.23539011
2e2ac3805ce6106ac7b08c39,2019-09-28,lightweight,Decision,0.5511106,0.29061708,0.15827228
1badb9e1370a7f530b41dad9,2019-09-28,lightweight,KO/TKO,0.401162,0.31650403,0.282334
2667de7839876ddd18c5922f,2019-09-28,light_heavyweight,Submission,0.2726928,0.58882993,0.13847725
838f2253c05f15ea4d21c1bb,2019-09-28,welterweight,Decision,0.59274364,0.27664968,0.13060667
fceb01a3e6afb83d628ca021,2019-09-28,welterweight,Decision,0.43991292,0.3802591,0.17982805
300838f93508ed30e50c5104,2019-10-05,lightweight,Decision,0.5254369,0.33458826,0.13997483
0cb55ec63b83f5626f97c769,2019-10-05,lightweight,Decision,0.43175653,0.2729955,0.29524803
c9b3790271aba99a0f5d563f,2019-10-05,welterweight,Decision,0.3426985,0.5170994,0.14020208
59503950de9880dde6cfbd9a,2019-10-05,welterweight,Decision,0.5840254,0.23098081,0.18499382
2efe952bc9906d2d8ee63d99,2019-10-05,heavyweight,KO/TKO,0.30973098,0.45020893,0.24006014
03bdb3f550d8728b99736cb5,2019-10-05,welterweight,Decision,0.5250648,0.34875354,0.1261816
60a4cca6160e77a434c836eb,2019-10-05,womens_featherweight,Submission,0.4568374,0.32903326,0.21412939
7a45e3425d11cee03efad9d2,2019-10-05,womens_flyweight,KO/TKO,0.62043023,0.18539223,0.19417754
b31117cda02191539a7b1042,2019-10-05,middleweight,KO/TKO,0.40395162,0.5000434,0.09600501
1541bbe0810786a062a2ed75,2019-10-05,heavyweight,Submission,0.23035596,0.6893931,0.08025096
47228cf03cd4105dd977ba6d,2019-10-12,featherweight,Decision,0.54235893,0.21315907,0.24448195
65e84e21f699586e3aefedd3,2019-10-12,flyweight,Submission,0.57502615,0.24961114,0.17536268
3d03b631b4587e1ba05b7567,2019-10-12,middleweight,Decision,0.40994048,0.34454265,0.24551688
c1e628e157c0b3b603970990,2019-10-12,womens_flyweight,Decision,0.71811914,0.15853025,0.123350576
b8d46870926615857be3f630,2019-10-12,womens_strawweight,Decision,0.5459063,0.28903836,0.16505527
eb864e622ea92270ecef192f,2019-10-12,womens_strawweight,Decision,0.5303349,0.19708222,0.27258292
85c6d7ac2b40e91bd0e22ab6,2019-10-12,bantamweight,KO/TKO,0.5887022,0.22880891,0.18248887
5f52782a6aa56ba0f3a97b9b,2019-10-12,middleweight,Decision,0.59038913,0.28231472,0.12729615
c1512c7e186a2ad2d9405660,2019-10-12,lightweight,Decision,0.5041699,0.26812193,0.22770818
277f3f3cb03bddbb79f8c1b5,2019-10-12,welterweight,Decision,0.5564303,0.3188874,0.124682315
845f9a197d8e4dbaeffe8afc,2019-10-12,welterweight,KO/TKO,0.49303803,0.33598432,0.1709776
9c76094ff9dad4b08a83fa97,2019-10-12,lightweight,KO/TKO,0.59427744,0.21895419,0.18676832
a22737adaea8f3c24329fca1,2019-10-12,welterweight,KO/TKO,0.37456432,0.41263008,0.2128056
27e1fa1e0f0a4ed7fd4da048,2019-10-12,light_heavyweight,Submission,0.42018807,0.4043615,0.17545038
ca0cd07f144ce35471f77fe5,2019-10-18,middleweight,Submission,0.4930489,0.27571774,0.23123334
43a68b57b8ea07e036eda841,2019-10-18,featherweight,Submission,0.46329084,0.23716217,0.299547
e0354f103924591f691cb6e6,2019-10-18,welterweight,Decision,0.52273417,0.29559806,0.18166779
23340c1c1beee7c9694fde06,2019-10-18,heavyweight,Decision,0.3350851,0.53491205,0.1300029
855a0f86334b84d5802b5b3c,2019-10-18,middleweight,Decision,0.53259623,0.37198,0.09542377
4535cc5c754f6cfab853349d,2019-10-18,light_heavyweight,KO/TKO,0.28051358,0.59758174,0.121904686
312e5a705d9ea69f9304369e,2019-10-18,lightweight,KO/TKO,0.39559832,0.29730946,0.30709225
dd1a5c0133b77b445e4da39d,2019-10-18,featherweight,Decision,0.5658492,0.26088074,0.1732701
924db0cc13ef377747acd751,2019-10-18,womens_flyweight,KO/TKO,0.38124523,0.23652333,0.3822314
1cbc40e89a4a3808ac58a6b2,2019-10-18,womens_flyweight,Decision,0.5914348,0.20797244,0.20059282
8017582ad0a64b3df2a1b1f1,2019-10-18,bantamweight,KO/TKO,0.46043554,0.35055065,0.18901382
0b8035462f110001d74cfccc,2019-10-18,featherweight,Decision,0.57604754,0.32120493,0.10274755
e547a10b6f576ac5ce766f3b,2019-10-26,lightweight,Decision,0.4164546,0.38415807,0.19938734
e3e811b0d565e05ccc653f76,2019-10-26,heavyweight,Submission,0.3018783,0.4590512,0.23907055
068191c5ec0442a5f327a13f,2019-10-26,welterweight,Submission,0.29879656,0.34517848,0.35602492
a36870d79a38bac025ca994f,2019-10-26,featherweight,Decision,0.62089175,0.22296304,0.15614514
f0d2710e45778380c740e9a9,2019-10-26,lightweight,Submission,0.5223965,0.3290859,0.14851756
0d3c456a7272d86e8ebbb604,2019-10-26,womens_strawweight,Decision,0.5380068,0.23231722,0.22967598
ec961ddbd1b2a583933bf1c7,2019-10-26,heavyweight,KO/TKO,0.3294337,0.51506525,0.15550101
747dd08852da9f2fea81933a,2019-10-26,lightweight,Decision,0.5846871,0.3150582,0.10025465
54365bc0fbf2054909ffb52a,2019-10-26,welterweight,Decision,0.5438052,0.35600737,0.10018744
3d08ad4aa2e7c798a261b317,2019-10-26,womens_strawweight,Decision,0.6917157,0.17260072,0.13568355
3c0c040f3ab9eee3625380a9,2019-10-26,heavyweight,Decision,0.44233662,0.39200068,0.16566274
e493a0b30451a3c7301cdb30,2019-11-02,heavyweight,KO/TKO,0.31375965,0.5916398,0.094600484
b6ed2b7f241d89a1c2e5768c,2019-11-02,middleweight,KO/TKO,0.49360344,0.31740892,0.1889876
1179f435dc339904ffba59f4,2019-11-02,light_heavyweight,KO/TKO,0.40032595,0.46729645,0.1323776
fcd1f11d558f57139634bfd4,2019-11-02,heavyweight,Decision,0.5348814,0.37958387,0.085534774
b40746bfe9247aa2ab1cf62a,2019-11-02,welterweight,KO/TKO,0.39469728,0.44883588,0.15646689
9be0b4ced3f43e9b5e0307d3,2019-11-02,featherweight,Decision,0.6063912,0.258626,0.13498276
3ef97578ff086342ac3316dc,2019-11-02,womens_flyweight,Decision,0.69084996,0.18444613,0.12470387
6aac3558b27bea053402a041,2019-11-02,middleweight,Decision,0.5817181,0.31579468,0.10248722
6bd651e672f1383eaaa3488e,2019-11-02,lightweight,KO/TKO,0.54539144,0.28354046,0.17106812
bdd7d638521a5220ece47138,2019-11-02,welterweight,KO/TKO,0.46580356,0.37072387,0.16347256
77040a488134a21632e5e1c1,2019-11-02,featherweight,KO/TKO,0.50932616,0.3117607,0.17891316
16af1afe443d2d04a0b3004e,2019-11-02,welterweight,Decision,0.45808634,0.41673523,0.12517844
f936a2e7fe354fd8511c7843,2019-11-09,welterweight,Submission,0.4257937,0.32230714,0.2518992
1e2f3752f6c52b1f4a02d6b7,2019-11-09,heavyweight,Decision,0.4312475,0.4365556,0.13219695
1a1c5e4865c1d0486f79c7bd,2019-11-09,lightweight,Decision,0.5883036,0.24505308,0.16664326
640793902348858ab72aa43f,2019-11-09,bantamweight,Decision,0.57538307,0.3083486,0.11626833
4b1a6b415dfe50f3c9f1dbb5,2019-11-09,womens_bantamweight,Decision,0.6710025,0.18228163,0.14671586
f0ffe0e3b264df9b5db97006,2019-11-09,light_heavyweight,Decision,0.31516287,0.55421793,0.13061918
f1793f6ef34da4257673c238,2019-11-09,light_heavyweight,KO/TKO,0.42682898,0.44782937,0.12534167
31bcc23345e28ba3b19c96e4,2019-11-09,welterweight,Decision,0.59453434,0.2695203,0.13594532
b9697c6e95b6549c714acf96,2019-11-09,middleweight,Submission,0.37329742,0.37222788,0.2544747
e106bc203bf221eab415c9d6,2019-11-09,welterweight,Decision,0.58429486,0.3103634,0.10534174
43e49e7eac931187640250f8,2019-11-09,light_heavyweight,Decision,0.46240774,0.35658464,0.18100761
1f6dc7a779838723b04fdcd9,2019-11-09,featherweight,Decision,0.61097527,0.23228332,0.15674141
35a1c6a2fd428e45b7ba56ae,2019-11-09,welterweight,KO/TKO,0.55870813,0.31172997,0.12956187
9c39de42c4252efea5a6c7a4,2019-11-16,middleweight,Decision,0.3803401,0.34450796,0.27515188
76080b6d4a1730806ca74745,2019-11-16,womens_flyweight,Decision,0.6123173,0.19053684,0.19714586
ca0ede83403f2550325f5cf2,2019-11-16,lightweight,KO/TKO,0.473738,0.26080897,0.26545304
895cdfc1522a784865e69ac8,2019-11-16,featherweight,Decision,0.6658774,0.24710411,0.087018505
14217beddf84c2e52c742fae,2019-11-16,lightweight,Decision,0.585266,0.31132603,0.10340795
353fdcce1036b674908aaa84,2019-11-16,light_heavyweight,Decision,0.23629096,0.61924756,0.14446144
9da66ec4bb7eb06c55458f10,2019-11-16,middleweight,Decision,0.5419207,0.2191469,0.23893237
fab55b1d74b0c72834f8c73e,2019-11-16,featherweight,Submission,0.6077511,0.27338624,0.118862696
0cd8da7c25c1fda31ca49a51,2019-11-16,welterweight,KO/TKO,0.60297644,0.2772676,0.119755976
3343bf88c488f245111644cf,2019-11-16,womens_bantamweight,Decision,0.58859396,0.2392727,0.17213337
ebb3391b28a1a863bca84b60,2019-11-16,welterweight,Submission,0.56471443,0.30150157,0.13378397
9dcdaba00e3d7661c2c20a0f,2019-12-07,heavyweight,KO/TKO,0.20013644,0.69795424,0.10190935
3f0d6005bcf5d8d74d490e25,2019-12-07,womens_bantamweight,KO/TKO,0.4758601,0.27030265,0.25383732
af619e0f50e39d9a3c707cbf,2019-12-07,featherweight,Submission,0.4224048,0.2764213,0.3011738
70a295b55866179ccd1d2ba9,2019-12-07,featherweight,Submission,0.588653,0.19607037,0.21527664
9f1bc6cac3951396363e743b,2019-12-07,lightweight,Decision,0.4160235,0.2672148,0.31676176
ae915d199d0a3212d88d4bff,2019-12-07,middleweight,KO/TKO,0.54356974,0.3212454,0.13518488
b807573eed5a4156c41f13d0,2019-12-07,bantamweight,Decision,0.50509554,0.30888385,0.18602063
c9a6fbe648a7cc56f81d7315,2019-12-07,heavyweight,KO/TKO,0.3437489,0.4749535,0.18129762
831cacee5fffa61376db4fc9,2019-12-07,welterweight,Submission,0.47709316,0.41241857,0.11048827
2138569b556c4d614e8bb628,2019-12-07,womens_strawweight,Submission,0.58350474,0.16891743,0.24757783
029906e95258805fd3ef5825,2019-12-14,womens_bantamweight,Decision,0.44527993,0.43390843,0.120811634
d5b4dfb3ff65f3dbb6fca19c,2019-12-14,flyweight,Decision,0.6329992,0.20686017,0.16014062
ce5217459171cc8b3b06b8a1,2019-12-14,featherweight,KO/TKO,0.48053366,0.28783786,0.23162849
33e7da705762dd431b060f57,2019-12-14,welterweight,KO/TKO,0.48068056,0.38021857,0.13910088
f66a474497dbfe8160053545,2019-12-14,middleweight,Decision,0.57539487,0.3052333,0.119371854
e78313114f040c2eb306caca,2019-12-14,womens_flyweight,Decision,0.6742472,0.24091835,0.08483447
c278d51e7be09fbca132ce23,2019-12-14,welterweight,KO/TKO,0.5758518,0.33109933,0.093048885
08209dc137ca29ba95d0b9a9,2019-12-14,womens_bantamweight,KO/TKO,0.69897217,0.16350308,0.13752475
c1ada04837f4f0ae52b28b1c,2019-12-14,bantamweight,Decision,0.5990497,0.28707147,0.113878846
effa322cf0f61bf8fab0059d,2019-12-14,welterweight,KO/TKO,0.4054138,0.42455873,0.17002743
f1218bf5097065169418303d,2019-12-14,featherweight,Decision,0.46288738,0.4227404,0.11437217
aa231dbbda45b913e6c739e4,2019-12-14,bantamweight,KO/TKO,0.5591745,0.2784724,0.1623531
75abd93d36786b68de733b5a,2019-12-14,middleweight,KO/TKO,0.3266229,0.4053967,0.26798037
ceb9eb09b6543ade92a2fc57,2019-12-21,bantamweight,Decision,0.576548,0.303957,0.1194951
bc5dec6484ff60b254a2bf9e,2019-12-21,flyweight,KO/TKO,0.50261164,0.281255,0.21613339
5e29733544b68ed9577a8341,2019-12-21,heavyweight,Decision,0.47012222,0.3813517,0.14852601
7d8361c453bd229c2f8ab6af,2019-12-21,light_heavyweight,KO/TKO,0.31307995,0.44850668,0.23841338
fdfacd8404d0eb95adcee649,2019-12-21,lightweight,Decision,0.50143045,0.3608609,0.13770862
f9e7b8638de2149e61e51154,2019-12-21,featherweight,KO/TKO,0.51477504,0.34001786,0.14520709
8a987c4579dbf3e22f1d5ff3,2019-12-21,featherweight,KO/TKO,0.48015222,0.37590086,0.14394689
b93afc4960a3dbb6e25c0b1b,2019-12-21,middleweight,Decision,0.5494113,0.2975404,0.15304829
ff575235c773175d33e45307,2019-12-21,bantamweight,Decision,0.6060654,0.19936067,0.19457394
852967885dda5170546df8c6,2019-12-21,womens_strawweight,Submission,0.6083261,0.261663,0.13001093
3443c05c299fb7b8610b44d4,2019-12-21,bantamweight,Decision,0.48646262,0.35477874,0.15875863
6c4e36c79471be03e79e25b7,2019-12-21,featherweight,Decision,0.5239313,0.2568219,0.21924679
3b0c3a4939fb8a567ab24b63,2019-12-21,light_heavyweight,Decision,0.395753,0.49862933,0.10561763
dbaeff63b18a6d92838f98c2,2020-01-18,light_heavyweight,Decision,0.37679347,0.47116375,0.1520428
32e3ff4610a5a504ed917afe,2020-01-18,heavyweight,Submission,0.28145584,0.52316993,0.19537424
1826d3fc74bb2d6ba256950a,2020-01-18,featherweight,Decision,0.50709563,0.37775376,0.115150586
299419704af40353765232da,2020-01-18,lightweight,Submission,0.5207656,0.3131116,0.16612281
a1906b428b2b7f692430e2cb,2020-01-18,bantamweight,Submission,0.47660097,0.33654147,0.18685752
66d951441f61c860a46dd18a,2020-01-18,welterweight,KO/TKO,0.2937014,0.59110856,0.11519003
049d7f10a2408eaeea36b79b,2020-01-18,lightweight,KO/TKO,0.53443545,0.35221905,0.11334551
8c49399b3602fc1ea7faab1f,2020-01-18,womens_bantamweight,Decision,0.67690307,0.19774453,0.12535235
894e5a6b67f8fd390b461dc8,2020-01-18,womens_flyweight,Decision,0.5649229,0.3071376,0.12793946
31631b1099dedbc551cca061,2020-01-18,womens_flyweight,Decision,0.70812756,0.18173912,0.11013327
818e4e2f4882a32d5136f9f8,2020-01-18,flyweight,Decision,0.51796776,0.23613621,0.24589601
535e643e38e6e106255034d3,2020-01-25,featherweight,Decision,0.57401997,0.24298893,0.18299113
fa88c98e5dae1a9d570d00f3,2020-01-25,middleweight,Decision,0.5479674,0.30365944,0.1483732
3be9f2fb380b4adfe9142fad,2020-01-25,bantamweight,Submission,0.5300289,0.23868383,0.23128732
3ceaa0ce879bb7f0a68da029,2020-01-25,heavyweight,KO/TKO,0.31041273,0.58719647,0.102390766
70b24348fe735b27fba60a92,2020-01-25,womens_strawweight,KO/TKO,0.69626427,0.19986,0.10387571
4da0ae30154e9ffeae7d071a,2020-01-25,featherweight,KO/TKO,0.4339483,0.30008635,0.26596534
2a8739dba9f6bbb8da7160b0,2020-01-25,light_heavyweight,Decision,0.36873975,0.45407757,0.17718269
f0db58925ab2f01282c6aed8,2020-01-25,flyweight,Submission,0.53490996,0.2864912,0.17859882
611387fbcb2688d824e09cfa,2020-01-25,womens_flyweight,Decision,0.6902927,0.17948693,0.13022038
34d2e609fae11eba0361d28c,2020-01-25,bantamweight,Decision,0.623793,0.18982953,0.18637745
49c737995706c23811737d45,2020-01-25,welterweight,Decision,0.6051242,0.24558796,0.14928786
c98a7a3f6e065503e752b443,2020-01-25,womens_bantamweight,Decision,0.61446106,0.2112826,0.1742563
58f8cedb4f1c4a8acfe97da0,2020-02-08,welterweight,KO/TKO,0.4929668,0.30573347,0.20129968
f791308687846b968ecb6e0b,2020-02-08,bantamweight,Decision,0.6252484,0.2599051,0.1148465
45d8c7be4e945420d00361ae,2020-02-08,featherweight,Decision,0.43326664,0.26857018,0.29816318
a3ce1d91d4f5d48cb71fcfe9,2020-02-08,heavyweight,Decision,0.34897888,0.52340513,0.127616
ff6a60aa5038e8415ec8939f,2020-02-08,light_heavyweight,Decision,0.28394872,0.6201708,0.0958805
e68dbb04527c15178f4140e6,2020-02-08,heavyweight,KO/TKO,0.34950772,0.50981385,0.1406784
b2b4d0831802f26e83e6ccc7,2020-02-08,womens_flyweight,Decision,0.65705556,0.23843427,0.10451018
8d68545109734da047569b52,2020-02-08,bantamweight,KO/TKO,0.6129595,0.26533642,0.12170413
9849cc2855f955fab6058523,2020-02-08,featherweight,Decision,0.5098931,0.31646925,0.1736376
d1b4cad82cb530a5cf8cacd1,2020-02-08,middleweight,Decision,0.5662314,0.29681143,0.13695712
1f5ca783acb07145072da725,2020-02-08,womens_flyweight,KO/TKO,0.58457357,0.276229,0.1391974
8de48a03581e7b5f3ae2d006,2020-02-15,bantamweight,Decision,0.63467574,0.2120322,0.15329203
bd22d4e2756e0f228a221025,2020-02-15,light_heavyweight,KO/TKO,0.41970298,0.4733799,0.106917135
c7f13fe85a89872d7c7fdc4a,2020-02-15,light_heavyweight,Decision,0.5322533,0.35455078,0.11319593
f8d3fabff42baf18c7e8c6d5,2020-02-15,lightweight,Decision,0.55362326,0.26021785,0.18615887
52e04780edda9cf0618b9152,2020-02-15,bantamweight,KO/TKO,0.54956055,0.2764194,0.17401999
828bae559074c156bab9cdec,2020-02-15,lightweight,Decision,0.47329208,0.36198723,0.1647207
e2092c0a9fda00799fd85248,2020-02-15,womens_bantamweight,Decision,0.39762455,0.31274444,0.289631
344da31964fde9819457c241,2020-02-15,flyweight,KO/TKO,0.5586855,0.22254391,0.21877056
7a47b5bdbb687c1295999f5e,2020-02-15,womens_flyweight,Decision,0.5156847,0.17808324,0.30623204
e21273dacc8544d24b825430,2020-02-15,flyweight,Decision,0.60048515,0.19655657,0.20295827
806a30c5a3bc9369c6e1864c,2020-02-15,welterweight,Submission,0.45633897,0.41143772,0.13222332
3345db9eff688ec37ec0f2f0,2020-02-22,heavyweight,KO/TKO,0.28388047,0.5337618,0.18235776
405c0a662bf5e5bd6660107f,2020-02-22,lightweight,Decision,0.49569166,0.3282549,0.17605343
957ee110d743be59ac63bd6c,2020-02-22,welterweight,KO/TKO,0.46515676,0.4340457,0.10079753
55fc23885a358078ecffc231,2020-02-22,welterweight,Decision,0.5724449,0.2394718,0.18808325
3d852084c8c58ac9c0c3866d,2020-02-22,lightweight,KO/TKO,0.44757876,0.36050612,0.19191514
6d9b24acf3b0a085f063254d,2020-02-22,light_heavyweight,Submission,0.26082355,0.4724719,0.26670453
7ec2485289f1c9b63a5792d6,2020-02-22,flyweight,Decision,0.6108531,0.27686998,0.112277
e4febcd3b9270378b88c2c8d,2020-02-22,womens_strawweight,Decision,0.7203034,0.18342867,0.09626793
06cda90846ecf341619165c4,2020-02-22,featherweight,KO/TKO,0.6291164,0.2712511,0.09963249
c081058b8760ebc49b1844fa,2020-02-22,womens_strawweight,Decision,0.6488056,0.22841303,0.122781284
0a118b568754c03f74e85a68,2020-02-22,lightweight,Decision,0.35163215,0.52974254,0.118625276
e8ddc97cca6d0a5d378ee12f,2020-02-22,womens_flyweight,KO/TKO,0.65205187,0.23898481,0.108963296
bc05c73c776a23522465fbba,2020-02-29,featherweight,KO/TKO,0.423734,0.28381196,0.29245403
67c513c4904f8faedf720155,2020-02-29,middleweight,KO/TKO,0.3501491,0.3449204,0.3049305
225a42fc041d7b46d5bfaca6,2020-02-29,womens_featherweight,KO/TKO,0.57172424,0.19037654,0.23789927
12c618f5f471aac6cbe2f559,2020-02-29,bantamweight,Decision,0.50943357,0.21535362,0.2752128
7c35b87c3259435af9f305f0,2020-02-29,featherweight,Submission,0.4737812,0.22696096,0.29925784
b9199fdaf47f5fe86002cdc7,2020-02-29,light_heavyweight,KO/TKO,0.4366481,0.44826314,0.1150888
a9d1e14c018c2bd7956f85b7,2020-02-29,featherweight,Submission,0.47582385,0.24165355,0.28252262
959d009361301a02cd28d861,2020-02-29,flyweight,KO/TKO,0.3915078,0.4623484,0.14614384
c5b2efe1550d9fc74302f4ae,2020-02-29,lightweight,Decision,0.4660319,0.27645653,0.2575115
af291c699433bd04d136b64e,2020-02-29,heavyweight,Decision,0.37623137,0.375329,0.24843968
0192a4baef7d9bbc35d07b36,2020-02-29,womens_featherweight,KO/TKO,0.4857801,0.21619104,0.29802886
8233a2bcadaa15eb353a00ac,2020-02-29,welterweight,Decision,0.5933948,0.30485916,0.101746
ac32a2ac43ae6ff31c4c058a,2020-03-07,welterweight,Decision,0.57883793,0.2947108,0.12645125
2994a65fc60a7ebda1abdfd4,2020-03-07,bantamweight,KO/TKO,0.59463674,0.28783676,0.1175265
4dc37410ffdd722c5c13b647,2020-03-07,lightweight,KO/TKO,0.6404476,0.233063,0.12648939
bbd0ec55ec6433a7ed39dada,2020-03-07,middleweight,Submission,0.59516567,0.23554626,0.16928801
29c5a22950b852875c2d2859,2020-03-07,featherweight,Decision,0.5448352,0.26808137,0.18708342
fd70dfb0a7f2d8d11002f31b,2020-03-07,middleweight,Decision,0.34135133,0.5691648,0.089483805
0a2d16d65f1e0a9aa0e5ad91,2020-03-07,lightweight,Decision,0.51061076,0.33985153,0.1495377
6d49420f915f8986e125d116,2020-03-07,welterweight,Decision,0.5750352,0.3424384,0.08252635
b8fe0a7b1ff0416078863f66,2020-03-07,middleweight,Submission,0.5232999,0.2519202,0.22477993
5f2af6f949d46196346c0969,2020-03-07,bantamweight,KO/TKO,0.6452776,0.20694584,0.14777653
49093c389ab04a0502e74269,2020-03-07,womens_strawweight,Decision,0.61093086,0.2538323,0.13523683
dcbc89946cfd3b60dc2896a5,2020-03-14,womens_strawweight,Decision,0.6681792,0.17072275,0.16109803
ab4e9d192e4c6a16d88cfa78,2020-03-14,flyweight,Decision,0.43221343,0.27925706,0.28852955
0629e69e4cdef6010afb82fe,2020-03-14,welterweight,KO/TKO,0.55055434,0.29857135,0.1508743
12fcb4b15eab88cc21a628ea,2020-03-14,welterweight,Decision,0.5901605,0.3144763,0.09536321
3397e1f912942f4951412964,2020-03-14,lightweight,Decision,0.5535059,0.3442648,0.10222928
0b804ef15016f4701a6c3b27,2020-03-14,light_heavyweight,Decision,0.23519191,0.49690917,0.2678989
c060ae13226dc57054e79419,2020-03-14,flyweight,Decision,0.62246734,0.23077606,0.14675662
1f8448a33794600e3b26b116,2020-03-14,lightweight,Submission,0.34081888,0.33694285,0.3222383
8f283b50bf60f4ca662fb534,2020-03-14,womens_flyweight,Decision,0.48558706,0.17640074,0.33801225
7171685f49e42fc47e27c391,2020-03-14,lightweight,Submission,0.54658556,0.31075266,0.14266177
832f4ad5e6462a116d4f8af9,2020-03-14,womens_bantamweight,Decision,0.4401502,0.1915662,0.3682836
009aa0b869e610f7e796e750,2020-05-09,heavyweight,Decision,0.31101838,0.447043,0.24193868
c103c970f04eb87287a0e4b3,2020-05-09,welterweight,Decision,0.45559183,0.4296461,0.11476204
cedffd9e5eec6ce82f7c101a,2020-05-09,featherweight,Decision,0.5807897,0.20073108,0.2184792
a0e32d72c7de88f4800dab59,2020-05-09,womens_strawweight,Decision,0.68881387,0.14988418,0.161302
ae7dca63a813f4d6c52b1788,2020-05-09,heavyweight,KO/TKO,0.3117739,0.5852691,0.10295702
f8880f1d649f46e28a73ca8d,2020-05-09,heavyweight,Decision,0.27851734,0.6119366,0.109546
5384d7c94e5a0e0f2f57d0aa,2020-05-09,bantamweight,KO/TKO,0.50532085,0.39438468,0.10029444
b0b04e108bd700e4b9506bb6,2020-05-09,featherweight,KO/TKO,0.60462743,0.31480715,0.08056536
4e861f89eebf4bd6240193ec,2020-05-09,light_heavyweight,Decision,0.348381,0.4976688,0.15395011
da967b755aeebd0969453818,2020-05-09,lightweight,KO/TKO,0.31556025,0.5431142,0.14132555
5922566ed6339c4bee68789a,2020-05-09,welterweight,KO/TKO,0.37163565,0.43277153,0.19559288
9327fe46dbb648274dedf148,2020-05-13,lightweight,KO/TKO,0.5119691,0.36235166,0.12567922
b4e09acb3ef8fb916cd20042,2020-05-13,heavyweight,Decision,0.3327746,0.55935544,0.107869945
099226a1af8eaad416e33ce9,2020-05-13,light_heavyweight,KO/TKO,0.21946569,0.64911485,0.13141944
85583e946a1afc739c7971d5,2020-05-13,heavyweight,Decision,0.33960226,0.5225352,0.13786249
30f7d6f26cdb555e1863bacf,2020-05-13,heavyweight,KO/TKO,0.42964876,0.4632665,0.107084766
77c3d8ba834acfc857c5d9ad,2020-05-13,lightweight,Decision,0.6061037,0.26126054,0.13263574
281018bae372254e896f953c,2020-05-13,featherweight,KO/TKO,0.63067245,0.23013972,0.13918783
11a75f048fd5a8ce402d014c,2020-05-13,lightweight,Submission,0.5790243,0.28574604,0.13522966
eec530344c8a5b1193095b97,2020-05-13,bantamweight,Decision,0.6208933,0.20641372,0.17269298
fc27e2a2bb4840d583e6af05,2020-05-13,womens_bantamweight,Decision,0.67051107,0.18879126,0.14069767
56eb0df2ba5e8806fbb8b6ac,2020-05-16,heavyweight,KO/TKO,0.2097746,0.68560416,0.104621276
4431b6293af599f45ff88ce1,2020-05-16,middleweight,KO/TKO,0.5245286,0.2221159,0.25335544
2ab2b9f636e1f691e06be87f,2020-05-16,womens_strawweight,Decision,0.71236825,0.19324884,0.09438291
2013fc705603e4d2d485f766,2020-05-16,womens_flyweight,Submission,0.7012384,0.16741861,0.13134293
5002aab7fcb128933ec0f428,2020-05-16,featherweight,Decision,0.5364938,0.36668566,0.09682055
6b06bb42128fb721e64e27d0,2020-05-16,featherweight,Decision,0.5103883,0.30762085,0.18199082
700c19e5d8072a2eb472243d,2020-05-16,middleweight,Decision,0.58470416,0.329904,0.08539186
e484e0ac9450e9273c0358cd,2020-05-16,featherweight,Decision,0.5644184,0.25834996,0.17723173
ca6e34d9cb638eb1628a7523,2020-05-16,welterweight,KO/TKO,0.34305277,0.52737534,0.12957188
9a367f827403d6a654fbb184,2020-05-16,heavyweight,Submission,0.40041077,0.405999,0.19359025
bc93d93ef97ad802b83b9d42,2020-05-16,featherweight,Decision,0.49115068,0.32402205,0.18482727
ee05f5ee9431052c10688e3a,2020-05-30,catch_weight,Decision,0.21824762,0.3535585,0.42819387
4666770439ba8c9851230139,2020-05-30,heavyweight,Decision,0.5510548,0.3681436,0.080801606
30e2e97fde043513c4e768c0,2020-05-30,featherweight,KO/TKO,0.6181669,0.26134637,0.12048671
4daf886ecde6eaec42a3a025,2020-05-30,welterweight,Decision,0.38715398,0.370311,0.24253502
cab113a35cf2265258613c6a,2020-05-30,womens_flyweight,Decision,0.68348813,0.14581226,0.17069957
1ac169b7d2f5b29552a8b0c2,2020-05-30,bantamweight,Submission,0.5849414,0.22847775,0.1865809
13b094ecc0ecaf09072cf52a,2020-05-30,womens_strawweight,Submission,0.714681,0.15112446,0.1341945
c05df91759ec1c10158435b1,2020-05-30,lightweight,Submission,0.4656761,0.26211357,0.27221033
50b9b416e5e3b3851dac3a6f,2020-05-30,flyweight,Submission,0.5301972,0.24278142,0.22702138
2d149a8495bc57d125ce4598,2020-05-30,welterweight,Decision,0.3655959,0.4946539,0.13975014
820e89cff0edf608156421bc,2020-06-06,featherweight,Decision,0.39313203,0.3319013,0.27496666
97226c5d11d686649ed3e022,2020-06-06,bantamweight,Submission,0.6179882,0.25135145,0.13066031
24970a4f8d6d139317076c24,2020-06-06,light_heavyweight,Decision,0.39813608,0.5054104,0.096453555
28044f1dbc515f3c272522a1,2020-06-06,womens_featherweight,Decision,0.37738124,0.42633143,0.19628732
14525c663d20a7a85c31b0dd,2020-06-06,middleweight,KO/TKO,0.5161445,0.23744617,0.24640928
4858c091f6e5f1675c2a3e4e,2020-06-06,featherweight,Decision,0.5662183,0.28256062,0.15122107
f5093e48c887c2911361c958,2020-06-06,bantamweight,KO/TKO,0.48637766,0.35275674,0.16086566
478b9433c1b69ca56c69354f,2020-06-06,catch_weight,Submission,0.33208033,0.47037044,0.19754921
34cf054f6fef1a96d7b033e6,2020-06-06,middleweight,KO/TKO,0.57700956,0.23141305,0.19157739
41234e8af82999c05cd8e76b,2020-06-06,flyweight,KO/TKO,0.55306596,0.28419656,0.1627375
0af06c0ad5c72afe4111ca93,2020-06-06,welterweight,Decision,0.5901238,0.2681718,0.14170446
e31c4c6b7eef770d9e0c6969,2020-06-06,bantamweight,KO/TKO,0.5176243,0.38947785,0.09289784
886bbd2f6a3553ba3983567a,2020-06-13,featherweight,Decision,0.59938055,0.30738574,0.09323367
89e05740fd45ec7c49dee28a,2020-06-13,welterweight,KO/TKO,0.38747188,0.32777613,0.28475198
0307782c584315ff5b11eb53,2020-06-13,lightweight,Decision,0.6251721,0.23020208,0.14462583
62e7a1dbde465ca7534617e6,2020-06-13,womens_flyweight,Decision,0.52081937,0.26607478,0.21310589
8a6e39649a3fec737d38320b,2020-06-13,bantamweight,Decision,0.5890837,0.23987849,0.17103784
c630e7885cdd36b6b14cca59,2020-06-13,womens_bantamweight,KO/TKO,0.6898968,0.196531,0.11357219
3e172364fc518e64ef6c7969,2020-06-13,middleweight,Submission,0.6232362,0.23541223,0.14135161
2259ec8201adefc465ce8c23,2020-06-13,womens_flyweight,Submission,0.5660413,0.25062752,0.18333116
923433619c20dd750c2205af,2020-06-13,catch_weight,Decision,0.48003396,0.29299304,0.22697304
e8151d9214dc667480a5a0cd,2020-06-13,bantamweight,KO/TKO,0.5373523,0.29910302,0.16354463
290d4ab10e5aa919a128037b,2020-06-20,lightweight,KO/TKO,0.55265045,0.2575599,0.18978964
cbdc4ad6d5473e19d6df57ba,2020-06-20,welterweight,Decision,0.5087021,0.39478156,0.09651634
35dd379f6c827a39c9ea2a80,2020-06-20,lightweight,Decision,0.58842,0.28939903,0.122180976
0ca95193d549deae06a43dfb,2020-06-20,womens_flyweight,Submission,0.5328673,0.20776106,0.2593716
42a699b0e1e0b47000777a51,2020-06-20,heavyweight,Decision,0.44916007,0.44776228,0.1030776
11a2b83fafaadd00beca04d6,2020-06-20,lightweight,KO/TKO,0.5375523,0.3375226,0.12492512
dab5c40932dc5108516b8357,2020-06-20,catch_weight,Submission,0.40862456,0.3494642,0.2419112
1702be42945c42f331abfb86,2020-06-20,featherweight,Decision,0.55518866,0.35948256,0.085328765
059fc403c1199ed58dfefd1e,2020-06-20,womens_bantamweight,Decision,0.5813967,0.2420467,0.17655656
cd96fe8c1990581afcbc65fa,2020-06-20,womens_flyweight,Decision,0.65826684,0.25076592,0.090967245
af88d28bf7e8107238ee84eb,2020-06-20,womens_strawweight,Decision,0.75230724,0.14584583,0.10184694
82c23a4256fc112839a21e37,2020-06-27,middleweight,Decision,0.26602864,0.27701426,0.45695707
de98f026bdf72951202b6d58,2020-06-27,lightweight,Decision,0.36433384,0.49337098,0.14229515
3f23da8e6c5be0676895513e,2020-06-27,heavyweight,Submission,0.36394244,0.53773135,0.09832621
b66fca201dea49414ec29f35,2020-06-27,featherweight,Decision,0.6020599,0.18059649,0.21734363
c4e0a136fe5ffd850886b385,2020-06-27,womens_strawweight,Submission,0.410524,0.24072304,0.34875298
2fdfc02f2b246b2cd90069a6,2020-06-27,lightweight,Submission,0.44969314,0.36846283,0.18184403
c13e18c821c98fe6fce0b80e,2020-06-27,welterweight,Decision,0.36993632,0.3615682,0.26849547
44b541d2c96511df188e7335,2020-06-27,heavyweight,KO/TKO,0.4929671,0.40795153,0.09908134
c19913fffb602e14f3e2082b,2020-06-27,catch_weight,Submission,0.54671633,0.3043558,0.14892787
006f504a194d5223fe79b4df,2020-06-27,welterweight,KO/TKO,0.37830904,0.47386396,0.14782695
be848e2721065a0114893812,2020-07-11,featherweight,Decision,0.47129336,0.4244698,0.104236886
1f3620c84ae614757d7bfa36,2020-07-11,womens_flyweight,Submission,0.6760251,0.1614127,0.16256225
2aca388948ad79e83a84cf15,2020-07-11,welterweight,Decision,0.48110405,0.39844507,0.12045092
574672682df84871761a5876,2020-07-11,womens_strawweight,Decision,0.6919638,0.16258104,0.14545517
83c960d387ea71ac2b87a5ca,2020-07-11,welterweight,Decision,0.45373112,0.44525114,0.1010178
51718fa99d2beeef65554230,2020-07-11,womens_bantamweight,Decision,0.67557204,0.20066307,0.123764865
d15cc1d2230aa928274889e4,2020-07-11,lightweight,Decision,0.45105898,0.33500493,0.21393606
203ac34442d30277d30b534a,2020-07-11,featherweight,Submission,0.46327287,0.3320585,0.20466864
bbb50c2b6683640361da5f6b,2020-07-11,heavyweight,Decision,0.42672363,0.4451463,0.1281301
c47da9117ef9cb0c55d90f33,2020-07-11,bantamweight,KO/TKO,0.56133205,0.28706878,0.1515992
0d11971457c4175b965c7f87,2020-07-11,bantamweight,KO/TKO,0.43933916,0.46024355,0.10041729
511b42aba92448e1f30bcceb,2020-07-11,flyweight,Decision,0.45072064,0.36906642,0.18021297
b8cb51bb58d9db4514c8a4cf,2020-07-11,light_heavyweight,KO/TKO,0.34606287,0.52286214,0.13107502
3cb54ea87dbfd559fefef2b7,2020-07-15,welterweight,Decision,0.36873087,0.4987921,0.132477
884115a97758c772c9a1aa6e,2020-07-15,featherweight,Decision,0.3796148,0.4883052,0.13208002
e030c4b4274431ef2741e6c9,2020-07-15,womens_flyweight,Submission,0.65436953,0.19476222,0.15086825
a8f801019d4eef0e77d9ae1a,2020-07-15,bantamweight,Submission,0.5806822,0.18509722,0.23422056
b3e069741adc630204893233,2020-07-15,featherweight,Decision,0.5520708,0.2219582,0.22597101
e15671cec5d44e671c10a445,2020-07-15,featherweight,Decision,0.66970265,0.2389254,0.09137193
8b32ecec48dbcd2195ac45bf,2020-07-15,middleweight,Submission,0.39016443,0.44809753,0.16173808
07704ef1301d2d6ce8009af5,2020-07-15,light_heavyweight,KO/TKO,0.3047712,0.44406143,0.25116742
b612d80bd5c03377090d4d3e,2020-07-15,womens_flyweight,Decision,0.65532076,0.16970515,0.17497402
9f333d28d7717b8654dfa658,2020-07-15,featherweight,KO/TKO,0.522071,0.26348177,0.21444723
456ab7958561d909b67e3864,2020-07-15,flyweight,Decision,0.6009074,0.2533669,0.14572576
8f69fcae4224781b3c9cfa38,2020-07-18,flyweight,Decision,0.6191299,0.24142687,0.1394433
fa1912c548967b80aa56bf11,2020-07-18,womens_flyweight,Submission,0.6258164,0.20074075,0.17344287
6919180ec57b7b188061ac38,2020-07-18,bantamweight,Decision,0.6521771,0.19796686,0.14985603
74993216732e68a332a88a7c,2020-07-18,heavyweight,Decision,0.33058512,0.4171206,0.25229424
cd37985766a8aa01b735f39b,2020-07-18,lightweight,Decision,0.601523,0.21151708,0.18695995
1940aee687891ca4a94afbfd,2020-07-18,flyweight,Submission,0.38253075,0.46965635,0.14781287
9fafa8c93b811a3746eb31e8,2020-07-18,catch_weight,Decision,0.5398676,0.23899747,0.22113492
f86ab16d919a25d4da537f58,2020-07-18,middleweight,Submission,0.48005468,0.37851727,0.14142802
66da3b6f9f4cf7e4157872a1,2020-07-18,lightweight,Submission,0.48551625,0.2889707,0.22551306
4a09d8daff5488361ff890ac,2020-07-18,bantamweight,Submission,0.423734,0.28381196,0.29245403
e038f9564dda467e4997ce35,2020-07-18,lightweight,Decision,0.56628764,0.31114262,0.12256974
8cd39f466756d30dadd88be2,2020-07-18,light_heavyweight,KO/TKO,0.38321972,0.4138744,0.20290591
aa414e556f0b92cf8400036c,2020-07-25,welterweight,Decision,0.47670567,0.3844595,0.1388348
9ecf8c24eea5a923e8f4b148,2020-07-25,womens_bantamweight,Decision,0.7104337,0.19642186,0.09314446
b345fd117c26ce8ce1ef6e60,2020-07-25,womens_strawweight,Decision,0.7246364,0.17716011,0.098203495
0c7ab3916d55a17df15a3a83,2020-07-25,heavyweight,Submission,0.40332392,0.48747942,0.10919663
39cab37f486024ecb9db2635,2020-07-25,lightweight,KO/TKO,0.50348383,0.31960225,0.17691392
defd84b0599cc0d92b68f3d9,2020-07-25,welterweight,KO/TKO,0.35956046,0.27070394,0.36973563
463933bcaf017d47e453066f,2020-07-25,light_heavyweight,Decision,0.35289857,0.53848904,0.10861239
774acac56423a0c607d073ed,2020-07-25,featherweight,Decision,0.58648235,0.30371013,0.10980749
f8145b4bb7b5e3cb97d4dc9c,2020-07-25,bantamweight,Decision,0.4534071,0.2680803,0.27851266
6ce73abee15e58ac43b79445,2020-07-25,light_heavyweight,Submission,0.29357132,0.44916826,0.25726038
85e0c0d613fc2cb13a184545,2020-07-25,welterweight,Decision,0.56334746,0.27657673,0.16007578
d7af924b081837726a8d950e,2020-07-25,middleweight,Decision,0.41578415,0.49375558,0.09046021
11685689bd05b8ae21ca67b2,2020-07-25,heavyweight,KO/TKO,0.41416615,0.48902366,0.09681019
376525f5ca63a4c27ff6decb,2020-07-25,heavyweight,KO/TKO,0.4062946,0.43312204,0.16058338
8332a93dfb22029ffd97dce6,2020-08-01,middleweight,KO/TKO,0.41940507,0.41836077,0.16223417
accaf5efe3560f60755f9237,2020-08-01,bantamweight,KO/TKO,0.55983806,0.32094356,0.119218394
77f7f2dbc81095fc4709e0cc,2020-08-01,featherweight,Decision,0.5625753,0.26615667,0.17126809
803e4699563eeaab313ee6f9,2020-08-01,womens_flyweight,Submission,0.72637045,0.16792583,0.10570374
cf1b0a8a8ef42f5355c57ac5,2020-08-01,featherweight,Decision,0.43244603,0.27753484,0.2900191
74ada4c73df8d55a25668c40,2020-08-01,lightweight,Decision,0.6116678,0.2723279,0.11600427
11b2bdce33b4daa385378c1a,2020-08-01,welterweight,KO/TKO,0.4631947,0.38768137,0.14912398
210876a707716aedd484fb62,2020-08-08,middleweight,KO/TKO,0.5350496,0.28916955,0.17578083
55d2db7e55ff9ef810d8a2d6,2020-08-08,lightweight,KO/TKO,0.59489393,0.25683138,0.14827472
04fb7fae5eccd9bfad3b30f5,2020-08-08,heavyweight,KO/TKO,0.1955685,0.5868445,0.21758701
9c4d9994434bee6a49132946,2020-08-08,featherweight,Submission,0.44013354,0.33374026,0.2261262
868200fb7ccb6878e63a9732,2020-08-08,bantamweight,Decision,0.5103233,0.26803508,0.2216417
7ba96474f9f6f546663fb612,2020-08-08,middleweight,KO/TKO,0.4519354,0.31491917,0.23314543
2d9f61eb854f945a91ce4e6e,2020-08-08,middleweight,Submission,0.47694853,0.34842882,0.17462268
da0dbbeaf56d1757faf50688,2020-08-08,lightweight,Decision,0.5229636,0.34143382,0.13560261
7cf5bb7c97d458ef222e05c8,2020-08-08,middleweight,Decision,0.50184876,0.35474545,0.1434058
298e37ec9666db9f53515a4c,2020-08-08,welterweight,Decision,0.58516693,0.32495102,0.08988207
245a1aa1d70748ddb77fcd50,2020-08-08,womens_bantamweight,Decision,0.67902637,0.17588493,0.14508872
060c3c0453e2685b88bfc7cd,2020-08-08,featherweight,Decision,0.48828474,0.2612282,0.25048703
f62f628f4d455c496ac07489,2020-08-15,womens_strawweight,Decision,0.65803784,0.14559175,0.19637041
a932c2ee19a974d44f417d4b,2020-08-15,heavyweight,KO/TKO,0.30032796,0.47305363,0.22661841
7a1e753ee1cac071ed552cc0,2020-08-15,womens_strawweight,Submission,0.66471356,0.13498913,0.20029728
c2a30adbd7330740e20862ad,2020-08-15,featherweight,KO/TKO,0.38740316,0.2735354,0.33906144
14528df9ace6c262ceefb3f7,2020-08-15,lightweight,Decision,0.49307725,0.27638465,0.2305381
55a99ea2630f084f2ed4d912,2020-08-15,bantamweight,Decision,0.65273833,0.2630346,0.08422706
5d24c91dd499dbf9f371c204,2020-08-15,heavyweight,KO/TKO,0.336962,0.5800321,0.083005875
1b00b8df5d93a51c490a2948,2020-08-15,featherweight,Decision,0.41979957,0.286119,0.29408142
ba981dcf4305f29bcaa7900b,2020-08-15,bantamweight,KO/TKO,0.52650255,0.2961023,0.17739514
27164f9bd07bca68817f3f4e,2020-08-15,heavyweight,Decision,0.3262426,0.55309314,0.120664276
b5a777423264ab6348bb1c2e,2020-08-15,featherweight,Decision,0.40658897,0.33479032,0.25862074
acf437c27bb894e5f10b2833,2020-08-22,womens_strawweight,Decision,0.60472214,0.17510901,0.22016884
865bc5e17b412e9d8e74207b,2020-08-22,lightweight,Submission,0.6053819,0.27150646,0.123111665
56c97a89da7aadd66d047b0a,2020-08-22,welterweight,Decision,0.39261085,0.31805572,0.28933343
3d301ae7159660205e61e4dc,2020-08-22,welterweight,KO/TKO,0.55140376,0.30921122,0.13938504
34d337987a36d7908897d305,2020-08-22,light_heavyweight,KO/TKO,0.29323706,0.5645907,0.14217226
df37437bbab31d315b3583ce,2020-08-22,light_heavyweight,KO/TKO,0.27835113,0.62678885,0.094859995
35fc4617b59fef082956caf0,2020-08-22,womens_flyweight,KO/TKO,0.3978371,0.30002064,0.30214226
4c3bf69bcda575328e7dfa8a,2020-08-22,bantamweight,Decision,0.4492733,0.41704994,0.13367681
9a0f019bcdd546effc2348ee,2020-08-29,middleweight,Decision,0.5974965,0.27369544,0.12880805
445a76108cb8e63cbb18f23b,2020-08-29,featherweight,Submission,0.5512744,0.29583028,0.15289535
783496ec89222db55e57a668,2020-08-29,light_heavyweight,Decision,0.3954651,0.4822193,0.12231556
e386eba5a579cbc9c61d7ea2,2020-08-29,womens_flyweight,Decision,0.70616305,0.18478425,0.109052695
7e8fcbb84541590cb5ced267,2020-08-29,middleweight,Decision,0.40633866,0.40633085,0.18733051
4fba53fa922937da97b13a1a,2020-08-29,womens_strawweight,Submission,0.62758493,0.20667805,0.165737
9e3309a83263a3eb26e2536b,2020-08-29,womens_strawweight,Submission,0.59868175,0.16115986,0.24015841
cd63bf60ab82e106e2f0ee15,2020-08-29,featherweight,Decision,0.5063225,0.2998197,0.19385777
5b102515890b750f61b15ad8,2020-08-29,welterweight,Decision,0.57295275,0.3341164,0.09293087
df451b71add33401cfbbbdee,2020-08-29,welterweight,Submission,0.5326563,0.314001,0.15334266
a8f7e7ce78b35799585b7b3f,2020-09-05,heavyweight,KO/TKO,0.25532758,0.65685683,0.08781557
4566ad12d4871db68af538da,2020-09-05,middleweight,Submission,0.5345287,0.25674194,0.20872939
79f56fc5b540a07b75fc2f98,2020-09-05,featherweight,Submission,0.49318737,0.34815615,0.15865654
b37f7663c4100c0a3a3d864e,2020-09-05,bantamweight,Decision,0.5899682,0.25932288,0.15070894
db45cb350600a6522a63019e,2020-09-05,welterweight,Submission,0.5631012,0.32191783,0.114981
3a47b616824dbc09d6b4f23f,2020-09-05,light_heavyweight,KO/TKO,0.35502958,0.53541046,0.10955999
cc3301848054cf1d86698beb,2020-09-05,womens_flyweight,Decision,0.6126186,0.18370019,0.20368113
28d6bbf15b8b8f3eb7f23a3c,2020-09-12,heavyweight,Submission,0.30218104,0.46980226,0.22801669
f323a1bcddd8b81465fd2d6a,2020-09-12,featherweight,KO/TKO,0.44717216,0.25538394,0.2974439
7ae74b7892d546b2c6cc4286,2020-09-12,catch_weight,Submission,0.27292782,0.43593892,0.29113328
b58fb9829ccfd18659c6d7da,2020-09-12,welterweight,Decision,0.44917855,0.4165717,0.1342497
082eb0ff7fe293a70ba23347,2020-09-12,light_heavyweight,Submission,0.27022493,0.57754546,0.15222959
93cfcbcd4b75c2b5c8ee2e46,2020-09-12,womens_bantamweight,Decision,0.71959054,0.19337669,0.08703277
04a643128e2a0077e897530a,2020-09-12,lightweight,Decision,0.61120766,0.28343743,0.105354905
537ffd56845ed420190fbfdd,2020-09-12,womens_strawweight,Decision,0.5360042,0.30970186,0.15429392
25de901f6dd7ecb9530b74b0,2020-09-12,lightweight,KO/TKO,0.413503,0.40199,0.18450704
28efb17bdca98d4378885a1c,2020-09-12,womens_flyweight,Decision,0.7047539,0.19691731,0.09832877
9315dd27fd7b658d3ca50207,2020-09-12,womens_flyweight,Submission,0.6991246,0.18932739,0.11154799
623b46230159a54815f5cb49,2020-09-19,bantamweight,Decision,0.6499146,0.24768035,0.102405
fb266d3d4965156fe0812808,2020-09-19,welterweight,KO/TKO,0.4169583,0.48764127,0.095400445
6c738a0d9b2c763e5023b8b1,2020-09-19,featherweight,Submission,0.3203889,0.26894388,0.41066724
d817723ba47e641cb45f55df,2020-09-19,womens_bantamweight,KO/TKO,0.65317357,0.1702602,0.17656624
5b0b10e3a4c96b4a1aaacc21,2020-09-19,light_heavyweight,KO/TKO,0.319174,0.46502623,0.21579984
4d15262f09d0438e42a1d716,2020-09-19,flyweight,Decision,0.63353646,0.25229338,0.11417016
f23ca5817efea8ed67cc6d3e,2020-09-19,bantamweight,KO/TKO,0.4828804,0.33767077,0.17944877
fb788a19abdf58c4ce9dcfda,2020-09-19,middleweight,Decision,0.45480254,0.36818114,0.1770163
5c95389aafbb0711c5963558,2020-09-19,middleweight,KO/TKO,0.330568,0.31892383,0.35050815
7931d00816825b1bd9e0ecf7,2020-09-19,womens_strawweight,Submission,0.6570331,0.17399248,0.1689744
126a5071914844441f76aed3,2020-09-19,womens_flyweight,Submission,0.66031873,0.17805277,0.16162847
ef94f26d1600348c57fa67b0,2020-09-19,featherweight,Submission,0.5189616,0.29384902,0.18718934
3e510c9608a6583021390665,2020-09-19,bantamweight,KO/TKO,0.4262141,0.39804402,0.17574185
23a662e45455f29a908aee5f,2020-09-26,lightweight,Decision,0.5800455,0.25184798,0.16810645
ffe5c9a6e91e0d37d415fdb0,2020-09-26,welterweight,Decision,0.5048896,0.33656898,0.15854135
9f519c98b04a3b46edae897c,2020-09-26,light_heavyweight,KO/TKO,0.27196324,0.6255657,0.10247104
80791d311e48d79967e48920,2020-09-26,featherweight,Decision,0.6291468,0.2804938,0.0903594
4ba5210842a9fdedea37b2dc,2020-09-26,middleweight,KO/TKO,0.36002526,0.5588291,0.08114563
38d22d042e94d6259e70a045,2020-09-26,heavyweight,Submission,0.3994776,0.3373635,0.26315883
48f7656e55b8b2313a2a7cd2,2020-09-26,flyweight,Submission,0.6120839,0.1955208,0.1923953
f4bc73375a257ec73059a857,2020-09-26,womens_bantamweight,Decision,0.7276726,0.15807116,0.11425624
be57e08456210445617a2cfe,2020-09-26,light_heavyweight,Decision,0.35316184,0.4564945,0.19034368
39410ea34d5a7709c2e4070b,2020-09-26,featherweight,KO/TKO,0.5392534,0.32703573,0.13371088
f593b1fad2405f4eea183994,2020-09-26,light_heavyweight,Decision,0.45914462,0.35009623,0.19075911
b04169fb651ff838bcc04a28,2020-10-03,welterweight,Decision,0.5520823,0.32249877,0.12541893
0c6b8632abdb2d92929613c4,2020-10-03,bantamweight,Decision,0.6431279,0.20475838,0.15211375
d1559e32012f7277afb65dff,2020-10-03,middleweight,KO/TKO,0.41404033,0.28914723,0.29681247
f3ee0876b7b239e4c9c141a5,2020-10-03,womens_bantamweight,Submission,0.62877417,0.25766352,0.1135623
1ed625d2bce4a080ff7aa7ec,2020-10-03,womens_bantamweight,Decision,0.47518757,0.42785943,0.09695294
c6a82c44dd90c79be12b6827,2020-10-03,middleweight,Decision,0.38376057,0.32320184,0.2930376
e027916440b1d9b89633d333,2020-10-03,bantamweight,KO/TKO,0.50244397,0.28366506,0.21389095
e78a454a7ba56158106a70bb,2020-10-03,womens_strawweight,Decision,0.64734405,0.2144849,0.13817105
9038dd92cf6a9dba569b6e41,2020-10-03,lightweight,KO/TKO,0.47053266,0.29021284,0.2392545
5e403d21b6f537ca07e981a8,2020-10-03,heavyweight,Decision,0.4005867,0.5104203,0.08899302
80048b12f4e27d448e681393,2020-10-10,bantamweight,Decision,0.582238,0.27956975,0.13819227
9fd3797dda6a9dc551642271,2020-10-10,heavyweight,Decision,0.49271807,0.4009117,0.106370196
47d015c9da4f8e7c68642c9c,2020-10-10,flyweight,Decision,0.53619325,0.23902066,0.22478606
f3c39178e030c72a92766f83,2020-10-10,heavyweight,KO/TKO,0.2698336,0.5240026,0.20616375
b33b7e15079e874207787397,2020-10-10,featherweight,Decision,0.48539072,0.32697788,0.1876314
32b54d883d2d43b47a7329ef,2020-10-10,featherweight,Decision,0.6189539,0.2734175,0.10762867
3933cacfa643f4332fb05e57,2020-10-10,middleweight,KO/TKO,0.5633965,0.28680182,0.14980169
6d2a9d7dc08ac386e90f4115,2020-10-10,middleweight,KO/TKO,0.4253944,0.26974255,0.30486304
a9b7a476e336ba9d14cc3967,2020-10-10,bantamweight,KO/TKO,0.3332883,0.511463,0.1552487
4bf87d901465ed4dc164d766,2020-10-10,heavyweight,KO/TKO,0.25194123,0.5872353,0.16082343
96f20b0be6ccb77bf9cdc8eb,2020-10-10,middleweight,KO/TKO,0.4099633,0.4413532,0.14868346
f37de3fb239061532292aa7a,2020-10-10,womens_bantamweight,Decision,0.6199781,0.19106118,0.18896079
c1064b7eb590e152b8293553,2020-10-10,featherweight,Decision,0.47409347,0.24692789,0.2789787
7436f2383310929d077726d8,2020-10-17,featherweight,Decision,0.32849133,0.5069229,0.16458581
1ccd594341a2b6cea5016be1,2020-10-17,welterweight,Decision,0.43652347,0.3340086,0.22946794
5c7f86843455a239817ae12d,2020-10-17,light_heavyweight,KO/TKO,0.42219883,0.33129445,0.24650666
2da28f1443f58bbdd2cb3db7,2020-10-17,womens_flyweight,Decision,0.52611834,0.24896021,0.22492145
9dc9bdd024b0eccd64b939ac,2020-10-17,lightweight,Decision,0.5749145,0.21861692,0.20646851
5b47f9b0810708e40df64e9e,2020-10-17,light_heavyweight,KO/TKO,0.2778408,0.43041033,0.29174888
2975781dbd33227ef8a61f79,2020-10-17,middleweight,Decision,0.5200124,0.38629338,0.09369422
2a9bbefd70d44c964d657e9b,2020-10-17,womens_flyweight,KO/TKO,0.7117094,0.18037014,0.10792052
591940879703188b315267f6,2020-10-17,lightweight,Decision,0.4327528,0.2789918,0.28825545
385fd3eb8f3778369168b7dd,2020-10-17,bantamweight,KO/TKO,0.51323074,0.32361522,0.16315402
5d4dafd8adc6f8fdd0422db8,2020-10-17,featherweight,Decision,0.54253536,0.3405372,0.11692743
9e5f20555d811d9565cd562c,2020-10-24,welterweight,Submission,0.43895292,0.32732585,0.23372127
c390228f133682c232f89d7a,2020-10-24,heavyweight,KO/TKO,0.53669006,0.38718185,0.076128095
ddd3bcee83bd285bc2d66fda,2020-10-24,middleweight,KO/TKO,0.37770274,0.33503482,0.2872624
accd1dcd8cd278a67c7cd20f,2020-10-24,lightweight,Submission,0.5132621,0.32939273,0.15734516
5e1047bc4fb321e2c668e871,2020-10-24,lightweight,Submission,0.4397266,0.41822702,0.14204644
01e8de6e71b38fdbb4ca295b,2020-10-24,womens_flyweight,Submission,0.66629714,0.2056808,0.12802204
dccd287fe543912a3d4262ce,2020-10-24,womens_flyweight,KO/TKO,0.44377393,0.19152425,0.36470184
27330ec2f027b06bb6e1d506,2020-10-24,light_heavyweight,KO/TKO,0.40588838,0.46285355,0.13125809
95bf3e74a6af57559a469137,2020-10-24,catch_weight,Decision,0.5937708,0.24779125,0.15843794
df5cb9edb98d3b8e5b0d1dcc,2020-10-24,middleweight,Decision,0.48007214,0.4309275,0.08900035
f579d8fdebc5facfe7a54631,2020-10-24,heavyweight,KO/TKO,0.34997016,0.4678043,0.18222554
89530c10412fef4e37adacc3,2020-10-31,bantamweight,KO/TKO,0.4365819,0.27062523,0.29279283
139113bda6e2c08bcdb0de64,2020-10-31,featherweight,Decision,0.55815244,0.24724983,0.19459777
64f6e5042b239942a0940584,2020-10-31,lightweight,KO/TKO,0.5378126,0.3432121,0.11897533
cefd7c12fbddc1ae93b66ff3,2020-10-31,welterweight,Submission,0.353382,0.46641842,0.18019955
7b0cfccdff37cdd83d0058fe,2020-10-31,light_heavyweight,KO/TKO,0.56918955,0.3325799,0.098230526
26fbfce30596a1dab7bd4db1,2020-10-31,middleweight,Submission,0.46465433,0.33485216,0.2004935
578662bba25d0cd530c617d8,2020-10-31,lightweight,Decision,0.5719926,0.25508937,0.17291807
ee10cdc650c5fb71fced52b6,2020-10-31,heavyweight,KO/TKO,0.34139258,0.5283995,0.1302079
558610849677ae0c138c4f45,2020-10-31,bantamweight,KO/TKO,0.5267384,0.26419568,0.2090659
5fd8a5e104ff4c3e1adbc165,2020-10-31,middleweight,Decision,0.47448504,0.39549837,0.13001661
b5338c339e99f772edcafd4b,2020-10-31,middleweight,KO/TKO,0.26027235,0.6257505,0.11397716
c01ae7afb0d017349ea11354,2020-11-07,heavyweight,Submission,0.30373713,0.44848064,0.24778217
a75ae44aa15099924d9905d7,2020-11-07,heavyweight,Decision,0.32131115,0.5971995,0.08148937
3eef4800a98bf0e45d406700,2020-11-07,womens_strawweight,Decision,0.7364811,0.16250949,0.10100943
dcbfa685c07ca7e10a21cc93,2020-11-07,featherweight,Submission,0.5665882,0.27598286,0.1574289
7e96ea3f88bc1cd633bfbcff,2020-11-07,featherweight,KO/TKO,0.5726231,0.26509514,0.16228177
cf941249e8853878c39beb3b,2020-11-07,bantamweight,Submission,0.5493449,0.33719563,0.113459446
627ff29937df0f3e4b02b96e,2020-11-07,welterweight,KO/TKO,0.49978653,0.33715415,0.16305934
35cd9e0ed2ba0bbc0352b4d5,2020-11-07,bantamweight,Decision,0.49803525,0.3165165,0.1854483
f56a2da3439d7312f3ed5053,2020-11-07,light_heavyweight,Submission,0.23172943,0.63937056,0.12889999
22d95249dfaff73c149f7787,2020-11-07,middleweight,KO/TKO,0.57661575,0.32655585,0.096828386
4f984c114f952c5e85b05305,2020-11-14,welterweight,KO/TKO,0.3175108,0.5078542,0.174635
0bf1cad5fff73833720546bb,2020-11-14,welterweight,Decision,0.46148375,0.35845146,0.18006474
4d8c8fdb741a66e9ec213215,2020-11-14,womens_strawweight,Decision,0.69320303,0.18730137,0.11949564
7472bbec30036b91f8b3f55a,2020-11-14,catch_weight,KO/TKO,0.4702233,0.33729604,0.19248067
9d1bf278adaf06c59aafbe8a,2020-11-14,heavyweight,Decision,0.35432705,0.51282644,0.13284655
bdf3b0384bfd20ab4f874937,2020-11-14,bantamweight,Decision,0.5992042,0.240192,0.16060385
256ba9eadd0025f9b1b46491,2020-11-14,womens_strawweight,Decision,0.43453795,0.17610112,0.38936096
212de9a7a449ce2e3483fe61,2020-11-14,lightweight,Decision,0.4239182,0.44524103,0.13084082
71953b09146d733984c4873f,2020-11-14,womens_strawweight,Decision,0.62792563,0.1862754,0.18579896
daa107f8ce19d97b1024e608,2020-11-21,welterweight,Decision,0.3731518,0.49325782,0.1335904
990f47449008c2507dce5538,2020-11-21,womens_flyweight,KO/TKO,0.6520512,0.1709674,0.1769814
855198b297a6d4d634748fc0,2020-11-21,flyweight,KO/TKO,0.48790526,0.21355568,0.29853904
ab363e2b0f18214055df486e,2020-11-21,welterweight,Decision,0.57133585,0.3204538,0.10821038
35a304f5212463a5b62f0016,2020-11-21,flyweight,Submission,0.3112856,0.48341495,0.20529945
e10c4a1985fd12ac4132b445,2020-11-21,middleweight,KO/TKO,0.34054345,0.46400756,0.19544902
75e45e9d89ad79cff7c42ac6,2020-11-21,womens_flyweight,Decision,0.67687285,0.15128902,0.1718381
5ec0091b78dc3de20dd3ac14,2020-11-21,middleweight,Decision,0.44940457,0.26384795,0.28674746
71a0386425bf0de6d824fb82,2020-11-21,welterweight,KO/TKO,0.37836474,0.33467844,0.28695685
1d045510888fda8b989e961d,2020-11-21,light_heavyweight,KO/TKO,0.31334466,0.49556598,0.19108929
eaf2ba2fb033cd4f682f8d99,2020-11-21,welterweight,Decision,0.46433756,0.43541136,0.10025107
2cbdb6487a02560caa061947,2020-11-21,womens_flyweight,Decision,0.5507131,0.3111519,0.138135
f1ef0a42087a271126512de6,2020-11-28,light_heavyweight,Submission,0.36944062,0.5039633,0.12659608
54556752d4e905ae3733dad8,2020-11-28,womens_bantamweight,Decision,0.62023056,0.25028768,0.12948176
ee744e008569f783f1c7ae2f,2020-11-28,womens_flyweight,KO/TKO,0.5679971,0.17583685,0.25616607
1da86dd1a82396c3d44770b5,2020-11-28,featherweight,KO/TKO,0.58713174,0.23577563,0.17709269
f7f1ed2648969e54b0e3c382,2020-11-28,heavyweight,Decision,0.3223684,0.5438007,0.1338309
15dd8c606462176c34ed098b,2020-11-28,catch_weight,Submission,0.42205054,0.4210493,0.15690014
be0781425d6678d096405d23,2020-11-28,bantamweight,Submission,0.60315835,0.26852986,0.12831184
1cc13b483b64475640fb3718,2020-11-28,welterweight,Submission,0.37651932,0.48019528,0.1432854
1162fe15cac2da103dfe148c,2020-11-28,featherweight,Decision,0.57531595,0.29874295,0.1259411
0c3a9c25327fe52dfdc851ce,2020-11-28,flyweight,KO/TKO,0.47609213,0.29469407,0.22921382
3fb0d126ec0ec9c850e7c51f,2020-12-05,lightweight,KO/TKO,0.4632555,0.35667095,0.18007356
38c73190ff54c90011fd11da,2020-12-05,heavyweight,Decision,0.4349619,0.47054732,0.09449079
2faee2f4000145f6ef0e7d15,2020-12-05,featherweight,KO/TKO,0.5762529,0.1780526,0.24569452
c7ea0e981df13024b9a31ab0,2020-12-05,middleweight,Decision,0.35783127,0.45840344,0.18376525
b7f4b02b143222c336934e1f,2020-12-05,bantamweight,KO/TKO,0.5147812,0.27624038,0.20897841
96327f3512f595cecb211d04,2020-12-05,lightweight,KO/TKO,0.42900875,0.27402207,0.2969692
5626b216eee3a29a06e2e953,2020-12-05,light_heavyweight,KO/TKO,0.54292417,0.3584618,0.09861401
cdbde8c8fb7b8ab6ece9ca3f,2020-12-05,light_heavyweight,Decision,0.28849384,0.5822623,0.12924384
e56a0eee2d1ec9ecb44e9c6c,2020-12-12,featherweight,Submission,0.47097442,0.30396733,0.22505832
0212910162e54fa9cd5b7cd0,2020-12-12,featherweight,KO/TKO,0.48458073,0.3184162,0.19700305
d5af84d65e5ec7c832fd231d,2020-12-12,featherweight,Decision,0.5425867,0.24872491,0.20868842
f33feba4243e510ba6affdca,2020-12-12,heavyweight,KO/TKO,0.48389667,0.37999937,0.13610399
dd922295fee469e083fac69f,2020-12-12,middleweight,KO/TKO,0.42886236,0.41462812,0.15650946
b259ff80d212bf23d79b1dc4,2020-12-12,womens_strawweight,Decision,0.54616195,0.17877927,0.27505875
4bdb0495d3dcf5d7e7dd27a3,2020-12-12,lightweight,KO/TKO,0.582149,0.24554504,0.17230593
80103ed2aae686dd59e7503e,2020-12-12,womens_strawweight,KO/TKO,0.63990223,0.18704143,0.17305635
c07bd95dd550983c678bb413,2020-12-12,lightweight,Decision,0.47987014,0.28552103,0.23460887
956d4c038b9d798a03f2f217,2020-12-19,welterweight,Decision,0.5810656,0.28567195,0.13326247
06b8415093de68eee890672b,2020-12-19,catch_weight,Decision,0.5950268,0.26697555,0.13799767
9cfc7008d97b25e3eee03dba,2020-12-19,catch_weight,Decision,0.5773744,0.30831742,0.114308156
7c14b9cca72df7ce3e48797f,2020-12-19,womens_flyweight,Decision,0.6702408,0.13122049,0.19853868
09bb551777feafe78278b168,2020-12-19,flyweight,Submission,0.42950264,0.28615743,0.28433996
ce69be9a42b5dce320787439,2020-12-19,bantamweight,Decision,0.56541014,0.2947067,0.13988318
d4607f21674e1b635ed2c4b1,2020-12-19,heavyweight,KO/TKO,0.43522617,0.4736911,0.09108273
2751edcfff14d6f87019df2c,2020-12-19,bantamweight,KO/TKO,0.5070593,0.36833033,0.12461039
47e7219958c4619887b0ea40,2020-12-19,welterweight,Decision,0.37167993,0.38546255,0.24285749
8da008a32caddde479cc3af6,2020-12-19,womens_bantamweight,Decision,0.69245183,0.19142121,0.116126955
6cccf3ffb09a129e7b0bb096,2020-12-19,welterweight,Decision,0.32051823,0.5792921,0.100189686
73c4fd702dce585354b6c53b,2020-12-19,middleweight,Decision,0.3789955,0.33356926,0.28743523
ae621dcbc9586b8e5527d2fc,2021-01-16,welterweight,Decision,0.54610515,0.33031103,0.123583786
63d6662513715319fbb37f5b,2021-01-16,heavyweight,Decision,0.4691524,0.39959788,0.13124977
299cafa827deafab86edfca9,2021-01-16,welterweight,Decision,0.5739701,0.2349142,0.19111569
5a322970c6fa2b7ccdbf1a91,2021-01-16,featherweight,Decision,0.5603481,0.22389081,0.21576113
0b3e78533c34539224338ddd,2021-01-16,middleweight,KO/TKO,0.4797023,0.41622776,0.104069926
e3788f7673c040a7e7162eaf,2021-01-16,featherweight,Decision,0.46694735,0.43644992,0.09660277
94167c05ac13c3152031bd8a,2021-01-16,middleweight,KO/TKO,0.35438544,0.4573146,0.18829995
e1e59ca7e3b0bad7652227e2,2021-01-16,welterweight,KO/TKO,0.49890852,0.41456112,0.08653039
0314d7c96dc6c9029d7f9a5f,2021-01-16,womens_bantamweight,Decision,0.69278544,0.1564748,0.15073971
733a1c63f7740f95a9317482,2021-01-16,womens_bantamweight,Decision,0.564344,0.19944568,0.23621033
6be48a3315d78994e2f6bbaf,2021-01-20,middleweight,Decision,0.43044436,0.33494276,0.23461291
9fa1bae0311b4aa3ccba91f1,2021-01-20,flyweight,Decision,0.43534243,0.383413,0.1812446
0510c32efd9efab7964555f7,2021-01-20,light_heavyweight,KO/TKO,0.3039623,0.55477095,0.14126678
8dd911979c1d546b9c995936,2021-01-20,featherweight,Decision,0.538849,0.34738627,0.11376475
88d9b570e90c027e750424b7,2021-01-20,flyweight,Decision,0.4500996,0.3391952,0.2107052
500b756ea736234a67f865c7,2021-01-20,welterweight,Decision,0.4234842,0.37177637,0.20473942
e8a21c49a3957ae2db4f9304,2021-01-20,lightweight,Decision,0.4510297,0.38006324,0.16890705
bd1a13b91967e59c2d2ca195,2021-01-20,middleweight,Submission,0.47539538,0.38683113,0.13777344
871ec9ac30c6dde7f53b3da8,2021-01-20,bantamweight,Submission,0.55576384,0.26233435,0.18190183
5e589ab68c009c7418795d5d,2021-01-20,womens_flyweight,Decision,0.71282375,0.21248077,0.07469548
f586b613c26248f8a71102eb,2021-01-20,flyweight,Decision,0.41912353,0.36011866,0.22075781
c5b665d2739cea495eec4f33,2021-01-20,bantamweight,Submission,0.41302297,0.29408547,0.29289153
e5728f57a9db1a6d419df71d,2021-01-20,womens_flyweight,KO/TKO,0.47077966,0.24086833,0.288352
acb69131c93694b07300faa1,2021-01-20,welterweight,KO/TKO,0.6082276,0.26174423,0.13002816
cc8a36141f665f8a21e43c79,2021-01-23,flyweight,Decision,0.49981296,0.2086499,0.2915371
ba4700ec8890cb3212bac423,2021-01-23,middleweight,KO/TKO,0.5676742,0.33556455,0.09676122
35396c0c45d4c8527b82d6ab,2021-01-23,lightweight,Decision,0.607389,0.22315748,0.16945353
e81b6098e57e8133b071edb8,2021-01-23,middleweight,Decision,0.64764166,0.21546513,0.13689321
749823f187d45e71e91ff721,2021-01-23,lightweight,KO/TKO,0.49528205,0.37026995,0.13444802
41d00a19b95b8c4e1011e422,2021-01-23,lightweight,KO/TKO,0.3734209,0.47399002,0.15258907
069bf8b9c6ade82cb549680a,2021-01-23,womens_flyweight,Decision,0.7152599,0.1729846,0.1117555
946129bbdfaa781a21608a9e,2021-01-23,womens_bantamweight,Submission,0.55190897,0.24639438,0.20169662
f7128ea236725875bb42fb2a,2021-01-23,light_heavyweight,Decision,0.24449968,0.66180384,0.09369645
4d892766af178faa517a3b55,2021-01-23,womens_strawweight,KO/TKO,0.670535,0.15934485,0.1701201
9eddebe538dcd4b2e8bce30f,2021-01-23,catch_weight,Decision,0.5461198,0.30327052,0.1506097
398469f8b03c9109e14c3efb,2021-02-06,flyweight,Decision,0.46355426,0.29922354,0.23722221
c52172bfe2d5dadbc2baa574,2021-02-06,heavyweight,KO/TKO,0.33866724,0.58413345,0.0771993
dd2ee13375dd8c96df6d0a62,2021-02-06,bantamweight,KO/TKO,0.5895512,0.29771686,0.11273192
c2749aa0039c9dbb15dc18cb,2021-02-06,catch_weight,KO/TKO,0.24884734,0.52452034,0.22663228
006fbd1ad4d3164705b758d8,2021-02-06,lightweight,Decision,0.479934,0.3598175,0.16024849
f95fccaf728f92e2468278a7,2021-02-06,womens_bantamweight,Decision,0.6206943,0.22472785,0.1545779
5b925fbe88e3649da9183c2e,2021-02-06,lightweight,Decision,0.6373632,0.24259464,0.12004213
5617b1854fbb99723ea7f386,2021-02-06,light_heavyweight,Submission,0.5242882,0.38626888,0.08944299
187bee69eb0bfc1344de75ea,2021-02-06,womens_flyweight,Decision,0.6724838,0.193466,0.13405024
116aee82de340b5b69294296,2021-02-06,featherweight,KO/TKO,0.46372777,0.30471426,0.23155795
990348198032e07f47fe05b5,2021-02-06,featherweight,Decision,0.5852827,0.22769201,0.1870253
7f425d4ea75cb89d2a23d068,2021-02-06,featherweight,Decision,0.4628342,0.35508227,0.18208347
0ad9e306fa9bafaa5d9d1705,2021-02-13,catch_weight,Decision,0.5538898,0.34739205,0.09871809
f034ef7d780fb11cd9df91fa,2021-02-13,welterweight,Decision,0.50961405,0.34559453,0.14479142
e415a937b387a95ec19c51ec,2021-02-13,welterweight,Decision,0.41487187,0.39499694,0.19013116
f97a2702edccb7dad093612d,2021-02-13,welterweight,KO/TKO,0.5272181,0.3514727,0.12130915
a4e473c3f2b704804d3aa60e,2021-02-13,middleweight,Decision,0.59028095,0.2963007,0.113418296
84467793f69d35eb41eb8877,2021-02-13,middleweight,Submission,0.4067237,0.3209227,0.2723536
089e43bbc47943ab21cfcc52,2021-02-13,womens_flyweight,Decision,0.54527897,0.27381107,0.18090998
eb1492878c3ea0174e4e3b62,2021-02-13,womens_strawweight,Submission,0.4729547,0.2112563,0.31578904
12f182cc4484512866f9fb1e,2021-02-13,featherweight,Decision,0.55602586,0.28711408,0.1568601
3dba4569718934d994975320,2021-02-13,middleweight,Submission,0.350589,0.27884898,0.37056202
ea60b29d1cc1c5cbf1e166c1,2021-02-20,bantamweight,KO/TKO,0.5165027,0.3191666,0.1643307
74bfe372b0e5a30d25bf5041,2021-02-20,heavyweight,KO/TKO,0.18547758,0.6267267,0.18779574
54831bad652cdc3a8ada5fdc,2021-02-20,heavyweight,Submission,0.29415798,0.6139087,0.09193332
5f3fc1a3e546d6b566ba1392,2021-02-20,featherweight,Decision,0.41257608,0.21970232,0.36772162
1a4d68fedca9efa585791fa8,2021-02-20,heavyweight,KO/TKO,0.33107504,0.56511164,0.10381328
4dfd2b1535c10a0b46f38234,2021-02-20,bantamweight,KO/TKO,0.59781265,0.3120334,0.090153925
35b9ba0462608f9b6e41c742,2021-02-20,featherweight,Decision,0.6305936,0.27851486,0.09089155
b57470dcb8fd957a6caf4d98,2021-02-20,womens_bantamweight,Decision,0.71830964,0.1558812,0.12580913
92b3031f9c8a237ab1c68ea2,2021-02-20,featherweight,KO/TKO,0.5430451,0.2640208,0.1929341
624a4740ac849b0f19e7a355,2021-02-20,middleweight,Decision,0.35958079,0.37880132,0.26161793
bb5477c8597bf06ae476381f,2021-02-20,heavyweight,KO/TKO,0.39109698,0.4039317,0.20497125
08bc513ce88af8ec37ef2a3e,2021-02-20,womens_flyweight,KO/TKO,0.50979376,0.31640333,0.17380296
a8ff0354149b1a73242c7b41,2021-02-27,featherweight,Decision,0.52452195,0.28486595,0.19061211
fa031ca2b598c1790a770dac,2021-02-27,lightweight,Decision,0.5066439,0.26029932,0.2330568
79d0da63044a2d7848dc3eb4,2021-02-27,womens_bantamweight,Decision,0.6364463,0.19420142,0.16935231
a7edd53221755c84fb85b338,2021-02-27,light_heavyweight,Decision,0.45969832,0.43870932,0.1015924
4dae04976391e2c304856f18,2021-02-27,heavyweight,Decision,0.21959294,0.6489178,0.13148926
8977265e2ec0ac4a8d0eb88d,2021-02-27,light_heavyweight,Decision,0.32092914,0.50154024,0.1775306
03937bc015b49d21691cbfb9,2021-02-27,bantamweight,Decision,0.6186074,0.27188033,0.10951227
3eed3433c57ea8ceb8e6c485,2021-02-27,bantamweight,KO/TKO,0.5190902,0.28351665,0.19739324
2c55dd48924effa480f5ca18,2021-03-06,womens_featherweight,Submission,0.39888215,0.44180486,0.15931296
172ba1c4ac7e58c4dbd7b4dc,2021-03-06,bantamweight,Decision,0.65320766,0.22705585,0.11973645
84173c3cabc82b82021ee1bb,2021-03-06,lightweight,Submission,0.51888794,0.3233194,0.15779263
2f2a2e5d3ef44f24b2553a05,2021-03-06,light_heavyweight,Decision,0.42901027,0.48095846,0.090031266
774fbbcd4bc58c07113c5842,2021-03-06,flyweight,Decision,0.6305088,0.2835357,0.085955486
bec1db2b5e3183035ce016c7,2021-03-06,light_heavyweight,KO/TKO,0.4669362,0.3489225,0.18414135
7406877c1618cdf902112bd6,2021-03-06,womens_strawweight,KO/TKO,0.598594,0.21481468,0.1865913
436382c7157f32d457cf439c,2021-03-06,bantamweight,KO/TKO,0.46312398,0.3858491,0.15102698
4c948af46307bedde78b9778,2021-03-06,flyweight,KO/TKO,0.5926713,0.2637206,0.14360812
39d510d179fdc5c9bc82b8d7,2021-03-06,welterweight,Submission,0.6198551,0.24887021,0.13127474
a8dd1d9e9aeb7fd344b2f88f,2021-03-06,bantamweight,Decision,0.5194084,0.30539474,0.17519689
1665c4098d198e470e99997e,2021-03-06,light_heavyweight,Decision,0.35025886,0.56556016,0.08418102
83c08ce6fca53bee662ac967,2021-03-06,flyweight,Decision,0.5819675,0.2605422,0.15749033
2a0f151b77d398964b58f1f6,2021-03-06,lightweight,KO/TKO,0.4282347,0.35906076,0.21270455
e048cc318dcc24e55e146279,2021-03-13,womens_strawweight,Decision,0.70805067,0.18635175,0.10559764
75ff868f7c9201dc424bcc14,2021-03-13,featherweight,KO/TKO,0.444063,0.402838,0.15309899
45284428ec473bdf65215b5e,2021-03-13,womens_flyweight,Decision,0.7173686,0.15495771,0.12767367
9681fb4a0e8ec440e305912e,2021-03-13,featherweight,KO/TKO,0.6169586,0.21204829,0.17099307
d8ea1aa19a7a70e000c057f8,2021-03-13,womens_strawweight,Decision,0.55068,0.20554973,0.24377029
08147aa1d935de56a0a7c9fb,2021-03-13,bantamweight,KO/TKO,0.6161536,0.28356722,0.10027917
1220f1ae4d30086f6c114d44,2021-03-13,flyweight,Decision,0.562641,0.24095593,0.19640306
3d9e74cecbd64b77643aa7d2,2021-03-13,welterweight,KO/TKO,0.48888308,0.25850803,0.2526088
c3cb9104e11fce38ca8aaeaa,2021-03-13,light_heavyweight,KO/TKO,0.35380825,0.40788555,0.23830616
a651712b4735435b6dff0a60,2021-03-13,lightweight,Decision,0.5102803,0.36999476,0.11972489
155fb3d1aba34cc5371c180a,2021-03-13,bantamweight,Submission,0.46776748,0.2469837,0.28524885
09cb12976b9d557d330fede7,2021-03-20,bantamweight,KO/TKO,0.42560762,0.34456766,0.2298247
0e924a271d155d25cb96a9df,2021-03-20,flyweight,KO/TKO,0.521514,0.25183567,0.2266503
bf9c66e4d2ea103435a96f54,2021-03-20,womens_strawweight,Decision,0.42727935,0.24064408,0.33207655
a7bfb80dde30557923deb967,2021-03-20,middleweight,Decision,0.32406572,0.5435478,0.13238648
fccce461000f977a1f29de71,2021-03-20,lightweight,KO/TKO,0.43124628,0.3314513,0.23730247
3046efa844e5b8c612a39088,2021-03-20,womens_bantamweight,Decision,0.540568,0.2856549,0.17377712
0e1232159bb09cf0a8157294,2021-03-20,bantamweight,KO/TKO,0.5459091,0.26599476,0.18809617
87a052aae5db7282aedf3af1,2021-03-20,welterweight,KO/TKO,0.49686196,0.3899356,0.11320248
5ac9f53f3b903f5f50c7ae07,2021-03-20,heavyweight,KO/TKO,0.3299687,0.5405107,0.12952065
24832c40dfffd88b28acd6a1,2021-03-20,middleweight,Decision,0.42919093,0.39703363,0.17377546
655ce511031179b0d7528580,2021-03-27,light_heavyweight,Submission,0.3008608,0.55635935,0.14277981
1523d28d8f3dbd0ee0deefc5,2021-03-27,womens_flyweight,Decision,0.3998678,0.31773645,0.28239578
9fa712833bf4b6daceb5243c,2021-03-27,lightweight,KO/TKO,0.5035177,0.2822115,0.21427082
06d257fb5a3c5fda36c86d32,2021-03-27,welterweight,Decision,0.4697646,0.337307,0.19292837
f821eef7b840304b0c4c2566,2021-03-27,middleweight,KO/TKO,0.60098225,0.28321353,0.115804225
10d5d1953f1e4db582bc4232,2021-03-27,light_heavyweight,Decision,0.3045575,0.5666821,0.1287604
437c18cdfaded48de4fb9c8b,2021-03-27,bantamweight,KO/TKO,0.4724969,0.35153005,0.17597309
bb5d26adfb4244e5cb7c71ca,2021-03-27,featherweight,Decision,0.62826246,0.2772953,0.09444228
f9ad023e5912b9e8e23296c4,2021-03-27,heavyweight,KO/TKO,0.24353841,0.6642681,0.09219349
71146ba7e43a180d3a76ed5f,2021-03-27,welterweight,Submission,0.49475846,0.4028894,0.10235219
a5b7f687614fa2c274c262fc,2021-04-10,featherweight,Decision,0.61743504,0.24183445,0.1407305
6a77043e2a2c7fbcf5d1422e,2021-04-10,light_heavyweight,Decision,0.39836812,0.39457768,0.2070542
f7aba315e5e7f95e583bb5f6,2021-04-10,bantamweight,Decision,0.62817985,0.1889648,0.1828554
eb0d9121307638176a27c78f,2021-04-10,welterweight,Submission,0.60631096,0.2965718,0.09711724
ec6aff0a24442abf1efa5bb7,2021-04-10,lightweight,Decision,0.4652908,0.27030176,0.26440743
be94f7ea41163e46b8032440,2021-04-10,lightweight,Decision,0.4463037,0.43502298,0.11867332
75e3c66fe5bdb1e2907f61ff,2021-04-10,featherweight,Decision,0.448805,0.21631715,0.33487788
c2987bdf66ace8687c8129a8,2021-04-10,middleweight,Decision,0.45370334,0.40260077,0.14369594
bb4b636ab4f2733d20549b1d,2021-04-10,welterweight,Decision,0.48308507,0.39924428,0.117670685
2324fee04a36218838c2f885,2021-04-10,womens_strawweight,Submission,0.6568081,0.15129241,0.19189946
04cea879fa6be6d87fdd22c0,2021-04-10,middleweight,Submission,0.5024554,0.2790193,0.21852532
a145a890ebf3141cbf139a78,2021-04-10,lightweight,KO/TKO,0.65815604,0.25003198,0.09181197
a26ae051b20aa9c96dc7945e,2021-04-10,heavyweight,KO/TKO,0.43771338,0.47170207,0.09058458
3974a50adcd6fd1bcc060147,2021-04-17,middleweight,Decision,0.35212728,0.5126644,0.13520832
c3a29929b0c55a012ba64d3c,2021-04-17,heavyweight,Decision,0.23641975,0.43697065,0.3266096
85eb8bca2d84e2de29d25928,2021-04-17,heavyweight,Decision,0.35130584,0.56438607,0.08430811
2dfce60518599adbf4e3bbc9,2021-04-17,lightweight,Decision,0.4597383,0.3664216,0.17384003
3249899f8623af67ee4875c4,2021-04-17,middleweight,Submission,0.494487,0.26308513,0.24242783
b6a515792134d4e7ebc8590e,2021-04-17,womens_strawweight,Decision,0.5837402,0.22795518,0.18830468
c36e6871481b761b6bc086f8,2021-04-17,lightweight,Decision,0.6191986,0.2129249,0.16787651
d500803cf03a6c79704f1f11,2021-04-17,middleweight,Decision,0.48609626,0.42808762,0.08581617
a7e37dc0ef58d7d8986f6a75,2021-04-17,bantamweight,KO/TKO,0.5572715,0.32073435,0.12199418
5540eafcd8dfd2f733cfcec1,2021-04-17,womens_flyweight,Decision,0.72882855,0.16900903,0.10216239
44edb5e52a71d5b17b379406,2021-04-24,welterweight,Submission,0.4791698,0.3718803,0.14894989
b29904ef22772d43b1dce8a8,2021-04-24,light_heavyweight,KO/TKO,0.287149,0.51861686,0.19423409
961b987dd8cca4efe946c0ac,2021-04-24,flyweight,Decision,0.42379233,0.28630683,0.2899009
07cb74a61d28c7395ccc3e46,2021-04-24,bantamweight,KO/TKO,0.5647138,0.31760937,0.11767687
c15e97d5709dfd66cf01357a,2021-04-24,welterweight,Decision,0.58003026,0.3148777,0.105092056
0e596947e3da41e12e863200,2021-04-24,welterweight,KO/TKO,0.48027143,0.4287195,0.09100907
2c3c5213ab9496c702780d50,2021-04-24,middleweight,Submission,0.43433103,0.31900868,0.24666028
023d0a839d940fdea400233f,2021-04-24,lightweight,Decision,0.41468874,0.3241705,0.26114082
c379cb07b140cc25e888391e,2021-04-24,womens_strawweight,KO/TKO,0.512095,0.26251644,0.2253886
fee11078cee1e6996b863aed,2021-04-24,featherweight,Decision,0.4729895,0.2803898,0.2466207
5e472b8e52eff152fbfe7d30,2021-04-24,middleweight,KO/TKO,0.5035212,0.34966347,0.1468153
b53f0ffc153410c8a768bc13,2021-04-24,womens_flyweight,KO/TKO,0.5825919,0.3047156,0.11269251
440ba029911f1e78c5f3138a,2021-04-24,womens_strawweight,KO/TKO,0.5740413,0.2766349,0.14932382
1f45fe6f50add14fab876381,2021-05-01,middleweight,Decision,0.41706604,0.3961487,0.18678528
d7b12003299832c257b05e66,2021-05-01,light_heavyweight,KO/TKO,0.22912602,0.67130405,0.09956991
0675530f5deaaa1160f7c718,2021-05-01,featherweight,KO/TKO,0.6228125,0.30322176,0.073965766
79247937a956625d6f3ce9c8,2021-05-01,featherweight,Decision,0.638798,0.21183498,0.14936703
f1f15579cd1db6d027621436,2021-05-01,womens_strawweight,Decision,0.6199873,0.2241306,0.15588206
2e215036f623af43977bfb1e,2021-05-01,featherweight,Decision,0.5602861,0.27079046,0.16892347
1a543291bbbbd63ae5f6db49,2021-05-01,bantamweight,Decision,0.69354236,0.20900139,0.09745625
d6a46acfc572e3ae94089003,2021-05-01,womens_flyweight,Decision,0.51181185,0.26336545,0.22482267
b3569c5019bea0ff890b4ec6,2021-05-01,middleweight,Decision,0.6081568,0.29332644,0.09851677
fbe844693986698837d7441a,2021-05-08,welterweight,Submission,0.377971,0.47177973,0.15024923
b22da21be05c590f9103ab3e,2021-05-08,lightweight,KO/TKO,0.5166637,0.32355765,0.15977867
96f3e20245151d21bcdb8f40,2021-05-08,welterweight,KO/TKO,0.46873456,0.41734084,0.11392456
4b2e71789ce3c1603f44c672,2021-05-08,middleweight,Decision,0.61304986,0.2816883,0.10526185
0f50cecf3fb203a79fbe59a2,2021-05-08,featherweight,Decision,0.4426987,0.34865993,0.20864135
bf70c712fd72cbc1402be6de,2021-05-08,womens_flyweight,Decision,0.56371737,0.27583525,0.16044737
66a055a3bdb65ec398c18942,2021-05-08,heavyweight,Decision,0.26950556,0.59936774,0.13112669
da6b936ea8667cee5f337a67,2021-05-08,welterweight,Decision,0.5867591,0.32134715,0.09189377
1d555c9651e1649b67c873d2,2021-05-08,middleweight,Decision,0.54642665,0.30463496,0.14893833
4eddd98f6b71d1b40ce9de04,2021-05-15,womens_flyweight,Submission,0.7138624,0.16192882,0.124208726
b161c29e825cc8f33321c23d,2021-05-15,lightweight,KO/TKO,0.2600357,0.49762973,0.24233462
73ed9835db433e1c3179e031,2021-05-15,lightweight,Submission,0.6799954,0.20000139,0.12000319
2c723e3bfbd7746b1a49bc19,2021-05-15,womens_flyweight,KO/TKO,0.5931815,0.28332302,0.1234955
4a515c7e15f58e278e85b0c2,2021-05-15,middleweight,Submission,0.37843207,0.37205312,0.24951482
2d88a7f118a9b133a9aa150c,2021-05-15,middleweight,KO/TKO,0.4643521,0.38924664,0.14640118
7b40bb27aad143bbe4bf6123,2021-05-15,womens_flyweight,Decision,0.7297362,0.17067216,0.09959163
9236d5c10fd5259af71d1f7a,2021-05-15,featherweight,Decision,0.5031948,0.3193883,0.1774169
8552cf2fa15f36c962dd47da,2021-05-15,featherweight,Decision,0.5832447,0.27284265,0.14391269
ac01654bb88f24cde0453ff9,2021-05-15,featherweight,KO/TKO,0.6067296,0.31632844,0.076941915
30b02d38c456914546eaa1f9,2021-05-15,lightweight,Decision,0.51681924,0.342198,0.14098275
d30d3aec127463726bcfe02e,2021-05-22,heavyweight,Submission,0.34937388,0.4747926,0.17583357
071a45a6dbfc547ac87fd8f2,2021-05-22,flyweight,KO/TKO,0.5283125,0.32808673,0.14360073
10b25f19a0fff04f7455e7f0,2021-05-22,welterweight,Decision,0.59778804,0.23609848,0.1661135
c218d031e77e1e9e8ceea0f8,2021-05-22,flyweight,Submission,0.48590395,0.3136338,0.20046227
fda50c856c3cc806fad2cd0f,2021-05-22,womens_featherweight,Decision,0.66150063,0.18698429,0.15151507
e9beb6a44ab27a583e24a07e,2021-05-22,middleweight,Decision,0.42253965,0.40860978,0.1688506
296bd6be85fe799b7ab7c1a3,2021-05-22,featherweight,Decision,0.3986576,0.34223244,0.25910994
cc74e32603a6a23148741929,2021-05-22,heavyweight,Decision,0.36168393,0.51321834,0.12509768
b5709b61e25ad5e6e50d3e45,2021-05-22,lightweight,Decision,0.55315447,0.3022385,0.14460702
3b7b804068b8e00672a5f39a,2021-05-22,featherweight,Decision,0.62706286,0.23319183,0.13974532
021c23a2eb7dd424b3760858,2021-05-22,bantamweight,Decision,0.33408177,0.539615,0.12630323
0a8907e7c9ccc7e92c10fa53,2021-05-22,womens_strawweight,KO/TKO,0.74690515,0.16999161,0.08310331
a71663808cab96a533f7f3a0,2021-06-05,lightweight,Decision,0.40964553,0.2418091,0.34854543
b849723a163cb1a94edec03d,2021-06-05,middleweight,Decision,0.39050728,0.443294,0.1661987
c30c5ed0c6f68ddbdc6e0034,2021-06-05,welterweight,Decision,0.55826306,0.3459472,0.09578977
005237f1190a5a2d4091414f,2021-06-05,heavyweight,KO/TKO,0.38751373,0.5353395,0.0771468
dae4bb27f2bbb3c7006d1dc5,2021-06-05,featherweight,Decision,0.43821996,0.24800342,0.31377664
05ccaa473e2b94dfabf7d1fd,2021-06-05,womens_flyweight,KO/TKO,0.5498762,0.3008878,0.14923602
302fd43d83034a2a1167cb24,2021-06-05,womens_flyweight,KO/TKO,0.6494222,0.137482,0.21309574
d603dc6aff17ddbb1d25c05e,2021-06-05,middleweight,Decision,0.5355744,0.3035859,0.16083977
124977ad8833f804ed6cb04e,2021-06-05,welterweight,Decision,0.44647253,0.42528486,0.12824266
a6488972b4e28f5bb943b98f,2021-06-05,featherweight,Decision,0.5623792,0.2794175,0.15820326
cca2249636b0929cdddf4681,2021-06-05,heavyweight,Decision,0.33303547,0.57105124,0.09591326
4dbb2484e6d1bdd5206a8e75,2021-06-05,heavyweight,KO/TKO,0.40457076,0.4968287,0.09860051
7b68645c6155f616e8698da6,2021-06-12,heavyweight,Decision,0.5508529,0.35844418,0.090702906
a472857449a92cc1580c34ce,2021-06-12,featherweight,Decision,0.52661467,0.27005538,0.20332998
a00ccc9c46ab59aeed12bc52,2021-06-12,flyweight,Submission,0.33727688,0.4628718,0.19985133
6416d8a78b4aeee3a078ff10,2021-06-12,welterweight,Decision,0.57934815,0.26865935,0.15199251
d4659a1d3ed047b9c9526f60,2021-06-12,lightweight,Decision,0.63403624,0.27885973,0.087104
d7e483bb04fd67f9c284ae8b,2021-06-12,light_heavyweight,Decision,0.5161398,0.39880285,0.08505729
a067ee4df1e643240630223a,2021-06-12,lightweight,Decision,0.45151463,0.29751962,0.2509657
06b2c67c96de677f095d63a4,2021-06-12,middleweight,Decision,0.49384254,0.38891378,0.11724364
bdcced7630b8f9fc20b8e65d,2021-06-12,womens_flyweight,Decision,0.7110364,0.18449491,0.10446869
27e411a536e1c7deb45d1ac6,2021-06-12,welterweight,Decision,0.465017,0.36810675,0.1668763
f2b6f09261ceb5b126445765,2021-06-12,lightweight,KO/TKO,0.49097544,0.2647865,0.24423802
7d225bf082e7c74caa37c3ce,2021-06-12,featherweight,Decision,0.68951195,0.22176796,0.08872006
cba88fa3d2445ac8ac4d89a0,2021-06-12,womens_bantamweight,Decision,0.70555115,0.17829601,0.1161528
30e778d3989da80d54ba9e9b,2021-06-12,light_heavyweight,KO/TKO,0.3814296,0.4414704,0.17709996
9328b8ac23e7685857194ee4,2021-06-19,light_heavyweight,Decision,0.5470143,0.32937482,0.12361086
ebf39919541e28347dea97af,2021-06-19,heavyweight,Decision,0.3053843,0.44635794,0.24825777
cd61e6ca2674830655d58d10,2021-06-19,womens_flyweight,Submission,0.5513438,0.2209723,0.22768392
8aa7756723ebd18d2ab40f8e,2021-06-19,featherweight,Decision,0.44060823,0.43311638,0.12627535
78cbe025f9059d02470e6e87,2021-06-19,lightweight,KO/TKO,0.5773112,0.2777183,0.1449705
61610b155882ac3e3eed4f71,2021-06-19,heavyweight,Decision,0.50394624,0.38646552,0.109588236
836588eb01321066a95e6f60,2021-06-19,featherweight,KO/TKO,0.6131622,0.22851749,0.1583203
9987f669b7493fba2fe3d118,2021-06-19,womens_strawweight,KO/TKO,0.6870335,0.13446595,0.17850061
9f27d61139a529c02d842433,2021-06-19,welterweight,Decision,0.39222288,0.42968976,0.17808735
e74b6bf080b0e710ce9747bd,2021-06-19,bantamweight,Decision,0.5190266,0.32481056,0.15616287
b95e558564dc9e0f3f3f5cfd,2021-06-19,welterweight,KO/TKO,0.42425272,0.4081417,0.16760561
9a82adcac5a1d990fb6cd5a0,2021-06-19,middleweight,KO/TKO,0.455359,0.36982474,0.1748163
a3c60ed394aa5d105da7ad3f,2021-06-26,featherweight,Decision,0.47422147,0.314704,0.21107455
b3a720a454739d051995c2c1,2021-06-26,heavyweight,Decision,0.41429168,0.49028015,0.09542819
fc8f71a97583223c7eba5642,2021-06-26,womens_bantamweight,Submission,0.66363484,0.18340966,0.15295546
7bab93177c4542550318ca39,2021-06-26,light_heavyweight,KO/TKO,0.47306344,0.35195923,0.17497735
734b592944e62af1b555c366,2021-06-26,light_heavyweight,KO/TKO,0.3500129,0.5398595,0.11012764
f161c4d3b027f2f49eaa2f45,2021-06-26,bantamweight,Decision,0.6223723,0.23959751,0.13803019
89d9e6cd12cbc984c5ad5db8,2021-06-26,lightweight,Submission,0.54621,0.27609578,0.1776942
ce42994760729649b78812f5,2021-06-26,welterweight,Submission,0.38091588,0.29653287,0.32255125
8fe42d98d6456f0fc2191b0e,2021-06-26,heavyweight,KO/TKO,0.3524821,0.55112785,0.096390024
d779754588526356ae5ea3e3,2021-06-26,welterweight,Decision,0.6095256,0.31033975,0.080134615
ba71dd0032aaf0bf310c24c7,2021-06-26,welterweight,KO/TKO,0.43813878,0.33419135,0.22766984
746498ef7443f0caf5f2082d,2021-06-26,lightweight,Decision,0.49168718,0.3350323,0.17328052
80d953c972d847be890d6aaf,2021-07-10,welterweight,Decision,0.5785241,0.32283607,0.09863985
6498a4c8d3727a2016dbff4a,2021-07-10,lightweight,KO/TKO,0.36311096,0.48624238,0.15064664
52922d44b46e92c459d86bc8,2021-07-10,welterweight,Decision,0.5907299,0.30216894,0.10710117
148e523baab99af91b27dce5,2021-07-10,womens_bantamweight,KO/TKO,0.7388201,0.16345493,0.09772498
15ad67d5e43acafdd6c98fe0,2021-07-10,womens_flyweight,Decision,0.72573525,0.15287164,0.12139318
530b143d446dafc011071c4e,2021-07-10,welterweight,Decision,0.40956828,0.3969896,0.19344208
bbfbf8b8166c426e1240e0a4,2021-07-10,middleweight,Decision,0.6447597,0.27700755,0.07823271
12bc8ea49cf6466df9aea9a3,2021-07-10,featherweight,KO/TKO,0.41308725,0.33858296,0.24832982
051cabd00d8a84746e67e149,2021-07-10,bantamweight,KO/TKO,0.34994474,0.4749242,0.17513105
3ea316d32ba9c755ad343003,2021-07-10,heavyweight,KO/TKO,0.34224334,0.54503894,0.112717696
dd14dada5640b649e27c8cb6,2021-07-10,middleweight,KO/TKO,0.42113268,0.45144215,0.12742518
57c1af099e2eeaedffb7b6c6,2021-07-10,flyweight,Submission,0.6045571,0.24561526,0.14982764
387800ac98197707044d3802,2021-07-17,womens_strawweight,KO/TKO,0.59784114,0.22089018,0.18126866
6a8395402c96b2d104acd78d,2021-07-17,welterweight,KO/TKO,0.39544234,0.4747266,0.12983106
87728864303defcd4fe22031,2021-07-17,flyweight,Decision,0.5659509,0.24690914,0.18713999
8a31c1172ab5106325cc627e,2021-07-17,featherweight,KO/TKO,0.45896918,0.3252957,0.21573517
b726a2c340e0031859a57110,2021-07-17,lightweight,Submission,0.5173966,0.29317912,0.18942423
4d558ebbde851ebbceb2a376,2021-07-17,lightweight,Submission,0.6184463,0.289993,0.09156072
973af1128fff9b2a14c5621f,2021-07-17,bantamweight,Decision,0.49391872,0.35743678,0.14864452
ed7f6c0bd5b437f2f9dc6c7c,2021-07-17,womens_bantamweight,KO/TKO,0.66739476,0.17284693,0.15975834
c9c25ab469ad2fe48494e4ba,2021-07-17,middleweight,Submission,0.4589026,0.260148,0.28094944
03a0165ac1c070a693740903,2021-07-24,bantamweight,KO/TKO,0.4321829,0.41481388,0.15300317
3cb448435c95ab6aa4fed0a9,2021-07-24,bantamweight,Decision,0.3435883,0.5186459,0.13776582
b0617d39a8cbc7fc041d74b3,2021-07-24,featherweight,KO/TKO,0.46593842,0.2645259,0.26953563
f9beb1b95ba45b9b1621b64b,2021-07-24,womens_strawweight,Decision,0.6856276,0.17404054,0.14033194
f8df7edab264a0f373e74bd3,2021-07-24,bantamweight,KO/TKO,0.6456,0.2330501,0.12134987
1a387168660b6545f6e752fb,2021-07-24,bantamweight,Decision,0.61884475,0.25791702,0.12323825
3619b7063e9cd88f010c5a0f,2021-07-24,welterweight,Submission,0.5361328,0.25727654,0.20659064
f115a8a9f478bc63f707998e,2021-07-24,womens_flyweight,Decision,0.5427766,0.29279083,0.1644326
f0c4c6e99336ff56646d4fa5,2021-07-24,middleweight,KO/TKO,0.5199829,0.30265328,0.17736381
2457d12636a9cfb566f94a56,2021-07-24,middleweight,Decision,0.34743828,0.38960543,0.26295626
033418400afa21c1b79842c9,2021-07-24,womens_flyweight,KO/TKO,0.6443544,0.18765412,0.16799141
aa362511017ececb3e8cb952,2021-07-31,welterweight,Decision,0.39547512,0.29539064,0.30913427
439390ea327acf2b45119216,2021-07-31,womens_strawweight,KO/TKO,0.6682885,0.16692322,0.16478828
abe908dff98725268a6de4b5,2021-07-31,lightweight,Decision,0.6199036,0.2812086,0.09888778
f53d55ca7e6c71bca1768d71,2021-07-31,featherweight,KO/TKO,0.43504485,0.28637955,0.27857554
3a69e82631c81017529c26db,2021-07-31,womens_strawweight,Decision,0.6725849,0.185477,0.14193814
848d633ab5d861af69f87843,2021-07-31,welterweight,KO/TKO,0.54119444,0.3085352,0.15027036
d6d47fd80d8781a3f317d30b,2021-07-31,welterweight,KO/TKO,0.4598452,0.31881297,0.2213418
32bb78b29e02d70783585786,2021-07-31,flyweight,Decision,0.48676172,0.3341971,0.17904112
3af23183b818dfe59d5a0114,2021-07-31,middleweight,Decision,0.3065917,0.57007164,0.12333665
37eb5a2b7db7710c44ecbb0f,2021-08-07,light_heavyweight,Decision,0.3354936,0.5055725,0.15893388
31e656fd3cfbfde7ba181505,2021-08-07,heavyweight,KO/TKO,0.36399928,0.5548353,0.08116538
cfc670cb4c942424d4bde058,2021-08-07,bantamweight,Submission,0.4534431,0.26375866,0.28279823
a13574844084b56c501c795d,2021-08-07,bantamweight,Decision,0.63952094,0.25575718,0.10472188
c291f2773170c40024daeb22,2021-08-07,womens_strawweight,Submission,0.72856313,0.18296556,0.08847128
e7881e314d5e66981e8e89de,2021-08-07,lightweight,Decision,0.6159707,0.300403,0.08362634
a7d7600747cdce4d1aac4734,2021-08-07,flyweight,KO/TKO,0.5217311,0.32021183,0.15805706
36997816a9de75a5faf77fdb,2021-08-07,welterweight,Submission,0.4723854,0.36928478,0.15832978
1b48725e4a5a6738fae9d75e,2021-08-07,bantamweight,KO/TKO,0.6090607,0.23036602,0.16057326
adbb4bf7f16d6f11fdd6a702,2021-08-07,bantamweight,Decision,0.6088667,0.2638577,0.12727559
8a628435db9e18feeb85b101,2021-08-07,womens_strawweight,Decision,0.72495323,0.18280034,0.0922464
03bd3178b81b51c98a2ef07f,2021-08-07,womens_flyweight,KO/TKO,0.5040962,0.24372077,0.25218305
ff592cdaa4eca0c7c874169d,2021-08-07,bantamweight,Decision,0.55676377,0.27909112,0.16414511
97eff66c4a32a2932814be38,2021-08-21,flyweight,Submission,0.43308598,0.25072455,0.3161895
102faa4ad68146ae09750464,2021-08-21,featherweight,Decision,0.5869152,0.25355697,0.15952784
7f212aa41a8e96a98df4f434,2021-08-21,womens_bantamweight,KO/TKO,0.547684,0.2074071,0.24490885
256498ff833bad9ec8a58f4f,2021-08-21,bantamweight,Decision,0.5946958,0.23341598,0.17188817
768f6a84be53ebd19ce73dbe,2021-08-21,lightweight,Decision,0.5646053,0.27608135,0.15931337
39e93a7358c364f594c54892,2021-08-21,middleweight,Decision,0.40816253,0.49721926,0.09461823
a37c8fb1c9ec806b184a9c51,2021-08-21,heavyweight,Decision,0.42753997,0.45355463,0.11890541
5d50a9759638e91e84f0b746,2021-08-21,lightweight,KO/TKO,0.60433185,0.21046187,0.18520625
e2ebb569fa02a491387e1161,2021-08-21,welterweight,Submission,0.48739314,0.38169196,0.13091488
eb3d6a53fd969c07e9831cf1,2021-08-21,bantamweight,Submission,0.35875502,0.44624895,0.19499603
642d81d57681e847b5fde3c9,2021-08-21,lightweight,Decision,0.63342404,0.2620767,0.10449929
45a810ac99baec2dd4b54d7c,2021-08-21,light_heavyweight,KO/TKO,0.40859607,0.3157557,0.27564818
0ed065dd12c23b6c9d895669,2021-08-28,middleweight,KO/TKO,0.4592001,0.43627882,0.10452108
9f9acc55a8ab60ad174b6e11,2021-08-28,middleweight,KO/TKO,0.3236661,0.36056674,0.31576714
81175b83703a04c9578b0ede,2021-08-28,middleweight,Submission,0.3236661,0.36056674,0.31576714
aff3ed6568a856a3854450e4,2021-08-28,light_heavyweight,KO/TKO,0.43479764,0.47692955,0.088272855
ec627d0e52cb9efd5393d953,2021-08-28,featherweight,KO/TKO,0.49006099,0.4311971,0.078741945
d6d68f11e8b1409123b81a91,2021-08-28,featherweight,Submission,0.58536357,0.25903517,0.15560125
bf631345d98ad2d5efa45637,2021-08-28,womens_flyweight,Decision,0.6220204,0.20972848,0.16825107
c64ba96ba3a2bbcd5352c69a,2021-08-28,welterweight,Decision,0.54193324,0.3460894,0.111977376
0e995a99c3637eda1e7fe1ab,2021-08-28,middleweight,Submission,0.45928058,0.3532496,0.1874698
036b6e057cbf7a551f641948,2021-08-28,bantamweight,Decision,0.4155815,0.3570823,0.2273362
323b248672e4ff7a5e608f9e,2021-08-28,bantamweight,Decision,0.36165497,0.3144695,0.32387552
7134f69560a4ddd941edb18e,2021-08-28,middleweight,Decision,0.47298592,0.36649054,0.16052349
848148a2658c8b26e59ce487,2021-09-04,welterweight,Decision,0.55194646,0.24202733,0.2060262
979ddbd47cfbfedab2b8467b,2021-09-04,middleweight,Decision,0.5900111,0.31986922,0.090119675
c2ec829bd718d445716f67fa,2021-09-04,middleweight,Submission,0.44964895,0.45844725,0.091903806
97be85a3e259ac669e1925e6,2021-09-04,bantamweight,Decision,0.42954257,0.23583575,0.33462167
ba157252f6db82d9ef9cbf91,2021-09-04,catch_weight,Submission,0.37542802,0.40112382,0.22344811
24c47b0c28d199c1ece9b21b,2021-09-04,light_heavyweight,KO/TKO,0.31344166,0.57841116,0.10814715
ef38db4fa319c1d073e6809b,2021-09-04,womens_flyweight,Decision,0.7205586,0.16403756,0.1154039
f86ff3558c519c95d88ed2b0,2021-09-04,lightweight,KO/TKO,0.3795352,0.38014987,0.24031498
e39ab69302a3a4acaa385b46,2021-09-04,heavyweight,KO/TKO,0.30736268,0.4998792,0.19275813
21452c8ad7c8dfb85b7958bf,2021-09-18,light_heavyweight,Submission,0.2462423,0.6171628,0.13659486
889ae6f64e5ed194f4e9d57a,2021-09-18,womens_flyweight,Decision,0.57476354,0.20646814,0.21876837
1c6ed9f870c0d2d4f98638ea,2021-09-18,lightweight,KO/TKO,0.64465666,0.21147798,0.14386536
2b42e0ee62b14d7f1ac91ecb,2021-09-18,womens_flyweight,Submission,0.63404757,0.18024941,0.18570302
30d2da816f66152c4db4ff93,2021-09-18,womens_flyweight,Decision,0.5343219,0.21160729,0.25407082
ba70d4bc1610e50610bc85f7,2021-09-18,welterweight,KO/TKO,0.386313,0.30708486,0.30660212
ed602daa65f0872d1ddab046,2021-09-18,light_heavyweight,Decision,0.43533564,0.45437846,0.110285915
50f8733c5af2c8bf7833a467,2021-09-18,middleweight,KO/TKO,0.46188852,0.4116432,0.1264683
394cd08a2aa9c8a419957765,2021-09-18,light_heavyweight,Decision,0.5045214,0.39306676,0.10241176
193777961eacaedb105fe808,2021-09-18,bantamweight,Decision,0.4688095,0.26652622,0.2646643
7ab07f5868c762f3dce9e36f,2021-09-18,bantamweight,KO/TKO,0.61541224,0.20837909,0.17620865
b7148a827199c4372ea4612c,2021-09-18,womens_bantamweight,Decision,0.7278741,0.15295173,0.119174145
0317bdc7071d3d9f20a0a566,2021-09-18,lightweight,KO/TKO,0.4880033,0.277428,0.23456872
947733852564801c14c15132,2021-09-25,featherweight,Decision,0.5000892,0.38425082,0.115659945
fc453d53cd9cfa9ea2181094,2021-09-25,middleweight,Decision,0.3830319,0.3315263,0.2854418
767276cd65a7bda83101b29a,2021-09-25,heavyweight,Decision,0.37460664,0.5336108,0.09178253
47acb1d6dee5fe4612753acf,2021-09-25,lightweight,Decision,0.6298605,0.28276283,0.087376714
7018a5372c82c8016ce4c305,2021-09-25,womens_flyweight,KO/TKO,0.68097943,0.16156718,0.15745342
91bfc0bf09df44aba9658abd,2021-09-25,featherweight,Submission,0.49472606,0.31861022,0.18666369
37c022f2c4b458467443e0a5,2021-09-25,bantamweight,KO/TKO,0.6601578,0.23045747,0.109384745
b413ac8b94e17d9fb59f2a9f,2021-09-25,welterweight,KO/TKO,0.35300133,0.4733495,0.17364919
b36a08b76e552d0afc4cdbe4,2021-09-25,middleweight,KO/TKO,0.45215255,0.42017025,0.12767723
2d366fdf2a73af32527b7ab9,2021-09-25,womens_flyweight,Decision,0.6617877,0.18414836,0.15406393
efae3152488573da2f0e8669,2021-09-25,heavyweight,KO/TKO,0.31711346,0.5767491,0.10613745
474e7b7412f9128323a6ee3c,2021-09-25,lightweight,Submission,0.33436,0.41294655,0.2526934
4d3d35d9481430b2717e1dc0,2021-09-25,womens_flyweight,KO/TKO,0.5837441,0.30408284,0.11217301
d7ff13529f7a31aa3fd66322,2021-10-02,bantamweight,Submission,0.45798105,0.40369976,0.13831921
958aeebbb028943f8b474351,2021-10-02,welterweight,Decision,0.4231312,0.41110754,0.16576125
21dfa6f1ccdd361947c8ec5a,2021-10-02,lightweight,KO/TKO,0.46418005,0.3690492,0.16677073
6d3f40f6d4381ce272c0a74b,2021-10-02,womens_flyweight,KO/TKO,0.5265338,0.23036954,0.24309665
03178009a51da703270bd2b4,2021-10-02,womens_bantamweight,Decision,0.7040519,0.20939869,0.08654937
3537b39689d7dd5ae29a31d1,2021-10-02,lightweight,KO/TKO,0.46824268,0.3460894,0.18566796
dff65f3a6f0298afa7bce7fc,2021-10-02,bantamweight,KO/TKO,0.6086175,0.28583533,0.10554715
b9d93ed042c8eef56051609b,2021-10-02,lightweight,Decision,0.66403997,0.21584831,0.12011168
a2ed5d2192961f696e9f3cb5,2021-10-02,middleweight,Decision,0.48767585,0.2924506,0.21987359
a19ad67f1de8c89c051799ad,2021-10-02,womens_bantamweight,KO/TKO,0.6581588,0.1866362,0.15520501
49ec1b7d30d14df34cde2e67,2021-10-02,light_heavyweight,Decision,0.20200153,0.7081074,0.08989107
69e9597fb43638f8229546fb,2021-10-09,heavyweight,KO/TKO,0.42346296,0.35094613,0.22559093
a4f8f9cd16f04f65379846ce,2021-10-09,featherweight,Decision,0.46290547,0.22624783,0.31084672
679b8a681af1ea8df76c549c,2021-10-09,bantamweight,Decision,0.5808443,0.276341,0.14281473
b693cc8733bc9b6adc490155,2021-10-09,womens_strawweight,Submission,0.61217666,0.20540579,0.18241757
65eb8cbb47349f9a81d27e50,2021-10-09,womens_strawweight,Decision,0.50755966,0.29980123,0.19263908
968a08b5b350e76b63b11406,2021-10-09,welterweight,Decision,0.4667904,0.34967786,0.18353179
c66520110ef94f852e522af5,2021-10-09,womens_flyweight,Submission,0.5032345,0.19321534,0.30355015
2ab608b74126e2342d6abf67,2021-10-09,lightweight,KO/TKO,0.4691275,0.23162636,0.2992462
35e27d0eed9850d71eef2219,2021-10-09,flyweight,Decision,0.6207914,0.24811351,0.1310951
05f9214d72c1cef7711a3eb5,2021-10-16,heavyweight,Decision,0.50039035,0.41976583,0.07984384
223893d41e07dc5cba8acd64,2021-10-16,middleweight,KO/TKO,0.5319569,0.37505788,0.09298521
85743a2ebed3fb08b5acc751,2021-10-16,womens_featherweight,Decision,0.41219056,0.394725,0.1930845
851cc8213082f5aa4029b1d8,2021-10-16,bantamweight,KO/TKO,0.54916674,0.32288024,0.12795305
6c771843a2de0df6854e6234,2021-10-16,welterweight,Decision,0.60305893,0.27873483,0.11820621
7ec4f2ed29901e7f518e59da,2021-10-16,womens_strawweight,Submission,0.4998383,0.32113156,0.17903017
75e91a9b2071aabf06334e6f,2021-10-16,lightweight,KO/TKO,0.3796164,0.2834058,0.33697775
b9ec4594020a9368d81a8a47,2021-10-16,womens_flyweight,Decision,0.56613356,0.16858326,0.26528317
83b2a1dfe625eba45f9fe0b4,2021-10-16,womens_flyweight,Decision,0.5042231,0.27736905,0.21840784
7e2515dfbd9e621b0263a272,2021-10-16,featherweight,Submission,0.48580265,0.38083822,0.13335909
abe8cc47f03ac58b02b7c95f,2021-10-23,featherweight,Submission,0.6042269,0.2453694,0.15040374
34754acf1c6eb5adb027b3e4,2021-10-23,welterweight,Decision,0.54038125,0.3568237,0.10279503
2a878e40629fed0a310e0b0c,2021-10-23,middleweight,Decision,0.6143364,0.27151406,0.11414955
dd60dff39adefccc680c4313,2021-10-23,flyweight,KO/TKO,0.43804228,0.34717587,0.21478179
2fb719a1e5e0607e47554e4a,2021-10-23,womens_bantamweight,Decision,0.6815484,0.19083492,0.12761667
5d85a2f11fdb5bd41dff2dd3,2021-10-23,bantamweight,Decision,0.46053347,0.36593783,0.17352872
f60ed0d525f53da9f318bc43,2021-10-23,middleweight,KO/TKO,0.6103358,0.26104409,0.12862012
4f68242759113783714f4450,2021-10-23,lightweight,KO/TKO,0.48314205,0.3081906,0.20866735
c589ea31720af460013a699b,2021-10-23,womens_strawweight,Decision,0.6930332,0.1590389,0.1479279
a8902ba72d4e5d289caa1fbd,2021-10-23,lightweight,Decision,0.4922153,0.33123988,0.17654482
19b013dcff6f9c597376a765,2021-10-23,light_heavyweight,KO/TKO,0.46622297,0.4189941,0.11478294
41bdb938fef185e8ac424fb8,2021-10-23,light_heavyweight,Decision,0.40121666,0.47861928,0.120164074
181fe229210ebc0890d81133,2021-10-23,womens_strawweight,Decision,0.45612496,0.2825315,0.26134348
f8031426c728a047582f816b,2021-10-30,middleweight,Decision,0.36516944,0.37772822,0.2571023
b2390e3878dea3ac297006fd,2021-10-30,heavyweight,Decision,0.56627023,0.3670111,0.066718675
faf76162b47b80dad8f43727,2021-10-30,womens_strawweight,Decision,0.55707026,0.18543454,0.25749522
ea01307e17f5d9d2ae50e47a,2021-10-30,welterweight,Decision,0.42073983,0.39644358,0.18281667
ee313392ed6e4ab1c9ceea78,2021-10-30,middleweight,Submission,0.5049048,0.30207953,0.19301562
82a15dc2358e1868399b644b,2021-10-30,lightweight,Submission,0.5305883,0.29765007,0.17176162
e9bc05614cd6cd3f89fd76ea,2021-10-30,light_heavyweight,Submission,0.40902987,0.46003294,0.1309372
3a77a8f67a2ec16505bae0ef,2021-10-30,welterweight,Submission,0.34846357,0.4194577,0.23207876
dcdf4bf3562857781eb17181,2021-10-30,light_heavyweight,Decision,0.39578202,0.5126103,0.091607675
d9465c9e6c4e4f9160831db3,2021-10-30,featherweight,KO/TKO,0.50810885,0.3019852,0.18990591
bfa3ac1e602529401051e936,2021-10-30,bantamweight,Decision,0.46081853,0.41649315,0.122688316
243a6d2ea06e822417f703e4,2021-10-30,featherweight,Decision,0.55931747,0.28865343,0.1520291
5fc60133e539e2c0c7530ce7,2021-10-30,light_heavyweight,KO/TKO,0.40025896,0.5017564,0.09798457
71a1ce754a0d5c295b38d6ad,2021-10-30,flyweight,Decision,0.5480518,0.27013612,0.18181212
feba7692e9ec00fc3f868095,2021-11-06,lightweight,KO/TKO,0.62851244,0.28002912,0.09145846
920ccd9a5d510535cd3692d3,2021-11-06,middleweight,KO/TKO,0.46898872,0.38975173,0.1412596
10daa6ca09d264f8b7a2893a,2021-11-06,flyweight,Decision,0.3711634,0.4501225,0.1787141
e9b6f10c97adf96e4e554cc5,2021-11-06,light_heavyweight,Decision,0.4483701,0.4633582,0.08827167
0e30995a9aa64204088d1709,2021-11-06,middleweight,KO/TKO,0.4646866,0.3225586,0.21275485
25b357bcb1a6646fa18598ef,2021-11-06,bantamweight,KO/TKO,0.5177375,0.3143753,0.1678872
b0256b7f301cabc76e6204a7,2021-11-06,heavyweight,KO/TKO,0.33411,0.55536216,0.11052782
8480a1caaf0cfb57c9e5fdf8,2021-11-06,welterweight,KO/TKO,0.37376532,0.38071302,0.24552168
d88311609f9c79db410e7e7f,2021-11-06,lightweight,Decision,0.3260072,0.44035086,0.23364195
16299a61153a379aa621129d,2021-11-06,welterweight,Decision,0.5193068,0.39695588,0.083737366
bf1435ed5ca5a3918c669450,2021-11-06,featherweight,Decision,0.34818086,0.46992803,0.18189111
a93768c61a4ee022e03f794a,2021-11-06,middleweight,KO/TKO,0.44440192,0.3528417,0.20275633
81d3f9751c8bc9bd3e0662f1,2021-11-06,womens_strawweight,Decision,0.49099642,0.34384024,0.16516332
b0c67496eb05d9210c671511,2021-11-06,featherweight,Decision,0.5681532,0.3011535,0.13069327
949db9181591a44d3ae970eb,2021-11-13,heavyweight,KO/TKO,0.37570634,0.48988244,0.13441116
89ef0e35ce5ec74836288f7e,2021-11-13,womens_flyweight,Decision,0.49253345,0.17484689,0.3326197
c212308191927936a67ad305,2021-11-13,womens_flyweight,KO/TKO,0.7301773,0.13811284,0.13170984
8797bee1f200128ccd5ee671,2021-11-13,womens_featherweight,KO/TKO,0.7213332,0.16419627,0.11447055
2a193240a3ef708a55d33473,2021-11-13,light_heavyweight,KO/TKO,0.40782887,0.42972043,0.16245069
5bc0f36c0ff5a8dbb0b2fa0b,2021-11-13,lightweight,Submission,0.59291553,0.25567338,0.15141109
e2e00765ed6f4ef0e3cf26ea,2021-11-13,featherweight,Decision,0.50129735,0.3770505,0.12165215
4ff1b5494b02c884c647e48d,2021-11-13,welterweight,KO/TKO,0.44926265,0.4045534,0.14618397
422d4b195157b17048d3578c,2021-11-13,featherweight,KO/TKO,0.5426596,0.28217942,0.17516097
796ec7042f87631266057606,2021-11-13,bantamweight,KO/TKO,0.6018932,0.2774153,0.12069155
7200ae576f27dfe33d808be9,2021-11-13,lightweight,KO/TKO,0.525324,0.23074943,0.2439266
2b9f75df7adfc64073e39234,2021-11-20,flyweight,Decision,0.5362914,0.26930416,0.19440442
ea47fd95680fd40e63662844,2021-11-20,bantamweight,Decision,0.50753444,0.39223418,0.10023139
955de39b09cc63ac1016eb55,2021-11-20,womens_flyweight,Submission,0.71529937,0.17000136,0.11469928
c3392d5ce8b0f7cc39849ea5,2021-11-20,womens_bantamweight,Decision,0.60002536,0.25145623,0.14851843
886b35ce27e0dbfb4ffa65b1,2021-11-20,womens_strawweight,Decision,0.7241,0.14150064,0.13439935
02b2074a853937d576367380,2021-11-20,womens_strawweight,Decision,0.55773604,0.2519951,0.19026887
c8b8e8a3970f3b7e64b5d37a,2021-11-20,welterweight,Decision,0.6016566,0.25735745,0.14098592
e5d94690a4a67d6c1acbeec9,2021-11-20,featherweight,Decision,0.5496234,0.24300107,0.20737548
b456d5fbc84ec67adfb965e1,2021-11-20,lightweight,Decision,0.52759683,0.26093668,0.21146648
2fe0e26b551c93e2cdfc10ae,2021-11-20,bantamweight,Decision,0.61367136,0.21110393,0.17522474
3c53f6a604af1ebde04927af,2021-11-20,featherweight,Decision,0.6143714,0.22995427,0.15567434
226ce750c662215efe521657,2021-12-04,welterweight,Decision,0.42471504,0.31321374,0.2620712
f86d296f6d7d0c47ff000083,2021-12-04,light_heavyweight,Decision,0.3958803,0.4489777,0.15514201
2a0cb1a7ac7387052927df0a,2021-12-04,lightweight,KO/TKO,0.6420475,0.26150188,0.09645063
73875ab95fc90e65ed3daa4b,2021-12-04,middleweight,KO/TKO,0.35736796,0.4416355,0.2009966
7d6c4908269ce22c76a5bf6f,2021-12-04,welterweight,Decision,0.39916065,0.4095788,0.1912605
8ee79a7798d17ee7e0e747e8,2021-12-04,womens_strawweight,Decision,0.41151527,0.2917979,0.2966868
384b21ca73c1b32e325cb539,2021-12-04,lightweight,Submission,0.5379076,0.2705691,0.19152327
4307344dfcf8272d6832851b,2021-12-04,lightweight,Submission,0.6157686,0.2676406,0.11659078
dcf02508a91496610861f3cd,2021-12-04,light_heavyweight,KO/TKO,0.3013578,0.4790757,0.21956645
68951def6fd1fe3b617a2a78,2021-12-04,bantamweight,KO/TKO,0.5758927,0.24169175,0.18241562
e88409e5199e7f4ec93cd5c3,2021-12-04,middleweight,KO/TKO,0.4711149,0.34801483,0.18087028
51f23bd45fcb1ce3757cd2ac,2021-12-04,flyweight,KO/TKO,0.5792402,0.26793727,0.15282252
24bfa926f53e850e1895df92,2021-12-04,bantamweight,Decision,0.49242052,0.40043515,0.10714429
b24994b03c0c6d0628dcb5f9,2021-12-11,womens_bantamweight,Submission,0.4507421,0.38928488,0.15997297
977f1d7a994d29e9c5ddb2e8,2021-12-11,middleweight,Submission,0.4391979,0.3051028,0.25569928
3d1de970a2cf4b319b4c6692,2021-12-11,heavyweight,KO/TKO,0.3958119,0.49705562,0.10713245
f6cf5b0962a53fff711a1736,2021-12-11,lightweight,Submission,0.3308814,0.43446964,0.2346489
362ded9378ae33d6df9ab0db,2021-12-11,welterweight,Decision,0.5116303,0.40173858,0.086631164
659800e49c983b90b1532269,2021-12-11,womens_flyweight,Submission,0.4964174,0.25554216,0.2480404
5d9fa69369301a12d9df127f,2021-12-11,middleweight,KO/TKO,0.38148808,0.4895015,0.12901038
7f29861d529a3539870a709a,2021-12-11,featherweight,Decision,0.5937337,0.3171422,0.08912404
134497c23d1a4822c4629299,2021-12-11,flyweight,KO/TKO,0.6123675,0.30807438,0.07955817
71350b718af2d753556e708b,2021-12-11,womens_flyweight,Decision,0.7005334,0.1978975,0.101569094
a66c555eb560ade1333c57d1,2021-12-11,bantamweight,Decision,0.65551585,0.23422413,0.11026004
9f6cc54787f0d18509556ebb,2021-12-11,bantamweight,KO/TKO,0.4538155,0.3484497,0.19773477
f98dfffa944a6f9adc6c85de,2021-12-11,bantamweight,KO/TKO,0.5119506,0.34618258,0.14186682
7113c70ef552d4c9dbc57658,2021-12-11,featherweight,Decision,0.45137036,0.2717706,0.27685905
8e8924f709322a82ecacc60f,2021-12-18,womens_strawweight,Decision,0.5855058,0.27891067,0.13558356
82f44b2371ac1940213fab72,2021-12-18,featherweight,Decision,0.6020167,0.29933742,0.09864591
8ab8d29bee172464a056b759,2021-12-18,featherweight,KO/TKO,0.6031908,0.27247292,0.12433629
13aaf98af49e0e06517a3cdf,2021-12-18,heavyweight,KO/TKO,0.20287265,0.71664256,0.080484815
9012e4d57365a687d63decab,2021-12-18,lightweight,KO/TKO,0.4991326,0.33928505,0.16158238
57db8b42042306ccb55cc279,2021-12-18,heavyweight,KO/TKO,0.5590511,0.34259865,0.09835028
6a6de675461536fac3479406,2021-12-18,middleweight,Submission,0.47986135,0.29136243,0.22877616
ff80eefba644b7bddd785a3e,2021-12-18,lightweight,Submission,0.46697885,0.3056798,0.2273414
7d13cbda8ae96a92482d1526,2021-12-18,heavyweight,KO/TKO,0.27485228,0.629052,0.096095726
60f48f8ffdb45557c4561d0a,2021-12-18,bantamweight,KO/TKO,0.6368742,0.23991442,0.12321141
5dc086998ae75bc0d851ceda,2021-12-18,womens_featherweight,Submission,0.6861506,0.20423792,0.10961142
5577100fdcc775b07433f1b2,2021-12-18,womens_flyweight,KO/TKO,0.6695318,0.23184699,0.098621175
1df0129cb041d9c977faddd7,2021-12-18,welterweight,Decision,0.6252815,0.30915043,0.06556802
881ea0620bb309ae02591096,2022-01-15,featherweight,Decision,0.55375177,0.2836881,0.16256014
299816fff28d6ce721fabf71,2022-01-15,flyweight,Decision,0.47479346,0.25881764,0.2663889
caaf36c1c3755cb12f5893eb,2022-01-15,featherweight,Decision,0.60247076,0.2460196,0.1515096
889cc985afcb06e617eda61a,2022-01-15,featherweight,Decision,0.5101872,0.4071044,0.08270837
6390092375396a3f925baf1e,2022-01-15,welterweight,Decision,0.537856,0.26101014,0.20113394
ebaff87fa2549b3b83d61772,2022-01-15,lightweight,KO/TKO,0.5019758,0.3001511,0.19787313
8b9c5af00e072a39cb6e2a7a,2022-01-15,heavyweight,Submission,0.474517,0.44491947,0.08056355
f72950530e203bc6f352bf55,2022-01-15,middleweight,Decision,0.43469372,0.36975163,0.19555461
2d6c4dc57a1961ef40816f56,2022-01-15,womens_flyweight,Decision,0.7203353,0.16522497,0.1144397
c77316be700ef6effbca89df,2022-01-15,lightweight,Decision,0.65217173,0.21481736,0.13301088
8eea8daed7a521ab1426cfe0,2022-01-22,flyweight,Decision,0.38448992,0.4228015,0.19270864
cc260ab6f2dcacb734b6e2ea,2022-01-22,bantamweight,Submission,0.6439371,0.27539226,0.080670625
10040856fbf145522cf8cf94,2022-01-22,heavyweight,Decision,0.26082477,0.63358563,0.10558961
dddd15fae61d06522710056a,2022-01-22,welterweight,KO/TKO,0.34208995,0.3587409,0.29916912
08046d48d6a4eb8737a3b825,2022-01-22,womens_flyweight,Decision,0.5026836,0.18055484,0.31676155
8b50626d4d84c3aa45d15a54,2022-01-22,lightweight,KO/TKO,0.45702046,0.31231478,0.23066477
de14551f8d21580fa8596ef6,2022-01-22,welterweight,KO/TKO,0.41544,0.41975093,0.16480915
de8ba4acaa432c191891b7af,2022-01-22,welterweight,Decision,0.43789196,0.33796594,0.2241421
ec8bb730f1d208b6374ecd80,2022-01-22,bantamweight,Decision,0.4624162,0.3426523,0.19493148
fcbbd7bc5f35efaf8450ad3c,2022-01-22,womens_strawweight,Submission,0.59766656,0.22848497,0.17384844
98122fe1742fdd5100be2839,2022-01-22,bantamweight,Decision,0.436006,0.36780867,0.19618532
6ddb3676f4a7c26e86f9b228,2022-02-05,womens_bantamweight,Decision,0.6780289,0.19275391,0.12921722
0272a89c05fdfaa2990c60a4,2022-02-05,middleweight,KO/TKO,0.50867796,0.36502454,0.1262975
0e91e69c628ca4308127c75d,2022-02-05,featherweight,Decision,0.62891716,0.26095745,0.11012535
509c5eeb2b44572ce95c4735,2022-02-05,middleweight,Decision,0.5232705,0.36805758,0.108671986
62bd1e7c1b554cf0ae6a45ec,2022-02-05,light_heavyweight,KO/TKO,0.352784,0.35281348,0.2944025
8bcc740a724dc791e5db5130,2022-02-05,welterweight,KO/TKO,0.4274016,0.35786492,0.21473351
1c899e0a6dcb00a341edeaea,2022-02-05,featherweight,Decision,0.5929631,0.25891632,0.14812058
90b3e133f1e2802dc88d0786,2022-02-05,flyweight,KO/TKO,0.47961318,0.30130768,0.21907914
10e50c9169649dc909f1e474,2022-02-05,bantamweight,Submission,0.50556076,0.38834736,0.106091864
1d5256e991b31002be9b6431,2022-02-05,middleweight,Decision,0.56662184,0.3147485,0.11862968
6b2eb716c19a21cbe060c8e0,2022-02-05,light_heavyweight,Submission,0.33215597,0.4910651,0.17677888
d139ab9b5859db7ac6fac52c,2022-02-05,welterweight,KO/TKO,0.3344153,0.3802153,0.2853694
16e2466bf12ade10d76a1eda,2022-02-05,middleweight,Decision,0.35543543,0.3241301,0.3204345
78785ae4443a05ddc0bb103f,2022-02-12,middleweight,Decision,0.33228338,0.32120377,0.3465128
90d1c538c65bf733ee1afd05,2022-02-12,lightweight,Submission,0.49779084,0.32638365,0.17582554
2715ae1c5ecb134385026391,2022-02-12,heavyweight,Decision,0.4211876,0.48374024,0.09507213
ebf653201e47f988f8939597,2022-02-12,light_heavyweight,Decision,0.29051036,0.51223934,0.19725029
1a6b5820ddd6159cefd853a9,2022-02-12,heavyweight,KO/TKO,0.33630863,0.5669631,0.09672833
84e02aa57d1cc6af09fd93aa,2022-02-12,bantamweight,Submission,0.6543387,0.25900355,0.086657755
f6bbc41b4218274211e225dd,2022-02-12,middleweight,Decision,0.5132591,0.4244799,0.062261004
7d1b32a9d4d917e6275675bf,2022-02-12,middleweight,KO/TKO,0.48332372,0.38792762,0.12874871
b43ee87245d800862af774b9,2022-02-12,welterweight,Submission,0.33363295,0.4575636,0.20880343
d69376c1ea693c430e1f0818,2022-02-12,lightweight,Decision,0.6145561,0.30293277,0.08251115
1f61d0ee3ab6febfeb923aaf,2022-02-12,bantamweight,Submission,0.5641648,0.318591,0.11724416
6cd1aef6194b33b28b3f5cc2,2022-02-12,bantamweight,Decision,0.57404083,0.2820838,0.14387535
f332f3a05dc03a803776a9b5,2022-02-12,womens_flyweight,Decision,0.5574792,0.25924143,0.1832794
9b4c38da301541ccd18bf9f9,2022-02-12,heavyweight,Decision,0.45342326,0.46552056,0.081056155
e037496750d4a80f908de5f4,2022-02-19,bantamweight,KO/TKO,0.4105797,0.40741947,0.18200086
05f71a10c41ce6a5c3587bc5,2022-02-19,featherweight,KO/TKO,0.41694674,0.30313936,0.27991393
62712c070cfa71b63ee554b0,2022-02-19,womens_strawweight,Decision,0.6268541,0.23705386,0.13609202
83eb5904775e936959d6d016,2022-02-19,featherweight,KO/TKO,0.5754051,0.2715059,0.15308894
e3a18f940a8ab9d972aa4639,2022-02-19,womens_bantamweight,Submission,0.6808555,0.22158663,0.09755784
541220a08c84c482c971b01b,2022-02-19,lightweight,KO/TKO,0.43332407,0.28686684,0.27980915
ba606d161dd1c5f504f8c984,2022-02-19,middleweight,Decision,0.37031832,0.52211046,0.10757119
0f1eb9c25283cba2a7cd007d,2022-02-19,light_heavyweight,KO/TKO,0.2297136,0.67334616,0.09694021
774771f5b5f0f8d5af90fd20,2022-02-19,featherweight,Decision,0.42384568,0.2596994,0.3164549
7085b77b6e0023c3296b8cf6,2022-02-19,catch_weight,Submission,0.6312803,0.25367305,0.11504664
8c1cb182501b4ff4c557a4f7,2022-02-19,bantamweight,Decision,0.46415415,0.39228612,0.14355968
e0eeff5374ca589d7b5f7626,2022-02-19,heavyweight,Decision,0.38180348,0.49784946,0.12034705
0bf431efc2c9170850a83b3f,2022-02-26,featherweight,Decision,0.6200121,0.2915371,0.08845082
338700b1b79beb6242e882f3,2022-02-26,lightweight,KO/TKO,0.49448678,0.29156145,0.21395175
21ab4fa36f44cfe6814659de,2022-02-26,middleweight,Decision,0.4570139,0.38140854,0.1615776
e9955a213c246dc76802a534,2022-02-26,catch_weight,KO/TKO,0.5096998,0.3168901,0.17341006
755b2c5ef7b44148e45d06f8,2022-02-26,womens_flyweight,Decision,0.64645666,0.26282856,0.09071478
c9e3bc4ea58df6235765f2e0,2022-02-26,womens_featherweight,Decision,0.4138756,0.40897304,0.17715135
8c15089f0431ebf57fba0b25,2022-02-26,middleweight,Submission,0.45257035,0.28898,0.2584496
7b8dd4825672e5c71feb365f,2022-02-26,welterweight,Submission,0.5344012,0.25369695,0.21190186
115cd12c43c7ca9a98a34354,2022-02-26,lightweight,Submission,0.55830634,0.3315312,0.11016246
ad3d758504e40f089358d0cc,2022-02-26,lightweight,Submission,0.49104598,0.3219757,0.1869783
09803872173680a4e5a486f2,2022-02-26,flyweight,Decision,0.37889403,0.31956905,0.3015369
8cab78badf4b3f9f94431dcb,2022-03-05,featherweight,Submission,0.47201568,0.23991196,0.28807235
eb2dea2335dc1879ca29907d,2022-03-05,welterweight,Decision,0.50687295,0.39635664,0.09677041
59e88ba1af2fe8e1830220bd,2022-03-05,lightweight,Decision,0.43798932,0.40402046,0.15799019
c66c7054afb057dd78aa0f05,2022-03-05,light_heavyweight,Decision,0.34189454,0.56519634,0.092909165
76eb17111d5981c71736b835,2022-03-05,featherweight,Decision,0.5436694,0.27814725,0.17818332
054327f45b8b36f1c6c59bd8,2022-03-05,lightweight,KO/TKO,0.41078824,0.3374865,0.2517253
fe7ff91782693e8c97668462,2022-03-05,welterweight,KO/TKO,0.55207735,0.30420247,0.14372021
191f8590132dd622386f8dcb,2022-03-05,womens_strawweight,Decision,0.7307133,0.1894835,0.07980317
62773007de975caae0e7403f,2022-03-05,womens_flyweight,Submission,0.52699155,0.1936243,0.2793842
ef873da872c2b8ddc6d7f482,2022-03-05,light_heavyweight,Decision,0.419557,0.47780085,0.102642134
0e0ef94c36f8e8a6f0d81303,2022-03-05,catch_weight,Decision,0.5673635,0.2821694,0.15046714
8b16bf8119b7a1889e14425c,2022-03-05,heavyweight,KO/TKO,0.4039984,0.478997,0.117004625
8453f158995aa5825267e0fe,2022-03-05,flyweight,Decision,0.6743892,0.1908152,0.13479559
4274a5bfdeeb6b92088e770d,2022-03-12,middleweight,Decision,0.38814747,0.48142746,0.13042499
a62677dbc6c31338dbfa9ffe,2022-03-12,middleweight,Submission,0.53424627,0.29850253,0.1672512
53cf6639d25754d424f290c6,2022-03-12,featherweight,Submission,0.57972527,0.21707726,0.20319754
223c6e3695dc91fe55816b32,2022-03-12,lightweight,KO/TKO,0.3401006,0.35975775,0.30014166
6ec545d9b947c7840a6a9e2b,2022-03-12,womens_flyweight,Decision,0.645451,0.15651117,0.19803782
b80204d233e23b377832e77e,2022-03-12,light_heavyweight,KO/TKO,0.37207848,0.47292763,0.15499385
8f6f6a38f9345a057af6dcdd,2022-03-12,bantamweight,KO/TKO,0.63513756,0.2632302,0.10163223
4996c44f91f2861f4fab29a5,2022-03-12,bantamweight,KO/TKO,0.47691113,0.3846414,0.13844751
15a96087e7d45aef123c2813,2022-03-12,welterweight,Decision,0.32574487,0.53444856,0.1398066
d51c5ce12e0b4950d5498e4f,2022-03-12,womens_flyweight,Submission,0.7054914,0.18965897,0.10484957
2eb0a77e45cae384dd8ee69a,2022-03-12,featherweight,Decision,0.6023215,0.27526397,0.12241452
ff820a222c111a32a86bd816,2022-03-12,light_heavyweight,KO/TKO,0.47447598,0.37713924,0.14838485
d4e5897b395921bd30941f44,2022-03-12,light_heavyweight,Decision,0.28070962,0.6337588,0.08553164
c362815404c96b0fa3c1d79c,2022-03-12,bantamweight,Decision,0.4045301,0.3823776,0.21309225
ddb23a0f0b02cab6843a40b2,2022-03-19,heavyweight,Submission,0.30548432,0.5427235,0.1517922
fed3a50fd626de20bc9ddd39,2022-03-19,featherweight,KO/TKO,0.6141822,0.28834224,0.097475626
0edcadeec8b119ec0a8e22e5,2022-03-19,womens_strawweight,Decision,0.6099073,0.21202421,0.17806849
90db3390059fe0b1ae095e2d,2022-03-19,welterweight,Decision,0.43114686,0.3808092,0.18804394
18453b23edda3fa1d9952968,2022-03-19,bantamweight,Decision,0.62259597,0.23326628,0.14413781
9ae7ce42c6960b736e0efa95,2022-03-19,lightweight,KO/TKO,0.3828861,0.37551174,0.24160217
606a3226edc45b339470c15a,2022-03-19,featherweight,Submission,0.58260435,0.23360117,0.18379447
8438c52b0f5b6abb1524eb73,2022-03-19,womens_flyweight,KO/TKO,0.6712823,0.18439141,0.14432631
e44f8d6c21499f7ee69f7413,2022-03-19,flyweight,Submission,0.48034975,0.33535764,0.18429266
b0c27e0a67c2921f706c7982,2022-03-19,light_heavyweight,Submission,0.27073577,0.46571797,0.26354623
50519ade549a1f6ba3ecdb0f,2022-03-19,lightweight,Submission,0.47160473,0.38252217,0.1458731
1855e62e711e7cb90db8c57f,2022-03-19,heavyweight,KO/TKO,0.32055497,0.5872956,0.09214949
d1bfaf3217d92836ca7666c4,2022-03-26,middleweight,Submission,0.34208995,0.3587409,0.29916912
ef9aa738f67fd68f2ca5af2f,2022-03-26,flyweight,Decision,0.6610099,0.260799,0.0781911
301dfd58acfdd68cb9065d69,2022-03-26,bantamweight,KO/TKO,0.4699195,0.4268386,0.10324196
351b3e350230c6b88f88f552,2022-03-26,heavyweight,KO/TKO,0.2813383,0.6278139,0.0908478
7d5f589e73ee039bd2697e09,2022-03-26,womens_flyweight,Decision,0.69297373,0.22970836,0.0773179
2d86be1fe2a9c74ea1d1a00e,2022-03-26,womens_flyweight,Submission,0.7116676,0.18456134,0.1037711
2569c71203392ff1e1f14af3,2022-03-26,featherweight,Decision,0.6060419,0.2584313,0.13552679
41c6e7756509299ae12c897f,2022-03-26,lightweight,Decision,0.47200942,0.3908967,0.13709386
2d2fb7e95f4e7d64dacc585f,2022-03-26,flyweight,Decision,0.61945,0.25415245,0.12639758
87d4157a7c6058179c54bd39,2022-03-26,welterweight,Decision,0.41628504,0.4141934,0.16952163
e9351c7db8c8562852add0bf,2022-03-26,welterweight,Decision,0.5983453,0.30380312,0.09785158
7af5d59b89e6c62ef7902cfe,2022-03-26,womens_bantamweight,Decision,0.60382766,0.23526943,0.16090292
6a456265c9a0a54a45727866,2022-04-09,heavyweight,Submission,0.3295362,0.45912924,0.21133459
9b4d0aeae28ca6a7651e18c3,2022-04-09,featherweight,KO/TKO,0.52768594,0.3592056,0.11310843
d59489d2219b8acf65c14d10,2022-04-09,bantamweight,Decision,0.52423215,0.3433521,0.13241574
dcc78c9b5027cc486808530b,2022-04-09,middleweight,Decision,0.34153527,0.32033968,0.33812505
10a507567f7c574bab053aba,2022-04-09,womens_bantamweight,Decision,0.6105364,0.23755492,0.1519087
54dbd0ff791fe50de3635eda,2022-04-09,welterweight,Decision,0.36268184,0.40806225,0.22925593
8d6783bbc0f9d2bd2d4c0534,2022-04-09,welterweight,Decision,0.4382151,0.41487297,0.14691192
e4d38da609f2296f44f8e0f3,2022-04-09,bantamweight,Decision,0.51450205,0.30736914,0.17812882
395fac7e1cb89c9f48542548,2022-04-09,womens_strawweight,Decision,0.6590917,0.16981415,0.1710941
c717778925b8d05d09226a63,2022-04-09,welterweight,KO/TKO,0.37058458,0.32641304,0.30300242
c8c932d20a23d93083cd5153,2022-04-09,womens_strawweight,Decision,0.53874207,0.18568806,0.27556986
5210e8a6bd51cdb8a3be4742,2022-04-09,lightweight,Decision,0.6899774,0.22612004,0.083902515
ab6c1f1d7010971c355e465c,2022-04-16,bantamweight,KO/TKO,0.64409626,0.23384872,0.122054994
4e19d3624ce2f192fda3e87e,2022-04-16,middleweight,Decision,0.34208995,0.3587409,0.29916912
63a7508bcd39ffb177568395,2022-04-16,heavyweight,Decision,0.2626691,0.5918897,0.14544126
a3b791cf3770be81a7311fc4,2022-04-16,heavyweight,KO/TKO,0.539835,0.37508598,0.08507906
433dbc801627a6d385c7ad09,2022-04-16,lightweight,KO/TKO,0.6360843,0.24248835,0.12142733
f700791a20e6fde6268982b3,2022-04-16,womens_strawweight,Decision,0.6816116,0.20225286,0.116135545
163a51708b615100cf2aba52,2022-04-16,lightweight,Decision,0.35733896,0.30508223,0.33757877
a2e535212cb0109c16e03dcd,2022-04-16,womens_bantamweight,Decision,0.6514004,0.22724818,0.121351436
069de3205d6c699d7be551aa,2022-04-16,womens_bantamweight,Decision,0.5670302,0.19660895,0.23636085
9c7629f898574d7d259de1e2,2022-04-16,welterweight,KO/TKO,0.48590446,0.33895242,0.17514317
48857655a69cc90c77030d9a,2022-04-16,welterweight,Decision,0.44289765,0.38518173,0.17192063
e9eef12674e72868f84a57a0,2022-04-16,featherweight,Decision,0.3793505,0.2828231,0.33782643
a2af6edea9fea96f3d6b4f3f,2022-04-16,lightweight,Submission,0.63176066,0.24943084,0.1188085
de09e08f6c57358e9c22f9b4,2022-04-16,welterweight,Decision,0.49587187,0.38252446,0.12160367
48e6102e4d53ecae10721bf6,2022-04-23,womens_strawweight,Submission,0.436785,0.43845245,0.124762535
9b932197b1fb2a26a1208177,2022-04-23,bantamweight,KO/TKO,0.5292796,0.31362495,0.15709545
06669d51b0a57a8f66b216d9,2022-04-23,lightweight,Submission,0.532797,0.28222257,0.18498042
c85d55bcecdce0caae48f32d,2022-04-23,welterweight,KO/TKO,0.59732133,0.31780282,0.08487587
877e43ee92b6e92fe379f031,2022-04-23,catch_weight,Submission,0.36882043,0.50701535,0.12416423
4d8474d6d776dc1f62fe315b,2022-04-23,featherweight,Submission,0.6143105,0.2872976,0.098391905
711d9ff3483b66cb33e6fb1a,2022-04-23,light_heavyweight,Decision,0.34028676,0.5762001,0.08351307
2b3e69ba4ea58a394404b393,2022-04-23,womens_flyweight,Decision,0.5137737,0.23074922,0.2554771
c89f90b1b4c3c2b9606febb2,2022-04-23,welterweight,Decision,0.36287817,0.48433596,0.15278588
213b698eaacabc90d39c3618,2022-04-23,light_heavyweight,KO/TKO,0.26513636,0.5490596,0.18580396
2dbdb35090901cb11cdd7d38,2022-04-30,heavyweight,Submission,0.35020673,0.46326324,0.18653
aed8ef16b30b6d218c63f47c,2022-04-30,featherweight,KO/TKO,0.6354798,0.2615436,0.10297663
fcc9d5a0cfe4deba917371fb,2022-04-30,heavyweight,Decision,0.42330393,0.47696155,0.099734515
9ec02b95cb264245c08bd1c3,2022-04-30,flyweight,Submission,0.5340738,0.285534,0.18039219
566ee83c01c427d616e79cb3,2022-04-30,featherweight,Decision,0.6408348,0.22232802,0.13683717
312ba0118051211ffa424bb3,2022-04-30,welterweight,KO/TKO,0.50303864,0.3317163,0.16524504
bd90e67407043275cc350cb5,2022-04-30,womens_flyweight,KO/TKO,0.533506,0.23599204,0.23050193
9932564c59fd0493d46f20f7,2022-04-30,lightweight,Submission,0.61152214,0.2346219,0.153856
ccbcefc2a02e49bf307142df,2022-04-30,middleweight,Decision,0.46253884,0.29524162,0.2422196
59e0827ca63295b63cd6a91a,2022-04-30,lightweight,Decision,0.5533708,0.29498017,0.15164906
4e359c108544d2c8759d97d6,2022-04-30,bantamweight,Decision,0.45693174,0.39476818,0.14830004
e83c43a20c4efdef6b675240,2022-05-07,welterweight,KO/TKO,0.353622,0.47176158,0.17461646
c3f4eb06b7985fd64caa1c2a,2022-05-07,womens_strawweight,Decision,0.6425442,0.18287832,0.17457747
27a25d6c4438938f3521b32a,2022-05-07,heavyweight,Decision,0.5483313,0.32893884,0.122729845
f9ad67246c83a9f959594eb4,2022-05-07,flyweight,Submission,0.48471177,0.26661158,0.24867667
68ecc0f643b3d96f33c5ea9d,2022-05-07,lightweight,Submission,0.297693,0.46380365,0.23850337
54d66068ae43906aa7a9cf26,2022-05-07,welterweight,Decision,0.46481174,0.39619768,0.13899054
a295f10a5980bdb7db934877,2022-05-07,bantamweight,Decision,0.39389393,0.3619391,0.24416696
57499631d3bdce3f6fc81243,2022-05-07,flyweight,Decision,0.4832516,0.31987184,0.19687654
65626c902a390cc627f7be7e,2022-05-07,womens_featherweight,Decision,0.7004278,0.20052886,0.09904338
d31f108ad033cadad0d1f468,2022-05-07,light_heavyweight,Decision,0.36988607,0.50029254,0.12982139
cdb998abfa18ccf9f27af3b6,2022-05-07,lightweight,KO/TKO,0.46265444,0.3594743,0.17787124
709d13b3d0f6930bb797146f,2022-05-07,welterweight,Decision,0.46588326,0.37647972,0.15763709
e513925b16ccc7cf2bc93298,2022-05-07,womens_strawweight,Decision,0.5888699,0.2620294,0.14910065
cc6e0ffb423d24fff180d8c1,2022-05-07,womens_flyweight,Decision,0.6500279,0.254381,0.09559111
e80cfbe7751b8e42d0e37d81,2022-05-14,bantamweight,KO/TKO,0.47241426,0.32561377,0.20197198
d21ed7987834436d79762e16,2022-05-14,lightweight,KO/TKO,0.45523238,0.4204969,0.124270745
4987dc6f22514fa13327d770,2022-05-14,flyweight,Decision,0.37492537,0.27541184,0.34966278
ec3db7fb69fd747f19d2772f,2022-05-14,light_heavyweight,KO/TKO,0.44129232,0.47284883,0.08585889
3a7bcb7089d6096f13b7cd48,2022-05-14,womens_flyweight,Decision,0.6965936,0.16676152,0.1366449
cb4c231ddb365e4a24ca3af4,2022-05-14,lightweight,KO/TKO,0.622044,0.29130775,0.08664818
95e847d3cc4c6bcbd6043bc2,2022-05-14,middleweight,Submission,0.52069736,0.24050544,0.23879719
db6d572d7fc3c8ad496fe6e9,2022-05-14,light_heavyweight,Submission,0.36027297,0.48150298,0.15822406
d0dd5444e56544c7c7529281,2022-05-14,flyweight,Decision,0.41851753,0.28725362,0.2942289
6b6cce875a6e865322f23a66,2022-05-14,womens_strawweight,Decision,0.6486187,0.21907273,0.13230859
da1f5ebe1db19397cf95fdcf,2022-05-14,womens_flyweight,Decision,0.70995325,0.19104546,0.09900131
a909d174db8b4390ae3774cf,2022-05-21,featherweight,KO/TKO,0.56253725,0.21347791,0.22398482
9101fa72d85c818841ee1d9b,2022-05-21,middleweight,KO/TKO,0.304365,0.5011544,0.19448058
b2a463b8b2afe1453190b2a1,2022-05-21,womens_strawweight,KO/TKO,0.70579535,0.18976314,0.10444148
383bc526c4fd50b1ff054c67,2022-05-21,middleweight,Decision,0.61286086,0.2785431,0.10859605
45ca004338ad389c7e7dfbd2,2022-05-21,womens_bantamweight,Decision,0.5910741,0.28701794,0.12190788
3f379cb193e0300c1aa1f821,2022-05-21,heavyweight,Submission,0.44609806,0.41131815,0.14258379
2613b85681482b84539b6f00,2022-05-21,bantamweight,Decision,0.611742,0.3007172,0.08754079
765486e120840e8df1d10183,2022-05-21,middleweight,Submission,0.5515199,0.2875883,0.16089183
40240f9f36602a2870ec2baa,2022-05-21,lightweight,KO/TKO,0.51062316,0.37096995,0.118406855
da790c4bab3aeacba933229a,2022-05-21,womens_strawweight,Decision,0.5247182,0.18432179,0.29095998
e2c480e4c1e2f0c1546d5d77,2022-05-21,welterweight,Decision,0.55824375,0.34748194,0.09427432
d22c42254e29e2ec340e1418,2022-06-04,heavyweight,KO/TKO,0.38723516,0.5485489,0.06421598
7d2d589ab3a24ccbec850331,2022-06-04,light_heavyweight,KO/TKO,0.31909025,0.5309001,0.15000966
b5fef85ad8722e2c173f1f31,2022-06-04,featherweight,Decision,0.38709837,0.26489997,0.34800166
f9fbead95e311fc0ea7c84ee,2022-06-04,featherweight,Decision,0.65902686,0.243439,0.09753417
23a75d6e26246f3fadb396da,2022-06-04,womens_flyweight,Submission,0.6719692,0.19008057,0.13795021
65042c1a280902886dc6dd26,2022-06-04,womens_strawweight,Submission,0.6993783,0.17681883,0.123802796
c65a22b110cef6fbb2125d34,2022-06-04,flyweight,Decision,0.4805445,0.34336138,0.17609413
8ce12f6034150468696c1404,2022-06-04,lightweight,Decision,0.6443889,0.19592229,0.15968879
5445242c5438b4603f99e089,2022-06-04,bantamweight,KO/TKO,0.57647747,0.20347553,0.22004703
d14d68587e692687da0d3f24,2022-06-04,womens_flyweight,Submission,0.5546699,0.25955108,0.18577898
e663e56b52a832ad0691ca69,2022-06-04,featherweight,KO/TKO,0.491181,0.3030202,0.2057988
48c473af66656aa65786f4e1,2022-06-04,lightweight,Submission,0.58738226,0.2636786,0.14893912
1879d9ea46bd3c6332543b68,2022-06-04,flyweight,KO/TKO,0.5128026,0.3472584,0.13993904
b2038bb6ca99f8b0ed7255c7,2022-06-04,welterweight,Decision,0.4677284,0.3962065,0.13606508
e49e62b538c8335689613162,2022-06-11,welterweight,KO/TKO,0.45861486,0.36273924,0.17864592
065e1f6ee6a773ecb89f7d12,2022-06-11,middleweight,Decision,0.51607716,0.2573177,0.22660515
fb821412f370884401d35139,2022-06-11,light_heavyweight,Submission,0.20447029,0.6545071,0.14102262
1e545d34ef5e99a2aabb7d44,2022-06-11,welterweight,KO/TKO,0.45319173,0.37672848,0.17007978
1991007feecb43a26b0eb7c6,2022-06-11,bantamweight,Decision,0.46284246,0.3446893,0.19246823
4bdcffba7b815f20f7f0c0cf,2022-06-11,womens_strawweight,KO/TKO,0.376516,0.28593513,0.33754888
e257df6df9aae0de1ae83c76,2022-06-11,lightweight,KO/TKO,0.38479462,0.3030018,0.31220365
acf90527fde3048d8876a70a,2022-06-11,womens_featherweight,Decision,0.70637167,0.19026482,0.10336352
940b51f448bcff3babf27a3c,2022-06-11,featherweight,Decision,0.6205768,0.25700668,0.12241653
bd4b807ebad4ce66420cb1f8,2022-06-11,womens_flyweight,Decision,0.5166147,0.33964923,0.14373606
d41039f9c98e4cd3418f2f02,2022-06-11,womens_strawweight,KO/TKO,0.722881,0.18682534,0.09029358
69d6707f40dbdd247de83d25,2022-06-18,bantamweight,KO/TKO,0.51305187,0.36890405,0.1180441
b2afb64bd777a942b65dbb5a,2022-06-18,featherweight,Decision,0.51839787,0.40394327,0.077658854
bc67a856832a4900d2384ba4,2022-06-18,welterweight,KO/TKO,0.40506846,0.3441471,0.25078443
4a4060d03f813216114e4968,2022-06-18,lightweight,Decision,0.65196604,0.25710583,0.090928145
2280acaef1bd4f8d94bf22f2,2022-06-18,bantamweight,KO/TKO,0.64847404,0.2787464,0.07277958
ef1c81da42f18212117eb7db,2022-06-18,womens_flyweight,Decision,0.58155364,0.19608016,0.22236614
b8b37ab0d685d69a80b80bfb,2022-06-18,middleweight,KO/TKO,0.5159124,0.3379283,0.14615926
c8bce7a0cd5b64400d6ce30d,2022-06-18,middleweight,KO/TKO,0.5583708,0.24234553,0.19928366
34eacc018777cf756f0a9bc0,2022-06-18,womens_strawweight,Decision,0.71759206,0.18412653,0.09828143
61b4b53d06936ba0aa98113d,2022-06-18,middleweight,KO/TKO,0.6349243,0.26578176,0.09929394
2cfd9a8c1b61856144ef594b,2022-06-18,featherweight,KO/TKO,0.59620357,0.2805154,0.123281
5bdb3da39bb6e719e9fc0618,2022-06-18,middleweight,KO/TKO,0.5747144,0.25470692,0.17057858
68df60a85737373fc82b19b1,2022-06-18,welterweight,Submission,0.5588549,0.33575624,0.10538888
2fbfe695974365c0c5f85fc8,2022-06-25,lightweight,Decision,0.47287348,0.3530863,0.17404026
6458152c222f4906571bcde7,2022-06-25,bantamweight,Submission,0.5036181,0.3430018,0.15338008
2ecd2eed9d2962188ecb5689,2022-06-25,light_heavyweight,KO/TKO,0.53087103,0.37361792,0.09551106
818221d71c181b39140c5074,2022-06-25,middleweight,Decision,0.38595253,0.41248047,0.201567
35e5e8e703d00edf360a6043,2022-06-25,heavyweight,KO/TKO,0.54616755,0.36363497,0.09019748
dbd552c2d7e341649622ee23,2022-06-25,flyweight,KO/TKO,0.452506,0.29072696,0.25676703
d3ae12666b9f9a68eead2751,2022-06-25,bantamweight,Decision,0.46869174,0.23207705,0.29923123
e4ea35454ee62c778fa3f4a6,2022-06-25,welterweight,Submission,0.41576588,0.37999454,0.20423955
b21c9e5ff089ca9195054ac3,2022-06-25,bantamweight,Decision,0.56824297,0.31028825,0.121468805
76e3a22b48d90e22583c5147,2022-06-25,featherweight,Decision,0.5672601,0.25204113,0.1806988
48b66f6c4e067ab131987c86,2022-06-25,lightweight,Submission,0.60574955,0.21509483,0.17915563
a59780a9c44b0f7455be33f1,2022-06-25,womens_strawweight,Decision,0.64043903,0.16982257,0.18973841
e02eea16ac82e778f7daf1f7,2022-07-02,featherweight,Decision,0.5624992,0.35045174,0.087049074
876921be33b920ac9567b725,2022-07-02,lightweight,Submission,0.45948595,0.32819608,0.21231796
e81f8dc803fd77311da05e80,2022-07-02,middleweight,Decision,0.48516658,0.4147447,0.10008872
859d13910d61abd539cc945f,2022-07-02,welterweight,Decision,0.5537606,0.34111044,0.10512897
e6c3e6276839dd5d64a789b2,2022-07-02,middleweight,Decision,0.5078033,0.41733086,0.07486582
a2e9ef0e8cb15790f8ced352,2022-07-02,womens_flyweight,Decision,0.6136121,0.25346342,0.13292442
eea7d1b3716582025dfbfca3,2022-07-02,womens_bantamweight,Submission,0.6867776,0.18290903,0.13031335
2a9cc81d46ea65120d7fbe99,2022-07-02,welterweight,Submission,0.4239123,0.396977,0.17911069
ba6dd14c8af9df3ea8f92512,2022-07-02,welterweight,KO/TKO,0.5386231,0.36870784,0.092669055
5833acc9c3ac9e365c6c0b7c,2022-07-02,middleweight,KO/TKO,0.5918695,0.33514506,0.07298549
177235a3e775a6743d6600e5,2022-07-02,middleweight,Decision,0.3814458,0.36785436,0.25069982
f2fd98701b89701fae9088a5,2022-07-09,bantamweight,Decision,0.63124436,0.28281298,0.08594264
803fc1e81cfdec6e7a503544,2022-07-09,womens_flyweight,Decision,0.67953914,0.1926497,0.12781116
8990215859428aaac941741d,2022-07-09,middleweight,Decision,0.5655158,0.28600448,0.1484797
833c99cb97e71c4d5ca53fcb,2022-07-09,middleweight,KO/TKO,0.5700677,0.22148679,0.20844553
894eb20cea5348518aad7e6a,2022-07-09,featherweight,Submission,0.36391795,0.47177216,0.16430987
ec47ffa3f0a194c15729e14e,2022-07-09,bantamweight,Decision,0.4861568,0.39757964,0.11626362
eb92cb37c14b9a12e2392824,2022-07-09,heavyweight,KO/TKO,0.42654535,0.48030713,0.09314755
ed326894c1c1b1d3adbf1cba,2022-07-09,light_heavyweight,KO/TKO,0.403483,0.42270306,0.17381391
3762c8ce8cd05373829c8371,2022-07-09,lightweight,Decision,0.49775916,0.3899912,0.11224957
85e2d3f91c45cbb0e0bc1cb6,2022-07-09,lightweight,KO/TKO,0.49044594,0.39948446,0.11006955
fb7e9ab6b45aeb9bdb8436ab,2022-07-09,bantamweight,Decision,0.5664667,0.22447306,0.20906024
b203dec5ae3023e120de922f,2022-07-16,featherweight,KO/TKO,0.44711432,0.2922457,0.26063997
a32125452f6904259fbc72b2,2022-07-16,featherweight,KO/TKO,0.50177115,0.36625063,0.13197818
8fe207b501c2aa7554270832,2022-07-16,light_heavyweight,KO/TKO,0.4189136,0.45204026,0.1290461
a9c93145b251be4e9d7e6dcb,2022-07-16,middleweight,Decision,0.5708173,0.31724402,0.111938685
12d4dffc5e8bc17202be2632,2022-07-16,womens_strawweight,Decision,0.60028464,0.20892572,0.19078964
fb462f5b2e9f652779cdfb66,2022-07-16,womens_flyweight,Decision,0.6684836,0.2039328,0.12758361
c637b6f0f5a09bb8e1a74e50,2022-07-16,welterweight,KO/TKO,0.49829334,0.41618988,0.08551678
17ea09382d449f8306c19c3b,2022-07-16,flyweight,Submission,0.52637047,0.29122487,0.18240465
fd355002a0fa2e74e3536f46,2022-07-16,womens_strawweight,Submission,0.64082056,0.23310396,0.12607552
ccfedebf868f0b8dc734bfd2,2022-07-16,middleweight,KO/TKO,0.4725478,0.40870205,0.11875021
aec85754ffdd895e4321b6fb,2022-07-16,bantamweight,Submission,0.66343254,0.21224515,0.12432235
ad625eebc9ae756d4e5ce12a,2022-07-16,featherweight,Decision,0.61613816,0.30312464,0.080737196
f0728df1781fd229cb014c50,2022-07-23,welterweight,Decision,0.5982419,0.23378502,0.16797309
fc3a021d4027a74cd0e85243,2022-07-23,heavyweight,KO/TKO,0.2619454,0.5684309,0.16962364
953bbb8b3a4dbab3e4857e03,2022-07-23,middleweight,Decision,0.4828325,0.38365534,0.13351218
e1bfa78d9e55d9829168dcdb,2022-07-23,lightweight,Decision,0.40403357,0.38495493,0.21101156
d04154269d7f8664c62b6131,2022-07-23,featherweight,KO/TKO,0.50096834,0.23303723,0.2659944
68dfedbb07bf88d9ca273dc2,2022-07-23,womens_flyweight,Decision,0.65338254,0.20718144,0.13943598
ec4c20bfa09fac0285d92870,2022-07-23,lightweight,Decision,0.5659233,0.32916996,0.104906715
3ba5a9abbb1ae3fa79599046,2022-07-23,lightweight,Decision,0.64990336,0.26560405,0.08449259
291314e3a3d4ef5e1277e4e1,2022-07-23,womens_flyweight,KO/TKO,0.71256626,0.15401313,0.13342059
819b658e6cf0d717bb91de6c,2022-07-23,flyweight,Decision,0.38850796,0.35889444,0.2525976
e1c2046ddc61effa0182c84b,2022-07-23,featherweight,Decision,0.60363793,0.21819514,0.17816693
fcbaa5ecf7ea948ec4284861,2022-07-23,light_heavyweight,KO/TKO,0.35223702,0.47032133,0.1774416
a3042f1e67d6574fb63da12e,2022-07-23,lightweight,Submission,0.37875018,0.40818697,0.2130629
ef6ab6d69866893d4c3f7e61,2022-07-23,light_heavyweight,Decision,0.3174191,0.49115518,0.19142574
b8683f73e2644670bf1ff574,2022-07-30,welterweight,Decision,0.49884456,0.3799138,0.121241614
282ad5f28deaf15f8dca4792,2022-07-30,flyweight,Submission,0.48282805,0.366895,0.15027691
5fa0aeb049247895d054ff67,2022-07-30,flyweight,KO/TKO,0.5544581,0.32597578,0.11956612
c07de9903dda0402b5b7ae51,2022-07-30,heavyweight,KO/TKO,0.29609394,0.60791534,0.09599067
5aaa23664d6070cac2051597,2022-07-30,lightweight,Decision,0.6364039,0.2262774,0.13731872
58e54a3c63001690d005c9bc,2022-07-30,lightweight,KO/TKO,0.43907773,0.29658893,0.2643333
10b81e064c1a7b6abe9a2535,2022-07-30,womens_bantamweight,Decision,0.69200295,0.21633363,0.09166339
33eed00e388c88409a34cb2f,2022-07-30,womens_bantamweight,Decision,0.44094345,0.3664177,0.19263878
e4877492b848342688b0277c,2022-07-30,light_heavyweight,KO/TKO,0.50180054,0.39349037,0.1047091
acc3d39765c5482fcb45accd,2022-07-30,welterweight,KO/TKO,0.3044955,0.4843683,0.2111362
17570bc74fd14e361a08e878,2022-07-30,light_heavyweight,KO/TKO,0.38528752,0.45772386,0.15698859
ac2b588a1a2472b349609a68,2022-07-30,welterweight,Decision,0.42078424,0.32675403,0.2524617
1a6042f44f4e1018e13bcf39,2022-08-06,heavyweight,KO/TKO,0.45640397,0.42486265,0.11873339
11bfef30ead4201c97f126a7,2022-08-06,womens_flyweight,KO/TKO,0.4234492,0.26132378,0.315227
ee78ff94d74191c0950c3305,2022-08-06,welterweight,KO/TKO,0.4429421,0.36401635,0.19304153
14baf91c942b6d4b80278c39,2022-08-06,womens_strawweight,Submission,0.6763823,0.19189532,0.13172232
e16f507b343589a2e4e6722a,2022-08-06,womens_bantamweight,Submission,0.54654247,0.19008714,0.26337036
e21ab264e04732c3ef8f62f4,2022-08-06,heavyweight,KO/TKO,0.2679086,0.48170692,0.25038442
e9da8c8a6c31cb23cefbf64a,2022-08-06,middleweight,KO/TKO,0.43743718,0.4660208,0.09654199
6ec98fde74b283e28ca0a7fe,2022-08-06,lightweight,Submission,0.35460216,0.32815045,0.31724742
cf34d5f335348b66aa91eff5,2022-08-06,light_heavyweight,KO/TKO,0.25177422,0.656754,0.09147175
f8f3e8322df974e5e79c4018,2022-08-06,welterweight,KO/TKO,0.4723452,0.39641112,0.13124369
a786185afd5f82f1db44d3c8,2022-08-13,catch_weight,Decision,0.5955442,0.2515311,0.1529247
769a825b93d1f461ed037a48,2022-08-13,middleweight,Submission,0.38862324,0.3552584,0.25611842
e5ba6b21277ad5545d7c0dc3,2022-08-13,womens_flyweight,Decision,0.701481,0.16813341,0.13038558
7322e2f3f4bf5390f2bda163,2022-08-13,light_heavyweight,KO/TKO,0.51555324,0.40246567,0.0819811
aaf6d2192b150766430fc20b,2022-08-13,lightweight,KO/TKO,0.44899827,0.35804412,0.19295767
ba36c66a9c8864239d835333,2022-08-13,catch_weight,KO/TKO,0.2862713,0.37251884,0.34120986
e07aa035986642062d25c1f5,2022-08-13,bantamweight,KO/TKO,0.46934184,0.4120897,0.11856844
8734458639c9a77e963669f8,2022-08-13,heavyweight,Decision,0.35190764,0.41003639,0.23805602
8e3ee192291658b73f706113,2022-08-13,featherweight,Decision,0.48928046,0.31598303,0.19473651
207fbf80c6f721606f408c61,2022-08-13,flyweight,KO/TKO,0.4503444,0.44885913,0.10079647
0e895646923d2363e9ee3865,2022-08-13,womens_bantamweight,KO/TKO,0.5904161,0.27212435,0.13745958
cd596c04dadc1a357e70db6e,2022-08-13,womens_strawweight,Decision,0.4234492,0.26132378,0.315227
7e414bf2e90506da27163941,2022-08-20,welterweight,Decision,0.52689844,0.2874462,0.18565533
8a9c09281e5eeca72ddede9c,2022-08-20,flyweight,Submission,0.54745156,0.27566308,0.17688535
fc73feb19b3af4a912864096,2022-08-20,bantamweight,Decision,0.5920741,0.30099395,0.1069319
2e655f9fa69fc63ba339bf9d,2022-08-20,flyweight,KO/TKO,0.5276004,0.29997128,0.17242828
09110ce448db775f208b9e4f,2022-08-20,bantamweight,Decision,0.6799011,0.22777137,0.09232745
96bf35f8d242172083318f0b,2022-08-20,welterweight,KO/TKO,0.528236,0.36564,0.10612401
72cae9b3b0647f262149f01d,2022-08-20,lightweight,Decision,0.5499829,0.3284957,0.12152135
6e01d4335754eab4e2519c82,2022-08-20,heavyweight,Decision,0.40414622,0.40013638,0.19571742
e041b8ced5ccae038bf87f85,2022-08-20,middleweight,Decision,0.38047227,0.44776812,0.17175964
e21703f2490a99b16dfadb3d,2022-08-20,light_heavyweight,KO/TKO,0.26136914,0.5121853,0.22644563
f41c685ee847a134377ce615,2022-08-20,womens_bantamweight,KO/TKO,0.70869565,0.15337673,0.13792759
9ce27f8c4c81304aae9d0e7e,2022-09-03,middleweight,KO/TKO,0.51727164,0.31342623,0.16930214
a3bbb4a0fa0064f0548c4dc4,2022-09-03,middleweight,KO/TKO,0.5931646,0.31545216,0.09138318
2d11896bafc8bb829b196c12,2022-09-03,lightweight,KO/TKO,0.47502485,0.2890833,0.23589185
55128794a5130c0766120091,2022-09-03,featherweight,Decision,0.5978566,0.25752974,0.1446137
7301434a052e54b477cb10b8,2022-09-03,heavyweight,KO/TKO,0.3612351,0.5218836,0.116881296
d67df94cf203060829d5e02a,2022-09-03,lightweight,Decision,0.5082767,0.30853733,0.18318595
3f009a05817aa629ecb33512,2022-09-03,lightweight,Decision,0.60310704,0.32355422,0.07333873
86ec5f7ecd89641f1c7cff4e,2022-09-03,bantamweight,KO/TKO,0.45269105,0.37792498,0.16938391
561ee3bd70a2f70be5d0512b,2022-09-03,middleweight,Decision,0.43248218,0.3931697,0.17434813
0fc64e2e9e677fbf1fdd2676,2022-09-03,middleweight,Decision,0.65943563,0.24653241,0.09403198
be1d0f8c941e18f2385e8ec8,2022-09-03,womens_featherweight,Submission,0.43740413,0.23548277,0.32711318
b8f2b3651db2a7baa029e536,2022-09-03,featherweight,Decision,0.37889403,0.31956905,0.3015369
4a6bcffa1eef009392233795,2022-09-10,bantamweight,Decision,0.51122624,0.34280565,0.14596815
c00654036cf18b5bb5f2d2c5,2022-09-10,welterweight,Decision,0.5079953,0.31974465,0.17226008
b36dfd6178f9afe0176a1770,2022-09-10,middleweight,KO/TKO,0.5164175,0.33437926,0.14920326
7f7d0ff5834aebf0c6e0956b,2022-09-10,featherweight,Decision,0.62331283,0.25556573,0.121121444
41da67b4d117a50c666ac843,2022-09-10,catch_weight,KO/TKO,0.58243185,0.30844298,0.10912519
6153221828eccf4930f0d3e6,2022-09-10,catch_weight,Submission,0.2109489,0.38691664,0.40213448
9d40474ac4964ada854fa013,2022-09-10,heavyweight,KO/TKO,0.35608524,0.54129165,0.102623105
5a062d96aab1c99b7cc95f3b,2022-09-10,light_heavyweight,Submission,0.3598714,0.53255546,0.10757318
61ba8d4c4fabfe43fbb836c9,2022-09-10,catch_weight,Submission,0.2568582,0.5136332,0.22950864
014ea6d786ce6f657768e865,2022-09-10,catch_weight,Decision,0.4350664,0.45812753,0.106806085
0eacc4f0d8ed4f419ecbcea2,2022-09-10,womens_strawweight,Decision,0.5539282,0.2682997,0.17777213
b23e87fdf32c675244e517b7,2022-09-10,welterweight,Submission,0.48648608,0.33814254,0.17537133
129aa2e2442a6668ab3bdc63,2022-09-10,womens_featherweight,Decision,0.64098513,0.22896622,0.13004863
5c6812938d363a82f925824d,2022-09-17,featherweight,Decision,0.6251733,0.28135076,0.09347594
8d050432569789c31a32dcde,2022-09-17,middleweight,Submission,0.44513866,0.29794216,0.25691915
dbcca4558e9c1d0d13c510a3,2022-09-17,middleweight,KO/TKO,0.3390421,0.45404187,0.20691602
bc3c14ac6ca3b5d7e1f471ce,2022-09-17,bantamweight,KO/TKO,0.41912124,0.4447184,0.13616039
c743e51d32485abb008206d8,2022-09-17,featherweight,KO/TKO,0.5342136,0.2258983,0.23988809
059dfb0529502eb13b47c82e,2022-09-17,womens_strawweight,Decision,0.60180044,0.2111929,0.18700661
f973efc4d40fd253e6092acf,2022-09-17,middleweight,KO/TKO,0.3845308,0.37097627,0.24449293
faae6d894d5ca7b2e828bf54,2022-09-17,womens_flyweight,Submission,0.5057183,0.23176807,0.26251364
ba54b51b997887a6beff6ea6,2022-09-17,lightweight,KO/TKO,0.44644064,0.3807757,0.17278369
4d68a5e737c1e8b51f6f2e2d,2022-09-17,heavyweight,Decision,0.35143912,0.46220696,0.18635389
58d0836ce3aef89372366e16,2022-09-17,bantamweight,Decision,0.60474163,0.2924786,0.10277972
1afe0d50e01083bebcec9aa7,2022-09-17,welterweight,Decision,0.53798467,0.35196123,0.110054076
49322c3b76a447084d3343fa,2022-09-17,lightweight,Decision,0.42181805,0.29586518,0.28231674
87a787d77cf0a5e09d3d9395,2022-10-01,bantamweight,Submission,0.42665434,0.4639725,0.109373145
38a5c52b9d2138c264286309,2022-10-01,heavyweight,Decision,0.34572953,0.44514987,0.2091206
fc47440fea6c1d9a73f29056,2022-10-01,lightweight,KO/TKO,0.61370426,0.26209164,0.12420409
5c2d756d58e2169143a3d205,2022-10-01,catch_weight,KO/TKO,0.52826715,0.31382713,0.15790574
fa7cd15e925add6d68fc71fb,2022-10-01,catch_weight,KO/TKO,0.35664162,0.3374949,0.3058635
fa6a5ead0aa09a9ef6c5b57a,2022-10-01,middleweight,Submission,0.5672826,0.27949792,0.15321946
b72aea582d1585d9cb98b492,2022-10-01,womens_strawweight,Decision,0.56675065,0.2512486,0.18200076
769a6a0ed8f56e2771571177,2022-10-01,lightweight,Decision,0.5370371,0.352058,0.1109049
ba830e44c169818ed678aa41,2022-10-01,welterweight,Decision,0.5360781,0.33839858,0.12552334
8a3a1e63063d34a285884a99,2022-10-01,bantamweight,Decision,0.5685466,0.32846418,0.102989204
332b606adadb464988ce504c,2022-10-01,featherweight,Submission,0.46277848,0.3605786,0.17664291
01280f9e77503889cc5f9625,2022-10-15,womens_flyweight,Decision,0.6081886,0.2717475,0.12006393
ca2c4ad4a77247d7ccff754f,2022-10-15,bantamweight,KO/TKO,0.5843766,0.3401587,0.07546472
0b42a434a9d342606e9634d5,2022-10-15,featherweight,Submission,0.41240278,0.40290397,0.18469329
26959a0ae6d9ffc29e07813b,2022-10-15,middleweight,KO/TKO,0.36842316,0.4870924,0.14448445
aae253d49a82af766011fb44,2022-10-15,bantamweight,Decision,0.6246302,0.25181246,0.12355727
dd6794095b4f567cbc4101d5,2022-10-15,welterweight,KO/TKO,0.4192763,0.42962056,0.1511031
044df039a74152712583ec34,2022-10-15,light_heavyweight,KO/TKO,0.31116357,0.49202645,0.19681002
6a2ccb4c05791a9425fdd871,2022-10-15,middleweight,Decision,0.53755707,0.26252708,0.19991583
a351ceb4ec13704924e64821,2022-10-15,womens_strawweight,Decision,0.7010145,0.1858261,0.11315939
4f4009ed9b6888d49211b309,2022-10-15,bantamweight,Decision,0.6403525,0.26751524,0.09213228
cb331ce12f84a70205c765de,2022-10-15,flyweight,Submission,0.5070623,0.27711487,0.21582282
2fa71d83dae3ebb848f3441c,2022-10-22,welterweight,Decision,0.5922499,0.2655836,0.14216655
3969abdde9d204a1383b76b0,2022-10-22,bantamweight,KO/TKO,0.5027146,0.36072633,0.13655907
d51176910516429f296e9791,2022-10-22,middleweight,Decision,0.58187,0.29974565,0.11838431
8b1f7cebde3141ff07f2e923,2022-10-22,welterweight,KO/TKO,0.6522158,0.2375411,0.11024313
1f39f88404238882611b5baf,2022-10-22,lightweight,Decision,0.5173571,0.32047927,0.16216365
89b86d8017ee9c1cbaa746ae,2022-10-22,lightweight,Submission,0.3842512,0.29625854,0.3194903
e323e1ea8dacbcffaa512ad7,2022-10-22,womens_bantamweight,Decision,0.63934916,0.24200083,0.11865006
35a1f8dde1fde0e00768056a,2022-10-22,womens_flyweight,Decision,0.6860759,0.23167585,0.08224822
f4c1d9b02ea276231e92bad9,2022-10-22,middleweight,Decision,0.5852505,0.30862993,0.10611963
bf2060061f6746545bdfc695,2022-10-22,flyweight,Submission,0.44356653,0.26709253,0.289341
5cb842db992ceaeea1b3cf29,2022-10-22,bantamweight,Decision,0.60242736,0.2969472,0.10062545
a99407677ffcc07b6201b9fe,2022-10-22,light_heavyweight,Decision,0.3728111,0.4909677,0.13622124
9e77914c5d3a7d1ddeb09921,2022-10-29,heavyweight,Submission,0.39240605,0.4998063,0.107787676
0475b074697fe0251c4d12ec,2022-10-29,featherweight,KO/TKO,0.5382416,0.35548115,0.10627723
9ad86cefbe6ecdf976f7782a,2022-10-29,featherweight,KO/TKO,0.4178829,0.27568263,0.3064345
ad5ce07a6e0876f8d5be2633,2022-10-29,bantamweight,Submission,0.4475173,0.25984797,0.2926347
3ea908dc8672aba46a6b1042,2022-10-29,flyweight,Decision,0.4462051,0.39500004,0.15879488
9cf346c97ea2bbfd2c1c605e,2022-10-29,light_heavyweight,Decision,0.3689238,0.5529485,0.0781277
2578ddec4698f73c077da962,2022-10-29,middleweight,Submission,0.5308299,0.27633166,0.19283846
ca802282390c52fdb2408e0b,2022-10-29,middleweight,Submission,0.5082432,0.2925372,0.19921963
15d5339005fa2e8e3ec329bc,2022-10-29,middleweight,KO/TKO,0.4353363,0.39978367,0.16488004
50f80108ef29bd03c1534f16,2022-10-29,welterweight,Decision,0.57003933,0.33312145,0.096839204
5f9c2584685ac701df1b20f1,2022-10-29,heavyweight,Decision,0.42490774,0.43829533,0.13679697
fb2b6999fee39d8d4b28984c,2022-11-05,flyweight,Submission,0.5120376,0.23438667,0.25357574
1fa02083adffe4f1a1aaa2d6,2022-11-05,featherweight,KO/TKO,0.5401056,0.2125896,0.24730478
443e0c3f3b5ee8993cb6247b,2022-11-05,lightweight,Submission,0.59445494,0.2354981,0.170047
ad031ee4e83f763ae7e5c2c5,2022-11-05,bantamweight,Decision,0.535205,0.20861067,0.25618434
85d5c7447efef749dd381282,2022-11-05,womens_strawweight,KO/TKO,0.5712418,0.31362623,0.11513196
d98a3449d656417386274448,2022-11-05,bantamweight,Submission,0.55943334,0.29057732,0.14998935
67bf0adfb4a72e6d1d0816f4,2022-11-05,womens_flyweight,Decision,0.5419813,0.2502192,0.20779952
7d63d3e966fba6336272ecea,2022-11-05,welterweight,Submission,0.6027278,0.31107825,0.08619395
7d171beb120b8d9b085f3e3c,2022-11-05,womens_strawweight,KO/TKO,0.613084,0.18898936,0.19792663
f6116b016fd15f3896db959f,2022-11-05,flyweight,Submission,0.63249403,0.2343246,0.13318135
d752a82ef0612c0a2c486058,2022-11-05,womens_bantamweight,KO/TKO,0.5919104,0.21733525,0.19075435
8aa99b2cd9574bce2a5476f0,2022-11-12,middleweight,Decision,0.44372788,0.2791433,0.27712882
57a461274144d12c6cfaa424,2022-11-12,lightweight,Submission,0.5820099,0.26999238,0.14799772
c2dc5cbd59cfdf863d8c6b7c,2022-11-12,womens_strawweight,Submission,0.6033527,0.27692097,0.119726315
8a2af618f9bb8c2582583f47,2022-11-12,light_heavyweight,KO/TKO,0.44863003,0.44786504,0.10350498
e85b565475987e455e539476,2022-11-12,lightweight,KO/TKO,0.44558567,0.3167101,0.2377042
66f2c5674043221ca0434043,2022-11-12,light_heavyweight,KO/TKO,0.33550656,0.49960032,0.16489317
ed6cea9fd841f86133410b45,2022-11-12,lightweight,Submission,0.43872088,0.42234722,0.13893193
f9d00f1cc1b81acb25c5ad95,2022-11-12,womens_flyweight,Submission,0.6768897,0.18282163,0.14028871
89753c38b68f7526bf9e58a8,2022-11-12,bantamweight,KO/TKO,0.58609265,0.33437514,0.079532176
b17854bdc5ac75cdebdebfc7,2022-11-12,middleweight,KO/TKO,0.47734696,0.4513827,0.0712703
bb48fbeed91a2ae16e631b45,2022-11-12,bantamweight,Decision,0.6253541,0.27099636,0.10364945
52729424a8db9c8e560906f5,2022-11-12,womens_strawweight,Decision,0.5730817,0.31683415,0.11008414
4f56ea61b8260643a03879bd,2022-11-12,lightweight,KO/TKO,0.44156304,0.40646896,0.15196797
a29b34f3eb27fd13d76b11fa,2022-11-12,featherweight,KO/TKO,0.6123001,0.26342544,0.12427447
d405e854a32224bcc4db5e45,2022-11-19,welterweight,KO/TKO,0.44772243,0.4347838,0.11749372
65a1d86b89e2470e1e3db15b,2022-11-19,bantamweight,Decision,0.60573035,0.23235846,0.16191123
a610b8fe21dd433dd33fd822,2022-11-19,flyweight,Decision,0.6548248,0.20221987,0.14295532
119695682640f1374d5c064b,2022-11-19,heavyweight,Decision,0.5276992,0.40735623,0.06494463
134f4d4a92ff0f23596749a8,2022-11-19,welterweight,KO/TKO,0.3628874,0.51873386,0.11837873
076a794451db2a52b98c2309,2022-11-19,womens_flyweight,Decision,0.68842643,0.18954436,0.1220292
7c2cbb3580dd05ab14dfada5,2022-11-19,light_heavyweight,KO/TKO,0.422755,0.47285578,0.1043892
9893e9ce7e58dd73dc5255ef,2022-11-19,womens_flyweight,KO/TKO,0.6380953,0.23067151,0.13123311
08cc9cab63281c265de6127d,2022-11-19,bantamweight,Decision,0.61526275,0.26077598,0.12396127
2f3fc3172d73cddfd573aa40,2022-11-19,womens_strawweight,Decision,0.67623854,0.17447501,0.1492864
630502317483ca9c43c50cad,2022-11-19,bantamweight,Decision,0.6236767,0.2904094,0.08591395
cb2b679c92bd80ebf4dce030,2022-12-03,womens_strawweight,Decision,0.72279525,0.19265036,0.0845544
e884d59713242b5e40c18426,2022-12-03,welterweight,Submission,0.58866715,0.31623,0.095102824
78078a06b6123519e6e6389d,2022-12-03,lightweight,Decision,0.61748,0.2585929,0.12392712
b4ddf766033e81d0119cb1e7,2022-12-03,featherweight,Decision,0.5230631,0.29695678,0.17998007
b2b4ba541349261a5183a952,2022-12-03,middleweight,KO/TKO,0.56906366,0.2679986,0.1629377
fbe2eacc0874d97394ea1832,2022-12-03,middleweight,KO/TKO,0.44818434,0.37201035,0.17980532
ce3faf675b6078ae06995f59,2022-12-03,featherweight,KO/TKO,0.48687398,0.34361994,0.16950612
4dac47d315d1aca95332a102,2022-12-03,flyweight,KO/TKO,0.5527951,0.2987473,0.14845756
cfc93cd8941fdfe5321696d6,2022-12-03,lightweight,Decision,0.6135726,0.3074811,0.07894627
4f162c7c30d92fff90d239d6,2022-12-03,lightweight,Decision,0.55842584,0.27935877,0.16221535
6896a8bee73ed65ceb61e90d,2022-12-03,welterweight,KO/TKO,0.38419572,0.43423176,0.18157251
3df0cd81dd767dedc14ec088,2022-12-03,welterweight,KO/TKO,0.43484202,0.4517571,0.113400854
ffaaa6810e903c894557c687,2022-12-03,heavyweight,KO/TKO,0.29580596,0.60290444,0.101289615
69d8f51a708f4a602eb6b066,2022-12-03,womens_strawweight,KO/TKO,0.6773791,0.21435541,0.10826556
d685375c090e0b3ac4d13d51,2022-12-10,featherweight,KO/TKO,0.4743442,0.35448524,0.17117053
97918cbcbe4b3af27679dc76,2022-12-10,featherweight,Submission,0.49047273,0.29428494,0.21524239
195a4a25edefbdee1978add5,2022-12-10,bantamweight,KO/TKO,0.37889403,0.31956905,0.3015369
f41619679889d65542ce470d,2022-12-10,middleweight,KO/TKO,0.45798874,0.4479948,0.094016485
898f396f3f2e781708ad4221,2022-12-10,middleweight,Submission,0.57329065,0.34578848,0.08092084
89ac380a2e7df762e9960bef,2022-12-10,middleweight,KO/TKO,0.43085337,0.38731003,0.1818366
6f83248ed364da425ac6e6b5,2022-12-10,heavyweight,KO/TKO,0.29385698,0.61321455,0.092928514
220fc84b9439edce53facd04,2022-12-10,lightweight,Decision,0.42435518,0.30940768,0.26623717
c21d7cb712ee6288e115f864,2022-12-10,bantamweight,Submission,0.52412736,0.28181848,0.19405411
11988bf1857ae4bc7fc9fc71,2022-12-10,catch_weight,KO/TKO,0.5542908,0.3595234,0.08618581
6cac8e9e2664ec7c35a78b87,2022-12-10,featherweight,Submission,0.45157844,0.26368323,0.28473836
18932712ef980754aa8ea7d5,2022-12-17,featherweight,KO/TKO,0.5471903,0.30432186,0.14848787
a908a1420ff1d9f94575f943,2022-12-17,flyweight,KO/TKO,0.46957526,0.27172828,0.25869647
bbc491df17960bb5bff6b31e,2022-12-17,lightweight,Decision,0.6577563,0.2548571,0.08738655
0c96e42f32a09a794ddebc39,2022-12-17,welterweight,Decision,0.57549906,0.28197926,0.14252171
fc2b431ca6e0290539b9ecfb,2022-12-17,womens_strawweight,Decision,0.61430115,0.20455883,0.18114005
376d706e7b1fffd65da0244c,2022-12-17,middleweight,KO/TKO,0.3729257,0.41315815,0.2139161
62c857b47d6eb83bf9f679d1,2022-12-17,flyweight,Decision,0.51923144,0.35945424,0.12131434
8b3108a9d38cc348b9ee1402,2022-12-17,lightweight,KO/TKO,0.5189317,0.37023577,0.11083252
708385da1df75bfa8783285c,2022-12-17,welterweight,Decision,0.50308704,0.35782492,0.13908802
62df437ecc82bbfb87460bdf,2022-12-17,middleweight,Decision,0.47587162,0.44443324,0.079695106
b09e70f040d7ee1dc6260cd4,2022-12-17,lightweight,Decision,0.4912399,0.3478335,0.16092657
71ea7cae81899e81d9ce58fe,2022-12-17,bantamweight,Submission,0.5566047,0.23437475,0.20902058
9560c9fd3964613752555ddd,2022-12-17,bantamweight,Decision,0.6176151,0.25170606,0.13067888
c1e71d1d9adb482155fb773f,2023-01-14,flyweight,Submission,0.5592473,0.2457522,0.19500047
d0381b088b9a49444821f7b5,2023-01-14,flyweight,KO/TKO,0.46952865,0.27123502,0.2592364
473cb05603e509a4bfc9c579,2023-01-14,middleweight,KO/TKO,0.38343847,0.4537476,0.16281398
24f815b1e2137e2461a6637f,2023-01-14,featherweight,Decision,0.47766584,0.27210513,0.250229
f458bcba7703f48484dfacf4,2023-01-14,featherweight,KO/TKO,0.5452001,0.24352914,0.21127078
483b08fc27731ad0a87cdc0e,2023-01-14,bantamweight,Decision,0.56795007,0.2932273,0.13882262
ec208d732aca7f0b1f0f698d,2023-01-14,womens_bantamweight,Decision,0.7047971,0.17994761,0.115255244
52d6bc7e6509310031ed4ffe,2023-01-14,lightweight,Decision,0.39464656,0.31526458,0.29008886
c80a716a5e04319dc22d6f21,2023-01-14,middleweight,KO/TKO,0.4977366,0.38778225,0.114481136
e38165574d6bfd63d4e79446,2023-01-14,light_heavyweight,Decision,0.4178855,0.4517651,0.13034943
e2ebd640cdbbcc28ca2e8743,2023-01-14,bantamweight,KO/TKO,0.5735154,0.25448376,0.1720008
c571321ad6d07f540414f93f,2023-01-21,flyweight,KO/TKO,0.40308246,0.42865616,0.16826135
1879c14c12351601569b29a1,2023-01-21,welterweight,Submission,0.48950666,0.3881492,0.122344136
f709c650ce5f7a1d36b7501e,2023-01-21,welterweight,Submission,0.5946266,0.28168368,0.123689674
2b19d65e695d66ba7d5f52dd,2023-01-21,light_heavyweight,Decision,0.2268977,0.5989606,0.17414169
67ced6d3bcd5f9cff7b178ae,2023-01-21,middleweight,KO/TKO,0.37803006,0.45470047,0.16726942
a292c3204c848fc795af4c9b,2023-01-21,lightweight,KO/TKO,0.32538435,0.3173453,0.35727042
7b9b0213d00e3e62562edc0e,2023-01-21,womens_featherweight,Decision,0.5081924,0.36159727,0.1302103
2d3203b53911c02b06b5c3d3,2023-01-21,womens_flyweight,Decision,0.6530451,0.22831997,0.118634924
88c05dde0cfbbe4c9eece03b,2023-01-21,bantamweight,Decision,0.53343487,0.31068465,0.15588044
c20db3255eb0b21fa2aab9f9,2023-01-21,light_heavyweight,KO/TKO,0.37781304,0.5037885,0.11839848
7ba2b9a199192a87d60f6838,2023-01-21,light_heavyweight,KO/TKO,0.2786492,0.48561507,0.23573571
170c5bb7b9800aa0cb5760fd,2023-01-21,bantamweight,KO/TKO,0.4183297,0.2740854,0.30758488
f8fe5853ba92aa1d4941f315,2023-01-21,heavyweight,KO/TKO,0.3123563,0.42253366,0.26511005
a35835c41d69a4aa0cc51950,2023-01-21,lightweight,Submission,0.478628,0.26365852,0.25771347
f78c5d74308eea6a9b237336,2023-01-21,welterweight,Decision,0.57765687,0.29020396,0.13213915
4379c427241e16c5c42ff97a,2023-02-04,light_heavyweight,Decision,0.39768112,0.44954473,0.15277416
fb3ccccef9c44cd3f44a1d43,2023-02-04,heavyweight,Submission,0.2722349,0.60428596,0.12347916
e58678b9928dcd7e2a89b900,2023-02-04,lightweight,KO/TKO,0.39464656,0.31526458,0.29008886
5ffe7cef56c8e5dc2a3b0312,2023-02-04,featherweight,Decision,0.39464656,0.31526458,0.29008886
c06582e8c3186fa75ccd836a,2023-02-04,middleweight,Submission,0.44440752,0.40554008,0.15005243
5eafd2114e06744c7808d3eb,2023-02-04,heavyweight,Decision,0.5690806,0.3545165,0.07640287
c55aa74790a7618ed08e5e86,2023-02-04,flyweight,Submission,0.39464656,0.31526458,0.29008886
667af8ef779c3de51b6ca32c,2023-02-04,flyweight,Submission,0.37423733,0.24075124,0.3850114
92ddbc29697faa23279ea2aa,2023-02-04,bantamweight,KO/TKO,0.39464656,0.31526458,0.29008886
c0dbc7dac4a69fdfa7b8a7e5,2023-02-04,welterweight,KO/TKO,0.457653,0.39887783,0.14346917
e3a6a92a6b4c14140c0f5668,2023-02-11,lightweight,Decision,0.5455117,0.28722954,0.1672587
8e99069a041aef3a93ceeef4,2023-02-11,welterweight,Submission,0.38517943,0.42660314,0.18821742
9ac871fd5b77a57cde66e145,2023-02-11,featherweight,Decision,0.39844024,0.3640924,0.23746738
128eedfd624aae6d0ee3489b,2023-02-11,lightweight,Decision,0.4560517,0.3796989,0.16424939
3138bab08e28eac977aae47b,2023-02-11,featherweight,Submission,0.6195844,0.28243795,0.09797769
8e0261939b3d9069a93806f4,2023-02-11,heavyweight,KO/TKO,0.4048198,0.4996303,0.09554985
4becbd5521ee229580343aec,2023-02-11,womens_strawweight,Submission,0.65342915,0.21262982,0.13394102
50535e74ff87ae17e1c4af13,2023-02-11,featherweight,Decision,0.4944349,0.3849955,0.120569676
39b8a2a3689793a61bd1f93d,2023-02-11,flyweight,KO/TKO,0.4876879,0.28664836,0.22566383
352db25f95df258b62afd7f3,2023-02-11,light_heavyweight,Decision,0.2884322,0.5250194,0.18654838
e2a5ee873106609aef8b7d36,2023-02-11,featherweight,Submission,0.47522795,0.4270093,0.09776269
3f5d726191be802693a573f0,2023-02-11,lightweight,Decision,0.48106393,0.3567773,0.16215876
9d14cb3c9c8fd9e831cb2b86,2023-02-18,welterweight,Submission,0.474315,0.33573353,0.1899515
a36fcfd26910843e21b34572,2023-02-18,flyweight,Submission,0.43479753,0.35804766,0.20715481
47e078d89d36a38676c579fa,2023-02-18,featherweight,Decision,0.5029525,0.299596,0.19745144
389d6b8640bdfa2549c1e3fb,2023-02-18,womens_flyweight,Submission,0.4103281,0.32300186,0.26667002
05ce260e041a2605c602d2d6,2023-02-18,lightweight,Decision,0.40368834,0.3652974,0.2310142
7cdd2df80d6a6c593a282b52,2023-02-18,light_heavyweight,Decision,0.28835514,0.5476438,0.1640011
33ac9685a2515b76f149fc89,2023-02-18,heavyweight,Decision,0.41732264,0.44240326,0.14027417
73b63059d90c2960c03c75b9,2023-02-18,womens_bantamweight,Submission,0.5709228,0.20722488,0.22185235
92dbac7a52867e46b35fafbb,2023-02-18,lightweight,KO/TKO,0.5058164,0.30792096,0.18626267
a4d636f7490aa62d4f569a1a,2023-02-18,light_heavyweight,KO/TKO,0.46322918,0.41012856,0.1266423
a77ddc24d18d055941c6bf15,2023-02-18,light_heavyweight,Decision,0.3985924,0.48278725,0.11862032
f489e5bd58bfc35f1f4419cb,2023-02-25,middleweight,Submission,0.4095477,0.27091455,0.31953776
758f1c497bf18e82210ab5c3,2023-02-25,heavyweight,Decision,0.5226804,0.36821452,0.10910506
5c80a7b04497ad5ee2bddd57,2023-02-25,lightweight,KO/TKO,0.45646918,0.3504211,0.19310968
3fec13ee85d7f9983960b3cc,2023-02-25,womens_flyweight,Decision,0.6043193,0.19920893,0.19647175
0176ced8c9d94d30a64e4a7a,2023-02-25,lightweight,Submission,0.47039232,0.25534174,0.27426592
cf7adf6d36d1b08cd9d8d30f,2023-02-25,lightweight,KO/TKO,0.43225846,0.34572643,0.22201513
b8372e22cddbfa48ea909485,2023-02-25,welterweight,Submission,0.43721193,0.40697455,0.1558135
6b4e4ea9b801548615975cd1,2023-02-25,catch_weight,Decision,0.3551345,0.51867515,0.12619036
6ea6168d8e84815d2134058f,2023-02-25,lightweight,Decision,0.45689327,0.32799646,0.21511032
fc0acba87af9f8c76a7e2940,2023-02-25,womens_flyweight,Submission,0.6222889,0.17758855,0.20012255
ddddb220f603a1df3e1e0161,2023-03-04,middleweight,Submission,0.472239,0.36738467,0.1603763
72321c6bbe98eff02e4095f8,2023-03-04,bantamweight,Decision,0.5702256,0.33967578,0.09009859
cc0b7fa4194f7f6e6d3a39f1,2023-03-04,bantamweight,Decision,0.39464656,0.31526458,0.29008886
85fe8793909e6952c9f78f00,2023-03-04,middleweight,KO/TKO,0.41464254,0.42064983,0.16470765
7363e41d86228b1d3ccb37ac,2023-03-04,lightweight,Decision,0.39464656,0.31526458,0.29008886
4e033da568b46a961139d1ab,2023-03-04,welterweight,Submission,0.39068994,0.39096293,0.21834712
d3cfb0d2b891ff38ada976af,2023-03-04,welterweight,KO/TKO,0.45469126,0.4279503,0.11735842
cbd06542b2b208df53fd406c,2023-03-04,womens_strawweight,Submission,0.6678366,0.20001584,0.13214755
c3f3ab3581e4101201417c58,2023-03-04,heavyweight,Submission,0.4546057,0.45290735,0.09248689
9314741277e5a546928ec867,2023-03-04,middleweight,KO/TKO,0.41767234,0.29156372,0.29076388
483a44eda1de7ba858e8ac87,2023-03-04,bantamweight,Decision,0.58928025,0.30018276,0.110537015
ec001e69e1a671cb55343f5d,2023-03-04,lightweight,Decision,0.4254633,0.35579163,0.21874511
79f6fa67f74ca1d1eceb89f0,2023-03-04,womens_flyweight,Submission,0.6213166,0.2501913,0.12849207
ae1d2e42c74ebe569b8bf839,2023-03-04,womens_flyweight,Decision,0.6941069,0.1754071,0.130486
2c3d9b8cf266f7d87b21947a,2023-03-11,heavyweight,KO/TKO,0.46240747,0.3912768,0.14631578
28667af2ecff9e735860e563,2023-03-11,womens_flyweight,Decision,0.69507515,0.18772827,0.11719662
51fc827668838509328eca57,2023-03-11,welterweight,Decision,0.3855942,0.42600548,0.18840034
02b6dc85938acd2c6dc76f32,2023-03-11,heavyweight,Decision,0.40565762,0.46472356,0.12961882
5e42a3409698012174f55aa2,2023-03-11,bantamweight,Submission,0.45065063,0.33338222,0.21596715
cc22e042a99a400b3b543787,2023-03-11,catch_weight,Submission,0.26331475,0.46953714,0.26714802
4a7cf56c83980792658c3945,2023-03-11,bantamweight,Decision,0.55039907,0.33921373,0.11038723
970d1a7858aa5b5c168bdb4a,2023-03-11,bantamweight,Submission,0.6195611,0.30609694,0.07434201
8c472cd93fff869b8c1659b3,2023-03-11,bantamweight,Decision,0.5121831,0.33253798,0.15527888
57624421d747b53b6a9fce19,2023-03-11,middleweight,Submission,0.41022122,0.33073768,0.2590411
121d895ec34c4ee500d71121,2023-03-11,flyweight,Submission,0.50174296,0.38547382,0.11278323
39493c979c1bfbe357de6651,2023-03-11,bantamweight,Decision,0.60862774,0.27298185,0.118390396
313274f54c13e378c9782b8c,2023-03-11,light_heavyweight,Decision,0.2713792,0.56021386,0.16840687
3ef5192d293b633a47593b25,2023-03-18,lightweight,Decision,0.53769904,0.32765144,0.13464954
67939b6e4ba8a035489881f7,2023-03-18,middleweight,KO/TKO,0.3944359,0.41569644,0.1898676
ba6858c0646216e3a271c7f5,2023-03-18,welterweight,Submission,0.5679919,0.268796,0.1632121
a41a13deba0d06034c0c24a0,2023-03-18,featherweight,Submission,0.52354765,0.2503098,0.22614251
be9e3b6594a545c5ece02333,2023-03-18,flyweight,KO/TKO,0.44722378,0.25858164,0.29419455
bd93d7b8110bf0a192791038,2023-03-18,womens_flyweight,Decision,0.6538966,0.18476085,0.16134255
aba38730016b8b0777777ee5,2023-03-18,womens_flyweight,Decision,0.64689,0.19294448,0.16016556
a445f6f894e3074c43e9960f,2023-03-18,womens_flyweight,Decision,0.50057346,0.20501076,0.2944158
0204fb629e0e6e99f3a62ea5,2023-03-18,lightweight,Decision,0.50123733,0.4125948,0.08616787
a1b6f8d2aeb238711fe9cd1a,2023-03-18,welterweight,Decision,0.5201687,0.3553984,0.12443284
a9bd37ea947df11dfb5e63f7,2023-03-18,featherweight,Decision,0.4258028,0.37059695,0.20360023
bd7c4c65dd0660d691a5b7ad,2023-03-18,middleweight,Decision,0.5170625,0.33506346,0.14787401
e95f3b99a35f4827b821860d,2023-03-18,flyweight,Submission,0.43846515,0.25478485,0.30674997
759b5432bb0e95fb6e5a4cad,2023-03-18,lightweight,KO/TKO,0.39464656,0.31526458,0.29008886
c1d7d7ce041d52e09d7193c7,2023-03-25,womens_flyweight,Decision,0.6413155,0.22540376,0.13328072
034e224915320f869f1dba0a,2023-03-25,middleweight,Decision,0.39416376,0.38918102,0.21665525
717be830f10bc6172050d1e0,2023-03-25,flyweight,KO/TKO,0.49269179,0.35492623,0.152382
fb68a3891e073458dc6aaa5f,2023-03-25,featherweight,Submission,0.5280754,0.24340765,0.2285169
b4bcc9e8264244b410d7df4f,2023-03-25,womens_bantamweight,Decision,0.6988388,0.19115596,0.110005274
84ded834631bc85d1a979066,2023-03-25,bantamweight,Decision,0.43804586,0.426772,0.13518219
3932764824c5a65f4ea80b0a,2023-03-25,featherweight,Submission,0.5875388,0.27268615,0.13977513
3da110d1cd53964797f27c55,2023-03-25,featherweight,Decision,0.50182205,0.3001479,0.19803002
bc34061f7585c8cb754582fc,2023-03-25,welterweight,Decision,0.44997314,0.31652734,0.23349953
d8bf04bd476c5def9385b3ed,2023-03-25,flyweight,Decision,0.41276357,0.41323397,0.17400244
090d5cdefe42617fa644a06f,2023-04-08,middleweight,KO/TKO,0.496165,0.43284062,0.07099445
f4262813b91eccfae338f71f,2023-04-08,middleweight,Decision,0.57539475,0.35000485,0.07460039
b3e3b5f129a63fb2038e58ed,2023-04-08,womens_strawweight,Decision,0.701885,0.16020864,0.1379064
30c5225ba53208cd76437d3b,2023-04-08,middleweight,KO/TKO,0.34386605,0.4165671,0.23956683
50f3bfb5121b7b06fdb05de0,2023-04-08,welterweight,Decision,0.5738115,0.29014254,0.13604599
a3cc4d0be0f091345c0e83cd,2023-04-08,catch_weight,Decision,0.5195314,0.30085677,0.17961183
186919d4a2872e5c626d87b8,2023-04-08,womens_strawweight,Decision,0.6085645,0.23212256,0.15931296
50677f1bf973ddd98ff7be61,2023-04-08,welterweight,KO/TKO,0.56115633,0.33107114,0.10777253
5bf9cd7d305f8634d4423b73,2023-04-08,womens_strawweight,Decision,0.6501108,0.20403983,0.14584945
542ab5e1dd01c45dbe923832,2023-04-08,bantamweight,Decision,0.38277403,0.21932022,0.39790577
cb56c19233738e3f99fb0b06,2023-04-08,bantamweight,KO/TKO,0.50344574,0.39856455,0.09798974
7941baf2f9c14b9bc5dc6877,2023-04-08,featherweight,KO/TKO,0.43969595,0.37474445,0.18555959
536fc9ff4143a7f0ef5213e4,2023-04-15,bantamweight,Decision,0.45904925,0.30036396,0.24058683
58d7a5e6018b4265e7a4b16d,2023-04-15,featherweight,Submission,0.57326794,0.24142848,0.18530354
f5d38b8d75c4c47b6cad6b69,2023-04-15,flyweight,KO/TKO,0.44896513,0.32519567,0.22583921
7b3a87bcfdaf6184fa346634,2023-04-15,womens_strawweight,KO/TKO,0.48079547,0.20062634,0.31857815
305a994660d1f7aefbc2d278,2023-04-15,lightweight,Decision,0.60106736,0.26257908,0.13635358
8aa967b47782f05988eede93,2023-04-15,light_heavyweight,Decision,0.40334046,0.51470375,0.081955805
e32814b20fa0d61f9191d8d6,2023-04-15,featherweight,KO/TKO,0.5461732,0.3174141,0.13641268
2df2b28eed63b6044ceb774a,2023-04-15,womens_strawweight,Submission,0.62212867,0.18149419,0.19637716
6576e21f61790cd99298296d,2023-04-15,womens_bantamweight,Decision,0.68113005,0.19152522,0.12734468
fc2939e831f145899a2e2a1e,2023-04-15,lightweight,Decision,0.6239943,0.27440068,0.10160503
8585d2f9c10439b3ae1c6def,2023-04-15,featherweight,Decision,0.5277764,0.3663421,0.10588147
715f478ae35da582d9f2f26f,2023-04-15,bantamweight,Decision,0.58209115,0.32232153,0.095587306
a3b645cd303899e532cb969f,2023-04-15,light_heavyweight,KO/TKO,0.39206707,0.49382445,0.114108466
4c702db73869ec0f411cd286,2023-04-15,light_heavyweight,KO/TKO,0.41669247,0.4117014,0.17160608
99f50e21f3c2b8fb41bfe804,2023-04-22,middleweight,KO/TKO,0.5686799,0.34703866,0.08428141
379db5a242315cc0331f6ab9,2023-04-22,bantamweight,KO/TKO,0.56923556,0.2892459,0.14151852
42d8de57f8ac25ae0a59af37,2023-04-22,featherweight,Decision,0.5205083,0.31870902,0.16078274
69df5f5db0fe03de6d83eeb9,2023-04-22,womens_flyweight,Decision,0.6406183,0.20217565,0.15720601
ebbd9b0e418daaecd3a5147b,2023-04-22,welterweight,Decision,0.40802988,0.41763103,0.17433906
a81b666d9fea33d5a4e4e227,2023-04-22,womens_featherweight,Decision,0.69960254,0.18949121,0.11090621
15793bfec6a8406b59adf881,2023-04-22,heavyweight,Decision,0.250883,0.57815385,0.17096308
cf2e08d1a2de456001218fbc,2023-04-22,bantamweight,KO/TKO,0.54705524,0.2535998,0.19934496
2d07b591baacde698e40eca7,2023-04-22,lightweight,KO/TKO,0.6167765,0.22783244,0.15539104
d0f44949b918faa8a43733f9,2023-04-22,heavyweight,KO/TKO,0.23495664,0.65943533,0.105608046
64bd164890b13ccd6152e1f3,2023-04-29,middleweight,Submission,0.46054146,0.36080775,0.1786508
382d5f5de3ab9af93ca82b63,2023-04-29,flyweight,Decision,0.5460112,0.3363028,0.117685996
e74e0fcfe591662c36de0f91,2023-04-29,womens_bantamweight,Decision,0.46531573,0.26173028,0.272954
9404efffd14ae8bc7d0dad29,2023-04-29,welterweight,Decision,0.34532326,0.49812943,0.15654734
361d3b8343a3062df1f20add,2023-04-29,catch_weight,Submission,0.37539062,0.45042065,0.17418873
209f89bb364ad65d94f93f8c,2023-04-29,featherweight,KO/TKO,0.47810072,0.33056152,0.19133782
de2dcd0f2af8b8f8855a9ee1,2023-04-29,heavyweight,Decision,0.43259245,0.42352128,0.14388621
79b7440c98a3fe7209a2b6c5,2023-04-29,heavyweight,Decision,0.5366289,0.3471539,0.11621721
a482e08e398790dbc62aab8b,2023-04-29,middleweight,Submission,0.3975747,0.2796987,0.3227266
996883e37beff1a1ac3bb2d5,2023-04-29,bantamweight,KO/TKO,0.5251124,0.33684418,0.13804345
c0f12ad7885173fca8c8dadf,2023-04-29,womens_bantamweight,Submission,0.46439353,0.21969031,0.31591615
8cc6c1a80c3b3e78fc639607,2023-05-06,bantamweight,Decision,0.5187514,0.35987806,0.121370554
8f175dda24ee4d5ed157611f,2023-05-06,welterweight,Decision,0.5305617,0.3534617,0.115976624
38e28862ab0d408ffcf40da9,2023-05-06,heavyweight,KO/TKO,0.4065728,0.4852639,0.108163334
ac89ad183f32d054d164ee0c,2023-05-06,lightweight,KO/TKO,0.46945038,0.3895536,0.14099598
ef1bf09246b82fc675505721,2023-05-06,womens_strawweight,KO/TKO,0.7216797,0.18264534,0.095674984
b96182f98b3de52de631a16b,2023-05-06,middleweight,KO/TKO,0.43695545,0.3422893,0.22075522
2db72ca1fb0fdb7fffe3a93f,2023-05-06,light_heavyweight,Submission,0.5415046,0.368689,0.089806385
c5ebf8e79324e5939125f9ad,2023-05-06,welterweight,Decision,0.37452832,0.49129152,0.13418023
3e2e956ecc31c21affc1243d,2023-05-06,featherweight,Decision,0.45749325,0.27735564,0.26515114
023c4ee9d811ea4e3c8b11fa,2023-05-06,womens_strawweight,Decision,0.6956453,0.17311484,0.13123994
0675c46166735f4643081ce6,2023-05-06,featherweight,Decision,0.5700817,0.2630715,0.1668468
3d3bc5c58bede42fd36c2efb,2023-05-06,middleweight,KO/TKO,0.45576265,0.41856122,0.12567607
73f39af8d610478efc1c33d2,2023-05-13,light_heavyweight,Decision,0.33048683,0.5147825,0.15473072
7a5e52cdf64699c40ca7635d,2023-05-13,welterweight,KO/TKO,0.53760487,0.33380413,0.12859097
8ea417e09eac08a2ad3fe828,2023-05-13,light_heavyweight,KO/TKO,0.3257013,0.5527756,0.121523045
f4ebeab135e8d5bb06730df8,2023-05-13,catch_weight,Decision,0.6304163,0.28528506,0.084298715
bcb161a3c9d9e2a50a8e2857,2023-05-13,welterweight,KO/TKO,0.5482687,0.3517176,0.10001369
74a34d39413c8f931bad1e28,2023-05-13,heavyweight,Submission,0.16505465,0.5663609,0.2685845
f166d8ac6a457943bfe528eb,2023-05-13,womens_bantamweight,Submission,0.60775536,0.23182534,0.16041929
2d1948b604cc1d52072429d7,2023-05-13,womens_flyweight,Decision,0.67972666,0.19449823,0.12577514
7eb37ee4f1b3f74a15b948a6,2023-05-13,heavyweight,Decision,0.52040344,0.37487298,0.10472356
90d417de02b6d71ffa660d3f,2023-05-13,welterweight,KO/TKO,0.54092634,0.30852625,0.15054737
834f2fa194fc1425e6d5a51f,2023-05-13,welterweight,Submission,0.5684433,0.33271292,0.098843805
9dea78b803a1d3cbffb84573,2023-05-20,welterweight,KO/TKO,0.40919426,0.46295938,0.12784636
d5f1029bfe5ae4808dbdeb8b,2023-05-20,lightweight,Decision,0.5034112,0.27316862,0.22342016
583ed00e1a40f7bc24f0e7d7,2023-05-20,lightweight,KO/TKO,0.5242313,0.3503867,0.12538196
a5c6f22d83c3a5cd1f37e6d1,2023-05-20,middleweight,KO/TKO,0.38870138,0.31243137,0.29886723
19550019194953c70877b46a,2023-05-20,catch_weight,Decision,0.6099672,0.24664633,0.1433865
618b7b63848dfb28d9e75658,2023-05-20,heavyweight,Decision,0.37554038,0.40832004,0.21613954
4dad1eec32d230346a567d14,2023-05-20,womens_strawweight,Decision,0.68287873,0.1922104,0.12491084
f80948e2b2d88cf85d8f69c2,2023-05-20,womens_strawweight,Decision,0.53952396,0.27302846,0.1874476
e14152d9d3bcd814f7a78595,2023-05-20,lightweight,KO/TKO,0.41780552,0.4249261,0.15726835
7a892f12809c158957f4222c,2023-05-20,womens_flyweight,KO/TKO,0.6671998,0.22453542,0.10826481
24d6f64dd1a9f4a00b60b172,2023-05-20,welterweight,KO/TKO,0.50472045,0.31968078,0.17559877
a9283fde7464f78285f35d4a,2023-05-20,welterweight,Decision,0.4067122,0.44089895,0.15238881
8d2657059b80b7d256f63ce5,2023-06-03,welterweight,Decision,0.63062304,0.28123304,0.088143915
c47c6d03bdb49b711c50f83c,2023-06-03,featherweight,Decision,0.4770369,0.26431546,0.25864765
fbdb0f998a41190f2e544cb6,2023-06-03,heavyweight,KO/TKO,0.54381275,0.35142055,0.10476672
211bd8ca31ce0bf9f809f926,2023-06-03,bantamweight,KO/TKO,0.5454152,0.2805893,0.17399548
1f74546eab5290536943b881,2023-06-03,bantamweight,Decision,0.5470688,0.269903,0.18302827
43dc5779bee5d6e1feaf1211,2023-06-03,womens_strawweight,Decision,0.6517115,0.20209897,0.14618947
b53d7181f6baa5828ee82925,2023-06-03,lightweight,KO/TKO,0.4935457,0.34771642,0.15873782
eb35eda2f8e562604a3a6587,2023-06-03,lightweight,KO/TKO,0.4030403,0.31177947,0.28518024
a2548db55f411224c2090a87,2023-06-03,bantamweight,Decision,0.4643339,0.33981872,0.19584739
810ebf65cda6f08605d0dfb4,2023-06-03,flyweight,Decision,0.45315617,0.3775601,0.16928376
ba64fa041a0a17289f7ec4aa,2023-06-03,womens_flyweight,Submission,0.4801248,0.19252728,0.32734787
67fdbe55ae06879de2d3096b,2023-06-03,light_heavyweight,Decision,0.46471167,0.45005256,0.0852358
e30468a3c5bcc4c5e6f074a6,2023-06-03,flyweight,Decision,0.57930374,0.265511,0.15518525
41b34cfef0a3c136d4b18cf6,2023-06-10,bantamweight,KO/TKO,0.6162628,0.30028626,0.08345095
2a7b20dea79359f48d7d2aed,2023-06-10,womens_bantamweight,Decision,0.5333201,0.35055012,0.11612976
1f2ee3d9684f952d35509047,2023-06-10,lightweight,KO/TKO,0.44672683,0.28430328,0.2689699
74a471c2a8c54c1c590e1255,2023-06-10,featherweight,Decision,0.54887575,0.26622552,0.18489875
dca56b74a39286560767984d,2023-06-10,flyweight,Decision,0.5332756,0.29868016,0.1680442
fb60c604b16810077c6dce79,2023-06-10,womens_strawweight,Decision,0.67742634,0.20748101,0.115092665
753ef8a86a13c56c70328743,2023-06-10,featherweight,Decision,0.48269334,0.3529505,0.16435608
bfe91c9408462da03caada04,2023-06-10,middleweight,Decision,0.57755715,0.33055282,0.09189003
f6498a4788e114791bbae90c,2023-06-10,welterweight,Submission,0.32223922,0.41723675,0.260524
0830f25bd926d3257e23b2ff,2023-06-10,womens_flyweight,Decision,0.68784755,0.17392194,0.13823049
b5479c9894d56b527aaf98e8,2023-06-17,lightweight,KO/TKO,0.5865324,0.28269413,0.13077341
fa8e30b594409ffd405b94c7,2023-06-17,middleweight,Decision,0.4885067,0.3907614,0.12073187
5de7511b539dc2f35627eeb4,2023-06-17,flyweight,Decision,0.5034013,0.308994,0.18760477
1553628079b91961f98be03a,2023-06-17,flyweight,KO/TKO,0.4590828,0.25621536,0.28470182
1701803460c2492f8c88e6dc,2023-06-17,bantamweight,Submission,0.47874033,0.3412425,0.18001713
5ea10d9b2508835213a7e16b,2023-06-17,lightweight,KO/TKO,0.38084182,0.47408742,0.14507073
1ae6f24c34066c35e05a0ac5,2023-06-17,middleweight,Decision,0.45499465,0.43770805,0.10729728
71155f2f38de2cef21d41ad4,2023-06-17,welterweight,Decision,0.61499673,0.2931584,0.09184486
4afc828e854d71a980a4da1f,2023-06-17,featherweight,Submission,0.41139498,0.35321954,0.23538545
1dc63941f97c2b53d6e7944e,2023-06-17,womens_flyweight,Decision,0.57667476,0.2008949,0.22243035
b835ef106ba0d320989caaa9,2023-06-17,light_heavyweight,Decision,0.4424924,0.44032496,0.11718269
9738dbbd12c022ab8c0244f4,2023-06-24,womens_flyweight,KO/TKO,0.6911186,0.15597521,0.15290621
26d1929d5e6faf685d9524e4,2023-06-24,middleweight,Submission,0.37097982,0.40349045,0.22552973
02caa0904488e97a0c57821e,2023-06-24,middleweight,Decision,0.35859752,0.36488783,0.27651462
8538c8b918b1de21ed7edfdc,2023-06-24,featherweight,KO/TKO,0.58745545,0.2709747,0.14156984
0c4515b1fb214c21809f0083,2023-06-24,featherweight,Decision,0.6416392,0.23584749,0.1225133
a6a76a7a7db7da77a11b5ecc,2023-06-24,featherweight,Decision,0.33499235,0.49867707,0.16633059
0744f58285748a8258aff8bb,2023-06-24,lightweight,KO/TKO,0.64985967,0.2209467,0.12919363
86089570ccc769b26795cf5c,2023-06-24,welterweight,Decision,0.53922254,0.31850946,0.14226799
34413a75b78402855b689235,2023-06-24,welterweight,Decision,0.48197222,0.31794977,0.200078
d63c07a027a8bfced274a3e8,2023-06-24,womens_strawweight,Decision,0.5679292,0.17838736,0.25368345
355dde8fa8af4f55e7903345,2023-06-24,lightweight,Decision,0.38737637,0.45703557,0.15558803
d903ae15997c5c3259527ac9,2023-06-24,flyweight,Decision,0.5173145,0.31186694,0.17081861
c16d37110bfde910cc00a282,2023-07-01,heavyweight,Decision,0.51664054,0.31684637,0.16651306
f0881ed5aee329899d5dbe32,2023-07-01,womens_flyweight,Decision,0.61695236,0.24560498,0.13744268
ff5a4b29681042b715de7dd8,2023-07-01,middleweight,KO/TKO,0.3551708,0.5110954,0.1337338
66a014a3d695164cadb97344,2023-07-01,lightweight,Decision,0.5826504,0.2271853,0.19016428
5a3fafcfe8cf52b7388b69c6,2023-07-01,lightweight,KO/TKO,0.62409747,0.27620384,0.09969868
031c91854eac829bdf2ffa2c,2023-07-01,lightweight,Submission,0.3905691,0.3947701,0.21466081
40db9ab26d4cae9288a4883f,2023-07-01,womens_flyweight,Decision,0.5642847,0.22871463,0.20700069
4ce7c778f23cd1bf4546e0ec,2023-07-01,featherweight,KO/TKO,0.40766117,0.31739888,0.27493995
2906ec3d58e436e5228c8dff,2023-07-01,welterweight,Submission,0.61528945,0.23482779,0.14988275
36428584824bba6898b4824a,2023-07-01,welterweight,Decision,0.44758487,0.4425958,0.109819286
44200bfac7f2a84fa9b3c2c3,2023-07-01,middleweight,KO/TKO,0.31681126,0.5583527,0.12483604
f2750b184214af53cd2d9552,2023-07-01,womens_featherweight,Decision,0.6643433,0.20958954,0.12606718
bfd5cf090725753cb73a2027,2023-07-08,featherweight,KO/TKO,0.5073476,0.38662487,0.10602754
b7b4f20cf8dafb6a112ac7d0,2023-07-08,middleweight,KO/TKO,0.35367396,0.25032055,0.3960055
8391134e7f930a916e52ef20,2023-07-08,flyweight,Decision,0.46017125,0.38292688,0.15690184
339bc6663a7f472154266feb,2023-07-08,bantamweight,KO/TKO,0.52399164,0.31132653,0.16468184
59f58c9c40c64fe1b8d474ff,2023-07-08,lightweight,Decision,0.39934602,0.38973656,0.21091741
8b7bd39fd6c76d413400ef59,2023-07-08,light_heavyweight,Submission,0.2916389,0.49728328,0.21107776
d05493e5cdd7938e02c6367f,2023-07-08,lightweight,Decision,0.5487464,0.27574772,0.17550585
e724df897e9fa95b33128001,2023-07-08,welterweight,KO/TKO,0.44458044,0.4027694,0.15265013
243b01b43b4d154ee283edb4,2023-07-08,middleweight,KO/TKO,0.5562612,0.31512117,0.12861766
0580b939723798e97e523064,2023-07-08,flyweight,KO/TKO,0.3226535,0.35331118,0.32403526
3ee9d49d2883a76f0d0b3ebd,2023-07-08,catch_weight,Decision,0.21318299,0.32277277,0.4640442
307078a8aaf55515debd7e4a,2023-07-08,light_heavyweight,Submission,0.44716382,0.41756722,0.13526896
c040765e9cd22df2535af702,2023-07-08,womens_strawweight,KO/TKO,0.53791183,0.2776571,0.18443105
0e415addf4419c1bb7040995,2023-07-15,middleweight,Submission,0.6291473,0.22109358,0.14975917
fae07c7909695a8de2670ea9,2023-07-15,lightweight,Decision,0.6176114,0.24621008,0.13617851
95d5ccbd56f49fdaea7018e3,2023-07-15,womens_bantamweight,Decision,0.6548097,0.20906997,0.13612035
570ed242ca21c62fa3a6e0bd,2023-07-15,featherweight,Decision,0.6015595,0.276851,0.12158951
5fb55152ac40582efdac2338,2023-07-15,lightweight,Decision,0.5747417,0.28456804,0.14069028
dc8c54b14e642c0f7dcc5d7f,2023-07-15,welterweight,Decision,0.34751886,0.46331632,0.1891648
d5acd4b37d67e89519b6bd83,2023-07-15,lightweight,Submission,0.35518554,0.36628893,0.27852553
59e240a1926ab9668d4ea114,2023-07-15,womens_featherweight,Decision,0.6179195,0.2645273,0.117553204
20480c79595fbb7397cbcdad,2023-07-15,lightweight,KO/TKO,0.3975881,0.39070982,0.21170208
0504e93f7602bdaadee9e83e,2023-07-15,featherweight,Decision,0.6130481,0.28140372,0.105548225
c66bd437648ce6c9d36fffd1,2023-07-15,flyweight,Decision,0.4157136,0.45702156,0.12726478
aee881a6e3b66ff815a14b4e,2023-07-15,womens_strawweight,KO/TKO,0.5664007,0.2809893,0.15260999
37dbd1517fc350dfdb82fe5e,2023-07-22,lightweight,Decision,0.4568757,0.28961012,0.25351414
2086564bb6d1a17b69d9594a,2023-07-22,welterweight,KO/TKO,0.41860664,0.41136602,0.17002738
85cc199fb2cc71d7610b426a,2023-07-22,bantamweight,Decision,0.45885414,0.41754606,0.12359978
d374ad54876bdc9ab00d188f,2023-07-22,flyweight,Submission,0.4202696,0.31108955,0.26864088
f287ecd9b1b2b7e5886818fe,2023-07-22,lightweight,Decision,0.50193864,0.35393026,0.14413114
5e03556ac21059d5540468b2,2023-07-22,womens_bantamweight,Decision,0.7140697,0.18055184,0.10537851
88f4cf3ed1e8dc3bee9e78de,2023-07-22,featherweight,Decision,0.5137666,0.3136419,0.17259149
f684f924db9762a5a24943d1,2023-07-22,middleweight,Decision,0.55825496,0.34162438,0.10012065
07930a4698e812e3c33400df,2023-07-22,lightweight,Submission,0.47075504,0.31987152,0.20937346
dc10ede4fff61150475f025f,2023-07-22,heavyweight,Decision,0.4477004,0.36688352,0.1854161
1e5aadefe4f8b514331f7df1,2023-07-22,womens_flyweight,Submission,0.64920634,0.18096663,0.16982701
be6f6a66dd1475a253d21e8f,2023-07-22,featherweight,Decision,0.6193596,0.2567358,0.12390454
cdab172520a4c2a4e3be3200,2023-07-22,middleweight,KO/TKO,0.44237322,0.25596476,0.30166203
b6deee15173724b04f140ec9,2023-07-22,womens_strawweight,Decision,0.48527202,0.27703273,0.23769522
8dbb536f8d8d18684dece8d9,2023-07-22,heavyweight,KO/TKO,0.26453966,0.5859518,0.14950857
cf7ebf33fc2afed4809e7db8,2023-07-29,flyweight,Decision,0.60772836,0.27153796,0.120733656
4e8cbb73bf869a8da3d7deaa,2023-07-29,heavyweight,KO/TKO,0.3904907,0.47323334,0.13627592
2a07f8ea0b27887c995f15a1,2023-07-29,lightweight,KO/TKO,0.3765178,0.4732571,0.15022515
f1f93d9da3d77601ddc068c8,2023-07-29,welterweight,Submission,0.40378618,0.3175516,0.27866217
7cfdf3b2768432a51473f253,2023-07-29,welterweight,Submission,0.47313586,0.32889834,0.19796579
73c5255ed61178a04a589d37,2023-07-29,light_heavyweight,Decision,0.48104185,0.44574696,0.073211186
542062f841901da309fd39d0,2023-07-29,welterweight,KO/TKO,0.43465033,0.44176227,0.12358743
1441ccf352df4b05c9a83aea,2023-07-29,welterweight,Submission,0.49050245,0.29760748,0.21189015
c7180a83d72402d7608bdceb,2023-07-29,womens_flyweight,Submission,0.5698146,0.28993556,0.14024983
3a32c6a5cc5a1fd46bea3e47,2023-07-29,middleweight,KO/TKO,0.39956582,0.44888815,0.15154606
7bb394fbae44e1da0cd5bca3,2023-07-29,lightweight,Submission,0.60432845,0.26395622,0.13171539
282fb397e104dd45c570b28a,2023-08-05,featherweight,Decision,0.4280595,0.31663272,0.25530785
b787cf6c2fa2ed8c9e195150,2023-08-05,flyweight,Decision,0.42291743,0.3435912,0.2334913
6560f72e1b1c9b8138574df6,2023-08-05,catch_weight,Decision,0.43507308,0.44305906,0.1218679
f94e4cad52bf9a6b2f38df61,2023-08-05,featherweight,Submission,0.52548164,0.2526526,0.22186576
ce84563cfe04a65b5b76020c,2023-08-05,light_heavyweight,KO/TKO,0.43696314,0.46845973,0.094577126
0473c7065872a7d67606359f,2023-08-05,lightweight,Decision,0.60445017,0.27719358,0.1183562
268d66a04a0a2276ada61537,2023-08-05,welterweight,Submission,0.3910916,0.4412497,0.16765867
d6ee9a0d0b602cdfb29a682a,2023-08-05,womens_strawweight,Submission,0.5827944,0.21352363,0.20368192
d51412c5c86ef83705f9476f,2023-08-05,bantamweight,Decision,0.56679827,0.31306246,0.120139256
bb3b63715b62f6b0e4f65950,2023-08-05,flyweight,Submission,0.4702987,0.40963435,0.12006697
358d2e14d9541e87802ef07a,2023-08-05,featherweight,Decision,0.48048678,0.38684446,0.13266876
8a9f408c675d89c45391bc0c,2023-08-05,light_heavyweight,Decision,0.52103007,0.390314,0.088655934
cc0dfcba2a9a1a686e41e380,2023-08-12,middleweight,Decision,0.5665767,0.31221396,0.12120932
21b8a0738ac50baebd05d9ac,2023-08-12,featherweight,Decision,0.5907876,0.33036795,0.07884441
b0a0a0e4e665e9f2ee272956,2023-08-12,bantamweight,Submission,0.45813844,0.32957113,0.21229044
56c51c3acfc72d7fc859ad42,2023-08-12,featherweight,KO/TKO,0.39672646,0.34438828,0.25888526
f83ebe6bf664c143f114ee24,2023-08-12,womens_strawweight,KO/TKO,0.57941926,0.17730649,0.24327424
cae33a4c01f60ea5bc1c2a9a,2023-08-12,middleweight,Decision,0.4673593,0.2573758,0.2752649
d7b541461594eecc66b90080,2023-08-12,heavyweight,Submission,0.5338904,0.37199396,0.09411556
21dc27ee66f98446e047ad70,2023-08-12,bantamweight,KO/TKO,0.43224886,0.3159381,0.25181305
6f0ec3612994e967fb90e063,2023-08-12,womens_flyweight,KO/TKO,0.44079003,0.2370768,0.3221332
e18d45083a7c265a8622e262,2023-08-12,light_heavyweight,KO/TKO,0.29810536,0.6164405,0.0854542
c9c58ef3f78b8a1983f75960,2023-08-12,womens_strawweight,Submission,0.64062333,0.17439616,0.18498053
a6d4278c3e85ccf981d560d7,2023-08-12,lightweight,KO/TKO,0.4178043,0.34621367,0.23598203
fe4d9885f4576d7ab9015c10,2023-08-12,welterweight,Decision,0.40788388,0.45002836,0.14208776
471c5569daaa1a004351935d,2023-08-19,bantamweight,KO/TKO,0.48827526,0.3783284,0.13339628
0b46edbdd82ecaaa8339d80a,2023-08-19,middleweight,Decision,0.42857954,0.22445774,0.34696272
34b4caec2c3e9c8cc351c602,2023-08-19,womens_flyweight,Decision,0.6356796,0.24811625,0.11620414
2defed33fd46d631e90ba986,2023-08-19,bantamweight,Decision,0.62163395,0.26903588,0.10933015
e1c4b3bb77a1f665d7e9edb8,2023-08-19,middleweight,Decision,0.6011125,0.26318035,0.13570717
f77e8217af476c8d76c17de8,2023-08-19,bantamweight,Decision,0.4340978,0.3309564,0.23494577
5e2db79a3a1ad7fa4a047658,2023-08-19,middleweight,KO/TKO,0.40075043,0.4525903,0.14665933
6146e55c7547bad0f4598567,2023-08-19,womens_flyweight,Submission,0.50882316,0.16859627,0.3225806
44a0ede1f5c3febcd8158c1b,2023-08-19,lightweight,Submission,0.60032064,0.27364182,0.12603751
6a9d8431526f7e7ae3505c22,2023-08-19,bantamweight,Decision,0.5666466,0.3186457,0.11470775
f59c117ae7cabc52d4b52159,2023-08-19,welterweight,Decision,0.55484354,0.3425719,0.102584556
acbef5f5bc43c180f987011c,2023-08-19,womens_strawweight,Decision,0.42553192,0.41660312,0.15786497
46011dba71434bf36e3c4864,2023-08-26,light_heavyweight,Decision,0.29875743,0.51958805,0.18165451
7a36e5dab09fb0e3a32fff3f,2023-08-26,welterweight,KO/TKO,0.3995708,0.40276235,0.19766682
bff6b688a0748a0496dde666,2023-08-26,middleweight,KO/TKO,0.37398875,0.4900393,0.13597204
31b7a66eb42b8c36524c3ab3,2023-08-26,womens_flyweight,Decision,0.63158906,0.18805724,0.1803537
dd4024c9c91e5afd2d978e95,2023-08-26,featherweight,Decision,0.61549467,0.2739959,0.110509455
f0e0f24c2d6eded73e540e2d,2023-08-26,heavyweight,KO/TKO,0.49820262,0.4099921,0.09180533
f3ff547fc056f0ae57dcdd5c,2023-08-26,womens_flyweight,KO/TKO,0.5099217,0.23151451,0.25856376
afe662b987c151d703cd1acb,2023-08-26,featherweight,KO/TKO,0.49275193,0.40159458,0.10565342
ac6f2e63fe39b2f0a273ae19,2023-08-26,bantamweight,Decision,0.399482,0.38450286,0.21601517
baae93ffbdc1bf0262cee6e1,2023-08-26,featherweight,Decision,0.5533138,0.27547294,0.1712133
99ab297a031513ce93f1576f,2023-08-26,welterweight,Decision,0.5218509,0.37184358,0.10630554
32ae1bb3fc496ea9626ce862,2023-08-26,bantamweight,KO/TKO,0.44325155,0.37510157,0.18164688
1fe545c4e1dfc5237a9e4748,2023-08-26,heavyweight,KO/TKO,0.53937846,0.36115012,0.09947142
ffa7455c3e5ede174ad4112d,2023-09-02,welterweight,Decision,0.59620506,0.27739897,0.12639602
6d0f7ada6c998fb0eaf089de,2023-09-02,lightweight,KO/TKO,0.45421204,0.25880924,0.28697875
fd33be38cb0d1d4d0f6bca6f,2023-09-02,heavyweight,KO/TKO,0.35968938,0.49775633,0.14255434
6bd93fadde24f7c7a79345fe,2023-09-02,bantamweight,Submission,0.5480475,0.3063562,0.14559634
65293a8e2961fadaeef4cf65,2023-09-02,womens_flyweight,Decision,0.6923589,0.21232204,0.09531902
2d1078d0507597c4e604903a,2023-09-02,featherweight,KO/TKO,0.39464656,0.31526458,0.29008886
a4d79f54aeee4768f37396e2,2023-09-02,womens_bantamweight,Decision,0.61426616,0.23955235,0.14618143
44fbb5a2110d15b720a9751d,2023-09-02,bantamweight,Decision,0.49415877,0.313804,0.19203718
555e57ac84583be4ae725a15,2023-09-02,light_heavyweight,Submission,0.38281506,0.48687428,0.1303107
21efe4021b701a3f681a8c10,2023-09-02,featherweight,KO/TKO,0.56122863,0.28228766,0.15648375
6e1227e9009e6929393b1fee,2023-09-02,catch_weight,Decision,0.27332127,0.5473085,0.17937018
011b9746ab115630dd02c0fb,2023-09-09,welterweight,Decision,0.385587,0.37657368,0.23783931
b21089f4d62b3730b34a4346,2023-09-09,light_heavyweight,Submission,0.30915532,0.57333857,0.11750615
1b6d13bce1996a9787f00657,2023-09-09,middleweight,Decision,0.4736734,0.44162157,0.08470507
b2b23742f60158de1d1c5c14,2023-09-09,featherweight,KO/TKO,0.6065874,0.23496602,0.15844658
b8118cbf106d813928e0b82a,2023-09-09,lightweight,Decision,0.61295635,0.30361462,0.083429016
27e9d3412a74a9570b14c3f3,2023-09-09,heavyweight,KO/TKO,0.31188047,0.5840879,0.104031615
16064fb85fa34316d72d9e6c,2023-09-09,welterweight,Submission,0.36560667,0.3500787,0.28431466
f84f38efd0c68a4d11911324,2023-09-09,flyweight,Decision,0.40879267,0.4479616,0.14324576
a0cc78d39dbec7a5ce6e1bd4,2023-09-09,lightweight,Decision,0.5367883,0.338106,0.12510571
ed8e3c472972a277f73c443c,2023-09-09,featherweight,Submission,0.50347054,0.34397373,0.15255567
b04e6f3b3710a8911531f136,2023-09-09,heavyweight,Submission,0.39332715,0.51654917,0.090123646
16cede3f450ae715871ef8c3,2023-09-09,light_heavyweight,KO/TKO,0.31134334,0.49878275,0.18987387
ead4ef0da3ceb9dbd827dd4b,2023-09-16,lightweight,KO/TKO,0.42231876,0.35421085,0.22347037
c8cfe9c5b42f5b7ceda34093,2023-09-16,lightweight,Submission,0.63061285,0.23698243,0.13240476
f0c6e7a442001e286c22093f,2023-09-16,featherweight,Decision,0.34040442,0.45490494,0.20469068
eaa1d742167744bbb2317e5f,2023-09-16,womens_strawweight,Decision,0.4409496,0.25363275,0.30541766
399469f15d7034c6b5c5aa4c,2023-09-16,welterweight,Decision,0.4227361,0.42508972,0.15217419
2d4c42ccd0419f0034998f5b,2023-09-16,womens_strawweight,Submission,0.6927942,0.17162912,0.1355767
8e05c99e0cfb203d446ab29e,2023-09-16,bantamweight,KO/TKO,0.4497342,0.22868855,0.32157728
281de41fa325e8017e097798,2023-09-16,middleweight,KO/TKO,0.425483,0.36071643,0.21380053
568b5c62f6997dbaa49f2d78,2023-09-16,womens_flyweight,Decision,0.6720274,0.19145268,0.13651992
a8d577f3a15db8e801f72cab,2023-09-23,welterweight,Submission,0.41765577,0.2805979,0.30174637
cd56e5717d0aecb3365e555b,2023-09-23,featherweight,Decision,0.57666427,0.24778059,0.17555512
e705c6274e273eb488346925,2023-09-23,womens_strawweight,KO/TKO,0.6767946,0.18716146,0.1360439
5f67fcb6ff0330a07c25670c,2023-09-23,womens_strawweight,Decision,0.6957557,0.1651656,0.13907868
534e4ba8dcf5d6b12163bd43,2023-09-23,heavyweight,Decision,0.41587886,0.4482391,0.135882
ef95cdf14de0f6f13da1c922,2023-09-23,lightweight,KO/TKO,0.547621,0.36437157,0.088007376
23bb45e27781d3fef56a8d5c,2023-09-23,featherweight,Submission,0.595016,0.2848536,0.12013032
abd474deac0d6aaec693b319,2023-09-23,womens_bantamweight,Decision,0.43812862,0.3689472,0.19292416
afad3865935211f104c76cb6,2023-09-23,welterweight,KO/TKO,0.46498832,0.40925,0.1257617
24613e52b4d9b4373f4e4226,2023-10-07,welterweight,Decision,0.47694197,0.4009552,0.122102864
e808ac354fb383fa280dda7a,2023-10-07,featherweight,Decision,0.5300993,0.35229948,0.11760122
c2fc0ceaf543ba31b0c8a9dd,2023-10-07,bantamweight,Decision,0.45505834,0.29394257,0.25099912
1e86a983200de4386d6df19e,2023-10-07,lightweight,KO/TKO,0.47355366,0.38387388,0.14257252
80a2c51a131f7e11f83c99c2,2023-10-07,lightweight,KO/TKO,0.45277828,0.3453606,0.20186111
b0fd3639ae3acd8f3c7f83a6,2023-10-07,middleweight,Submission,0.3601865,0.51259404,0.12721944
fe10b939cf29ddef67d106d5,2023-10-07,womens_strawweight,Decision,0.680368,0.22168231,0.097949736
da52ce077dfbc710eeee7d80,2023-10-07,womens_flyweight,Decision,0.6562686,0.176029,0.16770239
5d96dab1b32c072c721a3140,2023-10-07,flyweight,KO/TKO,0.60813004,0.25571007,0.13615991
3b2b6f588f233752d4106bfe,2023-10-07,womens_strawweight,Decision,0.6658834,0.17227586,0.16184077
af737fed0b9b7d7e97b45800,2023-10-14,middleweight,KO/TKO,0.5436579,0.26996738,0.18637468
fe5a4702ff9ab44d8fd9a270,2023-10-14,womens_strawweight,Decision,0.68293977,0.18523735,0.13182291
9f46ec6a1c5898a3f4218fa9,2023-10-14,bantamweight,Decision,0.58922845,0.322397,0.08837453
bc494225f9e8733daace3b08,2023-10-14,bantamweight,Decision,0.49680287,0.28713095,0.21606612
f9055a3cf35dd1b47246db50,2023-10-14,featherweight,Submission,0.6067276,0.22310331,0.17016909
d140971eb1e02bcc7e160759,2023-10-14,womens_bantamweight,Decision,0.49539208,0.24256103,0.26204684
846b585d86cb8c9a7c662345,2023-10-14,womens_flyweight,Decision,0.72247475,0.16723397,0.11029128
71152a346f5435274991f699,2023-10-14,bantamweight,KO/TKO,0.5332209,0.3680484,0.09873073
a60d64e4d57ac341a707429b,2023-10-14,featherweight,Decision,0.38947213,0.47547895,0.13504891
e9b3649cbac6fea997127d09,2023-10-14,womens_bantamweight,Decision,0.5390633,0.18499707,0.27593967
6eb8e73eeedd0a4d4f090e59,2023-10-14,lightweight,KO/TKO,0.3826874,0.3243866,0.29292604
daa19bc1073e4de488b93099,2023-10-21,middleweight,Decision,0.56882966,0.3038272,0.12734315
bd5197ce9e21f062e91cfdcc,2023-10-21,middleweight,KO/TKO,0.3524205,0.4963087,0.15127072
29ca6c04a5121ff6b3aead16,2023-10-21,lightweight,KO/TKO,0.5628695,0.3092659,0.12786467
53f58a616f1f98162f59d9a1,2023-10-21,middleweight,Decision,0.4852989,0.32721403,0.18748707
259473adab67fa6d9c216e30,2023-10-21,lightweight,KO/TKO,0.40187138,0.30941156,0.2887171
e7ce0cf4e2292cc04f227813,2023-10-21,lightweight,Decision,0.40147567,0.4177913,0.18073301
a12daf4c80637768db6e3c5a,2023-10-21,featherweight,Decision,0.47897285,0.36631736,0.15470979
28eb240747f515de3836fdbf,2023-10-21,bantamweight,Submission,0.52459484,0.29242283,0.18298231
f0516b939f36ebafdf81ca17,2023-10-21,middleweight,Decision,0.40781057,0.4635742,0.1286152
62d3a5771d6b10f0089a8f81,2023-10-21,flyweight,Submission,0.6122155,0.19998239,0.18780209
757ba2eafdc177b61032db32,2023-10-21,womens_strawweight,Decision,0.54688966,0.28697452,0.16613582
04563713f288927086d00dc8,2023-11-04,womens_strawweight,Decision,0.53715414,0.27309528,0.1897506
4dc323525ec4fe6a1902471c,2023-11-04,middleweight,Decision,0.41426918,0.38597226,0.19975853
7a0160ef91b1c3b2e386696c,2023-11-04,womens_strawweight,KO/TKO,0.49373147,0.25190726,0.25436124
63065d8129b0cd4edb422521,2023-11-04,catch_weight,KO/TKO,0.3535015,0.46724716,0.17925134
1c5a8fa50a02c5f7237e7096,2023-11-04,welterweight,KO/TKO,0.47735348,0.24565998,0.27698657
74447d459909b91d8cbc210f,2023-11-04,heavyweight,Decision,0.2061599,0.53494996,0.25889018
c7d24b653dac82db9b54ce3f,2023-11-04,lightweight,Decision,0.51678175,0.30442482,0.17879345
df9a143b6b0fd7913bb8edfc,2023-11-04,heavyweight,Decision,0.44042483,0.40138575,0.15818948
de2c9e0a9b1e5ca7f500117c,2023-11-04,light_heavyweight,KO/TKO,0.48809934,0.321074,0.1908267
d15dd8dad27d3ee24d69ac60,2023-11-11,featherweight,KO/TKO,0.6102731,0.26807955,0.12164738
afa38907d741913db5a7be3e,2023-11-11,featherweight,KO/TKO,0.39318392,0.21980754,0.38700852
8a2b05dae46c16a168a3e654,2023-11-11,lightweight,KO/TKO,0.6676858,0.23651072,0.09580352
496a2700b89769900984608d,2023-11-11,womens_strawweight,KO/TKO,0.60633254,0.18690157,0.20676592
8d6e2b7b8b22ac6ba0a22969,2023-11-11,light_heavyweight,KO/TKO,0.3274047,0.57678354,0.09581176
e8561543ae98872e901f6879,2023-11-11,catch_weight,Decision,0.54532194,0.3011941,0.15348394
833524b44b22bd3208f2fbd3,2023-11-11,flyweight,Decision,0.555227,0.30594638,0.13882664
d20739f6f7bd77ea12be13e0,2023-11-11,lightweight,Submission,0.58590245,0.2465346,0.1675629
144baece3f6aa1688e288975,2023-11-11,lightweight,KO/TKO,0.39944988,0.3654281,0.23512203
e7b64eb7fc4775216b389738,2023-11-11,heavyweight,KO/TKO,0.20327376,0.584532,0.21219423
177541d6f63823d585239290,2023-11-11,flyweight,Decision,0.56255245,0.29968354,0.13776402
f41b81824fdcc42b9e4d0405,2023-11-11,womens_strawweight,Decision,0.6835033,0.16723865,0.149258
f2df0f0bae9607c1cf534447,2023-11-18,middleweight,Submission,0.2992534,0.3653826,0.33536395
d364f1a7af8353a6a5bb476f,2023-11-18,bantamweight,Submission,0.40464723,0.39220482,0.20314796
00e7ffbaf4344527093873a4,2023-11-18,flyweight,Decision,0.514867,0.32500488,0.16012809
459984a71320f6181b1f6a92,2023-11-18,lightweight,Submission,0.3807763,0.32020074,0.29902294
cac245615a9748a0186e36ce,2023-11-18,middleweight,KO/TKO,0.35694537,0.49811363,0.14494099
8e520f2d4e402e4c08eac42a,2023-11-18,featherweight,KO/TKO,0.4668306,0.3685344,0.16463499
19a60d3bb692f7fab1aa0998,2023-11-18,featherweight,Submission,0.4522936,0.32115543,0.226551
5d678692a9535ae7a7113d36,2023-11-18,womens_strawweight,KO/TKO,0.68185717,0.1755874,0.14255545
e5dbe1f65469011be90331f1,2023-11-18,womens_bantamweight,Decision,0.65206534,0.19748081,0.1504539
0814c6241270848832ee1c95,2023-11-18,welterweight,Decision,0.44624987,0.40044555,0.15330456
d7d1847897d6db266f12f753,2023-11-18,heavyweight,Decision,0.46988827,0.41063946,0.11947223
ded733c1abeb30eef94d0f74,2023-11-18,bantamweight,Submission,0.43617824,0.30732322,0.25649846
d8489abaf1802fa3a1021b7f,2023-11-18,welterweight,Submission,0.3747225,0.48732296,0.13795449
3244052f0a3815145fdd8188,2023-12-02,lightweight,KO/TKO,0.47802547,0.35178304,0.17019147
29c71d1b4084e31abd61e31c,2023-12-02,lightweight,Decision,0.49991158,0.32389012,0.17619833
266fe16c8f3e3b75a7f4c4a3,2023-12-02,lightweight,KO/TKO,0.5900251,0.24334422,0.16663063
577f775be78964896ac1a903,2023-12-02,lightweight,KO/TKO,0.4251496,0.38618985,0.18866056
aa55d74034f3a3481fb4d6d8,2023-12-02,womens_bantamweight,Submission,0.65488416,0.19591814,0.14919765
6a65ab2dbc5dee6257dc9595,2023-12-02,middleweight,Submission,0.47598574,0.39917824,0.12483599
ae90c163fbadc8e692614a68,2023-12-02,bantamweight,Decision,0.509429,0.33313924,0.15743178
d9ba19f4c35501b7970cbdd2,2023-12-02,light_heavyweight,KO/TKO,0.29021585,0.571679,0.13810515
485be0671ebd8c05327115aa,2023-12-02,welterweight,Submission,0.63600945,0.24816096,0.11582962
d0150e31146bd1f6c53d9109,2023-12-02,womens_flyweight,Decision,0.677258,0.17596439,0.14677757
71220001b252fdbf72418ec3,2023-12-02,welterweight,Submission,0.56296045,0.2930201,0.14401944
9fc28e3dc009b827883edd97,2023-12-02,middleweight,KO/TKO,0.3816919,0.36249542,0.2558127
aef3796599ba902b135e1a2e,2023-12-09,light_heavyweight,KO/TKO,0.35042992,0.53012276,0.119447336
5b76e797c4ffb48b61410c9d,2023-12-09,flyweight,KO/TKO,0.45079026,0.26519498,0.28401476
1466c10bcdb2f1b0a1352dec,2023-12-09,middleweight,Decision,0.5186862,0.27494627,0.20636757
55082c328945d276153798e0,2023-12-09,womens_bantamweight,Decision,0.39511812,0.29286388,0.31201798
0a60ebc269e85bff31e989ed,2023-12-09,lightweight,KO/TKO,0.6234804,0.28717625,0.089343324
23ae5ee3a2a189aeb6fad511,2023-12-09,womens_strawweight,Decision,0.4409496,0.25363275,0.30541766
aaea90999d2c2c9ef107ce94,2023-12-09,welterweight,Decision,0.35701746,0.39531255,0.24766998
e4f499527d31d66c982fd653,2023-12-09,bantamweight,Decision,0.48195052,0.4213457,0.096703716
1717f90d2160832604d7a78d,2023-12-09,lightweight,KO/TKO,0.46974456,0.33925173,0.19100375
adb8d33c46026c9bd9e6fbca,2023-12-09,flyweight,KO/TKO,0.52135044,0.23730129,0.2413483
f02ef45176d4af0219dabfa5,2023-12-09,bantamweight,Submission,0.5687065,0.2859917,0.14530183
280a428b31e2aef693a0f9f4,2023-12-16,flyweight,Decision,0.34538022,0.40466022,0.24995953
d3365e6d3be6de5629a2c7a8,2023-12-16,light_heavyweight,Decision,0.40412456,0.49331412,0.102561325
d577b5cf3001b917a08711f8,2023-12-16,featherweight,KO/TKO,0.4704339,0.40901643,0.12054963
39fc49a6ebd402e80c2483c6,2023-12-16,womens_flyweight,Submission,0.6556188,0.19949485,0.14488639
1330b89f70ea839717128850,2023-12-16,bantamweight,KO/TKO,0.47868878,0.35911632,0.16219494
058ef2585a4f17f0e5ad91cf,2023-12-16,womens_bantamweight,Decision,0.6916144,0.2193696,0.089016
f34bd1f41290f9fed4eb494a,2023-12-16,featherweight,KO/TKO,0.54405534,0.28599778,0.16994686
687a5fbe17d8dbd9d362aad4,2023-12-16,welterweight,Decision,0.5221149,0.36118072,0.11670435
bb649a9711cf49795b3c4110,2023-12-16,heavyweight,KO/TKO,0.4190976,0.44646987,0.1344325
8b6069a7a68e296dabf0a2b7,2023-12-16,welterweight,Submission,0.45919564,0.37700912,0.16379528
0248f733a0a79ce27869d3bb,2023-12-16,flyweight,Submission,0.575384,0.24838012,0.17623587
ebe757e2d75707e5c685fa5c,2023-12-16,lightweight,Decision,0.4013316,0.351215,0.24745339
350855927478bdd1e949d40c,2024-01-13,heavyweight,Decision,0.45660445,0.4471349,0.096260644
3429305b9c7c09859dea585b,2024-01-13,bantamweight,Decision,0.57822657,0.24280898,0.17896448
3a6a6b413fb74d30cc7ca422,2024-01-13,lightweight,Submission,0.42946264,0.33734274,0.23319462
428a69abf162f2b9b7b4fc5d,2024-01-13,flyweight,KO/TKO,0.5359994,0.33342353,0.13057707
25198c09b99dc5ef33baad00,2024-01-13,light_heavyweight,KO/TKO,0.2594653,0.6291648,0.111369856
4a93776243956f8fbb398bfd,2024-01-13,bantamweight,KO/TKO,0.4602319,0.32021442,0.21955363
406ffce8282d87e7c9405a2e,2024-01-13,welterweight,Decision,0.48731068,0.325084,0.18760532
811e412052d3c3ce36862e6e,2024-01-13,lightweight,KO/TKO,0.424575,0.42566037,0.1497646
8cc7da19086c6ed2e0367e37,2024-01-13,middleweight,KO/TKO,0.38670963,0.49849,0.1148003
8fe948f0238e3128d28de6c2,2024-01-13,bantamweight,Decision,0.5054344,0.27147186,0.22309375
5d13c41cb62ff0921715726b,2024-01-13,featherweight,KO/TKO,0.32691368,0.38493493,0.28815144
b7feb4f5c53ec81135796ed1,2024-01-20,featherweight,Decision,0.6859656,0.20849295,0.10554148
19f5549fd17592807a27b146,2024-01-20,bantamweight,Decision,0.48933104,0.3815453,0.12912364
89c2b506cd80a961358c0aa7,2024-01-20,featherweight,Decision,0.5921908,0.2754377,0.13237147
2cfc07cf6675811da4dccda6,2024-01-20,middleweight,Decision,0.5587979,0.3508288,0.090373285
dc907d383820e288b4e21f7a,2024-01-20,womens_strawweight,KO/TKO,0.46942574,0.19429173,0.33628258
381492d3d739b74de7beeaf8,2024-01-20,womens_bantamweight,Submission,0.6542913,0.24145538,0.10425335
1885c2392f3fc4e13cca8970,2024-01-20,flyweight,Submission,0.41578504,0.30680847,0.27740645
d03ee612207eed674bede235,2024-01-20,welterweight,KO/TKO,0.38588837,0.38532063,0.22879097
b714ef8d91fff6b78df25c03,2024-01-20,womens_bantamweight,Decision,0.55790514,0.23204517,0.21004972
8101ef269b3e43cfcb139bb0,2024-01-20,middleweight,Decision,0.48326898,0.36705098,0.14968002
cfab9e2259fc0aaa894fea97,2024-01-20,bantamweight,Decision,0.38362622,0.33783707,0.2785367
c5a68290631162d0cceb4de3,2024-01-20,welterweight,Submission,0.40276474,0.44505545,0.15217982
585b9503d7555c070c210fc6,2024-02-03,flyweight,Decision,0.64569575,0.26093236,0.093371905
cdc0b8fe8eb1f4398afe4cc1,2024-02-03,welterweight,KO/TKO,0.4854545,0.32953063,0.18501486
cccf589a0c312106aced03f1,2024-02-03,featherweight,Decision,0.62912,0.25524616,0.11563385
124fdf48a7e58167e2406acb,2024-02-03,lightweight,Decision,0.5101014,0.35618693,0.13371173
c1f1986c9747f9c480a9e997,2024-02-03,womens_flyweight,KO/TKO,0.6234137,0.17245738,0.2041289
130b5f385e434a6ead40c900,2024-02-03,womens_strawweight,Submission,0.6851726,0.18518671,0.1296407
68a976bdb4c4755bf10643db,2024-02-03,welterweight,KO/TKO,0.5509949,0.33658946,0.1124157
eff5e97ace834c6b6a4814ac,2024-02-03,lightweight,Decision,0.4665761,0.36099806,0.17242588
83bf424cee3106fb1c1d003d,2024-02-03,middleweight,Decision,0.46339357,0.38314843,0.15345797
6b6316141f41f8571d3e4388,2024-02-03,welterweight,KO/TKO,0.41317797,0.43967187,0.14715017
06ebbfece8ed6f916f1b9909,2024-02-03,heavyweight,Decision,0.48218033,0.33400208,0.18381754
5cab68e112cbb2a3111df0ad,2024-02-03,womens_flyweight,Decision,0.67006916,0.22917064,0.10076016
85b8c9276ba604cad81ebac2,2024-02-10,lightweight,Decision,0.38362622,0.33783707,0.2785367
65d8d6420f1e0a4aa05a178e,2024-02-10,middleweight,KO/TKO,0.4777142,0.39290753,0.12937832
13eedeaf133943571e8e2adc,2024-02-10,featherweight,KO/TKO,0.6081344,0.2917109,0.10015474
19838dda64baf51b952b953c,2024-02-10,light_heavyweight,Decision,0.43658227,0.4514876,0.111930154
c4b6f3ca9c43308740153a7a,2024-02-10,featherweight,KO/TKO,0.49066386,0.2994293,0.20990685
989b72f7d9fce65b937a2210,2024-02-10,middleweight,Decision,0.31347358,0.4774065,0.20911995
a289673832251cad582de635,2024-02-10,womens_strawweight,Decision,0.6849558,0.18946584,0.12557843
ea3d25224fa0cf859531451b,2024-02-10,welterweight,Decision,0.45557702,0.37065536,0.17376764
f7537c194a0a6dedbc510eba,2024-02-10,lightweight,Decision,0.5125561,0.37418875,0.11325511
d7d8b7e2b293904ac1b5bb78,2024-02-10,middleweight,Decision,0.38486555,0.4745945,0.14053991
598ce164fdf6415d56e7b795,2024-02-10,middleweight,Submission,0.5323374,0.2757422,0.19192038
df6544316c136ebbbcf87b85,2024-02-10,welterweight,KO/TKO,0.4373369,0.39028716,0.17237596
4dc722c27e4030e3d16b4ca4,2024-02-10,light_heavyweight,KO/TKO,0.42095074,0.44508186,0.1339674
d7234fe2bf746ee2cf907640,2024-02-17,featherweight,KO/TKO,0.4587762,0.39683282,0.14439102
3d95040539382b0778d86880,2024-02-17,womens_strawweight,Decision,0.576886,0.21270761,0.21040642
0859c039546455918d4e00a0,2024-02-17,womens_flyweight,Decision,0.6758602,0.16112344,0.1630163
8cf95c9b6a93f3379fba3bae,2024-02-17,middleweight,Submission,0.38055444,0.34522736,0.27421817
91d92f1b9028820948735ff2,2024-02-17,welterweight,Decision,0.5322824,0.37441647,0.093301125
1f1e004761793697bfdb3d25,2024-02-17,welterweight,KO/TKO,0.36763036,0.47215357,0.16021611
bd35b700e291f4438a1ed771,2024-02-17,heavyweight,KO/TKO,0.30845526,0.56003517,0.13150954
75d36ecf8a8355375bbfeb39,2024-02-17,bantamweight,Decision,0.66951555,0.23748988,0.09299457
c54d754afa6119eaf55ba682,2024-02-17,welterweight,Decision,0.32853165,0.49496526,0.17650312
9c356ca4e2c4a13e56153ea6,2024-02-17,bantamweight,Decision,0.41686133,0.3365819,0.24655682
beebd8ffc5c9b908e7bffd97,2024-02-17,middleweight,Decision,0.5729278,0.3546118,0.072460406
a4563fbab7ae7cde62a6e539,2024-02-17,light_heavyweight,KO/TKO,0.32765803,0.42592624,0.24641576
c64700ee2cdf4b4f8a2a3263,2024-02-24,flyweight,Decision,0.45430335,0.34226406,0.20343259
209209db725130787eba0ee0,2024-02-24,lightweight,Decision,0.56962854,0.21019065,0.22018082
89ef0f8da85fc4f1f608a06a,2024-02-24,bantamweight,Submission,0.46570715,0.39388445,0.14040834
7595efdbddc1226c02f629f3,2024-02-24,lightweight,Decision,0.5065092,0.3096581,0.18383268
a58a8dd2b764d7c4cab9ab8b,2024-02-24,flyweight,Submission,0.41651216,0.36178282,0.22170505
984871628d68f0d92bd4ef99,2024-02-24,featherweight,KO/TKO,0.574708,0.27813482,0.14715716
f7770d17020ec11ef8b11097,2024-02-24,flyweight,Decision,0.33200866,0.3957308,0.27226055
042a708e7b9fa3844e0e11d6,2024-02-24,lightweight,Submission,0.5277759,0.34195217,0.13027196
4c3292e39be0121f3ea756dc,2024-02-24,flyweight,Submission,0.46776137,0.36037922,0.17185937
a92624583dd834ec8eb0b001,2024-02-24,flyweight,Decision,0.5981824,0.2844047,0.11741292
044f7e8edbbc1ee181fc4391,2024-02-24,featherweight,Submission,0.49900603,0.35808963,0.14290431
3b255e4692d41230aa1120e1,2024-02-24,womens_strawweight,Decision,0.62189543,0.25838748,0.1197171
2a399975bd1e1b0dd0a23723,2024-03-02,lightweight,KO/TKO,0.48972648,0.3124838,0.19778974
f221e836ceb8c4fade1a00bf,2024-03-02,bantamweight,Decision,0.63415056,0.27422187,0.09162756
5241c9c4ed74e9f71dec32a6,2024-03-02,flyweight,Decision,0.44053873,0.25375322,0.30570808
8b878472b607640f653aabf8,2024-03-02,middleweight,KO/TKO,0.37727562,0.4739491,0.14877534
b8ab408b0ad3705153c60d6a,2024-03-02,middleweight,Decision,0.55946773,0.3418143,0.09871796
462aef659d2f1c9db0a805c7,2024-03-02,heavyweight,KO/TKO,0.22541036,0.6795492,0.09504038
f6e2ffe4c9ca47e91797a8a2,2024-03-02,lightweight,KO/TKO,0.52048904,0.32650077,0.15301016
f975335e1c3c676390ad01b8,2024-03-02,flyweight,KO/TKO,0.55410653,0.24769606,0.19819735
a5ac42ab85f1ef67611fe071,2024-03-02,bantamweight,Decision,0.47830534,0.280129,0.24156569
95e0c040d06438ee57ea9376,2024-03-02,bantamweight,KO/TKO,0.4258007,0.2872664,0.28693286
63de167ce405377f2aba39c8,2024-03-02,light_heavyweight,Decision,0.30866668,0.47222072,0.21911265
767e0cd4fd92f89fa41fb0e6,2024-03-09,flyweight,Decision,0.4629872,0.26335424,0.27365854
941a479df441789cc3533fb8,2024-03-09,heavyweight,KO/TKO,0.3310848,0.41858986,0.25032532
3bad79d24f4c8195f5e17845,2024-03-09,lightweight,KO/TKO,0.30919853,0.46817186,0.22262967
bdcfbf088a7d3f37af559860,2024-03-09,welterweight,KO/TKO,0.40614203,0.4350195,0.15883848
46bace0825d59702c71e7f9b,2024-03-09,light_heavyweight,Decision,0.43468118,0.45386225,0.11145657
a0db913c10b186b2f2ee92b0,2024-03-09,womens_flyweight,Decision,0.64881593,0.18306711,0.16811694
774a7e588c92b3603e13fb0e,2024-03-09,womens_flyweight,Decision,0.71672314,0.1687201,0.114556745
58d4e6da9340c1453dd0eaae,2024-03-09,welterweight,Decision,0.440284,0.36678493,0.19293112
b17b04c1d8f0105c850933f0,2024-03-09,lightweight,Decision,0.63033485,0.2592392,0.110425964
e1e51b91402d9d330f72e381,2024-03-09,middleweight,Submission,0.45462644,0.40793696,0.13743663
29acf84fdc389a3d05e38869,2024-03-09,bantamweight,Decision,0.6009461,0.27343297,0.1256209
6500ffecb08cd5920b6bb95a,2024-03-09,bantamweight,Decision,0.63710207,0.27363712,0.08926081
ecc485a069e20e0452aa83f8,2024-03-09,heavyweight,KO/TKO,0.41349462,0.4451095,0.14139593
8d28cf9448610499fb45e428,2024-03-09,bantamweight,Decision,0.4294161,0.44216022,0.12842372
1c78c76a645637092d543c74,2024-03-16,bantamweight,Decision,0.45401868,0.3252753,0.22070603
2975ba8effb59bf63f531ccf,2024-03-16,featherweight,Decision,0.43132532,0.30633625,0.26233843
2c547056bb11b7e5cf58a477,2024-03-16,middleweight,Submission,0.42521793,0.33768907,0.23709305
cd990f7b7b3c638cf7fb4af1,2024-03-16,flyweight,Submission,0.4422985,0.30746436,0.2502371
2701e3a1ca5507745c3e167a,2024-03-16,womens_strawweight,Submission,0.5677496,0.19138844,0.24086192
7b8f73546b25caae9d8e0963,2024-03-16,featherweight,Decision,0.500661,0.31003377,0.18930523
572aef4284a35d97b7e5b806,2024-03-16,womens_bantamweight,Decision,0.5668538,0.30632314,0.12682307
d30caf84e805ba31ea467699,2024-03-16,lightweight,Submission,0.6617159,0.23349358,0.10479046
50d49221d2d8e912a0449b06,2024-03-16,light_heavyweight,Decision,0.3549843,0.4995341,0.14548162
1ede5ade9dccb1619dcef669,2024-03-16,womens_bantamweight,Submission,0.68836486,0.19555944,0.1160757
35d276b0d655b5762a4adfa2,2024-03-16,heavyweight,Submission,0.2697721,0.6346366,0.09559133
0a9b856652e4e6e97855080b,2024-03-16,lightweight,KO/TKO,0.45017955,0.2950633,0.25475717
a64c19e40b1495a3c1956bbb,2024-03-23,womens_flyweight,Decision,0.6467992,0.20829582,0.14490494
5cdaf1aa145a0b5f1417f8a9,2024-03-23,featherweight,Submission,0.55427223,0.26989406,0.17583363
ffd41253362852c43cf12750,2024-03-23,middleweight,KO/TKO,0.54283655,0.30524203,0.1519214
a22b995a041336cd2e7b1b71,2024-03-23,featherweight,Submission,0.41745502,0.45401636,0.12852862
faf2cb29b1f6abbd8713bb97,2024-03-23,featherweight,Decision,0.4604507,0.32184803,0.21770123
b48bb5914daa78dc914fc244,2024-03-23,heavyweight,Decision,0.4213296,0.45786977,0.12080068
2d258da0acd9ef5e460e76cc,2024-03-23,lightweight,Decision,0.58214843,0.24632443,0.17152716
9df5f995b3d922bcb3086b07,2024-03-23,bantamweight,Decision,0.559158,0.3429503,0.09789164
45b6c75025a22a83394120db,2024-03-23,heavyweight,Decision,0.5384777,0.37003592,0.09148636
fd45d43912f2632e09d27c20,2024-03-23,womens_bantamweight,Decision,0.6258367,0.19799727,0.1761661
071ec632559eee88583d16b0,2024-03-23,bantamweight,KO/TKO,0.5132186,0.25588402,0.23089744
da9b12ab4d26fdc65b8ea77a,2024-03-23,featherweight,Submission,0.48419523,0.3224101,0.19339462
8f4cffa9eab92b6b02b0d908,2024-03-30,middleweight,KO/TKO,0.45028108,0.27981538,0.2699035
597cf1aa8126498a52c75a08,2024-03-30,bantamweight,Decision,0.5089757,0.30909774,0.1819266
806b9b05325b02e265c3a0fd,2024-03-30,featherweight,KO/TKO,0.57013917,0.28973332,0.14012751
c9a059ab5fe63b169ad893f5,2024-03-30,welterweight,Decision,0.40240908,0.4464297,0.15116121
c42216542c36faee591ca558,2024-03-30,middleweight,Decision,0.41587466,0.42349648,0.16062886
1165451188dbec47a064b95c,2024-03-30,featherweight,KO/TKO,0.44559774,0.34741166,0.20699057
dd594ad901b92c946c85ba83,2024-03-30,womens_flyweight,Decision,0.5113462,0.29607823,0.19257557
bfe4cbeeec90491f6582a54c,2024-03-30,light_heavyweight,KO/TKO,0.323582,0.48878852,0.1876295
eb04b76ac189631bafe863ef,2024-03-30,featherweight,KO/TKO,0.4106609,0.34681815,0.24252088
390a29759a09a018f278d78e,2024-03-30,featherweight,KO/TKO,0.50816095,0.29713944,0.19469963
8e19439b96eaeed402465002,2024-03-30,middleweight,KO/TKO,0.4847513,0.33985788,0.17539075
dde5cb51c199688c1b7fbf18,2024-03-30,welterweight,KO/TKO,0.4478165,0.41748267,0.13470076
66b4a5d77d71117aeeb34de4,2024-03-30,womens_strawweight,Decision,0.6918678,0.16257794,0.14555423
11fb6fbb886f244ae864e58a,2024-04-06,featherweight,Decision,0.43032393,0.35003057,0.21964552
8231f0e6b0b5bafc0c8468e8,2024-04-06,middleweight,Decision,0.31885165,0.47693178,0.20421663
f2db18a4c054f0e037b11cc2,2024-04-06,welterweight,Decision,0.6166179,0.27334255,0.11003959
71daf3f66499f6c8d84b8ff1,2024-04-06,bantamweight,Submission,0.43550828,0.26401994,0.30047178
74a163474a8c0f8e7e0f8528,2024-04-06,middleweight,KO/TKO,0.3529484,0.36903465,0.27801695
75905fdb791eefe74e05107b,2024-04-06,lightweight,KO/TKO,0.56748885,0.26239616,0.170115
736a7a3bbb975eced403288a,2024-04-06,womens_bantamweight,KO/TKO,0.6524023,0.22351362,0.12408415
87408b8645e7a31b6cdbbf32,2024-04-06,featherweight,Decision,0.4452943,0.40175733,0.15294835
4ab9a0d319271e6464c41d4f,2024-04-06,womens_bantamweight,Decision,0.7181874,0.18624324,0.09556941
741737d64bcf1c7e2c9ab9a2,2024-04-06,bantamweight,Decision,0.38362622,0.33783707,0.2785367
44b8b16421d3b8ca5e361743,2024-04-06,lightweight,Decision,0.39203447,0.46150342,0.14646217
fdb4e67476bc87811762511d,2024-04-06,heavyweight,Decision,0.3750566,0.48213977,0.14280364
3300093a48a6b6f70a6dad94,2024-04-13,light_heavyweight,KO/TKO,0.2967952,0.607703,0.09550184
f85198c6c82c7c5676cc1a84,2024-04-13,middleweight,Submission,0.32406184,0.3783307,0.29760745
37e234e374031c4a9c10e43c,2024-04-13,featherweight,Decision,0.61285704,0.2700782,0.117064744
564ed9d5df5aa5baa575e591,2024-04-13,lightweight,Decision,0.40277624,0.33997124,0.25725248
03a849ee698f35fb17c1933b,2024-04-13,bantamweight,Submission,0.4297494,0.38981637,0.18043418
7632d2c23612af5ce3d9a2f6,2024-04-13,womens_bantamweight,Submission,0.6330408,0.20594302,0.16101624
147d563a5f53508a72a20873,2024-04-13,lightweight,KO/TKO,0.42118776,0.37050056,0.20831166
032c8104a460ad869376a130,2024-04-13,womens_strawweight,Decision,0.68093914,0.20604281,0.11301803
a78f5cc79c971a495b411642,2024-04-13,light_heavyweight,KO/TKO,0.48134205,0.4167214,0.10193651
8600ede511999d9adc3c9975,2024-04-13,lightweight,KO/TKO,0.48329714,0.4396805,0.07702232
40ac2f53071b5de0836100e9,2024-04-13,lightweight,Decision,0.46439576,0.30073217,0.23487209
3a1837e0a4820197bb51c85f,2024-04-13,featherweight,KO/TKO,0.37323147,0.3729844,0.2537841
0dc452084d23dc74076732ad,2024-04-13,womens_strawweight,Decision,0.63849103,0.24714307,0.11436591
7b58877ab5e4d6cf85d3afdb,2024-04-27,womens_flyweight,Decision,0.470561,0.22195646,0.3074825
19df3fa9de41e66929ab88fa,2024-04-27,heavyweight,KO/TKO,0.27542084,0.6075994,0.11697976
0d17deee4e12367f002ba9a2,2024-04-27,lightweight,Decision,0.61406016,0.27924737,0.10669246
8d17aae9a953ca23b2144a12,2024-04-27,heavyweight,Decision,0.4897072,0.4180275,0.09226537
9d1e1ee7b226466bb2c175ce,2024-04-27,lightweight,Decision,0.41042885,0.42601597,0.16355515
03670cc90ed626c90836de43,2024-04-27,womens_flyweight,Submission,0.4618481,0.22866178,0.30949017
53a27e69fc6fc4de042616c0,2024-04-27,lightweight,Submission,0.38362622,0.33783707,0.2785367
e485c72f59f5947e989b064f,2024-04-27,featherweight,Decision,0.43967876,0.33588272,0.22443858
6a21e75bc72a71c8587b87c5,2024-04-27,womens_strawweight,Decision,0.5462765,0.22294141,0.23078206
1d88a0c36a95acc86682e411,2024-04-27,flyweight,KO/TKO,0.3896071,0.43170953,0.17868339
f070085973f94e62645c20b9,2024-04-27,bantamweight,KO/TKO,0.5367811,0.24341284,0.2198061
181283d8443a6c33cb21c79c,2024-04-27,light_heavyweight,KO/TKO,0.2770582,0.5649704,0.15797137
c674910dad3e5790a28e8502,2024-04-27,welterweight,KO/TKO,0.39049911,0.493275,0.11622584
4018cfaeb2593cc98fcf7a7b,2024-05-04,flyweight,KO/TKO,0.62612134,0.27819794,0.0956807
75f967a01638fa466a040663,2024-05-04,flyweight,Decision,0.50539714,0.33520716,0.15939568
048e951737120ee49478ad81,2024-05-04,light_heavyweight,Submission,0.45582914,0.38439944,0.15977141
22bf9f5adbf622b55d1f0d16,2024-05-04,womens_flyweight,Decision,0.447145,0.25325555,0.2995995
707d69a949880d2954a5183a,2024-05-04,lightweight,Decision,0.44352335,0.29030567,0.26617095
40f2eca8b202a382e83a86ee,2024-05-04,lightweight,Decision,0.49015525,0.37179723,0.13804752
f074dc7df2dadf7cfac1fda3,2024-05-04,featherweight,KO/TKO,0.45388386,0.29271787,0.25339827
d967e5ba34cb3ff8d9a4adb4,2024-05-04,lightweight,Decision,0.5814456,0.29107404,0.12748039
e05a5a9e9719ca88d645516c,2024-05-04,bantamweight,Decision,0.60752183,0.32420424,0.06827395
94bd5ed15286e8e4cc120e52,2024-05-04,womens_strawweight,Decision,0.7192374,0.15819013,0.12257249
39cffcac3e882d98203f7dbc,2024-05-04,lightweight,KO/TKO,0.4788549,0.36599636,0.15514874
1c69f516d3ff75bcc6377c47,2024-05-04,middleweight,Submission,0.42203096,0.4093954,0.16857369
e9311178ebb944a7fc6aca37,2024-05-04,middleweight,KO/TKO,0.39722154,0.31368098,0.28909746
5961c213c10f64edc3e88f9f,2024-05-11,featherweight,Decision,0.6361073,0.2589192,0.10497347
dcb8007781e8317ca6a6c80b,2024-05-11,light_heavyweight,KO/TKO,0.3552551,0.52947,0.11527482
67958e9303cb81656c149b1d,2024-05-11,welterweight,Decision,0.43840355,0.40439886,0.15719762
1a80a39cf42c05f59642a74d,2024-05-11,flyweight,Decision,0.49183968,0.2885061,0.21965419
7621b21075c5e1917732c005,2024-05-11,lightweight,Submission,0.38454726,0.38374338,0.23170933
7a09d0a6adda8ef213536caf,2024-05-11,heavyweight,KO/TKO,0.33109012,0.51704055,0.15186928
2418c947db415559ec8fb353,2024-05-11,lightweight,KO/TKO,0.44711185,0.35468543,0.19820276
a79c545c27deb304d7edfd56,2024-05-11,womens_flyweight,Decision,0.702049,0.17501725,0.12293379
f511fbf1cacfba820f4106fb,2024-05-11,welterweight,Decision,0.41825297,0.45511076,0.12663625
04e190387cb56de161ad5390,2024-05-11,womens_strawweight,Decision,0.74351746,0.15251714,0.10396538
49c439cfc0b0097ddf5a2828,2024-05-11,lightweight,KO/TKO,0.45529494,0.28837916,0.25632593
d9449a6730d848570ee311a9,2024-05-11,heavyweight,Decision,0.3426354,0.5463924,0.11097223
a8bed7a2d2d40766423dceb9,2024-05-18,middleweight,Decision,0.41840908,0.4339745,0.14761642
db2e4374a49ab25f5ec0dc0a,2024-05-18,bantamweight,KO/TKO,0.5108598,0.3826227,0.106517516
3be1164cabf2e5d45f3c45b5,2024-05-18,bantamweight,Decision,0.4551436,0.3915215,0.15333486
3fd54e9fa93e640c3802e176,2024-05-18,featherweight,Decision,0.49841976,0.38822612,0.11335416
d535daa86964c2b555e0dca5,2024-05-18,welterweight,KO/TKO,0.4076486,0.41049603,0.18185537
58732931566ff8038d67e1ae,2024-05-18,womens_strawweight,Submission,0.7321476,0.17037871,0.09747369
07ce5e11ec24372dce1eade0,2024-05-18,light_heavyweight,Submission,0.28003398,0.48718977,0.23277622
c20d7e2d4ccac0647c485cea,2024-05-18,womens_bantamweight,KO/TKO,0.5224626,0.30206016,0.17547722
dc832abfc5a2f3f0b0e3125e,2024-05-18,welterweight,Decision,0.39110708,0.33342117,0.27547175
5ef58c611edc62275574db90,2024-05-18,womens_strawweight,Decision,0.6968885,0.18208972,0.12102175
97edf385302354b149760b41,2024-05-18,lightweight,KO/TKO,0.41123357,0.40512097,0.18364544
8e17356f2fda3a5192d31ede,2024-06-01,womens_bantamweight,Decision,0.64699274,0.20246062,0.15054657
10c40b22ef9284e7de0ce72f,2024-06-01,middleweight,Decision,0.41349652,0.45063943,0.13586403
79ff3b1a7d1bf92f16483213,2024-06-01,lightweight,Decision,0.53491503,0.23396869,0.23111625
4b9696096d6fa5e9d5610ddc,2024-06-01,lightweight,Submission,0.381751,0.43283188,0.1854171
989ca4098373cae02934935d,2024-06-01,heavyweight,Submission,0.33331746,0.36841547,0.29826707
6b33e6c737a6684a25945237,2024-06-01,middleweight,Submission,0.36215752,0.47497782,0.16286467
cfe0192361aad1fbe188ea64,2024-06-01,welterweight,Decision,0.48143625,0.27151576,0.24704795
aabe4d2579baa78d78077059,2024-06-01,flyweight,Decision,0.42164144,0.31676918,0.26158935
113ec2a83989aaec45d0a399,2024-06-01,welterweight,Decision,0.47070527,0.37482566,0.1544691
0acc32af1154473e50db81c8,2024-06-01,welterweight,Decision,0.52646816,0.3166647,0.15686715
41337cbd48bf4f84174dc20b,2024-06-01,welterweight,Decision,0.5529914,0.32232016,0.12468844
3dee3aff7f82282e32f8df92,2024-06-01,middleweight,Decision,0.48547482,0.43962067,0.07490451
518127b2dd8efe3a417831b3,2024-06-08,womens_flyweight,Decision,0.668745,0.16584761,0.16540737
2e839f2de196517e8e246d12,2024-06-08,bantamweight,Decision,0.5526092,0.31036875,0.13702206
bf7ea6fdb51531c8d451a756,2024-06-08,middleweight,KO/TKO,0.39685082,0.43403697,0.16911225
7de1c7f30e70c0054157559a,2024-06-08,welterweight,KO/TKO,0.3972536,0.50019115,0.102555275
25d7d7c1927b76a34bdc14d3,2024-06-08,bantamweight,Decision,0.6546934,0.25589576,0.08941077
0ddcfb11315e9923a41bb2c7,2024-06-08,light_heavyweight,KO/TKO,0.38061062,0.53041595,0.08897341
e8438ef0c8ba3780dc2b45d9,2024-06-08,womens_strawweight,Decision,0.42013565,0.2909571,0.28890726
d20e183e0125d6ec0f2db68e,2024-06-08,middleweight,KO/TKO,0.46524772,0.4000292,0.13472304
a1e8bfab94288f7370f435d3,2024-06-08,bantamweight,Decision,0.57036996,0.3260297,0.10360035
e5d256c6836b448747c5b8c1,2024-06-08,middleweight,KO/TKO,0.32228124,0.33656034,0.34115848
70272da7c95cd179af6cf4d3,2024-06-08,welterweight,Decision,0.34063458,0.46779042,0.191575
144bac7646d283547cc8b638,2024-06-08,bantamweight,Submission,0.4017478,0.30497465,0.2932775
19bc980d805f14744f6823af,2024-06-08,womens_strawweight,Decision,0.6352242,0.21326123,0.15151453
8f81053df7a5953b7491f734,2024-06-08,lightweight,Decision,0.56710047,0.27208892,0.16081063
79440448cd3fec28695e7dec,2024-06-15,flyweight,KO/TKO,0.3174895,0.41044575,0.2720648
6c45fb565fbf14ea75c4fdcd,2024-06-15,flyweight,Decision,0.52833354,0.20305252,0.26861396
14d2774e1d1f3fd5e1c6dbc7,2024-06-15,bantamweight,Submission,0.57707953,0.30038685,0.12253359
f5dfccd531de267b99e1f070,2024-06-15,womens_flyweight,Decision,0.5723339,0.22937417,0.19829193
493d3aa0ab1d0278e2da7639,2024-06-15,bantamweight,Decision,0.60968554,0.31332153,0.07699292
763a5efe7035e062f2c0b690,2024-06-15,featherweight,Submission,0.35323384,0.3824596,0.26430658
1fed94581536b612e2fb59a6,2024-06-15,flyweight,Decision,0.38068372,0.26148686,0.35782942
41d8ef2e34a39925ad4e75f9,2024-06-15,womens_strawweight,Decision,0.62262845,0.19520418,0.18216737
f988066efa595e7f87d49d22,2024-06-15,welterweight,Decision,0.4257253,0.41914606,0.15512866
19dddb26aefce6783b18baf6,2024-06-15,featherweight,Submission,0.4877887,0.3436139,0.16859739
9a8f34cfdca8efcd4558a8b7,2024-06-15,featherweight,Decision,0.5172568,0.348155,0.13458821
37d4488fc8163313b1231aae,2024-06-22,light_heavyweight,KO/TKO,0.34840164,0.5313575,0.12024082
7cf1ccb04fb7f586000618cd,2024-06-22,middleweight,Decision,0.59660894,0.31501773,0.088373326
0a2c033e657e7440fa8aa8de,2024-06-22,bantamweight,Decision,0.4852102,0.29542893,0.2193609
6d76913c436ce9ce53210b04,2024-06-22,light_heavyweight,Decision,0.25036976,0.63055086,0.11907935
1a036b09296210df95e21b1d,2024-06-22,featherweight,Submission,0.45804486,0.35752666,0.18442851
fc3424ff1e489f76836e8acd,2024-06-22,lightweight,Decision,0.5917556,0.29817364,0.110070705
dcdb4b3fb3f9b4843ea57bb4,2024-06-22,welterweight,Decision,0.5797338,0.28227252,0.13799368
65451ad06adc1f6bd89a8674,2024-06-22,middleweight,KO/TKO,0.32710442,0.5557108,0.11718478
a1d5af9825d34f2535d592ad,2024-06-22,heavyweight,Decision,0.3623741,0.5457605,0.09186535
a0aecd3b3aa3acaa0c742fc0,2024-06-22,middleweight,KO/TKO,0.51657426,0.31906214,0.1643636
af244485111bd9dd30c97866,2024-06-22,bantamweight,Decision,0.38362622,0.33783707,0.2785367
7c694c3870edbf3861bf90ae,2024-06-29,light_heavyweight,KO/TKO,0.28641674,0.6003694,0.113213874
1669e7c3c0104261e38941ae,2024-06-29,heavyweight,Decision,0.4605849,0.39576367,0.14365141
6f03e907877bb17aa05774b7,2024-06-29,light_heavyweight,Decision,0.44372284,0.40834576,0.14793138
9fcb0c56f33fc5b61e47d0b7,2024-06-29,featherweight,KO/TKO,0.43795118,0.43008423,0.13196464
bc237d1b3aa5dfe665961429,2024-06-29,featherweight,Decision,0.5663576,0.33500636,0.09863605
7508a78c4629ff995495dbbd,2024-06-29,catch_weight,Decision,0.27193308,0.46147364,0.26659328
1885b9c154714adfa0a9f0ee,2024-06-29,welterweight,Decision,0.612252,0.30145907,0.08628894
3a544bc796aa4992d5fe2c75,2024-06-29,middleweight,KO/TKO,0.4587887,0.3563589,0.1848525
a276808076c8af27cad7f2ff,2024-06-29,womens_bantamweight,KO/TKO,0.52175367,0.21557285,0.2626735
94dc3b686c902429728324a6,2024-06-29,womens_strawweight,Decision,0.62810427,0.16163719,0.21025854
3d80286353ae673cbbea021b,2024-06-29,bantamweight,KO/TKO,0.4295959,0.34706116,0.22334297
d4d6b8ea5bd50709089f7bc0,2024-06-29,flyweight,Decision,0.4839792,0.35754374,0.15847704
70c74e2537b1f6d717d6a580,2024-06-29,bantamweight,Decision,0.59074694,0.29102477,0.11822834
df9f3189d74a76849525e5d0,2024-07-13,lightweight,KO/TKO,0.3913459,0.48177454,0.12687954
930fcb9f98b6403d004a10a2,2024-07-13,welterweight,Submission,0.57504386,0.312541,0.11241515
752309c3bca8093f692b1373,2024-07-13,welterweight,Decision,0.48972458,0.24407743,0.26619795
8ad7692e5b972dd4a7267c02,2024-07-13,womens_flyweight,Decision,0.5951858,0.20445947,0.20035475
12131907a7300a3995c0f29f,2024-07-13,middleweight,Decision,0.42900327,0.29254094,0.27845573
46e97615d7088624ce11ccd9,2024-07-13,flyweight,KO/TKO,0.5913255,0.29263267,0.116041854
d8807ddb36ab019a53c30d15,2024-07-13,featherweight,Submission,0.4776585,0.27792397,0.2444175
85ca4854cd014ce8c4b31d7c,2024-07-13,womens_flyweight,Submission,0.53519595,0.20659769,0.25820637
ddcbb740cdb42e2859e3ca1d,2024-07-13,bantamweight,KO/TKO,0.4675604,0.33213887,0.2003007
41c64f492689442222f3aa5d,2024-07-13,womens_flyweight,Decision,0.667825,0.19870372,0.13347125
1d14aed9e7e615e94ffe9351,2024-07-13,welterweight,Decision,0.539655,0.37692624,0.083418734
1a1f05ea93dfb2cef5441150,2024-07-20,womens_strawweight,Submission,0.48441917,0.31628218,0.19929866
1802198470e4d36f13b9a300,2024-07-20,bantamweight,Submission,0.4898117,0.3435833,0.16660503
52f6aa2624ec3c51c8435cc4,2024-07-20,flyweight,KO/TKO,0.46851593,0.39505556,0.13642848
8d11b4f1eb76e9b46dbfa43c,2024-07-20,featherweight,KO/TKO,0.42381626,0.4539665,0.12221721
fb73b101f05286253264c95b,2024-07-20,featherweight,KO/TKO,0.5088277,0.30573952,0.1854328
92839e130f117882696a849a,2024-07-20,lightweight,Decision,0.48595238,0.2945254,0.21952221
d8fe945f52c4101fdb8bc15b,2024-07-20,lightweight,Decision,0.6218458,0.2454586,0.13269563
4833ad51744b121d927b82e5,2024-07-20,womens_flyweight,Decision,0.6916367,0.18083723,0.1275261
5d08d6d735d021c218d42bec,2024-07-20,womens_flyweight,Decision,0.69606197,0.14853513,0.15540293
26a9e6c978b8d211b6443478,2024-07-20,heavyweight,Decision,0.5050597,0.4042477,0.09069256
9f2b2e8e992c8c2d56b31b48,2024-07-20,featherweight,KO/TKO,0.42944226,0.41173935,0.15881835
097b47cf0fd70817100149e1,2024-07-27,featherweight,Decision,0.6130671,0.299395,0.08753791
a5ec3ef5260e3a28c3483b8b,2024-07-27,middleweight,Decision,0.39172158,0.45228747,0.15599094
9de739fe6020a6c9f3fae848,2024-07-27,bantamweight,Decision,0.5686777,0.25449887,0.17682345
2e1d63b7961383b47d4f353a,2024-07-27,lightweight,Submission,0.41217056,0.3590221,0.2288073
79cfa01484c3ea38f9f51531,2024-07-27,welterweight,Decision,0.53647405,0.3493051,0.11422083
a5cad6e8a51f09bf4c7d852c,2024-07-27,heavyweight,KO/TKO,0.5261469,0.37894428,0.09490882
d8173aa5dd83c7893f9af630,2024-07-27,light_heavyweight,Submission,0.42098653,0.47973594,0.0992775
10d948ba3fb1d8e9bd8dd436,2024-07-27,womens_strawweight,Decision,0.65836006,0.19248335,0.14915659
74af90aae5e78d1c1ad3cd9c,2024-07-27,flyweight,Decision,0.5516137,0.25294703,0.19543923
4e85b5ea469de051613b5741,2024-07-27,featherweight,Decision,0.43507037,0.27717295,0.28775665
513e525430fb53e61e0bc06f,2024-07-27,welterweight,Decision,0.5369945,0.24124712,0.2217584
a91c178a8284b7aafa874169,2024-07-27,welterweight,Submission,0.39276606,0.32243317,0.28480077
aece4c936f0671bad30426f7,2024-07-27,womens_strawweight,Decision,0.5916882,0.22763328,0.18067852
73594b0e6c5d7117aadc2d01,2024-07-27,heavyweight,KO/TKO,0.23228484,0.61159486,0.1561203
9ba92a6b223ce70a5def5ac7,2024-08-03,light_heavyweight,KO/TKO,0.38809618,0.5102834,0.101620436
571fd99f2cea3cab0516a2a4,2024-08-03,bantamweight,Decision,0.4903796,0.31308037,0.19653995
29050e1234307cff3226cdf8,2024-08-03,lightweight,Decision,0.5237181,0.31523994,0.16104192
7966b9d988f1cc5340b09615,2024-08-03,lightweight,Decision,0.59374607,0.30357793,0.10267597
45f6a77cf5bae11f69d9a8fb,2024-08-03,lightweight,KO/TKO,0.42309806,0.3501197,0.2267822
1f40f703023ba1bd3b521781,2024-08-03,womens_strawweight,Decision,0.66588527,0.1563671,0.17774765
d2025cddbf7cdc74c599ce2d,2024-08-03,bantamweight,Decision,0.50381887,0.33628154,0.15989959
04bb77d8d0c872a4a2bc082a,2024-08-03,lightweight,KO/TKO,0.4922792,0.29881567,0.20890516
a962037dba890b1e59b3c11e,2024-08-03,middleweight,Decision,0.42629623,0.43503222,0.1386715
56741af4fb9164b3ceab34bb,2024-08-03,heavyweight,Decision,0.48427635,0.43515465,0.080569044
ca0701d63a3f45561e4c49ba,2024-08-03,middleweight,Decision,0.4014476,0.4692162,0.12933613
b008daa3b4c6db6c9f881827,2024-08-03,welterweight,Submission,0.48679572,0.28568935,0.22751491
b4ace78f4c4b62732bf4877b,2024-08-03,womens_strawweight,Decision,0.5922636,0.27440318,0.13333325
63b290ed8d80110a23d74939,2024-08-10,bantamweight,Decision,0.48742768,0.37543777,0.1371346
a88dc52e44b8276a684bb173,2024-08-10,featherweight,Decision,0.52201897,0.25963297,0.21834806
6399ddb25f22d847585f6886,2024-08-10,welterweight,Decision,0.37725535,0.49116448,0.13158014
b8b9c9039b433da4b20b5f90,2024-08-10,heavyweight,Decision,0.5240695,0.3685903,0.107340224
961760ffcf08037002d97654,2024-08-10,womens_bantamweight,Decision,0.69146955,0.18573897,0.12279148
7e7ce2895404f87c5266303a,2024-08-10,heavyweight,Submission,0.32821777,0.5344178,0.13736445
12d0555dd382fcfab24b3392,2024-08-10,womens_strawweight,Decision,0.6048856,0.20212528,0.19298916
96244b15517f4c3bda290b28,2024-08-10,bantamweight,Submission,0.51515573,0.30362445,0.18121988
909669ccdc04944ae9d1b468,2024-08-10,womens_bantamweight,Decision,0.6516341,0.21297032,0.13539557
bd60f369b8760c4e98e32f96,2024-08-10,featherweight,Submission,0.5692886,0.27058217,0.16012923
d0e5f0596a80603b43725079,2024-08-17,womens_flyweight,Decision,0.532148,0.2284143,0.23943771
34ba7fa3787854789b373bc3,2024-08-17,middleweight,Submission,0.5075033,0.3840518,0.10844489
1ab2b260997db6bff8202e76,2024-08-17,featherweight,KO/TKO,0.4058943,0.2966779,0.29742786
4864b0dc32f25c0902026983,2024-08-17,featherweight,Decision,0.5631754,0.28158173,0.15524289
fe925f7d987d2688da86017f,2024-08-17,heavyweight,Submission,0.4560778,0.42383605,0.120086126
91cf1c66c0aae10df4f68f3c,2024-08-17,flyweight,KO/TKO,0.5995632,0.30134884,0.09908797
ae37c7930a26b186f933eb9c,2024-08-17,welterweight,KO/TKO,0.4094561,0.50279826,0.087745644
64bf5b234df82a4717fa37df,2024-08-17,lightweight,Decision,0.57360303,0.31095785,0.11543912
a8691859c32e637d35c7433d,2024-08-17,welterweight,Decision,0.47647855,0.39752558,0.12599583
9cef7cc38d059d1f8c348efe,2024-08-17,flyweight,Submission,0.3840588,0.3422658,0.27367535
806133791825a62697b640f6,2024-08-17,heavyweight,Decision,0.29326016,0.6112047,0.095535226
e85cd4c789fe17ebf55b166c,2024-08-17,lightweight,Decision,0.42123476,0.4148294,0.16393587
7871134a09675ac61dce31c5,2024-08-24,womens_strawweight,Decision,0.7153295,0.18028428,0.10438619
d1b1774c0be9c2a23e1afdb1,2024-08-24,lightweight,Decision,0.42060006,0.3685698,0.21083015
03f2e0f30d6778d93ed003c7,2024-08-24,middleweight,Submission,0.3332225,0.3916507,0.2751268
e36fc47ae8ddf929d7d70db2,2024-08-24,womens_bantamweight,Decision,0.6987775,0.20753995,0.09368251
d27425d0f741578a348cf746,2024-08-24,middleweight,Decision,0.5212999,0.35869855,0.120001554
7188747cdb0273a5acbad76a,2024-08-24,featherweight,KO/TKO,0.38362622,0.33783707,0.2785367
47b86263700fd8ef79cea0af,2024-08-24,welterweight,KO/TKO,0.5732252,0.32732585,0.099448964
a3f643c93410304590071638,2024-08-24,middleweight,KO/TKO,0.3529484,0.36903465,0.27801695
d5f593ce2352af15183e59e2,2024-08-24,lightweight,Decision,0.42891866,0.43176928,0.13931203
93204973199b855bffa0e265,2024-08-24,womens_flyweight,KO/TKO,0.5743454,0.253271,0.17238358
59d94d1306c4fa0cc5b39666,2024-08-24,middleweight,Decision,0.25762406,0.4168564,0.3255196
7e324bf197dfe23d87cf3b37,2024-09-07,middleweight,Decision,0.44704005,0.2853389,0.267621
098a7ab058cb0919d2754437,2024-09-07,flyweight,Decision,0.5681809,0.26562187,0.16619721
84bdaaa1b9eacf71f68d786f,2024-09-07,welterweight,Decision,0.5116081,0.3176243,0.17076755
3687ac6b259d61ee8fdcf7d5,2024-09-07,featherweight,Submission,0.3271557,0.39107296,0.28177136
520ab8059fa083df9466b8de,2024-09-07,womens_strawweight,Submission,0.5225821,0.20718043,0.2702375
37543d1d6a400d3e6864fe4b,2024-09-07,womens_flyweight,Decision,0.62561977,0.25727677,0.1171034
4891c35741f30e491ae624b4,2024-09-07,bantamweight,Submission,0.49179342,0.28219157,0.22601499
3abd10663dd8be12d13c6cd1,2024-09-07,lightweight,KO/TKO,0.3673466,0.29481772,0.33783573
05620075d316a20238eb8fd9,2024-09-07,featherweight,KO/TKO,0.3986273,0.43465444,0.16671827
b76888405cc10f4682091f54,2024-09-07,lightweight,Decision,0.47988814,0.37927082,0.14084102
fde085a48d0a96f2360b6382,2024-09-07,featherweight,Decision,0.5520261,0.24586989,0.20210399
45ada03471594e17da40af4a,2024-09-07,featherweight,Submission,0.38362622,0.33783707,0.2785367
b32a701a44b0d95605d7c908,2024-09-14,womens_flyweight,Decision,0.64852613,0.21941504,0.13205886
f2ff0c6a9bbd4b5eae926db1,2024-09-14,featherweight,Decision,0.3855063,0.37595725,0.2385364
09fa80261d93813008aaa022,2024-09-14,lightweight,Decision,0.5728299,0.29893765,0.1282324
c72915269d9a5169f4bdbe0b,2024-09-14,flyweight,Decision,0.4446825,0.31879836,0.23651911
3b8c650614dfc5493a3b1bd9,2024-09-14,womens_bantamweight,Decision,0.7426947,0.17075844,0.0865469
d5a12c28b25082427278edbe,2024-09-14,lightweight,KO/TKO,0.41733816,0.35232106,0.23034078
d767088f51b6e7714e8d7645,2024-09-14,bantamweight,Decision,0.3861336,0.33188412,0.28198227
3ec64b31845ac4f1cb2f5a4c,2024-09-14,flyweight,Decision,0.41643637,0.2884224,0.29514116
75df11c187e283ce3ab3b3de,2024-09-14,bantamweight,Decision,0.5060166,0.38062158,0.113361806
1288aee9afdb2d374cc3012a,2024-09-14,womens_strawweight,Submission,0.62503207,0.2484942,0.12647377
245096e15704e2540393d97d,2024-09-28,womens_bantamweight,Submission,0.6637052,0.20194909,0.13434574
60d8f7e0b676daa7ac15f065,2024-09-28,lightweight,Submission,0.6401358,0.25018302,0.10968119
7030ef6d4542c58352a49bba,2024-09-28,flyweight,Decision,0.47044298,0.39144295,0.13811404
6ebd9ffc7a13c46ca71bd8aa,2024-09-28,lightweight,KO/TKO,0.4763152,0.35745826,0.16622648
3e276600eba4e29cd38e2cca,2024-09-28,light_heavyweight,Decision,0.34007102,0.52916753,0.13076141
dc350102307a004ad39adb01,2024-09-28,welterweight,KO/TKO,0.43220672,0.3706433,0.19715
105253273d1654f9a2beee86,2024-09-28,lightweight,Decision,0.5058986,0.3086898,0.18541159
50aafa48176dfa0137faaa73,2024-09-28,featherweight,KO/TKO,0.35329548,0.35046536,0.2962392
ab00b1352f514a47b8e37dc0,2024-09-28,middleweight,Decision,0.55584997,0.26912597,0.17502402
87ccdba10c40f4bdcf843017,2024-09-28,womens_bantamweight,Decision,0.69984186,0.21207273,0.08808548
88572ee2955c4e9d956110a0,2024-09-28,light_heavyweight,Decision,0.30141273,0.3623551,0.3362321
7e74c10fa13302f3fb7dd90e,2024-09-28,lightweight,KO/TKO,0.30620915,0.4571071,0.23668374
0c580a243e221bbb34761e5e,2024-09-28,bantamweight,Decision,0.62803406,0.27886423,0.09310173
c2a55835ec8fc920f3adf40e,2024-09-28,featherweight,Decision,0.5289234,0.28511527,0.18596129
c1c94449aa8da08edf6e1dff,2024-10-05,light_heavyweight,KO/TKO,0.23506881,0.6858454,0.07908575
7c56376f5bee90553ebe1f91,2024-10-05,lightweight,Decision,0.6049059,0.29766506,0.09742909
42c9a2d2c6e47f7150c3c7b8,2024-10-05,womens_strawweight,Decision,0.725972,0.15675089,0.117277086
1972bb7a08946b356c1315c6,2024-10-05,middleweight,Decision,0.3972712,0.47021815,0.1325107
401cf3772c7ad44839360dba,2024-10-05,welterweight,Submission,0.59561396,0.28820643,0.11617964
57b18397eb6dda68408204e5,2024-10-05,bantamweight,Decision,0.5727281,0.27990675,0.14736517
144f8ee9b6fd2c722b5d25ce,2024-10-05,womens_bantamweight,Decision,0.5483738,0.18487811,0.26674804
e443e39fbfefcebc6b107ee9,2024-10-05,womens_strawweight,Decision,0.7113653,0.16385888,0.12477586
d310221180298a0117347d09,2024-10-05,womens_bantamweight,Decision,0.5824749,0.23590665,0.18161842
c6f824443fc9c84e876b488c,2024-10-05,middleweight,KO/TKO,0.5078729,0.3349515,0.15717568
ce5cad2d9a093f6848c1c837,2024-10-05,light_heavyweight,Submission,0.3040387,0.48640418,0.20955713
1956b00acb148792dba1a315,2024-10-05,welterweight,KO/TKO,0.5133618,0.38901767,0.097620524
4840224751a56333d055fc7a,2024-10-12,middleweight,Decision,0.5881134,0.2694154,0.14247113
a727672cc9664edda540ef4e,2024-10-12,flyweight,Decision,0.33735344,0.34263745,0.32000914
c9b19587d5b0943492e92d4b,2024-10-12,welterweight,Decision,0.4332488,0.40266687,0.16408435
75c7c56dd807d68045a4386a,2024-10-12,flyweight,KO/TKO,0.5089637,0.3325771,0.15845923
8e2cca02f188a62e86ed9e5d,2024-10-12,flyweight,Submission,0.43790802,0.30625284,0.2558392
559c2d014f7fdd130c04416c,2024-10-12,bantamweight,Decision,0.47739515,0.2560161,0.26658872
b2154563c4e05478fec46f76,2024-10-12,welterweight,Decision,0.5901465,0.3037674,0.1060861
0cb8a11def43b8e9e64a987c,2024-10-12,lightweight,KO/TKO,0.5918196,0.22091898,0.18726142
a9a12f6db5392e7212061c76,2024-10-12,featherweight,Submission,0.4303706,0.24892892,0.3207005
da2b4cb4a1dece7e1cddce4b,2024-10-12,womens_strawweight,Decision,0.6603361,0.15903373,0.18063018
6006b5e7b981df4da946cb96,2024-10-12,heavyweight,KO/TKO,0.29578546,0.5510242,0.15319034
d6fa07076c71693c51694206,2024-10-12,welterweight,Decision,0.45794168,0.38083962,0.16121869
abcc6a4ab3920f6a692e9eee,2024-10-19,middleweight,KO/TKO,0.34064054,0.381843,0.2775165
9e275e378f98707802ff3485,2024-10-19,heavyweight,Decision,0.30093482,0.5706078,0.12845735
412a5bf196b840083c98f4cb,2024-10-19,bantamweight,Decision,0.54723144,0.23518613,0.21758246
8109c8b9fae6d7c0aec54bea,2024-10-19,flyweight,Decision,0.5558514,0.31193432,0.13221432
0971e4c0e50a7ee704277ff9,2024-10-19,featherweight,Decision,0.44920266,0.29785112,0.25294617
8e8bc92bd61bc4fcf37df834,2024-10-19,bantamweight,Decision,0.44472578,0.32678813,0.22848606
7f31ec33285ef5018378b5ff,2024-10-19,womens_strawweight,Decision,0.67752016,0.18613414,0.1363457
f37b3852170b4e3e133af446,2024-10-19,womens_bantamweight,Submission,0.64777184,0.20766266,0.14456551
79e0b62af359301a3c381318,2024-10-19,flyweight,Decision,0.5562264,0.2360675,0.20770615
4798c8fae376043513d3f4d2,2024-10-19,womens_strawweight,Decision,0.6419402,0.19761859,0.1604412
497026b88b1c9f6fe365d724,2024-10-19,bantamweight,Decision,0.59475183,0.2896925,0.1155557
64b6b3f836693e4882af28cc,2024-10-26,middleweight,Submission,0.38694382,0.50082487,0.1122313
d083631584ac1c4442af2f54,2024-10-26,featherweight,Decision,0.5992796,0.27343574,0.12728474
0fb2c51f918d8f2c887a3970,2024-10-26,welterweight,KO/TKO,0.58214206,0.318963,0.098894976
4a0a7c62b38099ba662d7540,2024-10-26,light_heavyweight,KO/TKO,0.36734173,0.501016,0.13164225
c481a4e5d3c8d48d2a063795,2024-10-26,featherweight,KO/TKO,0.45939592,0.39979324,0.14081088
e98deb41ebb14639db7c7876,2024-10-26,middleweight,Decision,0.551819,0.34831432,0.099866666
8c84124df2963190592ada9e,2024-10-26,heavyweight,KO/TKO,0.30988747,0.5653014,0.124811076
79fce42379f8108d722fa309,2024-10-26,featherweight,Decision,0.608019,0.29810214,0.093878865
df658a10c24790baf29d4ee5,2024-10-26,light_heavyweight,Decision,0.5217916,0.39194006,0.08626837
c1770a29dd92cea4a6f380c4,2024-10-26,catch_weight,Decision,0.47849518,0.28767428,0.23383053
fa23b82570604d8dd9c63e98,2024-10-26,welterweight,Decision,0.48479703,0.31789303,0.19730993
39f8f786e1f44eddf18e1470,2024-10-26,middleweight,Submission,0.32804623,0.47517186,0.19678187
17cb3fa1910244939c601a11,2024-10-26,middleweight,KO/TKO,0.5927912,0.3074845,0.099724256
f369464f1180832f1d8b7c25,2024-11-02,bantamweight,Decision,0.60172814,0.30830932,0.08996251
e1741bf2713d935c14028fb4,2024-11-02,heavyweight,Decision,0.40317684,0.3697702,0.22705299
6025d5b28df7b99fb482dcce,2024-11-02,womens_flyweight,Submission,0.68261415,0.17358512,0.14380074
55b1b3ca9a1864952fc3a120,2024-11-02,flyweight,Decision,0.5285337,0.3234034,0.14806288
88f856cc39f5020603b0cb4d,2024-11-02,light_heavyweight,Decision,0.43616188,0.40622726,0.15761083
1f3e2215dc098945c449f796,2024-11-02,bantamweight,Decision,0.5497831,0.29835284,0.151864
fcff3a20a805946dcbc5b1f1,2024-11-02,bantamweight,Submission,0.55095875,0.30880395,0.14023727
abebc636424c238657d451dd,2024-11-02,womens_flyweight,Decision,0.644943,0.19781199,0.15724498
4ac4778bb7788aaec05d064c,2024-11-02,featherweight,Submission,0.59722215,0.22211415,0.1806637
6baeb93f8c6f6b9bd33db412,2024-11-02,womens_flyweight,Decision,0.6251561,0.16536613,0.20947778
dcc9895cbd8b3c0b07f46767,2024-11-02,middleweight,KO/TKO,0.47774994,0.31748348,0.20476659
671290c0c6844812078884b0,2024-11-02,welterweight,Decision,0.4180542,0.37869307,0.20325272
c56faacbd23e859d15f773a4,2024-11-02,bantamweight,Decision,0.61860335,0.28873748,0.09265919
775087a13644ddbfe20dc426,2024-11-09,bantamweight,Submission,0.47846907,0.3237125,0.19781841
1019552fdbf1a6c9ac7389ae,2024-11-09,welterweight,KO/TKO,0.4961462,0.33752593,0.16632785
0e948b30e911a8028bcd9511,2024-11-09,bantamweight,Decision,0.5032798,0.32058966,0.17613052
4fa91a1cfb6740cb784e067a,2024-11-09,middleweight,Submission,0.37017664,0.33833694,0.29148638
82c4427e3f9514cdeb328735,2024-11-09,womens_strawweight,Decision,0.6229494,0.21915473,0.15789586
4493bfb4dc8c9613ac38e90c,2024-11-09,womens_strawweight,Decision,0.5675365,0.19927418,0.23318937
3a681fdfbe596d2fdcae3f62,2024-11-09,middleweight,KO/TKO,0.40318495,0.41045174,0.18636335
6b3506aa31679bb23befa70d,2024-11-09,welterweight,KO/TKO,0.4879131,0.40903756,0.10304933
c3c4de6fa97914db9f9aff63,2024-11-09,womens_bantamweight,KO/TKO,0.54764026,0.23846406,0.21389568
1977ecf38fd0fee16b089735,2024-11-09,welterweight,KO/TKO,0.35058072,0.5478665,0.10155272
97dc41469e9c9287cb5fd305,2024-11-09,middleweight,Submission,0.46614245,0.3009815,0.23287603
043847b8441b879d0f429697,2024-11-16,welterweight,KO/TKO,0.59637207,0.2728737,0.13075426
4167d3f6070971c8b9d1fde2,2024-11-16,middleweight,Decision,0.2955867,0.36584035,0.33857295
9f92f3cfd66a55be8006ffb2,2024-11-16,lightweight,Decision,0.26866314,0.45632714,0.27500975
54cc8d7bd582e5171cc7f70b,2024-11-16,lightweight,Decision,0.4629671,0.3543911,0.18264185
bce7b7de58b92db963e36818,2024-11-16,lightweight,Submission,0.45378485,0.3023405,0.24387462
3e7b3ef93a01e95602563df6,2024-11-16,heavyweight,KO/TKO,0.4406018,0.4672546,0.09214363
fa0177ce9126280f55a43082,2024-11-16,bantamweight,Decision,0.46728945,0.40263352,0.13007699
b5c28155a6e12ff7a5ce6f50,2024-11-16,heavyweight,KO/TKO,0.54643345,0.3630555,0.090511076
03e4a0968b9c873a3c75fe66,2024-11-16,catch_weight,Decision,0.29923698,0.5382454,0.16251767
017db93038090457a9f2ad7f,2024-11-16,welterweight,KO/TKO,0.39542747,0.29422757,0.3103449
a7c487f94464423d6463a35e,2024-11-16,womens_flyweight,Decision,0.6234982,0.22453177,0.15197006
46332285a7b69c9d2a12da53,2024-11-16,womens_flyweight,Decision,0.5665791,0.20922145,0.22419946
8811b8fcd2100494af6f8cd5,2024-11-23,bantamweight,Decision,0.38362622,0.33783707,0.2785367
1c95d96871ede2553b9ef069,2024-11-23,flyweight,KO/TKO,0.38362622,0.33783707,0.2785367
c23bd1c8a9009f9e2aa0618e,2024-11-23,flyweight,Decision,0.38362622,0.33783707,0.2785367
b6619e5bf2b8cb1dcad50e13,2024-11-23,lightweight,Decision,0.4017805,0.47116464,0.12705489
e18d6be41f88d838a0ea1d5a,2024-11-23,flyweight,Decision,0.5112485,0.32758117,0.16117033
bd0443c550f1a30b6b7d0b7f,2024-11-23,bantamweight,Decision,0.45567253,0.4036252,0.14070225
0ff5951760ba7570bb749166,2024-11-23,womens_strawweight,KO/TKO,0.447145,0.25325555,0.2995995
c6ef3b68243861a699dbc860,2024-11-23,welterweight,KO/TKO,0.48743868,0.412736,0.09982537
958a5e46c9010601ebb8d398,2024-11-23,light_heavyweight,Decision,0.3457992,0.54617774,0.108023055
77418b65aac3f975237beb9e,2024-11-23,womens_flyweight,Submission,0.6052245,0.277659,0.1171165
8d8a818c9f17c009e3b85bf9,2024-11-23,bantamweight,KO/TKO,0.58703464,0.259194,0.1537714
4a920eff3f6c4c24152c2d9c,2024-11-23,womens_strawweight,Decision,0.7487536,0.16116156,0.090084836
ab152d7ea0e03fcd72fe5e3e,2024-11-23,light_heavyweight,KO/TKO,0.26141012,0.6284185,0.11017134
8bec3556efa0aff00fc6942a,2024-12-07,flyweight,Submission,0.42816702,0.36969712,0.20213589
9635f631a62e6cac838fac30,2024-12-07,featherweight,KO/TKO,0.5174139,0.21397577,0.26861033
0304da4371ba534498bbfa00,2024-12-07,catch_weight,KO/TKO,0.53140384,0.31841812,0.15017802
b7f0d52ab8dd1cb8f75d38c6,2024-12-07,heavyweight,Decision,0.5128122,0.3984917,0.08869612
228014fdd9ac575ec9d83932,2024-12-07,lightweight,Submission,0.42581844,0.30900785,0.2651737
b17d607483172d5ebfb86b98,2024-12-07,flyweight,Decision,0.52551454,0.29711655,0.17736894
5fcd9b73e591e02031a00a9e,2024-12-07,light_heavyweight,KO/TKO,0.3493783,0.5223598,0.12826192
3e73e0845cfe08a1abaa6d7f,2024-12-07,heavyweight,KO/TKO,0.4355444,0.4541652,0.11029045
034ec1f2c225729b14c0dfca,2024-12-07,welterweight,Submission,0.57525015,0.2554133,0.1693366
ba2176c71f65397aaa94d50a,2024-12-07,featherweight,Decision,0.643016,0.22794324,0.12904072
44dbc5139ac2ed24c255f5cc,2024-12-07,featherweight,KO/TKO,0.41090623,0.40511104,0.18398269
9f2b7751f55b139930a7745b,2024-12-07,welterweight,Decision,0.40819177,0.40617508,0.18563318
23e3d1acad9c979ed26efd91,2024-12-07,welterweight,Decision,0.32908043,0.4587499,0.21216969
2bee7e4cb43cb0eed55b0645,2024-12-07,welterweight,Submission,0.48211256,0.36500743,0.15287998
f0b0735efef392fe0658fcdb,2024-12-14,bantamweight,Decision,0.45387724,0.43690285,0.10921991
bec4c121d2e352da409b0252,2024-12-14,welterweight,KO/TKO,0.5336361,0.3796381,0.08672578
7915719a146e85eb8bf4ac4e,2024-12-14,featherweight,KO/TKO,0.5311589,0.32626984,0.14257124
7b9f48d7590f393ee2bc937d,2024-12-14,bantamweight,Decision,0.6357182,0.28285813,0.081423625
14139c465fda81dd1f24724d,2024-12-14,lightweight,KO/TKO,0.4534313,0.33635062,0.21021804
ee992fcfb2c3ec848b22bf51,2024-12-14,womens_strawweight,Decision,0.67818636,0.18870251,0.13311112
a4bd67e5bf952f768ee5f2d7,2024-12-14,flyweight,KO/TKO,0.4557925,0.42352927,0.12067828
3d0468e9f5fdbbc6bcf4b92f,2024-12-14,lightweight,KO/TKO,0.4422764,0.4507239,0.10699972
8545cb07c6efcc3f4da59517,2024-12-14,featherweight,Decision,0.5746996,0.26278597,0.16251445
01916ac920a0f4fd7230f3cb,2024-12-14,womens_flyweight,Decision,0.7198651,0.16605198,0.11408291
282c2ae10a81491eae36a47a,2024-12-14,light_heavyweight,Decision,0.31343552,0.5292669,0.1572976
92bbcef9c67dd1b7eb6c690e,2024-12-14,featherweight,KO/TKO,0.46443102,0.36810973,0.16745923
1fcccda17da14ab9603a0f66,2024-12-14,light_heavyweight,KO/TKO,0.41467133,0.42258397,0.16274475
