fight_id,fight_date,weight_class,method_label,p_Decision,p_KO/TKO,p_Submission
26b46336baf995109799d0e8,2019-01-19,lightweight,KO/TKO,0.5731653360546942,0.2976462170075021,0.1291884469378036
38913c7a553efd0ea27c4ce6,2019-01-19,light_heavyweight,KO/TKO,0.28770110631379475,0.49709371323028306,0.2152051804559221
8126ece57175e39d22722e5b,2019-01-19,welterweight,Decision,0.6449224986644756,0.22287730984127804,0.13220019149424633
fb232738136fb41408e97318,2019-01-19,bantamweight,Submission,0.4424001495344899,0.44708211150752464,0.11051773895798551
cbce63c7e16d47b29e74d88a,2019-01-19,lightweight,Decision,0.4569512203603489,0.2994986234574075,0.24355015618224365
9a7c75d28b2227d353ffee0b,2019-01-19,light_heavyweight,Submission,0.2925774186451633,0.41666663117516006,0.29075595017967676
5678ee79359ee825af2c6cf6,2019-01-19,lightweight,KO/TKO,0.48514458830055585,0.2921604960168291,0.2226949156826152
25a9c1526fc208e6c7fe38c0,2019-01-19,flyweight,KO/TKO,0.5725425934844776,0.34975441314761757,0.0777029933679048
7c630f0caa70766b4c9772ba,2019-01-19,womens_flyweight,Decision,0.4408524065476721,0.24865109807257493,0.3104964953797528
16e5b4cb10bf8316f059f140,2019-01-19,flyweight,Decision,0.6509911763779513,0.2617663305939064,0.08724249302814222
e290c1a53b53c40025a2f302,2019-01-19,welterweight,Submission,0.5172565639003636,0.31007613299400333,0.1726673031056332
24cb0110e15bf9500f3a20ae,2019-01-19,womens_flyweight,Submission,0.5966705608408007,0.10263364945662598,0.30069578970257327
8efd36d5f3360c4d96328383,2019-02-02,lightweight,Submission,0.5790170697495917,0.35148183199064453,0.06950109825976382
414613fb990b2e1f8744a998,2019-02-02,welterweight,Submission,0.5160930225903485,0.3663040722844844,0.11760290512516722
1b0fda4335818f786b8d6f2f,2019-02-02,featherweight,Decision,0.5005703482950663,0.2254361872574204,0.2739934644475132
1953db6fe5b9744c1843dd12,2019-02-02,light_heavyweight,KO/TKO,0.35540399591345995,0.48873377002946927,0.15586223405707086
1cd6203b9577bfd25372eb22,2019-02-02,featherweight,KO/TKO,0.6554084449701435,0.207428943663348,0.13716261136650854
22cbf1de4862c931b9f97a10,2019-02-02,heavyweight,KO/TKO,0.35705985141925894,0.5734906786501764,0.06944946993056465
7342c697833ab7bab79bea3e,2019-02-02,womens_strawweight,Decision,0.33606801578463286,0.09518758440013962,0.5687443998152275
f0a78186a92cdad28af6e943,2019-02-02,flyweight,Decision,0.3536179939306399,0.34186524539270624,0.3045167606766539
4523cf854ff48df6d66ba36f,2019-02-02,womens_flyweight,Decision,0.6159231559772612,0.12304186406751623,0.26103497995522257
34446cbf52a1732388aac036,2019-02-02,middleweight,Submission,0.5008299800883971,0.331998023357018,0.1671719965545849
5467de70ec0bbfc6ea3f127e,2019-02-02,bantamweight,Submission,0.1775236046528315,0.7462360815832786,0.07624031376388987
15c9bca416c7204a3b9a9692,2019-02-02,bantamweight,KO/TKO,0.6011836412273363,0.3023194415895289,0.09649691718313491
f50a16321d311cfb1f168e8c,2019-02-02,welterweight,Decision,0.5253269085330737,0.4077024089590525,0.06697068250787376
1d74549a59fbd93e268d0046,2019-02-09,lightweight,KO/TKO,0.3107406972160313,0.5761546199053522,0.11310468287861666
e4525ba53a52b5b0857e967c,2019-02-09,lightweight,KO/TKO,0.29000262898966034,0.2566107124115165,0.4533866585988232
896c12a96bf1da79303bc533,2019-02-09,middleweight,Decision,0.26426916377972925,0.6480672534583399,0.08766358276193079
fcaa078b4857c278dceb747d,2019-02-09,light_heavyweight,KO/TKO,0.43765187624412294,0.42900857446458374,0.13333954929129344
b253a6a048ba0dd83a41d3a3,2019-02-09,flyweight,Decision,0.4594847363028978,0.19121679114698556,0.34929847255011653
4c10bda573f8c01d3c440405,2019-02-09,lightweight,Submission,0.5636497088478879,0.32598706770039587,0.11036322345171613
5fe9e229550df4983795b5be,2019-02-09,womens_flyweight,Submission,0.5958288454931875,0.17884983780759414,0.22532131669921832
5ad3dfcbceb50baabf4a06f1,2019-02-09,bantamweight,Decision,0.7428409960443875,0.13850553988741565,0.11865346406819684
19c65e9f1f86ac03182841f4,2019-02-09,featherweight,Decision,0.7595521064212675,0.15095571873945582,0.08949217483927663
b320535a9010e893cc6fe892,2019-02-09,bantamweight,Submission,0.5686375322893022,0.19509104403762412,0.23627142367307363
ca6f6af371cc512b6d1734d5,2019-02-09,bantamweight,Decision,0.5859448782975891,0.28160706415831327,0.13244805754409758
fb545f795d0e191fdab5bb79,2019-02-17,womens_strawweight,Submission,0.6825327410123077,0.12627979222945535,0.19118746675823697
3a7293241a2a807fa182f6f5,2019-02-17,featherweight,Submission,0.47802881410757675,0.44228593806770367,0.0796852478247195
90e1f32d8c4d591b474fd0de,2019-02-17,featherweight,Decision,0.6079455808976085,0.272869617105399,0.11918480199699244
3038757c3f23bac29c322002,2019-02-17,womens_flyweight,Decision,0.7195112969026346,0.15318591969852083,0.12730278339884457
c015f09a4e1bf33ced9384e3,2019-02-17,bantamweight,Submission,0.5131008986003415,0.2768382301315992,0.21006087126805933
5891d36900849c98a50352f1,2019-02-17,womens_strawweight,Decision,0.6400650937502904,0.18223765121616103,0.17769725503354855
6959921b10f78a71e64300e8,2019-02-17,heavyweight,KO/TKO,0.2001399423105448,0.6338184723863748,0.16604158530308036
657a85fc997ba3106e9c502b,2019-02-17,lightweight,Decision,0.6045538658204224,0.27025279874000624,0.12519333543957126
ca78a58998323e4f9fdbc72f,2019-02-17,bantamweight,Decision,0.5002712925748444,0.4106598378605475,0.08906886956460817
8cc10441cbf2614f8785b729,2019-02-17,bantamweight,KO/TKO,0.5821969210355015,0.24911279880717258,0.168690280157326
6118a8c78447f0434395fc87,2019-02-17,lightweight,Decision,0.5885761428102423,0.27944791471515285,0.13197594247460487
38cec55ae4c31d673c6a5cb7,2019-02-17,welterweight,KO/TKO,0.5177394621496212,0.3686267471132652,0.1136337907371136
9e4bab0c77a4e9c538d5684c,2019-02-23,lightweight,KO/TKO,0.5781140744088218,0.29971579604566273,0.12217012954551552
e7306a3ff9867fb2e7e85ac2,2019-02-23,lightweight,Decision,0.47188040214936744,0.2485703012894093,0.27954929656122324
c622965b0bcf635ba617dbb7,2019-02-23,featherweight,Submission,0.5643686532248758,0.14027856948676037,0.29535277728836373
f6151b74f7346e29cfac2985,2019-02-23,welterweight,KO/TKO,0.4943603587512852,0.34874550617956745,0.15689413506914748
bb340698ea1e7e4cc05fe35d,2019-02-23,light_heavyweight,KO/TKO,0.4846086744418531,0.4487699404371217,0.06662138512102514
1f68dad92eb77d22953924b9,2019-02-23,light_heavyweight,KO/TKO,0.29802011986865085,0.4143717572130914,0.28760812291825777
f20354ebb869644c4afccb40,2019-02-23,bantamweight,Decision,0.5004059267451605,0.39291951212594306,0.10667456112889649
68976dec066e7619e206ce8d,2019-02-23,womens_flyweight,Decision,0.6808413530245055,0.2040735461918458,0.11508510078364868
56cbf3ea04dbca631e7d843e,2019-02-23,light_heavyweight,Decision,0.25354542017739756,0.6885429099771444,0.05791166984545798
097be1f05c2d7e6e94d40303,2019-02-23,welterweight,Decision,0.335790686035225,0.33100552412703377,0.3332037898377412
63c32ebc206ee6106b382e72,2019-02-23,lightweight,Decision,0.5494765790093885,0.29462181381749464,0.1559016071731168
fdd038da2b5f04c16971323a,2019-02-23,heavyweight,Submission,0.29685517973718434,0.5531149265019925,0.15002989376082324
c89ca4669b8e6877497edfa3,2019-02-23,womens_flyweight,Submission,0.6409720836188619,0.1521499282549535,0.20687798812618452
1b1fe5662b3d023466c64bc5,2019-03-02,bantamweight,KO/TKO,0.36410890390088957,0.5290935755592425,0.1067975205398679
947d498d822062457d1e667e,2019-03-02,bantamweight,Decision,0.7194025212364009,0.2152937075917835,0.06530377117181552
0d13e65dd754b3f1bc58e7b8,2019-03-02,welterweight,KO/TKO,0.4249050093110594,0.3660696647026226,0.20902532598631812
54daae7c0fa28da8ca71a0f5,2019-03-02,middleweight,KO/TKO,0.4081894787572418,0.18317249758841916,0.40863802365433904
d15183f063880d7d4e9bbce1,2019-03-02,womens_bantamweight,KO/TKO,0.6812962401053654,0.0842124391689734,0.2344913207256612
5b92ec9d7c9365ea015380d9,2019-03-02,featherweight,Decision,0.675825640722667,0.21850093415519672,0.1056734251221363
e6b1f51548c2ef5176c0c18c,2019-03-02,light_heavyweight,Decision,0.22799946051011544,0.6660784718957886,0.10592206759409602
a4499ea5511393f5c9bd2dbd,2019-03-02,light_heavyweight,KO/TKO,0.21275641706938878,0.4989185699571097,0.28832501297350155
593c1b1e6c82dec285a0ca06,2019-03-02,womens_strawweight,Decision,0.6501247569925156,0.19606797555568053,0.1538072674518039
fb04d1b737f436ebc97b03b4,2019-03-02,welterweight,Submission,0.541254303133984,0.4260040433658534,0.03274165350016267
568a7229b4b06a6455408f13,2019-03-02,womens_strawweight,Decision,0.7854063217610764,0.09708557952128251,0.11750809871764123
75fc305627143c9630ca9bf5,2019-03-02,welterweight,Decision,0.46865046997269266,0.46934215134332485,0.06200737868398252
818abb53258da411751b41a4,2019-03-09,welterweight,KO/TKO,0.5528462484732122,0.3662215370823696,0.0809322144444183
2af546ec2d6b95fc63d0c56e,2019-03-09,lightweight,Decision,0.5360102719666724,0.34395094761626605,0.12003878041706166
58e767357e6d5c8330f66f2f,2019-03-09,welterweight,Decision,0.3910800894491547,0.4652827824417846,0.14363712810906074
aeb99a1990e3cb523a3641f3,2019-03-09,lightweight,Submission,0.5617999233338076,0.27284122203066774,0.16535885463552474
57bb3b3ccfd9285941e2f474,2019-03-09,heavyweight,Decision,0.6411207169881927,0.26227690036881707,0.09660238264299023
e0fd283d4ad215ea9c9ecb5f,2019-03-09,heavyweight,KO/TKO,0.4175978675043722,0.5449651935598457,0.03743693893578197
91dd9ae4e12f09809b994011,2019-03-09,welterweight,Submission,0.631698498349514,0.3053087137338238,0.06299278791666212
a822ba1d485f0fc8ac120f48,2019-03-09,featherweight,Decision,0.3364726011966558,0.4865448887763788,0.1769825100269655
5b43785643265dac8e96f96a,2019-03-09,bantamweight,Submission,0.5067863547975338,0.27030418427651004,0.2229094609259562
33db1b31bad9e3c347f5d190,2019-03-09,womens_bantamweight,Decision,0.6424666515009799,0.21737036573253324,0.14016298276648687
e992a27d67c8e35a59363798,2019-03-09,heavyweight,Decision,0.3878110067882908,0.4909204273525138,0.12126856585919547
1598348e4d6680280ca7ecb1,2019-03-09,middleweight,Decision,0.45536677222289274,0.4023684866227611,0.14226474115434615
5793b77c4043eadce8dbc1a1,2019-03-09,welterweight,KO/TKO,0.44940824953230607,0.38811948345021025,0.16247226701748366
3b895d43f522ada07f4959b0,2019-03-16,featherweight,Decision,0.6331041373403721,0.17563400645253843,0.19126185620708955
6d70742b8f98faa563b821eb,2019-03-16,featherweight,Submission,0.28965296997050477,0.45826331717496416,0.25208371285453096
ace5bfe86e4b0d6735973199,2019-03-16,welterweight,Submission,0.5361367230180825,0.3432597138575467,0.12060356312437072
353e4c10440a62ea4553e3ff,2019-03-16,welterweight,KO/TKO,0.5349536010902559,0.38828008393238694,0.07676631497735727
20e86b5d807bb2dc387b78f3,2019-03-16,middleweight,Decision,0.517149878858012,0.3664816521529335,0.11636846898905452
f7dfb4e06c955b5b53ddc717,2019-03-16,welterweight,Decision,0.59733190581444,0.22459476160409256,0.1780733325814674
6cac406144299eba656c31c8,2019-03-16,lightweight,Decision,0.4298504411970233,0.22359350329716915,0.3465560555058076
bf87589c5256203f65f72bbf,2019-03-16,featherweight,KO/TKO,0.6278108816740675,0.2307020556841477,0.1414870626417849
0cc779241aa11d55442d44dc,2019-03-16,womens_flyweight,Decision,0.7008815206868467,0.1996058068777585,0.09951267243539483
9f29624a5aa95c6c6caf75e2,2019-03-16,bantamweight,Submission,0.7124482546299591,0.13182112305135837,0.15573062231868248
8f38415a1100e141bbd92841,2019-03-16,light_heavyweight,Decision,0.27486225751274507,0.636023360846045,0.08911438164120994
10ac2affd027d19e4dc0a8e1,2019-03-16,light_heavyweight,Decision,0.35781948200633257,0.5399503231633405,0.10223019483032707
e694a2560234a188ae42e974,2019-03-23,womens_flyweight,Decision,0.6418648875842745,0.14474765789478167,0.2133874545209439
9c5f20dcf4b276ed3c4a12e7,2019-03-23,featherweight,Decision,0.3748338962994565,0.14024232477152404,0.48492377892901944
de2f47976573bf170793803f,2019-03-23,heavyweight,Decision,0.5117977246049792,0.4014599511844017,0.08674232421061917
f9b2cc6068c2ae45506e9313,2019-03-23,flyweight,Decision,0.5774957096295398,0.2738415554204164,0.14866273495004378
6871ce208868dbd843118f56,2019-03-23,lightweight,Decision,0.5845368835005676,0.3611434006946366,0.0543197158047959
3507718bfe13d92f6054b9ed,2019-03-23,flyweight,Decision,0.6510614756837043,0.22103678280294584,0.1279017415133497
57da958cc94cc83554eaeebb,2019-03-23,featherweight,Decision,0.6113406673116087,0.17836279762911503,0.21029653505927626
95a795d06d973c01bcfd4990,2019-03-23,bantamweight,KO/TKO,0.6600699240470855,0.1695677127440189,0.17036236320889558
ab7c36995971e72c6d2cbf53,2019-03-23,womens_flyweight,KO/TKO,0.3927612594969615,0.3097211766402676,0.29751756386277095
adccd3ef67929e7be8b0fb1f,2019-03-23,womens_strawweight,Submission,0.8045635638129325,0.12557114638924582,0.0698652897978216
a6ca1f430b5ef469ba343397,2019-03-23,bantamweight,Decision,0.4796080552826328,0.24898849584848617,0.2714034488688811
d9300b28ce089ff86c099e9b,2019-03-23,welterweight,KO/TKO,0.40062097654267637,0.4563725856232135,0.14300643783411027
84ee51fdab49a6792b09df2b,2019-03-30,bantamweight,Decision,0.5320100152610262,0.22470378780354333,0.2432861969354305
b2272144ef0de0d983b37600,2019-03-30,middleweight,Submission,0.4377442759649646,0.40864398781103844,0.15361173622399688
4d97ae90607b612a50988191,2019-03-30,lightweight,KO/TKO,0.35017543145897023,0.6022063022053302,0.0476182663356996
477250ca2a15d6683e877e00,2019-03-30,featherweight,Decision,0.5187508867611818,0.41824662073220403,0.06300249250661424
f3fc62d38088caaf5eec0fe5,2019-03-30,featherweight,KO/TKO,0.5892228706727397,0.3501275797965914,0.06064954953066892
25a0d90348d39625a4f0314b,2019-03-30,womens_strawweight,Decision,0.7381546596225204,0.14515421672705742,0.11669112365042232
889f1c72aefbecafdff832f9,2019-03-30,light_heavyweight,Submission,0.2145454331708497,0.4645499215362498,0.3209046452929005
5396918119ed934b0af80bcb,2019-03-30,middleweight,Decision,0.29846472405228675,0.3263924526921328,0.37514282325558057
9496decacd91b03a238021e2,2019-03-30,womens_strawweight,Decision,0.8057476734224198,0.1181940911418561,0.07605823543572396
865dd8ea788e2e501a2f6b3d,2019-03-30,bantamweight,Decision,0.4118184518977581,0.15959673984543649,0.42858480825680534
acba98dfe391a402c7725c1a,2019-03-30,lightweight,KO/TKO,0.6210127838233531,0.3145031836135963,0.06448403256305058
bce69a101b3313de146183e7,2019-03-30,womens_flyweight,Decision,0.6661859475880463,0.11711352452039833,0.21670052789155542
12e81505192fb36cefeaab8b,2019-03-30,featherweight,Decision,0.584868364049345,0.23595750719506534,0.17917412875558972
3f60dec25b566435df7cedec,2019-04-13,welterweight,Decision,0.3788635302918781,0.5757585366899924,0.04537793301812956
7e8869149838e8184f1e5273,2019-04-13,bantamweight,KO/TKO,0.46769706672293354,0.17279942961343775,0.35950350366362865
289890fb9419def12213ee83,2019-04-13,bantamweight,Submission,0.46759751429100427,0.35010899741225704,0.18229348829673858
b784ab0811d40210660ce193,2019-04-13,welterweight,Decision,0.6242256317493029,0.3066632016427199,0.06911116660797724
4ffab5007df4ff7646771e21,2019-04-13,light_heavyweight,Decision,0.5081697965107477,0.3505506770548362,0.14127952643441605
33ebcc2e07caca97f069be07,2019-04-13,lightweight,Decision,0.543231040410684,0.3413635394909027,0.11540542009841331
a7712c32403c49d7bbe8592a,2019-04-13,middleweight,Decision,0.5132194541097228,0.4210323366777575,0.06574820921251963
cfbe4a97e3e72c4468debf09,2019-04-13,womens_flyweight,Decision,0.631076307706421,0.18345802263343988,0.18546566966013908
3ad810f66b297f4a1e28f412,2019-04-13,welterweight,Decision,0.43003434455243095,0.4288985856826455,0.14106706976492353
5515c14ec2037b702fc825e9,2019-04-13,lightweight,Decision,0.12272242091896561,0.7725683849852776,0.10470919409575674
e22e3562dae8dfff221df22f,2019-04-13,bantamweight,Decision,0.5317847388361595,0.2100364231700123,0.2581788379938281
86ba5ba8d5b95634ce58b762,2019-04-13,light_heavyweight,Submission,0.2602502922657198,0.5418873723215953,0.197862335412685
1c9726808f14ddd59d42d22d,2019-04-13,flyweight,KO/TKO,0.6078649115351304,0.1770477174666469,0.21508737099822262
8de90dc8a38f56cfd96d944d,2019-04-20,lightweight,Submission,0.5378919363222812,0.2760178393363037,0.18609022434141526
b9b4e5d3157c57087a7a77b4,2019-04-20,heavyweight,KO/TKO,0.13157695619871293,0.6171383776346381,0.25128466616664896
a13f15fd4cc899207fc13e71,2019-04-20,light_heavyweight,KO/TKO,0.18174531203127614,0.524418777378318,0.29383591059040587
663b41c840a325072588a36b,2019-04-20,lightweight,Decision,0.3954742481228763,0.260507756831869,0.34401799504525477
1b6f229338f50db52565e59c,2019-04-20,middleweight,Decision,0.43907034748889107,0.354353138192677,0.2065765143184319
815560d234b6ccedda48743e,2019-04-20,lightweight,KO/TKO,0.4025486238399939,0.37814367531629695,0.21930770084370915
91f5f9dbe58e9a59f5f3a499,2019-04-20,heavyweight,KO/TKO,0.6082367937565166,0.3333663826107149,0.05839682363276852
f973994e8ab6d25d2f5f2c88,2019-04-20,featherweight,Decision,0.4779259428800121,0.24645459352304266,0.27561946359694534
af7c348666716dc73218dc9a,2019-04-20,womens_flyweight,Decision,0.7368786281405068,0.2008721115979429,0.06224926026155024
7bb40837872b53468491b077,2019-04-20,heavyweight,KO/TKO,0.35741368896352604,0.42631904151000916,0.21626726952646486
7b6b18993ce6ee3086c6f10e,2019-04-20,welterweight,Decision,0.5820249726350412,0.2835776616217014,0.13439736574325759
5f2baffa9f9e18070dd69e1d,2019-04-27,welterweight,Decision,0.539701355347169,0.2961551962869131,0.16414344836591796
b031eded632dd94461f4a954,2019-04-27,heavyweight,Decision,0.5006131112195612,0.45137733105599886,0.04800955772443995
915cc3326771dcb5012f05cb,2019-04-27,womens_strawweight,Decision,0.7128909681336143,0.18968595535266344,0.09742307651372212
cbe370d6e9437f7454094401,2019-04-27,welterweight,KO/TKO,0.37003958444382645,0.35046400067982236,0.2794964148763511
a3f24c5dfdbc1c1cb8b01ef2,2019-04-27,womens_strawweight,Decision,0.6191980425398406,0.15207065561608077,0.2287313018440786
3f0c08354e145c02110fd0a2,2019-04-27,welterweight,Decision,0.41945952414722215,0.369564392947427,0.21097608290535094
6f066ff33c959ab559b7a1cb,2019-04-27,lightweight,Submission,0.48513821612493696,0.3050184991025006,0.2098432847725623
cf0c668767f8f59b49b1d46b,2019-04-27,light_heavyweight,Submission,0.35565648899448066,0.5281839977958857,0.11615951320963366
d7a529c7a59a0342b202024e,2019-04-27,heavyweight,KO/TKO,0.47204275046946903,0.3718826821204901,0.156074567410041
810334f59f27e21035e1f127,2019-04-27,middleweight,Decision,0.1837779050216588,0.6289869222027302,0.18723517277561108
56ca651437d7cc1d573c3970,2019-04-27,lightweight,Submission,0.5096120075576923,0.14472577201062212,0.3456622204316857
64e530283564ae1339632e0b,2019-04-27,bantamweight,Decision,0.47000774992145905,0.376104043935184,0.15388820614335688
734a75344024157915995e4a,2019-04-27,lightweight,Decision,0.48672841200872347,0.3009515732671786,0.21232001472409806
3a807e46fc597761a9a248a3,2019-05-04,bantamweight,Decision,0.6816829322294478,0.18577108213073468,0.1325459856398175
4afd8778c789a9d76835ce0a,2019-05-04,lightweight,Decision,0.08726588339159817,0.8375345816019604,0.07519953500644153
ffc7edb9f4fdd9e856d76689,2019-05-04,heavyweight,Decision,0.6161465915522132,0.24688522908385965,0.13696817936392705
aa35b011a1662c7027e70524,2019-05-04,bantamweight,Decision,0.7093459685637374,0.158803631399899,0.13185040003636347
640f1b8fcbd5c004e9cb36a7,2019-05-04,featherweight,Decision,0.31077725461203404,0.610379989574451,0.07884275581351483
3b1a562aa4ebab0784fd7bc0,2019-05-04,middleweight,Decision,0.4318640372036707,0.4764990280985407,0.09163693469778854
1b63ea904ebd2957ee46991c,2019-05-04,featherweight,Submission,0.6425377514040276,0.16963718439295125,0.1878250642030211
89394eb01e7784b2c428333d,2019-05-04,womens_bantamweight,KO/TKO,0.5888265616826113,0.10896572823828628,0.3022077100791023
dbedbc64c66202909e1eec7a,2019-05-04,middleweight,Decision,0.605164245780156,0.29678474811028127,0.09805100610956265
9e20d5adcc49052c74014626,2019-05-04,bantamweight,Decision,0.34778897705079187,0.4040780256980786,0.24813299725112958
978214d16c31f8696f47f29f,2019-05-04,welterweight,Decision,0.5312215279579199,0.4021104958309956,0.06666797621108461
e124311e45865d724207e325,2019-05-04,heavyweight,KO/TKO,0.2511229916008936,0.5999315555050899,0.14894545289401648
e7073ba5faca0ccac9ce2fcd,2019-05-11,lightweight,Decision,0.6175937019863847,0.24553984623846628,0.1368664517751489
69669b5e3b46042a05eb0823,2019-05-11,womens_bantamweight,Submission,0.768777210549087,0.17189416212259934,0.05932862732831369
91bd5d42cc6416e430dd43ed,2019-05-11,middleweight,KO/TKO,0.27219658083119325,0.6003856338008355,0.12741778536797116
4afd58b0d8a55895c868a02e,2019-05-11,featherweight,Decision,0.638454983036795,0.3098529972728485,0.051692019690356396
81a04e8caf79fb727607d237,2019-05-11,womens_flyweight,Decision,0.7146991694805094,0.15273888581620113,0.13256194470328958
10d59155db6aa78a1427c454,2019-05-11,bantamweight,KO/TKO,0.46796314054352167,0.16419355438244287,0.36784330507403556
9249808c94f3d6dfdf9af36b,2019-05-11,light_heavyweight,KO/TKO,0.34636010807300033,0.5239056679769877,0.12973422395001194
6c73f1b4fdd41c4e4e6654da,2019-05-11,womens_strawweight,KO/TKO,0.47155857974865556,0.35596396175921896,0.17247745849212553
d89982d834ee44a1b667b66f,2019-05-11,womens_bantamweight,KO/TKO,0.5898277200866516,0.10384783308011127,0.3063244468332372
8296e0d578cb9314c68eee1d,2019-05-11,welterweight,Decision,0.4178024988331951,0.552943101606507,0.029254399560297916
365fefe34135160ec5455d1f,2019-05-11,lightweight,Decision,0.4617139883636089,0.3643161953384259,0.1739698162979652
6cec7d8a2c1e3df9f294b43a,2019-05-11,welterweight,KO/TKO,0.5103910331276781,0.3103846378281588,0.17922432904416324
363d78001101e6229c0a2b0a,2019-05-18,middleweight,Decision,0.7067156899109905,0.18198676006083359,0.11129755002817589
3f0251bc27145aab23db9546,2019-05-18,womens_bantamweight,Decision,0.5864405311088255,0.3106746544075333,0.10288481448364109
50d9e85f3686903269809172,2019-05-18,lightweight,KO/TKO,0.35844249133410655,0.18849030521131432,0.4530672034545792
7d905c953ba73d1a68ead277,2019-05-18,welterweight,KO/TKO,0.35920460845696484,0.5124637604478234,0.12833163109521178
6bc2a392929414c465042a48,2019-05-18,lightweight,Decision,0.4758920404979094,0.18663547555169624,0.33747248395039436
0f6484b736a7f3cc7aba63cc,2019-05-18,lightweight,Decision,0.6104717453526095,0.2739137982886006,0.11561445635879
db76119921bdd0ed497b32f1,2019-05-18,featherweight,KO/TKO,0.6990018771202086,0.1837202173316918,0.11727790554809968
33c355ad10b62e7d1de78d9c,2019-05-18,womens_featherweight,Submission,0.406484909892051,0.2734517402890236,0.3200633498189254
bc3a021cd3cf61e555021000,2019-05-18,featherweight,Submission,0.7760668903741001,0.11941051139879189,0.104522598227108
3c180878faf99b21bf865fd0,2019-05-18,light_heavyweight,KO/TKO,0.3077630506068584,0.45133487216578183,0.2409020772273598
ca96343028b62aeda9c60fe9,2019-05-18,welterweight,Submission,0.43541962968714165,0.32321715899355086,0.24136321131930744
2a18e106ad1da3effa28ec4b,2019-05-18,welterweight,KO/TKO,0.3625474165356661,0.4335845329887165,0.20386805047561735
05e89105390245833a6794d2,2019-05-18,middleweight,Submission,0.5460265730292813,0.247232102629389,0.20674132434132972
e79d9d724c1b4f49a9c151d5,2019-06-01,light_heavyweight,Submission,0.20866072220808812,0.6867233988071443,0.10461587898476758
51130eaae559739d2277bccb,2019-06-01,womens_bantamweight,Submission,0.4640411111512001,0.21094111094204054,0.3250177779067594
376fca1b2417ed080dc55d71,2019-06-01,lightweight,Decision,0.5207432014942511,0.20239770222784953,0.27685909627789923
6c857bc2b1611cd86b8a59d5,2019-06-01,featherweight,Decision,0.6626116499020527,0.21019235693563548,0.12719599316231192
b2a972b374869a366d3b02ae,2019-06-01,light_heavyweight,Decision,0.38950621991298706,0.5073669185578825,0.10312686152913038
9a09782a2c405f04f7df2ff8,2019-06-01,light_heavyweight,KO/TKO,0.3677769252883419,0.5935948832102438,0.0386281915014144
44f4f36c18cd30f4a78e8d2d,2019-06-01,lightweight,KO/TKO,0.45419676506963924,0.27309408652474926,0.27270914840561156
c4311f2a96b7cc37340ba09a,2019-06-01,featherweight,Submission,0.3854136833843547,0.12032787989775816,0.494258436717887
2fcd04431581330b8a2d18a7,2019-06-01,lightweight,KO/TKO,0.6609521120012204,0.2818647011907264,0.05718318680805313
0f14442a17f1f00f94f2d4c5,2019-06-01,welterweight,Decision,0.3655615645087666,0.24703710648730878,0.38740132900392465
7f95ca9ac1c70cd00b0cce57,2019-06-01,lightweight,KO/TKO,0.38585440543726957,0.3923430924238931,0.22180250213883743
42e3da20fad88525160d375a,2019-06-01,womens_bantamweight,Decision,0.6341048666147353,0.21878597062542313,0.14710916275984146
bd6e6031555f600f46ab4f03,2019-06-08,bantamweight,Decision,0.6185027349823657,0.2769199299921106,0.1045773350255237
95939d218a1d60a883da95bc,2019-06-08,middleweight,Decision,0.4477582352786166,0.4336817574522108,0.1185600072691725
266ee3a1c82efd700b8f5aa3,2019-06-08,bantamweight,KO/TKO,0.5338081583098304,0.3557741839676203,0.11041765772254929
f07b57e2716471ad3302c0ee,2019-06-08,bantamweight,KO/TKO,0.28183752537349804,0.5988944193760798,0.11926805525042215
5ef23b9557a9feefb97696b1,2019-06-08,bantamweight,Decision,0.5954260043265925,0.32843699342680843,0.07613700224659899
3f6311a5a0724f605b206cd2,2019-06-08,womens_strawweight,Decision,0.7193110451788449,0.18665809579183956,0.09403085902931552
d207301a7745b122f84fef97,2019-06-08,womens_flyweight,Decision,0.7380461443119091,0.1684209039946554,0.09353295169343549
1e7a85d2f5574c5627c3eea1,2019-06-08,featherweight,KO/TKO,0.5426640069105443,0.3419676967297669,0.11536829635968886
911a1fa0c445df7f0dd12d7b,2019-06-08,heavyweight,Decision,0.6950676450218976,0.22501180298210333,0.07992055199599903
3c6aa7bfcdac2bb433f30323,2019-06-08,womens_strawweight,Decision,0.6994117276492383,0.0775322840711669,0.22305598827959483
4e48afdd0e292d5f0e86fabf,2019-06-08,lightweight,KO/TKO,0.2337453510164001,0.6954426395246084,0.07081200945899159
47652b43ae72f5590c7a1882,2019-06-08,womens_flyweight,KO/TKO,0.5577029757853937,0.24539792142721314,0.1968991027873931
269fbddfdcbebe8e4bdb4b8c,2019-06-08,womens_strawweight,Decision,0.7821875672385782,0.12723644055665415,0.09057599220476777
ce49a5280ca93930a0ebe85b,2019-06-22,heavyweight,KO/TKO,0.20389614599867809,0.6168465723604185,0.1792572816409034
41f5e50f9ae0bfaed31ee510,2019-06-22,bantamweight,Decision,0.4715688137065997,0.33776508555901247,0.1906661007343878
f692e76cf277eacf2a442090,2019-06-22,womens_flyweight,Decision,0.6761644687243656,0.1256182859282428,0.19821724534739144
72cedfae58fa44321b69b949,2019-06-22,womens_flyweight,Decision,0.6729737731843316,0.1708522075191533,0.1561740192965151
32ff903f72c4276ea24d999b,2019-06-22,womens_strawweight,Decision,0.7410690479790644,0.16774980924000898,0.0911811427809267
00c99648f208e0a417e279c9,2019-06-22,welterweight,KO/TKO,0.5881723550459177,0.2865758747756621,0.12525177017842032
eee1e31c188a74656a5149fd,2019-06-22,featherweight,Decision,0.7277959303948408,0.2086325444045495,0.06357152520060969
c46941c902fed7bb4392162c,2019-06-22,middleweight,Decision,0.44152207959426804,0.24224259881020463,0.3162353215955275
b84127a3bd76a5e3ac7aea6d,2019-06-22,middleweight,Decision,0.5071456400079724,0.23348185590692996,0.25937250408509777
706b7d016d03a32401ae801c,2019-06-22,lightweight,KO/TKO,0.3974558086533723,0.27554730073482936,0.32699689061179826
739e8e2602d787738477d46a,2019-06-22,featherweight,KO/TKO,0.3253443800675648,0.5318540006180967,0.14280161931433843
f27c0e087e9ebd1684ff09fd,2019-06-29,light_heavyweight,KO/TKO,0.19973247437805988,0.6222218321693612,0.17804569345257884
50585a029a9751dccfd39bd2,2019-06-29,light_heavyweight,KO/TKO,0.30428555810929986,0.46995296564289346,0.22576147624780665
dae0a129ff92f092524a386b,2019-06-29,welterweight,Decision,0.5355574275337679,0.29104940830376447,0.17339316416246758
377c80dc3b6e45e576ef2577,2019-06-29,lightweight,KO/TKO,0.5577417186243279,0.350769452964602,0.09148882841107017
59455ad55e5ef93414e5aad0,2019-06-29,womens_strawweight,Submission,0.6800249327926621,0.15731457693648762,0.1626604902708504
a56c32c93524d245d82d6908,2019-06-29,light_heavyweight,KO/TKO,0.3659073704891695,0.39455808379809926,0.23953454571273117
8f285887c02290c07814a22b,2019-06-29,heavyweight,KO/TKO,0.3476256238947918,0.5991017573436201,0.05327261876158802
d2a1e845ca36ee5b8600ef32,2019-06-29,lightweight,Decision,0.6307505414944465,0.29838793070310193,0.0708615278024516
cbcb6ed7e3c7e95a085b7341,2019-06-29,flyweight,KO/TKO,0.5391773490349351,0.3149239142966575,0.14589873666840744
f34cc5843d81a39bf53d263e,2019-06-29,heavyweight,KO/TKO,0.44180828329770455,0.4134820777873229,0.14470963891497252
f79e641c1d4367a70c107e82,2019-06-29,bantamweight,Decision,0.4107508002664104,0.42054166976804347,0.16870752996554614
53e67f863836aff47b826da4,2019-06-29,lightweight,Decision,0.5808921210890303,0.14615022266022837,0.2729576562507413
20a121ded841e9e12c1c757e,2019-07-06,bantamweight,KO/TKO,0.49894583643988993,0.3732392139809722,0.12781494957913775
d2d8539dfdfeaf041ce5823f,2019-07-06,womens_bantamweight,KO/TKO,0.5800826792937378,0.3434182925667458,0.07649902813951641
3849e7ad93590c82be6460fc,2019-07-06,womens_strawweight,Decision,0.7258644702930811,0.10785398902308359,0.16628154068383544
396c48ca67f51480545db649,2019-07-06,welterweight,Decision,0.4315144318532995,0.3103119248560668,0.2581736432906337
6c8c735afb0fb578f594ca2c,2019-07-06,middleweight,Submission,0.5853189449572404,0.22393047495818916,0.1907505800845704
d3c4e9545585b46a1e37a85b,2019-07-06,featherweight,Decision,0.49487819791883675,0.2821328940418174,0.22298890803934582
fad6e667536db7ad4137ba53,2019-07-06,welterweight,Decision,0.5379704320012066,0.2024173915860516,0.2596121764127417
13fece4ed75664de71f4c8a0,2019-07-06,light_heavyweight,KO/TKO,0.416500844242209,0.3842763825302484,0.19922277322754267
d0f0ebb34a909f7c5faf6a88,2019-07-06,light_heavyweight,Decision,0.16302986748495293,0.6782436478721189,0.15872648464292827
5de1539a147642bac02b122a,2019-07-06,welterweight,KO/TKO,0.7420811612590434,0.17293929890614776,0.08497953983480878
82a761b4999bf1e4b0ed7ae3,2019-07-06,womens_bantamweight,Decision,0.25018304999225754,0.2310824559546051,0.5187344940531373
c2f52b8c99f2b37b25e37032,2019-07-06,bantamweight,Submission,0.43445038362140515,0.31562431425886167,0.24992530211973304
0def7c9da3d4db6e32d57362,2019-07-13,featherweight,KO/TKO,0.612134202928509,0.2908602848286526,0.09700551224283847
f5fb1ec8c7952cc1c512ffa7,2019-07-13,bantamweight,Decision,0.6551532347319234,0.18962511081049777,0.15522165445757896
26dc516d4800e957e79c8b4f,2019-07-13,featherweight,Decision,0.6521206036753012,0.20429192370693663,0.14358747261776228
ac96fd559635b4c7fc75a95f,2019-07-13,womens_bantamweight,KO/TKO,0.3220528118009658,0.5811352956398489,0.09681189255918529
05ef9aeb915febb76910a720,2019-07-13,featherweight,KO/TKO,0.6210025705489746,0.2796083819856927,0.0993890474653326
ae0ff18a3c5eee3bc503d001,2019-07-13,womens_bantamweight,Decision,0.815286663694496,0.09542769977091616,0.08928563653458776
70ae5877cea9f6b0ba4cccb6,2019-07-13,middleweight,Decision,0.4005500068080618,0.4181432891593869,0.18130670403255134
588a2bb6b75711c8e2d3461e,2019-07-13,womens_strawweight,Decision,0.3739805023454185,0.2397794258833895,0.38624007177119196
0570cae799dc63830a762f58,2019-07-13,middleweight,Decision,0.5495402690936165,0.3442571271687706,0.1062026037376129
945e0d3a9e212876ede075da,2019-07-13,bantamweight,KO/TKO,0.41907777227866194,0.3906219112133285,0.1903003165080096
1914dbfdf41512962586abae,2019-07-13,bantamweight,KO/TKO,0.38945748244291734,0.3034634927455312,0.3070790248115514
4c546f42a090e35397ce363f,2019-07-20,heavyweight,KO/TKO,0.2250296462062311,0.6065052865693861,0.1684650672243828
63961ea6efd64b1b65d34c39,2019-07-20,featherweight,Decision,0.6826431973431573,0.1955669242852794,0.12178987837156342
477aadc01e427b1389921cdb,2019-07-20,lightweight,Decision,0.36966342835793836,0.45424793320692897,0.1760886384351327
7af42900e3f80f8ca159c103,2019-07-20,heavyweight,Decision,0.21978189198651324,0.6714835454235494,0.10873456258993741
bb5283ee8ccec9441f73135f,2019-07-20,bantamweight,Decision,0.5615939074328643,0.12112395099424707,0.31728214157288864
03e22b6afc8fc3827a3323ba,2019-07-20,heavyweight,KO/TKO,0.5529740016192948,0.30009102685130784,0.1469349715293975
c39309c4e67ff537333ba9da,2019-07-20,lightweight,KO/TKO,0.3344185937887269,0.520422322609312,0.1451590836019611
180e942322ce1a8941b2e39c,2019-07-20,bantamweight,Decision,0.5533457930157177,0.09785965688287669,0.34879455010140564
af5eec7e9c1abcec258ac49b,2019-07-20,welterweight,Decision,0.30554088152880005,0.542959276766705,0.15149984170449507
270ce34d482903a677fa17bf,2019-07-20,womens_bantamweight,Decision,0.713375301795437,0.17772720058118882,0.10889749762337421
9bb0db9278511eb73cc534e1,2019-07-20,bantamweight,Decision,0.4746323699424862,0.19265242155872989,0.3327152084987839
58e855604932a7f6ee3f5606,2019-07-20,womens_flyweight,Decision,0.7920078210252456,0.1481792248236082,0.059812954151146416
6270c7e6a13d39f8b0f428ab,2019-07-20,light_heavyweight,Decision,0.6161353480279694,0.33705944419686934,0.0468052077751613
12ec13ec46af056c14efd03e,2019-07-27,flyweight,Decision,0.5925706932553767,0.20921819820669443,0.1982111085379288
1c6e856edd4101a3e500ec8f,2019-07-27,womens_flyweight,Decision,0.7156162870646624,0.1949295570986296,0.089454155836708
51addb9d2b6072ced811c9b9,2019-07-27,womens_featherweight,Decision,0.41285983646967084,0.3303598654144352,0.2567802981158941
73b3d43d2c49d35aeaea8904,2019-07-27,welterweight,Decision,0.3425228067851887,0.350004004753651,0.30747318846116023
05ed2239b2ea0fb046bfd3fb,2019-07-27,featherweight,Submission,0.5289921731236442,0.2532397252463405,0.21776810163001528
1295b55d2553494251bde142,2019-07-27,welterweight,KO/TKO,0.4843154783423234,0.3292847400575777,0.18639978160009885
1880f52d5d8d4a70093be8c6,2019-07-27,womens_flyweight,KO/TKO,0.5120941499730806,0.16012006850333416,0.3277857815235853
b233c1151e28ec04b24cad4a,2019-07-27,featherweight,KO/TKO,0.4735979291521815,0.410163229617076,0.11623884123074239
5f837399e34674ec11a971cd,2019-07-27,middleweight,Decision,0.4432323123078355,0.4450130129167891,0.11175467477537533
415e552f04f46d6a0dfa2bc5,2019-07-27,featherweight,Decision,0.23205319356781995,0.6732674023308935,0.09467940410128643
53c5de1fcd5d8fef19be7573,2019-07-27,lightweight,Decision,0.5423812983302695,0.14726943455370342,0.3103492671160272
6eeac113de6d8be6c115f368,2019-08-03,womens_flyweight,Submission,0.6366941757388989,0.22718471193122705,0.13612111232987414
37963509a7ad6fe9091a4260,2019-08-03,welterweight,Submission,0.38707507881465875,0.3214624544547182,0.29146246673062315
3c047e2900cccc1e8b515fa4,2019-08-03,welterweight,Decision,0.5149225803116121,0.3985085856195838,0.08656883406880417
e1fbac640d40549a81a34408,2019-08-03,light_heavyweight,Decision,0.4215454186233491,0.44476178701846325,0.13369279435818757
545e968860424db391f622ba,2019-08-03,lightweight,Submission,0.34976196914522184,0.3346955821789881,0.3155424486757901
7201d2665fc7c40e5001a557,2019-08-03,lightweight,KO/TKO,0.5161490555209507,0.39892379634580705,0.08492714813324229
f1af8880bfb7c5ee39f0e313,2019-08-03,flyweight,Submission,0.6907645133733534,0.1555892506778587,0.15364623594878796
08c664eb57a74c77d855ffcc,2019-08-03,womens_flyweight,KO/TKO,0.7594176484396395,0.09467355872135098,0.1459087928390094
3ca76db0b4b30f6617f3dae8,2019-08-03,welterweight,Decision,0.37506752957736134,0.23956283293255906,0.3853696374900796
d80baaecca990243dba2c73b,2019-08-03,womens_flyweight,Decision,0.5491452362009315,0.22436470172949002,0.22649006206957853
5a97ee77f95700513db584fb,2019-08-03,lightweight,KO/TKO,0.6937223839091021,0.219189117269625,0.08708849882127287
60aaa0218cf8078fe44e068a,2019-08-03,middleweight,Submission,0.4507410107950385,0.2690840333421635,0.28017495586279784
9bda4cca4c1560bdb475fa12,2019-08-10,heavyweight,Submission,0.33063075859368574,0.4499735204209409,0.2193957209853733
310b054339a286bb1219720d,2019-08-10,featherweight,Decision,0.47805193968120885,0.31096717704032667,0.2109808832784644
95f9071548c71c8a429b387f,2019-08-10,featherweight,Decision,0.6183455791761692,0.16565733020970544,0.21599709061412545
bb1f9e584eebc4445533e087,2019-08-10,bantamweight,Decision,0.4920136122803319,0.33814001312795644,0.1698463745917117
3cfa69ae9469d3e98e6e8c9d,2019-08-10,welterweight,Decision,0.5738854166878349,0.2994004280460786,0.12671415526608662
eb94bf7c64b05cef83a337de,2019-08-10,lightweight,Decision,0.2971395302038935,0.19477010875368755,0.508090361042419
421e881d17b627912cc053c2,2019-08-10,middleweight,Submission,0.24506261664144816,0.5317932485557056,0.22314413480284612
40ad55cf214d324d07ce2773,2019-08-10,flyweight,KO/TKO,0.5317372872924513,0.24370470845677536,0.22455800425077332
6cad3824255a247586943eda,2019-08-10,womens_strawweight,Decision,0.656439097869234,0.19413114984648863,0.14942975228427727
366b24077b4b12afdda7f906,2019-08-10,womens_flyweight,Decision,0.415730659407387,0.2843062605317711,0.29996308006084194
82a161559110934b283287e8,2019-08-10,womens_flyweight,Submission,0.7963455480735505,0.07113557305624647,0.13251887887020303
cafcc1a7d6eeee7dcac87f0c,2019-08-10,welterweight,Decision,0.4233133509220487,0.3987436050121455,0.1779430440658057
6bb4c1091c82f4a64ed209d1,2019-08-10,light_heavyweight,KO/TKO,0.42484308677430155,0.4905237467320331,0.08463316649366545
952d0f85baf48e580adfcbf9,2019-08-17,welterweight,Decision,0.5496946308900942,0.29440108502046075,0.1559042840894452
763b7021eda95cec160668cd,2019-08-17,lightweight,Decision,0.675746320865306,0.21801325682338807,0.10624042231130587
632ab47f31caa99776bafd3a,2019-08-17,heavyweight,KO/TKO,0.3149803314289697,0.44144656577453534,0.24357310279649494
b14af30ec1b703032b1c7ff8,2019-08-17,middleweight,Decision,0.3729507091538597,0.5318457118952317,0.0952035789509085
2bfe269c743b9b99bdcb7bec,2019-08-17,lightweight,KO/TKO,0.5163810512169816,0.34301964912852817,0.14059929965449014
fb841bfbd302bdfd92f09af9,2019-08-17,featherweight,KO/TKO,0.5145308972895063,0.3747667036782926,0.11070239903220118
5d4a75be3c772b6777d6965e,2019-08-17,womens_strawweight,Decision,0.6955139998324967,0.16775362014805287,0.1367323800194505
8b43d370f9a95a04823b6e21,2019-08-17,bantamweight,Decision,0.6576631579122688,0.208747270183999,0.13358957190373216
2f96645259048f7ffc5e87f2,2019-08-17,catch_weight,Decision,0.3786604437483484,0.11864770038439926,0.5026918558672524
a412d12faf803a97f8b5fa87,2019-08-17,bantamweight,Decision,0.412429842311402,0.4782104151975793,0.10935974249101874
f17d329e8a8236283607fb66,2019-08-17,womens_flyweight,Decision,0.723507019928543,0.14380156894023813,0.13269141113121877
dc588caaf4e23b17b9b88f93,2019-08-17,middleweight,Decision,0.3430247957168775,0.5572824865006881,0.09969271778243426
1f035f3330e22fa82d2a3650,2019-08-31,bantamweight,Decision,0.28317951410250675,0.3321276511278525,0.38469283476964083
42555d1e8ce3c6e9f80f494b,2019-08-31,light_heavyweight,Submission,0.180521949023848,0.514030374766857,0.30544767620929497
1cd17e7a1ac6a13856b412fd,2019-08-31,lightweight,Decision,0.49476287707409633,0.2438928528427369,0.26134427008316685
4b6daf2f0a633140483ed5fc,2019-08-31,womens_strawweight,KO/TKO,0.535663354966752,0.25684356459897667,0.20749308043427145
dac218cda6b12fbf0566e953,2019-08-31,middleweight,Submission,0.39058959741944027,0.23154955994532034,0.3778608426352394
974033b9c21272ecc210e47a,2019-08-31,flyweight,Decision,0.6779222876870443,0.23096067447045068,0.09111703784250501
d656d282c41d79f44960517d,2019-08-31,womens_bantamweight,Decision,0.5223669391657657,0.17617037833655944,0.3014626824976749
b4c018c81b8c2840fc1bf217,2019-08-31,welterweight,KO/TKO,0.5087474192703485,0.4004211322293508,0.09083144850030078
691194a03c43b9ec74c25c51,2019-08-31,welterweight,Decision,0.5566479082937318,0.3516458847068695,0.09170620699939863
5ef647d5242d0fc21e037ca7,2019-08-31,bantamweight,Decision,0.35243667276341967,0.2729750536152273,0.374588273621353
3438a2f8e2061a5b3df0345f,2019-08-31,womens_flyweight,Decision,0.46630747795528077,0.15603923024566055,0.3776532917990587
5fd241c02070d9383973e1ad,2019-09-07,welterweight,Submission,0.5244518169367812,0.3855227250733247,0.09002545798989418
dfa8aa41ae70e1bc02b18c64,2019-09-07,heavyweight,KO/TKO,0.3979862497635505,0.5406325017326037,0.06138124850384577
d18690fc6b502d5e9828c33d,2019-09-07,lightweight,Decision,0.3706544355534734,0.41488730082567893,0.21445826362084755
5c4bf8f13e687607837641d0,2019-09-07,lightweight,Decision,0.5449713947070822,0.37025919819930897,0.08476940709360889
a12f553a4bb3b6a0bc62f10c,2019-09-07,lightweight,Decision,0.4730808658293604,0.2235558072890254,0.30336332688161416
a6bde13c4fa732a086109c6f,2019-09-07,womens_flyweight,Decision,0.7197087347087961,0.18232287803291405,0.09796838725828973
8809a86b0765331ee3046ba8,2019-09-07,lightweight,Submission,0.4966843788717802,0.3806796874277324,0.12263593370048755
218ed25044345f0da0f1ab68,2019-09-07,womens_bantamweight,KO/TKO,0.5854465848112984,0.0858986291235812,0.32865478606512044
4b5abc9b471d257e26814621,2019-09-07,lightweight,Decision,0.5080500435007107,0.4087137940010297,0.08323616249825955
88104c3216b870a94d094b52,2019-09-07,welterweight,KO/TKO,0.43864449578332065,0.43335727325050427,0.12799823096617516
81f7b94567c3becf57b7c480,2019-09-07,middleweight,Decision,0.43656778583758005,0.371115240163707,0.19231697399871295
4fa13ee966e6f925309146f9,2019-09-07,lightweight,KO/TKO,0.5718355733378478,0.16338323761091955,0.2647811890512327
a24c84449925d91244224459,2019-09-14,bantamweight,Decision,0.464491923127742,0.3958033204183159,0.13970475645394212
76b09b1ae45fb9768ca9f02d,2019-09-14,featherweight,Decision,0.6241869003685329,0.16217870764173914,0.2136343919897281
d52f32b4c96395db88e3df3c,2019-09-14,bantamweight,Decision,0.4851589738584521,0.2672586663186715,0.24758235982287624
cdebef1ad84897fe6e52dab4,2019-09-14,lightweight,KO/TKO,0.07223723754024268,0.8937882308739352,0.033974531585822046
99a1382d0f54f8b36ae0f1a1,2019-09-14,light_heavyweight,Decision,0.15702129559709774,0.6597753876144394,0.1832033167884629
4657001db77127f01637d1aa,2019-09-14,lightweight,Decision,0.7009316264315697,0.1142011171172352,0.18486725645119498
cf978a340d3698c46fd69095,2019-09-14,bantamweight,KO/TKO,0.48494865394449466,0.30415740270762603,0.21089394334787942
1a3fd89ca750799e7e003f98,2019-09-14,heavyweight,KO/TKO,0.5156066922682226,0.36080081474224784,0.12359249298952954
43c10df3159c502c6de89daa,2019-09-14,welterweight,Decision,0.2957590079656234,0.46936699028125284,0.2348740017531239
7090bee0551cc8931473357e,2019-09-14,light_heavyweight,Submission,0.38207318889913516,0.38801983725486605,0.2299069738459987
3bda414f1341d69b2f6bec1e,2019-09-14,middleweight,Decision,0.49128459233296473,0.29233618201890343,0.21637922564813186
e675a50c92e763e9dbfe4d39,2019-09-21,womens_strawweight,KO/TKO,0.7889099241934908,0.12751762755503268,0.08357244825147638
63e3f55fc8b51d57700eef35,2019-09-21,womens_strawweight,Decision,0.7931782366129981,0.09903833329859116,0.10778343008841072
307855e3460d7f7876deadf3,2019-09-21,lightweight,Decision,0.4269602742239213,0.19307646767130565,0.37996325810477305
a02b51f27087befa1a1128b4,2019-09-21,womens_bantamweight,Decision,0.7893724458089488,0.15838843782606332,0.052239116364987716
6c639d934a292ba8bc90c07c,2019-09-21,bantamweight,Decision,0.5666903530535782,0.22479972415914504,0.2085099227872767
aac3548e1e8a354304ee6db9,2019-09-21,featherweight,KO/TKO,0.34170023733508365,0.5050481213018535,0.15325164136306277
87ed37dfa7f497b5f77d6e30,2019-09-21,featherweight,KO/TKO,0.608091354834874,0.23403105313301856,0.1578775920321075
3cc89087f0c0ce6f6e5675ad,2019-09-21,flyweight,Decision,0.634459326216412,0.21150026188498944,0.15404041189859852
1ba523d6ccedc31871693413,2019-09-21,womens_bantamweight,Decision,0.8020176452086888,0.13716008056322967,0.06082227422808152
47758d29bd662b3fd1939d7f,2019-09-21,light_heavyweight,Submission,0.45455456425826174,0.3920236092646554,0.1534218264770828
4c5ca474ab0b5ce8ca07a033,2019-09-28,middleweight,KO/TKO,0.4784047158066878,0.32188641067350815,0.19970887351980407
2ef6cc622d891b2f47cc02a3,2019-09-28,middleweight,Decision,0.39365729693372464,0.5181999319133577,0.08814277115291771
c24762d1540afc7892a6a11f,2019-09-28,featherweight,Decision,0.541460426317199,0.3004714955929577,0.15806807808984336
a74f028feadcc12f9e059d34,2019-09-28,welterweight,Decision,0.37977039461777473,0.32649490052653085,0.2937347048556944
58043915ba1655663c54db19,2019-09-28,light_heavyweight,KO/TKO,0.4531600723851042,0.45351586795747717,0.09332405965741868
24165e221c133e0f8521184c,2019-09-28,middleweight,KO/TKO,0.24484200526628502,0.524029902438826,0.231128092294889
db9cb586eea9be24aa022a81,2019-09-28,bantamweight,Submission,0.4024440548238005,0.192306562251288,0.40524938292491147
c563a8cbab69fdedc2ca6293,2019-09-28,womens_bantamweight,Decision,0.3372087195421194,0.45724604172199723,0.2055452387358834
2e2ac3805ce6106ac7b08c39,2019-09-28,lightweight,Decision,0.6619137474765835,0.19095352381296968,0.14713272871044691
1badb9e1370a7f530b41dad9,2019-09-28,lightweight,KO/TKO,0.4303815247650209,0.23394155877504144,0.33567691645993775
2667de7839876ddd18c5922f,2019-09-28,light_heavyweight,Submission,0.17345031044613654,0.7167797970402546,0.10976989251360882
838f2253c05f15ea4d21c1bb,2019-09-28,welterweight,Decision,0.5515035450705269,0.3184394870872394,0.1300569678422337
fceb01a3e6afb83d628ca021,2019-09-28,welterweight,Decision,0.3212857209697705,0.41535896458936405,0.2633553144408654
300838f93508ed30e50c5104,2019-10-05,lightweight,Decision,0.38606305195674523,0.46696550132578896,0.14697144671746576
0cb55ec63b83f5626f97c769,2019-10-05,lightweight,Decision,0.5019267258895732,0.2233373793581947,0.27473589475223203
c9b3790271aba99a0f5d563f,2019-10-05,welterweight,Decision,0.3115408834726575,0.6152513812830677,0.07320773524427485
59503950de9880dde6cfbd9a,2019-10-05,welterweight,Decision,0.5493636633286358,0.20944871807268423,0.24118761859867985
2efe952bc9906d2d8ee63d99,2019-10-05,heavyweight,KO/TKO,0.3029842445898545,0.4580480531526761,0.23896770225746933
03bdb3f550d8728b99736cb5,2019-10-05,welterweight,Decision,0.287490439569437,0.5938606860225925,0.11864887440797059
60a4cca6160e77a434c836eb,2019-10-05,womens_featherweight,Submission,0.3893059041709275,0.2139469013111898,0.39674719451788265
7a45e3425d11cee03efad9d2,2019-10-05,womens_flyweight,KO/TKO,0.6886913974658254,0.15006543833913843,0.16124316419503612
b31117cda02191539a7b1042,2019-10-05,middleweight,KO/TKO,0.29031168309708233,0.6468509277050017,0.06283738919791593
1541bbe0810786a062a2ed75,2019-10-05,heavyweight,Submission,0.1539750692343422,0.8011954296119554,0.044829501153702454
47228cf03cd4105dd977ba6d,2019-10-12,featherweight,Decision,0.6712742773063715,0.11615994490903458,0.21256577778459396
65e84e21f699586e3aefedd3,2019-10-12,flyweight,Submission,0.570927462837603,0.2110327123543429,0.21803982480805406
3d03b631b4587e1ba05b7567,2019-10-12,middleweight,Decision,0.4911395093831553,0.31815527887051864,0.19070521174632613
c1e628e157c0b3b603970990,2019-10-12,womens_flyweight,Decision,0.7928000212412522,0.10807070802804354,0.0991292707307045
b8d46870926615857be3f630,2019-10-12,womens_strawweight,Decision,0.5834045266847445,0.3204242791824927,0.09617119413276277
eb864e622ea92270ecef192f,2019-10-12,womens_strawweight,Decision,0.5535593537475023,0.1429967379335425,0.3034439083189551
85c6d7ac2b40e91bd0e22ab6,2019-10-12,bantamweight,KO/TKO,0.7303094179384821,0.1210344763870886,0.1486561056744292
5f52782a6aa56ba0f3a97b9b,2019-10-12,middleweight,Decision,0.5383066918771838,0.3302501626316893,0.13144314549112693
c1512c7e186a2ad2d9405660,2019-10-12,lightweight,Decision,0.5343296921655634,0.23608077636010677,0.2295895314743298
277f3f3cb03bddbb79f8c1b5,2019-10-12,welterweight,Decision,0.6010396107855766,0.2695422448580598,0.12941814435636367
845f9a197d8e4dbaeffe8afc,2019-10-12,welterweight,KO/TKO,0.4610626006331988,0.4322165241134535,0.10672087525334771
9c76094ff9dad4b08a83fa97,2019-10-12,lightweight,KO/TKO,0.6013801732103936,0.16217766897561356,0.23644215781399272
a22737adaea8f3c24329fca1,2019-10-12,welterweight,KO/TKO,0.34812811725096815,0.4481482501513181,0.20372363259771373
27e1fa1e0f0a4ed7fd4da048,2019-10-12,light_heavyweight,Submission,0.48617874124097227,0.3329122824433928,0.18090897631563482
ca0cd07f144ce35471f77fe5,2019-10-18,middleweight,Submission,0.48755340842456757,0.2459536987121108,0.26649289286332156
43a68b57b8ea07e036eda841,2019-10-18,featherweight,Submission,0.4762435108157404,0.21842743279214316,0.3053290563921164
e0354f103924591f691cb6e6,2019-10-18,welterweight,Decision,0.6282354418744295,0.18705421745163142,0.18471034067393907
23340c1c1beee7c9694fde06,2019-10-18,heavyweight,Decision,0.39814438527319557,0.4901119958526662,0.11174361887413821
855a0f86334b84d5802b5b3c,2019-10-18,middleweight,Decision,0.411001334451431,0.5457196815802343,0.04327898396833463
4535cc5c754f6cfab853349d,2019-10-18,light_heavyweight,KO/TKO,0.3382899491976246,0.5687723595882322,0.09293769121414311
312e5a705d9ea69f9304369e,2019-10-18,lightweight,KO/TKO,0.41421470187760684,0.2329499287374313,0.3528353693849619
dd1a5c0133b77b445e4da39d,2019-10-18,featherweight,Decision,0.7140477430765162,0.1649277446399405,0.1210245122835433
924db0cc13ef377747acd751,2019-10-18,womens_flyweight,KO/TKO,0.4047080524398404,0.15694302426903625,0.43834892329112335
1cbc40e89a4a3808ac58a6b2,2019-10-18,womens_flyweight,Decision,0.7054603663516835,0.08338757316475046,0.211152060483566
8017582ad0a64b3df2a1b1f1,2019-10-18,bantamweight,KO/TKO,0.4797631937555528,0.39788959197218904,0.12234721427225816
0b8035462f110001d74cfccc,2019-10-18,featherweight,Decision,0.5427179233562609,0.39683080720813735,0.060451269435601834
e547a10b6f576ac5ce766f3b,2019-10-26,lightweight,Decision,0.28390910438961925,0.26767873361242944,0.4484121619979513
e3e811b0d565e05ccc653f76,2019-10-26,heavyweight,Submission,0.26373123973381235,0.5192354546002603,0.2170333056659273
068191c5ec0442a5f327a13f,2019-10-26,welterweight,Submission,0.21686156684627683,0.3451423783067007,0.4379960548470225
a36870d79a38bac025ca994f,2019-10-26,featherweight,Decision,0.6791792942836533,0.16764150310158218,0.1531792026147644
f0d2710e45778380c740e9a9,2019-10-26,lightweight,Submission,0.45273941626291486,0.42283592361980427,0.12442466011728075
0d3c456a7272d86e8ebbb604,2019-10-26,womens_strawweight,Decision,0.5382165961544554,0.15706130308249713,0.3047221007630475
ec961ddbd1b2a583933bf1c7,2019-10-26,heavyweight,KO/TKO,0.40856180184965557,0.43244340618160176,0.15899479196874255
747dd08852da9f2fea81933a,2019-10-26,lightweight,Decision,0.5674736914515321,0.3390010406344927,0.09352526791397514
54365bc0fbf2054909ffb52a,2019-10-26,welterweight,Decision,0.5396216071186977,0.3418125189836942,0.11856587389760814
3d08ad4aa2e7c798a261b317,2019-10-26,womens_strawweight,Decision,0.7011104020607062,0.13879296601964614,0.16009663191964751
3c0c040f3ab9eee3625380a9,2019-10-26,heavyweight,Decision,0.42324035522564274,0.2880822981136795,0.2886773466606778
e493a0b30451a3c7301cdb30,2019-11-02,heavyweight,KO/TKO,0.4113341427977936,0.5541139731180492,0.03455188408415706
b6ed2b7f241d89a1c2e5768c,2019-11-02,middleweight,KO/TKO,0.5453744758994309,0.23900582997931372,0.2156196941212553
1179f435dc339904ffba59f4,2019-11-02,light_heavyweight,KO/TKO,0.40018551969588073,0.5130667646869823,0.08674771561713696
fcd1f11d558f57139634bfd4,2019-11-02,heavyweight,Decision,0.6000717282804109,0.3511574637830041,0.048770807936584996
b40746bfe9247aa2ab1cf62a,2019-11-02,welterweight,KO/TKO,0.40365063524023653,0.45440981048859247,0.14193955427117097
9be0b4ced3f43e9b5e0307d3,2019-11-02,featherweight,Decision,0.6124439073474468,0.2692780148180759,0.11827807783447737
3ef97578ff086342ac3316dc,2019-11-02,womens_flyweight,Decision,0.7510763785013774,0.15099143316678845,0.0979321883318342
6aac3558b27bea053402a041,2019-11-02,middleweight,Decision,0.5769968574763034,0.35622218670121136,0.06678095582248514
6bd651e672f1383eaaa3488e,2019-11-02,lightweight,KO/TKO,0.7293838208947344,0.15013714901481495,0.12047903009045073
bdd7d638521a5220ece47138,2019-11-02,welterweight,KO/TKO,0.5162973746109355,0.36691382619565105,0.11678879919341341
77040a488134a21632e5e1c1,2019-11-02,featherweight,KO/TKO,0.580941821409101,0.2486281375782476,0.17043004101265136
16af1afe443d2d04a0b3004e,2019-11-02,welterweight,Decision,0.25255579928346666,0.6854063010418574,0.06203789967467586
f936a2e7fe354fd8511c7843,2019-11-09,welterweight,Submission,0.4045429215619539,0.4168373522577126,0.1786197261803335
1e2f3752f6c52b1f4a02d6b7,2019-11-09,heavyweight,Decision,0.4488263791123838,0.46102866932830516,0.090144951559311
1a1c5e4865c1d0486f79c7bd,2019-11-09,lightweight,Decision,0.5066336100879631,0.26214465556420613,0.23122173434783072
640793902348858ab72aa43f,2019-11-09,bantamweight,Decision,0.5230961861324278,0.4276580439938915,0.049245769873680595
4b1a6b415dfe50f3c9f1dbb5,2019-11-09,womens_bantamweight,Decision,0.6438857751994629,0.17790341011903338,0.17821081468150377
f0ffe0e3b264df9b5db97006,2019-11-09,light_heavyweight,Decision,0.14729310793126857,0.7784333735850716,0.07427351848365991
f1793f6ef34da4257673c238,2019-11-09,light_heavyweight,KO/TKO,0.4885148080842421,0.41709451032972855,0.09439068158602944
31bcc23345e28ba3b19c96e4,2019-11-09,welterweight,Decision,0.5948892883232662,0.28854920281007185,0.11656150886666204
b9697c6e95b6549c714acf96,2019-11-09,middleweight,Submission,0.3863694309988468,0.45788325892334447,0.15574731007780868
e106bc203bf221eab415c9d6,2019-11-09,welterweight,Decision,0.6272420616053812,0.30681319448292804,0.06594474391169067
43e49e7eac931187640250f8,2019-11-09,light_heavyweight,Decision,0.4544807925721917,0.3607334434110653,0.18478576401674293
1f6dc7a779838723b04fdcd9,2019-11-09,featherweight,Decision,0.567253063672351,0.23121173107332094,0.2015352052543281
35a1c6a2fd428e45b7ba56ae,2019-11-09,welterweight,KO/TKO,0.546393879222243,0.31755039079289277,0.13605572998486407
9c39de42c4252efea5a6c7a4,2019-11-16,middleweight,Decision,0.42576629318038667,0.32840004206935686,0.2458336647502565
76080b6d4a1730806ca74745,2019-11-16,womens_flyweight,Decision,0.7717906362173724,0.10477620944789673,0.12343315433473072
ca0ede83403f2550325f5cf2,2019-11-16,lightweight,KO/TKO,0.3799610455364632,0.35112574309006545,0.26891321137347135
895cdfc1522a784865e69ac8,2019-11-16,featherweight,Decision,0.6428893478769244,0.3104942564898509,0.04661639563322475
14217beddf84c2e52c742fae,2019-11-16,lightweight,Decision,0.5251399756478605,0.38483079723959096,0.09002922711254856
353fdcce1036b674908aaa84,2019-11-16,light_heavyweight,Decision,0.14039605644828623,0.6385252651744833,0.22107867837723055
9da66ec4bb7eb06c55458f10,2019-11-16,middleweight,Decision,0.5638214306775492,0.23658962158173497,0.19958894774071573
fab55b1d74b0c72834f8c73e,2019-11-16,featherweight,Submission,0.626910812914235,0.22991482080104586,0.14317436628471916
0cd8da7c25c1fda31ca49a51,2019-11-16,welterweight,KO/TKO,0.6516727969079417,0.24805052796054794,0.10027667513151035
3343bf88c488f245111644cf,2019-11-16,womens_bantamweight,Decision,0.7227516557816185,0.18069159373960156,0.09655675047877994
ebb3391b28a1a863bca84b60,2019-11-16,welterweight,Submission,0.5478483093016818,0.3055168319711978,0.14663485872712043
9dcdaba00e3d7661c2c20a0f,2019-12-07,heavyweight,KO/TKO,0.15622821825975708,0.7660193710468018,0.07775241069344112
3f0d6005bcf5d8d74d490e25,2019-12-07,womens_bantamweight,KO/TKO,0.2965101267616393,0.21321867047475676,0.49027120276360403
af619e0f50e39d9a3c707cbf,2019-12-07,featherweight,Submission,0.4406684661132387,0.2652988293651344,0.2940327045216269
70a295b55866179ccd1d2ba9,2019-12-07,featherweight,Submission,0.7119620954295274,0.16016239330983084,0.12787551126064167
9f1bc6cac3951396363e743b,2019-12-07,lightweight,Decision,0.4348314969257926,0.203304164299952,0.3618643387742554
ae915d199d0a3212d88d4bff,2019-12-07,middleweight,KO/TKO,0.44558222737796516,0.3766037432654478,0.17781402935658686
b807573eed5a4156c41f13d0,2019-12-07,bantamweight,Decision,0.5655781778888769,0.2561522636524361,0.17826955845868708
c9a6fbe648a7cc56f81d7315,2019-12-07,heavyweight,KO/TKO,0.3965991612875271,0.4065631858842866,0.19683765282818616
831cacee5fffa61376db4fc9,2019-12-07,welterweight,Submission,0.3836796981239177,0.5404257661728968,0.07589453570318537
2138569b556c4d614e8bb628,2019-12-07,womens_strawweight,Submission,0.5804304476653396,0.10099601260060512,0.31857353973405517
029906e95258805fd3ef5825,2019-12-14,womens_bantamweight,Decision,0.48707214494257134,0.4271674962106488,0.08576035884677977
d5b4dfb3ff65f3dbb6fca19c,2019-12-14,flyweight,Decision,0.6448269039754376,0.24692457530607295,0.10824852071848948
ce5217459171cc8b3b06b8a1,2019-12-14,featherweight,KO/TKO,0.5401488888694271,0.21533662189709693,0.24451448923347593
33e7da705762dd431b060f57,2019-12-14,welterweight,KO/TKO,0.5286442789798748,0.35000392842059713,0.12135179259952802
f66a474497dbfe8160053545,2019-12-14,middleweight,Decision,0.5341229937823988,0.30401809357351367,0.1618589126440876
e78313114f040c2eb306caca,2019-12-14,womens_flyweight,Decision,0.6315440808793149,0.2657823830370427,0.10267353608364237
c278d51e7be09fbca132ce23,2019-12-14,welterweight,KO/TKO,0.7366070638797211,0.21337657566061682,0.05001636045966224
08209dc137ca29ba95d0b9a9,2019-12-14,womens_bantamweight,KO/TKO,0.7044666441842025,0.1738241375480189,0.1217092182677786
c1ada04837f4f0ae52b28b1c,2019-12-14,bantamweight,Decision,0.6496383190632151,0.23898439248281872,0.11137728845396615
effa322cf0f61bf8fab0059d,2019-12-14,welterweight,KO/TKO,0.2850589778553585,0.5791414480026335,0.13579957414200808
f1218bf5097065169418303d,2019-12-14,featherweight,Decision,0.3772369940540503,0.5571956199589525,0.06556738598699703
aa231dbbda45b913e6c739e4,2019-12-14,bantamweight,KO/TKO,0.5368584024328416,0.30212398281493646,0.16101761475222193
75abd93d36786b68de733b5a,2019-12-14,middleweight,KO/TKO,0.20233343704463994,0.5311746905630467,0.26649187239231337
ceb9eb09b6543ade92a2fc57,2019-12-21,bantamweight,Decision,0.5516507808824535,0.40370925438694627,0.04463996473060024
bc5dec6484ff60b254a2bf9e,2019-12-21,flyweight,KO/TKO,0.4475454599940833,0.311134551553112,0.24131998845280475
5e29733544b68ed9577a8341,2019-12-21,heavyweight,Decision,0.48177851000943583,0.42654339885781833,0.09167809113274589
7d8361c453bd229c2f8ab6af,2019-12-21,light_heavyweight,KO/TKO,0.24916550785669378,0.5146480683968924,0.2361864237464139
fdfacd8404d0eb95adcee649,2019-12-21,lightweight,Decision,0.5319529529390136,0.37621607278449426,0.09183097427649217
f9e7b8638de2149e61e51154,2019-12-21,featherweight,KO/TKO,0.5789805027653262,0.28542657066500016,0.1355929265696736
8a987c4579dbf3e22f1d5ff3,2019-12-21,featherweight,KO/TKO,0.338476874148326,0.49345639126372465,0.16806673458794935
b93afc4960a3dbb6e25c0b1b,2019-12-21,middleweight,Decision,0.703731782876444,0.20245165315365637,0.09381656396989958
ff575235c773175d33e45307,2019-12-21,bantamweight,Decision,0.6788829722185483,0.168049495599387,0.15306753218206473
852967885dda5170546df8c6,2019-12-21,womens_strawweight,Submission,0.6038972186437439,0.3409417011364204,0.05516108021983569
3443c05c299fb7b8610b44d4,2019-12-21,bantamweight,Decision,0.6610422196016135,0.25895878931902383,0.07999899107936273
6c4e36c79471be03e79e25b7,2019-12-21,featherweight,Decision,0.5511006141171405,0.1016482983263067,0.3472510875565528
3b0c3a4939fb8a567ab24b63,2019-12-21,light_heavyweight,Decision,0.48556088012238646,0.44993935472731,0.06449976515030338
dbaeff63b18a6d92838f98c2,2020-01-18,light_heavyweight,Decision,0.3611885038947247,0.46855163086467333,0.17025986524060205
32e3ff4610a5a504ed917afe,2020-01-18,heavyweight,Submission,0.29077040045564845,0.4959654963550739,0.21326410318927758
1826d3fc74bb2d6ba256950a,2020-01-18,featherweight,Decision,0.4573698246229568,0.4870358315983516,0.05559434377869163
299419704af40353765232da,2020-01-18,lightweight,Submission,0.5163408485576251,0.3686174798406493,0.11504167160172567
a1906b428b2b7f692430e2cb,2020-01-18,bantamweight,Submission,0.48164793159747166,0.35711702643891263,0.16123504196361582
66d951441f61c860a46dd18a,2020-01-18,welterweight,KO/TKO,0.22460225310486556,0.6838549915920766,0.09154275530305793
049d7f10a2408eaeea36b79b,2020-01-18,lightweight,KO/TKO,0.5289861436372908,0.38047637138192075,0.09053748498078842
8c49399b3602fc1ea7faab1f,2020-01-18,womens_bantamweight,Decision,0.6464936721185552,0.21231632874318837,0.14118999913825644
894e5a6b67f8fd390b461dc8,2020-01-18,womens_flyweight,Decision,0.6575605243451375,0.2472006517709769,0.09523882388388578
31631b1099dedbc551cca061,2020-01-18,womens_flyweight,Decision,0.691315259093408,0.14083578194684004,0.1678489589597521
818e4e2f4882a32d5136f9f8,2020-01-18,flyweight,Decision,0.5402786010165453,0.21531926019515246,0.2444021387883022
535e643e38e6e106255034d3,2020-01-25,featherweight,Decision,0.5046622767702174,0.3156059640733413,0.17973175915644127
fa88c98e5dae1a9d570d00f3,2020-01-25,middleweight,Decision,0.5578563310891581,0.3180287270774564,0.12411494183338564
3be9f2fb380b4adfe9142fad,2020-01-25,bantamweight,Submission,0.4468489806897685,0.21977337611197678,0.3333776431982547
3ceaa0ce879bb7f0a68da029,2020-01-25,heavyweight,KO/TKO,0.35040171343371224,0.5734682446686972,0.0761300418975906
70b24348fe735b27fba60a92,2020-01-25,womens_strawweight,KO/TKO,0.682639657842153,0.16756105832764664,0.1497992838302004
4da0ae30154e9ffeae7d071a,2020-01-25,featherweight,KO/TKO,0.4317604210554558,0.30038895855290176,0.2678506203916425
2a8739dba9f6bbb8da7160b0,2020-01-25,light_heavyweight,Decision,0.3721260296118764,0.4623837380369526,0.165490232351171
f0db58925ab2f01282c6aed8,2020-01-25,flyweight,Submission,0.4906336236322221,0.3936575392234199,0.11570883714435802
611387fbcb2688d824e09cfa,2020-01-25,womens_flyweight,Decision,0.7018868361199609,0.17046499347133748,0.1276481704087015
34d2e609fae11eba0361d28c,2020-01-25,bantamweight,Decision,0.6463204769856533,0.18508029398131676,0.16859922903302982
49c737995706c23811737d45,2020-01-25,welterweight,Decision,0.7059316753678158,0.15332495489333708,0.1407433697388473
c98a7a3f6e065503e752b443,2020-01-25,womens_bantamweight,Decision,0.6479628710722116,0.1596449249457011,0.19239220398208723
58f8cedb4f1c4a8acfe97da0,2020-02-08,welterweight,KO/TKO,0.43869633887084014,0.30707816699187623,0.2542254941372837
f791308687846b968ecb6e0b,2020-02-08,bantamweight,Decision,0.579720285610151,0.31601889119274834,0.10426082319710078
45d8c7be4e945420d00361ae,2020-02-08,featherweight,Decision,0.5153089649933954,0.2276513015327165,0.25703973347388814
a3ce1d91d4f5d48cb71fcfe9,2020-02-08,heavyweight,Decision,0.27444610121021307,0.6313366969385968,0.09421720185119008
ff6a60aa5038e8415ec8939f,2020-02-08,light_heavyweight,Decision,0.23245289708964623,0.6819669432762967,0.08558015963405699
e68dbb04527c15178f4140e6,2020-02-08,heavyweight,KO/TKO,0.3821303186538968,0.49597932703609066,0.12189035431001241
b2b4d0831802f26e83e6ccc7,2020-02-08,womens_flyweight,Decision,0.6850387840733754,0.24729348647693758,0.06766772944968703
8d68545109734da047569b52,2020-02-08,bantamweight,KO/TKO,0.6260838304138834,0.26343864296480507,0.11047752662131154
9849cc2855f955fab6058523,2020-02-08,featherweight,Decision,0.445971238956224,0.3765561306719654,0.17747263037181055
d1b4cad82cb530a5cf8cacd1,2020-02-08,middleweight,Decision,0.6357172192442656,0.21327367921424464,0.1510091015414898
1f5ca783acb07145072da725,2020-02-08,womens_flyweight,KO/TKO,0.6210066911380903,0.24879323625975372,0.1302000726021561
8de48a03581e7b5f3ae2d006,2020-02-15,bantamweight,Decision,0.6989570745928328,0.15157401417931565,0.1494689112278515
bd22d4e2756e0f228a221025,2020-02-15,light_heavyweight,KO/TKO,0.4491206406787648,0.4628534974104317,0.08802586191080339
c7f13fe85a89872d7c7fdc4a,2020-02-15,light_heavyweight,Decision,0.5024515017484622,0.44188310870890085,0.055665389542636876
f8d3fabff42baf18c7e8c6d5,2020-02-15,lightweight,Decision,0.6988720404142222,0.12788528780390734,0.17324267178187033
52e04780edda9cf0618b9152,2020-02-15,bantamweight,KO/TKO,0.3674314006656623,0.4530317839691966,0.1795368153651411
828bae559074c156bab9cdec,2020-02-15,lightweight,Decision,0.38184910930554694,0.46946429257479866,0.1486865981196544
e2092c0a9fda00799fd85248,2020-02-15,womens_bantamweight,Decision,0.2741371544240768,0.5492436474266467,0.17661919814927649
344da31964fde9819457c241,2020-02-15,flyweight,KO/TKO,0.5972708853567449,0.19800563211093913,0.20472348253231598
7a47b5bdbb687c1295999f5e,2020-02-15,womens_flyweight,Decision,0.49250134155506525,0.1291467506749968,0.37835190776993793
e21273dacc8544d24b825430,2020-02-15,flyweight,Decision,0.6088666571269445,0.13444217691395874,0.25669116595909686
806a30c5a3bc9369c6e1864c,2020-02-15,welterweight,Submission,0.47424774889099397,0.4485783896198338,0.07717386148917224
3345db9eff688ec37ec0f2f0,2020-02-22,heavyweight,KO/TKO,0.3568413700059451,0.4865489401003628,0.15660968989369198
405c0a662bf5e5bd6660107f,2020-02-22,lightweight,Decision,0.4058044204585421,0.38957702001699257,0.20461855952446542
957ee110d743be59ac63bd6c,2020-02-22,welterweight,KO/TKO,0.4974260537966147,0.4392864835423573,0.06328746266102796
55fc23885a358078ecffc231,2020-02-22,welterweight,Decision,0.5590815158096901,0.25548381998277964,0.18543466420753024
3d852084c8c58ac9c0c3866d,2020-02-22,lightweight,KO/TKO,0.5125990271548748,0.31320542993084616,0.17419554291427894
6d9b24acf3b0a085f063254d,2020-02-22,light_heavyweight,Submission,0.2821223293445777,0.5365290112118396,0.18134865944358272
7ec2485289f1c9b63a5792d6,2020-02-22,flyweight,Decision,0.627800011349241,0.2584183084212286,0.1137816802295305
e4febcd3b9270378b88c2c8d,2020-02-22,womens_strawweight,Decision,0.7810221450129443,0.1468907971030167,0.07208705788403903
06cda90846ecf341619165c4,2020-02-22,featherweight,KO/TKO,0.6638237227483836,0.25102797159340157,0.08514830565821484
c081058b8760ebc49b1844fa,2020-02-22,womens_strawweight,Decision,0.6547852032946622,0.17979164084079677,0.16542315586454107
0a118b568754c03f74e85a68,2020-02-22,lightweight,Decision,0.15368753380751157,0.7812313116602518,0.06508115453223658
e8ddc97cca6d0a5d378ee12f,2020-02-22,womens_flyweight,KO/TKO,0.7134143738663522,0.21713540347047425,0.06945022266317355
bc05c73c776a23522465fbba,2020-02-29,featherweight,KO/TKO,0.434455651206153,0.2851151767029991,0.28042917209084806
67c513c4904f8faedf720155,2020-02-29,middleweight,KO/TKO,0.27795051190834513,0.38713886741538517,0.33491062067626964
225a42fc041d7b46d5bfaca6,2020-02-29,womens_featherweight,KO/TKO,0.5698665434899324,0.1089467466508359,0.3211867098592318
12c618f5f471aac6cbe2f559,2020-02-29,bantamweight,Decision,0.5206101588226784,0.17709213923816772,0.30229770193915395
7c35b87c3259435af9f305f0,2020-02-29,featherweight,Submission,0.3993444522390992,0.2176099712476539,0.38304557651324694
b9199fdaf47f5fe86002cdc7,2020-02-29,light_heavyweight,KO/TKO,0.4661038518243541,0.3772015303700566,0.1566946178055893
a9d1e14c018c2bd7956f85b7,2020-02-29,featherweight,Submission,0.43040828707999634,0.24241607732801132,0.32717563559199236
959d009361301a02cd28d861,2020-02-29,flyweight,KO/TKO,0.28333815817571245,0.5510282081138432,0.16563363371044446
c5b2efe1550d9fc74302f4ae,2020-02-29,lightweight,Decision,0.43791509380436944,0.2998171147848196,0.2622677914108109
af291c699433bd04d136b64e,2020-02-29,heavyweight,Decision,0.3720599094525225,0.24079893302793068,0.3871411575195468
0192a4baef7d9bbc35d07b36,2020-02-29,womens_featherweight,KO/TKO,0.5086709971510084,0.15720018379079945,0.3341288190581922
8233a2bcadaa15eb353a00ac,2020-02-29,welterweight,Decision,0.529132363505004,0.37257085460866285,0.09829678188633303
ac32a2ac43ae6ff31c4c058a,2020-03-07,welterweight,Decision,0.6578316791855056,0.19390399868710315,0.14826432212739124
2994a65fc60a7ebda1abdfd4,2020-03-07,bantamweight,KO/TKO,0.6485823219378618,0.28959249970706513,0.06182517835507305
4dc37410ffdd722c5c13b647,2020-03-07,lightweight,KO/TKO,0.6524631902454702,0.22114986222540797,0.12638694752912186
bbd0ec55ec6433a7ed39dada,2020-03-07,middleweight,Submission,0.6651693240804997,0.20337668410201792,0.13145399181748232
29c5a22950b852875c2d2859,2020-03-07,featherweight,Decision,0.5030979206238816,0.32244350754980095,0.1744585718263175
fd70dfb0a7f2d8d11002f31b,2020-03-07,middleweight,Decision,0.4899228338583641,0.43515760709441653,0.07491955904721928
0a2d16d65f1e0a9aa0e5ad91,2020-03-07,lightweight,Decision,0.5809732162218479,0.27826583800021043,0.14076094577794163
6d49420f915f8986e125d116,2020-03-07,welterweight,Decision,0.6424213395529997,0.3259233532186768,0.0316553072283235
b8fe0a7b1ff0416078863f66,2020-03-07,middleweight,Submission,0.5699817993346713,0.20777725343202183,0.22224094723330684
5f2af6f949d46196346c0969,2020-03-07,bantamweight,KO/TKO,0.6946901188527537,0.188648651194452,0.11666122995279424
49093c389ab04a0502e74269,2020-03-07,womens_strawweight,Decision,0.7389311155517243,0.16089397776686812,0.10017490668140754
dcbc89946cfd3b60dc2896a5,2020-03-14,womens_strawweight,Decision,0.7123499633418372,0.15396495542773167,0.1336850812304311
ab4e9d192e4c6a16d88cfa78,2020-03-14,flyweight,Decision,0.506904533244744,0.2505593393818173,0.2425361273734386
0629e69e4cdef6010afb82fe,2020-03-14,welterweight,KO/TKO,0.6115347773886944,0.23771149920911153,0.150753723402194
12fcb4b15eab88cc21a628ea,2020-03-14,welterweight,Decision,0.5665382898496263,0.3482782824384124,0.08518342771196119
3397e1f912942f4951412964,2020-03-14,lightweight,Decision,0.5061649070292628,0.397463440647114,0.09637165232362324
0b804ef15016f4701a6c3b27,2020-03-14,light_heavyweight,Decision,0.25655033246874853,0.5117236410715361,0.2317260264597153
c060ae13226dc57054e79419,2020-03-14,flyweight,Decision,0.6246291960047938,0.22014823626844846,0.15522256772675766
1f8448a33794600e3b26b116,2020-03-14,lightweight,Submission,0.2821110731485236,0.3658363713862548,0.35205255546522174
8f283b50bf60f4ca662fb534,2020-03-14,womens_flyweight,Decision,0.5791865947822166,0.13352521186110475,0.28728819335667877
7171685f49e42fc47e27c391,2020-03-14,lightweight,Submission,0.6129821287184326,0.2431678736926715,0.14384999758889588
832f4ad5e6462a116d4f8af9,2020-03-14,womens_bantamweight,Decision,0.3380551785436148,0.08169277470465079,0.5802520467517345
009aa0b869e610f7e796e750,2020-05-09,heavyweight,Decision,0.2897181796389586,0.4877344713839558,0.2225473489770855
c103c970f04eb87287a0e4b3,2020-05-09,welterweight,Decision,0.38446812129094754,0.4958441999240011,0.1196876787850515
cedffd9e5eec6ce82f7c101a,2020-05-09,featherweight,Decision,0.5941281026154173,0.17647014780165143,0.22940174958293127
a0e32d72c7de88f4800dab59,2020-05-09,womens_strawweight,Decision,0.7191907375003389,0.1141200069343438,0.16668925556531736
ae7dca63a813f4d6c52b1788,2020-05-09,heavyweight,KO/TKO,0.28015667435020747,0.651580939478986,0.06826238617080645
f8880f1d649f46e28a73ca8d,2020-05-09,heavyweight,Decision,0.32286653150466804,0.6052742235102668,0.07185924498506502
5384d7c94e5a0e0f2f57d0aa,2020-05-09,bantamweight,KO/TKO,0.5651260281960387,0.3629536935924652,0.07192027821149614
b0b04e108bd700e4b9506bb6,2020-05-09,featherweight,KO/TKO,0.5896180788926059,0.3292369610555695,0.08114496005182463
4e861f89eebf4bd6240193ec,2020-05-09,light_heavyweight,Decision,0.3001197656790199,0.49532556800533095,0.20455466631564917
da967b755aeebd0969453818,2020-05-09,lightweight,KO/TKO,0.15478337170864798,0.7260119456183668,0.11920468267298528
5922566ed6339c4bee68789a,2020-05-09,welterweight,KO/TKO,0.3305415961703329,0.5310228388623812,0.13843556496728587
9327fe46dbb648274dedf148,2020-05-13,lightweight,KO/TKO,0.5297166082351645,0.38302854083165233,0.08725485093318323
b4e09acb3ef8fb916cd20042,2020-05-13,heavyweight,Decision,0.46608983401126985,0.45933371323048033,0.0745764527582498
099226a1af8eaad416e33ce9,2020-05-13,light_heavyweight,KO/TKO,0.1438386594516282,0.6783869981878728,0.17777434236049908
85583e946a1afc739c7971d5,2020-05-13,heavyweight,Decision,0.2662513677414608,0.5513884823143751,0.18236014994416413
30f7d6f26cdb555e1863bacf,2020-05-13,heavyweight,KO/TKO,0.6191550318711508,0.30734653829433045,0.07349842983451856
77c3d8ba834acfc857c5d9ad,2020-05-13,lightweight,Decision,0.5193285048721433,0.34465624507291437,0.13601525005494242
281018bae372254e896f953c,2020-05-13,featherweight,KO/TKO,0.668732410278446,0.1993393104722794,0.13192827924927464
11a75f048fd5a8ce402d014c,2020-05-13,lightweight,Submission,0.6106231126533397,0.30156926370475856,0.08780762364190187
eec530344c8a5b1193095b97,2020-05-13,bantamweight,Decision,0.5595496435035611,0.19404149891598554,0.24640885758045342
fc27e2a2bb4840d583e6af05,2020-05-13,womens_bantamweight,Decision,0.6707047000146863,0.17039799965039265,0.1588973003349211
56eb0df2ba5e8806fbb8b6ac,2020-05-16,heavyweight,KO/TKO,0.1639268904253253,0.7356114736921093,0.10046163588256538
4431b6293af599f45ff88ce1,2020-05-16,middleweight,KO/TKO,0.6051170844189636,0.2019948760620682,0.19288803951896807
2ab2b9f636e1f691e06be87f,2020-05-16,womens_strawweight,Decision,0.7341968866843124,0.1751894806307673,0.09061363268492037
2013fc705603e4d2d485f766,2020-05-16,womens_flyweight,Submission,0.7380505734179581,0.15170005224700644,0.11024937433503537
5002aab7fcb128933ec0f428,2020-05-16,featherweight,Decision,0.5060892115160813,0.42829030617687647,0.06562048230704226
6b06bb42128fb721e64e27d0,2020-05-16,featherweight,Decision,0.5529285191945718,0.2859080853891785,0.1611633954162497
700c19e5d8072a2eb472243d,2020-05-16,middleweight,Decision,0.5610671109716332,0.3843473711898785,0.05458551783848817
e484e0ac9450e9273c0358cd,2020-05-16,featherweight,Decision,0.5370535209725454,0.28261674225097744,0.180329736776477
ca6e34d9cb638eb1628a7523,2020-05-16,welterweight,KO/TKO,0.26245626480385664,0.6558933319927477,0.08165040320339574
9a367f827403d6a654fbb184,2020-05-16,heavyweight,Submission,0.2951006432246124,0.4161132158453183,0.28878614093006916
bc93d93ef97ad802b83b9d42,2020-05-16,featherweight,Decision,0.29267937257249943,0.5871933393383642,0.12012728808913647
ee05f5ee9431052c10688e3a,2020-05-30,catch_weight,Decision,0.22494438766734126,0.42477792299378747,0.35027768933887127
4666770439ba8c9851230139,2020-05-30,heavyweight,Decision,0.6145794613864546,0.31261309063066584,0.07280744798287947
30e2e97fde043513c4e768c0,2020-05-30,featherweight,KO/TKO,0.7605802722732351,0.15126410999610712,0.08815561773065793
4daf886ecde6eaec42a3a025,2020-05-30,welterweight,Decision,0.4083848240231512,0.4171964970789639,0.17441867889788498
cab113a35cf2265258613c6a,2020-05-30,womens_flyweight,Decision,0.7150097000302641,0.09217173414697753,0.19281856582275822
1ac169b7d2f5b29552a8b0c2,2020-05-30,bantamweight,Submission,0.5920919956506446,0.2109536254775595,0.1969543788717958
13b094ecc0ecaf09072cf52a,2020-05-30,womens_strawweight,Submission,0.8069553267982545,0.09498266845161259,0.09806200475013287
c05df91759ec1c10158435b1,2020-05-30,lightweight,Submission,0.45883524515508795,0.2051936224705837,0.33597113237432835
50b9b416e5e3b3851dac3a6f,2020-05-30,flyweight,Submission,0.6086679467312875,0.20344880883770347,0.18788324443100898
2d149a8495bc57d125ce4598,2020-05-30,welterweight,Decision,0.22839749299471576,0.6234927860953342,0.14810972090995
820e89cff0edf608156421bc,2020-06-06,featherweight,Decision,0.30407541200230687,0.4329373560470432,0.26298723195065
97226c5d11d686649ed3e022,2020-06-06,bantamweight,Submission,0.6135289885062581,0.26227720204324906,0.12419380945049274
24970a4f8d6d139317076c24,2020-06-06,light_heavyweight,Decision,0.4376416632252948,0.49565864495489215,0.066699691819813
28044f1dbc515f3c272522a1,2020-06-06,womens_featherweight,Decision,0.2547829992391763,0.6035698010756679,0.14164719968515577
14525c663d20a7a85c31b0dd,2020-06-06,middleweight,KO/TKO,0.5603552190961347,0.23350037768543247,0.20614440321843272
4858c091f6e5f1675c2a3e4e,2020-06-06,featherweight,Decision,0.5344460291588307,0.3229246533756347,0.14262931746553456
f5093e48c887c2911361c958,2020-06-06,bantamweight,KO/TKO,0.5074180000311237,0.41138926558736033,0.08119273438151593
478b9433c1b69ca56c69354f,2020-06-06,catch_weight,Submission,0.2538709743047335,0.5402327536397986,0.20589627205546787
34cf054f6fef1a96d7b033e6,2020-06-06,middleweight,KO/TKO,0.5683292067025019,0.20897775078523584,0.22269304251226227
41234e8af82999c05cd8e76b,2020-06-06,flyweight,KO/TKO,0.5396375498871737,0.35853583626338037,0.10182661384944591
0af06c0ad5c72afe4111ca93,2020-06-06,welterweight,Decision,0.6631517497364242,0.2033572173436531,0.1334910329199227
e31c4c6b7eef770d9e0c6969,2020-06-06,bantamweight,KO/TKO,0.4420131330982617,0.5100975588175429,0.047889308084195475
886bbd2f6a3553ba3983567a,2020-06-13,featherweight,Decision,0.4202048312406011,0.5072567645206649,0.07253840423873398
89e05740fd45ec7c49dee28a,2020-06-13,welterweight,KO/TKO,0.45678307768545146,0.2938439564171373,0.24937296589741123
0307782c584315ff5b11eb53,2020-06-13,lightweight,Decision,0.5927466618042755,0.23527805902664975,0.1719752791690748
62e7a1dbde465ca7534617e6,2020-06-13,womens_flyweight,Decision,0.5254689287770162,0.15051443561344147,0.3240166356095423
8a6e39649a3fec737d38320b,2020-06-13,bantamweight,Decision,0.6551024773836253,0.18214735596843853,0.16275016664793626
c630e7885cdd36b6b14cca59,2020-06-13,womens_bantamweight,KO/TKO,0.6987215996221774,0.20190927875536838,0.09936912162245419
3e172364fc518e64ef6c7969,2020-06-13,middleweight,Submission,0.6612563675832358,0.21748018302984132,0.1212634493869228
2259ec8201adefc465ce8c23,2020-06-13,womens_flyweight,Submission,0.6597687656136202,0.17967694348932892,0.16055429089705076
923433619c20dd750c2205af,2020-06-13,catch_weight,Decision,0.5126016129072378,0.24895793952913356,0.2384404475636285
e8151d9214dc667480a5a0cd,2020-06-13,bantamweight,KO/TKO,0.6033425504134813,0.2959834552624689,0.10067399432404991
290d4ab10e5aa919a128037b,2020-06-20,lightweight,KO/TKO,0.47088475507270133,0.304377416429825,0.22473782849747365
cbdc4ad6d5473e19d6df57ba,2020-06-20,welterweight,Decision,0.5156001410012041,0.4163358864669599,0.0680639725318361
35dd379f6c827a39c9ea2a80,2020-06-20,lightweight,Decision,0.6586250983717049,0.27329561269529185,0.06807928893300325
0ca95193d549deae06a43dfb,2020-06-20,womens_flyweight,Submission,0.5552530104422435,0.19158422180244947,0.25316276775530705
42a699b0e1e0b47000777a51,2020-06-20,heavyweight,Decision,0.4778612496960782,0.43351217714198287,0.08862657316193887
11a2b83fafaadd00beca04d6,2020-06-20,lightweight,KO/TKO,0.5625092656202824,0.30586950527896695,0.13162122910075066
dab5c40932dc5108516b8357,2020-06-20,catch_weight,Submission,0.3540760405962063,0.30434756404269536,0.34157639536109846
1702be42945c42f331abfb86,2020-06-20,featherweight,Decision,0.4226674167661927,0.5198736800894781,0.05745890314432922
059fc403c1199ed58dfefd1e,2020-06-20,womens_bantamweight,Decision,0.5687093436191684,0.2289142247924061,0.20237643158842553
cd96fe8c1990581afcbc65fa,2020-06-20,womens_flyweight,Decision,0.6323167933441115,0.303564553711602,0.06411865294428637
af88d28bf7e8107238ee84eb,2020-06-20,womens_strawweight,Decision,0.8371477079763002,0.09136578784232387,0.07148650418137592
82c23a4256fc112839a21e37,2020-06-27,middleweight,Decision,0.14787847011883892,0.21471145000848263,0.6374100798726785
de98f026bdf72951202b6d58,2020-06-27,lightweight,Decision,0.22113730874398926,0.6852326573020275,0.09363003395398324
3f23da8e6c5be0676895513e,2020-06-27,heavyweight,Submission,0.27302339477528165,0.6663900197916797,0.06058658543303875
b66fca201dea49414ec29f35,2020-06-27,featherweight,Decision,0.6917265463018198,0.10818473006753825,0.2000887236306419
c4e0a136fe5ffd850886b385,2020-06-27,womens_strawweight,Submission,0.3749790732219127,0.20341789401809596,0.42160303275999145
2fdfc02f2b246b2cd90069a6,2020-06-27,lightweight,Submission,0.31914545033986447,0.4038696463248341,0.27698490333530146
c13e18c821c98fe6fce0b80e,2020-06-27,welterweight,Decision,0.3487320846945331,0.3205822359017452,0.3306856794037217
44b541d2c96511df188e7335,2020-06-27,heavyweight,KO/TKO,0.5541600946725651,0.35929609399871315,0.0865438113287218
c19913fffb602e14f3e2082b,2020-06-27,catch_weight,Submission,0.4081430022779455,0.44201982761843883,0.14983717010361564
006f504a194d5223fe79b4df,2020-06-27,welterweight,KO/TKO,0.31567079558097844,0.5754082852988514,0.10892091912017023
be848e2721065a0114893812,2020-07-11,featherweight,Decision,0.6618919752704427,0.2684476854387995,0.06966033929075771
1f3620c84ae614757d7bfa36,2020-07-11,womens_flyweight,Submission,0.6989201322430769,0.10923847795689123,0.19184138980003185
2aca388948ad79e83a84cf15,2020-07-11,welterweight,Decision,0.535128182741769,0.3675955813672852,0.09727623589094579
574672682df84871761a5876,2020-07-11,womens_strawweight,Decision,0.6989345529302399,0.20778535734290574,0.09328008972685435
83c960d387ea71ac2b87a5ca,2020-07-11,welterweight,Decision,0.44664766569376796,0.4036328392531669,0.1497194950530652
51718fa99d2beeef65554230,2020-07-11,womens_bantamweight,Decision,0.678343640748966,0.1372031327422675,0.1844532265087665
d15cc1d2230aa928274889e4,2020-07-11,lightweight,Decision,0.3912058107674142,0.3421025164336455,0.26669167279894035
203ac34442d30277d30b534a,2020-07-11,featherweight,Submission,0.36023687790261,0.46106103429063966,0.17870208780675031
bbb50c2b6683640361da5f6b,2020-07-11,heavyweight,Decision,0.48068643853318493,0.43842173113209953,0.08089183033471554
c47da9117ef9cb0c55d90f33,2020-07-11,bantamweight,KO/TKO,0.4643389007887887,0.3916061624625288,0.14405493674868264
0d11971457c4175b965c7f87,2020-07-11,bantamweight,KO/TKO,0.4357846225709396,0.4698141970971352,0.09440118033192532
511b42aba92448e1f30bcceb,2020-07-11,flyweight,Decision,0.44407533130540705,0.4007487869733315,0.15517588172126157
b8cb51bb58d9db4514c8a4cf,2020-07-11,light_heavyweight,KO/TKO,0.32258854635316814,0.5518265256930563,0.12558492795377546
3cb54ea87dbfd559fefef2b7,2020-07-15,welterweight,Decision,0.3457153171810745,0.5525734647632072,0.10171121805571831
884115a97758c772c9a1aa6e,2020-07-15,featherweight,Decision,0.24735522175324043,0.48869538121186046,0.26394939703489906
e030c4b4274431ef2741e6c9,2020-07-15,womens_flyweight,Submission,0.7475117871766654,0.09901687254191786,0.15347134028141673
a8f801019d4eef0e77d9ae1a,2020-07-15,bantamweight,Submission,0.7537570193240702,0.09604777987887644,0.15019520079705337
b3e069741adc630204893233,2020-07-15,featherweight,Decision,0.7498062802028524,0.10414679104309386,0.14604692875405365
e15671cec5d44e671c10a445,2020-07-15,featherweight,Decision,0.7017246599637521,0.22677343037511768,0.07150190966113014
8b32ecec48dbcd2195ac45bf,2020-07-15,middleweight,Submission,0.4211540807399788,0.3799035681915908,0.19894235106843036
07704ef1301d2d6ce8009af5,2020-07-15,light_heavyweight,KO/TKO,0.2943219271750985,0.4621353247328216,0.24354274809207996
b612d80bd5c03377090d4d3e,2020-07-15,womens_flyweight,Decision,0.6652982069276194,0.1426127606328125,0.19208903243956804
9f333d28d7717b8654dfa658,2020-07-15,featherweight,KO/TKO,0.4539007407428896,0.2357510897629692,0.31034816949414107
456ab7958561d909b67e3864,2020-07-15,flyweight,Decision,0.5886160081435408,0.2304105992490659,0.18097339260739342
8f69fcae4224781b3c9cfa38,2020-07-18,flyweight,Decision,0.6389338278914429,0.23986822147469367,0.12119795063386353
fa1912c548967b80aa56bf11,2020-07-18,womens_flyweight,Submission,0.769043749034571,0.1199345180448836,0.1110217329205454
6919180ec57b7b188061ac38,2020-07-18,bantamweight,Decision,0.6031737796853531,0.1481993655795463,0.24862685473510057
74993216732e68a332a88a7c,2020-07-18,heavyweight,Decision,0.301693196647185,0.4453687427027412,0.2529380606500738
cd37985766a8aa01b735f39b,2020-07-18,lightweight,Decision,0.6687323054812963,0.12856665668683046,0.2027010378318733
1940aee687891ca4a94afbfd,2020-07-18,flyweight,Submission,0.2905768271761068,0.541514722533134,0.16790845029075915
9fafa8c93b811a3746eb31e8,2020-07-18,catch_weight,Decision,0.6522123998909908,0.19275998080812926,0.15502761930088005
f86ab16d919a25d4da537f58,2020-07-18,middleweight,Submission,0.4739997199326435,0.44014944460779093,0.08585083545956552
66da3b6f9f4cf7e4157872a1,2020-07-18,lightweight,Submission,0.5210545305982781,0.2568271341921315,0.22211833520959043
4a09d8daff5488361ff890ac,2020-07-18,bantamweight,Submission,0.42846345809315867,0.2881360984077133,0.28340044349912796
e038f9564dda467e4997ce35,2020-07-18,lightweight,Decision,0.5741589614625237,0.31607889784710796,0.10976214069036835
8cd39f466756d30dadd88be2,2020-07-18,light_heavyweight,KO/TKO,0.41441017394745344,0.387671778898509,0.19791804715403755
aa414e556f0b92cf8400036c,2020-07-25,welterweight,Decision,0.4695872746645404,0.3877569693300564,0.1426557560054033
9ecf8c24eea5a923e8f4b148,2020-07-25,womens_bantamweight,Decision,0.7298909376626405,0.17468396834801295,0.09542509398934661
b345fd117c26ce8ce1ef6e60,2020-07-25,womens_strawweight,Decision,0.6299380018770636,0.14685035820326015,0.22321163991967632
0c7ab3916d55a17df15a3a83,2020-07-25,heavyweight,Submission,0.3236387217299793,0.605021020752677,0.07134025751734357
39cab37f486024ecb9db2635,2020-07-25,lightweight,KO/TKO,0.4322443503750283,0.361972677844588,0.20578297178038382
defd84b0599cc0d92b68f3d9,2020-07-25,welterweight,KO/TKO,0.5112704886388864,0.23374584403796866,0.25498366732314515
463933bcaf017d47e453066f,2020-07-25,light_heavyweight,Decision,0.36289811483410295,0.5433982729323366,0.09370361223356043
774acac56423a0c607d073ed,2020-07-25,featherweight,Decision,0.6206530710832142,0.301307472961329,0.0780394559554568
f8145b4bb7b5e3cb97d4dc9c,2020-07-25,bantamweight,Decision,0.36184691723332757,0.35849590783835245,0.27965717492832
6ce73abee15e58ac43b79445,2020-07-25,light_heavyweight,Submission,0.2446122224725808,0.5495574355636629,0.2058303419637562
85e0c0d613fc2cb13a184545,2020-07-25,welterweight,Decision,0.6444955283759446,0.24252929593480102,0.11297517568925455
d7af924b081837726a8d950e,2020-07-25,middleweight,Decision,0.3257131874482666,0.620750422807015,0.053536389744718436
11685689bd05b8ae21ca67b2,2020-07-25,heavyweight,KO/TKO,0.5293425573637118,0.4028663035326679,0.06779113910362018
376525f5ca63a4c27ff6decb,2020-07-25,heavyweight,KO/TKO,0.44094569405217093,0.405591447335138,0.15346285861269116
8332a93dfb22029ffd97dce6,2020-08-01,middleweight,KO/TKO,0.5086147710741047,0.2871237134825442,0.20426151544335108
accaf5efe3560f60755f9237,2020-08-01,bantamweight,KO/TKO,0.6041026786846023,0.33022173766338664,0.06567558365201111
77f7f2dbc81095fc4709e0cc,2020-08-01,featherweight,Decision,0.5581899925513185,0.30954813436147943,0.13226187308720205
803e4699563eeaab313ee6f9,2020-08-01,womens_flyweight,Submission,0.8036811552386519,0.09086237790376595,0.10545646685758212
cf1b0a8a8ef42f5355c57ac5,2020-08-01,featherweight,Decision,0.4758210851765528,0.2669946646586601,0.25718425016478713
74ada4c73df8d55a25668c40,2020-08-01,lightweight,Decision,0.6101107434678462,0.3005764697090252,0.08931278682312856
11b2bdce33b4daa385378c1a,2020-08-01,welterweight,KO/TKO,0.4315318924003678,0.4336647184438651,0.13480338915576695
210876a707716aedd484fb62,2020-08-08,middleweight,KO/TKO,0.27000469645704667,0.3365868034384612,0.393408500104492
55d2db7e55ff9ef810d8a2d6,2020-08-08,lightweight,KO/TKO,0.5843781986060923,0.2746550399758198,0.1409667614180878
04fb7fae5eccd9bfad3b30f5,2020-08-08,heavyweight,KO/TKO,0.10197554791088335,0.6145624658235991,0.2834619862655175
9c4d9994434bee6a49132946,2020-08-08,featherweight,Submission,0.3889396136607081,0.29190153420630593,0.31915885213298595
868200fb7ccb6878e63a9732,2020-08-08,bantamweight,Decision,0.4882878297254955,0.28462007039341664,0.22709209988108783
7ba96474f9f6f546663fb612,2020-08-08,middleweight,KO/TKO,0.4356263899572495,0.298272456857989,0.26610115318476146
2d9f61eb854f945a91ce4e6e,2020-08-08,middleweight,Submission,0.4971902304776692,0.33670509293395534,0.16610467658837544
da0dbbeaf56d1757faf50688,2020-08-08,lightweight,Decision,0.5521114714819376,0.3707607589668204,0.07712776955124186
7cf5bb7c97d458ef222e05c8,2020-08-08,middleweight,Decision,0.5467737248164055,0.29130610632631365,0.16192016885728086
298e37ec9666db9f53515a4c,2020-08-08,welterweight,Decision,0.45754241311904165,0.49773683670106417,0.044720750179894256
245a1aa1d70748ddb77fcd50,2020-08-08,womens_bantamweight,Decision,0.7051318395564004,0.1975859765206347,0.09728218392296498
060c3c0453e2685b88bfc7cd,2020-08-08,featherweight,Decision,0.5516495935865466,0.2709647647677466,0.17738564164570667
f62f628f4d455c496ac07489,2020-08-15,womens_strawweight,Decision,0.7490128061938917,0.09768397309152782,0.15330322071458052
a932c2ee19a974d44f417d4b,2020-08-15,heavyweight,KO/TKO,0.23003316219196637,0.5011566436622823,0.2688101941457513
7a1e753ee1cac071ed552cc0,2020-08-15,womens_strawweight,Submission,0.7776466961382218,0.04223884741270588,0.18011445644907237
c2a30adbd7330740e20862ad,2020-08-15,featherweight,KO/TKO,0.4121958037975333,0.2347453418441163,0.3530588543583505
14528df9ace6c262ceefb3f7,2020-08-15,lightweight,Decision,0.46090556832204466,0.20724473760459872,0.3318496940733567
55a99ea2630f084f2ed4d912,2020-08-15,bantamweight,Decision,0.8071008353441252,0.1293143091534864,0.06358485550238845
5d24c91dd499dbf9f371c204,2020-08-15,heavyweight,KO/TKO,0.44987629580913036,0.5164172957028347,0.03370640848803487
1b00b8df5d93a51c490a2948,2020-08-15,featherweight,Decision,0.45224297520380485,0.2719844964445735,0.27577252835162164
ba981dcf4305f29bcaa7900b,2020-08-15,bantamweight,KO/TKO,0.6232321971465258,0.23794469537498325,0.13882310747849091
27164f9bd07bca68817f3f4e,2020-08-15,heavyweight,Decision,0.1808790451452208,0.7193188949777645,0.09980205987701472
b5a777423264ab6348bb1c2e,2020-08-15,featherweight,Decision,0.2764139983214225,0.480123999775142,0.24346200190343548
acf437c27bb894e5f10b2833,2020-08-22,womens_strawweight,Decision,0.5970629050071692,0.13613731686706948,0.2667997781257613
865bc5e17b412e9d8e74207b,2020-08-22,lightweight,Submission,0.5816683231579087,0.2155473120069446,0.20278436483514667
56c97a89da7aadd66d047b0a,2020-08-22,welterweight,Decision,0.435201480699616,0.28471784979956133,0.2800806695008226
3d301ae7159660205e61e4dc,2020-08-22,welterweight,KO/TKO,0.593070628311508,0.12472112137716593,0.282208250311326
34d337987a36d7908897d305,2020-08-22,light_heavyweight,KO/TKO,0.18632076094441505,0.7172341811295423,0.09644505792604273
df37437bbab31d315b3583ce,2020-08-22,light_heavyweight,KO/TKO,0.2496286590992545,0.6984097338261006,0.05196160707464499
35fc4617b59fef082956caf0,2020-08-22,womens_flyweight,KO/TKO,0.5266687888869915,0.17448281016051445,0.29884840095249393
4c3bf69bcda575328e7dfa8a,2020-08-22,bantamweight,Decision,0.39772666170784204,0.5042762166779456,0.0979971216142124
9a0f019bcdd546effc2348ee,2020-08-29,middleweight,Decision,0.6255304052314387,0.2998664306269737,0.07460316414158759
445a76108cb8e63cbb18f23b,2020-08-29,featherweight,Submission,0.4746468651304781,0.3789059853759509,0.14644714949357096
783496ec89222db55e57a668,2020-08-29,light_heavyweight,Decision,0.4573031596932713,0.41903909868449,0.12365774162223861
e386eba5a579cbc9c61d7ea2,2020-08-29,womens_flyweight,Decision,0.8014064936863267,0.11099748338619742,0.08759602292747597
7e8fcbb84541590cb5ced267,2020-08-29,middleweight,Decision,0.4985746407591101,0.3573601122520245,0.1440652469888653
4fba53fa922937da97b13a1a,2020-08-29,womens_strawweight,Submission,0.7415721932946856,0.11501019415285131,0.1434176125524631
9e3309a83263a3eb26e2536b,2020-08-29,womens_strawweight,Submission,0.7020301970335148,0.1301706344208969,0.1677991685455885
cd63bf60ab82e106e2f0ee15,2020-08-29,featherweight,Decision,0.7040269488416268,0.1394892450622055,0.1564838060961678
5b102515890b750f61b15ad8,2020-08-29,welterweight,Decision,0.633376342599033,0.30373117506269315,0.06289248233827376
df451b71add33401cfbbbdee,2020-08-29,welterweight,Submission,0.514266593790032,0.3247828482765694,0.1609505579333986
a8f7e7ce78b35799585b7b3f,2020-09-05,heavyweight,KO/TKO,0.25659474408105865,0.6669852166835248,0.07642003923541658
4566ad12d4871db68af538da,2020-09-05,middleweight,Submission,0.5704093070433732,0.22574061216553712,0.20385008079108952
79f56fc5b540a07b75fc2f98,2020-09-05,featherweight,Submission,0.4950553163527329,0.3288269372049727,0.17611774644229441
b37f7663c4100c0a3a3d864e,2020-09-05,bantamweight,Decision,0.5329162681724174,0.32555539397765204,0.14152833784993052
db45cb350600a6522a63019e,2020-09-05,welterweight,Submission,0.5671785672096294,0.3015015224376032,0.13131991035276736
3a47b616824dbc09d6b4f23f,2020-09-05,light_heavyweight,KO/TKO,0.3161166600034099,0.5809511881406243,0.10293215185596598
cc3301848054cf1d86698beb,2020-09-05,womens_flyweight,Decision,0.58733216832121,0.17371316678687804,0.23895466489191186
28d6bbf15b8b8f3eb7f23a3c,2020-09-12,heavyweight,Submission,0.24057530785427686,0.5093430395080026,0.2500816526377204
f323a1bcddd8b81465fd2d6a,2020-09-12,featherweight,KO/TKO,0.46133810560872474,0.16146703362856354,0.37719486076271175
7ae74b7892d546b2c6cc4286,2020-09-12,catch_weight,Submission,0.3702639691514346,0.39648292562268084,0.23325310522588458
b58fb9829ccfd18659c6d7da,2020-09-12,welterweight,Decision,0.3259666184866712,0.5496264176291333,0.12440696388419557
082eb0ff7fe293a70ba23347,2020-09-12,light_heavyweight,Submission,0.22239777097117178,0.6812574769872266,0.09634475204160169
93cfcbcd4b75c2b5c8ee2e46,2020-09-12,womens_bantamweight,Decision,0.8472297646501885,0.09949821170321317,0.053272023646598256
04a643128e2a0077e897530a,2020-09-12,lightweight,Decision,0.6538209092045574,0.2830767888889348,0.06310230190650779
537ffd56845ed420190fbfdd,2020-09-12,womens_strawweight,Decision,0.5341453087609191,0.34751345993756366,0.11834123130151718
25de901f6dd7ecb9530b74b0,2020-09-12,lightweight,KO/TKO,0.237924848994523,0.5461898648650702,0.21588528614040686
28efb17bdca98d4378885a1c,2020-09-12,womens_flyweight,Decision,0.7117626249836193,0.21101943791101835,0.07721793710536237
9315dd27fd7b658d3ca50207,2020-09-12,womens_flyweight,Submission,0.6828577952331238,0.16772845604041017,0.14941374872646596
623b46230159a54815f5cb49,2020-09-19,bantamweight,Decision,0.7287092256685793,0.190891283496825,0.08039949083459573
fb266d3d4965156fe0812808,2020-09-19,welterweight,KO/TKO,0.5896013220607688,0.37000634490146067,0.040392333037770546
6c738a0d9b2c763e5023b8b1,2020-09-19,featherweight,Submission,0.3150510100738365,0.19768357247170176,0.4872654174544617
d817723ba47e641cb45f55df,2020-09-19,womens_bantamweight,KO/TKO,0.7325770935967487,0.1073310040342059,0.1600919023690453
5b0b10e3a4c96b4a1aaacc21,2020-09-19,light_heavyweight,KO/TKO,0.3843571747322946,0.40322763539334555,0.2124151898743599
4d15262f09d0438e42a1d716,2020-09-19,flyweight,Decision,0.6107417206539201,0.28454045710290926,0.10471782224317074
f23ca5817efea8ed67cc6d3e,2020-09-19,bantamweight,KO/TKO,0.7101735906674546,0.18416819076138385,0.10565821857116155
fb788a19abdf58c4ce9dcfda,2020-09-19,middleweight,Decision,0.43243702681786694,0.4074070651714105,0.1601559080107226
5c95389aafbb0711c5963558,2020-09-19,middleweight,KO/TKO,0.3653980879999377,0.3330588398943146,0.3015430721057476
7931d00816825b1bd9e0ecf7,2020-09-19,womens_strawweight,Submission,0.5483717006134606,0.2653461089409945,0.1862821904455449
126a5071914844441f76aed3,2020-09-19,womens_flyweight,Submission,0.7801687121195897,0.10410672861935805,0.1157245592610521
ef94f26d1600348c57fa67b0,2020-09-19,featherweight,Submission,0.532151449425673,0.24739340232116208,0.22045514825316495
3e510c9608a6583021390665,2020-09-19,bantamweight,KO/TKO,0.3301569822263907,0.4591300940693663,0.21071292370424302
23a662e45455f29a908aee5f,2020-09-26,lightweight,Decision,0.4736368658499593,0.2568649390665763,0.26949819508346423
ffe5c9a6e91e0d37d415fdb0,2020-09-26,welterweight,Decision,0.4594369132691758,0.37278309113657626,0.16777999559424794
9f519c98b04a3b46edae897c,2020-09-26,light_heavyweight,KO/TKO,0.2887378623096854,0.5843846741394673,0.12687746355084736
80791d311e48d79967e48920,2020-09-26,featherweight,Decision,0.6772504448967169,0.23435213281234174,0.08839742229094134
4ba5210842a9fdedea37b2dc,2020-09-26,middleweight,KO/TKO,0.3933755058860928,0.5537722687712473,0.052852225342659896
38d22d042e94d6259e70a045,2020-09-26,heavyweight,Submission,0.568073820625095,0.23899892634278436,0.1929272530321206
48f7656e55b8b2313a2a7cd2,2020-09-26,flyweight,Submission,0.692122222388462,0.16530812037809686,0.14256965723344117
f4bc73375a257ec73059a857,2020-09-26,womens_bantamweight,Decision,0.7367917056770057,0.17377183517928516,0.08943645914370914
be57e08456210445617a2cfe,2020-09-26,light_heavyweight,Decision,0.3811836988084467,0.4819471428817083,0.13686915830984486
39410ea34d5a7709c2e4070b,2020-09-26,featherweight,KO/TKO,0.4152557709576713,0.5099389538390646,0.07480527520326405
f593b1fad2405f4eea183994,2020-09-26,light_heavyweight,Decision,0.4094380748969492,0.32935490454092053,0.26120702056213035
b04169fb651ff838bcc04a28,2020-10-03,welterweight,Decision,0.6267773888754113,0.27228731519032356,0.10093529593426512
0c6b8632abdb2d92929613c4,2020-10-03,bantamweight,Decision,0.7501819444514707,0.1128101653925898,0.13700789015593967
d1559e32012f7277afb65dff,2020-10-03,middleweight,KO/TKO,0.34133446397958805,0.22396728362212925,0.43469825239828275
f3ee0876b7b239e4c9c141a5,2020-10-03,womens_bantamweight,Submission,0.4654924338041226,0.4700048047100763,0.06450276148580104
1ed625d2bce4a080ff7aa7ec,2020-10-03,womens_bantamweight,Decision,0.26034950048285593,0.6597715984146555,0.07987890110248863
c6a82c44dd90c79be12b6827,2020-10-03,middleweight,Decision,0.3760538308259945,0.3315242190923681,0.29242195008163735
e027916440b1d9b89633d333,2020-10-03,bantamweight,KO/TKO,0.4694665385693318,0.3388790891351511,0.19165437229551713
e78a454a7ba56158106a70bb,2020-10-03,womens_strawweight,Decision,0.5612678933411462,0.24396380214225666,0.19476830451659705
9038dd92cf6a9dba569b6e41,2020-10-03,lightweight,KO/TKO,0.46059677467477017,0.26447558844388064,0.2749276368813491
5e403d21b6f537ca07e981a8,2020-10-03,heavyweight,Decision,0.45413374031541864,0.45594957369559436,0.08991668598898704
80048b12f4e27d448e681393,2020-10-10,bantamweight,Decision,0.594659550675249,0.29128341844233535,0.11405703088241559
9fd3797dda6a9dc551642271,2020-10-10,heavyweight,Decision,0.49386655533851814,0.3908057976220024,0.11532764703947933
47d015c9da4f8e7c68642c9c,2020-10-10,flyweight,Decision,0.5354357840514572,0.2024636656843463,0.26210055026419654
f3c39178e030c72a92766f83,2020-10-10,heavyweight,KO/TKO,0.2931106825022684,0.5513833380588092,0.1555059794389224
b33b7e15079e874207787397,2020-10-10,featherweight,Decision,0.243745398537938,0.5941779555951118,0.16207664586695017
32b54d883d2d43b47a7329ef,2020-10-10,featherweight,Decision,0.43859777364430125,0.4819991959651027,0.07940303039059597
3933cacfa643f4332fb05e57,2020-10-10,middleweight,KO/TKO,0.5777766711929702,0.21942747736586768,0.2027958514411623
6d2a9d7dc08ac386e90f4115,2020-10-10,middleweight,KO/TKO,0.41141148777022535,0.2112040858995818,0.377384426330193
a9b7a476e336ba9d14cc3967,2020-10-10,bantamweight,KO/TKO,0.238412464684191,0.6043567228246436,0.15723081249116544
4bf87d901465ed4dc164d766,2020-10-10,heavyweight,KO/TKO,0.1480795142382032,0.68694026272022,0.16498022304157675
96f20b0be6ccb77bf9cdc8eb,2020-10-10,middleweight,KO/TKO,0.4420931082296546,0.4650508335734657,0.09285605819687978
f37de3fb239061532292aa7a,2020-10-10,womens_bantamweight,Decision,0.6556028286538896,0.14658140076608567,0.19781577058002478
c1064b7eb590e152b8293553,2020-10-10,featherweight,Decision,0.4062258245451545,0.3164692127167277,0.2773049627381179
7436f2383310929d077726d8,2020-10-17,featherweight,Decision,0.2574337426903572,0.6381852136441534,0.1043810436654895
1ccd594341a2b6cea5016be1,2020-10-17,welterweight,Decision,0.2917021475718498,0.3670147305989596,0.34128312182919046
5c7f86843455a239817ae12d,2020-10-17,light_heavyweight,KO/TKO,0.546769281159724,0.22189160067955438,0.23133911816072164
2da28f1443f58bbdd2cb3db7,2020-10-17,womens_flyweight,Decision,0.5467038632554093,0.28710532333115285,0.16619081341343775
9dc9bdd024b0eccd64b939ac,2020-10-17,lightweight,Decision,0.7201704929009664,0.11591476030087891,0.1639147467981547
5b47f9b0810708e40df64e9e,2020-10-17,light_heavyweight,KO/TKO,0.36449275891353144,0.4361930256414471,0.1993142154450215
2975781dbd33227ef8a61f79,2020-10-17,middleweight,Decision,0.48140380614877426,0.4852228912533913,0.03337330259783442
2a9bbefd70d44c964d657e9b,2020-10-17,womens_flyweight,KO/TKO,0.7766839889402904,0.13666976624700025,0.08664624481270916
591940879703188b315267f6,2020-10-17,lightweight,Decision,0.48745239353235903,0.26503290165842974,0.2475147048092113
385fd3eb8f3778369168b7dd,2020-10-17,bantamweight,KO/TKO,0.48834469210738835,0.35344230348683064,0.15821300440578107
5d4dafd8adc6f8fdd0422db8,2020-10-17,featherweight,Decision,0.6299706183356514,0.2940745024166734,0.0759548792476751
9e5f20555d811d9565cd562c,2020-10-24,welterweight,Submission,0.5430266838641504,0.32767360725609695,0.12929970887975265
c390228f133682c232f89d7a,2020-10-24,heavyweight,KO/TKO,0.6849732537546603,0.2644139518367052,0.05061279440863448
ddd3bcee83bd285bc2d66fda,2020-10-24,middleweight,KO/TKO,0.36925951565920434,0.35434063732566096,0.27639984701513465
accd1dcd8cd278a67c7cd20f,2020-10-24,lightweight,Submission,0.4795969000378837,0.27238823234009363,0.2480148676220227
5e1047bc4fb321e2c668e871,2020-10-24,lightweight,Submission,0.39874622877715,0.4577673508647273,0.14348642035812262
01e8de6e71b38fdbb4ca295b,2020-10-24,womens_flyweight,Submission,0.7503912969730545,0.1731640766758083,0.07644462635113712
dccd287fe543912a3d4262ce,2020-10-24,womens_flyweight,KO/TKO,0.38260531918205215,0.16307479492269888,0.45431988589524885
27330ec2f027b06bb6e1d506,2020-10-24,light_heavyweight,KO/TKO,0.4397709009191789,0.39033609248603146,0.16989300659478965
95bf3e74a6af57559a469137,2020-10-24,catch_weight,Decision,0.6959256337713331,0.22240650781525026,0.08166785841341669
df5cb9edb98d3b8e5b0d1dcc,2020-10-24,middleweight,Decision,0.545684730118385,0.40597998287025616,0.048335287011358745
f579d8fdebc5facfe7a54631,2020-10-24,heavyweight,KO/TKO,0.351241744092012,0.4723228437051854,0.17643541220280257
89530c10412fef4e37adacc3,2020-10-31,bantamweight,KO/TKO,0.47360904687853966,0.26311401850819804,0.26327693461326224
139113bda6e2c08bcdb0de64,2020-10-31,featherweight,Decision,0.6398695391995317,0.2326373170431308,0.1274931437573375
64f6e5042b239942a0940584,2020-10-31,lightweight,KO/TKO,0.4737153245612296,0.44140284007599384,0.08488183536277645
cefd7c12fbddc1ae93b66ff3,2020-10-31,welterweight,Submission,0.19590772255876399,0.6849207858542342,0.11917149158700181
7b0cfccdff37cdd83d0058fe,2020-10-31,light_heavyweight,KO/TKO,0.670459346557711,0.27772133506520125,0.051819318377087684
26fbfce30596a1dab7bd4db1,2020-10-31,middleweight,Submission,0.3708308042620336,0.42214146972349814,0.20702772601446826
578662bba25d0cd530c617d8,2020-10-31,lightweight,Decision,0.5474047775012054,0.26666545815938414,0.18592976433941047
ee10cdc650c5fb71fced52b6,2020-10-31,heavyweight,KO/TKO,0.30006942302455714,0.6127052463978043,0.08722533057763858
558610849677ae0c138c4f45,2020-10-31,bantamweight,KO/TKO,0.5374972951018876,0.31047131456781235,0.15203139033030014
5fd8a5e104ff4c3e1adbc165,2020-10-31,middleweight,Decision,0.39708263300651253,0.49853047686328367,0.10438689013020391
b5338c339e99f772edcafd4b,2020-10-31,middleweight,KO/TKO,0.21353240293092773,0.652902912461184,0.13356468460788823
c01ae7afb0d017349ea11354,2020-11-07,heavyweight,Submission,0.34072879232249453,0.2961982214523924,0.3630729862251131
a75ae44aa15099924d9905d7,2020-11-07,heavyweight,Decision,0.26761571188618155,0.6851773206255591,0.0472069674882593
3eef4800a98bf0e45d406700,2020-11-07,womens_strawweight,Decision,0.8007866132801122,0.10342200009570289,0.09579138662418486
dcbfa685c07ca7e10a21cc93,2020-11-07,featherweight,Submission,0.6140668152819814,0.2295279551044221,0.1564052296135966
7e96ea3f88bc1cd633bfbcff,2020-11-07,featherweight,KO/TKO,0.5627352657857461,0.2929672892781584,0.14429744493609556
cf941249e8853878c39beb3b,2020-11-07,bantamweight,Submission,0.5514257886016158,0.3534807829524515,0.09509342844593259
627ff29937df0f3e4b02b96e,2020-11-07,welterweight,KO/TKO,0.47550592525763924,0.29752063029110887,0.22697344445125192
35cd9e0ed2ba0bbc0352b4d5,2020-11-07,bantamweight,Decision,0.45520017673563434,0.3598180956213812,0.18498172764298446
f56a2da3439d7312f3ed5053,2020-11-07,light_heavyweight,Submission,0.3002230721212666,0.5511800801203055,0.14859684775842796
22d95249dfaff73c149f7787,2020-11-07,middleweight,KO/TKO,0.45500099642301806,0.4600520354684418,0.08494696810854004
4f984c114f952c5e85b05305,2020-11-14,welterweight,KO/TKO,0.2271515732847252,0.5902342261555814,0.18261420055969327
0bf1cad5fff73833720546bb,2020-11-14,welterweight,Decision,0.3891522390061753,0.362157988231673,0.2486897727621516
4d8c8fdb741a66e9ec213215,2020-11-14,womens_strawweight,Decision,0.7300315226774676,0.15576727375170948,0.11420120357082278
7472bbec30036b91f8b3f55a,2020-11-14,catch_weight,KO/TKO,0.5913480929355137,0.25004164094034476,0.15861026612414153
9d1bf278adaf06c59aafbe8a,2020-11-14,heavyweight,Decision,0.3535445488788342,0.5300294894848824,0.11642596163628344
bdf3b0384bfd20ab4f874937,2020-11-14,bantamweight,Decision,0.6679009977216838,0.16088084140768558,0.17121816087063063
256ba9eadd0025f9b1b46491,2020-11-14,womens_strawweight,Decision,0.28907887768336565,0.22216349631962734,0.4887576259970069
212de9a7a449ce2e3483fe61,2020-11-14,lightweight,Decision,0.3378106482782934,0.5218689042956651,0.14032044742604152
71953b09146d733984c4873f,2020-11-14,womens_strawweight,Decision,0.6540765574858373,0.18188125193625213,0.1640421905779106
daa107f8ce19d97b1024e608,2020-11-21,welterweight,Decision,0.5160654673643195,0.3901140870990671,0.09382044553661346
990f47449008c2507dce5538,2020-11-21,womens_flyweight,KO/TKO,0.6699570697252545,0.1180696033955322,0.21197332687921344
855198b297a6d4d634748fc0,2020-11-21,flyweight,KO/TKO,0.6393320488015694,0.17654066347919592,0.18412728771923462
ab363e2b0f18214055df486e,2020-11-21,welterweight,Decision,0.5364909551063325,0.3357927046917518,0.12771634020191572
35a304f5212463a5b62f0016,2020-11-21,flyweight,Submission,0.19209916862293416,0.6337364460768686,0.17416438530019723
e10c4a1985fd12ac4132b445,2020-11-21,middleweight,KO/TKO,0.29480245538101946,0.43834562013108896,0.2668519244878915
75e45e9d89ad79cff7c42ac6,2020-11-21,womens_flyweight,Decision,0.7027332857447034,0.13286664997491876,0.16440006428037776
5ec0091b78dc3de20dd3ac14,2020-11-21,middleweight,Decision,0.42573422686439677,0.22536095669041945,0.3489048164451838
71a0386425bf0de6d824fb82,2020-11-21,welterweight,KO/TKO,0.36925951565920434,0.35434063732566096,0.27639984701513465
1d045510888fda8b989e961d,2020-11-21,light_heavyweight,KO/TKO,0.2087243416005371,0.5307727971505786,0.26050286124888444
eaf2ba2fb033cd4f682f8d99,2020-11-21,welterweight,Decision,0.3874952469755211,0.5182894710165648,0.09421528200791425
2cbdb6487a02560caa061947,2020-11-21,womens_flyweight,Decision,0.666385545698218,0.18577467454596902,0.14783977975581308
f1ef0a42087a271126512de6,2020-11-28,light_heavyweight,Submission,0.3167245549653741,0.5984789922490026,0.08479645278562321
54556752d4e905ae3733dad8,2020-11-28,womens_bantamweight,Decision,0.8007256280212911,0.1242363703294443,0.07503800164926476
ee744e008569f783f1c7ae2f,2020-11-28,womens_flyweight,KO/TKO,0.5256738374340695,0.12152500680249627,0.3528011557634341
1da86dd1a82396c3d44770b5,2020-11-28,featherweight,KO/TKO,0.6306033839736475,0.22035698393660108,0.14903963208975146
f7f1ed2648969e54b0e3c382,2020-11-28,heavyweight,Decision,0.2391363958821519,0.7044326007210041,0.05643100339684394
15dd8c606462176c34ed098b,2020-11-28,catch_weight,Submission,0.3124411514879899,0.5432538208589595,0.14430502765305064
be0781425d6678d096405d23,2020-11-28,bantamweight,Submission,0.6682026722905895,0.2262017797072517,0.10559554800215869
1cc13b483b64475640fb3718,2020-11-28,welterweight,Submission,0.608199350089855,0.30048869558887586,0.09131195432126916
1162fe15cac2da103dfe148c,2020-11-28,featherweight,Decision,0.6262706739616186,0.23697262730451396,0.13675669873386748
0c3a9c25327fe52dfdc851ce,2020-11-28,flyweight,KO/TKO,0.4733695639001743,0.3525895959649912,0.17404084013483448
3fb0d126ec0ec9c850e7c51f,2020-12-05,lightweight,KO/TKO,0.44341431287931155,0.3378829876956658,0.21870269942502268
38c73190ff54c90011fd11da,2020-12-05,heavyweight,Decision,0.4321297107968038,0.49519542501434827,0.07267486418884785
2faee2f4000145f6ef0e7d15,2020-12-05,featherweight,KO/TKO,0.7071803487031844,0.14281234827279926,0.15000730302401627
c7ea0e981df13024b9a31ab0,2020-12-05,middleweight,Decision,0.23661401853305367,0.6311897277729058,0.13219625369404045
b7f4b02b143222c336934e1f,2020-12-05,bantamweight,KO/TKO,0.510504312503948,0.2077060123072637,0.2817896751887883
96327f3512f595cecb211d04,2020-12-05,lightweight,KO/TKO,0.5275010923505539,0.21530977312123298,0.25718913452821324
5626b216eee3a29a06e2e953,2020-12-05,light_heavyweight,KO/TKO,0.5048820629152939,0.4423548524056435,0.05276308467906265
cdbde8c8fb7b8ab6ece9ca3f,2020-12-05,light_heavyweight,Decision,0.328213303488872,0.5708178202033958,0.10096887630773224
e56a0eee2d1ec9ecb44e9c6c,2020-12-12,featherweight,Submission,0.5294140500818829,0.2675718973973249,0.20301405252079222
0212910162e54fa9cd5b7cd0,2020-12-12,featherweight,KO/TKO,0.4870267625609298,0.2375428335190471,0.2754304039200232
d5af84d65e5ec7c832fd231d,2020-12-12,featherweight,Decision,0.523429038923371,0.25342197328541505,0.2231489877912139
f33feba4243e510ba6affdca,2020-12-12,heavyweight,KO/TKO,0.4554175608007686,0.3914251220999338,0.15315731709929753
dd922295fee469e083fac69f,2020-12-12,middleweight,KO/TKO,0.47493394525162475,0.37452491489851625,0.15054113984985915
b259ff80d212bf23d79b1dc4,2020-12-12,womens_strawweight,Decision,0.506513785812785,0.1562884515330936,0.33719776265412144
4bdb0495d3dcf5d7e7dd27a3,2020-12-12,lightweight,KO/TKO,0.6226691136396225,0.19801396634342952,0.1793169200169481
80103ed2aae686dd59e7503e,2020-12-12,womens_strawweight,KO/TKO,0.776698220739133,0.09226883173715317,0.13103294752371403
c07bd95dd550983c678bb413,2020-12-12,lightweight,Decision,0.46611476106767624,0.329816896108614,0.20406834282370973
956d4c038b9d798a03f2f217,2020-12-19,welterweight,Decision,0.6522523563204147,0.2624909199403579,0.08525672373922749
06b8415093de68eee890672b,2020-12-19,catch_weight,Decision,0.6867606898578695,0.2343051919907384,0.07893411815139201
9cfc7008d97b25e3eee03dba,2020-12-19,catch_weight,Decision,0.4985556492386415,0.41343048392838605,0.08801386683297249
7c14b9cca72df7ce3e48797f,2020-12-19,womens_flyweight,Decision,0.688383364902598,0.10144148035258352,0.2101751547448185
09bb551777feafe78278b168,2020-12-19,flyweight,Submission,0.44435659589212206,0.28601254444297247,0.2696308596649054
ce69be9a42b5dce320787439,2020-12-19,bantamweight,Decision,0.4802882179525119,0.29525725022042804,0.2244545318270601
d4607f21674e1b635ed2c4b1,2020-12-19,heavyweight,KO/TKO,0.46732953084732737,0.49066715951129347,0.04200330964137916
2751edcfff14d6f87019df2c,2020-12-19,bantamweight,KO/TKO,0.5267886566540252,0.35131011325462475,0.12190123009135002
47e7219958c4619887b0ea40,2020-12-19,welterweight,Decision,0.3234810817815623,0.2853812866837457,0.391137631534692
8da008a32caddde479cc3af6,2020-12-19,womens_bantamweight,Decision,0.7147626623330401,0.14436576809279303,0.14087156957416702
6cccf3ffb09a129e7b0bb096,2020-12-19,welterweight,Decision,0.4178024046257768,0.5218241692962649,0.06037342607795837
73c4fd702dce585354b6c53b,2020-12-19,middleweight,Decision,0.38704949539800015,0.34173170875977876,0.27121879584222097
ae621dcbc9586b8e5527d2fc,2021-01-16,welterweight,Decision,0.6254058574853584,0.25437490967053317,0.1202192328441084
63d6662513715319fbb37f5b,2021-01-16,heavyweight,Decision,0.593208485708779,0.25236416287181407,0.154427351419407
299cafa827deafab86edfca9,2021-01-16,welterweight,Decision,0.5246120202600361,0.291883266151187,0.18350471358877696
5a322970c6fa2b7ccdbf1a91,2021-01-16,featherweight,Decision,0.5365691735899966,0.1699871160160367,0.2934437103939668
0b3e78533c34539224338ddd,2021-01-16,middleweight,KO/TKO,0.3881730020695655,0.5367921191602276,0.07503487877020691
e3788f7673c040a7e7162eaf,2021-01-16,featherweight,Decision,0.5274006469777823,0.39523357988861213,0.07736577313360558
94167c05ac13c3152031bd8a,2021-01-16,middleweight,KO/TKO,0.3861008831086643,0.44394167546519747,0.1699574414261382
e1e59ca7e3b0bad7652227e2,2021-01-16,welterweight,KO/TKO,0.47572579890930544,0.4750337486414119,0.0492404524492827
0314d7c96dc6c9029d7f9a5f,2021-01-16,womens_bantamweight,Decision,0.7167505431587144,0.1494512994914533,0.1337981573498323
733a1c63f7740f95a9317482,2021-01-16,womens_bantamweight,Decision,0.6762130227674503,0.13212718880084504,0.19165978843170453
6be48a3315d78994e2f6bbaf,2021-01-20,middleweight,Decision,0.4360005018133958,0.372889174147638,0.19111032403896624
9fa1bae0311b4aa3ccba91f1,2021-01-20,flyweight,Decision,0.4921290543926295,0.44837061393079675,0.05950033167657371
0510c32efd9efab7964555f7,2021-01-20,light_heavyweight,KO/TKO,0.41999858211610624,0.4373572772430663,0.1426441406408275
8dd911979c1d546b9c995936,2021-01-20,featherweight,Decision,0.55066579101374,0.3966603740623242,0.052673834923935646
88d9b570e90c027e750424b7,2021-01-20,flyweight,Decision,0.44111350694860163,0.3244971153926813,0.23438937765871698
500b756ea736234a67f865c7,2021-01-20,welterweight,Decision,0.37458022683274234,0.28612081248344,0.3392989606838176
e8a21c49a3957ae2db4f9304,2021-01-20,lightweight,Decision,0.3952702590984897,0.4806838481886486,0.12404589271286165
bd1a13b91967e59c2d2ca195,2021-01-20,middleweight,Submission,0.5020486328058588,0.34332628852465097,0.15462507866949016
871ec9ac30c6dde7f53b3da8,2021-01-20,bantamweight,Submission,0.5718490433553264,0.3165212232024391,0.11162973344223454
5e589ab68c009c7418795d5d,2021-01-20,womens_flyweight,Decision,0.7590539687253816,0.19393482678524754,0.04701120448937098
f586b613c26248f8a71102eb,2021-01-20,flyweight,Decision,0.43051096833012165,0.27314045502762335,0.29634857664225506
c5b665d2739cea495eec4f33,2021-01-20,bantamweight,Submission,0.45217689658506044,0.2914124677214589,0.25641063569348066
e5728f57a9db1a6d419df71d,2021-01-20,womens_flyweight,KO/TKO,0.5075554779151195,0.23069781756496194,0.2617467045199185
acb69131c93694b07300faa1,2021-01-20,welterweight,KO/TKO,0.6283305870922526,0.25743986514570477,0.1142295477620427
cc8a36141f665f8a21e43c79,2021-01-23,flyweight,Decision,0.4847869169041779,0.1801518254283574,0.33506125766746475
ba4700ec8890cb3212bac423,2021-01-23,middleweight,KO/TKO,0.48330844142552676,0.46118206423221464,0.055509494342258534
35396c0c45d4c8527b82d6ab,2021-01-23,lightweight,Decision,0.6037035100512415,0.22813397889655332,0.16816251105220517
e81b6098e57e8133b071edb8,2021-01-23,middleweight,Decision,0.7539398481381951,0.1542747371650923,0.09178541469671248
749823f187d45e71e91ff721,2021-01-23,lightweight,KO/TKO,0.47314193490749074,0.4143200847640877,0.11253798032842167
41d00a19b95b8c4e1011e422,2021-01-23,lightweight,KO/TKO,0.3750472718519702,0.4792835705109923,0.14566915763703767
069bf8b9c6ade82cb549680a,2021-01-23,womens_flyweight,Decision,0.7796355040840939,0.12865961366701864,0.09170488224888743
946129bbdfaa781a21608a9e,2021-01-23,womens_bantamweight,Submission,0.3807061007468088,0.2837393643294747,0.3355545349237166
f7128ea236725875bb42fb2a,2021-01-23,light_heavyweight,Decision,0.10682555564444209,0.817938244794972,0.07523619956058579
4d892766af178faa517a3b55,2021-01-23,womens_strawweight,KO/TKO,0.6915628912521835,0.14053220663379717,0.16790490211401926
9eddebe538dcd4b2e8bce30f,2021-01-23,catch_weight,Decision,0.5054985985785967,0.32828579387607143,0.1662156075453318
398469f8b03c9109e14c3efb,2021-02-06,flyweight,Decision,0.4572179843070701,0.2340765950659303,0.3087054206269997
c52172bfe2d5dadbc2baa574,2021-02-06,heavyweight,KO/TKO,0.3363750562221215,0.5998738400105863,0.06375110376729219
dd2ee13375dd8c96df6d0a62,2021-02-06,bantamweight,KO/TKO,0.6466448171567419,0.2598050483024618,0.09355013454079623
c2749aa0039c9dbb15dc18cb,2021-02-06,catch_weight,KO/TKO,0.2463233931884775,0.5443997034814405,0.20927690333008203
006fbd1ad4d3164705b758d8,2021-02-06,lightweight,Decision,0.5316334111159016,0.3661175529921831,0.10224903589191527
f95fccaf728f92e2468278a7,2021-02-06,womens_bantamweight,Decision,0.5455730016501719,0.2817770626072882,0.17264993574253984
5b925fbe88e3649da9183c2e,2021-02-06,lightweight,Decision,0.6691830501711017,0.2318474818254863,0.098969468003412
5617b1854fbb99723ea7f386,2021-02-06,light_heavyweight,Submission,0.5457623250831037,0.33758456834699163,0.11665310656990462
187bee69eb0bfc1344de75ea,2021-02-06,womens_flyweight,Decision,0.7172693946804617,0.20042468151085097,0.08230592380868731
116aee82de340b5b69294296,2021-02-06,featherweight,KO/TKO,0.539439743978362,0.18595858145013544,0.2746016745715025
990348198032e07f47fe05b5,2021-02-06,featherweight,Decision,0.4923529238997409,0.2568881392173661,0.25075893688289297
7f425d4ea75cb89d2a23d068,2021-02-06,featherweight,Decision,0.3981675122429235,0.41502820383267824,0.18680428392439827
0ad9e306fa9bafaa5d9d1705,2021-02-13,catch_weight,Decision,0.4216282320695418,0.5157592419441771,0.06261252598628099
f034ef7d780fb11cd9df91fa,2021-02-13,welterweight,Decision,0.4102775848711751,0.45851189340279863,0.13121052172602618
e415a937b387a95ec19c51ec,2021-02-13,welterweight,Decision,0.4439823889238712,0.46655830333963255,0.08945930773649631
f97a2702edccb7dad093612d,2021-02-13,welterweight,KO/TKO,0.7204393067372606,0.20320336273443457,0.07635733052830472
a4e473c3f2b704804d3aa60e,2021-02-13,middleweight,Decision,0.6702300354857822,0.20411177145766785,0.12565819305654988
84467793f69d35eb41eb8877,2021-02-13,middleweight,Submission,0.5259728914895504,0.2294741875569161,0.24455292095353343
089e43bbc47943ab21cfcc52,2021-02-13,womens_flyweight,Decision,0.6146599292100937,0.2163882378193922,0.168951832970514
eb1492878c3ea0174e4e3b62,2021-02-13,womens_strawweight,Submission,0.518874630062979,0.1411843846421464,0.3399409852948746
12f182cc4484512866f9fb1e,2021-02-13,featherweight,Decision,0.5139310308392069,0.2966016133408101,0.18946735581998317
3dba4569718934d994975320,2021-02-13,middleweight,Submission,0.30441281460128145,0.3015197194167968,0.3940674659819218
ea60b29d1cc1c5cbf1e166c1,2021-02-20,bantamweight,KO/TKO,0.5818063380528226,0.3076274252193953,0.11056623672778201
74bfe372b0e5a30d25bf5041,2021-02-20,heavyweight,KO/TKO,0.17409242232461045,0.6795483836479335,0.14635919402745612
54831bad652cdc3a8ada5fdc,2021-02-20,heavyweight,Submission,0.582954352257349,0.3349588019705744,0.08208684577207655
5f3fc1a3e546d6b566ba1392,2021-02-20,featherweight,Decision,0.45025354139238993,0.15600459409231673,0.39374186451529325
1a4d68fedca9efa585791fa8,2021-02-20,heavyweight,KO/TKO,0.25568195819171746,0.6411102405063871,0.10320780130189539
4dfd2b1535c10a0b46f38234,2021-02-20,bantamweight,KO/TKO,0.640805300852407,0.30101524120931733,0.05817945793827564
35b9ba0462608f9b6e41c742,2021-02-20,featherweight,Decision,0.6408429916253616,0.28183651052801073,0.07732049784662773
b57470dcb8fd957a6caf4d98,2021-02-20,womens_bantamweight,Decision,0.7713463217353844,0.10218771530449954,0.12646596296011609
92b3031f9c8a237ab1c68ea2,2021-02-20,featherweight,KO/TKO,0.5497398786534702,0.2474220565019057,0.2028380648446241
624a4740ac849b0f19e7a355,2021-02-20,middleweight,Decision,0.2937570317529822,0.28717921370124716,0.4190637545457707
bb5477c8597bf06ae476381f,2021-02-20,heavyweight,KO/TKO,0.32569563977247634,0.38419367329014326,0.2901106869373804
08bc513ce88af8ec37ef2a3e,2021-02-20,womens_flyweight,KO/TKO,0.5221656606817056,0.2742371661423421,0.20359717317595225
a8ff0354149b1a73242c7b41,2021-02-27,featherweight,Decision,0.507077519307681,0.3096972952110561,0.18322518548126293
fa031ca2b598c1790a770dac,2021-02-27,lightweight,Decision,0.5141701833429525,0.19784392598478767,0.28798589067225977
79d0da63044a2d7848dc3eb4,2021-02-27,womens_bantamweight,Decision,0.6214947790484042,0.20827216112783628,0.17023305982375955
a7edd53221755c84fb85b338,2021-02-27,light_heavyweight,Decision,0.4441256229443021,0.46363619830259184,0.09223817875310607
4dae04976391e2c304856f18,2021-02-27,heavyweight,Decision,0.31272528890274087,0.5596105780132714,0.12766413308398775
8977265e2ec0ac4a8d0eb88d,2021-02-27,light_heavyweight,Decision,0.302086547166423,0.5133593087446057,0.1845541440889713
03937bc015b49d21691cbfb9,2021-02-27,bantamweight,Decision,0.5512618469524249,0.35660921607962914,0.09212893696794615
3eed3433c57ea8ceb8e6c485,2021-02-27,bantamweight,KO/TKO,0.5557021584953182,0.28148595738146437,0.16281188412321743
2c55dd48924effa480f5ca18,2021-03-06,womens_featherweight,Submission,0.2555909246513648,0.630572768031016,0.1138363073176192
172ba1c4ac7e58c4dbd7b4dc,2021-03-06,bantamweight,Decision,0.7268393212524779,0.21528511172338693,0.057875567024135315
84173c3cabc82b82021ee1bb,2021-03-06,lightweight,Submission,0.49180155508092566,0.35977908585259116,0.14841935906648324
2f2a2e5d3ef44f24b2553a05,2021-03-06,light_heavyweight,Decision,0.6587106178294878,0.27957386024977443,0.06171552192073778
774fbbcd4bc58c07113c5842,2021-03-06,flyweight,Decision,0.7188595266569745,0.24052905034601677,0.040611422997008664
bec1db2b5e3183035ce016c7,2021-03-06,light_heavyweight,KO/TKO,0.5055852532642625,0.2964278876878344,0.1979868590479031
7406877c1618cdf902112bd6,2021-03-06,womens_strawweight,KO/TKO,0.6023260655569344,0.14696676876870238,0.25070716567436335
436382c7157f32d457cf439c,2021-03-06,bantamweight,KO/TKO,0.4075484371154299,0.47968743867518987,0.11276412420938024
4c948af46307bedde78b9778,2021-03-06,flyweight,KO/TKO,0.5338392869503147,0.3373718493905752,0.12878886365911002
39d510d179fdc5c9bc82b8d7,2021-03-06,welterweight,Submission,0.641637743235563,0.2453964942815512,0.11296576248288573
a8dd1d9e9aeb7fd344b2f88f,2021-03-06,bantamweight,Decision,0.577940690838146,0.23952382641168393,0.18253548275017
1665c4098d198e470e99997e,2021-03-06,light_heavyweight,Decision,0.3492163699499214,0.6143358306997729,0.03644779935030568
83c08ce6fca53bee662ac967,2021-03-06,flyweight,Decision,0.5555132924148921,0.29885235855141074,0.1456343490336971
2a0f151b77d398964b58f1f6,2021-03-06,lightweight,KO/TKO,0.4432719181266778,0.41608384939618903,0.14064423247713326
e048cc318dcc24e55e146279,2021-03-13,womens_strawweight,Decision,0.7395013615903124,0.13405931560482712,0.12643932280486042
75ff868f7c9201dc424bcc14,2021-03-13,featherweight,KO/TKO,0.36685474767297993,0.45240626881949386,0.18073898350752618
45284428ec473bdf65215b5e,2021-03-13,womens_flyweight,Decision,0.7761547382176259,0.08874714618248489,0.13509811559988927
9681fb4a0e8ec440e305912e,2021-03-13,featherweight,KO/TKO,0.6368310499048557,0.2022923066559718,0.16087664343917252
d8ea1aa19a7a70e000c057f8,2021-03-13,womens_strawweight,Decision,0.6326916468865882,0.12319587504466728,0.24411247806874461
08147aa1d935de56a0a7c9fb,2021-03-13,bantamweight,KO/TKO,0.5965338304091656,0.28266952974690684,0.12079663984392762
1220f1ae4d30086f6c114d44,2021-03-13,flyweight,Decision,0.6109771000960714,0.1809625721615488,0.20806032774237976
3d9e74cecbd64b77643aa7d2,2021-03-13,welterweight,KO/TKO,0.45539610982342854,0.1452274587931374,0.39937643138343415
c3cb9104e11fce38ca8aaeaa,2021-03-13,light_heavyweight,KO/TKO,0.34536901133576375,0.41000256075703095,0.24462842790720526
a651712b4735435b6dff0a60,2021-03-13,lightweight,Decision,0.4095574317508987,0.5332024332431938,0.05724013500590757
155fb3d1aba34cc5371c180a,2021-03-13,bantamweight,Submission,0.5230019453789619,0.13548662428372982,0.34151143033730813
09cb12976b9d557d330fede7,2021-03-20,bantamweight,KO/TKO,0.6090886829987942,0.23858309337029882,0.1523282236309069
0e924a271d155d25cb96a9df,2021-03-20,flyweight,KO/TKO,0.5402160392137193,0.20992366780612384,0.2498602929801569
bf9c66e4d2ea103435a96f54,2021-03-20,womens_strawweight,Decision,0.38592796897024356,0.22903552510598688,0.38503650592376965
a7bfb80dde30557923deb967,2021-03-20,middleweight,Decision,0.20819597630792575,0.705122252269869,0.08668177142220529
fccce461000f977a1f29de71,2021-03-20,lightweight,KO/TKO,0.39082218865373103,0.37201302440405226,0.2371647869422166
3046efa844e5b8c612a39088,2021-03-20,womens_bantamweight,Decision,0.559459689299089,0.28403294773071386,0.15650736297019718
0e1232159bb09cf0a8157294,2021-03-20,bantamweight,KO/TKO,0.5786995911973548,0.2938123001111472,0.12748810869149813
87a052aae5db7282aedf3af1,2021-03-20,welterweight,KO/TKO,0.45301410489468313,0.41713166832598325,0.1298542267793335
5ac9f53f3b903f5f50c7ae07,2021-03-20,heavyweight,KO/TKO,0.2929436390597353,0.5606158877426771,0.14644047319758755
24832c40dfffd88b28acd6a1,2021-03-20,middleweight,Decision,0.40168175690737445,0.40998516188517137,0.18833308120745412
655ce511031179b0d7528580,2021-03-27,light_heavyweight,Submission,0.27381477882782335,0.6271563698777569,0.09902885129441982
1523d28d8f3dbd0ee0deefc5,2021-03-27,womens_flyweight,Decision,0.4112116849953049,0.18492657562996728,0.40386173937472775
9fa712833bf4b6daceb5243c,2021-03-27,lightweight,KO/TKO,0.437683302484595,0.33434517469000197,0.22797152282540303
06d257fb5a3c5fda36c86d32,2021-03-27,welterweight,Decision,0.4853163574142252,0.2875619809438782,0.22712166164189657
f821eef7b840304b0c4c2566,2021-03-27,middleweight,KO/TKO,0.5661319841165707,0.3216093715721152,0.11225864431131388
10d5d1953f1e4db582bc4232,2021-03-27,light_heavyweight,Decision,0.29248495315357653,0.5513153769105977,0.1561996699358258
437c18cdfaded48de4fb9c8b,2021-03-27,bantamweight,KO/TKO,0.49315494970258794,0.3899935442474455,0.11685150604996669
bb5d26adfb4244e5cb7c71ca,2021-03-27,featherweight,Decision,0.5792627779014649,0.35200445975863986,0.0687327623398952
f9ad023e5912b9e8e23296c4,2021-03-27,heavyweight,KO/TKO,0.15894782586579195,0.7799207319472979,0.06113144218691014
71146ba7e43a180d3a76ed5f,2021-03-27,welterweight,Submission,0.42571988766590574,0.5285604664584265,0.04571964587566771
a5b7f687614fa2c274c262fc,2021-04-10,featherweight,Decision,0.5844549515502374,0.2850811497186359,0.1304638987311266
6a77043e2a2c7fbcf5d1422e,2021-04-10,light_heavyweight,Decision,0.454283069245367,0.3482329814710435,0.1974839492835895
f7aba315e5e7f95e583bb5f6,2021-04-10,bantamweight,Decision,0.6517349712438241,0.17225664307687524,0.17600838567930058
eb0d9121307638176a27c78f,2021-04-10,welterweight,Submission,0.6505216198931499,0.27113507648014046,0.0783433036267095
ec6aff0a24442abf1efa5bb7,2021-04-10,lightweight,Decision,0.5513864978136988,0.23716570386692198,0.21144779831937932
be94f7ea41163e46b8032440,2021-04-10,lightweight,Decision,0.3826768171729359,0.5412482378435133,0.07607494498355084
75e3c66fe5bdb1e2907f61ff,2021-04-10,featherweight,Decision,0.5192996942437434,0.19020205902224666,0.29049824673400987
c2987bdf66ace8687c8129a8,2021-04-10,middleweight,Decision,0.5227385297512217,0.3772304925349758,0.10003097771380255
bb4b636ab4f2733d20549b1d,2021-04-10,welterweight,Decision,0.4098157894353708,0.4799799399999795,0.11020427056464971
2324fee04a36218838c2f885,2021-04-10,womens_strawweight,Submission,0.6733211072299721,0.09143152469099348,0.23524736807903446
04cea879fa6be6d87fdd22c0,2021-04-10,middleweight,Submission,0.4365809693968265,0.3998218262826541,0.16359720432051952
a145a890ebf3141cbf139a78,2021-04-10,lightweight,KO/TKO,0.7156676079124108,0.1975791703937921,0.08675322169379704
a26ae051b20aa9c96dc7945e,2021-04-10,heavyweight,KO/TKO,0.6002624897112294,0.340801472481329,0.05893603780744162
3974a50adcd6fd1bcc060147,2021-04-17,middleweight,Decision,0.33299836360398066,0.5142733915290969,0.15272824486692257
c3a29929b0c55a012ba64d3c,2021-04-17,heavyweight,Decision,0.18922943938218503,0.2957814233146681,0.5149891373031469
85eb8bca2d84e2de29d25928,2021-04-17,heavyweight,Decision,0.3838148418511559,0.5498869970443817,0.06629816110446238
2dfce60518599adbf4e3bbc9,2021-04-17,lightweight,Decision,0.4648437914188787,0.32214093088866863,0.2130152776924527
3249899f8623af67ee4875c4,2021-04-17,middleweight,Submission,0.4188060933533314,0.29143833051952156,0.28975557612714703
b6a515792134d4e7ebc8590e,2021-04-17,womens_strawweight,Decision,0.5185085983822082,0.23714666585696578,0.24434473576082602
c36e6871481b761b6bc086f8,2021-04-17,lightweight,Decision,0.6186921966927138,0.2348696706404335,0.14643813266685268
d500803cf03a6c79704f1f11,2021-04-17,middleweight,Decision,0.5720073582248024,0.3660863749323728,0.06190626684282468
a7e37dc0ef58d7d8986f6a75,2021-04-17,bantamweight,KO/TKO,0.6449749951025913,0.292501141299682,0.0625238635977268
5540eafcd8dfd2f733cfcec1,2021-04-17,womens_flyweight,Decision,0.7618304659915834,0.1366295322715862,0.10154000173683018
44edb5e52a71d5b17b379406,2021-04-24,welterweight,Submission,0.46641391754608796,0.3844491465536698,0.14913693590024218
b29904ef22772d43b1dce8a8,2021-04-24,light_heavyweight,KO/TKO,0.1953313005774163,0.6467174304301196,0.15795126899246406
961b987dd8cca4efe946c0ac,2021-04-24,flyweight,Decision,0.4527971197492641,0.2591145909959304,0.28808828925480545
07cb74a61d28c7395ccc3e46,2021-04-24,bantamweight,KO/TKO,0.6349149641837971,0.3050147631932964,0.06007027262290654
c15e97d5709dfd66cf01357a,2021-04-24,welterweight,Decision,0.5506742410257255,0.3983146393541492,0.05101111962012535
0e596947e3da41e12e863200,2021-04-24,welterweight,KO/TKO,0.6853805321316848,0.25514100188518185,0.059478465983133215
2c3c5213ab9496c702780d50,2021-04-24,middleweight,Submission,0.3191935337967401,0.3146343759944761,0.36617209020878383
023d0a839d940fdea400233f,2021-04-24,lightweight,Decision,0.47237651541207554,0.2692177871958967,0.2584056973920277
c379cb07b140cc25e888391e,2021-04-24,womens_strawweight,KO/TKO,0.5713670893037606,0.1980206477814146,0.23061226291482492
fee11078cee1e6996b863aed,2021-04-24,featherweight,Decision,0.4317086280643901,0.2543588925697775,0.3139324793658323
5e472b8e52eff152fbfe7d30,2021-04-24,middleweight,KO/TKO,0.623485800300182,0.23943830806063712,0.1370758916391809
b53f0ffc153410c8a768bc13,2021-04-24,womens_flyweight,KO/TKO,0.5739827973215448,0.3381313637773919,0.08788583890106318
440ba029911f1e78c5f3138a,2021-04-24,womens_strawweight,KO/TKO,0.4505774060488893,0.4131109603361453,0.1363116336149653
1f45fe6f50add14fab876381,2021-05-01,middleweight,Decision,0.4327704256579778,0.3942160817099016,0.17301349263212062
d7b12003299832c257b05e66,2021-05-01,light_heavyweight,KO/TKO,0.17639346941373302,0.7641395038437722,0.05946702674249479
0675530f5deaaa1160f7c718,2021-05-01,featherweight,KO/TKO,0.6229733159840669,0.33326455885747136,0.043762125158461805
79247937a956625d6f3ce9c8,2021-05-01,featherweight,Decision,0.7611167764984178,0.12991315050327892,0.10897007299830344
f1f15579cd1db6d027621436,2021-05-01,womens_strawweight,Decision,0.6298396543848479,0.25758098518999684,0.11257936042515516
2e215036f623af43977bfb1e,2021-05-01,featherweight,Decision,0.5841312327196786,0.23445067785581217,0.18141808942450924
1a543291bbbbd63ae5f6db49,2021-05-01,bantamweight,Decision,0.7975137331621808,0.13661177346359968,0.06587449337421954
d6a46acfc572e3ae94089003,2021-05-01,womens_flyweight,Decision,0.5139011344542334,0.24024396425327765,0.24585490129248905
b3569c5019bea0ff890b4ec6,2021-05-01,middleweight,Decision,0.5338247758364285,0.39915263653740296,0.06702258762616845
fbe844693986698837d7441a,2021-05-08,welterweight,Submission,0.3281578338899895,0.41330010509299836,0.2585420610170122
b22da21be05c590f9103ab3e,2021-05-08,lightweight,KO/TKO,0.6356760261221099,0.26381320311893003,0.10051077075896
96f3e20245151d21bcdb8f40,2021-05-08,welterweight,KO/TKO,0.589646666869316,0.3282607302516299,0.0820926028790541
4b2e71789ce3c1603f44c672,2021-05-08,middleweight,Decision,0.7121553077818193,0.23072914301456113,0.05711554920361949
0f50cecf3fb203a79fbe59a2,2021-05-08,featherweight,Decision,0.5937987678815273,0.22245157896786888,0.18374965315060376
bf70c712fd72cbc1402be6de,2021-05-08,womens_flyweight,Decision,0.572264906177998,0.2816054158132745,0.14612967800872761
66a055a3bdb65ec398c18942,2021-05-08,heavyweight,Decision,0.21822234988929234,0.6581792995041859,0.12359835060652184
da6b936ea8667cee5f337a67,2021-05-08,welterweight,Decision,0.6034993654177635,0.3052662609406346,0.09123437364160186
1d555c9651e1649b67c873d2,2021-05-08,middleweight,Decision,0.50192233050372,0.30269716433425614,0.19538050516202382
4eddd98f6b71d1b40ce9de04,2021-05-15,womens_flyweight,Submission,0.7473409336613629,0.12731376400920844,0.12534530232942856
b161c29e825cc8f33321c23d,2021-05-15,lightweight,KO/TKO,0.1674850900927658,0.6550436769282537,0.17747123297898051
73ed9835db433e1c3179e031,2021-05-15,lightweight,Submission,0.6617919676387918,0.23378792184511948,0.10442011051608874
2c723e3bfbd7746b1a49bc19,2021-05-15,womens_flyweight,KO/TKO,0.6434533417040383,0.2682523813547702,0.08829427694119134
4a515c7e15f58e278e85b0c2,2021-05-15,middleweight,Submission,0.3128763288253089,0.5105324294332392,0.1765912417414519
2d88a7f118a9b133a9aa150c,2021-05-15,middleweight,KO/TKO,0.489644646154669,0.36459895202490183,0.14575640182042926
7b40bb27aad143bbe4bf6123,2021-05-15,womens_flyweight,Decision,0.7575147038717731,0.1113067606890884,0.13117853543913854
9236d5c10fd5259af71d1f7a,2021-05-15,featherweight,Decision,0.39658658528522356,0.4464907216351031,0.15692269307967338
8552cf2fa15f36c962dd47da,2021-05-15,featherweight,Decision,0.5963790451575199,0.25428794036654717,0.1493330144759329
ac01654bb88f24cde0453ff9,2021-05-15,featherweight,KO/TKO,0.5965776937647542,0.33955989920185076,0.06386240703339506
30b02d38c456914546eaa1f9,2021-05-15,lightweight,Decision,0.5887801367653498,0.32016946974779686,0.09105039348685334
d30d3aec127463726bcfe02e,2021-05-22,heavyweight,Submission,0.41424473201596884,0.45070149836668133,0.13505376961734986
071a45a6dbfc547ac87fd8f2,2021-05-22,flyweight,KO/TKO,0.689434621412429,0.16795431695264262,0.14261106163492854
10b25f19a0fff04f7455e7f0,2021-05-22,welterweight,Decision,0.6764501715844857,0.17971623516882865,0.14383359324668557
c218d031e77e1e9e8ceea0f8,2021-05-22,flyweight,Submission,0.4298057043121944,0.3038833295545755,0.26631096613323013
fda50c856c3cc806fad2cd0f,2021-05-22,womens_featherweight,Decision,0.774408314213106,0.08897714592529586,0.13661453986159813
e9beb6a44ab27a583e24a07e,2021-05-22,middleweight,Decision,0.34959885125992035,0.4893951991069256,0.16100594963315412
296bd6be85fe799b7ab7c1a3,2021-05-22,featherweight,Decision,0.456772464194371,0.3899565937069432,0.1532709420986858
cc74e32603a6a23148741929,2021-05-22,heavyweight,Decision,0.40399604775807224,0.4914479959656253,0.10455595627630257
b5709b61e25ad5e6e50d3e45,2021-05-22,lightweight,Decision,0.5066747595784261,0.4170050383638841,0.07632020205768979
3b7b804068b8e00672a5f39a,2021-05-22,featherweight,Decision,0.5905928376378146,0.2524013740448464,0.15700578831733897
021c23a2eb7dd424b3760858,2021-05-22,bantamweight,Decision,0.15822161128552412,0.7931717774546507,0.04860661125982519
0a8907e7c9ccc7e92c10fa53,2021-05-22,womens_strawweight,KO/TKO,0.8543716699647914,0.08732928626328258,0.05829904377192598
a71663808cab96a533f7f3a0,2021-06-05,lightweight,Decision,0.4377031771425897,0.23508428427561542,0.32721253858179494
b849723a163cb1a94edec03d,2021-06-05,middleweight,Decision,0.4278455481653921,0.4314667827975117,0.14068766903709612
c30c5ed0c6f68ddbdc6e0034,2021-06-05,welterweight,Decision,0.5619599092201473,0.36624341672892763,0.07179667405092523
005237f1190a5a2d4091414f,2021-06-05,heavyweight,KO/TKO,0.6015720326214278,0.3692250249118278,0.02920294246674448
dae4bb27f2bbb3c7006d1dc5,2021-06-05,featherweight,Decision,0.4807774509823657,0.22451741004252299,0.2947051389751113
05ccaa473e2b94dfabf7d1fd,2021-06-05,womens_flyweight,KO/TKO,0.6431857759177123,0.16177732517887738,0.1950368989034104
302fd43d83034a2a1167cb24,2021-06-05,womens_flyweight,KO/TKO,0.7052602034822127,0.07779696418943628,0.216942832328351
d603dc6aff17ddbb1d25c05e,2021-06-05,middleweight,Decision,0.5482769203356498,0.2989338568710125,0.15278922279333765
124977ad8833f804ed6cb04e,2021-06-05,welterweight,Decision,0.5995976557846183,0.33133749530000617,0.06906484891537555
a6488972b4e28f5bb943b98f,2021-06-05,featherweight,Decision,0.38345726882832615,0.48557884560427494,0.13096388556739885
cca2249636b0929cdddf4681,2021-06-05,heavyweight,Decision,0.3619208787732678,0.5877205202117014,0.050358601015030834
4dbb2484e6d1bdd5206a8e75,2021-06-05,heavyweight,KO/TKO,0.4713895513841601,0.4744131260230147,0.05419732259282513
7b68645c6155f616e8698da6,2021-06-12,heavyweight,Decision,0.45625276863088177,0.47626201700828363,0.06748521436083461
a472857449a92cc1580c34ce,2021-06-12,featherweight,Decision,0.5044523957585937,0.31182040366900016,0.18372720057240616
a00ccc9c46ab59aeed12bc52,2021-06-12,flyweight,Submission,0.20900696217490733,0.6054234117224923,0.1855696261026005
6416d8a78b4aeee3a078ff10,2021-06-12,welterweight,Decision,0.7009799533505593,0.19512964869081267,0.10389039795862803
d4659a1d3ed047b9c9526f60,2021-06-12,lightweight,Decision,0.658326810199915,0.27703436400864384,0.06463882579144108
d7e483bb04fd67f9c284ae8b,2021-06-12,light_heavyweight,Decision,0.4815485915644651,0.44610548340454875,0.0723459250309862
a067ee4df1e643240630223a,2021-06-12,lightweight,Decision,0.3696646698569084,0.3456003306331752,0.28473499950991643
06b2c67c96de677f095d63a4,2021-06-12,middleweight,Decision,0.5894714530290025,0.310316328017186,0.10021221895381142
bdcced7630b8f9fc20b8e65d,2021-06-12,womens_flyweight,Decision,0.7650746230284917,0.13154859159841828,0.10337678537309002
27e411a536e1c7deb45d1ac6,2021-06-12,welterweight,Decision,0.478135848054617,0.3411914864532255,0.18067266549215738
f2b6f09261ceb5b126445765,2021-06-12,lightweight,KO/TKO,0.476306556700034,0.25511640354380566,0.2685770397561604
7d225bf082e7c74caa37c3ce,2021-06-12,featherweight,Decision,0.7814906087393368,0.14899956186864102,0.06950982939202194
cba88fa3d2445ac8ac4d89a0,2021-06-12,womens_bantamweight,Decision,0.6869151196156633,0.11610335040164994,0.19698152998268684
30e778d3989da80d54ba9e9b,2021-06-12,light_heavyweight,KO/TKO,0.3633448920697397,0.5144311405530637,0.12222396737719649
9328b8ac23e7685857194ee4,2021-06-19,light_heavyweight,Decision,0.384516291389185,0.481107117489223,0.13437659112159198
ebf39919541e28347dea97af,2021-06-19,heavyweight,Decision,0.21259534588822396,0.5536926537505862,0.23371200036118991
cd61e6ca2674830655d58d10,2021-06-19,womens_flyweight,Submission,0.42562392982376496,0.19096944391576895,0.38340662626046607
8aa7756723ebd18d2ab40f8e,2021-06-19,featherweight,Decision,0.30063437666353576,0.5933812201049593,0.10598440323150485
78cbe025f9059d02470e6e87,2021-06-19,lightweight,KO/TKO,0.5892299324151806,0.25120414040364875,0.15956592718117052
61610b155882ac3e3eed4f71,2021-06-19,heavyweight,Decision,0.4865864525756177,0.3682714781005417,0.1451420693238406
836588eb01321066a95e6f60,2021-06-19,featherweight,KO/TKO,0.533887390953414,0.33670878677382576,0.12940382227276032
9987f669b7493fba2fe3d118,2021-06-19,womens_strawweight,KO/TKO,0.6313859781965434,0.19129267488832277,0.17732134691513382
9f27d61139a529c02d842433,2021-06-19,welterweight,Decision,0.460976465262792,0.3520125645233125,0.18701097021389557
e74b6bf080b0e710ce9747bd,2021-06-19,bantamweight,Decision,0.45799598871643943,0.39403004982106005,0.14797396146250053
b95e558564dc9e0f3f3f5cfd,2021-06-19,welterweight,KO/TKO,0.3460203724272857,0.5164241840213036,0.1375554435514107
9a82adcac5a1d990fb6cd5a0,2021-06-19,middleweight,KO/TKO,0.41137460616309923,0.4103856682413559,0.17823972559554493
a3c60ed394aa5d105da7ad3f,2021-06-26,featherweight,Decision,0.36091788752306103,0.30983124125234224,0.3292508712245968
b3a720a454739d051995c2c1,2021-06-26,heavyweight,Decision,0.5319621188210267,0.38785657935079854,0.08018130182817475
fc8f71a97583223c7eba5642,2021-06-26,womens_bantamweight,Submission,0.6065221261143063,0.14222260239828785,0.2512552714874058
7bab93177c4542550318ca39,2021-06-26,light_heavyweight,KO/TKO,0.457532330428407,0.4007097620622568,0.1417579075093362
734b592944e62af1b555c366,2021-06-26,light_heavyweight,KO/TKO,0.18812225506884542,0.7084381448552666,0.10343960007588793
f161c4d3b027f2f49eaa2f45,2021-06-26,bantamweight,Decision,0.6785536053878893,0.21432068711114086,0.10712570750096988
89d9e6cd12cbc984c5ad5db8,2021-06-26,lightweight,Submission,0.5864782314863921,0.23737118100343488,0.17615058751017298
ce42994760729649b78812f5,2021-06-26,welterweight,Submission,0.2643333922461348,0.3857537462080732,0.34991286154579204
8fe42d98d6456f0fc2191b0e,2021-06-26,heavyweight,KO/TKO,0.2826124066366827,0.6310044260735315,0.08638316728978579
d779754588526356ae5ea3e3,2021-06-26,welterweight,Decision,0.6139091426451003,0.3346199857038306,0.05147087165106917
ba71dd0032aaf0bf310c24c7,2021-06-26,welterweight,KO/TKO,0.42135346980639127,0.38967886818850034,0.1889676620051083
746498ef7443f0caf5f2082d,2021-06-26,lightweight,Decision,0.5843195380780117,0.2410181141816599,0.17466234774032838
80d953c972d847be890d6aaf,2021-07-10,welterweight,Decision,0.6733588234462499,0.2502802772114882,0.07636089934226196
6498a4c8d3727a2016dbff4a,2021-07-10,lightweight,KO/TKO,0.4036780375923055,0.46281195682962567,0.13351000557806872
52922d44b46e92c459d86bc8,2021-07-10,welterweight,Decision,0.5559433627219316,0.28864981653269633,0.15540682074537204
148e523baab99af91b27dce5,2021-07-10,womens_bantamweight,KO/TKO,0.8495196972197123,0.09937861796089684,0.0511016848193908
15ad67d5e43acafdd6c98fe0,2021-07-10,womens_flyweight,Decision,0.7471718863047406,0.10294308472455908,0.14988502897070016
530b143d446dafc011071c4e,2021-07-10,welterweight,Decision,0.41299763518239185,0.4322514513804432,0.15475091343716493
bbfbf8b8166c426e1240e0a4,2021-07-10,middleweight,Decision,0.7297998049858928,0.23031560710050972,0.03988458791359743
12bc8ea49cf6466df9aea9a3,2021-07-10,featherweight,KO/TKO,0.26765190503895986,0.55344911147521,0.17889898348583003
051cabd00d8a84746e67e149,2021-07-10,bantamweight,KO/TKO,0.2581864467629621,0.6662491627274787,0.0755643905095592
3ea316d32ba9c755ad343003,2021-07-10,heavyweight,KO/TKO,0.2599328121518952,0.6513405277966471,0.08872666005145771
dd14dada5640b649e27c8cb6,2021-07-10,middleweight,KO/TKO,0.37865912662392476,0.48393481163974555,0.1374060617363296
57c1af099e2eeaedffb7b6c6,2021-07-10,flyweight,Submission,0.6436248570278891,0.1591822139279429,0.19719292904416794
387800ac98197707044d3802,2021-07-17,womens_strawweight,KO/TKO,0.6245951849353111,0.2002489535763512,0.17515586148833787
6a8395402c96b2d104acd78d,2021-07-17,welterweight,KO/TKO,0.41553559325760264,0.5054481528745391,0.0790162538678581
87728864303defcd4fe22031,2021-07-17,flyweight,Decision,0.6135697939426282,0.21450388346060237,0.17192632259676938
8a31c1172ab5106325cc627e,2021-07-17,featherweight,KO/TKO,0.43598449723230737,0.32721175108068806,0.23680375168700452
b726a2c340e0031859a57110,2021-07-17,lightweight,Submission,0.4925335991099905,0.355154481348864,0.15231191954114542
4d558ebbde851ebbceb2a376,2021-07-17,lightweight,Submission,0.6722178169308605,0.28827141435323844,0.03951076871590117
973af1128fff9b2a14c5621f,2021-07-17,bantamweight,Decision,0.5603149393664906,0.32149498522815106,0.11819007540535824
ed7f6c0bd5b437f2f9dc6c7c,2021-07-17,womens_bantamweight,KO/TKO,0.6401454957115473,0.12576493450622303,0.23408956978222964
c9c25ab469ad2fe48494e4ba,2021-07-17,middleweight,Submission,0.47328759468910625,0.3270245235636442,0.19968788174724958
03a0165ac1c070a693740903,2021-07-24,bantamweight,KO/TKO,0.46245443446653534,0.4552377503877667,0.08230781514569792
3cb448435c95ab6aa4fed0a9,2021-07-24,bantamweight,Decision,0.27077455964170444,0.6559898072051252,0.07323563315317021
b0617d39a8cbc7fc041d74b3,2021-07-24,featherweight,KO/TKO,0.4562837344894528,0.2731369912135442,0.2705792742970029
f9beb1b95ba45b9b1621b64b,2021-07-24,womens_strawweight,Decision,0.6895838975644818,0.13526757705294307,0.17514852538257528
f8df7edab264a0f373e74bd3,2021-07-24,bantamweight,KO/TKO,0.6377098969013846,0.24951667450526824,0.11277342859334717
1a387168660b6545f6e752fb,2021-07-24,bantamweight,Decision,0.6289459876504089,0.2639909924657835,0.10706301988380773
3619b7063e9cd88f010c5a0f,2021-07-24,welterweight,Submission,0.4902018828330977,0.37198392301372174,0.1378141941531805
f115a8a9f478bc63f707998e,2021-07-24,womens_flyweight,Decision,0.4651971565222179,0.19003435137342659,0.34476849210435556
f0c4c6e99336ff56646d4fa5,2021-07-24,middleweight,KO/TKO,0.40209829372358247,0.4123955328821165,0.18550617339430114
2457d12636a9cfb566f94a56,2021-07-24,middleweight,Decision,0.3552621591911313,0.38280971972049554,0.26192812108837316
033418400afa21c1b79842c9,2021-07-24,womens_flyweight,KO/TKO,0.747599813712447,0.13742986295048473,0.11497032333706825
aa362511017ececb3e8cb952,2021-07-31,welterweight,Decision,0.4169659678709421,0.2515994896359878,0.3314345424930701
439390ea327acf2b45119216,2021-07-31,womens_strawweight,KO/TKO,0.6498463787782782,0.14547348995587955,0.20468013126584225
abe908dff98725268a6de4b5,2021-07-31,lightweight,Decision,0.6482989827495965,0.28550058285464375,0.06620043439575964
f53d55ca7e6c71bca1768d71,2021-07-31,featherweight,KO/TKO,0.48605181644517015,0.2566648438633358,0.2572833396914939
3a69e82631c81017529c26db,2021-07-31,womens_strawweight,Decision,0.6840441404617866,0.12071746572552886,0.19523839381268457
848d633ab5d861af69f87843,2021-07-31,welterweight,KO/TKO,0.5653688975006709,0.236098253413689,0.19853284908564006
d6d47fd80d8781a3f317d30b,2021-07-31,welterweight,KO/TKO,0.5086316176270417,0.25000541431402956,0.24136296805892873
32bb78b29e02d70783585786,2021-07-31,flyweight,Decision,0.45500854961334736,0.37650983409142696,0.16848161629522584
3af23183b818dfe59d5a0114,2021-07-31,middleweight,Decision,0.2727204763024013,0.6045321357873124,0.12274738791028629
37eb5a2b7db7710c44ecbb0f,2021-08-07,light_heavyweight,Decision,0.3078375372071305,0.5683524574340036,0.12381000535886585
31e656fd3cfbfde7ba181505,2021-08-07,heavyweight,KO/TKO,0.4187957674962818,0.5168127652049131,0.06439146729880504
cfc670cb4c942424d4bde058,2021-08-07,bantamweight,Submission,0.4489665038041517,0.2605888899036556,0.29044460629219276
a13574844084b56c501c795d,2021-08-07,bantamweight,Decision,0.670386071531521,0.23507391656489804,0.09454001190358095
c291f2773170c40024daeb22,2021-08-07,womens_strawweight,Submission,0.7466717823346227,0.18105166928096603,0.07227654838441118
e7881e314d5e66981e8e89de,2021-08-07,lightweight,Decision,0.4663911941967128,0.48742823191290796,0.04618057389037918
a7d7600747cdce4d1aac4734,2021-08-07,flyweight,KO/TKO,0.7509671365430209,0.18374353593093265,0.06528932752604634
36997816a9de75a5faf77fdb,2021-08-07,welterweight,Submission,0.5270802246235576,0.2964244882198735,0.17649528715656887
1b48725e4a5a6738fae9d75e,2021-08-07,bantamweight,KO/TKO,0.6388006236088533,0.20338137901019435,0.15781799738095242
adbb4bf7f16d6f11fdd6a702,2021-08-07,bantamweight,Decision,0.6233866915676284,0.26075128736327574,0.1158620210690958
8a628435db9e18feeb85b101,2021-08-07,womens_strawweight,Decision,0.8378866435133913,0.10146245617262778,0.06065090031398084
03bd3178b81b51c98a2ef07f,2021-08-07,womens_flyweight,KO/TKO,0.5090886479156791,0.16242683666990476,0.32848451541441614
ff592cdaa4eca0c7c874169d,2021-08-07,bantamweight,Decision,0.6485661404290309,0.2078261373282245,0.14360772224274457
97eff66c4a32a2932814be38,2021-08-21,flyweight,Submission,0.4639065984426143,0.1836728223863784,0.35242057917100733
102faa4ad68146ae09750464,2021-08-21,featherweight,Decision,0.5685280000703173,0.3087184755573279,0.12275352437235468
7f212aa41a8e96a98df4f434,2021-08-21,womens_bantamweight,KO/TKO,0.5650478733978568,0.18887962289844035,0.24607250370370293
256498ff833bad9ec8a58f4f,2021-08-21,bantamweight,Decision,0.7098333060044956,0.13297584449116637,0.15719084950433806
768f6a84be53ebd19ce73dbe,2021-08-21,lightweight,Decision,0.6118833559813377,0.2069811235793057,0.18113552043935655
39e93a7358c364f594c54892,2021-08-21,middleweight,Decision,0.46734782972982186,0.4590097249771528,0.07364244529302529
a37c8fb1c9ec806b184a9c51,2021-08-21,heavyweight,Decision,0.40875955336683967,0.4936500597147989,0.09759038691836146
5d50a9759638e91e84f0b746,2021-08-21,lightweight,KO/TKO,0.5876572771208878,0.17866335812212017,0.23367936475699203
e2ebb569fa02a491387e1161,2021-08-21,welterweight,Submission,0.5863272001054886,0.33786886738423144,0.07580393251028003
eb3d6a53fd969c07e9831cf1,2021-08-21,bantamweight,Submission,0.36574710697706164,0.4201942522093723,0.21405864081356596
642d81d57681e847b5fde3c9,2021-08-21,lightweight,Decision,0.6200035231993416,0.31735855674926927,0.06263792005138927
45a810ac99baec2dd4b54d7c,2021-08-21,light_heavyweight,KO/TKO,0.4015518916737648,0.29341052164731596,0.3050375866789192
0ed065dd12c23b6c9d895669,2021-08-28,middleweight,KO/TKO,0.504045908321857,0.4040956741042343,0.09185841757390868
9f9acc55a8ab60ad174b6e11,2021-08-28,middleweight,KO/TKO,0.24434026037707726,0.40697089035721323,0.3486888492657094
81175b83703a04c9578b0ede,2021-08-28,middleweight,Submission,0.24434026037707726,0.40697089035721323,0.3486888492657094
aff3ed6568a856a3854450e4,2021-08-28,light_heavyweight,KO/TKO,0.5318612024442962,0.40639787728732685,0.06174092026837693
ec627d0e52cb9efd5393d953,2021-08-28,featherweight,KO/TKO,0.5278589054907927,0.42528896299037794,0.04685213151882934
d6d68f11e8b1409123b81a91,2021-08-28,featherweight,Submission,0.5311158407753355,0.23397306966589762,0.23491108955876694
bf631345d98ad2d5efa45637,2021-08-28,womens_flyweight,Decision,0.6634989616353201,0.16711232205584373,0.16938871630883612
c64ba96ba3a2bbcd5352c69a,2021-08-28,welterweight,Decision,0.4692754088836649,0.437563607689481,0.0931609834268542
0e995a99c3637eda1e7fe1ab,2021-08-28,middleweight,Submission,0.468058857531989,0.4175933303941305,0.11434781207388044
036b6e057cbf7a551f641948,2021-08-28,bantamweight,Decision,0.330176014468822,0.4541101539954234,0.2157138315357546
323b248672e4ff7a5e608f9e,2021-08-28,bantamweight,Decision,0.2899426576599053,0.366460532977133,0.3435968093629617
7134f69560a4ddd941edb18e,2021-08-28,middleweight,Decision,0.39962981072432646,0.4788886420694996,0.12148154720617402
848148a2658c8b26e59ce487,2021-09-04,welterweight,Decision,0.6494981530371413,0.17978733459159105,0.1707145123712676
979ddbd47cfbfedab2b8467b,2021-09-04,middleweight,Decision,0.6536226643838707,0.2883776680069184,0.05799966760921091
c2ec829bd718d445716f67fa,2021-09-04,middleweight,Submission,0.4120243587621287,0.5187711163035424,0.06920452493432887
97be85a3e259ac669e1925e6,2021-09-04,bantamweight,Decision,0.4172299249769026,0.209347149250859,0.3734229257722384
ba157252f6db82d9ef9cbf91,2021-09-04,catch_weight,Submission,0.4518404231225904,0.3279714761629188,0.22018810071449088
24c47b0c28d199c1ece9b21b,2021-09-04,light_heavyweight,KO/TKO,0.3466864241376611,0.5245751407897719,0.12873843507256705
ef38db4fa319c1d073e6809b,2021-09-04,womens_flyweight,Decision,0.7046186543325238,0.14106389406093153,0.15431745160654456
f86ff3558c519c95d88ed2b0,2021-09-04,lightweight,KO/TKO,0.4352477935877314,0.3962193980722571,0.16853280834001144
e39ab69302a3a4acaa385b46,2021-09-04,heavyweight,KO/TKO,0.2759279984921222,0.4880645027001279,0.23600749880774977
21452c8ad7c8dfb85b7958bf,2021-09-18,light_heavyweight,Submission,0.32537003343360626,0.5784484924024195,0.09618147416397425
889ae6f64e5ed194f4e9d57a,2021-09-18,womens_flyweight,Decision,0.6545576966045233,0.1628091829521866,0.1826331204432901
1c6ed9f870c0d2d4f98638ea,2021-09-18,lightweight,KO/TKO,0.660258949898741,0.17153077813716586,0.16821027196409316
2b42e0ee62b14d7f1ac91ecb,2021-09-18,womens_flyweight,Submission,0.6246940536690614,0.1093353299805032,0.26597061635043545
30d2da816f66152c4db4ff93,2021-09-18,womens_flyweight,Decision,0.43629109282547496,0.14701664327768502,0.41669226389684
ba70d4bc1610e50610bc85f7,2021-09-18,welterweight,KO/TKO,0.31476441204984107,0.3532244127580808,0.3320111751920781
ed602daa65f0872d1ddab046,2021-09-18,light_heavyweight,Decision,0.5130265458033899,0.3920374635461968,0.09493599065041328
50f8733c5af2c8bf7833a467,2021-09-18,middleweight,KO/TKO,0.5219034519466487,0.35626300200626615,0.12183354604708524
394cd08a2aa9c8a419957765,2021-09-18,light_heavyweight,Decision,0.5592514795383006,0.3191581225279194,0.12159039793378
193777961eacaedb105fe808,2021-09-18,bantamweight,Decision,0.4711044550034887,0.2212854662258608,0.30761007877065055
7ab07f5868c762f3dce9e36f,2021-09-18,bantamweight,KO/TKO,0.664625623808076,0.151592512920307,0.1837818632716171
b7148a827199c4372ea4612c,2021-09-18,womens_bantamweight,Decision,0.7726816817744571,0.10601545326064606,0.12130286496489678
0317bdc7071d3d9f20a0a566,2021-09-18,lightweight,KO/TKO,0.5968998950550845,0.1997759128967085,0.20332419204820712
947733852564801c14c15132,2021-09-25,featherweight,Decision,0.4252852228259564,0.469065215594634,0.10564956157940955
fc453d53cd9cfa9ea2181094,2021-09-25,middleweight,Decision,0.39643735104462924,0.3193958019104713,0.28416684704489953
767276cd65a7bda83101b29a,2021-09-25,heavyweight,Decision,0.3600767288903775,0.6030800902444554,0.03684318086516697
47acb1d6dee5fe4612753acf,2021-09-25,lightweight,Decision,0.6596365919173742,0.27585645456708596,0.06450695351553981
7018a5372c82c8016ce4c305,2021-09-25,womens_flyweight,KO/TKO,0.7579652779981542,0.10839704938805733,0.1336376726137885
91bfc0bf09df44aba9658abd,2021-09-25,featherweight,Submission,0.5509749287483495,0.2897084130444918,0.15931665820715876
37c022f2c4b458467443e0a5,2021-09-25,bantamweight,KO/TKO,0.7591701888857897,0.1093380216345025,0.1314917894797078
b413ac8b94e17d9fb59f2a9f,2021-09-25,welterweight,KO/TKO,0.3792153816806749,0.5295719210716788,0.09121269724764619
b36a08b76e552d0afc4cdbe4,2021-09-25,middleweight,KO/TKO,0.3294806015694059,0.48824442697861364,0.18227497145198043
2d366fdf2a73af32527b7ab9,2021-09-25,womens_flyweight,Decision,0.6132677284200524,0.10409333010337718,0.2826389414765705
efae3152488573da2f0e8669,2021-09-25,heavyweight,KO/TKO,0.2973855247258223,0.5996995540873115,0.10291492118686627
474e7b7412f9128323a6ee3c,2021-09-25,lightweight,Submission,0.3638477305945181,0.4380421213021505,0.19811014810333138
4d3d35d9481430b2717e1dc0,2021-09-25,womens_flyweight,KO/TKO,0.6313796019500453,0.27238210573732524,0.09623829231262941
d7ff13529f7a31aa3fd66322,2021-10-02,bantamweight,Submission,0.447686229448849,0.4611749841937435,0.09113878635740763
958aeebbb028943f8b474351,2021-10-02,welterweight,Decision,0.427309926263253,0.44410962402456794,0.12858044971217908
21dfa6f1ccdd361947c8ec5a,2021-10-02,lightweight,KO/TKO,0.41751660701729315,0.38334046358184803,0.19914292940085873
6d3f40f6d4381ce272c0a74b,2021-10-02,womens_flyweight,KO/TKO,0.5234006384497303,0.16953942448437798,0.30705993706589163
03178009a51da703270bd2b4,2021-10-02,womens_bantamweight,Decision,0.6518430786079434,0.27905516185954626,0.06910175953251035
3537b39689d7dd5ae29a31d1,2021-10-02,lightweight,KO/TKO,0.522269852747305,0.29718025738935044,0.1805498898633447
dff65f3a6f0298afa7bce7fc,2021-10-02,bantamweight,KO/TKO,0.5989110636286615,0.3412581634906299,0.05983077288070859
b9d93ed042c8eef56051609b,2021-10-02,lightweight,Decision,0.6027372707561546,0.2365395046015405,0.16072322464230493
a2ed5d2192961f696e9f3cb5,2021-10-02,middleweight,Decision,0.480967247127281,0.3214959642769278,0.19753678859579119
a19ad67f1de8c89c051799ad,2021-10-02,womens_bantamweight,KO/TKO,0.6627543015156213,0.11260303433487505,0.22464266414950368
49ec1b7d30d14df34cde2e67,2021-10-02,light_heavyweight,Decision,0.22059341490637951,0.7215692896341881,0.05783729545943247
69e9597fb43638f8229546fb,2021-10-09,heavyweight,KO/TKO,0.45718363872124573,0.3419306817797878,0.20088567949896646
a4f8f9cd16f04f65379846ce,2021-10-09,featherweight,Decision,0.4317833991748975,0.15126048054653374,0.4169561202785688
679b8a681af1ea8df76c549c,2021-10-09,bantamweight,Decision,0.5120818936630158,0.3702763138041406,0.11764179253284364
b693cc8733bc9b6adc490155,2021-10-09,womens_strawweight,Submission,0.7034042708038601,0.13160507733792073,0.1649906518582192
65eb8cbb47349f9a81d27e50,2021-10-09,womens_strawweight,Decision,0.5170499675707517,0.36880719181738914,0.11414284061185913
968a08b5b350e76b63b11406,2021-10-09,welterweight,Decision,0.4671391157333011,0.25891208613605665,0.2739487981306424
c66520110ef94f852e522af5,2021-10-09,womens_flyweight,Submission,0.4711538416428956,0.27903502582146594,0.24981113253563847
2ab608b74126e2342d6abf67,2021-10-09,lightweight,KO/TKO,0.5432827254742291,0.15380964263584404,0.3029076318899269
35e27d0eed9850d71eef2219,2021-10-09,flyweight,Decision,0.5726827096003169,0.2746869596210746,0.15263033077860858
05f9214d72c1cef7711a3eb5,2021-10-16,heavyweight,Decision,0.5167537866237696,0.4250956283971424,0.05815058497908812
223893d41e07dc5cba8acd64,2021-10-16,middleweight,KO/TKO,0.5872577509362958,0.36015263884624177,0.052589610217462314
85743a2ebed3fb08b5acc751,2021-10-16,womens_featherweight,Decision,0.36602160653592847,0.38548984665801367,0.24848854680605784
851cc8213082f5aa4029b1d8,2021-10-16,bantamweight,KO/TKO,0.6486067035580075,0.25994655872670674,0.09144673771528583
6c771843a2de0df6854e6234,2021-10-16,welterweight,Decision,0.5861564139073167,0.3327172400151395,0.08112634607754378
7ec4f2ed29901e7f518e59da,2021-10-16,womens_strawweight,Submission,0.5804165120338396,0.2631018795040258,0.15648160846213463
75e91a9b2071aabf06334e6f,2021-10-16,lightweight,KO/TKO,0.3884348464508548,0.24948172306407856,0.36208343048506664
b9ec4594020a9368d81a8a47,2021-10-16,womens_flyweight,Decision,0.47693665660972295,0.08309183821241675,0.4399715051778603
83b2a1dfe625eba45f9fe0b4,2021-10-16,womens_flyweight,Decision,0.5611795377265775,0.26822096948807483,0.1705994927853476
7e2515dfbd9e621b0263a272,2021-10-16,featherweight,Submission,0.48782062568272455,0.4149675480077683,0.09721182630950721
abe8cc47f03ac58b02b7c95f,2021-10-23,featherweight,Submission,0.6142796448926707,0.2090792588808394,0.1766410962264897
34754acf1c6eb5adb027b3e4,2021-10-23,welterweight,Decision,0.47123060391659993,0.4038480673291558,0.1249213287542444
2a878e40629fed0a310e0b0c,2021-10-23,middleweight,Decision,0.6677453784341589,0.18147582115302846,0.15077880041281258
dd60dff39adefccc680c4313,2021-10-23,flyweight,KO/TKO,0.4826378861453606,0.39521025458754405,0.12215185926709538
2fb719a1e5e0607e47554e4a,2021-10-23,womens_bantamweight,Decision,0.7721361313066188,0.12184945387141982,0.10601441482196136
5d85a2f11fdb5bd41dff2dd3,2021-10-23,bantamweight,Decision,0.5035018129856388,0.3794103979498933,0.11708778906446789
f60ed0d525f53da9f318bc43,2021-10-23,middleweight,KO/TKO,0.7008982349142753,0.20274997392862396,0.09635179115710077
4f68242759113783714f4450,2021-10-23,lightweight,KO/TKO,0.4165257041027884,0.3721685137256996,0.211305782171512
c589ea31720af460013a699b,2021-10-23,womens_strawweight,Decision,0.6684520316477004,0.14615195776254036,0.1853960105897592
a8902ba72d4e5d289caa1fbd,2021-10-23,lightweight,Decision,0.5441672569153124,0.38382070854855876,0.07201203453612895
19b013dcff6f9c597376a765,2021-10-23,light_heavyweight,KO/TKO,0.536847609988414,0.3833679320851118,0.07978445792647428
41bdb938fef185e8ac424fb8,2021-10-23,light_heavyweight,Decision,0.5586712135702073,0.3541965519455424,0.08713223448425034
181fe229210ebc0890d81133,2021-10-23,womens_strawweight,Decision,0.4513539464953861,0.22873763278373113,0.31990842072088266
f8031426c728a047582f816b,2021-10-30,middleweight,Decision,0.382720001179782,0.4402336912829382,0.17704630753727976
b2390e3878dea3ac297006fd,2021-10-30,heavyweight,Decision,0.6658614932125284,0.30117193444734436,0.032966572340127245
faf76162b47b80dad8f43727,2021-10-30,womens_strawweight,Decision,0.6333029820761933,0.10071378719032571,0.2659832307334811
ea01307e17f5d9d2ae50e47a,2021-10-30,welterweight,Decision,0.44494656188219595,0.4202882158852416,0.13476522223256246
ee313392ed6e4ab1c9ceea78,2021-10-30,middleweight,Submission,0.5027784887355232,0.30123196122350326,0.19598955004097351
82a15dc2358e1868399b644b,2021-10-30,lightweight,Submission,0.531576636227903,0.31877374393892455,0.14964961983317238
e9bc05614cd6cd3f89fd76ea,2021-10-30,light_heavyweight,Submission,0.4158739556158957,0.4368854132077547,0.14724063117634964
3a77a8f67a2ec16505bae0ef,2021-10-30,welterweight,Submission,0.2683188657485525,0.5733945658257512,0.1582865684256963
dcdf4bf3562857781eb17181,2021-10-30,light_heavyweight,Decision,0.3483851287460623,0.6039950494809111,0.04761982177302661
d9465c9e6c4e4f9160831db3,2021-10-30,featherweight,KO/TKO,0.5084275266008169,0.3174708237224874,0.17410164967669572
bfa3ac1e602529401051e936,2021-10-30,bantamweight,Decision,0.3958551926781507,0.493891900148027,0.1102529071738223
243a6d2ea06e822417f703e4,2021-10-30,featherweight,Decision,0.5022654837839906,0.3767477373863791,0.1209867788296303
5fc60133e539e2c0c7530ce7,2021-10-30,light_heavyweight,KO/TKO,0.4361593804370328,0.45705402145582585,0.10678659810714128
71a1ce754a0d5c295b38d6ad,2021-10-30,flyweight,Decision,0.5256757872028377,0.22817745215880758,0.24614676063835475
feba7692e9ec00fc3f868095,2021-11-06,lightweight,KO/TKO,0.7382821917229946,0.18922233626699803,0.07249547201000738
920ccd9a5d510535cd3692d3,2021-11-06,middleweight,KO/TKO,0.4217410584263978,0.501887169992601,0.07637177158100122
10daa6ca09d264f8b7a2893a,2021-11-06,flyweight,Decision,0.3219709069865384,0.5810905417128635,0.09693855130059817
e9b6f10c97adf96e4e554cc5,2021-11-06,light_heavyweight,Decision,0.5206598915141201,0.4102632640406842,0.06907684444519567
0e30995a9aa64204088d1709,2021-11-06,middleweight,KO/TKO,0.4855603540828068,0.25228100536634074,0.2621586405508524
25b357bcb1a6646fa18598ef,2021-11-06,bantamweight,KO/TKO,0.4775925140976199,0.4068185705147708,0.11558891538760925
b0256b7f301cabc76e6204a7,2021-11-06,heavyweight,KO/TKO,0.3961598328766946,0.5192177139345172,0.08462245318878812
8480a1caaf0cfb57c9e5fdf8,2021-11-06,welterweight,KO/TKO,0.38029130244531245,0.39280265476681986,0.22690604278786758
d88311609f9c79db410e7e7f,2021-11-06,lightweight,Decision,0.2540830178301068,0.5554583890484253,0.19045859312146796
16299a61153a379aa621129d,2021-11-06,welterweight,Decision,0.5131943214559839,0.3813566579516758,0.1054490205923404
bf1435ed5ca5a3918c669450,2021-11-06,featherweight,Decision,0.31418812181780625,0.49052854756703074,0.19528333061516298
a93768c61a4ee022e03f794a,2021-11-06,middleweight,KO/TKO,0.4120811334163025,0.42372801656602344,0.16419085001767414
81d3f9751c8bc9bd3e0662f1,2021-11-06,womens_strawweight,Decision,0.2575402089081954,0.488916179860043,0.25354361123176156
b0c67496eb05d9210c671511,2021-11-06,featherweight,Decision,0.6922413656839373,0.20930848617408596,0.09845014814197665
949db9181591a44d3ae970eb,2021-11-13,heavyweight,KO/TKO,0.4119664514250431,0.45375661854060595,0.134276930034351
89ef0e35ce5ec74836288f7e,2021-11-13,womens_flyweight,Decision,0.48379736873570456,0.08132570662886998,0.4348769246354255
c212308191927936a67ad305,2021-11-13,womens_flyweight,KO/TKO,0.7981003146286032,0.07307621464793458,0.12882347072346237
8797bee1f200128ccd5ee671,2021-11-13,womens_featherweight,KO/TKO,0.8052434311355761,0.11289446657788052,0.08186210228654332
2a193240a3ef708a55d33473,2021-11-13,light_heavyweight,KO/TKO,0.4430170818585865,0.4397058756373246,0.11727704250408892
5bc0f36c0ff5a8dbb0b2fa0b,2021-11-13,lightweight,Submission,0.6224941173752296,0.2351969968944098,0.14230888573036043
e2e00765ed6f4ef0e3cf26ea,2021-11-13,featherweight,Decision,0.5793231646644211,0.35268978524032935,0.06798705009524948
4ff1b5494b02c884c647e48d,2021-11-13,welterweight,KO/TKO,0.3685140959695799,0.5065538429739378,0.1249320610564823
422d4b195157b17048d3578c,2021-11-13,featherweight,KO/TKO,0.5146317339057994,0.2929726624673875,0.19239560362681302
796ec7042f87631266057606,2021-11-13,bantamweight,KO/TKO,0.5924347145829444,0.2899984338272875,0.11756685158976798
7200ae576f27dfe33d808be9,2021-11-13,lightweight,KO/TKO,0.5218362983200816,0.22045787354125304,0.2577058281386653
2b9f75df7adfc64073e39234,2021-11-20,flyweight,Decision,0.5680258661356313,0.2736475771805042,0.1583265566838644
ea47fd95680fd40e63662844,2021-11-20,bantamweight,Decision,0.6985899215920588,0.2649817008651771,0.03642837754276423
955de39b09cc63ac1016eb55,2021-11-20,womens_flyweight,Submission,0.7574234490653834,0.11586910937158894,0.1267074415630276
c3392d5ce8b0f7cc39849ea5,2021-11-20,womens_bantamweight,Decision,0.5381097609858688,0.21844554091445395,0.24344469809967717
886b35ce27e0dbfb4ffa65b1,2021-11-20,womens_strawweight,Decision,0.7809265752025842,0.09639965107385357,0.12267377372356215
02b2074a853937d576367380,2021-11-20,womens_strawweight,Decision,0.6423374926816081,0.1957776799543989,0.16188482736399304
c8b8e8a3970f3b7e64b5d37a,2021-11-20,welterweight,Decision,0.6316269490665246,0.2587789622868946,0.10959408864658084
e5d94690a4a67d6c1acbeec9,2021-11-20,featherweight,Decision,0.5546417407735812,0.30497888321586336,0.14037937601055542
b456d5fbc84ec67adfb965e1,2021-11-20,lightweight,Decision,0.5835884967439897,0.2199110269986671,0.1965004762573432
2fe0e26b551c93e2cdfc10ae,2021-11-20,bantamweight,Decision,0.6838618761822451,0.19621219341859739,0.11992593039915744
3c53f6a604af1ebde04927af,2021-11-20,featherweight,Decision,0.7188257239944997,0.17531689237548748,0.1058573836300128
226ce750c662215efe521657,2021-12-04,welterweight,Decision,0.39430804126742663,0.23542477001565265,0.3702671887169207
f86d296f6d7d0c47ff000083,2021-12-04,light_heavyweight,Decision,0.36530577454157037,0.4451054764220597,0.18958874903636996
2a0cb1a7ac7387052927df0a,2021-12-04,lightweight,KO/TKO,0.4643908131594383,0.36626069280584655,0.1693484940347151
73875ab95fc90e65ed3daa4b,2021-12-04,middleweight,KO/TKO,0.3644934652183573,0.3805333416657707,0.2549731931158721
7d6c4908269ce22c76a5bf6f,2021-12-04,welterweight,Decision,0.4944764785354827,0.38701245502844533,0.11851106643607186
8ee79a7798d17ee7e0e747e8,2021-12-04,womens_strawweight,Decision,0.47760989304128504,0.2201439179385674,0.30224618902014755
384b21ca73c1b32e325cb539,2021-12-04,lightweight,Submission,0.461987802821846,0.3610494056195578,0.17696279155859626
4307344dfcf8272d6832851b,2021-12-04,lightweight,Submission,0.5904494243021157,0.31089213476779837,0.098658440930086
dcf02508a91496610861f3cd,2021-12-04,light_heavyweight,KO/TKO,0.2851856873715339,0.4997777133771458,0.21503659925132018
68951def6fd1fe3b617a2a78,2021-12-04,bantamweight,KO/TKO,0.5171730171053994,0.2714147258139785,0.21141225708062206
e88409e5199e7f4ec93cd5c3,2021-12-04,middleweight,KO/TKO,0.5471788103665637,0.29155423841518147,0.161266951218255
51f23bd45fcb1ce3757cd2ac,2021-12-04,flyweight,KO/TKO,0.5604978118554085,0.26044843850902194,0.17905374963556955
24bfa926f53e850e1895df92,2021-12-04,bantamweight,Decision,0.4388556156822619,0.4896880662427177,0.07145631807502038
b24994b03c0c6d0628dcb5f9,2021-12-11,womens_bantamweight,Submission,0.43808841830847456,0.3674885869801244,0.19442299471140104
977f1d7a994d29e9c5ddb2e8,2021-12-11,middleweight,Submission,0.3464783247235471,0.35467132206162594,0.2988503532148269
3d1de970a2cf4b319b4c6692,2021-12-11,heavyweight,KO/TKO,0.4371542473043347,0.49338583390538526,0.06945991879028009
f6cf5b0962a53fff711a1736,2021-12-11,lightweight,Submission,0.2058146436854416,0.62163165060486,0.17255370570969839
362ded9378ae33d6df9ab0db,2021-12-11,welterweight,Decision,0.6055958413713131,0.33488119542846784,0.05952296320021903
659800e49c983b90b1532269,2021-12-11,womens_flyweight,Submission,0.4515509864450086,0.23405143298550016,0.31439758056949135
5d9fa69369301a12d9df127f,2021-12-11,middleweight,KO/TKO,0.2939616653584063,0.6057765170835893,0.10026181755800444
7f29861d529a3539870a709a,2021-12-11,featherweight,Decision,0.6001610196528336,0.3139307911091114,0.0859081892380549
134497c23d1a4822c4629299,2021-12-11,flyweight,KO/TKO,0.4889939975837256,0.4527977979610008,0.05820820445527364
71350b718af2d753556e708b,2021-12-11,womens_flyweight,Decision,0.7297713482470078,0.140303253604912,0.12992539814808005
a66c555eb560ade1333c57d1,2021-12-11,bantamweight,Decision,0.6287084928273999,0.30601633064190564,0.0652751765306944
9f6cc54787f0d18509556ebb,2021-12-11,bantamweight,KO/TKO,0.33756252969430744,0.5244666999077381,0.13797077039795452
f98dfffa944a6f9adc6c85de,2021-12-11,bantamweight,KO/TKO,0.4744941404352178,0.3664290096041063,0.1590768499606759
7113c70ef552d4c9dbc57658,2021-12-11,featherweight,Decision,0.484757195267358,0.2623024039161059,0.25294040081653624
8e8924f709322a82ecacc60f,2021-12-18,womens_strawweight,Decision,0.6536903897984627,0.19404240320792995,0.15226720699360727
82f44b2371ac1940213fab72,2021-12-18,featherweight,Decision,0.7284258490263547,0.22213244135624433,0.04944170961740091
8ab8d29bee172464a056b759,2021-12-18,featherweight,KO/TKO,0.6788662428092411,0.21763272993773886,0.10350102725302003
13aaf98af49e0e06517a3cdf,2021-12-18,heavyweight,KO/TKO,0.21939409466718413,0.7379267749613789,0.042679130371436905
9012e4d57365a687d63decab,2021-12-18,lightweight,KO/TKO,0.45531769422577095,0.4280011784366399,0.11668112733758924
57db8b42042306ccb55cc279,2021-12-18,heavyweight,KO/TKO,0.5705771585097048,0.3460927973652541,0.08333004412504119
6a6de675461536fac3479406,2021-12-18,middleweight,Submission,0.4534633686075397,0.27451015227818504,0.2720264791142753
ff80eefba644b7bddd785a3e,2021-12-18,lightweight,Submission,0.505125994517845,0.28491883418571073,0.20995517129644428
7d13cbda8ae96a92482d1526,2021-12-18,heavyweight,KO/TKO,0.32496474582897256,0.5373102281636034,0.13772502600742406
60f48f8ffdb45557c4561d0a,2021-12-18,bantamweight,KO/TKO,0.5100981947782373,0.3639691722203548,0.12593263300140792
5dc086998ae75bc0d851ceda,2021-12-18,womens_featherweight,Submission,0.7025648985918027,0.17385600354708344,0.12357909786111379
5577100fdcc775b07433f1b2,2021-12-18,womens_flyweight,KO/TKO,0.6947724753311036,0.17018901240496795,0.13503851226392835
1df0129cb041d9c977faddd7,2021-12-18,welterweight,Decision,0.6697221118701063,0.29845847239833023,0.03181941573156332
881ea0620bb309ae02591096,2022-01-15,featherweight,Decision,0.6003480290951444,0.247290451715251,0.15236151918960453
299816fff28d6ce721fabf71,2022-01-15,flyweight,Decision,0.417598746506343,0.13049480377061687,0.45190644972304017
caaf36c1c3755cb12f5893eb,2022-01-15,featherweight,Decision,0.6310053480312487,0.2103161560904888,0.15867849587826247
889cc985afcb06e617eda61a,2022-01-15,featherweight,Decision,0.46115387827809984,0.4625604040089762,0.07628571771292392
6390092375396a3f925baf1e,2022-01-15,welterweight,Decision,0.6522629876843518,0.19294378706548443,0.15479322525016392
ebaff87fa2549b3b83d61772,2022-01-15,lightweight,KO/TKO,0.5583965343240141,0.17771207384420115,0.26389139183178467
8b9c5af00e072a39cb6e2a7a,2022-01-15,heavyweight,Submission,0.5749828062495681,0.3557930575404651,0.06922413620996681
f72950530e203bc6f352bf55,2022-01-15,middleweight,Decision,0.45267145387053837,0.3322605310937436,0.21506801503571807
2d6c4dc57a1961ef40816f56,2022-01-15,womens_flyweight,Decision,0.7825520605746287,0.12772925106968355,0.08971868835568762
c77316be700ef6effbca89df,2022-01-15,lightweight,Decision,0.6627205888348185,0.21439199225220568,0.12288741891297579
8eea8daed7a521ab1426cfe0,2022-01-22,flyweight,Decision,0.29389275971184275,0.4922666008781086,0.2138406394100487
cc260ab6f2dcacb734b6e2ea,2022-01-22,bantamweight,Submission,0.7483621236982319,0.2145088803760785,0.03712899592568981
10040856fbf145522cf8cf94,2022-01-22,heavyweight,Decision,0.224930300753065,0.6514756826710679,0.12359401657586709
dddd15fae61d06522710056a,2022-01-22,welterweight,KO/TKO,0.2796996608369554,0.40382335964262284,0.31647697952042175
08046d48d6a4eb8737a3b825,2022-01-22,womens_flyweight,Decision,0.6817471255176628,0.11465064552773988,0.20360222895459745
8b50626d4d84c3aa45d15a54,2022-01-22,lightweight,KO/TKO,0.4864208202155477,0.2889326188094947,0.22464656097495744
de14551f8d21580fa8596ef6,2022-01-22,welterweight,KO/TKO,0.389872562790301,0.5062711882209119,0.1038562489887871
de8ba4acaa432c191891b7af,2022-01-22,welterweight,Decision,0.3922707463180912,0.35584000703122204,0.2518892466506867
ec8bb730f1d208b6374ecd80,2022-01-22,bantamweight,Decision,0.4899944331230301,0.33774617191614376,0.17225939496082623
fcbbd7bc5f35efaf8450ad3c,2022-01-22,womens_strawweight,Submission,0.7113689519420116,0.14724196880230353,0.14138907925568509
98122fe1742fdd5100be2839,2022-01-22,bantamweight,Decision,0.49173385804659536,0.3299761520053801,0.17828998994802464
6ddb3676f4a7c26e86f9b228,2022-02-05,womens_bantamweight,Decision,0.6651925106195099,0.18471500655792197,0.1500924828225682
0272a89c05fdfaa2990c60a4,2022-02-05,middleweight,KO/TKO,0.5379513565617369,0.3677846750097404,0.09426396842852271
0e91e69c628ca4308127c75d,2022-02-05,featherweight,Decision,0.5573625414442902,0.3330341392450518,0.10960331931065796
509c5eeb2b44572ce95c4735,2022-02-05,middleweight,Decision,0.6554357533580991,0.26579873707229645,0.07876550956960447
62bd1e7c1b554cf0ae6a45ec,2022-02-05,light_heavyweight,KO/TKO,0.3211623119559559,0.3468190103062531,0.332018677737791
8bcc740a724dc791e5db5130,2022-02-05,welterweight,KO/TKO,0.4249351848829346,0.2598283455572957,0.31523646955976975
1c899e0a6dcb00a341edeaea,2022-02-05,featherweight,Decision,0.6324908205000878,0.2581626172304989,0.10934656226941336
90b3e133f1e2802dc88d0786,2022-02-05,flyweight,KO/TKO,0.4994839639990463,0.33125904563566977,0.16925699036528383
10e50c9169649dc909f1e474,2022-02-05,bantamweight,Submission,0.44519298595589885,0.48448792144975517,0.07031909259434592
1d5256e991b31002be9b6431,2022-02-05,middleweight,Decision,0.5001362368658386,0.36604135680585115,0.13382240632831022
6b2eb716c19a21cbe060c8e0,2022-02-05,light_heavyweight,Submission,0.3237908738922498,0.48162254604723953,0.19458658006051058
d139ab9b5859db7ac6fac52c,2022-02-05,welterweight,KO/TKO,0.4054060199062521,0.3733520388090442,0.2212419412847037
16e2466bf12ade10d76a1eda,2022-02-05,middleweight,Decision,0.2863366821158823,0.40050122348578415,0.3131620943983336
78785ae4443a05ddc0bb103f,2022-02-12,middleweight,Decision,0.31107312090991446,0.2904007439066196,0.39852613518346597
90d1c538c65bf733ee1afd05,2022-02-12,lightweight,Submission,0.5084496682418767,0.32934322330255095,0.16220710845557243
2715ae1c5ecb134385026391,2022-02-12,heavyweight,Decision,0.4434556085327712,0.5022788910226349,0.054265500444593905
ebf653201e47f988f8939597,2022-02-12,light_heavyweight,Decision,0.26450191034520315,0.5226347817834771,0.2128633078713196
1a6b5820ddd6159cefd853a9,2022-02-12,heavyweight,KO/TKO,0.31962474373401717,0.630128205927344,0.05024705033863881
84e02aa57d1cc6af09fd93aa,2022-02-12,bantamweight,Submission,0.6983092948251856,0.25433742545003146,0.04735327972478292
f6bbc41b4218274211e225dd,2022-02-12,middleweight,Decision,0.6880651095700819,0.2948250885898357,0.017109801840082362
7d1b32a9d4d917e6275675bf,2022-02-12,middleweight,KO/TKO,0.5207341374989827,0.37915963322578566,0.10010622927523165
b43ee87245d800862af774b9,2022-02-12,welterweight,Submission,0.3348615846261502,0.3880957681003152,0.2770426472735346
d69376c1ea693c430e1f0818,2022-02-12,lightweight,Decision,0.6115814560854418,0.34438872383274244,0.0440298200818157
1f61d0ee3ab6febfeb923aaf,2022-02-12,bantamweight,Submission,0.6802038761325018,0.23520813478488362,0.08458798908261465
6cd1aef6194b33b28b3f5cc2,2022-02-12,bantamweight,Decision,0.5563976621441331,0.2742123226283445,0.1693900152275224
f332f3a05dc03a803776a9b5,2022-02-12,womens_flyweight,Decision,0.5721764607623219,0.23000157190717088,0.19782196733050725
9b4c38da301541ccd18bf9f9,2022-02-12,heavyweight,Decision,0.45434857795436956,0.513812638455962,0.031838783589668414
e037496750d4a80f908de5f4,2022-02-19,bantamweight,KO/TKO,0.3448594769786265,0.5648899282708971,0.0902505947504764
05f71a10c41ce6a5c3587bc5,2022-02-19,featherweight,KO/TKO,0.32672529421516733,0.41944332576957644,0.2538313800152563
62712c070cfa71b63ee554b0,2022-02-19,womens_strawweight,Decision,0.7055123241741866,0.17992927914371146,0.11455839668210188
83eb5904775e936959d6d016,2022-02-19,featherweight,KO/TKO,0.6031161168298124,0.26710287106832536,0.12978101210186224
e3a18f940a8ab9d972aa4639,2022-02-19,womens_bantamweight,Submission,0.8033278186348242,0.12973198837087707,0.06694019299429893
541220a08c84c482c971b01b,2022-02-19,lightweight,KO/TKO,0.4746729283837242,0.2852644121151237,0.24006265950115205
ba606d161dd1c5f504f8c984,2022-02-19,middleweight,Decision,0.4630137369629116,0.4824735049282521,0.0545127581088363
0f1eb9c25283cba2a7cd007d,2022-02-19,light_heavyweight,KO/TKO,0.2202697758820524,0.7124053496535812,0.06732487446436629
774771f5b5f0f8d5af90fd20,2022-02-19,featherweight,Decision,0.5129347656952938,0.2071521336729437,0.2799131006317625
7085b77b6e0023c3296b8cf6,2022-02-19,catch_weight,Submission,0.6831803504377725,0.24774987372109555,0.06906977584113193
8c1cb182501b4ff4c557a4f7,2022-02-19,bantamweight,Decision,0.4331009286810671,0.490394336794497,0.07650473452443594
e0eeff5374ca589d7b5f7626,2022-02-19,heavyweight,Decision,0.34190380590920616,0.5500294724557941,0.1080667216349997
0bf431efc2c9170850a83b3f,2022-02-26,featherweight,Decision,0.6381192164750615,0.2968027415694787,0.06507804195545976
338700b1b79beb6242e882f3,2022-02-26,lightweight,KO/TKO,0.5871476410096556,0.22014895291283232,0.19270340607751202
21ab4fa36f44cfe6814659de,2022-02-26,middleweight,Decision,0.3808725472736136,0.4083377166028343,0.21078973612355206
e9955a213c246dc76802a534,2022-02-26,catch_weight,KO/TKO,0.6331155794324757,0.22268413340285215,0.14420028716467215
755b2c5ef7b44148e45d06f8,2022-02-26,womens_flyweight,Decision,0.5662835566911125,0.3675767545402712,0.06613968876861626
c9e3bc4ea58df6235765f2e0,2022-02-26,womens_featherweight,Decision,0.5784436776641739,0.2826228346980628,0.1389334876377633
8c15089f0431ebf57fba0b25,2022-02-26,middleweight,Submission,0.4224254983230875,0.2831370662889976,0.29443743538791495
7b8dd4825672e5c71feb365f,2022-02-26,welterweight,Submission,0.5385367597963994,0.2609535914543831,0.2005096487492175
115cd12c43c7ca9a98a34354,2022-02-26,lightweight,Submission,0.6011581182615905,0.33303117827747136,0.06581070346093815
ad3d758504e40f089358d0cc,2022-02-26,lightweight,Submission,0.5689396803503434,0.17745757361843484,0.2536027460312218
09803872173680a4e5a486f2,2022-02-26,flyweight,Decision,0.338854742684573,0.34807940303731755,0.31306585427810946
8cab78badf4b3f9f94431dcb,2022-03-05,featherweight,Submission,0.5361960536799389,0.23016874051307581,0.23363520580698524
eb2dea2335dc1879ca29907d,2022-03-05,welterweight,Decision,0.5771387822074049,0.36638108939431935,0.056480128398275875
59e88ba1af2fe8e1830220bd,2022-03-05,lightweight,Decision,0.4795354242952521,0.3992906597058519,0.12117391599889603
c66c7054afb057dd78aa0f05,2022-03-05,light_heavyweight,Decision,0.32996322352930646,0.6097957630584084,0.06024101341228501
76eb17111d5981c71736b835,2022-03-05,featherweight,Decision,0.5342310159464768,0.25472773496602413,0.21104124908749916
054327f45b8b36f1c6c59bd8,2022-03-05,lightweight,KO/TKO,0.47360645285123737,0.24830930835624282,0.27808423879251976
fe7ff91782693e8c97668462,2022-03-05,welterweight,KO/TKO,0.5347100069138264,0.31076546164820573,0.15452453143796782
191f8590132dd622386f8dcb,2022-03-05,womens_strawweight,Decision,0.8430025019633086,0.11675470107047975,0.040242796966211684
62773007de975caae0e7403f,2022-03-05,womens_flyweight,Submission,0.4822495646124877,0.20427366537835462,0.31347677000915775
ef873da872c2b8ddc6d7f482,2022-03-05,light_heavyweight,Decision,0.41777250610018263,0.5290530831331614,0.05317441076665593
0e0ef94c36f8e8a6f0d81303,2022-03-05,catch_weight,Decision,0.6073483943347469,0.2545942129704136,0.13805739269483952
8b16bf8119b7a1889e14425c,2022-03-05,heavyweight,KO/TKO,0.5048916654640152,0.4218540856883216,0.07325424884766314
8453f158995aa5825267e0fe,2022-03-05,flyweight,Decision,0.7067660193678564,0.12786459142907192,0.16536938920307162
4274a5bfdeeb6b92088e770d,2022-03-12,middleweight,Decision,0.388541072246631,0.5224673028100405,0.08899162494332845
a62677dbc6c31338dbfa9ffe,2022-03-12,middleweight,Submission,0.4266710928934379,0.3569562573444413,0.21637264976212078
53cf6639d25754d424f290c6,2022-03-12,featherweight,Submission,0.5919376677628879,0.23732961991314963,0.1707327123239623
223c6e3695dc91fe55816b32,2022-03-12,lightweight,KO/TKO,0.47309178774242394,0.24833559235078323,0.2785726199067929
6ec545d9b947c7840a6a9e2b,2022-03-12,womens_flyweight,Decision,0.6671449641685364,0.11777690489506336,0.21507813093640016
b80204d233e23b377832e77e,2022-03-12,light_heavyweight,KO/TKO,0.41023395338756985,0.4503236609268345,0.1394423856855957
8f6f6a38f9345a057af6dcdd,2022-03-12,bantamweight,KO/TKO,0.6350959212925968,0.3041817535094815,0.06072232519792163
4996c44f91f2861f4fab29a5,2022-03-12,bantamweight,KO/TKO,0.4226798870244831,0.418443536758154,0.15887657621736304
15a96087e7d45aef123c2813,2022-03-12,welterweight,Decision,0.29086560926120136,0.5994157701582831,0.10971862058051561
d51c5ce12e0b4950d5498e4f,2022-03-12,womens_flyweight,Submission,0.6483562044154273,0.22035215897351,0.13129163661106263
2eb0a77e45cae384dd8ee69a,2022-03-12,featherweight,Decision,0.5255216965226026,0.32899083536473467,0.1454874681126627
ff820a222c111a32a86bd816,2022-03-12,light_heavyweight,KO/TKO,0.3626920431808271,0.46993630862961666,0.16737164818955627
d4e5897b395921bd30941f44,2022-03-12,light_heavyweight,Decision,0.3524544960577999,0.6032691002439352,0.04427640369826491
c362815404c96b0fa3c1d79c,2022-03-12,bantamweight,Decision,0.4025774818597606,0.40018357561942086,0.1972389425208185
ddb23a0f0b02cab6843a40b2,2022-03-19,heavyweight,Submission,0.44561246663706294,0.4012196159467387,0.15316791741619834
fed3a50fd626de20bc9ddd39,2022-03-19,featherweight,KO/TKO,0.4839442254303538,0.45043634826038087,0.06561942630926522
0edcadeec8b119ec0a8e22e5,2022-03-19,womens_strawweight,Decision,0.5077187365093342,0.13069897750054146,0.36158228599012426
90db3390059fe0b1ae095e2d,2022-03-19,welterweight,Decision,0.48546565535005487,0.3214440323119909,0.19309031233795415
18453b23edda3fa1d9952968,2022-03-19,bantamweight,Decision,0.6786778854198238,0.23838041132763516,0.08294170325254105
9ae7ce42c6960b736e0efa95,2022-03-19,lightweight,KO/TKO,0.3885648114710622,0.3995163021258831,0.21191888640305476
606a3226edc45b339470c15a,2022-03-19,featherweight,Submission,0.5946155075623444,0.1459843960148212,0.2594000964228345
8438c52b0f5b6abb1524eb73,2022-03-19,womens_flyweight,KO/TKO,0.6864777118283932,0.12127328657726388,0.1922490015943429
e44f8d6c21499f7ee69f7413,2022-03-19,flyweight,Submission,0.3477447566454566,0.5151294075246734,0.13712583582987
b0c27e0a67c2921f706c7982,2022-03-19,light_heavyweight,Submission,0.23022665998708414,0.4443885254043685,0.32538481460854735
50519ade549a1f6ba3ecdb0f,2022-03-19,lightweight,Submission,0.48789306963990886,0.39239451465416436,0.1197124157059268
1855e62e711e7cb90db8c57f,2022-03-19,heavyweight,KO/TKO,0.3865148540343054,0.5709000791825093,0.04258506678318536
d1bfaf3217d92836ca7666c4,2022-03-26,middleweight,Submission,0.2796996608369554,0.40382335964262284,0.31647697952042175
ef9aa738f67fd68f2ca5af2f,2022-03-26,flyweight,Decision,0.6252347219133144,0.3201775841027736,0.054587693983912
301dfd58acfdd68cb9065d69,2022-03-26,bantamweight,KO/TKO,0.41738068450152255,0.5080517110066199,0.07456760449185754
351b3e350230c6b88f88f552,2022-03-26,heavyweight,KO/TKO,0.4421498667093156,0.5048335878784207,0.05301654541226374
7d5f589e73ee039bd2697e09,2022-03-26,womens_flyweight,Decision,0.6732861104753487,0.25889838860275827,0.06781550092189298
2d86be1fe2a9c74ea1d1a00e,2022-03-26,womens_flyweight,Submission,0.7527769347508859,0.13363415706764573,0.11358890818146834
2569c71203392ff1e1f14af3,2022-03-26,featherweight,Decision,0.579461406092072,0.30690267186720466,0.11363592204072331
41c6e7756509299ae12c897f,2022-03-26,lightweight,Decision,0.5719829320175496,0.314181213683253,0.1138358542991973
2d2fb7e95f4e7d64dacc585f,2022-03-26,flyweight,Decision,0.6687374921251815,0.23921951142994877,0.0920429964448698
87d4157a7c6058179c54bd39,2022-03-26,welterweight,Decision,0.47895617394692325,0.38383376320998497,0.1372100628430918
e9351c7db8c8562852add0bf,2022-03-26,welterweight,Decision,0.6002310956498144,0.3068260676392512,0.09294283671093444
7af5d59b89e6c62ef7902cfe,2022-03-26,womens_bantamweight,Decision,0.5856878503797619,0.2842861828366719,0.13002596678356626
6a456265c9a0a54a45727866,2022-04-09,heavyweight,Submission,0.20505953679980865,0.6288703475357056,0.16607011566448573
9b4d0aeae28ca6a7651e18c3,2022-04-09,featherweight,KO/TKO,0.41006252884954614,0.5274708507673793,0.06246662038307449
d59489d2219b8acf65c14d10,2022-04-09,bantamweight,Decision,0.6261021966712513,0.264574271096556,0.10932353223219254
dcc78c9b5027cc486808530b,2022-04-09,middleweight,Decision,0.31933940907517205,0.3868076170009731,0.2938529739238549
10a507567f7c574bab053aba,2022-04-09,womens_bantamweight,Decision,0.5910285171167504,0.28620967504494926,0.12276180783830022
54dbd0ff791fe50de3635eda,2022-04-09,welterweight,Decision,0.35831214232087893,0.473808937038788,0.16787892064033305
8d6783bbc0f9d2bd2d4c0534,2022-04-09,welterweight,Decision,0.3958375771497699,0.3108284169877427,0.2933340058624875
e4d38da609f2296f44f8e0f3,2022-04-09,bantamweight,Decision,0.5465213387903767,0.2790863463595761,0.17439231485004722
395fac7e1cb89c9f48542548,2022-04-09,womens_strawweight,Decision,0.6940255032831107,0.1599291346103554,0.14604536210653377
c717778925b8d05d09226a63,2022-04-09,welterweight,KO/TKO,0.38342146149933093,0.24543741556157697,0.37114112293909207
c8c932d20a23d93083cd5153,2022-04-09,womens_strawweight,Decision,0.6976386890626083,0.13041948606684434,0.17194182487054735
5210e8a6bd51cdb8a3be4742,2022-04-09,lightweight,Decision,0.7653826228954804,0.20028305442741481,0.03433432267710483
ab6c1f1d7010971c355e465c,2022-04-16,bantamweight,KO/TKO,0.685709309627304,0.23288315157736555,0.08140753879533048
4e19d3624ce2f192fda3e87e,2022-04-16,middleweight,Decision,0.2796996608369554,0.40382335964262284,0.31647697952042175
63a7508bcd39ffb177568395,2022-04-16,heavyweight,Decision,0.19258545402534105,0.6309909552978588,0.1764235906768001
a3b791cf3770be81a7311fc4,2022-04-16,heavyweight,KO/TKO,0.5019719940659679,0.4350668246799997,0.06296118125403236
433dbc801627a6d385c7ad09,2022-04-16,lightweight,KO/TKO,0.6772889751671315,0.22174582473615995,0.10096520009670852
f700791a20e6fde6268982b3,2022-04-16,womens_strawweight,Decision,0.7131373168120223,0.21258269455882725,0.07427998862915043
163a51708b615100cf2aba52,2022-04-16,lightweight,Decision,0.40729547179185205,0.3113744666422914,0.2813300615658565
a2e535212cb0109c16e03dcd,2022-04-16,womens_bantamweight,Decision,0.6812560136439694,0.21429422278464239,0.10444976357138831
069de3205d6c699d7be551aa,2022-04-16,womens_bantamweight,Decision,0.6254133054758704,0.1903338591445671,0.18425283537956244
9c7629f898574d7d259de1e2,2022-04-16,welterweight,KO/TKO,0.44122248125069063,0.43249405309753813,0.12628346565177126
48857655a69cc90c77030d9a,2022-04-16,welterweight,Decision,0.35418309390067604,0.5203902747173516,0.12542663138197233
e9eef12674e72868f84a57a0,2022-04-16,featherweight,Decision,0.41640852640359116,0.2243893727459916,0.3592021008504173
a2af6edea9fea96f3d6b4f3f,2022-04-16,lightweight,Submission,0.6182980644172833,0.2941640066504613,0.08753792893225547
de09e08f6c57358e9c22f9b4,2022-04-16,welterweight,Decision,0.6060067067134042,0.2782800809214048,0.11571321236519097
48e6102e4d53ecae10721bf6,2022-04-23,womens_strawweight,Submission,0.33924615020877347,0.5592793236906596,0.10147452610056704
9b932197b1fb2a26a1208177,2022-04-23,bantamweight,KO/TKO,0.5702266469975983,0.286329252576917,0.1434441004254846
06669d51b0a57a8f66b216d9,2022-04-23,lightweight,Submission,0.43344339028944234,0.3307334024828174,0.23582320722774025
c85d55bcecdce0caae48f32d,2022-04-23,welterweight,KO/TKO,0.556121322213049,0.3706997777713356,0.07317890001561543
877e43ee92b6e92fe379f031,2022-04-23,catch_weight,Submission,0.34828516936680226,0.584433892564153,0.06728093806904466
4d8474d6d776dc1f62fe315b,2022-04-23,featherweight,Submission,0.6382394296230677,0.303888441294151,0.05787212908278126
711d9ff3483b66cb33e6fb1a,2022-04-23,light_heavyweight,Decision,0.25260601222002305,0.712358040313098,0.03503594746687889
2b3e69ba4ea58a394404b393,2022-04-23,womens_flyweight,Decision,0.44914207034754844,0.15084217555568102,0.4000157540967704
c89f90b1b4c3c2b9606febb2,2022-04-23,welterweight,Decision,0.3457983773160226,0.5707227027823453,0.08347891990163218
213b698eaacabc90d39c3618,2022-04-23,light_heavyweight,KO/TKO,0.19384548945676994,0.4794240549869279,0.3267304555563021
2dbdb35090901cb11cdd7d38,2022-04-30,heavyweight,Submission,0.3181748473554576,0.45500281112047614,0.22682234152406625
aed8ef16b30b6d218c63f47c,2022-04-30,featherweight,KO/TKO,0.6753977790575554,0.2338525139697601,0.09074970697268453
fcc9d5a0cfe4deba917371fb,2022-04-30,heavyweight,Decision,0.46002715123546,0.4382317152390701,0.10174113352546979
9ec02b95cb264245c08bd1c3,2022-04-30,flyweight,Submission,0.5559696206600461,0.31871610872390715,0.12531427061604689
566ee83c01c427d616e79cb3,2022-04-30,featherweight,Decision,0.7712662950026957,0.13432976392177143,0.09440394107553289
312ba0118051211ffa424bb3,2022-04-30,welterweight,KO/TKO,0.4809060782624566,0.38717925893228516,0.13191466280525832
bd90e67407043275cc350cb5,2022-04-30,womens_flyweight,KO/TKO,0.46330670724127093,0.2386337625402849,0.29805953021844417
9932564c59fd0493d46f20f7,2022-04-30,lightweight,Submission,0.6089667881417885,0.27458507959724043,0.11644813226097102
ccbcefc2a02e49bf307142df,2022-04-30,middleweight,Decision,0.4014539326421298,0.3175931033347655,0.2809529640231047
59e0827ca63295b63cd6a91a,2022-04-30,lightweight,Decision,0.6808777256696027,0.2160404195135806,0.10308185481681675
4e359c108544d2c8759d97d6,2022-04-30,bantamweight,Decision,0.40802139757925115,0.4676921559228755,0.12428644649787338
e83c43a20c4efdef6b675240,2022-05-07,welterweight,KO/TKO,0.26285576148420015,0.6049840515655468,0.13216018695025306
c3f4eb06b7985fd64caa1c2a,2022-05-07,womens_strawweight,Decision,0.6805093709890357,0.11109994912184866,0.2083906798891157
27a25d6c4438938f3521b32a,2022-05-07,heavyweight,Decision,0.6169906057515117,0.21042783475331267,0.17258155949517565
f9ad67246c83a9f959594eb4,2022-05-07,flyweight,Submission,0.5185916831595386,0.2852022846318117,0.19620603220864974
68ecc0f643b3d96f33c5ea9d,2022-05-07,lightweight,Submission,0.2261024387355103,0.5797838079764827,0.19411375328800695
54d66068ae43906aa7a9cf26,2022-05-07,welterweight,Decision,0.4506654978654484,0.3890108654435643,0.1603236366909872
a295f10a5980bdb7db934877,2022-05-07,bantamweight,Decision,0.3508303222765443,0.3798489509228702,0.2693207268005855
57499631d3bdce3f6fc81243,2022-05-07,flyweight,Decision,0.5053190893538315,0.33100355999286474,0.16367735065330377
65626c902a390cc627f7be7e,2022-05-07,womens_featherweight,Decision,0.6887257158961613,0.21351866262232744,0.09775562148151118
d31f108ad033cadad0d1f468,2022-05-07,light_heavyweight,Decision,0.37040382996777454,0.4922613224768438,0.13733484755538158
cdb998abfa18ccf9f27af3b6,2022-05-07,lightweight,KO/TKO,0.47853169755082053,0.34507121840813854,0.17639708404104096
709d13b3d0f6930bb797146f,2022-05-07,welterweight,Decision,0.48089791658498443,0.3516124947276835,0.16748958868733219
e513925b16ccc7cf2bc93298,2022-05-07,womens_strawweight,Decision,0.6132615265245784,0.2762462497458595,0.11049222372956219
cc6e0ffb423d24fff180d8c1,2022-05-07,womens_flyweight,Decision,0.6670980057940251,0.22038155399764925,0.11252044020832556
e80cfbe7751b8e42d0e37d81,2022-05-14,bantamweight,KO/TKO,0.452729363642432,0.3249003120428941,0.22237032431467388
d21ed7987834436d79762e16,2022-05-14,lightweight,KO/TKO,0.32782271697761656,0.5906218182963052,0.0815554647260783
4987dc6f22514fa13327d770,2022-05-14,flyweight,Decision,0.290390136145557,0.27486999197710116,0.43473987187734187
ec3db7fb69fd747f19d2772f,2022-05-14,light_heavyweight,KO/TKO,0.6707036640492983,0.27733683548485366,0.05195950046584794
3a7bcb7089d6096f13b7cd48,2022-05-14,womens_flyweight,Decision,0.7491039423696016,0.1568845002937171,0.0940115573366813
cb4c231ddb365e4a24ca3af4,2022-05-14,lightweight,KO/TKO,0.6242904406400209,0.2858600914620152,0.08984946789796386
95e847d3cc4c6bcbd6043bc2,2022-05-14,middleweight,Submission,0.5289447731650818,0.18050285988288717,0.2905523669520311
db6d572d7fc3c8ad496fe6e9,2022-05-14,light_heavyweight,Submission,0.4020107068498434,0.4380032937471161,0.15998599940304042
d0dd5444e56544c7c7529281,2022-05-14,flyweight,Decision,0.4093285895867717,0.2388323182041616,0.3518390922090667
6b6cce875a6e865322f23a66,2022-05-14,womens_strawweight,Decision,0.6269719318892877,0.23980490415399328,0.13322316395671893
da1f5ebe1db19397cf95fdcf,2022-05-14,womens_flyweight,Decision,0.7253223024739746,0.15282602871708598,0.1218516688089395
a909d174db8b4390ae3774cf,2022-05-21,featherweight,KO/TKO,0.6351559340000893,0.17409007307060576,0.19075399292930484
9101fa72d85c818841ee1d9b,2022-05-21,middleweight,KO/TKO,0.1958972174983981,0.5330938686698776,0.2710089138317242
b2a463b8b2afe1453190b2a1,2022-05-21,womens_strawweight,KO/TKO,0.7969500914322726,0.12370792214423021,0.07934198642349713
383bc526c4fd50b1ff054c67,2022-05-21,middleweight,Decision,0.6977304271325746,0.23714859229575821,0.0651209805716672
45ca004338ad389c7e7dfbd2,2022-05-21,womens_bantamweight,Decision,0.6020491554290432,0.3292969955631484,0.06865384900780834
3f379cb193e0300c1aa1f821,2022-05-21,heavyweight,Submission,0.34237685000214957,0.4795153034240414,0.17810784657380901
2613b85681482b84539b6f00,2022-05-21,bantamweight,Decision,0.6037896474863337,0.3467039858482419,0.049506366665424385
765486e120840e8df1d10183,2022-05-21,middleweight,Submission,0.5737665579103561,0.2486551574549435,0.1775782846347004
40240f9f36602a2870ec2baa,2022-05-21,lightweight,KO/TKO,0.6463212747070382,0.297584014877921,0.056094710415040834
da790c4bab3aeacba933229a,2022-05-21,womens_strawweight,Decision,0.4131479413973176,0.20700596977392657,0.3798460888287559
e2c480e4c1e2f0c1546d5d77,2022-05-21,welterweight,Decision,0.5795502413365641,0.36154722195062733,0.05890253671280861
d22c42254e29e2ec340e1418,2022-06-04,heavyweight,KO/TKO,0.3923363636347234,0.5662261621754974,0.041437474189779215
7d2d589ab3a24ccbec850331,2022-06-04,light_heavyweight,KO/TKO,0.20867615828012917,0.6897759207870918,0.10154792093277894
b5fef85ad8722e2c173f1f31,2022-06-04,featherweight,Decision,0.37889728372843784,0.3268349481142235,0.2942677681573387
f9fbead95e311fc0ea7c84ee,2022-06-04,featherweight,Decision,0.6650328051607567,0.25052267500448805,0.0844445198347552
23a75d6e26246f3fadb396da,2022-06-04,womens_flyweight,Submission,0.5747554556979629,0.2583012055304991,0.166943338771538
65042c1a280902886dc6dd26,2022-06-04,womens_strawweight,Submission,0.7553027241058163,0.11664325089248564,0.12805402500169794
c65a22b110cef6fbb2125d34,2022-06-04,flyweight,Decision,0.546391165398132,0.28216961940190427,0.17143921519996372
8ce12f6034150468696c1404,2022-06-04,lightweight,Decision,0.6111084907918065,0.1749902246402767,0.2139012845679168
5445242c5438b4603f99e089,2022-06-04,bantamweight,KO/TKO,0.6449715484549253,0.20201080312954636,0.15301764841552826
d14d68587e692687da0d3f24,2022-06-04,womens_flyweight,Submission,0.6194678501873948,0.22544546206454083,0.15508668774806436
e663e56b52a832ad0691ca69,2022-06-04,featherweight,KO/TKO,0.41497709008037004,0.27541188096603714,0.3096110289535928
48c473af66656aa65786f4e1,2022-06-04,lightweight,Submission,0.5838636879771457,0.2632450129410661,0.15289129908178817
1879d9ea46bd3c6332543b68,2022-06-04,flyweight,KO/TKO,0.490695498456412,0.40910847861869265,0.1001960229248954
b2038bb6ca99f8b0ed7255c7,2022-06-04,welterweight,Decision,0.4797324886310359,0.4224831814680547,0.09778432990090939
e49e62b538c8335689613162,2022-06-11,welterweight,KO/TKO,0.4692597342630971,0.2800808797442481,0.25065938599265475
065e1f6ee6a773ecb89f7d12,2022-06-11,middleweight,Decision,0.5768156683968221,0.2211584844554674,0.2020258471477105
fb821412f370884401d35139,2022-06-11,light_heavyweight,Submission,0.13269110892268068,0.653492720120102,0.21381617095721736
1e545d34ef5e99a2aabb7d44,2022-06-11,welterweight,KO/TKO,0.3618079674485631,0.3238328503717571,0.31435918217967984
1991007feecb43a26b0eb7c6,2022-06-11,bantamweight,Decision,0.5109204374856899,0.33469473655430926,0.15438482596000072
4bdcffba7b815f20f7f0c0cf,2022-06-11,womens_strawweight,KO/TKO,0.34751974830577387,0.3851197193046098,0.26736053238961627
e257df6df9aae0de1ae83c76,2022-06-11,lightweight,KO/TKO,0.3490531640918137,0.3041978335707129,0.34674900233747336
acf90527fde3048d8876a70a,2022-06-11,womens_featherweight,Decision,0.7410108400494849,0.19555168741157672,0.06343747253893839
940b51f448bcff3babf27a3c,2022-06-11,featherweight,Decision,0.5638197003926168,0.30230207143948434,0.13387822816789896
bd4b807ebad4ce66420cb1f8,2022-06-11,womens_flyweight,Decision,0.5907255547509908,0.3194805230928466,0.08979392215616264
d41039f9c98e4cd3418f2f02,2022-06-11,womens_strawweight,KO/TKO,0.7939816710130041,0.15753005392585567,0.048488275061140215
69d6707f40dbdd247de83d25,2022-06-18,bantamweight,KO/TKO,0.5193091779002905,0.3789476967661003,0.10174312533360923
b2afb64bd777a942b65dbb5a,2022-06-18,featherweight,Decision,0.48892918613771635,0.4678290819514363,0.0432417319108474
bc67a856832a4900d2384ba4,2022-06-18,welterweight,KO/TKO,0.3224683194725544,0.3805200025281226,0.2970116779993231
4a4060d03f813216114e4968,2022-06-18,lightweight,Decision,0.6058722871304504,0.36417531105651935,0.029952401813030213
2280acaef1bd4f8d94bf22f2,2022-06-18,bantamweight,KO/TKO,0.7178057080365756,0.24937335749363324,0.03282093446979102
ef1c81da42f18212117eb7db,2022-06-18,womens_flyweight,Decision,0.4262917096043395,0.15743511487787232,0.41627317551778825
b8b37ab0d685d69a80b80bfb,2022-06-18,middleweight,KO/TKO,0.6243986622768194,0.2521526683993278,0.12344866932385293
c8bce7a0cd5b64400d6ce30d,2022-06-18,middleweight,KO/TKO,0.5019330403140586,0.2374373322308733,0.26062962745506807
34eacc018777cf756f0a9bc0,2022-06-18,womens_strawweight,Decision,0.7554503892082934,0.13790349376230657,0.10664611702940004
61b4b53d06936ba0aa98113d,2022-06-18,middleweight,KO/TKO,0.6226717875472034,0.2692550405987185,0.10807317185407804
2cfd9a8c1b61856144ef594b,2022-06-18,featherweight,KO/TKO,0.5183871300058397,0.29032031547892584,0.19129255451523444
5bdb3da39bb6e719e9fc0618,2022-06-18,middleweight,KO/TKO,0.6053539086254245,0.26180842426363204,0.13283766711094355
68df60a85737373fc82b19b1,2022-06-18,welterweight,Submission,0.5892488783177172,0.3310628090680164,0.07968831261426626
2fbfe695974365c0c5f85fc8,2022-06-25,lightweight,Decision,0.46181001383170794,0.37550589285916786,0.1626840933091242
6458152c222f4906571bcde7,2022-06-25,bantamweight,Submission,0.5226177051884066,0.3451832675870852,0.13219902722450835
2ecd2eed9d2962188ecb5689,2022-06-25,light_heavyweight,KO/TKO,0.4022664499840197,0.5169614553107799,0.08077209470520048
818221d71c181b39140c5074,2022-06-25,middleweight,Decision,0.32622298714179704,0.5054411118699546,0.16833590098824838
35e5e8e703d00edf360a6043,2022-06-25,heavyweight,KO/TKO,0.5235179212902006,0.42156327630840795,0.05491880240139148
dbd552c2d7e341649622ee23,2022-06-25,flyweight,KO/TKO,0.3910261471627056,0.35157430779033755,0.25739954504695695
d3ae12666b9f9a68eead2751,2022-06-25,bantamweight,Decision,0.6405543436441908,0.17090548666024707,0.18854016969556206
e4ea35454ee62c778fa3f4a6,2022-06-25,welterweight,Submission,0.31520332065989526,0.5124541792501032,0.1723425000900016
b21c9e5ff089ca9195054ac3,2022-06-25,bantamweight,Decision,0.6278898081903765,0.29436875842636423,0.07774143338325926
76e3a22b48d90e22583c5147,2022-06-25,featherweight,Decision,0.5429637117310359,0.24236620865048317,0.21467007961848103
48b66f6c4e067ab131987c86,2022-06-25,lightweight,Submission,0.636282683362673,0.18904329210592977,0.17467402453139724
a59780a9c44b0f7455be33f1,2022-06-25,womens_strawweight,Decision,0.6061929024848507,0.18111202504915733,0.21269507246599206
e02eea16ac82e778f7daf1f7,2022-07-02,featherweight,Decision,0.8007485083412631,0.17535489384209535,0.02389659781664169
876921be33b920ac9567b725,2022-07-02,lightweight,Submission,0.48165399189473523,0.28614973807485333,0.23219627003041146
e81f8dc803fd77311da05e80,2022-07-02,middleweight,Decision,0.44720524497553577,0.47974786715991036,0.07304688786455389
859d13910d61abd539cc945f,2022-07-02,welterweight,Decision,0.5815361673918873,0.3486504309747713,0.06981340163334133
e6c3e6276839dd5d64a789b2,2022-07-02,middleweight,Decision,0.48530279388256226,0.46373289638431386,0.05096430973312384
a2e9ef0e8cb15790f8ced352,2022-07-02,womens_flyweight,Decision,0.6025559098747015,0.2134215544590023,0.18402253566629612
eea7d1b3716582025dfbfca3,2022-07-02,womens_bantamweight,Submission,0.7494459640329224,0.13094965693467253,0.11960437903240491
2a9cc81d46ea65120d7fbe99,2022-07-02,welterweight,Submission,0.29970834633205445,0.49868984243928627,0.2016018112286592
ba6dd14c8af9df3ea8f92512,2022-07-02,welterweight,KO/TKO,0.6230289698502004,0.3290092497016595,0.04796178044814008
5833acc9c3ac9e365c6c0b7c,2022-07-02,middleweight,KO/TKO,0.6818244007189982,0.2844401939895487,0.033735405291453045
177235a3e775a6743d6600e5,2022-07-02,middleweight,Decision,0.25424418146077504,0.5426328815620142,0.20312293697721073
f2fd98701b89701fae9088a5,2022-07-09,bantamweight,Decision,0.5635160981360565,0.36906567488739284,0.0674182269765506
803fc1e81cfdec6e7a503544,2022-07-09,womens_flyweight,Decision,0.7432626642371728,0.14035373606459878,0.11638359969822845
8990215859428aaac941741d,2022-07-09,middleweight,Decision,0.4869973044766272,0.40200002756216224,0.11100266796121047
833c99cb97e71c4d5ca53fcb,2022-07-09,middleweight,KO/TKO,0.545022916718449,0.19567441745366573,0.25930266582788525
894eb20cea5348518aad7e6a,2022-07-09,featherweight,Submission,0.24713949166751864,0.6344733124283323,0.11838719590414903
ec47ffa3f0a194c15729e14e,2022-07-09,bantamweight,Decision,0.46280672832163244,0.4104172429820089,0.12677602869635857
eb92cb37c14b9a12e2392824,2022-07-09,heavyweight,KO/TKO,0.5121736744318861,0.417843880656399,0.06998244491171488
ed326894c1c1b1d3adbf1cba,2022-07-09,light_heavyweight,KO/TKO,0.3705105937511524,0.34473565452650196,0.28475375172234557
3762c8ce8cd05373829c8371,2022-07-09,lightweight,Decision,0.6165380246985455,0.2797376976356522,0.10372427766580238
85e2d3f91c45cbb0e0bc1cb6,2022-07-09,lightweight,KO/TKO,0.584390958079053,0.3443408331032144,0.07126820881773266
fb7e9ab6b45aeb9bdb8436ab,2022-07-09,bantamweight,Decision,0.7626147846309744,0.1354010995561132,0.10198411581291222
b203dec5ae3023e120de922f,2022-07-16,featherweight,KO/TKO,0.3076742726892284,0.4639142183906993,0.22841150892007225
a32125452f6904259fbc72b2,2022-07-16,featherweight,KO/TKO,0.4326175338950392,0.5052647605391001,0.06211770556586072
8fe207b501c2aa7554270832,2022-07-16,light_heavyweight,KO/TKO,0.4199625310657218,0.4760708049494604,0.10396666398481784
a9c93145b251be4e9d7e6dcb,2022-07-16,middleweight,Decision,0.5246088598174371,0.37055190042681146,0.10483923975575152
12d4dffc5e8bc17202be2632,2022-07-16,womens_strawweight,Decision,0.6660614099394894,0.16490050374871448,0.16903808631179615
fb462f5b2e9f652779cdfb66,2022-07-16,womens_flyweight,Decision,0.659884351978831,0.14597328565830522,0.19414236236286384
c637b6f0f5a09bb8e1a74e50,2022-07-16,welterweight,KO/TKO,0.4835800396510878,0.4813902670047638,0.03502969334414851
17ea09382d449f8306c19c3b,2022-07-16,flyweight,Submission,0.5291073554298202,0.25398198999899535,0.21691065457118447
fd355002a0fa2e74e3536f46,2022-07-16,womens_strawweight,Submission,0.6281755579235135,0.21781823441602777,0.15400620766045867
ccfedebf868f0b8dc734bfd2,2022-07-16,middleweight,KO/TKO,0.44368656257072825,0.4369405466006066,0.11937289082866515
aec85754ffdd895e4321b6fb,2022-07-16,bantamweight,Submission,0.6278698365896811,0.21415537466944026,0.1579747887408786
ad625eebc9ae756d4e5ce12a,2022-07-16,featherweight,Decision,0.5338016410510078,0.3992019990520201,0.06699635989697224
f0728df1781fd229cb014c50,2022-07-23,welterweight,Decision,0.5446436248258301,0.30424143355987243,0.1511149416142974
fc3a021d4027a74cd0e85243,2022-07-23,heavyweight,KO/TKO,0.2921042876456021,0.5732712115735237,0.1346245007808743
953bbb8b3a4dbab3e4857e03,2022-07-23,middleweight,Decision,0.5193935630899534,0.39388988088062676,0.08671655602941986
e1bfa78d9e55d9829168dcdb,2022-07-23,lightweight,Decision,0.37271169049618574,0.44655870302002176,0.18072960648379255
d04154269d7f8664c62b6131,2022-07-23,featherweight,KO/TKO,0.5076036763012256,0.1334984309002899,0.3588978927984845
68dfedbb07bf88d9ca273dc2,2022-07-23,womens_flyweight,Decision,0.7117515371301325,0.1494027119188106,0.13884575095105695
ec4c20bfa09fac0285d92870,2022-07-23,lightweight,Decision,0.6468546321172316,0.2987032153962645,0.05444215248650388
3ba5a9abbb1ae3fa79599046,2022-07-23,lightweight,Decision,0.6523454734354752,0.2953034780035906,0.05235104856093419
291314e3a3d4ef5e1277e4e1,2022-07-23,womens_flyweight,KO/TKO,0.7390610902364454,0.1263659662065776,0.134572943556977
819b658e6cf0d717bb91de6c,2022-07-23,flyweight,Decision,0.43140257483663885,0.38825022065603854,0.1803472045073226
e1c2046ddc61effa0182c84b,2022-07-23,featherweight,Decision,0.5099779393158754,0.2989271871453441,0.19109487353878055
fcbaa5ecf7ea948ec4284861,2022-07-23,light_heavyweight,KO/TKO,0.3881462219211963,0.43100572267468873,0.18084805540411494
a3042f1e67d6574fb63da12e,2022-07-23,lightweight,Submission,0.19567361329600116,0.4843673244322094,0.31995906227178944
ef6ab6d69866893d4c3f7e61,2022-07-23,light_heavyweight,Decision,0.23911352646025538,0.5557956073553899,0.20509086618435465
b8683f73e2644670bf1ff574,2022-07-30,welterweight,Decision,0.6293728089846852,0.2910505521041461,0.07957663891116867
282ad5f28deaf15f8dca4792,2022-07-30,flyweight,Submission,0.5026670221282883,0.37069487882256563,0.12663809904914608
5fa0aeb049247895d054ff67,2022-07-30,flyweight,KO/TKO,0.6552846493878139,0.2655106667401858,0.0792046838720002
c07de9903dda0402b5b7ae51,2022-07-30,heavyweight,KO/TKO,0.23400302623956,0.7286144653646561,0.03738250839578373
5aaa23664d6070cac2051597,2022-07-30,lightweight,Decision,0.7031749708019006,0.19564253132730866,0.10118249787079071
58e54a3c63001690d005c9bc,2022-07-30,lightweight,KO/TKO,0.40506564928079214,0.2723540070911503,0.3225803436280576
10b81e064c1a7b6abe9a2535,2022-07-30,womens_bantamweight,Decision,0.6803915972454911,0.26776218067718993,0.05184622207731883
33eed00e388c88409a34cb2f,2022-07-30,womens_bantamweight,Decision,0.23010855252470944,0.39702837373208205,0.3728630737432085
e4877492b848342688b0277c,2022-07-30,light_heavyweight,KO/TKO,0.5014585629392021,0.39817487614986713,0.10036656091093075
acc3d39765c5482fcb45accd,2022-07-30,welterweight,KO/TKO,0.34250815089515735,0.3231414652395099,0.33435038386533283
17570bc74fd14e361a08e878,2022-07-30,light_heavyweight,KO/TKO,0.4613055940002423,0.35133227652216725,0.18736212947759034
ac2b588a1a2472b349609a68,2022-07-30,welterweight,Decision,0.4071013690849804,0.3288484853227802,0.26405014559223955
1a6042f44f4e1018e13bcf39,2022-08-06,heavyweight,KO/TKO,0.5329995099364819,0.3982246474288804,0.06877584263463764
11bfef30ead4201c97f126a7,2022-08-06,womens_flyweight,KO/TKO,0.4368264090215838,0.23156413766932904,0.3316094533090871
ee78ff94d74191c0950c3305,2022-08-06,welterweight,KO/TKO,0.4998752243223551,0.3250583890630274,0.1750663866146174
14baf91c942b6d4b80278c39,2022-08-06,womens_strawweight,Submission,0.6693236316201031,0.18050100454522788,0.1501753638346691
e16f507b343589a2e4e6722a,2022-08-06,womens_bantamweight,Submission,0.5938596852586676,0.1404274054026729,0.26571290933865954
e21ab264e04732c3ef8f62f4,2022-08-06,heavyweight,KO/TKO,0.20209296464632057,0.5277650727205326,0.2701419626331468
e9da8c8a6c31cb23cefbf64a,2022-08-06,middleweight,KO/TKO,0.4062072275023646,0.5408639664789773,0.05292880601865814
6ec98fde74b283e28ca0a7fe,2022-08-06,lightweight,Submission,0.4677528504791468,0.26670666349132255,0.26554048602953073
cf34d5f335348b66aa91eff5,2022-08-06,light_heavyweight,KO/TKO,0.2359307169039505,0.6960972070036613,0.06797207609238813
f8f3e8322df974e5e79c4018,2022-08-06,welterweight,KO/TKO,0.48101819135548557,0.39314535036407816,0.12583645828043633
a786185afd5f82f1db44d3c8,2022-08-13,catch_weight,Decision,0.5726316681174339,0.2359971385246627,0.19137119335790334
769a825b93d1f461ed037a48,2022-08-13,middleweight,Submission,0.38186381900402966,0.3175000814305164,0.300636099565454
e5ba6b21277ad5545d7c0dc3,2022-08-13,womens_flyweight,Decision,0.7505959980508765,0.14364311199919613,0.10576088994992734
7322e2f3f4bf5390f2bda163,2022-08-13,light_heavyweight,KO/TKO,0.5853830466276876,0.37452161779440396,0.04009533557790852
aaf6d2192b150766430fc20b,2022-08-13,lightweight,KO/TKO,0.4435483430929533,0.3963207524422706,0.1601309044647762
ba36c66a9c8864239d835333,2022-08-13,catch_weight,KO/TKO,0.2870610373359891,0.34121920405974077,0.3717197586042702
e07aa035986642062d25c1f5,2022-08-13,bantamweight,KO/TKO,0.5515706203937496,0.3999940988740828,0.04843528073216757
8734458639c9a77e963669f8,2022-08-13,heavyweight,Decision,0.2517666217036598,0.28959258852545733,0.4586407897708828
8e3ee192291658b73f706113,2022-08-13,featherweight,Decision,0.5732031960514069,0.2709949508683891,0.15580185308020406
207fbf80c6f721606f408c61,2022-08-13,flyweight,KO/TKO,0.5134636492206957,0.4254317280905789,0.06110462268872558
0e895646923d2363e9ee3865,2022-08-13,womens_bantamweight,KO/TKO,0.6328151901695409,0.2618173404466425,0.10536746938381653
cd596c04dadc1a357e70db6e,2022-08-13,womens_strawweight,Decision,0.4368264090215838,0.23156413766932904,0.3316094533090871
7e414bf2e90506da27163941,2022-08-20,welterweight,Decision,0.6466424100596353,0.2744276882381173,0.07892990170224728
8a9c09281e5eeca72ddede9c,2022-08-20,flyweight,Submission,0.5452795877367088,0.3009123218340918,0.1538080904291994
fc73feb19b3af4a912864096,2022-08-20,bantamweight,Decision,0.6212186955492643,0.29409310429459495,0.08468820015614074
2e655f9fa69fc63ba339bf9d,2022-08-20,flyweight,KO/TKO,0.6849007576713942,0.16822505046405412,0.1468741918645516
09110ce448db775f208b9e4f,2022-08-20,bantamweight,Decision,0.8146230337669967,0.12330030266740079,0.062076663565602506
96bf35f8d242172083318f0b,2022-08-20,welterweight,KO/TKO,0.5791870870878684,0.31142624813812825,0.10938666477400338
72cae9b3b0647f262149f01d,2022-08-20,lightweight,Decision,0.591943449538005,0.3454218227556494,0.06263472770634557
6e01d4335754eab4e2519c82,2022-08-20,heavyweight,Decision,0.44955431959632614,0.3943717546467943,0.1560739257568796
e041b8ced5ccae038bf87f85,2022-08-20,middleweight,Decision,0.3215483875639972,0.5209128451579538,0.15753876727804922
e21703f2490a99b16dfadb3d,2022-08-20,light_heavyweight,KO/TKO,0.2739887423127791,0.49126522443788734,0.23474603324933363
f41c685ee847a134377ce615,2022-08-20,womens_bantamweight,KO/TKO,0.7132213585544177,0.10251709181212376,0.18426154963345856
9ce27f8c4c81304aae9d0e7e,2022-09-03,middleweight,KO/TKO,0.5851481104901425,0.27003977330843115,0.14481211620142637
a3bbb4a0fa0064f0548c4dc4,2022-09-03,middleweight,KO/TKO,0.45179148573044847,0.49018398427003373,0.05802452999951767
2d11896bafc8bb829b196c12,2022-09-03,lightweight,KO/TKO,0.6999275780576337,0.1796409286295362,0.12043149331283
55128794a5130c0766120091,2022-09-03,featherweight,Decision,0.5580758100468837,0.2622219802187314,0.179702209734385
7301434a052e54b477cb10b8,2022-09-03,heavyweight,KO/TKO,0.3690209735300314,0.515719649513086,0.11525937695688253
d67df94cf203060829d5e02a,2022-09-03,lightweight,Decision,0.5518235120572242,0.3037482409069655,0.1444282470358104
3f009a05817aa629ecb33512,2022-09-03,lightweight,Decision,0.593769843398583,0.3699419344270727,0.03628822217434437
86ec5f7ecd89641f1c7cff4e,2022-09-03,bantamweight,KO/TKO,0.5097376911137984,0.3332169608642781,0.15704534802192338
561ee3bd70a2f70be5d0512b,2022-09-03,middleweight,Decision,0.42159436252825766,0.4626677484016258,0.11573788907011658
0fc64e2e9e677fbf1fdd2676,2022-09-03,middleweight,Decision,0.747264942960779,0.22160856322186212,0.031126493817358804
be1d0f8c941e18f2385e8ec8,2022-09-03,womens_featherweight,Submission,0.5092041354351218,0.19772547249159,0.29307039207328833
b8f2b3651db2a7baa029e536,2022-09-03,featherweight,Decision,0.338854742684573,0.34807940303731755,0.31306585427810946
4a6bcffa1eef009392233795,2022-09-10,bantamweight,Decision,0.46157395744219676,0.430058392400554,0.10836765015724922
c00654036cf18b5bb5f2d2c5,2022-09-10,welterweight,Decision,0.528283213582213,0.3070389976067347,0.16467778881105244
b36dfd6178f9afe0176a1770,2022-09-10,middleweight,KO/TKO,0.4958922180572816,0.4133446464796318,0.09076313546308652
7f7d0ff5834aebf0c6e0956b,2022-09-10,featherweight,Decision,0.5822569151110678,0.27971327791374495,0.13802980697518724
41da67b4d117a50c666ac843,2022-09-10,catch_weight,KO/TKO,0.659052248532625,0.27104354908758566,0.06990420237978943
6153221828eccf4930f0d3e6,2022-09-10,catch_weight,Submission,0.23873179124421123,0.5063019546190366,0.25496625413675217
9d40474ac4964ada854fa013,2022-09-10,heavyweight,KO/TKO,0.3598396697859042,0.5214837509149618,0.11867657929913399
5a062d96aab1c99b7cc95f3b,2022-09-10,light_heavyweight,Submission,0.41072701264613104,0.5266964766749266,0.06257651067894246
61ba8d4c4fabfe43fbb836c9,2022-09-10,catch_weight,Submission,0.25650476622018026,0.48015474043244144,0.2633404933473784
014ea6d786ce6f657768e865,2022-09-10,catch_weight,Decision,0.47962441385926047,0.45143242036980946,0.06894316577092996
0eacc4f0d8ed4f419ecbcea2,2022-09-10,womens_strawweight,Decision,0.4772747901558096,0.3418060839395657,0.18091912590462475
b23e87fdf32c675244e517b7,2022-09-10,welterweight,Submission,0.33303605352973337,0.36894782056947345,0.29801612590079307
129aa2e2442a6668ab3bdc63,2022-09-10,womens_featherweight,Decision,0.6692962591705941,0.24493713208459833,0.08576660874480757
5c6812938d363a82f925824d,2022-09-17,featherweight,Decision,0.6500849403273429,0.2955908188195147,0.054324240853142476
8d050432569789c31a32dcde,2022-09-17,middleweight,Submission,0.4856689861427709,0.24429852276081152,0.2700324910964175
dbcca4558e9c1d0d13c510a3,2022-09-17,middleweight,KO/TKO,0.2787246714560826,0.5265830948407655,0.19469223370315195
bc3c14ac6ca3b5d7e1f471ce,2022-09-17,bantamweight,KO/TKO,0.40179390053472963,0.49990241419445647,0.09830368527081394
c743e51d32485abb008206d8,2022-09-17,featherweight,KO/TKO,0.6291407658794191,0.16478824191973349,0.20607099220084726
059dfb0529502eb13b47c82e,2022-09-17,womens_strawweight,Decision,0.5936097824072575,0.2315666859023928,0.17482353169034967
f973efc4d40fd253e6092acf,2022-09-17,middleweight,KO/TKO,0.35994711709606686,0.3987117054822138,0.24134117742171926
faae6d894d5ca7b2e828bf54,2022-09-17,womens_flyweight,Submission,0.5527055276091327,0.2229962740972257,0.2242981982936415
ba54b51b997887a6beff6ea6,2022-09-17,lightweight,KO/TKO,0.5364659569290934,0.3027072396675903,0.16082680340331643
4d68a5e737c1e8b51f6f2e2d,2022-09-17,heavyweight,Decision,0.38782833603357386,0.4003611866959924,0.21181047727043362
58d0836ce3aef89372366e16,2022-09-17,bantamweight,Decision,0.70676303962539,0.2206706141773596,0.07256634619725041
1afe0d50e01083bebcec9aa7,2022-09-17,welterweight,Decision,0.5492449161957028,0.35625490093936935,0.09450018286492783
49322c3b76a447084d3343fa,2022-09-17,lightweight,Decision,0.4991962935877175,0.2616505963935797,0.2391531100187028
87a787d77cf0a5e09d3d9395,2022-10-01,bantamweight,Submission,0.449815483682799,0.4849943150781392,0.06519020123906188
38a5c52b9d2138c264286309,2022-10-01,heavyweight,Decision,0.2590410056804096,0.5328784447471395,0.20808054957245087
fc47440fea6c1d9a73f29056,2022-10-01,lightweight,KO/TKO,0.6970714391053536,0.2002793815666924,0.10264917932795391
5c2d756d58e2169143a3d205,2022-10-01,catch_weight,KO/TKO,0.5776793603507606,0.3669341553005289,0.05538648434871038
fa7cd15e925add6d68fc71fb,2022-10-01,catch_weight,KO/TKO,0.6062340752961479,0.20210190774913486,0.19166401695471716
fa6a5ead0aa09a9ef6c5b57a,2022-10-01,middleweight,Submission,0.5350114871051371,0.337538211655347,0.1274503012395159
b72aea582d1585d9cb98b492,2022-10-01,womens_strawweight,Decision,0.5426358183289217,0.3046140136056815,0.15275016806539685
769a6a0ed8f56e2771571177,2022-10-01,lightweight,Decision,0.5387273141884834,0.3847375471541905,0.07653513865732606
ba830e44c169818ed678aa41,2022-10-01,welterweight,Decision,0.4697805342666947,0.42582539563608546,0.10439407009721983
8a3a1e63063d34a285884a99,2022-10-01,bantamweight,Decision,0.6102214054807471,0.28354436592491533,0.10623422859433757
332b606adadb464988ce504c,2022-10-01,featherweight,Submission,0.3890196187150057,0.4150718852658783,0.19590849601911606
01280f9e77503889cc5f9625,2022-10-15,womens_flyweight,Decision,0.6856069391723514,0.1962571958272296,0.11813586500041899
ca2c4ad4a77247d7ccff754f,2022-10-15,bantamweight,KO/TKO,0.6464207332043134,0.30737422104424345,0.046205045751443186
0b42a434a9d342606e9634d5,2022-10-15,featherweight,Submission,0.415535155415638,0.35790982850282044,0.22655501608154158
26959a0ae6d9ffc29e07813b,2022-10-15,middleweight,KO/TKO,0.3648156710649392,0.53101878768684,0.10416554124822089
aae253d49a82af766011fb44,2022-10-15,bantamweight,Decision,0.6239070160754588,0.28675751193880517,0.08933547198573598
dd6794095b4f567cbc4101d5,2022-10-15,welterweight,KO/TKO,0.464788220708988,0.45350561947688167,0.08170615981413042
044df039a74152712583ec34,2022-10-15,light_heavyweight,KO/TKO,0.24357936362259472,0.5299563887824325,0.2264642475949728
6a2ccb4c05791a9425fdd871,2022-10-15,middleweight,Decision,0.4510309021259814,0.24052369025780074,0.30844540761621786
a351ceb4ec13704924e64821,2022-10-15,womens_strawweight,Decision,0.7581518797838053,0.135485592527754,0.1063625276884407
4f4009ed9b6888d49211b309,2022-10-15,bantamweight,Decision,0.6942153857271526,0.24125940225601306,0.0645252120168344
cb331ce12f84a70205c765de,2022-10-15,flyweight,Submission,0.4741673410589714,0.4036237156168119,0.12220894332421667
2fa71d83dae3ebb848f3441c,2022-10-22,welterweight,Decision,0.5615686234741605,0.2912704537607431,0.14716092276509657
3969abdde9d204a1383b76b0,2022-10-22,bantamweight,KO/TKO,0.5217465652829796,0.3969824028384605,0.08127103187855982
d51176910516429f296e9791,2022-10-22,middleweight,Decision,0.48519206851360897,0.4442570571158033,0.07055087437058775
8b1f7cebde3141ff07f2e923,2022-10-22,welterweight,KO/TKO,0.6125026327157693,0.2813680249948385,0.10612934228939204
1f39f88404238882611b5baf,2022-10-22,lightweight,Decision,0.5280097122122116,0.32965784029967243,0.14233244748811605
89b86d8017ee9c1cbaa746ae,2022-10-22,lightweight,Submission,0.5960075884860256,0.16348349856131966,0.2405089129526548
e323e1ea8dacbcffaa512ad7,2022-10-22,womens_bantamweight,Decision,0.7131833863778427,0.20445841545908872,0.08235819816306851
35a1f8dde1fde0e00768056a,2022-10-22,womens_flyweight,Decision,0.7378570663334061,0.18292480443444156,0.07921812923215242
f4c1d9b02ea276231e92bad9,2022-10-22,middleweight,Decision,0.6371497273274654,0.2708257567326172,0.09202451593991741
bf2060061f6746545bdfc695,2022-10-22,flyweight,Submission,0.45397148912871876,0.19064375558356642,0.3553847552877148
5cb842db992ceaeea1b3cf29,2022-10-22,bantamweight,Decision,0.6605206875364801,0.23697288289122148,0.10250642957229839
a99407677ffcc07b6201b9fe,2022-10-22,light_heavyweight,Decision,0.3597666794894434,0.5100212960973384,0.13021202441321825
9e77914c5d3a7d1ddeb09921,2022-10-29,heavyweight,Submission,0.42150916244782716,0.4715656952952192,0.10692514225695367
0475b074697fe0251c4d12ec,2022-10-29,featherweight,KO/TKO,0.3501606058296481,0.5317481904751051,0.1180912036952469
9ad86cefbe6ecdf976f7782a,2022-10-29,featherweight,KO/TKO,0.4336450157986725,0.23469758030669194,0.3316574038946356
ad5ce07a6e0876f8d5be2633,2022-10-29,bantamweight,Submission,0.5121017548292064,0.24396497389086327,0.24393327127993036
3ea908dc8672aba46a6b1042,2022-10-29,flyweight,Decision,0.3621844134357725,0.5435431153451852,0.09427247121904221
9cf346c97ea2bbfd2c1c605e,2022-10-29,light_heavyweight,Decision,0.37817468047705066,0.577093992241707,0.04473132728124223
2578ddec4698f73c077da962,2022-10-29,middleweight,Submission,0.445883387119922,0.3145470170059218,0.23956959587415616
ca802282390c52fdb2408e0b,2022-10-29,middleweight,Submission,0.49431043502124267,0.2981126387404949,0.20757692623826246
15d5339005fa2e8e3ec329bc,2022-10-29,middleweight,KO/TKO,0.42036254202399564,0.45759857013353433,0.12203888784246993
50f80108ef29bd03c1534f16,2022-10-29,welterweight,Decision,0.5995100645088534,0.3196791103367592,0.08081082515438748
5f9c2584685ac701df1b20f1,2022-10-29,heavyweight,Decision,0.4660014663469899,0.3826655557669636,0.1513329778860465
fb2b6999fee39d8d4b28984c,2022-11-05,flyweight,Submission,0.4887867844059814,0.2443598888785978,0.26685332671542084
1fa02083adffe4f1a1aaa2d6,2022-11-05,featherweight,KO/TKO,0.6257902009251399,0.16885221317062976,0.20535758590423014
443e0c3f3b5ee8993cb6247b,2022-11-05,lightweight,Submission,0.6884197732112445,0.20292987311530453,0.10865035367345095
ad031ee4e83f763ae7e5c2c5,2022-11-05,bantamweight,Decision,0.5374739232526501,0.21774611148564904,0.24477996526170084
85d5c7447efef749dd381282,2022-11-05,womens_strawweight,KO/TKO,0.7339736506874304,0.21056047096519154,0.05546587834737801
d98a3449d656417386274448,2022-11-05,bantamweight,Submission,0.5403780278291862,0.32446656948549,0.1351554026853239
67bf0adfb4a72e6d1d0816f4,2022-11-05,womens_flyweight,Decision,0.6166722826436746,0.18324387162226063,0.20008384573406482
7d63d3e966fba6336272ecea,2022-11-05,welterweight,Submission,0.6430341165482136,0.2877222903302607,0.06924359312152568
7d171beb120b8d9b085f3e3c,2022-11-05,womens_strawweight,KO/TKO,0.5838896907307516,0.16998709555544922,0.2461232137137991
f6116b016fd15f3896db959f,2022-11-05,flyweight,Submission,0.7062299100282468,0.1795364999619231,0.1142335900098301
d752a82ef0612c0a2c486058,2022-11-05,womens_bantamweight,KO/TKO,0.6883888908328514,0.17768486339646866,0.13392624577067994
8aa99b2cd9574bce2a5476f0,2022-11-12,middleweight,Decision,0.4499548660946409,0.26019199097003215,0.289853142935327
57a461274144d12c6cfaa424,2022-11-12,lightweight,Submission,0.5462252259665401,0.3031792133128475,0.15059556072061245
c2dc5cbd59cfdf863d8c6b7c,2022-11-12,womens_strawweight,Submission,0.5695805154415675,0.2941037898774537,0.13631569468097873
8a2af618f9bb8c2582583f47,2022-11-12,light_heavyweight,KO/TKO,0.4505184809808941,0.48178586344001006,0.0676956555790958
e85b565475987e455e539476,2022-11-12,lightweight,KO/TKO,0.3613387688771481,0.3160182158131991,0.3226430153096529
66f2c5674043221ca0434043,2022-11-12,light_heavyweight,KO/TKO,0.3369603265781683,0.5182520086511858,0.1447876647706459
ed6cea9fd841f86133410b45,2022-11-12,lightweight,Submission,0.3805265885158889,0.5317974090107543,0.08767600247335672
f9d00f1cc1b81acb25c5ad95,2022-11-12,womens_flyweight,Submission,0.5956705585206902,0.21167647683426707,0.19265296464504272
89753c38b68f7526bf9e58a8,2022-11-12,bantamweight,KO/TKO,0.7025886722638308,0.2599877436847049,0.03742358405146426
b17854bdc5ac75cdebdebfc7,2022-11-12,middleweight,KO/TKO,0.4087223254781169,0.5453148243273805,0.045962850194502594
bb48fbeed91a2ae16e631b45,2022-11-12,bantamweight,Decision,0.6931418220209274,0.22580490322002633,0.0810532747590463
52729424a8db9c8e560906f5,2022-11-12,womens_strawweight,Decision,0.6737350125112334,0.24552734856525535,0.0807376389235112
4f56ea61b8260643a03879bd,2022-11-12,lightweight,KO/TKO,0.4040320761497074,0.4219495709300693,0.17401835292022336
a29b34f3eb27fd13d76b11fa,2022-11-12,featherweight,KO/TKO,0.5254649339818919,0.3541780130907258,0.12035705292738236
d405e854a32224bcc4db5e45,2022-11-19,welterweight,KO/TKO,0.36925212259934526,0.5383388764607201,0.09240900093993448
65a1d86b89e2470e1e3db15b,2022-11-19,bantamweight,Decision,0.7170244599979951,0.16159438979257867,0.12138115020942622
a610b8fe21dd433dd33fd822,2022-11-19,flyweight,Decision,0.6728217465209623,0.13477286796172014,0.1924053855173176
119695682640f1374d5c064b,2022-11-19,heavyweight,Decision,0.5297078059512657,0.42714896207595304,0.04314323197278128
134f4d4a92ff0f23596749a8,2022-11-19,welterweight,KO/TKO,0.3547104518192853,0.5580789075094068,0.08721064067130796
076a794451db2a52b98c2309,2022-11-19,womens_flyweight,Decision,0.7215497669923302,0.16677608200846333,0.11167415099920643
7c2cbb3580dd05ab14dfada5,2022-11-19,light_heavyweight,KO/TKO,0.5724289323711139,0.35853252626210996,0.0690385413667761
9893e9ce7e58dd73dc5255ef,2022-11-19,womens_flyweight,KO/TKO,0.6610213103855688,0.22060443337079425,0.11837425624363701
08cc9cab63281c265de6127d,2022-11-19,bantamweight,Decision,0.6244188763799557,0.2863061552771994,0.08927496834284482
2f3fc3172d73cddfd573aa40,2022-11-19,womens_strawweight,Decision,0.6985563962107069,0.18063876993059438,0.12080483385869874
630502317483ca9c43c50cad,2022-11-19,bantamweight,Decision,0.6438416044656861,0.3077239301528897,0.048434465381424284
cb2b679c92bd80ebf4dce030,2022-12-03,womens_strawweight,Decision,0.7501417729415729,0.1689062809352657,0.08095194612316144
e884d59713242b5e40c18426,2022-12-03,welterweight,Submission,0.6217817594200706,0.30752593539460454,0.07069230518532484
78078a06b6123519e6e6389d,2022-12-03,lightweight,Decision,0.60178743673949,0.25884467300194913,0.139367890258561
b4ddf766033e81d0119cb1e7,2022-12-03,featherweight,Decision,0.49805727511076775,0.2993341231504468,0.20260860173878564
b2b4ba541349261a5183a952,2022-12-03,middleweight,KO/TKO,0.6549789923085341,0.19053226811819174,0.15448873957327414
fbe2eacc0874d97394ea1832,2022-12-03,middleweight,KO/TKO,0.4435167055520233,0.3203578027566493,0.23612549169132743
ce3faf675b6078ae06995f59,2022-12-03,featherweight,KO/TKO,0.5359619506203909,0.3392933208238481,0.12474472855576105
4dac47d315d1aca95332a102,2022-12-03,flyweight,KO/TKO,0.47566371674471297,0.422398979081001,0.10193730417428597
cfc93cd8941fdfe5321696d6,2022-12-03,lightweight,Decision,0.5757250771703061,0.37341958675027054,0.050855336079423386
4f162c7c30d92fff90d239d6,2022-12-03,lightweight,Decision,0.5279291763865529,0.2992857957283909,0.1727850278850561
6896a8bee73ed65ceb61e90d,2022-12-03,welterweight,KO/TKO,0.4128332009385257,0.4579251226123766,0.1292416764490977
3df0cd81dd767dedc14ec088,2022-12-03,welterweight,KO/TKO,0.3425472130300712,0.5531380915594722,0.10431469541045658
ffaaa6810e903c894557c687,2022-12-03,heavyweight,KO/TKO,0.25805147891119,0.6839124192724886,0.05803610181632127
69d8f51a708f4a602eb6b066,2022-12-03,womens_strawweight,KO/TKO,0.7185913292311034,0.17644550917470195,0.10496316159419475
d685375c090e0b3ac4d13d51,2022-12-10,featherweight,KO/TKO,0.5543711015256381,0.26340495783528045,0.18222394063908146
97918cbcbe4b3af27679dc76,2022-12-10,featherweight,Submission,0.5713026618593331,0.2283105082821594,0.20038682985850756
195a4a25edefbdee1978add5,2022-12-10,bantamweight,KO/TKO,0.338854742684573,0.34807940303731755,0.31306585427810946
f41619679889d65542ce470d,2022-12-10,middleweight,KO/TKO,0.4339524506851917,0.5241508563453579,0.04189669296945043
898f396f3f2e781708ad4221,2022-12-10,middleweight,Submission,0.5424690028141991,0.4139815131061311,0.04354948407966986
89ac380a2e7df762e9960bef,2022-12-10,middleweight,KO/TKO,0.4137972724814028,0.351616299855342,0.23458642766325527
6f83248ed364da425ac6e6b5,2022-12-10,heavyweight,KO/TKO,0.25379012784404914,0.6977639015958953,0.04844597056005556
220fc84b9439edce53facd04,2022-12-10,lightweight,Decision,0.3441555870080383,0.4147401011428626,0.2411043118490992
c21d7cb712ee6288e115f864,2022-12-10,bantamweight,Submission,0.6801414660255332,0.2088358942979159,0.11102263967655086
11988bf1857ae4bc7fc9fc71,2022-12-10,catch_weight,KO/TKO,0.6033639539332946,0.3370996183972578,0.05953642766944767
6cac8e9e2664ec7c35a78b87,2022-12-10,featherweight,Submission,0.45486958121782106,0.2714826915434324,0.2736477272387466
18932712ef980754aa8ea7d5,2022-12-17,featherweight,KO/TKO,0.4809812303696888,0.3728940205376041,0.14612474909270706
a908a1420ff1d9f94575f943,2022-12-17,flyweight,KO/TKO,0.5476641716462975,0.24017928112043468,0.2121565472332678
bbc491df17960bb5bff6b31e,2022-12-17,lightweight,Decision,0.6055638347787741,0.35827426510941984,0.03616190011180622
0c96e42f32a09a794ddebc39,2022-12-17,welterweight,Decision,0.5971853737659217,0.304418286758882,0.09839633947519628
fc2b431ca6e0290539b9ecfb,2022-12-17,womens_strawweight,Decision,0.671570634555882,0.1820059491234564,0.14642341632066153
376d706e7b1fffd65da0244c,2022-12-17,middleweight,KO/TKO,0.3439205828284198,0.3502745043954198,0.3058049127761604
62c857b47d6eb83bf9f679d1,2022-12-17,flyweight,Decision,0.48756146188569977,0.4188705608637291,0.09356797725057128
8b3108a9d38cc348b9ee1402,2022-12-17,lightweight,KO/TKO,0.5585582725227813,0.33603669849944795,0.10540502897777071
708385da1df75bfa8783285c,2022-12-17,welterweight,Decision,0.5849457307237736,0.27909750167284975,0.13595676760337658
62df437ecc82bbfb87460bdf,2022-12-17,middleweight,Decision,0.5510040524124669,0.41320707918049654,0.035788868407036684
b09e70f040d7ee1dc6260cd4,2022-12-17,lightweight,Decision,0.5699803111093783,0.3001615373213619,0.12985815156925967
71ea7cae81899e81d9ce58fe,2022-12-17,bantamweight,Submission,0.5663711466706425,0.23243473992794794,0.20119411340140947
9560c9fd3964613752555ddd,2022-12-17,bantamweight,Decision,0.5178927383873103,0.3234029456636974,0.15870431594899226
c1e71d1d9adb482155fb773f,2023-01-14,flyweight,Submission,0.4359386281746108,0.2821712986479834,0.2818900731774059
d0381b088b9a49444821f7b5,2023-01-14,flyweight,KO/TKO,0.4988491149180881,0.2796819193995291,0.22146896568238272
473cb05603e509a4bfc9c579,2023-01-14,middleweight,KO/TKO,0.4060907891163243,0.4294689250168549,0.16444028586682075
24f815b1e2137e2461a6637f,2023-01-14,featherweight,Decision,0.4225122108749649,0.18549296168581317,0.391994827439222
f458bcba7703f48484dfacf4,2023-01-14,featherweight,KO/TKO,0.5395807727176299,0.20867136006780196,0.2517478672145681
483b08fc27731ad0a87cdc0e,2023-01-14,bantamweight,Decision,0.570781992038469,0.2907197571356268,0.1384982508259041
ec208d732aca7f0b1f0f698d,2023-01-14,womens_bantamweight,Decision,0.7751957234387598,0.1334929135591034,0.09131136300213694
52d6bc7e6509310031ed4ffe,2023-01-14,lightweight,Decision,0.3627332661379633,0.35297193735911936,0.28429479650291734
c80a716a5e04319dc22d6f21,2023-01-14,middleweight,KO/TKO,0.5437785635913236,0.37764473020107214,0.0785767062076042
e38165574d6bfd63d4e79446,2023-01-14,light_heavyweight,Decision,0.43965788332969363,0.4670180333249863,0.09332408334532005
e2ebd640cdbbcc28ca2e8743,2023-01-14,bantamweight,KO/TKO,0.5619418084212706,0.2505047602137419,0.18755343136498745
c571321ad6d07f540414f93f,2023-01-21,flyweight,KO/TKO,0.32621613227081564,0.5424766885124642,0.13130717921672014
1879c14c12351601569b29a1,2023-01-21,welterweight,Submission,0.49727385616930336,0.407726514869596,0.09499962896110065
f709c650ce5f7a1d36b7501e,2023-01-21,welterweight,Submission,0.6217030137166314,0.1892209543938854,0.18907603188948316
2b19d65e695d66ba7d5f52dd,2023-01-21,light_heavyweight,Decision,0.10837807322562056,0.6731345037953806,0.21848742297899887
67ced6d3bcd5f9cff7b178ae,2023-01-21,middleweight,KO/TKO,0.36648093648734675,0.48916147983274827,0.14435758367990492
a292c3204c848fc795af4c9b,2023-01-21,lightweight,KO/TKO,0.3112299585746588,0.3111957530394878,0.37757428838585333
7b9b0213d00e3e62562edc0e,2023-01-21,womens_featherweight,Decision,0.5413629450336414,0.3784222049732383,0.08021484999312035
2d3203b53911c02b06b5c3d3,2023-01-21,womens_flyweight,Decision,0.5668435783474632,0.28361750513886125,0.14953891651367548
88c05dde0cfbbe4c9eece03b,2023-01-21,bantamweight,Decision,0.5471091646844489,0.3245043204834302,0.12838651483212077
c20db3255eb0b21fa2aab9f9,2023-01-21,light_heavyweight,KO/TKO,0.33203664457856846,0.5696313152880289,0.09833204013340262
7ba2b9a199192a87d60f6838,2023-01-21,light_heavyweight,KO/TKO,0.19321891585880782,0.38096149710989613,0.42581958703129613
170c5bb7b9800aa0cb5760fd,2023-01-21,bantamweight,KO/TKO,0.41069043549474904,0.20574464615202964,0.3835649183532214
f8fe5853ba92aa1d4941f315,2023-01-21,heavyweight,KO/TKO,0.3722001389023195,0.4362950484552025,0.19150481264247787
a35835c41d69a4aa0cc51950,2023-01-21,lightweight,Submission,0.48872854274694927,0.2830980264910108,0.2281734307620398
f78c5d74308eea6a9b237336,2023-01-21,welterweight,Decision,0.5821007517485077,0.3439500829702109,0.0739491652812814
4379c427241e16c5c42ff97a,2023-02-04,light_heavyweight,Decision,0.3988943069293973,0.4315471379787921,0.1695585550918107
fb3ccccef9c44cd3f44a1d43,2023-02-04,heavyweight,Submission,0.19697866756758278,0.692200601593949,0.11082073083846825
e58678b9928dcd7e2a89b900,2023-02-04,lightweight,KO/TKO,0.3627332661379633,0.35297193735911936,0.28429479650291734
5ffe7cef56c8e5dc2a3b0312,2023-02-04,featherweight,Decision,0.3627332661379633,0.35297193735911936,0.28429479650291734
c06582e8c3186fa75ccd836a,2023-02-04,middleweight,Submission,0.4444224810497153,0.3624632829168572,0.19311423603342756
5eafd2114e06744c7808d3eb,2023-02-04,heavyweight,Decision,0.5819415562140506,0.37687242741595384,0.04118601636999552
c55aa74790a7618ed08e5e86,2023-02-04,flyweight,Submission,0.3627332661379633,0.35297193735911936,0.28429479650291734
667af8ef779c3de51b6ca32c,2023-02-04,flyweight,Submission,0.34678362555979664,0.23910178002353932,0.41411459441666393
92ddbc29697faa23279ea2aa,2023-02-04,bantamweight,KO/TKO,0.3627332661379633,0.35297193735911936,0.28429479650291734
c0dbc7dac4a69fdfa7b8a7e5,2023-02-04,welterweight,KO/TKO,0.438421765827502,0.47562502636070453,0.08595320781179357
e3a6a92a6b4c14140c0f5668,2023-02-11,lightweight,Decision,0.6658246373644747,0.21916055530996814,0.11501480732555726
8e99069a041aef3a93ceeef4,2023-02-11,welterweight,Submission,0.2870918987237851,0.4602253829258651,0.2526827183503498
9ac871fd5b77a57cde66e145,2023-02-11,featherweight,Decision,0.45814042050566,0.2515719034926009,0.29028767600173894
128eedfd624aae6d0ee3489b,2023-02-11,lightweight,Decision,0.4779546691588762,0.3013870760304993,0.2206582548106245
3138bab08e28eac977aae47b,2023-02-11,featherweight,Submission,0.6158988038248088,0.33386528095725476,0.050235915217936494
8e0261939b3d9069a93806f4,2023-02-11,heavyweight,KO/TKO,0.41828683534907585,0.5076925560009683,0.07402060864995587
4becbd5521ee229580343aec,2023-02-11,womens_strawweight,Submission,0.6190882803986846,0.18533991260861404,0.19557180699270127
50535e74ff87ae17e1c4af13,2023-02-11,featherweight,Decision,0.4826432562986336,0.42011493675230555,0.09724180694906083
39b8a2a3689793a61bd1f93d,2023-02-11,flyweight,KO/TKO,0.5592276644968756,0.2842612195045458,0.15651111599857867
352db25f95df258b62afd7f3,2023-02-11,light_heavyweight,Decision,0.2607752025005198,0.5171548979770061,0.22206989952247422
e2a5ee873106609aef8b7d36,2023-02-11,featherweight,Submission,0.4305757849482651,0.5110235358935074,0.058400679158227706
3f5d726191be802693a573f0,2023-02-11,lightweight,Decision,0.46289701996786914,0.3256481649889842,0.2114548150431468
9d14cb3c9c8fd9e831cb2b86,2023-02-18,welterweight,Submission,0.5028271516430081,0.30824105838950816,0.18893178996748378
a36fcfd26910843e21b34572,2023-02-18,flyweight,Submission,0.42060520778356575,0.3709773180451365,0.20841747417129775
47e078d89d36a38676c579fa,2023-02-18,featherweight,Decision,0.47701871381828603,0.3419879085948321,0.18099337758688194
389d6b8640bdfa2549c1e3fb,2023-02-18,womens_flyweight,Submission,0.3512000576365258,0.29795854981424136,0.3508413925492328
05ce260e041a2605c602d2d6,2023-02-18,lightweight,Decision,0.3223659397838217,0.336865666101728,0.3407683941144503
7cdd2df80d6a6c593a282b52,2023-02-18,light_heavyweight,Decision,0.22326871588290936,0.6190786347212712,0.15765264939581936
33ac9685a2515b76f149fc89,2023-02-18,heavyweight,Decision,0.42113900361087164,0.43706585237245316,0.14179514401667526
73b63059d90c2960c03c75b9,2023-02-18,womens_bantamweight,Submission,0.5065229750382798,0.2124380571718904,0.2810389677898298
92dbac7a52867e46b35fafbb,2023-02-18,lightweight,KO/TKO,0.5780346575466873,0.2880261064185672,0.13393923603474564
a4d636f7490aa62d4f569a1a,2023-02-18,light_heavyweight,KO/TKO,0.3971229941231204,0.46119521507803374,0.14168179079884594
a77ddc24d18d055941c6bf15,2023-02-18,light_heavyweight,Decision,0.3702837477946993,0.5776012203296238,0.052115031875676815
f489e5bd58bfc35f1f4419cb,2023-02-25,middleweight,Submission,0.3243260521870386,0.2472836619354438,0.42839028587751765
758f1c497bf18e82210ab5c3,2023-02-25,heavyweight,Decision,0.461810141539227,0.3932896422017948,0.1449002162589781
5c80a7b04497ad5ee2bddd57,2023-02-25,lightweight,KO/TKO,0.5283869292235289,0.32407088366653897,0.1475421871099322
3fec13ee85d7f9983960b3cc,2023-02-25,womens_flyweight,Decision,0.7155222394200523,0.125709023787506,0.15876873679244174
0176ced8c9d94d30a64e4a7a,2023-02-25,lightweight,Submission,0.4490581330901539,0.2508441849572506,0.3000976819525956
cf7adf6d36d1b08cd9d8d30f,2023-02-25,lightweight,KO/TKO,0.5063763353829625,0.33185032708230877,0.16177333753472875
b8372e22cddbfa48ea909485,2023-02-25,welterweight,Submission,0.6238065584138794,0.2434041609851905,0.13278928060093007
6b4e4ea9b801548615975cd1,2023-02-25,catch_weight,Decision,0.3647924806370479,0.5285423311201863,0.10666518824276584
6ea6168d8e84815d2134058f,2023-02-25,lightweight,Decision,0.47770364464254633,0.3917315791145782,0.13056477624287552
fc0acba87af9f8c76a7e2940,2023-02-25,womens_flyweight,Submission,0.5917825282992998,0.18883038651746145,0.2193870851832388
ddddb220f603a1df3e1e0161,2023-03-04,middleweight,Submission,0.4991957584572026,0.3222352177918976,0.17856902375089984
72321c6bbe98eff02e4095f8,2023-03-04,bantamweight,Decision,0.620294853632655,0.32940559122751345,0.05029955513983155
cc0b7fa4194f7f6e6d3a39f1,2023-03-04,bantamweight,Decision,0.3627332661379633,0.35297193735911936,0.28429479650291734
85fe8793909e6952c9f78f00,2023-03-04,middleweight,KO/TKO,0.3824201816927121,0.4777655983288178,0.13981421997847016
7363e41d86228b1d3ccb37ac,2023-03-04,lightweight,Decision,0.3627332661379633,0.35297193735911936,0.28429479650291734
4e033da568b46a961139d1ab,2023-03-04,welterweight,Submission,0.4123929275106872,0.4278389118258329,0.15976816066347996
d3cfb0d2b891ff38ada976af,2023-03-04,welterweight,KO/TKO,0.46284721433194925,0.46139080312335295,0.0757619825446977
cbd06542b2b208df53fd406c,2023-03-04,womens_strawweight,Submission,0.6392691368463398,0.2659954830393797,0.09473538011428058
c3f3ab3581e4101201417c58,2023-03-04,heavyweight,Submission,0.7398717118694726,0.2169718102097223,0.043156477920805056
9314741277e5a546928ec867,2023-03-04,middleweight,KO/TKO,0.3973533339821087,0.2605080706396235,0.3421385953782679
483a44eda1de7ba858e8ac87,2023-03-04,bantamweight,Decision,0.6797179095363152,0.18113297544543902,0.13914911501824587
ec001e69e1a671cb55343f5d,2023-03-04,lightweight,Decision,0.39268967932454674,0.43966028022280135,0.16765004045265186
79f6fa67f74ca1d1eceb89f0,2023-03-04,womens_flyweight,Submission,0.4863814397636275,0.2920402092742982,0.22157835096207432
ae1d2e42c74ebe569b8bf839,2023-03-04,womens_flyweight,Decision,0.6920996223779413,0.19209186798135147,0.11580850964070731
2c3d9b8cf266f7d87b21947a,2023-03-11,heavyweight,KO/TKO,0.6085722069386578,0.2752164171417505,0.11621137591959176
28667af2ecff9e735860e563,2023-03-11,womens_flyweight,Decision,0.7170463616784063,0.1856306587494388,0.09732297957215483
51fc827668838509328eca57,2023-03-11,welterweight,Decision,0.37517653913440646,0.4111254225214726,0.2136980383441209
02b6dc85938acd2c6dc76f32,2023-03-11,heavyweight,Decision,0.4267702549316703,0.4881571572271368,0.0850725878411928
5e42a3409698012174f55aa2,2023-03-11,bantamweight,Submission,0.37841926464812686,0.3293564537880482,0.29222428156382496
cc22e042a99a400b3b543787,2023-03-11,catch_weight,Submission,0.28275521228572253,0.44887561047359714,0.26836917724068027
4a7cf56c83980792658c3945,2023-03-11,bantamweight,Decision,0.5705695125993638,0.3550288563738109,0.07440163102682538
970d1a7858aa5b5c168bdb4a,2023-03-11,bantamweight,Submission,0.6350770502388349,0.3265179204560711,0.03840502930509401
8c472cd93fff869b8c1659b3,2023-03-11,bantamweight,Decision,0.535787367724893,0.2646268417069668,0.19958579056814021
57624421d747b53b6a9fce19,2023-03-11,middleweight,Submission,0.3966251786433891,0.3138372567278756,0.2895375646287354
121d895ec34c4ee500d71121,2023-03-11,flyweight,Submission,0.5544724628780678,0.35971450034878927,0.08581303677314296
39493c979c1bfbe357de6651,2023-03-11,bantamweight,Decision,0.6207808954745655,0.25268562219256213,0.1265334823328724
313274f54c13e378c9782b8c,2023-03-11,light_heavyweight,Decision,0.2617130052474935,0.44854045728884245,0.28974653746366397
3ef5192d293b633a47593b25,2023-03-18,lightweight,Decision,0.5515611465488675,0.3582062649624865,0.09023258848864599
67939b6e4ba8a035489881f7,2023-03-18,middleweight,KO/TKO,0.4590929610889461,0.39632248748732857,0.14458455142372528
ba6858c0646216e3a271c7f5,2023-03-18,welterweight,Submission,0.5900409277356307,0.18978987465878833,0.22016919760558099
a41a13deba0d06034c0c24a0,2023-03-18,featherweight,Submission,0.5114081128751836,0.22082244161296138,0.26776944551185494
be9e3b6594a545c5ece02333,2023-03-18,flyweight,KO/TKO,0.35383327281621935,0.26263297502627947,0.3835337521575012
bd93d7b8110bf0a192791038,2023-03-18,womens_flyweight,Decision,0.6760528254025887,0.16399627307472123,0.1599509015226901
aba38730016b8b0777777ee5,2023-03-18,womens_flyweight,Decision,0.6697996966930762,0.1458161238027229,0.184384179504201
a445f6f894e3074c43e9960f,2023-03-18,womens_flyweight,Decision,0.41995172590786467,0.16071837631907765,0.4193298977730576
0204fb629e0e6e99f3a62ea5,2023-03-18,lightweight,Decision,0.512678850684363,0.4365047982745898,0.050816351041047196
a1b6f8d2aeb238711fe9cd1a,2023-03-18,welterweight,Decision,0.374779957824668,0.498579282446465,0.12664075972886701
a9bd37ea947df11dfb5e63f7,2023-03-18,featherweight,Decision,0.507614259540035,0.25001560173102316,0.24237013872894178
bd7c4c65dd0660d691a5b7ad,2023-03-18,middleweight,Decision,0.5513028725819,0.32766806416825517,0.12102906324984483
e95f3b99a35f4827b821860d,2023-03-18,flyweight,Submission,0.505561219661691,0.21780378580219784,0.27663499453611123
759b5432bb0e95fb6e5a4cad,2023-03-18,lightweight,KO/TKO,0.3627332661379633,0.35297193735911936,0.28429479650291734
c1d7d7ce041d52e09d7193c7,2023-03-25,womens_flyweight,Decision,0.6887308700911942,0.177564179032671,0.13370495087613485
034e224915320f869f1dba0a,2023-03-25,middleweight,Decision,0.42850008678015417,0.3528682379971395,0.21863167522270632
717be830f10bc6172050d1e0,2023-03-25,flyweight,KO/TKO,0.5122573974854107,0.35922143542551116,0.1285211670890783
fb68a3891e073458dc6aaa5f,2023-03-25,featherweight,Submission,0.5168051255330852,0.22167600424010878,0.261518870226806
b4bcc9e8264244b410d7df4f,2023-03-25,womens_bantamweight,Decision,0.7071627551605169,0.18385488727902075,0.1089823575604623
84ded834631bc85d1a979066,2023-03-25,bantamweight,Decision,0.40807448051909934,0.4989830151696705,0.09294250431123031
3932764824c5a65f4ea80b0a,2023-03-25,featherweight,Submission,0.5480194320768523,0.2662984535840745,0.18568211433907317
3da110d1cd53964797f27c55,2023-03-25,featherweight,Decision,0.4667069737465571,0.2736179165100736,0.25967510974336927
bc34061f7585c8cb754582fc,2023-03-25,welterweight,Decision,0.419430120113503,0.306854806439454,0.2737150734470429
d8bf04bd476c5def9385b3ed,2023-03-25,flyweight,Decision,0.392018006240871,0.4707871165515438,0.1371948772075853
090d5cdefe42617fa644a06f,2023-04-08,middleweight,KO/TKO,0.4512038368772044,0.4919920432188212,0.056804119903974555
f4262813b91eccfae338f71f,2023-04-08,middleweight,Decision,0.6883930102570585,0.2560494907136842,0.0555574990292574
b3e3b5f129a63fb2038e58ed,2023-04-08,womens_strawweight,Decision,0.7217660200835024,0.1347443869989044,0.14348959291759317
30c5225ba53208cd76437d3b,2023-04-08,middleweight,KO/TKO,0.421283471415563,0.37315814261831665,0.2055583859661203
50f3bfb5121b7b06fdb05de0,2023-04-08,welterweight,Decision,0.5825767898186722,0.20689224195026706,0.21053096823106063
a3cc4d0be0f091345c0e83cd,2023-04-08,catch_weight,Decision,0.4409069865159584,0.3328965337090475,0.2261964797749941
186919d4a2872e5c626d87b8,2023-04-08,womens_strawweight,Decision,0.6586487210828988,0.17375263269702923,0.16759864622007184
50677f1bf973ddd98ff7be61,2023-04-08,welterweight,KO/TKO,0.6787269146254183,0.2079577777398378,0.11331530763474379
5bf9cd7d305f8634d4423b73,2023-04-08,womens_strawweight,Decision,0.6545834265837103,0.17602064210176244,0.16939593131452726
542ab5e1dd01c45dbe923832,2023-04-08,bantamweight,Decision,0.19980230951195818,0.18476266241303313,0.6154350280750087
cb56c19233738e3f99fb0b06,2023-04-08,bantamweight,KO/TKO,0.5267287971558802,0.41912094634189967,0.054150256502220176
7941baf2f9c14b9bc5dc6877,2023-04-08,featherweight,KO/TKO,0.4548273908012145,0.35826424328485734,0.18690836591392831
536fc9ff4143a7f0ef5213e4,2023-04-15,bantamweight,Decision,0.541347985123324,0.2863485270759923,0.17230348780068366
58d7a5e6018b4265e7a4b16d,2023-04-15,featherweight,Submission,0.5467253497519151,0.2560129742419518,0.19726167600613306
f5d38b8d75c4c47b6cad6b69,2023-04-15,flyweight,KO/TKO,0.32035818912332303,0.5584839707214377,0.1211578401552393
7b3a87bcfdaf6184fa346634,2023-04-15,womens_strawweight,KO/TKO,0.49734042581175214,0.12848264854755523,0.3741769256406925
305a994660d1f7aefbc2d278,2023-04-15,lightweight,Decision,0.7069067648813121,0.16869757943127336,0.12439565568741459
8aa967b47782f05988eede93,2023-04-15,light_heavyweight,Decision,0.5346401886157142,0.41623481485372854,0.04912499653055743
e32814b20fa0d61f9191d8d6,2023-04-15,featherweight,KO/TKO,0.5684729320141264,0.2789544833962318,0.1525725845896417
2df2b28eed63b6044ceb774a,2023-04-15,womens_strawweight,Submission,0.6137204385150672,0.18294454624916662,0.20333501523576625
6576e21f61790cd99298296d,2023-04-15,womens_bantamweight,Decision,0.7157929215860727,0.16800461686081664,0.11620246155311072
fc2939e831f145899a2e2a1e,2023-04-15,lightweight,Decision,0.6211193024489847,0.3088165385675603,0.070064158983455
8585d2f9c10439b3ae1c6def,2023-04-15,featherweight,Decision,0.4695946233844548,0.476405827967186,0.05399954864835928
715f478ae35da582d9f2f26f,2023-04-15,bantamweight,Decision,0.5949048777924308,0.3404587548220761,0.06463636738549304
a3b645cd303899e532cb969f,2023-04-15,light_heavyweight,KO/TKO,0.4078453817360218,0.46822026838332936,0.12393434988064882
4c702db73869ec0f411cd286,2023-04-15,light_heavyweight,KO/TKO,0.4445489990587331,0.3991050189095562,0.15634598203171066
99f50e21f3c2b8fb41bfe804,2023-04-22,middleweight,KO/TKO,0.5457695296690458,0.4099598512152142,0.044270619115739984
379db5a242315cc0331f6ab9,2023-04-22,bantamweight,KO/TKO,0.6332843049065755,0.24657036003660443,0.12014533505682011
42d8de57f8ac25ae0a59af37,2023-04-22,featherweight,Decision,0.49275661982538305,0.2841919819640425,0.2230513982105745
69df5f5db0fe03de6d83eeb9,2023-04-22,womens_flyweight,Decision,0.7182433861522366,0.16617737904125365,0.11557923480650983
ebbd9b0e418daaecd3a5147b,2023-04-22,welterweight,Decision,0.47619438074636394,0.34348297679963,0.1803226424540061
a81b666d9fea33d5a4e4e227,2023-04-22,womens_featherweight,Decision,0.6833299801565157,0.20359251927220134,0.11307750057128295
15793bfec6a8406b59adf881,2023-04-22,heavyweight,Decision,0.23179004729872943,0.615677310333063,0.15253264236820738
cf2e08d1a2de456001218fbc,2023-04-22,bantamweight,KO/TKO,0.5144156565535187,0.27392307929502274,0.2116612641514584
2d07b591baacde698e40eca7,2023-04-22,lightweight,KO/TKO,0.6855041472252428,0.16041230688630445,0.15408354588845274
d0f44949b918faa8a43733f9,2023-04-22,heavyweight,KO/TKO,0.1757608463268423,0.7343150134231728,0.08992414024998487
64bd164890b13ccd6152e1f3,2023-04-29,middleweight,Submission,0.38220691104127397,0.28290832204114413,0.3348847669175819
382d5f5de3ab9af93ca82b63,2023-04-29,flyweight,Decision,0.6047093099153426,0.3143817155438111,0.0809089745408465
e74e0fcfe591662c36de0f91,2023-04-29,womens_bantamweight,Decision,0.4787732714348897,0.22109855803508005,0.30012817053003027
9404efffd14ae8bc7d0dad29,2023-04-29,welterweight,Decision,0.43825324331781335,0.37914192493245896,0.18260483174972764
361d3b8343a3062df1f20add,2023-04-29,catch_weight,Submission,0.3690963547642245,0.5360317421953271,0.0948719030404484
209f89bb364ad65d94f93f8c,2023-04-29,featherweight,KO/TKO,0.420761882208666,0.3944174607289576,0.1848206570623765
de2dcd0f2af8b8f8855a9ee1,2023-04-29,heavyweight,Decision,0.41581070134680914,0.32217723648069074,0.26201206217250017
79b7440c98a3fe7209a2b6c5,2023-04-29,heavyweight,Decision,0.4730916733205962,0.33988457026962415,0.1870237564097795
a482e08e398790dbc62aab8b,2023-04-29,middleweight,Submission,0.3552993042807092,0.25654776171725424,0.3881529340020365
996883e37beff1a1ac3bb2d5,2023-04-29,bantamweight,KO/TKO,0.5868388367882005,0.30455855067075466,0.10860261254104489
c0f12ad7885173fca8c8dadf,2023-04-29,womens_bantamweight,Submission,0.5799361576367251,0.15302061987114465,0.26704322249213025
8cc6c1a80c3b3e78fc639607,2023-05-06,bantamweight,Decision,0.5185044013216297,0.38599991895412145,0.09549567972424883
8f175dda24ee4d5ed157611f,2023-05-06,welterweight,Decision,0.5672332268741507,0.3651819976360235,0.06758477548982574
38e28862ab0d408ffcf40da9,2023-05-06,heavyweight,KO/TKO,0.34991228346863523,0.5590214771937503,0.09106623933761451
ac89ad183f32d054d164ee0c,2023-05-06,lightweight,KO/TKO,0.4482152297826789,0.4526857872991509,0.09909898291817022
ef1bf09246b82fc675505721,2023-05-06,womens_strawweight,KO/TKO,0.7296270634008113,0.16292687426133723,0.10744606233785152
b96182f98b3de52de631a16b,2023-05-06,middleweight,KO/TKO,0.33847921758629196,0.3705644582239031,0.2909563241898049
2db72ca1fb0fdb7fffe3a93f,2023-05-06,light_heavyweight,Submission,0.60956555124626,0.3350835784477251,0.05535087030601494
c5ebf8e79324e5939125f9ad,2023-05-06,welterweight,Decision,0.33858984483381743,0.5423187901881179,0.11909136497806466
3e2e956ecc31c21affc1243d,2023-05-06,featherweight,Decision,0.5019745796923362,0.2773463431764679,0.22067907713119592
023c4ee9d811ea4e3c8b11fa,2023-05-06,womens_strawweight,Decision,0.760071886924304,0.13736290011123878,0.10256521296445713
0675c46166735f4643081ce6,2023-05-06,featherweight,Decision,0.5722890929804599,0.24939426034860518,0.1783166466709349
3d3bc5c58bede42fd36c2efb,2023-05-06,middleweight,KO/TKO,0.4545531357210261,0.4748723605793165,0.07057450369965748
73f39af8d610478efc1c33d2,2023-05-13,light_heavyweight,Decision,0.32904216611888704,0.5004150034399586,0.1705428304411543
7a5e52cdf64699c40ca7635d,2023-05-13,welterweight,KO/TKO,0.6127989948666314,0.26963187541128075,0.11756912972208794
8ea417e09eac08a2ad3fe828,2023-05-13,light_heavyweight,KO/TKO,0.3510101713035965,0.5429106443652914,0.10607918433111213
f4ebeab135e8d5bb06730df8,2023-05-13,catch_weight,Decision,0.7224153694653876,0.2207279868216301,0.05685664371298225
bcb161a3c9d9e2a50a8e2857,2023-05-13,welterweight,KO/TKO,0.5668940194502728,0.37603328426325405,0.05707269628647315
74a34d39413c8f931bad1e28,2023-05-13,heavyweight,Submission,0.22389031128044917,0.5573979410906161,0.21871174762893475
f166d8ac6a457943bfe528eb,2023-05-13,womens_bantamweight,Submission,0.6873358616123817,0.18931673793075993,0.12334740045685845
2d1948b604cc1d52072429d7,2023-05-13,womens_flyweight,Decision,0.7110538518428832,0.19602945952853124,0.09291668862858553
7eb37ee4f1b3f74a15b948a6,2023-05-13,heavyweight,Decision,0.48795265467523147,0.3512652985002659,0.1607820468245026
90d417de02b6d71ffa660d3f,2023-05-13,welterweight,KO/TKO,0.45421806939034454,0.22648361054926053,0.3192983200603949
834f2fa194fc1425e6d5a51f,2023-05-13,welterweight,Submission,0.5043635121642123,0.414792837215474,0.08084365062031383
9dea78b803a1d3cbffb84573,2023-05-20,welterweight,KO/TKO,0.33140837853056254,0.5659114946928832,0.10268012677655446
d5f1029bfe5ae4808dbdeb8b,2023-05-20,lightweight,Decision,0.5079402666590598,0.30280960208649726,0.18925013125444307
583ed00e1a40f7bc24f0e7d7,2023-05-20,lightweight,KO/TKO,0.5354871307465947,0.3614163753799263,0.10309649387347895
a5c6f22d83c3a5cd1f37e6d1,2023-05-20,middleweight,KO/TKO,0.42378085482156563,0.33858464641747915,0.23763449876095524
19550019194953c70877b46a,2023-05-20,catch_weight,Decision,0.6802286942245738,0.19986064824435426,0.11991065753107179
618b7b63848dfb28d9e75658,2023-05-20,heavyweight,Decision,0.366151644143248,0.47376504048297413,0.16008331537377787
4dad1eec32d230346a567d14,2023-05-20,womens_strawweight,Decision,0.7649981428809665,0.1544244926040245,0.08057736451500895
f80948e2b2d88cf85d8f69c2,2023-05-20,womens_strawweight,Decision,0.5119196053012681,0.28923683706192466,0.19884355763680714
e14152d9d3bcd814f7a78595,2023-05-20,lightweight,KO/TKO,0.41081413244376114,0.44932082001865564,0.1398650475375832
7a892f12809c158957f4222c,2023-05-20,womens_flyweight,KO/TKO,0.6291842669633243,0.2643203873855948,0.10649534565108093
24d6f64dd1a9f4a00b60b172,2023-05-20,welterweight,KO/TKO,0.468935397722196,0.3288272346156798,0.20223736766212405
a9283fde7464f78285f35d4a,2023-05-20,welterweight,Decision,0.486109568590347,0.42107712282989307,0.09281330857975989
8d2657059b80b7d256f63ce5,2023-06-03,welterweight,Decision,0.6891018819039837,0.26123986618898015,0.04965825190703611
c47c6d03bdb49b711c50f83c,2023-06-03,featherweight,Decision,0.4696877642032616,0.30060573107433164,0.2297065047224068
fbdb0f998a41190f2e544cb6,2023-06-03,heavyweight,KO/TKO,0.5584556896845034,0.378754680410068,0.06278962990542854
211bd8ca31ce0bf9f809f926,2023-06-03,bantamweight,KO/TKO,0.6275514676041565,0.24832816521276818,0.12412036718307536
1f74546eab5290536943b881,2023-06-03,bantamweight,Decision,0.5918851524245111,0.2546271702849203,0.15348767729056856
43dc5779bee5d6e1feaf1211,2023-06-03,womens_strawweight,Decision,0.7099803923309533,0.11837563073105069,0.17164397693799607
b53d7181f6baa5828ee82925,2023-06-03,lightweight,KO/TKO,0.4310152681084502,0.3974202013115745,0.17156453057997517
eb35eda2f8e562604a3a6587,2023-06-03,lightweight,KO/TKO,0.4328117263593362,0.32984523466686005,0.2373430389738037
a2548db55f411224c2090a87,2023-06-03,bantamweight,Decision,0.4622435907779711,0.32911104782487255,0.20864536139715642
810ebf65cda6f08605d0dfb4,2023-06-03,flyweight,Decision,0.3128185451686544,0.5353234824589521,0.1518579723723934
ba64fa041a0a17289f7ec4aa,2023-06-03,womens_flyweight,Submission,0.5631904494562227,0.13835966670395744,0.2984498838398199
67fdbe55ae06879de2d3096b,2023-06-03,light_heavyweight,Decision,0.43021177157384377,0.5092570473887242,0.06053118103743209
e30468a3c5bcc4c5e6f074a6,2023-06-03,flyweight,Decision,0.626466485845311,0.22278870467747028,0.15074480947721872
41b34cfef0a3c136d4b18cf6,2023-06-10,bantamweight,KO/TKO,0.6133230502412124,0.33285185710620674,0.05382509265258079
2a7b20dea79359f48d7d2aed,2023-06-10,womens_bantamweight,Decision,0.4319903730827251,0.38035228178587077,0.18765734513140406
1f2ee3d9684f952d35509047,2023-06-10,lightweight,KO/TKO,0.45241576910439485,0.2088258388534662,0.33875839204213903
74a471c2a8c54c1c590e1255,2023-06-10,featherweight,Decision,0.5724024095611495,0.271837040016541,0.15576055042230952
dca56b74a39286560767984d,2023-06-10,flyweight,Decision,0.528021131271713,0.2594942687770362,0.2124845999512509
fb60c604b16810077c6dce79,2023-06-10,womens_strawweight,Decision,0.6488845918928067,0.24199808661109423,0.10911732149609908
753ef8a86a13c56c70328743,2023-06-10,featherweight,Decision,0.34139857699039067,0.5447784438817951,0.11382297912781418
bfe91c9408462da03caada04,2023-06-10,middleweight,Decision,0.5983573640859703,0.32987961386895376,0.07176302204507591
f6498a4788e114791bbae90c,2023-06-10,welterweight,Submission,0.44733556160618404,0.37440186450445717,0.17826257388935884
0830f25bd926d3257e23b2ff,2023-06-10,womens_flyweight,Decision,0.668611966512199,0.17905918387538397,0.15232884961241697
b5479c9894d56b527aaf98e8,2023-06-17,lightweight,KO/TKO,0.6082538504933366,0.271302170009736,0.12044397949692742
fa8e30b594409ffd405b94c7,2023-06-17,middleweight,Decision,0.5088992791472216,0.36267806325915153,0.12842265759362692
5de7511b539dc2f35627eeb4,2023-06-17,flyweight,Decision,0.5749452783996165,0.27741640194890727,0.14763831965147622
1553628079b91961f98be03a,2023-06-17,flyweight,KO/TKO,0.47546937493546165,0.22535567349667854,0.29917495156785984
1701803460c2492f8c88e6dc,2023-06-17,bantamweight,Submission,0.4502405277767847,0.40880737196414785,0.14095210025906738
5ea10d9b2508835213a7e16b,2023-06-17,lightweight,KO/TKO,0.40123413719560286,0.4973378804413146,0.10142798236308259
1ae6f24c34066c35e05a0ac5,2023-06-17,middleweight,Decision,0.4385382903685724,0.49494365349500147,0.06651805613642614
71155f2f38de2cef21d41ad4,2023-06-17,welterweight,Decision,0.6219430944854243,0.3422937108712815,0.03576319464329422
4afc828e854d71a980a4da1f,2023-06-17,featherweight,Submission,0.40695214827802534,0.3375581456575473,0.2554897060644274
1dc63941f97c2b53d6e7944e,2023-06-17,womens_flyweight,Decision,0.6059508204554698,0.185095570603267,0.2089536089412632
b835ef106ba0d320989caaa9,2023-06-17,light_heavyweight,Decision,0.45760963921832365,0.4542584477880542,0.08813191299362223
9738dbbd12c022ab8c0244f4,2023-06-24,womens_flyweight,KO/TKO,0.7203462553385471,0.1519286166077569,0.1277251280536959
26d1929d5e6faf685d9524e4,2023-06-24,middleweight,Submission,0.3327671411234494,0.4261714593607739,0.2410613995157768
02caa0904488e97a0c57821e,2023-06-24,middleweight,Decision,0.2894220115577941,0.4163797946983611,0.2941981937438447
8538c8b918b1de21ed7edfdc,2023-06-24,featherweight,KO/TKO,0.6210236558667519,0.21630572860773406,0.16267061552551412
0c4515b1fb214c21809f0083,2023-06-24,featherweight,Decision,0.7178969641344959,0.1781284984485351,0.103974537416969
a6a76a7a7db7da77a11b5ecc,2023-06-24,featherweight,Decision,0.23827412044970142,0.656914957298424,0.10481092225187467
0744f58285748a8258aff8bb,2023-06-24,lightweight,KO/TKO,0.7218161556086231,0.18909714421599796,0.08908670017537902
86089570ccc769b26795cf5c,2023-06-24,welterweight,Decision,0.5179460179341087,0.33730828981255956,0.14474569225333186
34413a75b78402855b689235,2023-06-24,welterweight,Decision,0.37772646418444505,0.36748939126116525,0.2547841445543897
d63c07a027a8bfced274a3e8,2023-06-24,womens_strawweight,Decision,0.5780853961009869,0.1374149422159318,0.2844996616830812
355dde8fa8af4f55e7903345,2023-06-24,lightweight,Decision,0.41688806790385946,0.49058988165348877,0.0925220504426517
d903ae15997c5c3259527ac9,2023-06-24,flyweight,Decision,0.574521108383958,0.2972360790561209,0.1282428125599211
c16d37110bfde910cc00a282,2023-07-01,heavyweight,Decision,0.361319610426472,0.44880981364965705,0.1898705759238711
f0881ed5aee329899d5dbe32,2023-07-01,womens_flyweight,Decision,0.5628625777749439,0.26703880043617156,0.17009862178888457
ff5a4b29681042b715de7dd8,2023-07-01,middleweight,KO/TKO,0.47772191200751757,0.4023471891038432,0.11993089888863916
66a014a3d695164cadb97344,2023-07-01,lightweight,Decision,0.653189029435332,0.21582323711841095,0.13098773344625708
5a3fafcfe8cf52b7388b69c6,2023-07-01,lightweight,KO/TKO,0.62861164315434,0.3126484240497181,0.05873993279594182
031c91854eac829bdf2ffa2c,2023-07-01,lightweight,Submission,0.45194677496227376,0.4105791797115758,0.13747404532615046
40db9ab26d4cae9288a4883f,2023-07-01,womens_flyweight,Decision,0.5882496053543427,0.21270757332231893,0.19904282132333834
4ce7c778f23cd1bf4546e0ec,2023-07-01,featherweight,KO/TKO,0.43694890207930304,0.24271093429027202,0.32034016363042506
2906ec3d58e436e5228c8dff,2023-07-01,welterweight,Submission,0.5370729133189537,0.2112185184875425,0.25170856819350385
36428584824bba6898b4824a,2023-07-01,welterweight,Decision,0.4027636199789374,0.5101261260577689,0.08711025396329375
44200bfac7f2a84fa9b3c2c3,2023-07-01,middleweight,KO/TKO,0.2624099461235035,0.5715717380220412,0.16601831585445542
f2750b184214af53cd2d9552,2023-07-01,womens_featherweight,Decision,0.6320267374330711,0.21787163348855706,0.15010162907837177
bfd5cf090725753cb73a2027,2023-07-08,featherweight,KO/TKO,0.5410792189040511,0.4124495228580038,0.04647125823794512
b7b4f20cf8dafb6a112ac7d0,2023-07-08,middleweight,KO/TKO,0.48262610145233553,0.20606729692549652,0.311306601622168
8391134e7f930a916e52ef20,2023-07-08,flyweight,Decision,0.4488718221882459,0.4242255768182598,0.12690260099349437
339bc6663a7f472154266feb,2023-07-08,bantamweight,KO/TKO,0.4395242197000149,0.44418687400477813,0.11628890629520704
59f58c9c40c64fe1b8d474ff,2023-07-08,lightweight,Decision,0.451195580772919,0.3822305954985588,0.16657382372852214
8b7bd39fd6c76d413400ef59,2023-07-08,light_heavyweight,Submission,0.2598805027270198,0.5705758624917961,0.16954363478118406
d05493e5cdd7938e02c6367f,2023-07-08,lightweight,Decision,0.4935390539892123,0.3563834543838392,0.15007749162694847
e724df897e9fa95b33128001,2023-07-08,welterweight,KO/TKO,0.4564692524353384,0.409356654826834,0.13417409273782754
243b01b43b4d154ee283edb4,2023-07-08,middleweight,KO/TKO,0.5877996987438852,0.2998266398414199,0.11237366141469483
0580b939723798e97e523064,2023-07-08,flyweight,KO/TKO,0.37979519596579814,0.34284157323809755,0.27736323079610437
3ee9d49d2883a76f0d0b3ebd,2023-07-08,catch_weight,Decision,0.18781646785466555,0.36857378297140364,0.4436097491739308
307078a8aaf55515debd7e4a,2023-07-08,light_heavyweight,Submission,0.311165068961482,0.5464180226641839,0.1424169083743341
c040765e9cd22df2535af702,2023-07-08,womens_strawweight,KO/TKO,0.5153795091810209,0.2906580649748371,0.19396242584414194
0e415addf4419c1bb7040995,2023-07-15,middleweight,Submission,0.6953417571704961,0.18592638749866802,0.118731855330836
fae07c7909695a8de2670ea9,2023-07-15,lightweight,Decision,0.7138300851337037,0.19887839766615947,0.08729151720013685
95d5ccbd56f49fdaea7018e3,2023-07-15,womens_bantamweight,Decision,0.732832709752179,0.11304752407250007,0.154119766175321
570ed242ca21c62fa3a6e0bd,2023-07-15,featherweight,Decision,0.4600016645559013,0.4218408286687593,0.11815750677533922
5fb55152ac40582efdac2338,2023-07-15,lightweight,Decision,0.5626563707147442,0.2895225369705756,0.1478210923146803
dc8c54b14e642c0f7dcc5d7f,2023-07-15,welterweight,Decision,0.4943566466864919,0.36543718005168574,0.1402061732618224
d5acd4b37d67e89519b6bd83,2023-07-15,lightweight,Submission,0.3587311335035098,0.38822032183927474,0.2530485446572155
59e240a1926ab9668d4ea114,2023-07-15,womens_featherweight,Decision,0.6754166352639673,0.24056063776198228,0.0840227269740504
20480c79595fbb7397cbcdad,2023-07-15,lightweight,KO/TKO,0.2932860504172895,0.5181133622206626,0.18860058736204785
0504e93f7602bdaadee9e83e,2023-07-15,featherweight,Decision,0.6672909662142298,0.23763827400725357,0.09507075977851674
c66bd437648ce6c9d36fffd1,2023-07-15,flyweight,Decision,0.3718269853693689,0.5655213422163438,0.06265167241428718
aee881a6e3b66ff815a14b4e,2023-07-15,womens_strawweight,KO/TKO,0.6067290645244551,0.2681617120233121,0.1251092234522328
37dbd1517fc350dfdb82fe5e,2023-07-22,lightweight,Decision,0.40515145918128015,0.2067648268879016,0.3880837139308183
2086564bb6d1a17b69d9594a,2023-07-22,welterweight,KO/TKO,0.35205685412999355,0.5157719091468301,0.1321712367231763
85cc199fb2cc71d7610b426a,2023-07-22,bantamweight,Decision,0.5228865781548069,0.3410108729920783,0.13610254885311493
d374ad54876bdc9ab00d188f,2023-07-22,flyweight,Submission,0.47285551846357793,0.3441732689198268,0.1829712126165954
f287ecd9b1b2b7e5886818fe,2023-07-22,lightweight,Decision,0.4931304848026825,0.36844881387988726,0.13842070131743017
5e03556ac21059d5540468b2,2023-07-22,womens_bantamweight,Decision,0.7380771427876749,0.1409074981026996,0.12101535910962549
88f4cf3ed1e8dc3bee9e78de,2023-07-22,featherweight,Decision,0.4499351898110982,0.28198581577597726,0.26807899441292454
f684f924db9762a5a24943d1,2023-07-22,middleweight,Decision,0.5563729963163546,0.34845830112855297,0.09516870255509244
07930a4698e812e3c33400df,2023-07-22,lightweight,Submission,0.46348247406691667,0.29956834277954075,0.2369491831535424
dc10ede4fff61150475f025f,2023-07-22,heavyweight,Decision,0.36869534359235595,0.40678350981934003,0.22452114658830402
1e5aadefe4f8b514331f7df1,2023-07-22,womens_flyweight,Submission,0.6631411146402987,0.17296861425633736,0.1638902711033639
be6f6a66dd1475a253d21e8f,2023-07-22,featherweight,Decision,0.5684126094056698,0.3197803321372639,0.11180705845706616
cdab172520a4c2a4e3be3200,2023-07-22,middleweight,KO/TKO,0.4040016675825822,0.20091273815533833,0.3950855942620795
b6deee15173724b04f140ec9,2023-07-22,womens_strawweight,Decision,0.48031975417360634,0.20434238304876848,0.3153378627776252
8dbb536f8d8d18684dece8d9,2023-07-22,heavyweight,KO/TKO,0.2160666877490173,0.42588218441268094,0.3580511278383018
cf7ebf33fc2afed4809e7db8,2023-07-29,flyweight,Decision,0.47430673913861315,0.34350062245689417,0.1821926384044928
4e8cbb73bf869a8da3d7deaa,2023-07-29,heavyweight,KO/TKO,0.3505289178910631,0.4996342756041492,0.14983680650478762
2a07f8ea0b27887c995f15a1,2023-07-29,lightweight,KO/TKO,0.36271114777386954,0.5521958717776698,0.08509298044846063
f1f93d9da3d77601ddc068c8,2023-07-29,welterweight,Submission,0.4443516504501621,0.3910180627564014,0.1646302867934365
7cfdf3b2768432a51473f253,2023-07-29,welterweight,Submission,0.40861811669116715,0.47919975136126897,0.11218213194756385
73c5255ed61178a04a589d37,2023-07-29,light_heavyweight,Decision,0.5904007732473909,0.37125400566110967,0.03834522109149939
542062f841901da309fd39d0,2023-07-29,welterweight,KO/TKO,0.377698870584105,0.5210879495720604,0.10121317984383461
1441ccf352df4b05c9a83aea,2023-07-29,welterweight,Submission,0.5385105322112137,0.2366897010405868,0.2247997667481995
c7180a83d72402d7608bdceb,2023-07-29,womens_flyweight,Submission,0.5629750507454844,0.2541834259275806,0.182841523326935
3a32c6a5cc5a1fd46bea3e47,2023-07-29,middleweight,KO/TKO,0.42030544189789487,0.42296476866177,0.15672978944033503
7bb394fbae44e1da0cd5bca3,2023-07-29,lightweight,Submission,0.5720637473918442,0.24253572112853616,0.1854005314796197
282fb397e104dd45c570b28a,2023-08-05,featherweight,Decision,0.2901402008365073,0.1972225509035601,0.5126372482599326
b787cf6c2fa2ed8c9e195150,2023-08-05,flyweight,Decision,0.33339374214642237,0.4268035157413724,0.2398027421122053
6560f72e1b1c9b8138574df6,2023-08-05,catch_weight,Decision,0.4189030595664298,0.41486004195725157,0.16623689847631867
f94e4cad52bf9a6b2f38df61,2023-08-05,featherweight,Submission,0.47755654027324845,0.28182907374715227,0.24061438597959925
ce84563cfe04a65b5b76020c,2023-08-05,light_heavyweight,KO/TKO,0.5463657012088291,0.3795301330463499,0.07410416574482098
0473c7065872a7d67606359f,2023-08-05,lightweight,Decision,0.6318226985945321,0.26421633846701226,0.10396096293845566
268d66a04a0a2276ada61537,2023-08-05,welterweight,Submission,0.3828036880386158,0.4084197086256886,0.2087766033356956
d6ee9a0d0b602cdfb29a682a,2023-08-05,womens_strawweight,Submission,0.6446171539531168,0.13342922912839386,0.22195361691848933
d51412c5c86ef83705f9476f,2023-08-05,bantamweight,Decision,0.45784450154572365,0.48175432097262594,0.06040117748165044
bb3b63715b62f6b0e4f65950,2023-08-05,flyweight,Submission,0.46954842014746584,0.4478625477105893,0.08258903214194477
358d2e14d9541e87802ef07a,2023-08-05,featherweight,Decision,0.37567843442632365,0.5532930654433799,0.0710285001302965
8a9f408c675d89c45391bc0c,2023-08-05,light_heavyweight,Decision,0.5700405823515613,0.3581271710990708,0.07183224654936793
cc0dfcba2a9a1a686e41e380,2023-08-12,middleweight,Decision,0.6213598983474631,0.2600300928715564,0.11861000878098055
21b8a0738ac50baebd05d9ac,2023-08-12,featherweight,Decision,0.6212485239770598,0.3389857856612583,0.03976569036168185
b0a0a0e4e665e9f2ee272956,2023-08-12,bantamweight,Submission,0.5484740536833598,0.23053175051968122,0.22099419579695898
56c51c3acfc72d7fc859ad42,2023-08-12,featherweight,KO/TKO,0.4395829876783202,0.34432367006493003,0.21609334225674978
f83ebe6bf664c143f114ee24,2023-08-12,womens_strawweight,KO/TKO,0.5505080326141341,0.19148546454618887,0.25800650283967713
cae33a4c01f60ea5bc1c2a9a,2023-08-12,middleweight,Decision,0.43099873934938804,0.22904319024827066,0.3399580704023412
d7b541461594eecc66b90080,2023-08-12,heavyweight,Submission,0.46616129550301133,0.4511250600217727,0.08271364447521598
21dc27ee66f98446e047ad70,2023-08-12,bantamweight,KO/TKO,0.44208856280174597,0.32157609375014434,0.2363353434481097
6f0ec3612994e967fb90e063,2023-08-12,womens_flyweight,KO/TKO,0.48592250191407166,0.16050255070971212,0.3535749473762162
e18d45083a7c265a8622e262,2023-08-12,light_heavyweight,KO/TKO,0.30456740086486905,0.641300493476479,0.054132105658651994
c9c58ef3f78b8a1983f75960,2023-08-12,womens_strawweight,Submission,0.5451696899304069,0.24845262781710434,0.20637768225248876
a6d4278c3e85ccf981d560d7,2023-08-12,lightweight,KO/TKO,0.4285737274672185,0.324179428224714,0.24724684430806748
fe4d9885f4576d7ab9015c10,2023-08-12,welterweight,Decision,0.3775991210271009,0.3454274869205878,0.2769733920523112
471c5569daaa1a004351935d,2023-08-19,bantamweight,KO/TKO,0.4081478634168212,0.43995811382453326,0.1518940227586456
0b46edbdd82ecaaa8339d80a,2023-08-19,middleweight,Decision,0.6006353433658064,0.11763631843412363,0.2817283382000701
34b4caec2c3e9c8cc351c602,2023-08-19,womens_flyweight,Decision,0.6910116736588606,0.22534234382856513,0.08364598251257428
2defed33fd46d631e90ba986,2023-08-19,bantamweight,Decision,0.7167516187785961,0.21479100893923592,0.0684573722821679
e1c4b3bb77a1f665d7e9edb8,2023-08-19,middleweight,Decision,0.6786477153457504,0.17376438127846663,0.14758790337578304
f77e8217af476c8d76c17de8,2023-08-19,bantamweight,Decision,0.44052918159944887,0.33216837178926933,0.22730244661128177
5e2db79a3a1ad7fa4a047658,2023-08-19,middleweight,KO/TKO,0.3805188342596654,0.5179043713490493,0.10157679439128528
6146e55c7547bad0f4598567,2023-08-19,womens_flyweight,Submission,0.5388125854522718,0.1753852534713851,0.285802161076343
44a0ede1f5c3febcd8158c1b,2023-08-19,lightweight,Submission,0.5863830283133766,0.3170349899035154,0.09658198178310803
6a9d8431526f7e7ae3505c22,2023-08-19,bantamweight,Decision,0.6206617557518702,0.2855043736047998,0.09383387064333004
f59c117ae7cabc52d4b52159,2023-08-19,welterweight,Decision,0.5575006075715513,0.31225247171316634,0.13024692071528232
acbef5f5bc43c180f987011c,2023-08-19,womens_strawweight,Decision,0.34939404506432126,0.46044682661708947,0.1901591283185892
46011dba71434bf36e3c4864,2023-08-26,light_heavyweight,Decision,0.3161924478977431,0.5063953545466776,0.1774121975555793
7a36e5dab09fb0e3a32fff3f,2023-08-26,welterweight,KO/TKO,0.39778786696933727,0.4048968149570021,0.1973153180736606
bff6b688a0748a0496dde666,2023-08-26,middleweight,KO/TKO,0.304695326097245,0.6020174849426567,0.0932871889600982
31b7a66eb42b8c36524c3ab3,2023-08-26,womens_flyweight,Decision,0.6300013654567568,0.15920311797057146,0.21079551657267162
dd4024c9c91e5afd2d978e95,2023-08-26,featherweight,Decision,0.7203068966905517,0.2105015514305684,0.06919155187887993
f0e0f24c2d6eded73e540e2d,2023-08-26,heavyweight,KO/TKO,0.4610588405969416,0.46137776966446425,0.07756338973859411
f3ff547fc056f0ae57dcdd5c,2023-08-26,womens_flyweight,KO/TKO,0.4353090591378488,0.26849028502477656,0.29620065583737465
afe662b987c151d703cd1acb,2023-08-26,featherweight,KO/TKO,0.43182779331997084,0.51237895611132,0.0557932505687091
ac6f2e63fe39b2f0a273ae19,2023-08-26,bantamweight,Decision,0.2907914915319039,0.28202083076724965,0.42718767770084637
baae93ffbdc1bf0262cee6e1,2023-08-26,featherweight,Decision,0.4150078293963487,0.3609877173789501,0.2240044532247012
99ab297a031513ce93f1576f,2023-08-26,welterweight,Decision,0.553642678529496,0.37673405415207056,0.06962326731843349
32ae1bb3fc496ea9626ce862,2023-08-26,bantamweight,KO/TKO,0.4892171807873228,0.3418347970111765,0.16894802220150085
1fe545c4e1dfc5237a9e4748,2023-08-26,heavyweight,KO/TKO,0.5587285383691127,0.3798766248584126,0.061394836772474606
ffa7455c3e5ede174ad4112d,2023-09-02,welterweight,Decision,0.6338094651450643,0.22025234112424175,0.145938193730694
6d0f7ada6c998fb0eaf089de,2023-09-02,lightweight,KO/TKO,0.48322356793478427,0.25511177389525647,0.2616646581699592
fd33be38cb0d1d4d0f6bca6f,2023-09-02,heavyweight,KO/TKO,0.21788104486018608,0.6615162483156617,0.12060270682415222
6bd93fadde24f7c7a79345fe,2023-09-02,bantamweight,Submission,0.5878851184173153,0.3028939674151165,0.10922091416756821
65293a8e2961fadaeef4cf65,2023-09-02,womens_flyweight,Decision,0.6640519031886551,0.2679849809918896,0.06796311581945524
2d1078d0507597c4e604903a,2023-09-02,featherweight,KO/TKO,0.3627332661379633,0.35297193735911936,0.28429479650291734
a4d79f54aeee4768f37396e2,2023-09-02,womens_bantamweight,Decision,0.6361804431602344,0.2582283065882116,0.105591250251554
44fbb5a2110d15b720a9751d,2023-09-02,bantamweight,Decision,0.4826883927113847,0.3575359950078684,0.1597756122807468
555e57ac84583be4ae725a15,2023-09-02,light_heavyweight,Submission,0.44016516365418307,0.42062005239821887,0.139214783947598
21efe4021b701a3f681a8c10,2023-09-02,featherweight,KO/TKO,0.592252378625966,0.2991806631311113,0.1085669582429227
6e1227e9009e6929393b1fee,2023-09-02,catch_weight,Decision,0.19212158902429452,0.660214459014727,0.14766395196097853
011b9746ab115630dd02c0fb,2023-09-09,welterweight,Decision,0.336826917039286,0.37319518613268937,0.28997789682802455
b21089f4d62b3730b34a4346,2023-09-09,light_heavyweight,Submission,0.28202303390822225,0.6094368565974282,0.10854010949434954
1b6d13bce1996a9787f00657,2023-09-09,middleweight,Decision,0.5726617873037838,0.3640477860676299,0.06329042662858626
b2b23742f60158de1d1c5c14,2023-09-09,featherweight,KO/TKO,0.6327450339401546,0.24116618231081033,0.12608878374903507
b8118cbf106d813928e0b82a,2023-09-09,lightweight,Decision,0.646088259901614,0.29227055380417505,0.06164118629421078
27e9d3412a74a9570b14c3f3,2023-09-09,heavyweight,KO/TKO,0.2912354510414952,0.6287428174206317,0.08002173153787318
16064fb85fa34316d72d9e6c,2023-09-09,welterweight,Submission,0.3154464630034476,0.39447604926387425,0.29007748773267816
f84f38efd0c68a4d11911324,2023-09-09,flyweight,Decision,0.339541674640059,0.5700515994219775,0.09040672593796369
a0cc78d39dbec7a5ce6e1bd4,2023-09-09,lightweight,Decision,0.4450472272753103,0.4825018759141266,0.07245089681056305
ed8e3c472972a277f73c443c,2023-09-09,featherweight,Submission,0.5439646093404035,0.3239534050099351,0.1320819856496614
b04e6f3b3710a8911531f136,2023-09-09,heavyweight,Submission,0.4348555735609165,0.4977168109398847,0.0674276154991988
16cede3f450ae715871ef8c3,2023-09-09,light_heavyweight,KO/TKO,0.22433697250799045,0.4884958644399449,0.28716716305206463
ead4ef0da3ceb9dbd827dd4b,2023-09-16,lightweight,KO/TKO,0.4295816803780023,0.40437058898925754,0.16604773063274014
c8cfe9c5b42f5b7ceda34093,2023-09-16,lightweight,Submission,0.617242966892043,0.24574906401050248,0.13700796909745447
f0c6e7a442001e286c22093f,2023-09-16,featherweight,Decision,0.253392914532959,0.49696860838204926,0.24963847708499173
eaa1d742167744bbb2317e5f,2023-09-16,womens_strawweight,Decision,0.4519062961792785,0.23407135423061484,0.3140223495901067
399469f15d7034c6b5c5aa4c,2023-09-16,welterweight,Decision,0.4308764364512858,0.40701091566955927,0.16211264787915494
2d4c42ccd0419f0034998f5b,2023-09-16,womens_strawweight,Submission,0.7046136904462013,0.1321089938011135,0.16327731575268523
8e05c99e0cfb203d446ab29e,2023-09-16,bantamweight,KO/TKO,0.5084147558220649,0.17196916959852374,0.3196160745794113
281de41fa325e8017e097798,2023-09-16,middleweight,KO/TKO,0.5191667221390569,0.3386403624747341,0.14219291538620896
568b5c62f6997dbaa49f2d78,2023-09-16,womens_flyweight,Decision,0.5957739364249781,0.1276164159071985,0.27660964766782337
a8d577f3a15db8e801f72cab,2023-09-23,welterweight,Submission,0.36636085612479335,0.35892400426907983,0.2747151396061267
cd56e5717d0aecb3365e555b,2023-09-23,featherweight,Decision,0.652520523626413,0.2138223300638083,0.1336571463097787
e705c6274e273eb488346925,2023-09-23,womens_strawweight,KO/TKO,0.6952530153156457,0.18574324689377944,0.11900373779057491
5f67fcb6ff0330a07c25670c,2023-09-23,womens_strawweight,Decision,0.6104667471562352,0.2671762689610726,0.12235698388269234
534e4ba8dcf5d6b12163bd43,2023-09-23,heavyweight,Decision,0.40197681145227804,0.4316129340852725,0.16641025446244934
ef95cdf14de0f6f13da1c922,2023-09-23,lightweight,KO/TKO,0.5636529183803892,0.40152085901201284,0.03482622260759788
23bb45e27781d3fef56a8d5c,2023-09-23,featherweight,Submission,0.6234893165202826,0.23164726963348006,0.14486341384623733
abd474deac0d6aaec693b319,2023-09-23,womens_bantamweight,Decision,0.5505111089498925,0.27615207721003754,0.17333681384006988
afad3865935211f104c76cb6,2023-09-23,welterweight,KO/TKO,0.41890875704452535,0.4371786112925056,0.1439126316629691
24613e52b4d9b4373f4e4226,2023-10-07,welterweight,Decision,0.46605397695182343,0.4149008992066599,0.1190451238415166
e808ac354fb383fa280dda7a,2023-10-07,featherweight,Decision,0.5127470989583157,0.32374752645155436,0.16350537459012984
c2fc0ceaf543ba31b0c8a9dd,2023-10-07,bantamweight,Decision,0.3630402011532176,0.303435999062153,0.33352379978462937
1e86a983200de4386d6df19e,2023-10-07,lightweight,KO/TKO,0.42517483680380364,0.4300424479653166,0.14478271523087968
80a2c51a131f7e11f83c99c2,2023-10-07,lightweight,KO/TKO,0.32874568496642087,0.506765878868257,0.16448843616532216
b0fd3639ae3acd8f3c7f83a6,2023-10-07,middleweight,Submission,0.40087322443555506,0.5310745943200856,0.06805218124435927
fe10b939cf29ddef67d106d5,2023-10-07,womens_strawweight,Decision,0.7300344031081477,0.18229327616261912,0.08767232072923323
da52ce077dfbc710eeee7d80,2023-10-07,womens_flyweight,Decision,0.730387841553932,0.14520083911102322,0.12441131933504472
5d96dab1b32c072c721a3140,2023-10-07,flyweight,KO/TKO,0.6255156168445033,0.250935571901312,0.1235488112541846
3b2b6f588f233752d4106bfe,2023-10-07,womens_strawweight,Decision,0.7166746725480413,0.14411786472496319,0.1392074627269955
af737fed0b9b7d7e97b45800,2023-10-14,middleweight,KO/TKO,0.5551965557354204,0.2780864622712349,0.1667169819933448
fe5a4702ff9ab44d8fd9a270,2023-10-14,womens_strawweight,Decision,0.7311915219833177,0.169858182137841,0.09895029587884126
9f46ec6a1c5898a3f4218fa9,2023-10-14,bantamweight,Decision,0.5679932677532825,0.36107039507322813,0.0709363371734893
bc494225f9e8733daace3b08,2023-10-14,bantamweight,Decision,0.4764693346086488,0.2861019172525419,0.2374287481388092
f9055a3cf35dd1b47246db50,2023-10-14,featherweight,Submission,0.5743806083043513,0.19448304367845584,0.23113634801719293
d140971eb1e02bcc7e160759,2023-10-14,womens_bantamweight,Decision,0.6488354006103738,0.16410535632340406,0.18705924306622213
846b585d86cb8c9a7c662345,2023-10-14,womens_flyweight,Decision,0.8228613810640673,0.10100917126523619,0.07612944767069645
71152a346f5435274991f699,2023-10-14,bantamweight,KO/TKO,0.5726371948651165,0.3057452662523673,0.12161753888251617
a60d64e4d57ac341a707429b,2023-10-14,featherweight,Decision,0.4938133090805746,0.4400893611743963,0.06609732974502926
e9b3649cbac6fea997127d09,2023-10-14,womens_bantamweight,Decision,0.6372645865869094,0.14382302281775344,0.21891239059533713
6eb8e73eeedd0a4d4f090e59,2023-10-14,lightweight,KO/TKO,0.3796100432227995,0.33455597850812724,0.2858339782690733
daa19bc1073e4de488b93099,2023-10-21,middleweight,Decision,0.5180317504291575,0.349854916173155,0.13211333339768733
bd5197ce9e21f062e91cfdcc,2023-10-21,middleweight,KO/TKO,0.3275911116131584,0.5259283270276444,0.14648056135919724
29ca6c04a5121ff6b3aead16,2023-10-21,lightweight,KO/TKO,0.6834490831052376,0.22311234415621775,0.09343857273854468
53f58a616f1f98162f59d9a1,2023-10-21,middleweight,Decision,0.4783599371996364,0.3631686166652941,0.15847144613506955
259473adab67fa6d9c216e30,2023-10-21,lightweight,KO/TKO,0.3936687996996666,0.35357055769229306,0.2527606426080403
e7ce0cf4e2292cc04f227813,2023-10-21,lightweight,Decision,0.2862728402713239,0.5483075420695768,0.16541961765909927
a12daf4c80637768db6e3c5a,2023-10-21,featherweight,Decision,0.5035084791216428,0.3608475229245425,0.13564399795381465
28eb240747f515de3836fdbf,2023-10-21,bantamweight,Submission,0.4484780666565425,0.2846182915928914,0.2669036417505661
f0516b939f36ebafdf81ca17,2023-10-21,middleweight,Decision,0.49123164558744525,0.4193185668364478,0.08944978757610686
62d3a5771d6b10f0089a8f81,2023-10-21,flyweight,Submission,0.7608553610029197,0.11961179961724447,0.11953283937983589
757ba2eafdc177b61032db32,2023-10-21,womens_strawweight,Decision,0.469416564488563,0.3013161883167486,0.22926724719468852
04563713f288927086d00dc8,2023-11-04,womens_strawweight,Decision,0.4642732793575737,0.39574233270406567,0.13998438793836065
4dc323525ec4fe6a1902471c,2023-11-04,middleweight,Decision,0.3163323414550069,0.41963616481314797,0.26403149373184526
7a0160ef91b1c3b2e386696c,2023-11-04,womens_strawweight,KO/TKO,0.4845841088785956,0.24051208272995456,0.2749038083914498
63065d8129b0cd4edb422521,2023-11-04,catch_weight,KO/TKO,0.31955179029412856,0.5466549537115603,0.13379325599431124
1c5a8fa50a02c5f7237e7096,2023-11-04,welterweight,KO/TKO,0.2419403418491159,0.1599735706204621,0.5980860875304219
74447d459909b91d8cbc210f,2023-11-04,heavyweight,Decision,0.19629473505426334,0.6955193009084112,0.10818596403732562
c7d24b653dac82db9b54ce3f,2023-11-04,lightweight,Decision,0.3982879097118797,0.327902539163148,0.27380955112497224
df9a143b6b0fd7913bb8edfc,2023-11-04,heavyweight,Decision,0.36050160398478925,0.42471616464680073,0.21478223136841013
de2c9e0a9b1e5ca7f500117c,2023-11-04,light_heavyweight,KO/TKO,0.4577393718638567,0.3253001954008084,0.2169604327353349
d15dd8dad27d3ee24d69ac60,2023-11-11,featherweight,KO/TKO,0.5812035484817387,0.3224169777137267,0.09637947380453447
afa38907d741913db5a7be3e,2023-11-11,featherweight,KO/TKO,0.35212069535925516,0.1693013664576634,0.4785779381830814
8a2b05dae46c16a168a3e654,2023-11-11,lightweight,KO/TKO,0.7150170753625421,0.19697676160764635,0.0880061630298115
496a2700b89769900984608d,2023-11-11,womens_strawweight,KO/TKO,0.5782849690789901,0.23868480284796206,0.18303022807304786
8d6e2b7b8b22ac6ba0a22969,2023-11-11,light_heavyweight,KO/TKO,0.28748479986306674,0.6356819497476415,0.07683325038929173
e8561543ae98872e901f6879,2023-11-11,catch_weight,Decision,0.6234678082200408,0.2363586073136071,0.14017358446635209
833524b44b22bd3208f2fbd3,2023-11-11,flyweight,Decision,0.5499297534760834,0.3554313943323168,0.09463885219159973
d20739f6f7bd77ea12be13e0,2023-11-11,lightweight,Submission,0.6037177998939703,0.2736167827311465,0.12266541737488311
144baece3f6aa1688e288975,2023-11-11,lightweight,KO/TKO,0.3454244112091234,0.4707327690830743,0.18384281970780222
e7b64eb7fc4775216b389738,2023-11-11,heavyweight,KO/TKO,0.25056454359024277,0.5045189438751524,0.24491651253460478
177541d6f63823d585239290,2023-11-11,flyweight,Decision,0.5556727506240438,0.31984184494602985,0.12448540442992652
f41b81824fdcc42b9e4d0405,2023-11-11,womens_strawweight,Decision,0.7523129926293283,0.09245843860303499,0.15522856876763672
f2df0f0bae9607c1cf534447,2023-11-18,middleweight,Submission,0.17508913861764788,0.33235082982732733,0.4925600315550247
d364f1a7af8353a6a5bb476f,2023-11-18,bantamweight,Submission,0.4195193892711495,0.41981679059185123,0.1606638201369993
00e7ffbaf4344527093873a4,2023-11-18,flyweight,Decision,0.5838677240377677,0.2709868686243459,0.14514540733788653
459984a71320f6181b1f6a92,2023-11-18,lightweight,Submission,0.2607238573028389,0.4203007385162842,0.31897540418087694
cac245615a9748a0186e36ce,2023-11-18,middleweight,KO/TKO,0.3300876357624307,0.5243397514789152,0.145572612758654
8e520f2d4e402e4c08eac42a,2023-11-18,featherweight,KO/TKO,0.40935687961572337,0.3732490247615737,0.21739409562270293
19a60d3bb692f7fab1aa0998,2023-11-18,featherweight,Submission,0.45391577603848793,0.2926599467332194,0.25342427722829275
5d678692a9535ae7a7113d36,2023-11-18,womens_strawweight,KO/TKO,0.7741184261109729,0.12867160855083404,0.09720996533819284
e5dbe1f65469011be90331f1,2023-11-18,womens_bantamweight,Decision,0.689643850017397,0.1554018364571596,0.15495431352544328
0814c6241270848832ee1c95,2023-11-18,welterweight,Decision,0.4215126647730409,0.43694939728720644,0.1415379379397525
d7d1847897d6db266f12f753,2023-11-18,heavyweight,Decision,0.5368758692027759,0.36782468357807846,0.09529944721914572
ded733c1abeb30eef94d0f74,2023-11-18,bantamweight,Submission,0.44557741612002427,0.22103455582577247,0.33338802805420326
d8489abaf1802fa3a1021b7f,2023-11-18,welterweight,Submission,0.3749643623134906,0.5197681429432391,0.10526749474327014
3244052f0a3815145fdd8188,2023-12-02,lightweight,KO/TKO,0.5724440726965978,0.2960310989538556,0.13152482834954668
29c71d1b4084e31abd61e31c,2023-12-02,lightweight,Decision,0.5241945136826975,0.16614206304049092,0.30966342327681157
266fe16c8f3e3b75a7f4c4a3,2023-12-02,lightweight,KO/TKO,0.6496641567191846,0.2344203692524804,0.11591547402833495
577f775be78964896ac1a903,2023-12-02,lightweight,KO/TKO,0.35237367028966843,0.46062060233307134,0.18700572737726015
aa55d74034f3a3481fb4d6d8,2023-12-02,womens_bantamweight,Submission,0.6755760450873818,0.1895528544101363,0.134871100502482
6a65ab2dbc5dee6257dc9595,2023-12-02,middleweight,Submission,0.49526727475677546,0.3747923401209651,0.12994038512225953
ae90c163fbadc8e692614a68,2023-12-02,bantamweight,Decision,0.5434976144704172,0.3197897721190191,0.13671261341056362
d9ba19f4c35501b7970cbdd2,2023-12-02,light_heavyweight,KO/TKO,0.30365648431065945,0.5341716276741151,0.1621718880152255
485be0671ebd8c05327115aa,2023-12-02,welterweight,Submission,0.6796589678597954,0.2444781266027445,0.07586290553746007
d0150e31146bd1f6c53d9109,2023-12-02,womens_flyweight,Decision,0.7286617215128027,0.17077677180262116,0.10056150668457606
71220001b252fdbf72418ec3,2023-12-02,welterweight,Submission,0.6355283240679489,0.237535778815916,0.12693589711613518
9fc28e3dc009b827883edd97,2023-12-02,middleweight,KO/TKO,0.4056593063446914,0.3893765430723144,0.20496415058299422
aef3796599ba902b135e1a2e,2023-12-09,light_heavyweight,KO/TKO,0.35378708243185464,0.5360557021219645,0.11015721544618091
5b76e797c4ffb48b61410c9d,2023-12-09,flyweight,KO/TKO,0.5701602202688344,0.21187231602458345,0.21796746370658213
1466c10bcdb2f1b0a1352dec,2023-12-09,middleweight,Decision,0.4080797600400399,0.3838679651868786,0.20805227477308144
55082c328945d276153798e0,2023-12-09,womens_bantamweight,Decision,0.4574435943585248,0.2237286808286913,0.31882772481278393
0a60ebc269e85bff31e989ed,2023-12-09,lightweight,KO/TKO,0.6785333533241795,0.2309985969496081,0.09046804972621249
23ae5ee3a2a189aeb6fad511,2023-12-09,womens_strawweight,Decision,0.4519062961792785,0.23407135423061484,0.3140223495901067
aaea90999d2c2c9ef107ce94,2023-12-09,welterweight,Decision,0.34521542620441104,0.46128503064781273,0.19349954314777615
e4f499527d31d66c982fd653,2023-12-09,bantamweight,Decision,0.4917220901652024,0.4573391057886038,0.05093880404619379
1717f90d2160832604d7a78d,2023-12-09,lightweight,KO/TKO,0.5429792281812631,0.2551499318666459,0.20187083995209096
adb8d33c46026c9bd9e6fbca,2023-12-09,flyweight,KO/TKO,0.4996040480542355,0.22780147292932793,0.27259447901643663
f02ef45176d4af0219dabfa5,2023-12-09,bantamweight,Submission,0.5006081357116794,0.361933200150282,0.13745866413803876
280a428b31e2aef693a0f9f4,2023-12-16,flyweight,Decision,0.37376048876567,0.3766125844689689,0.2496269267653612
d3365e6d3be6de5629a2c7a8,2023-12-16,light_heavyweight,Decision,0.4168344172820772,0.4865508876805586,0.09661469503736428
d577b5cf3001b917a08711f8,2023-12-16,featherweight,KO/TKO,0.6064877348559207,0.3045393564734253,0.08897290867065398
39fc49a6ebd402e80c2483c6,2023-12-16,womens_flyweight,Submission,0.572655724819653,0.2664180300795853,0.16092624510076173
1330b89f70ea839717128850,2023-12-16,bantamweight,KO/TKO,0.538512511551884,0.33071804914898073,0.13076943929913543
058ef2585a4f17f0e5ad91cf,2023-12-16,womens_bantamweight,Decision,0.732627134573955,0.21614174714161016,0.051231118284434836
f34bd1f41290f9fed4eb494a,2023-12-16,featherweight,KO/TKO,0.5527628110655991,0.293458849387331,0.15377833954707001
687a5fbe17d8dbd9d362aad4,2023-12-16,welterweight,Decision,0.5506827555248686,0.37365133072244816,0.07566591375268328
bb649a9711cf49795b3c4110,2023-12-16,heavyweight,KO/TKO,0.45177016903538286,0.41431530585861587,0.13391452510600133
8b6069a7a68e296dabf0a2b7,2023-12-16,welterweight,Submission,0.3656402557930554,0.48657486267591554,0.1477848815310291
0248f733a0a79ce27869d3bb,2023-12-16,flyweight,Submission,0.6568022581966365,0.18021630234404482,0.1629814394593187
ebe757e2d75707e5c685fa5c,2023-12-16,lightweight,Decision,0.29526156583820706,0.49255556100837583,0.21218287315341713
350855927478bdd1e949d40c,2024-01-13,heavyweight,Decision,0.5445053186542621,0.35019664750021673,0.105298033845521
3429305b9c7c09859dea585b,2024-01-13,bantamweight,Decision,0.5510662477361323,0.27783876931122276,0.17109498295264502
3a6a6b413fb74d30cc7ca422,2024-01-13,lightweight,Submission,0.3595883622636403,0.2748134105927351,0.36559822714362455
428a69abf162f2b9b7b4fc5d,2024-01-13,flyweight,KO/TKO,0.5789983950268426,0.3441158700439672,0.07688573492919012
25198c09b99dc5ef33baad00,2024-01-13,light_heavyweight,KO/TKO,0.35217073793997655,0.5484868197463217,0.09934244231370161
4a93776243956f8fbb398bfd,2024-01-13,bantamweight,KO/TKO,0.4400452412070343,0.35706266264153375,0.20289209615143186
406ffce8282d87e7c9405a2e,2024-01-13,welterweight,Decision,0.458205672853347,0.3074722762315703,0.23432205091508282
811e412052d3c3ce36862e6e,2024-01-13,lightweight,KO/TKO,0.4165529642148579,0.46254484969013265,0.1209021860950094
8cc7da19086c6ed2e0367e37,2024-01-13,middleweight,KO/TKO,0.40484430951907757,0.5051268112004063,0.09002887928051617
8fe948f0238e3128d28de6c2,2024-01-13,bantamweight,Decision,0.5481667202997115,0.2222980643387511,0.22953521536153748
5d13c41cb62ff0921715726b,2024-01-13,featherweight,KO/TKO,0.19476302869064707,0.5287270536529183,0.27650991765643457
b7feb4f5c53ec81135796ed1,2024-01-20,featherweight,Decision,0.7741691972791722,0.16051895142825956,0.06531185129256821
19f5549fd17592807a27b146,2024-01-20,bantamweight,Decision,0.4118641799905214,0.4630333268817273,0.12510249312775118
89c2b506cd80a961358c0aa7,2024-01-20,featherweight,Decision,0.6702416586220303,0.21303339933487522,0.11672494204309451
2cfc07cf6675811da4dccda6,2024-01-20,middleweight,Decision,0.5850118876253361,0.35332619737194754,0.061661915002716394
dc907d383820e288b4e21f7a,2024-01-20,womens_strawweight,KO/TKO,0.5469201924899105,0.1803106710103129,0.2727691364997766
381492d3d739b74de7beeaf8,2024-01-20,womens_bantamweight,Submission,0.6374506082259537,0.2710520143473598,0.09149737742668652
1885c2392f3fc4e13cca8970,2024-01-20,flyweight,Submission,0.31986902873968015,0.275623346935749,0.4045076243245708
d03ee612207eed674bede235,2024-01-20,welterweight,KO/TKO,0.30621329179114454,0.4803355411868455,0.2134511670220098
b714ef8d91fff6b78df25c03,2024-01-20,womens_bantamweight,Decision,0.4370756170863867,0.3131334017587171,0.24979098115489615
8101ef269b3e43cfcb139bb0,2024-01-20,middleweight,Decision,0.6052972697567917,0.27496624989963,0.1197364803435784
cfab9e2259fc0aaa894fea97,2024-01-20,bantamweight,Decision,0.3485148258567344,0.3744376353546723,0.27704753878859345
c5a68290631162d0cceb4de3,2024-01-20,welterweight,Submission,0.48489792420645517,0.4018317618125811,0.11327031398096363
585b9503d7555c070c210fc6,2024-02-03,flyweight,Decision,0.7098755267546637,0.23428676864645345,0.05583770459888281
cdc0b8fe8eb1f4398afe4cc1,2024-02-03,welterweight,KO/TKO,0.48391014431378276,0.3403768432453442,0.1757130124408729
cccf589a0c312106aced03f1,2024-02-03,featherweight,Decision,0.6050093621240877,0.2805222381054783,0.11446839977043378
124fdf48a7e58167e2406acb,2024-02-03,lightweight,Decision,0.4734888766753577,0.4637752766919898,0.06273584663265239
c1f1986c9747f9c480a9e997,2024-02-03,womens_flyweight,KO/TKO,0.5239877830277743,0.22978311194254322,0.2462291050296825
130b5f385e434a6ead40c900,2024-02-03,womens_strawweight,Submission,0.6988517380708259,0.14666864814889716,0.154479613780277
68a976bdb4c4755bf10643db,2024-02-03,welterweight,KO/TKO,0.533879157576528,0.3732603151672648,0.09286052725620725
eff5e97ace834c6b6a4814ac,2024-02-03,lightweight,Decision,0.5062217561488517,0.3323860146463336,0.16139222920481466
83bf424cee3106fb1c1d003d,2024-02-03,middleweight,Decision,0.40683655131594987,0.4205580698784286,0.17260537880562157
6b6316141f41f8571d3e4388,2024-02-03,welterweight,KO/TKO,0.39887009814320173,0.3913249050047521,0.20980499685204615
06ebbfece8ed6f916f1b9909,2024-02-03,heavyweight,Decision,0.447410652505824,0.37837981418760547,0.17420953330657038
5cab68e112cbb2a3111df0ad,2024-02-03,womens_flyweight,Decision,0.7332054801210174,0.18911808233170124,0.07767643754728129
85b8c9276ba604cad81ebac2,2024-02-10,lightweight,Decision,0.3485148258567344,0.3744376353546723,0.27704753878859345
65d8d6420f1e0a4aa05a178e,2024-02-10,middleweight,KO/TKO,0.5268737906909088,0.3973834244951847,0.07574278481390646
13eedeaf133943571e8e2adc,2024-02-10,featherweight,KO/TKO,0.6982504328194656,0.22935136240340182,0.07239820477713244
19838dda64baf51b952b953c,2024-02-10,light_heavyweight,Decision,0.41946068294523264,0.5059292711257615,0.07461004592900589
c4b6f3ca9c43308740153a7a,2024-02-10,featherweight,KO/TKO,0.552336354113592,0.268543565049866,0.17912008083654204
989b72f7d9fce65b937a2210,2024-02-10,middleweight,Decision,0.3477091907063571,0.5419885347420427,0.11030227455160026
a289673832251cad582de635,2024-02-10,womens_strawweight,Decision,0.7418340586590614,0.10322574327817309,0.15494019806276546
ea3d25224fa0cf859531451b,2024-02-10,welterweight,Decision,0.5126371261326784,0.32671403783712866,0.1606488360301931
f7537c194a0a6dedbc510eba,2024-02-10,lightweight,Decision,0.4788604499727311,0.45317104723390444,0.06796850279336444
d7d8b7e2b293904ac1b5bb78,2024-02-10,middleweight,Decision,0.3362388366960794,0.5327551878059564,0.1310059754979641
598ce164fdf6415d56e7b795,2024-02-10,middleweight,Submission,0.42454436902388587,0.3986393733806611,0.17681625759545297
df6544316c136ebbbcf87b85,2024-02-10,welterweight,KO/TKO,0.3860484165733517,0.4631135334520231,0.1508380499746251
4dc722c27e4030e3d16b4ca4,2024-02-10,light_heavyweight,KO/TKO,0.47465480200190496,0.43956856126623745,0.08577663673185743
d7234fe2bf746ee2cf907640,2024-02-17,featherweight,KO/TKO,0.4720817946873254,0.44126756351917473,0.0866506417934998
3d95040539382b0778d86880,2024-02-17,womens_strawweight,Decision,0.4510754341723506,0.2546324442036025,0.29429212162404694
0859c039546455918d4e00a0,2024-02-17,womens_flyweight,Decision,0.6498844232532567,0.16654177063543338,0.18357380611131
8cf95c9b6a93f3379fba3bae,2024-02-17,middleweight,Submission,0.393062710274926,0.3503798561730378,0.2565574335520362
91d92f1b9028820948735ff2,2024-02-17,welterweight,Decision,0.537784661691668,0.37761084501906944,0.0846044932892624
1f1e004761793697bfdb3d25,2024-02-17,welterweight,KO/TKO,0.3257076496989332,0.5171323059594317,0.15716004434163508
bd35b700e291f4438a1ed771,2024-02-17,heavyweight,KO/TKO,0.41697535829760063,0.45279044478514735,0.13023419691725194
75d36ecf8a8355375bbfeb39,2024-02-17,bantamweight,Decision,0.8071921683982919,0.14504718097325922,0.047760650628448933
c54d754afa6119eaf55ba682,2024-02-17,welterweight,Decision,0.21949630868084105,0.6840201604268734,0.09648353089228567
9c356ca4e2c4a13e56153ea6,2024-02-17,bantamweight,Decision,0.5857240524270586,0.25846651283188293,0.1558094347410585
beebd8ffc5c9b908e7bffd97,2024-02-17,middleweight,Decision,0.5787987456934173,0.38120174602123724,0.03999950828534561
a4563fbab7ae7cde62a6e539,2024-02-17,light_heavyweight,KO/TKO,0.35770297964621145,0.4028232995872579,0.23947372076653078
c64700ee2cdf4b4f8a2a3263,2024-02-24,flyweight,Decision,0.4275107481710253,0.27467619898318657,0.29781305284578824
209209db725130787eba0ee0,2024-02-24,lightweight,Decision,0.6136395057211388,0.17359644508274102,0.2127640491961202
89ef0f8da85fc4f1f608a06a,2024-02-24,bantamweight,Submission,0.3606569302789219,0.5058155415151324,0.13352752820594577
7595efdbddc1226c02f629f3,2024-02-24,lightweight,Decision,0.5018623978550946,0.3057521707004455,0.19238543144445996
a58a8dd2b764d7c4cab9ab8b,2024-02-24,flyweight,Submission,0.32976127145175405,0.40245749378128354,0.26778123476696253
984871628d68f0d92bd4ef99,2024-02-24,featherweight,KO/TKO,0.6274683960496733,0.18464808275274372,0.18788352119758295
f7770d17020ec11ef8b11097,2024-02-24,flyweight,Decision,0.24843142158238898,0.498585424002054,0.25298315441555685
042a708e7b9fa3844e0e11d6,2024-02-24,lightweight,Submission,0.5509800743589297,0.27547289372069556,0.17354703192037485
4c3292e39be0121f3ea756dc,2024-02-24,flyweight,Submission,0.46007687111581974,0.41669632730364403,0.12322680158053632
a92624583dd834ec8eb0b001,2024-02-24,flyweight,Decision,0.5939855429732899,0.2899820581843668,0.11603239884234337
044f7e8edbbc1ee181fc4391,2024-02-24,featherweight,Submission,0.4002771324780545,0.4781522619981227,0.12157060552382287
3b255e4692d41230aa1120e1,2024-02-24,womens_strawweight,Decision,0.6906490503855691,0.19410570926621443,0.11524524034821636
2a399975bd1e1b0dd0a23723,2024-03-02,lightweight,KO/TKO,0.4561325122563858,0.31294929363331014,0.2309181941103041
f221e836ceb8c4fade1a00bf,2024-03-02,bantamweight,Decision,0.6365255573568125,0.28102465513333286,0.08244978750985464
5241c9c4ed74e9f71dec32a6,2024-03-02,flyweight,Decision,0.5616388103521059,0.1936589619112778,0.24470222773661618
8b878472b607640f653aabf8,2024-03-02,middleweight,KO/TKO,0.3299275602487691,0.5511636169979671,0.11890882275326367
b8ab408b0ad3705153c60d6a,2024-03-02,middleweight,Decision,0.4914923560485405,0.3759608670080227,0.1325467769434367
462aef659d2f1c9db0a805c7,2024-03-02,heavyweight,KO/TKO,0.2415440240745847,0.7049703324995661,0.05348564342584918
f6e2ffe4c9ca47e91797a8a2,2024-03-02,lightweight,KO/TKO,0.5273200734409386,0.326398952139311,0.14628097441975038
f975335e1c3c676390ad01b8,2024-03-02,flyweight,KO/TKO,0.6107991975756035,0.24431944278065476,0.14488135964374177
a5ac42ab85f1ef67611fe071,2024-03-02,bantamweight,Decision,0.569308202226563,0.20815844098520275,0.22253335678823424
95e0c040d06438ee57ea9376,2024-03-02,bantamweight,KO/TKO,0.49450241917992954,0.24701715086476336,0.2584804299553071
63de167ce405377f2aba39c8,2024-03-02,light_heavyweight,Decision,0.2706727989454086,0.5561752603229912,0.17315194073160006
767e0cd4fd92f89fa41fb0e6,2024-03-09,flyweight,Decision,0.4513416572871339,0.28702648688970395,0.2616318558231623
941a479df441789cc3533fb8,2024-03-09,heavyweight,KO/TKO,0.35263368159264175,0.44390722122395165,0.20345909718340652
3bad79d24f4c8195f5e17845,2024-03-09,lightweight,KO/TKO,0.2651927672364365,0.5190376299911478,0.21576960277241572
bdcfbf088a7d3f37af559860,2024-03-09,welterweight,KO/TKO,0.3980611536108296,0.48748531924567123,0.11445352714349907
46bace0825d59702c71e7f9b,2024-03-09,light_heavyweight,Decision,0.47880342358481187,0.4436418000069992,0.07755477640818896
a0db913c10b186b2f2ee92b0,2024-03-09,womens_flyweight,Decision,0.6727291960384875,0.1040588072729245,0.2232119966885881
774a7e588c92b3603e13fb0e,2024-03-09,womens_flyweight,Decision,0.7621839463905148,0.14107209344248656,0.0967439601669986
58d4e6da9340c1453dd0eaae,2024-03-09,welterweight,Decision,0.47641683071255403,0.2971548885046357,0.2264282807828103
b17b04c1d8f0105c850933f0,2024-03-09,lightweight,Decision,0.5884254260805779,0.2556408224202858,0.15593375149913632
e1e51b91402d9d330f72e381,2024-03-09,middleweight,Submission,0.41652514894041803,0.47249104738157904,0.1109838036780029
29acf84fdc389a3d05e38869,2024-03-09,bantamweight,Decision,0.6397202593477119,0.2580072114870906,0.1022725291651976
6500ffecb08cd5920b6bb95a,2024-03-09,bantamweight,Decision,0.6506083042830934,0.2815219536242282,0.06786974209267847
ecc485a069e20e0452aa83f8,2024-03-09,heavyweight,KO/TKO,0.47567225307004357,0.38918026112589543,0.13514748580406108
8d28cf9448610499fb45e428,2024-03-09,bantamweight,Decision,0.2759864454941866,0.6240312293006512,0.09998232520516222
1c78c76a645637092d543c74,2024-03-16,bantamweight,Decision,0.5132930495498923,0.26238364490586885,0.2243233055442389
2975ba8effb59bf63f531ccf,2024-03-16,featherweight,Decision,0.48321744001135,0.337108860525708,0.17967369946294198
2c547056bb11b7e5cf58a477,2024-03-16,middleweight,Submission,0.47703977320273133,0.24639721741582774,0.2765630093814409
cd990f7b7b3c638cf7fb4af1,2024-03-16,flyweight,Submission,0.3250302711645425,0.3608561180285129,0.31411361080694467
2701e3a1ca5507745c3e167a,2024-03-16,womens_strawweight,Submission,0.6003475004291003,0.19844413437462935,0.2012083651962703
7b8f73546b25caae9d8e0963,2024-03-16,featherweight,Decision,0.5125570223904807,0.32457281252426845,0.1628701650852509
572aef4284a35d97b7e5b806,2024-03-16,womens_bantamweight,Decision,0.717508511516232,0.18483432548184905,0.09765716300191891
d30caf84e805ba31ea467699,2024-03-16,lightweight,Submission,0.7020806002564783,0.19716198618464145,0.1007574135588801
50d49221d2d8e912a0449b06,2024-03-16,light_heavyweight,Decision,0.3743436176163497,0.4522480732229117,0.17340830916073866
1ede5ade9dccb1619dcef669,2024-03-16,womens_bantamweight,Submission,0.6807106710756348,0.2191342400602018,0.10015508886416352
35d276b0d655b5762a4adfa2,2024-03-16,heavyweight,Submission,0.2736021468701129,0.6647526971211108,0.06164515600877618
0a9b856652e4e6e97855080b,2024-03-16,lightweight,KO/TKO,0.4408538995909262,0.3247901202675763,0.23435598014149742
a64c19e40b1495a3c1956bbb,2024-03-23,womens_flyweight,Decision,0.7967142041284294,0.11249477532587643,0.09079102054569413
5cdaf1aa145a0b5f1417f8a9,2024-03-23,featherweight,Submission,0.43119868001290534,0.3479979758130043,0.22080334417409034
ffd41253362852c43cf12750,2024-03-23,middleweight,KO/TKO,0.5277678130924974,0.2845175310320133,0.18771465587548922
a22b995a041336cd2e7b1b71,2024-03-23,featherweight,Submission,0.4037074249960193,0.5119517022003726,0.08434087280360818
faf2cb29b1f6abbd8713bb97,2024-03-23,featherweight,Decision,0.37645625862952586,0.42700481363038245,0.1965389277400917
b48bb5914daa78dc914fc244,2024-03-23,heavyweight,Decision,0.39766573701771846,0.4656054559539148,0.13672880702836673
2d258da0acd9ef5e460e76cc,2024-03-23,lightweight,Decision,0.5686877478791925,0.24621703448527218,0.1850952176355353
9df5f995b3d922bcb3086b07,2024-03-23,bantamweight,Decision,0.6047780938139764,0.28915060649591406,0.10607129969010956
45b6c75025a22a83394120db,2024-03-23,heavyweight,Decision,0.5385523442387339,0.3919680280648079,0.06947962769645821
fd45d43912f2632e09d27c20,2024-03-23,womens_bantamweight,Decision,0.5643880513796694,0.21270644536439204,0.22290550325593844
071ec632559eee88583d16b0,2024-03-23,bantamweight,KO/TKO,0.49727105985392067,0.1911202676761078,0.3116086724699716
da9b12ab4d26fdc65b8ea77a,2024-03-23,featherweight,Submission,0.40039595190012284,0.2832242411030262,0.316379806996851
8f4cffa9eab92b6b02b0d908,2024-03-30,middleweight,KO/TKO,0.4540304910588616,0.2559226801594349,0.2900468287817035
597cf1aa8126498a52c75a08,2024-03-30,bantamweight,Decision,0.5627515266437011,0.32399249781246603,0.1132559755438329
806b9b05325b02e265c3a0fd,2024-03-30,featherweight,KO/TKO,0.5420927830306218,0.2552279629862794,0.2026792539830988
c9a059ab5fe63b169ad893f5,2024-03-30,welterweight,Decision,0.3286148671267266,0.5886260828400408,0.08275905003323253
c42216542c36faee591ca558,2024-03-30,middleweight,Decision,0.4300838760329306,0.39656044038736904,0.17335568357970033
1165451188dbec47a064b95c,2024-03-30,featherweight,KO/TKO,0.4714133758742729,0.3268703868768835,0.2017162372488436
dd594ad901b92c946c85ba83,2024-03-30,womens_flyweight,Decision,0.42395474633161045,0.38869575318786037,0.1873495004805292
bfe4cbeeec90491f6582a54c,2024-03-30,light_heavyweight,KO/TKO,0.2690087899653297,0.5105908495314424,0.2204003605032279
eb04b76ac189631bafe863ef,2024-03-30,featherweight,KO/TKO,0.4435013228924648,0.37978571996524685,0.1767129571422883
390a29759a09a018f278d78e,2024-03-30,featherweight,KO/TKO,0.5016913421241599,0.27928356260377224,0.2190250952720679
8e19439b96eaeed402465002,2024-03-30,middleweight,KO/TKO,0.506293397191738,0.30478374789904167,0.18892285490922023
dde5cb51c199688c1b7fbf18,2024-03-30,welterweight,KO/TKO,0.5290988133101845,0.3860169022192708,0.08488428447054466
66b4a5d77d71117aeeb34de4,2024-03-30,womens_strawweight,Decision,0.7524436215577195,0.1506973231909511,0.09685905525132939
11fb6fbb886f244ae864e58a,2024-04-06,featherweight,Decision,0.39577244075078194,0.40837905453057155,0.1958485047186464
8231f0e6b0b5bafc0c8468e8,2024-04-06,middleweight,Decision,0.3153884617609842,0.5241998660089628,0.160411672230053
f2db18a4c054f0e037b11cc2,2024-04-06,welterweight,Decision,0.5364282913446431,0.24140138628554736,0.2221703223698096
71daf3f66499f6c8d84b8ff1,2024-04-06,bantamweight,Submission,0.4431464549283456,0.25089603657655196,0.3059575084951024
74a163474a8c0f8e7e0f8528,2024-04-06,middleweight,KO/TKO,0.29487903370512003,0.4204249424867275,0.2846960238081525
75905fdb791eefe74e05107b,2024-04-06,lightweight,KO/TKO,0.5657419064573193,0.21753932725362518,0.21671876628905556
736a7a3bbb975eced403288a,2024-04-06,womens_bantamweight,KO/TKO,0.5432884136205838,0.30895010960227215,0.14776147677714402
87408b8645e7a31b6cdbbf32,2024-04-06,featherweight,Decision,0.5187648119254715,0.32258438573723464,0.15865080233729395
4ab9a0d319271e6464c41d4f,2024-04-06,womens_bantamweight,Decision,0.6803327311356923,0.22957556840414747,0.09009170046016017
741737d64bcf1c7e2c9ab9a2,2024-04-06,bantamweight,Decision,0.3485148258567344,0.3744376353546723,0.27704753878859345
44b8b16421d3b8ca5e361743,2024-04-06,lightweight,Decision,0.3633955192558297,0.3691510964332802,0.26745338431089
fdb4e67476bc87811762511d,2024-04-06,heavyweight,Decision,0.41538209381154073,0.4926773473850446,0.09194055880341462
3300093a48a6b6f70a6dad94,2024-04-13,light_heavyweight,KO/TKO,0.32822705136348845,0.5979658021862461,0.0738071464502655
f85198c6c82c7c5676cc1a84,2024-04-13,middleweight,Submission,0.31484499680005595,0.39801952373767013,0.28713547946227386
37e234e374031c4a9c10e43c,2024-04-13,featherweight,Decision,0.5736847948585079,0.3440186641299735,0.08229654101151868
564ed9d5df5aa5baa575e591,2024-04-13,lightweight,Decision,0.3568197713754107,0.38715748840253966,0.2560227402220497
03a849ee698f35fb17c1933b,2024-04-13,bantamweight,Submission,0.40878705618195366,0.5027749613953318,0.08843798242271456
7632d2c23612af5ce3d9a2f6,2024-04-13,womens_bantamweight,Submission,0.702223821907335,0.12696999670658993,0.1708061813860751
147d563a5f53508a72a20873,2024-04-13,lightweight,KO/TKO,0.42143214726364797,0.34295387223164414,0.2356139805047078
032c8104a460ad869376a130,2024-04-13,womens_strawweight,Decision,0.7478998960618523,0.1769283827522743,0.07517172118587344
a78f5cc79c971a495b411642,2024-04-13,light_heavyweight,KO/TKO,0.49656650773704986,0.44066679978483386,0.0627666924781164
8600ede511999d9adc3c9975,2024-04-13,lightweight,KO/TKO,0.42038121949451995,0.5345518327087825,0.045066947796697614
40ac2f53071b5de0836100e9,2024-04-13,lightweight,Decision,0.31957303868533665,0.21783069024764654,0.46259627106701684
3a1837e0a4820197bb51c85f,2024-04-13,featherweight,KO/TKO,0.35348940780629284,0.4015876036290356,0.24492298856467162
0dc452084d23dc74076732ad,2024-04-13,womens_strawweight,Decision,0.647935292624226,0.2681068937920621,0.08395781358371195
7b58877ab5e4d6cf85d3afdb,2024-04-27,womens_flyweight,Decision,0.4412254905419776,0.15899690868968797,0.3997776007683344
19df3fa9de41e66929ab88fa,2024-04-27,heavyweight,KO/TKO,0.22854938559505888,0.7017370474342488,0.0697135669706922
0d17deee4e12367f002ba9a2,2024-04-27,lightweight,Decision,0.5889339734273623,0.3234679061820744,0.08759812039056322
8d17aae9a953ca23b2144a12,2024-04-27,heavyweight,Decision,0.488303064815296,0.429630400520691,0.08206653466401309
9d1e1ee7b226466bb2c175ce,2024-04-27,lightweight,Decision,0.4785862838230218,0.4120165973927466,0.10939711878423165
03670cc90ed626c90836de43,2024-04-27,womens_flyweight,Submission,0.46167640813896477,0.21386987707959906,0.32445371478143614
53a27e69fc6fc4de042616c0,2024-04-27,lightweight,Submission,0.3485148258567344,0.3744376353546723,0.27704753878859345
e485c72f59f5947e989b064f,2024-04-27,featherweight,Decision,0.49477919139172866,0.24270529437954028,0.26251551422873104
6a21e75bc72a71c8587b87c5,2024-04-27,womens_strawweight,Decision,0.6648745218105726,0.13360543490634078,0.2015200432830866
1d88a0c36a95acc86682e411,2024-04-27,flyweight,KO/TKO,0.30893705400904614,0.5269510451905564,0.1641119008003975
f070085973f94e62645c20b9,2024-04-27,bantamweight,KO/TKO,0.5447769386087838,0.27518807227467174,0.18003498911654447
181283d8443a6c33cb21c79c,2024-04-27,light_heavyweight,KO/TKO,0.2538834550866628,0.5851397160119217,0.16097682890141557
c674910dad3e5790a28e8502,2024-04-27,welterweight,KO/TKO,0.3208529727115902,0.5892571356208075,0.08988989166760233
4018cfaeb2593cc98fcf7a7b,2024-05-04,flyweight,KO/TKO,0.6571961141690095,0.2825404941101918,0.060263391720798816
75f967a01638fa466a040663,2024-05-04,flyweight,Decision,0.3761606316267431,0.4612587135623061,0.16258065481095083
048e951737120ee49478ad81,2024-05-04,light_heavyweight,Submission,0.47027443699568006,0.3816142166320841,0.14811134637223572
22bf9f5adbf622b55d1f0d16,2024-05-04,womens_flyweight,Decision,0.4676214853296186,0.24387794994914747,0.2885005647212339
707d69a949880d2954a5183a,2024-05-04,lightweight,Decision,0.5808412528533128,0.20111086276426327,0.21804788438242398
40f2eca8b202a382e83a86ee,2024-05-04,lightweight,Decision,0.5527937824074212,0.3080321169036635,0.13917410068891525
f074dc7df2dadf7cfac1fda3,2024-05-04,featherweight,KO/TKO,0.47693811771945505,0.2386163321305072,0.2844455501500377
d967e5ba34cb3ff8d9a4adb4,2024-05-04,lightweight,Decision,0.6029323516118116,0.2665342553298025,0.13053339305838585
e05a5a9e9719ca88d645516c,2024-05-04,bantamweight,Decision,0.6084465821055002,0.3555556213778794,0.03599779651662044
94bd5ed15286e8e4cc120e52,2024-05-04,womens_strawweight,Decision,0.7374041636017774,0.1863584784606643,0.07623735793755829
39cffcac3e882d98203f7dbc,2024-05-04,lightweight,KO/TKO,0.458862699803401,0.417158365295474,0.12397893490112487
1c69f516d3ff75bcc6377c47,2024-05-04,middleweight,Submission,0.42012437216415294,0.4345378427185813,0.14533778511726575
e9311178ebb944a7fc6aca37,2024-05-04,middleweight,KO/TKO,0.36538004109160094,0.32546239744148814,0.3091575614669109
5961c213c10f64edc3e88f9f,2024-05-11,featherweight,Decision,0.6132237602720686,0.2974704078043201,0.08930583192361127
dcb8007781e8317ca6a6c80b,2024-05-11,light_heavyweight,KO/TKO,0.3961072996595714,0.48102681141350584,0.12286588892692275
67958e9303cb81656c149b1d,2024-05-11,welterweight,Decision,0.422422708055349,0.42049139688826137,0.15708589505638954
1a80a39cf42c05f59642a74d,2024-05-11,flyweight,Decision,0.5277474366105714,0.26501446140850965,0.207238101980919
7621b21075c5e1917732c005,2024-05-11,lightweight,Submission,0.39259694321530875,0.39925456181995794,0.2081484949647334
7a09d0a6adda8ef213536caf,2024-05-11,heavyweight,KO/TKO,0.2619045501583893,0.5658635510433158,0.17223189879829504
2418c947db415559ec8fb353,2024-05-11,lightweight,KO/TKO,0.454530658527557,0.40525086512169917,0.14021847635074383
a79c545c27deb304d7edfd56,2024-05-11,womens_flyweight,Decision,0.6632272238163285,0.16494599784892222,0.17182677833474927
f511fbf1cacfba820f4106fb,2024-05-11,welterweight,Decision,0.5418770388265716,0.36888990252496384,0.08923305864846466
04e190387cb56de161ad5390,2024-05-11,womens_strawweight,Decision,0.820055656117059,0.10365616061284981,0.0762881832700912
49c439cfc0b0097ddf5a2828,2024-05-11,lightweight,KO/TKO,0.42237812102503597,0.26807726154753,0.30954461742743405
d9449a6730d848570ee311a9,2024-05-11,heavyweight,Decision,0.28410230109604206,0.5847486508840778,0.1311490480198801
a8bed7a2d2d40766423dceb9,2024-05-18,middleweight,Decision,0.33884673166835905,0.512169471675557,0.14898379665608402
db2e4374a49ab25f5ec0dc0a,2024-05-18,bantamweight,KO/TKO,0.43694717642623015,0.48338452229380063,0.07966830127996913
3be1164cabf2e5d45f3c45b5,2024-05-18,bantamweight,Decision,0.42846780505577436,0.4218853361524302,0.1496468587917956
3fd54e9fa93e640c3802e176,2024-05-18,featherweight,Decision,0.3230468084494491,0.5325886157394778,0.14436457581107312
d535daa86964c2b555e0dca5,2024-05-18,welterweight,KO/TKO,0.4560625469301919,0.3719877485074072,0.17194970456240097
58732931566ff8038d67e1ae,2024-05-18,womens_strawweight,Submission,0.7881999672546183,0.13364151420157624,0.07815851854380554
07ce5e11ec24372dce1eade0,2024-05-18,light_heavyweight,Submission,0.21232110675547228,0.5451978331443263,0.2424810601002015
c20d7e2d4ccac0647c485cea,2024-05-18,womens_bantamweight,KO/TKO,0.5982847050166179,0.24611745421461764,0.15559784076876443
dc832abfc5a2f3f0b0e3125e,2024-05-18,welterweight,Decision,0.3675386440109202,0.3135294228629372,0.3189319331261426
5ef58c611edc62275574db90,2024-05-18,womens_strawweight,Decision,0.7541841874300294,0.15268769495354753,0.0931281176164231
97edf385302354b149760b41,2024-05-18,lightweight,KO/TKO,0.4867967298002484,0.38332704452159067,0.12987622567816093
8e17356f2fda3a5192d31ede,2024-06-01,womens_bantamweight,Decision,0.5231170025599177,0.26206572433589753,0.21481727310418483
10c40b22ef9284e7de0ce72f,2024-06-01,middleweight,Decision,0.4178524314781109,0.4818989933043136,0.10024857521757555
79ff3b1a7d1bf92f16483213,2024-06-01,lightweight,Decision,0.4677207057334169,0.22532992697668408,0.30694936728989897
4b9696096d6fa5e9d5610ddc,2024-06-01,lightweight,Submission,0.39645469024377705,0.46401692214117146,0.13952838761505149
989ca4098373cae02934935d,2024-06-01,heavyweight,Submission,0.3078757147703519,0.3081295260793187,0.3839947591503294
6b33e6c737a6684a25945237,2024-06-01,middleweight,Submission,0.20072856629099492,0.5988473627458121,0.20042407096319292
cfe0192361aad1fbe188ea64,2024-06-01,welterweight,Decision,0.5548855061115557,0.24020879354694077,0.20490570034150346
aabe4d2579baa78d78077059,2024-06-01,flyweight,Decision,0.44892052999647614,0.3929681177291966,0.15811135227432724
113ec2a83989aaec45d0a399,2024-06-01,welterweight,Decision,0.4895396137793109,0.40635285423195644,0.10410753198873264
0acc32af1154473e50db81c8,2024-06-01,welterweight,Decision,0.5396341965555357,0.28857801783859666,0.1717877856058677
41337cbd48bf4f84174dc20b,2024-06-01,welterweight,Decision,0.5734021677682586,0.29192015344927535,0.13467767878246611
3dee3aff7f82282e32f8df92,2024-06-01,middleweight,Decision,0.31751238804523535,0.6392199942175358,0.04326761773722887
518127b2dd8efe3a417831b3,2024-06-08,womens_flyweight,Decision,0.7141457261610438,0.14158004712966196,0.14427422670929432
2e839f2de196517e8e246d12,2024-06-08,bantamweight,Decision,0.49995579814926744,0.3635272286708644,0.13651697317986816
bf7ea6fdb51531c8d451a756,2024-06-08,middleweight,KO/TKO,0.34562055970749456,0.47585776873056324,0.17852167156194215
7de1c7f30e70c0054157559a,2024-06-08,welterweight,KO/TKO,0.39969419130615497,0.5198698883832845,0.08043592031056045
25d7d7c1927b76a34bdc14d3,2024-06-08,bantamweight,Decision,0.6181945356726896,0.28132672996748853,0.1004787343598219
0ddcfb11315e9923a41bb2c7,2024-06-08,light_heavyweight,KO/TKO,0.3951386850248017,0.5370213960679447,0.06783991890725358
e8438ef0c8ba3780dc2b45d9,2024-06-08,womens_strawweight,Decision,0.5651945392754745,0.13690415227421163,0.2979013084503139
d20e183e0125d6ec0f2db68e,2024-06-08,middleweight,KO/TKO,0.650133532032089,0.3004390631383132,0.04942740482959769
a1e8bfab94288f7370f435d3,2024-06-08,bantamweight,Decision,0.606244745344436,0.3104157394488561,0.08333951520670792
e5d256c6836b448747c5b8c1,2024-06-08,middleweight,KO/TKO,0.37444452640247977,0.35298159691111874,0.27257387668640154
70272da7c95cd179af6cf4d3,2024-06-08,welterweight,Decision,0.3392256947971007,0.5155855841876941,0.1451887210152053
144bac7646d283547cc8b638,2024-06-08,bantamweight,Submission,0.41711634899972166,0.3171969860360151,0.26568666496426324
19bc980d805f14744f6823af,2024-06-08,womens_strawweight,Decision,0.7512604766296593,0.14547241545027678,0.10326710792006383
8f81053df7a5953b7491f734,2024-06-08,lightweight,Decision,0.5763595273956941,0.2545250153555573,0.16911545724874863
79440448cd3fec28695e7dec,2024-06-15,flyweight,KO/TKO,0.37159296554247073,0.38956488375327164,0.23884215070425766
6c45fb565fbf14ea75c4fdcd,2024-06-15,flyweight,Decision,0.5057461309638025,0.19614897371178114,0.29810489532441636
14d2774e1d1f3fd5e1c6dbc7,2024-06-15,bantamweight,Submission,0.5082734480566916,0.3808747565914692,0.11085179535183919
f5dfccd531de267b99e1f070,2024-06-15,womens_flyweight,Decision,0.6260585792229301,0.23633113365206893,0.13761028712500092
493d3aa0ab1d0278e2da7639,2024-06-15,bantamweight,Decision,0.6872581701655635,0.2512937696695357,0.06144806016490091
763a5efe7035e062f2c0b690,2024-06-15,featherweight,Submission,0.4383115064893495,0.3621503708516868,0.1995381226589637
1fed94581536b612e2fb59a6,2024-06-15,flyweight,Decision,0.32771019232184423,0.2403337980783522,0.4319560095998037
41d8ef2e34a39925ad4e75f9,2024-06-15,womens_strawweight,Decision,0.6319625788439522,0.24996011426655915,0.11807730688948874
f988066efa595e7f87d49d22,2024-06-15,welterweight,Decision,0.4144662123978296,0.40803841948636155,0.17749536811580885
19dddb26aefce6783b18baf6,2024-06-15,featherweight,Submission,0.37308200265211006,0.4812828584770701,0.14563513887081986
9a8f34cfdca8efcd4558a8b7,2024-06-15,featherweight,Decision,0.5133270561611626,0.37612670116427344,0.11054624267456398
37d4488fc8163313b1231aae,2024-06-22,light_heavyweight,KO/TKO,0.48322059126874556,0.3660455985569987,0.1507338101742557
7cf1ccb04fb7f586000618cd,2024-06-22,middleweight,Decision,0.6444348759650835,0.2711574453544151,0.08440767868050139
0a2c033e657e7440fa8aa8de,2024-06-22,bantamweight,Decision,0.3846997353672625,0.271131905567001,0.3441683590657365
6d76913c436ce9ce53210b04,2024-06-22,light_heavyweight,Decision,0.17802652394190016,0.7487051173681258,0.07326835868997401
1a036b09296210df95e21b1d,2024-06-22,featherweight,Submission,0.5459984080152798,0.232316850484521,0.2216847415001993
fc3424ff1e489f76836e8acd,2024-06-22,lightweight,Decision,0.592957982053532,0.3085614565533209,0.09848056139314702
dcdb4b3fb3f9b4843ea57bb4,2024-06-22,welterweight,Decision,0.4792859606304702,0.24635762865942312,0.27435641071010664
65451ad06adc1f6bd89a8674,2024-06-22,middleweight,KO/TKO,0.27469982579933494,0.6243972525439765,0.10090292165668859
a1d5af9825d34f2535d592ad,2024-06-22,heavyweight,Decision,0.39538328699568626,0.5528128723020765,0.051803840702237224
a0aecd3b3aa3acaa0c742fc0,2024-06-22,middleweight,KO/TKO,0.5906107243266023,0.24117370151408632,0.16821557415931143
af244485111bd9dd30c97866,2024-06-22,bantamweight,Decision,0.3485148258567344,0.3744376353546723,0.27704753878859345
7c694c3870edbf3861bf90ae,2024-06-29,light_heavyweight,KO/TKO,0.2565404871349552,0.6305527221211109,0.1129067907439338
1669e7c3c0104261e38941ae,2024-06-29,heavyweight,Decision,0.4955211505623888,0.3463372236766891,0.15814162576092208
6f03e907877bb17aa05774b7,2024-06-29,light_heavyweight,Decision,0.46887942102505403,0.36489312040431776,0.16622745857062812
9fcb0c56f33fc5b61e47d0b7,2024-06-29,featherweight,KO/TKO,0.5101093841106343,0.3298495845824375,0.1600410313069281
bc237d1b3aa5dfe665961429,2024-06-29,featherweight,Decision,0.48399166331407023,0.3468739366832111,0.16913440000271868
7508a78c4629ff995495dbbd,2024-06-29,catch_weight,Decision,0.30430877502509945,0.4494893330711253,0.24620189190377512
1885b9c154714adfa0a9f0ee,2024-06-29,welterweight,Decision,0.6597834698456805,0.26720420468022005,0.07301232547409939
3a544bc796aa4992d5fe2c75,2024-06-29,middleweight,KO/TKO,0.3914241857619724,0.3679893848675377,0.24058642937048985
a276808076c8af27cad7f2ff,2024-06-29,womens_bantamweight,KO/TKO,0.44689584484083716,0.2063453671020358,0.3467587880571272
94dc3b686c902429728324a6,2024-06-29,womens_strawweight,Decision,0.6380993664359791,0.14212250898983744,0.2197781245741835
3d80286353ae673cbbea021b,2024-06-29,bantamweight,KO/TKO,0.2956806924130138,0.4311640969711459,0.2731552106158403
d4d6b8ea5bd50709089f7bc0,2024-06-29,flyweight,Decision,0.5484061326608223,0.3352695007136958,0.11632436662548197
70c74e2537b1f6d717d6a580,2024-06-29,bantamweight,Decision,0.5888053875591581,0.31739448292778843,0.09380012951305347
df9f3189d74a76849525e5d0,2024-07-13,lightweight,KO/TKO,0.4004764954599002,0.4214019484532785,0.1781215560868213
930fcb9f98b6403d004a10a2,2024-07-13,welterweight,Submission,0.5286227459833667,0.37124572336094697,0.10013153065568631
752309c3bca8093f692b1373,2024-07-13,welterweight,Decision,0.5846223213230866,0.184826263409676,0.2305514152672374
8ad7692e5b972dd4a7267c02,2024-07-13,womens_flyweight,Decision,0.6156323595155699,0.14120633928447573,0.24316130119995424
12131907a7300a3995c0f29f,2024-07-13,middleweight,Decision,0.3724668141408411,0.2905549121652589,0.33697827369390004
46e97615d7088624ce11ccd9,2024-07-13,flyweight,KO/TKO,0.6632680392661342,0.2664049268324213,0.07032703390144451
d8807ddb36ab019a53c30d15,2024-07-13,featherweight,Submission,0.3863413154020086,0.30234653903751446,0.3113121455604769
85ca4854cd014ce8c4b31d7c,2024-07-13,womens_flyweight,Submission,0.47296822891906554,0.1813867160985961,0.3456450549823384
ddcbb740cdb42e2859e3ca1d,2024-07-13,bantamweight,KO/TKO,0.5249992048790288,0.26421323842884,0.21078755669213117
41c64f492689442222f3aa5d,2024-07-13,womens_flyweight,Decision,0.7965755892659648,0.12314755356475876,0.08027685716927642
1d14aed9e7e615e94ffe9351,2024-07-13,welterweight,Decision,0.5392276285202932,0.35999636292561416,0.1007760085540927
1a1f05ea93dfb2cef5441150,2024-07-20,womens_strawweight,Submission,0.36468113077519065,0.39652663454530734,0.23879223467950206
1802198470e4d36f13b9a300,2024-07-20,bantamweight,Submission,0.45580236675348734,0.27634687132463664,0.2678507619218761
52f6aa2624ec3c51c8435cc4,2024-07-20,flyweight,KO/TKO,0.3724288517769565,0.45761887987865085,0.1699522683443925
8d11b4f1eb76e9b46dbfa43c,2024-07-20,featherweight,KO/TKO,0.40573656640332617,0.48328109833158434,0.11098233526508948
fb73b101f05286253264c95b,2024-07-20,featherweight,KO/TKO,0.6441268216240804,0.2087703414807762,0.1471028368951434
92839e130f117882696a849a,2024-07-20,lightweight,Decision,0.39976653947361607,0.3187310909437233,0.2815023695826606
d8fe945f52c4101fdb8bc15b,2024-07-20,lightweight,Decision,0.6118613983119857,0.26392618559361514,0.12421241609439916
4833ad51744b121d927b82e5,2024-07-20,womens_flyweight,Decision,0.7007469165219774,0.16942846646622844,0.1298246170117941
5d08d6d735d021c218d42bec,2024-07-20,womens_flyweight,Decision,0.6301879565536704,0.18646007497003234,0.1833519684762973
26a9e6c978b8d211b6443478,2024-07-20,heavyweight,Decision,0.62328022763102,0.28331856613703915,0.09340120623194093
9f2b2e8e992c8c2d56b31b48,2024-07-20,featherweight,KO/TKO,0.5501308426164475,0.315370526129679,0.13449863125387357
097b47cf0fd70817100149e1,2024-07-27,featherweight,Decision,0.613862874704898,0.3250811767912278,0.061055948503874226
a5ec3ef5260e3a28c3483b8b,2024-07-27,middleweight,Decision,0.23212531742881196,0.6343138856050173,0.13356079696617076
9de739fe6020a6c9f3fae848,2024-07-27,bantamweight,Decision,0.5979110155483394,0.2679366975103759,0.1341522869412848
2e1d63b7961383b47d4f353a,2024-07-27,lightweight,Submission,0.3942489732285486,0.38919698885772197,0.21655403791372954
79cfa01484c3ea38f9f51531,2024-07-27,welterweight,Decision,0.5455397416747606,0.36012098616331567,0.09433927216192364
a5cad6e8a51f09bf4c7d852c,2024-07-27,heavyweight,KO/TKO,0.44794951618039747,0.492237606232227,0.059812877587375565
d8173aa5dd83c7893f9af630,2024-07-27,light_heavyweight,Submission,0.3522652013959041,0.555835383236197,0.09189941536789897
10d948ba3fb1d8e9bd8dd436,2024-07-27,womens_strawweight,Decision,0.6847266285507471,0.1570970121937691,0.1581763592554837
74af90aae5e78d1c1ad3cd9c,2024-07-27,flyweight,Decision,0.5436170543938915,0.21861372666516324,0.23776921894094535
4e85b5ea469de051613b5741,2024-07-27,featherweight,Decision,0.5027638736149556,0.2487042527985864,0.24853187358645806
513e525430fb53e61e0bc06f,2024-07-27,welterweight,Decision,0.6213422986476805,0.23281136788040857,0.14584633347191084
a91c178a8284b7aafa874169,2024-07-27,welterweight,Submission,0.40846444502807494,0.3097217400836584,0.28181381488826657
aece4c936f0671bad30426f7,2024-07-27,womens_strawweight,Decision,0.6389987130582411,0.17648088168505063,0.18452040525670832
73594b0e6c5d7117aadc2d01,2024-07-27,heavyweight,KO/TKO,0.20906802560577836,0.5630234486574384,0.22790852573678333
9ba92a6b223ce70a5def5ac7,2024-08-03,light_heavyweight,KO/TKO,0.4148697768451189,0.5240214891075458,0.06110873404733528
571fd99f2cea3cab0516a2a4,2024-08-03,bantamweight,Decision,0.5329549102440554,0.25691564523782645,0.21012944451811816
29050e1234307cff3226cdf8,2024-08-03,lightweight,Decision,0.5385829561751406,0.34440768459114457,0.1170093592337148
7966b9d988f1cc5340b09615,2024-08-03,lightweight,Decision,0.6580200305068412,0.27081288029078193,0.07116708920237687
45f6a77cf5bae11f69d9a8fb,2024-08-03,lightweight,KO/TKO,0.4217354157707975,0.34885555842498056,0.2294090258042219
1f40f703023ba1bd3b521781,2024-08-03,womens_strawweight,Decision,0.7584919118377357,0.11790208081964022,0.1236060073426242
d2025cddbf7cdc74c599ce2d,2024-08-03,bantamweight,Decision,0.4518124825092812,0.3991718625039065,0.14901565498681224
04bb77d8d0c872a4a2bc082a,2024-08-03,lightweight,KO/TKO,0.322477014284664,0.3861788606400443,0.2913441250752917
a962037dba890b1e59b3c11e,2024-08-03,middleweight,Decision,0.39089368914912187,0.4749134889644293,0.13419282188644888
56741af4fb9164b3ceab34bb,2024-08-03,heavyweight,Decision,0.44459336542608585,0.48671708106529404,0.0686895535086201
ca0701d63a3f45561e4c49ba,2024-08-03,middleweight,Decision,0.2940782363296249,0.5680797289497074,0.1378420347206678
b008daa3b4c6db6c9f881827,2024-08-03,welterweight,Submission,0.47321012216833797,0.14323604471464832,0.38355383311701374
b4ace78f4c4b62732bf4877b,2024-08-03,womens_strawweight,Decision,0.6045542948011721,0.2900910917964684,0.10535461340235942
63b290ed8d80110a23d74939,2024-08-10,bantamweight,Decision,0.49664909240838934,0.42348386484252654,0.07986704274908407
a88dc52e44b8276a684bb173,2024-08-10,featherweight,Decision,0.5489768997043554,0.24559892305390463,0.20542417724174006
6399ddb25f22d847585f6886,2024-08-10,welterweight,Decision,0.3158166559825996,0.6147614663811272,0.06942187763627321
b8b9c9039b433da4b20b5f90,2024-08-10,heavyweight,Decision,0.6278890520362892,0.27882275814564406,0.0932881898180667
961760ffcf08037002d97654,2024-08-10,womens_bantamweight,Decision,0.7055458555405274,0.16875351673315778,0.12570062772631485
7e7ce2895404f87c5266303a,2024-08-10,heavyweight,Submission,0.23034104916227116,0.5987168359045781,0.17094211493315073
12d0555dd382fcfab24b3392,2024-08-10,womens_strawweight,Decision,0.6950289238454724,0.10156926264979531,0.20340181350473227
96244b15517f4c3bda290b28,2024-08-10,bantamweight,Submission,0.45457671510422804,0.3848801762839792,0.16054310861179266
909669ccdc04944ae9d1b468,2024-08-10,womens_bantamweight,Decision,0.6369131399026983,0.19811763819355152,0.1649692219037502
bd60f369b8760c4e98e32f96,2024-08-10,featherweight,Submission,0.5577009628445186,0.24538781620229058,0.19691122095319086
d0e5f0596a80603b43725079,2024-08-17,womens_flyweight,Decision,0.611732984962349,0.19603598158786584,0.19223103344978515
34ba7fa3787854789b373bc3,2024-08-17,middleweight,Submission,0.6517354627325104,0.29748099639867215,0.05078354086881746
1ab2b260997db6bff8202e76,2024-08-17,featherweight,KO/TKO,0.3405425416407352,0.2562649315463344,0.4031925268129304
4864b0dc32f25c0902026983,2024-08-17,featherweight,Decision,0.6434942374108105,0.22491058329370076,0.13159517929548878
fe925f7d987d2688da86017f,2024-08-17,heavyweight,Submission,0.4551473203754254,0.44003594989392153,0.10481672973065312
91cf1c66c0aae10df4f68f3c,2024-08-17,flyweight,KO/TKO,0.5929822043828138,0.3143758347368368,0.09264196088034936
ae37c7930a26b186f933eb9c,2024-08-17,welterweight,KO/TKO,0.41970793505134724,0.5345830199946326,0.04570904495402003
64bf5b234df82a4717fa37df,2024-08-17,lightweight,Decision,0.5299110425609511,0.3917060817315284,0.0783828757075205
a8691859c32e637d35c7433d,2024-08-17,welterweight,Decision,0.45110749825844904,0.443663716012698,0.10522878572885283
9cef7cc38d059d1f8c348efe,2024-08-17,flyweight,Submission,0.38462189579259615,0.34644420172141044,0.2689339024859934
806133791825a62697b640f6,2024-08-17,heavyweight,Decision,0.23860040957040973,0.6496839397782347,0.11171565065135557
e85cd4c789fe17ebf55b166c,2024-08-17,lightweight,Decision,0.36792194304261744,0.3946705765634566,0.23740748039392578
7871134a09675ac61dce31c5,2024-08-24,womens_strawweight,Decision,0.7848337040493492,0.12384638424270983,0.09131991170794093
d1b1774c0be9c2a23e1afdb1,2024-08-24,lightweight,Decision,0.42974325733702473,0.3873614505211228,0.18289529214185246
03f2e0f30d6778d93ed003c7,2024-08-24,middleweight,Submission,0.1991191334053383,0.446723805687182,0.3541570609074798
e36fc47ae8ddf929d7d70db2,2024-08-24,womens_bantamweight,Decision,0.681256076546679,0.22185290586384915,0.09689101758947176
d27425d0f741578a348cf746,2024-08-24,middleweight,Decision,0.5288874652619224,0.3625876320150104,0.10852490272306713
7188747cdb0273a5acbad76a,2024-08-24,featherweight,KO/TKO,0.3485148258567344,0.3744376353546723,0.27704753878859345
47b86263700fd8ef79cea0af,2024-08-24,welterweight,KO/TKO,0.5990713165640811,0.30660711809637886,0.0943215653395401
a3f643c93410304590071638,2024-08-24,middleweight,KO/TKO,0.29487903370512003,0.4204249424867275,0.2846960238081525
d5f593ce2352af15183e59e2,2024-08-24,lightweight,Decision,0.4420961648025888,0.46399998284162,0.09390385235579132
93204973199b855bffa0e265,2024-08-24,womens_flyweight,KO/TKO,0.6697195259959547,0.16571975435940986,0.1645607196446354
59d94d1306c4fa0cc5b39666,2024-08-24,middleweight,Decision,0.16326594697277624,0.570090730625466,0.2666433224017578
7e324bf197dfe23d87cf3b37,2024-09-07,middleweight,Decision,0.5040366595064456,0.27470430340579,0.2212590370877644
098a7ab058cb0919d2754437,2024-09-07,flyweight,Decision,0.5959132988199028,0.29223115355971285,0.11185554762038426
84bdaaa1b9eacf71f68d786f,2024-09-07,welterweight,Decision,0.6016302062575491,0.2703066357059263,0.12806315803652463
3687ac6b259d61ee8fdcf7d5,2024-09-07,featherweight,Submission,0.1876398470543549,0.5204470888858509,0.2919130640597941
520ab8059fa083df9466b8de,2024-09-07,womens_strawweight,Submission,0.5113739332744608,0.221405560925769,0.26722050579977014
37543d1d6a400d3e6864fe4b,2024-09-07,womens_flyweight,Decision,0.586884049651253,0.2990329102945279,0.11408304005421911
4891c35741f30e491ae624b4,2024-09-07,bantamweight,Submission,0.48339087883139714,0.2962787311043308,0.2203303900642721
3abd10663dd8be12d13c6cd1,2024-09-07,lightweight,KO/TKO,0.2944278022266157,0.2724807526405453,0.43309144513283915
05620075d316a20238eb8fd9,2024-09-07,featherweight,KO/TKO,0.44113677222354825,0.41621760195349566,0.14264562582295595
b76888405cc10f4682091f54,2024-09-07,lightweight,Decision,0.5192962665231254,0.35911566720509597,0.12158806627177865
fde085a48d0a96f2360b6382,2024-09-07,featherweight,Decision,0.6115058219237334,0.17462263096890102,0.21387154710736558
45ada03471594e17da40af4a,2024-09-07,featherweight,Submission,0.3485148258567344,0.3744376353546723,0.27704753878859345
b32a701a44b0d95605d7c908,2024-09-14,womens_flyweight,Decision,0.5791749794498324,0.17789358801820884,0.24293143253195873
f2ff0c6a9bbd4b5eae926db1,2024-09-14,featherweight,Decision,0.3902221333803789,0.2939881902567216,0.31578967636289945
09fa80261d93813008aaa022,2024-09-14,lightweight,Decision,0.5948923800174869,0.2930595346706384,0.11204808531187471
c72915269d9a5169f4bdbe0b,2024-09-14,flyweight,Decision,0.3129650010000568,0.4255868862385844,0.2614481127613589
3b8c650614dfc5493a3b1bd9,2024-09-14,womens_bantamweight,Decision,0.8138067604029638,0.1272845132334025,0.05890872636363358
d5a12c28b25082427278edbe,2024-09-14,lightweight,KO/TKO,0.399093982363509,0.3693777488898952,0.23152826874659585
d767088f51b6e7714e8d7645,2024-09-14,bantamweight,Decision,0.3609991543345138,0.3625659778560207,0.2764348678094655
3ec64b31845ac4f1cb2f5a4c,2024-09-14,flyweight,Decision,0.4338264434786447,0.23129200768576227,0.3348815488355931
75df11c187e283ce3ab3b3de,2024-09-14,bantamweight,Decision,0.41099724074795346,0.47202978378961774,0.11697297546242887
1288aee9afdb2d374cc3012a,2024-09-14,womens_strawweight,Submission,0.7443967696124064,0.1614995977960316,0.09410363259156186
245096e15704e2540393d97d,2024-09-28,womens_bantamweight,Submission,0.6732866969667366,0.18238693140107062,0.1443263716321927
60d8f7e0b676daa7ac15f065,2024-09-28,lightweight,Submission,0.7375917051300951,0.1770414054666637,0.08536688940324112
7030ef6d4542c58352a49bba,2024-09-28,flyweight,Decision,0.41738454340042086,0.39705137250575473,0.18556408409382436
6ebd9ffc7a13c46ca71bd8aa,2024-09-28,lightweight,KO/TKO,0.49120542773817605,0.3386379697139692,0.17015660254785483
3e276600eba4e29cd38e2cca,2024-09-28,light_heavyweight,Decision,0.32960504177122657,0.5831712322850566,0.08722372594371676
dc350102307a004ad39adb01,2024-09-28,welterweight,KO/TKO,0.39485569396915365,0.3713652206685899,0.23377908536225647
105253273d1654f9a2beee86,2024-09-28,lightweight,Decision,0.46339835903037246,0.33248512087163257,0.20411652009799486
50aafa48176dfa0137faaa73,2024-09-28,featherweight,KO/TKO,0.41161439774620595,0.321056152217777,0.267329450036017
ab00b1352f514a47b8e37dc0,2024-09-28,middleweight,Decision,0.5811439062352906,0.21482792226315375,0.2040281715015556
87ccdba10c40f4bdcf843017,2024-09-28,womens_bantamweight,Decision,0.7357420347165451,0.20750209417192358,0.05675587111153129
88572ee2955c4e9d956110a0,2024-09-28,light_heavyweight,Decision,0.23160091792737023,0.332014246576054,0.4363848354965757
7e74c10fa13302f3fb7dd90e,2024-09-28,lightweight,KO/TKO,0.30149820599421573,0.4607477798075858,0.23775401419819842
0c580a243e221bbb34761e5e,2024-09-28,bantamweight,Decision,0.6356886282096769,0.28308790910854725,0.08122346268177591
c2a55835ec8fc920f3adf40e,2024-09-28,featherweight,Decision,0.5902541965421693,0.2263148627630886,0.18343094069474208
c1c94449aa8da08edf6e1dff,2024-10-05,light_heavyweight,KO/TKO,0.46333515940112296,0.48366168861260217,0.05300315198627497
7c56376f5bee90553ebe1f91,2024-10-05,lightweight,Decision,0.6351214029530974,0.26961693730595315,0.0952616597409495
42c9a2d2c6e47f7150c3c7b8,2024-10-05,womens_strawweight,Decision,0.812332983061942,0.09942880301903147,0.08823821391902635
1972bb7a08946b356c1315c6,2024-10-05,middleweight,Decision,0.35171684912627227,0.5263449668515725,0.12193818402215527
401cf3772c7ad44839360dba,2024-10-05,welterweight,Submission,0.4856694854323019,0.22713567582339503,0.287194838744303
57b18397eb6dda68408204e5,2024-10-05,bantamweight,Decision,0.5216112424931998,0.36593353731639483,0.11245522019040542
144f8ee9b6fd2c722b5d25ce,2024-10-05,womens_bantamweight,Decision,0.5039710441953845,0.24488206374183966,0.2511468920627758
e443e39fbfefcebc6b107ee9,2024-10-05,womens_strawweight,Decision,0.5984874926035268,0.24643873150598708,0.15507377589048593
d310221180298a0117347d09,2024-10-05,womens_bantamweight,Decision,0.4362609455077709,0.34930852545893515,0.21443052903329396
c6f824443fc9c84e876b488c,2024-10-05,middleweight,KO/TKO,0.5118199233667448,0.35779737025425146,0.1303827063790037
ce5cad2d9a093f6848c1c837,2024-10-05,light_heavyweight,Submission,0.2897180319854461,0.4996163841576445,0.2106655838569094
1956b00acb148792dba1a315,2024-10-05,welterweight,KO/TKO,0.4430474364584934,0.5010330307014116,0.05591953284009508
4840224751a56333d055fc7a,2024-10-12,middleweight,Decision,0.6393498327315168,0.2679160205639433,0.09273414670453985
a727672cc9664edda540ef4e,2024-10-12,flyweight,Decision,0.31896805428022146,0.3403165975325822,0.3407153481871963
c9b19587d5b0943492e92d4b,2024-10-12,welterweight,Decision,0.5211664778563693,0.3082305079752782,0.17060301416835258
75c7c56dd807d68045a4386a,2024-10-12,flyweight,KO/TKO,0.5771131511038373,0.31038603501831386,0.11250081387784887
8e2cca02f188a62e86ed9e5d,2024-10-12,flyweight,Submission,0.5045797710160246,0.260086364323891,0.23533386466008446
559c2d014f7fdd130c04416c,2024-10-12,bantamweight,Decision,0.502164031777897,0.1636308093600072,0.33420515886209573
b2154563c4e05478fec46f76,2024-10-12,welterweight,Decision,0.595953216949348,0.26229572399439566,0.14175105905625626
0cb8a11def43b8e9e64a987c,2024-10-12,lightweight,KO/TKO,0.6216474310030006,0.19797545487737545,0.18037711411962393
a9a12f6db5392e7212061c76,2024-10-12,featherweight,Submission,0.33787216116635305,0.11350008143540143,0.5486277573982455
da2b4cb4a1dece7e1cddce4b,2024-10-12,womens_strawweight,Decision,0.7203162421232729,0.10139283224512104,0.17829092563160598
6006b5e7b981df4da946cb96,2024-10-12,heavyweight,KO/TKO,0.21027567460744123,0.6467456638838844,0.14297866150867436
d6fa07076c71693c51694206,2024-10-12,welterweight,Decision,0.4486979045363734,0.37475956215014555,0.176542533313481
abcc6a4ab3920f6a692e9eee,2024-10-19,middleweight,KO/TKO,0.3105307143849394,0.5010552586271103,0.18841402698795034
9e275e378f98707802ff3485,2024-10-19,heavyweight,Decision,0.25968429993898284,0.612306410151373,0.12800928990964422
412a5bf196b840083c98f4cb,2024-10-19,bantamweight,Decision,0.5053516575082942,0.29976139525319734,0.1948869472385084
8109c8b9fae6d7c0aec54bea,2024-10-19,flyweight,Decision,0.5810905409839648,0.27113395517364947,0.14777550384238583
0971e4c0e50a7ee704277ff9,2024-10-19,featherweight,Decision,0.34080634293188866,0.2947334219281806,0.36446023513993087
8e8bc92bd61bc4fcf37df834,2024-10-19,bantamweight,Decision,0.4385504257062357,0.3531638732427448,0.20828570105101954
7f31ec33285ef5018378b5ff,2024-10-19,womens_strawweight,Decision,0.6837815751723026,0.17133858503940116,0.1448798397882961
f37b3852170b4e3e133af446,2024-10-19,womens_bantamweight,Submission,0.6986363434654315,0.1740986720587929,0.12726498447577572
79e0b62af359301a3c381318,2024-10-19,flyweight,Decision,0.5615892678914302,0.23953107752484507,0.19887965458372475
4798c8fae376043513d3f4d2,2024-10-19,womens_strawweight,Decision,0.5666758493855926,0.15572455394585083,0.27759959666855655
497026b88b1c9f6fe365d724,2024-10-19,bantamweight,Decision,0.6038801093903288,0.28340820846923637,0.11271168214043502
64b6b3f836693e4882af28cc,2024-10-26,middleweight,Submission,0.4104571761601809,0.522587761026743,0.06695506281307602
d083631584ac1c4442af2f54,2024-10-26,featherweight,Decision,0.5855598955682152,0.28632753675190514,0.12811256767987964
0fb2c51f918d8f2c887a3970,2024-10-26,welterweight,KO/TKO,0.5778778304230935,0.2633874389453547,0.15873473063155175
4a0a7c62b38099ba662d7540,2024-10-26,light_heavyweight,KO/TKO,0.4019503446396914,0.46826338798799944,0.1297862673723092
c481a4e5d3c8d48d2a063795,2024-10-26,featherweight,KO/TKO,0.48810314428433993,0.41754470413267597,0.09435215158298413
e98deb41ebb14639db7c7876,2024-10-26,middleweight,Decision,0.5619817849784153,0.35519234493119617,0.08282587009038843
8c84124df2963190592ada9e,2024-10-26,heavyweight,KO/TKO,0.22732819161230544,0.6494622357554521,0.12320957263224236
79fce42379f8108d722fa309,2024-10-26,featherweight,Decision,0.6134850394685093,0.32193630086150743,0.06457865966998326
df658a10c24790baf29d4ee5,2024-10-26,light_heavyweight,Decision,0.44246003597597117,0.49384159171406466,0.06369837230996415
c1770a29dd92cea4a6f380c4,2024-10-26,catch_weight,Decision,0.43201247137398374,0.19748244138694082,0.37050508723907555
fa23b82570604d8dd9c63e98,2024-10-26,welterweight,Decision,0.5828238622903886,0.22992094344296787,0.18725519426664358
39f8f786e1f44eddf18e1470,2024-10-26,middleweight,Submission,0.3067005866979312,0.5462483086494442,0.14705110465262464
17cb3fa1910244939c601a11,2024-10-26,middleweight,KO/TKO,0.5937961193079823,0.3074643072090302,0.09873957348298747
f369464f1180832f1d8b7c25,2024-11-02,bantamweight,Decision,0.5622025010097612,0.3705622691850753,0.06723522980516358
e1741bf2713d935c14028fb4,2024-11-02,heavyweight,Decision,0.3986015366410022,0.33972338415741643,0.26167507920158145
6025d5b28df7b99fb482dcce,2024-11-02,womens_flyweight,Submission,0.771665786350693,0.11483018199072303,0.1135040316585839
55b1b3ca9a1864952fc3a120,2024-11-02,flyweight,Decision,0.5004819897077959,0.41073562385526075,0.08878238643694338
88f856cc39f5020603b0cb4d,2024-11-02,light_heavyweight,Decision,0.40205651919228097,0.47249760424193027,0.12544587656578884
1f3e2215dc098945c449f796,2024-11-02,bantamweight,Decision,0.5412246739879605,0.2631317141646053,0.1956436118474341
fcff3a20a805946dcbc5b1f1,2024-11-02,bantamweight,Submission,0.5156584737465303,0.35640263844397546,0.12793888780949428
abebc636424c238657d451dd,2024-11-02,womens_flyweight,Decision,0.7882336499575646,0.12080538193533003,0.09096096810710533
4ac4778bb7788aaec05d064c,2024-11-02,featherweight,Submission,0.5867875581773777,0.22071009122770516,0.19250235059491722
6baeb93f8c6f6b9bd33db412,2024-11-02,womens_flyweight,Decision,0.6450251172323938,0.20611350564123387,0.14886137712637232
dcc9895cbd8b3c0b07f46767,2024-11-02,middleweight,KO/TKO,0.3821406321685034,0.2990858698559582,0.3187734979755383
671290c0c6844812078884b0,2024-11-02,welterweight,Decision,0.3644052148918226,0.3929419733892293,0.24265281171894806
c56faacbd23e859d15f773a4,2024-11-02,bantamweight,Decision,0.6015914657112057,0.31317259256095903,0.08523594172783523
775087a13644ddbfe20dc426,2024-11-09,bantamweight,Submission,0.4630736346651086,0.3116379566230112,0.22528840871188013
1019552fdbf1a6c9ac7389ae,2024-11-09,welterweight,KO/TKO,0.4995649629691337,0.3271597634634041,0.1732752735674623
0e948b30e911a8028bcd9511,2024-11-09,bantamweight,Decision,0.5206513325372605,0.32343394636596945,0.15591472109677013
4fa91a1cfb6740cb784e067a,2024-11-09,middleweight,Submission,0.3632606408841317,0.3263683767221431,0.3103709823937253
82c4427e3f9514cdeb328735,2024-11-09,womens_strawweight,Decision,0.6524972704647924,0.19376709747530196,0.15373563205990556
4493bfb4dc8c9613ac38e90c,2024-11-09,womens_strawweight,Decision,0.5664777316158065,0.17632709795398938,0.25719517043020407
3a681fdfbe596d2fdcae3f62,2024-11-09,middleweight,KO/TKO,0.41499308752243724,0.44092430847447384,0.14408260400308895
6b3506aa31679bb23befa70d,2024-11-09,welterweight,KO/TKO,0.501849964040393,0.43413960511072874,0.06401043084887827
c3c4de6fa97914db9f9aff63,2024-11-09,womens_bantamweight,KO/TKO,0.5716984001707269,0.1715331780340054,0.2567684217952676
1977ecf38fd0fee16b089735,2024-11-09,welterweight,KO/TKO,0.3905053082362413,0.5253226804903796,0.08417201127337913
97dc41469e9c9287cb5fd305,2024-11-09,middleweight,Submission,0.44788286816965733,0.333258239194262,0.21885889263608058
043847b8441b879d0f429697,2024-11-16,welterweight,KO/TKO,0.5865169144986939,0.2633087419325225,0.15017434356878356
4167d3f6070971c8b9d1fde2,2024-11-16,middleweight,Decision,0.37018655815009033,0.35225647141999666,0.277556970429913
9f92f3cfd66a55be8006ffb2,2024-11-16,lightweight,Decision,0.15996856251668184,0.5588441597800313,0.28118727770328683
54cc8d7bd582e5171cc7f70b,2024-11-16,lightweight,Decision,0.5219674186139591,0.3164333175834154,0.16159926380262557
bce7b7de58b92db963e36818,2024-11-16,lightweight,Submission,0.3745888653310893,0.17588239784787538,0.4495287368210352
3e7b3ef93a01e95602563df6,2024-11-16,heavyweight,KO/TKO,0.46312920578188477,0.4797647640063299,0.05710603021178545
fa0177ce9126280f55a43082,2024-11-16,bantamweight,Decision,0.43540558443923916,0.49142495044341955,0.07316946511734128
b5c28155a6e12ff7a5ce6f50,2024-11-16,heavyweight,KO/TKO,0.5704921032823517,0.3516110634879361,0.07789683322971225
03e4a0968b9c873a3c75fe66,2024-11-16,catch_weight,Decision,0.31810503643192073,0.5976430417063658,0.0842519218617134
017db93038090457a9f2ad7f,2024-11-16,welterweight,KO/TKO,0.34798500951389194,0.30081872340771965,0.3511962670783884
a7c487f94464423d6463a35e,2024-11-16,womens_flyweight,Decision,0.6895630382706686,0.18709511463803133,0.1233418470913
46332285a7b69c9d2a12da53,2024-11-16,womens_flyweight,Decision,0.45835070129012495,0.2840959937095272,0.2575533050003478
8811b8fcd2100494af6f8cd5,2024-11-23,bantamweight,Decision,0.3485148258567344,0.3744376353546723,0.27704753878859345
1c95d96871ede2553b9ef069,2024-11-23,flyweight,KO/TKO,0.3485148258567344,0.3744376353546723,0.27704753878859345
c23bd1c8a9009f9e2aa0618e,2024-11-23,flyweight,Decision,0.3485148258567344,0.3744376353546723,0.27704753878859345
b6619e5bf2b8cb1dcad50e13,2024-11-23,lightweight,Decision,0.3725069251193002,0.5442632019106887,0.0832298729700111
e18d6be41f88d838a0ea1d5a,2024-11-23,flyweight,Decision,0.6170539726786992,0.247386544097497,0.13555948322380376
bd0443c550f1a30b6b7d0b7f,2024-11-23,bantamweight,Decision,0.40826748592650686,0.510652539713125,0.08107997436036828
0ff5951760ba7570bb749166,2024-11-23,womens_strawweight,KO/TKO,0.4676214853296186,0.24387794994914747,0.2885005647212339
c6ef3b68243861a699dbc860,2024-11-23,welterweight,KO/TKO,0.3444216428048031,0.5454357470899576,0.11014261010523942
958a5e46c9010601ebb8d398,2024-11-23,light_heavyweight,Decision,0.3732025120834612,0.5231644781811422,0.1036330097353967
77418b65aac3f975237beb9e,2024-11-23,womens_flyweight,Submission,0.5790247558553254,0.3166323507068184,0.10434289343785627
8d8a818c9f17c009e3b85bf9,2024-11-23,bantamweight,KO/TKO,0.6436802340747462,0.1599458583081166,0.19637390761713722
4a920eff3f6c4c24152c2d9c,2024-11-23,womens_strawweight,Decision,0.7740904799275334,0.156910754764645,0.06899876530782165
ab152d7ea0e03fcd72fe5e3e,2024-11-23,light_heavyweight,KO/TKO,0.24567741127887105,0.6748598365735661,0.07946275214756282
8bec3556efa0aff00fc6942a,2024-12-07,flyweight,Submission,0.42815873216124656,0.36178178190427035,0.21005948593448312
9635f631a62e6cac838fac30,2024-12-07,featherweight,KO/TKO,0.48961536719693566,0.20602258734652765,0.3043620454565368
0304da4371ba534498bbfa00,2024-12-07,catch_weight,KO/TKO,0.6148387525756311,0.2583013143836145,0.12685993304075432
b7f0d52ab8dd1cb8f75d38c6,2024-12-07,heavyweight,Decision,0.4721137377681174,0.4071296037061411,0.12075665852574162
228014fdd9ac575ec9d83932,2024-12-07,lightweight,Submission,0.3869299590221893,0.2596636467597423,0.3534063942180684
b17d607483172d5ebfb86b98,2024-12-07,flyweight,Decision,0.38075496279407123,0.3429571579051907,0.276287879300738
5fcd9b73e591e02031a00a9e,2024-12-07,light_heavyweight,KO/TKO,0.35571976134771033,0.4627591758513349,0.18152106280095487
3e73e0845cfe08a1abaa6d7f,2024-12-07,heavyweight,KO/TKO,0.41430176391739537,0.4896710926987367,0.09602714338386797
034ec1f2c225729b14c0dfca,2024-12-07,welterweight,Submission,0.6247683346810275,0.2033514075402501,0.1718802577787222
ba2176c71f65397aaa94d50a,2024-12-07,featherweight,Decision,0.6973032114967347,0.17605586308381746,0.12664092541944796
44dbc5139ac2ed24c255f5cc,2024-12-07,featherweight,KO/TKO,0.4396885635819264,0.4634137936959556,0.09689764272211812
9f2b7751f55b139930a7745b,2024-12-07,welterweight,Decision,0.3511989375179054,0.5540633590073024,0.09473770347479214
23e3d1acad9c979ed26efd91,2024-12-07,welterweight,Decision,0.2572956806916426,0.5621566639323166,0.18054765537604078
2bee7e4cb43cb0eed55b0645,2024-12-07,welterweight,Submission,0.4488470460438407,0.45341605211230696,0.09773690184385239
f0b0735efef392fe0658fcdb,2024-12-14,bantamweight,Decision,0.37521678894578897,0.5521125086185588,0.07267070243565224
bec4c121d2e352da409b0252,2024-12-14,welterweight,KO/TKO,0.6155476743175036,0.3255875130671886,0.05886481261530794
7915719a146e85eb8bf4ac4e,2024-12-14,featherweight,KO/TKO,0.44795690442936426,0.43077420890412704,0.12126888666650862
7b9f48d7590f393ee2bc937d,2024-12-14,bantamweight,Decision,0.6419940981361532,0.3153410042256106,0.04266489763823632
14139c465fda81dd1f24724d,2024-12-14,lightweight,KO/TKO,0.3865658994806936,0.39422187289776084,0.21921222762154557
ee992fcfb2c3ec848b22bf51,2024-12-14,womens_strawweight,Decision,0.6930082909922337,0.16045652930554916,0.14653517970221713
a4bd67e5bf952f768ee5f2d7,2024-12-14,flyweight,KO/TKO,0.45068893566721796,0.44818464973272415,0.10112641460005786
3d0468e9f5fdbbc6bcf4b92f,2024-12-14,lightweight,KO/TKO,0.38908043212513194,0.4857818547208215,0.12513771315404665
8545cb07c6efcc3f4da59517,2024-12-14,featherweight,Decision,0.5283320033969466,0.251643076977154,0.22002491962589935
01916ac920a0f4fd7230f3cb,2024-12-14,womens_flyweight,Decision,0.7072627640888052,0.2074688280603466,0.08526840785084822
282c2ae10a81491eae36a47a,2024-12-14,light_heavyweight,Decision,0.3636336218558755,0.4775923408940244,0.15877403725009995
92bbcef9c67dd1b7eb6c690e,2024-12-14,featherweight,KO/TKO,0.3816420595132965,0.43626762212391573,0.1820903183627876
1fcccda17da14ab9603a0f66,2024-12-14,light_heavyweight,KO/TKO,0.3459494677173692,0.49520959106455115,0.15884094121807976
