fight_id,fight_date,weight_class,method_label,p_Decision,p_KO/TKO,p_Submission
26b46336baf995109799d0e8,2019-01-19,lightweight,KO/TKO,0.46570947330522994,0.3590464248108353,0.17524410188393474
38913c7a553efd0ea27c4ce6,2019-01-19,light_heavyweight,KO/TKO,0.3229080333439918,0.44363991781089457,0.23345204884511372
8126ece57175e39d22722e5b,2019-01-19,welterweight,Decision,0.4276663544195031,0.3558861525202556,0.2164474930602412
fb232738136fb41408e97318,2019-01-19,bantamweight,Submission,0.4380519678227274,0.3581744071366909,0.20377362504058177
cbce63c7e16d47b29e74d88a,2019-01-19,lightweight,Decision,0.49566123421934094,0.30799071020933716,0.1963480555713219
9a7c75d28b2227d353ffee0b,2019-01-19,light_heavyweight,Submission,0.3591789761638052,0.4270690681204287,0.21375195571576602
5678ee79359ee825af2c6cf6,2019-01-19,lightweight,KO/TKO,0.42620745081603784,0.35808281612568127,0.21570973305828095
25a9c1526fc208e6c7fe38c0,2019-01-19,flyweight,KO/TKO,0.5069296851530434,0.3533367916973702,0.13973352314958645
7c630f0caa70766b4c9772ba,2019-01-19,womens_flyweight,Decision,0.4398820285132874,0.33548872994235135,0.22462924154436134
16e5b4cb10bf8316f059f140,2019-01-19,flyweight,Decision,0.5731562534187845,0.3154977513488134,0.11134599523240211
e290c1a53b53c40025a2f302,2019-01-19,welterweight,Submission,0.478827422441394,0.3123160165055281,0.2088565610530779
24cb0110e15bf9500f3a20ae,2019-01-19,womens_flyweight,Submission,0.5338259957029089,0.21228191059931514,0.253892093697776
8efd36d5f3360c4d96328383,2019-02-02,lightweight,Submission,0.4622772340119171,0.2934785435838212,0.2442442224042618
414613fb990b2e1f8744a998,2019-02-02,welterweight,Submission,0.42350651070817885,0.3815734756889733,0.19492001360284789
1b0fda4335818f786b8d6f2f,2019-02-02,featherweight,Decision,0.42733773973624095,0.2790427326089686,0.29361952765479055
1953db6fe5b9744c1843dd12,2019-02-02,light_heavyweight,KO/TKO,0.3807880093993984,0.4678717209997349,0.1513402696008668
1cd6203b9577bfd25372eb22,2019-02-02,featherweight,KO/TKO,0.6103078009322381,0.2508515698506358,0.1388406292171262
22cbf1de4862c931b9f97a10,2019-02-02,heavyweight,KO/TKO,0.3402171259971497,0.512196277807077,0.14758659619577325
7342c697833ab7bab79bea3e,2019-02-02,womens_strawweight,Decision,0.4269726650366515,0.22416442935203687,0.34886290561131167
f0a78186a92cdad28af6e943,2019-02-02,flyweight,Decision,0.32576372214746535,0.31568350770429393,0.35855277014824066
4523cf854ff48df6d66ba36f,2019-02-02,womens_flyweight,Decision,0.49746493227664523,0.24997690419132718,0.25255816353202765
34446cbf52a1732388aac036,2019-02-02,middleweight,Submission,0.40867653761976963,0.286834395739952,0.3044890666402783
5467de70ec0bbfc6ea3f127e,2019-02-02,bantamweight,Submission,0.3939267261458457,0.44886020993912773,0.15721306391502665
15c9bca416c7204a3b9a9692,2019-02-02,bantamweight,KO/TKO,0.6018782751497288,0.2601314769258589,0.13799024792441217
f50a16321d311cfb1f168e8c,2019-02-02,welterweight,Decision,0.5358985130308316,0.3469473705937239,0.11715411637544446
1d74549a59fbd93e268d0046,2019-02-09,lightweight,KO/TKO,0.3785732561257202,0.37680893491571554,0.24461780895856425
e4525ba53a52b5b0857e967c,2019-02-09,lightweight,KO/TKO,0.4547800962818161,0.3715063944170739,0.17371350930110996
896c12a96bf1da79303bc533,2019-02-09,middleweight,Decision,0.4704087474972571,0.3921022840843785,0.13748896841836447
fcaa078b4857c278dceb747d,2019-02-09,light_heavyweight,KO/TKO,0.4031502431456505,0.3877420977551208,0.20910765909922885
b253a6a048ba0dd83a41d3a3,2019-02-09,flyweight,Decision,0.4867999991532907,0.2750097962139937,0.2381902046327155
4c10bda573f8c01d3c440405,2019-02-09,lightweight,Submission,0.4502812582089274,0.37925991948538673,0.17045882230568582
5fe9e229550df4983795b5be,2019-02-09,womens_flyweight,Submission,0.6058143412912942,0.16341059481450296,0.23077506389420283
5ad3dfcbceb50baabf4a06f1,2019-02-09,bantamweight,Decision,0.5610608366029662,0.2185639724424308,0.22037519095460292
19c65e9f1f86ac03182841f4,2019-02-09,featherweight,Decision,0.5980591608479663,0.2720535393349494,0.12988729981708436
b320535a9010e893cc6fe892,2019-02-09,bantamweight,Submission,0.5255220159657754,0.23593909548305633,0.23853888855116817
ca6f6af371cc512b6d1734d5,2019-02-09,bantamweight,Decision,0.5675304471141898,0.263663649166912,0.1688059037188983
fb545f795d0e191fdab5bb79,2019-02-17,womens_strawweight,Submission,0.5674342869733853,0.22152188726906122,0.21104382575755337
3a7293241a2a807fa182f6f5,2019-02-17,featherweight,Submission,0.505448613153984,0.3041834263496771,0.19036796049633886
90e1f32d8c4d591b474fd0de,2019-02-17,featherweight,Decision,0.503884731971382,0.3312992787306294,0.16481598929798874
3038757c3f23bac29c322002,2019-02-17,womens_flyweight,Decision,0.6099279132666879,0.21459449025907634,0.17547759647423564
c015f09a4e1bf33ced9384e3,2019-02-17,bantamweight,Submission,0.47957249347858144,0.23971301331792355,0.2807144932034951
5891d36900849c98a50352f1,2019-02-17,womens_strawweight,Decision,0.6162394973200259,0.17057702377857228,0.21318347890140188
6959921b10f78a71e64300e8,2019-02-17,heavyweight,KO/TKO,0.2827553052058655,0.5916745357637335,0.12557015903040103
657a85fc997ba3106e9c502b,2019-02-17,lightweight,Decision,0.5044705907499903,0.32203043362724554,0.17349897562276406
ca78a58998323e4f9fdbc72f,2019-02-17,bantamweight,Decision,0.6033626690835743,0.24527836846062434,0.1513589624558014
8cc10441cbf2614f8785b729,2019-02-17,bantamweight,KO/TKO,0.5208150080898588,0.3047683244754938,0.17441666743464748
6118a8c78447f0434395fc87,2019-02-17,lightweight,Decision,0.563446419309832,0.286215543914839,0.150338036775329
38cec55ae4c31d673c6a5cb7,2019-02-17,welterweight,KO/TKO,0.43139560645321046,0.36360497663882946,0.20499941690796006
9e4bab0c77a4e9c538d5684c,2019-02-23,lightweight,KO/TKO,0.4939313481754087,0.36059048171783487,0.1454781701067565
e7306a3ff9867fb2e7e85ac2,2019-02-23,lightweight,Decision,0.4919881451975781,0.27682362481587547,0.2311882299865464
c622965b0bcf635ba617dbb7,2019-02-23,featherweight,Submission,0.5097546139187911,0.2902569051629936,0.19998848091821536
f6151b74f7346e29cfac2985,2019-02-23,welterweight,KO/TKO,0.5311657484959318,0.31061470632976973,0.15821954517429854
bb340698ea1e7e4cc05fe35d,2019-02-23,light_heavyweight,KO/TKO,0.37896091310838825,0.48890071561263615,0.1321383712789756
1f68dad92eb77d22953924b9,2019-02-23,light_heavyweight,KO/TKO,0.34295749242949874,0.4965270734938818,0.16051543407661947
f20354ebb869644c4afccb40,2019-02-23,bantamweight,Decision,0.5372768003004494,0.3219705515899906,0.1407526481095599
68976dec066e7619e206ce8d,2019-02-23,womens_flyweight,Decision,0.5905396693167735,0.2569531207496167,0.15250720993360994
56cbf3ea04dbca631e7d843e,2019-02-23,light_heavyweight,Decision,0.3223511571444956,0.5096093946413588,0.1680394482141456
097be1f05c2d7e6e94d40303,2019-02-23,welterweight,Decision,0.4055570937461111,0.33208430153665736,0.26235860471723155
63c32ebc206ee6106b382e72,2019-02-23,lightweight,Decision,0.4807457276636771,0.3380918505834975,0.18116242175282546
fdd038da2b5f04c16971323a,2019-02-23,heavyweight,Submission,0.28293858734010036,0.5457546379005614,0.17130677475933806
c89ca4669b8e6877497edfa3,2019-02-23,womens_flyweight,Submission,0.5112390029928071,0.2136197782623127,0.27514121874488
1b1fe5662b3d023466c64bc5,2019-03-02,bantamweight,KO/TKO,0.48453408836306394,0.3324637550510501,0.18300215658588606
947d498d822062457d1e667e,2019-03-02,bantamweight,Decision,0.6213329200805524,0.25622772922292875,0.12243935069651891
0d13e65dd754b3f1bc58e7b8,2019-03-02,welterweight,KO/TKO,0.39177049511174367,0.3425444359884013,0.2656850688998551
54daae7c0fa28da8ca71a0f5,2019-03-02,middleweight,KO/TKO,0.42569654126132117,0.31629905553640614,0.2580044032022727
d15183f063880d7d4e9bbce1,2019-03-02,womens_bantamweight,KO/TKO,0.4904154250026734,0.21899755753420871,0.29058701746311777
5b92ec9d7c9365ea015380d9,2019-03-02,featherweight,Decision,0.5830496648367937,0.2508262647929702,0.16612407037023613
e6b1f51548c2ef5176c0c18c,2019-03-02,light_heavyweight,Decision,0.36478901597532654,0.5227193337374262,0.11249165028724735
a4499ea5511393f5c9bd2dbd,2019-03-02,light_heavyweight,KO/TKO,0.28569584753729577,0.479795295026076,0.23450885743662836
593c1b1e6c82dec285a0ca06,2019-03-02,womens_strawweight,Decision,0.5078756254892927,0.24620553207623264,0.24591884243447468
fb04d1b737f436ebc97b03b4,2019-03-02,welterweight,Submission,0.4805614345182076,0.381641537113652,0.1377970283681405
568a7229b4b06a6455408f13,2019-03-02,womens_strawweight,Decision,0.6449560317674118,0.181139310301934,0.1739046579306542
75fc305627143c9630ca9bf5,2019-03-02,welterweight,Decision,0.44697458293230086,0.44335755969678414,0.10966785737091497
818abb53258da411751b41a4,2019-03-09,welterweight,KO/TKO,0.5671596053239262,0.2838007892716721,0.14903960540440164
2af546ec2d6b95fc63d0c56e,2019-03-09,lightweight,Decision,0.49741517261138657,0.34336023925747955,0.1592245881311339
58e767357e6d5c8330f66f2f,2019-03-09,welterweight,Decision,0.5275154584346824,0.3107280735372594,0.1617564680280582
aeb99a1990e3cb523a3641f3,2019-03-09,lightweight,Submission,0.5131179475506189,0.2912457101846916,0.19563634226468948
57bb3b3ccfd9285941e2f474,2019-03-09,heavyweight,Decision,0.5100903707266874,0.3580604646817956,0.13184916459151697
e0fd283d4ad215ea9c9ecb5f,2019-03-09,heavyweight,KO/TKO,0.34768246796124,0.5270316195620288,0.1252859124767311
91dd9ae4e12f09809b994011,2019-03-09,welterweight,Submission,0.5428378355253958,0.33839698127126644,0.11876518320333768
a822ba1d485f0fc8ac120f48,2019-03-09,featherweight,Decision,0.4052943479253424,0.31632867643461376,0.2783769756400437
5b43785643265dac8e96f96a,2019-03-09,bantamweight,Submission,0.49099989637817654,0.25970544722988703,0.24929465639193646
33db1b31bad9e3c347f5d190,2019-03-09,womens_bantamweight,Decision,0.5308179984630426,0.2532129802180099,0.21596902131894757
e992a27d67c8e35a59363798,2019-03-09,heavyweight,Decision,0.30883211221196805,0.41123740506256523,0.2799304827254666
1598348e4d6680280ca7ecb1,2019-03-09,middleweight,Decision,0.4537904328838444,0.4028463257281022,0.14336324138805337
5793b77c4043eadce8dbc1a1,2019-03-09,welterweight,KO/TKO,0.4168954989952874,0.3794841349583932,0.2036203660463195
3b895d43f522ada07f4959b0,2019-03-16,featherweight,Decision,0.5761284719513938,0.2194439457890703,0.2044275822595358
6d70742b8f98faa563b821eb,2019-03-16,featherweight,Submission,0.43523895549451364,0.2629276778071532,0.30183336669833327
ace5bfe86e4b0d6735973199,2019-03-16,welterweight,Submission,0.4658049154068027,0.35778310010921394,0.17641198448398346
353e4c10440a62ea4553e3ff,2019-03-16,welterweight,KO/TKO,0.4048352746903969,0.46425630100778825,0.13090842430181487
20e86b5d807bb2dc387b78f3,2019-03-16,middleweight,Decision,0.49025004913582065,0.37447562615475616,0.13527432470942316
f7dfb4e06c955b5b53ddc717,2019-03-16,welterweight,Decision,0.5606550033036928,0.27037978267416374,0.16896521402214337
6cac406144299eba656c31c8,2019-03-16,lightweight,Decision,0.4854525990449878,0.2940323588777839,0.22051504207722822
bf87589c5256203f65f72bbf,2019-03-16,featherweight,KO/TKO,0.5246779570727561,0.2783212339908944,0.19700080893634941
0cc779241aa11d55442d44dc,2019-03-16,womens_flyweight,Decision,0.4922678032810075,0.2815652137980005,0.22616698292099194
9f29624a5aa95c6c6caf75e2,2019-03-16,bantamweight,Submission,0.5907521213897085,0.21575372849364094,0.19349415011665064
8f38415a1100e141bbd92841,2019-03-16,light_heavyweight,Decision,0.342897895099983,0.48835538247902244,0.16874672242099462
10ac2affd027d19e4dc0a8e1,2019-03-16,light_heavyweight,Decision,0.3649586148943714,0.46546274986509084,0.16957863524053773
e694a2560234a188ae42e974,2019-03-23,womens_flyweight,Decision,0.6459347948755885,0.19953407141302135,0.1545311337113902
9c5f20dcf4b276ed3c4a12e7,2019-03-23,featherweight,Decision,0.4378521870879345,0.2539552063328,0.30819260657926556
de2f47976573bf170793803f,2019-03-23,heavyweight,Decision,0.41570228509393226,0.4511897187631571,0.13310799614291063
f9b2cc6068c2ae45506e9313,2019-03-23,flyweight,Decision,0.48878084228255275,0.2710886068771863,0.24013055084026097
6871ce208868dbd843118f56,2019-03-23,lightweight,Decision,0.55674822837187,0.3025210818311531,0.1407306897969769
3507718bfe13d92f6054b9ed,2019-03-23,flyweight,Decision,0.5494978860497446,0.27401914122243415,0.17648297272782124
57da958cc94cc83554eaeebb,2019-03-23,featherweight,Decision,0.6026428138780089,0.2217330697184837,0.1756241164035075
95a795d06d973c01bcfd4990,2019-03-23,bantamweight,KO/TKO,0.5287427029074822,0.2692564786174123,0.20200081847510543
ab7c36995971e72c6d2cbf53,2019-03-23,womens_flyweight,KO/TKO,0.6132692922876581,0.25825388299668084,0.12847682471566096
adccd3ef67929e7be8b0fb1f,2019-03-23,womens_strawweight,Submission,0.6651570564807551,0.21136724034021245,0.12347570317903248
a6ca1f430b5ef469ba343397,2019-03-23,bantamweight,Decision,0.4393315779902098,0.30787064674092884,0.2527977752688614
d9300b28ce089ff86c099e9b,2019-03-23,welterweight,KO/TKO,0.4428948902412027,0.4066884304212029,0.15041667933759445
84ee51fdab49a6792b09df2b,2019-03-30,bantamweight,Decision,0.4770167381792983,0.28966499589562555,0.2333182659250762
b2272144ef0de0d983b37600,2019-03-30,middleweight,Submission,0.45378757817938725,0.3803566685469965,0.16585575327361615
4d97ae90607b612a50988191,2019-03-30,lightweight,KO/TKO,0.37274833129638674,0.5030502189968546,0.12420144970675862
477250ca2a15d6683e877e00,2019-03-30,featherweight,Decision,0.5894948627020656,0.27903420381794686,0.13147093347998756
f3fc62d38088caaf5eec0fe5,2019-03-30,featherweight,KO/TKO,0.5713413117213474,0.3209973336947549,0.10766135458389775
25a0d90348d39625a4f0314b,2019-03-30,womens_strawweight,Decision,0.6416281268232265,0.1850692983123061,0.1733025748644673
889f1c72aefbecafdff832f9,2019-03-30,light_heavyweight,Submission,0.30247402546156993,0.434457580876595,0.26306839366183504
5396918119ed934b0af80bcb,2019-03-30,middleweight,Decision,0.4296728512014262,0.3065099790061607,0.2638171697924131
9496decacd91b03a238021e2,2019-03-30,womens_strawweight,Decision,0.5569633554489279,0.2847087857835377,0.1583278587675345
865dd8ea788e2e501a2f6b3d,2019-03-30,bantamweight,Decision,0.4296610584357004,0.2309387765813997,0.3394001649828998
acba98dfe391a402c7725c1a,2019-03-30,lightweight,KO/TKO,0.6001294481394719,0.2799236065372708,0.11994694532325742
bce69a101b3313de146183e7,2019-03-30,womens_flyweight,Decision,0.5462429482972494,0.2210319871239913,0.23272506457875936
12e81505192fb36cefeaab8b,2019-03-30,featherweight,Decision,0.5208571884860351,0.32123032720294653,0.1579124843110182
3f60dec25b566435df7cedec,2019-04-13,welterweight,Decision,0.4435508601468977,0.43246340339889205,0.12398573645421018
7e8869149838e8184f1e5273,2019-04-13,bantamweight,KO/TKO,0.5020360111673732,0.2646558778942444,0.23330811093838252
289890fb9419def12213ee83,2019-04-13,bantamweight,Submission,0.5149207229039373,0.31233228782749817,0.17274698926856463
b784ab0811d40210660ce193,2019-04-13,welterweight,Decision,0.5555929141978968,0.3349224062245943,0.10948467957750892
4ffab5007df4ff7646771e21,2019-04-13,light_heavyweight,Decision,0.3771073678287272,0.48685289389257386,0.13603973827869897
33ebcc2e07caca97f069be07,2019-04-13,lightweight,Decision,0.4216970331659062,0.3986363865240726,0.1796665803100213
a7712c32403c49d7bbe8592a,2019-04-13,middleweight,Decision,0.44289044063350386,0.4356660078343373,0.12144355153215881
cfbe4a97e3e72c4468debf09,2019-04-13,womens_flyweight,Decision,0.560437943781667,0.2758262886538121,0.16373576756452096
3ad810f66b297f4a1e28f412,2019-04-13,welterweight,Decision,0.4567291163528351,0.38182216501360905,0.16144871863355592
5515c14ec2037b702fc825e9,2019-04-13,lightweight,Decision,0.35113845515144715,0.47375970164206693,0.1751018432064858
e22e3562dae8dfff221df22f,2019-04-13,bantamweight,Decision,0.5130470563365125,0.26543646135068366,0.22151648231280385
86ba5ba8d5b95634ce58b762,2019-04-13,light_heavyweight,Submission,0.3182657992753424,0.49899087827190763,0.18274332245274996
1c9726808f14ddd59d42d22d,2019-04-13,flyweight,KO/TKO,0.5703169244432518,0.2294349904890302,0.20024808506771796
8de90dc8a38f56cfd96d944d,2019-04-20,lightweight,Submission,0.4593316378364589,0.32984856303804544,0.2108197991254957
b9b4e5d3157c57087a7a77b4,2019-04-20,heavyweight,KO/TKO,0.2493791126382407,0.5456874110871399,0.20493347627461936
a13f15fd4cc899207fc13e71,2019-04-20,light_heavyweight,KO/TKO,0.2923753864994975,0.4589911325045679,0.24863348099593452
663b41c840a325072588a36b,2019-04-20,lightweight,Decision,0.3915286054497449,0.28872679037198534,0.3197446041782698
1b6f229338f50db52565e59c,2019-04-20,middleweight,Decision,0.447058848738368,0.3374007456853401,0.215540405576292
815560d234b6ccedda48743e,2019-04-20,lightweight,KO/TKO,0.39552033342655424,0.3410254889354,0.26345417763804563
91f5f9dbe58e9a59f5f3a499,2019-04-20,heavyweight,KO/TKO,0.5146473090421129,0.3825673733705659,0.10278531758732126
f973994e8ab6d25d2f5f2c88,2019-04-20,featherweight,Decision,0.42733773973624095,0.2790427326089686,0.29361952765479055
af7c348666716dc73218dc9a,2019-04-20,womens_flyweight,Decision,0.5955606890732328,0.287654552139478,0.11678475878728915
7bb40837872b53468491b077,2019-04-20,heavyweight,KO/TKO,0.4059727166460573,0.42165665136282476,0.17237063199111793
7b6b18993ce6ee3086c6f10e,2019-04-20,welterweight,Decision,0.5803227373717843,0.27378937070768783,0.14588789192052776
5f2baffa9f9e18070dd69e1d,2019-04-27,welterweight,Decision,0.4546762648850024,0.3738284613047475,0.1714952738102501
b031eded632dd94461f4a954,2019-04-27,heavyweight,Decision,0.4291673096627395,0.4634864726862601,0.10734621765100047
915cc3326771dcb5012f05cb,2019-04-27,womens_strawweight,Decision,0.6642740797248432,0.20982744356304667,0.1258984767121101
cbe370d6e9437f7454094401,2019-04-27,welterweight,KO/TKO,0.38865085543299865,0.37073026955771643,0.24061887500928494
a3f24c5dfdbc1c1cb8b01ef2,2019-04-27,womens_strawweight,Decision,0.545942401606092,0.20934584672618897,0.24471175166771902
3f0c08354e145c02110fd0a2,2019-04-27,welterweight,Decision,0.4628869373003177,0.34437425628639484,0.19273880641328742
6f066ff33c959ab559b7a1cb,2019-04-27,lightweight,Submission,0.48370542435391006,0.2870182395005013,0.22927633614558868
cf0c668767f8f59b49b1d46b,2019-04-27,light_heavyweight,Submission,0.3819004492116758,0.4653177190703784,0.15278183171794588
d7a529c7a59a0342b202024e,2019-04-27,heavyweight,KO/TKO,0.3652606756441215,0.4796015196790641,0.15513780467681446
810334f59f27e21035e1f127,2019-04-27,middleweight,Decision,0.35089328703450184,0.4420471129702929,0.20705959999520526
56ca651437d7cc1d573c3970,2019-04-27,lightweight,Submission,0.47287876679805835,0.27080795894129234,0.2563132742606493
64e530283564ae1339632e0b,2019-04-27,bantamweight,Decision,0.45484527086373006,0.32269994931230145,0.22245477982396847
734a75344024157915995e4a,2019-04-27,lightweight,Decision,0.4297633319943302,0.27257273229979706,0.29766393570587285
3a807e46fc597761a9a248a3,2019-05-04,bantamweight,Decision,0.5934636237180012,0.24644785247975992,0.1600885238022389
4afd8778c789a9d76835ce0a,2019-05-04,lightweight,Decision,0.3521551551132992,0.49849760638251217,0.14934723850418868
ffc7edb9f4fdd9e856d76689,2019-05-04,heavyweight,Decision,0.5047346386327645,0.3775472031594986,0.1177181582077369
aa35b011a1662c7027e70524,2019-05-04,bantamweight,Decision,0.632203433666688,0.23186210071199198,0.13593446562132008
640f1b8fcbd5c004e9cb36a7,2019-05-04,featherweight,Decision,0.5476719921969659,0.3229887436714667,0.12933926413156732
3b1a562aa4ebab0784fd7bc0,2019-05-04,middleweight,Decision,0.46003622029847147,0.4022314745529654,0.13773230514856327
1b63ea904ebd2957ee46991c,2019-05-04,featherweight,Submission,0.5128997141692567,0.2919631990094971,0.19513708682124625
89394eb01e7784b2c428333d,2019-05-04,womens_bantamweight,KO/TKO,0.4794196904415505,0.24431358686074453,0.276266722697705
dbedbc64c66202909e1eec7a,2019-05-04,middleweight,Decision,0.4784323325315935,0.34281598433252086,0.17875168313588571
9e20d5adcc49052c74014626,2019-05-04,bantamweight,Decision,0.40579162714622324,0.30129248242791884,0.2929158904258579
978214d16c31f8696f47f29f,2019-05-04,welterweight,Decision,0.4708371281574666,0.3853446023910204,0.14381826945151302
e124311e45865d724207e325,2019-05-04,heavyweight,KO/TKO,0.2954623196180593,0.5338547344670712,0.17068294591486943
e7073ba5faca0ccac9ce2fcd,2019-05-11,lightweight,Decision,0.5529073161219344,0.3039253419479867,0.14316734193007868
69669b5e3b46042a05eb0823,2019-05-11,womens_bantamweight,Submission,0.6704312837828774,0.2156918806168318,0.11387683560029081
91bd5d42cc6416e430dd43ed,2019-05-11,middleweight,KO/TKO,0.4556072179092418,0.4114212270420677,0.13297155504869054
4afd58b0d8a55895c868a02e,2019-05-11,featherweight,Decision,0.5684511006210975,0.30854360097529365,0.12300529840360898
81a04e8caf79fb727607d237,2019-05-11,womens_flyweight,Decision,0.5288032530091195,0.25730885547511984,0.2138878915157607
10d59155db6aa78a1427c454,2019-05-11,bantamweight,KO/TKO,0.4856636408685532,0.27052915183509985,0.24380720729634708
9249808c94f3d6dfdf9af36b,2019-05-11,light_heavyweight,KO/TKO,0.4384212891962168,0.42774942191231813,0.133829288891465
6c73f1b4fdd41c4e4e6654da,2019-05-11,womens_strawweight,KO/TKO,0.5273554738129753,0.2974461695069455,0.1751983566800791
d89982d834ee44a1b667b66f,2019-05-11,womens_bantamweight,KO/TKO,0.5747991402804633,0.21800974067455564,0.20719111904498103
8296e0d578cb9314c68eee1d,2019-05-11,welterweight,Decision,0.5507544290171656,0.34022636250780686,0.10901920847502743
365fefe34135160ec5455d1f,2019-05-11,lightweight,Decision,0.5074665515613926,0.2647023330092401,0.2278311154293671
6cec7d8a2c1e3df9f294b43a,2019-05-11,welterweight,KO/TKO,0.5402501383718441,0.3102747789549396,0.14947508267321633
363d78001101e6229c0a2b0a,2019-05-18,middleweight,Decision,0.5447549704589381,0.26720132514638134,0.1880437043946805
3f0251bc27145aab23db9546,2019-05-18,womens_bantamweight,Decision,0.49787132065744805,0.33784243909701545,0.16428624024553645
50d9e85f3686903269809172,2019-05-18,lightweight,KO/TKO,0.46407249925905625,0.268314793305559,0.26761270743538473
7d905c953ba73d1a68ead277,2019-05-18,welterweight,KO/TKO,0.41870491596119636,0.3968607688222205,0.1844343152165831
6bc2a392929414c465042a48,2019-05-18,lightweight,Decision,0.429501707207034,0.2656097630615528,0.30488852973141317
0f6484b736a7f3cc7aba63cc,2019-05-18,lightweight,Decision,0.5059251818069224,0.30474822423061143,0.18932659396246623
db76119921bdd0ed497b32f1,2019-05-18,featherweight,KO/TKO,0.6028058164828943,0.2106355312457309,0.1865586522713748
33c355ad10b62e7d1de78d9c,2019-05-18,womens_featherweight,Submission,0.4335170216644669,0.32301711506621483,0.24346586326931835
bc3a021cd3cf61e555021000,2019-05-18,featherweight,Submission,0.5878717192119659,0.24240913274317677,0.16971914804485735
3c180878faf99b21bf865fd0,2019-05-18,light_heavyweight,KO/TKO,0.44743573935757136,0.39731119901103484,0.15525306163139369
ca96343028b62aeda9c60fe9,2019-05-18,welterweight,Submission,0.4430417181731101,0.3672277420642499,0.18973053976264007
2a18e106ad1da3effa28ec4b,2019-05-18,welterweight,KO/TKO,0.3708873663254117,0.4104256361696059,0.21868699750498236
05e89105390245833a6794d2,2019-05-18,middleweight,Submission,0.434259687123766,0.3950467002295451,0.17069361264668878
e79d9d724c1b4f49a9c151d5,2019-06-01,light_heavyweight,Submission,0.2711743811914532,0.6201238604343015,0.10870175837424534
51130eaae559739d2277bccb,2019-06-01,womens_bantamweight,Submission,0.4421914964945887,0.2545335547176846,0.3032749487877268
376fca1b2417ed080dc55d71,2019-06-01,lightweight,Decision,0.48359935683128663,0.2997648577751941,0.2166357853935191
6c857bc2b1611cd86b8a59d5,2019-06-01,featherweight,Decision,0.4985668412633924,0.3008702681937219,0.20056289054288565
b2a972b374869a366d3b02ae,2019-06-01,light_heavyweight,Decision,0.3662740509108485,0.4677942538733078,0.16593169521584356
9a09782a2c405f04f7df2ff8,2019-06-01,light_heavyweight,KO/TKO,0.3575093157472299,0.529677572201298,0.11281311205147224
44f4f36c18cd30f4a78e8d2d,2019-06-01,lightweight,KO/TKO,0.5043994926139002,0.2788670378986127,0.21673346948748715
c4311f2a96b7cc37340ba09a,2019-06-01,featherweight,Submission,0.4385888395671109,0.2495672658250677,0.31184389460782136
2fcd04431581330b8a2d18a7,2019-06-01,lightweight,KO/TKO,0.6077471539246172,0.263635456237115,0.12861738983826776
0f14442a17f1f00f94f2d4c5,2019-06-01,welterweight,Decision,0.38550627671089943,0.33418298851860645,0.28031073477049406
7f95ca9ac1c70cd00b0cce57,2019-06-01,lightweight,KO/TKO,0.4783605380360099,0.3390113137706701,0.18262814819332002
42e3da20fad88525160d375a,2019-06-01,womens_bantamweight,Decision,0.5689543235422732,0.26682470260845215,0.16422097384927475
bd6e6031555f600f46ab4f03,2019-06-08,bantamweight,Decision,0.4990863703439617,0.2849762718893426,0.21593735776669562
95939d218a1d60a883da95bc,2019-06-08,middleweight,Decision,0.4619465113802234,0.3896333318843571,0.14842015673541964
266ee3a1c82efd700b8f5aa3,2019-06-08,bantamweight,KO/TKO,0.48079434467238863,0.3524382842205793,0.1667673711070321
f07b57e2716471ad3302c0ee,2019-06-08,bantamweight,KO/TKO,0.3914543803275458,0.44070413758165455,0.16784148209079972
5ef23b9557a9feefb97696b1,2019-06-08,bantamweight,Decision,0.5864157161750032,0.29564924261630215,0.11793504120869479
3f6311a5a0724f605b206cd2,2019-06-08,womens_strawweight,Decision,0.632631327468664,0.22792426129775387,0.13944441123358214
d207301a7745b122f84fef97,2019-06-08,womens_flyweight,Decision,0.6525749417735471,0.2063986197916942,0.14102643843475868
1e7a85d2f5574c5627c3eea1,2019-06-08,featherweight,KO/TKO,0.4990626763480825,0.3357988802657229,0.16513844338619474
911a1fa0c445df7f0dd12d7b,2019-06-08,heavyweight,Decision,0.49856255906431496,0.3926149296776459,0.10882251125803918
3c6aa7bfcdac2bb433f30323,2019-06-08,womens_strawweight,Decision,0.6543255409659965,0.17867167241711243,0.16700278661689108
4e48afdd0e292d5f0e86fabf,2019-06-08,lightweight,KO/TKO,0.4759596821327566,0.3365125884663857,0.18752772940085766
47652b43ae72f5590c7a1882,2019-06-08,womens_flyweight,KO/TKO,0.5804915932886479,0.26552132870749623,0.15398707800385592
269fbddfdcbebe8e4bdb4b8c,2019-06-08,womens_strawweight,Decision,0.6645991461934359,0.21118995295125803,0.12421090085530613
ce49a5280ca93930a0ebe85b,2019-06-22,heavyweight,KO/TKO,0.25709270816748764,0.5910994682513011,0.15180782358121114
41f5e50f9ae0bfaed31ee510,2019-06-22,bantamweight,Decision,0.5726776787752874,0.24667090127901187,0.18065141994570075
f692e76cf277eacf2a442090,2019-06-22,womens_flyweight,Decision,0.6025405551400353,0.16945429606273438,0.22800514879723033
72cedfae58fa44321b69b949,2019-06-22,womens_flyweight,Decision,0.6125725117810427,0.20355024092266746,0.18387724729628988
32ff903f72c4276ea24d999b,2019-06-22,womens_strawweight,Decision,0.644655082775003,0.2091120480426027,0.14623286918239425
00c99648f208e0a417e279c9,2019-06-22,welterweight,KO/TKO,0.5484668253017793,0.32337275570397533,0.12816041899424546
eee1e31c188a74656a5149fd,2019-06-22,featherweight,Decision,0.6191112787480589,0.24904112455184957,0.1318475967000915
c46941c902fed7bb4392162c,2019-06-22,middleweight,Decision,0.38443244903159796,0.2997723696525497,0.3157951813158524
b84127a3bd76a5e3ac7aea6d,2019-06-22,middleweight,Decision,0.5442306134723499,0.278039019843749,0.17773036668390121
706b7d016d03a32401ae801c,2019-06-22,lightweight,KO/TKO,0.43316492832915027,0.2751911851472275,0.29164388652362216
739e8e2602d787738477d46a,2019-06-22,featherweight,KO/TKO,0.4675958068522241,0.3605554809300279,0.1718487122177479
f27c0e087e9ebd1684ff09fd,2019-06-29,light_heavyweight,KO/TKO,0.328756131328422,0.4787786988734193,0.19246516979815878
50585a029a9751dccfd39bd2,2019-06-29,light_heavyweight,KO/TKO,0.33270971037034697,0.4571063377861102,0.21018395184354294
dae0a129ff92f092524a386b,2019-06-29,welterweight,Decision,0.4866320344735644,0.3245223006658582,0.18884566486057736
377c80dc3b6e45e576ef2577,2019-06-29,lightweight,KO/TKO,0.5090447703443984,0.3561944082680267,0.13476082138757475
59455ad55e5ef93414e5aad0,2019-06-29,womens_strawweight,Submission,0.5012248697225803,0.2422454138695029,0.2565297164079169
a56c32c93524d245d82d6908,2019-06-29,light_heavyweight,KO/TKO,0.4033829856845558,0.46246008865977883,0.13415692565566534
8f285887c02290c07814a22b,2019-06-29,heavyweight,KO/TKO,0.2876577079940594,0.5919674556268595,0.1203748363790812
d2a1e845ca36ee5b8600ef32,2019-06-29,lightweight,Decision,0.5370247583355297,0.31957096269955865,0.14340427896491165
cbcb6ed7e3c7e95a085b7341,2019-06-29,flyweight,KO/TKO,0.5930566688913299,0.2681398170791338,0.13880351402953625
f34cc5843d81a39bf53d263e,2019-06-29,heavyweight,KO/TKO,0.3955844755700866,0.42181318685716807,0.1826023375727453
f79e641c1d4367a70c107e82,2019-06-29,bantamweight,Decision,0.4824299872112416,0.30543319944775055,0.2121368133410078
53e67f863836aff47b826da4,2019-06-29,lightweight,Decision,0.46720669732274334,0.2961857599133121,0.23660754276394447
20a121ded841e9e12c1c757e,2019-07-06,bantamweight,KO/TKO,0.49929273984790346,0.315831644516598,0.18487561563549867
d2d8539dfdfeaf041ce5823f,2019-07-06,womens_bantamweight,KO/TKO,0.48256432008514083,0.37429416832633033,0.14314151158852872
3849e7ad93590c82be6460fc,2019-07-06,womens_strawweight,Decision,0.6523660726633201,0.2053867658309204,0.14224716150575953
396c48ca67f51480545db649,2019-07-06,welterweight,Decision,0.46241777135958234,0.3245795232839292,0.21300270535648858
6c8c735afb0fb578f594ca2c,2019-07-06,middleweight,Submission,0.46057483707391567,0.38834508385819977,0.15108007906788462
d3c4e9545585b46a1e37a85b,2019-07-06,featherweight,Decision,0.5103520968299359,0.299974783818018,0.18967311935204617
fad6e667536db7ad4137ba53,2019-07-06,welterweight,Decision,0.5181721811858352,0.27509031805252876,0.20673750076163605
13fece4ed75664de71f4c8a0,2019-07-06,light_heavyweight,KO/TKO,0.3939663230288627,0.42420970173963957,0.18182397523149774
d0f0ebb34a909f7c5faf6a88,2019-07-06,light_heavyweight,Decision,0.31044273811838763,0.5403370554259951,0.1492202064556173
5de1539a147642bac02b122a,2019-07-06,welterweight,KO/TKO,0.44350933048019714,0.31556134517134254,0.24092932434846026
82a761b4999bf1e4b0ed7ae3,2019-07-06,womens_bantamweight,Decision,0.38005316132017486,0.2391932160698611,0.38075362260996404
c2f52b8c99f2b37b25e37032,2019-07-06,bantamweight,Submission,0.4644870460154847,0.2869675881958566,0.2485453657886588
0def7c9da3d4db6e32d57362,2019-07-13,featherweight,KO/TKO,0.6086047479203051,0.26606223912281673,0.1253330129568781
f5fb1ec8c7952cc1c512ffa7,2019-07-13,bantamweight,Decision,0.5965237801344108,0.2476568461284789,0.15581937373711022
26dc516d4800e957e79c8b4f,2019-07-13,featherweight,Decision,0.6173297281148215,0.22388977696923146,0.15878049491594703
ac96fd559635b4c7fc75a95f,2019-07-13,womens_bantamweight,KO/TKO,0.3534956101762855,0.4590616856472574,0.18744270417645714
05ef9aeb915febb76910a720,2019-07-13,featherweight,KO/TKO,0.5775145502569622,0.28660991303983563,0.13587553670320218
ae0ff18a3c5eee3bc503d001,2019-07-13,womens_bantamweight,Decision,0.6665235221512992,0.18985615518181492,0.1436203226668858
70ae5877cea9f6b0ba4cccb6,2019-07-13,middleweight,Decision,0.37832884344935735,0.3391890572124764,0.28248209933816626
588a2bb6b75711c8e2d3461e,2019-07-13,womens_strawweight,Decision,0.37457272662795915,0.2588613049879821,0.36656596838405886
0570cae799dc63830a762f58,2019-07-13,middleweight,Decision,0.5572217747243318,0.2845144012079175,0.15826382406775075
945e0d3a9e212876ede075da,2019-07-13,bantamweight,KO/TKO,0.5369725366760328,0.24102687628286423,0.22200058704110295
1914dbfdf41512962586abae,2019-07-13,bantamweight,KO/TKO,0.5308683569397156,0.2759089290503386,0.1932227140099459
4c546f42a090e35397ce363f,2019-07-20,heavyweight,KO/TKO,0.31173583390304277,0.4719226699028618,0.21634149619409543
63961ea6efd64b1b65d34c39,2019-07-20,featherweight,Decision,0.6215403747286352,0.2305682649600323,0.14789136031133257
477aadc01e427b1389921cdb,2019-07-20,lightweight,Decision,0.46985928806199173,0.3647518609175932,0.16538885102041506
7af42900e3f80f8ca159c103,2019-07-20,heavyweight,Decision,0.382231120053243,0.4887911688810287,0.12897771106572822
bb5283ee8ccec9441f73135f,2019-07-20,bantamweight,Decision,0.4879866030584941,0.2548257881693023,0.2571876087722036
03e22b6afc8fc3827a3323ba,2019-07-20,heavyweight,KO/TKO,0.38701408563478595,0.46342483247825556,0.1495610818869585
c39309c4e67ff537333ba9da,2019-07-20,lightweight,KO/TKO,0.47564788870610814,0.3285406260554351,0.19581148523845687
180e942322ce1a8941b2e39c,2019-07-20,bantamweight,Decision,0.5308471300773844,0.27257083924251085,0.19658203068010488
af5eec7e9c1abcec258ac49b,2019-07-20,welterweight,Decision,0.43996345943944454,0.4101894401480543,0.14984710041250116
270ce34d482903a677fa17bf,2019-07-20,womens_bantamweight,Decision,0.6421264880654092,0.19447757385729736,0.16339593807729338
9bb0db9278511eb73cc534e1,2019-07-20,bantamweight,Decision,0.44217758522607786,0.2376662919735135,0.3201561228004086
58e855604932a7f6ee3f5606,2019-07-20,womens_flyweight,Decision,0.6643951890136274,0.21933149181294215,0.11627331917343049
6270c7e6a13d39f8b0f428ab,2019-07-20,light_heavyweight,Decision,0.46499835282868657,0.4292041930722609,0.1057974540990525
12ec13ec46af056c14efd03e,2019-07-27,flyweight,Decision,0.538833461043883,0.266774487596325,0.1943920513597921
1c6e856edd4101a3e500ec8f,2019-07-27,womens_flyweight,Decision,0.5942469503818745,0.26945678448819604,0.13629626512992946
51addb9d2b6072ced811c9b9,2019-07-27,womens_featherweight,Decision,0.4056722064634274,0.3048605001554481,0.28946729338112454
73b3d43d2c49d35aeaea8904,2019-07-27,welterweight,Decision,0.38088320688987676,0.34470137441234777,0.2744154186977755
05ed2239b2ea0fb046bfd3fb,2019-07-27,featherweight,Submission,0.5844227501162449,0.24249365088530792,0.17308359899844716
1295b55d2553494251bde142,2019-07-27,welterweight,KO/TKO,0.38334273665672675,0.38388260371939875,0.23277465962387442
1880f52d5d8d4a70093be8c6,2019-07-27,womens_flyweight,KO/TKO,0.5028380385435137,0.2107741916039767,0.2863877698525096
b233c1151e28ec04b24cad4a,2019-07-27,featherweight,KO/TKO,0.501553618315785,0.3144420748670234,0.18400430681719165
5f837399e34674ec11a971cd,2019-07-27,middleweight,Decision,0.5808101317687193,0.29500558107768554,0.12418428715359504
415e552f04f46d6a0dfa2bc5,2019-07-27,featherweight,Decision,0.3882596988469435,0.4832330158790375,0.12850728527401897
53c5de1fcd5d8fef19be7573,2019-07-27,lightweight,Decision,0.559618446744562,0.23803032470029659,0.20235122855514143
6eeac113de6d8be6c115f368,2019-08-03,womens_flyweight,Submission,0.5801476565488928,0.24752545640630022,0.17232688704480695
37963509a7ad6fe9091a4260,2019-08-03,welterweight,Submission,0.4135937826465437,0.3033801392263731,0.2830260781270832
3c047e2900cccc1e8b515fa4,2019-08-03,welterweight,Decision,0.42076968117649477,0.46751296430097183,0.11171735452253354
e1fbac640d40549a81a34408,2019-08-03,light_heavyweight,Decision,0.4660569751909094,0.41183302639091884,0.12210999841817195
545e968860424db391f622ba,2019-08-03,lightweight,Submission,0.46098188606668966,0.30343303817100714,0.23558507576230311
7201d2665fc7c40e5001a557,2019-08-03,lightweight,KO/TKO,0.5694131775101041,0.27910466956024826,0.15148215292964765
f1af8880bfb7c5ee39f0e313,2019-08-03,flyweight,Submission,0.604711943834615,0.23267807567709026,0.16260998048829473
08c664eb57a74c77d855ffcc,2019-08-03,womens_flyweight,KO/TKO,0.6648818879287008,0.1858047333997181,0.149313378671581
3ca76db0b4b30f6617f3dae8,2019-08-03,welterweight,Decision,0.4166700688885851,0.2896087000592969,0.29372123105211784
d80baaecca990243dba2c73b,2019-08-03,womens_flyweight,Decision,0.43720562622310294,0.273531630566072,0.2892627432108252
5a97ee77f95700513db584fb,2019-08-03,lightweight,KO/TKO,0.5987755186934882,0.27578850507700214,0.12543597622950964
60aaa0218cf8078fe44e068a,2019-08-03,middleweight,Submission,0.3874201674755238,0.3386587661764529,0.27392106634802343
9bda4cca4c1560bdb475fa12,2019-08-10,heavyweight,Submission,0.3229080333439918,0.44363991781089457,0.23345204884511372
310b054339a286bb1219720d,2019-08-10,featherweight,Decision,0.41658184138984433,0.3500193617888031,0.23339879682135262
95f9071548c71c8a429b387f,2019-08-10,featherweight,Decision,0.5815293435906641,0.2353508984905056,0.18311975791883014
bb1f9e584eebc4445533e087,2019-08-10,bantamweight,Decision,0.5893958858195669,0.2516591571604595,0.15894495701997352
3cfa69ae9469d3e98e6e8c9d,2019-08-10,welterweight,Decision,0.5713009710959703,0.2748751323540947,0.1538238965499349
eb94bf7c64b05cef83a337de,2019-08-10,lightweight,Decision,0.37829373301536556,0.3036119880802017,0.3180942789044328
421e881d17b627912cc053c2,2019-08-10,middleweight,Submission,0.3582895725655286,0.3816500683916672,0.26006035904280417
40ad55cf214d324d07ce2773,2019-08-10,flyweight,KO/TKO,0.5088411698591229,0.2574023502286609,0.23375647991221618
6cad3824255a247586943eda,2019-08-10,womens_strawweight,Decision,0.6490912493058443,0.21966615090908576,0.13124259978506986
366b24077b4b12afdda7f906,2019-08-10,womens_flyweight,Decision,0.5653098543964775,0.2749504991226786,0.15973964648084393
82a161559110934b283287e8,2019-08-10,womens_flyweight,Submission,0.6434583918178809,0.17085514998736842,0.18568645819475066
cafcc1a7d6eeee7dcac87f0c,2019-08-10,welterweight,Decision,0.4321046043815356,0.3816658512234283,0.18622954439503628
6bb4c1091c82f4a64ed209d1,2019-08-10,light_heavyweight,KO/TKO,0.4099346990015956,0.4512313466133376,0.1388339543850667
952d0f85baf48e580adfcbf9,2019-08-17,welterweight,Decision,0.5583827858185406,0.26392865244993946,0.17768856173151987
763b7021eda95cec160668cd,2019-08-17,lightweight,Decision,0.6284022876145164,0.22955491267102335,0.14204279971446018
632ab47f31caa99776bafd3a,2019-08-17,heavyweight,KO/TKO,0.4405063085527143,0.4235989924545699,0.13589469899271575
b14af30ec1b703032b1c7ff8,2019-08-17,middleweight,Decision,0.4376751742876414,0.4158802915692307,0.14644453414312786
2bfe269c743b9b99bdcb7bec,2019-08-17,lightweight,KO/TKO,0.4329256509797599,0.3838995344951847,0.18317481452505535
fb841bfbd302bdfd92f09af9,2019-08-17,featherweight,KO/TKO,0.48380983754730333,0.316451977930696,0.19973818452200062
5d4a75be3c772b6777d6965e,2019-08-17,womens_strawweight,Decision,0.6504658371124667,0.2107333099839566,0.1388008529035766
8b43d370f9a95a04823b6e21,2019-08-17,bantamweight,Decision,0.5804999539698319,0.21250351165537146,0.2069965343747967
2f96645259048f7ffc5e87f2,2019-08-17,catch_weight,Decision,0.36156169829587415,0.2861400995619236,0.3522982021422023
a412d12faf803a97f8b5fa87,2019-08-17,bantamweight,Decision,0.46999159627362025,0.3693082199148836,0.1607001838114962
f17d329e8a8236283607fb66,2019-08-17,womens_flyweight,Decision,0.5819083565946107,0.2732959723816982,0.1447956710236909
dc588caaf4e23b17b9b88f93,2019-08-17,middleweight,Decision,0.4237224109784898,0.440290446657702,0.1359871423638083
1f035f3330e22fa82d2a3650,2019-08-31,bantamweight,Decision,0.3515716698947394,0.3179000846969789,0.3305282454082816
42555d1e8ce3c6e9f80f494b,2019-08-31,light_heavyweight,Submission,0.2573591297563239,0.4865884560188529,0.2560524142248233
1cd17e7a1ac6a13856b412fd,2019-08-31,lightweight,Decision,0.5461645813539898,0.24957524253152308,0.20426017611448713
4b6daf2f0a633140483ed5fc,2019-08-31,womens_strawweight,KO/TKO,0.5509627557525556,0.2907751852878822,0.15826205895956222
dac218cda6b12fbf0566e953,2019-08-31,middleweight,Submission,0.39192260413367974,0.339745096331099,0.2683322995352212
974033b9c21272ecc210e47a,2019-08-31,flyweight,Decision,0.6119983018197043,0.23740055043610178,0.15060114774419386
d656d282c41d79f44960517d,2019-08-31,womens_bantamweight,Decision,0.451080075239454,0.25047760804404856,0.2984423167164974
b4c018c81b8c2840fc1bf217,2019-08-31,welterweight,KO/TKO,0.45568194756611796,0.4062862424743915,0.13803180995949063
691194a03c43b9ec74c25c51,2019-08-31,welterweight,Decision,0.4138640544970905,0.4328038025339259,0.15333214296898356
5ef647d5242d0fc21e037ca7,2019-08-31,bantamweight,Decision,0.4456038817457805,0.2895313337571614,0.26486478449705814
3438a2f8e2061a5b3df0345f,2019-08-31,womens_flyweight,Decision,0.41068651589966104,0.25573630574490397,0.33357717835543493
5fd241c02070d9383973e1ad,2019-09-07,welterweight,Submission,0.45369889862832763,0.4037397179541382,0.14256138341753413
dfa8aa41ae70e1bc02b18c64,2019-09-07,heavyweight,KO/TKO,0.4057056763914305,0.472331463583347,0.12196286002522246
d18690fc6b502d5e9828c33d,2019-09-07,lightweight,Decision,0.35734101554580355,0.3325263745044423,0.31013260994975417
5c4bf8f13e687607837641d0,2019-09-07,lightweight,Decision,0.5684538667030223,0.3193750772027815,0.11217105609419621
a12f553a4bb3b6a0bc62f10c,2019-09-07,lightweight,Decision,0.4898660374459756,0.25760576474266345,0.2525281978113609
a6bde13c4fa732a086109c6f,2019-09-07,womens_flyweight,Decision,0.6423466373055026,0.2101527354887687,0.1475006272057288
8809a86b0765331ee3046ba8,2019-09-07,lightweight,Submission,0.4940804448864855,0.35862489472162234,0.14729466039189223
218ed25044345f0da0f1ab68,2019-09-07,womens_bantamweight,KO/TKO,0.5049079895606844,0.20331528204739696,0.2917767283919187
4b5abc9b471d257e26814621,2019-09-07,lightweight,Decision,0.47815985776519043,0.3623408275204319,0.1594993147143777
88104c3216b870a94d094b52,2019-09-07,welterweight,KO/TKO,0.44736591477728965,0.4196058661985419,0.13302821902416842
81f7b94567c3becf57b7c480,2019-09-07,middleweight,Decision,0.48034169326797654,0.33097095383472336,0.18868735289730015
4fa13ee966e6f925309146f9,2019-09-07,lightweight,KO/TKO,0.4035854341437011,0.277696355589542,0.3187182102667569
a24c84449925d91244224459,2019-09-14,bantamweight,Decision,0.5224396903208482,0.28587781045614136,0.19168249922301034
76b09b1ae45fb9768ca9f02d,2019-09-14,featherweight,Decision,0.5666690736673581,0.20990813635118416,0.22342278998145768
d52f32b4c96395db88e3df3c,2019-09-14,bantamweight,Decision,0.45977706378784944,0.274348976893549,0.2658739593186017
cdebef1ad84897fe6e52dab4,2019-09-14,lightweight,KO/TKO,0.3335024297050131,0.5142562042727807,0.15224136602220611
99a1382d0f54f8b36ae0f1a1,2019-09-14,light_heavyweight,Decision,0.28728111671734796,0.5070145789755559,0.20570430430709616
4657001db77127f01637d1aa,2019-09-14,lightweight,Decision,0.5927470789969269,0.24594765212164765,0.1613052688814255
cf978a340d3698c46fd69095,2019-09-14,bantamweight,KO/TKO,0.5803913491020276,0.23514096881293223,0.1844676820850402
1a3fd89ca750799e7e003f98,2019-09-14,heavyweight,KO/TKO,0.5086220639201873,0.3734041667884414,0.1179737692913714
43c10df3159c502c6de89daa,2019-09-14,welterweight,Decision,0.35681950318040667,0.41137920019045804,0.23180129662913518
7090bee0551cc8931473357e,2019-09-14,light_heavyweight,Submission,0.31333385739297503,0.4309854348298169,0.255680707777208
3bda414f1341d69b2f6bec1e,2019-09-14,middleweight,Decision,0.4480614475233868,0.36484762465982196,0.18709092781679112
e675a50c92e763e9dbfe4d39,2019-09-21,womens_strawweight,KO/TKO,0.5579952250152392,0.261570560957187,0.18043421402757367
63e3f55fc8b51d57700eef35,2019-09-21,womens_strawweight,Decision,0.659610622574003,0.19484393144798703,0.14554544597800995
307855e3460d7f7876deadf3,2019-09-21,lightweight,Decision,0.42101333222728077,0.24350433347299802,0.33548233429972124
a02b51f27087befa1a1128b4,2019-09-21,womens_bantamweight,Decision,0.6157038923457706,0.23111648420935332,0.15317962344487607
6c639d934a292ba8bc90c07c,2019-09-21,bantamweight,Decision,0.5275777969722583,0.27843439325507846,0.19398780977266317
aac3548e1e8a354304ee6db9,2019-09-21,featherweight,KO/TKO,0.451654229943044,0.33880551648636525,0.20954025357059072
87ed37dfa7f497b5f77d6e30,2019-09-21,featherweight,KO/TKO,0.5779925395184234,0.27818915858607746,0.143818301895499
3cc89087f0c0ce6f6e5675ad,2019-09-21,flyweight,Decision,0.5201887705607157,0.2919920559851915,0.1878191734540929
1ba523d6ccedc31871693413,2019-09-21,womens_bantamweight,Decision,0.6693777809620958,0.21692432730617775,0.11369789173172658
47758d29bd662b3fd1939d7f,2019-09-21,light_heavyweight,Submission,0.30765219504348895,0.518278245850349,0.17406955910616204
4c5ca474ab0b5ce8ca07a033,2019-09-28,middleweight,KO/TKO,0.5476620616146256,0.2945071874495895,0.15783075093578505
2ef6cc622d891b2f47cc02a3,2019-09-28,middleweight,Decision,0.4506644288545033,0.36533265275008986,0.18400291839540672
c24762d1540afc7892a6a11f,2019-09-28,featherweight,Decision,0.5277529513339576,0.27300877316432165,0.1992382755017207
a74f028feadcc12f9e059d34,2019-09-28,welterweight,Decision,0.46712805130424256,0.3284550758185765,0.20441687287718094
58043915ba1655663c54db19,2019-09-28,light_heavyweight,KO/TKO,0.40845369130670844,0.45661688958082947,0.13492941911246212
24165e221c133e0f8521184c,2019-09-28,middleweight,KO/TKO,0.369289103757707,0.45920183571055434,0.17150906053173862
db9cb586eea9be24aa022a81,2019-09-28,bantamweight,Submission,0.3928904937441355,0.27494345872261106,0.33216604753325346
c563a8cbab69fdedc2ca6293,2019-09-28,womens_bantamweight,Decision,0.467099967606454,0.3096715226451643,0.22322850974838174
2e2ac3805ce6106ac7b08c39,2019-09-28,lightweight,Decision,0.511890899220251,0.30112847027959216,0.1869806305001568
1badb9e1370a7f530b41dad9,2019-09-28,lightweight,KO/TKO,0.40788098745845414,0.32518270207960975,0.2669363104619361
2667de7839876ddd18c5922f,2019-09-28,light_heavyweight,Submission,0.29944671573767295,0.547313739873536,0.15323954438879092
838f2253c05f15ea4d21c1bb,2019-09-28,welterweight,Decision,0.5716107866759292,0.29197582404238265,0.13641338928168817
fceb01a3e6afb83d628ca021,2019-09-28,welterweight,Decision,0.4670033724746779,0.36379937001416457,0.16919725751115758
300838f93508ed30e50c5104,2019-10-05,lightweight,Decision,0.4902752388834119,0.33992826958378874,0.16979649153279927
0cb55ec63b83f5626f97c769,2019-10-05,lightweight,Decision,0.42733773973624095,0.2790427326089686,0.29361952765479055
c9b3790271aba99a0f5d563f,2019-10-05,welterweight,Decision,0.37698944667727746,0.4345750382644547,0.18843551505826778
59503950de9880dde6cfbd9a,2019-10-05,welterweight,Decision,0.5746329330642963,0.2573349517375544,0.16803211519814942
2efe952bc9906d2d8ee63d99,2019-10-05,heavyweight,KO/TKO,0.3150953083011413,0.44875892212135365,0.23614576957750516
03bdb3f550d8728b99736cb5,2019-10-05,welterweight,Decision,0.5449093416064108,0.3191211631819135,0.13596949521167565
60a4cca6160e77a434c836eb,2019-10-05,womens_featherweight,Submission,0.4284489377188823,0.3309314665659443,0.24061959571517344
7a45e3425d11cee03efad9d2,2019-10-05,womens_flyweight,KO/TKO,0.5985231741575912,0.1978435359491719,0.20363328989323687
b31117cda02191539a7b1042,2019-10-05,middleweight,KO/TKO,0.4149229233979591,0.46577329738496304,0.119303779217078
1541bbe0810786a062a2ed75,2019-10-05,heavyweight,Submission,0.2542014364793436,0.6487833726333884,0.09701519088726802
47228cf03cd4105dd977ba6d,2019-10-12,featherweight,Decision,0.5136595142184154,0.25691049497791285,0.22942999080367185
65e84e21f699586e3aefedd3,2019-10-12,flyweight,Submission,0.5573721389142741,0.266888548872936,0.17573931221279002
3d03b631b4587e1ba05b7567,2019-10-12,middleweight,Decision,0.4167558541292711,0.3534777391587275,0.22976640671200155
c1e628e157c0b3b603970990,2019-10-12,womens_flyweight,Decision,0.6617245215368778,0.20745619742645677,0.13081928103666543
b8d46870926615857be3f630,2019-10-12,womens_strawweight,Decision,0.5394699574181623,0.29928675678020744,0.1612432858016304
eb864e622ea92270ecef192f,2019-10-12,womens_strawweight,Decision,0.49348839386740234,0.2267152827943511,0.2797963233382466
85c6d7ac2b40e91bd0e22ab6,2019-10-12,bantamweight,KO/TKO,0.5840707385192707,0.23589405652695208,0.18003520495377723
5f52782a6aa56ba0f3a97b9b,2019-10-12,middleweight,Decision,0.5794014953147547,0.28869933175832535,0.13189917292691997
c1512c7e186a2ad2d9405660,2019-10-12,lightweight,Decision,0.5044044664766975,0.2782351472147342,0.21736038630856833
277f3f3cb03bddbb79f8c1b5,2019-10-12,welterweight,Decision,0.5438519655393886,0.32076710576598033,0.13538092869463095
845f9a197d8e4dbaeffe8afc,2019-10-12,welterweight,KO/TKO,0.46445914691831636,0.3512628159828581,0.18427803709882554
9c76094ff9dad4b08a83fa97,2019-10-12,lightweight,KO/TKO,0.572610054518342,0.23611597935325399,0.191273966128404
a22737adaea8f3c24329fca1,2019-10-12,welterweight,KO/TKO,0.3763639604029231,0.3906958845868847,0.2329401550101922
27e1fa1e0f0a4ed7fd4da048,2019-10-12,light_heavyweight,Submission,0.4063696518250053,0.42065248819042855,0.17297785998456627
ca0cd07f144ce35471f77fe5,2019-10-18,middleweight,Submission,0.4835034898446717,0.2963883355490776,0.2201081746062506
43a68b57b8ea07e036eda841,2019-10-18,featherweight,Submission,0.47066652947143467,0.2480026151679944,0.2813308553605709
e0354f103924591f691cb6e6,2019-10-18,welterweight,Decision,0.49445189920150595,0.3164928063380109,0.18905529446048308
23340c1c1beee7c9694fde06,2019-10-18,heavyweight,Decision,0.33930194537799657,0.4887804283760715,0.17191762624593188
855a0f86334b84d5802b5b3c,2019-10-18,middleweight,Decision,0.5490753710372082,0.3373445891145454,0.11358003984824651
4535cc5c754f6cfab853349d,2019-10-18,light_heavyweight,KO/TKO,0.29690415588695973,0.5568362194264528,0.1462596246865874
312e5a705d9ea69f9304369e,2019-10-18,lightweight,KO/TKO,0.3983826368971458,0.2945961402427135,0.3070212228601406
dd1a5c0133b77b445e4da39d,2019-10-18,featherweight,Decision,0.5271056248594621,0.28459635943485256,0.18829801570568533
924db0cc13ef377747acd751,2019-10-18,womens_flyweight,KO/TKO,0.4202072593185135,0.2746903069084962,0.3051024337729902
1cbc40e89a4a3808ac58a6b2,2019-10-18,womens_flyweight,Decision,0.5448189740806505,0.24451536024811046,0.210665665671239
8017582ad0a64b3df2a1b1f1,2019-10-18,bantamweight,KO/TKO,0.45654858651390173,0.3352974881018262,0.2081539253842721
0b8035462f110001d74cfccc,2019-10-18,featherweight,Decision,0.5631840319930094,0.3115837344052802,0.12523223360171043
e547a10b6f576ac5ce766f3b,2019-10-26,lightweight,Decision,0.44677234999689314,0.3424713763841626,0.21075627361894428
e3e811b0d565e05ccc653f76,2019-10-26,heavyweight,Submission,0.3248688746228587,0.4325917794902255,0.24253934588691578
068191c5ec0442a5f327a13f,2019-10-26,welterweight,Submission,0.3288659261754817,0.3765960893242849,0.29453798450023344
a36870d79a38bac025ca994f,2019-10-26,featherweight,Decision,0.6131057372067399,0.23841956355636876,0.14847469923689147
f0d2710e45778380c740e9a9,2019-10-26,lightweight,Submission,0.49048358580313445,0.3300263608303435,0.17949005336652207
0d3c456a7272d86e8ebbb604,2019-10-26,womens_strawweight,Decision,0.48908436990350734,0.2498880983643804,0.2610275317321123
ec961ddbd1b2a583933bf1c7,2019-10-26,heavyweight,KO/TKO,0.3330198204368084,0.4983901109893914,0.16859006857380027
747dd08852da9f2fea81933a,2019-10-26,lightweight,Decision,0.5680984661763969,0.30721194741573804,0.12468958640786494
54365bc0fbf2054909ffb52a,2019-10-26,welterweight,Decision,0.5185211083091829,0.3568410962833381,0.12463779540747905
3d08ad4aa2e7c798a261b317,2019-10-26,womens_strawweight,Decision,0.6593484555453208,0.1957812305791416,0.14487031387553773
3c0c040f3ab9eee3625380a9,2019-10-26,heavyweight,Decision,0.41106426786338224,0.4304410307055994,0.1584947014310183
e493a0b30451a3c7301cdb30,2019-11-02,heavyweight,KO/TKO,0.3347443105641083,0.5494096270148049,0.11584606242108682
b6ed2b7f241d89a1c2e5768c,2019-11-02,middleweight,KO/TKO,0.4629622375490857,0.3605676763266927,0.17647008612422152
1179f435dc339904ffba59f4,2019-11-02,light_heavyweight,KO/TKO,0.3816436232996692,0.47727086873834207,0.14108550796198882
fcd1f11d558f57139634bfd4,2019-11-02,heavyweight,Decision,0.522660045258244,0.37833878368756996,0.0990011710541859
b40746bfe9247aa2ab1cf62a,2019-11-02,welterweight,KO/TKO,0.40668491281455904,0.4401559953446716,0.1531590918407693
9be0b4ced3f43e9b5e0307d3,2019-11-02,featherweight,Decision,0.5837052309107025,0.26460140532186643,0.15169336376743117
3ef97578ff086342ac3316dc,2019-11-02,womens_flyweight,Decision,0.6583079542473418,0.21199387139590647,0.12969817435675168
6aac3558b27bea053402a041,2019-11-02,middleweight,Decision,0.5544571497403369,0.32984205132577143,0.11570079893389171
6bd651e672f1383eaaa3488e,2019-11-02,lightweight,KO/TKO,0.4928614626454928,0.31353488223190146,0.1936036551226057
bdd7d638521a5220ece47138,2019-11-02,welterweight,KO/TKO,0.4512374346286848,0.3791994037387247,0.16956316163259053
77040a488134a21632e5e1c1,2019-11-02,featherweight,KO/TKO,0.4812807629931183,0.2958945048851114,0.22282473212177029
16af1afe443d2d04a0b3004e,2019-11-02,welterweight,Decision,0.4485736569463884,0.3891193054071323,0.1623070376464791
f936a2e7fe354fd8511c7843,2019-11-09,welterweight,Submission,0.4201817992984959,0.3238730745371221,0.255945126164382
1e2f3752f6c52b1f4a02d6b7,2019-11-09,heavyweight,Decision,0.43574451554143506,0.43482704839859054,0.1294284360599744
1a1c5e4865c1d0486f79c7bd,2019-11-09,lightweight,Decision,0.5835690171064185,0.24662547104387741,0.16980551184970408
640793902348858ab72aa43f,2019-11-09,bantamweight,Decision,0.5392915121495543,0.3089058196486949,0.15180266820175078
4b1a6b415dfe50f3c9f1dbb5,2019-11-09,womens_bantamweight,Decision,0.6372705839110467,0.20628844075268188,0.15644097533627152
f0ffe0e3b264df9b5db97006,2019-11-09,light_heavyweight,Decision,0.3532942407614516,0.4909278077475877,0.1557779514909606
f1793f6ef34da4257673c238,2019-11-09,light_heavyweight,KO/TKO,0.40731963113274605,0.45778034906509274,0.1349000198021613
31bcc23345e28ba3b19c96e4,2019-11-09,welterweight,Decision,0.5788781108106983,0.28199420326624136,0.13912768592306046
b9697c6e95b6549c714acf96,2019-11-09,middleweight,Submission,0.382495308375496,0.34216650406399596,0.27533818756050804
e106bc203bf221eab415c9d6,2019-11-09,welterweight,Decision,0.567987472963817,0.3133728597567915,0.11863966727939146
43e49e7eac931187640250f8,2019-11-09,light_heavyweight,Decision,0.4288371144603611,0.37871989812002044,0.19244298741961843
1f6dc7a779838723b04fdcd9,2019-11-09,featherweight,Decision,0.5701741809738246,0.2571684673090649,0.17265735171711055
35a1c6a2fd428e45b7ba56ae,2019-11-09,welterweight,KO/TKO,0.5679925212954321,0.2984841568031485,0.13352332190141938
9c39de42c4252efea5a6c7a4,2019-11-16,middleweight,Decision,0.38531854956569284,0.3361086198899778,0.27857283054432935
76080b6d4a1730806ca74745,2019-11-16,womens_flyweight,Decision,0.5763628897106592,0.23106442245555697,0.19257268783378387
ca0ede83403f2550325f5cf2,2019-11-16,lightweight,KO/TKO,0.4487022473818659,0.2826894097310284,0.2686083428871056
895cdfc1522a784865e69ac8,2019-11-16,featherweight,Decision,0.6054904997736433,0.27322986299814317,0.12127963722821351
14217beddf84c2e52c742fae,2019-11-16,lightweight,Decision,0.5526471235809041,0.31281842332573234,0.1345344530933636
353fdcce1036b674908aaa84,2019-11-16,light_heavyweight,Decision,0.3054097058965449,0.5419045860957832,0.1526857080076719
9da66ec4bb7eb06c55458f10,2019-11-16,middleweight,Decision,0.5312044499249698,0.25216754168517685,0.2166280083898533
fab55b1d74b0c72834f8c73e,2019-11-16,featherweight,Submission,0.6012235806393189,0.2609362706532306,0.1378401487074505
0cd8da7c25c1fda31ca49a51,2019-11-16,welterweight,KO/TKO,0.5789702504966219,0.27744937546223164,0.1435803740411464
3343bf88c488f245111644cf,2019-11-16,womens_bantamweight,Decision,0.5832745601496028,0.23759158253695228,0.17913385731344494
ebb3391b28a1a863bca84b60,2019-11-16,welterweight,Submission,0.5492739453283125,0.29767624908603224,0.15304980558565537
9dcdaba00e3d7661c2c20a0f,2019-12-07,heavyweight,KO/TKO,0.2390146749787845,0.6543195885074407,0.10666573651377485
3f0d6005bcf5d8d74d490e25,2019-12-07,womens_bantamweight,KO/TKO,0.46438049531669795,0.31305588076189983,0.22256362392140208
af619e0f50e39d9a3c707cbf,2019-12-07,featherweight,Submission,0.4185602666901864,0.28331975631757567,0.2981199769922379
70a295b55866179ccd1d2ba9,2019-12-07,featherweight,Submission,0.5875554021582743,0.20849888879479994,0.2039457090469257
9f1bc6cac3951396363e743b,2019-12-07,lightweight,Decision,0.41083269440889725,0.2532273623827603,0.3359399432083424
ae915d199d0a3212d88d4bff,2019-12-07,middleweight,KO/TKO,0.5356318974163614,0.3141966990553242,0.15017140352831435
b807573eed5a4156c41f13d0,2019-12-07,bantamweight,Decision,0.4795697834924755,0.31938894337672064,0.20104127313080392
c9a6fbe648a7cc56f81d7315,2019-12-07,heavyweight,KO/TKO,0.35775313563485667,0.445848391987038,0.1963984723781054
831cacee5fffa61376db4fc9,2019-12-07,welterweight,Submission,0.4565052278844904,0.4095143852809918,0.1339803868345177
2138569b556c4d614e8bb628,2019-12-07,womens_strawweight,Submission,0.5541126201514335,0.21016376010021406,0.2357236197483524
029906e95258805fd3ef5825,2019-12-14,womens_bantamweight,Decision,0.4554186658152508,0.38179831926207985,0.16278301492266936
d5b4dfb3ff65f3dbb6fca19c,2019-12-14,flyweight,Decision,0.6007208426327147,0.2330259059141294,0.16625325145315575
ce5217459171cc8b3b06b8a1,2019-12-14,featherweight,KO/TKO,0.4592280607813385,0.30574492273463955,0.235027016484022
33e7da705762dd431b060f57,2019-12-14,welterweight,KO/TKO,0.4655087971784882,0.3782891108655719,0.15620209195593995
f66a474497dbfe8160053545,2019-12-14,middleweight,Decision,0.5640442567344359,0.3093284854675818,0.12662725779798237
e78313114f040c2eb306caca,2019-12-14,womens_flyweight,Decision,0.6100077614680331,0.274228930330701,0.1157633082012658
c278d51e7be09fbca132ce23,2019-12-14,welterweight,KO/TKO,0.5125069609545366,0.3693501012370176,0.11814293780844588
08209dc137ca29ba95d0b9a9,2019-12-14,womens_bantamweight,KO/TKO,0.6399362982038063,0.1978444434554169,0.16221925834077686
c1ada04837f4f0ae52b28b1c,2019-12-14,bantamweight,Decision,0.5822260040397228,0.2821668393425298,0.13560715661774742
effa322cf0f61bf8fab0059d,2019-12-14,welterweight,KO/TKO,0.43339442110266363,0.3846172160787771,0.1819883628185593
f1218bf5097065169418303d,2019-12-14,featherweight,Decision,0.43379932847009683,0.4337472145803343,0.1324534569495688
aa231dbbda45b913e6c739e4,2019-12-14,bantamweight,KO/TKO,0.52939846157594,0.28718885556390383,0.1834126828601562
75abd93d36786b68de733b5a,2019-12-14,middleweight,KO/TKO,0.33442133852232003,0.35622562444329403,0.3093530370343859
ceb9eb09b6543ade92a2fc57,2019-12-21,bantamweight,Decision,0.5809198219025797,0.29646999501136906,0.12261018308605118
bc5dec6484ff60b254a2bf9e,2019-12-21,flyweight,KO/TKO,0.4771489881949151,0.27706993180065176,0.2457810800044331
5e29733544b68ed9577a8341,2019-12-21,heavyweight,Decision,0.4577514523438995,0.3989384214471447,0.14331012620895578
7d8361c453bd229c2f8ab6af,2019-12-21,light_heavyweight,KO/TKO,0.337321477515259,0.43839811697541076,0.22428040550933023
fdfacd8404d0eb95adcee649,2019-12-21,lightweight,Decision,0.48004299112979015,0.3426137477361076,0.17734326113410226
f9e7b8638de2149e61e51154,2019-12-21,featherweight,KO/TKO,0.50371363107078,0.3399217995216319,0.15636456940758817
8a987c4579dbf3e22f1d5ff3,2019-12-21,featherweight,KO/TKO,0.4875293969877154,0.34490873563196384,0.16756186738032086
b93afc4960a3dbb6e25c0b1b,2019-12-21,middleweight,Decision,0.5492001516551333,0.2941677877033483,0.15663206064151852
ff575235c773175d33e45307,2019-12-21,bantamweight,Decision,0.5826901957316922,0.2191421304235526,0.19816767384475534
852967885dda5170546df8c6,2019-12-21,womens_strawweight,Submission,0.5899359178416622,0.2606333274884995,0.1494307546698383
3443c05c299fb7b8610b44d4,2019-12-21,bantamweight,Decision,0.47850520311089856,0.3296474402898886,0.19184735659921276
6c4e36c79471be03e79e25b7,2019-12-21,featherweight,Decision,0.5161847458465989,0.28511576500950564,0.1986994891438955
3b0c3a4939fb8a567ab24b63,2019-12-21,light_heavyweight,Decision,0.3931525078916909,0.4767992614679875,0.1300482306403216
dbaeff63b18a6d92838f98c2,2020-01-18,light_heavyweight,Decision,0.3880804559356669,0.437862367384432,0.17405717667990098
32e3ff4610a5a504ed917afe,2020-01-18,heavyweight,Submission,0.2908089677049201,0.4912057972416959,0.21798523505338407
1826d3fc74bb2d6ba256950a,2020-01-18,featherweight,Decision,0.4655883617804173,0.38106625279467643,0.15334538542490633
299419704af40353765232da,2020-01-18,lightweight,Submission,0.49596412538648843,0.3266410781386818,0.1773947964748297
a1906b428b2b7f692430e2cb,2020-01-18,bantamweight,Submission,0.4788131188779059,0.31697354688678314,0.20421333423531102
66d951441f61c860a46dd18a,2020-01-18,welterweight,KO/TKO,0.3490056589370172,0.5136387604849081,0.13735558057807484
049d7f10a2408eaeea36b79b,2020-01-18,lightweight,KO/TKO,0.49273662477694974,0.3637946968322715,0.14346867839077873
8c49399b3602fc1ea7faab1f,2020-01-18,womens_bantamweight,Decision,0.66205115321668,0.20441240966566887,0.13353643711765126
894e5a6b67f8fd390b461dc8,2020-01-18,womens_flyweight,Decision,0.49802882273351873,0.34766711339912537,0.15430406386735596
31631b1099dedbc551cca061,2020-01-18,womens_flyweight,Decision,0.6530388093719764,0.21843227967196707,0.12852891095605637
818e4e2f4882a32d5136f9f8,2020-01-18,flyweight,Decision,0.47953836179736636,0.26414318481469773,0.2563184533879361
535e643e38e6e106255034d3,2020-01-25,featherweight,Decision,0.5510041287587466,0.26138500089523464,0.18761087034601875
fa88c98e5dae1a9d570d00f3,2020-01-25,middleweight,Decision,0.567400857142096,0.28296312753749625,0.14963601532040768
3be9f2fb380b4adfe9142fad,2020-01-25,bantamweight,Submission,0.5148243862263973,0.2715037868307244,0.21367182694287823
3ceaa0ce879bb7f0a68da029,2020-01-25,heavyweight,KO/TKO,0.31777908512852554,0.5646918856737068,0.1175290291977677
70b24348fe735b27fba60a92,2020-01-25,womens_strawweight,KO/TKO,0.6666162606880407,0.20643516415602203,0.12694857515593722
4da0ae30154e9ffeae7d071a,2020-01-25,featherweight,KO/TKO,0.4433965358675929,0.294854896237937,0.2617485678944701
2a8739dba9f6bbb8da7160b0,2020-01-25,light_heavyweight,Decision,0.3665752981796281,0.4447929760199378,0.1886317258004342
f0db58925ab2f01282c6aed8,2020-01-25,flyweight,Submission,0.5041825818917899,0.2977690504719313,0.1980483676362788
611387fbcb2688d824e09cfa,2020-01-25,womens_flyweight,Decision,0.6701416622276392,0.19635160500133264,0.133506732771028
34d2e609fae11eba0361d28c,2020-01-25,bantamweight,Decision,0.6106288866925674,0.23407153277139175,0.15529958053604082
49c737995706c23811737d45,2020-01-25,welterweight,Decision,0.5986548823050539,0.25114523015728435,0.15019988753766172
c98a7a3f6e065503e752b443,2020-01-25,womens_bantamweight,Decision,0.5923862656636633,0.2368589001011109,0.17075483423522594
58f8cedb4f1c4a8acfe97da0,2020-02-08,welterweight,KO/TKO,0.4772433797547294,0.3343079441718349,0.18844867607343554
f791308687846b968ecb6e0b,2020-02-08,bantamweight,Decision,0.6087721634525193,0.267555377889406,0.12367245865807462
45d8c7be4e945420d00361ae,2020-02-08,featherweight,Decision,0.42722097993168434,0.28055235522585414,0.29222666484246146
a3ce1d91d4f5d48cb71fcfe9,2020-02-08,heavyweight,Decision,0.37043977097145603,0.4924424672282748,0.13711776180026924
ff6a60aa5038e8415ec8939f,2020-02-08,light_heavyweight,Decision,0.27664145613022345,0.6106505579423529,0.11270798592742363
e68dbb04527c15178f4140e6,2020-02-08,heavyweight,KO/TKO,0.3467865115939482,0.5129184467207174,0.14029504168533444
b2b4d0831802f26e83e6ccc7,2020-02-08,womens_flyweight,Decision,0.6198653639805632,0.2589503934714336,0.12118424254800318
8d68545109734da047569b52,2020-02-08,bantamweight,KO/TKO,0.5956008997952718,0.26623869195989514,0.13816040824483303
9849cc2855f955fab6058523,2020-02-08,featherweight,Decision,0.5024904356504665,0.3201562947367557,0.17735326961277784
d1b4cad82cb530a5cf8cacd1,2020-02-08,middleweight,Decision,0.5700205202027153,0.2931865979778847,0.13679288181939997
1f5ca783acb07145072da725,2020-02-08,womens_flyweight,KO/TKO,0.5652108254655507,0.2938042321278396,0.14098494240660978
8de48a03581e7b5f3ae2d006,2020-02-15,bantamweight,Decision,0.6160614493379438,0.2383423980304105,0.14559615263164571
bd22d4e2756e0f228a221025,2020-02-15,light_heavyweight,KO/TKO,0.41463718605333466,0.47448530821759194,0.11087750572907337
c7f13fe85a89872d7c7fdc4a,2020-02-15,light_heavyweight,Decision,0.5338038014333469,0.3542761738280901,0.11192002473856294
f8d3fabff42baf18c7e8c6d5,2020-02-15,lightweight,Decision,0.5759225194322831,0.23805161500420455,0.18602586556351242
52e04780edda9cf0618b9152,2020-02-15,bantamweight,KO/TKO,0.521027930562754,0.2781038646461513,0.2008682047910949
828bae559074c156bab9cdec,2020-02-15,lightweight,Decision,0.450806865744408,0.3603165911643673,0.18887654309122467
e2092c0a9fda00799fd85248,2020-02-15,womens_bantamweight,Decision,0.4477835448978343,0.30528625994080744,0.24693019516135822
344da31964fde9819457c241,2020-02-15,flyweight,KO/TKO,0.5351016711457341,0.2585955734037554,0.20630275545051047
7a47b5bdbb687c1295999f5e,2020-02-15,womens_flyweight,Decision,0.5040637897011115,0.2025182563458845,0.29341795395300396
e21273dacc8544d24b825430,2020-02-15,flyweight,Decision,0.5845151815807725,0.22123406935724563,0.19425074906198184
806a30c5a3bc9369c6e1864c,2020-02-15,welterweight,Submission,0.45012222586322204,0.3982629554970931,0.1516148186396849
3345db9eff688ec37ec0f2f0,2020-02-22,heavyweight,KO/TKO,0.30324627948462474,0.5131406509463599,0.18361306956901544
405c0a662bf5e5bd6660107f,2020-02-22,lightweight,Decision,0.4912101043388965,0.33663358351858536,0.17215631214251825
957ee110d743be59ac63bd6c,2020-02-22,welterweight,KO/TKO,0.4531271953787963,0.42083571981629864,0.12603708480490516
55fc23885a358078ecffc231,2020-02-22,welterweight,Decision,0.5741877584010788,0.24405352906263741,0.18175871253628365
3d852084c8c58ac9c0c3866d,2020-02-22,lightweight,KO/TKO,0.44179102170499207,0.3530859586628607,0.20512301963214732
6d9b24acf3b0a085f063254d,2020-02-22,light_heavyweight,Submission,0.2921923539440212,0.4593049735358313,0.24850267252014754
7ec2485289f1c9b63a5792d6,2020-02-22,flyweight,Decision,0.6430494058730999,0.24503138116976203,0.11191921295713804
e4febcd3b9270378b88c2c8d,2020-02-22,womens_strawweight,Decision,0.6929421819459535,0.19884579657555584,0.10821202147849077
06cda90846ecf341619165c4,2020-02-22,featherweight,KO/TKO,0.6095140876647177,0.26171751763629914,0.12876839469898307
c081058b8760ebc49b1844fa,2020-02-22,womens_strawweight,Decision,0.6250987099573635,0.2472438873994201,0.12765740264321634
0a118b568754c03f74e85a68,2020-02-22,lightweight,Decision,0.39661238305149965,0.45218971973748273,0.1511978972110175
e8ddc97cca6d0a5d378ee12f,2020-02-22,womens_flyweight,KO/TKO,0.6430945073317091,0.2449791791998168,0.11192631346847405
bc05c73c776a23522465fbba,2020-02-29,featherweight,KO/TKO,0.4244030274137865,0.2837394326192031,0.29185753996701047
67c513c4904f8faedf720155,2020-02-29,middleweight,KO/TKO,0.37049893838777953,0.34290515589680187,0.2865959057154186
225a42fc041d7b46d5bfaca6,2020-02-29,womens_featherweight,KO/TKO,0.5305829072839313,0.2267567271684212,0.2426603655476475
12c618f5f471aac6cbe2f559,2020-02-29,bantamweight,Decision,0.5087408018117047,0.2587452495488498,0.2325139486394455
7c35b87c3259435af9f305f0,2020-02-29,featherweight,Submission,0.4784265194564922,0.25507822409707637,0.26649525644643135
b9199fdaf47f5fe86002cdc7,2020-02-29,light_heavyweight,KO/TKO,0.4235272538648075,0.43729787450300367,0.13917487163218883
a9d1e14c018c2bd7956f85b7,2020-02-29,featherweight,Submission,0.47650169336741377,0.2687381387928266,0.2547601678397596
959d009361301a02cd28d861,2020-02-29,flyweight,KO/TKO,0.403158406332877,0.4287416437074292,0.168099949959694
c5b2efe1550d9fc74302f4ae,2020-02-29,lightweight,Decision,0.48447728517561206,0.28501515807603894,0.23050755674834897
af291c699433bd04d136b64e,2020-02-29,heavyweight,Decision,0.3709376276953522,0.4064845462596885,0.2225778260449592
0192a4baef7d9bbc35d07b36,2020-02-29,womens_featherweight,KO/TKO,0.49059801194510944,0.2350808485083517,0.27432113954653875
8233a2bcadaa15eb353a00ac,2020-02-29,welterweight,Decision,0.5965283679399146,0.2803300076092851,0.12314162445080032
ac32a2ac43ae6ff31c4c058a,2020-03-07,welterweight,Decision,0.57250448168917,0.2981539753597399,0.12934154295109004
2994a65fc60a7ebda1abdfd4,2020-03-07,bantamweight,KO/TKO,0.5778551615928836,0.2898948650728594,0.13224997333425692
4dc37410ffdd722c5c13b647,2020-03-07,lightweight,KO/TKO,0.624909549882762,0.23230319010573874,0.1427872600114992
bbd0ec55ec6433a7ed39dada,2020-03-07,middleweight,Submission,0.571627969713669,0.24838119835246172,0.1799908319338691
29c5a22950b852875c2d2859,2020-03-07,featherweight,Decision,0.5292295460791364,0.2814641965370863,0.1893062573837772
fd70dfb0a7f2d8d11002f31b,2020-03-07,middleweight,Decision,0.3844613114105864,0.4990221688796098,0.11651651970980374
0a2d16d65f1e0a9aa0e5ad91,2020-03-07,lightweight,Decision,0.48431942388696925,0.36428421154444435,0.15139636456858635
6d49420f915f8986e125d116,2020-03-07,welterweight,Decision,0.5662844087363835,0.33283688580147647,0.10087870546214005
b8fe0a7b1ff0416078863f66,2020-03-07,middleweight,Submission,0.47435884928657,0.3082573913706716,0.21738375934275828
5f2af6f949d46196346c0969,2020-03-07,bantamweight,KO/TKO,0.5924027012896739,0.2387262617332182,0.16887103697710779
49093c389ab04a0502e74269,2020-03-07,womens_strawweight,Decision,0.5822232901550418,0.2798105425291469,0.13796616731581127
dcbc89946cfd3b60dc2896a5,2020-03-14,womens_strawweight,Decision,0.6425057602788984,0.1845932334095022,0.1729010063115995
ab4e9d192e4c6a16d88cfa78,2020-03-14,flyweight,Decision,0.4257114348775329,0.283094455649067,0.2911941094734001
0629e69e4cdef6010afb82fe,2020-03-14,welterweight,KO/TKO,0.5549057542634778,0.2823794725477646,0.16271477318875768
12fcb4b15eab88cc21a628ea,2020-03-14,welterweight,Decision,0.5827563387211284,0.29846178945817126,0.11878187182070031
3397e1f912942f4951412964,2020-03-14,lightweight,Decision,0.5441156422682231,0.3276540201528009,0.12823033757897614
0b804ef15016f4701a6c3b27,2020-03-14,light_heavyweight,Decision,0.2765511996615301,0.48532172295100945,0.2381270773874605
c060ae13226dc57054e79419,2020-03-14,flyweight,Decision,0.576779222117611,0.2580323829361505,0.16518839494623844
1f8448a33794600e3b26b116,2020-03-14,lightweight,Submission,0.33704914861403,0.36598339264574486,0.2969674587402251
8f283b50bf60f4ca662fb534,2020-03-14,womens_flyweight,Decision,0.45457464706692197,0.21411484430022695,0.33131050863285116
7171685f49e42fc47e27c391,2020-03-14,lightweight,Submission,0.5155435941393935,0.3292253988541518,0.1552310070064546
832f4ad5e6462a116d4f8af9,2020-03-14,womens_bantamweight,Decision,0.47085654207148314,0.21505142039202932,0.3140920375364875
009aa0b869e610f7e796e750,2020-05-09,heavyweight,Decision,0.23634731476485982,0.3030430991635847,0.46060958607155544
c103c970f04eb87287a0e4b3,2020-05-09,welterweight,Decision,0.4546571236791139,0.3948487388335936,0.15049413748729248
cedffd9e5eec6ce82f7c101a,2020-05-09,featherweight,Decision,0.5616218925170603,0.22202891523008994,0.21634919225284968
a0e32d72c7de88f4800dab59,2020-05-09,womens_strawweight,Decision,0.6558247294643985,0.18131426612325466,0.16286100441234685
ae7dca63a813f4d6c52b1788,2020-05-09,heavyweight,KO/TKO,0.3199448632714891,0.5605555903380058,0.11949954639050517
f8880f1d649f46e28a73ca8d,2020-05-09,heavyweight,Decision,0.32127685859776445,0.5492655118143971,0.1294576295878385
5384d7c94e5a0e0f2f57d0aa,2020-05-09,bantamweight,KO/TKO,0.47285565421462067,0.4154739838749689,0.1116703619104104
b0b04e108bd700e4b9506bb6,2020-05-09,featherweight,KO/TKO,0.5768491923808742,0.31941715148053984,0.10373365613858596
4e861f89eebf4bd6240193ec,2020-05-09,light_heavyweight,Decision,0.3660768686790501,0.4710268729109587,0.16289625840999125
da967b755aeebd0969453818,2020-05-09,lightweight,KO/TKO,0.3358930988560414,0.5068366410009868,0.15727026014297185
5922566ed6339c4bee68789a,2020-05-09,welterweight,KO/TKO,0.3722853594825738,0.4029999026284905,0.22471473788893573
9327fe46dbb648274dedf148,2020-05-13,lightweight,KO/TKO,0.48399256396481083,0.36696920171614994,0.14903823431903915
b4e09acb3ef8fb916cd20042,2020-05-13,heavyweight,Decision,0.3359929031902119,0.5377499924148446,0.12625710439494348
099226a1af8eaad416e33ce9,2020-05-13,light_heavyweight,KO/TKO,0.2543948549327916,0.6029782679527474,0.1426268771144609
85583e946a1afc739c7971d5,2020-05-13,heavyweight,Decision,0.37158089862149496,0.4839368833634922,0.14448221801501285
30f7d6f26cdb555e1863bacf,2020-05-13,heavyweight,KO/TKO,0.4217906566758594,0.44944915099016153,0.12876019233397906
77c3d8ba834acfc857c5d9ad,2020-05-13,lightweight,Decision,0.5960025232849044,0.2592019441988136,0.14479553251628202
281018bae372254e896f953c,2020-05-13,featherweight,KO/TKO,0.6024178978573799,0.2368466325597829,0.16073546958283727
11a75f048fd5a8ce402d014c,2020-05-13,lightweight,Submission,0.5444340029013403,0.29451923982499,0.16104675727366985
eec530344c8a5b1193095b97,2020-05-13,bantamweight,Decision,0.6085652199610468,0.22565878282407897,0.1657759972148742
fc27e2a2bb4840d583e6af05,2020-05-13,womens_bantamweight,Decision,0.662317945798197,0.19827536640810195,0.1394066877937011
56eb0df2ba5e8806fbb8b6ac,2020-05-16,heavyweight,KO/TKO,0.242777845788015,0.6453323500159729,0.11188980419601208
4431b6293af599f45ff88ce1,2020-05-16,middleweight,KO/TKO,0.4791312296253634,0.26605240998516144,0.254816360389475
2ab2b9f636e1f691e06be87f,2020-05-16,womens_strawweight,Decision,0.6841435334488036,0.2024745966829806,0.11338186986821566
2013fc705603e4d2d485f766,2020-05-16,womens_flyweight,Submission,0.6770322817559051,0.1886335161061618,0.13433420213793323
5002aab7fcb128933ec0f428,2020-05-16,featherweight,Decision,0.5074348030677291,0.36786256661986416,0.12470263031240669
6b06bb42128fb721e64e27d0,2020-05-16,featherweight,Decision,0.5012846561052688,0.31485547038655914,0.18385987350817207
700c19e5d8072a2eb472243d,2020-05-16,middleweight,Decision,0.5751574600316722,0.32127224714602065,0.10357029282230702
e484e0ac9450e9273c0358cd,2020-05-16,featherweight,Decision,0.5381895097424714,0.2862294425294651,0.1755810477280636
ca6e34d9cb638eb1628a7523,2020-05-16,welterweight,KO/TKO,0.4731159966214464,0.3851204810381415,0.14176352234041195
9a367f827403d6a654fbb184,2020-05-16,heavyweight,Submission,0.41910482775155117,0.38191535535855686,0.19897981688989205
bc93d93ef97ad802b83b9d42,2020-05-16,featherweight,Decision,0.46095596595302907,0.3342530675317361,0.20479096651523485
ee05f5ee9431052c10688e3a,2020-05-30,catch_weight,Decision,0.24213413245063392,0.3479949462194282,0.4098709213299379
4666770439ba8c9851230139,2020-05-30,heavyweight,Decision,0.5276114171560324,0.3719709733565361,0.10041760948743153
30e2e97fde043513c4e768c0,2020-05-30,featherweight,KO/TKO,0.6113037621835755,0.2577672584042674,0.13092897941215711
4daf886ecde6eaec42a3a025,2020-05-30,welterweight,Decision,0.40311507238427746,0.33322427992048037,0.26366064769524206
cab113a35cf2265258613c6a,2020-05-30,womens_flyweight,Decision,0.6573050877777035,0.17384294922562232,0.16885196299667424
1ac169b7d2f5b29552a8b0c2,2020-05-30,bantamweight,Submission,0.5808879909593792,0.2342104570564745,0.18490155198414635
13b094ecc0ecaf09072cf52a,2020-05-30,womens_strawweight,Submission,0.6927343793351913,0.16683346919886274,0.1404321514659459
c05df91759ec1c10158435b1,2020-05-30,lightweight,Submission,0.4535457323693073,0.2625026180359051,0.28395164959478764
50b9b416e5e3b3851dac3a6f,2020-05-30,flyweight,Submission,0.5046892551524018,0.2779970025714951,0.21731374227610306
2d149a8495bc57d125ce4598,2020-05-30,welterweight,Decision,0.4071392848300695,0.45836153087691894,0.13449918429301144
820e89cff0edf608156421bc,2020-06-06,featherweight,Decision,0.3993598181058467,0.33930709690060284,0.26133308499355046
97226c5d11d686649ed3e022,2020-06-06,bantamweight,Submission,0.5872183063149354,0.25851643064259056,0.15426526304247395
24970a4f8d6d139317076c24,2020-06-06,light_heavyweight,Decision,0.38314290950348856,0.5024353089884128,0.11442178150809872
28044f1dbc515f3c272522a1,2020-06-06,womens_featherweight,Decision,0.37193010741200105,0.4379727963682427,0.19009709621975618
14525c663d20a7a85c31b0dd,2020-06-06,middleweight,KO/TKO,0.5038344847815236,0.2788881886945728,0.21727732652390364
4858c091f6e5f1675c2a3e4e,2020-06-06,featherweight,Decision,0.5477164216840558,0.28948287514274573,0.16280070317319847
f5093e48c887c2911361c958,2020-06-06,bantamweight,KO/TKO,0.5139489246115081,0.3161103959400927,0.16994067944839922
478b9433c1b69ca56c69354f,2020-06-06,catch_weight,Submission,0.28621754348009015,0.4681471766236147,0.24563527989629513
34cf054f6fef1a96d7b033e6,2020-06-06,middleweight,KO/TKO,0.5658643285235759,0.24359356812942676,0.19054210334699725
41234e8af82999c05cd8e76b,2020-06-06,flyweight,KO/TKO,0.5178420397950058,0.2987769632683228,0.18338099693667143
0af06c0ad5c72afe4111ca93,2020-06-06,welterweight,Decision,0.5864318921609754,0.27531211328634375,0.13825599455268092
e31c4c6b7eef770d9e0c6969,2020-06-06,bantamweight,KO/TKO,0.49231544387323456,0.3820463288066785,0.12563822732008703
886bbd2f6a3553ba3983567a,2020-06-13,featherweight,Decision,0.5831114731775683,0.3001465736807433,0.11674195314168846
89e05740fd45ec7c49dee28a,2020-06-13,welterweight,KO/TKO,0.3849976919796525,0.32902054964454036,0.2859817583758072
0307782c584315ff5b11eb53,2020-06-13,lightweight,Decision,0.6062601870560504,0.23225874667529942,0.16148106626865014
62e7a1dbde465ca7534617e6,2020-06-13,womens_flyweight,Decision,0.5418926154721703,0.254223181134561,0.20388420339326876
8a6e39649a3fec737d38320b,2020-06-13,bantamweight,Decision,0.5279986878463457,0.28220708976892006,0.18979422238473415
c630e7885cdd36b6b14cca59,2020-06-13,womens_bantamweight,KO/TKO,0.6953160440425241,0.18897780640224088,0.11570614955523506
3e172364fc518e64ef6c7969,2020-06-13,middleweight,Submission,0.5946108880575477,0.25535710765944164,0.15003200428301067
2259ec8201adefc465ce8c23,2020-06-13,womens_flyweight,Submission,0.5130621615934118,0.28356429911136294,0.20337353929522525
923433619c20dd750c2205af,2020-06-13,catch_weight,Decision,0.4809981120037551,0.3092688278511567,0.20973306014508825
e8151d9214dc667480a5a0cd,2020-06-13,bantamweight,KO/TKO,0.5240504748731631,0.2802059608665942,0.19574356426024275
290d4ab10e5aa919a128037b,2020-06-20,lightweight,KO/TKO,0.5169600210486813,0.27707392560880245,0.20596605334251628
cbdc4ad6d5473e19d6df57ba,2020-06-20,welterweight,Decision,0.4745885769587143,0.40633333311051284,0.11907808993077273
35dd379f6c827a39c9ea2a80,2020-06-20,lightweight,Decision,0.5844971845684839,0.27242975856781926,0.14307305686369687
0ca95193d549deae06a43dfb,2020-06-20,womens_flyweight,Submission,0.5005530843460656,0.22067671120323124,0.27877020445070316
42a699b0e1e0b47000777a51,2020-06-20,heavyweight,Decision,0.4287045363291227,0.4568305209132877,0.1144649427575896
11a2b83fafaadd00beca04d6,2020-06-20,lightweight,KO/TKO,0.503835524079423,0.33037083692639907,0.165793638994178
dab5c40932dc5108516b8357,2020-06-20,catch_weight,Submission,0.42480435557607815,0.3249436278460009,0.25025201657792084
1702be42945c42f331abfb86,2020-06-20,featherweight,Decision,0.5802551352838538,0.3100784551654734,0.10966640955067289
059fc403c1199ed58dfefd1e,2020-06-20,womens_bantamweight,Decision,0.5891169372233506,0.23336726623761705,0.17751579653903235
cd96fe8c1990581afcbc65fa,2020-06-20,womens_flyweight,Decision,0.6274447977925893,0.2657977611116206,0.10675744109578991
af88d28bf7e8107238ee84eb,2020-06-20,womens_strawweight,Decision,0.7010231469162236,0.18751204353785556,0.11146480954592078
82c23a4256fc112839a21e37,2020-06-27,middleweight,Decision,0.31517880384729396,0.27794862114413577,0.4068725750085703
de98f026bdf72951202b6d58,2020-06-27,lightweight,Decision,0.38501884712488016,0.4522452655387542,0.16273588733636563
3f23da8e6c5be0676895513e,2020-06-27,heavyweight,Submission,0.3679845494973592,0.5217683641999559,0.11024708630268486
b66fca201dea49414ec29f35,2020-06-27,featherweight,Decision,0.5795733815826988,0.20490203031282625,0.21552458810447506
c4e0a136fe5ffd850886b385,2020-06-27,womens_strawweight,Submission,0.42195095676847155,0.24760847051183857,0.3304405727196899
2fdfc02f2b246b2cd90069a6,2020-06-27,lightweight,Submission,0.44996343241141495,0.35718067161748007,0.19285589597110495
c13e18c821c98fe6fce0b80e,2020-06-27,welterweight,Decision,0.3738703570067233,0.3570440875091068,0.26908555548416985
44b541d2c96511df188e7335,2020-06-27,heavyweight,KO/TKO,0.4718262350952095,0.4217877495984627,0.10638601530632781
c19913fffb602e14f3e2082b,2020-06-27,catch_weight,Submission,0.5557855841528812,0.2797712258596289,0.16444318998748997
006f504a194d5223fe79b4df,2020-06-27,welterweight,KO/TKO,0.408387869875336,0.41295510481443193,0.17865702531023206
be848e2721065a0114893812,2020-07-11,featherweight,Decision,0.44096621229973937,0.4279680817028679,0.13106570599739267
1f3620c84ae614757d7bfa36,2020-07-11,womens_flyweight,Submission,0.6330685677993582,0.19893242559767244,0.16799900660296938
2aca388948ad79e83a84cf15,2020-07-11,welterweight,Decision,0.46473748528796244,0.3978990236734738,0.1373634910385637
574672682df84871761a5876,2020-07-11,womens_strawweight,Decision,0.6529810959803938,0.19236365964063834,0.15465524437896788
83c960d387ea71ac2b87a5ca,2020-07-11,welterweight,Decision,0.43518036282489464,0.44965866296043966,0.11516097421466572
51718fa99d2beeef65554230,2020-07-11,womens_bantamweight,Decision,0.6246171635455297,0.22938398757643888,0.14599884887803152
d15cc1d2230aa928274889e4,2020-07-11,lightweight,Decision,0.4445236371883168,0.3333663017820895,0.22211006102959366
203ac34442d30277d30b534a,2020-07-11,featherweight,Submission,0.45298392710620083,0.3095874777739521,0.23742859511984707
bbb50c2b6683640361da5f6b,2020-07-11,heavyweight,Decision,0.3994325191680999,0.4493987964683536,0.1511686843635464
c47da9117ef9cb0c55d90f33,2020-07-11,bantamweight,KO/TKO,0.5707357920152211,0.25483023737612964,0.17443397060864926
0d11971457c4175b965c7f87,2020-07-11,bantamweight,KO/TKO,0.434033545835275,0.4515172928260961,0.11444916133862891
511b42aba92448e1f30bcceb,2020-07-11,flyweight,Decision,0.4458301013478617,0.35282393953601393,0.20134595911612435
b8cb51bb58d9db4514c8a4cf,2020-07-11,light_heavyweight,KO/TKO,0.36160549063803543,0.4946404804360905,0.14375402892587397
3cb54ea87dbfd559fefef2b7,2020-07-15,welterweight,Decision,0.4019107185336901,0.45708364094318793,0.14100564052312192
884115a97758c772c9a1aa6e,2020-07-15,featherweight,Decision,0.3730376378683857,0.47292476819384444,0.15403759393776995
e030c4b4274431ef2741e6c9,2020-07-15,womens_flyweight,Submission,0.6359079897682168,0.20705871332111897,0.15703329691066412
a8f801019d4eef0e77d9ae1a,2020-07-15,bantamweight,Submission,0.5568025809600732,0.23470119188180424,0.20849622715812258
b3e069741adc630204893233,2020-07-15,featherweight,Decision,0.47118132130194756,0.28611220545853644,0.24270647323951602
e15671cec5d44e671c10a445,2020-07-15,featherweight,Decision,0.6335990482171721,0.24627390040879937,0.12012705137402854
8b32ecec48dbcd2195ac45bf,2020-07-15,middleweight,Submission,0.4019393435038867,0.4029172481705917,0.19514340832552154
07704ef1301d2d6ce8009af5,2020-07-15,light_heavyweight,KO/TKO,0.3121856684327308,0.4447103629527734,0.24310396861449565
b612d80bd5c03377090d4d3e,2020-07-15,womens_flyweight,Decision,0.6220221659274712,0.18059918594733865,0.19737864812519007
9f333d28d7717b8654dfa658,2020-07-15,featherweight,KO/TKO,0.4955779295285451,0.28353986722214825,0.22088220324930663
456ab7958561d909b67e3864,2020-07-15,flyweight,Decision,0.5818124150282011,0.2676096064918953,0.1505779784799036
8f69fcae4224781b3c9cfa38,2020-07-18,flyweight,Decision,0.5964747708072567,0.2509321619102837,0.1525930672824596
fa1912c548967b80aa56bf11,2020-07-18,womens_flyweight,Submission,0.6205038839845592,0.1957470645630207,0.18374905145242007
6919180ec57b7b188061ac38,2020-07-18,bantamweight,Decision,0.6179736253995409,0.23184864262358784,0.15017773197687112
74993216732e68a332a88a7c,2020-07-18,heavyweight,Decision,0.3228984552860103,0.43717742400659304,0.23992412070739666
cd37985766a8aa01b735f39b,2020-07-18,lightweight,Decision,0.5784846664274039,0.23917299680818166,0.18234233676441441
1940aee687891ca4a94afbfd,2020-07-18,flyweight,Submission,0.41899219946996197,0.4279802937395463,0.1530275067904918
9fafa8c93b811a3746eb31e8,2020-07-18,catch_weight,Decision,0.5482094480548362,0.23126022066490076,0.22053033128026295
f86ab16d919a25d4da537f58,2020-07-18,middleweight,Submission,0.46308874744262174,0.3664960315049442,0.1704152210524342
66da3b6f9f4cf7e4157872a1,2020-07-18,lightweight,Submission,0.48629448257667623,0.30166057867082513,0.21204493875249852
4a09d8daff5488361ff890ac,2020-07-18,bantamweight,Submission,0.4244030274137865,0.2837394326192031,0.29185753996701047
e038f9564dda467e4997ce35,2020-07-18,lightweight,Decision,0.5356462535889586,0.30137333532062327,0.1629804110904181
8cd39f466756d30dadd88be2,2020-07-18,light_heavyweight,KO/TKO,0.3898736251642951,0.4110344498058415,0.1990919250298634
aa414e556f0b92cf8400036c,2020-07-25,welterweight,Decision,0.46933010702128625,0.3764790428982296,0.1541908500804842
9ecf8c24eea5a923e8f4b148,2020-07-25,womens_bantamweight,Decision,0.6872088459252886,0.2038124264397686,0.10897872763494262
b345fd117c26ce8ce1ef6e60,2020-07-25,womens_strawweight,Decision,0.6783972074687851,0.1980453614463254,0.12355743108488954
0c7ab3916d55a17df15a3a83,2020-07-25,heavyweight,Submission,0.4526312437795988,0.4201931048862682,0.12717565133413306
39cab37f486024ecb9db2635,2020-07-25,lightweight,KO/TKO,0.48449762869809054,0.33552152111766786,0.1799808501842416
defd84b0599cc0d92b68f3d9,2020-07-25,welterweight,KO/TKO,0.3618367810042946,0.28259812212135654,0.35556509687434873
463933bcaf017d47e453066f,2020-07-25,light_heavyweight,Decision,0.3905254728894674,0.4806835860457131,0.12879094106481953
774acac56423a0c607d073ed,2020-07-25,featherweight,Decision,0.567104488940531,0.294612574423643,0.13828293663582605
f8145b4bb7b5e3cb97d4dc9c,2020-07-25,bantamweight,Decision,0.4562799808027426,0.2760624364639901,0.26765758273326734
6ce73abee15e58ac43b79445,2020-07-25,light_heavyweight,Submission,0.3046848081666976,0.4373909690285789,0.25792422280472344
85e0c0d613fc2cb13a184545,2020-07-25,welterweight,Decision,0.5168697026814686,0.2975961266027059,0.1855341707158256
d7af924b081837726a8d950e,2020-07-25,middleweight,Decision,0.4154949175681993,0.4754531719506865,0.10905191048111425
11685689bd05b8ae21ca67b2,2020-07-25,heavyweight,KO/TKO,0.3794322417702992,0.5028079691508763,0.11775978907882442
376525f5ca63a4c27ff6decb,2020-07-25,heavyweight,KO/TKO,0.40235283622814044,0.43112602587592735,0.16652113789593215
8332a93dfb22029ffd97dce6,2020-08-01,middleweight,KO/TKO,0.3732805821199572,0.4503674490900428,0.17635196879
accaf5efe3560f60755f9237,2020-08-01,bantamweight,KO/TKO,0.5691620529354249,0.30372392520439967,0.12711402186017548
77f7f2dbc81095fc4709e0cc,2020-08-01,featherweight,Decision,0.5339255545751118,0.28396171064612175,0.1821127347787664
803e4699563eeaab313ee6f9,2020-08-01,womens_flyweight,Submission,0.6841442222719123,0.19263916075522994,0.12321661697285774
cf1b0a8a8ef42f5355c57ac5,2020-08-01,featherweight,Decision,0.4257114348775329,0.283094455649067,0.2911941094734001
74ada4c73df8d55a25668c40,2020-08-01,lightweight,Decision,0.5916582962595214,0.263190609676662,0.14515109406381657
11b2bdce33b4daa385378c1a,2020-08-01,welterweight,KO/TKO,0.4485320633302798,0.380356454630846,0.1711114820388741
210876a707716aedd484fb62,2020-08-08,middleweight,KO/TKO,0.5355506290312405,0.296221663081451,0.16822770788730862
55d2db7e55ff9ef810d8a2d6,2020-08-08,lightweight,KO/TKO,0.5853795227585318,0.25814343421120717,0.15647704303026105
04fb7fae5eccd9bfad3b30f5,2020-08-08,heavyweight,KO/TKO,0.25315057226363064,0.542937269556873,0.20391215817949646
9c4d9994434bee6a49132946,2020-08-08,featherweight,Submission,0.4280217366004802,0.3370299461671035,0.23494831723241635
868200fb7ccb6878e63a9732,2020-08-08,bantamweight,Decision,0.5092332819634816,0.2708294304799876,0.21993728755653072
7ba96474f9f6f546663fb612,2020-08-08,middleweight,KO/TKO,0.45198807934942226,0.32150166873792135,0.22651025191265645
2d9f61eb854f945a91ce4e6e,2020-08-08,middleweight,Submission,0.4673539168336086,0.36213170379660076,0.17051437936979064
da0dbbeaf56d1757faf50688,2020-08-08,lightweight,Decision,0.5013953527459882,0.34753155216960374,0.15107309508440803
7cf5bb7c97d458ef222e05c8,2020-08-08,middleweight,Decision,0.4877092181331481,0.35947738652924277,0.15281339533760907
298e37ec9666db9f53515a4c,2020-08-08,welterweight,Decision,0.5643154024433082,0.32241562578997723,0.11326897176671452
245a1aa1d70748ddb77fcd50,2020-08-08,womens_bantamweight,Decision,0.6651590358634417,0.19257562734711015,0.14226533678944805
060c3c0453e2685b88bfc7cd,2020-08-08,featherweight,Decision,0.4713292434077904,0.2743562476104139,0.25431450898179575
f62f628f4d455c496ac07489,2020-08-15,womens_strawweight,Decision,0.6243166666527226,0.17364421165925495,0.20203912168802243
a932c2ee19a974d44f417d4b,2020-08-15,heavyweight,KO/TKO,0.3229390555998988,0.46002862767033975,0.21703231672976145
7a1e753ee1cac071ed552cc0,2020-08-15,womens_strawweight,Submission,0.6566062486833253,0.15677209509312065,0.18662165622355414
c2a30adbd7330740e20862ad,2020-08-15,featherweight,KO/TKO,0.394353144790343,0.2950561929212056,0.3105906622884514
14528df9ace6c262ceefb3f7,2020-08-15,lightweight,Decision,0.47792177945873743,0.2884172996447333,0.2336609208965294
55a99ea2630f084f2ed4d912,2020-08-15,bantamweight,Decision,0.6189870880514357,0.27625341765050526,0.10475949429805914
5d24c91dd499dbf9f371c204,2020-08-15,heavyweight,KO/TKO,0.3563261698331305,0.5385107851029741,0.10516304506389529
1b00b8df5d93a51c490a2948,2020-08-15,featherweight,Decision,0.4244030274137865,0.2837394326192031,0.29185753996701047
ba981dcf4305f29bcaa7900b,2020-08-15,bantamweight,KO/TKO,0.49350249401493773,0.3085776103208609,0.19791989566420123
27164f9bd07bca68817f3f4e,2020-08-15,heavyweight,Decision,0.3836405426866754,0.5022835552053633,0.11407590210796135
b5a777423264ab6348bb1c2e,2020-08-15,featherweight,Decision,0.4539498378301323,0.31539257688559447,0.23065758528427333
acf437c27bb894e5f10b2833,2020-08-22,womens_strawweight,Decision,0.5771092794891041,0.2033126547084931,0.21957806580240272
865bc5e17b412e9d8e74207b,2020-08-22,lightweight,Submission,0.6131958061037994,0.26049675302278263,0.12630744087341797
56c97a89da7aadd66d047b0a,2020-08-22,welterweight,Decision,0.38658525308588815,0.32625372558128335,0.2871610213328285
3d301ae7159660205e61e4dc,2020-08-22,welterweight,KO/TKO,0.5554164537415205,0.2966860575316609,0.14789748872681868
34d337987a36d7908897d305,2020-08-22,light_heavyweight,KO/TKO,0.3217305199051697,0.4906187221530898,0.1876507579417406
df37437bbab31d315b3583ce,2020-08-22,light_heavyweight,KO/TKO,0.29454290690989104,0.5963437589270857,0.10911333416302327
35fc4617b59fef082956caf0,2020-08-22,womens_flyweight,KO/TKO,0.41603491206672993,0.2917889557509021,0.2921761321823681
4c3bf69bcda575328e7dfa8a,2020-08-22,bantamweight,Decision,0.4636881794921041,0.39296240794300297,0.1433494125648928
9a0f019bcdd546effc2348ee,2020-08-29,middleweight,Decision,0.5924176072188643,0.2646583026075067,0.142924090173629
445a76108cb8e63cbb18f23b,2020-08-29,featherweight,Submission,0.530200786698071,0.3039741481405425,0.1658250651613865
783496ec89222db55e57a668,2020-08-29,light_heavyweight,Decision,0.4007020093080664,0.4554909517122413,0.1438070389796924
e386eba5a579cbc9c61d7ea2,2020-08-29,womens_flyweight,Decision,0.6714165909891173,0.20484492939457635,0.12373847961630637
7e8fcbb84541590cb5ced267,2020-08-29,middleweight,Decision,0.40450092729513304,0.39380032096223655,0.20169875174263044
4fba53fa922937da97b13a1a,2020-08-29,womens_strawweight,Submission,0.588239739396922,0.2478092759725639,0.16395098463051416
9e3309a83263a3eb26e2536b,2020-08-29,womens_strawweight,Submission,0.5638549159195057,0.20696085642005094,0.2291842276604434
cd63bf60ab82e106e2f0ee15,2020-08-29,featherweight,Decision,0.5165169786058769,0.2967687970878726,0.18671422430625043
5b102515890b750f61b15ad8,2020-08-29,welterweight,Decision,0.5621262396009069,0.32966774632321116,0.10820601407588204
df451b71add33401cfbbbdee,2020-08-29,welterweight,Submission,0.48751129995807424,0.3297206268326609,0.18276807320926494
a8f7e7ce78b35799585b7b3f,2020-09-05,heavyweight,KO/TKO,0.25995126196467927,0.6267255223802481,0.11332321565507254
4566ad12d4871db68af538da,2020-09-05,middleweight,Submission,0.5440735767476318,0.2670520067639436,0.1888744164884245
79f56fc5b540a07b75fc2f98,2020-09-05,featherweight,Submission,0.49392991298761996,0.3252348924973253,0.18083519451505475
b37f7663c4100c0a3a3d864e,2020-09-05,bantamweight,Decision,0.5742487748376146,0.2598092141520727,0.16594201101031272
db45cb350600a6522a63019e,2020-09-05,welterweight,Submission,0.5628337775171516,0.3173390828519118,0.11982713963093669
3a47b616824dbc09d6b4f23f,2020-09-05,light_heavyweight,KO/TKO,0.3861368973817796,0.49093386871343436,0.12292923390478608
cc3301848054cf1d86698beb,2020-09-05,womens_flyweight,Decision,0.5871112066938056,0.20628327365552618,0.2066055196506683
28d6bbf15b8b8f3eb7f23a3c,2020-09-12,heavyweight,Submission,0.3229390555998988,0.46002862767033975,0.21703231672976145
f323a1bcddd8b81465fd2d6a,2020-09-12,featherweight,KO/TKO,0.4304761271482331,0.28204431250664475,0.2874795603451221
7ae74b7892d546b2c6cc4286,2020-09-12,catch_weight,Submission,0.29800576771396153,0.40293499780056263,0.29905923448547583
b58fb9829ccfd18659c6d7da,2020-09-12,welterweight,Decision,0.4477185997285531,0.39614441095903313,0.15613698931241385
082eb0ff7fe293a70ba23347,2020-09-12,light_heavyweight,Submission,0.3032817879505114,0.5475289251431844,0.14918928690630417
93cfcbcd4b75c2b5c8ee2e46,2020-09-12,womens_bantamweight,Decision,0.6921792379572674,0.20754838368926626,0.10027237835346636
04a643128e2a0077e897530a,2020-09-12,lightweight,Decision,0.5994910738751716,0.2722637783724037,0.12824514775242465
537ffd56845ed420190fbfdd,2020-09-12,womens_strawweight,Decision,0.5661713134606297,0.2874600522941883,0.14636863424518193
25de901f6dd7ecb9530b74b0,2020-09-12,lightweight,KO/TKO,0.4228765545318719,0.36060998653146914,0.216513458936659
28efb17bdca98d4378885a1c,2020-09-12,womens_flyweight,Decision,0.674777385106169,0.2089847551274268,0.11623785976640413
9315dd27fd7b658d3ca50207,2020-09-12,womens_flyweight,Submission,0.6651462098221809,0.2117891984787031,0.12306459169911604
623b46230159a54815f5cb49,2020-09-19,bantamweight,Decision,0.6224098259431157,0.2563590644110334,0.12123110964585081
fb266d3d4965156fe0812808,2020-09-19,welterweight,KO/TKO,0.4181967000234087,0.4718270559641323,0.10997624401245897
6c738a0d9b2c763e5023b8b1,2020-09-19,featherweight,Submission,0.37260770669324134,0.2581247790374962,0.36926751426926246
d817723ba47e641cb45f55df,2020-09-19,womens_bantamweight,KO/TKO,0.6122127645436043,0.20743746787112372,0.18034976758527194
5b0b10e3a4c96b4a1aaacc21,2020-09-19,light_heavyweight,KO/TKO,0.3295450197090731,0.48289939588570885,0.18755558440521808
4d15262f09d0438e42a1d716,2020-09-19,flyweight,Decision,0.6285422475008575,0.24872817206230946,0.12272958043683291
f23ca5817efea8ed67cc6d3e,2020-09-19,bantamweight,KO/TKO,0.468101128481805,0.33396692990442844,0.19793194161376665
fb788a19abdf58c4ce9dcfda,2020-09-19,middleweight,Decision,0.4402891261952799,0.3655422353556376,0.19416863844908247
5c95389aafbb0711c5963558,2020-09-19,middleweight,KO/TKO,0.34731813850571946,0.33557606109801663,0.317105800396264
7931d00816825b1bd9e0ecf7,2020-09-19,womens_strawweight,Submission,0.6170401198735316,0.19869171103600533,0.18426816909046298
126a5071914844441f76aed3,2020-09-19,womens_flyweight,Submission,0.6188738176319823,0.2083633317484732,0.17276285061954444
ef94f26d1600348c57fa67b0,2020-09-19,featherweight,Submission,0.49905495227446844,0.3161548052689129,0.18479024245661868
3e510c9608a6583021390665,2020-09-19,bantamweight,KO/TKO,0.4308210285865217,0.33902859717765577,0.23015037423582244
23a662e45455f29a908aee5f,2020-09-26,lightweight,Decision,0.606932003377539,0.25518185097336504,0.13788614564909585
ffe5c9a6e91e0d37d415fdb0,2020-09-26,welterweight,Decision,0.5459225808079291,0.3039011199958805,0.15017629919619035
9f519c98b04a3b46edae897c,2020-09-26,light_heavyweight,KO/TKO,0.30442668475439155,0.569419833701807,0.1261534815438015
80791d311e48d79967e48920,2020-09-26,featherweight,Decision,0.5917522444900176,0.2938002576260942,0.11444749788388824
4ba5210842a9fdedea37b2dc,2020-09-26,middleweight,KO/TKO,0.414334039452948,0.475222443338766,0.11044351720828603
38d22d042e94d6259e70a045,2020-09-26,heavyweight,Submission,0.3957042087040896,0.38232133549947256,0.22197445579643774
48f7656e55b8b2313a2a7cd2,2020-09-26,flyweight,Submission,0.5717464981486228,0.21654707796296213,0.2117064238884151
f4bc73375a257ec73059a857,2020-09-26,womens_bantamweight,Decision,0.6780741583162686,0.1891688616771571,0.13275698000657415
be57e08456210445617a2cfe,2020-09-26,light_heavyweight,Decision,0.37766298288502176,0.44085713359816275,0.18147988351681554
39410ea34d5a7709c2e4070b,2020-09-26,featherweight,KO/TKO,0.5057191576312853,0.3267352160855902,0.16754562628312442
f593b1fad2405f4eea183994,2020-09-26,light_heavyweight,Decision,0.4575411831350443,0.36521699424259696,0.1772418226223587
b04169fb651ff838bcc04a28,2020-10-03,welterweight,Decision,0.558399350813196,0.31167597357664306,0.12992467561016088
0c6b8632abdb2d92929613c4,2020-10-03,bantamweight,Decision,0.5936950775998531,0.24641747567712338,0.15988744672302357
d1559e32012f7277afb65dff,2020-10-03,middleweight,KO/TKO,0.4285179162638991,0.3027051082150067,0.2687769755210942
f3ee0876b7b239e4c9c141a5,2020-10-03,womens_bantamweight,Submission,0.6188256578372552,0.2592693978177839,0.12190494434496088
1ed625d2bce4a080ff7aa7ec,2020-10-03,womens_bantamweight,Decision,0.47934451876371803,0.41440499803825215,0.10625048319802995
c6a82c44dd90c79be12b6827,2020-10-03,middleweight,Decision,0.3853164153260321,0.3269285757514068,0.28775500892256106
e027916440b1d9b89633d333,2020-10-03,bantamweight,KO/TKO,0.49221030513205677,0.29036853955875497,0.21742115530918812
e78a454a7ba56158106a70bb,2020-10-03,womens_strawweight,Decision,0.6368556722550527,0.21624965464151508,0.14689467310343218
9038dd92cf6a9dba569b6e41,2020-10-03,lightweight,KO/TKO,0.46222234794007083,0.27494581559476317,0.26283183646516606
5e403d21b6f537ca07e981a8,2020-10-03,heavyweight,Decision,0.4012041708292218,0.4888042268132768,0.10999160235750148
80048b12f4e27d448e681393,2020-10-10,bantamweight,Decision,0.5681850558181305,0.260014968975298,0.17179997520657153
9fd3797dda6a9dc551642271,2020-10-10,heavyweight,Decision,0.5241118821384854,0.36552626462005433,0.1103618532414603
47d015c9da4f8e7c68642c9c,2020-10-10,flyweight,Decision,0.5044449395379604,0.26757023036787825,0.22798483009416132
f3c39178e030c72a92766f83,2020-10-10,heavyweight,KO/TKO,0.273187346567279,0.518916783330595,0.20789587010212598
b33b7e15079e874207787397,2020-10-10,featherweight,Decision,0.47855837680138646,0.32516325302347654,0.1962783701751371
32b54d883d2d43b47a7329ef,2020-10-10,featherweight,Decision,0.6324027356768482,0.24797474543797146,0.11962251888518022
3933cacfa643f4332fb05e57,2020-10-10,middleweight,KO/TKO,0.52926239813937,0.3005657729930954,0.17017182886753468
6d2a9d7dc08ac386e90f4115,2020-10-10,middleweight,KO/TKO,0.4322907887121453,0.285797690538243,0.2819115207496117
a9b7a476e336ba9d14cc3967,2020-10-10,bantamweight,KO/TKO,0.3485723720604485,0.47997117382075416,0.1714564541187973
4bf87d901465ed4dc164d766,2020-10-10,heavyweight,KO/TKO,0.29888680554375574,0.5492686476360016,0.15184454682024262
96f20b0be6ccb77bf9cdc8eb,2020-10-10,middleweight,KO/TKO,0.418793816763036,0.4129967687891903,0.16820941444777374
f37de3fb239061532292aa7a,2020-10-10,womens_bantamweight,Decision,0.5930916738479224,0.21460695018711307,0.19230137596496455
c1064b7eb590e152b8293553,2020-10-10,featherweight,Decision,0.48152353551527294,0.2619671912720543,0.2565092732126728
7436f2383310929d077726d8,2020-10-17,featherweight,Decision,0.3588382058289453,0.46184582319205614,0.17931597097899848
1ccd594341a2b6cea5016be1,2020-10-17,welterweight,Decision,0.4358302575548215,0.3216851491402489,0.24248459330492947
5c7f86843455a239817ae12d,2020-10-17,light_heavyweight,KO/TKO,0.40564352755594774,0.37769892324855925,0.21665754919549307
2da28f1443f58bbdd2cb3db7,2020-10-17,womens_flyweight,Decision,0.49305269889370185,0.2889370842292375,0.21801021687706063
9dc9bdd024b0eccd64b939ac,2020-10-17,lightweight,Decision,0.5473328540261871,0.23579240939319623,0.2168747365806167
5b47f9b0810708e40df64e9e,2020-10-17,light_heavyweight,KO/TKO,0.2973214635527395,0.43336055871910834,0.2693179777281521
2975781dbd33227ef8a61f79,2020-10-17,middleweight,Decision,0.48989378137140605,0.3839218660989688,0.1261843525296252
2a9bbefd70d44c964d657e9b,2020-10-17,womens_flyweight,KO/TKO,0.6789281444822279,0.20093108464797088,0.12014077086980122
591940879703188b315267f6,2020-10-17,lightweight,Decision,0.4257114348775329,0.283094455649067,0.2911941094734001
385fd3eb8f3778369168b7dd,2020-10-17,bantamweight,KO/TKO,0.5014438181643087,0.3182062894634381,0.18034989237225327
5d4dafd8adc6f8fdd0422db8,2020-10-17,featherweight,Decision,0.5154323020487176,0.3362870962703727,0.14828060168090978
9e5f20555d811d9565cd562c,2020-10-24,welterweight,Submission,0.43507541018538837,0.3204571226433303,0.2444674671712812
c390228f133682c232f89d7a,2020-10-24,heavyweight,KO/TKO,0.5334278283155607,0.374263842072372,0.09230832961206718
ddd3bcee83bd285bc2d66fda,2020-10-24,middleweight,KO/TKO,0.3837308052665739,0.3296983223248027,0.2865708724086234
accd1dcd8cd278a67c7cd20f,2020-10-24,lightweight,Submission,0.4919079194471182,0.33655597657076375,0.1715361039821181
5e1047bc4fb321e2c668e871,2020-10-24,lightweight,Submission,0.44018131566586394,0.4203718578214567,0.13944682651267948
01e8de6e71b38fdbb4ca295b,2020-10-24,womens_flyweight,Submission,0.6346616547643733,0.23280811853947722,0.13253022669614944
dccd287fe543912a3d4262ce,2020-10-24,womens_flyweight,KO/TKO,0.4276781615229335,0.2204421819711377,0.35187965650592884
27330ec2f027b06bb6e1d506,2020-10-24,light_heavyweight,KO/TKO,0.39704106308841774,0.45291907775461104,0.1500398591569711
95bf3e74a6af57559a469137,2020-10-24,catch_weight,Decision,0.6064543302282943,0.22571778062407094,0.16782788914763463
df5cb9edb98d3b8e5b0d1dcc,2020-10-24,middleweight,Decision,0.4634844354851544,0.414805384955844,0.12171017955900147
f579d8fdebc5facfe7a54631,2020-10-24,heavyweight,KO/TKO,0.3656545299517273,0.44115721170781713,0.19318825834045564
89530c10412fef4e37adacc3,2020-10-31,bantamweight,KO/TKO,0.42722097993168434,0.28055235522585414,0.29222666484246146
139113bda6e2c08bcdb0de64,2020-10-31,featherweight,Decision,0.5565782096731628,0.24596813065638484,0.19745365967045236
64f6e5042b239942a0940584,2020-10-31,lightweight,KO/TKO,0.5016533936210817,0.35201739495084045,0.14632921142807775
cefd7c12fbddc1ae93b66ff3,2020-10-31,welterweight,Submission,0.38732963438531154,0.4026831659925575,0.209987199622131
7b0cfccdff37cdd83d0058fe,2020-10-31,light_heavyweight,KO/TKO,0.5597641298656123,0.33767066092737485,0.10256520920701286
26fbfce30596a1dab7bd4db1,2020-10-31,middleweight,Submission,0.4587373319661643,0.35382868728062616,0.18743398075320966
578662bba25d0cd530c617d8,2020-10-31,lightweight,Decision,0.5574553960723803,0.24588122843564722,0.19666337549197255
ee10cdc650c5fb71fced52b6,2020-10-31,heavyweight,KO/TKO,0.3497827360283148,0.5133554004265395,0.13686186354514565
558610849677ae0c138c4f45,2020-10-31,bantamweight,KO/TKO,0.4968011199710661,0.2863797288616614,0.21681915116727266
5fd8a5e104ff4c3e1adbc165,2020-10-31,middleweight,Decision,0.4632431071116162,0.37953770379524193,0.1572191890931418
b5338c339e99f772edcafd4b,2020-10-31,middleweight,KO/TKO,0.29672213942214215,0.5711444428273019,0.13213341775055584
c01ae7afb0d017349ea11354,2020-11-07,heavyweight,Submission,0.29496587217934245,0.4509112773021464,0.25412285051851113
a75ae44aa15099924d9905d7,2020-11-07,heavyweight,Decision,0.4810444147158807,0.4396629670336513,0.07929261825046793
3eef4800a98bf0e45d406700,2020-11-07,womens_strawweight,Decision,0.6940469367929847,0.184654746664885,0.1212983165421303
dcbfa685c07ca7e10a21cc93,2020-11-07,featherweight,Submission,0.528155513160748,0.3007786125803248,0.17106587425892728
7e96ea3f88bc1cd633bfbcff,2020-11-07,featherweight,KO/TKO,0.5446574933574158,0.28844450988041986,0.16689799676216432
cf941249e8853878c39beb3b,2020-11-07,bantamweight,Submission,0.5355952514178317,0.32748095563341484,0.13692379294875337
627ff29937df0f3e4b02b96e,2020-11-07,welterweight,KO/TKO,0.4725376264166657,0.36642958178563617,0.1610327917976982
35cd9e0ed2ba0bbc0352b4d5,2020-11-07,bantamweight,Decision,0.4834291072445168,0.3307178838824734,0.18585300887300968
f56a2da3439d7312f3ed5053,2020-11-07,light_heavyweight,Submission,0.28057122446063926,0.5851363588590821,0.13429241668027866
22d95249dfaff73c149f7787,2020-11-07,middleweight,KO/TKO,0.5656202985641351,0.32341108659296397,0.11096861484290092
4f984c114f952c5e85b05305,2020-11-14,welterweight,KO/TKO,0.3556107193047394,0.4788159656134438,0.16557331508181666
0bf1cad5fff73833720546bb,2020-11-14,welterweight,Decision,0.4378279359541614,0.3705208394761719,0.19165122456966657
4d8c8fdb741a66e9ec213215,2020-11-14,womens_strawweight,Decision,0.6835577209132485,0.19664377580528888,0.11979850328146271
7472bbec30036b91f8b3f55a,2020-11-14,catch_weight,KO/TKO,0.5452073680060711,0.2878844309857001,0.1669082010082289
9d1bf278adaf06c59aafbe8a,2020-11-14,heavyweight,Decision,0.35786345898915883,0.5144541001336373,0.12768244087720385
bdf3b0384bfd20ab4f874937,2020-11-14,bantamweight,Decision,0.5951422709640742,0.25978108055364935,0.1450766484822764
256ba9eadd0025f9b1b46491,2020-11-14,womens_strawweight,Decision,0.4305424633299802,0.21155504527915925,0.3579024913908606
212de9a7a449ce2e3483fe61,2020-11-14,lightweight,Decision,0.46511324402265647,0.39742773618161426,0.13745901979572922
71953b09146d733984c4873f,2020-11-14,womens_strawweight,Decision,0.57381602254275,0.23440855720596365,0.19177542025128638
daa107f8ce19d97b1024e608,2020-11-21,welterweight,Decision,0.39198436576909773,0.4635609766276005,0.14445465760330176
990f47449008c2507dce5538,2020-11-21,womens_flyweight,KO/TKO,0.6590821832296171,0.18378427090428298,0.15713354586609996
855198b297a6d4d634748fc0,2020-11-21,flyweight,KO/TKO,0.45159193209632426,0.25592844430007317,0.2924796236036026
ab363e2b0f18214055df486e,2020-11-21,welterweight,Decision,0.5713024208680726,0.3061540394914647,0.12254353964046263
35a304f5212463a5b62f0016,2020-11-21,flyweight,Submission,0.3155103158576045,0.46255261953170373,0.22193706461069174
e10c4a1985fd12ac4132b445,2020-11-21,middleweight,KO/TKO,0.3894762142351668,0.42476933581815374,0.1857544499466794
75e45e9d89ad79cff7c42ac6,2020-11-21,womens_flyweight,Decision,0.6503878917969154,0.17201350081265265,0.17759860739043204
5ec0091b78dc3de20dd3ac14,2020-11-21,middleweight,Decision,0.46491926044781423,0.27917749291377153,0.25590324663841424
71a0386425bf0de6d824fb82,2020-11-21,welterweight,KO/TKO,0.3837308052665739,0.3296983223248027,0.2865708724086234
1d045510888fda8b989e961d,2020-11-21,light_heavyweight,KO/TKO,0.34109305210574464,0.45960079339496923,0.19930615449928624
eaf2ba2fb033cd4f682f8d99,2020-11-21,welterweight,Decision,0.46185658851290035,0.413348508223256,0.12479490326384356
2cbdb6487a02560caa061947,2020-11-21,womens_flyweight,Decision,0.5475856227089936,0.31253639082176,0.13987798646924635
f1ef0a42087a271126512de6,2020-11-28,light_heavyweight,Submission,0.3893336566383903,0.49239404252445845,0.11827230083715122
54556752d4e905ae3733dad8,2020-11-28,womens_bantamweight,Decision,0.5806768743488305,0.27727755173357543,0.1420455739175941
ee744e008569f783f1c7ae2f,2020-11-28,womens_flyweight,KO/TKO,0.5309875939585198,0.22137818063679082,0.24763422540468935
1da86dd1a82396c3d44770b5,2020-11-28,featherweight,KO/TKO,0.5338923841486647,0.2830502743848991,0.18305734146643626
f7f1ed2648969e54b0e3c382,2020-11-28,heavyweight,Decision,0.3382805099028969,0.5101155612785341,0.15160392881856902
15dd8c606462176c34ed098b,2020-11-28,catch_weight,Submission,0.41860108160420434,0.40727154133161864,0.17412737706417708
be0781425d6678d096405d23,2020-11-28,bantamweight,Submission,0.5908735851273561,0.260394929311055,0.14873148556158883
1cc13b483b64475640fb3718,2020-11-28,welterweight,Submission,0.3941660829746643,0.4342676593776706,0.17156625764766506
1162fe15cac2da103dfe148c,2020-11-28,featherweight,Decision,0.5774208317500055,0.28126307250868543,0.14131609574130916
0c3a9c25327fe52dfdc851ce,2020-11-28,flyweight,KO/TKO,0.45902214482302595,0.29986466052049077,0.24111319465648326
3fb0d126ec0ec9c850e7c51f,2020-12-05,lightweight,KO/TKO,0.46478533933913824,0.35065666443778315,0.18455799622307856
38c73190ff54c90011fd11da,2020-12-05,heavyweight,Decision,0.4194822916082213,0.4589062601023487,0.12161144828943003
2faee2f4000145f6ef0e7d15,2020-12-05,featherweight,KO/TKO,0.5586832675696901,0.2077182782627888,0.23359845416752117
c7ea0e981df13024b9a31ab0,2020-12-05,middleweight,Decision,0.3592916088904114,0.4500475703930304,0.19066082071655824
b7f4b02b143222c336934e1f,2020-12-05,bantamweight,KO/TKO,0.46613023326799025,0.2802241656261854,0.2536456011058243
96327f3512f595cecb211d04,2020-12-05,lightweight,KO/TKO,0.45993002101983915,0.2825539981656048,0.25751598081455607
5626b216eee3a29a06e2e953,2020-12-05,light_heavyweight,KO/TKO,0.5191384092300846,0.3713797131870429,0.10948187758287249
cdbde8c8fb7b8ab6ece9ca3f,2020-12-05,light_heavyweight,Decision,0.316995785631222,0.5270766031826307,0.15592761118614729
e56a0eee2d1ec9ecb44e9c6c,2020-12-12,featherweight,Submission,0.49223804675329164,0.31261111422147636,0.19515083902523186
0212910162e54fa9cd5b7cd0,2020-12-12,featherweight,KO/TKO,0.4654772255499878,0.32953977569744836,0.20498299875256382
d5af84d65e5ec7c832fd231d,2020-12-12,featherweight,Decision,0.55806183790152,0.22602168378531579,0.21591647831316432
f33feba4243e510ba6affdca,2020-12-12,heavyweight,KO/TKO,0.4881451598641152,0.3731437959120362,0.13871104422384856
dd922295fee469e083fac69f,2020-12-12,middleweight,KO/TKO,0.42198463635398187,0.39877872891741556,0.17923663472860255
b259ff80d212bf23d79b1dc4,2020-12-12,womens_strawweight,Decision,0.5046245743263192,0.21033351474454512,0.2850419109291356
4bdb0495d3dcf5d7e7dd27a3,2020-12-12,lightweight,KO/TKO,0.5342438675661456,0.2660386485849419,0.19971748384891236
80103ed2aae686dd59e7503e,2020-12-12,womens_strawweight,KO/TKO,0.5947085610055448,0.2335729052674688,0.1717185337269864
c07bd95dd550983c678bb413,2020-12-12,lightweight,Decision,0.44942193276950265,0.2833851828788521,0.2671928843516452
956d4c038b9d798a03f2f217,2020-12-19,welterweight,Decision,0.573827106447417,0.2816956999186612,0.1444771936339218
06b8415093de68eee890672b,2020-12-19,catch_weight,Decision,0.6197668899240922,0.24692866801392827,0.13330444206197953
9cfc7008d97b25e3eee03dba,2020-12-19,catch_weight,Decision,0.5891051472606903,0.29183224322688045,0.11906260951242922
7c14b9cca72df7ce3e48797f,2020-12-19,womens_flyweight,Decision,0.6506619097553938,0.16951392126256315,0.17982416898204298
09bb551777feafe78278b168,2020-12-19,flyweight,Submission,0.4257114348775329,0.283094455649067,0.2911941094734001
ce69be9a42b5dce320787439,2020-12-19,bantamweight,Decision,0.569840262323107,0.2786233089782477,0.1515364286986454
d4607f21674e1b635ed2c4b1,2020-12-19,heavyweight,KO/TKO,0.4240527738651986,0.4642975832462101,0.11164964288859137
2751edcfff14d6f87019df2c,2020-12-19,bantamweight,KO/TKO,0.4977104257141028,0.35929041977671333,0.14299915450918396
47e7219958c4619887b0ea40,2020-12-19,welterweight,Decision,0.41165345969671585,0.39898560308208647,0.18936093722119776
8da008a32caddde479cc3af6,2020-12-19,womens_bantamweight,Decision,0.6581811852358097,0.20957146506498286,0.1322473496992074
6cccf3ffb09a129e7b0bb096,2020-12-19,welterweight,Decision,0.35024166562351966,0.5258712073922763,0.12388712698420391
73c4fd702dce585354b6c53b,2020-12-19,middleweight,Decision,0.3837308052665739,0.3296983223248027,0.2865708724086234
ae621dcbc9586b8e5527d2fc,2021-01-16,welterweight,Decision,0.5472070829960088,0.30495455101329044,0.1478383659907007
63d6662513715319fbb37f5b,2021-01-16,heavyweight,Decision,0.4535184507506227,0.40734795875773844,0.13913359049163895
299cafa827deafab86edfca9,2021-01-16,welterweight,Decision,0.5494770951663914,0.24046522439481288,0.21005768043879564
5a322970c6fa2b7ccdbf1a91,2021-01-16,featherweight,Decision,0.5582599688862708,0.23901073813737544,0.20272929297635378
0b3e78533c34539224338ddd,2021-01-16,middleweight,KO/TKO,0.47079224817637777,0.39633810547088466,0.1328696463527375
e3788f7673c040a7e7162eaf,2021-01-16,featherweight,Decision,0.48271425733752327,0.39209586684490894,0.12518987581756785
94167c05ac13c3152031bd8a,2021-01-16,middleweight,KO/TKO,0.3821890690342009,0.42432918069050923,0.19348175027528972
e1e59ca7e3b0bad7652227e2,2021-01-16,welterweight,KO/TKO,0.4742311069445681,0.4029037554634472,0.12286513759198472
0314d7c96dc6c9029d7f9a5f,2021-01-16,womens_bantamweight,Decision,0.6704658270663749,0.1779551466004411,0.15157902633318412
733a1c63f7740f95a9317482,2021-01-16,womens_bantamweight,Decision,0.5145036262274852,0.2520572179606404,0.23343915581187438
6be48a3315d78994e2f6bbaf,2021-01-20,middleweight,Decision,0.45248700973658523,0.34164608687639764,0.20586690338701708
9fa1bae0311b4aa3ccba91f1,2021-01-20,flyweight,Decision,0.44730037102815134,0.3488248748371586,0.20387475413469008
0510c32efd9efab7964555f7,2021-01-20,light_heavyweight,KO/TKO,0.3110998609184691,0.5614186157319505,0.12748152334958046
8dd911979c1d546b9c995936,2021-01-20,featherweight,Decision,0.4938898563582743,0.3690975828932029,0.13701256074852294
88d9b570e90c027e750424b7,2021-01-20,flyweight,Decision,0.44468182171747156,0.32943785786078544,0.225880320421743
500b756ea736234a67f865c7,2021-01-20,welterweight,Decision,0.4200529293601791,0.3977758136958643,0.18217125694395664
e8a21c49a3957ae2db4f9304,2021-01-20,lightweight,Decision,0.438188429800134,0.3844511702913798,0.1773603999084862
bd1a13b91967e59c2d2ca195,2021-01-20,middleweight,Submission,0.4767240021802852,0.3753679380171198,0.14790805980259492
871ec9ac30c6dde7f53b3da8,2021-01-20,bantamweight,Submission,0.5237712130609847,0.2936475224981278,0.18258126444088746
5e589ab68c009c7418795d5d,2021-01-20,womens_flyweight,Decision,0.6623448086219605,0.234409378677176,0.10324581270086337
f586b613c26248f8a71102eb,2021-01-20,flyweight,Decision,0.44039455623255946,0.33846276214674764,0.2211426816206928
c5b665d2739cea495eec4f33,2021-01-20,bantamweight,Submission,0.42036176076564286,0.2928066328953344,0.2868316063390227
e5728f57a9db1a6d419df71d,2021-01-20,womens_flyweight,KO/TKO,0.46406485461206715,0.2516016808314291,0.2843334645565038
acb69131c93694b07300faa1,2021-01-20,welterweight,KO/TKO,0.581910035888968,0.2700933801488173,0.14799658396221474
cc8a36141f665f8a21e43c79,2021-01-23,flyweight,Decision,0.4818531025632835,0.24502908385620376,0.2731178135805127
ba4700ec8890cb3212bac423,2021-01-23,middleweight,KO/TKO,0.5636786526251312,0.3116121709111023,0.1247091764637665
35396c0c45d4c8527b82d6ab,2021-01-23,lightweight,Decision,0.5862149100155661,0.23885072057365445,0.17493436941077947
e81b6098e57e8133b071edb8,2021-01-23,middleweight,Decision,0.6056830979993624,0.24209561328134155,0.1522212887192961
749823f187d45e71e91ff721,2021-01-23,lightweight,KO/TKO,0.48414844575896726,0.3630930854435084,0.15275846879752436
41d00a19b95b8c4e1011e422,2021-01-23,lightweight,KO/TKO,0.3912445245896629,0.4403025508044079,0.16845292460592914
069bf8b9c6ade82cb549680a,2021-01-23,womens_flyweight,Decision,0.6720524864788533,0.1976865945066846,0.13026091901446216
946129bbdfaa781a21608a9e,2021-01-23,womens_bantamweight,Submission,0.5569597844401676,0.26336049862592825,0.1796797169339041
f7128ea236725875bb42fb2a,2021-01-23,light_heavyweight,Decision,0.25765982118315933,0.6342843184772583,0.10805586033958227
4d892766af178faa517a3b55,2021-01-23,womens_strawweight,KO/TKO,0.6355907589806403,0.17921602332574904,0.18519321769361075
9eddebe538dcd4b2e8bce30f,2021-01-23,catch_weight,Decision,0.5807122713530685,0.26090358307175815,0.15838414557517339
398469f8b03c9109e14c3efb,2021-02-06,flyweight,Decision,0.4856157077062401,0.2978540306917257,0.2165302616020341
c52172bfe2d5dadbc2baa574,2021-02-06,heavyweight,KO/TKO,0.3701711664373617,0.5313898726795989,0.09843896088303947
dd2ee13375dd8c96df6d0a62,2021-02-06,bantamweight,KO/TKO,0.5623698969830541,0.3056904802845276,0.13193962273241833
c2749aa0039c9dbb15dc18cb,2021-02-06,catch_weight,KO/TKO,0.2976102977778497,0.46334526845342894,0.2390444337687213
006fbd1ad4d3164705b758d8,2021-02-06,lightweight,Decision,0.4656501757269256,0.353763092973655,0.18058673129941935
f95fccaf728f92e2468278a7,2021-02-06,womens_bantamweight,Decision,0.5789705913779719,0.2226286497046091,0.19840075891741907
5b925fbe88e3649da9183c2e,2021-02-06,lightweight,Decision,0.6248780099415472,0.24241073498154297,0.13271125507690987
5617b1854fbb99723ea7f386,2021-02-06,light_heavyweight,Submission,0.45598955998756924,0.4248697825999547,0.11914065741247605
187bee69eb0bfc1344de75ea,2021-02-06,womens_flyweight,Decision,0.6505353222682512,0.20673520705820067,0.14272947067354813
116aee82de340b5b69294296,2021-02-06,featherweight,KO/TKO,0.46851708154530985,0.32515579966204416,0.2063271187926461
990348198032e07f47fe05b5,2021-02-06,featherweight,Decision,0.5774529874884312,0.24457869057140535,0.17796832194016346
7f425d4ea75cb89d2a23d068,2021-02-06,featherweight,Decision,0.46124005749273334,0.33368220105556506,0.2050777414517016
0ad9e306fa9bafaa5d9d1705,2021-02-13,catch_weight,Decision,0.6116047834347601,0.2739192609166651,0.11447595564857478
f034ef7d780fb11cd9df91fa,2021-02-13,welterweight,Decision,0.5062896709694666,0.3406982755664515,0.1530120534640819
e415a937b387a95ec19c51ec,2021-02-13,welterweight,Decision,0.41701028009262997,0.37241755700223916,0.21057216290513087
f97a2702edccb7dad093612d,2021-02-13,welterweight,KO/TKO,0.4921312811542253,0.3713792095487869,0.13648950929698778
a4e473c3f2b704804d3aa60e,2021-02-13,middleweight,Decision,0.5593499530237174,0.3137347672611441,0.1269152797151385
84467793f69d35eb41eb8877,2021-02-13,middleweight,Submission,0.420604397448721,0.30156900885883386,0.277826593692445
089e43bbc47943ab21cfcc52,2021-02-13,womens_flyweight,Decision,0.4945128277941458,0.3118481807652474,0.1936389914406068
eb1492878c3ea0174e4e3b62,2021-02-13,womens_strawweight,Submission,0.4559607250008921,0.23505585740932378,0.30898341758978415
12f182cc4484512866f9fb1e,2021-02-13,featherweight,Decision,0.5301016817167917,0.30481994300674176,0.1650783752764665
3dba4569718934d994975320,2021-02-13,middleweight,Submission,0.37773793279890866,0.3113690449030146,0.31089302229807675
ea60b29d1cc1c5cbf1e166c1,2021-02-20,bantamweight,KO/TKO,0.4833858715085412,0.3207292741971799,0.1958848542942788
74bfe372b0e5a30d25bf5041,2021-02-20,heavyweight,KO/TKO,0.2621687966892666,0.5424174319965562,0.19541377131417706
54831bad652cdc3a8ada5fdc,2021-02-20,heavyweight,Submission,0.3155229121656188,0.5667541663604867,0.11772292147389446
5f3fc1a3e546d6b566ba1392,2021-02-20,featherweight,Decision,0.419086884001567,0.24586000349072035,0.33505311250771264
1a4d68fedca9efa585791fa8,2021-02-20,heavyweight,KO/TKO,0.35905113312966513,0.5127245953164444,0.1282242715538905
4dfd2b1535c10a0b46f38234,2021-02-20,bantamweight,KO/TKO,0.5780914312861586,0.29782023624180337,0.12408833247203808
35b9ba0462608f9b6e41c742,2021-02-20,featherweight,Decision,0.61261335809502,0.2709823574050416,0.11640428449993843
b57470dcb8fd957a6caf4d98,2021-02-20,womens_bantamweight,Decision,0.6842560203401827,0.17576714951160405,0.13997683014821333
92b3031f9c8a237ab1c68ea2,2021-02-20,featherweight,KO/TKO,0.5216776434354142,0.27757901300245724,0.20074334356212853
624a4740ac849b0f19e7a355,2021-02-20,middleweight,Decision,0.41923295027599805,0.3532973367976103,0.22746971292639162
bb5477c8597bf06ae476381f,2021-02-20,heavyweight,KO/TKO,0.3969949241751657,0.405261514226973,0.19774356159786133
08bc513ce88af8ec37ef2a3e,2021-02-20,womens_flyweight,KO/TKO,0.4852305369567878,0.3369475781452955,0.1778218848979166
a8ff0354149b1a73242c7b41,2021-02-27,featherweight,Decision,0.5159304966576159,0.29516913884174145,0.18890036450064265
fa031ca2b598c1790a770dac,2021-02-27,lightweight,Decision,0.49134739881081857,0.27114565618663206,0.23750694500254943
79d0da63044a2d7848dc3eb4,2021-02-27,womens_bantamweight,Decision,0.6164773436141657,0.20636327417842,0.17715938220741428
a7edd53221755c84fb85b338,2021-02-27,light_heavyweight,Decision,0.48088963210485536,0.41191864782561494,0.10719172006952972
4dae04976391e2c304856f18,2021-02-27,heavyweight,Decision,0.2640362946443099,0.5847898358578201,0.15117386949787007
8977265e2ec0ac4a8d0eb88d,2021-02-27,light_heavyweight,Decision,0.3398773909978991,0.4957828865094281,0.16433972249267262
03937bc015b49d21691cbfb9,2021-02-27,bantamweight,Decision,0.5966924790426329,0.27481321705040146,0.1284943039069657
3eed3433c57ea8ceb8e6c485,2021-02-27,bantamweight,KO/TKO,0.5173982027300704,0.28830446291303385,0.19429733435689572
2c55dd48924effa480f5ca18,2021-03-06,womens_featherweight,Submission,0.4106809276823945,0.42454169866038344,0.1647773736572219
172ba1c4ac7e58c4dbd7b4dc,2021-03-06,bantamweight,Decision,0.622843356930466,0.2395222049921984,0.1376344380773356
84173c3cabc82b82021ee1bb,2021-03-06,lightweight,Submission,0.47075001099813435,0.364072326557169,0.16517766244469664
2f2a2e5d3ef44f24b2553a05,2021-03-06,light_heavyweight,Decision,0.43929077562540375,0.439364878464367,0.12134434591022916
774fbbcd4bc58c07113c5842,2021-03-06,flyweight,Decision,0.6112294227709714,0.2707466204174999,0.11802395681152868
bec1db2b5e3183035ce016c7,2021-03-06,light_heavyweight,KO/TKO,0.45274757170621227,0.36282227292956126,0.18443015536422638
7406877c1618cdf902112bd6,2021-03-06,womens_strawweight,KO/TKO,0.5638992275015167,0.22671268770472744,0.20938808479375592
436382c7157f32d457cf439c,2021-03-06,bantamweight,KO/TKO,0.46246869465146,0.37365816003206814,0.16387314531647185
4c948af46307bedde78b9778,2021-03-06,flyweight,KO/TKO,0.5825756333637211,0.258825114958124,0.1585992516781549
39d510d179fdc5c9bc82b8d7,2021-03-06,welterweight,Submission,0.5776572964324208,0.2610751178396294,0.16126758572794989
a8dd1d9e9aeb7fd344b2f88f,2021-03-06,bantamweight,Decision,0.49824998253062136,0.3324513514804719,0.16929866598890667
1665c4098d198e470e99997e,2021-03-06,light_heavyweight,Decision,0.36850092369901627,0.5190505473605647,0.11244852894041908
83c08ce6fca53bee662ac967,2021-03-06,flyweight,Decision,0.5506647303606361,0.28043985546040673,0.16889541417895726
2a0f151b77d398964b58f1f6,2021-03-06,lightweight,KO/TKO,0.44077039037274185,0.3031336040682176,0.2560960055590405
e048cc318dcc24e55e146279,2021-03-13,womens_strawweight,Decision,0.6780533418909189,0.19908398367622257,0.12286267443285849
75ff868f7c9201dc424bcc14,2021-03-13,featherweight,KO/TKO,0.43563732916070774,0.41029536422446566,0.15406730661482654
45284428ec473bdf65215b5e,2021-03-13,womens_flyweight,Decision,0.6897335830884412,0.1701886276314494,0.14007778928010928
9681fb4a0e8ec440e305912e,2021-03-13,featherweight,KO/TKO,0.581751806615383,0.23129760768853577,0.1869505856960813
d8ea1aa19a7a70e000c057f8,2021-03-13,womens_strawweight,Decision,0.5331644568436307,0.22824232886485976,0.23859321429150956
08147aa1d935de56a0a7c9fb,2021-03-13,bantamweight,KO/TKO,0.5694471699199237,0.3054565552049968,0.1250962748750795
1220f1ae4d30086f6c114d44,2021-03-13,flyweight,Decision,0.5404269024900326,0.25166611788630594,0.20790697962366145
3d9e74cecbd64b77643aa7d2,2021-03-13,welterweight,KO/TKO,0.4825757271632829,0.2777500171569983,0.23967425567971884
c3cb9104e11fce38ca8aaeaa,2021-03-13,light_heavyweight,KO/TKO,0.33694215530377053,0.4383306469100605,0.22472719778616893
a651712b4735435b6dff0a60,2021-03-13,lightweight,Decision,0.49035858395508436,0.36144987341525225,0.14819154262966333
155fb3d1aba34cc5371c180a,2021-03-13,bantamweight,Submission,0.46613188628964014,0.27799806308709196,0.25587005062326795
09cb12976b9d557d330fede7,2021-03-20,bantamweight,KO/TKO,0.4069117068348694,0.3626932612792455,0.23039503188588523
0e924a271d155d25cb96a9df,2021-03-20,flyweight,KO/TKO,0.5110641056019819,0.2741160150941636,0.21481987930385446
bf9c66e4d2ea103435a96f54,2021-03-20,womens_strawweight,Decision,0.4489777716400189,0.25435929592240303,0.296662932437578
a7bfb80dde30557923deb967,2021-03-20,middleweight,Decision,0.34729730073786763,0.5085959523999917,0.1441067468621407
fccce461000f977a1f29de71,2021-03-20,lightweight,KO/TKO,0.42942579005724024,0.3274809288783186,0.2430932810644412
3046efa844e5b8c612a39088,2021-03-20,womens_bantamweight,Decision,0.5661944873772162,0.259182306968921,0.17462320565386283
0e1232159bb09cf0a8157294,2021-03-20,bantamweight,KO/TKO,0.5208740408847409,0.2920232495129199,0.18710270960233924
87a052aae5db7282aedf3af1,2021-03-20,welterweight,KO/TKO,0.4756919674689621,0.37607862392634617,0.14822940860469186
5ac9f53f3b903f5f50c7ae07,2021-03-20,heavyweight,KO/TKO,0.34172131401620903,0.5162773059148636,0.14200138006892735
24832c40dfffd88b28acd6a1,2021-03-20,middleweight,Decision,0.4376860704185716,0.3622095305250419,0.20010439905638658
655ce511031179b0d7528580,2021-03-27,light_heavyweight,Submission,0.32728143506608265,0.5008046762380499,0.17191388869586735
1523d28d8f3dbd0ee0deefc5,2021-03-27,womens_flyweight,Decision,0.397088947390852,0.34374285091888623,0.2591682016902618
9fa712833bf4b6daceb5243c,2021-03-27,lightweight,KO/TKO,0.49521135079191875,0.28791746321612266,0.21687118599195868
06d257fb5a3c5fda36c86d32,2021-03-27,welterweight,Decision,0.47098028997035185,0.3477043269555679,0.18131538307408018
f821eef7b840304b0c4c2566,2021-03-27,middleweight,KO/TKO,0.564090525046877,0.3067832210362685,0.12912625391685462
10d5d1953f1e4db582bc4232,2021-03-27,light_heavyweight,Decision,0.32622998458769226,0.537161011125605,0.13660900428670272
437c18cdfaded48de4fb9c8b,2021-03-27,bantamweight,KO/TKO,0.4381094035043143,0.3689917156279024,0.1928988808677833
bb5d26adfb4244e5cb7c71ca,2021-03-27,featherweight,Decision,0.5942843120344719,0.2846903535042795,0.12102533446124868
f9ad023e5912b9e8e23296c4,2021-03-27,heavyweight,KO/TKO,0.27225940772579144,0.6215839041452663,0.10615668812894227
71146ba7e43a180d3a76ed5f,2021-03-27,welterweight,Submission,0.5153316981062823,0.3534182059289314,0.13125009596478623
a5b7f687614fa2c274c262fc,2021-04-10,featherweight,Decision,0.5970649892727666,0.25442821153808515,0.14850679918914814
6a77043e2a2c7fbcf5d1422e,2021-04-10,light_heavyweight,Decision,0.3834803789311052,0.4051691736884347,0.21135044738046005
f7aba315e5e7f95e583bb5f6,2021-04-10,bantamweight,Decision,0.5994375742854977,0.2172339604213245,0.18332846529317787
eb0d9121307638176a27c78f,2021-04-10,welterweight,Submission,0.5789000500943806,0.30270248335134886,0.11839746655427048
ec6aff0a24442abf1efa5bb7,2021-04-10,lightweight,Decision,0.4447114397053914,0.29588719667077495,0.25940136362383365
be94f7ea41163e46b8032440,2021-04-10,lightweight,Decision,0.44374256575458326,0.4198500924618226,0.13640734178359426
75e3c66fe5bdb1e2907f61ff,2021-04-10,featherweight,Decision,0.45777354422826383,0.2489135581906938,0.2933128975810423
c2987bdf66ace8687c8129a8,2021-04-10,middleweight,Decision,0.46206416582133003,0.3869826872684784,0.15095314691019163
bb4b636ab4f2733d20549b1d,2021-04-10,welterweight,Decision,0.47759671101917334,0.3823401916072957,0.14006309737353106
2324fee04a36218838c2f885,2021-04-10,womens_strawweight,Submission,0.614708034247528,0.16976113710828813,0.2155308286441838
04cea879fa6be6d87fdd22c0,2021-04-10,middleweight,Submission,0.5313504714483307,0.26013805473618545,0.20851147381548388
a145a890ebf3141cbf139a78,2021-04-10,lightweight,KO/TKO,0.6052016882332911,0.27294760158578424,0.12185071018092468
a26ae051b20aa9c96dc7945e,2021-04-10,heavyweight,KO/TKO,0.49213567218441245,0.4059320591825234,0.10193226863306411
3974a50adcd6fd1bcc060147,2021-04-17,middleweight,Decision,0.39147058294560416,0.4518301934208636,0.15669922363353225
c3a29929b0c55a012ba64d3c,2021-04-17,heavyweight,Decision,0.25523743281683625,0.3975992851733078,0.3471632820098561
85eb8bca2d84e2de29d25928,2021-04-17,heavyweight,Decision,0.37803125774156704,0.5084830670152842,0.11348567524314872
2dfce60518599adbf4e3bbc9,2021-04-17,lightweight,Decision,0.43748814415305876,0.3737677201514671,0.18874413569547419
3249899f8623af67ee4875c4,2021-04-17,middleweight,Submission,0.4617452436289278,0.3073602458715262,0.23089451049954593
b6a515792134d4e7ebc8590e,2021-04-17,womens_strawweight,Decision,0.546484817172854,0.26471199347156826,0.1888031893555777
c36e6871481b761b6bc086f8,2021-04-17,lightweight,Decision,0.6113252485710734,0.22586236367097748,0.16281238775794904
d500803cf03a6c79704f1f11,2021-04-17,middleweight,Decision,0.4806744351103028,0.3959808286425066,0.12334473624719076
a7e37dc0ef58d7d8986f6a75,2021-04-17,bantamweight,KO/TKO,0.5429169491272048,0.31789162343131944,0.1391914274414758
5540eafcd8dfd2f733cfcec1,2021-04-17,womens_flyweight,Decision,0.7038190574972558,0.18063818448509314,0.11554275801765106
44edb5e52a71d5b17b379406,2021-04-24,welterweight,Submission,0.47932332799330285,0.3655069973972856,0.15516967460941147
b29904ef22772d43b1dce8a8,2021-04-24,light_heavyweight,KO/TKO,0.30602174477017813,0.4861915423761043,0.20778671285371747
961b987dd8cca4efe946c0ac,2021-04-24,flyweight,Decision,0.4234708281645849,0.29123607475249785,0.28529309708291706
07cb74a61d28c7395ccc3e46,2021-04-24,bantamweight,KO/TKO,0.5800311477602582,0.28817234409920506,0.13179650814053676
c15e97d5709dfd66cf01357a,2021-04-24,welterweight,Decision,0.5779099800887102,0.3042847175377179,0.11780530237357185
0e596947e3da41e12e863200,2021-04-24,welterweight,KO/TKO,0.4577760799795827,0.42184868435607475,0.12037523566434254
2c3c5213ab9496c702780d50,2021-04-24,middleweight,Submission,0.43010709195984415,0.33269313699700087,0.23719977104315496
023d0a839d940fdea400233f,2021-04-24,lightweight,Decision,0.39419929786558544,0.33707122912018905,0.2687294730142254
c379cb07b140cc25e888391e,2021-04-24,womens_strawweight,KO/TKO,0.5034977318668534,0.2856018882986253,0.21090037983452142
fee11078cee1e6996b863aed,2021-04-24,featherweight,Decision,0.48967499610845433,0.28478900811732594,0.22553599577421965
5e472b8e52eff152fbfe7d30,2021-04-24,middleweight,KO/TKO,0.48919238050962077,0.3560332965147846,0.1547743229755945
b53f0ffc153410c8a768bc13,2021-04-24,womens_flyweight,KO/TKO,0.5468813475895363,0.3178043087501088,0.13531434366035494
440ba029911f1e78c5f3138a,2021-04-24,womens_strawweight,KO/TKO,0.5529912955394404,0.29082996077065965,0.15617874368990006
1f45fe6f50add14fab876381,2021-05-01,middleweight,Decision,0.4186346582434148,0.373844844070164,0.20752049768642125
d7b12003299832c257b05e66,2021-05-01,light_heavyweight,KO/TKO,0.26277282019702797,0.6244246323714516,0.11280254743152031
0675530f5deaaa1160f7c718,2021-05-01,featherweight,KO/TKO,0.5897354151137871,0.302359894344419,0.10790469054179393
79247937a956625d6f3ce9c8,2021-05-01,featherweight,Decision,0.6194589889877629,0.23547028868857126,0.14507072232366583
f1f15579cd1db6d027621436,2021-05-01,womens_strawweight,Decision,0.5919520903213549,0.24411296216204076,0.1639349475166043
2e215036f623af43977bfb1e,2021-05-01,featherweight,Decision,0.5863808576825515,0.2582021369341911,0.15541700538325737
1a543291bbbbd63ae5f6db49,2021-05-01,bantamweight,Decision,0.6442826809374095,0.23566495347911326,0.12005236558347725
d6a46acfc572e3ae94089003,2021-05-01,womens_flyweight,Decision,0.49258168596562524,0.25684679599462845,0.25057151803974637
b3569c5019bea0ff890b4ec6,2021-05-01,middleweight,Decision,0.5890295646387638,0.2828045496235536,0.12816588573768267
fbe844693986698837d7441a,2021-05-08,welterweight,Submission,0.39067710459165167,0.42501384759303673,0.18430904781531163
b22da21be05c590f9103ab3e,2021-05-08,lightweight,KO/TKO,0.46586124633824494,0.35092490279805444,0.18321385086370062
96f3e20245151d21bcdb8f40,2021-05-08,welterweight,KO/TKO,0.46285786286226815,0.39272243213796676,0.14441970499976506
4b2e71789ce3c1603f44c672,2021-05-08,middleweight,Decision,0.5957182974550952,0.28176309259816534,0.1225186099467394
0f50cecf3fb203a79fbe59a2,2021-05-08,featherweight,Decision,0.45515324258694256,0.34033653224891414,0.20451022516414324
bf70c712fd72cbc1402be6de,2021-05-08,womens_flyweight,Decision,0.5544018743485791,0.29008319556257606,0.15551493008884482
66a055a3bdb65ec398c18942,2021-05-08,heavyweight,Decision,0.2791471398073875,0.5958629480772604,0.12498991211535215
da6b936ea8667cee5f337a67,2021-05-08,welterweight,Decision,0.5639674468647607,0.31789603535256405,0.11813651778267514
1d555c9651e1649b67c873d2,2021-05-08,middleweight,Decision,0.5654081061231672,0.2907409966751504,0.14385089720168248
4eddd98f6b71d1b40ce9de04,2021-05-15,womens_flyweight,Submission,0.6867147201623747,0.17804418956675505,0.13524109027087028
b161c29e825cc8f33321c23d,2021-05-15,lightweight,KO/TKO,0.31847227161835867,0.46515019585088213,0.21637753253075914
73ed9835db433e1c3179e031,2021-05-15,lightweight,Submission,0.655569107313994,0.2214627517119816,0.12296814097402452
2c723e3bfbd7746b1a49bc19,2021-05-15,womens_flyweight,KO/TKO,0.5508926430302963,0.31196816902966584,0.13713918794003777
4a515c7e15f58e278e85b0c2,2021-05-15,middleweight,Submission,0.396703345394767,0.35204148898562954,0.2512551656196033
2d88a7f118a9b133a9aa150c,2021-05-15,middleweight,KO/TKO,0.4607198392608386,0.3874718100070068,0.15180835073215457
7b40bb27aad143bbe4bf6123,2021-05-15,womens_flyweight,Decision,0.6720932273511704,0.19954772691556252,0.12835904573326698
9236d5c10fd5259af71d1f7a,2021-05-15,featherweight,Decision,0.5035449997872219,0.31992813473103066,0.17652686548174737
8552cf2fa15f36c962dd47da,2021-05-15,featherweight,Decision,0.5834321981144572,0.2714020666927586,0.14516573519278417
ac01654bb88f24cde0453ff9,2021-05-15,featherweight,KO/TKO,0.5897787540410496,0.30470757569977025,0.10551367025918014
30b02d38c456914546eaa1f9,2021-05-15,lightweight,Decision,0.49041665642701593,0.33669025728322616,0.17289308628975783
d30d3aec127463726bcfe02e,2021-05-22,heavyweight,Submission,0.3369808213509788,0.49144791225874246,0.17157126639027875
071a45a6dbfc547ac87fd8f2,2021-05-22,flyweight,KO/TKO,0.4873186560323963,0.3562615801671,0.15641976380050376
10b25f19a0fff04f7455e7f0,2021-05-22,welterweight,Decision,0.5820406815662647,0.24228729779221775,0.17567202064151755
c218d031e77e1e9e8ceea0f8,2021-05-22,flyweight,Submission,0.469326446299782,0.33105951879218076,0.19961403490803734
fda50c856c3cc806fad2cd0f,2021-05-22,womens_featherweight,Decision,0.6122151052315805,0.22327509556756958,0.16450979920084988
e9beb6a44ab27a583e24a07e,2021-05-22,middleweight,Decision,0.432335794689168,0.3921347123473439,0.17552949296348822
296bd6be85fe799b7ab7c1a3,2021-05-22,featherweight,Decision,0.3829947761582584,0.3369321238258084,0.28007310001593316
cc74e32603a6a23148741929,2021-05-22,heavyweight,Decision,0.37042397369025987,0.490990565679243,0.1385854606304972
b5709b61e25ad5e6e50d3e45,2021-05-22,lightweight,Decision,0.5299333341042638,0.307210421938519,0.16285624395721712
3b7b804068b8e00672a5f39a,2021-05-22,featherweight,Decision,0.602389471383166,0.25178996384641916,0.14582056477041483
021c23a2eb7dd424b3760858,2021-05-22,bantamweight,Decision,0.3532232117603846,0.4975302512323371,0.1492465370072784
0a8907e7c9ccc7e92c10fa53,2021-05-22,womens_strawweight,KO/TKO,0.7070592005323116,0.18245619092705442,0.1104846085406339
a71663808cab96a533f7f3a0,2021-06-05,lightweight,Decision,0.4483510131050694,0.298246970990438,0.25340201590449246
b849723a163cb1a94edec03d,2021-06-05,middleweight,Decision,0.3846282005323233,0.41430559492953595,0.20106620453814078
c30c5ed0c6f68ddbdc6e0034,2021-06-05,welterweight,Decision,0.5700094233369131,0.3099782854098507,0.12001229125323631
005237f1190a5a2d4091414f,2021-06-05,heavyweight,KO/TKO,0.41946984227998707,0.4761240527803077,0.10440610493970531
dae4bb27f2bbb3c7006d1dc5,2021-06-05,featherweight,Decision,0.45580221853237124,0.2611510217965547,0.2830467596710741
05ccaa473e2b94dfabf7d1fd,2021-06-05,womens_flyweight,KO/TKO,0.4771665720791451,0.3452074462679156,0.17762598165293933
302fd43d83034a2a1167cb24,2021-06-05,womens_flyweight,KO/TKO,0.6201639992843822,0.16653987778557353,0.21329612293004435
d603dc6aff17ddbb1d25c05e,2021-06-05,middleweight,Decision,0.5382716842853134,0.2781198701720841,0.1836084455426025
124977ad8833f804ed6cb04e,2021-06-05,welterweight,Decision,0.4415062057980038,0.40453138040087866,0.1539624138011174
a6488972b4e28f5bb943b98f,2021-06-05,featherweight,Decision,0.5513988943021784,0.2810812984283344,0.1675198072694872
cca2249636b0929cdddf4681,2021-06-05,heavyweight,Decision,0.36634990665747247,0.5281254244395062,0.10552466890302147
4dbb2484e6d1bdd5206a8e75,2021-06-05,heavyweight,KO/TKO,0.42257555581576345,0.4639078628524405,0.11351658133179605
7b68645c6155f616e8698da6,2021-06-12,heavyweight,Decision,0.5432387894979631,0.3529300157148087,0.10383119478722823
a472857449a92cc1580c34ce,2021-06-12,featherweight,Decision,0.5132168426833316,0.27440523226839925,0.2123779250482691
a00ccc9c46ab59aeed12bc52,2021-06-12,flyweight,Submission,0.3449262799553549,0.4331835812378777,0.22189013880676745
6416d8a78b4aeee3a078ff10,2021-06-12,welterweight,Decision,0.584774955739627,0.2556386896630247,0.15958635459734835
d4659a1d3ed047b9c9526f60,2021-06-12,lightweight,Decision,0.5907886371052268,0.2951771992451854,0.11403416364958781
d7e483bb04fd67f9c284ae8b,2021-06-12,light_heavyweight,Decision,0.5123469557305497,0.3895155312869951,0.09813751298245522
a067ee4df1e643240630223a,2021-06-12,lightweight,Decision,0.471168384450827,0.29843304579183966,0.23039856975733342
06b2c67c96de677f095d63a4,2021-06-12,middleweight,Decision,0.49985058054925213,0.3663876891568864,0.13376173029386143
bdcced7630b8f9fc20b8e65d,2021-06-12,womens_flyweight,Decision,0.6778290544107054,0.19475710198359011,0.12741384360570432
27e411a536e1c7deb45d1ac6,2021-06-12,welterweight,Decision,0.4580327411906498,0.37116896788531567,0.17079829092403465
f2b6f09261ceb5b126445765,2021-06-12,lightweight,KO/TKO,0.48274014132532334,0.29056214771259803,0.2266977109620786
7d225bf082e7c74caa37c3ce,2021-06-12,featherweight,Decision,0.6344068277083184,0.245195861993224,0.12039731029845767
cba88fa3d2445ac8ac4d89a0,2021-06-12,womens_bantamweight,Decision,0.6820781836834547,0.18572472209592952,0.13219709422061576
30e778d3989da80d54ba9e9b,2021-06-12,light_heavyweight,KO/TKO,0.4020977771094385,0.4186656910774432,0.17923653181311838
9328b8ac23e7685857194ee4,2021-06-19,light_heavyweight,Decision,0.540864722220732,0.33863238393148676,0.1205028938477812
ebf39919541e28347dea97af,2021-06-19,heavyweight,Decision,0.31320596841161175,0.45470422619847883,0.23208980538990934
cd61e6ca2674830655d58d10,2021-06-19,womens_flyweight,Submission,0.5604010956151786,0.24545355311198241,0.19414535127283897
8aa7756723ebd18d2ab40f8e,2021-06-19,featherweight,Decision,0.4523393723120218,0.4093071526764797,0.1383534750114984
78cbe025f9059d02470e6e87,2021-06-19,lightweight,KO/TKO,0.5562682898337302,0.28502172722522595,0.15870998294104383
61610b155882ac3e3eed4f71,2021-06-19,heavyweight,Decision,0.5090260780518009,0.37457651837945505,0.1163974035687439
836588eb01321066a95e6f60,2021-06-19,featherweight,KO/TKO,0.5961650755702995,0.24245358135691691,0.16138134307278348
9987f669b7493fba2fe3d118,2021-06-19,womens_strawweight,KO/TKO,0.6603176779796973,0.15665326896909548,0.1830290530512072
9f27d61139a529c02d842433,2021-06-19,welterweight,Decision,0.38258492497678503,0.41943437708856807,0.197980697934647
e74b6bf080b0e710ce9747bd,2021-06-19,bantamweight,Decision,0.48994396477607344,0.33610332618510025,0.17395270903882637
b95e558564dc9e0f3f3f5cfd,2021-06-19,welterweight,KO/TKO,0.43580682305755764,0.38079525592193647,0.18339792102050595
9a82adcac5a1d990fb6cd5a0,2021-06-19,middleweight,KO/TKO,0.46330576829843845,0.35490575452117196,0.18178847718038965
a3c60ed394aa5d105da7ad3f,2021-06-26,featherweight,Decision,0.4773875096152421,0.3187444837100286,0.20386800667472937
b3a720a454739d051995c2c1,2021-06-26,heavyweight,Decision,0.4133768994184976,0.48544577148633555,0.10117732909516688
fc8f71a97583223c7eba5642,2021-06-26,womens_bantamweight,Submission,0.659601809512963,0.19714484438849453,0.1432533460985425
7bab93177c4542550318ca39,2021-06-26,light_heavyweight,KO/TKO,0.4805363982225896,0.3479126629938375,0.1715509387835729
734b592944e62af1b555c366,2021-06-26,light_heavyweight,KO/TKO,0.3757892373524232,0.4859577389863988,0.13825302366117798
f161c4d3b027f2f49eaa2f45,2021-06-26,bantamweight,Decision,0.5970979681162006,0.25847520374792504,0.14442682813587435
89d9e6cd12cbc984c5ad5db8,2021-06-26,lightweight,Submission,0.5307937093477373,0.288021409282474,0.18118488136978878
ce42994760729649b78812f5,2021-06-26,welterweight,Submission,0.37701591108702615,0.30094056653160167,0.3220435223813721
8fe42d98d6456f0fc2191b0e,2021-06-26,heavyweight,KO/TKO,0.36611819227631737,0.5277913878977398,0.1060904198259429
d779754588526356ae5ea3e3,2021-06-26,welterweight,Decision,0.5975664061358349,0.2924214664162441,0.11001212744792101
ba71dd0032aaf0bf310c24c7,2021-06-26,welterweight,KO/TKO,0.4517661226490336,0.33246433730784425,0.21576954004312227
746498ef7443f0caf5f2082d,2021-06-26,lightweight,Decision,0.4776545368569177,0.35048379696840853,0.17186166617467372
80d953c972d847be890d6aaf,2021-07-10,welterweight,Decision,0.5648158661669282,0.3151613487161633,0.1200227851169085
6498a4c8d3727a2016dbff4a,2021-07-10,lightweight,KO/TKO,0.3766760239385626,0.450088125319336,0.1732358507421014
52922d44b46e92c459d86bc8,2021-07-10,welterweight,Decision,0.5754678808462228,0.3023145606727294,0.12221755848104784
148e523baab99af91b27dce5,2021-07-10,womens_bantamweight,KO/TKO,0.6980923761351951,0.1823793217482709,0.11952830211653394
15ad67d5e43acafdd6c98fe0,2021-07-10,womens_flyweight,Decision,0.6979737571114059,0.17133073485509412,0.1306955080334999
530b143d446dafc011071c4e,2021-07-10,welterweight,Decision,0.4135698370718794,0.3703624208038153,0.21606774212430518
bbfbf8b8166c426e1240e0a4,2021-07-10,middleweight,Decision,0.6094253634150825,0.2848548963680255,0.10571974021689212
12bc8ea49cf6466df9aea9a3,2021-07-10,featherweight,KO/TKO,0.5159170472331556,0.25483457861585823,0.22924837415098626
051cabd00d8a84746e67e149,2021-07-10,bantamweight,KO/TKO,0.3261898478671244,0.4768962355558187,0.1969139165770568
3ea316d32ba9c755ad343003,2021-07-10,heavyweight,KO/TKO,0.3697750134176466,0.49994305321101506,0.13028193337133842
dd14dada5640b649e27c8cb6,2021-07-10,middleweight,KO/TKO,0.43942153435323805,0.41586077893121925,0.14471768671554253
57c1af099e2eeaedffb7b6c6,2021-07-10,flyweight,Submission,0.5894015111413589,0.26017498310278453,0.15042350575585667
387800ac98197707044d3802,2021-07-17,womens_strawweight,KO/TKO,0.6257540363830527,0.2055801158321236,0.16866584778482366
6a8395402c96b2d104acd78d,2021-07-17,welterweight,KO/TKO,0.35562531020619587,0.4875611023709352,0.15681358742286888
87728864303defcd4fe22031,2021-07-17,flyweight,Decision,0.5341997136957682,0.28362940416428656,0.18217088213994526
8a31c1172ab5106325cc627e,2021-07-17,featherweight,KO/TKO,0.43941696361507787,0.3136208358227709,0.24696220056215124
b726a2c340e0031859a57110,2021-07-17,lightweight,Submission,0.5089149240216375,0.29902138182588545,0.19206369415247712
4d558ebbde851ebbceb2a376,2021-07-17,lightweight,Submission,0.6006208951865551,0.29035228383466216,0.10902682097878279
973af1128fff9b2a14c5621f,2021-07-17,bantamweight,Decision,0.4788104353140675,0.3535364211905172,0.1676531434954153
ed7f6c0bd5b437f2f9dc6c7c,2021-07-17,womens_bantamweight,KO/TKO,0.6604702498407532,0.1835775788792711,0.15595217127997577
c9c25ab469ad2fe48494e4ba,2021-07-17,middleweight,Submission,0.4806687585041797,0.29188469825266866,0.22744654324315164
03a0165ac1c070a693740903,2021-07-24,bantamweight,KO/TKO,0.427907214874454,0.39825799448661364,0.17383479063893229
3cb448435c95ab6aa4fed0a9,2021-07-24,bantamweight,Decision,0.35471211384618473,0.49497816959601765,0.15030971655779748
b0617d39a8cbc7fc041d74b3,2021-07-24,featherweight,KO/TKO,0.47082601899781806,0.26822102760615546,0.26095295339602653
f9beb1b95ba45b9b1621b64b,2021-07-24,womens_strawweight,Decision,0.6681612107729223,0.19154513913422183,0.14029365009285594
f8df7edab264a0f373e74bd3,2021-07-24,bantamweight,KO/TKO,0.6134996018113995,0.2482694280091906,0.13823097017940983
1a387168660b6545f6e752fb,2021-07-24,bantamweight,Decision,0.5919604592424084,0.2714581022504173,0.13658143850717436
3619b7063e9cd88f010c5a0f,2021-07-24,welterweight,Submission,0.5464755492106623,0.25245668453830444,0.20106776625103323
f115a8a9f478bc63f707998e,2021-07-24,womens_flyweight,Decision,0.5060165757144178,0.32217046131480387,0.17181296297077814
f0c4c6e99336ff56646d4fa5,2021-07-24,middleweight,KO/TKO,0.5072079550422912,0.2860981955303104,0.20669384942739832
2457d12636a9cfb566f94a56,2021-07-24,middleweight,Decision,0.3636600282624989,0.39524638722767075,0.2410935845098304
033418400afa21c1b79842c9,2021-07-24,womens_flyweight,KO/TKO,0.6247827252591648,0.2202792698315531,0.15493800490928208
aa362511017ececb3e8cb952,2021-07-31,welterweight,Decision,0.39361303357973104,0.2884592943914868,0.31792767202878214
439390ea327acf2b45119216,2021-07-31,womens_strawweight,KO/TKO,0.6570243871225068,0.1883524898136118,0.15462312306388143
abe908dff98725268a6de4b5,2021-07-31,lightweight,Decision,0.5913102619949687,0.28184771555604016,0.12684202244899115
f53d55ca7e6c71bca1768d71,2021-07-31,featherweight,KO/TKO,0.42793940479048376,0.2927864464885683,0.2792741487209478
3a69e82631c81017529c26db,2021-07-31,womens_strawweight,Decision,0.6671539282668563,0.1959691458095145,0.13687692592362916
848d633ab5d861af69f87843,2021-07-31,welterweight,KO/TKO,0.5737185460609827,0.28086307555083656,0.14541837838818078
d6d47fd80d8781a3f317d30b,2021-07-31,welterweight,KO/TKO,0.438954792416303,0.3200268326619235,0.24101837492177347
32bb78b29e02d70783585786,2021-07-31,flyweight,Decision,0.49003575447481507,0.3224433076137909,0.18752093791139401
3af23183b818dfe59d5a0114,2021-07-31,middleweight,Decision,0.34373421787442754,0.5129595424672165,0.14330623965835587
37eb5a2b7db7710c44ecbb0f,2021-08-07,light_heavyweight,Decision,0.3512095612050688,0.4758374634460182,0.17295297534891288
31e656fd3cfbfde7ba181505,2021-08-07,heavyweight,KO/TKO,0.4024530468265663,0.4998235379750275,0.09772341519840631
cfc670cb4c942424d4bde058,2021-08-07,bantamweight,Submission,0.4766680509954709,0.2908002533865095,0.23253169561801967
a13574844084b56c501c795d,2021-08-07,bantamweight,Decision,0.6027576280516515,0.27195294468340425,0.1252894272649443
c291f2773170c40024daeb22,2021-08-07,womens_strawweight,Submission,0.6952324152706675,0.19273757961709587,0.1120300051122367
e7881e314d5e66981e8e89de,2021-08-07,lightweight,Decision,0.6016905710358702,0.28140817759257014,0.11690125137155957
a7d7600747cdce4d1aac4734,2021-08-07,flyweight,KO/TKO,0.4931766699629416,0.35239953655271566,0.15442379348434285
36997816a9de75a5faf77fdb,2021-08-07,welterweight,Submission,0.45482098903893714,0.3640441135413384,0.18113489741972444
1b48725e4a5a6738fae9d75e,2021-08-07,bantamweight,KO/TKO,0.5955984592917393,0.23900813818173747,0.1653934025265232
adbb4bf7f16d6f11fdd6a702,2021-08-07,bantamweight,Decision,0.5815136730268116,0.2684364487342699,0.15004987823891847
8a628435db9e18feeb85b101,2021-08-07,womens_strawweight,Decision,0.6850760610997394,0.2015880422401974,0.11333589666006304
03bd3178b81b51c98a2ef07f,2021-08-07,womens_flyweight,KO/TKO,0.4910455953551053,0.25547501176870296,0.25347939287619153
ff592cdaa4eca0c7c874169d,2021-08-07,bantamweight,Decision,0.5521682788560285,0.2890982182581027,0.15873350288586888
97eff66c4a32a2932814be38,2021-08-21,flyweight,Submission,0.4179177104148076,0.29479541059659226,0.28728687898860017
102faa4ad68146ae09750464,2021-08-21,featherweight,Decision,0.5734182707109159,0.247011474629396,0.17957025465968823
7f212aa41a8e96a98df4f434,2021-08-21,womens_bantamweight,KO/TKO,0.5365385123668236,0.23695623877541583,0.2265052488577605
256498ff833bad9ec8a58f4f,2021-08-21,bantamweight,Decision,0.5900717933069143,0.2318139703666323,0.17811423632645346
768f6a84be53ebd19ce73dbe,2021-08-21,lightweight,Decision,0.5318267737811175,0.3118371904295453,0.15633603578933722
39e93a7358c364f594c54892,2021-08-21,middleweight,Decision,0.42352833832694065,0.4618540914063973,0.11461757026666204
a37c8fb1c9ec806b184a9c51,2021-08-21,heavyweight,Decision,0.4167919129180987,0.43055096524382347,0.15265712183807784
5d50a9759638e91e84f0b746,2021-08-21,lightweight,KO/TKO,0.5945738000614689,0.22418063533081092,0.18124556460772026
e2ebb569fa02a491387e1161,2021-08-21,welterweight,Submission,0.4847355030806624,0.3578927370843921,0.15737175983494542
eb3d6a53fd969c07e9831cf1,2021-08-21,bantamweight,Submission,0.35952800154506065,0.42875561340157436,0.2117163850533651
642d81d57681e847b5fde3c9,2021-08-21,lightweight,Decision,0.6117728912303473,0.2652103518693215,0.1230167569003312
45a810ac99baec2dd4b54d7c,2021-08-21,light_heavyweight,KO/TKO,0.4319437223815247,0.34539413115029655,0.22266214646817878
0ed065dd12c23b6c9d895669,2021-08-28,middleweight,KO/TKO,0.44968182371775517,0.4201643440086147,0.13015383227363003
9f9acc55a8ab60ad174b6e11,2021-08-28,middleweight,KO/TKO,0.3328899821116174,0.36564646201069295,0.3014635558776896
81175b83703a04c9578b0ede,2021-08-28,middleweight,Submission,0.3328899821116174,0.36564646201069295,0.3014635558776896
aff3ed6568a856a3854450e4,2021-08-28,light_heavyweight,KO/TKO,0.38040729881080176,0.5190268853272515,0.10056581586194675
ec627d0e52cb9efd5393d953,2021-08-28,featherweight,KO/TKO,0.4977326028934041,0.383695283412092,0.1185721136945039
d6d68f11e8b1409123b81a91,2021-08-28,featherweight,Submission,0.5807510701557951,0.2526815908237062,0.16656733902049875
bf631345d98ad2d5efa45637,2021-08-28,womens_flyweight,Decision,0.5881901339181171,0.24386958628784633,0.16794027979403647
c64ba96ba3a2bbcd5352c69a,2021-08-28,welterweight,Decision,0.4843366437611812,0.3657616189766477,0.14990173726217107
0e995a99c3637eda1e7fe1ab,2021-08-28,middleweight,Submission,0.45722427552817785,0.3416082305519807,0.20116749391984134
036b6e057cbf7a551f641948,2021-08-28,bantamweight,Decision,0.43251542945325605,0.3376163568608477,0.22986821368589627
323b248672e4ff7a5e608f9e,2021-08-28,bantamweight,Decision,0.36605906495552276,0.3244574354703347,0.3094834995741427
7134f69560a4ddd941edb18e,2021-08-28,middleweight,Decision,0.47804990031406414,0.3490356565063343,0.1729144431796015
848148a2658c8b26e59ce487,2021-09-04,welterweight,Decision,0.5385076231522995,0.25258540777936567,0.20890696906833484
979ddbd47cfbfedab2b8467b,2021-09-04,middleweight,Decision,0.5775957472230386,0.3136272038503039,0.10877704892665746
c2ec829bd718d445716f67fa,2021-09-04,middleweight,Submission,0.4648666769055581,0.4124581586310842,0.12267516446335763
97be85a3e259ac669e1925e6,2021-09-04,bantamweight,Decision,0.4230335077329243,0.2832549181276349,0.29371157413944066
ba157252f6db82d9ef9cbf91,2021-09-04,catch_weight,Submission,0.4191692361501848,0.3660853525213747,0.2147454113284404
24c47b0c28d199c1ece9b21b,2021-09-04,light_heavyweight,KO/TKO,0.3183412239828519,0.5495098510295738,0.13214892498757422
ef38db4fa319c1d073e6809b,2021-09-04,womens_flyweight,Decision,0.6648915573651312,0.1936851360685811,0.14142330656628777
f86ff3558c519c95d88ed2b0,2021-09-04,lightweight,KO/TKO,0.3558256773231991,0.3731018287976673,0.2710724938791337
e39ab69302a3a4acaa385b46,2021-09-04,heavyweight,KO/TKO,0.32415994212553406,0.46602029980791665,0.20981975806654923
21452c8ad7c8dfb85b7958bf,2021-09-18,light_heavyweight,Submission,0.27169790411283323,0.5735886084666871,0.1547134874204796
889ae6f64e5ed194f4e9d57a,2021-09-18,womens_flyweight,Decision,0.5426096378313531,0.2422110509768693,0.21517931119177777
1c6ed9f870c0d2d4f98638ea,2021-09-18,lightweight,KO/TKO,0.611411354792801,0.227641818006596,0.1609468272006029
2b42e0ee62b14d7f1ac91ecb,2021-09-18,womens_flyweight,Submission,0.6039607484235131,0.20401586956379208,0.19202338201269475
30d2da816f66152c4db4ff93,2021-09-18,womens_flyweight,Decision,0.5065684356200962,0.23750347771567978,0.25592808666422384
ba70d4bc1610e50610bc85f7,2021-09-18,welterweight,KO/TKO,0.3807424631946004,0.29457108815806715,0.32468644864733237
ed602daa65f0872d1ddab046,2021-09-18,light_heavyweight,Decision,0.4099587663754989,0.4604614831002649,0.1295797505242362
50f8733c5af2c8bf7833a467,2021-09-18,middleweight,KO/TKO,0.46945770427632383,0.3848995888007262,0.14564270692295
394cd08a2aa9c8a419957765,2021-09-18,light_heavyweight,Decision,0.5416880061846102,0.34936564573053547,0.10894634808485429
193777961eacaedb105fe808,2021-09-18,bantamweight,Decision,0.46044258862751775,0.29040290042939426,0.24915451094308794
7ab07f5868c762f3dce9e36f,2021-09-18,bantamweight,KO/TKO,0.6121587106876722,0.22750176734640745,0.16033952196592022
b7148a827199c4372ea4612c,2021-09-18,womens_bantamweight,Decision,0.70135165429642,0.16978964951086314,0.1288586961927169
0317bdc7071d3d9f20a0a566,2021-09-18,lightweight,KO/TKO,0.44929101518844244,0.2964766451957672,0.2542323396157905
947733852564801c14c15132,2021-09-25,featherweight,Decision,0.46794339144702946,0.40269519730938624,0.12936141124358425
fc453d53cd9cfa9ea2181094,2021-09-25,middleweight,Decision,0.388515673848631,0.331119150790114,0.28036517536125494
767276cd65a7bda83101b29a,2021-09-25,heavyweight,Decision,0.3883958603039777,0.5018120646858168,0.10979207501020542
47acb1d6dee5fe4612753acf,2021-09-25,lightweight,Decision,0.5976703849752417,0.2920602527874934,0.11026936223726479
7018a5372c82c8016ce4c305,2021-09-25,womens_flyweight,KO/TKO,0.6480915260786883,0.1799786590070855,0.1719298149142263
91bfc0bf09df44aba9658abd,2021-09-25,featherweight,Submission,0.4701175236498554,0.34229903561339636,0.18758344073674835
37c022f2c4b458467443e0a5,2021-09-25,bantamweight,KO/TKO,0.625193386449449,0.24973009847317615,0.12507651507737483
b413ac8b94e17d9fb59f2a9f,2021-09-25,welterweight,KO/TKO,0.33429766421103746,0.4783140177418113,0.18738831804715117
b36a08b76e552d0afc4cdbe4,2021-09-25,middleweight,KO/TKO,0.44396497327109025,0.42273534272287977,0.13329968400602984
2d366fdf2a73af32527b7ab9,2021-09-25,womens_flyweight,Decision,0.6079268298028664,0.2244464700450361,0.16762670015209757
efae3152488573da2f0e8669,2021-09-25,heavyweight,KO/TKO,0.33100521094148494,0.548761322185079,0.12023346687343607
474e7b7412f9128323a6ee3c,2021-09-25,lightweight,Submission,0.32794124615241316,0.33984619094044843,0.33221256290713835
4d3d35d9481430b2717e1dc0,2021-09-25,womens_flyweight,KO/TKO,0.536167944473847,0.33562612523086943,0.12820593029528352
d7ff13529f7a31aa3fd66322,2021-10-02,bantamweight,Submission,0.4697544027555372,0.36734434048429293,0.1629012567601699
958aeebbb028943f8b474351,2021-10-02,welterweight,Decision,0.4270170214802502,0.37616413812333427,0.19681884039641542
21dfa6f1ccdd361947c8ec5a,2021-10-02,lightweight,KO/TKO,0.467094742709306,0.35612878534731296,0.17677647194338109
6d3f40f6d4381ce272c0a74b,2021-10-02,womens_flyweight,KO/TKO,0.5208682586867441,0.24374004745838815,0.2353916938548677
03178009a51da703270bd2b4,2021-10-02,womens_bantamweight,Decision,0.6546454350607567,0.22132482704437823,0.12402973789486506
3537b39689d7dd5ae29a31d1,2021-10-02,lightweight,KO/TKO,0.4568843835129759,0.36077220153139195,0.18234341495563214
dff65f3a6f0298afa7bce7fc,2021-10-02,bantamweight,KO/TKO,0.5919612198605129,0.28254831806803893,0.12549046207144818
b9d93ed042c8eef56051609b,2021-10-02,lightweight,Decision,0.6410821370847991,0.22881784628627544,0.13010001662892545
a2ed5d2192961f696e9f3cb5,2021-10-02,middleweight,Decision,0.4627819506852727,0.31660317596819915,0.22061487334652818
a19ad67f1de8c89c051799ad,2021-10-02,womens_bantamweight,KO/TKO,0.6466323774183231,0.19056976743426407,0.1627978551474129
49ec1b7d30d14df34cde2e67,2021-10-02,light_heavyweight,Decision,0.24545794217677475,0.6490290414940814,0.10551301632914377
69e9597fb43638f8229546fb,2021-10-09,heavyweight,KO/TKO,0.41865865344369835,0.3553002716112403,0.2260410749450612
a4f8f9cd16f04f65379846ce,2021-10-09,featherweight,Decision,0.46609441635553206,0.23971460408175294,0.2941909795627151
679b8a681af1ea8df76c549c,2021-10-09,bantamweight,Decision,0.5839562270023066,0.2579951667586456,0.15804860623904765
b693cc8733bc9b6adc490155,2021-10-09,womens_strawweight,Submission,0.5869803668709954,0.20731154280760258,0.20570809032140203
65eb8cbb47349f9a81d27e50,2021-10-09,womens_strawweight,Decision,0.5029949919117339,0.3030551381855109,0.19394986990275515
968a08b5b350e76b63b11406,2021-10-09,welterweight,Decision,0.4778596120963978,0.3421585289008534,0.17998185900274868
c66520110ef94f852e522af5,2021-10-09,womens_flyweight,Submission,0.4780409470998003,0.2400800006493762,0.2818790522508235
2ab608b74126e2342d6abf67,2021-10-09,lightweight,KO/TKO,0.4670522360077019,0.27030137941999055,0.26264638457230755
35e27d0eed9850d71eef2219,2021-10-09,flyweight,Decision,0.6059765696786372,0.25036850215898065,0.14365492816238207
05f9214d72c1cef7711a3eb5,2021-10-16,heavyweight,Decision,0.569354889150145,0.3404226750862328,0.09022243576362232
223893d41e07dc5cba8acd64,2021-10-16,middleweight,KO/TKO,0.5077042685474674,0.3650551645613593,0.12724056689117322
85743a2ebed3fb08b5acc751,2021-10-16,womens_featherweight,Decision,0.4144186949921919,0.3864377063889641,0.199143598618844
851cc8213082f5aa4029b1d8,2021-10-16,bantamweight,KO/TKO,0.5123708871458663,0.3421851960221048,0.1454439168320288
6c771843a2de0df6854e6234,2021-10-16,welterweight,Decision,0.586943725440043,0.28180309765816186,0.1312531769017951
7ec4f2ed29901e7f518e59da,2021-10-16,womens_strawweight,Submission,0.4733997737924333,0.3419791845295445,0.18462104167802204
75e91a9b2071aabf06334e6f,2021-10-16,lightweight,KO/TKO,0.37669135867885883,0.29601250210776764,0.3272961392133736
b9ec4594020a9368d81a8a47,2021-10-16,womens_flyweight,Decision,0.5379839787938999,0.195757445368636,0.2662585758374641
83b2a1dfe625eba45f9fe0b4,2021-10-16,womens_flyweight,Decision,0.49006156049765026,0.28613416949009823,0.2238042700122516
7e2515dfbd9e621b0263a272,2021-10-16,featherweight,Submission,0.4578510702385893,0.37689816245540536,0.16525076730600535
abe8cc47f03ac58b02b7c95f,2021-10-23,featherweight,Submission,0.6077508047764948,0.24106770363962218,0.15118149158388297
34754acf1c6eb5adb027b3e4,2021-10-23,welterweight,Decision,0.5700094233369131,0.3099782854098507,0.12001229125323631
2a878e40629fed0a310e0b0c,2021-10-23,middleweight,Decision,0.6052704048676373,0.2740049183471127,0.12072467678525
dd60dff39adefccc680c4313,2021-10-23,flyweight,KO/TKO,0.4485978021741242,0.36066539323332114,0.1907368045925546
2fb719a1e5e0607e47554e4a,2021-10-23,womens_bantamweight,Decision,0.6523705214177996,0.20349863239157331,0.1441308461906272
5d85a2f11fdb5bd41dff2dd3,2021-10-23,bantamweight,Decision,0.4438529550208227,0.3763838658670971,0.17976317911208003
f60ed0d525f53da9f318bc43,2021-10-23,middleweight,KO/TKO,0.5933739591862551,0.263600770126955,0.14302527068678997
4f68242759113783714f4450,2021-10-23,lightweight,KO/TKO,0.4891053004435539,0.30424716679778546,0.20664753275866068
c589ea31720af460013a699b,2021-10-23,womens_strawweight,Decision,0.6656722467938407,0.18227248168305463,0.1520552715231046
a8902ba72d4e5d289caa1fbd,2021-10-23,lightweight,Decision,0.4497067493372977,0.3453356268972604,0.20495762376544188
19b013dcff6f9c597376a765,2021-10-23,light_heavyweight,KO/TKO,0.4505812516729332,0.42182627452429144,0.12759247380277533
41bdb938fef185e8ac424fb8,2021-10-23,light_heavyweight,Decision,0.4067637179845551,0.46513017497270925,0.12810610704273573
181fe229210ebc0890d81133,2021-10-23,womens_strawweight,Decision,0.4608641569359831,0.27062490194541045,0.2685109411186065
f8031426c728a047582f816b,2021-10-30,middleweight,Decision,0.35619927695595727,0.36342179121233603,0.28037893183170665
b2390e3878dea3ac297006fd,2021-10-30,heavyweight,Decision,0.5493080402200587,0.3571992515476196,0.09349270823232166
faf76162b47b80dad8f43727,2021-10-30,womens_strawweight,Decision,0.5150509856486165,0.21786116491485363,0.2670878494365299
ea01307e17f5d9d2ae50e47a,2021-10-30,welterweight,Decision,0.3938695361705628,0.40314010698225167,0.20299035684718555
ee313392ed6e4ab1c9ceea78,2021-10-30,middleweight,Submission,0.4900632869317422,0.31801289388869747,0.19192381917956042
82a15dc2358e1868399b644b,2021-10-30,lightweight,Submission,0.4983217905410454,0.31334323203037,0.1883349774285846
e9bc05614cd6cd3f89fd76ea,2021-10-30,light_heavyweight,Submission,0.4240476860244971,0.4365821783182613,0.1393701356572416
3a77a8f67a2ec16505bae0ef,2021-10-30,welterweight,Submission,0.37170649908001835,0.3980756594907719,0.23021784142920976
dcdf4bf3562857781eb17181,2021-10-30,light_heavyweight,Decision,0.39013030812706856,0.48234070618717106,0.12752898568576038
d9465c9e6c4e4f9160831db3,2021-10-30,featherweight,KO/TKO,0.5045513201749326,0.30307541893689466,0.19237326088817272
bfa3ac1e602529401051e936,2021-10-30,bantamweight,Decision,0.45179089661210403,0.4137116522655995,0.13449745112229644
243a6d2ea06e822417f703e4,2021-10-30,featherweight,Decision,0.5076666725193957,0.3164644986758829,0.17586882880472146
5fc60133e539e2c0c7530ce7,2021-10-30,light_heavyweight,KO/TKO,0.4117538307888147,0.4626858433579417,0.1255603258532437
71a1ce754a0d5c295b38d6ad,2021-10-30,flyweight,Decision,0.518538898503198,0.28311447087130737,0.19834663062549457
feba7692e9ec00fc3f868095,2021-11-06,lightweight,KO/TKO,0.5955998283838843,0.2831784701853019,0.12122170143081375
920ccd9a5d510535cd3692d3,2021-11-06,middleweight,KO/TKO,0.4786297530151764,0.3502032259307236,0.17116702105410006
10daa6ca09d264f8b7a2893a,2021-11-06,flyweight,Decision,0.3741298444261687,0.43545590470099893,0.19041425087283248
e9b6f10c97adf96e4e554cc5,2021-11-06,light_heavyweight,Decision,0.4442705722195775,0.4572112656174213,0.0985181621630013
0e30995a9aa64204088d1709,2021-11-06,middleweight,KO/TKO,0.44769828841348247,0.3388934048527672,0.21340830673375027
25b357bcb1a6646fa18598ef,2021-11-06,bantamweight,KO/TKO,0.5142887862240615,0.3069399507771958,0.17877126299874277
b0256b7f301cabc76e6204a7,2021-11-06,heavyweight,KO/TKO,0.3371262157918702,0.5292043548738256,0.13366942933430434
8480a1caaf0cfb57c9e5fdf8,2021-11-06,welterweight,KO/TKO,0.3571645495973776,0.38203066304524586,0.26080478735737667
d88311609f9c79db410e7e7f,2021-11-06,lightweight,Decision,0.37582957392201,0.3924574172969246,0.2317130087810655
16299a61153a379aa621129d,2021-11-06,welterweight,Decision,0.47548516635648513,0.4147076317641254,0.10980720187938944
bf1435ed5ca5a3918c669450,2021-11-06,featherweight,Decision,0.3538926476345343,0.4502922014527553,0.1958151509127104
a93768c61a4ee022e03f794a,2021-11-06,middleweight,KO/TKO,0.45645044370181176,0.3580572562008422,0.18549230009734585
81d3f9751c8bc9bd3e0662f1,2021-11-06,womens_strawweight,Decision,0.4785771542832016,0.34581778614966124,0.1756050595671373
b0c67496eb05d9210c671511,2021-11-06,featherweight,Decision,0.5521630316456401,0.29199777213597927,0.15583919621838077
949db9181591a44d3ae970eb,2021-11-13,heavyweight,KO/TKO,0.3816837039861503,0.47349868635059866,0.14481760966325105
89ef0e35ce5ec74836288f7e,2021-11-13,womens_flyweight,Decision,0.49526645777724826,0.1931189246981292,0.3116146175246226
c212308191927936a67ad305,2021-11-13,womens_flyweight,KO/TKO,0.6796706150052093,0.16349550952310538,0.15683387547168526
8797bee1f200128ccd5ee671,2021-11-13,womens_featherweight,KO/TKO,0.6914208568619677,0.17774178186882864,0.13083736126920367
2a193240a3ef708a55d33473,2021-11-13,light_heavyweight,KO/TKO,0.3726873595252119,0.4619630783492545,0.16534956212553356
5bc0f36c0ff5a8dbb0b2fa0b,2021-11-13,lightweight,Submission,0.5753802160518968,0.2623954659082836,0.16222431803981952
e2e00765ed6f4ef0e3cf26ea,2021-11-13,featherweight,Decision,0.4903924322665142,0.36779492477653647,0.1418126429569493
4ff1b5494b02c884c647e48d,2021-11-13,welterweight,KO/TKO,0.444298304944436,0.39383857544013867,0.16186311961542543
422d4b195157b17048d3578c,2021-11-13,featherweight,KO/TKO,0.5266430893577819,0.2934008901288087,0.1799560205134094
796ec7042f87631266057606,2021-11-13,bantamweight,KO/TKO,0.5728020257967354,0.28697510138910226,0.14022287281416218
7200ae576f27dfe33d808be9,2021-11-13,lightweight,KO/TKO,0.5031096042706173,0.24983480821652596,0.24705558751285658
2b9f75df7adfc64073e39234,2021-11-20,flyweight,Decision,0.5172532861813175,0.2885028993621992,0.1942438144564834
ea47fd95680fd40e63662844,2021-11-20,bantamweight,Decision,0.4624576788278046,0.4049469774378106,0.13259534373438467
955de39b09cc63ac1016eb55,2021-11-20,womens_flyweight,Submission,0.6811587777417384,0.18748929768626882,0.13135192457199282
c3392d5ce8b0f7cc39849ea5,2021-11-20,womens_bantamweight,Decision,0.5806171066579358,0.2593103983091684,0.16007249503289592
886b35ce27e0dbfb4ffa65b1,2021-11-20,womens_strawweight,Decision,0.7004542205931601,0.1653130464567066,0.13423273295013327
02b2074a853937d576367380,2021-11-20,womens_strawweight,Decision,0.524590632325534,0.28370105887024216,0.19170830880422374
c8b8e8a3970f3b7e64b5d37a,2021-11-20,welterweight,Decision,0.5889885964809466,0.26682234905543034,0.14418905446362296
e5d94690a4a67d6c1acbeec9,2021-11-20,featherweight,Decision,0.5460767760494395,0.22921665567549174,0.22470656827506869
b456d5fbc84ec67adfb965e1,2021-11-20,lightweight,Decision,0.5151275608664222,0.2816225705146697,0.2032498686189081
2fe0e26b551c93e2cdfc10ae,2021-11-20,bantamweight,Decision,0.6024302434648342,0.22428668210957767,0.17328307442558807
3c53f6a604af1ebde04927af,2021-11-20,featherweight,Decision,0.5736657787677681,0.27409956914639955,0.15223465208583228
226ce750c662215efe521657,2021-12-04,welterweight,Decision,0.43072285256991805,0.3035436636958576,0.26573348373422445
f86d296f6d7d0c47ff000083,2021-12-04,light_heavyweight,Decision,0.4022705186141602,0.45290544639692315,0.14482403498891652
2a0cb1a7ac7387052927df0a,2021-12-04,lightweight,KO/TKO,0.6107296599910101,0.2667136762101415,0.12255666379884837
73875ab95fc90e65ed3daa4b,2021-12-04,middleweight,KO/TKO,0.377636495299518,0.4206690590127612,0.20169444568772085
7d6c4908269ce22c76a5bf6f,2021-12-04,welterweight,Decision,0.3805080211917784,0.437219235282509,0.18227274352571257
8ee79a7798d17ee7e0e747e8,2021-12-04,womens_strawweight,Decision,0.4406665721234876,0.3113937242551961,0.24793970362131643
384b21ca73c1b32e325cb539,2021-12-04,lightweight,Submission,0.5489922278584723,0.2698571873415077,0.18115058480001983
4307344dfcf8272d6832851b,2021-12-04,lightweight,Submission,0.6125580745331036,0.2515544083578888,0.13588751710900746
dcf02508a91496610861f3cd,2021-12-04,light_heavyweight,KO/TKO,0.31174354367130924,0.45362297106405913,0.23463348526463151
68951def6fd1fe3b617a2a78,2021-12-04,bantamweight,KO/TKO,0.5664605530344081,0.24703820397930945,0.18650124298628246
e88409e5199e7f4ec93cd5c3,2021-12-04,middleweight,KO/TKO,0.4706073065097807,0.3470447397455214,0.18234795374469787
51f23bd45fcb1ce3757cd2ac,2021-12-04,flyweight,KO/TKO,0.5780430656267209,0.25690157531993724,0.16505535905334184
24bfa926f53e850e1895df92,2021-12-04,bantamweight,Decision,0.48686503926147084,0.37926057658647255,0.13387438415205663
b24994b03c0c6d0628dcb5f9,2021-12-11,womens_bantamweight,Submission,0.4392338908694537,0.39451702602589894,0.1662490831046472
977f1d7a994d29e9c5ddb2e8,2021-12-11,middleweight,Submission,0.44113059704867436,0.3017271634094015,0.25714223954192417
3d1de970a2cf4b319b4c6692,2021-12-11,heavyweight,KO/TKO,0.38502579795903535,0.4835667346194612,0.13140746742150344
f6cf5b0962a53fff711a1736,2021-12-11,lightweight,Submission,0.3526658450975104,0.4095967578158094,0.2377373970866802
362ded9378ae33d6df9ab0db,2021-12-11,welterweight,Decision,0.47651831894209096,0.40358448224686805,0.11989719881104098
659800e49c983b90b1532269,2021-12-11,womens_flyweight,Submission,0.5179353424259836,0.27199048999931114,0.21007416757470532
5d9fa69369301a12d9df127f,2021-12-11,middleweight,KO/TKO,0.399857974297375,0.4496915277102429,0.15045049799238205
7f29861d529a3539870a709a,2021-12-11,featherweight,Decision,0.578147014378169,0.30921314274951817,0.11263984287231285
134497c23d1a4822c4629299,2021-12-11,flyweight,KO/TKO,0.5791368129958749,0.31066934223560255,0.11019384476852254
71350b718af2d753556e708b,2021-12-11,womens_flyweight,Decision,0.691132528698099,0.19269055982029662,0.11617691148160433
a66c555eb560ade1333c57d1,2021-12-11,bantamweight,Decision,0.6162089384189401,0.2510940000554449,0.13269706152561503
9f6cc54787f0d18509556ebb,2021-12-11,bantamweight,KO/TKO,0.45066134812493625,0.32823703383818353,0.2211016180368802
f98dfffa944a6f9adc6c85de,2021-12-11,bantamweight,KO/TKO,0.4880516306184437,0.34422776074669753,0.16772060863485883
7113c70ef552d4c9dbc57658,2021-12-11,featherweight,Decision,0.44446097976110366,0.2849070731250593,0.270631947113837
8e8924f709322a82ecacc60f,2021-12-18,womens_strawweight,Decision,0.5589318485538943,0.2969833770242364,0.14408477442186926
82f44b2371ac1940213fab72,2021-12-18,featherweight,Decision,0.5741031261468185,0.30010653915291896,0.1257903347002626
8ab8d29bee172464a056b759,2021-12-18,featherweight,KO/TKO,0.5678028214109223,0.2932037417211584,0.13899343686791926
13aaf98af49e0e06517a3cdf,2021-12-18,heavyweight,KO/TKO,0.2743459561017692,0.6099085834634702,0.11574546043476054
9012e4d57365a687d63decab,2021-12-18,lightweight,KO/TKO,0.4754148670978502,0.35034278076257036,0.17424235213957934
57db8b42042306ccb55cc279,2021-12-18,heavyweight,KO/TKO,0.5424313986740541,0.34393732214265643,0.1136312791832895
6a6de675461536fac3479406,2021-12-18,middleweight,Submission,0.4764089532845933,0.2999740265763115,0.2236170201390953
ff80eefba644b7bddd785a3e,2021-12-18,lightweight,Submission,0.45662553995100347,0.3103010745897668,0.23307338545922984
7d13cbda8ae96a92482d1526,2021-12-18,heavyweight,KO/TKO,0.2972065340442106,0.5832055520780162,0.11958791387777314
60f48f8ffdb45557c4561d0a,2021-12-18,bantamweight,KO/TKO,0.6093533056402948,0.24893971858456196,0.14170697577514327
5dc086998ae75bc0d851ceda,2021-12-18,womens_featherweight,Submission,0.685176363375299,0.19608472816446054,0.11873890846024068
5577100fdcc775b07433f1b2,2021-12-18,womens_flyweight,KO/TKO,0.6145661148162362,0.2605962780480161,0.12483760713574772
1df0129cb041d9c977faddd7,2021-12-18,welterweight,Decision,0.6027396963351779,0.298002498746983,0.09925780491783913
881ea0620bb309ae02591096,2022-01-15,featherweight,Decision,0.5396082521964164,0.3112784126327699,0.1491133351708136
299816fff28d6ce721fabf71,2022-01-15,flyweight,Decision,0.4590445766771059,0.2818498128707855,0.2591056104521086
caaf36c1c3755cb12f5893eb,2022-01-15,featherweight,Decision,0.6070078575624679,0.24435382988632323,0.1486383125512088
889cc985afcb06e617eda61a,2022-01-15,featherweight,Decision,0.5269678740813145,0.35648740692566555,0.11654471899302005
6390092375396a3f925baf1e,2022-01-15,welterweight,Decision,0.4972252997612255,0.29298801917907497,0.20978668105969944
ebaff87fa2549b3b83d61772,2022-01-15,lightweight,KO/TKO,0.47251846448003637,0.30385038643680334,0.2236311490831603
8b9c5af00e072a39cb6e2a7a,2022-01-15,heavyweight,Submission,0.45504345280983033,0.42823818549095294,0.11671836169921668
f72950530e203bc6f352bf55,2022-01-15,middleweight,Decision,0.44423666574566717,0.3562325663428527,0.19953076791148008
2d6c4dc57a1961ef40816f56,2022-01-15,womens_flyweight,Decision,0.6711852097920461,0.1907087550412352,0.13810603516671868
c77316be700ef6effbca89df,2022-01-15,lightweight,Decision,0.6261042281615525,0.23216226704645163,0.14173350479199595
8eea8daed7a521ab1426cfe0,2022-01-22,flyweight,Decision,0.4168178542520146,0.376908541646445,0.20627360410154036
cc260ab6f2dcacb734b6e2ea,2022-01-22,bantamweight,Submission,0.623095700739041,0.27457540170555345,0.10232889755540556
10040856fbf145522cf8cf94,2022-01-22,heavyweight,Decision,0.286997508812058,0.5876353204114065,0.12536717077653536
dddd15fae61d06522710056a,2022-01-22,welterweight,KO/TKO,0.3613476941990768,0.3462360164302476,0.2924162893706756
08046d48d6a4eb8737a3b825,2022-01-22,womens_flyweight,Decision,0.47678660887993074,0.22355494704935686,0.29965844407071246
8b50626d4d84c3aa45d15a54,2022-01-22,lightweight,KO/TKO,0.4377759913055065,0.32833677776978487,0.2338872309247086
de14551f8d21580fa8596ef6,2022-01-22,welterweight,KO/TKO,0.40385880320795114,0.41427241442096047,0.18186878237108842
de8ba4acaa432c191891b7af,2022-01-22,welterweight,Decision,0.4295256084402757,0.3601117820926556,0.2103626094670687
ec8bb730f1d208b6374ecd80,2022-01-22,bantamweight,Decision,0.4511646540615818,0.3605773219597692,0.1882580239786491
fcbbd7bc5f35efaf8450ad3c,2022-01-22,womens_strawweight,Submission,0.5908778297122227,0.23749035373990993,0.17163181654786736
98122fe1742fdd5100be2839,2022-01-22,bantamweight,Decision,0.458832736235571,0.35915935246778247,0.1820079112966465
6ddb3676f4a7c26e86f9b228,2022-02-05,womens_bantamweight,Decision,0.6341144549595547,0.21630101626314294,0.14958452877730244
0272a89c05fdfaa2990c60a4,2022-02-05,middleweight,KO/TKO,0.5105785757705475,0.35713008231402427,0.1322913419154282
0e91e69c628ca4308127c75d,2022-02-05,featherweight,Decision,0.6163034425228356,0.24361939575224814,0.14007716172491622
509c5eeb2b44572ce95c4735,2022-02-05,middleweight,Decision,0.5017382215728929,0.3728720220310345,0.12538975639607264
62bd1e7c1b554cf0ae6a45ec,2022-02-05,light_heavyweight,KO/TKO,0.32421894942208995,0.38522199070761687,0.29055905987029323
8bcc740a724dc791e5db5130,2022-02-05,welterweight,KO/TKO,0.40706726389178066,0.37958678430902437,0.213345951799195
1c899e0a6dcb00a341edeaea,2022-02-05,featherweight,Decision,0.5905482253286052,0.2594462937719451,0.15000548089944962
90b3e133f1e2802dc88d0786,2022-02-05,flyweight,KO/TKO,0.4711404797880124,0.3138231864959936,0.21503633371599407
10e50c9169649dc909f1e474,2022-02-05,bantamweight,Submission,0.5009227082075682,0.3641051837898875,0.13497210800254436
1d5256e991b31002be9b6431,2022-02-05,middleweight,Decision,0.575391012504647,0.30356688160300294,0.12104210589235015
6b2eb716c19a21cbe060c8e0,2022-02-05,light_heavyweight,Submission,0.34416102392577735,0.4626144685760782,0.1932245074981445
d139ab9b5859db7ac6fac52c,2022-02-05,welterweight,KO/TKO,0.37153696121786467,0.3421268753400587,0.2863361634420766
16e2466bf12ade10d76a1eda,2022-02-05,middleweight,Decision,0.3765565127510472,0.33920993861376114,0.28423354863519174
78785ae4443a05ddc0bb103f,2022-02-12,middleweight,Decision,0.3606341151521501,0.3240885658897222,0.3152773189581278
90d1c538c65bf733ee1afd05,2022-02-12,lightweight,Submission,0.4787762869404762,0.34014580019142326,0.18107791286810063
2715ae1c5ecb134385026391,2022-02-12,heavyweight,Decision,0.42033381767830347,0.45947080814504165,0.12019537417665484
ebf653201e47f988f8939597,2022-02-12,light_heavyweight,Decision,0.3542086175620488,0.4978477831137789,0.14794359932417217
1a6b5820ddd6159cefd853a9,2022-02-12,heavyweight,KO/TKO,0.3593014423313863,0.52845317032307,0.1122453873455436
84e02aa57d1cc6af09fd93aa,2022-02-12,bantamweight,Submission,0.6265224279984751,0.26224438946563133,0.11123318253589351
f6bbc41b4218274211e225dd,2022-02-12,middleweight,Decision,0.49368274294491915,0.4074110282432207,0.09890622881186022
7d1b32a9d4d917e6275675bf,2022-02-12,middleweight,KO/TKO,0.47053371854028203,0.3777124785047972,0.1517538029549207
b43ee87245d800862af774b9,2022-02-12,welterweight,Submission,0.31358363636110026,0.48903396964881685,0.197382393990083
d69376c1ea693c430e1f0818,2022-02-12,lightweight,Decision,0.5965448556633137,0.28665380008249075,0.11680134425419561
1f61d0ee3ab6febfeb923aaf,2022-02-12,bantamweight,Submission,0.5635311571004445,0.3049998112851086,0.13146903161444687
6cd1aef6194b33b28b3f5cc2,2022-02-12,bantamweight,Decision,0.5661593610066146,0.2764240439608502,0.1574165950325353
f332f3a05dc03a803776a9b5,2022-02-12,womens_flyweight,Decision,0.5523103838522853,0.275198481914647,0.1724911342330678
9b4c38da301541ccd18bf9f9,2022-02-12,heavyweight,Decision,0.4508504066305739,0.4547288373844758,0.09442075598495032
e037496750d4a80f908de5f4,2022-02-19,bantamweight,KO/TKO,0.4165044498254054,0.37232940889995253,0.2111661412746421
05f71a10c41ce6a5c3587bc5,2022-02-19,featherweight,KO/TKO,0.4505601030279853,0.2944858848943981,0.25495401207761664
62712c070cfa71b63ee554b0,2022-02-19,womens_strawweight,Decision,0.5720261123047302,0.26948789505472465,0.15848599264054516
83eb5904775e936959d6d016,2022-02-19,featherweight,KO/TKO,0.5548858853160614,0.2847973781481936,0.16031673653574485
e3a18f940a8ab9d972aa4639,2022-02-19,womens_bantamweight,Submission,0.6505801784534924,0.24326938336385065,0.10615043818265697
541220a08c84c482c971b01b,2022-02-19,lightweight,KO/TKO,0.4364441474553194,0.28434430695854906,0.2792115455861315
ba606d161dd1c5f504f8c984,2022-02-19,middleweight,Decision,0.3898422315002151,0.47028116421150035,0.13987660428828447
0f1eb9c25283cba2a7cd007d,2022-02-19,light_heavyweight,KO/TKO,0.2670966897408606,0.6185366125102922,0.1143666977488471
774771f5b5f0f8d5af90fd20,2022-02-19,featherweight,Decision,0.4357612271823934,0.2818373655066754,0.2824014073109312
7085b77b6e0023c3296b8cf6,2022-02-19,catch_weight,Submission,0.6262174590440824,0.24629187164903085,0.12749066930688674
8c1cb182501b4ff4c557a4f7,2022-02-19,bantamweight,Decision,0.462968890152813,0.38232644527064436,0.1547046645765427
e0eeff5374ca589d7b5f7626,2022-02-19,heavyweight,Decision,0.34796667185833713,0.5228990088905453,0.12913431925111746
0bf431efc2c9170850a83b3f,2022-02-26,featherweight,Decision,0.6105792647731658,0.2778863683577538,0.1115343668690803
338700b1b79beb6242e882f3,2022-02-26,lightweight,KO/TKO,0.4706262426163362,0.32478277682346335,0.2045909805602004
21ab4fa36f44cfe6814659de,2022-02-26,middleweight,Decision,0.43107512757834326,0.38597971565570466,0.18294515676595205
e9955a213c246dc76802a534,2022-02-26,catch_weight,KO/TKO,0.506997311094885,0.3256057768217077,0.16739691208340726
755b2c5ef7b44148e45d06f8,2022-02-26,womens_flyweight,Decision,0.6159405373391943,0.2697321385368115,0.11432732412399411
c9e3bc4ea58df6235765f2e0,2022-02-26,womens_featherweight,Decision,0.429855083858342,0.40638398942246334,0.16376092671919462
8c15089f0431ebf57fba0b25,2022-02-26,middleweight,Submission,0.4555828307767448,0.3040694641905504,0.24034770503270475
7b8dd4825672e5c71feb365f,2022-02-26,welterweight,Submission,0.5318797336834461,0.26821612229713426,0.19990414401941964
115cd12c43c7ca9a98a34354,2022-02-26,lightweight,Submission,0.53463593174679,0.32852440357623613,0.1368396646769739
ad3d758504e40f089358d0cc,2022-02-26,lightweight,Submission,0.42283144050827814,0.2910190128922359,0.2861495465994859
09803872173680a4e5a486f2,2022-02-26,flyweight,Decision,0.3943758766554697,0.3159832574291543,0.289640865915376
8cab78badf4b3f9f94431dcb,2022-03-05,featherweight,Submission,0.44654379157405033,0.2889437406380134,0.2645124677879363
eb2dea2335dc1879ca29907d,2022-03-05,welterweight,Decision,0.490052630294122,0.38547688286550946,0.12447048684036867
59e88ba1af2fe8e1830220bd,2022-03-05,lightweight,Decision,0.45117890552153544,0.3749197613127374,0.17390133316572715
c66c7054afb057dd78aa0f05,2022-03-05,light_heavyweight,Decision,0.3606760326693059,0.5207054313679056,0.1186185359627885
76eb17111d5981c71736b835,2022-03-05,featherweight,Decision,0.535231179097229,0.2740345062223692,0.1907343146804018
054327f45b8b36f1c6c59bd8,2022-03-05,lightweight,KO/TKO,0.41344947115442954,0.34760256954149293,0.23894795930407747
fe7ff91782693e8c97668462,2022-03-05,welterweight,KO/TKO,0.5692561450460826,0.29060752077790464,0.14013633417601284
191f8590132dd622386f8dcb,2022-03-05,womens_strawweight,Decision,0.6686852359034208,0.21419505813394074,0.11711970596263856
62773007de975caae0e7403f,2022-03-05,womens_flyweight,Submission,0.49469347050698986,0.2378132050995382,0.2674933243934719
ef873da872c2b8ddc6d7f482,2022-03-05,light_heavyweight,Decision,0.39683557671230324,0.483488480566388,0.11967594272130878
0e0ef94c36f8e8a6f0d81303,2022-03-05,catch_weight,Decision,0.5679143851323621,0.27611991684535764,0.15596569802228016
8b16bf8119b7a1889e14425c,2022-03-05,heavyweight,KO/TKO,0.397967619318967,0.4747902200498839,0.12724216063114913
8453f158995aa5825267e0fe,2022-03-05,flyweight,Decision,0.6309150645671884,0.2249118916851149,0.14417304374769677
4274a5bfdeeb6b92088e770d,2022-03-12,middleweight,Decision,0.40846583636174827,0.44978739313315785,0.14174677050509396
a62677dbc6c31338dbfa9ffe,2022-03-12,middleweight,Submission,0.5299164141672993,0.29512442448372,0.17495916134898076
53cf6639d25754d424f290c6,2022-03-12,featherweight,Submission,0.5806790478079807,0.20815968081932437,0.21116127137269491
223c6e3695dc91fe55816b32,2022-03-12,lightweight,KO/TKO,0.37829096609542096,0.34621252430706845,0.27549650959751054
6ec545d9b947c7840a6a9e2b,2022-03-12,womens_flyweight,Decision,0.6176175110341235,0.1932684999614263,0.18911398900445012
b80204d233e23b377832e77e,2022-03-12,light_heavyweight,KO/TKO,0.3714989713072568,0.4760452253661987,0.15245580332654454
8f6f6a38f9345a057af6dcdd,2022-03-12,bantamweight,KO/TKO,0.6100973737357769,0.2666306431465629,0.12327198311766023
4996c44f91f2861f4fab29a5,2022-03-12,bantamweight,KO/TKO,0.47183661365518254,0.3661823476432638,0.1619810387015536
15a96087e7d45aef123c2813,2022-03-12,welterweight,Decision,0.32310098244527685,0.5111913916448195,0.1657076259099036
d51c5ce12e0b4950d5498e4f,2022-03-12,womens_flyweight,Submission,0.669007508002309,0.21146924767075456,0.11952324432693642
2eb0a77e45cae384dd8ee69a,2022-03-12,featherweight,Decision,0.5889996724028183,0.27755720751213886,0.13344312008504294
ff820a222c111a32a86bd816,2022-03-12,light_heavyweight,KO/TKO,0.47322257254709227,0.3901203340480663,0.1366570934048414
d4e5897b395921bd30941f44,2022-03-12,light_heavyweight,Decision,0.28458109608862797,0.6185650129246769,0.0968538909866951
c362815404c96b0fa3c1d79c,2022-03-12,bantamweight,Decision,0.4136983018468937,0.37293116818764455,0.2133705299654617
ddb23a0f0b02cab6843a40b2,2022-03-19,heavyweight,Submission,0.31326731554177023,0.5444080403623004,0.14232464409592935
fed3a50fd626de20bc9ddd39,2022-03-19,featherweight,KO/TKO,0.5797728256141751,0.2870939149583969,0.13313325942742804
0edcadeec8b119ec0a8e22e5,2022-03-19,womens_strawweight,Decision,0.587771794814808,0.23788140402764013,0.17434680115755197
90db3390059fe0b1ae095e2d,2022-03-19,welterweight,Decision,0.4305268010689037,0.3777570181290332,0.19171618080206318
18453b23edda3fa1d9952968,2022-03-19,bantamweight,Decision,0.5862731162407521,0.2449483204299228,0.1687785633293252
9ae7ce42c6960b736e0efa95,2022-03-19,lightweight,KO/TKO,0.4001389389432225,0.36633336737465155,0.23352769368212592
606a3226edc45b339470c15a,2022-03-19,featherweight,Submission,0.5851164396806454,0.25390900248506815,0.16097455783428646
8438c52b0f5b6abb1524eb73,2022-03-19,womens_flyweight,KO/TKO,0.641408891114514,0.20211083383847916,0.15648027504700676
e44f8d6c21499f7ee69f7413,2022-03-19,flyweight,Submission,0.46087851373017635,0.3453620439055032,0.19375944236432052
b0c27e0a67c2921f706c7982,2022-03-19,light_heavyweight,Submission,0.2932771927041744,0.4532179857445241,0.2535048215513015
50519ade549a1f6ba3ecdb0f,2022-03-19,lightweight,Submission,0.4561144894658811,0.3886759802957136,0.15520953023840528
1855e62e711e7cb90db8c57f,2022-03-19,heavyweight,KO/TKO,0.3290785069791472,0.5563413099173656,0.11458018310348723
d1bfaf3217d92836ca7666c4,2022-03-26,middleweight,Submission,0.3613476941990768,0.3462360164302476,0.2924162893706756
ef9aa738f67fd68f2ca5af2f,2022-03-26,flyweight,Decision,0.6203571191245963,0.27139237181063747,0.10825050906476631
301dfd58acfdd68cb9065d69,2022-03-26,bantamweight,KO/TKO,0.4621552641149371,0.4103330250950186,0.12751171079004422
351b3e350230c6b88f88f552,2022-03-26,heavyweight,KO/TKO,0.310109028072159,0.5821778256917722,0.1077131462360688
7d5f589e73ee039bd2697e09,2022-03-26,womens_flyweight,Decision,0.6528696988862492,0.2469191855525378,0.10021111556121287
2d86be1fe2a9c74ea1d1a00e,2022-03-26,womens_flyweight,Submission,0.6660242107698209,0.20076666336158144,0.13320912586859762
2569c71203392ff1e1f14af3,2022-03-26,featherweight,Decision,0.5770384144686739,0.268090783297011,0.15487080223431515
41c6e7756509299ae12c897f,2022-03-26,lightweight,Decision,0.43656731468693477,0.4182681482272195,0.14516453708584584
2d2fb7e95f4e7d64dacc585f,2022-03-26,flyweight,Decision,0.5954758359045051,0.24887171351883516,0.1556524505766598
87d4157a7c6058179c54bd39,2022-03-26,welterweight,Decision,0.4180326240630271,0.38825408750576557,0.19371328843120728
e9351c7db8c8562852add0bf,2022-03-26,welterweight,Decision,0.5771153054110426,0.3042027991814892,0.11868189540746804
7af5d59b89e6c62ef7902cfe,2022-03-26,womens_bantamweight,Decision,0.6124898064478638,0.2385315622939002,0.14897863125823602
6a456265c9a0a54a45727866,2022-04-09,heavyweight,Submission,0.3575293297932717,0.42200936224753105,0.2204613079591972
9b4d0aeae28ca6a7651e18c3,2022-04-09,featherweight,KO/TKO,0.504106093333321,0.3636535751960987,0.1322403314705804
d59489d2219b8acf65c14d10,2022-04-09,bantamweight,Decision,0.5179254224823711,0.3441148755456434,0.13795970197198545
dcc78c9b5027cc486808530b,2022-04-09,middleweight,Decision,0.3784146282414231,0.3162591260991317,0.3053262456594451
10a507567f7c574bab053aba,2022-04-09,womens_bantamweight,Decision,0.5949373310161084,0.2510645812038851,0.15399808778000654
54dbd0ff791fe50de3635eda,2022-04-09,welterweight,Decision,0.3791726132961158,0.39230290341363777,0.22852448329024655
8d6783bbc0f9d2bd2d4c0534,2022-04-09,welterweight,Decision,0.4371826584553264,0.40005960400228074,0.16275773754239284
e4d38da609f2296f44f8e0f3,2022-04-09,bantamweight,Decision,0.4775521089302116,0.33065916398624934,0.19178872708353906
395fac7e1cb89c9f48542548,2022-04-09,womens_strawweight,Decision,0.6300472872860395,0.18509219259140347,0.18486052012255696
c717778925b8d05d09226a63,2022-04-09,welterweight,KO/TKO,0.38837915177417076,0.31686193753864633,0.2947589106871829
c8c932d20a23d93083cd5153,2022-04-09,womens_strawweight,Decision,0.5177698919165177,0.22665327419759126,0.25557683388589114
5210e8a6bd51cdb8a3be4742,2022-04-09,lightweight,Decision,0.6435838440586458,0.24798810047193817,0.10842805546941604
ab6c1f1d7010971c355e465c,2022-04-16,bantamweight,KO/TKO,0.5969894846517122,0.26067425368600267,0.14233626166228502
4e19d3624ce2f192fda3e87e,2022-04-16,middleweight,Decision,0.3613476941990768,0.3462360164302476,0.2924162893706756
63a7508bcd39ffb177568395,2022-04-16,heavyweight,Decision,0.29039661380871873,0.5472695257435203,0.16233386044776102
a3b791cf3770be81a7311fc4,2022-04-16,heavyweight,KO/TKO,0.5402692387394749,0.3579127659783718,0.10181799528215338
433dbc801627a6d385c7ad09,2022-04-16,lightweight,KO/TKO,0.6043907350262008,0.2641366728152002,0.13147259215859913
f700791a20e6fde6268982b3,2022-04-16,womens_strawweight,Decision,0.6570535239104711,0.22134355453234839,0.12160292155718061
163a51708b615100cf2aba52,2022-04-16,lightweight,Decision,0.38660824618314676,0.30224308713852505,0.3111486666783283
a2e535212cb0109c16e03dcd,2022-04-16,womens_bantamweight,Decision,0.6500045761051406,0.22499408827143155,0.1250013356234278
069de3205d6c699d7be551aa,2022-04-16,womens_bantamweight,Decision,0.5468743211567626,0.23723820258564293,0.2158874762575945
9c7629f898574d7d259de1e2,2022-04-16,welterweight,KO/TKO,0.4934841954848309,0.33124772862245183,0.17526807589271712
48857655a69cc90c77030d9a,2022-04-16,welterweight,Decision,0.4163515368198248,0.3963318206405363,0.18731664253963887
e9eef12674e72868f84a57a0,2022-04-16,featherweight,Decision,0.4035403346910961,0.2737974867545658,0.32266217855433804
a2af6edea9fea96f3d6b4f3f,2022-04-16,lightweight,Submission,0.6018662562216853,0.25647584517314126,0.14165789860517333
de09e08f6c57358e9c22f9b4,2022-04-16,welterweight,Decision,0.49218729818881257,0.37515766088491204,0.13265504092627534
48e6102e4d53ecae10721bf6,2022-04-23,womens_strawweight,Submission,0.40079190506614043,0.45636213163323064,0.14284596330062896
9b932197b1fb2a26a1208177,2022-04-23,bantamweight,KO/TKO,0.5391885081746495,0.3063126122765957,0.15449887954875488
06669d51b0a57a8f66b216d9,2022-04-23,lightweight,Submission,0.5654319659732138,0.26140303891799166,0.17316499510879457
c85d55bcecdce0caae48f32d,2022-04-23,welterweight,KO/TKO,0.576240603754331,0.30872816270191994,0.11503123354374906
877e43ee92b6e92fe379f031,2022-04-23,catch_weight,Submission,0.4183286879659907,0.44569903887736323,0.1359722731566459
4d8474d6d776dc1f62fe315b,2022-04-23,featherweight,Submission,0.5966276299185588,0.29110753116889987,0.11226483891254141
711d9ff3483b66cb33e6fb1a,2022-04-23,light_heavyweight,Decision,0.33699608031842687,0.5620922907352983,0.10091162894627463
2b3e69ba4ea58a394404b393,2022-04-23,womens_flyweight,Decision,0.5128552608953731,0.26632972767874913,0.22081501142587764
c89f90b1b4c3c2b9606febb2,2022-04-23,welterweight,Decision,0.3943682709547922,0.404945050126469,0.2006866789187387
213b698eaacabc90d39c3618,2022-04-23,light_heavyweight,KO/TKO,0.3121898500615743,0.4974237757984566,0.19038637413996895
2dbdb35090901cb11cdd7d38,2022-04-30,heavyweight,Submission,0.3720543934666649,0.4611527018145529,0.1667929047187821
aed8ef16b30b6d218c63f47c,2022-04-30,featherweight,KO/TKO,0.6178200402102175,0.2604060320513241,0.12177392773845841
fcc9d5a0cfe4deba917371fb,2022-04-30,heavyweight,Decision,0.4135716186304911,0.44627004652053215,0.14015833484897677
9ec02b95cb264245c08bd1c3,2022-04-30,flyweight,Submission,0.5082395558748466,0.3187937180407533,0.17296672608440006
566ee83c01c427d616e79cb3,2022-04-30,featherweight,Decision,0.6199249157152137,0.2350808823031105,0.14499420198167587
312ba0118051211ffa424bb3,2022-04-30,welterweight,KO/TKO,0.44954499925310115,0.38891152373838633,0.16154347700851268
bd90e67407043275cc350cb5,2022-04-30,womens_flyweight,KO/TKO,0.5146477603326971,0.2599206282195339,0.22543161144776902
9932564c59fd0493d46f20f7,2022-04-30,lightweight,Submission,0.6094522713705557,0.2400329214760232,0.15051480715342108
ccbcefc2a02e49bf307142df,2022-04-30,middleweight,Decision,0.4669423204357028,0.29918903858366747,0.2338686409806297
59e0827ca63295b63cd6a91a,2022-04-30,lightweight,Decision,0.5325037225042082,0.2995241411354622,0.16797213636032976
4e359c108544d2c8759d97d6,2022-04-30,bantamweight,Decision,0.46693270435752293,0.3723775973041593,0.16068969833831787
e83c43a20c4efdef6b675240,2022-05-07,welterweight,KO/TKO,0.370200432058912,0.4410245343583937,0.1887750335826943
c3f4eb06b7985fd64caa1c2a,2022-05-07,womens_strawweight,Decision,0.6331638963988983,0.20087308653678781,0.16596301706431404
27a25d6c4438938f3521b32a,2022-05-07,heavyweight,Decision,0.5615345878321153,0.3187109829808288,0.11975442918705585
f9ad67246c83a9f959594eb4,2022-05-07,flyweight,Submission,0.4545310693264488,0.26931574119065466,0.27615318948289647
68ecc0f643b3d96f33c5ea9d,2022-05-07,lightweight,Submission,0.33694568711563727,0.4291023000758785,0.23395201280848427
54d66068ae43906aa7a9cf26,2022-05-07,welterweight,Decision,0.463621229059913,0.3759724663000641,0.16040630464002284
a295f10a5980bdb7db934877,2022-05-07,bantamweight,Decision,0.40405562470898604,0.3377089897890742,0.2582353855019398
57499631d3bdce3f6fc81243,2022-05-07,flyweight,Decision,0.4845633766694509,0.32558418563599617,0.18985243769455284
65626c902a390cc627f7be7e,2022-05-07,womens_featherweight,Decision,0.6647978556146651,0.21598559565581682,0.1192165487295181
d31f108ad033cadad0d1f468,2022-05-07,light_heavyweight,Decision,0.40571729247949284,0.45451063024554,0.1397720772749671
cdb998abfa18ccf9f27af3b6,2022-05-07,lightweight,KO/TKO,0.4681464189791411,0.3282525879454115,0.20360099307544735
709d13b3d0f6930bb797146f,2022-05-07,welterweight,Decision,0.4641650896620445,0.37054779085125583,0.16528711948669952
e513925b16ccc7cf2bc93298,2022-05-07,womens_strawweight,Decision,0.5814969435880458,0.26644584044817793,0.15205721596377622
cc6e0ffb423d24fff180d8c1,2022-05-07,womens_flyweight,Decision,0.6099006451344784,0.26271909869312826,0.1273802561723933
e80cfbe7751b8e42d0e37d81,2022-05-14,bantamweight,KO/TKO,0.4706387875146369,0.3263060602049832,0.20305515228037993
d21ed7987834436d79762e16,2022-05-14,lightweight,KO/TKO,0.46609839674615516,0.38661356670013985,0.14728803655370504
4987dc6f22514fa13327d770,2022-05-14,flyweight,Decision,0.4008008624857188,0.2815645152346244,0.31763462227965683
ec3db7fb69fd747f19d2772f,2022-05-14,light_heavyweight,KO/TKO,0.45864349454232706,0.43118294678082764,0.11017355867684533
3a7bcb7089d6096f13b7cd48,2022-05-14,womens_flyweight,Decision,0.6560192125481478,0.18528425214209454,0.15869653530975766
cb4c231ddb365e4a24ca3af4,2022-05-14,lightweight,KO/TKO,0.604094272626208,0.2883829811030042,0.10752274627078788
95e847d3cc4c6bcbd6043bc2,2022-05-14,middleweight,Submission,0.497314138584218,0.26024077699580994,0.24244508441997195
db6d572d7fc3c8ad496fe6e9,2022-05-14,light_heavyweight,Submission,0.3359095853972413,0.5022718583189052,0.16181855628385358
d0dd5444e56544c7c7529281,2022-05-14,flyweight,Decision,0.4205162161247992,0.29622691942542917,0.2832568644497717
6b6cce875a6e865322f23a66,2022-05-14,womens_strawweight,Decision,0.5999095174350213,0.24821483138983566,0.15187565117514304
da1f5ebe1db19397cf95fdcf,2022-05-14,womens_flyweight,Decision,0.6545962959174552,0.217052116062317,0.12835158802022778
a909d174db8b4390ae3774cf,2022-05-21,featherweight,KO/TKO,0.5515436420322497,0.2325573990833534,0.21589895888439703
9101fa72d85c818841ee1d9b,2022-05-21,middleweight,KO/TKO,0.31107578475096986,0.39062282014669,0.29830139510234016
b2a463b8b2afe1453190b2a1,2022-05-21,womens_strawweight,KO/TKO,0.6751165184218331,0.20966638608448054,0.11521709549368647
383bc526c4fd50b1ff054c67,2022-05-21,middleweight,Decision,0.5933933897888762,0.2766514032087154,0.12995520700240845
45ca004338ad389c7e7dfbd2,2022-05-21,womens_bantamweight,Decision,0.5665497693449438,0.27331356648983696,0.16013666416521927
3f379cb193e0300c1aa1f821,2022-05-21,heavyweight,Submission,0.41383296292761745,0.45634541624616437,0.12982162082621818
2613b85681482b84539b6f00,2022-05-21,bantamweight,Decision,0.6120713932432255,0.2852628830370566,0.10266572371971801
765486e120840e8df1d10183,2022-05-21,middleweight,Submission,0.5685103270190703,0.2832396476436535,0.14825002533727613
40240f9f36602a2870ec2baa,2022-05-21,lightweight,KO/TKO,0.5021718275364245,0.36689366144664354,0.130934511016932
da790c4bab3aeacba933229a,2022-05-21,womens_strawweight,Decision,0.5036851637902949,0.2117529030609029,0.2845619331488022
e2c480e4c1e2f0c1546d5d77,2022-05-21,welterweight,Decision,0.5345918823875387,0.33991423646839786,0.12549388114406343
d22c42254e29e2ec340e1418,2022-06-04,heavyweight,KO/TKO,0.39329279798846634,0.5184198930393408,0.08828730897219292
7d2d589ab3a24ccbec850331,2022-06-04,light_heavyweight,KO/TKO,0.3276168947246189,0.522758459319024,0.1496246459563571
b5fef85ad8722e2c173f1f31,2022-06-04,featherweight,Decision,0.3926909008885925,0.28480304995599937,0.32250604915540815
f9fbead95e311fc0ea7c84ee,2022-06-04,featherweight,Decision,0.6192148601061932,0.2508809289589317,0.12990421093487517
23a75d6e26246f3fadb396da,2022-06-04,womens_flyweight,Submission,0.6632374218053493,0.19931596608188473,0.13744661211276601
65042c1a280902886dc6dd26,2022-06-04,womens_strawweight,Submission,0.6675763197700624,0.1946815572783802,0.13774212295155738
c65a22b110cef6fbb2125d34,2022-06-04,flyweight,Decision,0.4812982311723474,0.35438528585254486,0.1643164829751078
8ce12f6034150468696c1404,2022-06-04,lightweight,Decision,0.6158051209306621,0.22662810519350524,0.15756677387583273
5445242c5438b4603f99e089,2022-06-04,bantamweight,KO/TKO,0.5478347718258917,0.2236409381282552,0.2285242900458531
d14d68587e692687da0d3f24,2022-06-04,womens_flyweight,Submission,0.5289439432530837,0.26616913881476306,0.20488691793215316
e663e56b52a832ad0691ca69,2022-06-04,featherweight,KO/TKO,0.4678382130884417,0.33137112254581985,0.20079066436573845
48c473af66656aa65786f4e1,2022-06-04,lightweight,Submission,0.5832882086142981,0.2664657107207026,0.15024608066499923
1879d9ea46bd3c6332543b68,2022-06-04,flyweight,KO/TKO,0.49416476592996766,0.3338989656540375,0.1719362684159948
b2038bb6ca99f8b0ed7255c7,2022-06-04,welterweight,Decision,0.46911304972782186,0.37040392032017166,0.16048302995200653
e49e62b538c8335689613162,2022-06-11,welterweight,KO/TKO,0.43335820348447873,0.38784170939428014,0.17880008712124118
065e1f6ee6a773ecb89f7d12,2022-06-11,middleweight,Decision,0.49124264710844306,0.28984814887967747,0.21890920401187947
fb821412f370884401d35139,2022-06-11,light_heavyweight,Submission,0.2528751807711514,0.6050383978398346,0.142086421389014
1e545d34ef5e99a2aabb7d44,2022-06-11,welterweight,KO/TKO,0.48162982227241863,0.3655554706712521,0.15281470705632935
1991007feecb43a26b0eb7c6,2022-06-11,bantamweight,Decision,0.4492934016078489,0.3624463174641913,0.1882602809279598
4bdcffba7b815f20f7f0c0cf,2022-06-11,womens_strawweight,KO/TKO,0.4440139346131374,0.2841590824774632,0.27182698290939944
e257df6df9aae0de1ae83c76,2022-06-11,lightweight,KO/TKO,0.3896349526856923,0.31926155665623746,0.2911034906580702
acf90527fde3048d8876a70a,2022-06-11,womens_featherweight,Decision,0.6685428653141952,0.20906102706640237,0.12239610761940253
940b51f448bcff3babf27a3c,2022-06-11,featherweight,Decision,0.6037865089873194,0.2594987470176283,0.13671474399505223
bd4b807ebad4ce66420cb1f8,2022-06-11,womens_flyweight,Decision,0.5163683477655172,0.3111687621904324,0.17246289004405038
d41039f9c98e4cd3418f2f02,2022-06-11,womens_strawweight,KO/TKO,0.6637986388220507,0.2196076372243022,0.1165937239536471
69d6707f40dbdd247de83d25,2022-06-18,bantamweight,KO/TKO,0.5211771310373555,0.32983732644840874,0.1489855425142358
b2afb64bd777a942b65dbb5a,2022-06-18,featherweight,Decision,0.5060920779021897,0.3753168329922813,0.11859108910552894
bc67a856832a4900d2384ba4,2022-06-18,welterweight,KO/TKO,0.4292137702877601,0.3472859694583587,0.22350026025388126
4a4060d03f813216114e4968,2022-06-18,lightweight,Decision,0.6213567200773181,0.2638633734294094,0.11477990649327255
2280acaef1bd4f8d94bf22f2,2022-06-18,bantamweight,KO/TKO,0.6123207062925828,0.2867018234373347,0.10097747027008251
ef1c81da42f18212117eb7db,2022-06-18,womens_flyweight,Decision,0.5507913966480827,0.22040798682311769,0.2288006165287996
b8b37ab0d685d69a80b80bfb,2022-06-18,middleweight,KO/TKO,0.5030658643234395,0.34171240039166023,0.1552217352849003
c8bce7a0cd5b64400d6ce30d,2022-06-18,middleweight,KO/TKO,0.543939960885349,0.253018506664087,0.20304153245056403
34eacc018777cf756f0a9bc0,2022-06-18,womens_strawweight,Decision,0.6732647753438294,0.2113503406900437,0.1153848839661268
61b4b53d06936ba0aa98113d,2022-06-18,middleweight,KO/TKO,0.630863418520761,0.2613237096861974,0.10781287179304155
2cfd9a8c1b61856144ef594b,2022-06-18,featherweight,KO/TKO,0.5894777988702331,0.2601803019844957,0.1503418991452711
5bdb3da39bb6e719e9fc0618,2022-06-18,middleweight,KO/TKO,0.5737653987595874,0.2550768676774899,0.1711577335629228
68df60a85737373fc82b19b1,2022-06-18,welterweight,Submission,0.561663722329596,0.3145398579307791,0.12379641973962481
2fbfe695974365c0c5f85fc8,2022-06-25,lightweight,Decision,0.44866829515466744,0.3716060704791939,0.17972563436613856
6458152c222f4906571bcde7,2022-06-25,bantamweight,Submission,0.48858755014062344,0.3453662213147733,0.16604622854460319
2ecd2eed9d2962188ecb5689,2022-06-25,light_heavyweight,KO/TKO,0.5613835704667126,0.33808496269314514,0.1005314668401422
818221d71c181b39140c5074,2022-06-25,middleweight,Decision,0.3835132571331202,0.41430276884252326,0.20218397402435645
35e5e8e703d00edf360a6043,2022-06-25,heavyweight,KO/TKO,0.554321432733591,0.34234527653829305,0.10333329072811581
dbd552c2d7e341649622ee23,2022-06-25,flyweight,KO/TKO,0.459363688199356,0.28925278866841175,0.25138352313223233
d3ae12666b9f9a68eead2751,2022-06-25,bantamweight,Decision,0.4359797379075907,0.2714779136901816,0.2925423484022277
e4ea35454ee62c778fa3f4a6,2022-06-25,welterweight,Submission,0.4179840180106115,0.36188566201635736,0.22013031997303106
b21c9e5ff089ca9195054ac3,2022-06-25,bantamweight,Decision,0.535973783517827,0.3211886018176826,0.1428376146644904
76e3a22b48d90e22583c5147,2022-06-25,featherweight,Decision,0.5539688012237701,0.2623895618002802,0.18364163697594962
48b66f6c4e067ab131987c86,2022-06-25,lightweight,Submission,0.5845189383277857,0.22308498717500125,0.19239607449721302
a59780a9c44b0f7455be33f1,2022-06-25,womens_strawweight,Decision,0.6163002853104791,0.19208774766176884,0.19161196702775218
e02eea16ac82e778f7daf1f7,2022-07-02,featherweight,Decision,0.532609054621523,0.3421204538142165,0.12527049156426043
876921be33b920ac9567b725,2022-07-02,lightweight,Submission,0.464118869289246,0.3298553107852118,0.2060258199255421
e81f8dc803fd77311da05e80,2022-07-02,middleweight,Decision,0.4925153126699663,0.37648948980611685,0.13099519752391686
859d13910d61abd539cc945f,2022-07-02,welterweight,Decision,0.5365238913792292,0.34050615645643667,0.12296995216433415
e6c3e6276839dd5d64a789b2,2022-07-02,middleweight,Decision,0.4975653399852033,0.38771605762399164,0.11471860239080518
a2e9ef0e8cb15790f8ced352,2022-07-02,womens_flyweight,Decision,0.5834383358439362,0.27153563616920057,0.1450260279868632
eea7d1b3716582025dfbfca3,2022-07-02,womens_bantamweight,Submission,0.649800389796179,0.214113580477576,0.136086029726245
2a9cc81d46ea65120d7fbe99,2022-07-02,welterweight,Submission,0.43001904552058356,0.3790042972652817,0.19097665721413473
ba6dd14c8af9df3ea8f92512,2022-07-02,welterweight,KO/TKO,0.5464997755620031,0.34356693161405066,0.10993329282394627
5833acc9c3ac9e365c6c0b7c,2022-07-02,middleweight,KO/TKO,0.5702635186168039,0.3274999310163695,0.10223655036682665
177235a3e775a6743d6600e5,2022-07-02,middleweight,Decision,0.393021476392331,0.33785279082973624,0.2691257327779328
f2fd98701b89701fae9088a5,2022-07-09,bantamweight,Decision,0.6181014380807809,0.27779031225719875,0.10410824966202041
803fc1e81cfdec6e7a503544,2022-07-09,womens_flyweight,Decision,0.6458056145624536,0.2113595525520907,0.14283483288545581
8990215859428aaac941741d,2022-07-09,middleweight,Decision,0.551186013714016,0.29675259439652374,0.1520613918894603
833c99cb97e71c4d5ca53fcb,2022-07-09,middleweight,KO/TKO,0.566896584867079,0.23795371785697716,0.19514969727594392
894eb20cea5348518aad7e6a,2022-07-09,featherweight,Submission,0.39319374609181096,0.4259006110683533,0.1809056428398358
ec47ffa3f0a194c15729e14e,2022-07-09,bantamweight,Decision,0.4760421190965474,0.37279788636010003,0.15115999454335255
eb92cb37c14b9a12e2392824,2022-07-09,heavyweight,KO/TKO,0.4268097153133364,0.45538951341617706,0.11780077127048655
ed326894c1c1b1d3adbf1cba,2022-07-09,light_heavyweight,KO/TKO,0.3921568057606463,0.43870388367151636,0.1691393105678374
3762c8ce8cd05373829c8371,2022-07-09,lightweight,Decision,0.4914714887880425,0.3676505859336219,0.14087792527833565
85e2d3f91c45cbb0e0bc1cb6,2022-07-09,lightweight,KO/TKO,0.4885576655448081,0.3752158056135461,0.13622652884164574
fb7e9ab6b45aeb9bdb8436ab,2022-07-09,bantamweight,Decision,0.5263226687152063,0.24656617287503882,0.22711115840975496
b203dec5ae3023e120de922f,2022-07-16,featherweight,KO/TKO,0.4708700574934876,0.2928138427633937,0.2363160997431187
a32125452f6904259fbc72b2,2022-07-16,featherweight,KO/TKO,0.5011746166996908,0.33630984343191866,0.16251553986839065
8fe207b501c2aa7554270832,2022-07-16,light_heavyweight,KO/TKO,0.3719883342226367,0.48372276026945,0.14428890550791337
a9c93145b251be4e9d7e6dcb,2022-07-16,middleweight,Decision,0.5728667756781968,0.29985391979015186,0.12727930453165137
12d4dffc5e8bc17202be2632,2022-07-16,womens_strawweight,Decision,0.5660795344804722,0.24433695080532472,0.18958351471420298
fb462f5b2e9f652779cdfb66,2022-07-16,womens_flyweight,Decision,0.6286987658806664,0.22177925362973835,0.14952198048959525
c637b6f0f5a09bb8e1a74e50,2022-07-16,welterweight,KO/TKO,0.48608999650952206,0.3928010286569127,0.1211089748335651
17ea09382d449f8306c19c3b,2022-07-16,flyweight,Submission,0.5079427991409373,0.3050293073149599,0.1870278935441028
fd355002a0fa2e74e3536f46,2022-07-16,womens_strawweight,Submission,0.6292644072469606,0.22806770226735995,0.14266789048567946
ccfedebf868f0b8dc734bfd2,2022-07-16,middleweight,KO/TKO,0.46874336227337154,0.4019724641473119,0.12928417357931665
aec85754ffdd895e4321b6fb,2022-07-16,bantamweight,Submission,0.6308461328788164,0.223596498981294,0.14555736813988962
ad625eebc9ae756d4e5ce12a,2022-07-16,featherweight,Decision,0.5777802244532865,0.31541913563130475,0.10680063991540875
f0728df1781fd229cb014c50,2022-07-23,welterweight,Decision,0.5819768463498778,0.25313994591033134,0.16488320773979095
fc3a021d4027a74cd0e85243,2022-07-23,heavyweight,KO/TKO,0.2792903244431405,0.5556360733168247,0.1650736022400348
953bbb8b3a4dbab3e4857e03,2022-07-23,middleweight,Decision,0.4856948328564261,0.3687603257207349,0.1455448414228389
e1bfa78d9e55d9829168dcdb,2022-07-23,lightweight,Decision,0.4212973313130675,0.3644231400082836,0.21427952867864888
d04154269d7f8664c62b6131,2022-07-23,featherweight,KO/TKO,0.48611788231344105,0.27011627962025186,0.24376583806630714
68dfedbb07bf88d9ca273dc2,2022-07-23,womens_flyweight,Decision,0.649248648021112,0.21204689366900892,0.13870445830987901
ec4c20bfa09fac0285d92870,2022-07-23,lightweight,Decision,0.5466019678386004,0.326185890933411,0.12721214122798866
3ba5a9abbb1ae3fa79599046,2022-07-23,lightweight,Decision,0.6166067117971225,0.2685533323807695,0.11483995582210808
291314e3a3d4ef5e1277e4e1,2022-07-23,womens_flyweight,KO/TKO,0.6633519786771889,0.18368961227234637,0.1529584090504646
819b658e6cf0d717bb91de6c,2022-07-23,flyweight,Decision,0.3755457257386225,0.3509743474311752,0.27347992683020234
e1c2046ddc61effa0182c84b,2022-07-23,featherweight,Decision,0.5813751807465674,0.2236528958909266,0.1949719233625059
fcbaa5ecf7ea948ec4284861,2022-07-23,light_heavyweight,KO/TKO,0.36602574229716944,0.46273693990035236,0.17123731780247833
a3042f1e67d6574fb63da12e,2022-07-23,lightweight,Submission,0.3613328333151143,0.38486945053071736,0.25379771615416835
ef6ab6d69866893d4c3f7e61,2022-07-23,light_heavyweight,Decision,0.34936819462043833,0.45619770691442174,0.19443409846513993
b8683f73e2644670bf1ff574,2022-07-30,welterweight,Decision,0.4698101802114827,0.37830589564799394,0.15188392414052332
282ad5f28deaf15f8dca4792,2022-07-30,flyweight,Submission,0.4645109366377377,0.35795085007832783,0.1775382132839344
5fa0aeb049247895d054ff67,2022-07-30,flyweight,KO/TKO,0.5367166094913862,0.30790615888113715,0.15537723162747655
c07de9903dda0402b5b7ae51,2022-07-30,heavyweight,KO/TKO,0.3190819314730431,0.5599496862500312,0.12096838227692575
5aaa23664d6070cac2051597,2022-07-30,lightweight,Decision,0.6150672977784397,0.2356197215180943,0.1493129807034661
58e54a3c63001690d005c9bc,2022-07-30,lightweight,KO/TKO,0.4273223842611478,0.3333755580925519,0.2393020576463002
10b81e064c1a7b6abe9a2535,2022-07-30,womens_bantamweight,Decision,0.6686379713495826,0.21729367375558528,0.11406835489483216
33eed00e388c88409a34cb2f,2022-07-30,womens_bantamweight,Decision,0.42380060980764445,0.37619691432859226,0.20000247586376335
e4877492b848342688b0277c,2022-07-30,light_heavyweight,KO/TKO,0.526731332201053,0.364849035189591,0.10841963260935603
acc3d39765c5482fcb45accd,2022-07-30,welterweight,KO/TKO,0.33569352124130625,0.4586080840086691,0.20569839475002466
17570bc74fd14e361a08e878,2022-07-30,light_heavyweight,KO/TKO,0.3607316872974348,0.46940070717185683,0.1698676055307084
ac2b588a1a2472b349609a68,2022-07-30,welterweight,Decision,0.401958687101466,0.34950380126264646,0.24853751163588753
1a6042f44f4e1018e13bcf39,2022-08-06,heavyweight,KO/TKO,0.41375519710926156,0.4615999242645606,0.12464487862617786
11bfef30ead4201c97f126a7,2022-08-06,womens_flyweight,KO/TKO,0.44536318416118686,0.26467756689688154,0.2899592489419316
ee78ff94d74191c0950c3305,2022-08-06,welterweight,KO/TKO,0.4476164041486308,0.3633341515650086,0.18904944428636067
14baf91c942b6d4b80278c39,2022-08-06,womens_strawweight,Submission,0.6401857764289934,0.21913309838078038,0.14068112519022602
e16f507b343589a2e4e6722a,2022-08-06,womens_bantamweight,Submission,0.5227572729594385,0.22262185572293855,0.25462087131762295
e21ab264e04732c3ef8f62f4,2022-08-06,heavyweight,KO/TKO,0.2871537443376184,0.46816883144934884,0.2446774242130326
e9da8c8a6c31cb23cefbf64a,2022-08-06,middleweight,KO/TKO,0.44998935404231577,0.4294900808402742,0.12052056511741008
6ec98fde74b283e28ca0a7fe,2022-08-06,lightweight,Submission,0.3803493757291084,0.3378935633879284,0.2817570608829631
cf34d5f335348b66aa91eff5,2022-08-06,light_heavyweight,KO/TKO,0.29081038286468,0.6004747767255112,0.10871484040980889
f8f3e8322df974e5e79c4018,2022-08-06,welterweight,KO/TKO,0.467147235218733,0.373685764769852,0.15916700001141504
a786185afd5f82f1db44d3c8,2022-08-13,catch_weight,Decision,0.605338324959117,0.25070520572645544,0.14395646931442757
769a825b93d1f461ed037a48,2022-08-13,middleweight,Submission,0.39989568992930546,0.36241508378655846,0.23768922628413622
e5ba6b21277ad5545d7c0dc3,2022-08-13,womens_flyweight,Decision,0.6426471019768545,0.19122106638440106,0.16613183163874454
7322e2f3f4bf5390f2bda163,2022-08-13,light_heavyweight,KO/TKO,0.50896796094967,0.3983698655860299,0.09266217346430008
aaf6d2192b150766430fc20b,2022-08-13,lightweight,KO/TKO,0.45171011643897624,0.36239014836378214,0.1858997351972416
ba36c66a9c8864239d835333,2022-08-13,catch_weight,KO/TKO,0.28821279696789776,0.3831110228297293,0.32867618020237294
e07aa035986642062d25c1f5,2022-08-13,bantamweight,KO/TKO,0.454483550208416,0.3953620950657421,0.15015435472584188
8734458639c9a77e963669f8,2022-08-13,heavyweight,Decision,0.37013009861490104,0.4230058577474716,0.20686404363762728
8e3ee192291658b73f706113,2022-08-13,featherweight,Decision,0.4593327629361732,0.33390379024393374,0.2067634468198931
207fbf80c6f721606f408c61,2022-08-13,flyweight,KO/TKO,0.45683781467465073,0.4033035101107205,0.13985867521462872
0e895646923d2363e9ee3865,2022-08-13,womens_bantamweight,KO/TKO,0.5519389349678702,0.3024188809154233,0.14564218411670649
cd596c04dadc1a357e70db6e,2022-08-13,womens_strawweight,Decision,0.44536318416118686,0.26467756689688154,0.2899592489419316
7e414bf2e90506da27163941,2022-08-20,welterweight,Decision,0.5416767786034827,0.26782073613053686,0.1905024852659804
8a9c09281e5eeca72ddede9c,2022-08-20,flyweight,Submission,0.5226988796034711,0.28642623077335433,0.19087488962317462
fc73feb19b3af4a912864096,2022-08-20,bantamweight,Decision,0.5908278145863802,0.2904937979048945,0.11867838750872531
2e655f9fa69fc63ba339bf9d,2022-08-20,flyweight,KO/TKO,0.5073204876266383,0.32146030481448784,0.171219207558874
09110ce448db775f208b9e4f,2022-08-20,bantamweight,Decision,0.6341019475271911,0.24361803943979612,0.12228001303301289
96bf35f8d242172083318f0b,2022-08-20,welterweight,KO/TKO,0.5318946272947108,0.33464505788059884,0.1334603148246903
72cae9b3b0647f262149f01d,2022-08-20,lightweight,Decision,0.5326836431003107,0.32295571671902573,0.1443606401806636
6e01d4335754eab4e2519c82,2022-08-20,heavyweight,Decision,0.3838326792231624,0.4255028949157358,0.19066442586110172
e041b8ced5ccae038bf87f85,2022-08-20,middleweight,Decision,0.4190875479665829,0.4022049102191058,0.17870754181431134
e21703f2490a99b16dfadb3d,2022-08-20,light_heavyweight,KO/TKO,0.2817641858553149,0.5040351051125679,0.21420070903211727
f41c685ee847a134377ce615,2022-08-20,womens_bantamweight,KO/TKO,0.6532213508325263,0.19053576183251744,0.15624288733495634
9ce27f8c4c81304aae9d0e7e,2022-09-03,middleweight,KO/TKO,0.47972736943554406,0.33845880487940744,0.18181382568504856
a3bbb4a0fa0064f0548c4dc4,2022-09-03,middleweight,KO/TKO,0.5777310109388076,0.30554221182429847,0.11672677723689394
2d11896bafc8bb829b196c12,2022-09-03,lightweight,KO/TKO,0.46708008451974664,0.2942091511893312,0.23871076429092217
55128794a5130c0766120091,2022-09-03,featherweight,Decision,0.586938181314766,0.25758198140538363,0.15547983727985026
7301434a052e54b477cb10b8,2022-09-03,heavyweight,KO/TKO,0.3598793727738451,0.5353052380521045,0.10481538917405044
d67df94cf203060829d5e02a,2022-09-03,lightweight,Decision,0.47110135876769194,0.33101284780095286,0.19788579343135512
3f009a05817aa629ecb33512,2022-09-03,lightweight,Decision,0.6063940265420965,0.2859878268669081,0.10761814659099543
86ec5f7ecd89641f1c7cff4e,2022-09-03,bantamweight,KO/TKO,0.42673889799540765,0.38221041030348313,0.1910506917011093
561ee3bd70a2f70be5d0512b,2022-09-03,middleweight,Decision,0.43572476274415295,0.3764272824992835,0.18784795475656357
0fc64e2e9e677fbf1fdd2676,2022-09-03,middleweight,Decision,0.6241638879939316,0.25260060361097963,0.12323550839508872
be1d0f8c941e18f2385e8ec8,2022-09-03,womens_featherweight,Submission,0.4579873620486403,0.24335361726759408,0.29865902068376554
b8f2b3651db2a7baa029e536,2022-09-03,featherweight,Decision,0.3943758766554697,0.3159832574291543,0.289640865915376
4a6bcffa1eef009392233795,2022-09-10,bantamweight,Decision,0.5028142054259472,0.3279531669962479,0.1692326275778049
c00654036cf18b5bb5f2d2c5,2022-09-10,welterweight,Decision,0.5059374703444887,0.3105116191840147,0.1835509104714967
b36dfd6178f9afe0176a1770,2022-09-10,middleweight,KO/TKO,0.48688071686115797,0.3517873607918021,0.16133192234704008
7f7d0ff5834aebf0c6e0956b,2022-09-10,featherweight,Decision,0.6285010620550283,0.23900155694685227,0.13249738099811934
41da67b4d117a50c666ac843,2022-09-10,catch_weight,KO/TKO,0.5956265548836431,0.28214941646016917,0.12222402865618763
6153221828eccf4930f0d3e6,2022-09-10,catch_weight,Submission,0.2569666865823946,0.35922696468205934,0.38380634873554603
9d40474ac4964ada854fa013,2022-09-10,heavyweight,KO/TKO,0.32197406835949816,0.5594520618016717,0.11857386983883007
5a062d96aab1c99b7cc95f3b,2022-09-10,light_heavyweight,Submission,0.3485429534524008,0.5296266443094392,0.12183040223816002
61ba8d4c4fabfe43fbb836c9,2022-09-10,catch_weight,Submission,0.2782364741651598,0.4635799463405978,0.2581835794942424
014ea6d786ce6f657768e865,2022-09-10,catch_weight,Decision,0.44140153688052025,0.4155677868418909,0.1430306762775887
0eacc4f0d8ed4f419ecbcea2,2022-09-10,womens_strawweight,Decision,0.5370957780059048,0.27536535079016816,0.18753887120392704
b23e87fdf32c675244e517b7,2022-09-10,welterweight,Submission,0.5219008891294512,0.29998848157366365,0.1781106292968851
129aa2e2442a6668ab3bdc63,2022-09-10,womens_featherweight,Decision,0.6111273847198259,0.2483848370923767,0.14048777818779756
5c6812938d363a82f925824d,2022-09-17,featherweight,Decision,0.6110117012284503,0.2845105087507621,0.10447779002078764
8d050432569789c31a32dcde,2022-09-17,middleweight,Submission,0.45633503092349875,0.30902837294221874,0.2346365961342825
dbcca4558e9c1d0d13c510a3,2022-09-17,middleweight,KO/TKO,0.3673255818717134,0.42054850988694675,0.21212590824133995
bc3c14ac6ca3b5d7e1f471ce,2022-09-17,bantamweight,KO/TKO,0.4173718976616517,0.41526370827234194,0.16736439406600642
c743e51d32485abb008206d8,2022-09-17,featherweight,KO/TKO,0.5363157804344367,0.23816275498975703,0.22552146457580624
059dfb0529502eb13b47c82e,2022-09-17,womens_strawweight,Decision,0.6033257951223266,0.23367791130824012,0.16299629356943324
f973efc4d40fd253e6092acf,2022-09-17,middleweight,KO/TKO,0.4165748519282588,0.36146819776760625,0.22195695030413498
faae6d894d5ca7b2e828bf54,2022-09-17,womens_flyweight,Submission,0.5047346411622577,0.22975310284677145,0.2655122559909709
ba54b51b997887a6beff6ea6,2022-09-17,lightweight,KO/TKO,0.4477830634219528,0.34967576884083484,0.20254116773721226
4d68a5e737c1e8b51f6f2e2d,2022-09-17,heavyweight,Decision,0.3235016079907996,0.4966455988735331,0.17985279313566743
58d0836ce3aef89372366e16,2022-09-17,bantamweight,Decision,0.5875033729221841,0.29377535859739823,0.11872126848041761
1afe0d50e01083bebcec9aa7,2022-09-17,welterweight,Decision,0.5656657224842951,0.3174338073634953,0.11690047015220958
49322c3b76a447084d3343fa,2022-09-17,lightweight,Decision,0.4339447607059123,0.28843343852961484,0.2776218007644728
87a787d77cf0a5e09d3d9395,2022-10-01,bantamweight,Submission,0.443061528044189,0.4221885513484849,0.13474992060732602
38a5c52b9d2138c264286309,2022-10-01,heavyweight,Decision,0.3637779151201601,0.43619633464369423,0.20002575023614563
fc47440fea6c1d9a73f29056,2022-10-01,lightweight,KO/TKO,0.6142206545775468,0.24823924918445386,0.1375400962379993
5c2d756d58e2169143a3d205,2022-10-01,catch_weight,KO/TKO,0.5904952705470758,0.25475429130819915,0.15475043814472503
fa7cd15e925add6d68fc71fb,2022-10-01,catch_weight,KO/TKO,0.34967548480594757,0.34100825859146155,0.3093162566025908
fa6a5ead0aa09a9ef6c5b57a,2022-10-01,middleweight,Submission,0.5744273624753553,0.2677044504287982,0.15786818709584646
b72aea582d1585d9cb98b492,2022-10-01,womens_strawweight,Decision,0.5220183073978137,0.28255413475161645,0.1954275578505698
769a6a0ed8f56e2771571177,2022-10-01,lightweight,Decision,0.5364649476065401,0.34043483866429697,0.12310021372916291
ba830e44c169818ed678aa41,2022-10-01,welterweight,Decision,0.5600738300544211,0.29895337023805174,0.14097279970752705
8a3a1e63063d34a285884a99,2022-10-01,bantamweight,Decision,0.5737631966170037,0.2986657784504245,0.12757102493257189
332b606adadb464988ce504c,2022-10-01,featherweight,Submission,0.4578901396516376,0.3635754551816123,0.17853440516675007
01280f9e77503889cc5f9625,2022-10-15,womens_flyweight,Decision,0.5497832995022514,0.3010447765606671,0.14917192393708167
ca2c4ad4a77247d7ccff754f,2022-10-15,bantamweight,KO/TKO,0.5749431030086998,0.31521173062006297,0.1098451663712373
0b42a434a9d342606e9634d5,2022-10-15,featherweight,Submission,0.4090850237383056,0.40310776718130187,0.18780720908039253
26959a0ae6d9ffc29e07813b,2022-10-15,middleweight,KO/TKO,0.39765276960934853,0.44771613360654594,0.1546310967841055
aae253d49a82af766011fb44,2022-10-15,bantamweight,Decision,0.6005204583856335,0.25015850546089535,0.1493210361534712
dd6794095b4f567cbc4101d5,2022-10-15,welterweight,KO/TKO,0.4191883925722342,0.3953402009676767,0.18547140646008908
044df039a74152712583ec34,2022-10-15,light_heavyweight,KO/TKO,0.33069813418565946,0.47825772312188325,0.19104414269245737
6a2ccb4c05791a9425fdd871,2022-10-15,middleweight,Decision,0.5318415434339693,0.2882942117627345,0.17986424480329616
a351ceb4ec13704924e64821,2022-10-15,womens_strawweight,Decision,0.6645161562110427,0.21334306269156114,0.12214078109739623
4f4009ed9b6888d49211b309,2022-10-15,bantamweight,Decision,0.6133181090870744,0.26953733183120265,0.11714455908172297
cb331ce12f84a70205c765de,2022-10-15,flyweight,Submission,0.5111897381238255,0.2777433069999115,0.211066954876263
2fa71d83dae3ebb848f3441c,2022-10-22,welterweight,Decision,0.5815514437512077,0.2774129854001281,0.1410355708486643
3969abdde9d204a1383b76b0,2022-10-22,bantamweight,KO/TKO,0.4864044766954191,0.37020948236936285,0.1433860409352181
d51176910516429f296e9791,2022-10-22,middleweight,Decision,0.5650362237725971,0.29858461799973546,0.13637915822766733
8b1f7cebde3141ff07f2e923,2022-10-22,welterweight,KO/TKO,0.6151681787447308,0.24289445011151262,0.1419373711437565
1f39f88404238882611b5baf,2022-10-22,lightweight,Decision,0.49520768659829334,0.3260436481641856,0.17874866523752103
89b86d8017ee9c1cbaa746ae,2022-10-22,lightweight,Submission,0.3847595980724882,0.31723859251297226,0.29800180941453946
e323e1ea8dacbcffaa512ad7,2022-10-22,womens_bantamweight,Decision,0.6320316870883699,0.24141796599443127,0.126550346917199
35a1f8dde1fde0e00768056a,2022-10-22,womens_flyweight,Decision,0.671305872715695,0.21894692032607532,0.10974720695822973
f4c1d9b02ea276231e92bad9,2022-10-22,middleweight,Decision,0.5823793042662537,0.303606050873396,0.11401464486035028
bf2060061f6746545bdfc695,2022-10-22,flyweight,Submission,0.40132746697556126,0.30314118340684654,0.29553134961759225
5cb842db992ceaeea1b3cf29,2022-10-22,bantamweight,Decision,0.5664799313871722,0.31284994829180945,0.12067012032101819
a99407677ffcc07b6201b9fe,2022-10-22,light_heavyweight,Decision,0.37309494366649204,0.48381978039496626,0.14308527593854165
9e77914c5d3a7d1ddeb09921,2022-10-29,heavyweight,Submission,0.3857678174951626,0.4826665950853621,0.13156558741947524
0475b074697fe0251c4d12ec,2022-10-29,featherweight,KO/TKO,0.5416667738848969,0.3231305141963571,0.13520271191874594
9ad86cefbe6ecdf976f7782a,2022-10-29,featherweight,KO/TKO,0.42951429305742894,0.3124520114414053,0.25803369550116584
ad5ce07a6e0876f8d5be2633,2022-10-29,bantamweight,Submission,0.4299047273527957,0.283405761599941,0.28668951104726337
3ea908dc8672aba46a6b1042,2022-10-29,flyweight,Decision,0.4479304461929184,0.38550769205279145,0.16656186175429022
9cf346c97ea2bbfd2c1c605e,2022-10-29,light_heavyweight,Decision,0.37542874990029534,0.5189023227414713,0.10566892735823336
2578ddec4698f73c077da962,2022-10-29,middleweight,Submission,0.4796732920043033,0.32679152563238006,0.1935351823633167
ca802282390c52fdb2408e0b,2022-10-29,middleweight,Submission,0.5423037920318177,0.26615032739611455,0.19154588057206776
15d5339005fa2e8e3ec329bc,2022-10-29,middleweight,KO/TKO,0.4355083241180582,0.3820440552552755,0.18244762062666633
50f80108ef29bd03c1534f16,2022-10-29,welterweight,Decision,0.5881770074605538,0.2975061753418148,0.11431681719763144
5f9c2584685ac701df1b20f1,2022-10-29,heavyweight,Decision,0.4215076663230368,0.42713827473421084,0.1513540589427524
fb2b6999fee39d8d4b28984c,2022-11-05,flyweight,Submission,0.5345767452635093,0.24585315256455179,0.21957010217193884
1fa02083adffe4f1a1aaa2d6,2022-11-05,featherweight,KO/TKO,0.5192385022110062,0.23595556873812615,0.2448059290508676
443e0c3f3b5ee8993cb6247b,2022-11-05,lightweight,Submission,0.6150170609831627,0.2288444631591063,0.1561384758577309
ad031ee4e83f763ae7e5c2c5,2022-11-05,bantamweight,Decision,0.536152840634773,0.23287225828399627,0.2309749010812307
85d5c7447efef749dd381282,2022-11-05,womens_strawweight,KO/TKO,0.5405064890229763,0.32192669547809794,0.13756681549892585
d98a3449d656417386274448,2022-11-05,bantamweight,Submission,0.5248067836663391,0.30580604147018814,0.1693871748634726
67bf0adfb4a72e6d1d0816f4,2022-11-05,womens_flyweight,Decision,0.558334855115286,0.26500008789413604,0.17666505699057794
7d63d3e966fba6336272ecea,2022-11-05,welterweight,Submission,0.5921596657515682,0.3022185502029571,0.10562178404547476
7d171beb120b8d9b085f3e3c,2022-11-05,womens_strawweight,KO/TKO,0.5714318463018422,0.20083352438095586,0.227734629317202
f6116b016fd15f3896db959f,2022-11-05,flyweight,Submission,0.6141027040298037,0.24806662915283562,0.13783066681736067
d752a82ef0612c0a2c486058,2022-11-05,womens_bantamweight,KO/TKO,0.5934729146976017,0.23628325202700806,0.1702438332753903
8aa99b2cd9574bce2a5476f0,2022-11-12,middleweight,Decision,0.45462956094976414,0.2847048888933614,0.2606655501568745
57a461274144d12c6cfaa424,2022-11-12,lightweight,Submission,0.5675393658803424,0.2676165378808341,0.16484409623882354
c2dc5cbd59cfdf863d8c6b7c,2022-11-12,womens_strawweight,Submission,0.561096444857169,0.29727519415525083,0.14162836098758017
8a2af618f9bb8c2582583f47,2022-11-12,light_heavyweight,KO/TKO,0.44157347268978436,0.43662738672602563,0.12179914058418995
e85b565475987e455e539476,2022-11-12,lightweight,KO/TKO,0.4474171014788115,0.3180377860356714,0.23454511248551702
66f2c5674043221ca0434043,2022-11-12,light_heavyweight,KO/TKO,0.3376732531507767,0.4907221387252857,0.17160460812393774
ed6cea9fd841f86133410b45,2022-11-12,lightweight,Submission,0.44885001782287637,0.3886520313562007,0.16249795082092294
f9d00f1cc1b81acb25c5ad95,2022-11-12,womens_flyweight,Submission,0.6723628094228421,0.194435594834273,0.13320159574288493
89753c38b68f7526bf9e58a8,2022-11-12,bantamweight,KO/TKO,0.5898299958420681,0.30199823250309105,0.10817177165484085
b17854bdc5ac75cdebdebfc7,2022-11-12,middleweight,KO/TKO,0.465695128754807,0.4343253151898392,0.09997955605535373
bb48fbeed91a2ae16e631b45,2022-11-12,bantamweight,Decision,0.5892881897390781,0.2928817401913132,0.11783007006960865
52729424a8db9c8e560906f5,2022-11-12,womens_strawweight,Decision,0.5430339238894342,0.3282946205545653,0.1286714555560006
4f56ea61b8260643a03879bd,2022-11-12,lightweight,KO/TKO,0.4330383697854499,0.4114787806392504,0.15548284957529948
a29b34f3eb27fd13d76b11fa,2022-11-12,featherweight,KO/TKO,0.5960242601164875,0.2645913287957729,0.1393844110877397
d405e854a32224bcc4db5e45,2022-11-19,welterweight,KO/TKO,0.436849894830706,0.41831055880762624,0.14483954636166782
65a1d86b89e2470e1e3db15b,2022-11-19,bantamweight,Decision,0.5806504789031413,0.2547804680198604,0.1645690530769983
a610b8fe21dd433dd33fd822,2022-11-19,flyweight,Decision,0.6412812302016828,0.22121710581998527,0.13750166397833194
119695682640f1374d5c064b,2022-11-19,heavyweight,Decision,0.5360960478826657,0.3722036419224661,0.09170031019486823
134f4d4a92ff0f23596749a8,2022-11-19,welterweight,KO/TKO,0.3980741939799017,0.46959939757488084,0.1323264084452176
076a794451db2a52b98c2309,2022-11-19,womens_flyweight,Decision,0.643380789701022,0.21089572605097862,0.14572348424799927
7c2cbb3580dd05ab14dfada5,2022-11-19,light_heavyweight,KO/TKO,0.4034882444126214,0.47576719153260816,0.12074456405477048
9893e9ce7e58dd73dc5255ef,2022-11-19,womens_flyweight,KO/TKO,0.5876693202296062,0.2554352853322302,0.1568953944381636
08cc9cab63281c265de6127d,2022-11-19,bantamweight,Decision,0.5670086102094926,0.28804833569250016,0.1449430540980074
2f3fc3172d73cddfd573aa40,2022-11-19,womens_strawweight,Decision,0.6371739533322065,0.19813908006489014,0.1646869666029034
630502317483ca9c43c50cad,2022-11-19,bantamweight,Decision,0.6148068803613269,0.2800236329780139,0.10516948666065921
cb2b679c92bd80ebf4dce030,2022-12-03,womens_strawweight,Decision,0.7050946186292092,0.18944995303876017,0.1054554283320306
e884d59713242b5e40c18426,2022-12-03,welterweight,Submission,0.5921927094104934,0.2906635137861673,0.11714377680333932
78078a06b6123519e6e6389d,2022-12-03,lightweight,Decision,0.6098233089193723,0.2574181131890981,0.13275857789152953
b4ddf766033e81d0119cb1e7,2022-12-03,featherweight,Decision,0.49115072954647937,0.32340517292920085,0.1854440975243197
b2b4ba541349261a5183a952,2022-12-03,middleweight,KO/TKO,0.5801078051469772,0.25600192733492577,0.16389026751809707
fbe2eacc0874d97394ea1832,2022-12-03,middleweight,KO/TKO,0.44847394089119047,0.35705960177242724,0.19446645733638232
ce3faf675b6078ae06995f59,2022-12-03,featherweight,KO/TKO,0.5020453242180833,0.31642922278941676,0.18152545299249995
4dac47d315d1aca95332a102,2022-12-03,flyweight,KO/TKO,0.5183743461491604,0.29461209659508103,0.1870135572557586
cfc93cd8941fdfe5321696d6,2022-12-03,lightweight,Decision,0.5831780688492372,0.3036186212605051,0.11320330989025774
4f162c7c30d92fff90d239d6,2022-12-03,lightweight,Decision,0.5225227567557916,0.3164633955508028,0.16101384769340563
6896a8bee73ed65ceb61e90d,2022-12-03,welterweight,KO/TKO,0.39949149086827884,0.4147003328963953,0.18580817623532583
3df0cd81dd767dedc14ec088,2022-12-03,welterweight,KO/TKO,0.4405882548107713,0.4283413744656663,0.1310703707235625
ffaaa6810e903c894557c687,2022-12-03,heavyweight,KO/TKO,0.3244433341700746,0.5513927895737978,0.12416387625612761
69d8f51a708f4a602eb6b066,2022-12-03,womens_strawweight,KO/TKO,0.6191301331671777,0.24066389360019305,0.14020597323262918
d685375c090e0b3ac4d13d51,2022-12-10,featherweight,KO/TKO,0.468992881415881,0.34739209617274514,0.18361502241137378
97918cbcbe4b3af27679dc76,2022-12-10,featherweight,Submission,0.4580754952919161,0.3176294253211766,0.22429507938690718
195a4a25edefbdee1978add5,2022-12-10,bantamweight,KO/TKO,0.3943758766554697,0.3159832574291543,0.289640865915376
f41619679889d65542ce470d,2022-12-10,middleweight,KO/TKO,0.4548220592118708,0.42098840757234907,0.12418953321578009
898f396f3f2e781708ad4221,2022-12-10,middleweight,Submission,0.5888129287961196,0.3100308232044174,0.10115624799946306
89ac380a2e7df762e9960bef,2022-12-10,middleweight,KO/TKO,0.44805305511076465,0.386807364861911,0.16513958002732423
6f83248ed364da425ac6e6b5,2022-12-10,heavyweight,KO/TKO,0.3211136845682421,0.5614086890455078,0.11747762638625019
220fc84b9439edce53facd04,2022-12-10,lightweight,Decision,0.40852867576772195,0.3154093401408406,0.2760619840914374
c21d7cb712ee6288e115f864,2022-12-10,bantamweight,Submission,0.5022008576670932,0.31017848291747335,0.1876206594154333
11988bf1857ae4bc7fc9fc71,2022-12-10,catch_weight,KO/TKO,0.589856120460958,0.30042037311505887,0.1097235064239832
6cac8e9e2664ec7c35a78b87,2022-12-10,featherweight,Submission,0.42856791997678423,0.2943037708360531,0.27712830918716275
18932712ef980754aa8ea7d5,2022-12-17,featherweight,KO/TKO,0.5237845061638517,0.301139278088259,0.17507621574788929
a908a1420ff1d9f94575f943,2022-12-17,flyweight,KO/TKO,0.4658872300279697,0.2956678281501481,0.23844494182188217
bbc491df17960bb5bff6b31e,2022-12-17,lightweight,Decision,0.6228526169645601,0.2634180109873473,0.11372937204809262
0c96e42f32a09a794ddebc39,2022-12-17,welterweight,Decision,0.5743246860308092,0.2832300339908506,0.14244527997834033
fc2b431ca6e0290539b9ecfb,2022-12-17,womens_strawweight,Decision,0.6198680769604913,0.20473022535696164,0.17540169768254704
376d706e7b1fffd65da0244c,2022-12-17,middleweight,KO/TKO,0.3820414729544396,0.4052058678408313,0.21275265920472916
62c857b47d6eb83bf9f679d1,2022-12-17,flyweight,Decision,0.5041098570184209,0.35296342012162846,0.1429267228599505
8b3108a9d38cc348b9ee1402,2022-12-17,lightweight,KO/TKO,0.5085182964050242,0.35477302090932816,0.13670868268564768
708385da1df75bfa8783285c,2022-12-17,welterweight,Decision,0.4897564232006082,0.3599439906112339,0.15029958618815784
62df437ecc82bbfb87460bdf,2022-12-17,middleweight,Decision,0.47417711187723155,0.4131131431788645,0.11270974494390383
b09e70f040d7ee1dc6260cd4,2022-12-17,lightweight,Decision,0.46491444208923366,0.3766317408398297,0.15845381707093675
71ea7cae81899e81d9ce58fe,2022-12-17,bantamweight,Submission,0.5391856110088785,0.2546759265887184,0.20613846240240316
9560c9fd3964613752555ddd,2022-12-17,bantamweight,Decision,0.6080969447164735,0.2527511499823592,0.13915190530116733
c1e71d1d9adb482155fb773f,2023-01-14,flyweight,Submission,0.5589055445064053,0.25185863798645747,0.1892358175071373
d0381b088b9a49444821f7b5,2023-01-14,flyweight,KO/TKO,0.46338337253576206,0.26694309314119996,0.269673534323038
473cb05603e509a4bfc9c579,2023-01-14,middleweight,KO/TKO,0.4009256418698118,0.43229860924710933,0.16677574888307894
24f815b1e2137e2461a6637f,2023-01-14,featherweight,Decision,0.4773525077217543,0.297118615135604,0.22552887714264172
f458bcba7703f48484dfacf4,2023-01-14,featherweight,KO/TKO,0.5547496423262226,0.24932661732330708,0.19592374035047047
483b08fc27731ad0a87cdc0e,2023-01-14,bantamweight,Decision,0.5174566665024323,0.31873678195672733,0.16380655154084037
ec208d732aca7f0b1f0f698d,2023-01-14,womens_bantamweight,Decision,0.662337518082195,0.19958729600579378,0.13807518591201115
52d6bc7e6509310031ed4ffe,2023-01-14,lightweight,Decision,0.4029234960530762,0.3178217259736954,0.27925477797322834
c80a716a5e04319dc22d6f21,2023-01-14,middleweight,KO/TKO,0.5344769215928666,0.34705475238831324,0.11846832601882008
e38165574d6bfd63d4e79446,2023-01-14,light_heavyweight,Decision,0.41593251670851616,0.427341011443806,0.15672647184767802
e2ebd640cdbbcc28ca2e8743,2023-01-14,bantamweight,KO/TKO,0.5812584992465393,0.2504143459614654,0.16832715479199542
c571321ad6d07f540414f93f,2023-01-21,flyweight,KO/TKO,0.43042907802654684,0.3905965939875818,0.17897432798587132
1879c14c12351601569b29a1,2023-01-21,welterweight,Submission,0.48843474099423145,0.3597314458637316,0.15183381314203695
f709c650ce5f7a1d36b7501e,2023-01-21,welterweight,Submission,0.5882895354208404,0.2796361849288822,0.13207427965027732
2b19d65e695d66ba7d5f52dd,2023-01-21,light_heavyweight,Decision,0.27543796966393097,0.5461557915818204,0.17840623875424877
67ced6d3bcd5f9cff7b178ae,2023-01-21,middleweight,KO/TKO,0.40084178403759946,0.41578030117691966,0.183377914785481
a292c3204c848fc795af4c9b,2023-01-21,lightweight,KO/TKO,0.35885132380189066,0.3093488017491589,0.3317998744489504
7b9b0213d00e3e62562edc0e,2023-01-21,womens_featherweight,Decision,0.48470460642977586,0.3628036730627426,0.1524917205074815
2d3203b53911c02b06b5c3d3,2023-01-21,womens_flyweight,Decision,0.6179400988507926,0.2507864740723172,0.1312734270768902
88c05dde0cfbbe4c9eece03b,2023-01-21,bantamweight,Decision,0.5023680960328475,0.3317915223068758,0.16584038166027668
c20db3255eb0b21fa2aab9f9,2023-01-21,light_heavyweight,KO/TKO,0.38166178420155544,0.48862977694995396,0.12970843884849045
7ba2b9a199192a87d60f6838,2023-01-21,light_heavyweight,KO/TKO,0.2974157927622499,0.4442190325287925,0.25836517470895765
170c5bb7b9800aa0cb5760fd,2023-01-21,bantamweight,KO/TKO,0.43366184762350435,0.28030779243497156,0.286030359941524
f8fe5853ba92aa1d4941f315,2023-01-21,heavyweight,KO/TKO,0.29626882209402156,0.43492773379607585,0.2688034441099026
a35835c41d69a4aa0cc51950,2023-01-21,lightweight,Submission,0.4609319398683084,0.2830680606278242,0.2559999995038674
f78c5d74308eea6a9b237336,2023-01-21,welterweight,Decision,0.5687386125432217,0.2885937272809083,0.14266766017586996
4379c427241e16c5c42ff97a,2023-02-04,light_heavyweight,Decision,0.39193494744745183,0.44838923807811415,0.15967581447443402
fb3ccccef9c44cd3f44a1d43,2023-02-04,heavyweight,Submission,0.29410343720001264,0.5721166375175819,0.13377992528240537
e58678b9928dcd7e2a89b900,2023-02-04,lightweight,KO/TKO,0.4029234960530762,0.3178217259736954,0.27925477797322834
5ffe7cef56c8e5dc2a3b0312,2023-02-04,featherweight,Decision,0.4029234960530762,0.3178217259736954,0.27925477797322834
c06582e8c3186fa75ccd836a,2023-02-04,middleweight,Submission,0.43504459825525066,0.40471112113888663,0.1602442806058627
5eafd2114e06744c7808d3eb,2023-02-04,heavyweight,Decision,0.5512892531071647,0.3526351261246726,0.09607562076816267
c55aa74790a7618ed08e5e86,2023-02-04,flyweight,Submission,0.4029234960530762,0.3178217259736954,0.27925477797322834
667af8ef779c3de51b6ca32c,2023-02-04,flyweight,Submission,0.3754764856835975,0.2564499379637776,0.368073576352625
92ddbc29697faa23279ea2aa,2023-02-04,bantamweight,KO/TKO,0.4029234960530762,0.3178217259736954,0.27925477797322834
c0dbc7dac4a69fdfa7b8a7e5,2023-02-04,welterweight,KO/TKO,0.45408990614550604,0.3600343378120078,0.1858757560424862
e3a6a92a6b4c14140c0f5668,2023-02-11,lightweight,Decision,0.5349781790017768,0.289207905477759,0.17581391552046413
8e99069a041aef3a93ceeef4,2023-02-11,welterweight,Submission,0.38282470958969106,0.44623131375401576,0.17094397665629316
9ac871fd5b77a57cde66e145,2023-02-11,featherweight,Decision,0.4383375480055137,0.3227090782783156,0.23895337371617068
128eedfd624aae6d0ee3489b,2023-02-11,lightweight,Decision,0.4473315588015873,0.3848410765509301,0.16782736464748263
3138bab08e28eac977aae47b,2023-02-11,featherweight,Submission,0.5916411637895291,0.28117446503655175,0.1271843711739192
8e0261939b3d9069a93806f4,2023-02-11,heavyweight,KO/TKO,0.40640269699035847,0.4650822016561261,0.12851510135351527
4becbd5521ee229580343aec,2023-02-11,womens_strawweight,Submission,0.6597750262541866,0.21111867862255645,0.12910629512325691
50535e74ff87ae17e1c4af13,2023-02-11,featherweight,Decision,0.4633317515311861,0.38765486880727257,0.14901337966154143
39b8a2a3689793a61bd1f93d,2023-02-11,flyweight,KO/TKO,0.47779236217431825,0.30760851009994516,0.2145991277257365
352db25f95df258b62afd7f3,2023-02-11,light_heavyweight,Decision,0.3231570073701357,0.49259066990139555,0.18425232272846875
e2a5ee873106609aef8b7d36,2023-02-11,featherweight,Submission,0.4875124340329499,0.38365236354451,0.1288352024225402
3f5d726191be802693a573f0,2023-02-11,lightweight,Decision,0.4492466454324979,0.3650028517292407,0.1857505028382613
9d14cb3c9c8fd9e831cb2b86,2023-02-18,welterweight,Submission,0.45948486004683076,0.32597471628142066,0.21454042367174858
a36fcfd26910843e21b34572,2023-02-18,flyweight,Submission,0.43685917751695486,0.3532152188537898,0.20992560362925528
47e078d89d36a38676c579fa,2023-02-18,featherweight,Decision,0.4909260548344694,0.31775967719578047,0.19131426796975004
389d6b8640bdfa2549c1e3fb,2023-02-18,womens_flyweight,Submission,0.42748032546969333,0.3128994279995862,0.25962024653072036
05ce260e041a2605c602d2d6,2023-02-18,lightweight,Decision,0.3950497091906631,0.31714974703580745,0.28780054377352954
7cdd2df80d6a6c593a282b52,2023-02-18,light_heavyweight,Decision,0.3158531204897249,0.5177316865650206,0.1664151929452546
33ac9685a2515b76f149fc89,2023-02-18,heavyweight,Decision,0.39446879319747685,0.46838160164397746,0.1371496051585458
73b63059d90c2960c03c75b9,2023-02-18,womens_bantamweight,Submission,0.583698520526461,0.22738132903876498,0.18892015043477398
92dbac7a52867e46b35fafbb,2023-02-18,lightweight,KO/TKO,0.48166083979904883,0.30458377504525685,0.21375538515569426
a4d636f7490aa62d4f569a1a,2023-02-18,light_heavyweight,KO/TKO,0.4731581386644878,0.37996342647178194,0.1468784348637302
a77ddc24d18d055941c6bf15,2023-02-18,light_heavyweight,Decision,0.3960072804013301,0.47490226317937434,0.12909045641929545
f489e5bd58bfc35f1f4419cb,2023-02-25,middleweight,Submission,0.4072991220738115,0.29859029229659856,0.2941105856295901
758f1c497bf18e82210ab5c3,2023-02-25,heavyweight,Decision,0.5370896093955789,0.361043224574473,0.10186716602994811
5c80a7b04497ad5ee2bddd57,2023-02-25,lightweight,KO/TKO,0.44591493899011103,0.338687222165276,0.21539783884461294
3fec13ee85d7f9983960b3cc,2023-02-25,womens_flyweight,Decision,0.5717735938569387,0.23610179211400298,0.1921246140290583
0176ced8c9d94d30a64e4a7a,2023-02-25,lightweight,Submission,0.4369660270698128,0.29193741220054753,0.27109656072963967
cf7adf6d36d1b08cd9d8d30f,2023-02-25,lightweight,KO/TKO,0.41997156081889103,0.3372515854045424,0.24277685377656663
b8372e22cddbfa48ea909485,2023-02-25,welterweight,Submission,0.4402343999379627,0.3849888118028157,0.17477678825922174
6b4e4ea9b801548615975cd1,2023-02-25,catch_weight,Decision,0.3880679431801564,0.45595858406032436,0.15597347275951917
6ea6168d8e84815d2134058f,2023-02-25,lightweight,Decision,0.40828061275638444,0.33852483347587925,0.2531945537677363
fc0acba87af9f8c76a7e2940,2023-02-25,womens_flyweight,Submission,0.6071822826497999,0.18468137802933243,0.20813633932086775
ddddb220f603a1df3e1e0161,2023-03-04,middleweight,Submission,0.46771608014168514,0.3521203559791957,0.18016356387911894
72321c6bbe98eff02e4095f8,2023-03-04,bantamweight,Decision,0.5529368678239907,0.33488654607845686,0.11217658609755247
cc0b7fa4194f7f6e6d3a39f1,2023-03-04,bantamweight,Decision,0.4029234960530762,0.3178217259736954,0.27925477797322834
85fe8793909e6952c9f78f00,2023-03-04,middleweight,KO/TKO,0.4185421938616018,0.3931466416622265,0.1883111644761718
7363e41d86228b1d3ccb37ac,2023-03-04,lightweight,Decision,0.4029234960530762,0.3178217259736954,0.27925477797322834
4e033da568b46a961139d1ab,2023-03-04,welterweight,Submission,0.4035943875264496,0.37518061991432056,0.22122499255922984
d3cfb0d2b891ff38ada976af,2023-03-04,welterweight,KO/TKO,0.43384388739472063,0.4353686887431051,0.1307874238621742
cbd06542b2b208df53fd406c,2023-03-04,womens_strawweight,Submission,0.6623746404523704,0.21130212882592117,0.12632323072170837
c3f3ab3581e4101201417c58,2023-03-04,heavyweight,Submission,0.4153396372193237,0.4697470373898897,0.11491332539078651
9314741277e5a546928ec867,2023-03-04,middleweight,KO/TKO,0.4234221962842613,0.30809923673361317,0.26847856698212547
483a44eda1de7ba858e8ac87,2023-03-04,bantamweight,Decision,0.5662514619962126,0.3074961929440331,0.12625234505975433
ec001e69e1a671cb55343f5d,2023-03-04,lightweight,Decision,0.4269999647498628,0.34198934532101977,0.23101068992911739
79f6fa67f74ca1d1eceb89f0,2023-03-04,womens_flyweight,Submission,0.594027017284297,0.2637251880404589,0.14224779467524407
ae1d2e42c74ebe569b8bf839,2023-03-04,womens_flyweight,Decision,0.6498448366919438,0.1889056010466413,0.16124956226141487
2c3d9b8cf266f7d87b21947a,2023-03-11,heavyweight,KO/TKO,0.476009776973231,0.3739072953721136,0.15008292765465547
28667af2ecff9e735860e563,2023-03-11,womens_flyweight,Decision,0.659449448539903,0.20671888757742835,0.13383166388266882
51fc827668838509328eca57,2023-03-11,welterweight,Decision,0.40371814358477937,0.4062100559451804,0.1900718004700403
02b6dc85938acd2c6dc76f32,2023-03-11,heavyweight,Decision,0.3966089029883416,0.44807157086552973,0.1553195261461286
5e42a3409698012174f55aa2,2023-03-11,bantamweight,Submission,0.47812199591984256,0.3266201370890676,0.1952578669910898
cc22e042a99a400b3b543787,2023-03-11,catch_weight,Submission,0.2557657635071318,0.4448858260760227,0.2993484104168455
4a7cf56c83980792658c3945,2023-03-11,bantamweight,Decision,0.5140168014774452,0.34429453047955083,0.14168866804300403
970d1a7858aa5b5c168bdb4a,2023-03-11,bantamweight,Submission,0.6059237544461552,0.288433672599729,0.10564257295411579
8c472cd93fff869b8c1659b3,2023-03-11,bantamweight,Decision,0.5092209111501542,0.3203067261532756,0.1704723626965701
57624421d747b53b6a9fce19,2023-03-11,middleweight,Submission,0.4275350604442628,0.3346062140542184,0.2378587255015188
121d895ec34c4ee500d71121,2023-03-11,flyweight,Submission,0.47057631691628937,0.3932880645456329,0.13613561853807776
39493c979c1bfbe357de6651,2023-03-11,bantamweight,Decision,0.5949468063176161,0.28088488816109447,0.12416830552128935
313274f54c13e378c9782b8c,2023-03-11,light_heavyweight,Decision,0.28811722940906304,0.5307531371700166,0.18112963342092037
3ef5192d293b633a47593b25,2023-03-18,lightweight,Decision,0.5029493822437319,0.3260327743918246,0.17101784336444348
67939b6e4ba8a035489881f7,2023-03-18,middleweight,KO/TKO,0.4024107968208429,0.4050747689077075,0.19251443427144962
ba6858c0646216e3a271c7f5,2023-03-18,welterweight,Submission,0.5598180320763277,0.27752737002429173,0.1626545978993806
a41a13deba0d06034c0c24a0,2023-03-18,featherweight,Submission,0.49886060928216497,0.2683915921913889,0.2327477985264461
be9e3b6594a545c5ece02333,2023-03-18,flyweight,KO/TKO,0.4357604390357336,0.2854468716013474,0.27879268936291896
bd93d7b8110bf0a192791038,2023-03-18,womens_flyweight,Decision,0.6362572629511254,0.1974709258310824,0.16627181121779225
aba38730016b8b0777777ee5,2023-03-18,womens_flyweight,Decision,0.6256977068338192,0.21410609857819715,0.16019619458798362
a445f6f894e3074c43e9960f,2023-03-18,womens_flyweight,Decision,0.4959074985981847,0.24533209233880454,0.2587604090630108
0204fb629e0e6e99f3a62ea5,2023-03-18,lightweight,Decision,0.4886022225714955,0.38258859257120026,0.12880918485730422
a1b6f8d2aeb238711fe9cd1a,2023-03-18,welterweight,Decision,0.5137211397701097,0.3436885511630853,0.14259030906680495
a9bd37ea947df11dfb5e63f7,2023-03-18,featherweight,Decision,0.4139890928119017,0.37216302312804644,0.21384788406005178
bd7c4c65dd0660d691a5b7ad,2023-03-18,middleweight,Decision,0.5320696082952021,0.3075212702652681,0.1604091214395297
e95f3b99a35f4827b821860d,2023-03-18,flyweight,Submission,0.4502107268392402,0.29324092389605905,0.2565483492647007
759b5432bb0e95fb6e5a4cad,2023-03-18,lightweight,KO/TKO,0.4029234960530762,0.3178217259736954,0.27925477797322834
c1d7d7ce041d52e09d7193c7,2023-03-25,womens_flyweight,Decision,0.6193547362952075,0.2358134382612383,0.14483182544355422
034e224915320f869f1dba0a,2023-03-25,middleweight,Decision,0.40757355605615747,0.3653626419956982,0.22706380194814435
717be830f10bc6172050d1e0,2023-03-25,flyweight,KO/TKO,0.4853921302492999,0.3501050504996501,0.16450281925105004
fb68a3891e073458dc6aaa5f,2023-03-25,featherweight,Submission,0.5288601884562615,0.26216549250257215,0.20897431904116645
b4bcc9e8264244b410d7df4f,2023-03-25,womens_bantamweight,Decision,0.6570136987995622,0.2171247741220378,0.1258615270784001
84ded834631bc85d1a979066,2023-03-25,bantamweight,Decision,0.46999213443118604,0.38052221706121775,0.14948564850759624
3932764824c5a65f4ea80b0a,2023-03-25,featherweight,Submission,0.5828198217145122,0.26707273279966554,0.15010744548582225
3da110d1cd53964797f27c55,2023-03-25,featherweight,Decision,0.48335233203447203,0.32547308862050006,0.19117457934502796
bc34061f7585c8cb754582fc,2023-03-25,welterweight,Decision,0.43656675600999617,0.3290826287440433,0.23435061524596057
d8bf04bd476c5def9385b3ed,2023-03-25,flyweight,Decision,0.4196443114415654,0.4018355027549947,0.1785201858034399
090d5cdefe42617fa644a06f,2023-04-08,middleweight,KO/TKO,0.4664423224103702,0.4309724360807217,0.10258524150890809
f4262813b91eccfae338f71f,2023-04-08,middleweight,Decision,0.5713540625009292,0.32493700036575596,0.10370893713331482
b3e3b5f129a63fb2038e58ed,2023-04-08,womens_strawweight,Decision,0.641328609138136,0.18366458828541016,0.17500680257645376
30c5225ba53208cd76437d3b,2023-04-08,middleweight,KO/TKO,0.34687898868742384,0.4075673479683362,0.24555366334423998
50f3bfb5121b7b06fdb05de0,2023-04-08,welterweight,Decision,0.5731177881441587,0.2923400251332239,0.13454218672261745
a3cc4d0be0f091345c0e83cd,2023-04-08,catch_weight,Decision,0.5571378856454393,0.25731946023595015,0.18554265411861046
186919d4a2872e5c626d87b8,2023-04-08,womens_strawweight,Decision,0.5680188690602587,0.2699417832839972,0.16203934765574424
50677f1bf973ddd98ff7be61,2023-04-08,welterweight,KO/TKO,0.5574097506100798,0.3193199972817243,0.12327025210819598
5bf9cd7d305f8634d4423b73,2023-04-08,womens_strawweight,Decision,0.6345108229601523,0.2079554687116928,0.15753370832815491
542ab5e1dd01c45dbe923832,2023-04-08,bantamweight,Decision,0.3794212686920192,0.26273697076375907,0.35784176054422173
cb56c19233738e3f99fb0b06,2023-04-08,bantamweight,KO/TKO,0.47436189859030753,0.39603927451033577,0.12959882689935687
7941baf2f9c14b9bc5dc6877,2023-04-08,featherweight,KO/TKO,0.4262217773837918,0.3881058599085764,0.18567236270763182
536fc9ff4143a7f0ef5213e4,2023-04-15,bantamweight,Decision,0.4639729889682293,0.3083539675499093,0.2276730434818614
58d7a5e6018b4265e7a4b16d,2023-04-15,featherweight,Submission,0.5716559514880047,0.24303381603334384,0.18531023247865144
f5d38b8d75c4c47b6cad6b69,2023-04-15,flyweight,KO/TKO,0.44740601710810524,0.3054175281591302,0.24717645473276467
7b3a87bcfdaf6184fa346634,2023-04-15,womens_strawweight,KO/TKO,0.5003952430303414,0.22143278782660775,0.2781719691430508
305a994660d1f7aefbc2d278,2023-04-15,lightweight,Decision,0.5980505572817898,0.25346153024366397,0.1484879124745462
8aa967b47782f05988eede93,2023-04-15,light_heavyweight,Decision,0.3854352460845045,0.5116336107509251,0.10293114316457036
e32814b20fa0d61f9191d8d6,2023-04-15,featherweight,KO/TKO,0.5483241685633732,0.30514373194513267,0.14653209949149412
2df2b28eed63b6044ceb774a,2023-04-15,womens_strawweight,Submission,0.6082236879130976,0.19787673543681175,0.19389957665009072
6576e21f61790cd99298296d,2023-04-15,womens_bantamweight,Decision,0.6428025765945188,0.21319219303266201,0.14400523037281912
fc2939e831f145899a2e2a1e,2023-04-15,lightweight,Decision,0.5875960897523529,0.28695223985647805,0.12545167039116903
8585d2f9c10439b3ae1c6def,2023-04-15,featherweight,Decision,0.5107371546997405,0.3493489055279136,0.13991393977234592
715f478ae35da582d9f2f26f,2023-04-15,bantamweight,Decision,0.5853511917711143,0.2925736973835614,0.12207511084532434
a3b645cd303899e532cb969f,2023-04-15,light_heavyweight,KO/TKO,0.3705027340856693,0.5073461047370569,0.12215116117727386
4c702db73869ec0f411cd286,2023-04-15,light_heavyweight,KO/TKO,0.40724567541519413,0.4010792679978614,0.19167505658694436
99f50e21f3c2b8fb41bfe804,2023-04-22,middleweight,KO/TKO,0.5674946509408866,0.32613464751906396,0.10637070154004949
379db5a242315cc0331f6ab9,2023-04-22,bantamweight,KO/TKO,0.5547434955285427,0.299289535635501,0.14596696883595628
42d8de57f8ac25ae0a59af37,2023-04-22,featherweight,Decision,0.4958566652824212,0.3342894525479574,0.16985388216962138
69df5f5db0fe03de6d83eeb9,2023-04-22,womens_flyweight,Decision,0.6390661902586905,0.20701678953571254,0.15391702020559697
ebbd9b0e418daaecd3a5147b,2023-04-22,welterweight,Decision,0.4106488666940983,0.4133877855513517,0.17596334775454997
a81b666d9fea33d5a4e4e227,2023-04-22,womens_featherweight,Decision,0.6636450893766679,0.2066752518355835,0.12967965878774876
15793bfec6a8406b59adf881,2023-04-22,heavyweight,Decision,0.28245852218086964,0.5360186001798893,0.18152287763924105
cf2e08d1a2de456001218fbc,2023-04-22,bantamweight,KO/TKO,0.5414602842660792,0.2634803240134265,0.19505939172049436
2d07b591baacde698e40eca7,2023-04-22,lightweight,KO/TKO,0.5933977023643352,0.25614110173590743,0.15046119589975737
d0f44949b918faa8a43733f9,2023-04-22,heavyweight,KO/TKO,0.28635924936161095,0.5985715745473807,0.11506917609100827
64bd164890b13ccd6152e1f3,2023-04-29,middleweight,Submission,0.4599270920001632,0.3587473322343488,0.18132557576548805
382d5f5de3ab9af93ca82b63,2023-04-29,flyweight,Decision,0.5174179844972033,0.3455669067114192,0.13701510879137752
e74e0fcfe591662c36de0f91,2023-04-29,womens_bantamweight,Decision,0.4641599598711272,0.2710817010674821,0.26475833906139085
9404efffd14ae8bc7d0dad29,2023-04-29,welterweight,Decision,0.33751830206631056,0.48218477706135476,0.18029692087233468
361d3b8343a3062df1f20add,2023-04-29,catch_weight,Submission,0.36202868246549735,0.4199774631103844,0.21799385442411817
209f89bb364ad65d94f93f8c,2023-04-29,featherweight,KO/TKO,0.4637493219047923,0.33924905772289093,0.1970016203723168
de2dcd0f2af8b8f8855a9ee1,2023-04-29,heavyweight,Decision,0.44259554820974184,0.4029931654588555,0.1544112863314026
79b7440c98a3fe7209a2b6c5,2023-04-29,heavyweight,Decision,0.5224475537141782,0.34716100668712885,0.13039143959869298
a482e08e398790dbc62aab8b,2023-04-29,middleweight,Submission,0.4141597501128039,0.293027839266675,0.29281241062052105
996883e37beff1a1ac3bb2d5,2023-04-29,bantamweight,KO/TKO,0.5201518957915815,0.3215261693789432,0.15832193482947532
c0f12ad7885173fca8c8dadf,2023-04-29,womens_bantamweight,Submission,0.4718236489250674,0.23657066774843158,0.291605683326501
8cc6c1a80c3b3e78fc639607,2023-05-06,bantamweight,Decision,0.5148316690377933,0.34686800564992726,0.13830032531227945
8f175dda24ee4d5ed157611f,2023-05-06,welterweight,Decision,0.5168450347377405,0.34675240433408583,0.13640256092817374
38e28862ab0d408ffcf40da9,2023-05-06,heavyweight,KO/TKO,0.3952522451316737,0.4626455504005261,0.14210220446780022
ac89ad183f32d054d164ee0c,2023-05-06,lightweight,KO/TKO,0.45617503838331963,0.3922519649809102,0.15157299663577004
ef1bf09246b82fc675505721,2023-05-06,womens_strawweight,KO/TKO,0.6854183732099459,0.1952581516994257,0.11932347509062836
b96182f98b3de52de631a16b,2023-05-06,middleweight,KO/TKO,0.4124885665541886,0.36334899486549804,0.22416243858031337
2db72ca1fb0fdb7fffe3a93f,2023-05-06,light_heavyweight,Submission,0.5337925465635699,0.36557636035678104,0.10063109307964901
c5ebf8e79324e5939125f9ad,2023-05-06,welterweight,Decision,0.39304496696420455,0.4516353488457962,0.1553196841899993
3e2e956ecc31c21affc1243d,2023-05-06,featherweight,Decision,0.46053349553515577,0.2852333715051086,0.2542331329597356
023c4ee9d811ea4e3c8b11fa,2023-05-06,womens_strawweight,Decision,0.6381180635259385,0.2088469399901252,0.15303499648393634
0675c46166735f4643081ce6,2023-05-06,featherweight,Decision,0.5447512799041965,0.29642605305187136,0.15882266704393214
3d3bc5c58bede42fd36c2efb,2023-05-06,middleweight,KO/TKO,0.45709970391499355,0.39602518484725885,0.14687511123774755
73f39af8d610478efc1c33d2,2023-05-13,light_heavyweight,Decision,0.3366752672648394,0.4981081010372083,0.16521663169795234
7a5e52cdf64699c40ca7635d,2023-05-13,welterweight,KO/TKO,0.5371748814698806,0.32504949771171987,0.13777562081839959
8ea417e09eac08a2ad3fe828,2023-05-13,light_heavyweight,KO/TKO,0.3175391585158857,0.5481402640308182,0.13432057745329606
f4ebeab135e8d5bb06730df8,2023-05-13,catch_weight,Decision,0.6307739304077699,0.25391914873942,0.11530692085281002
bcb161a3c9d9e2a50a8e2857,2023-05-13,welterweight,KO/TKO,0.5349997104845389,0.35049851044638963,0.1145017790690715
74a34d39413c8f931bad1e28,2023-05-13,heavyweight,Submission,0.23100307272892084,0.5330362325414391,0.23596069472964018
f166d8ac6a457943bfe528eb,2023-05-13,womens_bantamweight,Submission,0.5679176098194774,0.2700719288562262,0.1620104613242964
2d1948b604cc1d52072429d7,2023-05-13,womens_flyweight,Decision,0.6427059153402577,0.21498495879704427,0.142309125862698
7eb37ee4f1b3f74a15b948a6,2023-05-13,heavyweight,Decision,0.5383042033399686,0.3539993860097176,0.1076964106503138
90d417de02b6d71ffa660d3f,2023-05-13,welterweight,KO/TKO,0.5127244166340967,0.27530935521215816,0.21196622815374513
834f2fa194fc1425e6d5a51f,2023-05-13,welterweight,Submission,0.5474031578429853,0.32834979341455844,0.12424704874245632
9dea78b803a1d3cbffb84573,2023-05-20,welterweight,KO/TKO,0.41625942101065394,0.4358945344558617,0.1478460445334844
d5f1029bfe5ae4808dbdeb8b,2023-05-20,lightweight,Decision,0.5312422503219768,0.2680812808353399,0.2006764688426832
583ed00e1a40f7bc24f0e7d7,2023-05-20,lightweight,KO/TKO,0.5077587574189371,0.3411908319996695,0.1510504105813934
a5c6f22d83c3a5cd1f37e6d1,2023-05-20,middleweight,KO/TKO,0.4075574473379939,0.32491340146862663,0.26752915119337944
19550019194953c70877b46a,2023-05-20,catch_weight,Decision,0.6206816505831153,0.23354373919527535,0.14577461022160934
618b7b63848dfb28d9e75658,2023-05-20,heavyweight,Decision,0.3676375955436159,0.4149489532146567,0.21741345124172742
4dad1eec32d230346a567d14,2023-05-20,womens_strawweight,Decision,0.6563903434707612,0.203588348506512,0.1400213080227268
f80948e2b2d88cf85d8f69c2,2023-05-20,womens_strawweight,Decision,0.5068554138285785,0.2974777751622664,0.19566681100915514
e14152d9d3bcd814f7a78595,2023-05-20,lightweight,KO/TKO,0.4303733837986713,0.4095364899413627,0.16009012625996608
7a892f12809c158957f4222c,2023-05-20,womens_flyweight,KO/TKO,0.6447256771222792,0.22360527109447287,0.1316690517832478
24d6f64dd1a9f4a00b60b172,2023-05-20,welterweight,KO/TKO,0.500724132183284,0.3240970485630537,0.17517881925366224
a9283fde7464f78285f35d4a,2023-05-20,welterweight,Decision,0.41697508775985614,0.4080402777635425,0.17498463447660134
8d2657059b80b7d256f63ce5,2023-06-03,welterweight,Decision,0.6088434876378783,0.27523285523543567,0.11592365712668613
c47c6d03bdb49b711c50f83c,2023-06-03,featherweight,Decision,0.4599697591248992,0.2875634179834855,0.25246682289161526
fbdb0f998a41190f2e544cb6,2023-06-03,heavyweight,KO/TKO,0.572478278531235,0.307225361770867,0.1202963596978979
211bd8ca31ce0bf9f809f926,2023-06-03,bantamweight,KO/TKO,0.5580417215048508,0.26473941633691583,0.17721886215823343
1f74546eab5290536943b881,2023-06-03,bantamweight,Decision,0.5643135866578403,0.2642711042308733,0.1714153091112865
43dc5779bee5d6e1feaf1211,2023-06-03,womens_strawweight,Decision,0.6447761261880877,0.2164529194676645,0.1387709543442479
b53d7181f6baa5828ee82925,2023-06-03,lightweight,KO/TKO,0.48871625089509974,0.34718774166405464,0.16409600744084563
eb35eda2f8e562604a3a6587,2023-06-03,lightweight,KO/TKO,0.4163508692704662,0.29980092755557947,0.2838482031739544
a2548db55f411224c2090a87,2023-06-03,bantamweight,Decision,0.47002118408534915,0.3335004558405451,0.19647836007410577
810ebf65cda6f08605d0dfb4,2023-06-03,flyweight,Decision,0.43910393710716494,0.36508412426705467,0.19581193862578036
ba64fa041a0a17289f7ec4aa,2023-06-03,womens_flyweight,Submission,0.46621749238227894,0.22154458090022008,0.31223792671750106
67fdbe55ae06879de2d3096b,2023-06-03,light_heavyweight,Decision,0.4844977874070161,0.41357073944796835,0.10193147314501562
e30468a3c5bcc4c5e6f074a6,2023-06-03,flyweight,Decision,0.5715954797897209,0.267573055291398,0.16083146491888098
41b34cfef0a3c136d4b18cf6,2023-06-10,bantamweight,KO/TKO,0.5989889703218093,0.2925338493284142,0.10847718034977648
2a7b20dea79359f48d7d2aed,2023-06-10,womens_bantamweight,Decision,0.523502782903243,0.3399531962948327,0.1365440208019243
1f2ee3d9684f952d35509047,2023-06-10,lightweight,KO/TKO,0.38926737077602214,0.2680057685884649,0.34272686063551283
74a471c2a8c54c1c590e1255,2023-06-10,featherweight,Decision,0.5684003361866331,0.2636073039511033,0.16799235986226366
dca56b74a39286560767984d,2023-06-10,flyweight,Decision,0.5078910164851217,0.3183067205678635,0.17380226294701487
fb60c604b16810077c6dce79,2023-06-10,womens_strawweight,Decision,0.650572429245268,0.21606393736382673,0.1333636333909053
753ef8a86a13c56c70328743,2023-06-10,featherweight,Decision,0.4620221978410423,0.34952116220824464,0.18845663995071296
bfe91c9408462da03caada04,2023-06-10,middleweight,Decision,0.5771533437655061,0.31408655336983227,0.10876010286466166
f6498a4788e114791bbae90c,2023-06-10,welterweight,Submission,0.34930543559595967,0.39443722996006103,0.2562573344439792
0830f25bd926d3257e23b2ff,2023-06-10,womens_flyweight,Decision,0.6562733489109143,0.20282417734727937,0.14090247374180628
b5479c9894d56b527aaf98e8,2023-06-17,lightweight,KO/TKO,0.5754965985415098,0.28528795738311563,0.13921544407537456
fa8e30b594409ffd405b94c7,2023-06-17,middleweight,Decision,0.4751818393324788,0.3842445406135078,0.1405736200540134
5de7511b539dc2f35627eeb4,2023-06-17,flyweight,Decision,0.48221482880731187,0.33057986107311477,0.18720531011957348
1553628079b91961f98be03a,2023-06-17,flyweight,KO/TKO,0.4422028080594352,0.2706463605739581,0.2871508313666068
1701803460c2492f8c88e6dc,2023-06-17,bantamweight,Submission,0.45607571375808315,0.3496636438065704,0.19426064243534646
5ea10d9b2508835213a7e16b,2023-06-17,lightweight,KO/TKO,0.4214893787346798,0.4181749125359928,0.16033570872932737
1ae6f24c34066c35e05a0ac5,2023-06-17,middleweight,Decision,0.46157489878216557,0.4090434311584799,0.12938167005935453
71155f2f38de2cef21d41ad4,2023-06-17,welterweight,Decision,0.6020430795439169,0.28387493746838627,0.11408198298769691
4afc828e854d71a980a4da1f,2023-06-17,featherweight,Submission,0.41352885649443993,0.3627945443227844,0.22367659918277577
1dc63941f97c2b53d6e7944e,2023-06-17,womens_flyweight,Decision,0.5778137060570779,0.20119447310316246,0.22099182083975963
b835ef106ba0d320989caaa9,2023-06-17,light_heavyweight,Decision,0.4330915304907308,0.4372354653997838,0.12967300410948546
9738dbbd12c022ab8c0244f4,2023-06-24,womens_flyweight,KO/TKO,0.6521472394127082,0.18598251723072964,0.1618702433565621
26d1929d5e6faf685d9524e4,2023-06-24,middleweight,Submission,0.38470912376248545,0.3770381360070856,0.2382527402304289
02caa0904488e97a0c57821e,2023-06-24,middleweight,Decision,0.3870355796842259,0.359621277628782,0.2533431426869922
8538c8b918b1de21ed7edfdc,2023-06-24,featherweight,KO/TKO,0.5892234016739855,0.26428445117215127,0.1464921471538633
0c4515b1fb214c21809f0083,2023-06-24,featherweight,Decision,0.6213018552748055,0.25191689439036574,0.12678125033482865
a6a76a7a7db7da77a11b5ecc,2023-06-24,featherweight,Decision,0.35150585016913033,0.4607407875813207,0.18775336224954906
0744f58285748a8258aff8bb,2023-06-24,lightweight,KO/TKO,0.6121335469781952,0.23805697274396523,0.14980948027783958
86089570ccc769b26795cf5c,2023-06-24,welterweight,Decision,0.5305454524732579,0.3232721646127417,0.14618238291400032
34413a75b78402855b689235,2023-06-24,welterweight,Decision,0.4840679327963579,0.3165581415488663,0.1993739256547759
d63c07a027a8bfced274a3e8,2023-06-24,womens_strawweight,Decision,0.5457960604781794,0.22484645605324516,0.22935748346857546
355dde8fa8af4f55e7903345,2023-06-24,lightweight,Decision,0.4038596607305395,0.4239734242207457,0.17216691504871479
d903ae15997c5c3259527ac9,2023-06-24,flyweight,Decision,0.5027382555351181,0.31161467446017255,0.1856470700047094
c16d37110bfde910cc00a282,2023-07-01,heavyweight,Decision,0.5234599831056796,0.3110648742675163,0.16547514262680407
f0881ed5aee329899d5dbe32,2023-07-01,womens_flyweight,Decision,0.5981905117643569,0.2578423644808296,0.14396712375481358
ff5a4b29681042b715de7dd8,2023-07-01,middleweight,KO/TKO,0.3572887885148622,0.48448239291832307,0.15822881856681484
66a014a3d695164cadb97344,2023-07-01,lightweight,Decision,0.5645589333804871,0.2451156688988417,0.19032539772067122
5a3fafcfe8cf52b7388b69c6,2023-07-01,lightweight,KO/TKO,0.5925258655767501,0.2778551217670857,0.12961901265616418
031c91854eac829bdf2ffa2c,2023-07-01,lightweight,Submission,0.42143872856454334,0.36866875121500453,0.20989252022045224
40db9ab26d4cae9288a4883f,2023-07-01,womens_flyweight,Decision,0.545941584715242,0.25321878913974466,0.20083962614501333
4ce7c778f23cd1bf4546e0ec,2023-07-01,featherweight,KO/TKO,0.41025046925195896,0.33247412570351503,0.25727540504452595
2906ec3d58e436e5228c8dff,2023-07-01,welterweight,Submission,0.5838994771420497,0.2609360143122157,0.15516450854573463
36428584824bba6898b4824a,2023-07-01,welterweight,Decision,0.43845983608598643,0.4293597216704737,0.13218044224354003
44200bfac7f2a84fa9b3c2c3,2023-07-01,middleweight,KO/TKO,0.356440896635849,0.525726596825414,0.11783250653873692
f2750b184214af53cd2d9552,2023-07-01,womens_featherweight,Decision,0.6507809113064076,0.2152186184143587,0.13400047027923376
bfd5cf090725753cb73a2027,2023-07-08,featherweight,KO/TKO,0.5014510391668998,0.36834501524314883,0.1302039455899513
b7b4f20cf8dafb6a112ac7d0,2023-07-08,middleweight,KO/TKO,0.35539899035948636,0.2535936846701709,0.3910073249703427
8391134e7f930a916e52ef20,2023-07-08,flyweight,Decision,0.4727973154363846,0.35099029102558743,0.17621239353802806
339bc6663a7f472154266feb,2023-07-08,bantamweight,KO/TKO,0.49551217202510406,0.3355542906237644,0.1689335373511316
59f58c9c40c64fe1b8d474ff,2023-07-08,lightweight,Decision,0.4102021230881106,0.365186402885633,0.22461147402625647
8b7bd39fd6c76d413400ef59,2023-07-08,light_heavyweight,Submission,0.2945749440984077,0.5071637133326863,0.19826134256890607
d05493e5cdd7938e02c6367f,2023-07-08,lightweight,Decision,0.5644715235119372,0.24709104975727397,0.18843742673078878
e724df897e9fa95b33128001,2023-07-08,welterweight,KO/TKO,0.45633524314291984,0.38670131534770746,0.15696344150937264
243b01b43b4d154ee283edb4,2023-07-08,middleweight,KO/TKO,0.5362193232082835,0.31515654640555857,0.14862413038615807
0580b939723798e97e523064,2023-07-08,flyweight,KO/TKO,0.3794916474543853,0.3139484742038926,0.3065598783417221
3ee9d49d2883a76f0d0b3ebd,2023-07-08,catch_weight,Decision,0.2536497779784589,0.3194324457023235,0.4269177763192175
307078a8aaf55515debd7e4a,2023-07-08,light_heavyweight,Submission,0.4471040780904055,0.41030317488066637,0.14259274702892816
c040765e9cd22df2535af702,2023-07-08,womens_strawweight,KO/TKO,0.5421117544468576,0.2728869557955078,0.18500128975763463
0e415addf4419c1bb7040995,2023-07-15,middleweight,Submission,0.595771694963508,0.2509918558295658,0.1532364492069261
fae07c7909695a8de2670ea9,2023-07-15,lightweight,Decision,0.5989213265685465,0.25411444709615977,0.14696422633529369
95d5ccbd56f49fdaea7018e3,2023-07-15,womens_bantamweight,Decision,0.6561785070059466,0.21326715098170554,0.1305543420123479
570ed242ca21c62fa3a6e0bd,2023-07-15,featherweight,Decision,0.6054466095683183,0.2665042825863488,0.12804910784533305
5fb55152ac40582efdac2338,2023-07-15,lightweight,Decision,0.5843894669298548,0.2715922603999746,0.14401827267017053
dc8c54b14e642c0f7dcc5d7f,2023-07-15,welterweight,Decision,0.373395827049625,0.43465370766802164,0.19195046528235338
d5acd4b37d67e89519b6bd83,2023-07-15,lightweight,Submission,0.38202842579319757,0.3545951472022252,0.2633764270045773
59e240a1926ab9668d4ea114,2023-07-15,womens_featherweight,Decision,0.5857471583148874,0.2882282083527471,0.12602463333236547
20480c79595fbb7397cbcdad,2023-07-15,lightweight,KO/TKO,0.417650110438234,0.3999915985632582,0.1823582909985078
0504e93f7602bdaadee9e83e,2023-07-15,featherweight,Decision,0.6081598218255851,0.26487320485700055,0.1269669733174144
c66bd437648ce6c9d36fffd1,2023-07-15,flyweight,Decision,0.3942056467396851,0.44792032899058437,0.15787402426973046
aee881a6e3b66ff815a14b4e,2023-07-15,womens_strawweight,KO/TKO,0.5439264772404248,0.293061883155909,0.16301163960366627
37dbd1517fc350dfdb82fe5e,2023-07-22,lightweight,Decision,0.46919608901234855,0.33452496229198164,0.19627894869566975
2086564bb6d1a17b69d9594a,2023-07-22,welterweight,KO/TKO,0.4269246161650887,0.3840253236556715,0.18905006017923992
85cc199fb2cc71d7610b426a,2023-07-22,bantamweight,Decision,0.4461419874402727,0.40739510480229923,0.14646290775742812
d374ad54876bdc9ab00d188f,2023-07-22,flyweight,Submission,0.43833338181047743,0.29720198527097236,0.2644646329185502
f287ecd9b1b2b7e5886818fe,2023-07-22,lightweight,Decision,0.4997231112384577,0.33913899809735226,0.16113789066419013
5e03556ac21059d5540468b2,2023-07-22,womens_bantamweight,Decision,0.6673188140651616,0.20244797040255874,0.13023321553227954
88f4cf3ed1e8dc3bee9e78de,2023-07-22,featherweight,Decision,0.5070940364718342,0.31906055079163115,0.1738454127365346
f684f924db9762a5a24943d1,2023-07-22,middleweight,Decision,0.5569106069728157,0.31676151730262375,0.12632787572456053
07930a4698e812e3c33400df,2023-07-22,lightweight,Submission,0.4576007991015363,0.3184707074927256,0.223928493405738
dc10ede4fff61150475f025f,2023-07-22,heavyweight,Decision,0.4257539891202817,0.37976361436064715,0.19448239651907112
1e5aadefe4f8b514331f7df1,2023-07-22,womens_flyweight,Submission,0.6054008022617023,0.2083158800957466,0.18628331764255113
be6f6a66dd1475a253d21e8f,2023-07-22,featherweight,Decision,0.600417403851122,0.25568450682411364,0.14389808932476453
cdab172520a4c2a4e3be3200,2023-07-22,middleweight,KO/TKO,0.42017298221195315,0.27288452745087705,0.3069424903371698
b6deee15173724b04f140ec9,2023-07-22,womens_strawweight,Decision,0.4859212509335518,0.2742248535645173,0.23985389550193079
8dbb536f8d8d18684dece8d9,2023-07-22,heavyweight,KO/TKO,0.28653464365607384,0.5541758707040562,0.15928948563987
cf7ebf33fc2afed4809e7db8,2023-07-29,flyweight,Decision,0.60541765680264,0.27078801062302227,0.12379433257433761
4e8cbb73bf869a8da3d7deaa,2023-07-29,heavyweight,KO/TKO,0.3960875841258244,0.4567850480885429,0.1471273677856327
2a07f8ea0b27887c995f15a1,2023-07-29,lightweight,KO/TKO,0.3932948724729689,0.43768344013781907,0.16902168738921197
f1f93d9da3d77601ddc068c8,2023-07-29,welterweight,Submission,0.40889618680359374,0.3143422488331291,0.27676156436327715
7cfdf3b2768432a51473f253,2023-07-29,welterweight,Submission,0.44807190935822777,0.34250649749821344,0.20942159314355885
73c5255ed61178a04a589d37,2023-07-29,light_heavyweight,Decision,0.5009290933190316,0.4036546187792613,0.09541628790170713
542062f841901da309fd39d0,2023-07-29,welterweight,KO/TKO,0.4318365204408034,0.43453051056072484,0.1336329689984717
1441ccf352df4b05c9a83aea,2023-07-29,welterweight,Submission,0.4814047044669117,0.3211477493027823,0.19744754623030594
c7180a83d72402d7608bdceb,2023-07-29,womens_flyweight,Submission,0.544738313077492,0.3013700610579387,0.15389162586456928
3a32c6a5cc5a1fd46bea3e47,2023-07-29,middleweight,KO/TKO,0.41990733192669155,0.418334413751848,0.1617582543214604
7bb394fbae44e1da0cd5bca3,2023-07-29,lightweight,Submission,0.5881723414636608,0.26566670069556064,0.14616095784077868
282fb397e104dd45c570b28a,2023-08-05,featherweight,Decision,0.4432728133828851,0.3258127704568079,0.23091441616030706
b787cf6c2fa2ed8c9e195150,2023-08-05,flyweight,Decision,0.4225217838533192,0.3581200912417375,0.2193581249049432
6560f72e1b1c9b8138574df6,2023-08-05,catch_weight,Decision,0.5077502064876,0.3522739998987212,0.13997579361367862
f94e4cad52bf9a6b2f38df61,2023-08-05,featherweight,Submission,0.5361853520640913,0.24835229975445972,0.21546234818144894
ce84563cfe04a65b5b76020c,2023-08-05,light_heavyweight,KO/TKO,0.4063789632852039,0.4756398484386924,0.11798118827610378
0473c7065872a7d67606359f,2023-08-05,lightweight,Decision,0.584645961056164,0.27717216735396843,0.13818187158986756
268d66a04a0a2276ada61537,2023-08-05,welterweight,Submission,0.39281474326471466,0.42111658187944556,0.18606867485583972
d6ee9a0d0b602cdfb29a682a,2023-08-05,womens_strawweight,Submission,0.5559252527640363,0.2380047058867315,0.20607004134923212
d51412c5c86ef83705f9476f,2023-08-05,bantamweight,Decision,0.5648244557531623,0.30006990546148926,0.13510563878534854
bb3b63715b62f6b0e4f65950,2023-08-05,flyweight,Submission,0.44357114138443476,0.4064021688575399,0.1500266897580253
358d2e14d9541e87802ef07a,2023-08-05,featherweight,Decision,0.4515615294972384,0.38566838577335044,0.16277008472941126
8a9f408c675d89c45391bc0c,2023-08-05,light_heavyweight,Decision,0.5357933639613905,0.35688378936576715,0.10732284667284225
cc0dfcba2a9a1a686e41e380,2023-08-12,middleweight,Decision,0.5863550228269199,0.2894957832136269,0.12414919395945319
21b8a0738ac50baebd05d9ac,2023-08-12,featherweight,Decision,0.5859573516686204,0.3036714736140778,0.11037117471730169
b0a0a0e4e665e9f2ee272956,2023-08-12,bantamweight,Submission,0.4441273236292728,0.3533804946693916,0.20249218170133557
56c51c3acfc72d7fc859ad42,2023-08-12,featherweight,KO/TKO,0.40689424807063174,0.34025380928184273,0.25285194264752564
f83ebe6bf664c143f114ee24,2023-08-12,womens_strawweight,KO/TKO,0.5797411066856021,0.19741101279978837,0.22284788051460946
cae33a4c01f60ea5bc1c2a9a,2023-08-12,middleweight,Decision,0.4520567186686785,0.31308800487235006,0.23485527645897142
d7b541461594eecc66b90080,2023-08-12,heavyweight,Submission,0.5338448882296135,0.35939337464412224,0.10676173712626437
21dc27ee66f98446e047ad70,2023-08-12,bantamweight,KO/TKO,0.4215704619444681,0.31781597244044163,0.26061356561509014
6f0ec3612994e967fb90e063,2023-08-12,womens_flyweight,KO/TKO,0.44284131350776335,0.27331902987584,0.28383965661639665
e18d45083a7c265a8622e262,2023-08-12,light_heavyweight,KO/TKO,0.3096862550318634,0.5737015567813809,0.11661218818675566
c9c58ef3f78b8a1983f75960,2023-08-12,womens_strawweight,Submission,0.6059297248201788,0.20034395425739204,0.19372632092242908
a6d4278c3e85ccf981d560d7,2023-08-12,lightweight,KO/TKO,0.4386695659495556,0.3434229387897914,0.217907495260653
fe4d9885f4576d7ab9015c10,2023-08-12,welterweight,Decision,0.4168624479463516,0.37649334257607825,0.2066442094775702
471c5569daaa1a004351935d,2023-08-19,bantamweight,KO/TKO,0.49209086023928106,0.3646477282972296,0.14326141146348928
0b46edbdd82ecaaa8339d80a,2023-08-19,middleweight,Decision,0.4067866143973746,0.27615751815904127,0.3170558674435841
34b4caec2c3e9c8cc351c602,2023-08-19,womens_flyweight,Decision,0.6055541713751472,0.2534900338221924,0.14095579480266043
2defed33fd46d631e90ba986,2023-08-19,bantamweight,Decision,0.6003003413766943,0.28092023494792634,0.11877942367537936
e1c4b3bb77a1f665d7e9edb8,2023-08-19,middleweight,Decision,0.5779679542515306,0.28006253610954784,0.14196950963892158
f77e8217af476c8d76c17de8,2023-08-19,bantamweight,Decision,0.42269171513735415,0.3329088388551272,0.24439944600751856
5e2db79a3a1ad7fa4a047658,2023-08-19,middleweight,KO/TKO,0.4081337427303316,0.42469208645046536,0.16717417081920294
6146e55c7547bad0f4598567,2023-08-19,womens_flyweight,Submission,0.48318491312200146,0.20283628533522324,0.31397880154277535
44a0ede1f5c3febcd8158c1b,2023-08-19,lightweight,Submission,0.5922335356967784,0.27475599853306165,0.1330104657701599
6a9d8431526f7e7ae3505c22,2023-08-19,bantamweight,Decision,0.554763305180233,0.3030132935983137,0.14222340122145338
f59c117ae7cabc52d4b52159,2023-08-19,welterweight,Decision,0.5483092771994903,0.3348627169142882,0.11682800588622155
acbef5f5bc43c180f987011c,2023-08-19,womens_strawweight,Decision,0.41547670006935267,0.40558001778933267,0.17894328214131472
46011dba71434bf36e3c4864,2023-08-26,light_heavyweight,Decision,0.32664561925368335,0.4859507697750454,0.1874036109712712
7a36e5dab09fb0e3a32fff3f,2023-08-26,welterweight,KO/TKO,0.40130677910569523,0.36972382849104385,0.22896939240326097
bff6b688a0748a0496dde666,2023-08-26,middleweight,KO/TKO,0.38593381710036684,0.45841391391956193,0.15565226898007128
31b7a66eb42b8c36524c3ab3,2023-08-26,womens_flyweight,Decision,0.613951669841105,0.1901780888905942,0.19587024126830083
dd4024c9c91e5afd2d978e95,2023-08-26,featherweight,Decision,0.5876301699362378,0.28518030534016614,0.12718952472359604
f0e0f24c2d6eded73e540e2d,2023-08-26,heavyweight,KO/TKO,0.49080956870383535,0.41094567586421527,0.09824475543194935
f3ff547fc056f0ae57dcdd5c,2023-08-26,womens_flyweight,KO/TKO,0.5058235395346043,0.24113430652274026,0.2530421539426554
afe662b987c151d703cd1acb,2023-08-26,featherweight,KO/TKO,0.49158221881796244,0.37222258741036884,0.13619519377166867
ac6f2e63fe39b2f0a273ae19,2023-08-26,bantamweight,Decision,0.4655472062308384,0.36778912667595726,0.16666366709320435
baae93ffbdc1bf0262cee6e1,2023-08-26,featherweight,Decision,0.5464868662424495,0.2750229839649832,0.17849014979256744
99ab297a031513ce93f1576f,2023-08-26,welterweight,Decision,0.5351777197621513,0.3488518388071481,0.11597044143070055
32ae1bb3fc496ea9626ce862,2023-08-26,bantamweight,KO/TKO,0.4468153719093252,0.35407655710002034,0.19910807099065442
1fe545c4e1dfc5237a9e4748,2023-08-26,heavyweight,KO/TKO,0.5360527332828945,0.34843307085440234,0.11551419586270323
ffa7455c3e5ede174ad4112d,2023-09-02,welterweight,Decision,0.5984776080632422,0.27367668735181994,0.12784570458493782
6d0f7ada6c998fb0eaf089de,2023-09-02,lightweight,KO/TKO,0.42800242873236977,0.27898263063128065,0.29301494063634953
fd33be38cb0d1d4d0f6bca6f,2023-09-02,heavyweight,KO/TKO,0.3957801594409277,0.4605513736398128,0.14366846691925955
6bd93fadde24f7c7a79345fe,2023-09-02,bantamweight,Submission,0.5404388440552121,0.30500196892619336,0.15455918701859447
65293a8e2961fadaeef4cf65,2023-09-02,womens_flyweight,Decision,0.6493644261748001,0.23009935849549185,0.12053621532970818
2d1078d0507597c4e604903a,2023-09-02,featherweight,KO/TKO,0.4029234960530762,0.3178217259736954,0.27925477797322834
a4d79f54aeee4768f37396e2,2023-09-02,womens_bantamweight,Decision,0.5875740024024313,0.2636393462589021,0.14878665133866653
44fbb5a2110d15b720a9751d,2023-09-02,bantamweight,Decision,0.45830718191812736,0.3327745993255004,0.20891821875637218
555e57ac84583be4ae725a15,2023-09-02,light_heavyweight,Submission,0.3742812276700985,0.48839002786554325,0.1373287444643581
21efe4021b701a3f681a8c10,2023-09-02,featherweight,KO/TKO,0.5129282407652903,0.30093676936525104,0.18613498986945862
6e1227e9009e6929393b1fee,2023-09-02,catch_weight,Decision,0.3343795893828316,0.45266141196750787,0.2129589986496605
011b9746ab115630dd02c0fb,2023-09-09,welterweight,Decision,0.40094333976817875,0.3563551182554983,0.242701541976323
b21089f4d62b3730b34a4346,2023-09-09,light_heavyweight,Submission,0.32358747693706447,0.5400710934366028,0.13634142962633294
1b6d13bce1996a9787f00657,2023-09-09,middleweight,Decision,0.48112828230988736,0.40104911677108274,0.11782260091902998
b2b23742f60158de1d1c5c14,2023-09-09,featherweight,KO/TKO,0.5808407488891302,0.24734964674997914,0.17180960436089074
b8118cbf106d813928e0b82a,2023-09-09,lightweight,Decision,0.572046998946265,0.31266433373171715,0.11528866732201784
27e9d3412a74a9570b14c3f3,2023-09-09,heavyweight,KO/TKO,0.3453909828219589,0.5262000010104181,0.128409016167623
16064fb85fa34316d72d9e6c,2023-09-09,welterweight,Submission,0.38157735952590566,0.34296246206196884,0.2754601784121255
f84f38efd0c68a4d11911324,2023-09-09,flyweight,Decision,0.39859008512969296,0.43496911630326546,0.16644079856704155
a0cc78d39dbec7a5ce6e1bd4,2023-09-09,lightweight,Decision,0.4991451557506872,0.34905131618909413,0.15180352806021855
ed8e3c472972a277f73c443c,2023-09-09,featherweight,Submission,0.49454922545210295,0.34328018016854006,0.16217059437935705
b04e6f3b3710a8911531f136,2023-09-09,heavyweight,Submission,0.3810536389870724,0.5037350120219567,0.11521134899097092
16cede3f450ae715871ef8c3,2023-09-09,light_heavyweight,KO/TKO,0.3464940248620184,0.4839240467804538,0.1695819283575279
ead4ef0da3ceb9dbd827dd4b,2023-09-16,lightweight,KO/TKO,0.42769512260448234,0.3363748000096533,0.23593007738586433
c8cfe9c5b42f5b7ceda34093,2023-09-16,lightweight,Submission,0.607300830297765,0.25394712816680903,0.13875204153542597
f0c6e7a442001e286c22093f,2023-09-16,featherweight,Decision,0.3888622600353093,0.4335713049722715,0.17756643499241925
eaa1d742167744bbb2317e5f,2023-09-16,womens_strawweight,Decision,0.45242472639762943,0.26422801413312635,0.28334725946924433
399469f15d7034c6b5c5aa4c,2023-09-16,welterweight,Decision,0.422814717952805,0.4010709741913702,0.17611430785582471
2d4c42ccd0419f0034998f5b,2023-09-16,womens_strawweight,Submission,0.6611898173777848,0.19482614322257114,0.1439840393996441
8e05c99e0cfb203d446ab29e,2023-09-16,bantamweight,KO/TKO,0.4173444961935543,0.27542560101138486,0.30722990279506096
281de41fa325e8017e097798,2023-09-16,middleweight,KO/TKO,0.4414619956671732,0.34909110437618024,0.20944689995664664
568b5c62f6997dbaa49f2d78,2023-09-16,womens_flyweight,Decision,0.6604539866487962,0.19884217801252846,0.1407038353386753
a8d577f3a15db8e801f72cab,2023-09-23,welterweight,Submission,0.41923077820460714,0.29753454541394214,0.2832346763814506
cd56e5717d0aecb3365e555b,2023-09-23,featherweight,Decision,0.557863361058508,0.25441053438279604,0.187726104558696
e705c6274e273eb488346925,2023-09-23,womens_strawweight,KO/TKO,0.6425615709047763,0.21068438914938797,0.14675403994583566
5f67fcb6ff0330a07c25670c,2023-09-23,womens_strawweight,Decision,0.6556473938801229,0.19540618572817167,0.1489464203917055
534e4ba8dcf5d6b12163bd43,2023-09-23,heavyweight,Decision,0.41647038358186644,0.43967507871134465,0.14385453770678888
ef95cdf14de0f6f13da1c922,2023-09-23,lightweight,KO/TKO,0.5401071070847533,0.3325833568828159,0.12730953603243092
23bb45e27781d3fef56a8d5c,2023-09-23,featherweight,Submission,0.5761712650801165,0.2889595274729068,0.13486920744697672
abd474deac0d6aaec693b319,2023-09-23,womens_bantamweight,Decision,0.45018991775081624,0.36955003283436316,0.18026004941482063
afad3865935211f104c76cb6,2023-09-23,welterweight,KO/TKO,0.4422376450485495,0.4164951578796944,0.14126719707175614
24613e52b4d9b4373f4e4226,2023-10-07,welterweight,Decision,0.474841909803533,0.3753682387583787,0.1497898514380883
e808ac354fb383fa280dda7a,2023-10-07,featherweight,Decision,0.5124776608551707,0.3532134922978297,0.13430884684699956
c2fc0ceaf543ba31b0c8a9dd,2023-10-07,bantamweight,Decision,0.4692649245560998,0.297194435159145,0.23354064028475505
1e86a983200de4386d6df19e,2023-10-07,lightweight,KO/TKO,0.47211545593048115,0.3700499819108836,0.15783456215863526
80a2c51a131f7e11f83c99c2,2023-10-07,lightweight,KO/TKO,0.4694118303723996,0.3177890117613856,0.2127991578662148
b0fd3639ae3acd8f3c7f83a6,2023-10-07,middleweight,Submission,0.38483612616610663,0.4756889607380986,0.1394749130957947
fe10b939cf29ddef67d106d5,2023-10-07,womens_strawweight,Decision,0.6355273575152615,0.24054087502823143,0.12393176745650711
da52ce077dfbc710eeee7d80,2023-10-07,womens_flyweight,Decision,0.6132419872172256,0.20388907356516492,0.1828689392176095
5d96dab1b32c072c721a3140,2023-10-07,flyweight,KO/TKO,0.5951173185247927,0.26574460869687383,0.13913807277833354
3b2b6f588f233752d4106bfe,2023-10-07,womens_strawweight,Decision,0.6353185024753673,0.19412318480726617,0.17055831271736657
af737fed0b9b7d7e97b45800,2023-10-14,middleweight,KO/TKO,0.5375520736877543,0.26840086395571566,0.19404706235653008
fe5a4702ff9ab44d8fd9a270,2023-10-14,womens_strawweight,Decision,0.6381921765980421,0.20927038735120415,0.1525374360507538
9f46ec6a1c5898a3f4218fa9,2023-10-14,bantamweight,Decision,0.5709473027648744,0.31156576215515536,0.11748693507997016
bc494225f9e8733daace3b08,2023-10-14,bantamweight,Decision,0.5060113534671967,0.2805486501629316,0.21343999636987177
f9055a3cf35dd1b47246db50,2023-10-14,featherweight,Submission,0.5977509584238071,0.22903068440805502,0.17321835716813777
d140971eb1e02bcc7e160759,2023-10-14,womens_bantamweight,Decision,0.4698586414810682,0.24584317645069537,0.2842981820682364
846b585d86cb8c9a7c662345,2023-10-14,womens_flyweight,Decision,0.66007836246249,0.2005306999659217,0.13939093757158824
71152a346f5435274991f699,2023-10-14,bantamweight,KO/TKO,0.5004960713684564,0.36683395561266396,0.13266997301887962
a60d64e4d57ac341a707429b,2023-10-14,featherweight,Decision,0.40674299426400273,0.4407708882770493,0.15248611745894802
e9b3649cbac6fea997127d09,2023-10-14,womens_bantamweight,Decision,0.5130739513916868,0.22694796776494183,0.25997808084337143
6eb8e73eeedd0a4d4f090e59,2023-10-14,lightweight,KO/TKO,0.39442703168517956,0.3248751700744719,0.2806977982403486
daa19bc1073e4de488b93099,2023-10-21,middleweight,Decision,0.582581118386476,0.29133644337886094,0.12608243823466314
bd5197ce9e21f062e91cfdcc,2023-10-21,middleweight,KO/TKO,0.3946992516652081,0.4452619308357143,0.16003881749907767
29ca6c04a5121ff6b3aead16,2023-10-21,lightweight,KO/TKO,0.5380321997083488,0.31554300226302157,0.14642479802862968
53f58a616f1f98162f59d9a1,2023-10-21,middleweight,Decision,0.4846106602107275,0.3232737694733336,0.1921155703159389
259473adab67fa6d9c216e30,2023-10-21,lightweight,KO/TKO,0.4064023749243952,0.32094080246579615,0.2726568226098087
e7ce0cf4e2292cc04f227813,2023-10-21,lightweight,Decision,0.4028745642001803,0.42017997201834073,0.17694546378147888
a12daf4c80637768db6e3c5a,2023-10-21,featherweight,Decision,0.47142889319017894,0.36181944606030214,0.16675166074951883
28eb240747f515de3836fdbf,2023-10-21,bantamweight,Submission,0.515478300140139,0.294251221479975,0.19027047837988595
f0516b939f36ebafdf81ca17,2023-10-21,middleweight,Decision,0.42197222827886527,0.42885668676813,0.14917108495300485
62d3a5771d6b10f0089a8f81,2023-10-21,flyweight,Submission,0.5782860606356987,0.2195059118741177,0.20220802749018357
757ba2eafdc177b61032db32,2023-10-21,womens_strawweight,Decision,0.5302689884838444,0.3134654067752688,0.1562656047408868
04563713f288927086d00dc8,2023-11-04,womens_strawweight,Decision,0.5480870556946617,0.2667134674238398,0.18519947688149857
4dc323525ec4fe6a1902471c,2023-11-04,middleweight,Decision,0.42343480408215095,0.3922499718496459,0.18431522406820314
7a0160ef91b1c3b2e386696c,2023-11-04,womens_strawweight,KO/TKO,0.4665416141556164,0.2620168323534872,0.27144155349089627
63065d8129b0cd4edb422521,2023-11-04,catch_weight,KO/TKO,0.32777145618110254,0.4681510524856692,0.20407749133322833
1c5a8fa50a02c5f7237e7096,2023-11-04,welterweight,KO/TKO,0.4542273683236827,0.27771919612270896,0.2680534355536084
74447d459909b91d8cbc210f,2023-11-04,heavyweight,Decision,0.27182460171167006,0.464802286911823,0.2633731113765069
c7d24b653dac82db9b54ce3f,2023-11-04,lightweight,Decision,0.4775507101541873,0.328278259607331,0.19417103023848167
df9a143b6b0fd7913bb8edfc,2023-11-04,heavyweight,Decision,0.46173544786512627,0.3801060768676009,0.15815847526727295
de2c9e0a9b1e5ca7f500117c,2023-11-04,light_heavyweight,KO/TKO,0.48881324926165054,0.3401165757959639,0.1710701749423855
d15dd8dad27d3ee24d69ac60,2023-11-11,featherweight,KO/TKO,0.6103647670850871,0.2615182877368112,0.12811694517810157
afa38907d741913db5a7be3e,2023-11-11,featherweight,KO/TKO,0.4081088729017349,0.2500782302688108,0.3418128968294542
8a2b05dae46c16a168a3e654,2023-11-11,lightweight,KO/TKO,0.6461097206855533,0.24489103822965308,0.10899924108479364
496a2700b89769900984608d,2023-11-11,womens_strawweight,KO/TKO,0.5874452723795403,0.2065909996000206,0.20596372802043922
8d6e2b7b8b22ac6ba0a22969,2023-11-11,light_heavyweight,KO/TKO,0.38150652635331306,0.5070866218791161,0.11140685176757076
e8561543ae98872e901f6879,2023-11-11,catch_weight,Decision,0.5756282706449938,0.2696679023307279,0.15470382702427832
833524b44b22bd3208f2fbd3,2023-11-11,flyweight,Decision,0.5240241578389137,0.30689866860114995,0.16907717355993646
d20739f6f7bd77ea12be13e0,2023-11-11,lightweight,Submission,0.5875939148766002,0.24807225459976479,0.16433383052363496
144baece3f6aa1688e288975,2023-11-11,lightweight,KO/TKO,0.39751756779564323,0.35491074892569335,0.24757168327866322
e7b64eb7fc4775216b389738,2023-11-11,heavyweight,KO/TKO,0.2547151549775521,0.5654759682917242,0.1798088767307236
177541d6f63823d585239290,2023-11-11,flyweight,Decision,0.5466912456839338,0.2940398640744309,0.1592688902416353
f41b81824fdcc42b9e4d0405,2023-11-11,womens_strawweight,Decision,0.630737164207396,0.1882688165742961,0.180994019218308
f2df0f0bae9607c1cf534447,2023-11-18,middleweight,Submission,0.32301583539431167,0.3373061223063189,0.3396780422993695
d364f1a7af8353a6a5bb476f,2023-11-18,bantamweight,Submission,0.4292668153413463,0.373846391510472,0.1968867931481818
00e7ffbaf4344527093873a4,2023-11-18,flyweight,Decision,0.4958380178251818,0.341757094738756,0.16240488743606227
459984a71320f6181b1f6a92,2023-11-18,lightweight,Submission,0.40197431032487685,0.31378510553330374,0.28424058414181935
cac245615a9748a0186e36ce,2023-11-18,middleweight,KO/TKO,0.38528629590834723,0.4531016256823517,0.16161207840930117
8e520f2d4e402e4c08eac42a,2023-11-18,featherweight,KO/TKO,0.45717752286465524,0.3743601364436638,0.16846234069168095
19a60d3bb692f7fab1aa0998,2023-11-18,featherweight,Submission,0.43758569321390506,0.3262020368381042,0.23621226994799077
5d678692a9535ae7a7113d36,2023-11-18,womens_strawweight,KO/TKO,0.6564152536463357,0.19195811633104706,0.15162663002261717
e5dbe1f65469011be90331f1,2023-11-18,womens_bantamweight,Decision,0.6292848873526964,0.21055305748477768,0.16016205516252596
0814c6241270848832ee1c95,2023-11-18,welterweight,Decision,0.44431725408853656,0.395413839924764,0.16026890598669952
d7d1847897d6db266f12f753,2023-11-18,heavyweight,Decision,0.45065520190477665,0.3984288557927259,0.15091594230249736
ded733c1abeb30eef94d0f74,2023-11-18,bantamweight,Submission,0.4556362060296217,0.2945114488754644,0.24985234509491394
d8489abaf1802fa3a1021b7f,2023-11-18,welterweight,Submission,0.37880871191016446,0.47049101052107384,0.15070027756876173
3244052f0a3815145fdd8188,2023-12-02,lightweight,KO/TKO,0.4974398587880959,0.3307288930767966,0.17183124813510764
29c71d1b4084e31abd61e31c,2023-12-02,lightweight,Decision,0.5011836309776947,0.3327493199649136,0.1660670490573916
266fe16c8f3e3b75a7f4c4a3,2023-12-02,lightweight,KO/TKO,0.5758635990314086,0.2606287145501545,0.1635076864184369
577f775be78964896ac1a903,2023-12-02,lightweight,KO/TKO,0.4275363483705999,0.3556571562486445,0.21680649538075572
aa55d74034f3a3481fb4d6d8,2023-12-02,womens_bantamweight,Submission,0.6317880453080235,0.2169313675104795,0.151280587181497
6a65ab2dbc5dee6257dc9595,2023-12-02,middleweight,Submission,0.47863407281626597,0.3872324279052646,0.1341334992784694
ae90c163fbadc8e692614a68,2023-12-02,bantamweight,Decision,0.5239333843481774,0.3077747636689433,0.1682918519828793
d9ba19f4c35501b7970cbdd2,2023-12-02,light_heavyweight,KO/TKO,0.31669410835824424,0.54390905806649,0.13939683357526564
485be0671ebd8c05327115aa,2023-12-02,welterweight,Submission,0.6007136447083119,0.2598358819917837,0.1394504732999044
d0150e31146bd1f6c53d9109,2023-12-02,womens_flyweight,Decision,0.6523919516283911,0.2003352141783538,0.14727283419325504
71220001b252fdbf72418ec3,2023-12-02,welterweight,Submission,0.5578605408217573,0.29483177448394293,0.14730768469429967
9fc28e3dc009b827883edd97,2023-12-02,middleweight,KO/TKO,0.38079760127175855,0.33716227346738625,0.2820401252608551
aef3796599ba902b135e1a2e,2023-12-09,light_heavyweight,KO/TKO,0.3450877652233949,0.5273210662236734,0.1275911685529317
5b76e797c4ffb48b61410c9d,2023-12-09,flyweight,KO/TKO,0.42570367570404166,0.2868913557520722,0.28740496854388614
1466c10bcdb2f1b0a1352dec,2023-12-09,middleweight,Decision,0.4917282747873419,0.28432753664387955,0.2239441885687786
55082c328945d276153798e0,2023-12-09,womens_bantamweight,Decision,0.4639205711868736,0.3107815186961988,0.22529791011692754
0a60ebc269e85bff31e989ed,2023-12-09,lightweight,KO/TKO,0.6020602288979512,0.28463763642614404,0.11330213467590473
23ae5ee3a2a189aeb6fad511,2023-12-09,womens_strawweight,Decision,0.45242472639762943,0.26422801413312635,0.28334725946924433
aaea90999d2c2c9ef107ce94,2023-12-09,welterweight,Decision,0.36035243778745224,0.37273897902189185,0.26690858319065597
e4f499527d31d66c982fd653,2023-12-09,bantamweight,Decision,0.48273341751594856,0.38679724246973163,0.13046934001431995
1717f90d2160832604d7a78d,2023-12-09,lightweight,KO/TKO,0.46933582662915113,0.343099215658296,0.18756495771255288
adb8d33c46026c9bd9e6fbca,2023-12-09,flyweight,KO/TKO,0.5220220142389567,0.24068706771970638,0.23729091804133687
f02ef45176d4af0219dabfa5,2023-12-09,bantamweight,Submission,0.5861566588276746,0.2593592196602162,0.15448412151210913
280a428b31e2aef693a0f9f4,2023-12-16,flyweight,Decision,0.36195796165361477,0.3673225839377302,0.27071945440865486
d3365e6d3be6de5629a2c7a8,2023-12-16,light_heavyweight,Decision,0.3870747546651451,0.4898306206108292,0.12309462472402555
d577b5cf3001b917a08711f8,2023-12-16,featherweight,KO/TKO,0.4551004793480056,0.4063759193000371,0.13852360135195727
39fc49a6ebd402e80c2483c6,2023-12-16,womens_flyweight,Submission,0.632216693908129,0.2168697029039644,0.15091360318790664
1330b89f70ea839717128850,2023-12-16,bantamweight,KO/TKO,0.47110349720028133,0.3562906239208412,0.17260587887887754
058ef2585a4f17f0e5ad91cf,2023-12-16,womens_bantamweight,Decision,0.648573373388482,0.23401908739432767,0.11740753921719041
f34bd1f41290f9fed4eb494a,2023-12-16,featherweight,KO/TKO,0.5418316495445948,0.2754451509136817,0.18272319954172356
687a5fbe17d8dbd9d362aad4,2023-12-16,welterweight,Decision,0.5158559029925307,0.3440932943545431,0.14005080265292616
bb649a9711cf49795b3c4110,2023-12-16,heavyweight,KO/TKO,0.3915004481398693,0.47047976732180097,0.1380197845383297
8b6069a7a68e296dabf0a2b7,2023-12-16,welterweight,Submission,0.47128627128302003,0.3551433382660554,0.17357039045092446
0248f733a0a79ce27869d3bb,2023-12-16,flyweight,Submission,0.5347981076935221,0.28516476212433906,0.18003713018213888
ebe757e2d75707e5c685fa5c,2023-12-16,lightweight,Decision,0.4100459391284585,0.3272939241007242,0.2626601367708174
350855927478bdd1e949d40c,2024-01-13,heavyweight,Decision,0.46639433967172655,0.42195666411872795,0.11164899620954549
3429305b9c7c09859dea585b,2024-01-13,bantamweight,Decision,0.5785433820465197,0.24801630492737353,0.1734403130261067
3a6a6b413fb74d30cc7ca422,2024-01-13,lightweight,Submission,0.4311279841697531,0.3303448284997445,0.2385271873305024
428a69abf162f2b9b7b4fc5d,2024-01-13,flyweight,KO/TKO,0.5201991816891209,0.31766404287922545,0.16213677543165356
25198c09b99dc5ef33baad00,2024-01-13,light_heavyweight,KO/TKO,0.3112278365855144,0.5518589153550119,0.13691324805947377
4a93776243956f8fbb398bfd,2024-01-13,bantamweight,KO/TKO,0.47420462308694444,0.2945800806753923,0.23121529623766324
406ffce8282d87e7c9405a2e,2024-01-13,welterweight,Decision,0.501096672992985,0.31314514167146856,0.1857581853355464
811e412052d3c3ce36862e6e,2024-01-13,lightweight,KO/TKO,0.42591975914195146,0.41473956615294244,0.15934067470510613
8cc7da19086c6ed2e0367e37,2024-01-13,middleweight,KO/TKO,0.3888098611753022,0.4734761057803157,0.13771403304438212
8fe948f0238e3128d28de6c2,2024-01-13,bantamweight,Decision,0.5037320734902083,0.27732922473779575,0.21893870177199604
5d13c41cb62ff0921715726b,2024-01-13,featherweight,KO/TKO,0.37662884105700106,0.34301599058083054,0.2803551683621684
b7feb4f5c53ec81135796ed1,2024-01-20,featherweight,Decision,0.6348226730800582,0.22828523644586796,0.13689209047407394
19f5549fd17592807a27b146,2024-01-20,bantamweight,Decision,0.4904766156253773,0.369826678498899,0.1396967058757236
89c2b506cd80a961358c0aa7,2024-01-20,featherweight,Decision,0.5935082291263798,0.2678486242605728,0.13864314661304747
2cfc07cf6675811da4dccda6,2024-01-20,middleweight,Decision,0.5385715621548294,0.3497188396262186,0.11170959821895204
dc907d383820e288b4e21f7a,2024-01-20,womens_strawweight,KO/TKO,0.4665810629755139,0.2237287143247741,0.30969022269971197
381492d3d739b74de7beeaf8,2024-01-20,womens_bantamweight,Submission,0.653314797627536,0.2338582381296682,0.11282696424279592
1885c2392f3fc4e13cca8970,2024-01-20,flyweight,Submission,0.40713418408389984,0.3059992006615324,0.2868666152545677
d03ee612207eed674bede235,2024-01-20,welterweight,KO/TKO,0.4029403174691353,0.37280169963600185,0.22425798289486273
b714ef8d91fff6b78df25c03,2024-01-20,womens_bantamweight,Decision,0.570056888751673,0.23112342758927956,0.19881968365904745
8101ef269b3e43cfcb139bb0,2024-01-20,middleweight,Decision,0.4687543374615351,0.38147423347142273,0.14977142906704224
cfab9e2259fc0aaa894fea97,2024-01-20,bantamweight,Decision,0.40139384272865164,0.3299408385133731,0.2686653187579753
c5a68290631162d0cceb4de3,2024-01-20,welterweight,Submission,0.41625113335545827,0.40176440073052494,0.18198446591401676
585b9503d7555c070c210fc6,2024-02-03,flyweight,Decision,0.6196851740734294,0.25870306038188395,0.12161176554468657
cdc0b8fe8eb1f4398afe4cc1,2024-02-03,welterweight,KO/TKO,0.475652758696368,0.3396093546486476,0.1847378866549845
cccf589a0c312106aced03f1,2024-02-03,featherweight,Decision,0.6202879256878743,0.2540894490075092,0.12562262530461663
124fdf48a7e58167e2406acb,2024-02-03,lightweight,Decision,0.4886159069913682,0.3400673859443001,0.1713167070643316
c1f1986c9747f9c480a9e997,2024-02-03,womens_flyweight,KO/TKO,0.6090142675139255,0.18845574233381976,0.2025299901522548
130b5f385e434a6ead40c900,2024-02-03,womens_strawweight,Submission,0.6457671616260915,0.2095945831789614,0.1446382551949471
68a976bdb4c4755bf10643db,2024-02-03,welterweight,KO/TKO,0.5764468127069705,0.29651742612789894,0.12703576116513066
eff5e97ace834c6b6a4814ac,2024-02-03,lightweight,Decision,0.45160712235385864,0.3587964353198883,0.18959644232625308
83bf424cee3106fb1c1d003d,2024-02-03,middleweight,Decision,0.49168460223055005,0.34691050447650024,0.16140489329294985
6b6316141f41f8571d3e4388,2024-02-03,welterweight,KO/TKO,0.437175118058693,0.39581266833100487,0.16701221361030213
06ebbfece8ed6f916f1b9909,2024-02-03,heavyweight,Decision,0.4587087385981942,0.3538059054094281,0.18748535599237764
5cab68e112cbb2a3111df0ad,2024-02-03,womens_flyweight,Decision,0.6457259212989407,0.22639075794912245,0.12788332075193695
85b8c9276ba604cad81ebac2,2024-02-10,lightweight,Decision,0.40139384272865164,0.3299408385133731,0.2686653187579753
65d8d6420f1e0a4aa05a178e,2024-02-10,middleweight,KO/TKO,0.4711774103406667,0.3801258407755449,0.1486967488837884
13eedeaf133943571e8e2adc,2024-02-10,featherweight,KO/TKO,0.6083688331239238,0.281355200228787,0.1102759666472892
19838dda64baf51b952b953c,2024-02-10,light_heavyweight,Decision,0.43318951046424625,0.44388822787282645,0.12292226166292726
c4b6f3ca9c43308740153a7a,2024-02-10,featherweight,KO/TKO,0.4714440635537425,0.31260678300466355,0.2159491534415939
989b72f7d9fce65b937a2210,2024-02-10,middleweight,Decision,0.3553226419892145,0.4207290262578401,0.22394833175294532
a289673832251cad582de635,2024-02-10,womens_strawweight,Decision,0.6664406282270279,0.20350508807128248,0.13005428370168973
ea3d25224fa0cf859531451b,2024-02-10,welterweight,Decision,0.4689940236558691,0.35892396431231094,0.17208201203181991
f7537c194a0a6dedbc510eba,2024-02-10,lightweight,Decision,0.5141008941128479,0.3417333665344073,0.1441657393527449
d7d8b7e2b293904ac1b5bb78,2024-02-10,middleweight,Decision,0.4031710927218004,0.444100758211563,0.15272814906663665
598ce164fdf6415d56e7b795,2024-02-10,middleweight,Submission,0.5298531804130635,0.275122647349407,0.19502417223752944
df6544316c136ebbbcf87b85,2024-02-10,welterweight,KO/TKO,0.43347478684548835,0.38096707538727376,0.1855581377672378
4dc722c27e4030e3d16b4ca4,2024-02-10,light_heavyweight,KO/TKO,0.4265757725642324,0.4269824484714951,0.14644177896427255
d7234fe2bf746ee2cf907640,2024-02-17,featherweight,KO/TKO,0.4497749687745249,0.37904836028383565,0.17117667094163957
3d95040539382b0778d86880,2024-02-17,womens_strawweight,Decision,0.5745034669240213,0.21792035421042394,0.2075761788655547
0859c039546455918d4e00a0,2024-02-17,womens_flyweight,Decision,0.6254396179938272,0.19065489351098538,0.18390548849518745
8cf95c9b6a93f3379fba3bae,2024-02-17,middleweight,Submission,0.4098722438605847,0.3548244869431872,0.23530326919622815
91d92f1b9028820948735ff2,2024-02-17,welterweight,Decision,0.5300496605218113,0.3541022480111633,0.11584809146702538
1f1e004761793697bfdb3d25,2024-02-17,welterweight,KO/TKO,0.3864183951309411,0.43042381854502115,0.18315778632403784
bd35b700e291f4438a1ed771,2024-02-17,heavyweight,KO/TKO,0.31240162304407737,0.5482860926472333,0.1393122843086894
75d36ecf8a8355375bbfeb39,2024-02-17,bantamweight,Decision,0.6362194258999702,0.2424817897759969,0.12129878432403293
c54d754afa6119eaf55ba682,2024-02-17,welterweight,Decision,0.3785736556202825,0.4045495341844789,0.21687681019523858
9c356ca4e2c4a13e56153ea6,2024-02-17,bantamweight,Decision,0.4041804532360927,0.33732810324176776,0.2584914435221395
beebd8ffc5c9b908e7bffd97,2024-02-17,middleweight,Decision,0.5749085644383363,0.320583536307617,0.10450789925404677
a4563fbab7ae7cde62a6e539,2024-02-17,light_heavyweight,KO/TKO,0.32693681031071664,0.437184144206287,0.23587904548299635
c64700ee2cdf4b4f8a2a3263,2024-02-24,flyweight,Decision,0.45692424391971237,0.3259007410408757,0.21717501503941206
209209db725130787eba0ee0,2024-02-24,lightweight,Decision,0.5618151821809342,0.23830335383315016,0.1998814639859156
89ef0f8da85fc4f1f608a06a,2024-02-24,bantamweight,Submission,0.4714861402865377,0.3794968760304585,0.14901698368300376
7595efdbddc1226c02f629f3,2024-02-24,lightweight,Decision,0.4997097560194369,0.30052872915090595,0.19976151482965726
a58a8dd2b764d7c4cab9ab8b,2024-02-24,flyweight,Submission,0.4454098108468432,0.34563253371097696,0.20895765544217992
984871628d68f0d92bd4ef99,2024-02-24,featherweight,KO/TKO,0.5620855874402495,0.2937774359779322,0.14413697658181826
f7770d17020ec11ef8b11097,2024-02-24,flyweight,Decision,0.3599960489236262,0.37593860513332417,0.2640653459430496
042a708e7b9fa3844e0e11d6,2024-02-24,lightweight,Submission,0.5145558086339111,0.3304887735513283,0.15495541781476052
4c3292e39be0121f3ea756dc,2024-02-24,flyweight,Submission,0.46689605210773644,0.3513967666431625,0.1817071812491012
a92624583dd834ec8eb0b001,2024-02-24,flyweight,Decision,0.6026841283462099,0.26961761163778936,0.12769826001600076
044f7e8edbbc1ee181fc4391,2024-02-24,featherweight,Submission,0.48210967631074575,0.33102813490303284,0.18686218878622146
3b255e4692d41230aa1120e1,2024-02-24,womens_strawweight,Decision,0.5641390608352197,0.29680955524494995,0.1390513839198304
2a399975bd1e1b0dd0a23723,2024-03-02,lightweight,KO/TKO,0.48023850982614996,0.3143938596068347,0.20536763056701543
f221e836ceb8c4fade1a00bf,2024-03-02,bantamweight,Decision,0.6280666203394618,0.2568672847982718,0.11506609486226647
5241c9c4ed74e9f71dec32a6,2024-03-02,flyweight,Decision,0.41199630495978984,0.28530570647954256,0.30269798856066754
8b878472b607640f653aabf8,2024-03-02,middleweight,KO/TKO,0.418140882482606,0.4237623610001335,0.15809675651726046
b8ab408b0ad3705153c60d6a,2024-03-02,middleweight,Decision,0.570166664418164,0.31575228300357167,0.11408105257826438
462aef659d2f1c9db0a805c7,2024-03-02,heavyweight,KO/TKO,0.2659127121459995,0.6287512344540694,0.10533605339993113
f6e2ffe4c9ca47e91797a8a2,2024-03-02,lightweight,KO/TKO,0.4991155342665012,0.3415331774880632,0.1593512882454356
f975335e1c3c676390ad01b8,2024-03-02,flyweight,KO/TKO,0.5652992603875324,0.24336468900887404,0.19133605060359363
a5ac42ab85f1ef67611fe071,2024-03-02,bantamweight,Decision,0.4587555285624021,0.30562269496448863,0.23562177647310922
95e0c040d06438ee57ea9376,2024-03-02,bantamweight,KO/TKO,0.42090026386301416,0.3010858573526657,0.2780138787843201
63de167ce405377f2aba39c8,2024-03-02,light_heavyweight,Decision,0.3192827290719355,0.44099272604218304,0.23972454488588146
767e0cd4fd92f89fa41fb0e6,2024-03-09,flyweight,Decision,0.46475480540711844,0.2751940928749646,0.260051101717917
941a479df441789cc3533fb8,2024-03-09,heavyweight,KO/TKO,0.33250961807619067,0.41910693483831785,0.2483834470854914
3bad79d24f4c8195f5e17845,2024-03-09,lightweight,KO/TKO,0.34206428896278435,0.4201646350417484,0.23777107599546726
bdcfbf088a7d3f37af559860,2024-03-09,welterweight,KO/TKO,0.41150640045699055,0.4139665744616169,0.17452702508139267
46bace0825d59702c71e7f9b,2024-03-09,light_heavyweight,Decision,0.42441847551382483,0.44511195028117934,0.13046957420499591
a0db913c10b186b2f2ee92b0,2024-03-09,womens_flyweight,Decision,0.6197536337000044,0.20565596425066898,0.17459040204932666
774a7e588c92b3603e13fb0e,2024-03-09,womens_flyweight,Decision,0.684633111341431,0.18793099052496906,0.12743589813359998
58d4e6da9340c1453dd0eaae,2024-03-09,welterweight,Decision,0.4608385375685741,0.3578727203772046,0.1812887420542213
b17b04c1d8f0105c850933f0,2024-03-09,lightweight,Decision,0.5996420590876206,0.2714255485136129,0.12893239239876655
e1e51b91402d9d330f72e381,2024-03-09,middleweight,Submission,0.4325645345503522,0.4057825015713454,0.16165296387830236
29acf84fdc389a3d05e38869,2024-03-09,bantamweight,Decision,0.5799007718791931,0.26706429042070273,0.1530349377001042
6500ffecb08cd5920b6bb95a,2024-03-09,bantamweight,Decision,0.6036315341851308,0.2806727380719644,0.11569572774290474
ecc485a069e20e0452aa83f8,2024-03-09,heavyweight,KO/TKO,0.40126489246602365,0.457395609304975,0.14133949822900121
8d28cf9448610499fb45e428,2024-03-09,bantamweight,Decision,0.45564806775695976,0.3951658533926539,0.1491860788503863
1c78c76a645637092d543c74,2024-03-16,bantamweight,Decision,0.4401883831178905,0.33267219562692274,0.2271394212551868
2975ba8effb59bf63f531ccf,2024-03-16,featherweight,Decision,0.43118724147452897,0.31161624480828304,0.25719651371718816
2c547056bb11b7e5cf58a477,2024-03-16,middleweight,Submission,0.427371963230685,0.32769776258564126,0.24493027418367375
cd990f7b7b3c638cf7fb4af1,2024-03-16,flyweight,Submission,0.4284312288877431,0.30530603450139326,0.26626273661086364
2701e3a1ca5507745c3e167a,2024-03-16,womens_strawweight,Submission,0.578613083471319,0.20683563380971634,0.2145512827189647
7b8f73546b25caae9d8e0963,2024-03-16,featherweight,Decision,0.45913010779486346,0.3309913292398314,0.20987856296530527
572aef4284a35d97b7e5b806,2024-03-16,womens_bantamweight,Decision,0.5357723141687707,0.3206022574296792,0.1436254284015502
d30caf84e805ba31ea467699,2024-03-16,lightweight,Submission,0.6380675523219583,0.24541625952327914,0.11651618815476253
50d49221d2d8e912a0449b06,2024-03-16,light_heavyweight,Decision,0.34897621548537794,0.48743508857595275,0.1635886959386693
1ede5ade9dccb1619dcef669,2024-03-16,womens_bantamweight,Submission,0.6644901693523407,0.21043643968287162,0.12507339096478776
35d276b0d655b5762a4adfa2,2024-03-16,heavyweight,Submission,0.3091689182309126,0.5754483694810372,0.11538271228805026
0a9b856652e4e6e97855080b,2024-03-16,lightweight,KO/TKO,0.440503061204858,0.29420975425745466,0.26528718453768724
a64c19e40b1495a3c1956bbb,2024-03-23,womens_flyweight,Decision,0.5897429899374358,0.23200474750131886,0.17825226256124538
5cdaf1aa145a0b5f1417f8a9,2024-03-23,featherweight,Submission,0.5720487991457807,0.25796968382470103,0.16998151702951822
ffd41253362852c43cf12750,2024-03-23,middleweight,KO/TKO,0.5547730788706299,0.3039037850737995,0.14132313605557054
a22b995a041336cd2e7b1b71,2024-03-23,featherweight,Submission,0.4156360763836014,0.42659638447974757,0.15776753913665104
faf2cb29b1f6abbd8713bb97,2024-03-23,featherweight,Decision,0.4601351213919294,0.3297393295943125,0.21012554901375802
b48bb5914daa78dc914fc244,2024-03-23,heavyweight,Decision,0.4677591375493959,0.3980034858546885,0.1342373765959157
2d258da0acd9ef5e460e76cc,2024-03-23,lightweight,Decision,0.5712242506587771,0.2346959088026976,0.19407984053852534
9df5f995b3d922bcb3086b07,2024-03-23,bantamweight,Decision,0.545801919907867,0.3308066205830717,0.1233914595090614
45b6c75025a22a83394120db,2024-03-23,heavyweight,Decision,0.5625610137228879,0.3226776796873564,0.1147613065897557
fd45d43912f2632e09d27c20,2024-03-23,womens_bantamweight,Decision,0.5890529802292247,0.23521220969088208,0.1757348100798931
071ec632559eee88583d16b0,2024-03-23,bantamweight,KO/TKO,0.5222495296349471,0.2596707314369788,0.2180797389280741
da9b12ab4d26fdc65b8ea77a,2024-03-23,featherweight,Submission,0.4712172866273607,0.324130660766645,0.2046520526059944
8f4cffa9eab92b6b02b0d908,2024-03-30,middleweight,KO/TKO,0.45984472612368216,0.29798959101718614,0.24216568285913168
597cf1aa8126498a52c75a08,2024-03-30,bantamweight,Decision,0.48934639834967997,0.3059365018277015,0.20471709982261857
806b9b05325b02e265c3a0fd,2024-03-30,featherweight,KO/TKO,0.5786682077627847,0.27789383271559226,0.14343795952162305
c9a059ab5fe63b169ad893f5,2024-03-30,welterweight,Decision,0.4129384257945217,0.427177713882346,0.15988386032313226
c42216542c36faee591ca558,2024-03-30,middleweight,Decision,0.4174916724019091,0.4125581674231587,0.1699501601749322
1165451188dbec47a064b95c,2024-03-30,featherweight,KO/TKO,0.44155650634090604,0.3488518903568908,0.20959160330220328
dd594ad901b92c946c85ba83,2024-03-30,womens_flyweight,Decision,0.5174959337386855,0.27694248078417566,0.2055615854771389
bfe4cbeeec90491f6582a54c,2024-03-30,light_heavyweight,KO/TKO,0.3410476836263234,0.4903070302604749,0.1686452861132018
eb04b76ac189631bafe863ef,2024-03-30,featherweight,KO/TKO,0.4075373040926877,0.3498419469563845,0.24262074895092783
390a29759a09a018f278d78e,2024-03-30,featherweight,KO/TKO,0.5211246546218106,0.286078502742037,0.19279684263615232
8e19439b96eaeed402465002,2024-03-30,middleweight,KO/TKO,0.4823183516018608,0.3566646267224538,0.16101702167568535
dde5cb51c199688c1b7fbf18,2024-03-30,welterweight,KO/TKO,0.45903474357973817,0.3836836329117973,0.15728162350846456
66b4a5d77d71117aeeb34de4,2024-03-30,womens_strawweight,Decision,0.6501645365561834,0.18194164529211146,0.16789381815170504
11fb6fbb886f244ae864e58a,2024-04-06,featherweight,Decision,0.43239647748093357,0.3415685317438182,0.22603499077524825
8231f0e6b0b5bafc0c8468e8,2024-04-06,middleweight,Decision,0.3319342414850706,0.44472643695271225,0.22333932156221722
f2db18a4c054f0e037b11cc2,2024-04-06,welterweight,Decision,0.6082099492583998,0.25794405205952914,0.13384599868207117
71daf3f66499f6c8d84b8ff1,2024-04-06,bantamweight,Submission,0.4440449438310163,0.2842150091611843,0.2717400470077996
74a163474a8c0f8e7e0f8528,2024-04-06,middleweight,KO/TKO,0.37981988632251956,0.3524371758155671,0.2677429378619134
75905fdb791eefe74e05107b,2024-04-06,lightweight,KO/TKO,0.5511231113700197,0.27196165668477773,0.17691523194520262
736a7a3bbb975eced403288a,2024-04-06,womens_bantamweight,KO/TKO,0.6636921088408133,0.19604299006499823,0.14026490109418854
87408b8645e7a31b6cdbbf32,2024-04-06,featherweight,Decision,0.4353756458277362,0.39859770601513533,0.16602664815712848
4ab9a0d319271e6464c41d4f,2024-04-06,womens_bantamweight,Decision,0.6772526613530402,0.20116885062974246,0.1215784880172173
741737d64bcf1c7e2c9ab9a2,2024-04-06,bantamweight,Decision,0.40139384272865164,0.3299408385133731,0.2686653187579753
44b8b16421d3b8ca5e361743,2024-04-06,lightweight,Decision,0.435270629776608,0.4236463847108639,0.14108298551252813
fdb4e67476bc87811762511d,2024-04-06,heavyweight,Decision,0.39020810199761236,0.4720710314896928,0.1377208665126948
3300093a48a6b6f70a6dad94,2024-04-13,light_heavyweight,KO/TKO,0.3055177095005047,0.5786366220524775,0.11584566844701787
f85198c6c82c7c5676cc1a84,2024-04-13,middleweight,Submission,0.360873304258427,0.37128276163893537,0.2678439341026376
37e234e374031c4a9c10e43c,2024-04-13,featherweight,Decision,0.6086217421395976,0.258666757817304,0.1327115000430984
564ed9d5df5aa5baa575e591,2024-04-13,lightweight,Decision,0.41091934613579717,0.3486992500604537,0.2403814038037492
03a849ee698f35fb17c1933b,2024-04-13,bantamweight,Submission,0.44738449029349886,0.3684018789470793,0.18421363075942188
7632d2c23612af5ce3d9a2f6,2024-04-13,womens_bantamweight,Submission,0.5857558817790771,0.24118269248706856,0.17306142573385438
147d563a5f53508a72a20873,2024-04-13,lightweight,KO/TKO,0.40892310340278404,0.3535298729983468,0.23754702359886906
032c8104a460ad869376a130,2024-04-13,womens_strawweight,Decision,0.6596074479790097,0.21719078292014093,0.12320176910084929
a78f5cc79c971a495b411642,2024-04-13,light_heavyweight,KO/TKO,0.4822325328160742,0.406486919082873,0.1112805481010527
8600ede511999d9adc3c9975,2024-04-13,lightweight,KO/TKO,0.495793586455234,0.40159069793742436,0.10261571560734156
40ac2f53071b5de0836100e9,2024-04-13,lightweight,Decision,0.4848361659660018,0.29608153844954865,0.21908229558444942
3a1837e0a4820197bb51c85f,2024-04-13,featherweight,KO/TKO,0.3873155612025454,0.34871115088128884,0.2639732879161657
0dc452084d23dc74076732ad,2024-04-13,womens_strawweight,Decision,0.613706268302902,0.2605922959829776,0.12570143571412046
7b58877ab5e4d6cf85d3afdb,2024-04-27,womens_flyweight,Decision,0.4717900809535936,0.23642123043935678,0.2917886886070496
19df3fa9de41e66929ab88fa,2024-04-27,heavyweight,KO/TKO,0.31856405882815064,0.532063939311496,0.14937200186035332
0d17deee4e12367f002ba9a2,2024-04-27,lightweight,Decision,0.6064062739211912,0.2663843028878665,0.1272094231909422
8d17aae9a953ca23b2144a12,2024-04-27,heavyweight,Decision,0.4933631302920889,0.40119931192298575,0.10543755778492539
9d1e1ee7b226466bb2c175ce,2024-04-27,lightweight,Decision,0.4108579606959171,0.4025030917466026,0.1866389475574802
03670cc90ed626c90836de43,2024-04-27,womens_flyweight,Submission,0.5074499254328808,0.23682020636507314,0.255729868202046
53a27e69fc6fc4de042616c0,2024-04-27,lightweight,Submission,0.40139384272865164,0.3299408385133731,0.2686653187579753
e485c72f59f5947e989b064f,2024-04-27,featherweight,Decision,0.429770253336376,0.33827768576511485,0.23195206089850923
6a21e75bc72a71c8587b87c5,2024-04-27,womens_strawweight,Decision,0.5565096142547382,0.23964938360089733,0.20384100214436437
1d88a0c36a95acc86682e411,2024-04-27,flyweight,KO/TKO,0.3926313759320488,0.3923163896192848,0.21505223444866647
f070085973f94e62645c20b9,2024-04-27,bantamweight,KO/TKO,0.5315010071380293,0.23986222782716568,0.22863676503480487
181283d8443a6c33cb21c79c,2024-04-27,light_heavyweight,KO/TKO,0.2968443935995295,0.5242390900990432,0.1789165163014272
c674910dad3e5790a28e8502,2024-04-27,welterweight,KO/TKO,0.41766077371565696,0.4534543132017779,0.12888491308256525
4018cfaeb2593cc98fcf7a7b,2024-05-04,flyweight,KO/TKO,0.5883377488548738,0.2880202643494035,0.12364198679572282
75f967a01638fa466a040663,2024-05-04,flyweight,Decision,0.5235205131900967,0.29909632673596936,0.1773831600739339
048e951737120ee49478ad81,2024-05-04,light_heavyweight,Submission,0.44562471508794604,0.39279904733422866,0.16157623757782538
22bf9f5adbf622b55d1f0d16,2024-05-04,womens_flyweight,Decision,0.4674856975520354,0.26114866757910565,0.27136563486885895
707d69a949880d2954a5183a,2024-05-04,lightweight,Decision,0.41993331947580853,0.309861230348359,0.2702054501758325
40f2eca8b202a382e83a86ee,2024-05-04,lightweight,Decision,0.4759137739325662,0.37912028858045216,0.14496593748698172
f074dc7df2dadf7cfac1fda3,2024-05-04,featherweight,KO/TKO,0.42610378222955275,0.3179641071710181,0.2559321105994292
d967e5ba34cb3ff8d9a4adb4,2024-05-04,lightweight,Decision,0.5661864696403681,0.29242926331842656,0.14138426704120524
e05a5a9e9719ca88d645516c,2024-05-04,bantamweight,Decision,0.5908995736076431,0.3042446436856984,0.10485578270665838
94bd5ed15286e8e4cc120e52,2024-05-04,womens_strawweight,Decision,0.6605549561571908,0.18239659257003601,0.15704845127277306
39cffcac3e882d98203f7dbc,2024-05-04,lightweight,KO/TKO,0.47748007889957134,0.3553556886978979,0.16716423240253067
1c69f516d3ff75bcc6377c47,2024-05-04,middleweight,Submission,0.4354682593181918,0.3807229304532721,0.18380881022853612
e9311178ebb944a7fc6aca37,2024-05-04,middleweight,KO/TKO,0.41694333506762843,0.3081757673021345,0.27488089763023704
5961c213c10f64edc3e88f9f,2024-05-11,featherweight,Decision,0.6198768070464679,0.24405885936913704,0.13606433358439507
dcb8007781e8317ca6a6c80b,2024-05-11,light_heavyweight,KO/TKO,0.34900384360132414,0.5173023900402632,0.13369376635841249
67958e9303cb81656c149b1d,2024-05-11,welterweight,Decision,0.46964831308053745,0.36880082557107313,0.16155086134838947
1a80a39cf42c05f59642a74d,2024-05-11,flyweight,Decision,0.5004405590259224,0.2880373098022305,0.211522131171847
7621b21075c5e1917732c005,2024-05-11,lightweight,Submission,0.41968605105160717,0.3527365300664612,0.22757741888193173
7a09d0a6adda8ef213536caf,2024-05-11,heavyweight,KO/TKO,0.3596149199890656,0.48651142233547523,0.15387365767545919
2418c947db415559ec8fb353,2024-05-11,lightweight,KO/TKO,0.4260704350005861,0.35118979536356265,0.2227397696358512
a79c545c27deb304d7edfd56,2024-05-11,womens_flyweight,Decision,0.6760012400099218,0.19754348575996694,0.1264552742301114
f511fbf1cacfba820f4106fb,2024-05-11,welterweight,Decision,0.40666903055621795,0.44944016974378154,0.14389079970000043
04e190387cb56de161ad5390,2024-05-11,womens_strawweight,Decision,0.6922318135545578,0.1883071354844969,0.1194610509609453
49c439cfc0b0097ddf5a2828,2024-05-11,lightweight,KO/TKO,0.4734587233946733,0.2911345551988654,0.2354067214064612
d9449a6730d848570ee311a9,2024-05-11,heavyweight,Decision,0.3497065234546191,0.5273852110358441,0.12290826550953673
a8bed7a2d2d40766423dceb9,2024-05-18,middleweight,Decision,0.42322513025680925,0.40775461167663785,0.1690202580665528
db2e4374a49ab25f5ec0dc0a,2024-05-18,bantamweight,KO/TKO,0.5298483007351128,0.3524289402612569,0.11772275900363036
3be1164cabf2e5d45f3c45b5,2024-05-18,bantamweight,Decision,0.45590629207730216,0.3719875179927425,0.1721061899299554
3fd54e9fa93e640c3802e176,2024-05-18,featherweight,Decision,0.49280196056102715,0.37650067470715676,0.13069736473181612
d535daa86964c2b555e0dca5,2024-05-18,welterweight,KO/TKO,0.4151055565051336,0.3904690325568346,0.19442541093803184
58732931566ff8038d67e1ae,2024-05-18,womens_strawweight,Submission,0.6695625493384758,0.20663917742722354,0.12379827323430065
07ce5e11ec24372dce1eade0,2024-05-18,light_heavyweight,Submission,0.3060272705669433,0.47023496602259957,0.22373776341045715
c20d7e2d4ccac0647c485cea,2024-05-18,womens_bantamweight,KO/TKO,0.552946626816388,0.271467739960158,0.175585633223454
dc832abfc5a2f3f0b0e3125e,2024-05-18,welterweight,Decision,0.40319420081380714,0.34148080075886805,0.2553249984273249
5ef58c611edc62275574db90,2024-05-18,womens_strawweight,Decision,0.6776785101378123,0.19489203299680324,0.12742945686538443
97edf385302354b149760b41,2024-05-18,lightweight,KO/TKO,0.4343266341675784,0.37281886098969436,0.19285450484272723
8e17356f2fda3a5192d31ede,2024-06-01,womens_bantamweight,Decision,0.6528336260895913,0.20186032930635095,0.14530604460405783
10c40b22ef9284e7de0ce72f,2024-06-01,middleweight,Decision,0.42054060940258414,0.44103315244678526,0.13842623815063063
79ff3b1a7d1bf92f16483213,2024-06-01,lightweight,Decision,0.5386582205642378,0.23818890683995012,0.22315287259581204
4b9696096d6fa5e9d5610ddc,2024-06-01,lightweight,Submission,0.38324114659856073,0.41860470260248084,0.19815415079895843
989ca4098373cae02934935d,2024-06-01,heavyweight,Submission,0.329272941573732,0.3963890479296991,0.2743380104965689
6b33e6c737a6684a25945237,2024-06-01,middleweight,Submission,0.4018393612307414,0.42820270757428597,0.1699579311949726
cfe0192361aad1fbe188ea64,2024-06-01,welterweight,Decision,0.4977816259925185,0.27152340659601565,0.23069496741146575
aabe4d2579baa78d78077059,2024-06-01,flyweight,Decision,0.42190702889923287,0.3104990724233118,0.2675938986774553
113ec2a83989aaec45d0a399,2024-06-01,welterweight,Decision,0.45788484416033765,0.3654753297185596,0.1766398261211027
0acc32af1154473e50db81c8,2024-06-01,welterweight,Decision,0.5322491476415202,0.31271693728574324,0.15503391507273662
41337cbd48bf4f84174dc20b,2024-06-01,welterweight,Decision,0.5602572142972663,0.3058947396867851,0.13384804601594857
3dee3aff7f82282e32f8df92,2024-06-01,middleweight,Decision,0.46264294650399307,0.42887028846112685,0.1084867650348802
518127b2dd8efe3a417831b3,2024-06-08,womens_flyweight,Decision,0.627736578564736,0.1981823511435014,0.17408107029176276
2e839f2de196517e8e246d12,2024-06-08,bantamweight,Decision,0.5252328071847171,0.32266988721581774,0.1520973055994652
bf7ea6fdb51531c8d451a756,2024-06-08,middleweight,KO/TKO,0.3951071989148814,0.4260106095597932,0.17888219152532542
7de1c7f30e70c0054157559a,2024-06-08,welterweight,KO/TKO,0.4141263430236298,0.44540843367756666,0.14046522329880354
25d7d7c1927b76a34bdc14d3,2024-06-08,bantamweight,Decision,0.6281805305839011,0.25687787261191924,0.11494159680417956
0ddcfb11315e9923a41bb2c7,2024-06-08,light_heavyweight,KO/TKO,0.37463862515895285,0.5054141294503226,0.1199472453907245
e8438ef0c8ba3780dc2b45d9,2024-06-08,womens_strawweight,Decision,0.4737638940945857,0.27252145834389246,0.25371464756152196
d20e183e0125d6ec0f2db68e,2024-06-08,middleweight,KO/TKO,0.45737232244736203,0.3805101943466164,0.1621174832060216
a1e8bfab94288f7370f435d3,2024-06-08,bantamweight,Decision,0.5763646955137054,0.3065362435727471,0.11709906091354756
e5d256c6836b448747c5b8c1,2024-06-08,middleweight,KO/TKO,0.34380710571928086,0.33028394208019785,0.32590895220052124
70272da7c95cd179af6cf4d3,2024-06-08,welterweight,Decision,0.38479788620828115,0.41436991068006,0.2008322031116589
144bac7646d283547cc8b638,2024-06-08,bantamweight,Submission,0.4160487389310472,0.30113088454171466,0.28282037652723824
19bc980d805f14744f6823af,2024-06-08,womens_strawweight,Decision,0.5933968728778369,0.23722152553357356,0.16938160158858948
8f81053df7a5953b7491f734,2024-06-08,lightweight,Decision,0.5414009902111383,0.29081159849706817,0.16778741129179367
79440448cd3fec28695e7dec,2024-06-15,flyweight,KO/TKO,0.33444260410425697,0.4087858870808712,0.2567715088148717
6c45fb565fbf14ea75c4fdcd,2024-06-15,flyweight,Decision,0.4864921828316696,0.250266927530649,0.2632408896376814
14d2774e1d1f3fd5e1c6dbc7,2024-06-15,bantamweight,Submission,0.578851603082418,0.2907786270740324,0.13036976984354964
f5dfccd531de267b99e1f070,2024-06-15,womens_flyweight,Decision,0.5681671876109844,0.2411931314846149,0.19063968090440078
493d3aa0ab1d0278e2da7639,2024-06-15,bantamweight,Decision,0.5918131978742864,0.3016573079644673,0.10652949416124627
763a5efe7035e062f2c0b690,2024-06-15,featherweight,Submission,0.37662002180937165,0.3739547180702295,0.24942526012039887
1fed94581536b612e2fb59a6,2024-06-15,flyweight,Decision,0.3673520847776007,0.27332106923222377,0.3593268459901755
41d8ef2e34a39925ad4e75f9,2024-06-15,womens_strawweight,Decision,0.5781440635173474,0.213657879865277,0.2081980566173757
f988066efa595e7f87d49d22,2024-06-15,welterweight,Decision,0.4366517777812209,0.3971260136940779,0.1662222085247012
19dddb26aefce6783b18baf6,2024-06-15,featherweight,Submission,0.4842497029945197,0.3382305321417382,0.1775197648637422
9a8f34cfdca8efcd4558a8b7,2024-06-15,featherweight,Decision,0.5436859216291956,0.3279372054089244,0.12837687296188005
37d4488fc8163313b1231aae,2024-06-22,light_heavyweight,KO/TKO,0.34209663622163683,0.5268555584502935,0.13104780532806956
7cf1ccb04fb7f586000618cd,2024-06-22,middleweight,Decision,0.5967738812555996,0.29961446559274524,0.10361165315165503
0a2c033e657e7440fa8aa8de,2024-06-22,bantamweight,Decision,0.4841783157602255,0.3060326978179189,0.2097889864218556
6d76913c436ce9ce53210b04,2024-06-22,light_heavyweight,Decision,0.3054190102739759,0.5404657281453127,0.15411526158071143
1a036b09296210df95e21b1d,2024-06-22,featherweight,Submission,0.4454081584613092,0.37063819371621415,0.18395364782247672
fc3424ff1e489f76836e8acd,2024-06-22,lightweight,Decision,0.5844815201355499,0.2947630187745619,0.12075546108988816
dcdb4b3fb3f9b4843ea57bb4,2024-06-22,welterweight,Decision,0.5790620138732512,0.28450393749702924,0.13643404862971953
65451ad06adc1f6bd89a8674,2024-06-22,middleweight,KO/TKO,0.35672768411287387,0.5287218249098246,0.11455049097730155
a1d5af9825d34f2535d592ad,2024-06-22,heavyweight,Decision,0.3549828364323024,0.5359638734253724,0.10905329014232523
a0aecd3b3aa3acaa0c742fc0,2024-06-22,middleweight,KO/TKO,0.49365008876760036,0.33867130367517423,0.16767860755722536
af244485111bd9dd30c97866,2024-06-22,bantamweight,Decision,0.40139384272865164,0.3299408385133731,0.2686653187579753
7c694c3870edbf3861bf90ae,2024-06-29,light_heavyweight,KO/TKO,0.34405135279274607,0.5370781331120551,0.11887051409519889
1669e7c3c0104261e38941ae,2024-06-29,heavyweight,Decision,0.4577469875023245,0.3893297456878036,0.15292326680987184
6f03e907877bb17aa05774b7,2024-06-29,light_heavyweight,Decision,0.4559811899487627,0.3884237749257361,0.15559503512550113
9fcb0c56f33fc5b61e47d0b7,2024-06-29,featherweight,KO/TKO,0.43059361869206936,0.4296962879414972,0.13971009336643347
bc237d1b3aa5dfe665961429,2024-06-29,featherweight,Decision,0.5567347861873618,0.3206289591517906,0.12263625466084746
7508a78c4629ff995495dbbd,2024-06-29,catch_weight,Decision,0.2846265280151793,0.427492364056566,0.2878811079282547
1885b9c154714adfa0a9f0ee,2024-06-29,welterweight,Decision,0.5984926650435093,0.283165231552843,0.1183421034036476
3a544bc796aa4992d5fe2c75,2024-06-29,middleweight,KO/TKO,0.4536183296933641,0.3546772203135017,0.1917044499931343
a276808076c8af27cad7f2ff,2024-06-29,womens_bantamweight,KO/TKO,0.5036220729340586,0.24286042201436694,0.2535175050515745
94dc3b686c902429728324a6,2024-06-29,womens_strawweight,Decision,0.6065131168463788,0.18044783748244395,0.21303904567117715
3d80286353ae673cbbea021b,2024-06-29,bantamweight,KO/TKO,0.4560499168390742,0.3342905090144487,0.20965957414647712
d4d6b8ea5bd50709089f7bc0,2024-06-29,flyweight,Decision,0.483692734059935,0.3519285694326134,0.16437869650745163
70c74e2537b1f6d717d6a580,2024-06-29,bantamweight,Decision,0.574083703605838,0.29432851943968136,0.1315877769544807
df9f3189d74a76849525e5d0,2024-07-13,lightweight,KO/TKO,0.4031870153986599,0.4572976419222708,0.13951534267906918
930fcb9f98b6403d004a10a2,2024-07-13,welterweight,Submission,0.5904448532993375,0.2785937572671108,0.1309613894335517
752309c3bca8093f692b1373,2024-07-13,welterweight,Decision,0.4625243785379354,0.2893598307128926,0.248115790749172
8ad7692e5b972dd4a7267c02,2024-07-13,womens_flyweight,Decision,0.5749028606450622,0.23281668768624025,0.19228045166869767
12131907a7300a3995c0f29f,2024-07-13,middleweight,Decision,0.4488261359685152,0.2904556642243276,0.26071819980715716
46e97615d7088624ce11ccd9,2024-07-13,flyweight,KO/TKO,0.5838551508930729,0.2730591966464755,0.14308565246045157
d8807ddb36ab019a53c30d15,2024-07-13,featherweight,Submission,0.4795672534475275,0.2836577636797463,0.23677498287272616
85ca4854cd014ce8c4b31d7c,2024-07-13,womens_flyweight,Submission,0.5263909245429901,0.24949734580864957,0.22411172964836032
ddcbb740cdb42e2859e3ca1d,2024-07-13,bantamweight,KO/TKO,0.4544601898697014,0.3471899996212783,0.1983498105090203
41c64f492689442222f3aa5d,2024-07-13,womens_flyweight,Decision,0.6077709439576154,0.24259303846763025,0.1496360175747542
1d14aed9e7e615e94ffe9351,2024-07-13,welterweight,Decision,0.5384891519204105,0.3495111071492463,0.1119997409303433
1a1f05ea93dfb2cef5441150,2024-07-20,womens_strawweight,Submission,0.45710002773432784,0.33847820370878595,0.2044217685568862
1802198470e4d36f13b9a300,2024-07-20,bantamweight,Submission,0.4911261200953264,0.34246256217493004,0.16641131772974357
52f6aa2624ec3c51c8435cc4,2024-07-20,flyweight,KO/TKO,0.4603402032449798,0.39759918416628837,0.14206061258873193
8d11b4f1eb76e9b46dbfa43c,2024-07-20,featherweight,KO/TKO,0.4331968495494634,0.43019506280261216,0.13660808764792437
fb73b101f05286253264c95b,2024-07-20,featherweight,KO/TKO,0.5231428512730503,0.28302278535450376,0.19383436337244586
92839e130f117882696a849a,2024-07-20,lightweight,Decision,0.45530125385477765,0.3195200329978768,0.2251787131473455
d8fe945f52c4101fdb8bc15b,2024-07-20,lightweight,Decision,0.607587950181032,0.24884674525337766,0.14356530456559047
4833ad51744b121d927b82e5,2024-07-20,womens_flyweight,Decision,0.6408018074150346,0.20454462279152943,0.15465356979343595
5d08d6d735d021c218d42bec,2024-07-20,womens_flyweight,Decision,0.6665842346995532,0.17070072289074298,0.16271504240970397
26a9e6c978b8d211b6443478,2024-07-20,heavyweight,Decision,0.5008467051553918,0.3937881807638625,0.10536511408074559
9f2b2e8e992c8c2d56b31b48,2024-07-20,featherweight,KO/TKO,0.4176347875921219,0.4074975046364467,0.17486770777143143
097b47cf0fd70817100149e1,2024-07-27,featherweight,Decision,0.5951954819875407,0.2853364154006661,0.11946810261179325
a5ec3ef5260e3a28c3483b8b,2024-07-27,middleweight,Decision,0.41858901056734865,0.423030398674125,0.15838059075852642
9de739fe6020a6c9f3fae848,2024-07-27,bantamweight,Decision,0.5677837182568592,0.2506852063012107,0.18153107544193006
2e1d63b7961383b47d4f353a,2024-07-27,lightweight,Submission,0.43952074336051333,0.32971561572234986,0.2307636409171368
79cfa01484c3ea38f9f51531,2024-07-27,welterweight,Decision,0.5485454735306188,0.3153357984952912,0.1361187279740901
a5cad6e8a51f09bf4c7d852c,2024-07-27,heavyweight,KO/TKO,0.5110554201669648,0.3695060316301602,0.11943854820287492
d8173aa5dd83c7893f9af630,2024-07-27,light_heavyweight,Submission,0.4461093969967586,0.4296817348355807,0.12420886816766077
10d948ba3fb1d8e9bd8dd436,2024-07-27,womens_strawweight,Decision,0.6453239335227253,0.20227632565159553,0.1523997408256791
74af90aae5e78d1c1ad3cd9c,2024-07-27,flyweight,Decision,0.5571830566471371,0.25989741180562165,0.1829195315472413
4e85b5ea469de051613b5741,2024-07-27,featherweight,Decision,0.4272653829870341,0.28883003848567307,0.2839045785272928
513e525430fb53e61e0bc06f,2024-07-27,welterweight,Decision,0.5340541724104261,0.2471420098935984,0.2188038176959755
a91c178a8284b7aafa874169,2024-07-27,welterweight,Submission,0.38330223857431983,0.32323172975284364,0.29346603167283647
aece4c936f0671bad30426f7,2024-07-27,womens_strawweight,Decision,0.5824565256781673,0.24801626287566378,0.16952721144616895
73594b0e6c5d7117aadc2d01,2024-07-27,heavyweight,KO/TKO,0.2573024185495584,0.5931010519131088,0.1495965295373329
9ba92a6b223ce70a5def5ac7,2024-08-03,light_heavyweight,KO/TKO,0.4056882849929347,0.47793695311191825,0.11637476189514703
571fd99f2cea3cab0516a2a4,2024-08-03,bantamweight,Decision,0.4662982590314955,0.3378380511257605,0.1958636898427439
29050e1234307cff3226cdf8,2024-08-03,lightweight,Decision,0.5019665745581977,0.34336138180984743,0.15467204363195486
7966b9d988f1cc5340b09615,2024-08-03,lightweight,Decision,0.5974738368629514,0.2810978652144272,0.12142829792262129
45f6a77cf5bae11f69d9a8fb,2024-08-03,lightweight,KO/TKO,0.4222018076144082,0.34038080700572404,0.2374173853798677
1f40f703023ba1bd3b521781,2024-08-03,womens_strawweight,Decision,0.6362808839419994,0.1762696965514642,0.1874494195065362
d2025cddbf7cdc74c599ce2d,2024-08-03,bantamweight,Decision,0.5122579367445912,0.30467564373753286,0.1830664195178761
04bb77d8d0c872a4a2bc082a,2024-08-03,lightweight,KO/TKO,0.5096020943956855,0.2792962764032594,0.21110162920105513
a962037dba890b1e59b3c11e,2024-08-03,middleweight,Decision,0.43167265659947024,0.4177140551537338,0.15061328824679593
56741af4fb9164b3ceab34bb,2024-08-03,heavyweight,Decision,0.4927952975476003,0.4122046791184708,0.09500002333392885
ca0701d63a3f45561e4c49ba,2024-08-03,middleweight,Decision,0.4199207631205562,0.43832625065171404,0.14175298622772978
b008daa3b4c6db6c9f881827,2024-08-03,welterweight,Submission,0.4730409417355806,0.31081902416929513,0.21614003409512417
b4ace78f4c4b62732bf4877b,2024-08-03,womens_strawweight,Decision,0.560467929253075,0.29780207296988215,0.1417299977770429
63b290ed8d80110a23d74939,2024-08-10,bantamweight,Decision,0.48318298707406715,0.3682013232103279,0.14861568971560493
a88dc52e44b8276a684bb173,2024-08-10,featherweight,Decision,0.5306906537390584,0.2656505494743128,0.2036587967866288
6399ddb25f22d847585f6886,2024-08-10,welterweight,Decision,0.4027200186685147,0.43815843026265106,0.1591215510688343
b8b9c9039b433da4b20b5f90,2024-08-10,heavyweight,Decision,0.5584620833582807,0.32862287345221053,0.11291504318950878
961760ffcf08037002d97654,2024-08-10,womens_bantamweight,Decision,0.6710563148724235,0.19980019040612793,0.12914349472144857
7e7ce2895404f87c5266303a,2024-08-10,heavyweight,Submission,0.3349630934072201,0.5214228178025049,0.14361408879027512
12d0555dd382fcfab24b3392,2024-08-10,womens_strawweight,Decision,0.5771440248945422,0.22632421156103913,0.19653176354441868
96244b15517f4c3bda290b28,2024-08-10,bantamweight,Submission,0.511528632378631,0.31782791022375173,0.17064345739761724
909669ccdc04944ae9d1b468,2024-08-10,womens_bantamweight,Decision,0.6420470967543739,0.22430109510578347,0.1336518081398426
bd60f369b8760c4e98e32f96,2024-08-10,featherweight,Submission,0.5508342867786111,0.26759171490579287,0.18157399831559598
d0e5f0596a80603b43725079,2024-08-17,womens_flyweight,Decision,0.5052962750388932,0.24788019950068912,0.2468235254604177
34ba7fa3787854789b373bc3,2024-08-17,middleweight,Submission,0.5123695335475348,0.3519522604510137,0.1356782060014515
1ab2b260997db6bff8202e76,2024-08-17,featherweight,KO/TKO,0.4220907966985967,0.3025425861995355,0.2753666171018679
4864b0dc32f25c0902026983,2024-08-17,featherweight,Decision,0.5088169641406215,0.29834358145651546,0.19283945440286304
fe925f7d987d2688da86017f,2024-08-17,heavyweight,Submission,0.46962725143711076,0.4213119130491199,0.10906083551376942
91cf1c66c0aae10df4f68f3c,2024-08-17,flyweight,KO/TKO,0.5913225718041911,0.28243883530043185,0.12623859289537706
ae37c7930a26b186f933eb9c,2024-08-17,welterweight,KO/TKO,0.41010415415701734,0.46405406374657865,0.12584178209640406
64bf5b234df82a4717fa37df,2024-08-17,lightweight,Decision,0.5708240559770184,0.2944737565382225,0.13470218748475915
a8691859c32e637d35c7433d,2024-08-17,welterweight,Decision,0.47294397504585806,0.385866815296914,0.14118920965722812
9cef7cc38d059d1f8c348efe,2024-08-17,flyweight,Submission,0.40730482324548517,0.32658781978521545,0.2661073569692994
806133791825a62697b640f6,2024-08-17,heavyweight,Decision,0.3310770010465546,0.560998216793138,0.10792478216030754
e85cd4c789fe17ebf55b166c,2024-08-17,lightweight,Decision,0.42885300326352604,0.3947604134183262,0.1763865833181478
7871134a09675ac61dce31c5,2024-08-24,womens_strawweight,Decision,0.6811717038504282,0.20214412071469068,0.11668417543488105
d1b1774c0be9c2a23e1afdb1,2024-08-24,lightweight,Decision,0.41282352939085837,0.3672582638375998,0.21991820677154192
03f2e0f30d6778d93ed003c7,2024-08-24,middleweight,Submission,0.36475520259521543,0.37426195055380646,0.260982846850978
e36fc47ae8ddf929d7d70db2,2024-08-24,womens_bantamweight,Decision,0.6875220613327482,0.20645844002603278,0.10601949864121914
d27425d0f741578a348cf746,2024-08-24,middleweight,Decision,0.5169317853209532,0.34901586963962433,0.13405234503942234
7188747cdb0273a5acbad76a,2024-08-24,featherweight,KO/TKO,0.40139384272865164,0.3299408385133731,0.2686653187579753
47b86263700fd8ef79cea0af,2024-08-24,welterweight,KO/TKO,0.5683118442624606,0.3209893406389628,0.11069881509857656
a3f643c93410304590071638,2024-08-24,middleweight,KO/TKO,0.37981988632251956,0.3524371758155671,0.2677429378619134
d5f593ce2352af15183e59e2,2024-08-24,lightweight,Decision,0.41240281925785544,0.43216472952645796,0.15543245121568658
93204973199b855bffa0e265,2024-08-24,womens_flyweight,KO/TKO,0.5475052645025849,0.26687784421387223,0.18561689128354292
59d94d1306c4fa0cc5b39666,2024-08-24,middleweight,Decision,0.29173188781586656,0.3915995081702166,0.31666860401391683
7e324bf197dfe23d87cf3b37,2024-09-07,middleweight,Decision,0.43572995348356386,0.3016285102509486,0.26264153626548753
098a7ab058cb0919d2754437,2024-09-07,flyweight,Decision,0.5708537774876009,0.2410861015726739,0.1880601209397252
84bdaaa1b9eacf71f68d786f,2024-09-07,welterweight,Decision,0.5281616313693345,0.29083365610999884,0.1810047125206668
3687ac6b259d61ee8fdcf7d5,2024-09-07,featherweight,Submission,0.3952578018523597,0.36387798293156653,0.2408642152160737
520ab8059fa083df9466b8de,2024-09-07,womens_strawweight,Submission,0.5205978156277714,0.21755558029291064,0.26184660407931803
37543d1d6a400d3e6864fe4b,2024-09-07,womens_flyweight,Decision,0.5701968261813474,0.2911487516612285,0.13865442215742407
4891c35741f30e491ae624b4,2024-09-07,bantamweight,Submission,0.46856770504277834,0.29848847612654544,0.23294381883067633
3abd10663dd8be12d13c6cd1,2024-09-07,lightweight,KO/TKO,0.40789429746369377,0.30784452121441425,0.284261181321892
05620075d316a20238eb8fd9,2024-09-07,featherweight,KO/TKO,0.4101053820257652,0.40382037219365435,0.18607424578058057
b76888405cc10f4682091f54,2024-09-07,lightweight,Decision,0.48958198567919564,0.3644065686579533,0.1460114456628511
fde085a48d0a96f2360b6382,2024-09-07,featherweight,Decision,0.5615370919525098,0.2501996283142795,0.1882632797332108
45ada03471594e17da40af4a,2024-09-07,featherweight,Submission,0.40139384272865164,0.3299408385133731,0.2686653187579753
b32a701a44b0d95605d7c908,2024-09-14,womens_flyweight,Decision,0.6047089513373247,0.24861648301344297,0.1466745656492323
f2ff0c6a9bbd4b5eae926db1,2024-09-14,featherweight,Decision,0.4162468989603951,0.3549913510440388,0.22876174999556612
09fa80261d93813008aaa022,2024-09-14,lightweight,Decision,0.573218017441329,0.27963396189665873,0.14714802066201213
c72915269d9a5169f4bdbe0b,2024-09-14,flyweight,Decision,0.4238967308827858,0.3222125750472273,0.2538906940699868
3b8c650614dfc5493a3b1bd9,2024-09-14,womens_bantamweight,Decision,0.6822284572376827,0.2065662356511918,0.11120530711112561
d5a12c28b25082427278edbe,2024-09-14,lightweight,KO/TKO,0.4102559945953847,0.35421183226729874,0.23553217313731664
d767088f51b6e7714e8d7645,2024-09-14,bantamweight,Decision,0.3777204285063266,0.3281372971700751,0.29414227432359835
3ec64b31845ac4f1cb2f5a4c,2024-09-14,flyweight,Decision,0.4177322014254132,0.305317955633512,0.2769498429410748
75df11c187e283ce3ab3b3de,2024-09-14,bantamweight,Decision,0.5043468790305979,0.36458976290497297,0.131063358064429
1288aee9afdb2d374cc3012a,2024-09-14,womens_strawweight,Submission,0.5848158198917064,0.2641709190202012,0.15101326108809246
245096e15704e2540393d97d,2024-09-28,womens_bantamweight,Submission,0.6848237771724909,0.18434561600760355,0.13083060681990558
60d8f7e0b676daa7ac15f065,2024-09-28,lightweight,Submission,0.6080729574417963,0.2607799761835932,0.13114706637461046
7030ef6d4542c58352a49bba,2024-09-28,flyweight,Decision,0.4685949427371945,0.38427809183770245,0.14712696542510306
6ebd9ffc7a13c46ca71bd8aa,2024-09-28,lightweight,KO/TKO,0.4801467545497286,0.3392934409303592,0.18055980451991221
3e276600eba4e29cd38e2cca,2024-09-28,light_heavyweight,Decision,0.3487108122130943,0.5133000948941417,0.137989092892764
dc350102307a004ad39adb01,2024-09-28,welterweight,KO/TKO,0.42644300160315723,0.3457762067230996,0.22778079167374315
105253273d1654f9a2beee86,2024-09-28,lightweight,Decision,0.48968002193196664,0.3196734249897005,0.19064655307833284
50aafa48176dfa0137faaa73,2024-09-28,featherweight,KO/TKO,0.36894425302544714,0.3404724642352324,0.29058328273932044
ab00b1352f514a47b8e37dc0,2024-09-28,middleweight,Decision,0.5558155836079361,0.26239319390894217,0.1817912224831217
87ccdba10c40f4bdcf843017,2024-09-28,womens_bantamweight,Decision,0.6972532336576479,0.19102207991255968,0.11172468642979244
88572ee2955c4e9d956110a0,2024-09-28,light_heavyweight,Decision,0.30112170588539194,0.3781591866796502,0.3207191074349579
7e74c10fa13302f3fb7dd90e,2024-09-28,lightweight,KO/TKO,0.34162514659410254,0.41450881104742193,0.2438660423584755
0c580a243e221bbb34761e5e,2024-09-28,bantamweight,Decision,0.6175791662547455,0.2724161569032884,0.1100046768419662
c2a55835ec8fc920f3adf40e,2024-09-28,featherweight,Decision,0.5079257001403713,0.30814497036977456,0.18392932948985408
c1c94449aa8da08edf6e1dff,2024-10-05,light_heavyweight,KO/TKO,0.2636845120190071,0.637025559260481,0.09928992872051184
7c56376f5bee90553ebe1f91,2024-10-05,lightweight,Decision,0.5943175385170795,0.2901381211844854,0.11554434029843506
42c9a2d2c6e47f7150c3c7b8,2024-10-05,womens_strawweight,Decision,0.6845607247875176,0.18810799766516267,0.12733127754731965
1972bb7a08946b356c1315c6,2024-10-05,middleweight,Decision,0.41598469945857924,0.4408138378147943,0.1432014627266265
401cf3772c7ad44839360dba,2024-10-05,welterweight,Submission,0.587625377378437,0.2822957042295903,0.1300789183919727
57b18397eb6dda68408204e5,2024-10-05,bantamweight,Decision,0.5879670128034078,0.2625963624739488,0.14943662472264327
144f8ee9b6fd2c722b5d25ce,2024-10-05,womens_bantamweight,Decision,0.5635980282450436,0.1846386969213165,0.2517632748336399
e443e39fbfefcebc6b107ee9,2024-10-05,womens_strawweight,Decision,0.6757778711285191,0.1871116324820137,0.13711049638946718
d310221180298a0117347d09,2024-10-05,womens_bantamweight,Decision,0.5771433512968953,0.23836268077604933,0.18449396792705533
c6f824443fc9c84e876b488c,2024-10-05,middleweight,KO/TKO,0.5064417341299599,0.3223886106139082,0.17116965525613195
ce5cad2d9a093f6848c1c837,2024-10-05,light_heavyweight,Submission,0.3102747152547493,0.4717683728170144,0.21795691192823627
1956b00acb148792dba1a315,2024-10-05,welterweight,KO/TKO,0.5525588397017711,0.34180770314465103,0.10563345715357798
4840224751a56333d055fc7a,2024-10-12,middleweight,Decision,0.5707327150634236,0.276065867401169,0.15320141753540747
a727672cc9664edda540ef4e,2024-10-12,flyweight,Decision,0.35931838981122227,0.33746462006352923,0.30321699012524844
c9b19587d5b0943492e92d4b,2024-10-12,welterweight,Decision,0.42294806200516105,0.39773566696881796,0.17931627102602107
75c7c56dd807d68045a4386a,2024-10-12,flyweight,KO/TKO,0.4976295323355545,0.3418980980257614,0.16047236963868408
8e2cca02f188a62e86ed9e5d,2024-10-12,flyweight,Submission,0.4279575217015996,0.29446557283366315,0.2775769054647372
559c2d014f7fdd130c04416c,2024-10-12,bantamweight,Decision,0.46434014450163735,0.2830021682581399,0.25265768724022275
b2154563c4e05478fec46f76,2024-10-12,welterweight,Decision,0.5642943736887703,0.30149219508164166,0.13421343122958782
0cb8a11def43b8e9e64a987c,2024-10-12,lightweight,KO/TKO,0.5456695813619916,0.24912931682776313,0.20520110181024528
a9a12f6db5392e7212061c76,2024-10-12,featherweight,Submission,0.43053235584967275,0.2845643273671607,0.28490331678316655
da2b4cb4a1dece7e1cddce4b,2024-10-12,womens_strawweight,Decision,0.6134592451221136,0.20280518140189563,0.18373557347599076
6006b5e7b981df4da946cb96,2024-10-12,heavyweight,KO/TKO,0.3126240617364742,0.5315979711380203,0.1557779671255055
d6fa07076c71693c51694206,2024-10-12,welterweight,Decision,0.4439601287050481,0.3884893889761313,0.1675504823188206
abcc6a4ab3920f6a692e9eee,2024-10-19,middleweight,KO/TKO,0.3611060529921505,0.37222196963055587,0.26667197737729365
9e275e378f98707802ff3485,2024-10-19,heavyweight,Decision,0.3113109234302719,0.5532554709969807,0.13543360557274725
412a5bf196b840083c98f4cb,2024-10-19,bantamweight,Decision,0.5491300476518702,0.2451598590943438,0.20571009325378592
8109c8b9fae6d7c0aec54bea,2024-10-19,flyweight,Decision,0.5548155439434084,0.3015438400039291,0.14364061605266257
0971e4c0e50a7ee704277ff9,2024-10-19,featherweight,Decision,0.4625664275231701,0.2902069726469574,0.24722659982987266
8e8bc92bd61bc4fcf37df834,2024-10-19,bantamweight,Decision,0.4620074401730589,0.3182968848814975,0.21969567494544354
7f31ec33285ef5018378b5ff,2024-10-19,womens_strawweight,Decision,0.6559914150586837,0.20624166151675866,0.1377669234245577
f37b3852170b4e3e133af446,2024-10-19,womens_bantamweight,Submission,0.6247036970479832,0.21205549300360116,0.1632408099484157
79e0b62af359301a3c381318,2024-10-19,flyweight,Decision,0.5264174364903167,0.25623090851121605,0.2173516549984674
4798c8fae376043513d3f4d2,2024-10-19,womens_strawweight,Decision,0.6387409128894281,0.20529689265252557,0.15596219445804632
497026b88b1c9f6fe365d724,2024-10-19,bantamweight,Decision,0.574753490964249,0.2923410943859016,0.1329054146498494
64b6b3f836693e4882af28cc,2024-10-26,middleweight,Submission,0.3894682571659286,0.466456924211771,0.14407481862230037
d083631584ac1c4442af2f54,2024-10-26,featherweight,Decision,0.5959085175665408,0.25949639728418983,0.14459508514926933
0fb2c51f918d8f2c887a3970,2024-10-26,welterweight,KO/TKO,0.5739120338897423,0.303483607418067,0.12260435869219073
4a0a7c62b38099ba662d7540,2024-10-26,light_heavyweight,KO/TKO,0.3669025732284094,0.4882902589186312,0.14480716785295955
c481a4e5d3c8d48d2a063795,2024-10-26,featherweight,KO/TKO,0.4736415477203324,0.3642971788129858,0.16206127346668195
e98deb41ebb14639db7c7876,2024-10-26,middleweight,Decision,0.5566438747054461,0.33548535321260475,0.1078707720819491
8c84124df2963190592ada9e,2024-10-26,heavyweight,KO/TKO,0.35207438656845397,0.5199054556557677,0.12802015777577833
79fce42379f8108d722fa309,2024-10-26,featherweight,Decision,0.5954901678254911,0.29200540181774837,0.11250443035676053
df658a10c24790baf29d4ee5,2024-10-26,light_heavyweight,Decision,0.5393869250644188,0.3544709384323586,0.10614213650322266
c1770a29dd92cea4a6f380c4,2024-10-26,catch_weight,Decision,0.4594492061561116,0.2948991405451907,0.2456516532986978
fa23b82570604d8dd9c63e98,2024-10-26,welterweight,Decision,0.47418088952873877,0.3424377944566577,0.18338131601460356
39f8f786e1f44eddf18e1470,2024-10-26,middleweight,Submission,0.3521478420823219,0.44588973048559394,0.20196242743208423
17cb3fa1910244939c601a11,2024-10-26,middleweight,KO/TKO,0.5831705673672215,0.29851916589035865,0.1183102667424199
f369464f1180832f1d8b7c25,2024-11-02,bantamweight,Decision,0.5817153121387171,0.30192270297988116,0.11636198488140166
e1741bf2713d935c14028fb4,2024-11-02,heavyweight,Decision,0.400879495810495,0.3757548646461681,0.2233656395433369
6025d5b28df7b99fb482dcce,2024-11-02,womens_flyweight,Submission,0.6295979876241063,0.2011922439365738,0.1692097684393199
55b1b3ca9a1864952fc3a120,2024-11-02,flyweight,Decision,0.5210680390133496,0.29762063674201167,0.18131132424463872
88f856cc39f5020603b0cb4d,2024-11-02,light_heavyweight,Decision,0.45042884432532887,0.3926941871110055,0.15687696856366562
1f3e2215dc098945c449f796,2024-11-02,bantamweight,Decision,0.5520250648937701,0.2827699539714851,0.16520498113474477
fcff3a20a805946dcbc5b1f1,2024-11-02,bantamweight,Submission,0.561637915419998,0.2977745456853876,0.14058753889461442
abebc636424c238657d451dd,2024-11-02,womens_flyweight,Decision,0.6016212971447085,0.22143059978601973,0.17694810306927178
4ac4778bb7788aaec05d064c,2024-11-02,featherweight,Submission,0.5979471095769145,0.22229854959424036,0.17975434082884498
6baeb93f8c6f6b9bd33db412,2024-11-02,womens_flyweight,Decision,0.5932686322046883,0.18206716646073995,0.22466420133457174
dcc9895cbd8b3c0b07f46767,2024-11-02,middleweight,KO/TKO,0.4792646484795567,0.31246541840532815,0.2082699331151151
671290c0c6844812078884b0,2024-11-02,welterweight,Decision,0.4211949174948569,0.37386945307240543,0.20493562943273771
c56faacbd23e859d15f773a4,2024-11-02,bantamweight,Decision,0.605576839185137,0.26648802715026604,0.1279351336645968
775087a13644ddbfe20dc426,2024-11-09,bantamweight,Submission,0.48487520690515956,0.3182316081448656,0.19689318494997476
1019552fdbf1a6c9ac7389ae,2024-11-09,welterweight,KO/TKO,0.47187716589606177,0.35292459706344265,0.1751982370404956
0e948b30e911a8028bcd9511,2024-11-09,bantamweight,Decision,0.5022586595295631,0.32764794352703847,0.17009339694339853
4fa91a1cfb6740cb784e067a,2024-11-09,middleweight,Submission,0.381337749296904,0.3263512114209012,0.29231103928219476
82c4427e3f9514cdeb328735,2024-11-09,womens_strawweight,Decision,0.5934788081394343,0.23798585287658375,0.1685353389839819
4493bfb4dc8c9613ac38e90c,2024-11-09,womens_strawweight,Decision,0.547541111561658,0.2197204207205565,0.23273846771778545
3a681fdfbe596d2fdcae3f62,2024-11-09,middleweight,KO/TKO,0.41981879786687487,0.3896289275124503,0.1905522746206748
6b3506aa31679bb23befa70d,2024-11-09,welterweight,KO/TKO,0.4725142112594315,0.39613338554150057,0.131352403199068
c3c4de6fa97914db9f9aff63,2024-11-09,womens_bantamweight,KO/TKO,0.5520762924120818,0.2445034259777803,0.203420281610138
1977ecf38fd0fee16b089735,2024-11-09,welterweight,KO/TKO,0.36680407082306643,0.513321426692797,0.11987450248413654
97dc41469e9c9287cb5fd305,2024-11-09,middleweight,Submission,0.4724988827789094,0.31302541428510244,0.21447570293598828
043847b8441b879d0f429697,2024-11-16,welterweight,KO/TKO,0.6015093309418665,0.2675630838645441,0.13092758519358932
4167d3f6070971c8b9d1fde2,2024-11-16,middleweight,Decision,0.3245170312521412,0.35792439550531185,0.3175585732425469
9f92f3cfd66a55be8006ffb2,2024-11-16,lightweight,Decision,0.33162482804641924,0.41102144741344615,0.2573537245401345
54cc8d7bd582e5171cc7f70b,2024-11-16,lightweight,Decision,0.4789322432853185,0.34441252371209546,0.17665523300258595
bce7b7de58b92db963e36818,2024-11-16,lightweight,Submission,0.4752949037241146,0.29394177824092543,0.23076331803496006
3e7b3ef93a01e95602563df6,2024-11-16,heavyweight,KO/TKO,0.4410096860496264,0.45323093003380427,0.10575938391656939
fa0177ce9126280f55a43082,2024-11-16,bantamweight,Decision,0.4787152383772708,0.3665819482198701,0.15470281340285902
b5c28155a6e12ff7a5ce6f50,2024-11-16,heavyweight,KO/TKO,0.5400418916901261,0.3514091038293124,0.10854900448056162
03e4a0968b9c873a3c75fe66,2024-11-16,catch_weight,Decision,0.3028264283115425,0.5156048965630595,0.18156867512539793
017db93038090457a9f2ad7f,2024-11-16,welterweight,KO/TKO,0.39387269739271824,0.2930756479014877,0.313051654705794
a7c487f94464423d6463a35e,2024-11-16,womens_flyweight,Decision,0.6147910957070007,0.23521519320694054,0.1499937110860587
46332285a7b69c9d2a12da53,2024-11-16,womens_flyweight,Decision,0.5580955411132102,0.22813402600105273,0.2137704328857371
8811b8fcd2100494af6f8cd5,2024-11-23,bantamweight,Decision,0.40139384272865164,0.3299408385133731,0.2686653187579753
1c95d96871ede2553b9ef069,2024-11-23,flyweight,KO/TKO,0.40139384272865164,0.3299408385133731,0.2686653187579753
c23bd1c8a9009f9e2aa0618e,2024-11-23,flyweight,Decision,0.40139384272865164,0.3299408385133731,0.2686653187579753
b6619e5bf2b8cb1dcad50e13,2024-11-23,lightweight,Decision,0.39461597174646124,0.45685984401012053,0.14852418424341823
e18d6be41f88d838a0ea1d5a,2024-11-23,flyweight,Decision,0.4963813774932997,0.3432796573871592,0.16033896511954113
bd0443c550f1a30b6b7d0b7f,2024-11-23,bantamweight,Decision,0.48455221559885947,0.35576372159301717,0.15968406280812342
0ff5951760ba7570bb749166,2024-11-23,womens_strawweight,KO/TKO,0.4674856975520354,0.26114866757910565,0.27136563486885895
c6ef3b68243861a699dbc860,2024-11-23,welterweight,KO/TKO,0.49179136910029153,0.38121787510142535,0.126990755798283
958a5e46c9010601ebb8d398,2024-11-23,light_heavyweight,Decision,0.35031123523060753,0.5255972924650792,0.12409147230431322
77418b65aac3f975237beb9e,2024-11-23,womens_flyweight,Submission,0.6162802237221332,0.2556795263766996,0.12804024990116714
8d8a818c9f17c009e3b85bf9,2024-11-23,bantamweight,KO/TKO,0.5949678341940462,0.2553772382699209,0.14965492753603293
4a920eff3f6c4c24152c2d9c,2024-11-23,womens_strawweight,Decision,0.6908966171938562,0.1964851393394789,0.11261824346666494
ab152d7ea0e03fcd72fe5e3e,2024-11-23,light_heavyweight,KO/TKO,0.3060606924157843,0.5550022334279687,0.13893707415624693
8bec3556efa0aff00fc6942a,2024-12-07,flyweight,Submission,0.444588773947548,0.3692167080959523,0.18619451795649958
9635f631a62e6cac838fac30,2024-12-07,featherweight,KO/TKO,0.5111412065043877,0.24811293649740074,0.2407458569982117
0304da4371ba534498bbfa00,2024-12-07,catch_weight,KO/TKO,0.5081144788872922,0.3269969367731253,0.1648885843395824
b7f0d52ab8dd1cb8f75d38c6,2024-12-07,heavyweight,Decision,0.5120169894578193,0.3774034978323255,0.11057951270985526
228014fdd9ac575ec9d83932,2024-12-07,lightweight,Submission,0.42505194423325066,0.3166068872421157,0.2583411685246336
b17d607483172d5ebfb86b98,2024-12-07,flyweight,Decision,0.5427994063964047,0.2844728515789765,0.1727277420246188
5fcd9b73e591e02031a00a9e,2024-12-07,light_heavyweight,KO/TKO,0.35739299346405284,0.477045445656543,0.16556156087940416
3e73e0845cfe08a1abaa6d7f,2024-12-07,heavyweight,KO/TKO,0.44487983855447943,0.41988777578789904,0.13523238565762152
034ec1f2c225729b14c0dfca,2024-12-07,welterweight,Submission,0.5664588601802926,0.26660503811356934,0.1669361017061382
ba2176c71f65397aaa94d50a,2024-12-07,featherweight,Decision,0.6268057698175808,0.2301640585573427,0.1430301716250763
44dbc5139ac2ed24c255f5cc,2024-12-07,featherweight,KO/TKO,0.43059758507202256,0.37536192181242084,0.19404049311555666
9f2b7751f55b139930a7745b,2024-12-07,welterweight,Decision,0.3988004682818017,0.38956241624875865,0.21163711546943967
23e3d1acad9c979ed26efd91,2024-12-07,welterweight,Decision,0.3406707284804836,0.43646490072954086,0.22286437078997545
2bee7e4cb43cb0eed55b0645,2024-12-07,welterweight,Submission,0.4729158459132248,0.3652443298011711,0.16183982428560417
f0b0735efef392fe0658fcdb,2024-12-14,bantamweight,Decision,0.443177899817258,0.42514365385450403,0.13167844632823802
bec4c121d2e352da409b0252,2024-12-14,welterweight,KO/TKO,0.5384812356258734,0.3550470991651353,0.10647166520899129
7915719a146e85eb8bf4ac4e,2024-12-14,featherweight,KO/TKO,0.5316883655924228,0.3076518784252996,0.16065975598227744
7b9f48d7590f393ee2bc937d,2024-12-14,bantamweight,Decision,0.6176024333115694,0.27027676593391886,0.11212080075451174
14139c465fda81dd1f24724d,2024-12-14,lightweight,KO/TKO,0.44941152649931637,0.33105666539680767,0.2195318081038759
ee992fcfb2c3ec848b22bf51,2024-12-14,womens_strawweight,Decision,0.6613384683491688,0.20774530160292629,0.13091623004790506
a4bd67e5bf952f768ee5f2d7,2024-12-14,flyweight,KO/TKO,0.46810403698909653,0.39211524641767875,0.1397807165932247
3d0468e9f5fdbbc6bcf4b92f,2024-12-14,lightweight,KO/TKO,0.44837817915413447,0.4145100380289572,0.13711178281690842
8545cb07c6efcc3f4da59517,2024-12-14,featherweight,Decision,0.5516385777450238,0.26087921256061736,0.18748220969435883
01916ac920a0f4fd7230f3cb,2024-12-14,womens_flyweight,Decision,0.6790220413158903,0.19431647160814483,0.12666148707596495
282c2ae10a81491eae36a47a,2024-12-14,light_heavyweight,Decision,0.32553625934060854,0.5045391515398991,0.16992458911949226
92bbcef9c67dd1b7eb6c690e,2024-12-14,featherweight,KO/TKO,0.4976517039510588,0.31009528607454956,0.1922530099743917
1fcccda17da14ab9603a0f66,2024-12-14,light_heavyweight,KO/TKO,0.4332937690360887,0.39730396954086855,0.16940226142304277
