fight_id,fight_date,weight_class,fighter_a_won,probability,year
26b46336baf995109799d0e8,2019-01-19,lightweight,1,0.20766414339611522,2019
38913c7a553efd0ea27c4ce6,2019-01-19,light_heavyweight,0,0.5080805155322654,2019
8126ece57175e39d22722e5b,2019-01-19,welterweight,0,0.5380942565199802,2019
fb232738136fb41408e97318,2019-01-19,bantamweight,0,0.20377066335682575,2019
cbce63c7e16d47b29e74d88a,2019-01-19,lightweight,0,0.3143976846274605,2019
9a7c75d28b2227d353ffee0b,2019-01-19,light_heavyweight,1,0.377864727695778,2019
ed17d601382b0e1ee5f25834,2019-01-19,heavyweight,1,0.4789817538819896,2019
5678ee79359ee825af2c6cf6,2019-01-19,lightweight,0,0.3283529679915976,2019
25a9c1526fc208e6c7fe38c0,2019-01-19,flyweight,0,0.593023144236266,2019
7c630f0caa70766b4c9772ba,2019-01-19,womens_flyweight,0,0.36727209798750327,2019
16e5b4cb10bf8316f059f140,2019-01-19,flyweight,0,0.5501170090285781,2019
e290c1a53b53c40025a2f302,2019-01-19,welterweight,1,0.5150309268894919,2019
24cb0110e15bf9500f3a20ae,2019-01-19,womens_flyweight,0,0.2794857808539828,2019
8efd36d5f3360c4d96328383,2019-02-02,lightweight,1,0.5996430762168646,2019
414613fb990b2e1f8744a998,2019-02-02,welterweight,0,0.3230732409320571,2019
1b0fda4335818f786b8d6f2f,2019-02-02,featherweight,1,0.45215612325080085,2019
1953db6fe5b9744c1843dd12,2019-02-02,light_heavyweight,0,0.275696339652106,2019
1cd6203b9577bfd25372eb22,2019-02-02,featherweight,0,0.5089504276737596,2019
22cbf1de4862c931b9f97a10,2019-02-02,heavyweight,1,0.39005091300669337,2019
7342c697833ab7bab79bea3e,2019-02-02,womens_strawweight,0,0.27960407858236047,2019
f0a78186a92cdad28af6e943,2019-02-02,flyweight,0,0.6419926761139938,2019
4523cf854ff48df6d66ba36f,2019-02-02,womens_flyweight,1,0.5339970830019699,2019
34446cbf52a1732388aac036,2019-02-02,middleweight,0,0.5374915420379538,2019
5467de70ec0bbfc6ea3f127e,2019-02-02,bantamweight,1,0.6373971014867762,2019
15c9bca416c7204a3b9a9692,2019-02-02,bantamweight,1,0.40309471863967894,2019
f50a16321d311cfb1f168e8c,2019-02-02,welterweight,0,0.6888465014392674,2019
1d74549a59fbd93e268d0046,2019-02-09,lightweight,1,0.8042207899914989,2019
e4525ba53a52b5b0857e967c,2019-02-09,lightweight,0,0.30994124804332207,2019
896c12a96bf1da79303bc533,2019-02-09,middleweight,1,0.8622686890692621,2019
fcaa078b4857c278dceb747d,2019-02-09,light_heavyweight,1,0.343315766232409,2019
b253a6a048ba0dd83a41d3a3,2019-02-09,flyweight,1,0.6104313195072836,2019
4c10bda573f8c01d3c440405,2019-02-09,lightweight,1,0.7041585605992862,2019
5fe9e229550df4983795b5be,2019-02-09,womens_flyweight,0,0.31945410959366305,2019
5ad3dfcbceb50baabf4a06f1,2019-02-09,bantamweight,0,0.3228127539079475,2019
19c65e9f1f86ac03182841f4,2019-02-09,featherweight,0,0.2375874324668283,2019
b320535a9010e893cc6fe892,2019-02-09,bantamweight,1,0.5249038779259827,2019
ca6f6af371cc512b6d1734d5,2019-02-09,bantamweight,0,0.6031023164237455,2019
fb545f795d0e191fdab5bb79,2019-02-17,womens_strawweight,0,0.4829937065402848,2019
3a7293241a2a807fa182f6f5,2019-02-17,featherweight,0,0.5776328974128296,2019
90e1f32d8c4d591b474fd0de,2019-02-17,featherweight,0,0.6661342783782471,2019
3038757c3f23bac29c322002,2019-02-17,womens_flyweight,1,0.43903681258266236,2019
c015f09a4e1bf33ced9384e3,2019-02-17,bantamweight,0,0.6079662565894258,2019
5891d36900849c98a50352f1,2019-02-17,womens_strawweight,0,0.3426789332540418,2019
6959921b10f78a71e64300e8,2019-02-17,heavyweight,0,0.51763281958106,2019
657a85fc997ba3106e9c502b,2019-02-17,lightweight,0,0.6680867034451273,2019
ca78a58998323e4f9fdbc72f,2019-02-17,bantamweight,0,0.45993339488455753,2019
8cc10441cbf2614f8785b729,2019-02-17,bantamweight,0,0.4890336333432669,2019
6118a8c78447f0434395fc87,2019-02-17,lightweight,0,0.4887503705329027,2019
38cec55ae4c31d673c6a5cb7,2019-02-17,welterweight,1,0.7180950185774783,2019
9e4bab0c77a4e9c538d5684c,2019-02-23,lightweight,0,0.364614852255358,2019
e7306a3ff9867fb2e7e85ac2,2019-02-23,lightweight,0,0.3123706310006918,2019
c622965b0bcf635ba617dbb7,2019-02-23,featherweight,0,0.3726968578125829,2019
f6151b74f7346e29cfac2985,2019-02-23,welterweight,1,0.4397957099422992,2019
bb340698ea1e7e4cc05fe35d,2019-02-23,light_heavyweight,0,0.5417760430190247,2019
1f68dad92eb77d22953924b9,2019-02-23,light_heavyweight,0,0.3870884704244189,2019
f20354ebb869644c4afccb40,2019-02-23,bantamweight,1,0.7160322497998006,2019
68976dec066e7619e206ce8d,2019-02-23,womens_flyweight,1,0.4847990212525448,2019
56cbf3ea04dbca631e7d843e,2019-02-23,light_heavyweight,0,0.39127544190898667,2019
097be1f05c2d7e6e94d40303,2019-02-23,welterweight,0,0.7485119979866197,2019
63c32ebc206ee6106b382e72,2019-02-23,lightweight,1,0.39135686910098916,2019
fdd038da2b5f04c16971323a,2019-02-23,heavyweight,0,0.34071503552002597,2019
c89ca4669b8e6877497edfa3,2019-02-23,womens_flyweight,0,0.30692988812943234,2019
1b1fe5662b3d023466c64bc5,2019-03-02,bantamweight,0,0.6553473769096785,2019
947d498d822062457d1e667e,2019-03-02,bantamweight,0,0.4470695869339575,2019
0d13e65dd754b3f1bc58e7b8,2019-03-02,welterweight,0,0.6796707301325737,2019
54daae7c0fa28da8ca71a0f5,2019-03-02,middleweight,1,0.6313127769418294,2019
d15183f063880d7d4e9bbce1,2019-03-02,womens_bantamweight,0,0.3341844412773903,2019
5b92ec9d7c9365ea015380d9,2019-03-02,featherweight,0,0.22402238405933309,2019
e6b1f51548c2ef5176c0c18c,2019-03-02,light_heavyweight,0,0.07235236786270717,2019
a4499ea5511393f5c9bd2dbd,2019-03-02,light_heavyweight,0,0.3384307723061064,2019
593c1b1e6c82dec285a0ca06,2019-03-02,womens_strawweight,1,0.2217011106528216,2019
fb04d1b737f436ebc97b03b4,2019-03-02,welterweight,1,0.27277598817259713,2019
568a7229b4b06a6455408f13,2019-03-02,womens_strawweight,0,0.5891110799808351,2019
75fc305627143c9630ca9bf5,2019-03-02,welterweight,0,0.38866541475730637,2019
818abb53258da411751b41a4,2019-03-09,welterweight,0,0.41618411063205485,2019
2af546ec2d6b95fc63d0c56e,2019-03-09,lightweight,0,0.4666002716361225,2019
58e767357e6d5c8330f66f2f,2019-03-09,welterweight,1,0.6317250659563537,2019
aeb99a1990e3cb523a3641f3,2019-03-09,lightweight,1,0.7193393478860163,2019
57bb3b3ccfd9285941e2f474,2019-03-09,heavyweight,0,0.3693957339994101,2019
e0fd283d4ad215ea9c9ecb5f,2019-03-09,heavyweight,0,0.5281556363898056,2019
91dd9ae4e12f09809b994011,2019-03-09,welterweight,1,0.4694077085007985,2019
a822ba1d485f0fc8ac120f48,2019-03-09,featherweight,0,0.30459170299536414,2019
5b43785643265dac8e96f96a,2019-03-09,bantamweight,1,0.528072155462827,2019
33db1b31bad9e3c347f5d190,2019-03-09,womens_bantamweight,1,0.44862097894997927,2019
e992a27d67c8e35a59363798,2019-03-09,heavyweight,0,0.24854350416097437,2019
1598348e4d6680280ca7ecb1,2019-03-09,middleweight,0,0.42959239476858696,2019
5793b77c4043eadce8dbc1a1,2019-03-09,welterweight,0,0.4765173319526987,2019
3b895d43f522ada07f4959b0,2019-03-16,featherweight,0,0.25937978805368567,2019
6d70742b8f98faa563b821eb,2019-03-16,featherweight,0,0.35787994645861976,2019
ace5bfe86e4b0d6735973199,2019-03-16,welterweight,0,0.500344770515153,2019
353e4c10440a62ea4553e3ff,2019-03-16,welterweight,0,0.719134281673283,2019
20e86b5d807bb2dc387b78f3,2019-03-16,middleweight,1,0.7556735388336403,2019
f7dfb4e06c955b5b53ddc717,2019-03-16,welterweight,1,0.6999706181966201,2019
6cac406144299eba656c31c8,2019-03-16,lightweight,0,0.4485854709008634,2019
bf87589c5256203f65f72bbf,2019-03-16,featherweight,1,0.24191783655753146,2019
0cc779241aa11d55442d44dc,2019-03-16,womens_flyweight,0,0.24144190356796505,2019
9f29624a5aa95c6c6caf75e2,2019-03-16,bantamweight,0,0.37356752683224775,2019
8f38415a1100e141bbd92841,2019-03-16,light_heavyweight,0,0.5615216047523601,2019
10ac2affd027d19e4dc0a8e1,2019-03-16,light_heavyweight,0,0.3670511701401837,2019
e694a2560234a188ae42e974,2019-03-23,womens_flyweight,1,0.4149963854793306,2019
9c5f20dcf4b276ed3c4a12e7,2019-03-23,featherweight,1,0.6407687099415152,2019
de2f47976573bf170793803f,2019-03-23,heavyweight,1,0.5589376664793607,2019
f9b2cc6068c2ae45506e9313,2019-03-23,flyweight,0,0.6171349660712874,2019
6871ce208868dbd843118f56,2019-03-23,lightweight,0,0.5879047370564597,2019
3507718bfe13d92f6054b9ed,2019-03-23,flyweight,1,0.5252311532377333,2019
57da958cc94cc83554eaeebb,2019-03-23,featherweight,1,0.5107061719599838,2019
95a795d06d973c01bcfd4990,2019-03-23,bantamweight,0,0.14918520283171602,2019
ab7c36995971e72c6d2cbf53,2019-03-23,womens_flyweight,1,0.4778914980918853,2019
adccd3ef67929e7be8b0fb1f,2019-03-23,womens_strawweight,1,0.5047468021084597,2019
a6ca1f430b5ef469ba343397,2019-03-23,bantamweight,0,0.4440973873752348,2019
d9300b28ce089ff86c099e9b,2019-03-23,welterweight,0,0.5700091279762468,2019
84ee51fdab49a6792b09df2b,2019-03-30,bantamweight,1,0.6153646853472499,2019
b2272144ef0de0d983b37600,2019-03-30,middleweight,1,0.7663743095072811,2019
4d97ae90607b612a50988191,2019-03-30,lightweight,0,0.4000995237877512,2019
477250ca2a15d6683e877e00,2019-03-30,featherweight,1,0.29632188282019206,2019
f3fc62d38088caaf5eec0fe5,2019-03-30,featherweight,1,0.43481038994226184,2019
25a0d90348d39625a4f0314b,2019-03-30,womens_strawweight,0,0.5046179068558004,2019
889f1c72aefbecafdff832f9,2019-03-30,light_heavyweight,0,0.5862749637059163,2019
5396918119ed934b0af80bcb,2019-03-30,middleweight,1,0.7080576313491264,2019
9496decacd91b03a238021e2,2019-03-30,womens_strawweight,0,0.4082107283916008,2019
865dd8ea788e2e501a2f6b3d,2019-03-30,bantamweight,0,0.7560512597402144,2019
acba98dfe391a402c7725c1a,2019-03-30,lightweight,1,0.9037758286815872,2019
bce69a101b3313de146183e7,2019-03-30,womens_flyweight,0,0.6176560367465885,2019
12e81505192fb36cefeaab8b,2019-03-30,featherweight,1,0.5828866692788488,2019
3f60dec25b566435df7cedec,2019-04-13,welterweight,1,0.5502358782320685,2019
7e8869149838e8184f1e5273,2019-04-13,bantamweight,0,0.4249218648715122,2019
289890fb9419def12213ee83,2019-04-13,bantamweight,1,0.5408494795802388,2019
b784ab0811d40210660ce193,2019-04-13,welterweight,0,0.6311805943153502,2019
4ffab5007df4ff7646771e21,2019-04-13,light_heavyweight,0,0.7637255878708921,2019
33ebcc2e07caca97f069be07,2019-04-13,lightweight,0,0.826555012419937,2019
a7712c32403c49d7bbe8592a,2019-04-13,middleweight,1,0.7504624388026889,2019
cfbe4a97e3e72c4468debf09,2019-04-13,womens_flyweight,0,0.38255687313862935,2019
3ad810f66b297f4a1e28f412,2019-04-13,welterweight,0,0.4057199867305851,2019
5515c14ec2037b702fc825e9,2019-04-13,lightweight,0,0.8844926658433238,2019
e22e3562dae8dfff221df22f,2019-04-13,bantamweight,1,0.7492405844225541,2019
86ba5ba8d5b95634ce58b762,2019-04-13,light_heavyweight,1,0.44016610082167973,2019
1c9726808f14ddd59d42d22d,2019-04-13,flyweight,0,0.34187650998527885,2019
8de90dc8a38f56cfd96d944d,2019-04-20,lightweight,1,0.3303388011644392,2019
b9b4e5d3157c57087a7a77b4,2019-04-20,heavyweight,0,0.4011675579987435,2019
a13f15fd4cc899207fc13e71,2019-04-20,light_heavyweight,0,0.20755787625927616,2019
663b41c840a325072588a36b,2019-04-20,lightweight,1,0.7676494831467714,2019
1b6f229338f50db52565e59c,2019-04-20,middleweight,0,0.3496797935760853,2019
815560d234b6ccedda48743e,2019-04-20,lightweight,0,0.4994726056517169,2019
91f5f9dbe58e9a59f5f3a499,2019-04-20,heavyweight,0,0.6841390740827225,2019
f973994e8ab6d25d2f5f2c88,2019-04-20,featherweight,0,0.47942791902848003,2019
af7c348666716dc73218dc9a,2019-04-20,womens_flyweight,0,0.632646578749309,2019
7bb40837872b53468491b077,2019-04-20,heavyweight,1,0.41956254464820353,2019
7b6b18993ce6ee3086c6f10e,2019-04-20,welterweight,0,0.43758545097849116,2019
5f2baffa9f9e18070dd69e1d,2019-04-27,welterweight,0,0.6096915732208478,2019
b031eded632dd94461f4a954,2019-04-27,heavyweight,1,0.6454510362042473,2019
915cc3326771dcb5012f05cb,2019-04-27,womens_strawweight,1,0.49805102011274177,2019
cbe370d6e9437f7454094401,2019-04-27,welterweight,0,0.43850034513277814,2019
a3f24c5dfdbc1c1cb8b01ef2,2019-04-27,womens_strawweight,0,0.3164030587160684,2019
3f0c08354e145c02110fd0a2,2019-04-27,welterweight,1,0.4470601579600632,2019
6f066ff33c959ab559b7a1cb,2019-04-27,lightweight,1,0.6372727766066681,2019
cf0c668767f8f59b49b1d46b,2019-04-27,light_heavyweight,1,0.4016500861124848,2019
d7a529c7a59a0342b202024e,2019-04-27,heavyweight,0,0.2201292745523751,2019
810334f59f27e21035e1f127,2019-04-27,middleweight,0,0.4096822815896543,2019
56ca651437d7cc1d573c3970,2019-04-27,lightweight,0,0.6925432243235582,2019
64e530283564ae1339632e0b,2019-04-27,bantamweight,0,0.5966569806505297,2019
734a75344024157915995e4a,2019-04-27,lightweight,0,0.2748649115850858,2019
3a807e46fc597761a9a248a3,2019-05-04,bantamweight,0,0.3356692411169724,2019
4afd8778c789a9d76835ce0a,2019-05-04,lightweight,1,0.2589841517866098,2019
ffc7edb9f4fdd9e856d76689,2019-05-04,heavyweight,1,0.40728717846999285,2019
aa35b011a1662c7027e70524,2019-05-04,bantamweight,1,0.4422855543444322,2019
640f1b8fcbd5c004e9cb36a7,2019-05-04,featherweight,0,0.5434824927805415,2019
3b1a562aa4ebab0784fd7bc0,2019-05-04,middleweight,0,0.5583589287832316,2019
1b63ea904ebd2957ee46991c,2019-05-04,featherweight,1,0.6262308619068955,2019
89394eb01e7784b2c428333d,2019-05-04,womens_bantamweight,1,0.6855339930097682,2019
dbedbc64c66202909e1eec7a,2019-05-04,middleweight,1,0.6063956896127123,2019
9e20d5adcc49052c74014626,2019-05-04,bantamweight,1,0.5499137906508506,2019
978214d16c31f8696f47f29f,2019-05-04,welterweight,1,0.671811481397436,2019
e124311e45865d724207e325,2019-05-04,heavyweight,1,0.42076277759953745,2019
e7073ba5faca0ccac9ce2fcd,2019-05-11,lightweight,0,0.5127443686074943,2019
69669b5e3b46042a05eb0823,2019-05-11,womens_bantamweight,1,0.565565314303884,2019
91bd5d42cc6416e430dd43ed,2019-05-11,middleweight,1,0.6268348460676205,2019
4afd58b0d8a55895c868a02e,2019-05-11,featherweight,1,0.5473457899300848,2019
81a04e8caf79fb727607d237,2019-05-11,womens_flyweight,1,0.6285799875513777,2019
10d59155db6aa78a1427c454,2019-05-11,bantamweight,0,0.42299004673142476,2019
9249808c94f3d6dfdf9af36b,2019-05-11,light_heavyweight,0,0.2784483119428449,2019
6c73f1b4fdd41c4e4e6654da,2019-05-11,womens_strawweight,1,0.3661014270844739,2019
d89982d834ee44a1b667b66f,2019-05-11,womens_bantamweight,0,0.564500560218598,2019
8296e0d578cb9314c68eee1d,2019-05-11,welterweight,0,0.2690829751561198,2019
365fefe34135160ec5455d1f,2019-05-11,lightweight,1,0.7096444878772074,2019
6cec7d8a2c1e3df9f294b43a,2019-05-11,welterweight,0,0.519544145117724,2019
363d78001101e6229c0a2b0a,2019-05-18,middleweight,1,0.4219828956428434,2019
3f0251bc27145aab23db9546,2019-05-18,womens_bantamweight,0,0.4780861399857968,2019
50d9e85f3686903269809172,2019-05-18,lightweight,0,0.2473507352387375,2019
7d905c953ba73d1a68ead277,2019-05-18,welterweight,0,0.6265361129050407,2019
6bc2a392929414c465042a48,2019-05-18,lightweight,0,0.29258741335528277,2019
0f6484b736a7f3cc7aba63cc,2019-05-18,lightweight,0,0.27370541813275784,2019
db76119921bdd0ed497b32f1,2019-05-18,featherweight,1,0.6506263781722365,2019
33c355ad10b62e7d1de78d9c,2019-05-18,womens_featherweight,1,0.40410279879719985,2019
bc3a021cd3cf61e555021000,2019-05-18,featherweight,1,0.43455882145870967,2019
3c180878faf99b21bf865fd0,2019-05-18,light_heavyweight,1,0.5195062720213685,2019
ca96343028b62aeda9c60fe9,2019-05-18,welterweight,1,0.29672427529936013,2019
2a18e106ad1da3effa28ec4b,2019-05-18,welterweight,1,0.834067381694091,2019
05e89105390245833a6794d2,2019-05-18,middleweight,0,0.6301690259661085,2019
e79d9d724c1b4f49a9c151d5,2019-06-01,light_heavyweight,0,0.5192311616902072,2019
51130eaae559739d2277bccb,2019-06-01,womens_bantamweight,1,0.47140764419595593,2019
376fca1b2417ed080dc55d71,2019-06-01,lightweight,0,0.5911583845868547,2019
6c857bc2b1611cd86b8a59d5,2019-06-01,featherweight,1,0.48102797843732537,2019
b2a972b374869a366d3b02ae,2019-06-01,light_heavyweight,1,0.39859966334814445,2019
9a09782a2c405f04f7df2ff8,2019-06-01,light_heavyweight,1,0.8213452181459822,2019
44f4f36c18cd30f4a78e8d2d,2019-06-01,lightweight,1,0.6170285678139791,2019
c4311f2a96b7cc37340ba09a,2019-06-01,featherweight,0,0.4832454053210884,2019
2fcd04431581330b8a2d18a7,2019-06-01,lightweight,0,0.45448833544194456,2019
0f14442a17f1f00f94f2d4c5,2019-06-01,welterweight,0,0.4879628611180724,2019
7f95ca9ac1c70cd00b0cce57,2019-06-01,lightweight,0,0.636469636545819,2019
42e3da20fad88525160d375a,2019-06-01,womens_bantamweight,1,0.44460331997112207,2019
bd6e6031555f600f46ab4f03,2019-06-08,bantamweight,1,0.6726467924616484,2019
95939d218a1d60a883da95bc,2019-06-08,middleweight,1,0.34091521568944083,2019
266ee3a1c82efd700b8f5aa3,2019-06-08,bantamweight,1,0.6817908723761209,2019
f07b57e2716471ad3302c0ee,2019-06-08,bantamweight,0,0.3188680420212976,2019
5ef23b9557a9feefb97696b1,2019-06-08,bantamweight,0,0.31249285993580206,2019
3f6311a5a0724f605b206cd2,2019-06-08,womens_strawweight,1,0.46660835556298874,2019
d207301a7745b122f84fef97,2019-06-08,womens_flyweight,1,0.4922211867802991,2019
1e7a85d2f5574c5627c3eea1,2019-06-08,featherweight,0,0.5650504879742048,2019
911a1fa0c445df7f0dd12d7b,2019-06-08,heavyweight,0,0.6860111134310063,2019
3c6aa7bfcdac2bb433f30323,2019-06-08,womens_strawweight,1,0.6112359741765305,2019
4e48afdd0e292d5f0e86fabf,2019-06-08,lightweight,1,0.7213096958756353,2019
47652b43ae72f5590c7a1882,2019-06-08,womens_flyweight,0,0.1419640156785081,2019
269fbddfdcbebe8e4bdb4b8c,2019-06-08,womens_strawweight,0,0.2776578021774278,2019
ce49a5280ca93930a0ebe85b,2019-06-22,heavyweight,0,0.47988465742774905,2019
41f5e50f9ae0bfaed31ee510,2019-06-22,bantamweight,0,0.4214256118673325,2019
f692e76cf277eacf2a442090,2019-06-22,womens_flyweight,0,0.5278159730725397,2019
72cedfae58fa44321b69b949,2019-06-22,womens_flyweight,0,0.3759652486356441,2019
32ff903f72c4276ea24d999b,2019-06-22,womens_strawweight,1,0.40810679962956686,2019
00c99648f208e0a417e279c9,2019-06-22,welterweight,0,0.5004638245433708,2019
eee1e31c188a74656a5149fd,2019-06-22,featherweight,1,0.49915546317726495,2019
c46941c902fed7bb4392162c,2019-06-22,middleweight,0,0.5246518689673738,2019
b84127a3bd76a5e3ac7aea6d,2019-06-22,middleweight,1,0.7959940194521795,2019
706b7d016d03a32401ae801c,2019-06-22,lightweight,1,0.787159643466271,2019
739e8e2602d787738477d46a,2019-06-22,featherweight,1,0.4384145381825225,2019
f27c0e087e9ebd1684ff09fd,2019-06-29,light_heavyweight,1,0.6085187043442691,2019
50585a029a9751dccfd39bd2,2019-06-29,light_heavyweight,0,0.5087175291004276,2019
dae0a129ff92f092524a386b,2019-06-29,welterweight,1,0.22805530677375876,2019
377c80dc3b6e45e576ef2577,2019-06-29,lightweight,1,0.7307047785220129,2019
59455ad55e5ef93414e5aad0,2019-06-29,womens_strawweight,1,0.42156229987721616,2019
a56c32c93524d245d82d6908,2019-06-29,light_heavyweight,0,0.12849219760808095,2019
8f285887c02290c07814a22b,2019-06-29,heavyweight,1,0.6354085209772666,2019
d2a1e845ca36ee5b8600ef32,2019-06-29,lightweight,0,0.2733314826631248,2019
cbcb6ed7e3c7e95a085b7341,2019-06-29,flyweight,0,0.554008020501435,2019
f34cc5843d81a39bf53d263e,2019-06-29,heavyweight,0,0.5211534510512729,2019
f79e641c1d4367a70c107e82,2019-06-29,bantamweight,0,0.20789992948961777,2019
53e67f863836aff47b826da4,2019-06-29,lightweight,1,0.24387900895992237,2019
20a121ded841e9e12c1c757e,2019-07-06,bantamweight,1,0.6288881182269155,2019
d2d8539dfdfeaf041ce5823f,2019-07-06,womens_bantamweight,1,0.8567460527341518,2019
3849e7ad93590c82be6460fc,2019-07-06,womens_strawweight,0,0.3304426211447099,2019
396c48ca67f51480545db649,2019-07-06,welterweight,0,0.22850952904926394,2019
6c8c735afb0fb578f594ca2c,2019-07-06,middleweight,0,0.3126703983152683,2019
d3c4e9545585b46a1e37a85b,2019-07-06,featherweight,0,0.11432898700200274,2019
fad6e667536db7ad4137ba53,2019-07-06,welterweight,0,0.8212871060266161,2019
13fece4ed75664de71f4c8a0,2019-07-06,light_heavyweight,0,0.7281033292497506,2019
d0f0ebb34a909f7c5faf6a88,2019-07-06,light_heavyweight,0,0.0944901620733178,2019
5de1539a147642bac02b122a,2019-07-06,welterweight,0,0.2266101504394828,2019
82a761b4999bf1e4b0ed7ae3,2019-07-06,womens_bantamweight,1,0.5070691486325738,2019
c2f52b8c99f2b37b25e37032,2019-07-06,bantamweight,0,0.2664538267321841,2019
0def7c9da3d4db6e32d57362,2019-07-13,featherweight,0,0.3506625233524485,2019
f5fb1ec8c7952cc1c512ffa7,2019-07-13,bantamweight,1,0.3213193327725077,2019
26dc516d4800e957e79c8b4f,2019-07-13,featherweight,0,0.33530532748821223,2019
ac96fd559635b4c7fc75a95f,2019-07-13,womens_bantamweight,1,0.5062697863948852,2019
05ef9aeb915febb76910a720,2019-07-13,featherweight,0,0.6683841195203087,2019
ae0ff18a3c5eee3bc503d001,2019-07-13,womens_bantamweight,1,0.4753916765660309,2019
70ae5877cea9f6b0ba4cccb6,2019-07-13,middleweight,0,0.28383409354949535,2019
588a2bb6b75711c8e2d3461e,2019-07-13,womens_strawweight,1,0.31862949805040286,2019
0570cae799dc63830a762f58,2019-07-13,middleweight,0,0.410201056094236,2019
945e0d3a9e212876ede075da,2019-07-13,bantamweight,1,0.5245603236027339,2019
1914dbfdf41512962586abae,2019-07-13,bantamweight,0,0.846418042894547,2019
4c546f42a090e35397ce363f,2019-07-20,heavyweight,0,0.49482245314453144,2019
63961ea6efd64b1b65d34c39,2019-07-20,featherweight,1,0.4906817174838549,2019
477aadc01e427b1389921cdb,2019-07-20,lightweight,1,0.806067673806883,2019
7af42900e3f80f8ca159c103,2019-07-20,heavyweight,1,0.4132049762378249,2019
bb5283ee8ccec9441f73135f,2019-07-20,bantamweight,0,0.40943504500069816,2019
03e22b6afc8fc3827a3323ba,2019-07-20,heavyweight,0,0.5456814406351225,2019
c39309c4e67ff537333ba9da,2019-07-20,lightweight,1,0.5002868086520277,2019
180e942322ce1a8941b2e39c,2019-07-20,bantamweight,0,0.4491772337985674,2019
af5eec7e9c1abcec258ac49b,2019-07-20,welterweight,0,0.4972326936420061,2019
270ce34d482903a677fa17bf,2019-07-20,womens_bantamweight,1,0.5410285852663902,2019
9bb0db9278511eb73cc534e1,2019-07-20,bantamweight,1,0.6530256309826244,2019
58e855604932a7f6ee3f5606,2019-07-20,womens_flyweight,1,0.4796888347542502,2019
6270c7e6a13d39f8b0f428ab,2019-07-20,light_heavyweight,0,0.6029321853368487,2019
12ec13ec46af056c14efd03e,2019-07-27,flyweight,1,0.45329987707530733,2019
1c6e856edd4101a3e500ec8f,2019-07-27,womens_flyweight,0,0.3831483327935621,2019
51addb9d2b6072ced811c9b9,2019-07-27,womens_featherweight,1,0.664861041676487,2019
73b3d43d2c49d35aeaea8904,2019-07-27,welterweight,0,0.42973960590007715,2019
05ed2239b2ea0fb046bfd3fb,2019-07-27,featherweight,1,0.2514515563394839,2019
1295b55d2553494251bde142,2019-07-27,welterweight,0,0.40401581948794085,2019
1880f52d5d8d4a70093be8c6,2019-07-27,womens_flyweight,0,0.40598081534646224,2019
b233c1151e28ec04b24cad4a,2019-07-27,featherweight,0,0.32748681688013426,2019
5f837399e34674ec11a971cd,2019-07-27,middleweight,0,0.44125482241242014,2019
415e552f04f46d6a0dfa2bc5,2019-07-27,featherweight,1,0.7815583567891535,2019
53c5de1fcd5d8fef19be7573,2019-07-27,lightweight,0,0.38626037085951276,2019
6eeac113de6d8be6c115f368,2019-08-03,womens_flyweight,0,0.5529571362855507,2019
37963509a7ad6fe9091a4260,2019-08-03,welterweight,0,0.30138370891802346,2019
3c047e2900cccc1e8b515fa4,2019-08-03,welterweight,0,0.1653803176152536,2019
e1fbac640d40549a81a34408,2019-08-03,light_heavyweight,1,0.5912556287292544,2019
545e968860424db391f622ba,2019-08-03,lightweight,0,0.6094561377110671,2019
7201d2665fc7c40e5001a557,2019-08-03,lightweight,0,0.3045246428094475,2019
f1af8880bfb7c5ee39f0e313,2019-08-03,flyweight,0,0.5960547724599125,2019
08c664eb57a74c77d855ffcc,2019-08-03,womens_flyweight,0,0.6689715507649151,2019
3ca76db0b4b30f6617f3dae8,2019-08-03,welterweight,0,0.5090567917858545,2019
d80baaecca990243dba2c73b,2019-08-03,womens_flyweight,1,0.5651367916047091,2019
5a97ee77f95700513db584fb,2019-08-03,lightweight,1,0.5924770136406998,2019
60aaa0218cf8078fe44e068a,2019-08-03,middleweight,1,0.3806677459401747,2019
9bda4cca4c1560bdb475fa12,2019-08-10,heavyweight,0,0.44323793431195174,2019
310b054339a286bb1219720d,2019-08-10,featherweight,1,0.45236280271712526,2019
95f9071548c71c8a429b387f,2019-08-10,featherweight,1,0.5689290593554523,2019
bb1f9e584eebc4445533e087,2019-08-10,bantamweight,0,0.522665208041714,2019
3cfa69ae9469d3e98e6e8c9d,2019-08-10,welterweight,1,0.49214436623588276,2019
eb94bf7c64b05cef83a337de,2019-08-10,lightweight,1,0.6628204038265227,2019
421e881d17b627912cc053c2,2019-08-10,middleweight,0,0.5933420975055641,2019
40ad55cf214d324d07ce2773,2019-08-10,flyweight,1,0.3432245685452942,2019
6cad3824255a247586943eda,2019-08-10,womens_strawweight,1,0.2097509931493043,2019
366b24077b4b12afdda7f906,2019-08-10,womens_flyweight,0,0.21040393688101255,2019
82a161559110934b283287e8,2019-08-10,womens_flyweight,0,0.46295409130345666,2019
cafcc1a7d6eeee7dcac87f0c,2019-08-10,welterweight,0,0.4382269105119781,2019
6bb4c1091c82f4a64ed209d1,2019-08-10,light_heavyweight,1,0.6974644931803874,2019
952d0f85baf48e580adfcbf9,2019-08-17,welterweight,0,0.5666184481926153,2019
763b7021eda95cec160668cd,2019-08-17,lightweight,0,0.48590647120609337,2019
632ab47f31caa99776bafd3a,2019-08-17,heavyweight,1,0.4352085705312737,2019
b14af30ec1b703032b1c7ff8,2019-08-17,middleweight,0,0.47031426190545994,2019
2bfe269c743b9b99bdcb7bec,2019-08-17,lightweight,1,0.12130729567757562,2019
fb841bfbd302bdfd92f09af9,2019-08-17,featherweight,0,0.4096925667421413,2019
5d4a75be3c772b6777d6965e,2019-08-17,womens_strawweight,0,0.3938465393616139,2019
8b43d370f9a95a04823b6e21,2019-08-17,bantamweight,1,0.4368858292209248,2019
2f96645259048f7ffc5e87f2,2019-08-17,catch_weight,1,0.3324103051985251,2019
a412d12faf803a97f8b5fa87,2019-08-17,bantamweight,0,0.19595320865340585,2019
f17d329e8a8236283607fb66,2019-08-17,womens_flyweight,0,0.3051394244144109,2019
dc588caaf4e23b17b9b88f93,2019-08-17,middleweight,0,0.6336587963786497,2019
1f035f3330e22fa82d2a3650,2019-08-31,bantamweight,0,0.4821945055939694,2019
42555d1e8ce3c6e9f80f494b,2019-08-31,light_heavyweight,1,0.46697389752048485,2019
1cd17e7a1ac6a13856b412fd,2019-08-31,lightweight,1,0.4963545465309451,2019
4b6daf2f0a633140483ed5fc,2019-08-31,womens_strawweight,1,0.41082711142371636,2019
dac218cda6b12fbf0566e953,2019-08-31,middleweight,0,0.43341927683000914,2019
974033b9c21272ecc210e47a,2019-08-31,flyweight,0,0.433066742627978,2019
d656d282c41d79f44960517d,2019-08-31,womens_bantamweight,1,0.48395513925827205,2019
b4c018c81b8c2840fc1bf217,2019-08-31,welterweight,1,0.32349857984603675,2019
691194a03c43b9ec74c25c51,2019-08-31,welterweight,1,0.40019794351703397,2019
5ef647d5242d0fc21e037ca7,2019-08-31,bantamweight,1,0.5347503121671391,2019
3438a2f8e2061a5b3df0345f,2019-08-31,womens_flyweight,0,0.640208874232391,2019
5fd241c02070d9383973e1ad,2019-09-07,welterweight,1,0.7579292627190601,2019
dfa8aa41ae70e1bc02b18c64,2019-09-07,heavyweight,0,0.15122904813830085,2019
d18690fc6b502d5e9828c33d,2019-09-07,lightweight,1,0.4896313468693752,2019
5c4bf8f13e687607837641d0,2019-09-07,lightweight,1,0.5393021003247569,2019
a12f553a4bb3b6a0bc62f10c,2019-09-07,lightweight,0,0.3960809454967053,2019
a6bde13c4fa732a086109c6f,2019-09-07,womens_flyweight,1,0.3628605383048265,2019
8809a86b0765331ee3046ba8,2019-09-07,lightweight,0,0.311865902215667,2019
218ed25044345f0da0f1ab68,2019-09-07,womens_bantamweight,1,0.5208751853732988,2019
4b5abc9b471d257e26814621,2019-09-07,lightweight,0,0.5134550818044384,2019
88104c3216b870a94d094b52,2019-09-07,welterweight,1,0.37361540591725695,2019
81f7b94567c3becf57b7c480,2019-09-07,middleweight,0,0.6014794142622246,2019
4fa13ee966e6f925309146f9,2019-09-07,lightweight,1,0.47292538178890514,2019
a24c84449925d91244224459,2019-09-14,bantamweight,0,0.6270264326391496,2019
76b09b1ae45fb9768ca9f02d,2019-09-14,featherweight,1,0.3322870998534017,2019
d52f32b4c96395db88e3df3c,2019-09-14,bantamweight,1,0.41299068149068147,2019
cdebef1ad84897fe6e52dab4,2019-09-14,lightweight,1,0.6256154492721699,2019
99a1382d0f54f8b36ae0f1a1,2019-09-14,light_heavyweight,1,0.2351844580279456,2019
4657001db77127f01637d1aa,2019-09-14,lightweight,1,0.5887669309459819,2019
cf978a340d3698c46fd69095,2019-09-14,bantamweight,1,0.5514729174810646,2019
1a3fd89ca750799e7e003f98,2019-09-14,heavyweight,1,0.48953055927842504,2019
43c10df3159c502c6de89daa,2019-09-14,welterweight,1,0.3026967618573347,2019
7090bee0551cc8931473357e,2019-09-14,light_heavyweight,0,0.5276221971607894,2019
3bda414f1341d69b2f6bec1e,2019-09-14,middleweight,0,0.6542877547276567,2019
e675a50c92e763e9dbfe4d39,2019-09-21,womens_strawweight,0,0.45850740181527705,2019
63e3f55fc8b51d57700eef35,2019-09-21,womens_strawweight,1,0.5067678376152015,2019
307855e3460d7f7876deadf3,2019-09-21,lightweight,1,0.7527907613625245,2019
a02b51f27087befa1a1128b4,2019-09-21,womens_bantamweight,0,0.35027789355698535,2019
6c639d934a292ba8bc90c07c,2019-09-21,bantamweight,0,0.4438467199572163,2019
aac3548e1e8a354304ee6db9,2019-09-21,featherweight,0,0.38678166098579503,2019
87ed37dfa7f497b5f77d6e30,2019-09-21,featherweight,1,0.44195771245011584,2019
3cc89087f0c0ce6f6e5675ad,2019-09-21,flyweight,1,0.8927434404147867,2019
1ba523d6ccedc31871693413,2019-09-21,womens_bantamweight,0,0.6629322287371996,2019
47758d29bd662b3fd1939d7f,2019-09-21,light_heavyweight,0,0.2921335451974244,2019
4c5ca474ab0b5ce8ca07a033,2019-09-28,middleweight,0,0.6952764260346342,2019
2ef6cc622d891b2f47cc02a3,2019-09-28,middleweight,0,0.5175488200562262,2019
c24762d1540afc7892a6a11f,2019-09-28,featherweight,0,0.7278991513553665,2019
a74f028feadcc12f9e059d34,2019-09-28,welterweight,1,0.5388672572241019,2019
58043915ba1655663c54db19,2019-09-28,light_heavyweight,1,0.5584602916892656,2019
24165e221c133e0f8521184c,2019-09-28,middleweight,1,0.3450976163546643,2019
db9cb586eea9be24aa022a81,2019-09-28,bantamweight,1,0.3429159103204926,2019
c563a8cbab69fdedc2ca6293,2019-09-28,womens_bantamweight,0,0.8028248897572757,2019
2e2ac3805ce6106ac7b08c39,2019-09-28,lightweight,1,0.5937286059351746,2019
1badb9e1370a7f530b41dad9,2019-09-28,lightweight,1,0.1919635129623618,2019
2667de7839876ddd18c5922f,2019-09-28,light_heavyweight,0,0.4420477703659216,2019
838f2253c05f15ea4d21c1bb,2019-09-28,welterweight,1,0.17448261879774332,2019
fceb01a3e6afb83d628ca021,2019-09-28,welterweight,0,0.3273787283144737,2019
300838f93508ed30e50c5104,2019-10-05,lightweight,1,0.449722660958962,2019
0cb55ec63b83f5626f97c769,2019-10-05,lightweight,1,0.4505451967971831,2019
c9b3790271aba99a0f5d563f,2019-10-05,welterweight,1,0.2737966439608344,2019
59503950de9880dde6cfbd9a,2019-10-05,welterweight,0,0.28958525926608664,2019
2efe952bc9906d2d8ee63d99,2019-10-05,heavyweight,0,0.5744549928826954,2019
03bdb3f550d8728b99736cb5,2019-10-05,welterweight,0,0.4236481324207047,2019
60a4cca6160e77a434c836eb,2019-10-05,womens_featherweight,1,0.4613080505175401,2019
7a45e3425d11cee03efad9d2,2019-10-05,womens_flyweight,1,0.5047489974990236,2019
b31117cda02191539a7b1042,2019-10-05,middleweight,1,0.6847314498976007,2019
1541bbe0810786a062a2ed75,2019-10-05,heavyweight,0,0.9404563714112343,2019
47228cf03cd4105dd977ba6d,2019-10-12,featherweight,1,0.551564739341896,2019
65e84e21f699586e3aefedd3,2019-10-12,flyweight,1,0.7102487490759022,2019
3d03b631b4587e1ba05b7567,2019-10-12,middleweight,1,0.44701217468924526,2019
c1e628e157c0b3b603970990,2019-10-12,womens_flyweight,0,0.4453846351766136,2019
b8d46870926615857be3f630,2019-10-12,womens_strawweight,0,0.2972426760946245,2019
eb864e622ea92270ecef192f,2019-10-12,womens_strawweight,0,0.2958046445454354,2019
85c6d7ac2b40e91bd0e22ab6,2019-10-12,bantamweight,0,0.30407456702527386,2019
5f52782a6aa56ba0f3a97b9b,2019-10-12,middleweight,1,0.6418963395391961,2019
c1512c7e186a2ad2d9405660,2019-10-12,lightweight,0,0.7160960348490608,2019
277f3f3cb03bddbb79f8c1b5,2019-10-12,welterweight,0,0.4912695632875823,2019
845f9a197d8e4dbaeffe8afc,2019-10-12,welterweight,0,0.46454451759708243,2019
9c76094ff9dad4b08a83fa97,2019-10-12,lightweight,1,0.4833285637329084,2019
a22737adaea8f3c24329fca1,2019-10-12,welterweight,1,0.36490644746193335,2019
27e1fa1e0f0a4ed7fd4da048,2019-10-12,light_heavyweight,0,0.3835153562965213,2019
ca0cd07f144ce35471f77fe5,2019-10-18,middleweight,1,0.21019937331863472,2019
43a68b57b8ea07e036eda841,2019-10-18,featherweight,1,0.3397409511504659,2019
e0354f103924591f691cb6e6,2019-10-18,welterweight,1,0.47020708089396945,2019
23340c1c1beee7c9694fde06,2019-10-18,heavyweight,1,0.44924197848488073,2019
855a0f86334b84d5802b5b3c,2019-10-18,middleweight,1,0.6447455122077129,2019
4535cc5c754f6cfab853349d,2019-10-18,light_heavyweight,1,0.4060499065558726,2019
312e5a705d9ea69f9304369e,2019-10-18,lightweight,0,0.7805854368493872,2019
dd1a5c0133b77b445e4da39d,2019-10-18,featherweight,0,0.38710488254044795,2019
924db0cc13ef377747acd751,2019-10-18,womens_flyweight,1,0.5913280863262107,2019
1cbc40e89a4a3808ac58a6b2,2019-10-18,womens_flyweight,0,0.3851899157289827,2019
8017582ad0a64b3df2a1b1f1,2019-10-18,bantamweight,1,0.897602369344437,2019
0b8035462f110001d74cfccc,2019-10-18,featherweight,0,0.19765748939395186,2019
e547a10b6f576ac5ce766f3b,2019-10-26,lightweight,0,0.477364938379799,2019
e3e811b0d565e05ccc653f76,2019-10-26,heavyweight,0,0.2889791847469369,2019
068191c5ec0442a5f327a13f,2019-10-26,welterweight,1,0.6457121271736611,2019
a36870d79a38bac025ca994f,2019-10-26,featherweight,0,0.5008965672626828,2019
f0d2710e45778380c740e9a9,2019-10-26,lightweight,0,0.31775862234340196,2019
0d3c456a7272d86e8ebbb604,2019-10-26,womens_strawweight,0,0.44507159558424864,2019
ec961ddbd1b2a583933bf1c7,2019-10-26,heavyweight,0,0.44723641676147846,2019
747dd08852da9f2fea81933a,2019-10-26,lightweight,1,0.6734873688103191,2019
54365bc0fbf2054909ffb52a,2019-10-26,welterweight,0,0.5124895626994336,2019
3d08ad4aa2e7c798a261b317,2019-10-26,womens_strawweight,1,0.44905470623864135,2019
3c0c040f3ab9eee3625380a9,2019-10-26,heavyweight,1,0.35003330922313697,2019
e493a0b30451a3c7301cdb30,2019-11-02,heavyweight,1,0.5963284171976587,2019
b6ed2b7f241d89a1c2e5768c,2019-11-02,middleweight,1,0.7518975132737918,2019
1179f435dc339904ffba59f4,2019-11-02,light_heavyweight,0,0.530144921555709,2019
fcd1f11d558f57139634bfd4,2019-11-02,heavyweight,0,0.3576796872723767,2019
b40746bfe9247aa2ab1cf62a,2019-11-02,welterweight,0,0.5524292955303775,2019
9be0b4ced3f43e9b5e0307d3,2019-11-02,featherweight,0,0.4677330160771287,2019
3ef97578ff086342ac3316dc,2019-11-02,womens_flyweight,0,0.4670206109412733,2019
6aac3558b27bea053402a041,2019-11-02,middleweight,0,0.4629968568790125,2019
6bd651e672f1383eaaa3488e,2019-11-02,lightweight,0,0.4305400941550315,2019
bdd7d638521a5220ece47138,2019-11-02,welterweight,0,0.4836470079659391,2019
77040a488134a21632e5e1c1,2019-11-02,featherweight,1,0.6360526747598985,2019
16af1afe443d2d04a0b3004e,2019-11-02,welterweight,0,0.5918569935329532,2019
f936a2e7fe354fd8511c7843,2019-11-09,welterweight,0,0.33429210790232883,2019
1e2f3752f6c52b1f4a02d6b7,2019-11-09,heavyweight,1,0.5956519277692224,2019
1a1c5e4865c1d0486f79c7bd,2019-11-09,lightweight,0,0.23590691686220294,2019
640793902348858ab72aa43f,2019-11-09,bantamweight,0,0.4696153104202152,2019
4b1a6b415dfe50f3c9f1dbb5,2019-11-09,womens_bantamweight,0,0.3865450967937199,2019
f0ffe0e3b264df9b5db97006,2019-11-09,light_heavyweight,1,0.19482866181841035,2019
f1793f6ef34da4257673c238,2019-11-09,light_heavyweight,0,0.5382260707617201,2019
31bcc23345e28ba3b19c96e4,2019-11-09,welterweight,1,0.6546090433552615,2019
b9697c6e95b6549c714acf96,2019-11-09,middleweight,1,0.7099670850248039,2019
e106bc203bf221eab415c9d6,2019-11-09,welterweight,0,0.36980690344392386,2019
43e49e7eac931187640250f8,2019-11-09,light_heavyweight,0,0.6626852950652319,2019
1f6dc7a779838723b04fdcd9,2019-11-09,featherweight,1,0.7200250896071749,2019
35a1c6a2fd428e45b7ba56ae,2019-11-09,welterweight,1,0.5244131324735131,2019
9c39de42c4252efea5a6c7a4,2019-11-16,middleweight,1,0.5715977627658633,2019
76080b6d4a1730806ca74745,2019-11-16,womens_flyweight,1,0.40856529047068446,2019
ca0ede83403f2550325f5cf2,2019-11-16,lightweight,0,0.21208838158017368,2019
895cdfc1522a784865e69ac8,2019-11-16,featherweight,0,0.6376336562581759,2019
14217beddf84c2e52c742fae,2019-11-16,lightweight,0,0.7109864554074296,2019
353fdcce1036b674908aaa84,2019-11-16,light_heavyweight,0,0.4887905969471864,2019
9da66ec4bb7eb06c55458f10,2019-11-16,middleweight,1,0.5831375588187947,2019
fab55b1d74b0c72834f8c73e,2019-11-16,featherweight,0,0.24586876487978734,2019
0cd8da7c25c1fda31ca49a51,2019-11-16,welterweight,0,0.4435683624640925,2019
3343bf88c488f245111644cf,2019-11-16,womens_bantamweight,0,0.4562134276187084,2019
ebb3391b28a1a863bca84b60,2019-11-16,welterweight,1,0.4204994094159962,2019
9dcdaba00e3d7661c2c20a0f,2019-12-07,heavyweight,0,0.3747949834911309,2019
3f0d6005bcf5d8d74d490e25,2019-12-07,womens_bantamweight,1,0.48638557919848757,2019
af619e0f50e39d9a3c707cbf,2019-12-07,featherweight,1,0.38032464463052207,2019
70a295b55866179ccd1d2ba9,2019-12-07,featherweight,1,0.5053212731478294,2019
9f1bc6cac3951396363e743b,2019-12-07,lightweight,1,0.6291563265935177,2019
ae915d199d0a3212d88d4bff,2019-12-07,middleweight,1,0.6264025674274405,2019
b807573eed5a4156c41f13d0,2019-12-07,bantamweight,0,0.6501330062283184,2019
c9a6fbe648a7cc56f81d7315,2019-12-07,heavyweight,0,0.5200295264559479,2019
831cacee5fffa61376db4fc9,2019-12-07,welterweight,0,0.3315583346366957,2019
2138569b556c4d614e8bb628,2019-12-07,womens_strawweight,0,0.42107020375281495,2019
029906e95258805fd3ef5825,2019-12-14,womens_bantamweight,1,0.6846734852759401,2019
d5b4dfb3ff65f3dbb6fca19c,2019-12-14,flyweight,0,0.49941370690203524,2019
ce5217459171cc8b3b06b8a1,2019-12-14,featherweight,1,0.6569450061769049,2019
33e7da705762dd431b060f57,2019-12-14,welterweight,1,0.5418111732366783,2019
f66a474497dbfe8160053545,2019-12-14,middleweight,0,0.49695046105937574,2019
e78313114f040c2eb306caca,2019-12-14,womens_flyweight,0,0.6541881271551725,2019
c278d51e7be09fbca132ce23,2019-12-14,welterweight,1,0.5716214338877701,2019
08209dc137ca29ba95d0b9a9,2019-12-14,womens_bantamweight,0,0.45800762475950785,2019
c1ada04837f4f0ae52b28b1c,2019-12-14,bantamweight,0,0.5803013468520193,2019
effa322cf0f61bf8fab0059d,2019-12-14,welterweight,1,0.5849572884654103,2019
f1218bf5097065169418303d,2019-12-14,featherweight,0,0.557191552856524,2019
aa231dbbda45b913e6c739e4,2019-12-14,bantamweight,0,0.10002685640098437,2019
75abd93d36786b68de733b5a,2019-12-14,middleweight,0,0.5906976411191747,2019
ceb9eb09b6543ade92a2fc57,2019-12-21,bantamweight,1,0.4804225233719681,2019
bc5dec6484ff60b254a2bf9e,2019-12-21,flyweight,0,0.46465824670320777,2019
5e29733544b68ed9577a8341,2019-12-21,heavyweight,1,0.5800808941105797,2019
7d8361c453bd229c2f8ab6af,2019-12-21,light_heavyweight,1,0.4772894747787197,2019
fdfacd8404d0eb95adcee649,2019-12-21,lightweight,0,0.6301024866737853,2019
f9e7b8638de2149e61e51154,2019-12-21,featherweight,1,0.3947427290132499,2019
8a987c4579dbf3e22f1d5ff3,2019-12-21,featherweight,0,0.5772893006405925,2019
b93afc4960a3dbb6e25c0b1b,2019-12-21,middleweight,1,0.3429922511385133,2019
ff575235c773175d33e45307,2019-12-21,bantamweight,1,0.552324799081709,2019
852967885dda5170546df8c6,2019-12-21,womens_strawweight,1,0.20594048179649646,2019
3443c05c299fb7b8610b44d4,2019-12-21,bantamweight,0,0.6812360457240912,2019
6c4e36c79471be03e79e25b7,2019-12-21,featherweight,1,0.7406415859149963,2019
3b0c3a4939fb8a567ab24b63,2019-12-21,light_heavyweight,1,0.4773973333971501,2019
dbaeff63b18a6d92838f98c2,2020-01-18,light_heavyweight,0,0.4519632084520286,2020
32e3ff4610a5a504ed917afe,2020-01-18,heavyweight,0,0.5890776947095345,2020
1826d3fc74bb2d6ba256950a,2020-01-18,featherweight,1,0.5778239653462272,2020
299419704af40353765232da,2020-01-18,lightweight,1,0.6251931791991858,2020
a1906b428b2b7f692430e2cb,2020-01-18,bantamweight,1,0.5330168081389798,2020
66d951441f61c860a46dd18a,2020-01-18,welterweight,0,0.3116075883720464,2020
049d7f10a2408eaeea36b79b,2020-01-18,lightweight,1,0.3057722800479342,2020
8c49399b3602fc1ea7faab1f,2020-01-18,womens_bantamweight,1,0.47240756249570437,2020
894e5a6b67f8fd390b461dc8,2020-01-18,womens_flyweight,0,0.8162243521229714,2020
31631b1099dedbc551cca061,2020-01-18,womens_flyweight,1,0.5206278306260008,2020
818e4e2f4882a32d5136f9f8,2020-01-18,flyweight,1,0.2913577140830664,2020
535e643e38e6e106255034d3,2020-01-25,featherweight,1,0.7449321979415986,2020
fa88c98e5dae1a9d570d00f3,2020-01-25,middleweight,1,0.6492065151153515,2020
3be9f2fb380b4adfe9142fad,2020-01-25,bantamweight,1,0.6535173250554323,2020
3ceaa0ce879bb7f0a68da029,2020-01-25,heavyweight,1,0.7024100558612657,2020
70b24348fe735b27fba60a92,2020-01-25,womens_strawweight,1,0.5756583037941688,2020
4da0ae30154e9ffeae7d071a,2020-01-25,featherweight,0,0.5076131050601301,2020
2a8739dba9f6bbb8da7160b0,2020-01-25,light_heavyweight,0,0.5770328226441231,2020
f0db58925ab2f01282c6aed8,2020-01-25,flyweight,1,0.6625340886655443,2020
611387fbcb2688d824e09cfa,2020-01-25,womens_flyweight,0,0.5638532127565395,2020
34d2e609fae11eba0361d28c,2020-01-25,bantamweight,0,0.35924978468461716,2020
49c737995706c23811737d45,2020-01-25,welterweight,0,0.5492592657521175,2020
c98a7a3f6e065503e752b443,2020-01-25,womens_bantamweight,1,0.42114803421317654,2020
58f8cedb4f1c4a8acfe97da0,2020-02-08,welterweight,1,0.41942139184308125,2020
f791308687846b968ecb6e0b,2020-02-08,bantamweight,1,0.39033817782606667,2020
45d8c7be4e945420d00361ae,2020-02-08,featherweight,1,0.537525888291906,2020
a3ce1d91d4f5d48cb71fcfe9,2020-02-08,heavyweight,1,0.7717036648943655,2020
ff6a60aa5038e8415ec8939f,2020-02-08,light_heavyweight,1,0.8410285188815841,2020
e68dbb04527c15178f4140e6,2020-02-08,heavyweight,1,0.49548909468254315,2020
b2b4d0831802f26e83e6ccc7,2020-02-08,womens_flyweight,1,0.24530632458538534,2020
8d68545109734da047569b52,2020-02-08,bantamweight,1,0.33469444624170386,2020
9849cc2855f955fab6058523,2020-02-08,featherweight,0,0.48559076791423805,2020
d1b4cad82cb530a5cf8cacd1,2020-02-08,middleweight,1,0.4085459848133366,2020
1f5ca783acb07145072da725,2020-02-08,womens_flyweight,1,0.7377801724179478,2020
2085d5052f8ce3f92633bf3f,2020-02-15,lightweight,1,0.5553983373188486,2020
8de48a03581e7b5f3ae2d006,2020-02-15,bantamweight,1,0.5420703922086086,2020
bd22d4e2756e0f228a221025,2020-02-15,light_heavyweight,0,0.48695811406728595,2020
c7f13fe85a89872d7c7fdc4a,2020-02-15,light_heavyweight,0,0.2891969777092175,2020
1ff4a3233a4e3de253086d78,2020-02-15,welterweight,0,0.713386885323761,2020
f8d3fabff42baf18c7e8c6d5,2020-02-15,lightweight,0,0.27250107743609003,2020
52e04780edda9cf0618b9152,2020-02-15,bantamweight,0,0.7665108625625824,2020
828bae559074c156bab9cdec,2020-02-15,lightweight,0,0.4495092677191553,2020
e2092c0a9fda00799fd85248,2020-02-15,womens_bantamweight,0,0.2951252692850511,2020
344da31964fde9819457c241,2020-02-15,flyweight,0,0.5138270189378207,2020
7a47b5bdbb687c1295999f5e,2020-02-15,womens_flyweight,0,0.40125576862951695,2020
e21273dacc8544d24b825430,2020-02-15,flyweight,1,0.6659797158613601,2020
806a30c5a3bc9369c6e1864c,2020-02-15,welterweight,1,0.40486763299663325,2020
3345db9eff688ec37ec0f2f0,2020-02-22,heavyweight,1,0.5308311256539834,2020
405c0a662bf5e5bd6660107f,2020-02-22,lightweight,1,0.5791281296969316,2020
957ee110d743be59ac63bd6c,2020-02-22,welterweight,1,0.694979474748496,2020
55fc23885a358078ecffc231,2020-02-22,welterweight,1,0.7577705524697919,2020
3d852084c8c58ac9c0c3866d,2020-02-22,lightweight,1,0.5972516409629792,2020
6d9b24acf3b0a085f063254d,2020-02-22,light_heavyweight,1,0.3924349939936369,2020
7ec2485289f1c9b63a5792d6,2020-02-22,flyweight,0,0.27271143858356883,2020
e4febcd3b9270378b88c2c8d,2020-02-22,womens_strawweight,0,0.4216049942903303,2020
06cda90846ecf341619165c4,2020-02-22,featherweight,1,0.553287645778269,2020
c081058b8760ebc49b1844fa,2020-02-22,womens_strawweight,1,0.5202111494811567,2020
0a118b568754c03f74e85a68,2020-02-22,lightweight,1,0.724988578659659,2020
e8ddc97cca6d0a5d378ee12f,2020-02-22,womens_flyweight,1,0.6277907491151024,2020
bc05c73c776a23522465fbba,2020-02-29,featherweight,1,0.57235433906271,2020
67c513c4904f8faedf720155,2020-02-29,middleweight,1,0.31529887280796903,2020
225a42fc041d7b46d5bfaca6,2020-02-29,womens_featherweight,0,0.3507786920169081,2020
12c618f5f471aac6cbe2f559,2020-02-29,bantamweight,0,0.6220049668114623,2020
7c35b87c3259435af9f305f0,2020-02-29,featherweight,0,0.1772402317830434,2020
b9199fdaf47f5fe86002cdc7,2020-02-29,light_heavyweight,0,0.5424252528462951,2020
a9d1e14c018c2bd7956f85b7,2020-02-29,featherweight,1,0.6806040906544034,2020
959d009361301a02cd28d861,2020-02-29,flyweight,0,0.42009757155067806,2020
c5b2efe1550d9fc74302f4ae,2020-02-29,lightweight,0,0.2430789623069388,2020
af291c699433bd04d136b64e,2020-02-29,heavyweight,0,0.6392529775654963,2020
0192a4baef7d9bbc35d07b36,2020-02-29,womens_featherweight,0,0.4483244986044871,2020
8233a2bcadaa15eb353a00ac,2020-02-29,welterweight,0,0.7184140701606385,2020
ac32a2ac43ae6ff31c4c058a,2020-03-07,welterweight,0,0.34649366376270074,2020
2994a65fc60a7ebda1abdfd4,2020-03-07,bantamweight,0,0.220121768543561,2020
4dc37410ffdd722c5c13b647,2020-03-07,lightweight,1,0.6011184962717742,2020
bbd0ec55ec6433a7ed39dada,2020-03-07,middleweight,0,0.25232878434148615,2020
29c5a22950b852875c2d2859,2020-03-07,featherweight,1,0.6157613726269364,2020
fd70dfb0a7f2d8d11002f31b,2020-03-07,middleweight,1,0.8768628043983057,2020
0a2d16d65f1e0a9aa0e5ad91,2020-03-07,lightweight,1,0.8473010081356556,2020
6d49420f915f8986e125d116,2020-03-07,welterweight,0,0.4026245187089252,2020
b8fe0a7b1ff0416078863f66,2020-03-07,middleweight,0,0.5244267035798353,2020
5f2af6f949d46196346c0969,2020-03-07,bantamweight,1,0.4574218701768372,2020
49093c389ab04a0502e74269,2020-03-07,womens_strawweight,1,0.4930979567474372,2020
dcbc89946cfd3b60dc2896a5,2020-03-14,womens_strawweight,1,0.7749157309686003,2020
ab4e9d192e4c6a16d88cfa78,2020-03-14,flyweight,1,0.5585028087955883,2020
0629e69e4cdef6010afb82fe,2020-03-14,welterweight,1,0.7602603763406083,2020
12fcb4b15eab88cc21a628ea,2020-03-14,welterweight,0,0.4593717766910125,2020
3397e1f912942f4951412964,2020-03-14,lightweight,0,0.7295350536223507,2020
0b804ef15016f4701a6c3b27,2020-03-14,light_heavyweight,0,0.3706512893676108,2020
c060ae13226dc57054e79419,2020-03-14,flyweight,0,0.3840455436081308,2020
1f8448a33794600e3b26b116,2020-03-14,lightweight,1,0.3963437019208962,2020
8f283b50bf60f4ca662fb534,2020-03-14,womens_flyweight,1,0.4324392687607408,2020
7171685f49e42fc47e27c391,2020-03-14,lightweight,1,0.7532722260949009,2020
832f4ad5e6462a116d4f8af9,2020-03-14,womens_bantamweight,0,0.6199092388749436,2020
009aa0b869e610f7e796e750,2020-05-09,heavyweight,0,0.4593824657851361,2020
c103c970f04eb87287a0e4b3,2020-05-09,welterweight,1,0.4918995867495398,2020
cedffd9e5eec6ce82f7c101a,2020-05-09,featherweight,0,0.1701398946680407,2020
a0e32d72c7de88f4800dab59,2020-05-09,womens_strawweight,1,0.5632450171951702,2020
ae7dca63a813f4d6c52b1788,2020-05-09,heavyweight,0,0.3986679341141965,2020
f8880f1d649f46e28a73ca8d,2020-05-09,heavyweight,1,0.7501872503838591,2020
5384d7c94e5a0e0f2f57d0aa,2020-05-09,bantamweight,0,0.42576787788017106,2020
b0b04e108bd700e4b9506bb6,2020-05-09,featherweight,1,0.6147147842366296,2020
4e861f89eebf4bd6240193ec,2020-05-09,light_heavyweight,0,0.3420459088208832,2020
da967b755aeebd0969453818,2020-05-09,lightweight,1,0.4378067199825881,2020
5922566ed6339c4bee68789a,2020-05-09,welterweight,0,0.34388347889204585,2020
9327fe46dbb648274dedf148,2020-05-13,lightweight,1,0.3027506706522045,2020
b4e09acb3ef8fb916cd20042,2020-05-13,heavyweight,0,0.4584185533588695,2020
099226a1af8eaad416e33ce9,2020-05-13,light_heavyweight,0,0.7517002897178886,2020
85583e946a1afc739c7971d5,2020-05-13,heavyweight,1,0.45059089617358944,2020
30f7d6f26cdb555e1863bacf,2020-05-13,heavyweight,1,0.5830933144844038,2020
77c3d8ba834acfc857c5d9ad,2020-05-13,lightweight,0,0.5383518899259828,2020
281018bae372254e896f953c,2020-05-13,featherweight,1,0.4297066658455397,2020
11a75f048fd5a8ce402d014c,2020-05-13,lightweight,1,0.696290176401599,2020
eec530344c8a5b1193095b97,2020-05-13,bantamweight,1,0.43148694129851295,2020
fc27e2a2bb4840d583e6af05,2020-05-13,womens_bantamweight,1,0.5647816976705882,2020
56eb0df2ba5e8806fbb8b6ac,2020-05-16,heavyweight,0,0.379579122232752,2020
4431b6293af599f45ff88ce1,2020-05-16,middleweight,0,0.34186029585385413,2020
2ab2b9f636e1f691e06be87f,2020-05-16,womens_strawweight,1,0.5145268684796453,2020
2013fc705603e4d2d485f766,2020-05-16,womens_flyweight,0,0.542530773406643,2020
5002aab7fcb128933ec0f428,2020-05-16,featherweight,0,0.23984197978698205,2020
6b06bb42128fb721e64e27d0,2020-05-16,featherweight,1,0.3374550413436805,2020
700c19e5d8072a2eb472243d,2020-05-16,middleweight,0,0.5740137707562687,2020
e484e0ac9450e9273c0358cd,2020-05-16,featherweight,1,0.6273996991190364,2020
ca6e34d9cb638eb1628a7523,2020-05-16,welterweight,0,0.24009497419423437,2020
9a367f827403d6a654fbb184,2020-05-16,heavyweight,0,0.3817727307836187,2020
bc93d93ef97ad802b83b9d42,2020-05-16,featherweight,0,0.3988736281177658,2020
ee05f5ee9431052c10688e3a,2020-05-30,catch_weight,0,0.7142623085750557,2020
4666770439ba8c9851230139,2020-05-30,heavyweight,0,0.4131006180464049,2020
30e2e97fde043513c4e768c0,2020-05-30,featherweight,0,0.3600904413256912,2020
4daf886ecde6eaec42a3a025,2020-05-30,welterweight,1,0.6686873067706702,2020
cab113a35cf2265258613c6a,2020-05-30,womens_flyweight,0,0.2941815245665157,2020
1ac169b7d2f5b29552a8b0c2,2020-05-30,bantamweight,1,0.5621264711420308,2020
13b094ecc0ecaf09072cf52a,2020-05-30,womens_strawweight,0,0.35884334627632625,2020
c05df91759ec1c10158435b1,2020-05-30,lightweight,1,0.7397283903470909,2020
50b9b416e5e3b3851dac3a6f,2020-05-30,flyweight,0,0.5793772389368869,2020
2d149a8495bc57d125ce4598,2020-05-30,welterweight,1,0.6317528993266963,2020
820e89cff0edf608156421bc,2020-06-06,featherweight,0,0.7639838081695546,2020
97226c5d11d686649ed3e022,2020-06-06,bantamweight,0,0.45274192490987747,2020
24970a4f8d6d139317076c24,2020-06-06,light_heavyweight,1,0.474057167524463,2020
28044f1dbc515f3c272522a1,2020-06-06,womens_featherweight,1,0.855175910655051,2020
14525c663d20a7a85c31b0dd,2020-06-06,middleweight,0,0.48404441532805,2020
4858c091f6e5f1675c2a3e4e,2020-06-06,featherweight,0,0.2543466338019546,2020
f5093e48c887c2911361c958,2020-06-06,bantamweight,1,0.7545627345112029,2020
478b9433c1b69ca56c69354f,2020-06-06,catch_weight,0,0.6072126078016943,2020
34cf054f6fef1a96d7b033e6,2020-06-06,middleweight,0,0.4179979368926756,2020
41234e8af82999c05cd8e76b,2020-06-06,flyweight,0,0.3809536542779933,2020
0af06c0ad5c72afe4111ca93,2020-06-06,welterweight,1,0.44183687916535364,2020
e31c4c6b7eef770d9e0c6969,2020-06-06,bantamweight,0,0.19613850007250902,2020
886bbd2f6a3553ba3983567a,2020-06-13,featherweight,0,0.4411343088188289,2020
89e05740fd45ec7c49dee28a,2020-06-13,welterweight,1,0.5029547112138665,2020
0307782c584315ff5b11eb53,2020-06-13,lightweight,1,0.3474630073743758,2020
62e7a1dbde465ca7534617e6,2020-06-13,womens_flyweight,1,0.5007300956694701,2020
8a6e39649a3fec737d38320b,2020-06-13,bantamweight,1,0.4529907340611596,2020
c630e7885cdd36b6b14cca59,2020-06-13,womens_bantamweight,1,0.6316016555100392,2020
3e172364fc518e64ef6c7969,2020-06-13,middleweight,0,0.4374752231484892,2020
2259ec8201adefc465ce8c23,2020-06-13,womens_flyweight,1,0.6548060597899159,2020
923433619c20dd750c2205af,2020-06-13,catch_weight,1,0.6579291386909729,2020
e8151d9214dc667480a5a0cd,2020-06-13,bantamweight,1,0.4774399765088736,2020
290d4ab10e5aa919a128037b,2020-06-20,lightweight,1,0.5822448305991286,2020
cbdc4ad6d5473e19d6df57ba,2020-06-20,welterweight,0,0.4463293583017374,2020
35dd379f6c827a39c9ea2a80,2020-06-20,lightweight,1,0.7039378508262731,2020
0ca95193d549deae06a43dfb,2020-06-20,womens_flyweight,0,0.36269621745971714,2020
42a699b0e1e0b47000777a51,2020-06-20,heavyweight,1,0.6537603094996216,2020
11a2b83fafaadd00beca04d6,2020-06-20,lightweight,1,0.36010258160784964,2020
dab5c40932dc5108516b8357,2020-06-20,catch_weight,1,0.10683080640292494,2020
1702be42945c42f331abfb86,2020-06-20,featherweight,0,0.5540033249444161,2020
059fc403c1199ed58dfefd1e,2020-06-20,womens_bantamweight,0,0.1983533999783172,2020
cd96fe8c1990581afcbc65fa,2020-06-20,womens_flyweight,1,0.48261872200416706,2020
af88d28bf7e8107238ee84eb,2020-06-20,womens_strawweight,1,0.5439123569288324,2020
82c23a4256fc112839a21e37,2020-06-27,middleweight,1,0.7243443519504614,2020
de98f026bdf72951202b6d58,2020-06-27,lightweight,0,0.5225917214812045,2020
3f23da8e6c5be0676895513e,2020-06-27,heavyweight,1,0.5896924620934226,2020
b66fca201dea49414ec29f35,2020-06-27,featherweight,0,0.3686866980268456,2020
c4e0a136fe5ffd850886b385,2020-06-27,womens_strawweight,1,0.5831913509345187,2020
2fdfc02f2b246b2cd90069a6,2020-06-27,lightweight,1,0.3146625022336328,2020
c13e18c821c98fe6fce0b80e,2020-06-27,welterweight,0,0.3408631569544101,2020
44b541d2c96511df188e7335,2020-06-27,heavyweight,0,0.4129442323105832,2020
c19913fffb602e14f3e2082b,2020-06-27,catch_weight,0,0.8071471283133438,2020
006f504a194d5223fe79b4df,2020-06-27,welterweight,1,0.6409289225327841,2020
be848e2721065a0114893812,2020-07-11,featherweight,0,0.40428169300212324,2020
1f3620c84ae614757d7bfa36,2020-07-11,womens_flyweight,0,0.3333271600343119,2020
2aca388948ad79e83a84cf15,2020-07-11,welterweight,0,0.5877169699721111,2020
574672682df84871761a5876,2020-07-11,womens_strawweight,1,0.6084979669034141,2020
83c960d387ea71ac2b87a5ca,2020-07-11,welterweight,0,0.1648872193845967,2020
51718fa99d2beeef65554230,2020-07-11,womens_bantamweight,0,0.45984301099347125,2020
d15cc1d2230aa928274889e4,2020-07-11,lightweight,0,0.41853296971869186,2020
203ac34442d30277d30b534a,2020-07-11,featherweight,0,0.2726875694381397,2020
bbb50c2b6683640361da5f6b,2020-07-11,heavyweight,1,0.7321848553557666,2020
c47da9117ef9cb0c55d90f33,2020-07-11,bantamweight,0,0.6382952924806373,2020
0d11971457c4175b965c7f87,2020-07-11,bantamweight,1,0.6102045686713867,2020
511b42aba92448e1f30bcceb,2020-07-11,flyweight,1,0.7295047284117401,2020
b8cb51bb58d9db4514c8a4cf,2020-07-11,light_heavyweight,0,0.7285474790783235,2020
3cb54ea87dbfd559fefef2b7,2020-07-15,welterweight,0,0.5198790811007973,2020
884115a97758c772c9a1aa6e,2020-07-15,featherweight,0,0.6874319432838847,2020
e030c4b4274431ef2741e6c9,2020-07-15,womens_flyweight,0,0.6200633294509438,2020
a8f801019d4eef0e77d9ae1a,2020-07-15,bantamweight,0,0.16686927778045266,2020
b3e069741adc630204893233,2020-07-15,featherweight,1,0.4705346916896102,2020
e15671cec5d44e671c10a445,2020-07-15,featherweight,1,0.3606628937363841,2020
8b32ecec48dbcd2195ac45bf,2020-07-15,middleweight,0,0.2893759466901317,2020
07704ef1301d2d6ce8009af5,2020-07-15,light_heavyweight,1,0.5519733094410696,2020
b612d80bd5c03377090d4d3e,2020-07-15,womens_flyweight,1,0.550265201014228,2020
9f333d28d7717b8654dfa658,2020-07-15,featherweight,1,0.16249003419847144,2020
456ab7958561d909b67e3864,2020-07-15,flyweight,0,0.4246197763353548,2020
8f69fcae4224781b3c9cfa38,2020-07-18,flyweight,1,0.38796854026590283,2020
fa1912c548967b80aa56bf11,2020-07-18,womens_flyweight,1,0.42675562878496015,2020
6919180ec57b7b188061ac38,2020-07-18,bantamweight,0,0.5591684587063134,2020
74993216732e68a332a88a7c,2020-07-18,heavyweight,1,0.6667389589145604,2020
cd37985766a8aa01b735f39b,2020-07-18,lightweight,0,0.3671516344812995,2020
1940aee687891ca4a94afbfd,2020-07-18,flyweight,1,0.6587617681050167,2020
9fafa8c93b811a3746eb31e8,2020-07-18,catch_weight,0,0.22979245621244787,2020
f86ab16d919a25d4da537f58,2020-07-18,middleweight,0,0.49009422129887814,2020
66da3b6f9f4cf7e4157872a1,2020-07-18,lightweight,0,0.3901521736564385,2020
4a09d8daff5488361ff890ac,2020-07-18,bantamweight,1,0.5666768998444102,2020
e038f9564dda467e4997ce35,2020-07-18,lightweight,0,0.6120105499526817,2020
8cd39f466756d30dadd88be2,2020-07-18,light_heavyweight,0,0.7252642673274953,2020
aa414e556f0b92cf8400036c,2020-07-25,welterweight,0,0.3143084583000205,2020
9ecf8c24eea5a923e8f4b148,2020-07-25,womens_bantamweight,1,0.5538092271984708,2020
b345fd117c26ce8ce1ef6e60,2020-07-25,womens_strawweight,0,0.4129852548882318,2020
0c7ab3916d55a17df15a3a83,2020-07-25,heavyweight,1,0.1107786894028354,2020
39cab37f486024ecb9db2635,2020-07-25,lightweight,1,0.4846754967436502,2020
defd84b0599cc0d92b68f3d9,2020-07-25,welterweight,1,0.7016864727207961,2020
463933bcaf017d47e453066f,2020-07-25,light_heavyweight,1,0.7381723116980425,2020
774acac56423a0c607d073ed,2020-07-25,featherweight,1,0.5997509444634089,2020
f8145b4bb7b5e3cb97d4dc9c,2020-07-25,bantamweight,0,0.21043088886982234,2020
6ce73abee15e58ac43b79445,2020-07-25,light_heavyweight,1,0.5154721079297827,2020
85e0c0d613fc2cb13a184545,2020-07-25,welterweight,1,0.6758924113070364,2020
d7af924b081837726a8d950e,2020-07-25,middleweight,0,0.6178371847990795,2020
11685689bd05b8ae21ca67b2,2020-07-25,heavyweight,0,0.3017561796376782,2020
376525f5ca63a4c27ff6decb,2020-07-25,heavyweight,1,0.5149527822636173,2020
8332a93dfb22029ffd97dce6,2020-08-01,middleweight,0,0.6556998927777027,2020
accaf5efe3560f60755f9237,2020-08-01,bantamweight,0,0.17078640251562605,2020
77f7f2dbc81095fc4709e0cc,2020-08-01,featherweight,0,0.27784230240868596,2020
803e4699563eeaab313ee6f9,2020-08-01,womens_flyweight,0,0.5887343257925682,2020
cf1b0a8a8ef42f5355c57ac5,2020-08-01,featherweight,0,0.531778161554724,2020
74ada4c73df8d55a25668c40,2020-08-01,lightweight,1,0.5172240342715506,2020
11b2bdce33b4daa385378c1a,2020-08-01,welterweight,0,0.39766640815839044,2020
210876a707716aedd484fb62,2020-08-08,middleweight,0,0.5510281842965924,2020
55d2db7e55ff9ef810d8a2d6,2020-08-08,lightweight,0,0.3813442640999028,2020
04fb7fae5eccd9bfad3b30f5,2020-08-08,heavyweight,1,0.6351690950896471,2020
9c4d9994434bee6a49132946,2020-08-08,featherweight,0,0.7078777879422579,2020
868200fb7ccb6878e63a9732,2020-08-08,bantamweight,0,0.4389130851116084,2020
7ba96474f9f6f546663fb612,2020-08-08,middleweight,0,0.24916130970215014,2020
2d9f61eb854f945a91ce4e6e,2020-08-08,middleweight,1,0.5825800050410905,2020
da0dbbeaf56d1757faf50688,2020-08-08,lightweight,0,0.2183831260198015,2020
7cf5bb7c97d458ef222e05c8,2020-08-08,middleweight,1,0.4917088205879487,2020
298e37ec9666db9f53515a4c,2020-08-08,welterweight,0,0.5173274195353599,2020
245a1aa1d70748ddb77fcd50,2020-08-08,womens_bantamweight,0,0.42309914557414524,2020
060c3c0453e2685b88bfc7cd,2020-08-08,featherweight,1,0.8356689496336057,2020
f62f628f4d455c496ac07489,2020-08-15,womens_strawweight,0,0.4524974120174937,2020
a932c2ee19a974d44f417d4b,2020-08-15,heavyweight,1,0.5538015438813529,2020
7a1e753ee1cac071ed552cc0,2020-08-15,womens_strawweight,1,0.6161775495030384,2020
c2a30adbd7330740e20862ad,2020-08-15,featherweight,0,0.7022152941753579,2020
14528df9ace6c262ceefb3f7,2020-08-15,lightweight,0,0.34756591568546136,2020
55a99ea2630f084f2ed4d912,2020-08-15,bantamweight,1,0.7549485980231248,2020
5d24c91dd499dbf9f371c204,2020-08-15,heavyweight,1,0.5895048211931385,2020
1b00b8df5d93a51c490a2948,2020-08-15,featherweight,0,0.3509886465918022,2020
ba981dcf4305f29bcaa7900b,2020-08-15,bantamweight,0,0.571343359270565,2020
27164f9bd07bca68817f3f4e,2020-08-15,heavyweight,0,0.4696887180261581,2020
b5a777423264ab6348bb1c2e,2020-08-15,featherweight,1,0.22330040063428164,2020
acf437c27bb894e5f10b2833,2020-08-22,womens_strawweight,1,0.5645047790689032,2020
865bc5e17b412e9d8e74207b,2020-08-22,lightweight,0,0.3460652438405334,2020
56c97a89da7aadd66d047b0a,2020-08-22,welterweight,1,0.5072162054700254,2020
3d301ae7159660205e61e4dc,2020-08-22,welterweight,0,0.5236299101737751,2020
34d337987a36d7908897d305,2020-08-22,light_heavyweight,0,0.18079608762099125,2020
df37437bbab31d315b3583ce,2020-08-22,light_heavyweight,1,0.651339309822062,2020
35fc4617b59fef082956caf0,2020-08-22,womens_flyweight,1,0.11749528841534129,2020
4c3bf69bcda575328e7dfa8a,2020-08-22,bantamweight,1,0.6376684105330489,2020
9a0f019bcdd546effc2348ee,2020-08-29,middleweight,1,0.5958205694267421,2020
445a76108cb8e63cbb18f23b,2020-08-29,featherweight,1,0.6349047643514764,2020
783496ec89222db55e57a668,2020-08-29,light_heavyweight,1,0.43188921191178603,2020
e386eba5a579cbc9c61d7ea2,2020-08-29,womens_flyweight,1,0.5646451912697286,2020
7e8fcbb84541590cb5ced267,2020-08-29,middleweight,0,0.546333958618503,2020
4fba53fa922937da97b13a1a,2020-08-29,womens_strawweight,0,0.38220225865284313,2020
9e3309a83263a3eb26e2536b,2020-08-29,womens_strawweight,1,0.5962781509048918,2020
cd63bf60ab82e106e2f0ee15,2020-08-29,featherweight,1,0.5216930674609079,2020
5b102515890b750f61b15ad8,2020-08-29,welterweight,1,0.8160808903691026,2020
df451b71add33401cfbbbdee,2020-08-29,welterweight,0,0.38933443972761095,2020
a8f7e7ce78b35799585b7b3f,2020-09-05,heavyweight,1,0.31846370176325445,2020
4566ad12d4871db68af538da,2020-09-05,middleweight,0,0.5921481151356002,2020
79f56fc5b540a07b75fc2f98,2020-09-05,featherweight,0,0.3513117211102936,2020
b37f7663c4100c0a3a3d864e,2020-09-05,bantamweight,1,0.685663690253096,2020
db45cb350600a6522a63019e,2020-09-05,welterweight,0,0.4313945434049906,2020
3a47b616824dbc09d6b4f23f,2020-09-05,light_heavyweight,1,0.5403436779938058,2020
cc3301848054cf1d86698beb,2020-09-05,womens_flyweight,1,0.4029416406493887,2020
28d6bbf15b8b8f3eb7f23a3c,2020-09-12,heavyweight,0,0.39100174122049514,2020
f323a1bcddd8b81465fd2d6a,2020-09-12,featherweight,0,0.25898764132813884,2020
7ae74b7892d546b2c6cc4286,2020-09-12,catch_weight,1,0.6435178132492875,2020
b58fb9829ccfd18659c6d7da,2020-09-12,welterweight,0,0.31092209549344335,2020
082eb0ff7fe293a70ba23347,2020-09-12,light_heavyweight,1,0.3696155304239438,2020
93cfcbcd4b75c2b5c8ee2e46,2020-09-12,womens_bantamweight,1,0.5761223845766758,2020
04a643128e2a0077e897530a,2020-09-12,lightweight,0,0.2221707327425783,2020
537ffd56845ed420190fbfdd,2020-09-12,womens_strawweight,1,0.48811423170683693,2020
25de901f6dd7ecb9530b74b0,2020-09-12,lightweight,0,0.4848144261954137,2020
28efb17bdca98d4378885a1c,2020-09-12,womens_flyweight,0,0.6104776382840149,2020
9315dd27fd7b658d3ca50207,2020-09-12,womens_flyweight,1,0.701730253754393,2020
623b46230159a54815f5cb49,2020-09-19,bantamweight,1,0.5290723998599888,2020
fb266d3d4965156fe0812808,2020-09-19,welterweight,0,0.3416344278320338,2020
6c738a0d9b2c763e5023b8b1,2020-09-19,featherweight,1,0.44811773838970853,2020
d817723ba47e641cb45f55df,2020-09-19,womens_bantamweight,1,0.4545464186367981,2020
5b0b10e3a4c96b4a1aaacc21,2020-09-19,light_heavyweight,1,0.5356227819224357,2020
4d15262f09d0438e42a1d716,2020-09-19,flyweight,1,0.3381086163132367,2020
f23ca5817efea8ed67cc6d3e,2020-09-19,bantamweight,1,0.5736382772855589,2020
fb788a19abdf58c4ce9dcfda,2020-09-19,middleweight,0,0.25319372698365006,2020
5c95389aafbb0711c5963558,2020-09-19,middleweight,0,0.31747832217294075,2020
7931d00816825b1bd9e0ecf7,2020-09-19,womens_strawweight,1,0.6153154164061857,2020
126a5071914844441f76aed3,2020-09-19,womens_flyweight,1,0.4640262539197425,2020
ef94f26d1600348c57fa67b0,2020-09-19,featherweight,1,0.3037414384413764,2020
3e510c9608a6583021390665,2020-09-19,bantamweight,1,0.40686607604278,2020
23a662e45455f29a908aee5f,2020-09-26,lightweight,1,0.5531402322658863,2020
ffe5c9a6e91e0d37d415fdb0,2020-09-26,welterweight,1,0.880077651986745,2020
9f519c98b04a3b46edae897c,2020-09-26,light_heavyweight,1,0.2827303285450342,2020
80791d311e48d79967e48920,2020-09-26,featherweight,0,0.51472461390527,2020
4ba5210842a9fdedea37b2dc,2020-09-26,middleweight,0,0.1404423019117431,2020
38d22d042e94d6259e70a045,2020-09-26,heavyweight,1,0.4532801788243449,2020
48f7656e55b8b2313a2a7cd2,2020-09-26,flyweight,1,0.2640874064841628,2020
f4bc73375a257ec73059a857,2020-09-26,womens_bantamweight,1,0.4921757920888874,2020
be57e08456210445617a2cfe,2020-09-26,light_heavyweight,1,0.2599158508002308,2020
39410ea34d5a7709c2e4070b,2020-09-26,featherweight,0,0.5803299215810469,2020
f593b1fad2405f4eea183994,2020-09-26,light_heavyweight,0,0.7487902801678465,2020
b04169fb651ff838bcc04a28,2020-10-03,welterweight,0,0.37797053126508307,2020
0c6b8632abdb2d92929613c4,2020-10-03,bantamweight,0,0.431260880039476,2020
d1559e32012f7277afb65dff,2020-10-03,middleweight,0,0.421468222259657,2020
f3ee0876b7b239e4c9c141a5,2020-10-03,womens_bantamweight,1,0.5901049724308827,2020
1ed625d2bce4a080ff7aa7ec,2020-10-03,womens_bantamweight,0,0.5935168159810084,2020
c6a82c44dd90c79be12b6827,2020-10-03,middleweight,0,0.4769876905387022,2020
e027916440b1d9b89633d333,2020-10-03,bantamweight,1,0.7781556970318453,2020
e78a454a7ba56158106a70bb,2020-10-03,womens_strawweight,1,0.5700363060064041,2020
9038dd92cf6a9dba569b6e41,2020-10-03,lightweight,1,0.6299039585686875,2020
5e403d21b6f537ca07e981a8,2020-10-03,heavyweight,1,0.5774807467614989,2020
80048b12f4e27d448e681393,2020-10-10,bantamweight,0,0.676212878201225,2020
9fd3797dda6a9dc551642271,2020-10-10,heavyweight,0,0.40812286188747326,2020
47d015c9da4f8e7c68642c9c,2020-10-10,flyweight,1,0.4289980270022556,2020
f3c39178e030c72a92766f83,2020-10-10,heavyweight,1,0.47089047857610467,2020
b33b7e15079e874207787397,2020-10-10,featherweight,1,0.3939260692326419,2020
32b54d883d2d43b47a7329ef,2020-10-10,featherweight,1,0.5030489107316575,2020
3933cacfa643f4332fb05e57,2020-10-10,middleweight,0,0.6621119461901952,2020
6d2a9d7dc08ac386e90f4115,2020-10-10,middleweight,0,0.44842431761972507,2020
a9b7a476e336ba9d14cc3967,2020-10-10,bantamweight,0,0.4919105796339825,2020
4bf87d901465ed4dc164d766,2020-10-10,heavyweight,0,0.15617706410000415,2020
96f20b0be6ccb77bf9cdc8eb,2020-10-10,middleweight,1,0.4347826499126247,2020
f37de3fb239061532292aa7a,2020-10-10,womens_bantamweight,0,0.3317084100906902,2020
c1064b7eb590e152b8293553,2020-10-10,featherweight,0,0.7664665463115615,2020
7436f2383310929d077726d8,2020-10-17,featherweight,0,0.6995136392660838,2020
1ccd594341a2b6cea5016be1,2020-10-17,welterweight,0,0.44553057915027894,2020
5c7f86843455a239817ae12d,2020-10-17,light_heavyweight,0,0.42642792272165103,2020
2da28f1443f58bbdd2cb3db7,2020-10-17,womens_flyweight,1,0.4885783635559501,2020
9dc9bdd024b0eccd64b939ac,2020-10-17,lightweight,1,0.6272208233433894,2020
5b47f9b0810708e40df64e9e,2020-10-17,light_heavyweight,0,0.28264105727395855,2020
2975781dbd33227ef8a61f79,2020-10-17,middleweight,1,0.7637400383818971,2020
2a9bbefd70d44c964d657e9b,2020-10-17,womens_flyweight,0,0.33934552240523647,2020
591940879703188b315267f6,2020-10-17,lightweight,1,0.5198398874181294,2020
385fd3eb8f3778369168b7dd,2020-10-17,bantamweight,1,0.7819362142904736,2020
5d4dafd8adc6f8fdd0422db8,2020-10-17,featherweight,1,0.5473523769578647,2020
9e5f20555d811d9565cd562c,2020-10-24,welterweight,1,0.35229147071240857,2020
c390228f133682c232f89d7a,2020-10-24,heavyweight,0,0.07674196578332451,2020
ddd3bcee83bd285bc2d66fda,2020-10-24,middleweight,1,0.5024319021952566,2020
accd1dcd8cd278a67c7cd20f,2020-10-24,lightweight,1,0.6953140055934263,2020
5e1047bc4fb321e2c668e871,2020-10-24,lightweight,1,0.6835188104637772,2020
01e8de6e71b38fdbb4ca295b,2020-10-24,womens_flyweight,1,0.5269690932707898,2020
dccd287fe543912a3d4262ce,2020-10-24,womens_flyweight,1,0.5388912662301895,2020
27330ec2f027b06bb6e1d506,2020-10-24,light_heavyweight,0,0.4101900250842699,2020
95bf3e74a6af57559a469137,2020-10-24,catch_weight,0,0.5173224709639483,2020
df5cb9edb98d3b8e5b0d1dcc,2020-10-24,middleweight,0,0.282705733746262,2020
f579d8fdebc5facfe7a54631,2020-10-24,heavyweight,0,0.3703909092179511,2020
89530c10412fef4e37adacc3,2020-10-31,bantamweight,1,0.5217154685409322,2020
139113bda6e2c08bcdb0de64,2020-10-31,featherweight,0,0.384253486687958,2020
64f6e5042b239942a0940584,2020-10-31,lightweight,1,0.6786108702555039,2020
cefd7c12fbddc1ae93b66ff3,2020-10-31,welterweight,0,0.7975592197447964,2020
7b0cfccdff37cdd83d0058fe,2020-10-31,light_heavyweight,0,0.4498051263144677,2020
26fbfce30596a1dab7bd4db1,2020-10-31,middleweight,1,0.8183195700580845,2020
578662bba25d0cd530c617d8,2020-10-31,lightweight,1,0.4719102970952155,2020
ee10cdc650c5fb71fced52b6,2020-10-31,heavyweight,1,0.6179744906740772,2020
558610849677ae0c138c4f45,2020-10-31,bantamweight,1,0.651788741559048,2020
5fd8a5e104ff4c3e1adbc165,2020-10-31,middleweight,1,0.71868124922475,2020
b5338c339e99f772edcafd4b,2020-10-31,middleweight,1,0.7462024073255875,2020
c01ae7afb0d017349ea11354,2020-11-07,heavyweight,0,0.3013259003639794,2020
a75ae44aa15099924d9905d7,2020-11-07,heavyweight,1,0.1391292451926057,2020
3eef4800a98bf0e45d406700,2020-11-07,womens_strawweight,1,0.5295433394885652,2020
dcbfa685c07ca7e10a21cc93,2020-11-07,featherweight,1,0.2953633736552871,2020
7e96ea3f88bc1cd633bfbcff,2020-11-07,featherweight,1,0.7322642420080869,2020
cf941249e8853878c39beb3b,2020-11-07,bantamweight,1,0.4682452085276982,2020
627ff29937df0f3e4b02b96e,2020-11-07,welterweight,0,0.4340508960306072,2020
35cd9e0ed2ba0bbc0352b4d5,2020-11-07,bantamweight,1,0.677506001836491,2020
f56a2da3439d7312f3ed5053,2020-11-07,light_heavyweight,0,0.5633837734636666,2020
22d95249dfaff73c149f7787,2020-11-07,middleweight,1,0.7015980773114248,2020
4f984c114f952c5e85b05305,2020-11-14,welterweight,0,0.1683994111808602,2020
0bf1cad5fff73833720546bb,2020-11-14,welterweight,1,0.7240410650933584,2020
4d8c8fdb741a66e9ec213215,2020-11-14,womens_strawweight,1,0.35015255162725967,2020
7472bbec30036b91f8b3f55a,2020-11-14,catch_weight,1,0.44607830937675774,2020
9d1bf278adaf06c59aafbe8a,2020-11-14,heavyweight,0,0.3223566216447827,2020
bdf3b0384bfd20ab4f874937,2020-11-14,bantamweight,0,0.40154786160083017,2020
256ba9eadd0025f9b1b46491,2020-11-14,womens_strawweight,0,0.6622899663682559,2020
212de9a7a449ce2e3483fe61,2020-11-14,lightweight,0,0.4961065438645319,2020
71953b09146d733984c4873f,2020-11-14,womens_strawweight,0,0.4440846534630484,2020
daa107f8ce19d97b1024e608,2020-11-21,welterweight,0,0.6128128323544783,2020
990f47449008c2507dce5538,2020-11-21,womens_flyweight,0,0.41717019219864654,2020
855198b297a6d4d634748fc0,2020-11-21,flyweight,0,0.25776020106340436,2020
ab363e2b0f18214055df486e,2020-11-21,welterweight,1,0.3884019620908175,2020
35a304f5212463a5b62f0016,2020-11-21,flyweight,0,0.49406609854357764,2020
e10c4a1985fd12ac4132b445,2020-11-21,middleweight,1,0.47374341765961736,2020
75e45e9d89ad79cff7c42ac6,2020-11-21,womens_flyweight,0,0.43848296739232356,2020
5ec0091b78dc3de20dd3ac14,2020-11-21,middleweight,0,0.3881661177866184,2020
71a0386425bf0de6d824fb82,2020-11-21,welterweight,1,0.47132101506000407,2020
1d045510888fda8b989e961d,2020-11-21,light_heavyweight,0,0.6507751718986757,2020
eaf2ba2fb033cd4f682f8d99,2020-11-21,welterweight,0,0.6583809710721463,2020
2cbdb6487a02560caa061947,2020-11-21,womens_flyweight,1,0.8098331180130527,2020
f1ef0a42087a271126512de6,2020-11-28,light_heavyweight,0,0.3676280719569512,2020
54556752d4e905ae3733dad8,2020-11-28,womens_bantamweight,1,0.5279092130680177,2020
ee744e008569f783f1c7ae2f,2020-11-28,womens_flyweight,1,0.3500885583811936,2020
1da86dd1a82396c3d44770b5,2020-11-28,featherweight,1,0.1309659800969409,2020
f7f1ed2648969e54b0e3c382,2020-11-28,heavyweight,1,0.3044219829365957,2020
15dd8c606462176c34ed098b,2020-11-28,catch_weight,0,0.5527898625058435,2020
be0781425d6678d096405d23,2020-11-28,bantamweight,0,0.5586355117726771,2020
1cc13b483b64475640fb3718,2020-11-28,welterweight,0,0.37886879320199746,2020
1162fe15cac2da103dfe148c,2020-11-28,featherweight,1,0.4673578910004927,2020
0c3a9c25327fe52dfdc851ce,2020-11-28,flyweight,0,0.19850252365370433,2020
3fb0d126ec0ec9c850e7c51f,2020-12-05,lightweight,1,0.6499025038032221,2020
38c73190ff54c90011fd11da,2020-12-05,heavyweight,1,0.49686592212350533,2020
2faee2f4000145f6ef0e7d15,2020-12-05,featherweight,1,0.7757172032792663,2020
c7ea0e981df13024b9a31ab0,2020-12-05,middleweight,1,0.4494439446398492,2020
b7f4b02b143222c336934e1f,2020-12-05,bantamweight,1,0.32023314502786393,2020
96327f3512f595cecb211d04,2020-12-05,lightweight,1,0.674771101612377,2020
5626b216eee3a29a06e2e953,2020-12-05,light_heavyweight,0,0.35897149115633414,2020
cdbde8c8fb7b8ab6ece9ca3f,2020-12-05,light_heavyweight,1,0.656074416483631,2020
e56a0eee2d1ec9ecb44e9c6c,2020-12-12,featherweight,0,0.3471870807044945,2020
0212910162e54fa9cd5b7cd0,2020-12-12,featherweight,0,0.4765750484256649,2020
d5af84d65e5ec7c832fd231d,2020-12-12,featherweight,1,0.4408822486192365,2020
f33feba4243e510ba6affdca,2020-12-12,heavyweight,1,0.5617463457228706,2020
dd922295fee469e083fac69f,2020-12-12,middleweight,1,0.8149239226192455,2020
b259ff80d212bf23d79b1dc4,2020-12-12,womens_strawweight,0,0.4859936402271029,2020
4bdb0495d3dcf5d7e7dd27a3,2020-12-12,lightweight,0,0.5656712261718443,2020
80103ed2aae686dd59e7503e,2020-12-12,womens_strawweight,0,0.23373309881646082,2020
c07bd95dd550983c678bb413,2020-12-12,lightweight,0,0.22217589794217152,2020
956d4c038b9d798a03f2f217,2020-12-19,welterweight,1,0.6661617458566006,2020
06b8415093de68eee890672b,2020-12-19,catch_weight,1,0.43370820099165686,2020
9cfc7008d97b25e3eee03dba,2020-12-19,catch_weight,0,0.5176009182224304,2020
7c14b9cca72df7ce3e48797f,2020-12-19,womens_flyweight,0,0.586260304740762,2020
09bb551777feafe78278b168,2020-12-19,flyweight,0,0.5115821187639978,2020
ce69be9a42b5dce320787439,2020-12-19,bantamweight,1,0.49278877541368676,2020
d4607f21674e1b635ed2c4b1,2020-12-19,heavyweight,1,0.44490066476674317,2020
2751edcfff14d6f87019df2c,2020-12-19,bantamweight,1,0.3843545432663494,2020
47e7219958c4619887b0ea40,2020-12-19,welterweight,0,0.4754222989540168,2020
8da008a32caddde479cc3af6,2020-12-19,womens_bantamweight,1,0.45148962646317053,2020
6cccf3ffb09a129e7b0bb096,2020-12-19,welterweight,0,0.47252458088811866,2020
73c4fd702dce585354b6c53b,2020-12-19,middleweight,1,0.5262996093935163,2020
ae621dcbc9586b8e5527d2fc,2021-01-16,welterweight,0,0.4391131278432593,2021
63d6662513715319fbb37f5b,2021-01-16,heavyweight,1,0.5068738522415602,2021
299cafa827deafab86edfca9,2021-01-16,welterweight,0,0.3812283135858143,2021
5a322970c6fa2b7ccdbf1a91,2021-01-16,featherweight,0,0.2481352477965813,2021
0b3e78533c34539224338ddd,2021-01-16,middleweight,0,0.5352848263686113,2021
e3788f7673c040a7e7162eaf,2021-01-16,featherweight,1,0.5916256683716582,2021
94167c05ac13c3152031bd8a,2021-01-16,middleweight,0,0.632749214230332,2021
e1e59ca7e3b0bad7652227e2,2021-01-16,welterweight,1,0.293525591943049,2021
0314d7c96dc6c9029d7f9a5f,2021-01-16,womens_bantamweight,0,0.5484958264704308,2021
733a1c63f7740f95a9317482,2021-01-16,womens_bantamweight,1,0.43634897159926705,2021
6be48a3315d78994e2f6bbaf,2021-01-20,middleweight,1,0.5872286858652502,2021
9fa1bae0311b4aa3ccba91f1,2021-01-20,flyweight,1,0.35747539137905254,2021
0510c32efd9efab7964555f7,2021-01-20,light_heavyweight,1,0.42222403956078575,2021
8dd911979c1d546b9c995936,2021-01-20,featherweight,0,0.17461287950700485,2021
88d9b570e90c027e750424b7,2021-01-20,flyweight,1,0.5305186644935537,2021
500b756ea736234a67f865c7,2021-01-20,welterweight,1,0.3529884221364217,2021
e8a21c49a3957ae2db4f9304,2021-01-20,lightweight,0,0.3485167243176046,2021
bd1a13b91967e59c2d2ca195,2021-01-20,middleweight,1,0.5437807645298616,2021
871ec9ac30c6dde7f53b3da8,2021-01-20,bantamweight,0,0.20398659663897958,2021
5e589ab68c009c7418795d5d,2021-01-20,womens_flyweight,0,0.35275971746582524,2021
f586b613c26248f8a71102eb,2021-01-20,flyweight,1,0.691729870566925,2021
c5b665d2739cea495eec4f33,2021-01-20,bantamweight,1,0.6331505323215475,2021
e5728f57a9db1a6d419df71d,2021-01-20,womens_flyweight,0,0.5204102732761525,2021
acb69131c93694b07300faa1,2021-01-20,welterweight,1,0.445851638138502,2021
cc8a36141f665f8a21e43c79,2021-01-23,flyweight,1,0.6352871354512395,2021
ba4700ec8890cb3212bac423,2021-01-23,middleweight,0,0.4366838482684226,2021
35396c0c45d4c8527b82d6ab,2021-01-23,lightweight,1,0.8125359185131092,2021
e81b6098e57e8133b071edb8,2021-01-23,middleweight,0,0.5831551012970954,2021
749823f187d45e71e91ff721,2021-01-23,lightweight,0,0.8909893491573431,2021
41d00a19b95b8c4e1011e422,2021-01-23,lightweight,0,0.5469088162928396,2021
069bf8b9c6ade82cb549680a,2021-01-23,womens_flyweight,1,0.40456963148616176,2021
946129bbdfaa781a21608a9e,2021-01-23,womens_bantamweight,0,0.2894641925275377,2021
f7128ea236725875bb42fb2a,2021-01-23,light_heavyweight,1,0.20765442517175434,2021
4d892766af178faa517a3b55,2021-01-23,womens_strawweight,1,0.2689543257319822,2021
9eddebe538dcd4b2e8bce30f,2021-01-23,catch_weight,0,0.2601598673280447,2021
398469f8b03c9109e14c3efb,2021-02-06,flyweight,1,0.6674478392601434,2021
c52172bfe2d5dadbc2baa574,2021-02-06,heavyweight,1,0.6258758856697879,2021
dd2ee13375dd8c96df6d0a62,2021-02-06,bantamweight,0,0.36945905976778276,2021
c2749aa0039c9dbb15dc18cb,2021-02-06,catch_weight,1,0.6862579406151231,2021
006fbd1ad4d3164705b758d8,2021-02-06,lightweight,1,0.634600871985812,2021
f95fccaf728f92e2468278a7,2021-02-06,womens_bantamweight,1,0.5147301296960463,2021
5b925fbe88e3649da9183c2e,2021-02-06,lightweight,1,0.3031446113337083,2021
5617b1854fbb99723ea7f386,2021-02-06,light_heavyweight,1,0.4253760940979348,2021
187bee69eb0bfc1344de75ea,2021-02-06,womens_flyweight,1,0.5569262215978461,2021
116aee82de340b5b69294296,2021-02-06,featherweight,0,0.48271567244285996,2021
990348198032e07f47fe05b5,2021-02-06,featherweight,1,0.20135133650949977,2021
7f425d4ea75cb89d2a23d068,2021-02-06,featherweight,0,0.5333918051229259,2021
0ad9e306fa9bafaa5d9d1705,2021-02-13,catch_weight,0,0.4748316685798179,2021
f034ef7d780fb11cd9df91fa,2021-02-13,welterweight,0,0.43705201203606764,2021
e415a937b387a95ec19c51ec,2021-02-13,welterweight,0,0.44344405042881263,2021
f97a2702edccb7dad093612d,2021-02-13,welterweight,1,0.721925427841131,2021
a4e473c3f2b704804d3aa60e,2021-02-13,middleweight,0,0.4646416260227607,2021
84467793f69d35eb41eb8877,2021-02-13,middleweight,0,0.5213659962500465,2021
089e43bbc47943ab21cfcc52,2021-02-13,womens_flyweight,1,0.42135933654319246,2021
eb1492878c3ea0174e4e3b62,2021-02-13,womens_strawweight,0,0.36509476052193407,2021
12f182cc4484512866f9fb1e,2021-02-13,featherweight,0,0.20777931501309058,2021
3dba4569718934d994975320,2021-02-13,middleweight,1,0.37209913297290637,2021
ea60b29d1cc1c5cbf1e166c1,2021-02-20,bantamweight,1,0.2738982229269139,2021
74bfe372b0e5a30d25bf5041,2021-02-20,heavyweight,0,0.31892096922678215,2021
54831bad652cdc3a8ada5fdc,2021-02-20,heavyweight,1,0.8600239885938141,2021
5f3fc1a3e546d6b566ba1392,2021-02-20,featherweight,1,0.5682471142935712,2021
1a4d68fedca9efa585791fa8,2021-02-20,heavyweight,1,0.17315784882045487,2021
4dfd2b1535c10a0b46f38234,2021-02-20,bantamweight,1,0.6005805507234859,2021
35b9ba0462608f9b6e41c742,2021-02-20,featherweight,0,0.49487479884570473,2021
b57470dcb8fd957a6caf4d98,2021-02-20,womens_bantamweight,1,0.39153631361643043,2021
92b3031f9c8a237ab1c68ea2,2021-02-20,featherweight,1,0.41298924299547624,2021
624a4740ac849b0f19e7a355,2021-02-20,middleweight,1,0.5463316994933172,2021
bb5477c8597bf06ae476381f,2021-02-20,heavyweight,1,0.6700913932057754,2021
08bc513ce88af8ec37ef2a3e,2021-02-20,womens_flyweight,1,0.6815849306133774,2021
a8ff0354149b1a73242c7b41,2021-02-27,featherweight,1,0.6881744453872694,2021
fa031ca2b598c1790a770dac,2021-02-27,lightweight,1,0.5824374934357485,2021
79d0da63044a2d7848dc3eb4,2021-02-27,womens_bantamweight,0,0.7762115154914973,2021
a7edd53221755c84fb85b338,2021-02-27,light_heavyweight,0,0.6354732801704895,2021
4dae04976391e2c304856f18,2021-02-27,heavyweight,1,0.5815086243013822,2021
8977265e2ec0ac4a8d0eb88d,2021-02-27,light_heavyweight,0,0.38753769190746173,2021
03937bc015b49d21691cbfb9,2021-02-27,bantamweight,1,0.42172852821101364,2021
3eed3433c57ea8ceb8e6c485,2021-02-27,bantamweight,0,0.5065030007236563,2021
2c55dd48924effa480f5ca18,2021-03-06,womens_featherweight,0,0.11762815571757705,2021
172ba1c4ac7e58c4dbd7b4dc,2021-03-06,bantamweight,0,0.4595641278811486,2021
84173c3cabc82b82021ee1bb,2021-03-06,lightweight,1,0.7761945015271907,2021
2f2a2e5d3ef44f24b2553a05,2021-03-06,light_heavyweight,1,0.16766762592753603,2021
774fbbcd4bc58c07113c5842,2021-03-06,flyweight,1,0.6300303614603223,2021
bec1db2b5e3183035ce016c7,2021-03-06,light_heavyweight,1,0.6186432476741577,2021
7406877c1618cdf902112bd6,2021-03-06,womens_strawweight,1,0.5042959747063215,2021
436382c7157f32d457cf439c,2021-03-06,bantamweight,1,0.2771720417875266,2021
e40ebd32f54ba3551bc187f9,2021-03-06,bantamweight,0,0.5944208040472618,2021
4c948af46307bedde78b9778,2021-03-06,flyweight,1,0.668912484662589,2021
39d510d179fdc5c9bc82b8d7,2021-03-06,welterweight,1,0.45412590462067687,2021
a8dd1d9e9aeb7fd344b2f88f,2021-03-06,bantamweight,0,0.6471824781971653,2021
1665c4098d198e470e99997e,2021-03-06,light_heavyweight,1,0.6557925265826445,2021
83c08ce6fca53bee662ac967,2021-03-06,flyweight,1,0.44320449963140335,2021
2a0f151b77d398964b58f1f6,2021-03-06,lightweight,0,0.16222326471155613,2021
e048cc318dcc24e55e146279,2021-03-13,womens_strawweight,1,0.6177172026074367,2021
75ff868f7c9201dc424bcc14,2021-03-13,featherweight,0,0.22675944197355585,2021
45284428ec473bdf65215b5e,2021-03-13,womens_flyweight,1,0.5561915209937444,2021
9681fb4a0e8ec440e305912e,2021-03-13,featherweight,0,0.33678603446203464,2021
d8ea1aa19a7a70e000c057f8,2021-03-13,womens_strawweight,1,0.4188984105270845,2021
08147aa1d935de56a0a7c9fb,2021-03-13,bantamweight,0,0.7451018374827231,2021
1220f1ae4d30086f6c114d44,2021-03-13,flyweight,1,0.4587797166075558,2021
3d9e74cecbd64b77643aa7d2,2021-03-13,welterweight,0,0.3807868446428947,2021
c3cb9104e11fce38ca8aaeaa,2021-03-13,light_heavyweight,1,0.41299340815834695,2021
a651712b4735435b6dff0a60,2021-03-13,lightweight,0,0.21340531322798828,2021
155fb3d1aba34cc5371c180a,2021-03-13,bantamweight,0,0.8418277005162498,2021
09cb12976b9d557d330fede7,2021-03-20,bantamweight,1,0.6277315389096499,2021
0e924a271d155d25cb96a9df,2021-03-20,flyweight,1,0.4691778007822558,2021
bf9c66e4d2ea103435a96f54,2021-03-20,womens_strawweight,1,0.4734516854042197,2021
a7bfb80dde30557923deb967,2021-03-20,middleweight,1,0.2530705903659495,2021
fccce461000f977a1f29de71,2021-03-20,lightweight,0,0.2503776264446211,2021
3046efa844e5b8c612a39088,2021-03-20,womens_bantamweight,1,0.8014283572227958,2021
0e1232159bb09cf0a8157294,2021-03-20,bantamweight,0,0.2588621547286839,2021
87a052aae5db7282aedf3af1,2021-03-20,welterweight,0,0.4376117709637181,2021
5ac9f53f3b903f5f50c7ae07,2021-03-20,heavyweight,1,0.6693207894985288,2021
24832c40dfffd88b28acd6a1,2021-03-20,middleweight,1,0.6121413774491886,2021
655ce511031179b0d7528580,2021-03-27,light_heavyweight,0,0.456654625544103,2021
1523d28d8f3dbd0ee0deefc5,2021-03-27,womens_flyweight,0,0.5520843553641627,2021
9fa712833bf4b6daceb5243c,2021-03-27,lightweight,0,0.4796983204405239,2021
06d257fb5a3c5fda36c86d32,2021-03-27,welterweight,1,0.483099081595382,2021
f821eef7b840304b0c4c2566,2021-03-27,middleweight,0,0.47233561666359675,2021
10d5d1953f1e4db582bc4232,2021-03-27,light_heavyweight,1,0.5951784936611609,2021
437c18cdfaded48de4fb9c8b,2021-03-27,bantamweight,1,0.6709413105131964,2021
bb5d26adfb4244e5cb7c71ca,2021-03-27,featherweight,1,0.5440293197535505,2021
f9ad023e5912b9e8e23296c4,2021-03-27,heavyweight,1,0.3192824965118261,2021
71146ba7e43a180d3a76ed5f,2021-03-27,welterweight,0,0.4779426816060769,2021
a5b7f687614fa2c274c262fc,2021-04-10,featherweight,0,0.3912913446623369,2021
6a77043e2a2c7fbcf5d1422e,2021-04-10,light_heavyweight,0,0.6734929981493306,2021
f7aba315e5e7f95e583bb5f6,2021-04-10,bantamweight,1,0.6369134299378605,2021
eb0d9121307638176a27c78f,2021-04-10,welterweight,1,0.5997425895729435,2021
ec6aff0a24442abf1efa5bb7,2021-04-10,lightweight,0,0.11146632729560849,2021
be94f7ea41163e46b8032440,2021-04-10,lightweight,0,0.5519194169268239,2021
75e3c66fe5bdb1e2907f61ff,2021-04-10,featherweight,1,0.44846686603903163,2021
c2987bdf66ace8687c8129a8,2021-04-10,middleweight,0,0.6250570351993193,2021
bb4b636ab4f2733d20549b1d,2021-04-10,welterweight,0,0.44475067188775674,2021
2324fee04a36218838c2f885,2021-04-10,womens_strawweight,0,0.4161808909885024,2021
04cea879fa6be6d87fdd22c0,2021-04-10,middleweight,1,0.477644523028396,2021
a145a890ebf3141cbf139a78,2021-04-10,lightweight,1,0.588487437363264,2021
a26ae051b20aa9c96dc7945e,2021-04-10,heavyweight,1,0.42241533999971165,2021
3974a50adcd6fd1bcc060147,2021-04-17,middleweight,0,0.88314714954599,2021
c3a29929b0c55a012ba64d3c,2021-04-17,heavyweight,0,0.4669758844890789,2021
85eb8bca2d84e2de29d25928,2021-04-17,heavyweight,0,0.6556958410649131,2021
2dfce60518599adbf4e3bbc9,2021-04-17,lightweight,1,0.6891996538025047,2021
3249899f8623af67ee4875c4,2021-04-17,middleweight,1,0.6101835402594993,2021
b6a515792134d4e7ebc8590e,2021-04-17,womens_strawweight,0,0.6179726857848856,2021
c36e6871481b761b6bc086f8,2021-04-17,lightweight,0,0.35776188345939897,2021
d500803cf03a6c79704f1f11,2021-04-17,middleweight,1,0.6083860293879448,2021
a7e37dc0ef58d7d8986f6a75,2021-04-17,bantamweight,1,0.8470182942973161,2021
5540eafcd8dfd2f733cfcec1,2021-04-17,womens_flyweight,1,0.7333389616532079,2021
44edb5e52a71d5b17b379406,2021-04-24,welterweight,1,0.5248616655498841,2021
b29904ef22772d43b1dce8a8,2021-04-24,light_heavyweight,0,0.433662786512249,2021
961b987dd8cca4efe946c0ac,2021-04-24,flyweight,1,0.5892053860025053,2021
07cb74a61d28c7395ccc3e46,2021-04-24,bantamweight,0,0.6007451927203912,2021
c15e97d5709dfd66cf01357a,2021-04-24,welterweight,0,0.6713339022998468,2021
0e596947e3da41e12e863200,2021-04-24,welterweight,0,0.13353680144776456,2021
2c3c5213ab9496c702780d50,2021-04-24,middleweight,1,0.6060841115698327,2021
023d0a839d940fdea400233f,2021-04-24,lightweight,1,0.4847137276683242,2021
c379cb07b140cc25e888391e,2021-04-24,womens_strawweight,1,0.3941230291305012,2021
fee11078cee1e6996b863aed,2021-04-24,featherweight,1,0.46612173333526896,2021
5e472b8e52eff152fbfe7d30,2021-04-24,middleweight,0,0.6032798786459678,2021
b53f0ffc153410c8a768bc13,2021-04-24,womens_flyweight,1,0.656352125373019,2021
440ba029911f1e78c5f3138a,2021-04-24,womens_strawweight,1,0.6472360168228137,2021
1f45fe6f50add14fab876381,2021-05-01,middleweight,1,0.6907539083648326,2021
d7b12003299832c257b05e66,2021-05-01,light_heavyweight,1,0.26505159202600864,2021
0675530f5deaaa1160f7c718,2021-05-01,featherweight,0,0.2231489357330491,2021
79247937a956625d6f3ce9c8,2021-05-01,featherweight,1,0.4663117167116916,2021
f1f15579cd1db6d027621436,2021-05-01,womens_strawweight,0,0.3182204399515465,2021
2e215036f623af43977bfb1e,2021-05-01,featherweight,1,0.4176896618518887,2021
1a543291bbbbd63ae5f6db49,2021-05-01,bantamweight,1,0.6109707071656154,2021
d6a46acfc572e3ae94089003,2021-05-01,womens_flyweight,0,0.5292386085302102,2021
01327dc0bf03e55429a6b30f,2021-05-01,womens_strawweight,0,0.5025083718233112,2021
b3569c5019bea0ff890b4ec6,2021-05-01,middleweight,0,0.3785215685228231,2021
fbe844693986698837d7441a,2021-05-08,welterweight,1,0.4621311424109171,2021
b22da21be05c590f9103ab3e,2021-05-08,lightweight,1,0.6230856175248596,2021
96f3e20245151d21bcdb8f40,2021-05-08,welterweight,1,0.5945102415926217,2021
4b2e71789ce3c1603f44c672,2021-05-08,middleweight,0,0.659811962982097,2021
0f50cecf3fb203a79fbe59a2,2021-05-08,featherweight,1,0.42036871344704424,2021
bf70c712fd72cbc1402be6de,2021-05-08,womens_flyweight,0,0.5530394864145777,2021
66a055a3bdb65ec398c18942,2021-05-08,heavyweight,1,0.49548839539870243,2021
da6b936ea8667cee5f337a67,2021-05-08,welterweight,1,0.5948304524901346,2021
1d555c9651e1649b67c873d2,2021-05-08,middleweight,0,0.5662871131501949,2021
4eddd98f6b71d1b40ce9de04,2021-05-15,womens_flyweight,0,0.4393453786542402,2021
b161c29e825cc8f33321c23d,2021-05-15,lightweight,1,0.760702928645762,2021
73ed9835db433e1c3179e031,2021-05-15,lightweight,1,0.39502158146466154,2021
2c723e3bfbd7746b1a49bc19,2021-05-15,womens_flyweight,0,0.7530863220160796,2021
4a515c7e15f58e278e85b0c2,2021-05-15,middleweight,1,0.5619170942140517,2021
2d88a7f118a9b133a9aa150c,2021-05-15,middleweight,0,0.4752536441681546,2021
7b40bb27aad143bbe4bf6123,2021-05-15,womens_flyweight,1,0.5671318492435751,2021
9236d5c10fd5259af71d1f7a,2021-05-15,featherweight,1,0.517207514729114,2021
8552cf2fa15f36c962dd47da,2021-05-15,featherweight,0,0.5494552668003524,2021
ac01654bb88f24cde0453ff9,2021-05-15,featherweight,0,0.6331288457846203,2021
30b02d38c456914546eaa1f9,2021-05-15,lightweight,0,0.2205194178599771,2021
d30d3aec127463726bcfe02e,2021-05-22,heavyweight,0,0.18539133588520953,2021
071a45a6dbfc547ac87fd8f2,2021-05-22,flyweight,0,0.3964998407130307,2021
10b25f19a0fff04f7455e7f0,2021-05-22,welterweight,0,0.6329108852287714,2021
c218d031e77e1e9e8ceea0f8,2021-05-22,flyweight,0,0.28411772160289084,2021
fda50c856c3cc806fad2cd0f,2021-05-22,womens_featherweight,0,0.5787567361291217,2021
e9beb6a44ab27a583e24a07e,2021-05-22,middleweight,0,0.4368719115209331,2021
296bd6be85fe799b7ab7c1a3,2021-05-22,featherweight,1,0.3314833073897511,2021
cc74e32603a6a23148741929,2021-05-22,heavyweight,0,0.49726786079402396,2021
b5709b61e25ad5e6e50d3e45,2021-05-22,lightweight,0,0.3586299924113223,2021
3b7b804068b8e00672a5f39a,2021-05-22,featherweight,0,0.3749532004381724,2021
021c23a2eb7dd424b3760858,2021-05-22,bantamweight,0,0.7217076033904322,2021
0a8907e7c9ccc7e92c10fa53,2021-05-22,womens_strawweight,0,0.5724569631428976,2021
a71663808cab96a533f7f3a0,2021-06-05,lightweight,0,0.9752005866035293,2021
b849723a163cb1a94edec03d,2021-06-05,middleweight,0,0.692838886738578,2021
c30c5ed0c6f68ddbdc6e0034,2021-06-05,welterweight,1,0.722554873419847,2021
005237f1190a5a2d4091414f,2021-06-05,heavyweight,1,0.6245529661785009,2021
dae4bb27f2bbb3c7006d1dc5,2021-06-05,featherweight,0,0.6820672651735254,2021
05ccaa473e2b94dfabf7d1fd,2021-06-05,womens_flyweight,1,0.6138340714870756,2021
302fd43d83034a2a1167cb24,2021-06-05,womens_flyweight,0,0.29188822538310316,2021
d603dc6aff17ddbb1d25c05e,2021-06-05,middleweight,0,0.35612308202642234,2021
124977ad8833f804ed6cb04e,2021-06-05,welterweight,0,0.6245451868309816,2021
a6488972b4e28f5bb943b98f,2021-06-05,featherweight,1,0.2161160141961416,2021
cca2249636b0929cdddf4681,2021-06-05,heavyweight,0,0.7139482840454552,2021
4dbb2484e6d1bdd5206a8e75,2021-06-05,heavyweight,0,0.15413117343706967,2021
7b68645c6155f616e8698da6,2021-06-12,heavyweight,0,0.3818615450113874,2021
a472857449a92cc1580c34ce,2021-06-12,featherweight,1,0.32022689857454945,2021
a00ccc9c46ab59aeed12bc52,2021-06-12,flyweight,1,0.4466279688660371,2021
6416d8a78b4aeee3a078ff10,2021-06-12,welterweight,1,0.7909726917359814,2021
d4659a1d3ed047b9c9526f60,2021-06-12,lightweight,1,0.5450603946744493,2021
d7e483bb04fd67f9c284ae8b,2021-06-12,light_heavyweight,1,0.4265845954792778,2021
a067ee4df1e643240630223a,2021-06-12,lightweight,0,0.4332709059581122,2021
06b2c67c96de677f095d63a4,2021-06-12,middleweight,0,0.43306192605352156,2021
bdcced7630b8f9fc20b8e65d,2021-06-12,womens_flyweight,1,0.5306898853437761,2021
27e411a536e1c7deb45d1ac6,2021-06-12,welterweight,0,0.2095660648590338,2021
f2b6f09261ceb5b126445765,2021-06-12,lightweight,0,0.41069677507208796,2021
7d225bf082e7c74caa37c3ce,2021-06-12,featherweight,0,0.3748697190882434,2021
cba88fa3d2445ac8ac4d89a0,2021-06-12,womens_bantamweight,0,0.4449749119783308,2021
30e778d3989da80d54ba9e9b,2021-06-12,light_heavyweight,1,0.3619871718134418,2021
9328b8ac23e7685857194ee4,2021-06-19,light_heavyweight,1,0.3904035752525144,2021
ebf39919541e28347dea97af,2021-06-19,heavyweight,0,0.21722409379141783,2021
cd61e6ca2674830655d58d10,2021-06-19,womens_flyweight,0,0.2999768947055817,2021
8aa7756723ebd18d2ab40f8e,2021-06-19,featherweight,0,0.534576589653902,2021
78cbe025f9059d02470e6e87,2021-06-19,lightweight,0,0.3474400286997925,2021
61610b155882ac3e3eed4f71,2021-06-19,heavyweight,1,0.5995883868149869,2021
836588eb01321066a95e6f60,2021-06-19,featherweight,1,0.6338877891831428,2021
9987f669b7493fba2fe3d118,2021-06-19,womens_strawweight,1,0.4728572838219219,2021
9f27d61139a529c02d842433,2021-06-19,welterweight,1,0.5883718942950374,2021
e74b6bf080b0e710ce9747bd,2021-06-19,bantamweight,1,0.7746241277916966,2021
b95e558564dc9e0f3f3f5cfd,2021-06-19,welterweight,1,0.3010598419394465,2021
9a82adcac5a1d990fb6cd5a0,2021-06-19,middleweight,1,0.5240428441095634,2021
a3c60ed394aa5d105da7ad3f,2021-06-26,featherweight,1,0.41196703375585364,2021
b3a720a454739d051995c2c1,2021-06-26,heavyweight,1,0.6065510939841239,2021
fc8f71a97583223c7eba5642,2021-06-26,womens_bantamweight,0,0.47154132002155963,2021
7bab93177c4542550318ca39,2021-06-26,light_heavyweight,1,0.4016343857413043,2021
734b592944e62af1b555c366,2021-06-26,light_heavyweight,0,0.2801267900643014,2021
f161c4d3b027f2f49eaa2f45,2021-06-26,bantamweight,0,0.5249880461122279,2021
89d9e6cd12cbc984c5ad5db8,2021-06-26,lightweight,0,0.4776463785523312,2021
ce42994760729649b78812f5,2021-06-26,welterweight,1,0.7421282906979911,2021
8fe42d98d6456f0fc2191b0e,2021-06-26,heavyweight,0,0.2674533962561377,2021
d779754588526356ae5ea3e3,2021-06-26,welterweight,1,0.5105370557577208,2021
ba71dd0032aaf0bf310c24c7,2021-06-26,welterweight,0,0.6699879057553517,2021
746498ef7443f0caf5f2082d,2021-06-26,lightweight,0,0.49206431231865744,2021
80d953c972d847be890d6aaf,2021-07-10,welterweight,0,0.4367368942314022,2021
6498a4c8d3727a2016dbff4a,2021-07-10,lightweight,0,0.516809927627061,2021
52922d44b46e92c459d86bc8,2021-07-10,welterweight,0,0.5169835796736331,2021
148e523baab99af91b27dce5,2021-07-10,womens_bantamweight,1,0.3299093512640244,2021
15ad67d5e43acafdd6c98fe0,2021-07-10,womens_flyweight,0,0.3155551902498494,2021
530b143d446dafc011071c4e,2021-07-10,welterweight,1,0.5646826528908387,2021
bbfbf8b8166c426e1240e0a4,2021-07-10,middleweight,1,0.4746327558595652,2021
12bc8ea49cf6466df9aea9a3,2021-07-10,featherweight,0,0.4760985404038758,2021
051cabd00d8a84746e67e149,2021-07-10,bantamweight,1,0.7965903495052541,2021
3ea316d32ba9c755ad343003,2021-07-10,heavyweight,1,0.44524450276843014,2021
dd14dada5640b649e27c8cb6,2021-07-10,middleweight,1,0.3773649262103224,2021
57c1af099e2eeaedffb7b6c6,2021-07-10,flyweight,0,0.44364579915190716,2021
387800ac98197707044d3802,2021-07-17,womens_strawweight,0,0.33933339023062586,2021
6a8395402c96b2d104acd78d,2021-07-17,welterweight,1,0.7872933601951777,2021
87728864303defcd4fe22031,2021-07-17,flyweight,0,0.7580137472717832,2021
8a31c1172ab5106325cc627e,2021-07-17,featherweight,1,0.5202484161350119,2021
b726a2c340e0031859a57110,2021-07-17,lightweight,0,0.3343397398909272,2021
4d558ebbde851ebbceb2a376,2021-07-17,lightweight,1,0.7508649021195042,2021
973af1128fff9b2a14c5621f,2021-07-17,bantamweight,0,0.613615631681306,2021
ed7f6c0bd5b437f2f9dc6c7c,2021-07-17,womens_bantamweight,1,0.7410059444359954,2021
c9c25ab469ad2fe48494e4ba,2021-07-17,middleweight,0,0.47499893385814523,2021
03a0165ac1c070a693740903,2021-07-24,bantamweight,1,0.6901923513626492,2021
3cb448435c95ab6aa4fed0a9,2021-07-24,bantamweight,0,0.7524907935657998,2021
b0617d39a8cbc7fc041d74b3,2021-07-24,featherweight,1,0.24388686939185614,2021
f9beb1b95ba45b9b1621b64b,2021-07-24,womens_strawweight,1,0.5932396902052612,2021
f8df7edab264a0f373e74bd3,2021-07-24,bantamweight,1,0.5515452598388477,2021
1a387168660b6545f6e752fb,2021-07-24,bantamweight,0,0.7423285459278286,2021
3619b7063e9cd88f010c5a0f,2021-07-24,welterweight,1,0.5826475120564085,2021
f115a8a9f478bc63f707998e,2021-07-24,womens_flyweight,1,0.4357020391872079,2021
f0c4c6e99336ff56646d4fa5,2021-07-24,middleweight,1,0.46643394794976006,2021
2457d12636a9cfb566f94a56,2021-07-24,middleweight,1,0.5368532232436904,2021
033418400afa21c1b79842c9,2021-07-24,womens_flyweight,1,0.687127395226126,2021
aa362511017ececb3e8cb952,2021-07-31,welterweight,1,0.40974586402599805,2021
439390ea327acf2b45119216,2021-07-31,womens_strawweight,0,0.43827552751753895,2021
abe908dff98725268a6de4b5,2021-07-31,lightweight,1,0.23203392117871105,2021
f53d55ca7e6c71bca1768d71,2021-07-31,featherweight,0,0.5336683645368402,2021
3a69e82631c81017529c26db,2021-07-31,womens_strawweight,1,0.47561234541719144,2021
848d633ab5d861af69f87843,2021-07-31,welterweight,0,0.5543578456532031,2021
d6d47fd80d8781a3f317d30b,2021-07-31,welterweight,1,0.409980950512282,2021
32bb78b29e02d70783585786,2021-07-31,flyweight,1,0.6562841345878206,2021
3af23183b818dfe59d5a0114,2021-07-31,middleweight,1,0.6325346826134826,2021
37eb5a2b7db7710c44ecbb0f,2021-08-07,light_heavyweight,1,0.7367057872970877,2021
31e656fd3cfbfde7ba181505,2021-08-07,heavyweight,0,0.18963863632499695,2021
cfc670cb4c942424d4bde058,2021-08-07,bantamweight,0,0.6597216856257905,2021
a13574844084b56c501c795d,2021-08-07,bantamweight,1,0.5249225996783595,2021
c291f2773170c40024daeb22,2021-08-07,womens_strawweight,1,0.5269807501276365,2021
e7881e314d5e66981e8e89de,2021-08-07,lightweight,1,0.5922057379587506,2021
a7d7600747cdce4d1aac4734,2021-08-07,flyweight,0,0.20645705261144393,2021
36997816a9de75a5faf77fdb,2021-08-07,welterweight,0,0.5565724777315021,2021
1b48725e4a5a6738fae9d75e,2021-08-07,bantamweight,0,0.17626760661081914,2021
adbb4bf7f16d6f11fdd6a702,2021-08-07,bantamweight,0,0.42714814848547833,2021
8a628435db9e18feeb85b101,2021-08-07,womens_strawweight,1,0.4605148935934129,2021
03bd3178b81b51c98a2ef07f,2021-08-07,womens_flyweight,0,0.2975947914846951,2021
ff592cdaa4eca0c7c874169d,2021-08-07,bantamweight,1,0.3742506022318012,2021
97eff66c4a32a2932814be38,2021-08-21,flyweight,0,0.5192484450507203,2021
102faa4ad68146ae09750464,2021-08-21,featherweight,0,0.36258134753289173,2021
7f212aa41a8e96a98df4f434,2021-08-21,womens_bantamweight,1,0.36635004762731016,2021
256498ff833bad9ec8a58f4f,2021-08-21,bantamweight,1,0.5531822642116717,2021
768f6a84be53ebd19ce73dbe,2021-08-21,lightweight,1,0.7585196229255327,2021
39e93a7358c364f594c54892,2021-08-21,middleweight,0,0.5107022671679611,2021
a37c8fb1c9ec806b184a9c51,2021-08-21,heavyweight,1,0.3736169229734711,2021
5d50a9759638e91e84f0b746,2021-08-21,lightweight,1,0.5535573985055228,2021
e2ebb569fa02a491387e1161,2021-08-21,welterweight,0,0.48247258542989546,2021
eb3d6a53fd969c07e9831cf1,2021-08-21,bantamweight,0,0.6652228666631702,2021
642d81d57681e847b5fde3c9,2021-08-21,lightweight,1,0.33823948992038544,2021
45a810ac99baec2dd4b54d7c,2021-08-21,light_heavyweight,0,0.27864997236728595,2021
0ed065dd12c23b6c9d895669,2021-08-28,middleweight,0,0.6277646457563161,2021
9f9acc55a8ab60ad174b6e11,2021-08-28,middleweight,1,0.4568961978788946,2021
81175b83703a04c9578b0ede,2021-08-28,middleweight,0,0.4568961978788946,2021
aff3ed6568a856a3854450e4,2021-08-28,light_heavyweight,0,0.5324587381213446,2021
ec627d0e52cb9efd5393d953,2021-08-28,featherweight,0,0.28489087417428616,2021
d6d68f11e8b1409123b81a91,2021-08-28,featherweight,0,0.5395504855384566,2021
bf631345d98ad2d5efa45637,2021-08-28,womens_flyweight,1,0.6986915080322739,2021
c64ba96ba3a2bbcd5352c69a,2021-08-28,welterweight,1,0.3786091800499014,2021
0e995a99c3637eda1e7fe1ab,2021-08-28,middleweight,0,0.6087679898470426,2021
036b6e057cbf7a551f641948,2021-08-28,bantamweight,0,0.16453629534677144,2021
323b248672e4ff7a5e608f9e,2021-08-28,bantamweight,0,0.45705937731215757,2021
7134f69560a4ddd941edb18e,2021-08-28,middleweight,1,0.5681640049357549,2021
848148a2658c8b26e59ce487,2021-09-04,welterweight,1,0.6700551777062693,2021
979ddbd47cfbfedab2b8467b,2021-09-04,middleweight,0,0.4124183488882239,2021
c2ec829bd718d445716f67fa,2021-09-04,middleweight,0,0.6042318651551168,2021
97be85a3e259ac669e1925e6,2021-09-04,bantamweight,0,0.15604015556796802,2021
ba157252f6db82d9ef9cbf91,2021-09-04,catch_weight,1,0.21202028964192027,2021
24c47b0c28d199c1ece9b21b,2021-09-04,light_heavyweight,0,0.6897454321490443,2021
ef38db4fa319c1d073e6809b,2021-09-04,womens_flyweight,1,0.462490679436837,2021
f86ff3558c519c95d88ed2b0,2021-09-04,lightweight,0,0.5885386666842732,2021
e39ab69302a3a4acaa385b46,2021-09-04,heavyweight,0,0.3519219665327254,2021
21452c8ad7c8dfb85b7958bf,2021-09-18,light_heavyweight,1,0.5398724996549243,2021
889ae6f64e5ed194f4e9d57a,2021-09-18,womens_flyweight,0,0.42129659192133956,2021
1c6ed9f870c0d2d4f98638ea,2021-09-18,lightweight,0,0.19298570029420598,2021
2b42e0ee62b14d7f1ac91ecb,2021-09-18,womens_flyweight,0,0.4724722968551084,2021
30d2da816f66152c4db4ff93,2021-09-18,womens_flyweight,1,0.5217613959551364,2021
ba70d4bc1610e50610bc85f7,2021-09-18,welterweight,0,0.5913573322673384,2021
ed602daa65f0872d1ddab046,2021-09-18,light_heavyweight,0,0.4176350698474352,2021
50f8733c5af2c8bf7833a467,2021-09-18,middleweight,1,0.6072687486247308,2021
394cd08a2aa9c8a419957765,2021-09-18,light_heavyweight,0,0.37765433406912596,2021
193777961eacaedb105fe808,2021-09-18,bantamweight,0,0.2572143252657614,2021
7ab07f5868c762f3dce9e36f,2021-09-18,bantamweight,1,0.3451243299148483,2021
b7148a827199c4372ea4612c,2021-09-18,womens_bantamweight,1,0.4711230412537854,2021
0317bdc7071d3d9f20a0a566,2021-09-18,lightweight,0,0.4430287508800362,2021
947733852564801c14c15132,2021-09-25,featherweight,0,0.31540226023584667,2021
fc453d53cd9cfa9ea2181094,2021-09-25,middleweight,1,0.590382797755478,2021
767276cd65a7bda83101b29a,2021-09-25,heavyweight,0,0.24110293588633824,2021
47acb1d6dee5fe4612753acf,2021-09-25,lightweight,1,0.3845359082896324,2021
7018a5372c82c8016ce4c305,2021-09-25,womens_flyweight,1,0.5609411373513536,2021
91bfc0bf09df44aba9658abd,2021-09-25,featherweight,1,0.5519096747537375,2021
37c022f2c4b458467443e0a5,2021-09-25,bantamweight,0,0.2969029494290896,2021
b413ac8b94e17d9fb59f2a9f,2021-09-25,welterweight,1,0.5052704690265328,2021
b36a08b76e552d0afc4cdbe4,2021-09-25,middleweight,1,0.2780155705807288,2021
2d366fdf2a73af32527b7ab9,2021-09-25,womens_flyweight,0,0.29313215872961973,2021
efae3152488573da2f0e8669,2021-09-25,heavyweight,0,0.16069231772785944,2021
474e7b7412f9128323a6ee3c,2021-09-25,lightweight,1,0.09496784850919157,2021
4d3d35d9481430b2717e1dc0,2021-09-25,womens_flyweight,0,0.13958502860301203,2021
d7ff13529f7a31aa3fd66322,2021-10-02,bantamweight,0,0.17888364618586286,2021
958aeebbb028943f8b474351,2021-10-02,welterweight,0,0.5447543385153143,2021
21dfa6f1ccdd361947c8ec5a,2021-10-02,lightweight,0,0.2296441835117356,2021
6d3f40f6d4381ce272c0a74b,2021-10-02,womens_flyweight,0,0.22126466300077952,2021
03178009a51da703270bd2b4,2021-10-02,womens_bantamweight,1,0.7719862976365328,2021
3537b39689d7dd5ae29a31d1,2021-10-02,lightweight,0,0.5810906053653954,2021
dff65f3a6f0298afa7bce7fc,2021-10-02,bantamweight,0,0.6909142993015375,2021
b9d93ed042c8eef56051609b,2021-10-02,lightweight,0,0.717015963363435,2021
a2ed5d2192961f696e9f3cb5,2021-10-02,middleweight,0,0.4107818443406843,2021
a19ad67f1de8c89c051799ad,2021-10-02,womens_bantamweight,1,0.6278533466113315,2021
49ec1b7d30d14df34cde2e67,2021-10-02,light_heavyweight,1,0.3721837965180089,2021
69e9597fb43638f8229546fb,2021-10-09,heavyweight,1,0.620771549648173,2021
a4f8f9cd16f04f65379846ce,2021-10-09,featherweight,1,0.5870442013434674,2021
679b8a681af1ea8df76c549c,2021-10-09,bantamweight,0,0.33262697308991196,2021
b693cc8733bc9b6adc490155,2021-10-09,womens_strawweight,1,0.6942883699893102,2021
65eb8cbb47349f9a81d27e50,2021-10-09,womens_strawweight,1,0.5772917091363025,2021
968a08b5b350e76b63b11406,2021-10-09,welterweight,0,0.4154061926688754,2021
c66520110ef94f852e522af5,2021-10-09,womens_flyweight,0,0.6388166320057875,2021
2ab608b74126e2342d6abf67,2021-10-09,lightweight,1,0.5337169415597394,2021
35e27d0eed9850d71eef2219,2021-10-09,flyweight,0,0.2874276761566707,2021
05f9214d72c1cef7711a3eb5,2021-10-16,heavyweight,1,0.25106031446582294,2021
223893d41e07dc5cba8acd64,2021-10-16,middleweight,1,0.5578076728523166,2021
85743a2ebed3fb08b5acc751,2021-10-16,womens_featherweight,0,0.5052115121000741,2021
851cc8213082f5aa4029b1d8,2021-10-16,bantamweight,0,0.4713617082103358,2021
6c771843a2de0df6854e6234,2021-10-16,welterweight,0,0.6781997319637108,2021
7ec4f2ed29901e7f518e59da,2021-10-16,womens_strawweight,1,0.6134900810660684,2021
75e91a9b2071aabf06334e6f,2021-10-16,lightweight,1,0.7939662129487493,2021
b9ec4594020a9368d81a8a47,2021-10-16,womens_flyweight,0,0.6401912202309173,2021
83b2a1dfe625eba45f9fe0b4,2021-10-16,womens_flyweight,0,0.26155487484224244,2021
7e2515dfbd9e621b0263a272,2021-10-16,featherweight,0,0.7877149997357685,2021
abe8cc47f03ac58b02b7c95f,2021-10-23,featherweight,1,0.5065285584323458,2021
34754acf1c6eb5adb027b3e4,2021-10-23,welterweight,0,0.5621676585781443,2021
2a878e40629fed0a310e0b0c,2021-10-23,middleweight,0,0.605624413123854,2021
dd60dff39adefccc680c4313,2021-10-23,flyweight,1,0.5936414033740282,2021
2fb719a1e5e0607e47554e4a,2021-10-23,womens_bantamweight,0,0.6655127365233006,2021
5d85a2f11fdb5bd41dff2dd3,2021-10-23,bantamweight,1,0.6453473469409255,2021
f60ed0d525f53da9f318bc43,2021-10-23,middleweight,0,0.36162646781838326,2021
4f68242759113783714f4450,2021-10-23,lightweight,1,0.6009495415999628,2021
c589ea31720af460013a699b,2021-10-23,womens_strawweight,0,0.6578642010279238,2021
a8902ba72d4e5d289caa1fbd,2021-10-23,lightweight,1,0.615011396354927,2021
19b013dcff6f9c597376a765,2021-10-23,light_heavyweight,1,0.8061272791556056,2021
41bdb938fef185e8ac424fb8,2021-10-23,light_heavyweight,1,0.7389481218790888,2021
181fe229210ebc0890d81133,2021-10-23,womens_strawweight,1,0.37583339883082,2021
f8031426c728a047582f816b,2021-10-30,middleweight,1,0.35174489742698717,2021
b2390e3878dea3ac297006fd,2021-10-30,heavyweight,1,0.628697327379568,2021
faf76162b47b80dad8f43727,2021-10-30,womens_strawweight,1,0.6134830930937955,2021
ea01307e17f5d9d2ae50e47a,2021-10-30,welterweight,0,0.18212585651708024,2021
ee313392ed6e4ab1c9ceea78,2021-10-30,middleweight,1,0.7279112062614935,2021
82a15dc2358e1868399b644b,2021-10-30,lightweight,1,0.6723983504858855,2021
e9bc05614cd6cd3f89fd76ea,2021-10-30,light_heavyweight,1,0.2594403032723753,2021
3a77a8f67a2ec16505bae0ef,2021-10-30,welterweight,0,0.2862054965249869,2021
dcdf4bf3562857781eb17181,2021-10-30,light_heavyweight,1,0.6433289536396841,2021
d9465c9e6c4e4f9160831db3,2021-10-30,featherweight,0,0.36694323989475963,2021
bfa3ac1e602529401051e936,2021-10-30,bantamweight,0,0.44606414880876805,2021
243a6d2ea06e822417f703e4,2021-10-30,featherweight,1,0.43716792251418024,2021
5fc60133e539e2c0c7530ce7,2021-10-30,light_heavyweight,0,0.40237165142070713,2021
71a1ce754a0d5c295b38d6ad,2021-10-30,flyweight,1,0.6003356334435748,2021
feba7692e9ec00fc3f868095,2021-11-06,lightweight,0,0.5078636296457911,2021
920ccd9a5d510535cd3692d3,2021-11-06,middleweight,1,0.5424590839375057,2021
10daa6ca09d264f8b7a2893a,2021-11-06,flyweight,1,0.5082525904621056,2021
e9b6f10c97adf96e4e554cc5,2021-11-06,light_heavyweight,1,0.4836061379406754,2021
0e30995a9aa64204088d1709,2021-11-06,middleweight,0,0.5920692979440065,2021
25b357bcb1a6646fa18598ef,2021-11-06,bantamweight,0,0.3844244059607959,2021
b0256b7f301cabc76e6204a7,2021-11-06,heavyweight,0,0.6275658286647003,2021
8480a1caaf0cfb57c9e5fdf8,2021-11-06,welterweight,0,0.41099951920335753,2021
d88311609f9c79db410e7e7f,2021-11-06,lightweight,1,0.6867499595960644,2021
16299a61153a379aa621129d,2021-11-06,welterweight,1,0.7749184548264381,2021
bf1435ed5ca5a3918c669450,2021-11-06,featherweight,0,0.34219877871813764,2021
a93768c61a4ee022e03f794a,2021-11-06,middleweight,1,0.3010883194135223,2021
81d3f9751c8bc9bd3e0662f1,2021-11-06,womens_strawweight,1,0.6787979564365408,2021
b0c67496eb05d9210c671511,2021-11-06,featherweight,1,0.5419373570856517,2021
949db9181591a44d3ae970eb,2021-11-13,heavyweight,0,0.5612285535281704,2021
89ef0e35ce5ec74836288f7e,2021-11-13,womens_flyweight,0,0.4500885538742883,2021
c212308191927936a67ad305,2021-11-13,womens_flyweight,0,0.5975535181833365,2021
8797bee1f200128ccd5ee671,2021-11-13,womens_featherweight,1,0.5200526316332585,2021
2a193240a3ef708a55d33473,2021-11-13,light_heavyweight,0,0.3996402013537143,2021
5bc0f36c0ff5a8dbb0b2fa0b,2021-11-13,lightweight,0,0.42467108492927974,2021
e2e00765ed6f4ef0e3cf26ea,2021-11-13,featherweight,0,0.31829354360941675,2021
4ff1b5494b02c884c647e48d,2021-11-13,welterweight,0,0.480354207699162,2021
422d4b195157b17048d3578c,2021-11-13,featherweight,0,0.40912145193500304,2021
796ec7042f87631266057606,2021-11-13,bantamweight,0,0.2190630931315018,2021
7200ae576f27dfe33d808be9,2021-11-13,lightweight,0,0.7230506210398885,2021
2b9f75df7adfc64073e39234,2021-11-20,flyweight,0,0.22218855863576736,2021
ea47fd95680fd40e63662844,2021-11-20,bantamweight,1,0.7487491193356773,2021
955de39b09cc63ac1016eb55,2021-11-20,womens_flyweight,0,0.4949899191155247,2021
c3392d5ce8b0f7cc39849ea5,2021-11-20,womens_bantamweight,1,0.6012262729987656,2021
886b35ce27e0dbfb4ffa65b1,2021-11-20,womens_strawweight,0,0.4492928363159517,2021
02b2074a853937d576367380,2021-11-20,womens_strawweight,0,0.3097180266251595,2021
c8b8e8a3970f3b7e64b5d37a,2021-11-20,welterweight,1,0.5036828975172913,2021
e5d94690a4a67d6c1acbeec9,2021-11-20,featherweight,1,0.40255713284413996,2021
b456d5fbc84ec67adfb965e1,2021-11-20,lightweight,1,0.6605187886018263,2021
2fe0e26b551c93e2cdfc10ae,2021-11-20,bantamweight,0,0.46236524610575797,2021
3c53f6a604af1ebde04927af,2021-11-20,featherweight,1,0.3761136079379357,2021
226ce750c662215efe521657,2021-12-04,welterweight,1,0.5687224429789141,2021
f86d296f6d7d0c47ff000083,2021-12-04,light_heavyweight,0,0.6180156733766005,2021
2a0cb1a7ac7387052927df0a,2021-12-04,lightweight,1,0.4683285573888781,2021
73875ab95fc90e65ed3daa4b,2021-12-04,middleweight,0,0.7825560252337739,2021
7d6c4908269ce22c76a5bf6f,2021-12-04,welterweight,1,0.7000936310488683,2021
8ee79a7798d17ee7e0e747e8,2021-12-04,womens_strawweight,0,0.4544966600285008,2021
384b21ca73c1b32e325cb539,2021-12-04,lightweight,1,0.67337739262126,2021
4307344dfcf8272d6832851b,2021-12-04,lightweight,1,0.40604980194657486,2021
dcf02508a91496610861f3cd,2021-12-04,light_heavyweight,0,0.5220625178614553,2021
68951def6fd1fe3b617a2a78,2021-12-04,bantamweight,1,0.561506400331567,2021
e88409e5199e7f4ec93cd5c3,2021-12-04,middleweight,0,0.42889675133242183,2021
51f23bd45fcb1ce3757cd2ac,2021-12-04,flyweight,0,0.3369486651713194,2021
24bfa926f53e850e1895df92,2021-12-04,bantamweight,1,0.5442677311930281,2021
b24994b03c0c6d0628dcb5f9,2021-12-11,womens_bantamweight,0,0.8388057956225073,2021
977f1d7a994d29e9c5ddb2e8,2021-12-11,middleweight,0,0.40339676618191755,2021
3d1de970a2cf4b319b4c6692,2021-12-11,heavyweight,1,0.42426704441041846,2021
f6cf5b0962a53fff711a1736,2021-12-11,lightweight,0,0.4563399590492105,2021
362ded9378ae33d6df9ab0db,2021-12-11,welterweight,1,0.549068485758,2021
659800e49c983b90b1532269,2021-12-11,womens_flyweight,1,0.7730471645765535,2021
5d9fa69369301a12d9df127f,2021-12-11,middleweight,0,0.31064931324338707,2021
7f29861d529a3539870a709a,2021-12-11,featherweight,0,0.6850478720717839,2021
134497c23d1a4822c4629299,2021-12-11,flyweight,1,0.4086569311515977,2021
71350b718af2d753556e708b,2021-12-11,womens_flyweight,0,0.5572558813350853,2021
a66c555eb560ade1333c57d1,2021-12-11,bantamweight,0,0.36450758928896176,2021
9f6cc54787f0d18509556ebb,2021-12-11,bantamweight,0,0.770922299742523,2021
f98dfffa944a6f9adc6c85de,2021-12-11,bantamweight,1,0.7730093901778018,2021
7113c70ef552d4c9dbc57658,2021-12-11,featherweight,0,0.5737523467861595,2021
8e8924f709322a82ecacc60f,2021-12-18,womens_strawweight,1,0.6247733312327329,2021
82f44b2371ac1940213fab72,2021-12-18,featherweight,0,0.3662607404917328,2021
8ab8d29bee172464a056b759,2021-12-18,featherweight,1,0.5426203342195047,2021
13aaf98af49e0e06517a3cdf,2021-12-18,heavyweight,1,0.3965372832079336,2021
9012e4d57365a687d63decab,2021-12-18,lightweight,0,0.34671082710828316,2021
57db8b42042306ccb55cc279,2021-12-18,heavyweight,1,0.4542716682681017,2021
6a6de675461536fac3479406,2021-12-18,middleweight,1,0.6160931457768548,2021
ff80eefba644b7bddd785a3e,2021-12-18,lightweight,0,0.452712885173225,2021
7d13cbda8ae96a92482d1526,2021-12-18,heavyweight,0,0.18727254020289766,2021
60f48f8ffdb45557c4561d0a,2021-12-18,bantamweight,1,0.8015591841245804,2021
5dc086998ae75bc0d851ceda,2021-12-18,womens_featherweight,0,0.5669198560754984,2021
5577100fdcc775b07433f1b2,2021-12-18,womens_flyweight,1,0.5876680962385745,2021
1df0129cb041d9c977faddd7,2021-12-18,welterweight,0,0.40564213676369204,2021
881ea0620bb309ae02591096,2022-01-15,featherweight,0,0.4562640886022311,2022
299816fff28d6ce721fabf71,2022-01-15,flyweight,1,0.573226410258627,2022
caaf36c1c3755cb12f5893eb,2022-01-15,featherweight,1,0.5486689067416922,2022
889cc985afcb06e617eda61a,2022-01-15,featherweight,0,0.7306075132509585,2022
6390092375396a3f925baf1e,2022-01-15,welterweight,0,0.5233404672237209,2022
ebaff87fa2549b3b83d61772,2022-01-15,lightweight,1,0.44784135035955025,2022
8b9c5af00e072a39cb6e2a7a,2022-01-15,heavyweight,0,0.46076769424645925,2022
f72950530e203bc6f352bf55,2022-01-15,middleweight,1,0.46795653239034934,2022
2d6c4dc57a1961ef40816f56,2022-01-15,womens_flyweight,0,0.2704800864333417,2022
c77316be700ef6effbca89df,2022-01-15,lightweight,1,0.6038670860078527,2022
8eea8daed7a521ab1426cfe0,2022-01-22,flyweight,1,0.3306573914302166,2022
cc260ab6f2dcacb734b6e2ea,2022-01-22,bantamweight,1,0.47750376765447944,2022
10040856fbf145522cf8cf94,2022-01-22,heavyweight,0,0.7317501164890639,2022
dddd15fae61d06522710056a,2022-01-22,welterweight,0,0.4922679086079553,2022
08046d48d6a4eb8737a3b825,2022-01-22,womens_flyweight,0,0.6804733797519776,2022
8b50626d4d84c3aa45d15a54,2022-01-22,lightweight,0,0.45305321065273646,2022
de14551f8d21580fa8596ef6,2022-01-22,welterweight,0,0.7209867193331131,2022
de8ba4acaa432c191891b7af,2022-01-22,welterweight,1,0.7252296885651159,2022
ec8bb730f1d208b6374ecd80,2022-01-22,bantamweight,1,0.21341345632300368,2022
fcbbd7bc5f35efaf8450ad3c,2022-01-22,womens_strawweight,1,0.6987993429864929,2022
98122fe1742fdd5100be2839,2022-01-22,bantamweight,1,0.7154781463752572,2022
6ddb3676f4a7c26e86f9b228,2022-02-05,womens_bantamweight,0,0.5645410728697561,2022
0272a89c05fdfaa2990c60a4,2022-02-05,middleweight,0,0.6793005030065947,2022
0e91e69c628ca4308127c75d,2022-02-05,featherweight,1,0.6037034222191017,2022
509c5eeb2b44572ce95c4735,2022-02-05,middleweight,0,0.29110924715497705,2022
62bd1e7c1b554cf0ae6a45ec,2022-02-05,light_heavyweight,0,0.6927665303966095,2022
8bcc740a724dc791e5db5130,2022-02-05,welterweight,1,0.3759195123353273,2022
1c899e0a6dcb00a341edeaea,2022-02-05,featherweight,0,0.4920117716015995,2022
90b3e133f1e2802dc88d0786,2022-02-05,flyweight,0,0.4835904135980754,2022
10e50c9169649dc909f1e474,2022-02-05,bantamweight,1,0.2742248325488304,2022
1d5256e991b31002be9b6431,2022-02-05,middleweight,0,0.46101666005812053,2022
6b2eb716c19a21cbe060c8e0,2022-02-05,light_heavyweight,1,0.7665735117257958,2022
d139ab9b5859db7ac6fac52c,2022-02-05,welterweight,0,0.32898367369047354,2022
16e2466bf12ade10d76a1eda,2022-02-05,middleweight,1,0.5102481463390417,2022
78785ae4443a05ddc0bb103f,2022-02-12,middleweight,0,0.35701544603154106,2022
90d1c538c65bf733ee1afd05,2022-02-12,lightweight,0,0.5624969413268209,2022
2715ae1c5ecb134385026391,2022-02-12,heavyweight,1,0.341370541921048,2022
ebf653201e47f988f8939597,2022-02-12,light_heavyweight,1,0.6773319319299811,2022
1a6b5820ddd6159cefd853a9,2022-02-12,heavyweight,0,0.5708369347136318,2022
84e02aa57d1cc6af09fd93aa,2022-02-12,bantamweight,0,0.6517255387270646,2022
f6bbc41b4218274211e225dd,2022-02-12,middleweight,1,0.6761772308576338,2022
7d1b32a9d4d917e6275675bf,2022-02-12,middleweight,1,0.39083401309447047,2022
b43ee87245d800862af774b9,2022-02-12,welterweight,1,0.62832746697271,2022
d69376c1ea693c430e1f0818,2022-02-12,lightweight,0,0.5987243927218655,2022
1f61d0ee3ab6febfeb923aaf,2022-02-12,bantamweight,1,0.8403878441030046,2022
6cd1aef6194b33b28b3f5cc2,2022-02-12,bantamweight,1,0.6859709938734333,2022
f332f3a05dc03a803776a9b5,2022-02-12,womens_flyweight,0,0.17130725115090878,2022
9b4c38da301541ccd18bf9f9,2022-02-12,heavyweight,0,0.6362304765003688,2022
e037496750d4a80f908de5f4,2022-02-19,bantamweight,0,0.6175658962295656,2022
05f71a10c41ce6a5c3587bc5,2022-02-19,featherweight,1,0.7886572694893443,2022
62712c070cfa71b63ee554b0,2022-02-19,womens_strawweight,1,0.5194358870008331,2022
83eb5904775e936959d6d016,2022-02-19,featherweight,1,0.40265712257126973,2022
e3a18f940a8ab9d972aa4639,2022-02-19,womens_bantamweight,0,0.452995521134702,2022
541220a08c84c482c971b01b,2022-02-19,lightweight,1,0.3886886647006007,2022
ba606d161dd1c5f504f8c984,2022-02-19,middleweight,0,0.3974031530293197,2022
0f1eb9c25283cba2a7cd007d,2022-02-19,light_heavyweight,0,0.6727923501584608,2022
774771f5b5f0f8d5af90fd20,2022-02-19,featherweight,0,0.2914751408983816,2022
7085b77b6e0023c3296b8cf6,2022-02-19,catch_weight,0,0.3900132799815222,2022
8c1cb182501b4ff4c557a4f7,2022-02-19,bantamweight,1,0.6148087072859773,2022
e0eeff5374ca589d7b5f7626,2022-02-19,heavyweight,0,0.2731182491587082,2022
0bf431efc2c9170850a83b3f,2022-02-26,featherweight,0,0.28961582186146595,2022
338700b1b79beb6242e882f3,2022-02-26,lightweight,1,0.7130525553459247,2022
21ab4fa36f44cfe6814659de,2022-02-26,middleweight,0,0.761199960030955,2022
e9955a213c246dc76802a534,2022-02-26,catch_weight,0,0.1696002221011496,2022
755b2c5ef7b44148e45d06f8,2022-02-26,womens_flyweight,1,0.37496252681130837,2022
c9e3bc4ea58df6235765f2e0,2022-02-26,womens_featherweight,0,0.3700687243215125,2022
8c15089f0431ebf57fba0b25,2022-02-26,middleweight,0,0.5859808264186406,2022
7b8dd4825672e5c71feb365f,2022-02-26,welterweight,1,0.476198623732394,2022
115cd12c43c7ca9a98a34354,2022-02-26,lightweight,1,0.5049883421939458,2022
ad3d758504e40f089358d0cc,2022-02-26,lightweight,0,0.6945829452394343,2022
09803872173680a4e5a486f2,2022-02-26,flyweight,1,0.49338782367574435,2022
8cab78badf4b3f9f94431dcb,2022-03-05,featherweight,0,0.18408858865098046,2022
eb2dea2335dc1879ca29907d,2022-03-05,welterweight,1,0.6117053443564454,2022
59e88ba1af2fe8e1830220bd,2022-03-05,lightweight,0,0.4533993504746107,2022
c66c7054afb057dd78aa0f05,2022-03-05,light_heavyweight,1,0.48123547923055615,2022
76eb17111d5981c71736b835,2022-03-05,featherweight,0,0.24979641054067436,2022
054327f45b8b36f1c6c59bd8,2022-03-05,lightweight,0,0.4871554758222303,2022
fe7ff91782693e8c97668462,2022-03-05,welterweight,0,0.22496640387648784,2022
191f8590132dd622386f8dcb,2022-03-05,womens_strawweight,1,0.7023939119796989,2022
62773007de975caae0e7403f,2022-03-05,womens_flyweight,1,0.32471422948895307,2022
ef873da872c2b8ddc6d7f482,2022-03-05,light_heavyweight,0,0.6293275849384985,2022
0e0ef94c36f8e8a6f0d81303,2022-03-05,catch_weight,1,0.29561892342701074,2022
8b16bf8119b7a1889e14425c,2022-03-05,heavyweight,0,0.3319202776208577,2022
8453f158995aa5825267e0fe,2022-03-05,flyweight,0,0.6459309582883853,2022
4274a5bfdeeb6b92088e770d,2022-03-12,middleweight,1,0.39305776614840454,2022
a62677dbc6c31338dbfa9ffe,2022-03-12,middleweight,1,0.662143348793232,2022
53cf6639d25754d424f290c6,2022-03-12,featherweight,0,0.6650012575918742,2022
223c6e3695dc91fe55816b32,2022-03-12,lightweight,0,0.5686071837324204,2022
6ec545d9b947c7840a6a9e2b,2022-03-12,womens_flyweight,1,0.5222859807556165,2022
b80204d233e23b377832e77e,2022-03-12,light_heavyweight,0,0.5405650059054117,2022
8f6f6a38f9345a057af6dcdd,2022-03-12,bantamweight,0,0.30858720941976703,2022
4996c44f91f2861f4fab29a5,2022-03-12,bantamweight,0,0.1491619687021777,2022
15a96087e7d45aef123c2813,2022-03-12,welterweight,1,0.6316955156489301,2022
d51c5ce12e0b4950d5498e4f,2022-03-12,womens_flyweight,0,0.42708109653467125,2022
2eb0a77e45cae384dd8ee69a,2022-03-12,featherweight,0,0.37588638720811895,2022
ff820a222c111a32a86bd816,2022-03-12,light_heavyweight,1,0.23152897448447668,2022
d4e5897b395921bd30941f44,2022-03-12,light_heavyweight,1,0.6427193268202569,2022
c362815404c96b0fa3c1d79c,2022-03-12,bantamweight,1,0.3944745129585715,2022
ddb23a0f0b02cab6843a40b2,2022-03-19,heavyweight,1,0.4674992410697154,2022
fed3a50fd626de20bc9ddd39,2022-03-19,featherweight,1,0.5882630851209526,2022
0edcadeec8b119ec0a8e22e5,2022-03-19,womens_strawweight,0,0.5859424002171568,2022
90db3390059fe0b1ae095e2d,2022-03-19,welterweight,1,0.641289039016101,2022
18453b23edda3fa1d9952968,2022-03-19,bantamweight,0,0.27191491935162115,2022
9ae7ce42c6960b736e0efa95,2022-03-19,lightweight,0,0.1854429402488942,2022
606a3226edc45b339470c15a,2022-03-19,featherweight,1,0.6902522938825439,2022
8438c52b0f5b6abb1524eb73,2022-03-19,womens_flyweight,1,0.34073083604759985,2022
e44f8d6c21499f7ee69f7413,2022-03-19,flyweight,1,0.3299507972661668,2022
b0c27e0a67c2921f706c7982,2022-03-19,light_heavyweight,1,0.46556628745528245,2022
50519ade549a1f6ba3ecdb0f,2022-03-19,lightweight,1,0.4232988733978516,2022
1855e62e711e7cb90db8c57f,2022-03-19,heavyweight,0,0.2701010614003807,2022
d1bfaf3217d92836ca7666c4,2022-03-26,middleweight,0,0.4922679086079553,2022
ef9aa738f67fd68f2ca5af2f,2022-03-26,flyweight,0,0.6084019309383163,2022
301dfd58acfdd68cb9065d69,2022-03-26,bantamweight,1,0.7140590141441541,2022
351b3e350230c6b88f88f552,2022-03-26,heavyweight,0,0.25050906290157976,2022
7d5f589e73ee039bd2697e09,2022-03-26,womens_flyweight,0,0.4458546852248395,2022
2d86be1fe2a9c74ea1d1a00e,2022-03-26,womens_flyweight,1,0.4151908095833747,2022
2569c71203392ff1e1f14af3,2022-03-26,featherweight,1,0.518289291611749,2022
41c6e7756509299ae12c897f,2022-03-26,lightweight,1,0.5393569409033727,2022
2d2fb7e95f4e7d64dacc585f,2022-03-26,flyweight,1,0.5426877593998827,2022
87d4157a7c6058179c54bd39,2022-03-26,welterweight,0,0.3904740560625297,2022
e9351c7db8c8562852add0bf,2022-03-26,welterweight,1,0.7066883402286256,2022
7af5d59b89e6c62ef7902cfe,2022-03-26,womens_bantamweight,0,0.8121753921465048,2022
6a456265c9a0a54a45727866,2022-04-09,heavyweight,0,0.5899648623124597,2022
9b4d0aeae28ca6a7651e18c3,2022-04-09,featherweight,1,0.7026418029801248,2022
d59489d2219b8acf65c14d10,2022-04-09,bantamweight,0,0.6507998985343342,2022
dcc78c9b5027cc486808530b,2022-04-09,middleweight,1,0.7058512116939102,2022
10a507567f7c574bab053aba,2022-04-09,womens_bantamweight,1,0.59064866888932,2022
54dbd0ff791fe50de3635eda,2022-04-09,welterweight,1,0.7866692781911745,2022
8d6783bbc0f9d2bd2d4c0534,2022-04-09,welterweight,0,0.5527506557279297,2022
e4d38da609f2296f44f8e0f3,2022-04-09,bantamweight,1,0.646282113539124,2022
395fac7e1cb89c9f48542548,2022-04-09,womens_strawweight,0,0.5083916136529204,2022
c717778925b8d05d09226a63,2022-04-09,welterweight,0,0.6475243873240343,2022
c8c932d20a23d93083cd5153,2022-04-09,womens_strawweight,1,0.3979616416078798,2022
5210e8a6bd51cdb8a3be4742,2022-04-09,lightweight,1,0.573303098586243,2022
ab6c1f1d7010971c355e465c,2022-04-16,bantamweight,0,0.5019295336707975,2022
4e19d3624ce2f192fda3e87e,2022-04-16,middleweight,0,0.4922679086079553,2022
63a7508bcd39ffb177568395,2022-04-16,heavyweight,0,0.5072116078988357,2022
a3b791cf3770be81a7311fc4,2022-04-16,heavyweight,0,0.4731634877367505,2022
433dbc801627a6d385c7ad09,2022-04-16,lightweight,1,0.6835464797502387,2022
f700791a20e6fde6268982b3,2022-04-16,womens_strawweight,0,0.5000699886536111,2022
163a51708b615100cf2aba52,2022-04-16,lightweight,0,0.32548302696883075,2022
a2e535212cb0109c16e03dcd,2022-04-16,womens_bantamweight,0,0.23392063292429144,2022
069de3205d6c699d7be551aa,2022-04-16,womens_bantamweight,0,0.49467453738067096,2022
9c7629f898574d7d259de1e2,2022-04-16,welterweight,1,0.2909736173988079,2022
48857655a69cc90c77030d9a,2022-04-16,welterweight,0,0.38489788269636416,2022
e9eef12674e72868f84a57a0,2022-04-16,featherweight,0,0.12122853746199634,2022
a2af6edea9fea96f3d6b4f3f,2022-04-16,lightweight,1,0.565021621388209,2022
de09e08f6c57358e9c22f9b4,2022-04-16,welterweight,1,0.5321124668988505,2022
48e6102e4d53ecae10721bf6,2022-04-23,womens_strawweight,1,0.5621906196051086,2022
9b932197b1fb2a26a1208177,2022-04-23,bantamweight,1,0.7051884659021532,2022
06669d51b0a57a8f66b216d9,2022-04-23,lightweight,0,0.1931278264723815,2022
692efc69390867723a995b60,2022-04-23,welterweight,1,0.42993215401535684,2022
c85d55bcecdce0caae48f32d,2022-04-23,welterweight,0,0.3965458194389682,2022
877e43ee92b6e92fe379f031,2022-04-23,catch_weight,0,0.4579190478372054,2022
4d8474d6d776dc1f62fe315b,2022-04-23,featherweight,0,0.37669401025731164,2022
711d9ff3483b66cb33e6fb1a,2022-04-23,light_heavyweight,1,0.548785400829361,2022
2b3e69ba4ea58a394404b393,2022-04-23,womens_flyweight,1,0.5478107934489281,2022
c89f90b1b4c3c2b9606febb2,2022-04-23,welterweight,0,0.48305685795542536,2022
213b698eaacabc90d39c3618,2022-04-23,light_heavyweight,0,0.12998247123526105,2022
2dbdb35090901cb11cdd7d38,2022-04-30,heavyweight,0,0.2492739779457841,2022
aed8ef16b30b6d218c63f47c,2022-04-30,featherweight,1,0.511222240046678,2022
fcc9d5a0cfe4deba917371fb,2022-04-30,heavyweight,1,0.33488939327201495,2022
9ec02b95cb264245c08bd1c3,2022-04-30,flyweight,0,0.37203738834249495,2022
566ee83c01c427d616e79cb3,2022-04-30,featherweight,1,0.4752220833198663,2022
312ba0118051211ffa424bb3,2022-04-30,welterweight,1,0.4901352361403241,2022
bd90e67407043275cc350cb5,2022-04-30,womens_flyweight,0,0.5414235741206603,2022
9932564c59fd0493d46f20f7,2022-04-30,lightweight,0,0.3177218118601609,2022
ccbcefc2a02e49bf307142df,2022-04-30,middleweight,1,0.5838428214783205,2022
59e0827ca63295b63cd6a91a,2022-04-30,lightweight,0,0.2626379790671524,2022
4e359c108544d2c8759d97d6,2022-04-30,bantamweight,1,0.5145798905166531,2022
e83c43a20c4efdef6b675240,2022-05-07,welterweight,0,0.3815257704395372,2022
c3f4eb06b7985fd64caa1c2a,2022-05-07,womens_strawweight,1,0.6473097144290184,2022
27a25d6c4438938f3521b32a,2022-05-07,heavyweight,0,0.5525236927068403,2022
f9ad67246c83a9f959594eb4,2022-05-07,flyweight,0,0.4189836318293067,2022
68ecc0f643b3d96f33c5ea9d,2022-05-07,lightweight,1,0.7629770584078782,2022
54d66068ae43906aa7a9cf26,2022-05-07,welterweight,0,0.5427262699957,2022
a295f10a5980bdb7db934877,2022-05-07,bantamweight,1,0.5026093753504379,2022
57499631d3bdce3f6fc81243,2022-05-07,flyweight,0,0.41973170033855467,2022
65626c902a390cc627f7be7e,2022-05-07,womens_featherweight,0,0.6112703369798016,2022
d31f108ad033cadad0d1f468,2022-05-07,light_heavyweight,1,0.3851155999537482,2022
cdb998abfa18ccf9f27af3b6,2022-05-07,lightweight,0,0.5626718607826006,2022
709d13b3d0f6930bb797146f,2022-05-07,welterweight,1,0.36637284962783545,2022
e513925b16ccc7cf2bc93298,2022-05-07,womens_strawweight,1,0.3616957251282016,2022
cc6e0ffb423d24fff180d8c1,2022-05-07,womens_flyweight,1,0.42098663927986424,2022
e80cfbe7751b8e42d0e37d81,2022-05-14,bantamweight,1,0.5534049937236942,2022
d21ed7987834436d79762e16,2022-05-14,lightweight,1,0.6319559334134113,2022
4987dc6f22514fa13327d770,2022-05-14,flyweight,1,0.7003516888124617,2022
ec3db7fb69fd747f19d2772f,2022-05-14,light_heavyweight,1,0.442194179645466,2022
3a7bcb7089d6096f13b7cd48,2022-05-14,womens_flyweight,0,0.3639288227025592,2022
cb4c231ddb365e4a24ca3af4,2022-05-14,lightweight,0,0.523917082081265,2022
95e847d3cc4c6bcbd6043bc2,2022-05-14,middleweight,1,0.40552040667647793,2022
db6d572d7fc3c8ad496fe6e9,2022-05-14,light_heavyweight,1,0.4788149894649351,2022
d0dd5444e56544c7c7529281,2022-05-14,flyweight,1,0.6641309457411341,2022
6b6cce875a6e865322f23a66,2022-05-14,womens_strawweight,0,0.40749256710118226,2022
da1f5ebe1db19397cf95fdcf,2022-05-14,womens_flyweight,1,0.4223518492494203,2022
a909d174db8b4390ae3774cf,2022-05-21,featherweight,1,0.6087662776036136,2022
9101fa72d85c818841ee1d9b,2022-05-21,middleweight,1,0.49414934225495755,2022
b2a463b8b2afe1453190b2a1,2022-05-21,womens_strawweight,0,0.5642014537791713,2022
383bc526c4fd50b1ff054c67,2022-05-21,middleweight,0,0.5364585514939182,2022
45ca004338ad389c7e7dfbd2,2022-05-21,womens_bantamweight,1,0.5294086799694465,2022
3f379cb193e0300c1aa1f821,2022-05-21,heavyweight,1,0.798473663358791,2022
2613b85681482b84539b6f00,2022-05-21,bantamweight,0,0.20922704239494058,2022
765486e120840e8df1d10183,2022-05-21,middleweight,1,0.6312338100470544,2022
40240f9f36602a2870ec2baa,2022-05-21,lightweight,1,0.5888129497378276,2022
da790c4bab3aeacba933229a,2022-05-21,womens_strawweight,1,0.3900859462142633,2022
e2c480e4c1e2f0c1546d5d77,2022-05-21,welterweight,0,0.4979306063148084,2022
d22c42254e29e2ec340e1418,2022-06-04,heavyweight,0,0.3175117597823625,2022
7d2d589ab3a24ccbec850331,2022-06-04,light_heavyweight,1,0.7275690004513412,2022
b5fef85ad8722e2c173f1f31,2022-06-04,featherweight,1,0.7070259493291429,2022
f9fbead95e311fc0ea7c84ee,2022-06-04,featherweight,1,0.6544293460228494,2022
23a75d6e26246f3fadb396da,2022-06-04,womens_flyweight,0,0.470771351891376,2022
65042c1a280902886dc6dd26,2022-06-04,womens_strawweight,1,0.5069136337545368,2022
c65a22b110cef6fbb2125d34,2022-06-04,flyweight,0,0.20948196746274805,2022
8ce12f6034150468696c1404,2022-06-04,lightweight,0,0.4063940683115756,2022
5445242c5438b4603f99e089,2022-06-04,bantamweight,0,0.4241217683350714,2022
d14d68587e692687da0d3f24,2022-06-04,womens_flyweight,0,0.5014320149328823,2022
e663e56b52a832ad0691ca69,2022-06-04,featherweight,0,0.5487519993424912,2022
48c473af66656aa65786f4e1,2022-06-04,lightweight,0,0.4219529855013775,2022
1879d9ea46bd3c6332543b68,2022-06-04,flyweight,0,0.6278446928878569,2022
b2038bb6ca99f8b0ed7255c7,2022-06-04,welterweight,1,0.5563549350530013,2022
e49e62b538c8335689613162,2022-06-11,welterweight,1,0.6483099248624244,2022
065e1f6ee6a773ecb89f7d12,2022-06-11,middleweight,0,0.4779857381508785,2022
fb821412f370884401d35139,2022-06-11,light_heavyweight,0,0.5150069832265515,2022
1e545d34ef5e99a2aabb7d44,2022-06-11,welterweight,0,0.5260853335455351,2022
1991007feecb43a26b0eb7c6,2022-06-11,bantamweight,0,0.4043091316690419,2022
4bdcffba7b815f20f7f0c0cf,2022-06-11,womens_strawweight,0,0.4801797603140847,2022
e257df6df9aae0de1ae83c76,2022-06-11,lightweight,0,0.6255127929190895,2022
acf90527fde3048d8876a70a,2022-06-11,womens_featherweight,1,0.4712142240431103,2022
940b51f448bcff3babf27a3c,2022-06-11,featherweight,1,0.5452799169924258,2022
bd4b807ebad4ce66420cb1f8,2022-06-11,womens_flyweight,0,0.23893198570468582,2022
d41039f9c98e4cd3418f2f02,2022-06-11,womens_strawweight,0,0.5929759019868407,2022
69d6707f40dbdd247de83d25,2022-06-18,bantamweight,1,0.7862458941506726,2022
b2afb64bd777a942b65dbb5a,2022-06-18,featherweight,1,0.4271872865948183,2022
bc67a856832a4900d2384ba4,2022-06-18,welterweight,1,0.5758466727342963,2022
4a4060d03f813216114e4968,2022-06-18,lightweight,0,0.35948517114860323,2022
2280acaef1bd4f8d94bf22f2,2022-06-18,bantamweight,1,0.8536687229467892,2022
ef1c81da42f18212117eb7db,2022-06-18,womens_flyweight,0,0.4827201877706543,2022
b8b37ab0d685d69a80b80bfb,2022-06-18,middleweight,1,0.5217268595111051,2022
c8bce7a0cd5b64400d6ce30d,2022-06-18,middleweight,0,0.4769260311052725,2022
34eacc018777cf756f0a9bc0,2022-06-18,womens_strawweight,0,0.5385585521602932,2022
61b4b53d06936ba0aa98113d,2022-06-18,middleweight,1,0.6570744819114044,2022
2cfd9a8c1b61856144ef594b,2022-06-18,featherweight,1,0.7803165108676381,2022
5bdb3da39bb6e719e9fc0618,2022-06-18,middleweight,0,0.5168297007345287,2022
68df60a85737373fc82b19b1,2022-06-18,welterweight,0,0.17602698719712773,2022
2fbfe695974365c0c5f85fc8,2022-06-25,lightweight,1,0.3467053453484171,2022
6458152c222f4906571bcde7,2022-06-25,bantamweight,0,0.3066389853646349,2022
2ecd2eed9d2962188ecb5689,2022-06-25,light_heavyweight,1,0.3594994137972024,2022
818221d71c181b39140c5074,2022-06-25,middleweight,0,0.4782662204828006,2022
35e5e8e703d00edf360a6043,2022-06-25,heavyweight,1,0.34792138769345443,2022
dbd552c2d7e341649622ee23,2022-06-25,flyweight,0,0.495177390375794,2022
d3ae12666b9f9a68eead2751,2022-06-25,bantamweight,0,0.158187697598306,2022
e4ea35454ee62c778fa3f4a6,2022-06-25,welterweight,1,0.49829558304671095,2022
b21c9e5ff089ca9195054ac3,2022-06-25,bantamweight,0,0.5935217120320203,2022
76e3a22b48d90e22583c5147,2022-06-25,featherweight,1,0.2775721498760949,2022
48b66f6c4e067ab131987c86,2022-06-25,lightweight,0,0.3026428952700978,2022
a59780a9c44b0f7455be33f1,2022-06-25,womens_strawweight,1,0.45078838861809656,2022
e02eea16ac82e778f7daf1f7,2022-07-02,featherweight,1,0.660139722320257,2022
876921be33b920ac9567b725,2022-07-02,lightweight,0,0.518718228178166,2022
e81f8dc803fd77311da05e80,2022-07-02,middleweight,1,0.5332381533163705,2022
859d13910d61abd539cc945f,2022-07-02,welterweight,1,0.5673837131703189,2022
e6c3e6276839dd5d64a789b2,2022-07-02,middleweight,0,0.2259436161291662,2022
a2e9ef0e8cb15790f8ced352,2022-07-02,womens_flyweight,1,0.7865962823803829,2022
eea7d1b3716582025dfbfca3,2022-07-02,womens_bantamweight,0,0.4617194522988586,2022
2a9cc81d46ea65120d7fbe99,2022-07-02,welterweight,1,0.5410065182230336,2022
ba6dd14c8af9df3ea8f92512,2022-07-02,welterweight,1,0.6957974499856017,2022
5833acc9c3ac9e365c6c0b7c,2022-07-02,middleweight,1,0.25934291342253657,2022
177235a3e775a6743d6600e5,2022-07-02,middleweight,0,0.3870410104837851,2022
f2fd98701b89701fae9088a5,2022-07-09,bantamweight,1,0.35652047672801607,2022
803fc1e81cfdec6e7a503544,2022-07-09,womens_flyweight,0,0.5528255372888545,2022
8990215859428aaac941741d,2022-07-09,middleweight,1,0.35075628453544105,2022
833c99cb97e71c4d5ca53fcb,2022-07-09,middleweight,1,0.5291919098749241,2022
894eb20cea5348518aad7e6a,2022-07-09,featherweight,0,0.35520410650605627,2022
ec47ffa3f0a194c15729e14e,2022-07-09,bantamweight,1,0.8594878981052896,2022
eb92cb37c14b9a12e2392824,2022-07-09,heavyweight,1,0.35175676876400264,2022
ed326894c1c1b1d3adbf1cba,2022-07-09,light_heavyweight,0,0.24649019993131804,2022
3762c8ce8cd05373829c8371,2022-07-09,lightweight,0,0.3029560631193082,2022
85e2d3f91c45cbb0e0bc1cb6,2022-07-09,lightweight,1,0.6761439215003235,2022
fb7e9ab6b45aeb9bdb8436ab,2022-07-09,bantamweight,0,0.6299863607059765,2022
b203dec5ae3023e120de922f,2022-07-16,featherweight,1,0.6818410746205923,2022
a32125452f6904259fbc72b2,2022-07-16,featherweight,1,0.5523853503201499,2022
8fe207b501c2aa7554270832,2022-07-16,light_heavyweight,0,0.3997668131099221,2022
a9c93145b251be4e9d7e6dcb,2022-07-16,middleweight,0,0.4025233553538392,2022
12d4dffc5e8bc17202be2632,2022-07-16,womens_strawweight,1,0.4156309833028557,2022
fb462f5b2e9f652779cdfb66,2022-07-16,womens_flyweight,0,0.647777261782521,2022
c637b6f0f5a09bb8e1a74e50,2022-07-16,welterweight,0,0.6715656422630214,2022
17ea09382d449f8306c19c3b,2022-07-16,flyweight,1,0.32576927378560067,2022
fd355002a0fa2e74e3536f46,2022-07-16,womens_strawweight,1,0.5601335749121378,2022
ccfedebf868f0b8dc734bfd2,2022-07-16,middleweight,0,0.3118536739598499,2022
aec85754ffdd895e4321b6fb,2022-07-16,bantamweight,1,0.46087550123398074,2022
ad625eebc9ae756d4e5ce12a,2022-07-16,featherweight,0,0.5359306223843578,2022
f0728df1781fd229cb014c50,2022-07-23,welterweight,1,0.5631050332035166,2022
fc3a021d4027a74cd0e85243,2022-07-23,heavyweight,1,0.5343871998560088,2022
953bbb8b3a4dbab3e4857e03,2022-07-23,middleweight,1,0.5388697310813281,2022
e1bfa78d9e55d9829168dcdb,2022-07-23,lightweight,1,0.6090492725794259,2022
d04154269d7f8664c62b6131,2022-07-23,featherweight,0,0.30739060020272807,2022
68dfedbb07bf88d9ca273dc2,2022-07-23,womens_flyweight,1,0.47542243203049556,2022
ec4c20bfa09fac0285d92870,2022-07-23,lightweight,0,0.43504620112516906,2022
3ba5a9abbb1ae3fa79599046,2022-07-23,lightweight,1,0.5255409695168893,2022
291314e3a3d4ef5e1277e4e1,2022-07-23,womens_flyweight,1,0.6170805574428485,2022
819b658e6cf0d717bb91de6c,2022-07-23,flyweight,0,0.44177190872003963,2022
e1c2046ddc61effa0182c84b,2022-07-23,featherweight,1,0.8505922339263077,2022
fcbaa5ecf7ea948ec4284861,2022-07-23,light_heavyweight,1,0.3950418693597499,2022
a3042f1e67d6574fb63da12e,2022-07-23,lightweight,0,0.6184373105347857,2022
ef6ab6d69866893d4c3f7e61,2022-07-23,light_heavyweight,0,0.41103013004145234,2022
b8683f73e2644670bf1ff574,2022-07-30,welterweight,0,0.45558291487062097,2022
282ad5f28deaf15f8dca4792,2022-07-30,flyweight,0,0.5731344289665335,2022
5fa0aeb049247895d054ff67,2022-07-30,flyweight,1,0.5896706759160261,2022
c07de9903dda0402b5b7ae51,2022-07-30,heavyweight,0,0.5284441549943678,2022
5aaa23664d6070cac2051597,2022-07-30,lightweight,1,0.34931474627538234,2022
58e54a3c63001690d005c9bc,2022-07-30,lightweight,0,0.5741275083733877,2022
10b81e064c1a7b6abe9a2535,2022-07-30,womens_bantamweight,1,0.7070809807949167,2022
33eed00e388c88409a34cb2f,2022-07-30,womens_bantamweight,0,0.5544074996735323,2022
e4877492b848342688b0277c,2022-07-30,light_heavyweight,0,0.298060812286785,2022
acc3d39765c5482fcb45accd,2022-07-30,welterweight,1,0.7374168555111617,2022
17570bc74fd14e361a08e878,2022-07-30,light_heavyweight,0,0.3407180326114373,2022
ac2b588a1a2472b349609a68,2022-07-30,welterweight,0,0.3026894025000509,2022
1a6042f44f4e1018e13bcf39,2022-08-06,heavyweight,0,0.3474503704614971,2022
11bfef30ead4201c97f126a7,2022-08-06,womens_flyweight,0,0.5081584251724691,2022
ee78ff94d74191c0950c3305,2022-08-06,welterweight,1,0.5723439968863232,2022
14baf91c942b6d4b80278c39,2022-08-06,womens_strawweight,1,0.411715375281272,2022
e16f507b343589a2e4e6722a,2022-08-06,womens_bantamweight,0,0.5503363554479533,2022
e21ab264e04732c3ef8f62f4,2022-08-06,heavyweight,0,0.4808338554093056,2022
e9da8c8a6c31cb23cefbf64a,2022-08-06,middleweight,1,0.6699206953117459,2022
6ec98fde74b283e28ca0a7fe,2022-08-06,lightweight,0,0.19235173719674312,2022
cf34d5f335348b66aa91eff5,2022-08-06,light_heavyweight,0,0.4894665032506434,2022
f8f3e8322df974e5e79c4018,2022-08-06,welterweight,1,0.45689298749938356,2022
a786185afd5f82f1db44d3c8,2022-08-13,catch_weight,0,0.6769506361994381,2022
769a825b93d1f461ed037a48,2022-08-13,middleweight,1,0.4943211787802024,2022
e5ba6b21277ad5545d7c0dc3,2022-08-13,womens_flyweight,0,0.6932829525238253,2022
7322e2f3f4bf5390f2bda163,2022-08-13,light_heavyweight,0,0.5695422404665741,2022
aaf6d2192b150766430fc20b,2022-08-13,lightweight,1,0.4599363395798778,2022
ba36c66a9c8864239d835333,2022-08-13,catch_weight,0,0.5800435699352217,2022
e07aa035986642062d25c1f5,2022-08-13,bantamweight,1,0.46294398484048144,2022
8734458639c9a77e963669f8,2022-08-13,heavyweight,0,0.37982408559206793,2022
8e3ee192291658b73f706113,2022-08-13,featherweight,1,0.3943768394644553,2022
207fbf80c6f721606f408c61,2022-08-13,flyweight,0,0.6495588541003744,2022
0e895646923d2363e9ee3865,2022-08-13,womens_bantamweight,1,0.31806997689091526,2022
cd596c04dadc1a357e70db6e,2022-08-13,womens_strawweight,0,0.5081584251724691,2022
7e414bf2e90506da27163941,2022-08-20,welterweight,0,0.6209503756846542,2022
8a9c09281e5eeca72ddede9c,2022-08-20,flyweight,0,0.4217777773664011,2022
fc73feb19b3af4a912864096,2022-08-20,bantamweight,0,0.48900498628322947,2022
2e655f9fa69fc63ba339bf9d,2022-08-20,flyweight,0,0.40721296390801814,2022
09110ce448db775f208b9e4f,2022-08-20,bantamweight,0,0.40897272691645464,2022
96bf35f8d242172083318f0b,2022-08-20,welterweight,0,0.7070079973698717,2022
72cae9b3b0647f262149f01d,2022-08-20,lightweight,0,0.24334818453096438,2022
6e01d4335754eab4e2519c82,2022-08-20,heavyweight,0,0.5301576080236652,2022
e041b8ced5ccae038bf87f85,2022-08-20,middleweight,1,0.4905820087839339,2022
e21703f2490a99b16dfadb3d,2022-08-20,light_heavyweight,1,0.8139913131260365,2022
f41c685ee847a134377ce615,2022-08-20,womens_bantamweight,0,0.5820239860299092,2022
9ce27f8c4c81304aae9d0e7e,2022-09-03,middleweight,0,0.5232873730203408,2022
a3bbb4a0fa0064f0548c4dc4,2022-09-03,middleweight,1,0.5616236467419572,2022
2d11896bafc8bb829b196c12,2022-09-03,lightweight,0,0.3131622278159674,2022
55128794a5130c0766120091,2022-09-03,featherweight,0,0.6045474896229412,2022
7301434a052e54b477cb10b8,2022-09-03,heavyweight,0,0.22584614178902424,2022
d67df94cf203060829d5e02a,2022-09-03,lightweight,0,0.3653632510103257,2022
3f009a05817aa629ecb33512,2022-09-03,lightweight,1,0.7035826065435938,2022
86ec5f7ecd89641f1c7cff4e,2022-09-03,bantamweight,1,0.5332611962859323,2022
561ee3bd70a2f70be5d0512b,2022-09-03,middleweight,1,0.5795426572104477,2022
0fc64e2e9e677fbf1fdd2676,2022-09-03,middleweight,0,0.5373410331322331,2022
be1d0f8c941e18f2385e8ec8,2022-09-03,womens_featherweight,0,0.3714714980747481,2022
b8f2b3651db2a7baa029e536,2022-09-03,featherweight,0,0.49338782367574435,2022
4a6bcffa1eef009392233795,2022-09-10,bantamweight,0,0.4176753322725497,2022
c00654036cf18b5bb5f2d2c5,2022-09-10,welterweight,0,0.4557900220840344,2022
b36dfd6178f9afe0176a1770,2022-09-10,middleweight,0,0.5014373853769246,2022
7f7d0ff5834aebf0c6e0956b,2022-09-10,featherweight,0,0.6969743268716997,2022
41da67b4d117a50c666ac843,2022-09-10,catch_weight,1,0.26197336590794973,2022
6153221828eccf4930f0d3e6,2022-09-10,catch_weight,0,0.09575905637154637,2022
9d40474ac4964ada854fa013,2022-09-10,heavyweight,0,0.651588129520179,2022
5a062d96aab1c99b7cc95f3b,2022-09-10,light_heavyweight,1,0.656101683896864,2022
61ba8d4c4fabfe43fbb836c9,2022-09-10,catch_weight,1,0.3429681300539502,2022
014ea6d786ce6f657768e865,2022-09-10,catch_weight,0,0.3435966679244679,2022
0eacc4f0d8ed4f419ecbcea2,2022-09-10,womens_strawweight,1,0.5538838321164276,2022
b23e87fdf32c675244e517b7,2022-09-10,welterweight,1,0.5496151907657978,2022
129aa2e2442a6668ab3bdc63,2022-09-10,womens_featherweight,1,0.7395101850687906,2022
5c6812938d363a82f925824d,2022-09-17,featherweight,1,0.2982387694764489,2022
8d050432569789c31a32dcde,2022-09-17,middleweight,0,0.45463220123103953,2022
dbcca4558e9c1d0d13c510a3,2022-09-17,middleweight,0,0.3722716153562601,2022
bc3c14ac6ca3b5d7e1f471ce,2022-09-17,bantamweight,0,0.5984941381254127,2022
c743e51d32485abb008206d8,2022-09-17,featherweight,0,0.6379144531720327,2022
059dfb0529502eb13b47c82e,2022-09-17,womens_strawweight,1,0.5766111545043896,2022
f973efc4d40fd253e6092acf,2022-09-17,middleweight,1,0.833389562915016,2022
faae6d894d5ca7b2e828bf54,2022-09-17,womens_flyweight,1,0.46336225692821487,2022
ba54b51b997887a6beff6ea6,2022-09-17,lightweight,0,0.41460192247093564,2022
4d68a5e737c1e8b51f6f2e2d,2022-09-17,heavyweight,0,0.614961249201522,2022
58d0836ce3aef89372366e16,2022-09-17,bantamweight,1,0.2977053278570614,2022
1afe0d50e01083bebcec9aa7,2022-09-17,welterweight,1,0.6789537747204204,2022
49322c3b76a447084d3343fa,2022-09-17,lightweight,0,0.49376944543014867,2022
87a787d77cf0a5e09d3d9395,2022-10-01,bantamweight,1,0.26310397315637696,2022
38a5c52b9d2138c264286309,2022-10-01,heavyweight,1,0.5380819631635595,2022
fc47440fea6c1d9a73f29056,2022-10-01,lightweight,0,0.5198384067951205,2022
5c2d756d58e2169143a3d205,2022-10-01,catch_weight,0,0.6800415674415872,2022
fa7cd15e925add6d68fc71fb,2022-10-01,catch_weight,0,0.4413998660739529,2022
fa6a5ead0aa09a9ef6c5b57a,2022-10-01,middleweight,1,0.5559013999255497,2022
b72aea582d1585d9cb98b492,2022-10-01,womens_strawweight,1,0.41303199976974975,2022
769a6a0ed8f56e2771571177,2022-10-01,lightweight,1,0.5914567604384963,2022
ba830e44c169818ed678aa41,2022-10-01,welterweight,1,0.7203675528576539,2022
8a3a1e63063d34a285884a99,2022-10-01,bantamweight,1,0.5798476115850534,2022
332b606adadb464988ce504c,2022-10-01,featherweight,0,0.16000023692739235,2022
01280f9e77503889cc5f9625,2022-10-15,womens_flyweight,1,0.44988853662375494,2022
ca2c4ad4a77247d7ccff754f,2022-10-15,bantamweight,0,0.25255461922919165,2022
0b42a434a9d342606e9634d5,2022-10-15,featherweight,1,0.6149095551749347,2022
26959a0ae6d9ffc29e07813b,2022-10-15,middleweight,0,0.41889330594557334,2022
aae253d49a82af766011fb44,2022-10-15,bantamweight,0,0.313416428517583,2022
dd6794095b4f567cbc4101d5,2022-10-15,welterweight,0,0.648346335989415,2022
044df039a74152712583ec34,2022-10-15,light_heavyweight,1,0.5334732550236326,2022
6a2ccb4c05791a9425fdd871,2022-10-15,middleweight,0,0.5321750069418263,2022
a351ceb4ec13704924e64821,2022-10-15,womens_strawweight,1,0.3931375658040847,2022
4f4009ed9b6888d49211b309,2022-10-15,bantamweight,1,0.6491511014693017,2022
cb331ce12f84a70205c765de,2022-10-15,flyweight,0,0.34711806185759,2022
2fa71d83dae3ebb848f3441c,2022-10-22,welterweight,0,0.29013255026654455,2022
3969abdde9d204a1383b76b0,2022-10-22,bantamweight,0,0.32475541731623325,2022
d51176910516429f296e9791,2022-10-22,middleweight,1,0.624078017415119,2022
8b1f7cebde3141ff07f2e923,2022-10-22,welterweight,1,0.576506514340816,2022
1f39f88404238882611b5baf,2022-10-22,lightweight,1,0.4590867783134696,2022
89b86d8017ee9c1cbaa746ae,2022-10-22,lightweight,1,0.566259016337857,2022
e323e1ea8dacbcffaa512ad7,2022-10-22,womens_bantamweight,1,0.7899360778528316,2022
35a1f8dde1fde0e00768056a,2022-10-22,womens_flyweight,1,0.3104831974190144,2022
f4c1d9b02ea276231e92bad9,2022-10-22,middleweight,0,0.4642574609476033,2022
bf2060061f6746545bdfc695,2022-10-22,flyweight,1,0.5858305931425681,2022
5cb842db992ceaeea1b3cf29,2022-10-22,bantamweight,0,0.6343012268551258,2022
a99407677ffcc07b6201b9fe,2022-10-22,light_heavyweight,1,0.4323189170139598,2022
9e77914c5d3a7d1ddeb09921,2022-10-29,heavyweight,0,0.325760909534183,2022
0475b074697fe0251c4d12ec,2022-10-29,featherweight,1,0.7236835787826813,2022
9ad86cefbe6ecdf976f7782a,2022-10-29,featherweight,1,0.3613890343422937,2022
ad5ce07a6e0876f8d5be2633,2022-10-29,bantamweight,1,0.647826188637484,2022
3ea908dc8672aba46a6b1042,2022-10-29,flyweight,0,0.3245585273236565,2022
9cf346c97ea2bbfd2c1c605e,2022-10-29,light_heavyweight,1,0.2279896040161085,2022
2578ddec4698f73c077da962,2022-10-29,middleweight,1,0.5820445401021938,2022
ca802282390c52fdb2408e0b,2022-10-29,middleweight,0,0.42957735137079306,2022
15d5339005fa2e8e3ec329bc,2022-10-29,middleweight,1,0.4166436337783265,2022
50f80108ef29bd03c1534f16,2022-10-29,welterweight,1,0.6561258968391108,2022
5f9c2584685ac701df1b20f1,2022-10-29,heavyweight,1,0.4568226598519501,2022
fb2b6999fee39d8d4b28984c,2022-11-05,flyweight,1,0.45128896219031434,2022
1fa02083adffe4f1a1aaa2d6,2022-11-05,featherweight,1,0.4035086886203562,2022
443e0c3f3b5ee8993cb6247b,2022-11-05,lightweight,1,0.6985079831731069,2022
ad031ee4e83f763ae7e5c2c5,2022-11-05,bantamweight,0,0.3942409669871375,2022
85d5c7447efef749dd381282,2022-11-05,womens_strawweight,1,0.4140227452008681,2022
d98a3449d656417386274448,2022-11-05,bantamweight,0,0.2730975008415088,2022
67bf0adfb4a72e6d1d0816f4,2022-11-05,womens_flyweight,0,0.2397896176815393,2022
7d63d3e966fba6336272ecea,2022-11-05,welterweight,0,0.5222206087948466,2022
7d171beb120b8d9b085f3e3c,2022-11-05,womens_strawweight,0,0.43338570643543206,2022
f6116b016fd15f3896db959f,2022-11-05,flyweight,1,0.5476336936165306,2022
d752a82ef0612c0a2c486058,2022-11-05,womens_bantamweight,0,0.5055719767469073,2022
8aa99b2cd9574bce2a5476f0,2022-11-12,middleweight,0,0.35946798232648597,2022
57a461274144d12c6cfaa424,2022-11-12,lightweight,1,0.44222065935561367,2022
c2dc5cbd59cfdf863d8c6b7c,2022-11-12,womens_strawweight,1,0.46265630046919565,2022
8a2af618f9bb8c2582583f47,2022-11-12,light_heavyweight,1,0.4607602120245604,2022
e85b565475987e455e539476,2022-11-12,lightweight,0,0.6350038784529355,2022
66f2c5674043221ca0434043,2022-11-12,light_heavyweight,0,0.5129609282827838,2022
ed6cea9fd841f86133410b45,2022-11-12,lightweight,1,0.6681995528986623,2022
f9d00f1cc1b81acb25c5ad95,2022-11-12,womens_flyweight,1,0.6406334441335311,2022
89753c38b68f7526bf9e58a8,2022-11-12,bantamweight,1,0.7101992140620412,2022
b17854bdc5ac75cdebdebfc7,2022-11-12,middleweight,0,0.7141309301229071,2022
bb48fbeed91a2ae16e631b45,2022-11-12,bantamweight,0,0.5177114821578866,2022
52729424a8db9c8e560906f5,2022-11-12,womens_strawweight,1,0.5577093903706838,2022
4f56ea61b8260643a03879bd,2022-11-12,lightweight,1,0.3462730012121442,2022
a29b34f3eb27fd13d76b11fa,2022-11-12,featherweight,0,0.6152238930854305,2022
d405e854a32224bcc4db5e45,2022-11-19,welterweight,0,0.32708835636260736,2022
65a1d86b89e2470e1e3db15b,2022-11-19,bantamweight,1,0.539718647805828,2022
a610b8fe21dd433dd33fd822,2022-11-19,flyweight,0,0.5665466334859017,2022
119695682640f1374d5c064b,2022-11-19,heavyweight,0,0.4756759405800808,2022
134f4d4a92ff0f23596749a8,2022-11-19,welterweight,0,0.2920911273897022,2022
076a794451db2a52b98c2309,2022-11-19,womens_flyweight,1,0.583289537806,2022
7c2cbb3580dd05ab14dfada5,2022-11-19,light_heavyweight,1,0.6970214564598051,2022
9893e9ce7e58dd73dc5255ef,2022-11-19,womens_flyweight,1,0.7607223194814955,2022
08cc9cab63281c265de6127d,2022-11-19,bantamweight,1,0.4972364961851045,2022
2f3fc3172d73cddfd573aa40,2022-11-19,womens_strawweight,0,0.33152076379777856,2022
630502317483ca9c43c50cad,2022-11-19,bantamweight,0,0.324846549256497,2022
cb2b679c92bd80ebf4dce030,2022-12-03,womens_strawweight,0,0.32512383227974,2022
e884d59713242b5e40c18426,2022-12-03,welterweight,1,0.45259433040904506,2022
78078a06b6123519e6e6389d,2022-12-03,lightweight,1,0.45087163708580585,2022
b4ddf766033e81d0119cb1e7,2022-12-03,featherweight,0,0.12682024167008563,2022
b2b4ba541349261a5183a952,2022-12-03,middleweight,0,0.6044207792858868,2022
fbe2eacc0874d97394ea1832,2022-12-03,middleweight,1,0.3439411164246452,2022
ce3faf675b6078ae06995f59,2022-12-03,featherweight,0,0.3776139537024076,2022
4dac47d315d1aca95332a102,2022-12-03,flyweight,0,0.3283042697149217,2022
cfc93cd8941fdfe5321696d6,2022-12-03,lightweight,0,0.7621916977040095,2022
4f162c7c30d92fff90d239d6,2022-12-03,lightweight,0,0.15556005551364116,2022
6896a8bee73ed65ceb61e90d,2022-12-03,welterweight,0,0.5683971916403966,2022
3df0cd81dd767dedc14ec088,2022-12-03,welterweight,0,0.7742096442796793,2022
ffaaa6810e903c894557c687,2022-12-03,heavyweight,0,0.30927233613197447,2022
69d8f51a708f4a602eb6b066,2022-12-03,womens_strawweight,0,0.4288570986196743,2022
d685375c090e0b3ac4d13d51,2022-12-10,featherweight,1,0.41749528270693076,2022
97918cbcbe4b3af27679dc76,2022-12-10,featherweight,1,0.4166205536324006,2022
195a4a25edefbdee1978add5,2022-12-10,bantamweight,1,0.49338782367574435,2022
f41619679889d65542ce470d,2022-12-10,middleweight,1,0.5271017874251207,2022
898f396f3f2e781708ad4221,2022-12-10,middleweight,0,0.4534088890670032,2022
89ac380a2e7df762e9960bef,2022-12-10,middleweight,1,0.7219452949186779,2022
6f83248ed364da425ac6e6b5,2022-12-10,heavyweight,1,0.4183675261896677,2022
220fc84b9439edce53facd04,2022-12-10,lightweight,0,0.7411774610918372,2022
c21d7cb712ee6288e115f864,2022-12-10,bantamweight,0,0.6408560522435855,2022
11988bf1857ae4bc7fc9fc71,2022-12-10,catch_weight,1,0.42077692328913785,2022
6cac8e9e2664ec7c35a78b87,2022-12-10,featherweight,1,0.6252492915122753,2022
18932712ef980754aa8ea7d5,2022-12-17,featherweight,1,0.45678180347266045,2022
a908a1420ff1d9f94575f943,2022-12-17,flyweight,1,0.6591701172473104,2022
bbc491df17960bb5bff6b31e,2022-12-17,lightweight,0,0.2945559557331756,2022
0c96e42f32a09a794ddebc39,2022-12-17,welterweight,0,0.4833848319490193,2022
fc2b431ca6e0290539b9ecfb,2022-12-17,womens_strawweight,0,0.49523831176217115,2022
376d706e7b1fffd65da0244c,2022-12-17,middleweight,1,0.4965728814393382,2022
62c857b47d6eb83bf9f679d1,2022-12-17,flyweight,0,0.5460382136472566,2022
8b3108a9d38cc348b9ee1402,2022-12-17,lightweight,0,0.5638766528776855,2022
708385da1df75bfa8783285c,2022-12-17,welterweight,1,0.3153804998376943,2022
62df437ecc82bbfb87460bdf,2022-12-17,middleweight,1,0.39141532155903097,2022
b09e70f040d7ee1dc6260cd4,2022-12-17,lightweight,0,0.3392065300486537,2022
71ea7cae81899e81d9ce58fe,2022-12-17,bantamweight,0,0.452437721113076,2022
9560c9fd3964613752555ddd,2022-12-17,bantamweight,1,0.6213738417946578,2022
c1e71d1d9adb482155fb773f,2023-01-14,flyweight,1,0.49250264092315055,2023
d0381b088b9a49444821f7b5,2023-01-14,flyweight,1,0.5505008157335862,2023
473cb05603e509a4bfc9c579,2023-01-14,middleweight,0,0.3706521471574005,2023
24f815b1e2137e2461a6637f,2023-01-14,featherweight,1,0.5673588757464627,2023
f458bcba7703f48484dfacf4,2023-01-14,featherweight,0,0.4258613721223966,2023
483b08fc27731ad0a87cdc0e,2023-01-14,bantamweight,0,0.1988527300106024,2023
ec208d732aca7f0b1f0f698d,2023-01-14,womens_bantamweight,0,0.5343897182290136,2023
52d6bc7e6509310031ed4ffe,2023-01-14,lightweight,0,0.4679642627940095,2023
c80a716a5e04319dc22d6f21,2023-01-14,middleweight,0,0.5644792294064241,2023
e38165574d6bfd63d4e79446,2023-01-14,light_heavyweight,0,0.4054484216396335,2023
e2ebd640cdbbcc28ca2e8743,2023-01-14,bantamweight,1,0.881334742756975,2023
c571321ad6d07f540414f93f,2023-01-21,flyweight,0,0.3640291295069765,2023
1879c14c12351601569b29a1,2023-01-21,welterweight,1,0.3378944215599851,2023
f709c650ce5f7a1d36b7501e,2023-01-21,welterweight,0,0.634296917986621,2023
2b19d65e695d66ba7d5f52dd,2023-01-21,light_heavyweight,0,0.3414074499043626,2023
67ced6d3bcd5f9cff7b178ae,2023-01-21,middleweight,1,0.2691359135905021,2023
a292c3204c848fc795af4c9b,2023-01-21,lightweight,1,0.1306541807857179,2023
7b9b0213d00e3e62562edc0e,2023-01-21,womens_featherweight,0,0.1263992016097425,2023
2d3203b53911c02b06b5c3d3,2023-01-21,womens_flyweight,0,0.28369088415765076,2023
88c05dde0cfbbe4c9eece03b,2023-01-21,bantamweight,0,0.18735963126701152,2023
c20db3255eb0b21fa2aab9f9,2023-01-21,light_heavyweight,0,0.7243102418953236,2023
7ba2b9a199192a87d60f6838,2023-01-21,light_heavyweight,1,0.7150564594496501,2023
170c5bb7b9800aa0cb5760fd,2023-01-21,bantamweight,0,0.5775536381615665,2023
f8fe5853ba92aa1d4941f315,2023-01-21,heavyweight,0,0.29806630886911334,2023
a35835c41d69a4aa0cc51950,2023-01-21,lightweight,0,0.33428853717934076,2023
f78c5d74308eea6a9b237336,2023-01-21,welterweight,1,0.3945540001326911,2023
4379c427241e16c5c42ff97a,2023-02-04,light_heavyweight,1,0.37292182891975667,2023
fb3ccccef9c44cd3f44a1d43,2023-02-04,heavyweight,0,0.30186613809875656,2023
e58678b9928dcd7e2a89b900,2023-02-04,lightweight,1,0.4679642627940095,2023
5ffe7cef56c8e5dc2a3b0312,2023-02-04,featherweight,0,0.4679642627940095,2023
c06582e8c3186fa75ccd836a,2023-02-04,middleweight,0,0.24673741877229136,2023
5eafd2114e06744c7808d3eb,2023-02-04,heavyweight,1,0.6016717076546719,2023
c55aa74790a7618ed08e5e86,2023-02-04,flyweight,1,0.4679642627940095,2023
667af8ef779c3de51b6ca32c,2023-02-04,flyweight,0,0.24893051772577457,2023
92ddbc29697faa23279ea2aa,2023-02-04,bantamweight,1,0.4679642627940095,2023
c0dbc7dac4a69fdfa7b8a7e5,2023-02-04,welterweight,0,0.4178397982470492,2023
e3a6a92a6b4c14140c0f5668,2023-02-11,lightweight,0,0.48435512282408805,2023
8e99069a041aef3a93ceeef4,2023-02-11,welterweight,0,0.5362605609313179,2023
9ac871fd5b77a57cde66e145,2023-02-11,featherweight,1,0.6245865130551657,2023
128eedfd624aae6d0ee3489b,2023-02-11,lightweight,1,0.5757424592815202,2023
3138bab08e28eac977aae47b,2023-02-11,featherweight,1,0.5362458468037508,2023
8e0261939b3d9069a93806f4,2023-02-11,heavyweight,0,0.5122421249167083,2023
4becbd5521ee229580343aec,2023-02-11,womens_strawweight,0,0.3183394806610437,2023
50535e74ff87ae17e1c4af13,2023-02-11,featherweight,0,0.568610432444683,2023
39b8a2a3689793a61bd1f93d,2023-02-11,flyweight,0,0.37231496465404496,2023
352db25f95df258b62afd7f3,2023-02-11,light_heavyweight,0,0.6018090201384577,2023
e2a5ee873106609aef8b7d36,2023-02-11,featherweight,0,0.3853141613789234,2023
3f5d726191be802693a573f0,2023-02-11,lightweight,1,0.20311695849958103,2023
9d14cb3c9c8fd9e831cb2b86,2023-02-18,welterweight,0,0.37688865480271083,2023
a36fcfd26910843e21b34572,2023-02-18,flyweight,0,0.5803362734235591,2023
47e078d89d36a38676c579fa,2023-02-18,featherweight,0,0.36063402450370885,2023
389d6b8640bdfa2549c1e3fb,2023-02-18,womens_flyweight,0,0.6547343298700941,2023
05ce260e041a2605c602d2d6,2023-02-18,lightweight,1,0.6246258875138256,2023
7cdd2df80d6a6c593a282b52,2023-02-18,light_heavyweight,1,0.6376733255058918,2023
33ac9685a2515b76f149fc89,2023-02-18,heavyweight,0,0.42472363257178947,2023
73b63059d90c2960c03c75b9,2023-02-18,womens_bantamweight,0,0.2658414159992051,2023
92dbac7a52867e46b35fafbb,2023-02-18,lightweight,1,0.5683984359378794,2023
a4d636f7490aa62d4f569a1a,2023-02-18,light_heavyweight,1,0.36933213093825196,2023
a77ddc24d18d055941c6bf15,2023-02-18,light_heavyweight,0,0.5631676547662926,2023
f489e5bd58bfc35f1f4419cb,2023-02-25,middleweight,0,0.5532145579739719,2023
758f1c497bf18e82210ab5c3,2023-02-25,heavyweight,1,0.48733074121054387,2023
5c80a7b04497ad5ee2bddd57,2023-02-25,lightweight,0,0.5055537109787144,2023
3fec13ee85d7f9983960b3cc,2023-02-25,womens_flyweight,0,0.5254650311938802,2023
0176ced8c9d94d30a64e4a7a,2023-02-25,lightweight,0,0.19492578975480856,2023
cf7adf6d36d1b08cd9d8d30f,2023-02-25,lightweight,1,0.7307377780797588,2023
b8372e22cddbfa48ea909485,2023-02-25,welterweight,1,0.5537446990604253,2023
6b4e4ea9b801548615975cd1,2023-02-25,catch_weight,1,0.381240600533087,2023
6ea6168d8e84815d2134058f,2023-02-25,lightweight,0,0.6553727349741914,2023
fc0acba87af9f8c76a7e2940,2023-02-25,womens_flyweight,0,0.27183631124936414,2023
ddddb220f603a1df3e1e0161,2023-03-04,middleweight,1,0.6044522962464177,2023
72321c6bbe98eff02e4095f8,2023-03-04,bantamweight,0,0.3662616717723974,2023
cc0b7fa4194f7f6e6d3a39f1,2023-03-04,bantamweight,0,0.4679642627940095,2023
85fe8793909e6952c9f78f00,2023-03-04,middleweight,1,0.6978258860966521,2023
7363e41d86228b1d3ccb37ac,2023-03-04,lightweight,1,0.4679642627940095,2023
4e033da568b46a961139d1ab,2023-03-04,welterweight,0,0.3719055107628502,2023
d3cfb0d2b891ff38ada976af,2023-03-04,welterweight,1,0.6023990449695517,2023
cbd06542b2b208df53fd406c,2023-03-04,womens_strawweight,1,0.7121608505424804,2023
c3f3ab3581e4101201417c58,2023-03-04,heavyweight,0,0.26262106607989955,2023
9314741277e5a546928ec867,2023-03-04,middleweight,0,0.4004912185420646,2023
483a44eda1de7ba858e8ac87,2023-03-04,bantamweight,0,0.36886321949867157,2023
ec001e69e1a671cb55343f5d,2023-03-04,lightweight,1,0.6337419782130924,2023
79f6fa67f74ca1d1eceb89f0,2023-03-04,womens_flyweight,1,0.2509926403332763,2023
ae1d2e42c74ebe569b8bf839,2023-03-04,womens_flyweight,0,0.41847198055005724,2023
2c3d9b8cf266f7d87b21947a,2023-03-11,heavyweight,0,0.3247546413167226,2023
28667af2ecff9e735860e563,2023-03-11,womens_flyweight,1,0.22829987353845574,2023
51fc827668838509328eca57,2023-03-11,welterweight,1,0.5270649828439476,2023
02b6dc85938acd2c6dc76f32,2023-03-11,heavyweight,0,0.6508943085514162,2023
5e42a3409698012174f55aa2,2023-03-11,bantamweight,0,0.1139093483513865,2023
cc22e042a99a400b3b543787,2023-03-11,catch_weight,1,0.37027827015382386,2023
4a7cf56c83980792658c3945,2023-03-11,bantamweight,0,0.469146179415626,2023
970d1a7858aa5b5c168bdb4a,2023-03-11,bantamweight,1,0.5270231960677625,2023
8c472cd93fff869b8c1659b3,2023-03-11,bantamweight,0,0.44167968293301324,2023
57624421d747b53b6a9fce19,2023-03-11,middleweight,0,0.47939804171811584,2023
121d895ec34c4ee500d71121,2023-03-11,flyweight,0,0.2801028082553527,2023
39493c979c1bfbe357de6651,2023-03-11,bantamweight,1,0.4401915001581434,2023
313274f54c13e378c9782b8c,2023-03-11,light_heavyweight,0,0.548031127137129,2023
3ef5192d293b633a47593b25,2023-03-18,lightweight,1,0.6177762676446972,2023
67939b6e4ba8a035489881f7,2023-03-18,middleweight,1,0.33642989675687074,2023
ba6858c0646216e3a271c7f5,2023-03-18,welterweight,1,0.5011430053297304,2023
a41a13deba0d06034c0c24a0,2023-03-18,featherweight,0,0.11627749221853041,2023
be9e3b6594a545c5ece02333,2023-03-18,flyweight,1,0.5235786251518427,2023
bd93d7b8110bf0a192791038,2023-03-18,womens_flyweight,0,0.691070738894714,2023
aba38730016b8b0777777ee5,2023-03-18,womens_flyweight,1,0.627703153183353,2023
a445f6f894e3074c43e9960f,2023-03-18,womens_flyweight,0,0.665266447601932,2023
0204fb629e0e6e99f3a62ea5,2023-03-18,lightweight,1,0.40561271864866394,2023
a1b6f8d2aeb238711fe9cd1a,2023-03-18,welterweight,0,0.35638583781636096,2023
a9bd37ea947df11dfb5e63f7,2023-03-18,featherweight,1,0.7045092197211095,2023
bd7c4c65dd0660d691a5b7ad,2023-03-18,middleweight,1,0.644645664430753,2023
e95f3b99a35f4827b821860d,2023-03-18,flyweight,1,0.765749942939808,2023
759b5432bb0e95fb6e5a4cad,2023-03-18,lightweight,0,0.4679642627940095,2023
c1d7d7ce041d52e09d7193c7,2023-03-25,womens_flyweight,0,0.4062787301664589,2023
034e224915320f869f1dba0a,2023-03-25,middleweight,1,0.46864048600579916,2023
717be830f10bc6172050d1e0,2023-03-25,flyweight,0,0.3004287168894809,2023
fb68a3891e073458dc6aaa5f,2023-03-25,featherweight,1,0.3290164399293591,2023
b4bcc9e8264244b410d7df4f,2023-03-25,womens_bantamweight,1,0.6350823637838586,2023
84ded834631bc85d1a979066,2023-03-25,bantamweight,1,0.5322902684752213,2023
3932764824c5a65f4ea80b0a,2023-03-25,featherweight,0,0.5457105829739696,2023
3da110d1cd53964797f27c55,2023-03-25,featherweight,0,0.4930502535681457,2023
bc34061f7585c8cb754582fc,2023-03-25,welterweight,0,0.36717834527481213,2023
d8bf04bd476c5def9385b3ed,2023-03-25,flyweight,1,0.5773043232816452,2023
090d5cdefe42617fa644a06f,2023-04-08,middleweight,0,0.44489221281953084,2023
f4262813b91eccfae338f71f,2023-04-08,middleweight,0,0.5786832601019002,2023
b3e3b5f129a63fb2038e58ed,2023-04-08,womens_strawweight,0,0.4399809538145044,2023
30c5225ba53208cd76437d3b,2023-04-08,middleweight,0,0.6708300812973536,2023
50f3bfb5121b7b06fdb05de0,2023-04-08,welterweight,0,0.5068645148138384,2023
a3cc4d0be0f091345c0e83cd,2023-04-08,catch_weight,1,0.5868431619198263,2023
186919d4a2872e5c626d87b8,2023-04-08,womens_strawweight,1,0.5343119778128516,2023
50677f1bf973ddd98ff7be61,2023-04-08,welterweight,1,0.6110252537902628,2023
5bf9cd7d305f8634d4423b73,2023-04-08,womens_strawweight,0,0.6678280965483552,2023
542ab5e1dd01c45dbe923832,2023-04-08,bantamweight,1,0.3665561362499915,2023
cb56c19233738e3f99fb0b06,2023-04-08,bantamweight,0,0.4823595237752481,2023
7941baf2f9c14b9bc5dc6877,2023-04-08,featherweight,0,0.43738193677989284,2023
536fc9ff4143a7f0ef5213e4,2023-04-15,bantamweight,1,0.5913015656981613,2023
58d7a5e6018b4265e7a4b16d,2023-04-15,featherweight,1,0.5027199487157634,2023
f5d38b8d75c4c47b6cad6b69,2023-04-15,flyweight,1,0.3233695440040436,2023
7b3a87bcfdaf6184fa346634,2023-04-15,womens_strawweight,1,0.5391360049408312,2023
305a994660d1f7aefbc2d278,2023-04-15,lightweight,1,0.7986551870664378,2023
8aa967b47782f05988eede93,2023-04-15,light_heavyweight,0,0.48680576882662385,2023
e32814b20fa0d61f9191d8d6,2023-04-15,featherweight,0,0.657761833719902,2023
2df2b28eed63b6044ceb774a,2023-04-15,womens_strawweight,0,0.4101378775634369,2023
6576e21f61790cd99298296d,2023-04-15,womens_bantamweight,1,0.7518341327312644,2023
fc2939e831f145899a2e2a1e,2023-04-15,lightweight,1,0.30610419274576645,2023
8585d2f9c10439b3ae1c6def,2023-04-15,featherweight,1,0.25818191080386604,2023
715f478ae35da582d9f2f26f,2023-04-15,bantamweight,1,0.23810147482250882,2023
a3b645cd303899e532cb969f,2023-04-15,light_heavyweight,0,0.48815071191705117,2023
4c702db73869ec0f411cd286,2023-04-15,light_heavyweight,0,0.23841692632120465,2023
99f50e21f3c2b8fb41bfe804,2023-04-22,middleweight,1,0.5493233903936731,2023
379db5a242315cc0331f6ab9,2023-04-22,bantamweight,1,0.34355628996784626,2023
42d8de57f8ac25ae0a59af37,2023-04-22,featherweight,0,0.374104859620162,2023
69df5f5db0fe03de6d83eeb9,2023-04-22,womens_flyweight,1,0.4832366096607131,2023
ebbd9b0e418daaecd3a5147b,2023-04-22,welterweight,1,0.4572532776933834,2023
a81b666d9fea33d5a4e4e227,2023-04-22,womens_featherweight,0,0.4295148199197409,2023
15793bfec6a8406b59adf881,2023-04-22,heavyweight,1,0.4135189251669838,2023
cf2e08d1a2de456001218fbc,2023-04-22,bantamweight,1,0.726001826557743,2023
2d07b591baacde698e40eca7,2023-04-22,lightweight,0,0.4510965353733197,2023
d0f44949b918faa8a43733f9,2023-04-22,heavyweight,1,0.3730316038472525,2023
64bd164890b13ccd6152e1f3,2023-04-29,middleweight,1,0.43825860492824625,2023
382d5f5de3ab9af93ca82b63,2023-04-29,flyweight,1,0.6324555463505992,2023
e74e0fcfe591662c36de0f91,2023-04-29,womens_bantamweight,0,0.5567676421387283,2023
9404efffd14ae8bc7d0dad29,2023-04-29,welterweight,0,0.5385286028983708,2023
361d3b8343a3062df1f20add,2023-04-29,catch_weight,0,0.3595760874686552,2023
209f89bb364ad65d94f93f8c,2023-04-29,featherweight,1,0.21309083679305343,2023
de2dcd0f2af8b8f8855a9ee1,2023-04-29,heavyweight,1,0.5245151747750006,2023
79b7440c98a3fe7209a2b6c5,2023-04-29,heavyweight,1,0.47580548273265855,2023
a482e08e398790dbc62aab8b,2023-04-29,middleweight,1,0.5960389520761723,2023
996883e37beff1a1ac3bb2d5,2023-04-29,bantamweight,1,0.4262509669517563,2023
c0f12ad7885173fca8c8dadf,2023-04-29,womens_bantamweight,0,0.6982741580027121,2023
8cc6c1a80c3b3e78fc639607,2023-05-06,bantamweight,1,0.5923947976970083,2023
8f175dda24ee4d5ed157611f,2023-05-06,welterweight,1,0.6768412897550506,2023
38e28862ab0d408ffcf40da9,2023-05-06,heavyweight,0,0.3409514499931397,2023
ac89ad183f32d054d164ee0c,2023-05-06,lightweight,1,0.49175658831915803,2023
ef1bf09246b82fc675505721,2023-05-06,womens_strawweight,0,0.6124864703133697,2023
b96182f98b3de52de631a16b,2023-05-06,middleweight,0,0.5238198314973115,2023
2db72ca1fb0fdb7fffe3a93f,2023-05-06,light_heavyweight,1,0.6351465120086649,2023
c5ebf8e79324e5939125f9ad,2023-05-06,welterweight,1,0.7120254194006761,2023
3e2e956ecc31c21affc1243d,2023-05-06,featherweight,0,0.2920834606899492,2023
023c4ee9d811ea4e3c8b11fa,2023-05-06,womens_strawweight,1,0.29319535067498,2023
0675c46166735f4643081ce6,2023-05-06,featherweight,0,0.15840337285599154,2023
3d3bc5c58bede42fd36c2efb,2023-05-06,middleweight,0,0.7103452382641532,2023
73f39af8d610478efc1c33d2,2023-05-13,light_heavyweight,1,0.5775993889913056,2023
7a5e52cdf64699c40ca7635d,2023-05-13,welterweight,1,0.5562603729056325,2023
8ea417e09eac08a2ad3fe828,2023-05-13,light_heavyweight,0,0.27632739529739153,2023
f4ebeab135e8d5bb06730df8,2023-05-13,catch_weight,1,0.2510770582679408,2023
bcb161a3c9d9e2a50a8e2857,2023-05-13,welterweight,0,0.6101631336484099,2023
74a34d39413c8f931bad1e28,2023-05-13,heavyweight,1,0.4858019523208957,2023
f166d8ac6a457943bfe528eb,2023-05-13,womens_bantamweight,0,0.4898097405151874,2023
2d1948b604cc1d52072429d7,2023-05-13,womens_flyweight,0,0.4603362021870968,2023
7eb37ee4f1b3f74a15b948a6,2023-05-13,heavyweight,0,0.26278047801057114,2023
90d417de02b6d71ffa660d3f,2023-05-13,welterweight,1,0.32665180975010777,2023
834f2fa194fc1425e6d5a51f,2023-05-13,welterweight,0,0.320387223703621,2023
9dea78b803a1d3cbffb84573,2023-05-20,welterweight,0,0.37593367917339987,2023
d5f1029bfe5ae4808dbdeb8b,2023-05-20,lightweight,1,0.5784392815786062,2023
583ed00e1a40f7bc24f0e7d7,2023-05-20,lightweight,1,0.614062603132994,2023
a5c6f22d83c3a5cd1f37e6d1,2023-05-20,middleweight,0,0.5528694585660038,2023
19550019194953c70877b46a,2023-05-20,catch_weight,1,0.6185861380714885,2023
618b7b63848dfb28d9e75658,2023-05-20,heavyweight,1,0.6240099452330832,2023
4dad1eec32d230346a567d14,2023-05-20,womens_strawweight,0,0.5543491586181906,2023
f80948e2b2d88cf85d8f69c2,2023-05-20,womens_strawweight,0,0.3389104459585239,2023
e14152d9d3bcd814f7a78595,2023-05-20,lightweight,0,0.3823170831023565,2023
7a892f12809c158957f4222c,2023-05-20,womens_flyweight,0,0.12376364057546406,2023
24d6f64dd1a9f4a00b60b172,2023-05-20,welterweight,1,0.5400350689505206,2023
a9283fde7464f78285f35d4a,2023-05-20,welterweight,1,0.552603601540495,2023
8d2657059b80b7d256f63ce5,2023-06-03,welterweight,0,0.4153638166672713,2023
c47c6d03bdb49b711c50f83c,2023-06-03,featherweight,0,0.34686173887243726,2023
fbdb0f998a41190f2e544cb6,2023-06-03,heavyweight,1,0.6545928605164177,2023
211bd8ca31ce0bf9f809f926,2023-06-03,bantamweight,0,0.5680772557492156,2023
1f74546eab5290536943b881,2023-06-03,bantamweight,1,0.4528282496188363,2023
43dc5779bee5d6e1feaf1211,2023-06-03,womens_strawweight,1,0.5392811776299434,2023
b53d7181f6baa5828ee82925,2023-06-03,lightweight,0,0.764135878571367,2023
eb35eda2f8e562604a3a6587,2023-06-03,lightweight,1,0.841266691247853,2023
a2548db55f411224c2090a87,2023-06-03,bantamweight,1,0.49398112948992107,2023
810ebf65cda6f08605d0dfb4,2023-06-03,flyweight,1,0.5455027064690472,2023
ba64fa041a0a17289f7ec4aa,2023-06-03,womens_flyweight,0,0.512864096598083,2023
67fdbe55ae06879de2d3096b,2023-06-03,light_heavyweight,1,0.4412444017517032,2023
e30468a3c5bcc4c5e6f074a6,2023-06-03,flyweight,0,0.38007578677460946,2023
41b34cfef0a3c136d4b18cf6,2023-06-10,bantamweight,0,0.40248153494744876,2023
2a7b20dea79359f48d7d2aed,2023-06-10,womens_bantamweight,1,0.7216925511904978,2023
1f2ee3d9684f952d35509047,2023-06-10,lightweight,1,0.48410459150740154,2023
74a471c2a8c54c1c590e1255,2023-06-10,featherweight,1,0.5997363681679394,2023
dca56b74a39286560767984d,2023-06-10,flyweight,0,0.5682571256651086,2023
fb60c604b16810077c6dce79,2023-06-10,womens_strawweight,1,0.3571937683456608,2023
753ef8a86a13c56c70328743,2023-06-10,featherweight,1,0.2851739387850194,2023
bfe91c9408462da03caada04,2023-06-10,middleweight,0,0.5095555171958996,2023
f6498a4788e114791bbae90c,2023-06-10,welterweight,0,0.3842361490795242,2023
0830f25bd926d3257e23b2ff,2023-06-10,womens_flyweight,0,0.651192625867218,2023
b5479c9894d56b527aaf98e8,2023-06-17,lightweight,0,0.09801473257758503,2023
fa8e30b594409ffd405b94c7,2023-06-17,middleweight,1,0.5928137105397231,2023
5de7511b539dc2f35627eeb4,2023-06-17,flyweight,0,0.6568961693736396,2023
1553628079b91961f98be03a,2023-06-17,flyweight,1,0.8382997868775415,2023
1701803460c2492f8c88e6dc,2023-06-17,bantamweight,0,0.27417192810506363,2023
5ea10d9b2508835213a7e16b,2023-06-17,lightweight,1,0.5714297792004696,2023
1ae6f24c34066c35e05a0ac5,2023-06-17,middleweight,0,0.6486754502458248,2023
71155f2f38de2cef21d41ad4,2023-06-17,welterweight,0,0.4868422253866561,2023
4afc828e854d71a980a4da1f,2023-06-17,featherweight,1,0.457231432203747,2023
1dc63941f97c2b53d6e7944e,2023-06-17,womens_flyweight,0,0.4922941747763131,2023
b835ef106ba0d320989caaa9,2023-06-17,light_heavyweight,0,0.5212179643773326,2023
9738dbbd12c022ab8c0244f4,2023-06-24,womens_flyweight,1,0.48647617974826945,2023
26d1929d5e6faf685d9524e4,2023-06-24,middleweight,0,0.3553792816999282,2023
02caa0904488e97a0c57821e,2023-06-24,middleweight,1,0.39107698572438404,2023
8538c8b918b1de21ed7edfdc,2023-06-24,featherweight,0,0.48887181982383904,2023
0c4515b1fb214c21809f0083,2023-06-24,featherweight,0,0.6454097691114387,2023
a6a76a7a7db7da77a11b5ecc,2023-06-24,featherweight,1,0.7481126189567265,2023
0744f58285748a8258aff8bb,2023-06-24,lightweight,1,0.44056348580941923,2023
86089570ccc769b26795cf5c,2023-06-24,welterweight,0,0.14102161656871062,2023
34413a75b78402855b689235,2023-06-24,welterweight,1,0.7294567248757204,2023
d63c07a027a8bfced274a3e8,2023-06-24,womens_strawweight,0,0.5894371416228341,2023
355dde8fa8af4f55e7903345,2023-06-24,lightweight,0,0.7202288601955483,2023
d903ae15997c5c3259527ac9,2023-06-24,flyweight,0,0.2992900140471347,2023
c16d37110bfde910cc00a282,2023-07-01,heavyweight,0,0.31601712360405826,2023
f0881ed5aee329899d5dbe32,2023-07-01,womens_flyweight,0,0.5696835852599896,2023
ff5a4b29681042b715de7dd8,2023-07-01,middleweight,1,0.4124383748814438,2023
66a014a3d695164cadb97344,2023-07-01,lightweight,1,0.7723050282356979,2023
5a3fafcfe8cf52b7388b69c6,2023-07-01,lightweight,1,0.5444777368631837,2023
031c91854eac829bdf2ffa2c,2023-07-01,lightweight,1,0.3440314977064689,2023
40db9ab26d4cae9288a4883f,2023-07-01,womens_flyweight,0,0.47035179019150336,2023
4ce7c778f23cd1bf4546e0ec,2023-07-01,featherweight,0,0.30485341715817915,2023
2906ec3d58e436e5228c8dff,2023-07-01,welterweight,0,0.40188684604816993,2023
36428584824bba6898b4824a,2023-07-01,welterweight,1,0.2981645644417918,2023
44200bfac7f2a84fa9b3c2c3,2023-07-01,middleweight,1,0.5737980626673306,2023
f2750b184214af53cd2d9552,2023-07-01,womens_featherweight,1,0.5191951816166553,2023
bfd5cf090725753cb73a2027,2023-07-08,featherweight,1,0.5313597653351197,2023
b7b4f20cf8dafb6a112ac7d0,2023-07-08,middleweight,0,0.4974238847210889,2023
8391134e7f930a916e52ef20,2023-07-08,flyweight,1,0.2582656794640358,2023
339bc6663a7f472154266feb,2023-07-08,bantamweight,1,0.683883199738144,2023
59f58c9c40c64fe1b8d474ff,2023-07-08,lightweight,0,0.4626478321525729,2023
8b7bd39fd6c76d413400ef59,2023-07-08,light_heavyweight,0,0.4292695609770296,2023
d05493e5cdd7938e02c6367f,2023-07-08,lightweight,0,0.35536980332846513,2023
e724df897e9fa95b33128001,2023-07-08,welterweight,1,0.2328914035653532,2023
243b01b43b4d154ee283edb4,2023-07-08,middleweight,1,0.5669256148911512,2023
0580b939723798e97e523064,2023-07-08,flyweight,1,0.7142525620234499,2023
3ee9d49d2883a76f0d0b3ebd,2023-07-08,catch_weight,1,0.6963882849221008,2023
307078a8aaf55515debd7e4a,2023-07-08,light_heavyweight,0,0.6165064567023686,2023
c040765e9cd22df2535af702,2023-07-08,womens_strawweight,1,0.40456260770877184,2023
0e415addf4419c1bb7040995,2023-07-15,middleweight,0,0.3094212012346975,2023
fae07c7909695a8de2670ea9,2023-07-15,lightweight,1,0.3768902117825962,2023
95d5ccbd56f49fdaea7018e3,2023-07-15,womens_bantamweight,0,0.46912763381311534,2023
570ed242ca21c62fa3a6e0bd,2023-07-15,featherweight,0,0.45027397619400494,2023
5fb55152ac40582efdac2338,2023-07-15,lightweight,0,0.46502916464545013,2023
dc8c54b14e642c0f7dcc5d7f,2023-07-15,welterweight,1,0.861962633403437,2023
d5acd4b37d67e89519b6bd83,2023-07-15,lightweight,1,0.31999358655107857,2023
59e240a1926ab9668d4ea114,2023-07-15,womens_featherweight,0,0.33165923248778617,2023
20480c79595fbb7397cbcdad,2023-07-15,lightweight,0,0.3748468815767157,2023
0504e93f7602bdaadee9e83e,2023-07-15,featherweight,1,0.5871501442408825,2023
c66bd437648ce6c9d36fffd1,2023-07-15,flyweight,0,0.633163726089853,2023
aee881a6e3b66ff815a14b4e,2023-07-15,womens_strawweight,0,0.5474071362468534,2023
37dbd1517fc350dfdb82fe5e,2023-07-22,lightweight,0,0.6912709875681243,2023
2086564bb6d1a17b69d9594a,2023-07-22,welterweight,1,0.36258960905213317,2023
85cc199fb2cc71d7610b426a,2023-07-22,bantamweight,1,0.2933152369659632,2023
d374ad54876bdc9ab00d188f,2023-07-22,flyweight,1,0.6785745530051828,2023
f287ecd9b1b2b7e5886818fe,2023-07-22,lightweight,1,0.8106995423182459,2023
5e03556ac21059d5540468b2,2023-07-22,womens_bantamweight,0,0.3804175088365682,2023
88f4cf3ed1e8dc3bee9e78de,2023-07-22,featherweight,0,0.4184047260217174,2023
f684f924db9762a5a24943d1,2023-07-22,middleweight,1,0.45272397488135624,2023
07930a4698e812e3c33400df,2023-07-22,lightweight,0,0.5146665128767632,2023
dc10ede4fff61150475f025f,2023-07-22,heavyweight,1,0.2954175270365179,2023
1e5aadefe4f8b514331f7df1,2023-07-22,womens_flyweight,0,0.6389129574922456,2023
be6f6a66dd1475a253d21e8f,2023-07-22,featherweight,1,0.6350162950800646,2023
cdab172520a4c2a4e3be3200,2023-07-22,middleweight,0,0.7184915004653665,2023
b6deee15173724b04f140ec9,2023-07-22,womens_strawweight,0,0.6669596070325768,2023
8dbb536f8d8d18684dece8d9,2023-07-22,heavyweight,1,0.7002649772865144,2023
cf7ebf33fc2afed4809e7db8,2023-07-29,flyweight,0,0.4347950515899153,2023
4e8cbb73bf869a8da3d7deaa,2023-07-29,heavyweight,0,0.4989753687646505,2023
2a07f8ea0b27887c995f15a1,2023-07-29,lightweight,0,0.48667596344998126,2023
f1f93d9da3d77601ddc068c8,2023-07-29,welterweight,0,0.755623673311003,2023
7cfdf3b2768432a51473f253,2023-07-29,welterweight,1,0.7618999783895855,2023
73c5255ed61178a04a589d37,2023-07-29,light_heavyweight,0,0.38740578287545074,2023
542062f841901da309fd39d0,2023-07-29,welterweight,1,0.4232318080655685,2023
1441ccf352df4b05c9a83aea,2023-07-29,welterweight,1,0.6995581533457443,2023
c7180a83d72402d7608bdceb,2023-07-29,womens_flyweight,1,0.7520453182242293,2023
3a32c6a5cc5a1fd46bea3e47,2023-07-29,middleweight,1,0.5913252922589366,2023
7bb394fbae44e1da0cd5bca3,2023-07-29,lightweight,0,0.2337277855866645,2023
282fb397e104dd45c570b28a,2023-08-05,featherweight,0,0.44673497387275674,2023
b787cf6c2fa2ed8c9e195150,2023-08-05,flyweight,0,0.30649792461237846,2023
6560f72e1b1c9b8138574df6,2023-08-05,catch_weight,0,0.3695392655957078,2023
f94e4cad52bf9a6b2f38df61,2023-08-05,featherweight,1,0.6605092878295088,2023
ce84563cfe04a65b5b76020c,2023-08-05,light_heavyweight,0,0.5749106978309775,2023
0473c7065872a7d67606359f,2023-08-05,lightweight,0,0.6744279257021413,2023
268d66a04a0a2276ada61537,2023-08-05,welterweight,0,0.6097276498202285,2023
d6ee9a0d0b602cdfb29a682a,2023-08-05,womens_strawweight,1,0.533962919545356,2023
d51412c5c86ef83705f9476f,2023-08-05,bantamweight,1,0.6970790971309321,2023
bb3b63715b62f6b0e4f65950,2023-08-05,flyweight,1,0.47065781640740423,2023
358d2e14d9541e87802ef07a,2023-08-05,featherweight,0,0.40903101580996387,2023
8a9f408c675d89c45391bc0c,2023-08-05,light_heavyweight,0,0.49218523868339537,2023
cc0dfcba2a9a1a686e41e380,2023-08-12,middleweight,0,0.573683015946101,2023
21b8a0738ac50baebd05d9ac,2023-08-12,featherweight,0,0.6276163695694887,2023
b0a0a0e4e665e9f2ee272956,2023-08-12,bantamweight,0,0.34657475651323927,2023
56c51c3acfc72d7fc859ad42,2023-08-12,featherweight,1,0.34311984871711665,2023
f83ebe6bf664c143f114ee24,2023-08-12,womens_strawweight,0,0.509642773219223,2023
cae33a4c01f60ea5bc1c2a9a,2023-08-12,middleweight,0,0.39049162072363286,2023
d7b541461594eecc66b90080,2023-08-12,heavyweight,1,0.5461368698795769,2023
21dc27ee66f98446e047ad70,2023-08-12,bantamweight,1,0.6457035036324331,2023
6f0ec3612994e967fb90e063,2023-08-12,womens_flyweight,0,0.4581675711665637,2023
e18d45083a7c265a8622e262,2023-08-12,light_heavyweight,0,0.6580715113192016,2023
c9c58ef3f78b8a1983f75960,2023-08-12,womens_strawweight,1,0.4326360209146191,2023
a6d4278c3e85ccf981d560d7,2023-08-12,lightweight,1,0.7403205058687764,2023
fe4d9885f4576d7ab9015c10,2023-08-12,welterweight,0,0.3897341247684969,2023
471c5569daaa1a004351935d,2023-08-19,bantamweight,0,0.5974588106851377,2023
0b46edbdd82ecaaa8339d80a,2023-08-19,middleweight,0,0.405077870534404,2023
34b4caec2c3e9c8cc351c602,2023-08-19,womens_flyweight,1,0.7139298248754108,2023
2defed33fd46d631e90ba986,2023-08-19,bantamweight,0,0.4127422999543324,2023
e1c4b3bb77a1f665d7e9edb8,2023-08-19,middleweight,1,0.4071903577151586,2023
f77e8217af476c8d76c17de8,2023-08-19,bantamweight,1,0.5821010644328066,2023
5e2db79a3a1ad7fa4a047658,2023-08-19,middleweight,0,0.323410006264607,2023
6146e55c7547bad0f4598567,2023-08-19,womens_flyweight,1,0.5681208719984137,2023
44a0ede1f5c3febcd8158c1b,2023-08-19,lightweight,1,0.22403320989412565,2023
6a9d8431526f7e7ae3505c22,2023-08-19,bantamweight,0,0.3277104829060938,2023
f59c117ae7cabc52d4b52159,2023-08-19,welterweight,0,0.5914131481631866,2023
acbef5f5bc43c180f987011c,2023-08-19,womens_strawweight,0,0.43229006453701396,2023
46011dba71434bf36e3c4864,2023-08-26,light_heavyweight,0,0.6217956394407482,2023
7a36e5dab09fb0e3a32fff3f,2023-08-26,welterweight,1,0.5544346613960731,2023
bff6b688a0748a0496dde666,2023-08-26,middleweight,1,0.5823838059940504,2023
31b7a66eb42b8c36524c3ab3,2023-08-26,womens_flyweight,1,0.6706487298299326,2023
dd4024c9c91e5afd2d978e95,2023-08-26,featherweight,1,0.5427835145771741,2023
f0e0f24c2d6eded73e540e2d,2023-08-26,heavyweight,1,0.6846947748899443,2023
f3ff547fc056f0ae57dcdd5c,2023-08-26,womens_flyweight,1,0.7772940269757554,2023
afe662b987c151d703cd1acb,2023-08-26,featherweight,1,0.6764293737212949,2023
ac6f2e63fe39b2f0a273ae19,2023-08-26,bantamweight,1,0.34111287239108257,2023
baae93ffbdc1bf0262cee6e1,2023-08-26,featherweight,1,0.5116839924308043,2023
99ab297a031513ce93f1576f,2023-08-26,welterweight,1,0.2795990726124171,2023
32ae1bb3fc496ea9626ce862,2023-08-26,bantamweight,1,0.683228427763547,2023
1fe545c4e1dfc5237a9e4748,2023-08-26,heavyweight,0,0.3925340167845372,2023
ffa7455c3e5ede174ad4112d,2023-09-02,welterweight,1,0.5035354428982216,2023
6d0f7ada6c998fb0eaf089de,2023-09-02,lightweight,0,0.4938485324390472,2023
fd33be38cb0d1d4d0f6bca6f,2023-09-02,heavyweight,1,0.768622328451619,2023
6bd93fadde24f7c7a79345fe,2023-09-02,bantamweight,0,0.3682569839469457,2023
65293a8e2961fadaeef4cf65,2023-09-02,womens_flyweight,1,0.40061921939487766,2023
2d1078d0507597c4e604903a,2023-09-02,featherweight,0,0.4679642627940095,2023
a4d79f54aeee4768f37396e2,2023-09-02,womens_bantamweight,0,0.6331615797267354,2023
44fbb5a2110d15b720a9751d,2023-09-02,bantamweight,1,0.6274259725367491,2023
555e57ac84583be4ae725a15,2023-09-02,light_heavyweight,1,0.7554632245567623,2023
21efe4021b701a3f681a8c10,2023-09-02,featherweight,0,0.24595571521690793,2023
6e1227e9009e6929393b1fee,2023-09-02,catch_weight,1,0.51041883905288,2023
011b9746ab115630dd02c0fb,2023-09-09,welterweight,0,0.5163192684307105,2023
b21089f4d62b3730b34a4346,2023-09-09,light_heavyweight,0,0.32138498129193016,2023
1b6d13bce1996a9787f00657,2023-09-09,middleweight,0,0.6056711880393663,2023
b2b23742f60158de1d1c5c14,2023-09-09,featherweight,1,0.49631485820240623,2023
b8118cbf106d813928e0b82a,2023-09-09,lightweight,0,0.23653608530665363,2023
27e9d3412a74a9570b14c3f3,2023-09-09,heavyweight,1,0.5602550780718093,2023
16064fb85fa34316d72d9e6c,2023-09-09,welterweight,0,0.46665937191491236,2023
f84f38efd0c68a4d11911324,2023-09-09,flyweight,0,0.27809386107825035,2023
a0cc78d39dbec7a5ce6e1bd4,2023-09-09,lightweight,0,0.3239018801075053,2023
ed8e3c472972a277f73c443c,2023-09-09,featherweight,1,0.2746891358265411,2023
b04e6f3b3710a8911531f136,2023-09-09,heavyweight,1,0.7276137485821617,2023
16cede3f450ae715871ef8c3,2023-09-09,light_heavyweight,1,0.3513978598280181,2023
ead4ef0da3ceb9dbd827dd4b,2023-09-16,lightweight,0,0.4096316037883949,2023
c8cfe9c5b42f5b7ceda34093,2023-09-16,lightweight,1,0.2576156155402687,2023
f0c6e7a442001e286c22093f,2023-09-16,featherweight,0,0.467436409457529,2023
eaa1d742167744bbb2317e5f,2023-09-16,womens_strawweight,1,0.4857582253462732,2023
399469f15d7034c6b5c5aa4c,2023-09-16,welterweight,1,0.45620311809803044,2023
2d4c42ccd0419f0034998f5b,2023-09-16,womens_strawweight,1,0.6729589951904583,2023
8e05c99e0cfb203d446ab29e,2023-09-16,bantamweight,0,0.4698125058800805,2023
281de41fa325e8017e097798,2023-09-16,middleweight,0,0.34526950370014464,2023
568b5c62f6997dbaa49f2d78,2023-09-16,womens_flyweight,0,0.4379470581158253,2023
a8d577f3a15db8e801f72cab,2023-09-23,welterweight,1,0.47819952514664654,2023
cd56e5717d0aecb3365e555b,2023-09-23,featherweight,1,0.5502304789408704,2023
978e40854ce586ab5015d89f,2023-09-23,middleweight,0,0.6444909998812722,2023
e705c6274e273eb488346925,2023-09-23,womens_strawweight,1,0.5346583017399309,2023
5f67fcb6ff0330a07c25670c,2023-09-23,womens_strawweight,0,0.4033540259669343,2023
534e4ba8dcf5d6b12163bd43,2023-09-23,heavyweight,1,0.46123768141250093,2023
ef95cdf14de0f6f13da1c922,2023-09-23,lightweight,1,0.6905583187430795,2023
23bb45e27781d3fef56a8d5c,2023-09-23,featherweight,1,0.5591743915846276,2023
abd474deac0d6aaec693b319,2023-09-23,womens_bantamweight,0,0.4064552671934158,2023
afad3865935211f104c76cb6,2023-09-23,welterweight,0,0.3001545780419768,2023
24613e52b4d9b4373f4e4226,2023-10-07,welterweight,1,0.4759549341195591,2023
e808ac354fb383fa280dda7a,2023-10-07,featherweight,1,0.3751011067348013,2023
c2fc0ceaf543ba31b0c8a9dd,2023-10-07,bantamweight,1,0.4353041075149465,2023
1e86a983200de4386d6df19e,2023-10-07,lightweight,0,0.29609207981803504,2023
80a2c51a131f7e11f83c99c2,2023-10-07,lightweight,1,0.26377791667075523,2023
b0fd3639ae3acd8f3c7f83a6,2023-10-07,middleweight,0,0.3138599664576733,2023
fe10b939cf29ddef67d106d5,2023-10-07,womens_strawweight,1,0.5209972375772176,2023
da52ce077dfbc710eeee7d80,2023-10-07,womens_flyweight,1,0.5344734876811801,2023
5d96dab1b32c072c721a3140,2023-10-07,flyweight,0,0.437971787415986,2023
3b2b6f588f233752d4106bfe,2023-10-07,womens_strawweight,0,0.601608886328884,2023
af737fed0b9b7d7e97b45800,2023-10-14,middleweight,1,0.5607353114914083,2023
fe5a4702ff9ab44d8fd9a270,2023-10-14,womens_strawweight,1,0.49451151844505803,2023
9f46ec6a1c5898a3f4218fa9,2023-10-14,bantamweight,1,0.68806006422123,2023
bc494225f9e8733daace3b08,2023-10-14,bantamweight,0,0.5012656275608879,2023
f9055a3cf35dd1b47246db50,2023-10-14,featherweight,0,0.6454490038619305,2023
d140971eb1e02bcc7e160759,2023-10-14,womens_bantamweight,0,0.6825218630785962,2023
846b585d86cb8c9a7c662345,2023-10-14,womens_flyweight,0,0.5800687367818119,2023
71152a346f5435274991f699,2023-10-14,bantamweight,1,0.6909807019385661,2023
a60d64e4d57ac341a707429b,2023-10-14,featherweight,0,0.7670204398200978,2023
e9b3649cbac6fea997127d09,2023-10-14,womens_bantamweight,1,0.6497669812571418,2023
6eb8e73eeedd0a4d4f090e59,2023-10-14,lightweight,1,0.786353008404915,2023
daa19bc1073e4de488b93099,2023-10-21,middleweight,0,0.2629857466618777,2023
bd5197ce9e21f062e91cfdcc,2023-10-21,middleweight,0,0.4287101344763882,2023
29ca6c04a5121ff6b3aead16,2023-10-21,lightweight,0,0.323514840314156,2023
53f58a616f1f98162f59d9a1,2023-10-21,middleweight,0,0.5526073516217319,2023
259473adab67fa6d9c216e30,2023-10-21,lightweight,0,0.7339247353973424,2023
e7ce0cf4e2292cc04f227813,2023-10-21,lightweight,0,0.394087224541634,2023
a12daf4c80637768db6e3c5a,2023-10-21,featherweight,1,0.3009481266083667,2023
28eb240747f515de3836fdbf,2023-10-21,bantamweight,1,0.6081257703669929,2023
f0516b939f36ebafdf81ca17,2023-10-21,middleweight,1,0.3279870820454359,2023
62d3a5771d6b10f0089a8f81,2023-10-21,flyweight,0,0.35182913876245836,2023
757ba2eafdc177b61032db32,2023-10-21,womens_strawweight,0,0.30642963881884144,2023
04563713f288927086d00dc8,2023-11-04,womens_strawweight,0,0.3554320662467171,2023
4dc323525ec4fe6a1902471c,2023-11-04,middleweight,0,0.28796264899313906,2023
7a0160ef91b1c3b2e386696c,2023-11-04,womens_strawweight,0,0.23811697074019644,2023
63065d8129b0cd4edb422521,2023-11-04,catch_weight,1,0.5911492930443892,2023
1c5a8fa50a02c5f7237e7096,2023-11-04,welterweight,1,0.4755013722942941,2023
74447d459909b91d8cbc210f,2023-11-04,heavyweight,1,0.6056536478555976,2023
c7d24b653dac82db9b54ce3f,2023-11-04,lightweight,0,0.2828364747842902,2023
df9a143b6b0fd7913bb8edfc,2023-11-04,heavyweight,0,0.4149640274641166,2023
de2c9e0a9b1e5ca7f500117c,2023-11-04,light_heavyweight,0,0.4076375346985501,2023
d15dd8dad27d3ee24d69ac60,2023-11-11,featherweight,1,0.4757572550600898,2023
afa38907d741913db5a7be3e,2023-11-11,featherweight,0,0.5469460916686071,2023
8a2b05dae46c16a168a3e654,2023-11-11,lightweight,0,0.38746340967899295,2023
496a2700b89769900984608d,2023-11-11,womens_strawweight,1,0.6894330205995582,2023
8d6e2b7b8b22ac6ba0a22969,2023-11-11,light_heavyweight,0,0.45278187112659046,2023
e8561543ae98872e901f6879,2023-11-11,catch_weight,1,0.30433172005557124,2023
833524b44b22bd3208f2fbd3,2023-11-11,flyweight,1,0.6382443432191237,2023
d20739f6f7bd77ea12be13e0,2023-11-11,lightweight,0,0.31845337635977156,2023
144baece3f6aa1688e288975,2023-11-11,lightweight,0,0.3748009592396376,2023
e7b64eb7fc4775216b389738,2023-11-11,heavyweight,1,0.4393039463069659,2023
177541d6f63823d585239290,2023-11-11,flyweight,0,0.555355502147353,2023
f41b81824fdcc42b9e4d0405,2023-11-11,womens_strawweight,0,0.47786085052140986,2023
f2df0f0bae9607c1cf534447,2023-11-18,middleweight,1,0.7729523936626943,2023
d364f1a7af8353a6a5bb476f,2023-11-18,bantamweight,0,0.5631360890777163,2023
00e7ffbaf4344527093873a4,2023-11-18,flyweight,1,0.5086475746353198,2023
459984a71320f6181b1f6a92,2023-11-18,lightweight,0,0.5188939415059848,2023
cac245615a9748a0186e36ce,2023-11-18,middleweight,0,0.4421782582613613,2023
8e520f2d4e402e4c08eac42a,2023-11-18,featherweight,0,0.6674430637998985,2023
19a60d3bb692f7fab1aa0998,2023-11-18,featherweight,1,0.28991867441831315,2023
5d678692a9535ae7a7113d36,2023-11-18,womens_strawweight,1,0.6828637663438278,2023
e5dbe1f65469011be90331f1,2023-11-18,womens_bantamweight,0,0.3153447212065432,2023
0814c6241270848832ee1c95,2023-11-18,welterweight,1,0.3252746783212816,2023
d7d1847897d6db266f12f753,2023-11-18,heavyweight,1,0.7402884677641781,2023
ded733c1abeb30eef94d0f74,2023-11-18,bantamweight,0,0.4869732736967047,2023
d8489abaf1802fa3a1021b7f,2023-11-18,welterweight,0,0.7011489209634989,2023
3244052f0a3815145fdd8188,2023-12-02,lightweight,1,0.7191789768794198,2023
29c71d1b4084e31abd61e31c,2023-12-02,lightweight,1,0.5609989183216438,2023
266fe16c8f3e3b75a7f4c4a3,2023-12-02,lightweight,1,0.24708372687864422,2023
577f775be78964896ac1a903,2023-12-02,lightweight,1,0.4518933716129317,2023
aa55d74034f3a3481fb4d6d8,2023-12-02,womens_bantamweight,0,0.551401133570585,2023
6a65ab2dbc5dee6257dc9595,2023-12-02,middleweight,0,0.548203003147633,2023
ae90c163fbadc8e692614a68,2023-12-02,bantamweight,1,0.5625373662255303,2023
d9ba19f4c35501b7970cbdd2,2023-12-02,light_heavyweight,0,0.6127875620311325,2023
485be0671ebd8c05327115aa,2023-12-02,welterweight,0,0.35156173977846944,2023
d0150e31146bd1f6c53d9109,2023-12-02,womens_flyweight,1,0.4792470392232147,2023
71220001b252fdbf72418ec3,2023-12-02,welterweight,0,0.6428944141381434,2023
9fc28e3dc009b827883edd97,2023-12-02,middleweight,0,0.33894000565170795,2023
aef3796599ba902b135e1a2e,2023-12-09,light_heavyweight,1,0.303581957077178,2023
5b76e797c4ffb48b61410c9d,2023-12-09,flyweight,1,0.8772769502637237,2023
1466c10bcdb2f1b0a1352dec,2023-12-09,middleweight,1,0.5161401142479852,2023
55082c328945d276153798e0,2023-12-09,womens_bantamweight,0,0.3686942165033036,2023
0a60ebc269e85bff31e989ed,2023-12-09,lightweight,1,0.4721626122228258,2023
23ae5ee3a2a189aeb6fad511,2023-12-09,womens_strawweight,0,0.4857582253462732,2023
aaea90999d2c2c9ef107ce94,2023-12-09,welterweight,1,0.32720818186498085,2023
e4f499527d31d66c982fd653,2023-12-09,bantamweight,1,0.619149196485225,2023
1717f90d2160832604d7a78d,2023-12-09,lightweight,1,0.37851837869694943,2023
adb8d33c46026c9bd9e6fbca,2023-12-09,flyweight,0,0.2524126888437131,2023
f02ef45176d4af0219dabfa5,2023-12-09,bantamweight,1,0.34303473905539783,2023
280a428b31e2aef693a0f9f4,2023-12-16,flyweight,0,0.4598764622704039,2023
d3365e6d3be6de5629a2c7a8,2023-12-16,light_heavyweight,0,0.5741916086413681,2023
d577b5cf3001b917a08711f8,2023-12-16,featherweight,0,0.23983021603674348,2023
39fc49a6ebd402e80c2483c6,2023-12-16,womens_flyweight,1,0.3465087946368924,2023
1330b89f70ea839717128850,2023-12-16,bantamweight,0,0.26059077750737464,2023
058ef2585a4f17f0e5ad91cf,2023-12-16,womens_bantamweight,1,0.5596456498101572,2023
f34bd1f41290f9fed4eb494a,2023-12-16,featherweight,0,0.7325144109821283,2023
687a5fbe17d8dbd9d362aad4,2023-12-16,welterweight,0,0.19445142998552534,2023
bb649a9711cf49795b3c4110,2023-12-16,heavyweight,1,0.26358372803597463,2023
8b6069a7a68e296dabf0a2b7,2023-12-16,welterweight,1,0.8122190102002805,2023
0248f733a0a79ce27869d3bb,2023-12-16,flyweight,1,0.436557807473413,2023
ebe757e2d75707e5c685fa5c,2023-12-16,lightweight,1,0.4791778191102079,2023
350855927478bdd1e949d40c,2024-01-13,heavyweight,1,0.7331062562007248,2024
3429305b9c7c09859dea585b,2024-01-13,bantamweight,1,0.42476732752240165,2024
3a6a6b413fb74d30cc7ca422,2024-01-13,lightweight,0,0.4930211215225261,2024
428a69abf162f2b9b7b4fc5d,2024-01-13,flyweight,1,0.6661050179535987,2024
25198c09b99dc5ef33baad00,2024-01-13,light_heavyweight,0,0.4083705875073489,2024
4a93776243956f8fbb398bfd,2024-01-13,bantamweight,1,0.5908116211295524,2024
406ffce8282d87e7c9405a2e,2024-01-13,welterweight,1,0.403599079467277,2024
811e412052d3c3ce36862e6e,2024-01-13,lightweight,0,0.6440375970884235,2024
8cc7da19086c6ed2e0367e37,2024-01-13,middleweight,0,0.5669914837297414,2024
8fe948f0238e3128d28de6c2,2024-01-13,bantamweight,1,0.39973787769541225,2024
5d13c41cb62ff0921715726b,2024-01-13,featherweight,0,0.29597946064204267,2024
b7feb4f5c53ec81135796ed1,2024-01-20,featherweight,0,0.48870499212041596,2024
19f5549fd17592807a27b146,2024-01-20,bantamweight,1,0.49035653538663043,2024
89c2b506cd80a961358c0aa7,2024-01-20,featherweight,0,0.6674187623231977,2024
2cfc07cf6675811da4dccda6,2024-01-20,middleweight,0,0.42813087934428545,2024
dc907d383820e288b4e21f7a,2024-01-20,womens_strawweight,0,0.4086545876344645,2024
381492d3d739b74de7beeaf8,2024-01-20,womens_bantamweight,0,0.264393240122528,2024
1885c2392f3fc4e13cca8970,2024-01-20,flyweight,1,0.3355208456751399,2024
d03ee612207eed674bede235,2024-01-20,welterweight,1,0.5552049406492848,2024
b714ef8d91fff6b78df25c03,2024-01-20,womens_bantamweight,1,0.6876722977077016,2024
8101ef269b3e43cfcb139bb0,2024-01-20,middleweight,1,0.6438823750748854,2024
cfab9e2259fc0aaa894fea97,2024-01-20,bantamweight,0,0.4344235543520423,2024
c5a68290631162d0cceb4de3,2024-01-20,welterweight,0,0.6824915432020511,2024
585b9503d7555c070c210fc6,2024-02-03,flyweight,1,0.5757932318432288,2024
cdc0b8fe8eb1f4398afe4cc1,2024-02-03,welterweight,0,0.5760776412331428,2024
cccf589a0c312106aced03f1,2024-02-03,featherweight,1,0.5173289996648047,2024
124fdf48a7e58167e2406acb,2024-02-03,lightweight,0,0.644407529497684,2024
c1f1986c9747f9c480a9e997,2024-02-03,womens_flyweight,1,0.6260723910379311,2024
130b5f385e434a6ead40c900,2024-02-03,womens_strawweight,0,0.5670549323598425,2024
68a976bdb4c4755bf10643db,2024-02-03,welterweight,1,0.6587931824689421,2024
eff5e97ace834c6b6a4814ac,2024-02-03,lightweight,0,0.4076822084198514,2024
83bf424cee3106fb1c1d003d,2024-02-03,middleweight,0,0.4238266125100023,2024
6b6316141f41f8571d3e4388,2024-02-03,welterweight,0,0.34575608876318165,2024
06ebbfece8ed6f916f1b9909,2024-02-03,heavyweight,0,0.42417516155436435,2024
5cab68e112cbb2a3111df0ad,2024-02-03,womens_flyweight,0,0.33825687426116524,2024
85b8c9276ba604cad81ebac2,2024-02-10,lightweight,0,0.4344235543520423,2024
65d8d6420f1e0a4aa05a178e,2024-02-10,middleweight,1,0.4079151306140614,2024
13eedeaf133943571e8e2adc,2024-02-10,featherweight,0,0.3488029149195361,2024
19838dda64baf51b952b953c,2024-02-10,light_heavyweight,1,0.40078140887545444,2024
c4b6f3ca9c43308740153a7a,2024-02-10,featherweight,1,0.38935424984264594,2024
989b72f7d9fce65b937a2210,2024-02-10,middleweight,0,0.5308153468058933,2024
a289673832251cad582de635,2024-02-10,womens_strawweight,1,0.6625482097389107,2024
ea3d25224fa0cf859531451b,2024-02-10,welterweight,1,0.3737411334160798,2024
f7537c194a0a6dedbc510eba,2024-02-10,lightweight,0,0.7050935808365557,2024
d7d8b7e2b293904ac1b5bb78,2024-02-10,middleweight,1,0.5101488730504796,2024
598ce164fdf6415d56e7b795,2024-02-10,middleweight,1,0.4095691462644182,2024
df6544316c136ebbbcf87b85,2024-02-10,welterweight,0,0.5179821141300285,2024
4dc722c27e4030e3d16b4ca4,2024-02-10,light_heavyweight,1,0.32783335529516644,2024
d7234fe2bf746ee2cf907640,2024-02-17,featherweight,1,0.6150426162552554,2024
3d95040539382b0778d86880,2024-02-17,womens_strawweight,0,0.6233265606176362,2024
0859c039546455918d4e00a0,2024-02-17,womens_flyweight,1,0.5762496940808304,2024
8cf95c9b6a93f3379fba3bae,2024-02-17,middleweight,0,0.4497393658953552,2024
91d92f1b9028820948735ff2,2024-02-17,welterweight,1,0.6439187055768929,2024
1f1e004761793697bfdb3d25,2024-02-17,welterweight,0,0.3943633324496346,2024
bd35b700e291f4438a1ed771,2024-02-17,heavyweight,1,0.3365589616283544,2024
75d36ecf8a8355375bbfeb39,2024-02-17,bantamweight,1,0.6887662781327283,2024
c54d754afa6119eaf55ba682,2024-02-17,welterweight,0,0.19582369906578398,2024
9c356ca4e2c4a13e56153ea6,2024-02-17,bantamweight,0,0.2441092824096303,2024
beebd8ffc5c9b908e7bffd97,2024-02-17,middleweight,1,0.6090969842898214,2024
a4563fbab7ae7cde62a6e539,2024-02-17,light_heavyweight,1,0.4414990410694908,2024
c64700ee2cdf4b4f8a2a3263,2024-02-24,flyweight,0,0.6720735586956661,2024
209209db725130787eba0ee0,2024-02-24,lightweight,1,0.5202301912840882,2024
89ef0f8da85fc4f1f608a06a,2024-02-24,bantamweight,1,0.5910565173469416,2024
7595efdbddc1226c02f629f3,2024-02-24,lightweight,1,0.5290329353567594,2024
a58a8dd2b764d7c4cab9ab8b,2024-02-24,flyweight,1,0.5959920450367627,2024
984871628d68f0d92bd4ef99,2024-02-24,featherweight,0,0.29991642985531347,2024
f7770d17020ec11ef8b11097,2024-02-24,flyweight,1,0.43126154560037355,2024
042a708e7b9fa3844e0e11d6,2024-02-24,lightweight,0,0.6624189432310633,2024
4c3292e39be0121f3ea756dc,2024-02-24,flyweight,0,0.4788270064224032,2024
a92624583dd834ec8eb0b001,2024-02-24,flyweight,0,0.5585818748435929,2024
044f7e8edbbc1ee181fc4391,2024-02-24,featherweight,0,0.6777835086560999,2024
3b255e4692d41230aa1120e1,2024-02-24,womens_strawweight,1,0.3349167525236501,2024
2a399975bd1e1b0dd0a23723,2024-03-02,lightweight,0,0.33284907689398,2024
f221e836ceb8c4fade1a00bf,2024-03-02,bantamweight,1,0.33342813107364744,2024
5241c9c4ed74e9f71dec32a6,2024-03-02,flyweight,1,0.5478132180660423,2024
8b878472b607640f653aabf8,2024-03-02,middleweight,0,0.36628075737577587,2024
b8ab408b0ad3705153c60d6a,2024-03-02,middleweight,0,0.43703521411210644,2024
462aef659d2f1c9db0a805c7,2024-03-02,heavyweight,1,0.3194389482179272,2024
f6e2ffe4c9ca47e91797a8a2,2024-03-02,lightweight,0,0.23696452533586676,2024
f975335e1c3c676390ad01b8,2024-03-02,flyweight,1,0.6683415531272693,2024
a5ac42ab85f1ef67611fe071,2024-03-02,bantamweight,1,0.8862285233396598,2024
95e0c040d06438ee57ea9376,2024-03-02,bantamweight,0,0.5991419220725686,2024
63de167ce405377f2aba39c8,2024-03-02,light_heavyweight,0,0.3024503930368655,2024
767e0cd4fd92f89fa41fb0e6,2024-03-09,flyweight,1,0.6738796743215049,2024
941a479df441789cc3533fb8,2024-03-09,heavyweight,0,0.527906994179346,2024
3bad79d24f4c8195f5e17845,2024-03-09,lightweight,1,0.47212896636442087,2024
bdcfbf088a7d3f37af559860,2024-03-09,welterweight,1,0.7167869033182169,2024
46bace0825d59702c71e7f9b,2024-03-09,light_heavyweight,0,0.6065621198035027,2024
a0db913c10b186b2f2ee92b0,2024-03-09,womens_flyweight,0,0.4762232026107098,2024
774a7e588c92b3603e13fb0e,2024-03-09,womens_flyweight,1,0.5481374260761197,2024
58d4e6da9340c1453dd0eaae,2024-03-09,welterweight,1,0.16077625243777977,2024
b17b04c1d8f0105c850933f0,2024-03-09,lightweight,0,0.17210737914432275,2024
e1e51b91402d9d330f72e381,2024-03-09,middleweight,1,0.6967613736429897,2024
29acf84fdc389a3d05e38869,2024-03-09,bantamweight,0,0.29794346969928054,2024
6500ffecb08cd5920b6bb95a,2024-03-09,bantamweight,0,0.6167942569422215,2024
ecc485a069e20e0452aa83f8,2024-03-09,heavyweight,0,0.4305361426668859,2024
8d28cf9448610499fb45e428,2024-03-09,bantamweight,0,0.3343370025997815,2024
1c78c76a645637092d543c74,2024-03-16,bantamweight,1,0.3941259824988969,2024
2975ba8effb59bf63f531ccf,2024-03-16,featherweight,1,0.36581387329961773,2024
2c547056bb11b7e5cf58a477,2024-03-16,middleweight,1,0.5146528146932798,2024
cd990f7b7b3c638cf7fb4af1,2024-03-16,flyweight,1,0.594988419934282,2024
2701e3a1ca5507745c3e167a,2024-03-16,womens_strawweight,0,0.3683753646421766,2024
7b8f73546b25caae9d8e0963,2024-03-16,featherweight,0,0.573379407577866,2024
572aef4284a35d97b7e5b806,2024-03-16,womens_bantamweight,1,0.36609944629548885,2024
d30caf84e805ba31ea467699,2024-03-16,lightweight,0,0.5046888525215439,2024
50d49221d2d8e912a0449b06,2024-03-16,light_heavyweight,0,0.7942805026225114,2024
1ede5ade9dccb1619dcef669,2024-03-16,womens_bantamweight,0,0.4616776361097829,2024
35d276b0d655b5762a4adfa2,2024-03-16,heavyweight,1,0.5424369040174644,2024
0a9b856652e4e6e97855080b,2024-03-16,lightweight,1,0.5495256389594553,2024
a64c19e40b1495a3c1956bbb,2024-03-23,womens_flyweight,0,0.3959198459404069,2024
5cdaf1aa145a0b5f1417f8a9,2024-03-23,featherweight,0,0.49321349510293533,2024
ffd41253362852c43cf12750,2024-03-23,middleweight,0,0.34125606847741563,2024
a22b995a041336cd2e7b1b71,2024-03-23,featherweight,1,0.5161163217720978,2024
8e06fccd7bb02182d006203e,2024-03-23,flyweight,1,0.4344235543520423,2024
faf2cb29b1f6abbd8713bb97,2024-03-23,featherweight,1,0.4482758842946157,2024
b48bb5914daa78dc914fc244,2024-03-23,heavyweight,0,0.32641657490598003,2024
2d258da0acd9ef5e460e76cc,2024-03-23,lightweight,1,0.4263624071908607,2024
9df5f995b3d922bcb3086b07,2024-03-23,bantamweight,1,0.7678044673432994,2024
45b6c75025a22a83394120db,2024-03-23,heavyweight,0,0.3532179345291121,2024
fd45d43912f2632e09d27c20,2024-03-23,womens_bantamweight,1,0.40339970817978055,2024
071ec632559eee88583d16b0,2024-03-23,bantamweight,0,0.48357173838144724,2024
da9b12ab4d26fdc65b8ea77a,2024-03-23,featherweight,1,0.4127804732795238,2024
8f4cffa9eab92b6b02b0d908,2024-03-30,middleweight,1,0.45829761747816694,2024
597cf1aa8126498a52c75a08,2024-03-30,bantamweight,1,0.5839188379424087,2024
806b9b05325b02e265c3a0fd,2024-03-30,featherweight,0,0.6000944109775472,2024
c9a059ab5fe63b169ad893f5,2024-03-30,welterweight,1,0.47717181544397747,2024
c42216542c36faee591ca558,2024-03-30,middleweight,0,0.5163368809697576,2024
1165451188dbec47a064b95c,2024-03-30,featherweight,0,0.46973844840227397,2024
dd594ad901b92c946c85ba83,2024-03-30,womens_flyweight,0,0.5799795559627586,2024
bfe4cbeeec90491f6582a54c,2024-03-30,light_heavyweight,0,0.45183165159082206,2024
eb04b76ac189631bafe863ef,2024-03-30,featherweight,1,0.754384525933895,2024
390a29759a09a018f278d78e,2024-03-30,featherweight,0,0.4911041762252671,2024
8e19439b96eaeed402465002,2024-03-30,middleweight,0,0.39605370309680665,2024
dde5cb51c199688c1b7fbf18,2024-03-30,welterweight,1,0.4249405643749542,2024
66b4a5d77d71117aeeb34de4,2024-03-30,womens_strawweight,0,0.6435427390205792,2024
11fb6fbb886f244ae864e58a,2024-04-06,featherweight,1,0.42350884405038625,2024
8231f0e6b0b5bafc0c8468e8,2024-04-06,middleweight,0,0.24317966558389295,2024
f2db18a4c054f0e037b11cc2,2024-04-06,welterweight,1,0.7070074546679453,2024
71daf3f66499f6c8d84b8ff1,2024-04-06,bantamweight,0,0.5856901941539823,2024
74a163474a8c0f8e7e0f8528,2024-04-06,middleweight,1,0.4279678991677263,2024
75905fdb791eefe74e05107b,2024-04-06,lightweight,1,0.69863009070492,2024
736a7a3bbb975eced403288a,2024-04-06,womens_bantamweight,1,0.49688900702780303,2024
87408b8645e7a31b6cdbbf32,2024-04-06,featherweight,1,0.5600121841237092,2024
4ab9a0d319271e6464c41d4f,2024-04-06,womens_bantamweight,1,0.5491269479584153,2024
741737d64bcf1c7e2c9ab9a2,2024-04-06,bantamweight,1,0.4344235543520423,2024
44b8b16421d3b8ca5e361743,2024-04-06,lightweight,0,0.4192978029761858,2024
fdb4e67476bc87811762511d,2024-04-06,heavyweight,0,0.3605958341623686,2024
3300093a48a6b6f70a6dad94,2024-04-13,light_heavyweight,0,0.4757330628733087,2024
f85198c6c82c7c5676cc1a84,2024-04-13,middleweight,0,0.4050777528605065,2024
37e234e374031c4a9c10e43c,2024-04-13,featherweight,1,0.6847968249835251,2024
564ed9d5df5aa5baa575e591,2024-04-13,lightweight,0,0.3151323842060566,2024
03a849ee698f35fb17c1933b,2024-04-13,bantamweight,1,0.5879781826178809,2024
7632d2c23612af5ce3d9a2f6,2024-04-13,womens_bantamweight,1,0.2144681015478126,2024
147d563a5f53508a72a20873,2024-04-13,lightweight,0,0.5271798435690097,2024
032c8104a460ad869376a130,2024-04-13,womens_strawweight,0,0.42251200968029784,2024
a78f5cc79c971a495b411642,2024-04-13,light_heavyweight,0,0.413515341624046,2024
8600ede511999d9adc3c9975,2024-04-13,lightweight,0,0.40336684530913924,2024
40ac2f53071b5de0836100e9,2024-04-13,lightweight,1,0.7377699423630318,2024
3a1837e0a4820197bb51c85f,2024-04-13,featherweight,0,0.5307151931809765,2024
0dc452084d23dc74076732ad,2024-04-13,womens_strawweight,1,0.6293006355593989,2024
7b58877ab5e4d6cf85d3afdb,2024-04-27,womens_flyweight,0,0.4084253013371762,2024
19df3fa9de41e66929ab88fa,2024-04-27,heavyweight,1,0.5110289060795321,2024
0d17deee4e12367f002ba9a2,2024-04-27,lightweight,0,0.5494769551234795,2024
8d17aae9a953ca23b2144a12,2024-04-27,heavyweight,0,0.4480379079062428,2024
9d1e1ee7b226466bb2c175ce,2024-04-27,lightweight,1,0.2731607548921724,2024
03670cc90ed626c90836de43,2024-04-27,womens_flyweight,1,0.5714782761633751,2024
53a27e69fc6fc4de042616c0,2024-04-27,lightweight,1,0.4344235543520423,2024
e485c72f59f5947e989b064f,2024-04-27,featherweight,0,0.6904396654676034,2024
6a21e75bc72a71c8587b87c5,2024-04-27,womens_strawweight,0,0.2898265861878654,2024
1d88a0c36a95acc86682e411,2024-04-27,flyweight,0,0.5319139629885207,2024
f070085973f94e62645c20b9,2024-04-27,bantamweight,0,0.46517742296956527,2024
181283d8443a6c33cb21c79c,2024-04-27,light_heavyweight,1,0.23755180224679734,2024
c674910dad3e5790a28e8502,2024-04-27,welterweight,1,0.588446605045121,2024
4018cfaeb2593cc98fcf7a7b,2024-05-04,flyweight,1,0.6466773582205565,2024
75f967a01638fa466a040663,2024-05-04,flyweight,1,0.5349637835791383,2024
048e951737120ee49478ad81,2024-05-04,light_heavyweight,1,0.5320764592747483,2024
22bf9f5adbf622b55d1f0d16,2024-05-04,womens_flyweight,0,0.434077256272461,2024
707d69a949880d2954a5183a,2024-05-04,lightweight,1,0.6101093899630752,2024
40f2eca8b202a382e83a86ee,2024-05-04,lightweight,0,0.5189010029063045,2024
f074dc7df2dadf7cfac1fda3,2024-05-04,featherweight,0,0.5900662811881319,2024
d967e5ba34cb3ff8d9a4adb4,2024-05-04,lightweight,1,0.6524376212315145,2024
e05a5a9e9719ca88d645516c,2024-05-04,bantamweight,0,0.7182628465433887,2024
94bd5ed15286e8e4cc120e52,2024-05-04,womens_strawweight,1,0.3463265588785226,2024
39cffcac3e882d98203f7dbc,2024-05-04,lightweight,0,0.718895718113957,2024
1c69f516d3ff75bcc6377c47,2024-05-04,middleweight,1,0.7101215510233232,2024
e9311178ebb944a7fc6aca37,2024-05-04,middleweight,0,0.37333692430541965,2024
5961c213c10f64edc3e88f9f,2024-05-11,featherweight,0,0.3762478545437873,2024
dcb8007781e8317ca6a6c80b,2024-05-11,light_heavyweight,0,0.34247685314486404,2024
67958e9303cb81656c149b1d,2024-05-11,welterweight,0,0.32186120586444783,2024
1a80a39cf42c05f59642a74d,2024-05-11,flyweight,1,0.604850732572345,2024
7621b21075c5e1917732c005,2024-05-11,lightweight,1,0.4970439884747443,2024
7a09d0a6adda8ef213536caf,2024-05-11,heavyweight,1,0.35795106272832106,2024
2418c947db415559ec8fb353,2024-05-11,lightweight,1,0.1999896903365211,2024
a79c545c27deb304d7edfd56,2024-05-11,womens_flyweight,1,0.3094461279722732,2024
f511fbf1cacfba820f4106fb,2024-05-11,welterweight,1,0.5409402197324094,2024
04e190387cb56de161ad5390,2024-05-11,womens_strawweight,0,0.37749465283705536,2024
49c439cfc0b0097ddf5a2828,2024-05-11,lightweight,1,0.38736195901896997,2024
d9449a6730d848570ee311a9,2024-05-11,heavyweight,1,0.6040226195374209,2024
a8bed7a2d2d40766423dceb9,2024-05-18,middleweight,1,0.6105146845154267,2024
db2e4374a49ab25f5ec0dc0a,2024-05-18,bantamweight,0,0.25910514760745895,2024
3be1164cabf2e5d45f3c45b5,2024-05-18,bantamweight,1,0.5126505682005008,2024
3fd54e9fa93e640c3802e176,2024-05-18,featherweight,1,0.7675649450856358,2024
d535daa86964c2b555e0dca5,2024-05-18,welterweight,1,0.45028849605656807,2024
58732931566ff8038d67e1ae,2024-05-18,womens_strawweight,1,0.39172076176530307,2024
07ce5e11ec24372dce1eade0,2024-05-18,light_heavyweight,0,0.4139088205510615,2024
d8dea5c6d18a01f239c500fc,2024-05-18,womens_strawweight,1,0.3436487242721493,2024
c20d7e2d4ccac0647c485cea,2024-05-18,womens_bantamweight,1,0.5461872687159197,2024
dc832abfc5a2f3f0b0e3125e,2024-05-18,welterweight,0,0.3185889147079981,2024
5ef58c611edc62275574db90,2024-05-18,womens_strawweight,0,0.4252792594304198,2024
97edf385302354b149760b41,2024-05-18,lightweight,0,0.47524709080071426,2024
8e17356f2fda3a5192d31ede,2024-06-01,womens_bantamweight,0,0.37024247959115986,2024
10c40b22ef9284e7de0ce72f,2024-06-01,middleweight,0,0.46625828659593344,2024
79ff3b1a7d1bf92f16483213,2024-06-01,lightweight,1,0.6058513693993097,2024
4b9696096d6fa5e9d5610ddc,2024-06-01,lightweight,0,0.10502160353366258,2024
989ca4098373cae02934935d,2024-06-01,heavyweight,1,0.6268073279324657,2024
6b33e6c737a6684a25945237,2024-06-01,middleweight,1,0.6942881473384936,2024
cfe0192361aad1fbe188ea64,2024-06-01,welterweight,1,0.5190970595388155,2024
aabe4d2579baa78d78077059,2024-06-01,flyweight,0,0.4249537899739866,2024
113ec2a83989aaec45d0a399,2024-06-01,welterweight,1,0.44369797740640543,2024
0acc32af1154473e50db81c8,2024-06-01,welterweight,1,0.5538166691596855,2024
41337cbd48bf4f84174dc20b,2024-06-01,welterweight,1,0.6750656843520223,2024
3dee3aff7f82282e32f8df92,2024-06-01,middleweight,0,0.342785382973011,2024
518127b2dd8efe3a417831b3,2024-06-08,womens_flyweight,0,0.43699036914253664,2024
2e839f2de196517e8e246d12,2024-06-08,bantamweight,0,0.3858034252690378,2024
bf7ea6fdb51531c8d451a756,2024-06-08,middleweight,0,0.35868168130124245,2024
7de1c7f30e70c0054157559a,2024-06-08,welterweight,1,0.520492906363971,2024
25d7d7c1927b76a34bdc14d3,2024-06-08,bantamweight,0,0.45753448963306786,2024
0ddcfb11315e9923a41bb2c7,2024-06-08,light_heavyweight,1,0.4625051180929962,2024
e8438ef0c8ba3780dc2b45d9,2024-06-08,womens_strawweight,0,0.7668034458136437,2024
d20e183e0125d6ec0f2db68e,2024-06-08,middleweight,1,0.6103110990136439,2024
a1e8bfab94288f7370f435d3,2024-06-08,bantamweight,0,0.5697126330805695,2024
e5d256c6836b448747c5b8c1,2024-06-08,middleweight,0,0.519233970711163,2024
70272da7c95cd179af6cf4d3,2024-06-08,welterweight,0,0.6823837709677433,2024
144bac7646d283547cc8b638,2024-06-08,bantamweight,0,0.4347963170560128,2024
19bc980d805f14744f6823af,2024-06-08,womens_strawweight,0,0.5898179267419132,2024
8f81053df7a5953b7491f734,2024-06-08,lightweight,1,0.5454833133272382,2024
79440448cd3fec28695e7dec,2024-06-15,flyweight,1,0.6972835327374568,2024
6c45fb565fbf14ea75c4fdcd,2024-06-15,flyweight,1,0.6274796777579592,2024
14d2774e1d1f3fd5e1c6dbc7,2024-06-15,bantamweight,1,0.44745948456607404,2024
f5dfccd531de267b99e1f070,2024-06-15,womens_flyweight,1,0.44890469627277657,2024
493d3aa0ab1d0278e2da7639,2024-06-15,bantamweight,0,0.2916648960187626,2024
763a5efe7035e062f2c0b690,2024-06-15,featherweight,1,0.43018720163984997,2024
1fed94581536b612e2fb59a6,2024-06-15,flyweight,1,0.7559269485713118,2024
41d8ef2e34a39925ad4e75f9,2024-06-15,womens_strawweight,1,0.6641765093829309,2024
f988066efa595e7f87d49d22,2024-06-15,welterweight,1,0.5742519710155451,2024
19dddb26aefce6783b18baf6,2024-06-15,featherweight,0,0.4040063265554596,2024
9a8f34cfdca8efcd4558a8b7,2024-06-15,featherweight,0,0.4318639339859407,2024
37d4488fc8163313b1231aae,2024-06-22,light_heavyweight,1,0.3435162852921507,2024
7cf1ccb04fb7f586000618cd,2024-06-22,middleweight,1,0.42057395227193956,2024
0a2c033e657e7440fa8aa8de,2024-06-22,bantamweight,1,0.6437113131324388,2024
6d76913c436ce9ce53210b04,2024-06-22,light_heavyweight,0,0.4346641963509849,2024
1a036b09296210df95e21b1d,2024-06-22,featherweight,0,0.6912778540001652,2024
fc3424ff1e489f76836e8acd,2024-06-22,lightweight,1,0.5619696804725889,2024
dcdb4b3fb3f9b4843ea57bb4,2024-06-22,welterweight,0,0.2741177251575509,2024
65451ad06adc1f6bd89a8674,2024-06-22,middleweight,0,0.3859440539475459,2024
a1d5af9825d34f2535d592ad,2024-06-22,heavyweight,0,0.5665884607677192,2024
a0aecd3b3aa3acaa0c742fc0,2024-06-22,middleweight,0,0.37376574142319974,2024
af244485111bd9dd30c97866,2024-06-22,bantamweight,1,0.4344235543520423,2024
7c694c3870edbf3861bf90ae,2024-06-29,light_heavyweight,0,0.46995896259915093,2024
1669e7c3c0104261e38941ae,2024-06-29,heavyweight,1,0.33644575664888837,2024
6f03e907877bb17aa05774b7,2024-06-29,light_heavyweight,0,0.6233956888547972,2024
9fcb0c56f33fc5b61e47d0b7,2024-06-29,featherweight,0,0.9256271555455093,2024
bc237d1b3aa5dfe665961429,2024-06-29,featherweight,0,0.37365141740484714,2024
7508a78c4629ff995495dbbd,2024-06-29,catch_weight,0,0.45725722180510414,2024
1885b9c154714adfa0a9f0ee,2024-06-29,welterweight,0,0.2855149613581479,2024
3a544bc796aa4992d5fe2c75,2024-06-29,middleweight,1,0.6996353025548737,2024
a276808076c8af27cad7f2ff,2024-06-29,womens_bantamweight,0,0.38612540817352187,2024
94dc3b686c902429728324a6,2024-06-29,womens_strawweight,1,0.49725232248821755,2024
3d80286353ae673cbbea021b,2024-06-29,bantamweight,1,0.6223018313023314,2024
d4d6b8ea5bd50709089f7bc0,2024-06-29,flyweight,0,0.5380229905785372,2024
70c74e2537b1f6d717d6a580,2024-06-29,bantamweight,1,0.3141111766092364,2024
df9f3189d74a76849525e5d0,2024-07-13,lightweight,1,0.17957061889232556,2024
930fcb9f98b6403d004a10a2,2024-07-13,welterweight,0,0.5695610027076521,2024
752309c3bca8093f692b1373,2024-07-13,welterweight,1,0.6279086014283557,2024
8ad7692e5b972dd4a7267c02,2024-07-13,womens_flyweight,0,0.25289804907953195,2024
12131907a7300a3995c0f29f,2024-07-13,middleweight,0,0.27662352971289395,2024
46e97615d7088624ce11ccd9,2024-07-13,flyweight,0,0.7256739165211993,2024
d8807ddb36ab019a53c30d15,2024-07-13,featherweight,1,0.22448644226759312,2024
85ca4854cd014ce8c4b31d7c,2024-07-13,womens_flyweight,0,0.3816591579675321,2024
ddcbb740cdb42e2859e3ca1d,2024-07-13,bantamweight,1,0.6723157459791657,2024
41c64f492689442222f3aa5d,2024-07-13,womens_flyweight,1,0.6760955850767535,2024
1d14aed9e7e615e94ffe9351,2024-07-13,welterweight,0,0.5486584908449995,2024
1a1f05ea93dfb2cef5441150,2024-07-20,womens_strawweight,1,0.5704604424010833,2024
1802198470e4d36f13b9a300,2024-07-20,bantamweight,1,0.4811942019537939,2024
52f6aa2624ec3c51c8435cc4,2024-07-20,flyweight,1,0.46144641574606515,2024
8d11b4f1eb76e9b46dbfa43c,2024-07-20,featherweight,0,0.5745193241429042,2024
fb73b101f05286253264c95b,2024-07-20,featherweight,0,0.48460455249563283,2024
92839e130f117882696a849a,2024-07-20,lightweight,0,0.49155827226670834,2024
d8fe945f52c4101fdb8bc15b,2024-07-20,lightweight,0,0.5668022872277884,2024
4833ad51744b121d927b82e5,2024-07-20,womens_flyweight,1,0.6274316132260401,2024
5d08d6d735d021c218d42bec,2024-07-20,womens_flyweight,0,0.31082981233086365,2024
26a9e6c978b8d211b6443478,2024-07-20,heavyweight,1,0.4677900026316748,2024
9f2b2e8e992c8c2d56b31b48,2024-07-20,featherweight,0,0.40557645952973986,2024
097b47cf0fd70817100149e1,2024-07-27,featherweight,1,0.6860656276962744,2024
a5ec3ef5260e3a28c3483b8b,2024-07-27,middleweight,0,0.36701899366652413,2024
9de739fe6020a6c9f3fae848,2024-07-27,bantamweight,0,0.6061738558918727,2024
2e1d63b7961383b47d4f353a,2024-07-27,lightweight,1,0.34319545719633704,2024
79cfa01484c3ea38f9f51531,2024-07-27,welterweight,0,0.7581757955460994,2024
a5cad6e8a51f09bf4c7d852c,2024-07-27,heavyweight,0,0.2335798182193385,2024
d8173aa5dd83c7893f9af630,2024-07-27,light_heavyweight,0,0.42281974454056437,2024
10d948ba3fb1d8e9bd8dd436,2024-07-27,womens_strawweight,1,0.3301857845607956,2024
74af90aae5e78d1c1ad3cd9c,2024-07-27,flyweight,0,0.28905946067856353,2024
4e85b5ea469de051613b5741,2024-07-27,featherweight,1,0.7480158313189038,2024
513e525430fb53e61e0bc06f,2024-07-27,welterweight,1,0.47520410323751694,2024
a91c178a8284b7aafa874169,2024-07-27,welterweight,1,0.40701171396741737,2024
aece4c936f0671bad30426f7,2024-07-27,womens_strawweight,1,0.48340141518166185,2024
73594b0e6c5d7117aadc2d01,2024-07-27,heavyweight,1,0.5677964470352606,2024
9ba92a6b223ce70a5def5ac7,2024-08-03,light_heavyweight,1,0.5118900997639915,2024
571fd99f2cea3cab0516a2a4,2024-08-03,bantamweight,1,0.6972341877513565,2024
29050e1234307cff3226cdf8,2024-08-03,lightweight,0,0.40494005969319424,2024
7966b9d988f1cc5340b09615,2024-08-03,lightweight,1,0.2881311771161194,2024
45f6a77cf5bae11f69d9a8fb,2024-08-03,lightweight,1,0.4280790462768876,2024
1f40f703023ba1bd3b521781,2024-08-03,womens_strawweight,1,0.4290620416289567,2024
d2025cddbf7cdc74c599ce2d,2024-08-03,bantamweight,0,0.481377169708894,2024
04bb77d8d0c872a4a2bc082a,2024-08-03,lightweight,1,0.5943737581706351,2024
a962037dba890b1e59b3c11e,2024-08-03,middleweight,0,0.36325929068903723,2024
56741af4fb9164b3ceab34bb,2024-08-03,heavyweight,1,0.500524275010751,2024
ca0701d63a3f45561e4c49ba,2024-08-03,middleweight,0,0.4184600942920175,2024
b008daa3b4c6db6c9f881827,2024-08-03,welterweight,0,0.26085539661656704,2024
b4ace78f4c4b62732bf4877b,2024-08-03,womens_strawweight,0,0.373362866131762,2024
63b290ed8d80110a23d74939,2024-08-10,bantamweight,1,0.8399160841035185,2024
a88dc52e44b8276a684bb173,2024-08-10,featherweight,0,0.37085261028793814,2024
6399ddb25f22d847585f6886,2024-08-10,welterweight,0,0.2547932718087327,2024
b8b9c9039b433da4b20b5f90,2024-08-10,heavyweight,0,0.6552891696548332,2024
961760ffcf08037002d97654,2024-08-10,womens_bantamweight,0,0.40390644160730377,2024
7e7ce2895404f87c5266303a,2024-08-10,heavyweight,1,0.4996060335124721,2024
12d0555dd382fcfab24b3392,2024-08-10,womens_strawweight,0,0.4326472248912553,2024
96244b15517f4c3bda290b28,2024-08-10,bantamweight,0,0.6606558870295052,2024
909669ccdc04944ae9d1b468,2024-08-10,womens_bantamweight,0,0.4843098695265887,2024
bd60f369b8760c4e98e32f96,2024-08-10,featherweight,0,0.29734783937372655,2024
d0e5f0596a80603b43725079,2024-08-17,womens_flyweight,1,0.4222114472155854,2024
34ba7fa3787854789b373bc3,2024-08-17,middleweight,1,0.6046592987224465,2024
1ab2b260997db6bff8202e76,2024-08-17,featherweight,0,0.4331157654427483,2024
4864b0dc32f25c0902026983,2024-08-17,featherweight,0,0.5517659587783456,2024
fe925f7d987d2688da86017f,2024-08-17,heavyweight,0,0.5218206828487151,2024
91cf1c66c0aae10df4f68f3c,2024-08-17,flyweight,0,0.5972378929029379,2024
ae37c7930a26b186f933eb9c,2024-08-17,welterweight,1,0.576563773555106,2024
64bf5b234df82a4717fa37df,2024-08-17,lightweight,0,0.7332171458688376,2024
a8691859c32e637d35c7433d,2024-08-17,welterweight,1,0.4726784821584796,2024
9cef7cc38d059d1f8c348efe,2024-08-17,flyweight,1,0.4913656293328823,2024
806133791825a62697b640f6,2024-08-17,heavyweight,1,0.6001369093929956,2024
e85cd4c789fe17ebf55b166c,2024-08-17,lightweight,0,0.14845774493494354,2024
7871134a09675ac61dce31c5,2024-08-24,womens_strawweight,0,0.3629713977270898,2024
d1b1774c0be9c2a23e1afdb1,2024-08-24,lightweight,0,0.5880587425751257,2024
03f2e0f30d6778d93ed003c7,2024-08-24,middleweight,0,0.4961637419055286,2024
e36fc47ae8ddf929d7d70db2,2024-08-24,womens_bantamweight,0,0.27890456039638706,2024
d27425d0f741578a348cf746,2024-08-24,middleweight,1,0.5285169817164787,2024
7188747cdb0273a5acbad76a,2024-08-24,featherweight,1,0.4344235543520423,2024
47b86263700fd8ef79cea0af,2024-08-24,welterweight,0,0.4206327456702467,2024
a3f643c93410304590071638,2024-08-24,middleweight,1,0.4279678991677263,2024
d5f593ce2352af15183e59e2,2024-08-24,lightweight,0,0.4492030578877827,2024
93204973199b855bffa0e265,2024-08-24,womens_flyweight,1,0.5924845965181992,2024
59d94d1306c4fa0cc5b39666,2024-08-24,middleweight,0,0.4991413210727109,2024
7e324bf197dfe23d87cf3b37,2024-09-07,middleweight,1,0.7909935344497111,2024
098a7ab058cb0919d2754437,2024-09-07,flyweight,0,0.31859539572290435,2024
84bdaaa1b9eacf71f68d786f,2024-09-07,welterweight,0,0.31829913722693076,2024
3687ac6b259d61ee8fdcf7d5,2024-09-07,featherweight,1,0.9767740256023418,2024
520ab8059fa083df9466b8de,2024-09-07,womens_strawweight,0,0.17737321143920654,2024
37543d1d6a400d3e6864fe4b,2024-09-07,womens_flyweight,0,0.4988377308314394,2024
4891c35741f30e491ae624b4,2024-09-07,bantamweight,1,0.6155279587295284,2024
3abd10663dd8be12d13c6cd1,2024-09-07,lightweight,0,0.3555457277918688,2024
05620075d316a20238eb8fd9,2024-09-07,featherweight,1,0.6215015774085507,2024
b76888405cc10f4682091f54,2024-09-07,lightweight,1,0.34289809916642133,2024
fde085a48d0a96f2360b6382,2024-09-07,featherweight,1,0.3865292087784072,2024
45ada03471594e17da40af4a,2024-09-07,featherweight,1,0.4344235543520423,2024
b32a701a44b0d95605d7c908,2024-09-14,womens_flyweight,1,0.6204694746371251,2024
f2ff0c6a9bbd4b5eae926db1,2024-09-14,featherweight,0,0.4411841902327614,2024
09fa80261d93813008aaa022,2024-09-14,lightweight,1,0.49709350694837734,2024
c72915269d9a5169f4bdbe0b,2024-09-14,flyweight,0,0.2036315066850012,2024
3b8c650614dfc5493a3b1bd9,2024-09-14,womens_bantamweight,0,0.36748839481713663,2024
d5a12c28b25082427278edbe,2024-09-14,lightweight,1,0.5319448088331373,2024
d767088f51b6e7714e8d7645,2024-09-14,bantamweight,1,0.6079680811511374,2024
3ec64b31845ac4f1cb2f5a4c,2024-09-14,flyweight,0,0.44463991402647896,2024
75df11c187e283ce3ab3b3de,2024-09-14,bantamweight,1,0.48337769038192246,2024
1288aee9afdb2d374cc3012a,2024-09-14,womens_strawweight,1,0.44956953845633235,2024
245096e15704e2540393d97d,2024-09-28,womens_bantamweight,1,0.4302764067581173,2024
60d8f7e0b676daa7ac15f065,2024-09-28,lightweight,0,0.4126236581063557,2024
7030ef6d4542c58352a49bba,2024-09-28,flyweight,0,0.5238653068647046,2024
6ebd9ffc7a13c46ca71bd8aa,2024-09-28,lightweight,0,0.2848699648657855,2024
3e276600eba4e29cd38e2cca,2024-09-28,light_heavyweight,0,0.31763690453873955,2024
dc350102307a004ad39adb01,2024-09-28,welterweight,0,0.5608024001625509,2024
105253273d1654f9a2beee86,2024-09-28,lightweight,0,0.30990253777960286,2024
50aafa48176dfa0137faaa73,2024-09-28,featherweight,1,0.643583678254765,2024
ab00b1352f514a47b8e37dc0,2024-09-28,middleweight,0,0.5085188357606139,2024
87ccdba10c40f4bdcf843017,2024-09-28,womens_bantamweight,0,0.40889786613364437,2024
88572ee2955c4e9d956110a0,2024-09-28,light_heavyweight,0,0.4740924713143048,2024
7e74c10fa13302f3fb7dd90e,2024-09-28,lightweight,0,0.399620157343239,2024
0c580a243e221bbb34761e5e,2024-09-28,bantamweight,0,0.2771505227592107,2024
c2a55835ec8fc920f3adf40e,2024-09-28,featherweight,0,0.5704247210643222,2024
c1c94449aa8da08edf6e1dff,2024-10-05,light_heavyweight,1,0.7713357384401133,2024
7c56376f5bee90553ebe1f91,2024-10-05,lightweight,0,0.43487563643372823,2024
42c9a2d2c6e47f7150c3c7b8,2024-10-05,womens_strawweight,1,0.35253545261475794,2024
1972bb7a08946b356c1315c6,2024-10-05,middleweight,0,0.5109897221257685,2024
401cf3772c7ad44839360dba,2024-10-05,welterweight,0,0.4575318394301986,2024
57b18397eb6dda68408204e5,2024-10-05,bantamweight,0,0.39589809848297075,2024
144f8ee9b6fd2c722b5d25ce,2024-10-05,womens_bantamweight,1,0.6693364882641765,2024
e443e39fbfefcebc6b107ee9,2024-10-05,womens_strawweight,0,0.5710845531436243,2024
d310221180298a0117347d09,2024-10-05,womens_bantamweight,0,0.5059003595715125,2024
c6f824443fc9c84e876b488c,2024-10-05,middleweight,0,0.6469334255804357,2024
ce5cad2d9a093f6848c1c837,2024-10-05,light_heavyweight,1,0.6481829427693285,2024
1956b00acb148792dba1a315,2024-10-05,welterweight,0,0.26863900553968584,2024
4840224751a56333d055fc7a,2024-10-12,middleweight,1,0.5480415031056232,2024
a727672cc9664edda540ef4e,2024-10-12,flyweight,0,0.7089315650808652,2024
c9b19587d5b0943492e92d4b,2024-10-12,welterweight,1,0.5100774273345015,2024
75c7c56dd807d68045a4386a,2024-10-12,flyweight,1,0.39774792091494826,2024
8e2cca02f188a62e86ed9e5d,2024-10-12,flyweight,1,0.5596746042010063,2024
559c2d014f7fdd130c04416c,2024-10-12,bantamweight,1,0.3610841963339262,2024
b2154563c4e05478fec46f76,2024-10-12,welterweight,0,0.44923501638658,2024
0cb8a11def43b8e9e64a987c,2024-10-12,lightweight,0,0.3460478636656445,2024
a9a12f6db5392e7212061c76,2024-10-12,featherweight,1,0.3363831964722917,2024
da2b4cb4a1dece7e1cddce4b,2024-10-12,womens_strawweight,1,0.621105958685601,2024
6006b5e7b981df4da946cb96,2024-10-12,heavyweight,0,0.3512357906284328,2024
d6fa07076c71693c51694206,2024-10-12,welterweight,0,0.4810416924233183,2024
abcc6a4ab3920f6a692e9eee,2024-10-19,middleweight,0,0.6192767300563387,2024
9e275e378f98707802ff3485,2024-10-19,heavyweight,1,0.4369103662981972,2024
412a5bf196b840083c98f4cb,2024-10-19,bantamweight,0,0.2480938306791383,2024
8109c8b9fae6d7c0aec54bea,2024-10-19,flyweight,0,0.37594622300483066,2024
0971e4c0e50a7ee704277ff9,2024-10-19,featherweight,1,0.40629698415216825,2024
8e8bc92bd61bc4fcf37df834,2024-10-19,bantamweight,1,0.27717189212312454,2024
7f31ec33285ef5018378b5ff,2024-10-19,womens_strawweight,0,0.33919153783499867,2024
f37b3852170b4e3e133af446,2024-10-19,womens_bantamweight,0,0.3584335689285159,2024
79e0b62af359301a3c381318,2024-10-19,flyweight,1,0.5601354024167533,2024
4798c8fae376043513d3f4d2,2024-10-19,womens_strawweight,0,0.5012274915701759,2024
497026b88b1c9f6fe365d724,2024-10-19,bantamweight,0,0.7058549407079249,2024
64b6b3f836693e4882af28cc,2024-10-26,middleweight,0,0.4606469908233717,2024
d083631584ac1c4442af2f54,2024-10-26,featherweight,0,0.3037789177881405,2024
0fb2c51f918d8f2c887a3970,2024-10-26,welterweight,0,0.2797441833739167,2024
4a0a7c62b38099ba662d7540,2024-10-26,light_heavyweight,0,0.3519679371223272,2024
c481a4e5d3c8d48d2a063795,2024-10-26,featherweight,1,0.7837290690166134,2024
e98deb41ebb14639db7c7876,2024-10-26,middleweight,0,0.4020940194681666,2024
8c84124df2963190592ada9e,2024-10-26,heavyweight,0,0.24893643745165148,2024
79fce42379f8108d722fa309,2024-10-26,featherweight,1,0.7229568406019121,2024
df658a10c24790baf29d4ee5,2024-10-26,light_heavyweight,1,0.7618113848743411,2024
c1770a29dd92cea4a6f380c4,2024-10-26,catch_weight,0,0.600442768216743,2024
fa23b82570604d8dd9c63e98,2024-10-26,welterweight,0,0.1351023632667435,2024
39f8f786e1f44eddf18e1470,2024-10-26,middleweight,1,0.7461134337070411,2024
17cb3fa1910244939c601a11,2024-10-26,middleweight,1,0.6186867950455338,2024
f369464f1180832f1d8b7c25,2024-11-02,bantamweight,1,0.5893190428516417,2024
e1741bf2713d935c14028fb4,2024-11-02,heavyweight,0,0.46804473719202866,2024
6025d5b28df7b99fb482dcce,2024-11-02,womens_flyweight,1,0.5403581436431895,2024
55b1b3ca9a1864952fc3a120,2024-11-02,flyweight,0,0.42535317832784036,2024
88f856cc39f5020603b0cb4d,2024-11-02,light_heavyweight,0,0.5895201913199347,2024
1f3e2215dc098945c449f796,2024-11-02,bantamweight,1,0.49327355153766056,2024
fcff3a20a805946dcbc5b1f1,2024-11-02,bantamweight,1,0.341707779650197,2024
abebc636424c238657d451dd,2024-11-02,womens_flyweight,1,0.3501339342797326,2024
4ac4778bb7788aaec05d064c,2024-11-02,featherweight,1,0.3908701986639972,2024
6baeb93f8c6f6b9bd33db412,2024-11-02,womens_flyweight,0,0.47468064049570236,2024
dcc9895cbd8b3c0b07f46767,2024-11-02,middleweight,0,0.559996137028961,2024
671290c0c6844812078884b0,2024-11-02,welterweight,0,0.3823540579548955,2024
c56faacbd23e859d15f773a4,2024-11-02,bantamweight,0,0.48074914197926466,2024
775087a13644ddbfe20dc426,2024-11-09,bantamweight,1,0.4645941230992428,2024
1019552fdbf1a6c9ac7389ae,2024-11-09,welterweight,0,0.20209870791668136,2024
0e948b30e911a8028bcd9511,2024-11-09,bantamweight,1,0.411880732351507,2024
4fa91a1cfb6740cb784e067a,2024-11-09,middleweight,1,0.1941407481618273,2024
82c4427e3f9514cdeb328735,2024-11-09,womens_strawweight,0,0.4853289980127862,2024
4493bfb4dc8c9613ac38e90c,2024-11-09,womens_strawweight,1,0.6446719907347744,2024
3a681fdfbe596d2fdcae3f62,2024-11-09,middleweight,0,0.4493483671608634,2024
6b3506aa31679bb23befa70d,2024-11-09,welterweight,0,0.5338394653087204,2024
c3c4de6fa97914db9f9aff63,2024-11-09,womens_bantamweight,1,0.4475825014049225,2024
1977ecf38fd0fee16b089735,2024-11-09,welterweight,0,0.3677078709286457,2024
97dc41469e9c9287cb5fd305,2024-11-09,middleweight,1,0.5420030943535575,2024
043847b8441b879d0f429697,2024-11-16,welterweight,0,0.34318107278131194,2024
4167d3f6070971c8b9d1fde2,2024-11-16,middleweight,0,0.27696215701341054,2024
9f92f3cfd66a55be8006ffb2,2024-11-16,lightweight,0,0.33625950312360675,2024
54cc8d7bd582e5171cc7f70b,2024-11-16,lightweight,1,0.7094147253395736,2024
bce7b7de58b92db963e36818,2024-11-16,lightweight,0,0.7366356303147221,2024
3e7b3ef93a01e95602563df6,2024-11-16,heavyweight,0,0.11024479553288369,2024
fa0177ce9126280f55a43082,2024-11-16,bantamweight,1,0.31758555398543775,2024
b5c28155a6e12ff7a5ce6f50,2024-11-16,heavyweight,0,0.3051150327874311,2024
03e4a0968b9c873a3c75fe66,2024-11-16,catch_weight,0,0.23308097290618054,2024
017db93038090457a9f2ad7f,2024-11-16,welterweight,0,0.5624032354556882,2024
a7c487f94464423d6463a35e,2024-11-16,womens_flyweight,1,0.44860878869993015,2024
46332285a7b69c9d2a12da53,2024-11-16,womens_flyweight,1,0.42504543396329697,2024
8811b8fcd2100494af6f8cd5,2024-11-23,bantamweight,0,0.4344235543520423,2024
1c95d96871ede2553b9ef069,2024-11-23,flyweight,0,0.4344235543520423,2024
c23bd1c8a9009f9e2aa0618e,2024-11-23,flyweight,0,0.4344235543520423,2024
b6619e5bf2b8cb1dcad50e13,2024-11-23,lightweight,0,0.4482987534102183,2024
e18d6be41f88d838a0ea1d5a,2024-11-23,flyweight,1,0.5577694039969135,2024
bd0443c550f1a30b6b7d0b7f,2024-11-23,bantamweight,1,0.6283321373252112,2024
0ff5951760ba7570bb749166,2024-11-23,womens_strawweight,0,0.434077256272461,2024
c6ef3b68243861a699dbc860,2024-11-23,welterweight,1,0.6734569257783583,2024
958a5e46c9010601ebb8d398,2024-11-23,light_heavyweight,1,0.6047707793019619,2024
77418b65aac3f975237beb9e,2024-11-23,womens_flyweight,1,0.34161658537895917,2024
8d8a818c9f17c009e3b85bf9,2024-11-23,bantamweight,1,0.42664770955798037,2024
4a920eff3f6c4c24152c2d9c,2024-11-23,womens_strawweight,0,0.5908596903950953,2024
ab152d7ea0e03fcd72fe5e3e,2024-11-23,light_heavyweight,0,0.37909395063472096,2024
8bec3556efa0aff00fc6942a,2024-12-07,flyweight,0,0.22118148337547242,2024
9635f631a62e6cac838fac30,2024-12-07,featherweight,0,0.14402406198224318,2024
0304da4371ba534498bbfa00,2024-12-07,catch_weight,1,0.234923878055717,2024
b7f0d52ab8dd1cb8f75d38c6,2024-12-07,heavyweight,0,0.3501340573742177,2024
228014fdd9ac575ec9d83932,2024-12-07,lightweight,1,0.8994082803238187,2024
b17d607483172d5ebfb86b98,2024-12-07,flyweight,1,0.6594562814506535,2024
5fcd9b73e591e02031a00a9e,2024-12-07,light_heavyweight,0,0.5385525260182471,2024
3e73e0845cfe08a1abaa6d7f,2024-12-07,heavyweight,1,0.6073453377017148,2024
034ec1f2c225729b14c0dfca,2024-12-07,welterweight,0,0.46335049050182053,2024
ba2176c71f65397aaa94d50a,2024-12-07,featherweight,0,0.33420639447943257,2024
44dbc5139ac2ed24c255f5cc,2024-12-07,featherweight,1,0.5940355952704691,2024
9f2b7751f55b139930a7745b,2024-12-07,welterweight,0,0.5732211986341887,2024
23e3d1acad9c979ed26efd91,2024-12-07,welterweight,1,0.5642797479007716,2024
2bee7e4cb43cb0eed55b0645,2024-12-07,welterweight,1,0.40783931387747224,2024
f0b0735efef392fe0658fcdb,2024-12-14,bantamweight,0,0.40118449686960744,2024
bec4c121d2e352da409b0252,2024-12-14,welterweight,1,0.5543247215100036,2024
7915719a146e85eb8bf4ac4e,2024-12-14,featherweight,0,0.581636812063662,2024
7b9f48d7590f393ee2bc937d,2024-12-14,bantamweight,1,0.5055671715165913,2024
14139c465fda81dd1f24724d,2024-12-14,lightweight,1,0.6023979974203052,2024
ee992fcfb2c3ec848b22bf51,2024-12-14,womens_strawweight,0,0.5253014137631588,2024
a4bd67e5bf952f768ee5f2d7,2024-12-14,flyweight,1,0.6332886427489752,2024
3d0468e9f5fdbbc6bcf4b92f,2024-12-14,lightweight,1,0.5374702377006805,2024
8545cb07c6efcc3f4da59517,2024-12-14,featherweight,0,0.46700699049164446,2024
01916ac920a0f4fd7230f3cb,2024-12-14,womens_flyweight,1,0.6764017295074719,2024
282c2ae10a81491eae36a47a,2024-12-14,light_heavyweight,0,0.5250807636689856,2024
92bbcef9c67dd1b7eb6c690e,2024-12-14,featherweight,0,0.27489898138641206,2024
1fcccda17da14ab9603a0f66,2024-12-14,light_heavyweight,1,0.4245353113488483,2024
