fight_id,fight_date,weight_class,fighter_a_won,probability,year
26b46336baf995109799d0e8,2019-01-19,lightweight,1,0.4642973318586323,2019
38913c7a553efd0ea27c4ce6,2019-01-19,light_heavyweight,0,0.5298675020116286,2019
8126ece57175e39d22722e5b,2019-01-19,welterweight,0,0.6425731308337322,2019
fb232738136fb41408e97318,2019-01-19,bantamweight,0,0.26652934436225817,2019
cbce63c7e16d47b29e74d88a,2019-01-19,lightweight,0,0.38462330596055055,2019
9a7c75d28b2227d353ffee0b,2019-01-19,light_heavyweight,1,0.3410265750882948,2019
ed17d601382b0e1ee5f25834,2019-01-19,heavyweight,1,0.5207373051294857,2019
5678ee79359ee825af2c6cf6,2019-01-19,lightweight,0,0.2561532597080631,2019
25a9c1526fc208e6c7fe38c0,2019-01-19,flyweight,0,0.5638350462991112,2019
7c630f0caa70766b4c9772ba,2019-01-19,womens_flyweight,0,0.1881568531297462,2019
16e5b4cb10bf8316f059f140,2019-01-19,flyweight,0,0.4978995564805493,2019
e290c1a53b53c40025a2f302,2019-01-19,welterweight,1,0.5811938232290957,2019
24cb0110e15bf9500f3a20ae,2019-01-19,womens_flyweight,0,0.4317392165628269,2019
8efd36d5f3360c4d96328383,2019-02-02,lightweight,1,0.47029690565891963,2019
414613fb990b2e1f8744a998,2019-02-02,welterweight,0,0.4500523014488288,2019
1b0fda4335818f786b8d6f2f,2019-02-02,featherweight,1,0.4332716470813759,2019
1953db6fe5b9744c1843dd12,2019-02-02,light_heavyweight,0,0.2913217638048286,2019
1cd6203b9577bfd25372eb22,2019-02-02,featherweight,0,0.7122818268798452,2019
22cbf1de4862c931b9f97a10,2019-02-02,heavyweight,1,0.5696305563456857,2019
7342c697833ab7bab79bea3e,2019-02-02,womens_strawweight,0,0.32517994787909166,2019
f0a78186a92cdad28af6e943,2019-02-02,flyweight,0,0.7336041391966428,2019
4523cf854ff48df6d66ba36f,2019-02-02,womens_flyweight,1,0.543158687133422,2019
34446cbf52a1732388aac036,2019-02-02,middleweight,0,0.697623466770111,2019
5467de70ec0bbfc6ea3f127e,2019-02-02,bantamweight,1,0.7349090638843501,2019
15c9bca416c7204a3b9a9692,2019-02-02,bantamweight,1,0.37233179825162926,2019
f50a16321d311cfb1f168e8c,2019-02-02,welterweight,0,0.5885836055878991,2019
1d74549a59fbd93e268d0046,2019-02-09,lightweight,1,0.6491324660063693,2019
e4525ba53a52b5b0857e967c,2019-02-09,lightweight,0,0.18710853329058358,2019
896c12a96bf1da79303bc533,2019-02-09,middleweight,1,0.8519733908208952,2019
fcaa078b4857c278dceb747d,2019-02-09,light_heavyweight,1,0.4184245165610168,2019
b253a6a048ba0dd83a41d3a3,2019-02-09,flyweight,1,0.4519579084909649,2019
4c10bda573f8c01d3c440405,2019-02-09,lightweight,1,0.7672407517195785,2019
5fe9e229550df4983795b5be,2019-02-09,womens_flyweight,0,0.39876643026533337,2019
5ad3dfcbceb50baabf4a06f1,2019-02-09,bantamweight,0,0.47631983552915685,2019
19c65e9f1f86ac03182841f4,2019-02-09,featherweight,0,0.2355681925381283,2019
b320535a9010e893cc6fe892,2019-02-09,bantamweight,1,0.6892842035146736,2019
ca6f6af371cc512b6d1734d5,2019-02-09,bantamweight,0,0.5713176730209526,2019
fb545f795d0e191fdab5bb79,2019-02-17,womens_strawweight,0,0.4996435601859039,2019
3a7293241a2a807fa182f6f5,2019-02-17,featherweight,0,0.4399378722843242,2019
90e1f32d8c4d591b474fd0de,2019-02-17,featherweight,0,0.6307803305724103,2019
3038757c3f23bac29c322002,2019-02-17,womens_flyweight,1,0.5634071643877578,2019
c015f09a4e1bf33ced9384e3,2019-02-17,bantamweight,0,0.5636857153025873,2019
5891d36900849c98a50352f1,2019-02-17,womens_strawweight,0,0.26948646068363447,2019
6959921b10f78a71e64300e8,2019-02-17,heavyweight,0,0.5147755279976026,2019
657a85fc997ba3106e9c502b,2019-02-17,lightweight,0,0.647639478823957,2019
ca78a58998323e4f9fdbc72f,2019-02-17,bantamweight,0,0.38192606970028775,2019
8cc10441cbf2614f8785b729,2019-02-17,bantamweight,0,0.599931589907896,2019
6118a8c78447f0434395fc87,2019-02-17,lightweight,0,0.39522142554761724,2019
38cec55ae4c31d673c6a5cb7,2019-02-17,welterweight,1,0.5586046134195838,2019
9e4bab0c77a4e9c538d5684c,2019-02-23,lightweight,0,0.3589870860778737,2019
e7306a3ff9867fb2e7e85ac2,2019-02-23,lightweight,0,0.23757605871254173,2019
c622965b0bcf635ba617dbb7,2019-02-23,featherweight,0,0.5333978582951696,2019
f6151b74f7346e29cfac2985,2019-02-23,welterweight,1,0.25370943907632104,2019
bb340698ea1e7e4cc05fe35d,2019-02-23,light_heavyweight,0,0.4580458115871095,2019
1f68dad92eb77d22953924b9,2019-02-23,light_heavyweight,0,0.39616943935351345,2019
f20354ebb869644c4afccb40,2019-02-23,bantamweight,1,0.6757071177651076,2019
68976dec066e7619e206ce8d,2019-02-23,womens_flyweight,1,0.5238928410056364,2019
56cbf3ea04dbca631e7d843e,2019-02-23,light_heavyweight,0,0.29868239534755225,2019
097be1f05c2d7e6e94d40303,2019-02-23,welterweight,0,0.7110150942418139,2019
63c32ebc206ee6106b382e72,2019-02-23,lightweight,1,0.3366097106080217,2019
fdd038da2b5f04c16971323a,2019-02-23,heavyweight,0,0.3808625174092877,2019
c89ca4669b8e6877497edfa3,2019-02-23,womens_flyweight,0,0.22721272636861298,2019
1b1fe5662b3d023466c64bc5,2019-03-02,bantamweight,0,0.7049517319590705,2019
947d498d822062457d1e667e,2019-03-02,bantamweight,0,0.38955266513100295,2019
0d13e65dd754b3f1bc58e7b8,2019-03-02,welterweight,0,0.6928746259497127,2019
54daae7c0fa28da8ca71a0f5,2019-03-02,middleweight,1,0.5726028073469894,2019
d15183f063880d7d4e9bbce1,2019-03-02,womens_bantamweight,0,0.38974978663082555,2019
5b92ec9d7c9365ea015380d9,2019-03-02,featherweight,0,0.1977664513824126,2019
e6b1f51548c2ef5176c0c18c,2019-03-02,light_heavyweight,0,0.1334478679350394,2019
a4499ea5511393f5c9bd2dbd,2019-03-02,light_heavyweight,0,0.3742565029551567,2019
593c1b1e6c82dec285a0ca06,2019-03-02,womens_strawweight,1,0.21474997904646362,2019
fb04d1b737f436ebc97b03b4,2019-03-02,welterweight,1,0.6942259204689508,2019
568a7229b4b06a6455408f13,2019-03-02,womens_strawweight,0,0.4925767689003681,2019
75fc305627143c9630ca9bf5,2019-03-02,welterweight,0,0.43864104914467356,2019
818abb53258da411751b41a4,2019-03-09,welterweight,0,0.4873631967765144,2019
2af546ec2d6b95fc63d0c56e,2019-03-09,lightweight,0,0.24758632829236693,2019
58e767357e6d5c8330f66f2f,2019-03-09,welterweight,1,0.6688937913979214,2019
aeb99a1990e3cb523a3641f3,2019-03-09,lightweight,1,0.8370700659435214,2019
57bb3b3ccfd9285941e2f474,2019-03-09,heavyweight,0,0.3979302254348802,2019
e0fd283d4ad215ea9c9ecb5f,2019-03-09,heavyweight,0,0.25508594817494445,2019
91dd9ae4e12f09809b994011,2019-03-09,welterweight,1,0.5180559629476904,2019
a822ba1d485f0fc8ac120f48,2019-03-09,featherweight,0,0.3423931032316231,2019
5b43785643265dac8e96f96a,2019-03-09,bantamweight,1,0.4992091949484526,2019
33db1b31bad9e3c347f5d190,2019-03-09,womens_bantamweight,1,0.5195276749962203,2019
e992a27d67c8e35a59363798,2019-03-09,heavyweight,0,0.21446984793025428,2019
1598348e4d6680280ca7ecb1,2019-03-09,middleweight,0,0.37385409398886044,2019
5793b77c4043eadce8dbc1a1,2019-03-09,welterweight,0,0.5052817945582555,2019
3b895d43f522ada07f4959b0,2019-03-16,featherweight,0,0.438617847096763,2019
6d70742b8f98faa563b821eb,2019-03-16,featherweight,0,0.4958772333653293,2019
ace5bfe86e4b0d6735973199,2019-03-16,welterweight,0,0.532044507514605,2019
353e4c10440a62ea4553e3ff,2019-03-16,welterweight,0,0.6429006129283347,2019
20e86b5d807bb2dc387b78f3,2019-03-16,middleweight,1,0.7656811341884162,2019
f7dfb4e06c955b5b53ddc717,2019-03-16,welterweight,1,0.5982409766155068,2019
6cac406144299eba656c31c8,2019-03-16,lightweight,0,0.7053090633991662,2019
bf87589c5256203f65f72bbf,2019-03-16,featherweight,1,0.22649376029389626,2019
0cc779241aa11d55442d44dc,2019-03-16,womens_flyweight,0,0.2587463693246052,2019
9f29624a5aa95c6c6caf75e2,2019-03-16,bantamweight,0,0.3718441359830269,2019
8f38415a1100e141bbd92841,2019-03-16,light_heavyweight,0,0.7154962779508489,2019
10ac2affd027d19e4dc0a8e1,2019-03-16,light_heavyweight,0,0.628408714650748,2019
e694a2560234a188ae42e974,2019-03-23,womens_flyweight,1,0.2607604963796279,2019
9c5f20dcf4b276ed3c4a12e7,2019-03-23,featherweight,1,0.5839767563449486,2019
de2f47976573bf170793803f,2019-03-23,heavyweight,1,0.5821163422307125,2019
f9b2cc6068c2ae45506e9313,2019-03-23,flyweight,0,0.5558428773161522,2019
6871ce208868dbd843118f56,2019-03-23,lightweight,0,0.6546592217365732,2019
3507718bfe13d92f6054b9ed,2019-03-23,flyweight,1,0.4676489384795854,2019
57da958cc94cc83554eaeebb,2019-03-23,featherweight,1,0.556725349471338,2019
95a795d06d973c01bcfd4990,2019-03-23,bantamweight,0,0.23107703561302825,2019
ab7c36995971e72c6d2cbf53,2019-03-23,womens_flyweight,1,0.5380679972074047,2019
adccd3ef67929e7be8b0fb1f,2019-03-23,womens_strawweight,1,0.4482449271297009,2019
a6ca1f430b5ef469ba343397,2019-03-23,bantamweight,0,0.5220538646838776,2019
d9300b28ce089ff86c099e9b,2019-03-23,welterweight,0,0.5403680571073212,2019
84ee51fdab49a6792b09df2b,2019-03-30,bantamweight,1,0.8709603616521179,2019
b2272144ef0de0d983b37600,2019-03-30,middleweight,1,0.7060247939984226,2019
4d97ae90607b612a50988191,2019-03-30,lightweight,0,0.41887919705192617,2019
477250ca2a15d6683e877e00,2019-03-30,featherweight,1,0.2801025562874804,2019
f3fc62d38088caaf5eec0fe5,2019-03-30,featherweight,1,0.41256874214044426,2019
25a0d90348d39625a4f0314b,2019-03-30,womens_strawweight,0,0.5407362308802102,2019
889f1c72aefbecafdff832f9,2019-03-30,light_heavyweight,0,0.6729716929356746,2019
5396918119ed934b0af80bcb,2019-03-30,middleweight,1,0.684033582116272,2019
9496decacd91b03a238021e2,2019-03-30,womens_strawweight,0,0.4005988340121816,2019
865dd8ea788e2e501a2f6b3d,2019-03-30,bantamweight,0,0.6687347598787744,2019
acba98dfe391a402c7725c1a,2019-03-30,lightweight,1,0.9192902937763187,2019
bce69a101b3313de146183e7,2019-03-30,womens_flyweight,0,0.7101138207934208,2019
12e81505192fb36cefeaab8b,2019-03-30,featherweight,1,0.6449046425979811,2019
3f60dec25b566435df7cedec,2019-04-13,welterweight,1,0.6355144986307941,2019
7e8869149838e8184f1e5273,2019-04-13,bantamweight,0,0.5081357539962577,2019
289890fb9419def12213ee83,2019-04-13,bantamweight,1,0.502632566513321,2019
b784ab0811d40210660ce193,2019-04-13,welterweight,0,0.618813106295372,2019
4ffab5007df4ff7646771e21,2019-04-13,light_heavyweight,0,0.7359059575629869,2019
33ebcc2e07caca97f069be07,2019-04-13,lightweight,0,0.8445057355559425,2019
a7712c32403c49d7bbe8592a,2019-04-13,middleweight,1,0.6386517295284362,2019
cfbe4a97e3e72c4468debf09,2019-04-13,womens_flyweight,0,0.5331886233546612,2019
3ad810f66b297f4a1e28f412,2019-04-13,welterweight,0,0.6065831245123935,2019
5515c14ec2037b702fc825e9,2019-04-13,lightweight,0,0.7915912858724347,2019
e22e3562dae8dfff221df22f,2019-04-13,bantamweight,1,0.6892563646595344,2019
86ba5ba8d5b95634ce58b762,2019-04-13,light_heavyweight,1,0.5290683778742492,2019
1c9726808f14ddd59d42d22d,2019-04-13,flyweight,0,0.4887639577225336,2019
8de90dc8a38f56cfd96d944d,2019-04-20,lightweight,1,0.4152139925032973,2019
b9b4e5d3157c57087a7a77b4,2019-04-20,heavyweight,0,0.41232622335324587,2019
a13f15fd4cc899207fc13e71,2019-04-20,light_heavyweight,0,0.2570959816267553,2019
663b41c840a325072588a36b,2019-04-20,lightweight,1,0.7952009057719278,2019
1b6f229338f50db52565e59c,2019-04-20,middleweight,0,0.3428327871029657,2019
815560d234b6ccedda48743e,2019-04-20,lightweight,0,0.5104413175112621,2019
91f5f9dbe58e9a59f5f3a499,2019-04-20,heavyweight,0,0.6929614843420894,2019
f973994e8ab6d25d2f5f2c88,2019-04-20,featherweight,0,0.5174243063056612,2019
af7c348666716dc73218dc9a,2019-04-20,womens_flyweight,0,0.646182223558152,2019
7bb40837872b53468491b077,2019-04-20,heavyweight,1,0.5053079406859565,2019
7b6b18993ce6ee3086c6f10e,2019-04-20,welterweight,0,0.6753424697215712,2019
5f2baffa9f9e18070dd69e1d,2019-04-27,welterweight,0,0.593884951457016,2019
b031eded632dd94461f4a954,2019-04-27,heavyweight,1,0.5874285225998206,2019
915cc3326771dcb5012f05cb,2019-04-27,womens_strawweight,1,0.6722914046252028,2019
cbe370d6e9437f7454094401,2019-04-27,welterweight,0,0.36562031870205414,2019
a3f24c5dfdbc1c1cb8b01ef2,2019-04-27,womens_strawweight,0,0.31419648904992553,2019
3f0c08354e145c02110fd0a2,2019-04-27,welterweight,1,0.2921119782849699,2019
6f066ff33c959ab559b7a1cb,2019-04-27,lightweight,1,0.6219601507042452,2019
cf0c668767f8f59b49b1d46b,2019-04-27,light_heavyweight,1,0.44207828189305776,2019
d7a529c7a59a0342b202024e,2019-04-27,heavyweight,0,0.2717851891224482,2019
810334f59f27e21035e1f127,2019-04-27,middleweight,0,0.3674147203868995,2019
56ca651437d7cc1d573c3970,2019-04-27,lightweight,0,0.7358871348264591,2019
64e530283564ae1339632e0b,2019-04-27,bantamweight,0,0.4940494360151695,2019
734a75344024157915995e4a,2019-04-27,lightweight,0,0.2283095501981116,2019
3a807e46fc597761a9a248a3,2019-05-04,bantamweight,0,0.41268906732497423,2019
4afd8778c789a9d76835ce0a,2019-05-04,lightweight,1,0.5330686418334852,2019
ffc7edb9f4fdd9e856d76689,2019-05-04,heavyweight,1,0.5216472430657988,2019
aa35b011a1662c7027e70524,2019-05-04,bantamweight,1,0.6232100528926179,2019
640f1b8fcbd5c004e9cb36a7,2019-05-04,featherweight,0,0.48392627786549697,2019
3b1a562aa4ebab0784fd7bc0,2019-05-04,middleweight,0,0.610424740677782,2019
1b63ea904ebd2957ee46991c,2019-05-04,featherweight,1,0.6204038357258971,2019
89394eb01e7784b2c428333d,2019-05-04,womens_bantamweight,1,0.4724410931696696,2019
dbedbc64c66202909e1eec7a,2019-05-04,middleweight,1,0.41955880597981093,2019
9e20d5adcc49052c74014626,2019-05-04,bantamweight,1,0.3904809349166068,2019
978214d16c31f8696f47f29f,2019-05-04,welterweight,1,0.5471818165299095,2019
e124311e45865d724207e325,2019-05-04,heavyweight,1,0.3743997360111427,2019
e7073ba5faca0ccac9ce2fcd,2019-05-11,lightweight,0,0.33858040932718547,2019
69669b5e3b46042a05eb0823,2019-05-11,womens_bantamweight,1,0.45112780784889,2019
91bd5d42cc6416e430dd43ed,2019-05-11,middleweight,1,0.7483407859667298,2019
4afd58b0d8a55895c868a02e,2019-05-11,featherweight,1,0.6171334457780351,2019
81a04e8caf79fb727607d237,2019-05-11,womens_flyweight,1,0.6715040973988126,2019
10d59155db6aa78a1427c454,2019-05-11,bantamweight,0,0.40952437288638455,2019
9249808c94f3d6dfdf9af36b,2019-05-11,light_heavyweight,0,0.2518187097204772,2019
6c73f1b4fdd41c4e4e6654da,2019-05-11,womens_strawweight,1,0.6233426783561208,2019
d89982d834ee44a1b667b66f,2019-05-11,womens_bantamweight,0,0.49549644829179224,2019
8296e0d578cb9314c68eee1d,2019-05-11,welterweight,0,0.5136550614216028,2019
365fefe34135160ec5455d1f,2019-05-11,lightweight,1,0.5896817688867549,2019
6cec7d8a2c1e3df9f294b43a,2019-05-11,welterweight,0,0.4498990032881179,2019
363d78001101e6229c0a2b0a,2019-05-18,middleweight,1,0.5718687193961063,2019
3f0251bc27145aab23db9546,2019-05-18,womens_bantamweight,0,0.356008596782525,2019
50d9e85f3686903269809172,2019-05-18,lightweight,0,0.3108725843043042,2019
7d905c953ba73d1a68ead277,2019-05-18,welterweight,0,0.6029565033049328,2019
6bc2a392929414c465042a48,2019-05-18,lightweight,0,0.299625736272067,2019
0f6484b736a7f3cc7aba63cc,2019-05-18,lightweight,0,0.15118386157563105,2019
db76119921bdd0ed497b32f1,2019-05-18,featherweight,1,0.6643860236216339,2019
33c355ad10b62e7d1de78d9c,2019-05-18,womens_featherweight,1,0.5287577829505066,2019
bc3a021cd3cf61e555021000,2019-05-18,featherweight,1,0.5343318812740365,2019
3c180878faf99b21bf865fd0,2019-05-18,light_heavyweight,1,0.4516988496142722,2019
ca96343028b62aeda9c60fe9,2019-05-18,welterweight,1,0.34911195519641547,2019
2a18e106ad1da3effa28ec4b,2019-05-18,welterweight,1,0.7804656612666049,2019
05e89105390245833a6794d2,2019-05-18,middleweight,0,0.6003841395247516,2019
e79d9d724c1b4f49a9c151d5,2019-06-01,light_heavyweight,0,0.578302721739954,2019
51130eaae559739d2277bccb,2019-06-01,womens_bantamweight,1,0.44234241133174473,2019
376fca1b2417ed080dc55d71,2019-06-01,lightweight,0,0.6665921618678715,2019
6c857bc2b1611cd86b8a59d5,2019-06-01,featherweight,1,0.3888375247047238,2019
b2a972b374869a366d3b02ae,2019-06-01,light_heavyweight,1,0.42688814705286565,2019
9a09782a2c405f04f7df2ff8,2019-06-01,light_heavyweight,1,0.6379278521555597,2019
44f4f36c18cd30f4a78e8d2d,2019-06-01,lightweight,1,0.6159240930554087,2019
c4311f2a96b7cc37340ba09a,2019-06-01,featherweight,0,0.38072484932472717,2019
2fcd04431581330b8a2d18a7,2019-06-01,lightweight,0,0.38162562166972475,2019
0f14442a17f1f00f94f2d4c5,2019-06-01,welterweight,0,0.5204289754848301,2019
7f95ca9ac1c70cd00b0cce57,2019-06-01,lightweight,0,0.6625169134490219,2019
42e3da20fad88525160d375a,2019-06-01,womens_bantamweight,1,0.6347467740662275,2019
bd6e6031555f600f46ab4f03,2019-06-08,bantamweight,1,0.7089558089347171,2019
95939d218a1d60a883da95bc,2019-06-08,middleweight,1,0.45575392876859416,2019
266ee3a1c82efd700b8f5aa3,2019-06-08,bantamweight,1,0.6681434763187547,2019
f07b57e2716471ad3302c0ee,2019-06-08,bantamweight,0,0.4863526516945522,2019
5ef23b9557a9feefb97696b1,2019-06-08,bantamweight,0,0.4085533665378271,2019
3f6311a5a0724f605b206cd2,2019-06-08,womens_strawweight,1,0.6047445294589591,2019
d207301a7745b122f84fef97,2019-06-08,womens_flyweight,1,0.5144755038425958,2019
1e7a85d2f5574c5627c3eea1,2019-06-08,featherweight,0,0.7429872516808833,2019
911a1fa0c445df7f0dd12d7b,2019-06-08,heavyweight,0,0.7166452190030871,2019
3c6aa7bfcdac2bb433f30323,2019-06-08,womens_strawweight,1,0.713294226942296,2019
4e48afdd0e292d5f0e86fabf,2019-06-08,lightweight,1,0.590055443369434,2019
47652b43ae72f5590c7a1882,2019-06-08,womens_flyweight,0,0.28390487986941687,2019
269fbddfdcbebe8e4bdb4b8c,2019-06-08,womens_strawweight,0,0.3809010344444478,2019
ce49a5280ca93930a0ebe85b,2019-06-22,heavyweight,0,0.5794008701904818,2019
41f5e50f9ae0bfaed31ee510,2019-06-22,bantamweight,0,0.42728554099569904,2019
f692e76cf277eacf2a442090,2019-06-22,womens_flyweight,0,0.4267284112154837,2019
72cedfae58fa44321b69b949,2019-06-22,womens_flyweight,0,0.33625616475990594,2019
32ff903f72c4276ea24d999b,2019-06-22,womens_strawweight,1,0.3191262834534176,2019
00c99648f208e0a417e279c9,2019-06-22,welterweight,0,0.5363219854108413,2019
eee1e31c188a74656a5149fd,2019-06-22,featherweight,1,0.5100418782874957,2019
c46941c902fed7bb4392162c,2019-06-22,middleweight,0,0.4290474982353632,2019
b84127a3bd76a5e3ac7aea6d,2019-06-22,middleweight,1,0.8594372112743359,2019
706b7d016d03a32401ae801c,2019-06-22,lightweight,1,0.7753335576884159,2019
739e8e2602d787738477d46a,2019-06-22,featherweight,1,0.3133170085707102,2019
f27c0e087e9ebd1684ff09fd,2019-06-29,light_heavyweight,1,0.50066686217405,2019
50585a029a9751dccfd39bd2,2019-06-29,light_heavyweight,0,0.48349554494312114,2019
dae0a129ff92f092524a386b,2019-06-29,welterweight,1,0.5143516025825209,2019
377c80dc3b6e45e576ef2577,2019-06-29,lightweight,1,0.7640467788351879,2019
59455ad55e5ef93414e5aad0,2019-06-29,womens_strawweight,1,0.3663451354265996,2019
a56c32c93524d245d82d6908,2019-06-29,light_heavyweight,0,0.20421674404046064,2019
8f285887c02290c07814a22b,2019-06-29,heavyweight,1,0.31766823291182783,2019
d2a1e845ca36ee5b8600ef32,2019-06-29,lightweight,0,0.1651969155775346,2019
cbcb6ed7e3c7e95a085b7341,2019-06-29,flyweight,0,0.4689788496015839,2019
f34cc5843d81a39bf53d263e,2019-06-29,heavyweight,0,0.5124958613434547,2019
f79e641c1d4367a70c107e82,2019-06-29,bantamweight,0,0.23429190987903062,2019
53e67f863836aff47b826da4,2019-06-29,lightweight,1,0.4191289270926686,2019
20a121ded841e9e12c1c757e,2019-07-06,bantamweight,1,0.6450967929334955,2019
d2d8539dfdfeaf041ce5823f,2019-07-06,womens_bantamweight,1,0.8437274470767465,2019
3849e7ad93590c82be6460fc,2019-07-06,womens_strawweight,0,0.3396141385043476,2019
396c48ca67f51480545db649,2019-07-06,welterweight,0,0.33825981177564496,2019
6c8c735afb0fb578f594ca2c,2019-07-06,middleweight,0,0.3143251464936767,2019
d3c4e9545585b46a1e37a85b,2019-07-06,featherweight,0,0.2030174284632385,2019
fad6e667536db7ad4137ba53,2019-07-06,welterweight,0,0.7137412896695717,2019
13fece4ed75664de71f4c8a0,2019-07-06,light_heavyweight,0,0.7122520874949414,2019
d0f0ebb34a909f7c5faf6a88,2019-07-06,light_heavyweight,0,0.19835681394666646,2019
5de1539a147642bac02b122a,2019-07-06,welterweight,0,0.31074579417188786,2019
82a761b4999bf1e4b0ed7ae3,2019-07-06,womens_bantamweight,1,0.6097744460908353,2019
c2f52b8c99f2b37b25e37032,2019-07-06,bantamweight,0,0.4205488301498708,2019
0def7c9da3d4db6e32d57362,2019-07-13,featherweight,0,0.3980902427189109,2019
f5fb1ec8c7952cc1c512ffa7,2019-07-13,bantamweight,1,0.4619860604745586,2019
26dc516d4800e957e79c8b4f,2019-07-13,featherweight,0,0.33858340395497677,2019
ac96fd559635b4c7fc75a95f,2019-07-13,womens_bantamweight,1,0.4356936365872071,2019
05ef9aeb915febb76910a720,2019-07-13,featherweight,0,0.6148574607978946,2019
ae0ff18a3c5eee3bc503d001,2019-07-13,womens_bantamweight,1,0.49376116376538276,2019
70ae5877cea9f6b0ba4cccb6,2019-07-13,middleweight,0,0.3414059770500387,2019
588a2bb6b75711c8e2d3461e,2019-07-13,womens_strawweight,1,0.2545483584517484,2019
0570cae799dc63830a762f58,2019-07-13,middleweight,0,0.3615236908295511,2019
945e0d3a9e212876ede075da,2019-07-13,bantamweight,1,0.41605799620340267,2019
1914dbfdf41512962586abae,2019-07-13,bantamweight,0,0.7228510504259542,2019
4c546f42a090e35397ce363f,2019-07-20,heavyweight,0,0.5285031399127575,2019
63961ea6efd64b1b65d34c39,2019-07-20,featherweight,1,0.4532550127450004,2019
477aadc01e427b1389921cdb,2019-07-20,lightweight,1,0.7161224116438799,2019
7af42900e3f80f8ca159c103,2019-07-20,heavyweight,1,0.2903072195783023,2019
bb5283ee8ccec9441f73135f,2019-07-20,bantamweight,0,0.49916810704359604,2019
03e22b6afc8fc3827a3323ba,2019-07-20,heavyweight,0,0.5611666418626619,2019
c39309c4e67ff537333ba9da,2019-07-20,lightweight,1,0.2813022173930601,2019
180e942322ce1a8941b2e39c,2019-07-20,bantamweight,0,0.36893998340761697,2019
af5eec7e9c1abcec258ac49b,2019-07-20,welterweight,0,0.43366785614750253,2019
270ce34d482903a677fa17bf,2019-07-20,womens_bantamweight,1,0.4647194890162476,2019
9bb0db9278511eb73cc534e1,2019-07-20,bantamweight,1,0.6084789385988316,2019
58e855604932a7f6ee3f5606,2019-07-20,womens_flyweight,1,0.30368138574743453,2019
6270c7e6a13d39f8b0f428ab,2019-07-20,light_heavyweight,0,0.5522698523578988,2019
12ec13ec46af056c14efd03e,2019-07-27,flyweight,1,0.4779821049915488,2019
1c6e856edd4101a3e500ec8f,2019-07-27,womens_flyweight,0,0.2964280679770964,2019
51addb9d2b6072ced811c9b9,2019-07-27,womens_featherweight,1,0.6807656083671147,2019
73b3d43d2c49d35aeaea8904,2019-07-27,welterweight,0,0.4163485643903404,2019
05ed2239b2ea0fb046bfd3fb,2019-07-27,featherweight,1,0.3740396608547153,2019
1295b55d2553494251bde142,2019-07-27,welterweight,0,0.47799557452743324,2019
1880f52d5d8d4a70093be8c6,2019-07-27,womens_flyweight,0,0.41346287030961426,2019
b233c1151e28ec04b24cad4a,2019-07-27,featherweight,0,0.3973002396293471,2019
5f837399e34674ec11a971cd,2019-07-27,middleweight,0,0.2949226792866405,2019
415e552f04f46d6a0dfa2bc5,2019-07-27,featherweight,1,0.7342125348626839,2019
53c5de1fcd5d8fef19be7573,2019-07-27,lightweight,0,0.41147161997347337,2019
6eeac113de6d8be6c115f368,2019-08-03,womens_flyweight,0,0.5943718506615073,2019
37963509a7ad6fe9091a4260,2019-08-03,welterweight,0,0.24183942317189053,2019
3c047e2900cccc1e8b515fa4,2019-08-03,welterweight,0,0.253719705454383,2019
e1fbac640d40549a81a34408,2019-08-03,light_heavyweight,1,0.5791585237232193,2019
545e968860424db391f622ba,2019-08-03,lightweight,0,0.44370492560010594,2019
7201d2665fc7c40e5001a557,2019-08-03,lightweight,0,0.4849159320933977,2019
f1af8880bfb7c5ee39f0e313,2019-08-03,flyweight,0,0.6188327994343362,2019
08c664eb57a74c77d855ffcc,2019-08-03,womens_flyweight,0,0.7128850483822613,2019
3ca76db0b4b30f6617f3dae8,2019-08-03,welterweight,0,0.34028692085640244,2019
d80baaecca990243dba2c73b,2019-08-03,womens_flyweight,1,0.5331127211684291,2019
5a97ee77f95700513db584fb,2019-08-03,lightweight,1,0.7389236771256681,2019
60aaa0218cf8078fe44e068a,2019-08-03,middleweight,1,0.3727843698156001,2019
9bda4cca4c1560bdb475fa12,2019-08-10,heavyweight,0,0.512751173416131,2019
310b054339a286bb1219720d,2019-08-10,featherweight,1,0.3901848803008847,2019
95f9071548c71c8a429b387f,2019-08-10,featherweight,1,0.5697737880486902,2019
bb1f9e584eebc4445533e087,2019-08-10,bantamweight,0,0.5495825428542048,2019
3cfa69ae9469d3e98e6e8c9d,2019-08-10,welterweight,1,0.32960247998482445,2019
eb94bf7c64b05cef83a337de,2019-08-10,lightweight,1,0.5566421679386979,2019
421e881d17b627912cc053c2,2019-08-10,middleweight,0,0.6350313951345572,2019
40ad55cf214d324d07ce2773,2019-08-10,flyweight,1,0.25172100411301684,2019
6cad3824255a247586943eda,2019-08-10,womens_strawweight,1,0.48890329749576433,2019
366b24077b4b12afdda7f906,2019-08-10,womens_flyweight,0,0.2320177447070775,2019
82a161559110934b283287e8,2019-08-10,womens_flyweight,0,0.5720782372916212,2019
cafcc1a7d6eeee7dcac87f0c,2019-08-10,welterweight,0,0.5612786681528013,2019
6bb4c1091c82f4a64ed209d1,2019-08-10,light_heavyweight,1,0.5020821984339077,2019
952d0f85baf48e580adfcbf9,2019-08-17,welterweight,0,0.43185719326477984,2019
763b7021eda95cec160668cd,2019-08-17,lightweight,0,0.5129477249426109,2019
632ab47f31caa99776bafd3a,2019-08-17,heavyweight,1,0.4952832999262253,2019
b14af30ec1b703032b1c7ff8,2019-08-17,middleweight,0,0.6021641443874662,2019
2bfe269c743b9b99bdcb7bec,2019-08-17,lightweight,1,0.08294771147531911,2019
fb841bfbd302bdfd92f09af9,2019-08-17,featherweight,0,0.6097080532287508,2019
5d4a75be3c772b6777d6965e,2019-08-17,womens_strawweight,0,0.46803595952459154,2019
8b43d370f9a95a04823b6e21,2019-08-17,bantamweight,1,0.6647317322747034,2019
2f96645259048f7ffc5e87f2,2019-08-17,catch_weight,1,0.43779981206215773,2019
a412d12faf803a97f8b5fa87,2019-08-17,bantamweight,0,0.33772899063590855,2019
f17d329e8a8236283607fb66,2019-08-17,womens_flyweight,0,0.27590168271478516,2019
dc588caaf4e23b17b9b88f93,2019-08-17,middleweight,0,0.7200410083168829,2019
1f035f3330e22fa82d2a3650,2019-08-31,bantamweight,0,0.5260075531758093,2019
42555d1e8ce3c6e9f80f494b,2019-08-31,light_heavyweight,1,0.5260075531758093,2019
1cd17e7a1ac6a13856b412fd,2019-08-31,lightweight,1,0.3370354142451173,2019
4b6daf2f0a633140483ed5fc,2019-08-31,womens_strawweight,1,0.4153889419096806,2019
dac218cda6b12fbf0566e953,2019-08-31,middleweight,0,0.4366479888954764,2019
974033b9c21272ecc210e47a,2019-08-31,flyweight,0,0.35624407525234236,2019
d656d282c41d79f44960517d,2019-08-31,womens_bantamweight,1,0.5298675020116286,2019
b4c018c81b8c2840fc1bf217,2019-08-31,welterweight,1,0.47840776346662417,2019
691194a03c43b9ec74c25c51,2019-08-31,welterweight,1,0.6531051487211993,2019
5ef647d5242d0fc21e037ca7,2019-08-31,bantamweight,1,0.37748618695365055,2019
3438a2f8e2061a5b3df0345f,2019-08-31,womens_flyweight,0,0.7223749504342557,2019
5fd241c02070d9383973e1ad,2019-09-07,welterweight,1,0.7303791412377649,2019
dfa8aa41ae70e1bc02b18c64,2019-09-07,heavyweight,0,0.17018389581968993,2019
d18690fc6b502d5e9828c33d,2019-09-07,lightweight,1,0.3640736202563406,2019
5c4bf8f13e687607837641d0,2019-09-07,lightweight,1,0.40780173614151816,2019
a12f553a4bb3b6a0bc62f10c,2019-09-07,lightweight,0,0.36758705132261543,2019
a6bde13c4fa732a086109c6f,2019-09-07,womens_flyweight,1,0.46205705382775697,2019
8809a86b0765331ee3046ba8,2019-09-07,lightweight,0,0.21006189030912145,2019
218ed25044345f0da0f1ab68,2019-09-07,womens_bantamweight,1,0.3022524984607515,2019
4b5abc9b471d257e26814621,2019-09-07,lightweight,0,0.591106751444403,2019
88104c3216b870a94d094b52,2019-09-07,welterweight,1,0.4978972109625122,2019
81f7b94567c3becf57b7c480,2019-09-07,middleweight,0,0.39217143615493,2019
4fa13ee966e6f925309146f9,2019-09-07,lightweight,1,0.4408772235192971,2019
a24c84449925d91244224459,2019-09-14,bantamweight,0,0.5441138648500995,2019
76b09b1ae45fb9768ca9f02d,2019-09-14,featherweight,1,0.40919850003705044,2019
d52f32b4c96395db88e3df3c,2019-09-14,bantamweight,1,0.17606412593603807,2019
cdebef1ad84897fe6e52dab4,2019-09-14,lightweight,1,0.40485268985187534,2019
99a1382d0f54f8b36ae0f1a1,2019-09-14,light_heavyweight,1,0.41981198242990336,2019
4657001db77127f01637d1aa,2019-09-14,lightweight,1,0.7068503635564743,2019
cf978a340d3698c46fd69095,2019-09-14,bantamweight,1,0.5680769151463008,2019
1a3fd89ca750799e7e003f98,2019-09-14,heavyweight,1,0.4638838269979579,2019
43c10df3159c502c6de89daa,2019-09-14,welterweight,1,0.25847953098961063,2019
7090bee0551cc8931473357e,2019-09-14,light_heavyweight,0,0.4775127339905659,2019
3bda414f1341d69b2f6bec1e,2019-09-14,middleweight,0,0.5482822250358957,2019
e675a50c92e763e9dbfe4d39,2019-09-21,womens_strawweight,0,0.48530974144812633,2019
63e3f55fc8b51d57700eef35,2019-09-21,womens_strawweight,1,0.39403979896897195,2019
307855e3460d7f7876deadf3,2019-09-21,lightweight,1,0.681306196755919,2019
a02b51f27087befa1a1128b4,2019-09-21,womens_bantamweight,0,0.5385993189110717,2019
6c639d934a292ba8bc90c07c,2019-09-21,bantamweight,0,0.3288227428324194,2019
aac3548e1e8a354304ee6db9,2019-09-21,featherweight,0,0.6577343203777553,2019
87ed37dfa7f497b5f77d6e30,2019-09-21,featherweight,1,0.43350383149535904,2019
3cc89087f0c0ce6f6e5675ad,2019-09-21,flyweight,1,0.7471804655614865,2019
1ba523d6ccedc31871693413,2019-09-21,womens_bantamweight,0,0.6190947869012988,2019
47758d29bd662b3fd1939d7f,2019-09-21,light_heavyweight,0,0.21589934268402544,2019
4c5ca474ab0b5ce8ca07a033,2019-09-28,middleweight,0,0.7026531627348815,2019
2ef6cc622d891b2f47cc02a3,2019-09-28,middleweight,0,0.40128156788154823,2019
c24762d1540afc7892a6a11f,2019-09-28,featherweight,0,0.5617274955379091,2019
a74f028feadcc12f9e059d34,2019-09-28,welterweight,1,0.4688820703741627,2019
58043915ba1655663c54db19,2019-09-28,light_heavyweight,1,0.6730306317094635,2019
24165e221c133e0f8521184c,2019-09-28,middleweight,1,0.2970249896690295,2019
db9cb586eea9be24aa022a81,2019-09-28,bantamweight,1,0.4199123465942156,2019
c563a8cbab69fdedc2ca6293,2019-09-28,womens_bantamweight,0,0.7507144206777872,2019
2e2ac3805ce6106ac7b08c39,2019-09-28,lightweight,1,0.5270446939569077,2019
1badb9e1370a7f530b41dad9,2019-09-28,lightweight,1,0.29823137351441137,2019
2667de7839876ddd18c5922f,2019-09-28,light_heavyweight,0,0.5087112695362027,2019
838f2253c05f15ea4d21c1bb,2019-09-28,welterweight,1,0.2292472932843069,2019
fceb01a3e6afb83d628ca021,2019-09-28,welterweight,0,0.15480636829782682,2019
300838f93508ed30e50c5104,2019-10-05,lightweight,1,0.4320796582007282,2019
0cb55ec63b83f5626f97c769,2019-10-05,lightweight,1,0.42082226861053723,2019
c9b3790271aba99a0f5d563f,2019-10-05,welterweight,1,0.39012426609653666,2019
59503950de9880dde6cfbd9a,2019-10-05,welterweight,0,0.2861790432060569,2019
2efe952bc9906d2d8ee63d99,2019-10-05,heavyweight,0,0.5336876287979333,2019
03bdb3f550d8728b99736cb5,2019-10-05,welterweight,0,0.4146190350925395,2019
60a4cca6160e77a434c836eb,2019-10-05,womens_featherweight,1,0.4113324020851566,2019
7a45e3425d11cee03efad9d2,2019-10-05,womens_flyweight,1,0.5139761593039007,2019
b31117cda02191539a7b1042,2019-10-05,middleweight,1,0.5852942780505512,2019
1541bbe0810786a062a2ed75,2019-10-05,heavyweight,0,0.84934408331885,2019
47228cf03cd4105dd977ba6d,2019-10-12,featherweight,1,0.49432285573026624,2019
65e84e21f699586e3aefedd3,2019-10-12,flyweight,1,0.5320988734082726,2019
3d03b631b4587e1ba05b7567,2019-10-12,middleweight,1,0.41800904251075577,2019
c1e628e157c0b3b603970990,2019-10-12,womens_flyweight,0,0.5275246416104846,2019
b8d46870926615857be3f630,2019-10-12,womens_strawweight,0,0.25813231243025486,2019
eb864e622ea92270ecef192f,2019-10-12,womens_strawweight,0,0.29690589711924575,2019
85c6d7ac2b40e91bd0e22ab6,2019-10-12,bantamweight,0,0.4805958401628476,2019
5f52782a6aa56ba0f3a97b9b,2019-10-12,middleweight,1,0.691544415445529,2019
c1512c7e186a2ad2d9405660,2019-10-12,lightweight,0,0.5898874679897003,2019
277f3f3cb03bddbb79f8c1b5,2019-10-12,welterweight,0,0.5386942684351816,2019
845f9a197d8e4dbaeffe8afc,2019-10-12,welterweight,0,0.4492541670207024,2019
9c76094ff9dad4b08a83fa97,2019-10-12,lightweight,1,0.5942090838602514,2019
a22737adaea8f3c24329fca1,2019-10-12,welterweight,1,0.40305546819252436,2019
27e1fa1e0f0a4ed7fd4da048,2019-10-12,light_heavyweight,0,0.5078871978961337,2019
ca0cd07f144ce35471f77fe5,2019-10-18,middleweight,1,0.316393456645183,2019
43a68b57b8ea07e036eda841,2019-10-18,featherweight,1,0.4002177217270478,2019
e0354f103924591f691cb6e6,2019-10-18,welterweight,1,0.5383149603619812,2019
23340c1c1beee7c9694fde06,2019-10-18,heavyweight,1,0.5143394465226231,2019
855a0f86334b84d5802b5b3c,2019-10-18,middleweight,1,0.4110179653838751,2019
4535cc5c754f6cfab853349d,2019-10-18,light_heavyweight,1,0.5216421440045267,2019
312e5a705d9ea69f9304369e,2019-10-18,lightweight,0,0.8115364432943694,2019
dd1a5c0133b77b445e4da39d,2019-10-18,featherweight,0,0.39307510794457146,2019
924db0cc13ef377747acd751,2019-10-18,womens_flyweight,1,0.565725345658404,2019
1cbc40e89a4a3808ac58a6b2,2019-10-18,womens_flyweight,0,0.34193696893870906,2019
8017582ad0a64b3df2a1b1f1,2019-10-18,bantamweight,1,0.7670851226811317,2019
0b8035462f110001d74cfccc,2019-10-18,featherweight,0,0.18130945540529142,2019
e547a10b6f576ac5ce766f3b,2019-10-26,lightweight,0,0.4658477581514471,2019
e3e811b0d565e05ccc653f76,2019-10-26,heavyweight,0,0.3826443477976157,2019
068191c5ec0442a5f327a13f,2019-10-26,welterweight,1,0.5963953442688809,2019
a36870d79a38bac025ca994f,2019-10-26,featherweight,0,0.2518061152129265,2019
f0d2710e45778380c740e9a9,2019-10-26,lightweight,0,0.19550258028051506,2019
0d3c456a7272d86e8ebbb604,2019-10-26,womens_strawweight,0,0.380872912628797,2019
ec961ddbd1b2a583933bf1c7,2019-10-26,heavyweight,0,0.44277882710914157,2019
747dd08852da9f2fea81933a,2019-10-26,lightweight,1,0.6088702105939703,2019
54365bc0fbf2054909ffb52a,2019-10-26,welterweight,0,0.5689910070424722,2019
3d08ad4aa2e7c798a261b317,2019-10-26,womens_strawweight,1,0.4447824384799056,2019
3c0c040f3ab9eee3625380a9,2019-10-26,heavyweight,1,0.3561051182280332,2019
e493a0b30451a3c7301cdb30,2019-11-02,heavyweight,1,0.43609113418725964,2019
b6ed2b7f241d89a1c2e5768c,2019-11-02,middleweight,1,0.8368146305411888,2019
1179f435dc339904ffba59f4,2019-11-02,light_heavyweight,0,0.4710430798190264,2019
fcd1f11d558f57139634bfd4,2019-11-02,heavyweight,0,0.4534776039909404,2019
b40746bfe9247aa2ab1cf62a,2019-11-02,welterweight,0,0.46803580382592247,2019
9be0b4ced3f43e9b5e0307d3,2019-11-02,featherweight,0,0.45828489931107963,2019
3ef97578ff086342ac3316dc,2019-11-02,womens_flyweight,0,0.43406326492109676,2019
6aac3558b27bea053402a041,2019-11-02,middleweight,0,0.5721075141602134,2019
6bd651e672f1383eaaa3488e,2019-11-02,lightweight,0,0.3820019631890407,2019
bdd7d638521a5220ece47138,2019-11-02,welterweight,0,0.4363111041125783,2019
77040a488134a21632e5e1c1,2019-11-02,featherweight,1,0.4915012158772106,2019
16af1afe443d2d04a0b3004e,2019-11-02,welterweight,0,0.5665925010320897,2019
f936a2e7fe354fd8511c7843,2019-11-09,welterweight,0,0.6395612382762307,2019
1e2f3752f6c52b1f4a02d6b7,2019-11-09,heavyweight,1,0.712008512124031,2019
1a1c5e4865c1d0486f79c7bd,2019-11-09,lightweight,0,0.2417482600861345,2019
640793902348858ab72aa43f,2019-11-09,bantamweight,0,0.36361534246619653,2019
4b1a6b415dfe50f3c9f1dbb5,2019-11-09,womens_bantamweight,0,0.4022335888653188,2019
f0ffe0e3b264df9b5db97006,2019-11-09,light_heavyweight,1,0.2018278681182445,2019
f1793f6ef34da4257673c238,2019-11-09,light_heavyweight,0,0.5153698620890725,2019
31bcc23345e28ba3b19c96e4,2019-11-09,welterweight,1,0.36908185831815143,2019
b9697c6e95b6549c714acf96,2019-11-09,middleweight,1,0.720751626436687,2019
e106bc203bf221eab415c9d6,2019-11-09,welterweight,0,0.4054996188420999,2019
43e49e7eac931187640250f8,2019-11-09,light_heavyweight,0,0.7735402597776261,2019
1f6dc7a779838723b04fdcd9,2019-11-09,featherweight,1,0.7199436961038777,2019
35a1c6a2fd428e45b7ba56ae,2019-11-09,welterweight,1,0.5239258081097984,2019
9c39de42c4252efea5a6c7a4,2019-11-16,middleweight,1,0.5331127211684291,2019
76080b6d4a1730806ca74745,2019-11-16,womens_flyweight,1,0.47131894840329636,2019
ca0ede83403f2550325f5cf2,2019-11-16,lightweight,0,0.40195783530536355,2019
895cdfc1522a784865e69ac8,2019-11-16,featherweight,0,0.6282959928023434,2019
14217beddf84c2e52c742fae,2019-11-16,lightweight,0,0.6229063593470696,2019
353fdcce1036b674908aaa84,2019-11-16,light_heavyweight,0,0.43995095062963663,2019
9da66ec4bb7eb06c55458f10,2019-11-16,middleweight,1,0.5480529117066941,2019
fab55b1d74b0c72834f8c73e,2019-11-16,featherweight,0,0.34457347252091947,2019
0cd8da7c25c1fda31ca49a51,2019-11-16,welterweight,0,0.4025884697529121,2019
3343bf88c488f245111644cf,2019-11-16,womens_bantamweight,0,0.42215150082829567,2019
ebb3391b28a1a863bca84b60,2019-11-16,welterweight,1,0.465241158044153,2019
9dcdaba00e3d7661c2c20a0f,2019-12-07,heavyweight,0,0.4955397557347184,2019
3f0d6005bcf5d8d74d490e25,2019-12-07,womens_bantamweight,1,0.5798860780165077,2019
af619e0f50e39d9a3c707cbf,2019-12-07,featherweight,1,0.39342533460862145,2019
70a295b55866179ccd1d2ba9,2019-12-07,featherweight,1,0.48842689123850924,2019
9f1bc6cac3951396363e743b,2019-12-07,lightweight,1,0.7934772432453033,2019
ae915d199d0a3212d88d4bff,2019-12-07,middleweight,1,0.7218888752028293,2019
b807573eed5a4156c41f13d0,2019-12-07,bantamweight,0,0.5776336782772221,2019
c9a6fbe648a7cc56f81d7315,2019-12-07,heavyweight,0,0.5672997855943853,2019
831cacee5fffa61376db4fc9,2019-12-07,welterweight,0,0.4102628621171232,2019
2138569b556c4d614e8bb628,2019-12-07,womens_strawweight,0,0.3540189485478331,2019
029906e95258805fd3ef5825,2019-12-14,womens_bantamweight,1,0.6880566328522311,2019
d5b4dfb3ff65f3dbb6fca19c,2019-12-14,flyweight,0,0.5564352899972296,2019
ce5217459171cc8b3b06b8a1,2019-12-14,featherweight,1,0.7767287689206952,2019
33e7da705762dd431b060f57,2019-12-14,welterweight,1,0.53860417853374,2019
f66a474497dbfe8160053545,2019-12-14,middleweight,0,0.5410782325862373,2019
e78313114f040c2eb306caca,2019-12-14,womens_flyweight,0,0.5006533438215998,2019
c278d51e7be09fbca132ce23,2019-12-14,welterweight,1,0.6581131790825674,2019
08209dc137ca29ba95d0b9a9,2019-12-14,womens_bantamweight,0,0.41146045705273776,2019
c1ada04837f4f0ae52b28b1c,2019-12-14,bantamweight,0,0.5431925892058476,2019
effa322cf0f61bf8fab0059d,2019-12-14,welterweight,1,0.7556795790267804,2019
f1218bf5097065169418303d,2019-12-14,featherweight,0,0.6189637299022374,2019
aa231dbbda45b913e6c739e4,2019-12-14,bantamweight,0,0.15058775627872736,2019
75abd93d36786b68de733b5a,2019-12-14,middleweight,0,0.6513149035891143,2019
ceb9eb09b6543ade92a2fc57,2019-12-21,bantamweight,1,0.5491553706326919,2019
bc5dec6484ff60b254a2bf9e,2019-12-21,flyweight,0,0.6337580901740033,2019
5e29733544b68ed9577a8341,2019-12-21,heavyweight,1,0.6844382210816514,2019
7d8361c453bd229c2f8ab6af,2019-12-21,light_heavyweight,1,0.5661424676940874,2019
fdfacd8404d0eb95adcee649,2019-12-21,lightweight,0,0.5636478708986185,2019
f9e7b8638de2149e61e51154,2019-12-21,featherweight,1,0.5575304428262837,2019
8a987c4579dbf3e22f1d5ff3,2019-12-21,featherweight,0,0.6628243075709761,2019
b93afc4960a3dbb6e25c0b1b,2019-12-21,middleweight,1,0.43049000194829473,2019
ff575235c773175d33e45307,2019-12-21,bantamweight,1,0.7027776378712816,2019
852967885dda5170546df8c6,2019-12-21,womens_strawweight,1,0.24222231621483847,2019
3443c05c299fb7b8610b44d4,2019-12-21,bantamweight,0,0.6973012070802546,2019
6c4e36c79471be03e79e25b7,2019-12-21,featherweight,1,0.6474519979005687,2019
3b0c3a4939fb8a567ab24b63,2019-12-21,light_heavyweight,1,0.3830744471006491,2019
dbaeff63b18a6d92838f98c2,2020-01-18,light_heavyweight,0,0.32858365398424216,2020
32e3ff4610a5a504ed917afe,2020-01-18,heavyweight,0,0.6611054645332796,2020
1826d3fc74bb2d6ba256950a,2020-01-18,featherweight,1,0.6404754180613386,2020
299419704af40353765232da,2020-01-18,lightweight,1,0.6042270893591941,2020
a1906b428b2b7f692430e2cb,2020-01-18,bantamweight,1,0.5920833492821261,2020
66d951441f61c860a46dd18a,2020-01-18,welterweight,0,0.4069340015459338,2020
049d7f10a2408eaeea36b79b,2020-01-18,lightweight,1,0.33033442077217445,2020
8c49399b3602fc1ea7faab1f,2020-01-18,womens_bantamweight,1,0.31751344536605314,2020
894e5a6b67f8fd390b461dc8,2020-01-18,womens_flyweight,0,0.8144400178015442,2020
31631b1099dedbc551cca061,2020-01-18,womens_flyweight,1,0.7119344788911857,2020
818e4e2f4882a32d5136f9f8,2020-01-18,flyweight,1,0.3907155746373701,2020
535e643e38e6e106255034d3,2020-01-25,featherweight,1,0.6906617445763793,2020
fa88c98e5dae1a9d570d00f3,2020-01-25,middleweight,1,0.7109116169414946,2020
3be9f2fb380b4adfe9142fad,2020-01-25,bantamweight,1,0.46433814369787835,2020
3ceaa0ce879bb7f0a68da029,2020-01-25,heavyweight,1,0.5379153829548926,2020
70b24348fe735b27fba60a92,2020-01-25,womens_strawweight,1,0.44094857387985137,2020
4da0ae30154e9ffeae7d071a,2020-01-25,featherweight,0,0.5296408213383367,2020
2a8739dba9f6bbb8da7160b0,2020-01-25,light_heavyweight,0,0.6918869859510194,2020
f0db58925ab2f01282c6aed8,2020-01-25,flyweight,1,0.7346579362299044,2020
611387fbcb2688d824e09cfa,2020-01-25,womens_flyweight,0,0.5835528041821768,2020
34d2e609fae11eba0361d28c,2020-01-25,bantamweight,0,0.3002849136324795,2020
49c737995706c23811737d45,2020-01-25,welterweight,0,0.37425001943378394,2020
c98a7a3f6e065503e752b443,2020-01-25,womens_bantamweight,1,0.43391422829239007,2020
58f8cedb4f1c4a8acfe97da0,2020-02-08,welterweight,1,0.5098073229239469,2020
f791308687846b968ecb6e0b,2020-02-08,bantamweight,1,0.3965910918485787,2020
45d8c7be4e945420d00361ae,2020-02-08,featherweight,1,0.5580105242532966,2020
a3ce1d91d4f5d48cb71fcfe9,2020-02-08,heavyweight,1,0.6435066883118241,2020
ff6a60aa5038e8415ec8939f,2020-02-08,light_heavyweight,1,0.6639473145944397,2020
e68dbb04527c15178f4140e6,2020-02-08,heavyweight,1,0.4229732550032912,2020
b2b4d0831802f26e83e6ccc7,2020-02-08,womens_flyweight,1,0.3834185863616078,2020
8d68545109734da047569b52,2020-02-08,bantamweight,1,0.4312799488136525,2020
9849cc2855f955fab6058523,2020-02-08,featherweight,0,0.5065523865898375,2020
d1b4cad82cb530a5cf8cacd1,2020-02-08,middleweight,1,0.47749929995584345,2020
1f5ca783acb07145072da725,2020-02-08,womens_flyweight,1,0.7771076012936706,2020
2085d5052f8ce3f92633bf3f,2020-02-15,lightweight,1,0.5776687338924494,2020
8de48a03581e7b5f3ae2d006,2020-02-15,bantamweight,1,0.5052485827528376,2020
bd22d4e2756e0f228a221025,2020-02-15,light_heavyweight,0,0.5605941413830067,2020
c7f13fe85a89872d7c7fdc4a,2020-02-15,light_heavyweight,0,0.1616636978946704,2020
1ff4a3233a4e3de253086d78,2020-02-15,welterweight,0,0.5985330196828477,2020
f8d3fabff42baf18c7e8c6d5,2020-02-15,lightweight,0,0.40534847883402475,2020
52e04780edda9cf0618b9152,2020-02-15,bantamweight,0,0.7817065243552325,2020
828bae559074c156bab9cdec,2020-02-15,lightweight,0,0.4406843768607744,2020
e2092c0a9fda00799fd85248,2020-02-15,womens_bantamweight,0,0.35128550738536973,2020
344da31964fde9819457c241,2020-02-15,flyweight,0,0.4187546669008355,2020
7a47b5bdbb687c1295999f5e,2020-02-15,womens_flyweight,0,0.3622523268058896,2020
e21273dacc8544d24b825430,2020-02-15,flyweight,1,0.5243962266723231,2020
806a30c5a3bc9369c6e1864c,2020-02-15,welterweight,1,0.48106760491309164,2020
3345db9eff688ec37ec0f2f0,2020-02-22,heavyweight,1,0.6019465402174681,2020
405c0a662bf5e5bd6660107f,2020-02-22,lightweight,1,0.49785798559814837,2020
957ee110d743be59ac63bd6c,2020-02-22,welterweight,1,0.5726359880422376,2020
55fc23885a358078ecffc231,2020-02-22,welterweight,1,0.688122987368872,2020
3d852084c8c58ac9c0c3866d,2020-02-22,lightweight,1,0.686276565659936,2020
6d9b24acf3b0a085f063254d,2020-02-22,light_heavyweight,1,0.5544437338483958,2020
7ec2485289f1c9b63a5792d6,2020-02-22,flyweight,0,0.2714380310267644,2020
e4febcd3b9270378b88c2c8d,2020-02-22,womens_strawweight,0,0.4358893746564177,2020
06cda90846ecf341619165c4,2020-02-22,featherweight,1,0.44275846300555316,2020
c081058b8760ebc49b1844fa,2020-02-22,womens_strawweight,1,0.2245546895958689,2020
0a118b568754c03f74e85a68,2020-02-22,lightweight,1,0.748486025381435,2020
e8ddc97cca6d0a5d378ee12f,2020-02-22,womens_flyweight,1,0.44283770650221044,2020
bc05c73c776a23522465fbba,2020-02-29,featherweight,1,0.5871266746121784,2020
67c513c4904f8faedf720155,2020-02-29,middleweight,1,0.5709366332443738,2020
225a42fc041d7b46d5bfaca6,2020-02-29,womens_featherweight,0,0.2849271602513039,2020
12c618f5f471aac6cbe2f559,2020-02-29,bantamweight,0,0.4708251514561633,2020
7c35b87c3259435af9f305f0,2020-02-29,featherweight,0,0.356380285426111,2020
b9199fdaf47f5fe86002cdc7,2020-02-29,light_heavyweight,0,0.4504586163217942,2020
a9d1e14c018c2bd7956f85b7,2020-02-29,featherweight,1,0.5510232806460528,2020
959d009361301a02cd28d861,2020-02-29,flyweight,0,0.6241149888625027,2020
c5b2efe1550d9fc74302f4ae,2020-02-29,lightweight,0,0.21515791921479221,2020
af291c699433bd04d136b64e,2020-02-29,heavyweight,0,0.6585484627772873,2020
0192a4baef7d9bbc35d07b36,2020-02-29,womens_featherweight,0,0.5934446459898941,2020
8233a2bcadaa15eb353a00ac,2020-02-29,welterweight,0,0.7355649921614159,2020
ac32a2ac43ae6ff31c4c058a,2020-03-07,welterweight,0,0.37968465716813665,2020
2994a65fc60a7ebda1abdfd4,2020-03-07,bantamweight,0,0.3732823055653932,2020
4dc37410ffdd722c5c13b647,2020-03-07,lightweight,1,0.5802956576091933,2020
bbd0ec55ec6433a7ed39dada,2020-03-07,middleweight,0,0.30117314784527005,2020
29c5a22950b852875c2d2859,2020-03-07,featherweight,1,0.5480915225637968,2020
fd70dfb0a7f2d8d11002f31b,2020-03-07,middleweight,1,0.7874041600090467,2020
0a2d16d65f1e0a9aa0e5ad91,2020-03-07,lightweight,1,0.7142821357446331,2020
6d49420f915f8986e125d116,2020-03-07,welterweight,0,0.5391956217124911,2020
b8fe0a7b1ff0416078863f66,2020-03-07,middleweight,0,0.4328615013084934,2020
5f2af6f949d46196346c0969,2020-03-07,bantamweight,1,0.478467884381618,2020
49093c389ab04a0502e74269,2020-03-07,womens_strawweight,1,0.5987180622226476,2020
dcbc89946cfd3b60dc2896a5,2020-03-14,womens_strawweight,1,0.7195990835908377,2020
ab4e9d192e4c6a16d88cfa78,2020-03-14,flyweight,1,0.574605664300854,2020
0629e69e4cdef6010afb82fe,2020-03-14,welterweight,1,0.5855413933448633,2020
12fcb4b15eab88cc21a628ea,2020-03-14,welterweight,0,0.6192658870549882,2020
3397e1f912942f4951412964,2020-03-14,lightweight,0,0.476993743911537,2020
0b804ef15016f4701a6c3b27,2020-03-14,light_heavyweight,0,0.33703506363713304,2020
c060ae13226dc57054e79419,2020-03-14,flyweight,0,0.3945969012175458,2020
1f8448a33794600e3b26b116,2020-03-14,lightweight,1,0.31033495418789625,2020
8f283b50bf60f4ca662fb534,2020-03-14,womens_flyweight,1,0.38339232452798927,2020
7171685f49e42fc47e27c391,2020-03-14,lightweight,1,0.7611332138305155,2020
832f4ad5e6462a116d4f8af9,2020-03-14,womens_bantamweight,0,0.5323472632182182,2020
009aa0b869e610f7e796e750,2020-05-09,heavyweight,0,0.6144107075241814,2020
c103c970f04eb87287a0e4b3,2020-05-09,welterweight,1,0.6723737357988148,2020
cedffd9e5eec6ce82f7c101a,2020-05-09,featherweight,0,0.38024116436570277,2020
a0e32d72c7de88f4800dab59,2020-05-09,womens_strawweight,1,0.6407282295181019,2020
ae7dca63a813f4d6c52b1788,2020-05-09,heavyweight,0,0.22616341635734566,2020
f8880f1d649f46e28a73ca8d,2020-05-09,heavyweight,1,0.5747937302180446,2020
5384d7c94e5a0e0f2f57d0aa,2020-05-09,bantamweight,0,0.31300444030776514,2020
b0b04e108bd700e4b9506bb6,2020-05-09,featherweight,1,0.5330054282180176,2020
4e861f89eebf4bd6240193ec,2020-05-09,light_heavyweight,0,0.3796168096523447,2020
da967b755aeebd0969453818,2020-05-09,lightweight,1,0.4694252011368852,2020
5922566ed6339c4bee68789a,2020-05-09,welterweight,0,0.33417469198522143,2020
9327fe46dbb648274dedf148,2020-05-13,lightweight,1,0.2720845075422141,2020
b4e09acb3ef8fb916cd20042,2020-05-13,heavyweight,0,0.5261506987024482,2020
099226a1af8eaad416e33ce9,2020-05-13,light_heavyweight,0,0.4299690862285572,2020
85583e946a1afc739c7971d5,2020-05-13,heavyweight,1,0.3608507570790204,2020
30f7d6f26cdb555e1863bacf,2020-05-13,heavyweight,1,0.5490009316261871,2020
77c3d8ba834acfc857c5d9ad,2020-05-13,lightweight,0,0.6313585570582018,2020
281018bae372254e896f953c,2020-05-13,featherweight,1,0.497710527941027,2020
11a75f048fd5a8ce402d014c,2020-05-13,lightweight,1,0.7784078214672999,2020
eec530344c8a5b1193095b97,2020-05-13,bantamweight,1,0.35378673511415903,2020
fc27e2a2bb4840d583e6af05,2020-05-13,womens_bantamweight,1,0.5211732056928848,2020
56eb0df2ba5e8806fbb8b6ac,2020-05-16,heavyweight,0,0.3717628199319222,2020
4431b6293af599f45ff88ce1,2020-05-16,middleweight,0,0.2977278719242816,2020
2ab2b9f636e1f691e06be87f,2020-05-16,womens_strawweight,1,0.4162663092466949,2020
2013fc705603e4d2d485f766,2020-05-16,womens_flyweight,0,0.5355607591827575,2020
5002aab7fcb128933ec0f428,2020-05-16,featherweight,0,0.26464746548404555,2020
6b06bb42128fb721e64e27d0,2020-05-16,featherweight,1,0.5271146316433245,2020
700c19e5d8072a2eb472243d,2020-05-16,middleweight,0,0.35003100478256577,2020
e484e0ac9450e9273c0358cd,2020-05-16,featherweight,1,0.3440007017713685,2020
ca6e34d9cb638eb1628a7523,2020-05-16,welterweight,0,0.3925406022912493,2020
9a367f827403d6a654fbb184,2020-05-16,heavyweight,0,0.4487992656503051,2020
bc93d93ef97ad802b83b9d42,2020-05-16,featherweight,0,0.3195870840999555,2020
ee05f5ee9431052c10688e3a,2020-05-30,catch_weight,0,0.6405415333999086,2020
4666770439ba8c9851230139,2020-05-30,heavyweight,0,0.4727219553783355,2020
30e2e97fde043513c4e768c0,2020-05-30,featherweight,0,0.3827862121054904,2020
4daf886ecde6eaec42a3a025,2020-05-30,welterweight,1,0.6753809342422114,2020
cab113a35cf2265258613c6a,2020-05-30,womens_flyweight,0,0.555076970233795,2020
1ac169b7d2f5b29552a8b0c2,2020-05-30,bantamweight,1,0.6613801877042955,2020
13b094ecc0ecaf09072cf52a,2020-05-30,womens_strawweight,0,0.42283077112279843,2020
c05df91759ec1c10158435b1,2020-05-30,lightweight,1,0.7868642613042842,2020
50b9b416e5e3b3851dac3a6f,2020-05-30,flyweight,0,0.6084406246099421,2020
2d149a8495bc57d125ce4598,2020-05-30,welterweight,1,0.5062676504158944,2020
820e89cff0edf608156421bc,2020-06-06,featherweight,0,0.815337064805866,2020
97226c5d11d686649ed3e022,2020-06-06,bantamweight,0,0.44537500458615054,2020
24970a4f8d6d139317076c24,2020-06-06,light_heavyweight,1,0.5556402915730215,2020
28044f1dbc515f3c272522a1,2020-06-06,womens_featherweight,1,0.6939943644737904,2020
14525c663d20a7a85c31b0dd,2020-06-06,middleweight,0,0.5050119283249271,2020
4858c091f6e5f1675c2a3e4e,2020-06-06,featherweight,0,0.31428885041304344,2020
f5093e48c887c2911361c958,2020-06-06,bantamweight,1,0.8008334916987389,2020
478b9433c1b69ca56c69354f,2020-06-06,catch_weight,0,0.47725925991955737,2020
34cf054f6fef1a96d7b033e6,2020-06-06,middleweight,0,0.4388536852352053,2020
41234e8af82999c05cd8e76b,2020-06-06,flyweight,0,0.39186371719221813,2020
0af06c0ad5c72afe4111ca93,2020-06-06,welterweight,1,0.5164090859160338,2020
e31c4c6b7eef770d9e0c6969,2020-06-06,bantamweight,0,0.30346477128499455,2020
886bbd2f6a3553ba3983567a,2020-06-13,featherweight,0,0.46465615665230875,2020
89e05740fd45ec7c49dee28a,2020-06-13,welterweight,1,0.5127444662598534,2020
0307782c584315ff5b11eb53,2020-06-13,lightweight,1,0.3301622275350858,2020
62e7a1dbde465ca7534617e6,2020-06-13,womens_flyweight,1,0.4844756252408863,2020
8a6e39649a3fec737d38320b,2020-06-13,bantamweight,1,0.5148431907179718,2020
c630e7885cdd36b6b14cca59,2020-06-13,womens_bantamweight,1,0.6719781129325808,2020
3e172364fc518e64ef6c7969,2020-06-13,middleweight,0,0.3911092129991201,2020
2259ec8201adefc465ce8c23,2020-06-13,womens_flyweight,1,0.6478783305042937,2020
923433619c20dd750c2205af,2020-06-13,catch_weight,1,0.7016436307041267,2020
e8151d9214dc667480a5a0cd,2020-06-13,bantamweight,1,0.48968028803937047,2020
290d4ab10e5aa919a128037b,2020-06-20,lightweight,1,0.5916170373309125,2020
cbdc4ad6d5473e19d6df57ba,2020-06-20,welterweight,0,0.5276681575076799,2020
35dd379f6c827a39c9ea2a80,2020-06-20,lightweight,1,0.6909582437922601,2020
0ca95193d549deae06a43dfb,2020-06-20,womens_flyweight,0,0.3046647234216351,2020
42a699b0e1e0b47000777a51,2020-06-20,heavyweight,1,0.5462638831984263,2020
11a2b83fafaadd00beca04d6,2020-06-20,lightweight,1,0.3058524733240484,2020
dab5c40932dc5108516b8357,2020-06-20,catch_weight,1,0.289819900203696,2020
1702be42945c42f331abfb86,2020-06-20,featherweight,0,0.7331967019336959,2020
059fc403c1199ed58dfefd1e,2020-06-20,womens_bantamweight,0,0.28179722767556564,2020
cd96fe8c1990581afcbc65fa,2020-06-20,womens_flyweight,1,0.47747583905663155,2020
af88d28bf7e8107238ee84eb,2020-06-20,womens_strawweight,1,0.41884268117745305,2020
82c23a4256fc112839a21e37,2020-06-27,middleweight,1,0.7451422575373942,2020
de98f026bdf72951202b6d58,2020-06-27,lightweight,0,0.17710312711323253,2020
3f23da8e6c5be0676895513e,2020-06-27,heavyweight,1,0.7056515926258867,2020
b66fca201dea49414ec29f35,2020-06-27,featherweight,0,0.3264220865632389,2020
c4e0a136fe5ffd850886b385,2020-06-27,womens_strawweight,1,0.7124246564351018,2020
2fdfc02f2b246b2cd90069a6,2020-06-27,lightweight,1,0.4430989854411806,2020
c13e18c821c98fe6fce0b80e,2020-06-27,welterweight,0,0.40068326710603663,2020
44b541d2c96511df188e7335,2020-06-27,heavyweight,0,0.3534805671334753,2020
c19913fffb602e14f3e2082b,2020-06-27,catch_weight,0,0.73405483474904,2020
006f504a194d5223fe79b4df,2020-06-27,welterweight,1,0.7168644531437243,2020
be848e2721065a0114893812,2020-07-11,featherweight,0,0.4341015724627112,2020
1f3620c84ae614757d7bfa36,2020-07-11,womens_flyweight,0,0.247286726238157,2020
2aca388948ad79e83a84cf15,2020-07-11,welterweight,0,0.49699888500701433,2020
574672682df84871761a5876,2020-07-11,womens_strawweight,1,0.5169382747827269,2020
83c960d387ea71ac2b87a5ca,2020-07-11,welterweight,0,0.24229590419152303,2020
51718fa99d2beeef65554230,2020-07-11,womens_bantamweight,0,0.2990552252881966,2020
d15cc1d2230aa928274889e4,2020-07-11,lightweight,0,0.3387663770709841,2020
203ac34442d30277d30b534a,2020-07-11,featherweight,0,0.29964039596775177,2020
bbb50c2b6683640361da5f6b,2020-07-11,heavyweight,1,0.6398299549787068,2020
c47da9117ef9cb0c55d90f33,2020-07-11,bantamweight,0,0.6316875387910403,2020
0d11971457c4175b965c7f87,2020-07-11,bantamweight,1,0.7621598080587405,2020
511b42aba92448e1f30bcceb,2020-07-11,flyweight,1,0.8050063238793216,2020
b8cb51bb58d9db4514c8a4cf,2020-07-11,light_heavyweight,0,0.7075459472365032,2020
3cb54ea87dbfd559fefef2b7,2020-07-15,welterweight,0,0.3836663617904908,2020
884115a97758c772c9a1aa6e,2020-07-15,featherweight,0,0.6340117462027044,2020
e030c4b4274431ef2741e6c9,2020-07-15,womens_flyweight,0,0.6219142176648831,2020
a8f801019d4eef0e77d9ae1a,2020-07-15,bantamweight,0,0.13124702459436505,2020
b3e069741adc630204893233,2020-07-15,featherweight,1,0.5919140069444565,2020
e15671cec5d44e671c10a445,2020-07-15,featherweight,1,0.32414339873742687,2020
8b32ecec48dbcd2195ac45bf,2020-07-15,middleweight,0,0.4458628075935784,2020
07704ef1301d2d6ce8009af5,2020-07-15,light_heavyweight,1,0.5595528340439871,2020
b612d80bd5c03377090d4d3e,2020-07-15,womens_flyweight,1,0.6526768375456552,2020
9f333d28d7717b8654dfa658,2020-07-15,featherweight,1,0.2746759790642681,2020
456ab7958561d909b67e3864,2020-07-15,flyweight,0,0.4566513060347791,2020
8f69fcae4224781b3c9cfa38,2020-07-18,flyweight,1,0.46352485828242557,2020
fa1912c548967b80aa56bf11,2020-07-18,womens_flyweight,1,0.5191427999723686,2020
6919180ec57b7b188061ac38,2020-07-18,bantamweight,0,0.6708851011403069,2020
74993216732e68a332a88a7c,2020-07-18,heavyweight,1,0.4716072131194897,2020
cd37985766a8aa01b735f39b,2020-07-18,lightweight,0,0.3965212218330978,2020
1940aee687891ca4a94afbfd,2020-07-18,flyweight,1,0.4990001934712563,2020
9fafa8c93b811a3746eb31e8,2020-07-18,catch_weight,0,0.3361002736839566,2020
f86ab16d919a25d4da537f58,2020-07-18,middleweight,0,0.5491515150205178,2020
66da3b6f9f4cf7e4157872a1,2020-07-18,lightweight,0,0.42484026772111894,2020
4a09d8daff5488361ff890ac,2020-07-18,bantamweight,1,0.605376005436576,2020
e038f9564dda467e4997ce35,2020-07-18,lightweight,0,0.6251515710053787,2020
8cd39f466756d30dadd88be2,2020-07-18,light_heavyweight,0,0.5083155582256625,2020
aa414e556f0b92cf8400036c,2020-07-25,welterweight,0,0.3752531247275891,2020
9ecf8c24eea5a923e8f4b148,2020-07-25,womens_bantamweight,1,0.6474216413085178,2020
b345fd117c26ce8ce1ef6e60,2020-07-25,womens_strawweight,0,0.44987803836446355,2020
0c7ab3916d55a17df15a3a83,2020-07-25,heavyweight,1,0.3169689166847007,2020
39cab37f486024ecb9db2635,2020-07-25,lightweight,1,0.5656559086409773,2020
defd84b0599cc0d92b68f3d9,2020-07-25,welterweight,1,0.6841674450353545,2020
463933bcaf017d47e453066f,2020-07-25,light_heavyweight,1,0.5698937071746172,2020
774acac56423a0c607d073ed,2020-07-25,featherweight,1,0.6555941321992357,2020
f8145b4bb7b5e3cb97d4dc9c,2020-07-25,bantamweight,0,0.2631171617187643,2020
6ce73abee15e58ac43b79445,2020-07-25,light_heavyweight,1,0.6396501723582447,2020
85e0c0d613fc2cb13a184545,2020-07-25,welterweight,1,0.7413949533504024,2020
d7af924b081837726a8d950e,2020-07-25,middleweight,0,0.46509363282741034,2020
11685689bd05b8ae21ca67b2,2020-07-25,heavyweight,0,0.3826050778974016,2020
376525f5ca63a4c27ff6decb,2020-07-25,heavyweight,1,0.6231988356512387,2020
8332a93dfb22029ffd97dce6,2020-08-01,middleweight,0,0.7334746520240066,2020
accaf5efe3560f60755f9237,2020-08-01,bantamweight,0,0.3188678258411804,2020
77f7f2dbc81095fc4709e0cc,2020-08-01,featherweight,0,0.1716089899007237,2020
803e4699563eeaab313ee6f9,2020-08-01,womens_flyweight,0,0.6564339594711597,2020
cf1b0a8a8ef42f5355c57ac5,2020-08-01,featherweight,0,0.5350425318969261,2020
74ada4c73df8d55a25668c40,2020-08-01,lightweight,1,0.6583504639170283,2020
11b2bdce33b4daa385378c1a,2020-08-01,welterweight,0,0.3977080148757235,2020
210876a707716aedd484fb62,2020-08-08,middleweight,0,0.5373298934340375,2020
55d2db7e55ff9ef810d8a2d6,2020-08-08,lightweight,0,0.3321759931844267,2020
04fb7fae5eccd9bfad3b30f5,2020-08-08,heavyweight,1,0.6613712589360762,2020
9c4d9994434bee6a49132946,2020-08-08,featherweight,0,0.4628382899634636,2020
868200fb7ccb6878e63a9732,2020-08-08,bantamweight,0,0.448784740951054,2020
7ba96474f9f6f546663fb612,2020-08-08,middleweight,0,0.3782572846158425,2020
2d9f61eb854f945a91ce4e6e,2020-08-08,middleweight,1,0.5693962069585106,2020
da0dbbeaf56d1757faf50688,2020-08-08,lightweight,0,0.15275556318157213,2020
7cf5bb7c97d458ef222e05c8,2020-08-08,middleweight,1,0.4466945165069601,2020
298e37ec9666db9f53515a4c,2020-08-08,welterweight,0,0.511763801584258,2020
245a1aa1d70748ddb77fcd50,2020-08-08,womens_bantamweight,0,0.35542588801102354,2020
060c3c0453e2685b88bfc7cd,2020-08-08,featherweight,1,0.7324258595652018,2020
f62f628f4d455c496ac07489,2020-08-15,womens_strawweight,0,0.4517294362440933,2020
a932c2ee19a974d44f417d4b,2020-08-15,heavyweight,1,0.5550505195996651,2020
7a1e753ee1cac071ed552cc0,2020-08-15,womens_strawweight,1,0.5882925024671773,2020
c2a30adbd7330740e20862ad,2020-08-15,featherweight,0,0.8030210441541888,2020
14528df9ace6c262ceefb3f7,2020-08-15,lightweight,0,0.45613842199924115,2020
55a99ea2630f084f2ed4d912,2020-08-15,bantamweight,1,0.7840129422030871,2020
5d24c91dd499dbf9f371c204,2020-08-15,heavyweight,1,0.5786305853980012,2020
1b00b8df5d93a51c490a2948,2020-08-15,featherweight,0,0.37861909295688884,2020
ba981dcf4305f29bcaa7900b,2020-08-15,bantamweight,0,0.633522154069388,2020
27164f9bd07bca68817f3f4e,2020-08-15,heavyweight,0,0.539146593507174,2020
b5a777423264ab6348bb1c2e,2020-08-15,featherweight,1,0.4156358678536829,2020
acf437c27bb894e5f10b2833,2020-08-22,womens_strawweight,1,0.5563455899511244,2020
865bc5e17b412e9d8e74207b,2020-08-22,lightweight,0,0.5061438801140308,2020
56c97a89da7aadd66d047b0a,2020-08-22,welterweight,1,0.5288071339363736,2020
3d301ae7159660205e61e4dc,2020-08-22,welterweight,0,0.45756401407419006,2020
34d337987a36d7908897d305,2020-08-22,light_heavyweight,0,0.32159025744992914,2020
df37437bbab31d315b3583ce,2020-08-22,light_heavyweight,1,0.6959868624198068,2020
35fc4617b59fef082956caf0,2020-08-22,womens_flyweight,1,0.2660312216542904,2020
4c3bf69bcda575328e7dfa8a,2020-08-22,bantamweight,1,0.5946985856755534,2020
9a0f019bcdd546effc2348ee,2020-08-29,middleweight,1,0.5923058079300728,2020
445a76108cb8e63cbb18f23b,2020-08-29,featherweight,1,0.3365416727565611,2020
783496ec89222db55e57a668,2020-08-29,light_heavyweight,1,0.5232512602416246,2020
e386eba5a579cbc9c61d7ea2,2020-08-29,womens_flyweight,1,0.7248035517642399,2020
7e8fcbb84541590cb5ced267,2020-08-29,middleweight,0,0.5447304672956724,2020
4fba53fa922937da97b13a1a,2020-08-29,womens_strawweight,0,0.3726684966506073,2020
9e3309a83263a3eb26e2536b,2020-08-29,womens_strawweight,1,0.35443884479261745,2020
cd63bf60ab82e106e2f0ee15,2020-08-29,featherweight,1,0.7288033843681919,2020
5b102515890b750f61b15ad8,2020-08-29,welterweight,1,0.7053062926189294,2020
df451b71add33401cfbbbdee,2020-08-29,welterweight,0,0.28059842340684377,2020
a8f7e7ce78b35799585b7b3f,2020-09-05,heavyweight,1,0.5051384551054574,2020
4566ad12d4871db68af538da,2020-09-05,middleweight,0,0.6447418053232803,2020
79f56fc5b540a07b75fc2f98,2020-09-05,featherweight,0,0.3793154228686497,2020
b37f7663c4100c0a3a3d864e,2020-09-05,bantamweight,1,0.6015756611476749,2020
db45cb350600a6522a63019e,2020-09-05,welterweight,0,0.40400002364182414,2020
3a47b616824dbc09d6b4f23f,2020-09-05,light_heavyweight,1,0.4700864286891521,2020
cc3301848054cf1d86698beb,2020-09-05,womens_flyweight,1,0.3296592360226364,2020
28d6bbf15b8b8f3eb7f23a3c,2020-09-12,heavyweight,0,0.4223743958050395,2020
f323a1bcddd8b81465fd2d6a,2020-09-12,featherweight,0,0.42857540597277716,2020
7ae74b7892d546b2c6cc4286,2020-09-12,catch_weight,1,0.6765274217207504,2020
b58fb9829ccfd18659c6d7da,2020-09-12,welterweight,0,0.36879231286270137,2020
082eb0ff7fe293a70ba23347,2020-09-12,light_heavyweight,1,0.3272100493287749,2020
93cfcbcd4b75c2b5c8ee2e46,2020-09-12,womens_bantamweight,1,0.6393632302699517,2020
04a643128e2a0077e897530a,2020-09-12,lightweight,0,0.2881990458920915,2020
537ffd56845ed420190fbfdd,2020-09-12,womens_strawweight,1,0.47625686267699574,2020
25de901f6dd7ecb9530b74b0,2020-09-12,lightweight,0,0.5111089707199294,2020
28efb17bdca98d4378885a1c,2020-09-12,womens_flyweight,0,0.5614992769401912,2020
9315dd27fd7b658d3ca50207,2020-09-12,womens_flyweight,1,0.7515482353140618,2020
623b46230159a54815f5cb49,2020-09-19,bantamweight,1,0.5621717647091012,2020
fb266d3d4965156fe0812808,2020-09-19,welterweight,0,0.2546016748341686,2020
6c738a0d9b2c763e5023b8b1,2020-09-19,featherweight,1,0.5588887326911053,2020
d817723ba47e641cb45f55df,2020-09-19,womens_bantamweight,1,0.31805630555690134,2020
5b0b10e3a4c96b4a1aaacc21,2020-09-19,light_heavyweight,1,0.4028362201083513,2020
4d15262f09d0438e42a1d716,2020-09-19,flyweight,1,0.5227606109567645,2020
f23ca5817efea8ed67cc6d3e,2020-09-19,bantamweight,1,0.44502990619974514,2020
fb788a19abdf58c4ce9dcfda,2020-09-19,middleweight,0,0.38370249933105666,2020
5c95389aafbb0711c5963558,2020-09-19,middleweight,0,0.13965748988202584,2020
7931d00816825b1bd9e0ecf7,2020-09-19,womens_strawweight,1,0.47347846140825406,2020
126a5071914844441f76aed3,2020-09-19,womens_flyweight,1,0.41040657685952603,2020
ef94f26d1600348c57fa67b0,2020-09-19,featherweight,1,0.3025850166844089,2020
3e510c9608a6583021390665,2020-09-19,bantamweight,1,0.495104931633841,2020
23a662e45455f29a908aee5f,2020-09-26,lightweight,1,0.5228877509399639,2020
ffe5c9a6e91e0d37d415fdb0,2020-09-26,welterweight,1,0.7771552134796162,2020
9f519c98b04a3b46edae897c,2020-09-26,light_heavyweight,1,0.41681567263966496,2020
80791d311e48d79967e48920,2020-09-26,featherweight,0,0.5384914413459624,2020
4ba5210842a9fdedea37b2dc,2020-09-26,middleweight,0,0.12726462173403405,2020
38d22d042e94d6259e70a045,2020-09-26,heavyweight,1,0.45044017279483445,2020
48f7656e55b8b2313a2a7cd2,2020-09-26,flyweight,1,0.3288768741112294,2020
f4bc73375a257ec73059a857,2020-09-26,womens_bantamweight,1,0.4436461937183335,2020
be57e08456210445617a2cfe,2020-09-26,light_heavyweight,1,0.44157894389364266,2020
39410ea34d5a7709c2e4070b,2020-09-26,featherweight,0,0.7087030658134371,2020
f593b1fad2405f4eea183994,2020-09-26,light_heavyweight,0,0.5319163627917536,2020
b04169fb651ff838bcc04a28,2020-10-03,welterweight,0,0.36176567718400265,2020
0c6b8632abdb2d92929613c4,2020-10-03,bantamweight,0,0.3543080197995905,2020
d1559e32012f7277afb65dff,2020-10-03,middleweight,0,0.3211631395363733,2020
f3ee0876b7b239e4c9c141a5,2020-10-03,womens_bantamweight,1,0.5295325018898595,2020
1ed625d2bce4a080ff7aa7ec,2020-10-03,womens_bantamweight,0,0.6225466982665874,2020
c6a82c44dd90c79be12b6827,2020-10-03,middleweight,0,0.4453237835795325,2020
e027916440b1d9b89633d333,2020-10-03,bantamweight,1,0.7798148483314369,2020
e78a454a7ba56158106a70bb,2020-10-03,womens_strawweight,1,0.6405030723496745,2020
9038dd92cf6a9dba569b6e41,2020-10-03,lightweight,1,0.6105527915702685,2020
5e403d21b6f537ca07e981a8,2020-10-03,heavyweight,1,0.616848549856271,2020
80048b12f4e27d448e681393,2020-10-10,bantamweight,0,0.7141122242523182,2020
9fd3797dda6a9dc551642271,2020-10-10,heavyweight,0,0.3361669511493461,2020
47d015c9da4f8e7c68642c9c,2020-10-10,flyweight,1,0.5363212878592303,2020
f3c39178e030c72a92766f83,2020-10-10,heavyweight,1,0.3733219125652006,2020
b33b7e15079e874207787397,2020-10-10,featherweight,1,0.49385435803394423,2020
32b54d883d2d43b47a7329ef,2020-10-10,featherweight,1,0.47394311406008205,2020
3933cacfa643f4332fb05e57,2020-10-10,middleweight,0,0.7383931353489864,2020
6d2a9d7dc08ac386e90f4115,2020-10-10,middleweight,0,0.36991328153104314,2020
a9b7a476e336ba9d14cc3967,2020-10-10,bantamweight,0,0.4557973941707179,2020
4bf87d901465ed4dc164d766,2020-10-10,heavyweight,0,0.1273194061045516,2020
96f20b0be6ccb77bf9cdc8eb,2020-10-10,middleweight,1,0.7175188719925545,2020
f37de3fb239061532292aa7a,2020-10-10,womens_bantamweight,0,0.1943767764090262,2020
c1064b7eb590e152b8293553,2020-10-10,featherweight,0,0.6239172679671559,2020
7436f2383310929d077726d8,2020-10-17,featherweight,0,0.5013654409708564,2020
1ccd594341a2b6cea5016be1,2020-10-17,welterweight,0,0.42674217637419615,2020
5c7f86843455a239817ae12d,2020-10-17,light_heavyweight,0,0.4813400987304055,2020
2da28f1443f58bbdd2cb3db7,2020-10-17,womens_flyweight,1,0.5048147211162756,2020
9dc9bdd024b0eccd64b939ac,2020-10-17,lightweight,1,0.5908741622151187,2020
5b47f9b0810708e40df64e9e,2020-10-17,light_heavyweight,0,0.22858912509192103,2020
2975781dbd33227ef8a61f79,2020-10-17,middleweight,1,0.63989106005826,2020
2a9bbefd70d44c964d657e9b,2020-10-17,womens_flyweight,0,0.5205955596860612,2020
591940879703188b315267f6,2020-10-17,lightweight,1,0.5288071339363736,2020
385fd3eb8f3778369168b7dd,2020-10-17,bantamweight,1,0.7983961095947618,2020
5d4dafd8adc6f8fdd0422db8,2020-10-17,featherweight,1,0.5735685702264881,2020
9e5f20555d811d9565cd562c,2020-10-24,welterweight,1,0.33834711576647764,2020
c390228f133682c232f89d7a,2020-10-24,heavyweight,0,0.20830447079708178,2020
ddd3bcee83bd285bc2d66fda,2020-10-24,middleweight,1,0.42953029164434947,2020
accd1dcd8cd278a67c7cd20f,2020-10-24,lightweight,1,0.5405631959931064,2020
5e1047bc4fb321e2c668e871,2020-10-24,lightweight,1,0.7042704386902147,2020
01e8de6e71b38fdbb4ca295b,2020-10-24,womens_flyweight,1,0.42402206015340116,2020
dccd287fe543912a3d4262ce,2020-10-24,womens_flyweight,1,0.4829354397851212,2020
27330ec2f027b06bb6e1d506,2020-10-24,light_heavyweight,0,0.4376428074632051,2020
95bf3e74a6af57559a469137,2020-10-24,catch_weight,0,0.6154281897147669,2020
df5cb9edb98d3b8e5b0d1dcc,2020-10-24,middleweight,0,0.2343816854970814,2020
f579d8fdebc5facfe7a54631,2020-10-24,heavyweight,0,0.3517393457116386,2020
89530c10412fef4e37adacc3,2020-10-31,bantamweight,1,0.5288071339363736,2020
139113bda6e2c08bcdb0de64,2020-10-31,featherweight,0,0.3659143525781387,2020
64f6e5042b239942a0940584,2020-10-31,lightweight,1,0.8472749819689347,2020
cefd7c12fbddc1ae93b66ff3,2020-10-31,welterweight,0,0.6508530815484199,2020
7b0cfccdff37cdd83d0058fe,2020-10-31,light_heavyweight,0,0.4538124864562419,2020
26fbfce30596a1dab7bd4db1,2020-10-31,middleweight,1,0.6470344034352121,2020
578662bba25d0cd530c617d8,2020-10-31,lightweight,1,0.38854780658877,2020
ee10cdc650c5fb71fced52b6,2020-10-31,heavyweight,1,0.6423655563230096,2020
558610849677ae0c138c4f45,2020-10-31,bantamweight,1,0.5932601877480214,2020
5fd8a5e104ff4c3e1adbc165,2020-10-31,middleweight,1,0.7187171507446001,2020
b5338c339e99f772edcafd4b,2020-10-31,middleweight,1,0.5055582311337209,2020
c01ae7afb0d017349ea11354,2020-11-07,heavyweight,0,0.3356038051676132,2020
a75ae44aa15099924d9905d7,2020-11-07,heavyweight,1,0.2466362544701084,2020
3eef4800a98bf0e45d406700,2020-11-07,womens_strawweight,1,0.5579198662738459,2020
dcbfa685c07ca7e10a21cc93,2020-11-07,featherweight,1,0.48415038631586166,2020
7e96ea3f88bc1cd633bfbcff,2020-11-07,featherweight,1,0.6840873733207652,2020
cf941249e8853878c39beb3b,2020-11-07,bantamweight,1,0.41934258274024633,2020
627ff29937df0f3e4b02b96e,2020-11-07,welterweight,0,0.4556367066097437,2020
35cd9e0ed2ba0bbc0352b4d5,2020-11-07,bantamweight,1,0.6715861785634587,2020
f56a2da3439d7312f3ed5053,2020-11-07,light_heavyweight,0,0.43160243230397505,2020
22d95249dfaff73c149f7787,2020-11-07,middleweight,1,0.6001125036637432,2020
4f984c114f952c5e85b05305,2020-11-14,welterweight,0,0.1516768236817348,2020
0bf1cad5fff73833720546bb,2020-11-14,welterweight,1,0.5384554009566537,2020
4d8c8fdb741a66e9ec213215,2020-11-14,womens_strawweight,1,0.4842120493298727,2020
7472bbec30036b91f8b3f55a,2020-11-14,catch_weight,1,0.4474150257006934,2020
9d1bf278adaf06c59aafbe8a,2020-11-14,heavyweight,0,0.34055735090878364,2020
bdf3b0384bfd20ab4f874937,2020-11-14,bantamweight,0,0.5310622893062248,2020
256ba9eadd0025f9b1b46491,2020-11-14,womens_strawweight,0,0.5715072335185944,2020
212de9a7a449ce2e3483fe61,2020-11-14,lightweight,0,0.21491697597078055,2020
71953b09146d733984c4873f,2020-11-14,womens_strawweight,0,0.3147444457109157,2020
daa107f8ce19d97b1024e608,2020-11-21,welterweight,0,0.5113952506443922,2020
990f47449008c2507dce5538,2020-11-21,womens_flyweight,0,0.5114650783849559,2020
855198b297a6d4d634748fc0,2020-11-21,flyweight,0,0.3856035460610781,2020
ab363e2b0f18214055df486e,2020-11-21,welterweight,1,0.33545372346780417,2020
35a304f5212463a5b62f0016,2020-11-21,flyweight,0,0.41331983118824306,2020
e10c4a1985fd12ac4132b445,2020-11-21,middleweight,1,0.6127418901687035,2020
75e45e9d89ad79cff7c42ac6,2020-11-21,womens_flyweight,0,0.4887724640581439,2020
5ec0091b78dc3de20dd3ac14,2020-11-21,middleweight,0,0.32868551441878796,2020
71a0386425bf0de6d824fb82,2020-11-21,welterweight,1,0.42953029164434947,2020
1d045510888fda8b989e961d,2020-11-21,light_heavyweight,0,0.5960071026758947,2020
eaf2ba2fb033cd4f682f8d99,2020-11-21,welterweight,0,0.5544805892054284,2020
2cbdb6487a02560caa061947,2020-11-21,womens_flyweight,1,0.7930627070134846,2020
f1ef0a42087a271126512de6,2020-11-28,light_heavyweight,0,0.6832409771673768,2020
54556752d4e905ae3733dad8,2020-11-28,womens_bantamweight,1,0.5442824007385625,2020
ee744e008569f783f1c7ae2f,2020-11-28,womens_flyweight,1,0.36521211854460317,2020
1da86dd1a82396c3d44770b5,2020-11-28,featherweight,1,0.23177323303749484,2020
f7f1ed2648969e54b0e3c382,2020-11-28,heavyweight,1,0.5248271150834929,2020
15dd8c606462176c34ed098b,2020-11-28,catch_weight,0,0.4684350491384085,2020
be0781425d6678d096405d23,2020-11-28,bantamweight,0,0.6172044585661537,2020
1cc13b483b64475640fb3718,2020-11-28,welterweight,0,0.3507381165836494,2020
1162fe15cac2da103dfe148c,2020-11-28,featherweight,1,0.379651095234858,2020
0c3a9c25327fe52dfdc851ce,2020-11-28,flyweight,0,0.4151808938783529,2020
3fb0d126ec0ec9c850e7c51f,2020-12-05,lightweight,1,0.6332477556214785,2020
38c73190ff54c90011fd11da,2020-12-05,heavyweight,1,0.5318196155212603,2020
2faee2f4000145f6ef0e7d15,2020-12-05,featherweight,1,0.7407041474816053,2020
c7ea0e981df13024b9a31ab0,2020-12-05,middleweight,1,0.46358867758847,2020
b7f4b02b143222c336934e1f,2020-12-05,bantamweight,1,0.33703853298245795,2020
96327f3512f595cecb211d04,2020-12-05,lightweight,1,0.7737692005446959,2020
5626b216eee3a29a06e2e953,2020-12-05,light_heavyweight,0,0.346139991949244,2020
cdbde8c8fb7b8ab6ece9ca3f,2020-12-05,light_heavyweight,1,0.6763866773946335,2020
e56a0eee2d1ec9ecb44e9c6c,2020-12-12,featherweight,0,0.2799834444899948,2020
0212910162e54fa9cd5b7cd0,2020-12-12,featherweight,0,0.5317487653876266,2020
d5af84d65e5ec7c832fd231d,2020-12-12,featherweight,1,0.4624172544832698,2020
f33feba4243e510ba6affdca,2020-12-12,heavyweight,1,0.7149709241136484,2020
dd922295fee469e083fac69f,2020-12-12,middleweight,1,0.5334140966357217,2020
b259ff80d212bf23d79b1dc4,2020-12-12,womens_strawweight,0,0.5467056220439246,2020
4bdb0495d3dcf5d7e7dd27a3,2020-12-12,lightweight,0,0.6064558468376164,2020
80103ed2aae686dd59e7503e,2020-12-12,womens_strawweight,0,0.2508722368727344,2020
c07bd95dd550983c678bb413,2020-12-12,lightweight,0,0.5050147934071403,2020
956d4c038b9d798a03f2f217,2020-12-19,welterweight,1,0.6438340890619872,2020
06b8415093de68eee890672b,2020-12-19,catch_weight,1,0.5869792207956885,2020
9cfc7008d97b25e3eee03dba,2020-12-19,catch_weight,0,0.5013767178679597,2020
7c14b9cca72df7ce3e48797f,2020-12-19,womens_flyweight,0,0.3758654042739695,2020
09bb551777feafe78278b168,2020-12-19,flyweight,0,0.5296408213383367,2020
ce69be9a42b5dce320787439,2020-12-19,bantamweight,1,0.5867357691316137,2020
d4607f21674e1b635ed2c4b1,2020-12-19,heavyweight,1,0.4077480559218378,2020
2751edcfff14d6f87019df2c,2020-12-19,bantamweight,1,0.3391302120858358,2020
47e7219958c4619887b0ea40,2020-12-19,welterweight,0,0.5749184059657086,2020
8da008a32caddde479cc3af6,2020-12-19,womens_bantamweight,1,0.513438601686369,2020
6cccf3ffb09a129e7b0bb096,2020-12-19,welterweight,0,0.5961290265511885,2020
73c4fd702dce585354b6c53b,2020-12-19,middleweight,1,0.5341380573751141,2020
ae621dcbc9586b8e5527d2fc,2021-01-16,welterweight,0,0.5173625945460926,2021
63d6662513715319fbb37f5b,2021-01-16,heavyweight,1,0.5335317087053671,2021
299cafa827deafab86edfca9,2021-01-16,welterweight,0,0.3092569805404135,2021
5a322970c6fa2b7ccdbf1a91,2021-01-16,featherweight,0,0.23894924886396507,2021
0b3e78533c34539224338ddd,2021-01-16,middleweight,0,0.6070649314223419,2021
e3788f7673c040a7e7162eaf,2021-01-16,featherweight,1,0.7391918275155511,2021
94167c05ac13c3152031bd8a,2021-01-16,middleweight,0,0.6159088087136376,2021
e1e59ca7e3b0bad7652227e2,2021-01-16,welterweight,1,0.431830909510669,2021
0314d7c96dc6c9029d7f9a5f,2021-01-16,womens_bantamweight,0,0.5481122314284659,2021
733a1c63f7740f95a9317482,2021-01-16,womens_bantamweight,1,0.5434153360489032,2021
6be48a3315d78994e2f6bbaf,2021-01-20,middleweight,1,0.5818484987917086,2021
9fa1bae0311b4aa3ccba91f1,2021-01-20,flyweight,1,0.4762100726459167,2021
0510c32efd9efab7964555f7,2021-01-20,light_heavyweight,1,0.3935371134742719,2021
8dd911979c1d546b9c995936,2021-01-20,featherweight,0,0.11127675038874484,2021
88d9b570e90c027e750424b7,2021-01-20,flyweight,1,0.625759213920813,2021
500b756ea736234a67f865c7,2021-01-20,welterweight,1,0.3825844314008735,2021
e8a21c49a3957ae2db4f9304,2021-01-20,lightweight,0,0.30728199871242257,2021
bd1a13b91967e59c2d2ca195,2021-01-20,middleweight,1,0.5289039510365084,2021
871ec9ac30c6dde7f53b3da8,2021-01-20,bantamweight,0,0.18083802106371488,2021
5e589ab68c009c7418795d5d,2021-01-20,womens_flyweight,0,0.47514162566269785,2021
f586b613c26248f8a71102eb,2021-01-20,flyweight,1,0.7070273683206132,2021
c5b665d2739cea495eec4f33,2021-01-20,bantamweight,1,0.6778180477278078,2021
e5728f57a9db1a6d419df71d,2021-01-20,womens_flyweight,0,0.5268727792428503,2021
acb69131c93694b07300faa1,2021-01-20,welterweight,1,0.4486505235326655,2021
cc8a36141f665f8a21e43c79,2021-01-23,flyweight,1,0.6303039099916418,2021
ba4700ec8890cb3212bac423,2021-01-23,middleweight,0,0.25651593197340483,2021
35396c0c45d4c8527b82d6ab,2021-01-23,lightweight,1,0.813193923723811,2021
e81b6098e57e8133b071edb8,2021-01-23,middleweight,0,0.49002143519896235,2021
749823f187d45e71e91ff721,2021-01-23,lightweight,0,0.8285812892191433,2021
41d00a19b95b8c4e1011e422,2021-01-23,lightweight,0,0.4157337722355763,2021
069bf8b9c6ade82cb549680a,2021-01-23,womens_flyweight,1,0.5329586841371419,2021
946129bbdfaa781a21608a9e,2021-01-23,womens_bantamweight,0,0.28004228002019393,2021
f7128ea236725875bb42fb2a,2021-01-23,light_heavyweight,1,0.2857657033874432,2021
4d892766af178faa517a3b55,2021-01-23,womens_strawweight,1,0.2903502328952114,2021
9eddebe538dcd4b2e8bce30f,2021-01-23,catch_weight,0,0.26696755009738143,2021
398469f8b03c9109e14c3efb,2021-02-06,flyweight,1,0.7074479252090959,2021
c52172bfe2d5dadbc2baa574,2021-02-06,heavyweight,1,0.7677338125014189,2021
dd2ee13375dd8c96df6d0a62,2021-02-06,bantamweight,0,0.27264468370512746,2021
c2749aa0039c9dbb15dc18cb,2021-02-06,catch_weight,1,0.6096415683782168,2021
006fbd1ad4d3164705b758d8,2021-02-06,lightweight,1,0.791913627811911,2021
f95fccaf728f92e2468278a7,2021-02-06,womens_bantamweight,1,0.4086621130747072,2021
5b925fbe88e3649da9183c2e,2021-02-06,lightweight,1,0.37305981266404387,2021
5617b1854fbb99723ea7f386,2021-02-06,light_heavyweight,1,0.48978018881746543,2021
187bee69eb0bfc1344de75ea,2021-02-06,womens_flyweight,1,0.3827007654692984,2021
116aee82de340b5b69294296,2021-02-06,featherweight,0,0.5288927217259983,2021
990348198032e07f47fe05b5,2021-02-06,featherweight,1,0.25605766354846243,2021
7f425d4ea75cb89d2a23d068,2021-02-06,featherweight,0,0.5352902333234671,2021
0ad9e306fa9bafaa5d9d1705,2021-02-13,catch_weight,0,0.4219533823805474,2021
f034ef7d780fb11cd9df91fa,2021-02-13,welterweight,0,0.4255686855689258,2021
e415a937b387a95ec19c51ec,2021-02-13,welterweight,0,0.4322656273600098,2021
f97a2702edccb7dad093612d,2021-02-13,welterweight,1,0.786499218652384,2021
a4e473c3f2b704804d3aa60e,2021-02-13,middleweight,0,0.32538401911270715,2021
84467793f69d35eb41eb8877,2021-02-13,middleweight,0,0.6072890059729942,2021
089e43bbc47943ab21cfcc52,2021-02-13,womens_flyweight,1,0.4338106567575892,2021
eb1492878c3ea0174e4e3b62,2021-02-13,womens_strawweight,0,0.37183329300113305,2021
12f182cc4484512866f9fb1e,2021-02-13,featherweight,0,0.2063028987282176,2021
3dba4569718934d994975320,2021-02-13,middleweight,1,0.3965832729945253,2021
ea60b29d1cc1c5cbf1e166c1,2021-02-20,bantamweight,1,0.3222998556493843,2021
74bfe372b0e5a30d25bf5041,2021-02-20,heavyweight,0,0.17380639582029145,2021
54831bad652cdc3a8ada5fdc,2021-02-20,heavyweight,1,0.7497457337389253,2021
5f3fc1a3e546d6b566ba1392,2021-02-20,featherweight,1,0.6325073408806736,2021
1a4d68fedca9efa585791fa8,2021-02-20,heavyweight,1,0.24994416019571966,2021
4dfd2b1535c10a0b46f38234,2021-02-20,bantamweight,1,0.549704065919272,2021
35b9ba0462608f9b6e41c742,2021-02-20,featherweight,0,0.5026414070555068,2021
b57470dcb8fd957a6caf4d98,2021-02-20,womens_bantamweight,1,0.5094023775409533,2021
92b3031f9c8a237ab1c68ea2,2021-02-20,featherweight,1,0.6792595297658589,2021
624a4740ac849b0f19e7a355,2021-02-20,middleweight,1,0.47503437472916843,2021
bb5477c8597bf06ae476381f,2021-02-20,heavyweight,1,0.5829999147081049,2021
08bc513ce88af8ec37ef2a3e,2021-02-20,womens_flyweight,1,0.7312744341906039,2021
a8ff0354149b1a73242c7b41,2021-02-27,featherweight,1,0.4962676382092076,2021
fa031ca2b598c1790a770dac,2021-02-27,lightweight,1,0.5344954164833022,2021
79d0da63044a2d7848dc3eb4,2021-02-27,womens_bantamweight,0,0.6349696488001867,2021
a7edd53221755c84fb85b338,2021-02-27,light_heavyweight,0,0.38567003815760803,2021
4dae04976391e2c304856f18,2021-02-27,heavyweight,1,0.615286323205745,2021
8977265e2ec0ac4a8d0eb88d,2021-02-27,light_heavyweight,0,0.5133266167821271,2021
03937bc015b49d21691cbfb9,2021-02-27,bantamweight,1,0.33445590415004933,2021
3eed3433c57ea8ceb8e6c485,2021-02-27,bantamweight,0,0.5094219633015903,2021
2c55dd48924effa480f5ca18,2021-03-06,womens_featherweight,0,0.17989101737611538,2021
172ba1c4ac7e58c4dbd7b4dc,2021-03-06,bantamweight,0,0.6531109287339434,2021
84173c3cabc82b82021ee1bb,2021-03-06,lightweight,1,0.6271174338011103,2021
2f2a2e5d3ef44f24b2553a05,2021-03-06,light_heavyweight,1,0.18066332816608188,2021
774fbbcd4bc58c07113c5842,2021-03-06,flyweight,1,0.7140258081182151,2021
bec1db2b5e3183035ce016c7,2021-03-06,light_heavyweight,1,0.6470519869828505,2021
7406877c1618cdf902112bd6,2021-03-06,womens_strawweight,1,0.6370212010133051,2021
436382c7157f32d457cf439c,2021-03-06,bantamweight,1,0.2582046428776793,2021
e40ebd32f54ba3551bc187f9,2021-03-06,bantamweight,0,0.42189248098927185,2021
4c948af46307bedde78b9778,2021-03-06,flyweight,1,0.5541974225534323,2021
39d510d179fdc5c9bc82b8d7,2021-03-06,welterweight,1,0.6311678396036455,2021
a8dd1d9e9aeb7fd344b2f88f,2021-03-06,bantamweight,0,0.41858382518501547,2021
1665c4098d198e470e99997e,2021-03-06,light_heavyweight,1,0.7764909965654744,2021
83c08ce6fca53bee662ac967,2021-03-06,flyweight,1,0.3350331407686946,2021
2a0f151b77d398964b58f1f6,2021-03-06,lightweight,0,0.3305675334267833,2021
e048cc318dcc24e55e146279,2021-03-13,womens_strawweight,1,0.434358759580612,2021
75ff868f7c9201dc424bcc14,2021-03-13,featherweight,0,0.3396181035491797,2021
45284428ec473bdf65215b5e,2021-03-13,womens_flyweight,1,0.6126590082810376,2021
9681fb4a0e8ec440e305912e,2021-03-13,featherweight,0,0.4146269375299861,2021
d8ea1aa19a7a70e000c057f8,2021-03-13,womens_strawweight,1,0.31771700082199256,2021
08147aa1d935de56a0a7c9fb,2021-03-13,bantamweight,0,0.6120863752017971,2021
1220f1ae4d30086f6c114d44,2021-03-13,flyweight,1,0.4649310453672042,2021
3d9e74cecbd64b77643aa7d2,2021-03-13,welterweight,0,0.34489815824030073,2021
c3cb9104e11fce38ca8aaeaa,2021-03-13,light_heavyweight,1,0.47774470241195177,2021
a651712b4735435b6dff0a60,2021-03-13,lightweight,0,0.1333472294285706,2021
155fb3d1aba34cc5371c180a,2021-03-13,bantamweight,0,0.7299143679956208,2021
09cb12976b9d557d330fede7,2021-03-20,bantamweight,1,0.5937261815172094,2021
0e924a271d155d25cb96a9df,2021-03-20,flyweight,1,0.4094084716585015,2021
bf9c66e4d2ea103435a96f54,2021-03-20,womens_strawweight,1,0.5268727792428503,2021
a7bfb80dde30557923deb967,2021-03-20,middleweight,1,0.3252648590594407,2021
fccce461000f977a1f29de71,2021-03-20,lightweight,0,0.3336918374690637,2021
3046efa844e5b8c612a39088,2021-03-20,womens_bantamweight,1,0.6499200948490995,2021
0e1232159bb09cf0a8157294,2021-03-20,bantamweight,0,0.3111038462154664,2021
87a052aae5db7282aedf3af1,2021-03-20,welterweight,0,0.4023090561675714,2021
5ac9f53f3b903f5f50c7ae07,2021-03-20,heavyweight,1,0.7412615970894927,2021
24832c40dfffd88b28acd6a1,2021-03-20,middleweight,1,0.6330664723625694,2021
655ce511031179b0d7528580,2021-03-27,light_heavyweight,0,0.6439714543014544,2021
1523d28d8f3dbd0ee0deefc5,2021-03-27,womens_flyweight,0,0.421883025449046,2021
9fa712833bf4b6daceb5243c,2021-03-27,lightweight,0,0.48714591840793525,2021
06d257fb5a3c5fda36c86d32,2021-03-27,welterweight,1,0.6227592319702743,2021
f821eef7b840304b0c4c2566,2021-03-27,middleweight,0,0.3860677764271505,2021
10d5d1953f1e4db582bc4232,2021-03-27,light_heavyweight,1,0.6231434747173339,2021
437c18cdfaded48de4fb9c8b,2021-03-27,bantamweight,1,0.7331933162879093,2021
bb5d26adfb4244e5cb7c71ca,2021-03-27,featherweight,1,0.4554959039257663,2021
f9ad023e5912b9e8e23296c4,2021-03-27,heavyweight,1,0.5505682731146896,2021
71146ba7e43a180d3a76ed5f,2021-03-27,welterweight,0,0.4037295517971743,2021
a5b7f687614fa2c274c262fc,2021-04-10,featherweight,0,0.39785609023188806,2021
6a77043e2a2c7fbcf5d1422e,2021-04-10,light_heavyweight,0,0.4990024762491777,2021
f7aba315e5e7f95e583bb5f6,2021-04-10,bantamweight,1,0.6249657660545047,2021
eb0d9121307638176a27c78f,2021-04-10,welterweight,1,0.5512395855715195,2021
ec6aff0a24442abf1efa5bb7,2021-04-10,lightweight,0,0.24899197564143266,2021
be94f7ea41163e46b8032440,2021-04-10,lightweight,0,0.5865089334006784,2021
75e3c66fe5bdb1e2907f61ff,2021-04-10,featherweight,1,0.441493082288338,2021
c2987bdf66ace8687c8129a8,2021-04-10,middleweight,0,0.5545586924248624,2021
bb4b636ab4f2733d20549b1d,2021-04-10,welterweight,0,0.5642414720212819,2021
2324fee04a36218838c2f885,2021-04-10,womens_strawweight,0,0.3298722287915674,2021
04cea879fa6be6d87fdd22c0,2021-04-10,middleweight,1,0.6382787379552005,2021
a145a890ebf3141cbf139a78,2021-04-10,lightweight,1,0.68096670579166,2021
a26ae051b20aa9c96dc7945e,2021-04-10,heavyweight,1,0.3592193392375299,2021
3974a50adcd6fd1bcc060147,2021-04-17,middleweight,0,0.6226141275502471,2021
c3a29929b0c55a012ba64d3c,2021-04-17,heavyweight,0,0.41639891828874037,2021
85eb8bca2d84e2de29d25928,2021-04-17,heavyweight,0,0.5394015079699931,2021
2dfce60518599adbf4e3bbc9,2021-04-17,lightweight,1,0.682539907346377,2021
3249899f8623af67ee4875c4,2021-04-17,middleweight,1,0.3643758376748884,2021
b6a515792134d4e7ebc8590e,2021-04-17,womens_strawweight,0,0.5250844379993783,2021
c36e6871481b761b6bc086f8,2021-04-17,lightweight,0,0.38443724198415435,2021
d500803cf03a6c79704f1f11,2021-04-17,middleweight,1,0.6010985964437735,2021
a7e37dc0ef58d7d8986f6a75,2021-04-17,bantamweight,1,0.796949593318614,2021
5540eafcd8dfd2f733cfcec1,2021-04-17,womens_flyweight,1,0.5968794144688687,2021
44edb5e52a71d5b17b379406,2021-04-24,welterweight,1,0.6327448885179339,2021
b29904ef22772d43b1dce8a8,2021-04-24,light_heavyweight,0,0.5837318412239494,2021
961b987dd8cca4efe946c0ac,2021-04-24,flyweight,1,0.6467624014367095,2021
07cb74a61d28c7395ccc3e46,2021-04-24,bantamweight,0,0.5801893938173684,2021
c15e97d5709dfd66cf01357a,2021-04-24,welterweight,0,0.42693171886462916,2021
0e596947e3da41e12e863200,2021-04-24,welterweight,0,0.2594080845897889,2021
2c3c5213ab9496c702780d50,2021-04-24,middleweight,1,0.4460967504460863,2021
023d0a839d940fdea400233f,2021-04-24,lightweight,1,0.5627500824470868,2021
c379cb07b140cc25e888391e,2021-04-24,womens_strawweight,1,0.43100749020515716,2021
fee11078cee1e6996b863aed,2021-04-24,featherweight,1,0.5309010746265307,2021
5e472b8e52eff152fbfe7d30,2021-04-24,middleweight,0,0.6422806770048282,2021
b53f0ffc153410c8a768bc13,2021-04-24,womens_flyweight,1,0.617076641457277,2021
440ba029911f1e78c5f3138a,2021-04-24,womens_strawweight,1,0.6023230903462475,2021
1f45fe6f50add14fab876381,2021-05-01,middleweight,1,0.5073091576597528,2021
d7b12003299832c257b05e66,2021-05-01,light_heavyweight,1,0.27867398386307923,2021
0675530f5deaaa1160f7c718,2021-05-01,featherweight,0,0.3123134227772015,2021
79247937a956625d6f3ce9c8,2021-05-01,featherweight,1,0.40523254133779746,2021
f1f15579cd1db6d027621436,2021-05-01,womens_strawweight,0,0.34458801963579366,2021
2e215036f623af43977bfb1e,2021-05-01,featherweight,1,0.5967776618450927,2021
1a543291bbbbd63ae5f6db49,2021-05-01,bantamweight,1,0.7543353411438777,2021
d6a46acfc572e3ae94089003,2021-05-01,womens_flyweight,0,0.46647275517641,2021
01327dc0bf03e55429a6b30f,2021-05-01,womens_strawweight,0,0.30783876715769387,2021
b3569c5019bea0ff890b4ec6,2021-05-01,middleweight,0,0.2522163757571067,2021
fbe844693986698837d7441a,2021-05-08,welterweight,1,0.5068572570746628,2021
b22da21be05c590f9103ab3e,2021-05-08,lightweight,1,0.5521992970727084,2021
96f3e20245151d21bcdb8f40,2021-05-08,welterweight,1,0.7233653895673257,2021
4b2e71789ce3c1603f44c672,2021-05-08,middleweight,0,0.6634267645761013,2021
0f50cecf3fb203a79fbe59a2,2021-05-08,featherweight,1,0.43912658426987194,2021
bf70c712fd72cbc1402be6de,2021-05-08,womens_flyweight,0,0.37544121892675225,2021
66a055a3bdb65ec398c18942,2021-05-08,heavyweight,1,0.5546382267185814,2021
da6b936ea8667cee5f337a67,2021-05-08,welterweight,1,0.6591571595804976,2021
1d555c9651e1649b67c873d2,2021-05-08,middleweight,0,0.5928610877985907,2021
4eddd98f6b71d1b40ce9de04,2021-05-15,womens_flyweight,0,0.4040870404839314,2021
b161c29e825cc8f33321c23d,2021-05-15,lightweight,1,0.5654650237223806,2021
73ed9835db433e1c3179e031,2021-05-15,lightweight,1,0.5894241794294476,2021
2c723e3bfbd7746b1a49bc19,2021-05-15,womens_flyweight,0,0.8171617140635953,2021
4a515c7e15f58e278e85b0c2,2021-05-15,middleweight,1,0.6905148937792267,2021
2d88a7f118a9b133a9aa150c,2021-05-15,middleweight,0,0.43324787108899276,2021
7b40bb27aad143bbe4bf6123,2021-05-15,womens_flyweight,1,0.5548104362250346,2021
9236d5c10fd5259af71d1f7a,2021-05-15,featherweight,1,0.6017429473017621,2021
8552cf2fa15f36c962dd47da,2021-05-15,featherweight,0,0.5688098654355197,2021
ac01654bb88f24cde0453ff9,2021-05-15,featherweight,0,0.7020803600546547,2021
30b02d38c456914546eaa1f9,2021-05-15,lightweight,0,0.36897142425225876,2021
d30d3aec127463726bcfe02e,2021-05-22,heavyweight,0,0.22465029492211522,2021
071a45a6dbfc547ac87fd8f2,2021-05-22,flyweight,0,0.36088036949434393,2021
10b25f19a0fff04f7455e7f0,2021-05-22,welterweight,0,0.6187454351644954,2021
c218d031e77e1e9e8ceea0f8,2021-05-22,flyweight,0,0.26936254145730365,2021
fda50c856c3cc806fad2cd0f,2021-05-22,womens_featherweight,0,0.4750004778718198,2021
e9beb6a44ab27a583e24a07e,2021-05-22,middleweight,0,0.4985461952047983,2021
296bd6be85fe799b7ab7c1a3,2021-05-22,featherweight,1,0.4157813016900297,2021
cc74e32603a6a23148741929,2021-05-22,heavyweight,0,0.6996017244546104,2021
b5709b61e25ad5e6e50d3e45,2021-05-22,lightweight,0,0.20581054505721635,2021
3b7b804068b8e00672a5f39a,2021-05-22,featherweight,0,0.36572413290965383,2021
021c23a2eb7dd424b3760858,2021-05-22,bantamweight,0,0.5094734556714887,2021
0a8907e7c9ccc7e92c10fa53,2021-05-22,womens_strawweight,0,0.5148485853036838,2021
a71663808cab96a533f7f3a0,2021-06-05,lightweight,0,0.776831199214771,2021
b849723a163cb1a94edec03d,2021-06-05,middleweight,0,0.7040463006052421,2021
c30c5ed0c6f68ddbdc6e0034,2021-06-05,welterweight,1,0.7455812799523792,2021
005237f1190a5a2d4091414f,2021-06-05,heavyweight,1,0.5594261039902914,2021
dae4bb27f2bbb3c7006d1dc5,2021-06-05,featherweight,0,0.570787526832109,2021
05ccaa473e2b94dfabf7d1fd,2021-06-05,womens_flyweight,1,0.6590582509728532,2021
302fd43d83034a2a1167cb24,2021-06-05,womens_flyweight,0,0.4308451852570016,2021
d603dc6aff17ddbb1d25c05e,2021-06-05,middleweight,0,0.3949737161293021,2021
124977ad8833f804ed6cb04e,2021-06-05,welterweight,0,0.7598894991885252,2021
a6488972b4e28f5bb943b98f,2021-06-05,featherweight,1,0.3491802434443205,2021
cca2249636b0929cdddf4681,2021-06-05,heavyweight,0,0.6860943353140332,2021
4dbb2484e6d1bdd5206a8e75,2021-06-05,heavyweight,0,0.26688500692114575,2021
7b68645c6155f616e8698da6,2021-06-12,heavyweight,0,0.40217121027212094,2021
a472857449a92cc1580c34ce,2021-06-12,featherweight,1,0.3768319511600435,2021
a00ccc9c46ab59aeed12bc52,2021-06-12,flyweight,1,0.35487721423563834,2021
6416d8a78b4aeee3a078ff10,2021-06-12,welterweight,1,0.6323570140436131,2021
d4659a1d3ed047b9c9526f60,2021-06-12,lightweight,1,0.5374921178679022,2021
d7e483bb04fd67f9c284ae8b,2021-06-12,light_heavyweight,1,0.45489436422452734,2021
a067ee4df1e643240630223a,2021-06-12,lightweight,0,0.6029667364662643,2021
06b2c67c96de677f095d63a4,2021-06-12,middleweight,0,0.3586814483278497,2021
bdcced7630b8f9fc20b8e65d,2021-06-12,womens_flyweight,1,0.6066050263919555,2021
27e411a536e1c7deb45d1ac6,2021-06-12,welterweight,0,0.28164006987065426,2021
f2b6f09261ceb5b126445765,2021-06-12,lightweight,0,0.5547324207129659,2021
7d225bf082e7c74caa37c3ce,2021-06-12,featherweight,0,0.48344773130841306,2021
cba88fa3d2445ac8ac4d89a0,2021-06-12,womens_bantamweight,0,0.3174485955776226,2021
30e778d3989da80d54ba9e9b,2021-06-12,light_heavyweight,1,0.3622846811193663,2021
9328b8ac23e7685857194ee4,2021-06-19,light_heavyweight,1,0.28615100113653824,2021
ebf39919541e28347dea97af,2021-06-19,heavyweight,0,0.2909187532163165,2021
cd61e6ca2674830655d58d10,2021-06-19,womens_flyweight,0,0.42768465264381383,2021
8aa7756723ebd18d2ab40f8e,2021-06-19,featherweight,0,0.6163125166914558,2021
78cbe025f9059d02470e6e87,2021-06-19,lightweight,0,0.43943794379600376,2021
61610b155882ac3e3eed4f71,2021-06-19,heavyweight,1,0.5336206329076123,2021
836588eb01321066a95e6f60,2021-06-19,featherweight,1,0.6401216431746186,2021
9987f669b7493fba2fe3d118,2021-06-19,womens_strawweight,1,0.4073896327997711,2021
9f27d61139a529c02d842433,2021-06-19,welterweight,1,0.5801282234995069,2021
e74b6bf080b0e710ce9747bd,2021-06-19,bantamweight,1,0.6294514912267613,2021
b95e558564dc9e0f3f3f5cfd,2021-06-19,welterweight,1,0.5130156908861394,2021
9a82adcac5a1d990fb6cd5a0,2021-06-19,middleweight,1,0.5668693426881242,2021
a3c60ed394aa5d105da7ad3f,2021-06-26,featherweight,1,0.5554077498245601,2021
b3a720a454739d051995c2c1,2021-06-26,heavyweight,1,0.6100215084446331,2021
fc8f71a97583223c7eba5642,2021-06-26,womens_bantamweight,0,0.4692488276124604,2021
7bab93177c4542550318ca39,2021-06-26,light_heavyweight,1,0.47917539760603023,2021
734b592944e62af1b555c366,2021-06-26,light_heavyweight,0,0.32068845915352223,2021
f161c4d3b027f2f49eaa2f45,2021-06-26,bantamweight,0,0.5093737751260186,2021
89d9e6cd12cbc984c5ad5db8,2021-06-26,lightweight,0,0.2873972245720504,2021
ce42994760729649b78812f5,2021-06-26,welterweight,1,0.7026642994830001,2021
8fe42d98d6456f0fc2191b0e,2021-06-26,heavyweight,0,0.24296396554889763,2021
d779754588526356ae5ea3e3,2021-06-26,welterweight,1,0.6144307517656865,2021
ba71dd0032aaf0bf310c24c7,2021-06-26,welterweight,0,0.8065345827705891,2021
746498ef7443f0caf5f2082d,2021-06-26,lightweight,0,0.3912754106582668,2021
80d953c972d847be890d6aaf,2021-07-10,welterweight,0,0.5158884424874736,2021
6498a4c8d3727a2016dbff4a,2021-07-10,lightweight,0,0.4696160595321241,2021
52922d44b46e92c459d86bc8,2021-07-10,welterweight,0,0.49375459910758385,2021
148e523baab99af91b27dce5,2021-07-10,womens_bantamweight,1,0.379173017259399,2021
15ad67d5e43acafdd6c98fe0,2021-07-10,womens_flyweight,0,0.3349264949336842,2021
530b143d446dafc011071c4e,2021-07-10,welterweight,1,0.7132593387368666,2021
bbfbf8b8166c426e1240e0a4,2021-07-10,middleweight,1,0.4654052209227971,2021
12bc8ea49cf6466df9aea9a3,2021-07-10,featherweight,0,0.36987473428427836,2021
051cabd00d8a84746e67e149,2021-07-10,bantamweight,1,0.7842111969922188,2021
3ea316d32ba9c755ad343003,2021-07-10,heavyweight,1,0.5147960378509279,2021
dd14dada5640b649e27c8cb6,2021-07-10,middleweight,1,0.31402557836252576,2021
57c1af099e2eeaedffb7b6c6,2021-07-10,flyweight,0,0.48054044798580525,2021
387800ac98197707044d3802,2021-07-17,womens_strawweight,0,0.43534309830174894,2021
6a8395402c96b2d104acd78d,2021-07-17,welterweight,1,0.744369726150717,2021
87728864303defcd4fe22031,2021-07-17,flyweight,0,0.6421037868500853,2021
8a31c1172ab5106325cc627e,2021-07-17,featherweight,1,0.6362184284016397,2021
b726a2c340e0031859a57110,2021-07-17,lightweight,0,0.26860394268823157,2021
4d558ebbde851ebbceb2a376,2021-07-17,lightweight,1,0.8226220949844205,2021
973af1128fff9b2a14c5621f,2021-07-17,bantamweight,0,0.6565014890132806,2021
ed7f6c0bd5b437f2f9dc6c7c,2021-07-17,womens_bantamweight,1,0.5850842593167902,2021
c9c25ab469ad2fe48494e4ba,2021-07-17,middleweight,0,0.4936060139459069,2021
03a0165ac1c070a693740903,2021-07-24,bantamweight,1,0.6471054722259131,2021
3cb448435c95ab6aa4fed0a9,2021-07-24,bantamweight,0,0.7016458799809634,2021
b0617d39a8cbc7fc041d74b3,2021-07-24,featherweight,1,0.2949822627772956,2021
f9beb1b95ba45b9b1621b64b,2021-07-24,womens_strawweight,1,0.5110440567592338,2021
f8df7edab264a0f373e74bd3,2021-07-24,bantamweight,1,0.44677845821648543,2021
1a387168660b6545f6e752fb,2021-07-24,bantamweight,0,0.6446225317595411,2021
3619b7063e9cd88f010c5a0f,2021-07-24,welterweight,1,0.6340440958904103,2021
f115a8a9f478bc63f707998e,2021-07-24,womens_flyweight,1,0.38910574302106277,2021
f0c4c6e99336ff56646d4fa5,2021-07-24,middleweight,1,0.5541387055832268,2021
2457d12636a9cfb566f94a56,2021-07-24,middleweight,1,0.41496311457423235,2021
033418400afa21c1b79842c9,2021-07-24,womens_flyweight,1,0.6220588852010779,2021
aa362511017ececb3e8cb952,2021-07-31,welterweight,1,0.37315337309988206,2021
439390ea327acf2b45119216,2021-07-31,womens_strawweight,0,0.5030666252472803,2021
abe908dff98725268a6de4b5,2021-07-31,lightweight,1,0.3861818136546068,2021
f53d55ca7e6c71bca1768d71,2021-07-31,featherweight,0,0.5393986307167015,2021
3a69e82631c81017529c26db,2021-07-31,womens_strawweight,1,0.42963066960042984,2021
848d633ab5d861af69f87843,2021-07-31,welterweight,0,0.7111850100721886,2021
d6d47fd80d8781a3f317d30b,2021-07-31,welterweight,1,0.40099113853542756,2021
32bb78b29e02d70783585786,2021-07-31,flyweight,1,0.5693760073962256,2021
3af23183b818dfe59d5a0114,2021-07-31,middleweight,1,0.5696623718807082,2021
37eb5a2b7db7710c44ecbb0f,2021-08-07,light_heavyweight,1,0.6789610571457091,2021
31e656fd3cfbfde7ba181505,2021-08-07,heavyweight,0,0.3941264848662353,2021
cfc670cb4c942424d4bde058,2021-08-07,bantamweight,0,0.46357397408628936,2021
a13574844084b56c501c795d,2021-08-07,bantamweight,1,0.5917094805533218,2021
c291f2773170c40024daeb22,2021-08-07,womens_strawweight,1,0.3787020470339815,2021
e7881e314d5e66981e8e89de,2021-08-07,lightweight,1,0.5423544503261231,2021
a7d7600747cdce4d1aac4734,2021-08-07,flyweight,0,0.6529642215541541,2021
36997816a9de75a5faf77fdb,2021-08-07,welterweight,0,0.5355734139618951,2021
1b48725e4a5a6738fae9d75e,2021-08-07,bantamweight,0,0.15318223124985855,2021
adbb4bf7f16d6f11fdd6a702,2021-08-07,bantamweight,0,0.47081612372871845,2021
8a628435db9e18feeb85b101,2021-08-07,womens_strawweight,1,0.5153937246336934,2021
03bd3178b81b51c98a2ef07f,2021-08-07,womens_flyweight,0,0.4114501183818591,2021
ff592cdaa4eca0c7c874169d,2021-08-07,bantamweight,1,0.549517271228851,2021
97eff66c4a32a2932814be38,2021-08-21,flyweight,0,0.6564556530800013,2021
102faa4ad68146ae09750464,2021-08-21,featherweight,0,0.39923987469631167,2021
7f212aa41a8e96a98df4f434,2021-08-21,womens_bantamweight,1,0.3422857587796994,2021
256498ff833bad9ec8a58f4f,2021-08-21,bantamweight,1,0.3321898844683877,2021
768f6a84be53ebd19ce73dbe,2021-08-21,lightweight,1,0.7091990380478345,2021
39e93a7358c364f594c54892,2021-08-21,middleweight,0,0.5648267685786669,2021
a37c8fb1c9ec806b184a9c51,2021-08-21,heavyweight,1,0.3793792748437587,2021
5d50a9759638e91e84f0b746,2021-08-21,lightweight,1,0.5813118033938368,2021
e2ebb569fa02a491387e1161,2021-08-21,welterweight,0,0.5890072833415629,2021
eb3d6a53fd969c07e9831cf1,2021-08-21,bantamweight,0,0.7697011792839372,2021
642d81d57681e847b5fde3c9,2021-08-21,lightweight,1,0.42554334954298206,2021
45a810ac99baec2dd4b54d7c,2021-08-21,light_heavyweight,0,0.26514220351782347,2021
0ed065dd12c23b6c9d895669,2021-08-28,middleweight,0,0.6744569418042035,2021
9f9acc55a8ab60ad174b6e11,2021-08-28,middleweight,1,0.5268727792428503,2021
81175b83703a04c9578b0ede,2021-08-28,middleweight,0,0.5268727792428503,2021
aff3ed6568a856a3854450e4,2021-08-28,light_heavyweight,0,0.508596980611984,2021
ec627d0e52cb9efd5393d953,2021-08-28,featherweight,0,0.27764958173944204,2021
d6d68f11e8b1409123b81a91,2021-08-28,featherweight,0,0.39035838329023315,2021
bf631345d98ad2d5efa45637,2021-08-28,womens_flyweight,1,0.5202701420025833,2021
c64ba96ba3a2bbcd5352c69a,2021-08-28,welterweight,1,0.2909850654078517,2021
0e995a99c3637eda1e7fe1ab,2021-08-28,middleweight,0,0.617614892490806,2021
036b6e057cbf7a551f641948,2021-08-28,bantamweight,0,0.4446369427655842,2021
323b248672e4ff7a5e608f9e,2021-08-28,bantamweight,0,0.5268727792428503,2021
7134f69560a4ddd941edb18e,2021-08-28,middleweight,1,0.6643697195850127,2021
848148a2658c8b26e59ce487,2021-09-04,welterweight,1,0.5977833192674608,2021
979ddbd47cfbfedab2b8467b,2021-09-04,middleweight,0,0.4480757511272282,2021
c2ec829bd718d445716f67fa,2021-09-04,middleweight,0,0.4723315139091657,2021
97be85a3e259ac669e1925e6,2021-09-04,bantamweight,0,0.25081396439485976,2021
ba157252f6db82d9ef9cbf91,2021-09-04,catch_weight,1,0.29850576657703903,2021
24c47b0c28d199c1ece9b21b,2021-09-04,light_heavyweight,0,0.7730229365614429,2021
ef38db4fa319c1d073e6809b,2021-09-04,womens_flyweight,1,0.527850703284184,2021
f86ff3558c519c95d88ed2b0,2021-09-04,lightweight,0,0.7808980702600938,2021
e39ab69302a3a4acaa385b46,2021-09-04,heavyweight,0,0.36917758740237033,2021
21452c8ad7c8dfb85b7958bf,2021-09-18,light_heavyweight,1,0.3198616151742048,2021
889ae6f64e5ed194f4e9d57a,2021-09-18,womens_flyweight,0,0.5361411339328486,2021
1c6ed9f870c0d2d4f98638ea,2021-09-18,lightweight,0,0.1457848916200111,2021
2b42e0ee62b14d7f1ac91ecb,2021-09-18,womens_flyweight,0,0.5979180639337852,2021
30d2da816f66152c4db4ff93,2021-09-18,womens_flyweight,1,0.5184675143748175,2021
ba70d4bc1610e50610bc85f7,2021-09-18,welterweight,0,0.4347667624286823,2021
ed602daa65f0872d1ddab046,2021-09-18,light_heavyweight,0,0.4159542541796138,2021
50f8733c5af2c8bf7833a467,2021-09-18,middleweight,1,0.5629641219943674,2021
394cd08a2aa9c8a419957765,2021-09-18,light_heavyweight,0,0.4753128680423997,2021
193777961eacaedb105fe808,2021-09-18,bantamweight,0,0.1980714998226138,2021
7ab07f5868c762f3dce9e36f,2021-09-18,bantamweight,1,0.4540707493964388,2021
b7148a827199c4372ea4612c,2021-09-18,womens_bantamweight,1,0.4497397906786533,2021
0317bdc7071d3d9f20a0a566,2021-09-18,lightweight,0,0.4613337631479738,2021
947733852564801c14c15132,2021-09-25,featherweight,0,0.5096433131182462,2021
fc453d53cd9cfa9ea2181094,2021-09-25,middleweight,1,0.5846223538854545,2021
767276cd65a7bda83101b29a,2021-09-25,heavyweight,0,0.19691268152154479,2021
47acb1d6dee5fe4612753acf,2021-09-25,lightweight,1,0.4156983973921494,2021
7018a5372c82c8016ce4c305,2021-09-25,womens_flyweight,1,0.4945605454763606,2021
91bfc0bf09df44aba9658abd,2021-09-25,featherweight,1,0.6002703102022438,2021
37c022f2c4b458467443e0a5,2021-09-25,bantamweight,0,0.2876840283892195,2021
b413ac8b94e17d9fb59f2a9f,2021-09-25,welterweight,1,0.6898499511836186,2021
b36a08b76e552d0afc4cdbe4,2021-09-25,middleweight,1,0.38519320658747896,2021
2d366fdf2a73af32527b7ab9,2021-09-25,womens_flyweight,0,0.18211529696492507,2021
efae3152488573da2f0e8669,2021-09-25,heavyweight,0,0.2319675520035829,2021
474e7b7412f9128323a6ee3c,2021-09-25,lightweight,1,0.183813045366847,2021
4d3d35d9481430b2717e1dc0,2021-09-25,womens_flyweight,0,0.14933396399462723,2021
d7ff13529f7a31aa3fd66322,2021-10-02,bantamweight,0,0.22463989300155254,2021
958aeebbb028943f8b474351,2021-10-02,welterweight,0,0.6203127138669663,2021
21dfa6f1ccdd361947c8ec5a,2021-10-02,lightweight,0,0.27629280712908805,2021
6d3f40f6d4381ce272c0a74b,2021-10-02,womens_flyweight,0,0.23900203724198252,2021
03178009a51da703270bd2b4,2021-10-02,womens_bantamweight,1,0.652939864832417,2021
3537b39689d7dd5ae29a31d1,2021-10-02,lightweight,0,0.6224947687030276,2021
dff65f3a6f0298afa7bce7fc,2021-10-02,bantamweight,0,0.47135823988131764,2021
b9d93ed042c8eef56051609b,2021-10-02,lightweight,0,0.5572696468492103,2021
a2ed5d2192961f696e9f3cb5,2021-10-02,middleweight,0,0.45150730102361675,2021
a19ad67f1de8c89c051799ad,2021-10-02,womens_bantamweight,1,0.4967181269265188,2021
49ec1b7d30d14df34cde2e67,2021-10-02,light_heavyweight,1,0.5383251535220529,2021
69e9597fb43638f8229546fb,2021-10-09,heavyweight,1,0.6867203359034745,2021
a4f8f9cd16f04f65379846ce,2021-10-09,featherweight,1,0.5660987562057153,2021
679b8a681af1ea8df76c549c,2021-10-09,bantamweight,0,0.38562427931336557,2021
b693cc8733bc9b6adc490155,2021-10-09,womens_strawweight,1,0.5853441208255161,2021
65eb8cbb47349f9a81d27e50,2021-10-09,womens_strawweight,1,0.5433961687523269,2021
968a08b5b350e76b63b11406,2021-10-09,welterweight,0,0.38322709814971284,2021
c66520110ef94f852e522af5,2021-10-09,womens_flyweight,0,0.809905181932506,2021
2ab608b74126e2342d6abf67,2021-10-09,lightweight,1,0.6068305404057548,2021
35e27d0eed9850d71eef2219,2021-10-09,flyweight,0,0.3644182827585864,2021
05f9214d72c1cef7711a3eb5,2021-10-16,heavyweight,1,0.5316493176184067,2021
223893d41e07dc5cba8acd64,2021-10-16,middleweight,1,0.6401617717496749,2021
85743a2ebed3fb08b5acc751,2021-10-16,womens_featherweight,0,0.6173484419248139,2021
851cc8213082f5aa4029b1d8,2021-10-16,bantamweight,0,0.5460531489635713,2021
6c771843a2de0df6854e6234,2021-10-16,welterweight,0,0.5974222536477257,2021
7ec4f2ed29901e7f518e59da,2021-10-16,womens_strawweight,1,0.6226634370222582,2021
75e91a9b2071aabf06334e6f,2021-10-16,lightweight,1,0.7269233195437813,2021
b9ec4594020a9368d81a8a47,2021-10-16,womens_flyweight,0,0.5815604241377259,2021
83b2a1dfe625eba45f9fe0b4,2021-10-16,womens_flyweight,0,0.2839181761936816,2021
7e2515dfbd9e621b0263a272,2021-10-16,featherweight,0,0.8035204898739376,2021
abe8cc47f03ac58b02b7c95f,2021-10-23,featherweight,1,0.4763268158164981,2021
34754acf1c6eb5adb027b3e4,2021-10-23,welterweight,0,0.6993625855432363,2021
2a878e40629fed0a310e0b0c,2021-10-23,middleweight,0,0.6904412073210963,2021
dd60dff39adefccc680c4313,2021-10-23,flyweight,1,0.6255005462822214,2021
2fb719a1e5e0607e47554e4a,2021-10-23,womens_bantamweight,0,0.5196202615728398,2021
5d85a2f11fdb5bd41dff2dd3,2021-10-23,bantamweight,1,0.6992637427259494,2021
f60ed0d525f53da9f318bc43,2021-10-23,middleweight,0,0.4120274178648948,2021
4f68242759113783714f4450,2021-10-23,lightweight,1,0.3560970496339822,2021
c589ea31720af460013a699b,2021-10-23,womens_strawweight,0,0.6088922796217192,2021
a8902ba72d4e5d289caa1fbd,2021-10-23,lightweight,1,0.638018433861856,2021
19b013dcff6f9c597376a765,2021-10-23,light_heavyweight,1,0.6590063957498125,2021
41bdb938fef185e8ac424fb8,2021-10-23,light_heavyweight,1,0.8515533240095808,2021
181fe229210ebc0890d81133,2021-10-23,womens_strawweight,1,0.49729284593138706,2021
f8031426c728a047582f816b,2021-10-30,middleweight,1,0.44354308000126,2021
b2390e3878dea3ac297006fd,2021-10-30,heavyweight,1,0.67699793634852,2021
faf76162b47b80dad8f43727,2021-10-30,womens_strawweight,1,0.6013785569499076,2021
ea01307e17f5d9d2ae50e47a,2021-10-30,welterweight,0,0.19274892351052017,2021
ee313392ed6e4ab1c9ceea78,2021-10-30,middleweight,1,0.6668638519018774,2021
82a15dc2358e1868399b644b,2021-10-30,lightweight,1,0.512155194580826,2021
e9bc05614cd6cd3f89fd76ea,2021-10-30,light_heavyweight,1,0.38247497730566676,2021
3a77a8f67a2ec16505bae0ef,2021-10-30,welterweight,0,0.20291341489139075,2021
dcdf4bf3562857781eb17181,2021-10-30,light_heavyweight,1,0.7274723732828379,2021
d9465c9e6c4e4f9160831db3,2021-10-30,featherweight,0,0.2938001909559265,2021
bfa3ac1e602529401051e936,2021-10-30,bantamweight,0,0.5482876683495447,2021
243a6d2ea06e822417f703e4,2021-10-30,featherweight,1,0.2829763614164496,2021
5fc60133e539e2c0c7530ce7,2021-10-30,light_heavyweight,0,0.5289240026953117,2021
71a1ce754a0d5c295b38d6ad,2021-10-30,flyweight,1,0.585883954290494,2021
feba7692e9ec00fc3f868095,2021-11-06,lightweight,0,0.4963101629760741,2021
920ccd9a5d510535cd3692d3,2021-11-06,middleweight,1,0.6077646986067192,2021
10daa6ca09d264f8b7a2893a,2021-11-06,flyweight,1,0.5965782580989615,2021
e9b6f10c97adf96e4e554cc5,2021-11-06,light_heavyweight,1,0.49117499359647887,2021
0e30995a9aa64204088d1709,2021-11-06,middleweight,0,0.39465502610963926,2021
25b357bcb1a6646fa18598ef,2021-11-06,bantamweight,0,0.43330967241467805,2021
b0256b7f301cabc76e6204a7,2021-11-06,heavyweight,0,0.57988609295576,2021
8480a1caaf0cfb57c9e5fdf8,2021-11-06,welterweight,0,0.4794137929209938,2021
d88311609f9c79db410e7e7f,2021-11-06,lightweight,1,0.7215852366644926,2021
16299a61153a379aa621129d,2021-11-06,welterweight,1,0.8621207074679276,2021
bf1435ed5ca5a3918c669450,2021-11-06,featherweight,0,0.2344423166111015,2021
a93768c61a4ee022e03f794a,2021-11-06,middleweight,1,0.26107372925895206,2021
81d3f9751c8bc9bd3e0662f1,2021-11-06,womens_strawweight,1,0.6579849171399151,2021
b0c67496eb05d9210c671511,2021-11-06,featherweight,1,0.49266228329913675,2021
949db9181591a44d3ae970eb,2021-11-13,heavyweight,0,0.43578068970844164,2021
89ef0e35ce5ec74836288f7e,2021-11-13,womens_flyweight,0,0.49211085897321305,2021
c212308191927936a67ad305,2021-11-13,womens_flyweight,0,0.4160200359400033,2021
8797bee1f200128ccd5ee671,2021-11-13,womens_featherweight,1,0.39408808086425845,2021
2a193240a3ef708a55d33473,2021-11-13,light_heavyweight,0,0.26447978280744394,2021
5bc0f36c0ff5a8dbb0b2fa0b,2021-11-13,lightweight,0,0.4949108975456742,2021
e2e00765ed6f4ef0e3cf26ea,2021-11-13,featherweight,0,0.41457895642158576,2021
4ff1b5494b02c884c647e48d,2021-11-13,welterweight,0,0.7163463797691202,2021
422d4b195157b17048d3578c,2021-11-13,featherweight,0,0.37755693994551026,2021
796ec7042f87631266057606,2021-11-13,bantamweight,0,0.19803531135739844,2021
7200ae576f27dfe33d808be9,2021-11-13,lightweight,0,0.6158952454778245,2021
2b9f75df7adfc64073e39234,2021-11-20,flyweight,0,0.30860780381833547,2021
ea47fd95680fd40e63662844,2021-11-20,bantamweight,1,0.6664739901355243,2021
955de39b09cc63ac1016eb55,2021-11-20,womens_flyweight,0,0.2761805527329882,2021
c3392d5ce8b0f7cc39849ea5,2021-11-20,womens_bantamweight,1,0.5430985102266704,2021
886b35ce27e0dbfb4ffa65b1,2021-11-20,womens_strawweight,0,0.39715288421304135,2021
02b2074a853937d576367380,2021-11-20,womens_strawweight,0,0.19234624511402248,2021
c8b8e8a3970f3b7e64b5d37a,2021-11-20,welterweight,1,0.593271022055994,2021
e5d94690a4a67d6c1acbeec9,2021-11-20,featherweight,1,0.3474300510326633,2021
b456d5fbc84ec67adfb965e1,2021-11-20,lightweight,1,0.6203315952847785,2021
2fe0e26b551c93e2cdfc10ae,2021-11-20,bantamweight,0,0.49901095245346233,2021
3c53f6a604af1ebde04927af,2021-11-20,featherweight,1,0.29647154000408077,2021
226ce750c662215efe521657,2021-12-04,welterweight,1,0.7465106262085306,2021
f86d296f6d7d0c47ff000083,2021-12-04,light_heavyweight,0,0.5969772424149158,2021
2a0cb1a7ac7387052927df0a,2021-12-04,lightweight,1,0.44414085252322405,2021
73875ab95fc90e65ed3daa4b,2021-12-04,middleweight,0,0.7918819674626681,2021
7d6c4908269ce22c76a5bf6f,2021-12-04,welterweight,1,0.7048674560758366,2021
8ee79a7798d17ee7e0e747e8,2021-12-04,womens_strawweight,0,0.35458618576372414,2021
384b21ca73c1b32e325cb539,2021-12-04,lightweight,1,0.7654839617395099,2021
4307344dfcf8272d6832851b,2021-12-04,lightweight,1,0.30124290996464265,2021
dcf02508a91496610861f3cd,2021-12-04,light_heavyweight,0,0.6150164801550011,2021
68951def6fd1fe3b617a2a78,2021-12-04,bantamweight,1,0.47249970778049255,2021
e88409e5199e7f4ec93cd5c3,2021-12-04,middleweight,0,0.33642545926600975,2021
51f23bd45fcb1ce3757cd2ac,2021-12-04,flyweight,0,0.42874684634449306,2021
24bfa926f53e850e1895df92,2021-12-04,bantamweight,1,0.3114625529467789,2021
b24994b03c0c6d0628dcb5f9,2021-12-11,womens_bantamweight,0,0.7025781940050212,2021
977f1d7a994d29e9c5ddb2e8,2021-12-11,middleweight,0,0.3809472468282843,2021
3d1de970a2cf4b319b4c6692,2021-12-11,heavyweight,1,0.5891683210096897,2021
f6cf5b0962a53fff711a1736,2021-12-11,lightweight,0,0.482184490667198,2021
362ded9378ae33d6df9ab0db,2021-12-11,welterweight,1,0.5991274211474574,2021
659800e49c983b90b1532269,2021-12-11,womens_flyweight,1,0.7929437738770722,2021
5d9fa69369301a12d9df127f,2021-12-11,middleweight,0,0.26073573689581214,2021
7f29861d529a3539870a709a,2021-12-11,featherweight,0,0.568960540796777,2021
134497c23d1a4822c4629299,2021-12-11,flyweight,1,0.5920587945222964,2021
71350b718af2d753556e708b,2021-12-11,womens_flyweight,0,0.5488642250125629,2021
a66c555eb560ade1333c57d1,2021-12-11,bantamweight,0,0.29334074676838895,2021
9f6cc54787f0d18509556ebb,2021-12-11,bantamweight,0,0.6417438402336222,2021
f98dfffa944a6f9adc6c85de,2021-12-11,bantamweight,1,0.7435371614658586,2021
7113c70ef552d4c9dbc57658,2021-12-11,featherweight,0,0.5687363193486279,2021
8e8924f709322a82ecacc60f,2021-12-18,womens_strawweight,1,0.5805316646463213,2021
82f44b2371ac1940213fab72,2021-12-18,featherweight,0,0.48732033041460066,2021
8ab8d29bee172464a056b759,2021-12-18,featherweight,1,0.4850878578292062,2021
13aaf98af49e0e06517a3cdf,2021-12-18,heavyweight,1,0.36278698661767195,2021
9012e4d57365a687d63decab,2021-12-18,lightweight,0,0.2480865146653183,2021
57db8b42042306ccb55cc279,2021-12-18,heavyweight,1,0.6416738624016922,2021
6a6de675461536fac3479406,2021-12-18,middleweight,1,0.6729006331505926,2021
ff80eefba644b7bddd785a3e,2021-12-18,lightweight,0,0.28593250373309753,2021
7d13cbda8ae96a92482d1526,2021-12-18,heavyweight,0,0.34128533244995446,2021
60f48f8ffdb45557c4561d0a,2021-12-18,bantamweight,1,0.820118144432588,2021
5dc086998ae75bc0d851ceda,2021-12-18,womens_featherweight,0,0.4712416474971044,2021
5577100fdcc775b07433f1b2,2021-12-18,womens_flyweight,1,0.5908398028556552,2021
1df0129cb041d9c977faddd7,2021-12-18,welterweight,0,0.48672670809847257,2021
881ea0620bb309ae02591096,2022-01-15,featherweight,0,0.45361002505483006,2022
299816fff28d6ce721fabf71,2022-01-15,flyweight,1,0.6293581709302906,2022
caaf36c1c3755cb12f5893eb,2022-01-15,featherweight,1,0.48253812989096295,2022
889cc985afcb06e617eda61a,2022-01-15,featherweight,0,0.6950984530795783,2022
6390092375396a3f925baf1e,2022-01-15,welterweight,0,0.4152925713269399,2022
ebaff87fa2549b3b83d61772,2022-01-15,lightweight,1,0.5087017740541396,2022
8b9c5af00e072a39cb6e2a7a,2022-01-15,heavyweight,0,0.45266626966476425,2022
f72950530e203bc6f352bf55,2022-01-15,middleweight,1,0.42825209929437325,2022
2d6c4dc57a1961ef40816f56,2022-01-15,womens_flyweight,0,0.28376162102219293,2022
c77316be700ef6effbca89df,2022-01-15,lightweight,1,0.6879396331703983,2022
8eea8daed7a521ab1426cfe0,2022-01-22,flyweight,1,0.4855068690344999,2022
cc260ab6f2dcacb734b6e2ea,2022-01-22,bantamweight,1,0.539053515940048,2022
10040856fbf145522cf8cf94,2022-01-22,heavyweight,0,0.6096925211933081,2022
dddd15fae61d06522710056a,2022-01-22,welterweight,0,0.5204474538628657,2022
08046d48d6a4eb8737a3b825,2022-01-22,womens_flyweight,0,0.5644154144789516,2022
8b50626d4d84c3aa45d15a54,2022-01-22,lightweight,0,0.38449538261013666,2022
de14551f8d21580fa8596ef6,2022-01-22,welterweight,0,0.8201948398987624,2022
de8ba4acaa432c191891b7af,2022-01-22,welterweight,1,0.7355152132584235,2022
ec8bb730f1d208b6374ecd80,2022-01-22,bantamweight,1,0.15385172102714406,2022
fcbbd7bc5f35efaf8450ad3c,2022-01-22,womens_strawweight,1,0.6846902967877887,2022
98122fe1742fdd5100be2839,2022-01-22,bantamweight,1,0.7279368936558334,2022
6ddb3676f4a7c26e86f9b228,2022-02-05,womens_bantamweight,0,0.5106198727335806,2022
0272a89c05fdfaa2990c60a4,2022-02-05,middleweight,0,0.7810479308514328,2022
0e91e69c628ca4308127c75d,2022-02-05,featherweight,1,0.6214455261072722,2022
509c5eeb2b44572ce95c4735,2022-02-05,middleweight,0,0.39028779679760095,2022
62bd1e7c1b554cf0ae6a45ec,2022-02-05,light_heavyweight,0,0.7430782742004605,2022
8bcc740a724dc791e5db5130,2022-02-05,welterweight,1,0.391992368916216,2022
1c899e0a6dcb00a341edeaea,2022-02-05,featherweight,0,0.5465434050442834,2022
90b3e133f1e2802dc88d0786,2022-02-05,flyweight,0,0.3004373925987583,2022
10e50c9169649dc909f1e474,2022-02-05,bantamweight,1,0.386464273156449,2022
1d5256e991b31002be9b6431,2022-02-05,middleweight,0,0.5275881609461059,2022
6b2eb716c19a21cbe060c8e0,2022-02-05,light_heavyweight,1,0.7624289945511579,2022
d139ab9b5859db7ac6fac52c,2022-02-05,welterweight,0,0.41491288588479663,2022
16e2466bf12ade10d76a1eda,2022-02-05,middleweight,1,0.5745977958154426,2022
78785ae4443a05ddc0bb103f,2022-02-12,middleweight,0,0.3807572908952452,2022
90d1c538c65bf733ee1afd05,2022-02-12,lightweight,0,0.46331530323718645,2022
2715ae1c5ecb134385026391,2022-02-12,heavyweight,1,0.6129310534985464,2022
ebf653201e47f988f8939597,2022-02-12,light_heavyweight,1,0.5290503904411215,2022
1a6b5820ddd6159cefd853a9,2022-02-12,heavyweight,0,0.6287922310315457,2022
84e02aa57d1cc6af09fd93aa,2022-02-12,bantamweight,0,0.4525599484373394,2022
f6bbc41b4218274211e225dd,2022-02-12,middleweight,1,0.49418197510246503,2022
7d1b32a9d4d917e6275675bf,2022-02-12,middleweight,1,0.27925260320904705,2022
b43ee87245d800862af774b9,2022-02-12,welterweight,1,0.6986437515063227,2022
d69376c1ea693c430e1f0818,2022-02-12,lightweight,0,0.5977371444844745,2022
1f61d0ee3ab6febfeb923aaf,2022-02-12,bantamweight,1,0.8367864346376618,2022
6cd1aef6194b33b28b3f5cc2,2022-02-12,bantamweight,1,0.7496414136754211,2022
f332f3a05dc03a803776a9b5,2022-02-12,womens_flyweight,0,0.20257406318859045,2022
9b4c38da301541ccd18bf9f9,2022-02-12,heavyweight,0,0.5634321613752079,2022
e037496750d4a80f908de5f4,2022-02-19,bantamweight,0,0.6543152304689646,2022
05f71a10c41ce6a5c3587bc5,2022-02-19,featherweight,1,0.6417705804092523,2022
62712c070cfa71b63ee554b0,2022-02-19,womens_strawweight,1,0.4546039362075018,2022
83eb5904775e936959d6d016,2022-02-19,featherweight,1,0.25145301839367795,2022
e3a18f940a8ab9d972aa4639,2022-02-19,womens_bantamweight,0,0.48133664672304277,2022
541220a08c84c482c971b01b,2022-02-19,lightweight,1,0.64566715653299,2022
ba606d161dd1c5f504f8c984,2022-02-19,middleweight,0,0.31579364426339857,2022
0f1eb9c25283cba2a7cd007d,2022-02-19,light_heavyweight,0,0.6014868966182827,2022
774771f5b5f0f8d5af90fd20,2022-02-19,featherweight,0,0.2847998344111224,2022
7085b77b6e0023c3296b8cf6,2022-02-19,catch_weight,0,0.32622514057238855,2022
8c1cb182501b4ff4c557a4f7,2022-02-19,bantamweight,1,0.6532333475515965,2022
e0eeff5374ca589d7b5f7626,2022-02-19,heavyweight,0,0.429931818926662,2022
0bf431efc2c9170850a83b3f,2022-02-26,featherweight,0,0.463135361048723,2022
338700b1b79beb6242e882f3,2022-02-26,lightweight,1,0.6450739510073189,2022
21ab4fa36f44cfe6814659de,2022-02-26,middleweight,0,0.7933381790406016,2022
e9955a213c246dc76802a534,2022-02-26,catch_weight,0,0.3582251790536193,2022
755b2c5ef7b44148e45d06f8,2022-02-26,womens_flyweight,1,0.4865754468990664,2022
c9e3bc4ea58df6235765f2e0,2022-02-26,womens_featherweight,0,0.12080039442829235,2022
8c15089f0431ebf57fba0b25,2022-02-26,middleweight,0,0.5682712788303113,2022
7b8dd4825672e5c71feb365f,2022-02-26,welterweight,1,0.703217792246837,2022
115cd12c43c7ca9a98a34354,2022-02-26,lightweight,1,0.506260659831299,2022
ad3d758504e40f089358d0cc,2022-02-26,lightweight,0,0.3526762748123532,2022
09803872173680a4e5a486f2,2022-02-26,flyweight,1,0.5204474538628657,2022
8cab78badf4b3f9f94431dcb,2022-03-05,featherweight,0,0.1287741703911965,2022
eb2dea2335dc1879ca29907d,2022-03-05,welterweight,1,0.7254924159928563,2022
59e88ba1af2fe8e1830220bd,2022-03-05,lightweight,0,0.5150997988014903,2022
c66c7054afb057dd78aa0f05,2022-03-05,light_heavyweight,1,0.450664151968627,2022
76eb17111d5981c71736b835,2022-03-05,featherweight,0,0.2858047292433025,2022
054327f45b8b36f1c6c59bd8,2022-03-05,lightweight,0,0.37177881480357683,2022
fe7ff91782693e8c97668462,2022-03-05,welterweight,0,0.3090812717542263,2022
191f8590132dd622386f8dcb,2022-03-05,womens_strawweight,1,0.7016808894642654,2022
62773007de975caae0e7403f,2022-03-05,womens_flyweight,1,0.40588017030683843,2022
ef873da872c2b8ddc6d7f482,2022-03-05,light_heavyweight,0,0.6925775727345118,2022
0e0ef94c36f8e8a6f0d81303,2022-03-05,catch_weight,1,0.343714935713296,2022
8b16bf8119b7a1889e14425c,2022-03-05,heavyweight,0,0.4038213750141249,2022
8453f158995aa5825267e0fe,2022-03-05,flyweight,0,0.6163636786821015,2022
4274a5bfdeeb6b92088e770d,2022-03-12,middleweight,1,0.39697951832497985,2022
a62677dbc6c31338dbfa9ffe,2022-03-12,middleweight,1,0.6985587404414058,2022
53cf6639d25754d424f290c6,2022-03-12,featherweight,0,0.5833487203398823,2022
223c6e3695dc91fe55816b32,2022-03-12,lightweight,0,0.6964334719574276,2022
6ec545d9b947c7840a6a9e2b,2022-03-12,womens_flyweight,1,0.47702586660825286,2022
b80204d233e23b377832e77e,2022-03-12,light_heavyweight,0,0.5629129324292371,2022
8f6f6a38f9345a057af6dcdd,2022-03-12,bantamweight,0,0.4091714655436527,2022
4996c44f91f2861f4fab29a5,2022-03-12,bantamweight,0,0.23803415729548952,2022
15a96087e7d45aef123c2813,2022-03-12,welterweight,1,0.7164505734816264,2022
d51c5ce12e0b4950d5498e4f,2022-03-12,womens_flyweight,0,0.47367031496351636,2022
2eb0a77e45cae384dd8ee69a,2022-03-12,featherweight,0,0.4134106020572659,2022
ff820a222c111a32a86bd816,2022-03-12,light_heavyweight,1,0.3692232744072722,2022
d4e5897b395921bd30941f44,2022-03-12,light_heavyweight,1,0.7223494381318115,2022
c362815404c96b0fa3c1d79c,2022-03-12,bantamweight,1,0.4413413890082623,2022
ddb23a0f0b02cab6843a40b2,2022-03-19,heavyweight,1,0.6162397378266938,2022
fed3a50fd626de20bc9ddd39,2022-03-19,featherweight,1,0.5771981874636234,2022
0edcadeec8b119ec0a8e22e5,2022-03-19,womens_strawweight,0,0.5891637429049337,2022
90db3390059fe0b1ae095e2d,2022-03-19,welterweight,1,0.4993488625712511,2022
18453b23edda3fa1d9952968,2022-03-19,bantamweight,0,0.2582245647539478,2022
9ae7ce42c6960b736e0efa95,2022-03-19,lightweight,0,0.1749632939207074,2022
606a3226edc45b339470c15a,2022-03-19,featherweight,1,0.6407714928853772,2022
8438c52b0f5b6abb1524eb73,2022-03-19,womens_flyweight,1,0.3376279638683493,2022
e44f8d6c21499f7ee69f7413,2022-03-19,flyweight,1,0.3662393580883838,2022
b0c27e0a67c2921f706c7982,2022-03-19,light_heavyweight,1,0.3118542622329404,2022
50519ade549a1f6ba3ecdb0f,2022-03-19,lightweight,1,0.4173985532032054,2022
1855e62e711e7cb90db8c57f,2022-03-19,heavyweight,0,0.3960361434642587,2022
d1bfaf3217d92836ca7666c4,2022-03-26,middleweight,0,0.5204474538628657,2022
ef9aa738f67fd68f2ca5af2f,2022-03-26,flyweight,0,0.48863204682617,2022
301dfd58acfdd68cb9065d69,2022-03-26,bantamweight,1,0.5505835136878584,2022
351b3e350230c6b88f88f552,2022-03-26,heavyweight,0,0.24683392382719985,2022
7d5f589e73ee039bd2697e09,2022-03-26,womens_flyweight,0,0.2458293796259342,2022
2d86be1fe2a9c74ea1d1a00e,2022-03-26,womens_flyweight,1,0.5334104039963288,2022
2569c71203392ff1e1f14af3,2022-03-26,featherweight,1,0.48677033894119215,2022
41c6e7756509299ae12c897f,2022-03-26,lightweight,1,0.5269873035601723,2022
2d2fb7e95f4e7d64dacc585f,2022-03-26,flyweight,1,0.5611792638964825,2022
87d4157a7c6058179c54bd39,2022-03-26,welterweight,0,0.5536181776283561,2022
e9351c7db8c8562852add0bf,2022-03-26,welterweight,1,0.6020100055556654,2022
7af5d59b89e6c62ef7902cfe,2022-03-26,womens_bantamweight,0,0.7927545671299436,2022
6a456265c9a0a54a45727866,2022-04-09,heavyweight,0,0.6322894848587858,2022
9b4d0aeae28ca6a7651e18c3,2022-04-09,featherweight,1,0.7114862795538485,2022
d59489d2219b8acf65c14d10,2022-04-09,bantamweight,0,0.5803138830994844,2022
dcc78c9b5027cc486808530b,2022-04-09,middleweight,1,0.7557729060061928,2022
10a507567f7c574bab053aba,2022-04-09,womens_bantamweight,1,0.6634483085641494,2022
54dbd0ff791fe50de3635eda,2022-04-09,welterweight,1,0.7573083284544259,2022
8d6783bbc0f9d2bd2d4c0534,2022-04-09,welterweight,0,0.4832495040070701,2022
e4d38da609f2296f44f8e0f3,2022-04-09,bantamweight,1,0.6836992233584555,2022
395fac7e1cb89c9f48542548,2022-04-09,womens_strawweight,0,0.4364345906754298,2022
c717778925b8d05d09226a63,2022-04-09,welterweight,0,0.5219807736211854,2022
c8c932d20a23d93083cd5153,2022-04-09,womens_strawweight,1,0.4089552878425205,2022
5210e8a6bd51cdb8a3be4742,2022-04-09,lightweight,1,0.4159586453273901,2022
ab6c1f1d7010971c355e465c,2022-04-16,bantamweight,0,0.36237781809519237,2022
4e19d3624ce2f192fda3e87e,2022-04-16,middleweight,0,0.5204474538628657,2022
63a7508bcd39ffb177568395,2022-04-16,heavyweight,0,0.6138126739606079,2022
a3b791cf3770be81a7311fc4,2022-04-16,heavyweight,0,0.40865207739047843,2022
433dbc801627a6d385c7ad09,2022-04-16,lightweight,1,0.5790126434895092,2022
f700791a20e6fde6268982b3,2022-04-16,womens_strawweight,0,0.5274402336953842,2022
163a51708b615100cf2aba52,2022-04-16,lightweight,0,0.2626579526497845,2022
a2e535212cb0109c16e03dcd,2022-04-16,womens_bantamweight,0,0.2502296808549364,2022
069de3205d6c699d7be551aa,2022-04-16,womens_bantamweight,0,0.4452711315335624,2022
9c7629f898574d7d259de1e2,2022-04-16,welterweight,1,0.24490950632397984,2022
48857655a69cc90c77030d9a,2022-04-16,welterweight,0,0.306163573508978,2022
e9eef12674e72868f84a57a0,2022-04-16,featherweight,0,0.2110710535479906,2022
a2af6edea9fea96f3d6b4f3f,2022-04-16,lightweight,1,0.683180273142055,2022
de09e08f6c57358e9c22f9b4,2022-04-16,welterweight,1,0.6284563371860108,2022
48e6102e4d53ecae10721bf6,2022-04-23,womens_strawweight,1,0.6031643728556739,2022
9b932197b1fb2a26a1208177,2022-04-23,bantamweight,1,0.6355921368540646,2022
06669d51b0a57a8f66b216d9,2022-04-23,lightweight,0,0.3148887549208995,2022
692efc69390867723a995b60,2022-04-23,welterweight,1,0.37940829674716237,2022
c85d55bcecdce0caae48f32d,2022-04-23,welterweight,0,0.4369195991116772,2022
877e43ee92b6e92fe379f031,2022-04-23,catch_weight,0,0.3966126122278388,2022
4d8474d6d776dc1f62fe315b,2022-04-23,featherweight,0,0.4254032620724233,2022
711d9ff3483b66cb33e6fb1a,2022-04-23,light_heavyweight,1,0.3904898169544237,2022
2b3e69ba4ea58a394404b393,2022-04-23,womens_flyweight,1,0.5784159044750399,2022
c89f90b1b4c3c2b9606febb2,2022-04-23,welterweight,0,0.5063587190155546,2022
213b698eaacabc90d39c3618,2022-04-23,light_heavyweight,0,0.1732375891485507,2022
2dbdb35090901cb11cdd7d38,2022-04-30,heavyweight,0,0.2742946753150185,2022
aed8ef16b30b6d218c63f47c,2022-04-30,featherweight,1,0.5415735502180836,2022
fcc9d5a0cfe4deba917371fb,2022-04-30,heavyweight,1,0.50267840073256,2022
9ec02b95cb264245c08bd1c3,2022-04-30,flyweight,0,0.4436475493927575,2022
566ee83c01c427d616e79cb3,2022-04-30,featherweight,1,0.4019741076624732,2022
312ba0118051211ffa424bb3,2022-04-30,welterweight,1,0.59142049070521,2022
bd90e67407043275cc350cb5,2022-04-30,womens_flyweight,0,0.6484079051745355,2022
9932564c59fd0493d46f20f7,2022-04-30,lightweight,0,0.395697124710295,2022
ccbcefc2a02e49bf307142df,2022-04-30,middleweight,1,0.5169545061634219,2022
59e0827ca63295b63cd6a91a,2022-04-30,lightweight,0,0.2839319801518127,2022
4e359c108544d2c8759d97d6,2022-04-30,bantamweight,1,0.5931240610889782,2022
e83c43a20c4efdef6b675240,2022-05-07,welterweight,0,0.36333373721652956,2022
c3f4eb06b7985fd64caa1c2a,2022-05-07,womens_strawweight,1,0.7732620764227517,2022
27a25d6c4438938f3521b32a,2022-05-07,heavyweight,0,0.5932365958586101,2022
f9ad67246c83a9f959594eb4,2022-05-07,flyweight,0,0.509038367501052,2022
68ecc0f643b3d96f33c5ea9d,2022-05-07,lightweight,1,0.5510141110804337,2022
54d66068ae43906aa7a9cf26,2022-05-07,welterweight,0,0.6173669106328689,2022
a295f10a5980bdb7db934877,2022-05-07,bantamweight,1,0.6241408510308112,2022
57499631d3bdce3f6fc81243,2022-05-07,flyweight,0,0.45312013376721505,2022
65626c902a390cc627f7be7e,2022-05-07,womens_featherweight,0,0.5959703382098864,2022
d31f108ad033cadad0d1f468,2022-05-07,light_heavyweight,1,0.43644621997098276,2022
cdb998abfa18ccf9f27af3b6,2022-05-07,lightweight,0,0.5169946301003286,2022
709d13b3d0f6930bb797146f,2022-05-07,welterweight,1,0.44429315756572957,2022
e513925b16ccc7cf2bc93298,2022-05-07,womens_strawweight,1,0.22311411870030848,2022
cc6e0ffb423d24fff180d8c1,2022-05-07,womens_flyweight,1,0.48089312326981987,2022
e80cfbe7751b8e42d0e37d81,2022-05-14,bantamweight,1,0.5525981230487312,2022
d21ed7987834436d79762e16,2022-05-14,lightweight,1,0.5664177347576385,2022
4987dc6f22514fa13327d770,2022-05-14,flyweight,1,0.6507739459350023,2022
ec3db7fb69fd747f19d2772f,2022-05-14,light_heavyweight,1,0.5599555494248881,2022
3a7bcb7089d6096f13b7cd48,2022-05-14,womens_flyweight,0,0.32566351342990146,2022
cb4c231ddb365e4a24ca3af4,2022-05-14,lightweight,0,0.36143678508439525,2022
95e847d3cc4c6bcbd6043bc2,2022-05-14,middleweight,1,0.40765550885580415,2022
db6d572d7fc3c8ad496fe6e9,2022-05-14,light_heavyweight,1,0.3796629164724451,2022
d0dd5444e56544c7c7529281,2022-05-14,flyweight,1,0.7304473298985809,2022
6b6cce875a6e865322f23a66,2022-05-14,womens_strawweight,0,0.31236239220174006,2022
da1f5ebe1db19397cf95fdcf,2022-05-14,womens_flyweight,1,0.33776975399244097,2022
a909d174db8b4390ae3774cf,2022-05-21,featherweight,1,0.6620635772668391,2022
9101fa72d85c818841ee1d9b,2022-05-21,middleweight,1,0.44031471527055815,2022
b2a463b8b2afe1453190b2a1,2022-05-21,womens_strawweight,0,0.5334354304097851,2022
383bc526c4fd50b1ff054c67,2022-05-21,middleweight,0,0.49765108492342575,2022
45ca004338ad389c7e7dfbd2,2022-05-21,womens_bantamweight,1,0.4947448493722593,2022
3f379cb193e0300c1aa1f821,2022-05-21,heavyweight,1,0.5252466831520549,2022
2613b85681482b84539b6f00,2022-05-21,bantamweight,0,0.3324655277376459,2022
765486e120840e8df1d10183,2022-05-21,middleweight,1,0.6585841531959297,2022
40240f9f36602a2870ec2baa,2022-05-21,lightweight,1,0.5084120402676098,2022
da790c4bab3aeacba933229a,2022-05-21,womens_strawweight,1,0.5725261578953765,2022
e2c480e4c1e2f0c1546d5d77,2022-05-21,welterweight,0,0.3114673162257234,2022
d22c42254e29e2ec340e1418,2022-06-04,heavyweight,0,0.46884385351602514,2022
7d2d589ab3a24ccbec850331,2022-06-04,light_heavyweight,1,0.728778198547823,2022
b5fef85ad8722e2c173f1f31,2022-06-04,featherweight,1,0.7517150164533406,2022
f9fbead95e311fc0ea7c84ee,2022-06-04,featherweight,1,0.7735987197538937,2022
23a75d6e26246f3fadb396da,2022-06-04,womens_flyweight,0,0.29603813442532995,2022
65042c1a280902886dc6dd26,2022-06-04,womens_strawweight,1,0.5428553181738629,2022
c65a22b110cef6fbb2125d34,2022-06-04,flyweight,0,0.25141001661378104,2022
8ce12f6034150468696c1404,2022-06-04,lightweight,0,0.4728169114933607,2022
5445242c5438b4603f99e089,2022-06-04,bantamweight,0,0.5035260050864262,2022
d14d68587e692687da0d3f24,2022-06-04,womens_flyweight,0,0.5942637983281122,2022
e663e56b52a832ad0691ca69,2022-06-04,featherweight,0,0.7112710641141441,2022
48c473af66656aa65786f4e1,2022-06-04,lightweight,0,0.5785525655722235,2022
1879d9ea46bd3c6332543b68,2022-06-04,flyweight,0,0.6205782975371535,2022
b2038bb6ca99f8b0ed7255c7,2022-06-04,welterweight,1,0.5898119849748081,2022
e49e62b538c8335689613162,2022-06-11,welterweight,1,0.5663505962866092,2022
065e1f6ee6a773ecb89f7d12,2022-06-11,middleweight,0,0.5404108693627641,2022
fb821412f370884401d35139,2022-06-11,light_heavyweight,0,0.5082054250190313,2022
1e545d34ef5e99a2aabb7d44,2022-06-11,welterweight,0,0.2687837416418404,2022
1991007feecb43a26b0eb7c6,2022-06-11,bantamweight,0,0.42968706530383133,2022
4bdcffba7b815f20f7f0c0cf,2022-06-11,womens_strawweight,0,0.5162505270750175,2022
e257df6df9aae0de1ae83c76,2022-06-11,lightweight,0,0.7280340937292704,2022
acf90527fde3048d8876a70a,2022-06-11,womens_featherweight,1,0.41606727289555984,2022
940b51f448bcff3babf27a3c,2022-06-11,featherweight,1,0.5720732333280778,2022
bd4b807ebad4ce66420cb1f8,2022-06-11,womens_flyweight,0,0.44680455202940605,2022
d41039f9c98e4cd3418f2f02,2022-06-11,womens_strawweight,0,0.46129433293730704,2022
69d6707f40dbdd247de83d25,2022-06-18,bantamweight,1,0.6199901165008562,2022
b2afb64bd777a942b65dbb5a,2022-06-18,featherweight,1,0.482665476688637,2022
bc67a856832a4900d2384ba4,2022-06-18,welterweight,1,0.6196156326468191,2022
4a4060d03f813216114e4968,2022-06-18,lightweight,0,0.3508235779845633,2022
2280acaef1bd4f8d94bf22f2,2022-06-18,bantamweight,1,0.7694797688860857,2022
ef1c81da42f18212117eb7db,2022-06-18,womens_flyweight,0,0.5530045134218899,2022
b8b37ab0d685d69a80b80bfb,2022-06-18,middleweight,1,0.48161293120325643,2022
c8bce7a0cd5b64400d6ce30d,2022-06-18,middleweight,0,0.4291807276765749,2022
34eacc018777cf756f0a9bc0,2022-06-18,womens_strawweight,0,0.6293958724240539,2022
61b4b53d06936ba0aa98113d,2022-06-18,middleweight,1,0.7133901690083658,2022
2cfd9a8c1b61856144ef594b,2022-06-18,featherweight,1,0.8346208723060037,2022
5bdb3da39bb6e719e9fc0618,2022-06-18,middleweight,0,0.46686616944353204,2022
68df60a85737373fc82b19b1,2022-06-18,welterweight,0,0.2993477181190142,2022
2fbfe695974365c0c5f85fc8,2022-06-25,lightweight,1,0.3853177596654781,2022
6458152c222f4906571bcde7,2022-06-25,bantamweight,0,0.39795860669140765,2022
2ecd2eed9d2962188ecb5689,2022-06-25,light_heavyweight,1,0.5441970820573234,2022
818221d71c181b39140c5074,2022-06-25,middleweight,0,0.5880029704390023,2022
35e5e8e703d00edf360a6043,2022-06-25,heavyweight,1,0.3264437621958965,2022
dbd552c2d7e341649622ee23,2022-06-25,flyweight,0,0.44164263584478197,2022
d3ae12666b9f9a68eead2751,2022-06-25,bantamweight,0,0.27527571814126084,2022
e4ea35454ee62c778fa3f4a6,2022-06-25,welterweight,1,0.755864146862427,2022
b21c9e5ff089ca9195054ac3,2022-06-25,bantamweight,0,0.5410328101297907,2022
76e3a22b48d90e22583c5147,2022-06-25,featherweight,1,0.22589801983421837,2022
48b66f6c4e067ab131987c86,2022-06-25,lightweight,0,0.43020741389777145,2022
a59780a9c44b0f7455be33f1,2022-06-25,womens_strawweight,1,0.508474383563936,2022
e02eea16ac82e778f7daf1f7,2022-07-02,featherweight,1,0.6422012626334909,2022
876921be33b920ac9567b725,2022-07-02,lightweight,0,0.391738957881911,2022
e81f8dc803fd77311da05e80,2022-07-02,middleweight,1,0.7910241182124459,2022
859d13910d61abd539cc945f,2022-07-02,welterweight,1,0.5990527788892398,2022
e6c3e6276839dd5d64a789b2,2022-07-02,middleweight,0,0.1392782494416464,2022
a2e9ef0e8cb15790f8ced352,2022-07-02,womens_flyweight,1,0.8358065540818208,2022
eea7d1b3716582025dfbfca3,2022-07-02,womens_bantamweight,0,0.5588914662452231,2022
2a9cc81d46ea65120d7fbe99,2022-07-02,welterweight,1,0.5304621232919674,2022
ba6dd14c8af9df3ea8f92512,2022-07-02,welterweight,1,0.5869494973439765,2022
5833acc9c3ac9e365c6c0b7c,2022-07-02,middleweight,1,0.33692233203414146,2022
177235a3e775a6743d6600e5,2022-07-02,middleweight,0,0.472109757835347,2022
f2fd98701b89701fae9088a5,2022-07-09,bantamweight,1,0.36516376752535235,2022
803fc1e81cfdec6e7a503544,2022-07-09,womens_flyweight,0,0.5979110617152547,2022
8990215859428aaac941741d,2022-07-09,middleweight,1,0.4413105727400045,2022
833c99cb97e71c4d5ca53fcb,2022-07-09,middleweight,1,0.5801753851597574,2022
894eb20cea5348518aad7e6a,2022-07-09,featherweight,0,0.40371110591331477,2022
ec47ffa3f0a194c15729e14e,2022-07-09,bantamweight,1,0.7422298786162222,2022
eb92cb37c14b9a12e2392824,2022-07-09,heavyweight,1,0.39387928451486587,2022
ed326894c1c1b1d3adbf1cba,2022-07-09,light_heavyweight,0,0.45457829874055616,2022
3762c8ce8cd05373829c8371,2022-07-09,lightweight,0,0.43989600596611017,2022
85e2d3f91c45cbb0e0bc1cb6,2022-07-09,lightweight,1,0.5255013306384873,2022
fb7e9ab6b45aeb9bdb8436ab,2022-07-09,bantamweight,0,0.5999606706675576,2022
b203dec5ae3023e120de922f,2022-07-16,featherweight,1,0.63006007236255,2022
a32125452f6904259fbc72b2,2022-07-16,featherweight,1,0.37797930932609936,2022
8fe207b501c2aa7554270832,2022-07-16,light_heavyweight,0,0.40377609671885756,2022
a9c93145b251be4e9d7e6dcb,2022-07-16,middleweight,0,0.6293361450481928,2022
12d4dffc5e8bc17202be2632,2022-07-16,womens_strawweight,1,0.3658289939528899,2022
fb462f5b2e9f652779cdfb66,2022-07-16,womens_flyweight,0,0.6856447167000216,2022
c637b6f0f5a09bb8e1a74e50,2022-07-16,welterweight,0,0.5755272988529249,2022
17ea09382d449f8306c19c3b,2022-07-16,flyweight,1,0.24498730812227085,2022
fd355002a0fa2e74e3536f46,2022-07-16,womens_strawweight,1,0.7333895762968786,2022
ccfedebf868f0b8dc734bfd2,2022-07-16,middleweight,0,0.24690351354740156,2022
aec85754ffdd895e4321b6fb,2022-07-16,bantamweight,1,0.519689981749591,2022
ad625eebc9ae756d4e5ce12a,2022-07-16,featherweight,0,0.4756339946835354,2022
f0728df1781fd229cb014c50,2022-07-23,welterweight,1,0.5389662277204893,2022
fc3a021d4027a74cd0e85243,2022-07-23,heavyweight,1,0.5087376792155983,2022
953bbb8b3a4dbab3e4857e03,2022-07-23,middleweight,1,0.7531151929238067,2022
e1bfa78d9e55d9829168dcdb,2022-07-23,lightweight,1,0.6300225124764172,2022
d04154269d7f8664c62b6131,2022-07-23,featherweight,0,0.4049367381992399,2022
68dfedbb07bf88d9ca273dc2,2022-07-23,womens_flyweight,1,0.5431203720817774,2022
ec4c20bfa09fac0285d92870,2022-07-23,lightweight,0,0.41604918959484444,2022
3ba5a9abbb1ae3fa79599046,2022-07-23,lightweight,1,0.576989837721652,2022
291314e3a3d4ef5e1277e4e1,2022-07-23,womens_flyweight,1,0.7506884269276224,2022
819b658e6cf0d717bb91de6c,2022-07-23,flyweight,0,0.21017010710794107,2022
e1c2046ddc61effa0182c84b,2022-07-23,featherweight,1,0.7120028208423096,2022
fcbaa5ecf7ea948ec4284861,2022-07-23,light_heavyweight,1,0.6311907269137382,2022
a3042f1e67d6574fb63da12e,2022-07-23,lightweight,0,0.5960289433636404,2022
ef6ab6d69866893d4c3f7e61,2022-07-23,light_heavyweight,0,0.27034917097487504,2022
b8683f73e2644670bf1ff574,2022-07-30,welterweight,0,0.5223067176204784,2022
282ad5f28deaf15f8dca4792,2022-07-30,flyweight,0,0.7430153842895961,2022
5fa0aeb049247895d054ff67,2022-07-30,flyweight,1,0.5588900854406366,2022
c07de9903dda0402b5b7ae51,2022-07-30,heavyweight,0,0.48459011479766184,2022
5aaa23664d6070cac2051597,2022-07-30,lightweight,1,0.630976847145618,2022
58e54a3c63001690d005c9bc,2022-07-30,lightweight,0,0.5494783129133046,2022
10b81e064c1a7b6abe9a2535,2022-07-30,womens_bantamweight,1,0.6908042537692034,2022
33eed00e388c88409a34cb2f,2022-07-30,womens_bantamweight,0,0.5467709925157778,2022
e4877492b848342688b0277c,2022-07-30,light_heavyweight,0,0.46385236842016847,2022
acc3d39765c5482fcb45accd,2022-07-30,welterweight,1,0.7528089470487365,2022
17570bc74fd14e361a08e878,2022-07-30,light_heavyweight,0,0.37449595742525665,2022
ac2b588a1a2472b349609a68,2022-07-30,welterweight,0,0.34378290967740815,2022
1a6042f44f4e1018e13bcf39,2022-08-06,heavyweight,0,0.24144790412775685,2022
11bfef30ead4201c97f126a7,2022-08-06,womens_flyweight,0,0.5204474538628657,2022
ee78ff94d74191c0950c3305,2022-08-06,welterweight,1,0.6537630575746621,2022
14baf91c942b6d4b80278c39,2022-08-06,womens_strawweight,1,0.46327269957891015,2022
e16f507b343589a2e4e6722a,2022-08-06,womens_bantamweight,0,0.4407463001553233,2022
e21ab264e04732c3ef8f62f4,2022-08-06,heavyweight,0,0.5204474538628657,2022
e9da8c8a6c31cb23cefbf64a,2022-08-06,middleweight,1,0.7239631838782589,2022
6ec98fde74b283e28ca0a7fe,2022-08-06,lightweight,0,0.1624701870443114,2022
cf34d5f335348b66aa91eff5,2022-08-06,light_heavyweight,0,0.6037761684264705,2022
f8f3e8322df974e5e79c4018,2022-08-06,welterweight,1,0.4325597122934266,2022
a786185afd5f82f1db44d3c8,2022-08-13,catch_weight,0,0.6249455624858841,2022
769a825b93d1f461ed037a48,2022-08-13,middleweight,1,0.5305114916278414,2022
e5ba6b21277ad5545d7c0dc3,2022-08-13,womens_flyweight,0,0.5634020927853787,2022
7322e2f3f4bf5390f2bda163,2022-08-13,light_heavyweight,0,0.4955852478103529,2022
aaf6d2192b150766430fc20b,2022-08-13,lightweight,1,0.5495592568747587,2022
ba36c66a9c8864239d835333,2022-08-13,catch_weight,0,0.6970724309598529,2022
e07aa035986642062d25c1f5,2022-08-13,bantamweight,1,0.5786661669022473,2022
8734458639c9a77e963669f8,2022-08-13,heavyweight,0,0.22936521383303038,2022
8e3ee192291658b73f706113,2022-08-13,featherweight,1,0.5148983940771068,2022
207fbf80c6f721606f408c61,2022-08-13,flyweight,0,0.7478254179027103,2022
0e895646923d2363e9ee3865,2022-08-13,womens_bantamweight,1,0.3862647124586414,2022
cd596c04dadc1a357e70db6e,2022-08-13,womens_strawweight,0,0.5204474538628657,2022
7e414bf2e90506da27163941,2022-08-20,welterweight,0,0.6868976162499302,2022
8a9c09281e5eeca72ddede9c,2022-08-20,flyweight,0,0.3673227879949582,2022
fc73feb19b3af4a912864096,2022-08-20,bantamweight,0,0.5142881629848944,2022
2e655f9fa69fc63ba339bf9d,2022-08-20,flyweight,0,0.624783471533096,2022
09110ce448db775f208b9e4f,2022-08-20,bantamweight,0,0.40735538639882474,2022
96bf35f8d242172083318f0b,2022-08-20,welterweight,0,0.8111126930937568,2022
72cae9b3b0647f262149f01d,2022-08-20,lightweight,0,0.39800726144896076,2022
6e01d4335754eab4e2519c82,2022-08-20,heavyweight,0,0.7002201630169343,2022
e041b8ced5ccae038bf87f85,2022-08-20,middleweight,1,0.47576819948440213,2022
e21703f2490a99b16dfadb3d,2022-08-20,light_heavyweight,1,0.7571024688630739,2022
f41c685ee847a134377ce615,2022-08-20,womens_bantamweight,0,0.389904495341293,2022
9ce27f8c4c81304aae9d0e7e,2022-09-03,middleweight,0,0.49332100733352613,2022
a3bbb4a0fa0064f0548c4dc4,2022-09-03,middleweight,1,0.45347210550916384,2022
2d11896bafc8bb829b196c12,2022-09-03,lightweight,0,0.3258314128946365,2022
55128794a5130c0766120091,2022-09-03,featherweight,0,0.44990853717903123,2022
7301434a052e54b477cb10b8,2022-09-03,heavyweight,0,0.34457369798606746,2022
d67df94cf203060829d5e02a,2022-09-03,lightweight,0,0.284309390713538,2022
3f009a05817aa629ecb33512,2022-09-03,lightweight,1,0.5606248636201115,2022
86ec5f7ecd89641f1c7cff4e,2022-09-03,bantamweight,1,0.44147013695803533,2022
561ee3bd70a2f70be5d0512b,2022-09-03,middleweight,1,0.5566350200749587,2022
0fc64e2e9e677fbf1fdd2676,2022-09-03,middleweight,0,0.29905170466743963,2022
be1d0f8c941e18f2385e8ec8,2022-09-03,womens_featherweight,0,0.2643679390025387,2022
b8f2b3651db2a7baa029e536,2022-09-03,featherweight,0,0.5204474538628657,2022
4a6bcffa1eef009392233795,2022-09-10,bantamweight,0,0.36422979345386236,2022
c00654036cf18b5bb5f2d2c5,2022-09-10,welterweight,0,0.3866211673727093,2022
b36dfd6178f9afe0176a1770,2022-09-10,middleweight,0,0.6875826842787746,2022
7f7d0ff5834aebf0c6e0956b,2022-09-10,featherweight,0,0.7307629083385723,2022
41da67b4d117a50c666ac843,2022-09-10,catch_weight,1,0.41242043632016,2022
6153221828eccf4930f0d3e6,2022-09-10,catch_weight,0,0.11844764777443742,2022
9d40474ac4964ada854fa013,2022-09-10,heavyweight,0,0.718525438890254,2022
5a062d96aab1c99b7cc95f3b,2022-09-10,light_heavyweight,1,0.49983144397889534,2022
61ba8d4c4fabfe43fbb836c9,2022-09-10,catch_weight,1,0.3581515757560701,2022
014ea6d786ce6f657768e865,2022-09-10,catch_weight,0,0.4976043376481239,2022
0eacc4f0d8ed4f419ecbcea2,2022-09-10,womens_strawweight,1,0.5999763324262006,2022
b23e87fdf32c675244e517b7,2022-09-10,welterweight,1,0.3675975729124754,2022
129aa2e2442a6668ab3bdc63,2022-09-10,womens_featherweight,1,0.6957299051340001,2022
5c6812938d363a82f925824d,2022-09-17,featherweight,1,0.5421536845643291,2022
8d050432569789c31a32dcde,2022-09-17,middleweight,0,0.36232792744170345,2022
dbcca4558e9c1d0d13c510a3,2022-09-17,middleweight,0,0.44295102442831,2022
bc3c14ac6ca3b5d7e1f471ce,2022-09-17,bantamweight,0,0.6408091869099884,2022
c743e51d32485abb008206d8,2022-09-17,featherweight,0,0.6322444659997757,2022
059dfb0529502eb13b47c82e,2022-09-17,womens_strawweight,1,0.6214456483198814,2022
f973efc4d40fd253e6092acf,2022-09-17,middleweight,1,0.6459673913341517,2022
faae6d894d5ca7b2e828bf54,2022-09-17,womens_flyweight,1,0.4961317190809452,2022
ba54b51b997887a6beff6ea6,2022-09-17,lightweight,0,0.5631866682403512,2022
4d68a5e737c1e8b51f6f2e2d,2022-09-17,heavyweight,0,0.7246518059310907,2022
58d0836ce3aef89372366e16,2022-09-17,bantamweight,1,0.3829111620364925,2022
1afe0d50e01083bebcec9aa7,2022-09-17,welterweight,1,0.7428504242386624,2022
49322c3b76a447084d3343fa,2022-09-17,lightweight,0,0.4253639395704832,2022
87a787d77cf0a5e09d3d9395,2022-10-01,bantamweight,1,0.29908263695734333,2022
38a5c52b9d2138c264286309,2022-10-01,heavyweight,1,0.4746314567587872,2022
fc47440fea6c1d9a73f29056,2022-10-01,lightweight,0,0.3016903711994537,2022
5c2d756d58e2169143a3d205,2022-10-01,catch_weight,0,0.7287643296074797,2022
fa7cd15e925add6d68fc71fb,2022-10-01,catch_weight,0,0.5379709387432556,2022
fa6a5ead0aa09a9ef6c5b57a,2022-10-01,middleweight,1,0.5433857295489544,2022
b72aea582d1585d9cb98b492,2022-10-01,womens_strawweight,1,0.42892573353075997,2022
769a6a0ed8f56e2771571177,2022-10-01,lightweight,1,0.5197846867318567,2022
ba830e44c169818ed678aa41,2022-10-01,welterweight,1,0.6092316258465437,2022
8a3a1e63063d34a285884a99,2022-10-01,bantamweight,1,0.5937249279449724,2022
332b606adadb464988ce504c,2022-10-01,featherweight,0,0.11581108059929486,2022
01280f9e77503889cc5f9625,2022-10-15,womens_flyweight,1,0.5954438856215721,2022
ca2c4ad4a77247d7ccff754f,2022-10-15,bantamweight,0,0.5069489859037652,2022
0b42a434a9d342606e9634d5,2022-10-15,featherweight,1,0.6552531124310529,2022
26959a0ae6d9ffc29e07813b,2022-10-15,middleweight,0,0.35321556176249647,2022
aae253d49a82af766011fb44,2022-10-15,bantamweight,0,0.36199547239649643,2022
dd6794095b4f567cbc4101d5,2022-10-15,welterweight,0,0.6813348128222527,2022
044df039a74152712583ec34,2022-10-15,light_heavyweight,1,0.40701065610501047,2022
6a2ccb4c05791a9425fdd871,2022-10-15,middleweight,0,0.5316163389805791,2022
a351ceb4ec13704924e64821,2022-10-15,womens_strawweight,1,0.35260768309426005,2022
4f4009ed9b6888d49211b309,2022-10-15,bantamweight,1,0.6521287519893773,2022
cb331ce12f84a70205c765de,2022-10-15,flyweight,0,0.2700464819812853,2022
2fa71d83dae3ebb848f3441c,2022-10-22,welterweight,0,0.4123470192704343,2022
3969abdde9d204a1383b76b0,2022-10-22,bantamweight,0,0.3638369306499193,2022
d51176910516429f296e9791,2022-10-22,middleweight,1,0.5671873063405382,2022
8b1f7cebde3141ff07f2e923,2022-10-22,welterweight,1,0.42427207283359664,2022
1f39f88404238882611b5baf,2022-10-22,lightweight,1,0.467938848097362,2022
89b86d8017ee9c1cbaa746ae,2022-10-22,lightweight,1,0.6554254279283855,2022
e323e1ea8dacbcffaa512ad7,2022-10-22,womens_bantamweight,1,0.7532083351095132,2022
35a1f8dde1fde0e00768056a,2022-10-22,womens_flyweight,1,0.442644542180866,2022
f4c1d9b02ea276231e92bad9,2022-10-22,middleweight,0,0.5972140818062065,2022
bf2060061f6746545bdfc695,2022-10-22,flyweight,1,0.5463384102775538,2022
5cb842db992ceaeea1b3cf29,2022-10-22,bantamweight,0,0.3712974418601451,2022
a99407677ffcc07b6201b9fe,2022-10-22,light_heavyweight,1,0.5833198677289888,2022
9e77914c5d3a7d1ddeb09921,2022-10-29,heavyweight,0,0.4049100714994973,2022
0475b074697fe0251c4d12ec,2022-10-29,featherweight,1,0.7538148660094022,2022
9ad86cefbe6ecdf976f7782a,2022-10-29,featherweight,1,0.5091323919665753,2022
ad5ce07a6e0876f8d5be2633,2022-10-29,bantamweight,1,0.6971572056486288,2022
3ea908dc8672aba46a6b1042,2022-10-29,flyweight,0,0.3478860332377751,2022
9cf346c97ea2bbfd2c1c605e,2022-10-29,light_heavyweight,1,0.3981016679006426,2022
2578ddec4698f73c077da962,2022-10-29,middleweight,1,0.6965797319817508,2022
ca802282390c52fdb2408e0b,2022-10-29,middleweight,0,0.4212387297105561,2022
15d5339005fa2e8e3ec329bc,2022-10-29,middleweight,1,0.520649189594119,2022
50f80108ef29bd03c1534f16,2022-10-29,welterweight,1,0.5893303344104802,2022
5f9c2584685ac701df1b20f1,2022-10-29,heavyweight,1,0.6518650172337169,2022
fb2b6999fee39d8d4b28984c,2022-11-05,flyweight,1,0.5134090683032209,2022
1fa02083adffe4f1a1aaa2d6,2022-11-05,featherweight,1,0.44869685058470665,2022
443e0c3f3b5ee8993cb6247b,2022-11-05,lightweight,1,0.7567707476947827,2022
ad031ee4e83f763ae7e5c2c5,2022-11-05,bantamweight,0,0.3450335851940725,2022
85d5c7447efef749dd381282,2022-11-05,womens_strawweight,1,0.4424885908638738,2022
d98a3449d656417386274448,2022-11-05,bantamweight,0,0.28708320205491084,2022
67bf0adfb4a72e6d1d0816f4,2022-11-05,womens_flyweight,0,0.26786498281561566,2022
7d63d3e966fba6336272ecea,2022-11-05,welterweight,0,0.5398871840890389,2022
7d171beb120b8d9b085f3e3c,2022-11-05,womens_strawweight,0,0.4166292400577448,2022
f6116b016fd15f3896db959f,2022-11-05,flyweight,1,0.4949115304716316,2022
d752a82ef0612c0a2c486058,2022-11-05,womens_bantamweight,0,0.5231753467871365,2022
8aa99b2cd9574bce2a5476f0,2022-11-12,middleweight,0,0.29632316953694204,2022
57a461274144d12c6cfaa424,2022-11-12,lightweight,1,0.602260852627402,2022
c2dc5cbd59cfdf863d8c6b7c,2022-11-12,womens_strawweight,1,0.4916138438495499,2022
8a2af618f9bb8c2582583f47,2022-11-12,light_heavyweight,1,0.5070675902906255,2022
e85b565475987e455e539476,2022-11-12,lightweight,0,0.6743679718392372,2022
66f2c5674043221ca0434043,2022-11-12,light_heavyweight,0,0.44774884465589315,2022
ed6cea9fd841f86133410b45,2022-11-12,lightweight,1,0.733935474989242,2022
f9d00f1cc1b81acb25c5ad95,2022-11-12,womens_flyweight,1,0.6904062320385603,2022
89753c38b68f7526bf9e58a8,2022-11-12,bantamweight,1,0.7926521136935812,2022
b17854bdc5ac75cdebdebfc7,2022-11-12,middleweight,0,0.7535641516324619,2022
bb48fbeed91a2ae16e631b45,2022-11-12,bantamweight,0,0.48539624882050886,2022
52729424a8db9c8e560906f5,2022-11-12,womens_strawweight,1,0.4959397931478599,2022
4f56ea61b8260643a03879bd,2022-11-12,lightweight,1,0.3186700697982449,2022
a29b34f3eb27fd13d76b11fa,2022-11-12,featherweight,0,0.5625474001400275,2022
d405e854a32224bcc4db5e45,2022-11-19,welterweight,0,0.1711313795024049,2022
65a1d86b89e2470e1e3db15b,2022-11-19,bantamweight,1,0.5501572387459304,2022
a610b8fe21dd433dd33fd822,2022-11-19,flyweight,0,0.25043719346418464,2022
119695682640f1374d5c064b,2022-11-19,heavyweight,0,0.45871331258923354,2022
134f4d4a92ff0f23596749a8,2022-11-19,welterweight,0,0.20461289564219623,2022
076a794451db2a52b98c2309,2022-11-19,womens_flyweight,1,0.37692355232430136,2022
7c2cbb3580dd05ab14dfada5,2022-11-19,light_heavyweight,1,0.4217025057897704,2022
9893e9ce7e58dd73dc5255ef,2022-11-19,womens_flyweight,1,0.7407135423883191,2022
08cc9cab63281c265de6127d,2022-11-19,bantamweight,1,0.48144645610649184,2022
2f3fc3172d73cddfd573aa40,2022-11-19,womens_strawweight,0,0.25959086116536084,2022
630502317483ca9c43c50cad,2022-11-19,bantamweight,0,0.34677585178842274,2022
cb2b679c92bd80ebf4dce030,2022-12-03,womens_strawweight,0,0.535098578968595,2022
e884d59713242b5e40c18426,2022-12-03,welterweight,1,0.6679723625104299,2022
78078a06b6123519e6e6389d,2022-12-03,lightweight,1,0.4468707723592239,2022
b4ddf766033e81d0119cb1e7,2022-12-03,featherweight,0,0.26757523785704157,2022
b2b4ba541349261a5183a952,2022-12-03,middleweight,0,0.6297291768251821,2022
fbe2eacc0874d97394ea1832,2022-12-03,middleweight,1,0.4618356313891453,2022
ce3faf675b6078ae06995f59,2022-12-03,featherweight,0,0.4760777883467464,2022
4dac47d315d1aca95332a102,2022-12-03,flyweight,0,0.3276242984541901,2022
cfc93cd8941fdfe5321696d6,2022-12-03,lightweight,0,0.7514020514567303,2022
4f162c7c30d92fff90d239d6,2022-12-03,lightweight,0,0.17738542959210712,2022
6896a8bee73ed65ceb61e90d,2022-12-03,welterweight,0,0.5102561218388026,2022
3df0cd81dd767dedc14ec088,2022-12-03,welterweight,0,0.7006180311243717,2022
ffaaa6810e903c894557c687,2022-12-03,heavyweight,0,0.4711621065291228,2022
69d8f51a708f4a602eb6b066,2022-12-03,womens_strawweight,0,0.3366207372881186,2022
d685375c090e0b3ac4d13d51,2022-12-10,featherweight,1,0.4364850735976998,2022
97918cbcbe4b3af27679dc76,2022-12-10,featherweight,1,0.4954828993838297,2022
195a4a25edefbdee1978add5,2022-12-10,bantamweight,1,0.5204474538628657,2022
f41619679889d65542ce470d,2022-12-10,middleweight,1,0.3889253919749607,2022
898f396f3f2e781708ad4221,2022-12-10,middleweight,0,0.5900289055603074,2022
89ac380a2e7df762e9960bef,2022-12-10,middleweight,1,0.5115760122142183,2022
6f83248ed364da425ac6e6b5,2022-12-10,heavyweight,1,0.4852612379461273,2022
220fc84b9439edce53facd04,2022-12-10,lightweight,0,0.7386985227599678,2022
c21d7cb712ee6288e115f864,2022-12-10,bantamweight,0,0.618509169565465,2022
11988bf1857ae4bc7fc9fc71,2022-12-10,catch_weight,1,0.5619678887571176,2022
6cac8e9e2664ec7c35a78b87,2022-12-10,featherweight,1,0.6632288901545339,2022
18932712ef980754aa8ea7d5,2022-12-17,featherweight,1,0.6383736131763361,2022
a908a1420ff1d9f94575f943,2022-12-17,flyweight,1,0.6094769761805614,2022
bbc491df17960bb5bff6b31e,2022-12-17,lightweight,0,0.3171675649713953,2022
0c96e42f32a09a794ddebc39,2022-12-17,welterweight,0,0.47888093720192576,2022
fc2b431ca6e0290539b9ecfb,2022-12-17,womens_strawweight,0,0.5668710680473846,2022
376d706e7b1fffd65da0244c,2022-12-17,middleweight,1,0.557215122246902,2022
62c857b47d6eb83bf9f679d1,2022-12-17,flyweight,0,0.592504186726447,2022
8b3108a9d38cc348b9ee1402,2022-12-17,lightweight,0,0.678958502927592,2022
708385da1df75bfa8783285c,2022-12-17,welterweight,1,0.32667680969136575,2022
62df437ecc82bbfb87460bdf,2022-12-17,middleweight,1,0.42618548370525083,2022
b09e70f040d7ee1dc6260cd4,2022-12-17,lightweight,0,0.29252967323609774,2022
71ea7cae81899e81d9ce58fe,2022-12-17,bantamweight,0,0.5885614892371622,2022
9560c9fd3964613752555ddd,2022-12-17,bantamweight,1,0.5068442910578049,2022
c1e71d1d9adb482155fb773f,2023-01-14,flyweight,1,0.5391696736482898,2023
d0381b088b9a49444821f7b5,2023-01-14,flyweight,1,0.5208122403130787,2023
473cb05603e509a4bfc9c579,2023-01-14,middleweight,0,0.44163910662706213,2023
24f815b1e2137e2461a6637f,2023-01-14,featherweight,1,0.5414715972665896,2023
f458bcba7703f48484dfacf4,2023-01-14,featherweight,0,0.47736327390465544,2023
483b08fc27731ad0a87cdc0e,2023-01-14,bantamweight,0,0.11392709907038732,2023
ec208d732aca7f0b1f0f698d,2023-01-14,womens_bantamweight,0,0.5208748742963031,2023
52d6bc7e6509310031ed4ffe,2023-01-14,lightweight,0,0.5091275109452414,2023
c80a716a5e04319dc22d6f21,2023-01-14,middleweight,0,0.6123118625938248,2023
e38165574d6bfd63d4e79446,2023-01-14,light_heavyweight,0,0.5655419459990768,2023
e2ebd640cdbbcc28ca2e8743,2023-01-14,bantamweight,1,0.8259346157735914,2023
c571321ad6d07f540414f93f,2023-01-21,flyweight,0,0.4856620952011291,2023
1879c14c12351601569b29a1,2023-01-21,welterweight,1,0.3315854798180134,2023
f709c650ce5f7a1d36b7501e,2023-01-21,welterweight,0,0.6856509453845058,2023
2b19d65e695d66ba7d5f52dd,2023-01-21,light_heavyweight,0,0.6042832599634186,2023
67ced6d3bcd5f9cff7b178ae,2023-01-21,middleweight,1,0.29355706727812475,2023
a292c3204c848fc795af4c9b,2023-01-21,lightweight,1,0.19243810685935628,2023
7b9b0213d00e3e62562edc0e,2023-01-21,womens_featherweight,0,0.1514744964037539,2023
2d3203b53911c02b06b5c3d3,2023-01-21,womens_flyweight,0,0.2906512972171627,2023
88c05dde0cfbbe4c9eece03b,2023-01-21,bantamweight,0,0.13870486882320965,2023
c20db3255eb0b21fa2aab9f9,2023-01-21,light_heavyweight,0,0.5904954259292379,2023
7ba2b9a199192a87d60f6838,2023-01-21,light_heavyweight,1,0.5505046937532111,2023
170c5bb7b9800aa0cb5760fd,2023-01-21,bantamweight,0,0.5682694331565559,2023
f8fe5853ba92aa1d4941f315,2023-01-21,heavyweight,0,0.35196118149951305,2023
a35835c41d69a4aa0cc51950,2023-01-21,lightweight,0,0.21954607774086815,2023
f78c5d74308eea6a9b237336,2023-01-21,welterweight,1,0.5581055729322193,2023
4379c427241e16c5c42ff97a,2023-02-04,light_heavyweight,1,0.25710578372519327,2023
fb3ccccef9c44cd3f44a1d43,2023-02-04,heavyweight,0,0.29302632968370423,2023
e58678b9928dcd7e2a89b900,2023-02-04,lightweight,1,0.5091275109452414,2023
5ffe7cef56c8e5dc2a3b0312,2023-02-04,featherweight,0,0.5091275109452414,2023
c06582e8c3186fa75ccd836a,2023-02-04,middleweight,0,0.2511200306888506,2023
5eafd2114e06744c7808d3eb,2023-02-04,heavyweight,1,0.5792881134253668,2023
c55aa74790a7618ed08e5e86,2023-02-04,flyweight,1,0.5091275109452414,2023
667af8ef779c3de51b6ca32c,2023-02-04,flyweight,0,0.19635362534274153,2023
92ddbc29697faa23279ea2aa,2023-02-04,bantamweight,1,0.5091275109452414,2023
c0dbc7dac4a69fdfa7b8a7e5,2023-02-04,welterweight,0,0.3668459091130722,2023
e3a6a92a6b4c14140c0f5668,2023-02-11,lightweight,0,0.48893727047954283,2023
8e99069a041aef3a93ceeef4,2023-02-11,welterweight,0,0.3245640329583213,2023
9ac871fd5b77a57cde66e145,2023-02-11,featherweight,1,0.5068315877227163,2023
128eedfd624aae6d0ee3489b,2023-02-11,lightweight,1,0.5958235533885434,2023
3138bab08e28eac977aae47b,2023-02-11,featherweight,1,0.5428281451902354,2023
8e0261939b3d9069a93806f4,2023-02-11,heavyweight,0,0.5316168782301395,2023
4becbd5521ee229580343aec,2023-02-11,womens_strawweight,0,0.431506326593624,2023
50535e74ff87ae17e1c4af13,2023-02-11,featherweight,0,0.6117936293594929,2023
39b8a2a3689793a61bd1f93d,2023-02-11,flyweight,0,0.42172004801967017,2023
352db25f95df258b62afd7f3,2023-02-11,light_heavyweight,0,0.5392414886304647,2023
e2a5ee873106609aef8b7d36,2023-02-11,featherweight,0,0.41504865822949005,2023
3f5d726191be802693a573f0,2023-02-11,lightweight,1,0.10236502512640723,2023
9d14cb3c9c8fd9e831cb2b86,2023-02-18,welterweight,0,0.4709746741966374,2023
a36fcfd26910843e21b34572,2023-02-18,flyweight,0,0.6618712326570256,2023
47e078d89d36a38676c579fa,2023-02-18,featherweight,0,0.30550622069160865,2023
389d6b8640bdfa2549c1e3fb,2023-02-18,womens_flyweight,0,0.5719721407740849,2023
05ce260e041a2605c602d2d6,2023-02-18,lightweight,1,0.718069372104524,2023
7cdd2df80d6a6c593a282b52,2023-02-18,light_heavyweight,1,0.5582940126930901,2023
33ac9685a2515b76f149fc89,2023-02-18,heavyweight,0,0.4192557876636948,2023
73b63059d90c2960c03c75b9,2023-02-18,womens_bantamweight,0,0.2004765978073163,2023
92dbac7a52867e46b35fafbb,2023-02-18,lightweight,1,0.5067176289880837,2023
a4d636f7490aa62d4f569a1a,2023-02-18,light_heavyweight,1,0.613569775680621,2023
a77ddc24d18d055941c6bf15,2023-02-18,light_heavyweight,0,0.5041361568295524,2023
f489e5bd58bfc35f1f4419cb,2023-02-25,middleweight,0,0.615063163842092,2023
758f1c497bf18e82210ab5c3,2023-02-25,heavyweight,1,0.4050654984879101,2023
5c80a7b04497ad5ee2bddd57,2023-02-25,lightweight,0,0.49749924553893043,2023
3fec13ee85d7f9983960b3cc,2023-02-25,womens_flyweight,0,0.47265857057705624,2023
0176ced8c9d94d30a64e4a7a,2023-02-25,lightweight,0,0.14896112571762612,2023
cf7adf6d36d1b08cd9d8d30f,2023-02-25,lightweight,1,0.7551154011909192,2023
b8372e22cddbfa48ea909485,2023-02-25,welterweight,1,0.4710115249649492,2023
6b4e4ea9b801548615975cd1,2023-02-25,catch_weight,1,0.4707115257692401,2023
6ea6168d8e84815d2134058f,2023-02-25,lightweight,0,0.7581279886372182,2023
fc0acba87af9f8c76a7e2940,2023-02-25,womens_flyweight,0,0.35756753229456983,2023
ddddb220f603a1df3e1e0161,2023-03-04,middleweight,1,0.7147464689116065,2023
72321c6bbe98eff02e4095f8,2023-03-04,bantamweight,0,0.4108272835520015,2023
cc0b7fa4194f7f6e6d3a39f1,2023-03-04,bantamweight,0,0.5091275109452414,2023
85fe8793909e6952c9f78f00,2023-03-04,middleweight,1,0.8321996191785743,2023
7363e41d86228b1d3ccb37ac,2023-03-04,lightweight,1,0.5091275109452414,2023
4e033da568b46a961139d1ab,2023-03-04,welterweight,0,0.4093296766507523,2023
d3cfb0d2b891ff38ada976af,2023-03-04,welterweight,1,0.7109917176355676,2023
cbd06542b2b208df53fd406c,2023-03-04,womens_strawweight,1,0.6659992586014786,2023
c3f3ab3581e4101201417c58,2023-03-04,heavyweight,0,0.6771146807996733,2023
9314741277e5a546928ec867,2023-03-04,middleweight,0,0.43592899960154274,2023
483a44eda1de7ba858e8ac87,2023-03-04,bantamweight,0,0.502870064361783,2023
ec001e69e1a671cb55343f5d,2023-03-04,lightweight,1,0.43478132671221836,2023
79f6fa67f74ca1d1eceb89f0,2023-03-04,womens_flyweight,1,0.310701989906405,2023
ae1d2e42c74ebe569b8bf839,2023-03-04,womens_flyweight,0,0.3607898674544347,2023
2c3d9b8cf266f7d87b21947a,2023-03-11,heavyweight,0,0.33447753768317623,2023
28667af2ecff9e735860e563,2023-03-11,womens_flyweight,1,0.3011028942353822,2023
51fc827668838509328eca57,2023-03-11,welterweight,1,0.5122867761850527,2023
02b6dc85938acd2c6dc76f32,2023-03-11,heavyweight,0,0.6557143301301694,2023
5e42a3409698012174f55aa2,2023-03-11,bantamweight,0,0.10524621122561914,2023
cc22e042a99a400b3b543787,2023-03-11,catch_weight,1,0.5979094025301634,2023
4a7cf56c83980792658c3945,2023-03-11,bantamweight,0,0.5471038697797697,2023
970d1a7858aa5b5c168bdb4a,2023-03-11,bantamweight,1,0.4200607270712362,2023
8c472cd93fff869b8c1659b3,2023-03-11,bantamweight,0,0.5867863577978953,2023
57624421d747b53b6a9fce19,2023-03-11,middleweight,0,0.5447610900755239,2023
121d895ec34c4ee500d71121,2023-03-11,flyweight,0,0.3571945242234073,2023
39493c979c1bfbe357de6651,2023-03-11,bantamweight,1,0.49926302760250574,2023
313274f54c13e378c9782b8c,2023-03-11,light_heavyweight,0,0.5929072555907025,2023
3ef5192d293b633a47593b25,2023-03-18,lightweight,1,0.6546100779412489,2023
67939b6e4ba8a035489881f7,2023-03-18,middleweight,1,0.28033050880455007,2023
ba6858c0646216e3a271c7f5,2023-03-18,welterweight,1,0.6330103273315693,2023
a41a13deba0d06034c0c24a0,2023-03-18,featherweight,0,0.2494217338672905,2023
be9e3b6594a545c5ece02333,2023-03-18,flyweight,1,0.45182863748718716,2023
bd93d7b8110bf0a192791038,2023-03-18,womens_flyweight,0,0.7401774541519285,2023
aba38730016b8b0777777ee5,2023-03-18,womens_flyweight,1,0.5837263372012801,2023
a445f6f894e3074c43e9960f,2023-03-18,womens_flyweight,0,0.7793699198080469,2023
0204fb629e0e6e99f3a62ea5,2023-03-18,lightweight,1,0.5080441576287406,2023
a1b6f8d2aeb238711fe9cd1a,2023-03-18,welterweight,0,0.6626258060124728,2023
a9bd37ea947df11dfb5e63f7,2023-03-18,featherweight,1,0.7737541354434195,2023
bd7c4c65dd0660d691a5b7ad,2023-03-18,middleweight,1,0.6088647660941316,2023
e95f3b99a35f4827b821860d,2023-03-18,flyweight,1,0.6996415916051307,2023
759b5432bb0e95fb6e5a4cad,2023-03-18,lightweight,0,0.5091275109452414,2023
c1d7d7ce041d52e09d7193c7,2023-03-25,womens_flyweight,0,0.37238336245608294,2023
034e224915320f869f1dba0a,2023-03-25,middleweight,1,0.3504245730430058,2023
717be830f10bc6172050d1e0,2023-03-25,flyweight,0,0.42077672487717,2023
fb68a3891e073458dc6aaa5f,2023-03-25,featherweight,1,0.31584286287847346,2023
b4bcc9e8264244b410d7df4f,2023-03-25,womens_bantamweight,1,0.7544828342296634,2023
84ded834631bc85d1a979066,2023-03-25,bantamweight,1,0.5276391591630216,2023
3932764824c5a65f4ea80b0a,2023-03-25,featherweight,0,0.5600633391253385,2023
3da110d1cd53964797f27c55,2023-03-25,featherweight,0,0.6710132002235144,2023
bc34061f7585c8cb754582fc,2023-03-25,welterweight,0,0.43064094540994713,2023
d8bf04bd476c5def9385b3ed,2023-03-25,flyweight,1,0.6961278703092549,2023
090d5cdefe42617fa644a06f,2023-04-08,middleweight,0,0.44183467031929324,2023
f4262813b91eccfae338f71f,2023-04-08,middleweight,0,0.3880628606103891,2023
b3e3b5f129a63fb2038e58ed,2023-04-08,womens_strawweight,0,0.37930572512422095,2023
30c5225ba53208cd76437d3b,2023-04-08,middleweight,0,0.5412122961343616,2023
50f3bfb5121b7b06fdb05de0,2023-04-08,welterweight,0,0.2995919815276937,2023
a3cc4d0be0f091345c0e83cd,2023-04-08,catch_weight,1,0.5705940029913941,2023
186919d4a2872e5c626d87b8,2023-04-08,womens_strawweight,1,0.40244079054763826,2023
50677f1bf973ddd98ff7be61,2023-04-08,welterweight,1,0.4691797300257456,2023
5bf9cd7d305f8634d4423b73,2023-04-08,womens_strawweight,0,0.30702649800762644,2023
542ab5e1dd01c45dbe923832,2023-04-08,bantamweight,1,0.44130976682749634,2023
cb56c19233738e3f99fb0b06,2023-04-08,bantamweight,0,0.46141875974169616,2023
7941baf2f9c14b9bc5dc6877,2023-04-08,featherweight,0,0.3576805159673559,2023
536fc9ff4143a7f0ef5213e4,2023-04-15,bantamweight,1,0.6486289301113212,2023
58d7a5e6018b4265e7a4b16d,2023-04-15,featherweight,1,0.5698869108188852,2023
f5d38b8d75c4c47b6cad6b69,2023-04-15,flyweight,1,0.34687784304850067,2023
7b3a87bcfdaf6184fa346634,2023-04-15,womens_strawweight,1,0.6568250509649975,2023
305a994660d1f7aefbc2d278,2023-04-15,lightweight,1,0.8055415578186557,2023
8aa967b47782f05988eede93,2023-04-15,light_heavyweight,0,0.4493856576576899,2023
e32814b20fa0d61f9191d8d6,2023-04-15,featherweight,0,0.7418350444151336,2023
2df2b28eed63b6044ceb774a,2023-04-15,womens_strawweight,0,0.4940136807026779,2023
6576e21f61790cd99298296d,2023-04-15,womens_bantamweight,1,0.6474462397401308,2023
fc2939e831f145899a2e2a1e,2023-04-15,lightweight,1,0.37960215752768484,2023
8585d2f9c10439b3ae1c6def,2023-04-15,featherweight,1,0.4045588744710729,2023
715f478ae35da582d9f2f26f,2023-04-15,bantamweight,1,0.34627510045598087,2023
a3b645cd303899e532cb969f,2023-04-15,light_heavyweight,0,0.5178087104116279,2023
4c702db73869ec0f411cd286,2023-04-15,light_heavyweight,0,0.2457372787981401,2023
99f50e21f3c2b8fb41bfe804,2023-04-22,middleweight,1,0.3384121180394559,2023
379db5a242315cc0331f6ab9,2023-04-22,bantamweight,1,0.38172757529372275,2023
42d8de57f8ac25ae0a59af37,2023-04-22,featherweight,0,0.26767588255780805,2023
69df5f5db0fe03de6d83eeb9,2023-04-22,womens_flyweight,1,0.6083062489642107,2023
ebbd9b0e418daaecd3a5147b,2023-04-22,welterweight,1,0.5156747469228125,2023
a81b666d9fea33d5a4e4e227,2023-04-22,womens_featherweight,0,0.501731440427727,2023
15793bfec6a8406b59adf881,2023-04-22,heavyweight,1,0.48648542269013456,2023
cf2e08d1a2de456001218fbc,2023-04-22,bantamweight,1,0.722309036196079,2023
2d07b591baacde698e40eca7,2023-04-22,lightweight,0,0.4558713948268472,2023
d0f44949b918faa8a43733f9,2023-04-22,heavyweight,1,0.28808738270422657,2023
64bd164890b13ccd6152e1f3,2023-04-29,middleweight,1,0.5230176833861248,2023
382d5f5de3ab9af93ca82b63,2023-04-29,flyweight,1,0.582031820497866,2023
e74e0fcfe591662c36de0f91,2023-04-29,womens_bantamweight,0,0.5235099228602896,2023
9404efffd14ae8bc7d0dad29,2023-04-29,welterweight,0,0.5961100640790208,2023
361d3b8343a3062df1f20add,2023-04-29,catch_weight,0,0.5460510987693616,2023
209f89bb364ad65d94f93f8c,2023-04-29,featherweight,1,0.25076747662778986,2023
de2dcd0f2af8b8f8855a9ee1,2023-04-29,heavyweight,1,0.4194016220426341,2023
79b7440c98a3fe7209a2b6c5,2023-04-29,heavyweight,1,0.588818142356187,2023
a482e08e398790dbc62aab8b,2023-04-29,middleweight,1,0.4909905503442709,2023
996883e37beff1a1ac3bb2d5,2023-04-29,bantamweight,1,0.36235180968869596,2023
c0f12ad7885173fca8c8dadf,2023-04-29,womens_bantamweight,0,0.7036245769041367,2023
8cc6c1a80c3b3e78fc639607,2023-05-06,bantamweight,1,0.7466675295080403,2023
8f175dda24ee4d5ed157611f,2023-05-06,welterweight,1,0.5826928736152662,2023
38e28862ab0d408ffcf40da9,2023-05-06,heavyweight,0,0.41704879654181176,2023
ac89ad183f32d054d164ee0c,2023-05-06,lightweight,1,0.5062248747430319,2023
ef1bf09246b82fc675505721,2023-05-06,womens_strawweight,0,0.6290798753463942,2023
b96182f98b3de52de631a16b,2023-05-06,middleweight,0,0.6414355042508281,2023
2db72ca1fb0fdb7fffe3a93f,2023-05-06,light_heavyweight,1,0.6454803709008642,2023
c5ebf8e79324e5939125f9ad,2023-05-06,welterweight,1,0.7822334199072678,2023
3e2e956ecc31c21affc1243d,2023-05-06,featherweight,0,0.2702010370055128,2023
023c4ee9d811ea4e3c8b11fa,2023-05-06,womens_strawweight,1,0.19373412856031438,2023
0675c46166735f4643081ce6,2023-05-06,featherweight,0,0.13807281203648583,2023
3d3bc5c58bede42fd36c2efb,2023-05-06,middleweight,0,0.6778052130744857,2023
73f39af8d610478efc1c33d2,2023-05-13,light_heavyweight,1,0.5207045008640363,2023
7a5e52cdf64699c40ca7635d,2023-05-13,welterweight,1,0.5520683998240533,2023
8ea417e09eac08a2ad3fe828,2023-05-13,light_heavyweight,0,0.2853077732694727,2023
f4ebeab135e8d5bb06730df8,2023-05-13,catch_weight,1,0.35826774197200684,2023
bcb161a3c9d9e2a50a8e2857,2023-05-13,welterweight,0,0.6265049606431006,2023
74a34d39413c8f931bad1e28,2023-05-13,heavyweight,1,0.6822282711971834,2023
f166d8ac6a457943bfe528eb,2023-05-13,womens_bantamweight,0,0.6170778126013792,2023
2d1948b604cc1d52072429d7,2023-05-13,womens_flyweight,0,0.47095450149009416,2023
7eb37ee4f1b3f74a15b948a6,2023-05-13,heavyweight,0,0.3478446443782017,2023
90d417de02b6d71ffa660d3f,2023-05-13,welterweight,1,0.37689402184187704,2023
834f2fa194fc1425e6d5a51f,2023-05-13,welterweight,0,0.35092104307081456,2023
9dea78b803a1d3cbffb84573,2023-05-20,welterweight,0,0.29061389038365215,2023
d5f1029bfe5ae4808dbdeb8b,2023-05-20,lightweight,1,0.6543129124681087,2023
583ed00e1a40f7bc24f0e7d7,2023-05-20,lightweight,1,0.5568356555425636,2023
a5c6f22d83c3a5cd1f37e6d1,2023-05-20,middleweight,0,0.42307607930190405,2023
19550019194953c70877b46a,2023-05-20,catch_weight,1,0.691827311217905,2023
618b7b63848dfb28d9e75658,2023-05-20,heavyweight,1,0.553276826100544,2023
4dad1eec32d230346a567d14,2023-05-20,womens_strawweight,0,0.43801551954876405,2023
f80948e2b2d88cf85d8f69c2,2023-05-20,womens_strawweight,0,0.3216175639268454,2023
e14152d9d3bcd814f7a78595,2023-05-20,lightweight,0,0.4927012744156801,2023
7a892f12809c158957f4222c,2023-05-20,womens_flyweight,0,0.15948195383914837,2023
24d6f64dd1a9f4a00b60b172,2023-05-20,welterweight,1,0.3831337079034984,2023
a9283fde7464f78285f35d4a,2023-05-20,welterweight,1,0.5201909097448196,2023
8d2657059b80b7d256f63ce5,2023-06-03,welterweight,0,0.46040634418119375,2023
c47c6d03bdb49b711c50f83c,2023-06-03,featherweight,0,0.34898347591639134,2023
fbdb0f998a41190f2e544cb6,2023-06-03,heavyweight,1,0.44685366339091914,2023
211bd8ca31ce0bf9f809f926,2023-06-03,bantamweight,0,0.5895675635297689,2023
1f74546eab5290536943b881,2023-06-03,bantamweight,1,0.36179063801743216,2023
43dc5779bee5d6e1feaf1211,2023-06-03,womens_strawweight,1,0.5805851204883747,2023
b53d7181f6baa5828ee82925,2023-06-03,lightweight,0,0.6414442688075184,2023
eb35eda2f8e562604a3a6587,2023-06-03,lightweight,1,0.8385287881169503,2023
a2548db55f411224c2090a87,2023-06-03,bantamweight,1,0.6765678546064819,2023
810ebf65cda6f08605d0dfb4,2023-06-03,flyweight,1,0.6016193486641105,2023
ba64fa041a0a17289f7ec4aa,2023-06-03,womens_flyweight,0,0.5980267450949516,2023
67fdbe55ae06879de2d3096b,2023-06-03,light_heavyweight,1,0.5196790917285402,2023
e30468a3c5bcc4c5e6f074a6,2023-06-03,flyweight,0,0.4902992014283365,2023
41b34cfef0a3c136d4b18cf6,2023-06-10,bantamweight,0,0.5794841220073345,2023
2a7b20dea79359f48d7d2aed,2023-06-10,womens_bantamweight,1,0.6879354090770133,2023
1f2ee3d9684f952d35509047,2023-06-10,lightweight,1,0.5517103598819034,2023
74a471c2a8c54c1c590e1255,2023-06-10,featherweight,1,0.6051680240350373,2023
dca56b74a39286560767984d,2023-06-10,flyweight,0,0.538420627822766,2023
fb60c604b16810077c6dce79,2023-06-10,womens_strawweight,1,0.471647725500601,2023
753ef8a86a13c56c70328743,2023-06-10,featherweight,1,0.2603559705481676,2023
bfe91c9408462da03caada04,2023-06-10,middleweight,0,0.5380804913902987,2023
f6498a4788e114791bbae90c,2023-06-10,welterweight,0,0.3751610431929003,2023
0830f25bd926d3257e23b2ff,2023-06-10,womens_flyweight,0,0.71319255562049,2023
b5479c9894d56b527aaf98e8,2023-06-17,lightweight,0,0.18140686413907556,2023
fa8e30b594409ffd405b94c7,2023-06-17,middleweight,1,0.6202466737887254,2023
5de7511b539dc2f35627eeb4,2023-06-17,flyweight,0,0.5565604223720264,2023
1553628079b91961f98be03a,2023-06-17,flyweight,1,0.7228762233708332,2023
1701803460c2492f8c88e6dc,2023-06-17,bantamweight,0,0.36598256548057345,2023
5ea10d9b2508835213a7e16b,2023-06-17,lightweight,1,0.659656830147449,2023
1ae6f24c34066c35e05a0ac5,2023-06-17,middleweight,0,0.6748597732988841,2023
71155f2f38de2cef21d41ad4,2023-06-17,welterweight,0,0.5989333686431443,2023
4afc828e854d71a980a4da1f,2023-06-17,featherweight,1,0.5258394316065265,2023
1dc63941f97c2b53d6e7944e,2023-06-17,womens_flyweight,0,0.5568688805978219,2023
b835ef106ba0d320989caaa9,2023-06-17,light_heavyweight,0,0.57666217615749,2023
9738dbbd12c022ab8c0244f4,2023-06-24,womens_flyweight,1,0.4607277291279241,2023
26d1929d5e6faf685d9524e4,2023-06-24,middleweight,0,0.46577433239832483,2023
02caa0904488e97a0c57821e,2023-06-24,middleweight,1,0.22826622592497497,2023
8538c8b918b1de21ed7edfdc,2023-06-24,featherweight,0,0.47446771232144275,2023
0c4515b1fb214c21809f0083,2023-06-24,featherweight,0,0.6612184666034735,2023
a6a76a7a7db7da77a11b5ecc,2023-06-24,featherweight,1,0.6641965628947605,2023
0744f58285748a8258aff8bb,2023-06-24,lightweight,1,0.5242952756374959,2023
86089570ccc769b26795cf5c,2023-06-24,welterweight,0,0.2509369413795878,2023
34413a75b78402855b689235,2023-06-24,welterweight,1,0.7097109752823637,2023
d63c07a027a8bfced274a3e8,2023-06-24,womens_strawweight,0,0.4830587876815784,2023
355dde8fa8af4f55e7903345,2023-06-24,lightweight,0,0.7292461277573461,2023
d903ae15997c5c3259527ac9,2023-06-24,flyweight,0,0.26663559554627336,2023
c16d37110bfde910cc00a282,2023-07-01,heavyweight,0,0.24920655840493178,2023
f0881ed5aee329899d5dbe32,2023-07-01,womens_flyweight,0,0.6831467048229343,2023
ff5a4b29681042b715de7dd8,2023-07-01,middleweight,1,0.268049928590437,2023
66a014a3d695164cadb97344,2023-07-01,lightweight,1,0.6990069256758835,2023
5a3fafcfe8cf52b7388b69c6,2023-07-01,lightweight,1,0.625986541254325,2023
031c91854eac829bdf2ffa2c,2023-07-01,lightweight,1,0.37795451657015544,2023
40db9ab26d4cae9288a4883f,2023-07-01,womens_flyweight,0,0.4234032377876386,2023
4ce7c778f23cd1bf4546e0ec,2023-07-01,featherweight,0,0.21854509748913734,2023
2906ec3d58e436e5228c8dff,2023-07-01,welterweight,0,0.2510032253657927,2023
36428584824bba6898b4824a,2023-07-01,welterweight,1,0.5417737988949876,2023
44200bfac7f2a84fa9b3c2c3,2023-07-01,middleweight,1,0.1459263869964857,2023
f2750b184214af53cd2d9552,2023-07-01,womens_featherweight,1,0.6525420375388794,2023
bfd5cf090725753cb73a2027,2023-07-08,featherweight,1,0.7779736884896897,2023
b7b4f20cf8dafb6a112ac7d0,2023-07-08,middleweight,0,0.3223625366796062,2023
8391134e7f930a916e52ef20,2023-07-08,flyweight,1,0.36072157504119395,2023
339bc6663a7f472154266feb,2023-07-08,bantamweight,1,0.7612933868656022,2023
59f58c9c40c64fe1b8d474ff,2023-07-08,lightweight,0,0.5014012987552984,2023
8b7bd39fd6c76d413400ef59,2023-07-08,light_heavyweight,0,0.5515649757825248,2023
d05493e5cdd7938e02c6367f,2023-07-08,lightweight,0,0.4140581574373926,2023
e724df897e9fa95b33128001,2023-07-08,welterweight,1,0.42105295389305275,2023
243b01b43b4d154ee283edb4,2023-07-08,middleweight,1,0.7118557647129481,2023
0580b939723798e97e523064,2023-07-08,flyweight,1,0.6016122505197509,2023
3ee9d49d2883a76f0d0b3ebd,2023-07-08,catch_weight,1,0.6454250725169831,2023
307078a8aaf55515debd7e4a,2023-07-08,light_heavyweight,0,0.487663092487783,2023
c040765e9cd22df2535af702,2023-07-08,womens_strawweight,1,0.3435078454401647,2023
0e415addf4419c1bb7040995,2023-07-15,middleweight,0,0.3608705872249147,2023
fae07c7909695a8de2670ea9,2023-07-15,lightweight,1,0.34822656754679054,2023
95d5ccbd56f49fdaea7018e3,2023-07-15,womens_bantamweight,0,0.48999366796634447,2023
570ed242ca21c62fa3a6e0bd,2023-07-15,featherweight,0,0.513301606826878,2023
5fb55152ac40582efdac2338,2023-07-15,lightweight,0,0.5447201690187748,2023
dc8c54b14e642c0f7dcc5d7f,2023-07-15,welterweight,1,0.8365490820555371,2023
d5acd4b37d67e89519b6bd83,2023-07-15,lightweight,1,0.4327590488019442,2023
59e240a1926ab9668d4ea114,2023-07-15,womens_featherweight,0,0.34395944685829954,2023
20480c79595fbb7397cbcdad,2023-07-15,lightweight,0,0.3868749216076839,2023
0504e93f7602bdaadee9e83e,2023-07-15,featherweight,1,0.6914725337982627,2023
c66bd437648ce6c9d36fffd1,2023-07-15,flyweight,0,0.6443455552244792,2023
aee881a6e3b66ff815a14b4e,2023-07-15,womens_strawweight,0,0.5334741783537055,2023
37dbd1517fc350dfdb82fe5e,2023-07-22,lightweight,0,0.6783281883045206,2023
2086564bb6d1a17b69d9594a,2023-07-22,welterweight,1,0.2588274392003154,2023
85cc199fb2cc71d7610b426a,2023-07-22,bantamweight,1,0.4712023033387847,2023
d374ad54876bdc9ab00d188f,2023-07-22,flyweight,1,0.7730542839380935,2023
f287ecd9b1b2b7e5886818fe,2023-07-22,lightweight,1,0.7673937463682617,2023
5e03556ac21059d5540468b2,2023-07-22,womens_bantamweight,0,0.3808089037626269,2023
88f4cf3ed1e8dc3bee9e78de,2023-07-22,featherweight,0,0.5986814631422888,2023
f684f924db9762a5a24943d1,2023-07-22,middleweight,1,0.42333677479283743,2023
07930a4698e812e3c33400df,2023-07-22,lightweight,0,0.4529540902065396,2023
dc10ede4fff61150475f025f,2023-07-22,heavyweight,1,0.15340961726261435,2023
1e5aadefe4f8b514331f7df1,2023-07-22,womens_flyweight,0,0.5744092916229399,2023
be6f6a66dd1475a253d21e8f,2023-07-22,featherweight,1,0.5676683592709404,2023
cdab172520a4c2a4e3be3200,2023-07-22,middleweight,0,0.7779512803951456,2023
b6deee15173724b04f140ec9,2023-07-22,womens_strawweight,0,0.5596937423026733,2023
8dbb536f8d8d18684dece8d9,2023-07-22,heavyweight,1,0.653843582813835,2023
cf7ebf33fc2afed4809e7db8,2023-07-29,flyweight,0,0.39979661606706735,2023
4e8cbb73bf869a8da3d7deaa,2023-07-29,heavyweight,0,0.466382022843887,2023
2a07f8ea0b27887c995f15a1,2023-07-29,lightweight,0,0.5358592691071277,2023
f1f93d9da3d77601ddc068c8,2023-07-29,welterweight,0,0.5399519884925206,2023
7cfdf3b2768432a51473f253,2023-07-29,welterweight,1,0.6416276827605981,2023
73c5255ed61178a04a589d37,2023-07-29,light_heavyweight,0,0.48833234474948956,2023
542062f841901da309fd39d0,2023-07-29,welterweight,1,0.4081759591160594,2023
1441ccf352df4b05c9a83aea,2023-07-29,welterweight,1,0.4182153118440822,2023
c7180a83d72402d7608bdceb,2023-07-29,womens_flyweight,1,0.8053270446325445,2023
3a32c6a5cc5a1fd46bea3e47,2023-07-29,middleweight,1,0.6391552266121244,2023
7bb394fbae44e1da0cd5bca3,2023-07-29,lightweight,0,0.38977712749798926,2023
282fb397e104dd45c570b28a,2023-08-05,featherweight,0,0.512688411408184,2023
b787cf6c2fa2ed8c9e195150,2023-08-05,flyweight,0,0.3320485315754728,2023
6560f72e1b1c9b8138574df6,2023-08-05,catch_weight,0,0.3217972728393039,2023
f94e4cad52bf9a6b2f38df61,2023-08-05,featherweight,1,0.46106825858587497,2023
ce84563cfe04a65b5b76020c,2023-08-05,light_heavyweight,0,0.5269239757455264,2023
0473c7065872a7d67606359f,2023-08-05,lightweight,0,0.6432647604952398,2023
268d66a04a0a2276ada61537,2023-08-05,welterweight,0,0.626848652643087,2023
d6ee9a0d0b602cdfb29a682a,2023-08-05,womens_strawweight,1,0.48682669577944865,2023
d51412c5c86ef83705f9476f,2023-08-05,bantamweight,1,0.7470503452605631,2023
bb3b63715b62f6b0e4f65950,2023-08-05,flyweight,1,0.5502759021008697,2023
358d2e14d9541e87802ef07a,2023-08-05,featherweight,0,0.4112269654967947,2023
8a9f408c675d89c45391bc0c,2023-08-05,light_heavyweight,0,0.45136401461680875,2023
cc0dfcba2a9a1a686e41e380,2023-08-12,middleweight,0,0.5735301826791693,2023
21b8a0738ac50baebd05d9ac,2023-08-12,featherweight,0,0.6702334871759369,2023
b0a0a0e4e665e9f2ee272956,2023-08-12,bantamweight,0,0.4040004698994172,2023
56c51c3acfc72d7fc859ad42,2023-08-12,featherweight,1,0.41926905791977104,2023
f83ebe6bf664c143f114ee24,2023-08-12,womens_strawweight,0,0.5019894027303953,2023
cae33a4c01f60ea5bc1c2a9a,2023-08-12,middleweight,0,0.4410949412027795,2023
d7b541461594eecc66b90080,2023-08-12,heavyweight,1,0.6448912987856377,2023
21dc27ee66f98446e047ad70,2023-08-12,bantamweight,1,0.5155462614400673,2023
6f0ec3612994e967fb90e063,2023-08-12,womens_flyweight,0,0.5514748053078162,2023
e18d45083a7c265a8622e262,2023-08-12,light_heavyweight,0,0.7453779089656519,2023
c9c58ef3f78b8a1983f75960,2023-08-12,womens_strawweight,1,0.544649427929249,2023
a6d4278c3e85ccf981d560d7,2023-08-12,lightweight,1,0.8322574611751944,2023
fe4d9885f4576d7ab9015c10,2023-08-12,welterweight,0,0.48317578189829125,2023
471c5569daaa1a004351935d,2023-08-19,bantamweight,0,0.511153055273011,2023
0b46edbdd82ecaaa8339d80a,2023-08-19,middleweight,0,0.2237925470514822,2023
34b4caec2c3e9c8cc351c602,2023-08-19,womens_flyweight,1,0.6602459698667547,2023
2defed33fd46d631e90ba986,2023-08-19,bantamweight,0,0.5662682771886328,2023
e1c4b3bb77a1f665d7e9edb8,2023-08-19,middleweight,1,0.26551391069393965,2023
f77e8217af476c8d76c17de8,2023-08-19,bantamweight,1,0.7112054876742673,2023
5e2db79a3a1ad7fa4a047658,2023-08-19,middleweight,0,0.21504687666648886,2023
6146e55c7547bad0f4598567,2023-08-19,womens_flyweight,1,0.5095347350215012,2023
44a0ede1f5c3febcd8158c1b,2023-08-19,lightweight,1,0.2325245822172042,2023
6a9d8431526f7e7ae3505c22,2023-08-19,bantamweight,0,0.3830756138931435,2023
f59c117ae7cabc52d4b52159,2023-08-19,welterweight,0,0.6277549800191062,2023
acbef5f5bc43c180f987011c,2023-08-19,womens_strawweight,0,0.3488304861054744,2023
46011dba71434bf36e3c4864,2023-08-26,light_heavyweight,0,0.6494776536619193,2023
7a36e5dab09fb0e3a32fff3f,2023-08-26,welterweight,1,0.5451679133054642,2023
bff6b688a0748a0496dde666,2023-08-26,middleweight,1,0.6166938289559288,2023
31b7a66eb42b8c36524c3ab3,2023-08-26,womens_flyweight,1,0.7022824256079433,2023
dd4024c9c91e5afd2d978e95,2023-08-26,featherweight,1,0.5485457913846721,2023
f0e0f24c2d6eded73e540e2d,2023-08-26,heavyweight,1,0.6364339355613043,2023
f3ff547fc056f0ae57dcdd5c,2023-08-26,womens_flyweight,1,0.739414061767973,2023
afe662b987c151d703cd1acb,2023-08-26,featherweight,1,0.6994275657449825,2023
ac6f2e63fe39b2f0a273ae19,2023-08-26,bantamweight,1,0.618371408338963,2023
baae93ffbdc1bf0262cee6e1,2023-08-26,featherweight,1,0.5894236514480731,2023
99ab297a031513ce93f1576f,2023-08-26,welterweight,1,0.3429095321485127,2023
32ae1bb3fc496ea9626ce862,2023-08-26,bantamweight,1,0.521041659989996,2023
1fe545c4e1dfc5237a9e4748,2023-08-26,heavyweight,0,0.4698445671113057,2023
ffa7455c3e5ede174ad4112d,2023-09-02,welterweight,1,0.619340898711005,2023
6d0f7ada6c998fb0eaf089de,2023-09-02,lightweight,0,0.513729497434484,2023
fd33be38cb0d1d4d0f6bca6f,2023-09-02,heavyweight,1,0.6126404979519697,2023
6bd93fadde24f7c7a79345fe,2023-09-02,bantamweight,0,0.5590612190673039,2023
65293a8e2961fadaeef4cf65,2023-09-02,womens_flyweight,1,0.4618294494626594,2023
2d1078d0507597c4e604903a,2023-09-02,featherweight,0,0.5091275109452414,2023
a4d79f54aeee4768f37396e2,2023-09-02,womens_bantamweight,0,0.7023520993712995,2023
44fbb5a2110d15b720a9751d,2023-09-02,bantamweight,1,0.6242328060039742,2023
555e57ac84583be4ae725a15,2023-09-02,light_heavyweight,1,0.7321501365902889,2023
21efe4021b701a3f681a8c10,2023-09-02,featherweight,0,0.1991929824712864,2023
6e1227e9009e6929393b1fee,2023-09-02,catch_weight,1,0.6289762201308726,2023
011b9746ab115630dd02c0fb,2023-09-09,welterweight,0,0.5652490182387003,2023
b21089f4d62b3730b34a4346,2023-09-09,light_heavyweight,0,0.23913224804137187,2023
1b6d13bce1996a9787f00657,2023-09-09,middleweight,0,0.5203268550889634,2023
b2b23742f60158de1d1c5c14,2023-09-09,featherweight,1,0.6405184962993141,2023
b8118cbf106d813928e0b82a,2023-09-09,lightweight,0,0.35122967860265575,2023
27e9d3412a74a9570b14c3f3,2023-09-09,heavyweight,1,0.5817808703974846,2023
16064fb85fa34316d72d9e6c,2023-09-09,welterweight,0,0.5091275109452414,2023
f84f38efd0c68a4d11911324,2023-09-09,flyweight,0,0.15592275450027418,2023
a0cc78d39dbec7a5ce6e1bd4,2023-09-09,lightweight,0,0.19626554523552425,2023
ed8e3c472972a277f73c443c,2023-09-09,featherweight,1,0.3686507591334761,2023
b04e6f3b3710a8911531f136,2023-09-09,heavyweight,1,0.6819530442439447,2023
16cede3f450ae715871ef8c3,2023-09-09,light_heavyweight,1,0.5503156475489694,2023
ead4ef0da3ceb9dbd827dd4b,2023-09-16,lightweight,0,0.5098774791493421,2023
c8cfe9c5b42f5b7ceda34093,2023-09-16,lightweight,1,0.3481453337316633,2023
f0c6e7a442001e286c22093f,2023-09-16,featherweight,0,0.4450237590488262,2023
eaa1d742167744bbb2317e5f,2023-09-16,womens_strawweight,1,0.5091275109452414,2023
399469f15d7034c6b5c5aa4c,2023-09-16,welterweight,1,0.6482886268581525,2023
2d4c42ccd0419f0034998f5b,2023-09-16,womens_strawweight,1,0.7031435446334937,2023
8e05c99e0cfb203d446ab29e,2023-09-16,bantamweight,0,0.5243914920645578,2023
281de41fa325e8017e097798,2023-09-16,middleweight,0,0.30657112791782315,2023
568b5c62f6997dbaa49f2d78,2023-09-16,womens_flyweight,0,0.4176217856090789,2023
a8d577f3a15db8e801f72cab,2023-09-23,welterweight,1,0.5500146276060787,2023
cd56e5717d0aecb3365e555b,2023-09-23,featherweight,1,0.6054877646740472,2023
978e40854ce586ab5015d89f,2023-09-23,middleweight,0,0.6667854221858652,2023
e705c6274e273eb488346925,2023-09-23,womens_strawweight,1,0.750698320716188,2023
5f67fcb6ff0330a07c25670c,2023-09-23,womens_strawweight,0,0.5871210284951113,2023
534e4ba8dcf5d6b12163bd43,2023-09-23,heavyweight,1,0.5119375153919689,2023
ef95cdf14de0f6f13da1c922,2023-09-23,lightweight,1,0.6210676520807988,2023
23bb45e27781d3fef56a8d5c,2023-09-23,featherweight,1,0.5028972100929775,2023
abd474deac0d6aaec693b319,2023-09-23,womens_bantamweight,0,0.5432095064506884,2023
afad3865935211f104c76cb6,2023-09-23,welterweight,0,0.26293916965786035,2023
24613e52b4d9b4373f4e4226,2023-10-07,welterweight,1,0.5277970158668127,2023
e808ac354fb383fa280dda7a,2023-10-07,featherweight,1,0.38712695330384267,2023
c2fc0ceaf543ba31b0c8a9dd,2023-10-07,bantamweight,1,0.48532767232960894,2023
1e86a983200de4386d6df19e,2023-10-07,lightweight,0,0.3885966836287568,2023
80a2c51a131f7e11f83c99c2,2023-10-07,lightweight,1,0.21161751047508415,2023
b0fd3639ae3acd8f3c7f83a6,2023-10-07,middleweight,0,0.3956782993931336,2023
fe10b939cf29ddef67d106d5,2023-10-07,womens_strawweight,1,0.4904030559320227,2023
da52ce077dfbc710eeee7d80,2023-10-07,womens_flyweight,1,0.5065239592667284,2023
5d96dab1b32c072c721a3140,2023-10-07,flyweight,0,0.28121279613154687,2023
3b2b6f588f233752d4106bfe,2023-10-07,womens_strawweight,0,0.6208980011945262,2023
af737fed0b9b7d7e97b45800,2023-10-14,middleweight,1,0.478111129833506,2023
fe5a4702ff9ab44d8fd9a270,2023-10-14,womens_strawweight,1,0.5522794378955316,2023
9f46ec6a1c5898a3f4218fa9,2023-10-14,bantamweight,1,0.6948206045472233,2023
bc494225f9e8733daace3b08,2023-10-14,bantamweight,0,0.495180962375935,2023
f9055a3cf35dd1b47246db50,2023-10-14,featherweight,0,0.7209385923200846,2023
d140971eb1e02bcc7e160759,2023-10-14,womens_bantamweight,0,0.7082539856890347,2023
846b585d86cb8c9a7c662345,2023-10-14,womens_flyweight,0,0.5322044410408971,2023
71152a346f5435274991f699,2023-10-14,bantamweight,1,0.7049910842038065,2023
a60d64e4d57ac341a707429b,2023-10-14,featherweight,0,0.7650861022655867,2023
e9b3649cbac6fea997127d09,2023-10-14,womens_bantamweight,1,0.6652501353476322,2023
6eb8e73eeedd0a4d4f090e59,2023-10-14,lightweight,1,0.7332005012670413,2023
daa19bc1073e4de488b93099,2023-10-21,middleweight,0,0.4423164985422178,2023
bd5197ce9e21f062e91cfdcc,2023-10-21,middleweight,0,0.5269628409677235,2023
29ca6c04a5121ff6b3aead16,2023-10-21,lightweight,0,0.5658544868582962,2023
53f58a616f1f98162f59d9a1,2023-10-21,middleweight,0,0.5843638154158867,2023
259473adab67fa6d9c216e30,2023-10-21,lightweight,0,0.7071635628255909,2023
e7ce0cf4e2292cc04f227813,2023-10-21,lightweight,0,0.346836832216031,2023
a12daf4c80637768db6e3c5a,2023-10-21,featherweight,1,0.23575433647342445,2023
28eb240747f515de3836fdbf,2023-10-21,bantamweight,1,0.7400207325950159,2023
f0516b939f36ebafdf81ca17,2023-10-21,middleweight,1,0.400117264732969,2023
62d3a5771d6b10f0089a8f81,2023-10-21,flyweight,0,0.2819416011558082,2023
757ba2eafdc177b61032db32,2023-10-21,womens_strawweight,0,0.2526909054667405,2023
04563713f288927086d00dc8,2023-11-04,womens_strawweight,0,0.5185298835586726,2023
4dc323525ec4fe6a1902471c,2023-11-04,middleweight,0,0.4017934042680625,2023
7a0160ef91b1c3b2e386696c,2023-11-04,womens_strawweight,0,0.4670679097072695,2023
63065d8129b0cd4edb422521,2023-11-04,catch_weight,1,0.7468061454350304,2023
1c5a8fa50a02c5f7237e7096,2023-11-04,welterweight,1,0.35486801858609746,2023
74447d459909b91d8cbc210f,2023-11-04,heavyweight,1,0.72113716442409,2023
c7d24b653dac82db9b54ce3f,2023-11-04,lightweight,0,0.2567672379777747,2023
df9a143b6b0fd7913bb8edfc,2023-11-04,heavyweight,0,0.4287514027474559,2023
de2c9e0a9b1e5ca7f500117c,2023-11-04,light_heavyweight,0,0.36797484849136225,2023
d15dd8dad27d3ee24d69ac60,2023-11-11,featherweight,1,0.47029267036768047,2023
afa38907d741913db5a7be3e,2023-11-11,featherweight,0,0.5471700952791878,2023
8a2b05dae46c16a168a3e654,2023-11-11,lightweight,0,0.45786282927111654,2023
496a2700b89769900984608d,2023-11-11,womens_strawweight,1,0.5287655302138919,2023
8d6e2b7b8b22ac6ba0a22969,2023-11-11,light_heavyweight,0,0.3754892305487521,2023
e8561543ae98872e901f6879,2023-11-11,catch_weight,1,0.4219161294104745,2023
833524b44b22bd3208f2fbd3,2023-11-11,flyweight,1,0.6790239067392773,2023
d20739f6f7bd77ea12be13e0,2023-11-11,lightweight,0,0.2322310478528004,2023
144baece3f6aa1688e288975,2023-11-11,lightweight,0,0.45348588214448965,2023
e7b64eb7fc4775216b389738,2023-11-11,heavyweight,1,0.4775609322023256,2023
177541d6f63823d585239290,2023-11-11,flyweight,0,0.5561814544162724,2023
f41b81824fdcc42b9e4d0405,2023-11-11,womens_strawweight,0,0.48424155776115757,2023
f2df0f0bae9607c1cf534447,2023-11-18,middleweight,1,0.7643778119043216,2023
d364f1a7af8353a6a5bb476f,2023-11-18,bantamweight,0,0.6736053995348303,2023
00e7ffbaf4344527093873a4,2023-11-18,flyweight,1,0.6823812087005916,2023
459984a71320f6181b1f6a92,2023-11-18,lightweight,0,0.7139023712531697,2023
cac245615a9748a0186e36ce,2023-11-18,middleweight,0,0.42444760518311214,2023
8e520f2d4e402e4c08eac42a,2023-11-18,featherweight,0,0.614630152500065,2023
19a60d3bb692f7fab1aa0998,2023-11-18,featherweight,1,0.36662380493071556,2023
5d678692a9535ae7a7113d36,2023-11-18,womens_strawweight,1,0.7689771478551642,2023
e5dbe1f65469011be90331f1,2023-11-18,womens_bantamweight,0,0.1854202748774885,2023
0814c6241270848832ee1c95,2023-11-18,welterweight,1,0.43272834587921283,2023
d7d1847897d6db266f12f753,2023-11-18,heavyweight,1,0.7622703263062746,2023
ded733c1abeb30eef94d0f74,2023-11-18,bantamweight,0,0.5225237602129255,2023
d8489abaf1802fa3a1021b7f,2023-11-18,welterweight,0,0.7522715634879146,2023
3244052f0a3815145fdd8188,2023-12-02,lightweight,1,0.6249424666955803,2023
29c71d1b4084e31abd61e31c,2023-12-02,lightweight,1,0.4463677883539945,2023
266fe16c8f3e3b75a7f4c4a3,2023-12-02,lightweight,1,0.4778643193347755,2023
577f775be78964896ac1a903,2023-12-02,lightweight,1,0.4883396148445289,2023
aa55d74034f3a3481fb4d6d8,2023-12-02,womens_bantamweight,0,0.5779574788234662,2023
6a65ab2dbc5dee6257dc9595,2023-12-02,middleweight,0,0.5356408580109366,2023
ae90c163fbadc8e692614a68,2023-12-02,bantamweight,1,0.5695793685588967,2023
d9ba19f4c35501b7970cbdd2,2023-12-02,light_heavyweight,0,0.6844816127067868,2023
485be0671ebd8c05327115aa,2023-12-02,welterweight,0,0.30800595063626773,2023
d0150e31146bd1f6c53d9109,2023-12-02,womens_flyweight,1,0.31256662429534443,2023
71220001b252fdbf72418ec3,2023-12-02,welterweight,0,0.6331857513321963,2023
9fc28e3dc009b827883edd97,2023-12-02,middleweight,0,0.361226421961324,2023
aef3796599ba902b135e1a2e,2023-12-09,light_heavyweight,1,0.3720763326693667,2023
5b76e797c4ffb48b61410c9d,2023-12-09,flyweight,1,0.6381924906666437,2023
1466c10bcdb2f1b0a1352dec,2023-12-09,middleweight,1,0.40706933894264313,2023
55082c328945d276153798e0,2023-12-09,womens_bantamweight,0,0.17559805515973181,2023
0a60ebc269e85bff31e989ed,2023-12-09,lightweight,1,0.5069887390343145,2023
23ae5ee3a2a189aeb6fad511,2023-12-09,womens_strawweight,0,0.5091275109452414,2023
aaea90999d2c2c9ef107ce94,2023-12-09,welterweight,1,0.4591149589105697,2023
e4f499527d31d66c982fd653,2023-12-09,bantamweight,1,0.648144115210256,2023
1717f90d2160832604d7a78d,2023-12-09,lightweight,1,0.40618392116574786,2023
adb8d33c46026c9bd9e6fbca,2023-12-09,flyweight,0,0.33426446267308974,2023
f02ef45176d4af0219dabfa5,2023-12-09,bantamweight,1,0.4817529853251673,2023
280a428b31e2aef693a0f9f4,2023-12-16,flyweight,0,0.5780713118130995,2023
d3365e6d3be6de5629a2c7a8,2023-12-16,light_heavyweight,0,0.5812452873424057,2023
d577b5cf3001b917a08711f8,2023-12-16,featherweight,0,0.3922686834878015,2023
39fc49a6ebd402e80c2483c6,2023-12-16,womens_flyweight,1,0.3094116591071428,2023
1330b89f70ea839717128850,2023-12-16,bantamweight,0,0.2643203544655397,2023
058ef2585a4f17f0e5ad91cf,2023-12-16,womens_bantamweight,1,0.44562767309201295,2023
f34bd1f41290f9fed4eb494a,2023-12-16,featherweight,0,0.7842353205203477,2023
687a5fbe17d8dbd9d362aad4,2023-12-16,welterweight,0,0.4555299038282415,2023
bb649a9711cf49795b3c4110,2023-12-16,heavyweight,1,0.27005407847220797,2023
8b6069a7a68e296dabf0a2b7,2023-12-16,welterweight,1,0.79991451139602,2023
0248f733a0a79ce27869d3bb,2023-12-16,flyweight,1,0.355886161419392,2023
ebe757e2d75707e5c685fa5c,2023-12-16,lightweight,1,0.4941532781573248,2023
350855927478bdd1e949d40c,2024-01-13,heavyweight,1,0.7982907819738277,2024
3429305b9c7c09859dea585b,2024-01-13,bantamweight,1,0.41261554617936635,2024
3a6a6b413fb74d30cc7ca422,2024-01-13,lightweight,0,0.6286060542921396,2024
428a69abf162f2b9b7b4fc5d,2024-01-13,flyweight,1,0.7028436629864868,2024
25198c09b99dc5ef33baad00,2024-01-13,light_heavyweight,0,0.4831635081606641,2024
4a93776243956f8fbb398bfd,2024-01-13,bantamweight,1,0.5514184185731077,2024
406ffce8282d87e7c9405a2e,2024-01-13,welterweight,1,0.4948188309314572,2024
811e412052d3c3ce36862e6e,2024-01-13,lightweight,0,0.6383338144888593,2024
8cc7da19086c6ed2e0367e37,2024-01-13,middleweight,0,0.6285691142901064,2024
8fe948f0238e3128d28de6c2,2024-01-13,bantamweight,1,0.48597776150807237,2024
5d13c41cb62ff0921715726b,2024-01-13,featherweight,0,0.31098367512758907,2024
b7feb4f5c53ec81135796ed1,2024-01-20,featherweight,0,0.3905359112934232,2024
19f5549fd17592807a27b146,2024-01-20,bantamweight,1,0.5703230175385129,2024
89c2b506cd80a961358c0aa7,2024-01-20,featherweight,0,0.5264552761995024,2024
2cfc07cf6675811da4dccda6,2024-01-20,middleweight,0,0.4687494092852036,2024
dc907d383820e288b4e21f7a,2024-01-20,womens_strawweight,0,0.336427206082275,2024
381492d3d739b74de7beeaf8,2024-01-20,womens_bantamweight,0,0.3571770995824634,2024
1885c2392f3fc4e13cca8970,2024-01-20,flyweight,1,0.35007521610809755,2024
d03ee612207eed674bede235,2024-01-20,welterweight,1,0.5315643690890111,2024
b714ef8d91fff6b78df25c03,2024-01-20,womens_bantamweight,1,0.688068348176751,2024
8101ef269b3e43cfcb139bb0,2024-01-20,middleweight,1,0.6683186597378258,2024
cfab9e2259fc0aaa894fea97,2024-01-20,bantamweight,0,0.5053396341986812,2024
c5a68290631162d0cceb4de3,2024-01-20,welterweight,0,0.7308095092433312,2024
585b9503d7555c070c210fc6,2024-02-03,flyweight,1,0.44324796167758496,2024
cdc0b8fe8eb1f4398afe4cc1,2024-02-03,welterweight,0,0.5959651098025169,2024
cccf589a0c312106aced03f1,2024-02-03,featherweight,1,0.6065086469195717,2024
124fdf48a7e58167e2406acb,2024-02-03,lightweight,0,0.6208768190747588,2024
c1f1986c9747f9c480a9e997,2024-02-03,womens_flyweight,1,0.5511187346669694,2024
130b5f385e434a6ead40c900,2024-02-03,womens_strawweight,0,0.4251129935045528,2024
68a976bdb4c4755bf10643db,2024-02-03,welterweight,1,0.6821492282936455,2024
eff5e97ace834c6b6a4814ac,2024-02-03,lightweight,0,0.5085294703859297,2024
83bf424cee3106fb1c1d003d,2024-02-03,middleweight,0,0.3359319584386739,2024
6b6316141f41f8571d3e4388,2024-02-03,welterweight,0,0.48227543994202693,2024
06ebbfece8ed6f916f1b9909,2024-02-03,heavyweight,0,0.5938577172925141,2024
5cab68e112cbb2a3111df0ad,2024-02-03,womens_flyweight,0,0.22489314012694128,2024
85b8c9276ba604cad81ebac2,2024-02-10,lightweight,0,0.5053396341986812,2024
65d8d6420f1e0a4aa05a178e,2024-02-10,middleweight,1,0.6898251986007112,2024
13eedeaf133943571e8e2adc,2024-02-10,featherweight,0,0.3180807422929254,2024
19838dda64baf51b952b953c,2024-02-10,light_heavyweight,1,0.4067559970877014,2024
c4b6f3ca9c43308740153a7a,2024-02-10,featherweight,1,0.40046953615368924,2024
989b72f7d9fce65b937a2210,2024-02-10,middleweight,0,0.6397482775288458,2024
a289673832251cad582de635,2024-02-10,womens_strawweight,1,0.7118489729840083,2024
ea3d25224fa0cf859531451b,2024-02-10,welterweight,1,0.2596748042309536,2024
f7537c194a0a6dedbc510eba,2024-02-10,lightweight,0,0.6755901689863492,2024
d7d8b7e2b293904ac1b5bb78,2024-02-10,middleweight,1,0.5121816399031669,2024
598ce164fdf6415d56e7b795,2024-02-10,middleweight,1,0.3783906748694992,2024
df6544316c136ebbbcf87b85,2024-02-10,welterweight,0,0.6115540857710489,2024
4dc722c27e4030e3d16b4ca4,2024-02-10,light_heavyweight,1,0.26566278919355957,2024
d7234fe2bf746ee2cf907640,2024-02-17,featherweight,1,0.5171736885161322,2024
3d95040539382b0778d86880,2024-02-17,womens_strawweight,0,0.6325085718698717,2024
0859c039546455918d4e00a0,2024-02-17,womens_flyweight,1,0.542395781322009,2024
8cf95c9b6a93f3379fba3bae,2024-02-17,middleweight,0,0.41176636978118286,2024
91d92f1b9028820948735ff2,2024-02-17,welterweight,1,0.6624113270082124,2024
1f1e004761793697bfdb3d25,2024-02-17,welterweight,0,0.5156191030492105,2024
bd35b700e291f4438a1ed771,2024-02-17,heavyweight,1,0.5801223576367742,2024
75d36ecf8a8355375bbfeb39,2024-02-17,bantamweight,1,0.7850401769292923,2024
c54d754afa6119eaf55ba682,2024-02-17,welterweight,0,0.36032569448167506,2024
9c356ca4e2c4a13e56153ea6,2024-02-17,bantamweight,0,0.20631671944767246,2024
beebd8ffc5c9b908e7bffd97,2024-02-17,middleweight,1,0.6806443765111757,2024
a4563fbab7ae7cde62a6e539,2024-02-17,light_heavyweight,1,0.5104272544501147,2024
c64700ee2cdf4b4f8a2a3263,2024-02-24,flyweight,0,0.6473553196231607,2024
209209db725130787eba0ee0,2024-02-24,lightweight,1,0.5681038923157927,2024
89ef0f8da85fc4f1f608a06a,2024-02-24,bantamweight,1,0.6315412762153891,2024
7595efdbddc1226c02f629f3,2024-02-24,lightweight,1,0.4954594224098824,2024
a58a8dd2b764d7c4cab9ab8b,2024-02-24,flyweight,1,0.4677720229619713,2024
984871628d68f0d92bd4ef99,2024-02-24,featherweight,0,0.3465871212034226,2024
f7770d17020ec11ef8b11097,2024-02-24,flyweight,1,0.5424817771015977,2024
042a708e7b9fa3844e0e11d6,2024-02-24,lightweight,0,0.6347161733213734,2024
4c3292e39be0121f3ea756dc,2024-02-24,flyweight,0,0.4028542552212619,2024
a92624583dd834ec8eb0b001,2024-02-24,flyweight,0,0.6515891764090603,2024
044f7e8edbbc1ee181fc4391,2024-02-24,featherweight,0,0.6799915178369591,2024
3b255e4692d41230aa1120e1,2024-02-24,womens_strawweight,1,0.42045493358018443,2024
2a399975bd1e1b0dd0a23723,2024-03-02,lightweight,0,0.37819243230883987,2024
f221e836ceb8c4fade1a00bf,2024-03-02,bantamweight,1,0.36407190856343846,2024
5241c9c4ed74e9f71dec32a6,2024-03-02,flyweight,1,0.6004560490224112,2024
8b878472b607640f653aabf8,2024-03-02,middleweight,0,0.3852738267209425,2024
b8ab408b0ad3705153c60d6a,2024-03-02,middleweight,0,0.31977565458199686,2024
462aef659d2f1c9db0a805c7,2024-03-02,heavyweight,1,0.2542030945490392,2024
f6e2ffe4c9ca47e91797a8a2,2024-03-02,lightweight,0,0.22458910353284833,2024
f975335e1c3c676390ad01b8,2024-03-02,flyweight,1,0.6895605153513958,2024
a5ac42ab85f1ef67611fe071,2024-03-02,bantamweight,1,0.8640781618129623,2024
95e0c040d06438ee57ea9376,2024-03-02,bantamweight,0,0.6232394547275214,2024
63de167ce405377f2aba39c8,2024-03-02,light_heavyweight,0,0.30020896909106065,2024
767e0cd4fd92f89fa41fb0e6,2024-03-09,flyweight,1,0.7074792230795375,2024
941a479df441789cc3533fb8,2024-03-09,heavyweight,0,0.4032815613699821,2024
3bad79d24f4c8195f5e17845,2024-03-09,lightweight,1,0.46898094359660836,2024
bdcfbf088a7d3f37af559860,2024-03-09,welterweight,1,0.6827941824003382,2024
46bace0825d59702c71e7f9b,2024-03-09,light_heavyweight,0,0.6501897037949432,2024
a0db913c10b186b2f2ee92b0,2024-03-09,womens_flyweight,0,0.506972726635431,2024
774a7e588c92b3603e13fb0e,2024-03-09,womens_flyweight,1,0.5131045678244093,2024
58d4e6da9340c1453dd0eaae,2024-03-09,welterweight,1,0.24325597517473324,2024
b17b04c1d8f0105c850933f0,2024-03-09,lightweight,0,0.44711829469099856,2024
e1e51b91402d9d330f72e381,2024-03-09,middleweight,1,0.6606463080051219,2024
29acf84fdc389a3d05e38869,2024-03-09,bantamweight,0,0.26930942545199177,2024
6500ffecb08cd5920b6bb95a,2024-03-09,bantamweight,0,0.5830580897768946,2024
ecc485a069e20e0452aa83f8,2024-03-09,heavyweight,0,0.37875378890150285,2024
8d28cf9448610499fb45e428,2024-03-09,bantamweight,0,0.21418992173795767,2024
1c78c76a645637092d543c74,2024-03-16,bantamweight,1,0.4730646903289339,2024
2975ba8effb59bf63f531ccf,2024-03-16,featherweight,1,0.33899946359574834,2024
2c547056bb11b7e5cf58a477,2024-03-16,middleweight,1,0.5247678960068536,2024
cd990f7b7b3c638cf7fb4af1,2024-03-16,flyweight,1,0.48959415464042094,2024
2701e3a1ca5507745c3e167a,2024-03-16,womens_strawweight,0,0.40454391050908506,2024
7b8f73546b25caae9d8e0963,2024-03-16,featherweight,0,0.6724543014803905,2024
572aef4284a35d97b7e5b806,2024-03-16,womens_bantamweight,1,0.41678019963293433,2024
d30caf84e805ba31ea467699,2024-03-16,lightweight,0,0.3292007606922205,2024
50d49221d2d8e912a0449b06,2024-03-16,light_heavyweight,0,0.7688455931401043,2024
1ede5ade9dccb1619dcef669,2024-03-16,womens_bantamweight,0,0.5062565402584659,2024
35d276b0d655b5762a4adfa2,2024-03-16,heavyweight,1,0.4762482291327454,2024
0a9b856652e4e6e97855080b,2024-03-16,lightweight,1,0.6467236065553372,2024
a64c19e40b1495a3c1956bbb,2024-03-23,womens_flyweight,0,0.4796693382335523,2024
5cdaf1aa145a0b5f1417f8a9,2024-03-23,featherweight,0,0.6307914738989433,2024
ffd41253362852c43cf12750,2024-03-23,middleweight,0,0.33597907058519927,2024
a22b995a041336cd2e7b1b71,2024-03-23,featherweight,1,0.5661807537131563,2024
8e06fccd7bb02182d006203e,2024-03-23,flyweight,1,0.5053396341986812,2024
faf2cb29b1f6abbd8713bb97,2024-03-23,featherweight,1,0.44554374800290625,2024
b48bb5914daa78dc914fc244,2024-03-23,heavyweight,0,0.25434334459175756,2024
2d258da0acd9ef5e460e76cc,2024-03-23,lightweight,1,0.5789983493042146,2024
9df5f995b3d922bcb3086b07,2024-03-23,bantamweight,1,0.7050826191136105,2024
45b6c75025a22a83394120db,2024-03-23,heavyweight,0,0.4635645092341304,2024
fd45d43912f2632e09d27c20,2024-03-23,womens_bantamweight,1,0.1977447433355857,2024
071ec632559eee88583d16b0,2024-03-23,bantamweight,0,0.3903420036830243,2024
da9b12ab4d26fdc65b8ea77a,2024-03-23,featherweight,1,0.3190267945452301,2024
8f4cffa9eab92b6b02b0d908,2024-03-30,middleweight,1,0.5553848483932359,2024
597cf1aa8126498a52c75a08,2024-03-30,bantamweight,1,0.634429257646951,2024
806b9b05325b02e265c3a0fd,2024-03-30,featherweight,0,0.4532105079917956,2024
c9a059ab5fe63b169ad893f5,2024-03-30,welterweight,1,0.6125972181528637,2024
c42216542c36faee591ca558,2024-03-30,middleweight,0,0.35550901727514067,2024
1165451188dbec47a064b95c,2024-03-30,featherweight,0,0.4059302775288088,2024
dd594ad901b92c946c85ba83,2024-03-30,womens_flyweight,0,0.6379202455008667,2024
bfe4cbeeec90491f6582a54c,2024-03-30,light_heavyweight,0,0.38915082659915406,2024
eb04b76ac189631bafe863ef,2024-03-30,featherweight,1,0.700314827089265,2024
390a29759a09a018f278d78e,2024-03-30,featherweight,0,0.4437402002064702,2024
8e19439b96eaeed402465002,2024-03-30,middleweight,0,0.4400751582129392,2024
dde5cb51c199688c1b7fbf18,2024-03-30,welterweight,1,0.47238576720006614,2024
66b4a5d77d71117aeeb34de4,2024-03-30,womens_strawweight,0,0.6771833748701713,2024
11fb6fbb886f244ae864e58a,2024-04-06,featherweight,1,0.37540083101482974,2024
8231f0e6b0b5bafc0c8468e8,2024-04-06,middleweight,0,0.21217771738189614,2024
f2db18a4c054f0e037b11cc2,2024-04-06,welterweight,1,0.6257602387006662,2024
71daf3f66499f6c8d84b8ff1,2024-04-06,bantamweight,0,0.5850316978300175,2024
74a163474a8c0f8e7e0f8528,2024-04-06,middleweight,1,0.5053396341986812,2024
75905fdb791eefe74e05107b,2024-04-06,lightweight,1,0.6503738697428011,2024
736a7a3bbb975eced403288a,2024-04-06,womens_bantamweight,1,0.3856650418758093,2024
87408b8645e7a31b6cdbbf32,2024-04-06,featherweight,1,0.5928343853686328,2024
4ab9a0d319271e6464c41d4f,2024-04-06,womens_bantamweight,1,0.48723297621674894,2024
741737d64bcf1c7e2c9ab9a2,2024-04-06,bantamweight,1,0.5053396341986812,2024
44b8b16421d3b8ca5e361743,2024-04-06,lightweight,0,0.34302674599452115,2024
fdb4e67476bc87811762511d,2024-04-06,heavyweight,0,0.417526645232824,2024
3300093a48a6b6f70a6dad94,2024-04-13,light_heavyweight,0,0.3785968131105923,2024
f85198c6c82c7c5676cc1a84,2024-04-13,middleweight,0,0.3441460553193666,2024
37e234e374031c4a9c10e43c,2024-04-13,featherweight,1,0.7605114963818593,2024
564ed9d5df5aa5baa575e591,2024-04-13,lightweight,0,0.3347585033260183,2024
03a849ee698f35fb17c1933b,2024-04-13,bantamweight,1,0.6886140371125123,2024
7632d2c23612af5ce3d9a2f6,2024-04-13,womens_bantamweight,1,0.1410851336202197,2024
147d563a5f53508a72a20873,2024-04-13,lightweight,0,0.5750011945244052,2024
032c8104a460ad869376a130,2024-04-13,womens_strawweight,0,0.48924322274738474,2024
a78f5cc79c971a495b411642,2024-04-13,light_heavyweight,0,0.5123578463096805,2024
8600ede511999d9adc3c9975,2024-04-13,lightweight,0,0.4500148828993561,2024
40ac2f53071b5de0836100e9,2024-04-13,lightweight,1,0.7895776400137732,2024
3a1837e0a4820197bb51c85f,2024-04-13,featherweight,0,0.4027866191919388,2024
0dc452084d23dc74076732ad,2024-04-13,womens_strawweight,1,0.6494516646034695,2024
7b58877ab5e4d6cf85d3afdb,2024-04-27,womens_flyweight,0,0.42029080292486093,2024
19df3fa9de41e66929ab88fa,2024-04-27,heavyweight,1,0.4608846647675101,2024
0d17deee4e12367f002ba9a2,2024-04-27,lightweight,0,0.26301438217039785,2024
8d17aae9a953ca23b2144a12,2024-04-27,heavyweight,0,0.5279670044225172,2024
9d1e1ee7b226466bb2c175ce,2024-04-27,lightweight,1,0.33779286789419355,2024
03670cc90ed626c90836de43,2024-04-27,womens_flyweight,1,0.6025817637509525,2024
53a27e69fc6fc4de042616c0,2024-04-27,lightweight,1,0.5053396341986812,2024
e485c72f59f5947e989b064f,2024-04-27,featherweight,0,0.5893803970142366,2024
6a21e75bc72a71c8587b87c5,2024-04-27,womens_strawweight,0,0.40296762276987463,2024
1d88a0c36a95acc86682e411,2024-04-27,flyweight,0,0.4569449389776072,2024
f070085973f94e62645c20b9,2024-04-27,bantamweight,0,0.596816750530598,2024
181283d8443a6c33cb21c79c,2024-04-27,light_heavyweight,1,0.2607136469534699,2024
c674910dad3e5790a28e8502,2024-04-27,welterweight,1,0.5754924041190919,2024
4018cfaeb2593cc98fcf7a7b,2024-05-04,flyweight,1,0.6861690651379747,2024
75f967a01638fa466a040663,2024-05-04,flyweight,1,0.4136447583752293,2024
048e951737120ee49478ad81,2024-05-04,light_heavyweight,1,0.42049295282617116,2024
22bf9f5adbf622b55d1f0d16,2024-05-04,womens_flyweight,0,0.5053396341986812,2024
707d69a949880d2954a5183a,2024-05-04,lightweight,1,0.5503431439684168,2024
40f2eca8b202a382e83a86ee,2024-05-04,lightweight,0,0.4421092016188636,2024
f074dc7df2dadf7cfac1fda3,2024-05-04,featherweight,0,0.5319386866122418,2024
d967e5ba34cb3ff8d9a4adb4,2024-05-04,lightweight,1,0.6653489026837544,2024
e05a5a9e9719ca88d645516c,2024-05-04,bantamweight,0,0.7152177175066362,2024
94bd5ed15286e8e4cc120e52,2024-05-04,womens_strawweight,1,0.3928476083235897,2024
39cffcac3e882d98203f7dbc,2024-05-04,lightweight,0,0.6349585034438904,2024
1c69f516d3ff75bcc6377c47,2024-05-04,middleweight,1,0.7244576822135619,2024
e9311178ebb944a7fc6aca37,2024-05-04,middleweight,0,0.27215307866563127,2024
5961c213c10f64edc3e88f9f,2024-05-11,featherweight,0,0.39462012517730305,2024
dcb8007781e8317ca6a6c80b,2024-05-11,light_heavyweight,0,0.4769100144489365,2024
67958e9303cb81656c149b1d,2024-05-11,welterweight,0,0.3973627360527383,2024
1a80a39cf42c05f59642a74d,2024-05-11,flyweight,1,0.7048929895504358,2024
7621b21075c5e1917732c005,2024-05-11,lightweight,1,0.6156340986714466,2024
7a09d0a6adda8ef213536caf,2024-05-11,heavyweight,1,0.4477727735618595,2024
2418c947db415559ec8fb353,2024-05-11,lightweight,1,0.16465165974321896,2024
a79c545c27deb304d7edfd56,2024-05-11,womens_flyweight,1,0.3140396460709448,2024
f511fbf1cacfba820f4106fb,2024-05-11,welterweight,1,0.33942528462788774,2024
04e190387cb56de161ad5390,2024-05-11,womens_strawweight,0,0.5724259531693386,2024
49c439cfc0b0097ddf5a2828,2024-05-11,lightweight,1,0.42844433258981157,2024
d9449a6730d848570ee311a9,2024-05-11,heavyweight,1,0.3704700026703197,2024
a8bed7a2d2d40766423dceb9,2024-05-18,middleweight,1,0.6537361141899553,2024
db2e4374a49ab25f5ec0dc0a,2024-05-18,bantamweight,0,0.3021334418625955,2024
3be1164cabf2e5d45f3c45b5,2024-05-18,bantamweight,1,0.47720476702319414,2024
3fd54e9fa93e640c3802e176,2024-05-18,featherweight,1,0.7615814934195593,2024
d535daa86964c2b555e0dca5,2024-05-18,welterweight,1,0.45839650420753775,2024
58732931566ff8038d67e1ae,2024-05-18,womens_strawweight,1,0.3867354392561555,2024
07ce5e11ec24372dce1eade0,2024-05-18,light_heavyweight,0,0.5053396341986812,2024
d8dea5c6d18a01f239c500fc,2024-05-18,womens_strawweight,1,0.27930136592117183,2024
c20d7e2d4ccac0647c485cea,2024-05-18,womens_bantamweight,1,0.6220190691116596,2024
dc832abfc5a2f3f0b0e3125e,2024-05-18,welterweight,0,0.2806561159093368,2024
5ef58c611edc62275574db90,2024-05-18,womens_strawweight,0,0.44720248824523734,2024
97edf385302354b149760b41,2024-05-18,lightweight,0,0.40286280675853525,2024
8e17356f2fda3a5192d31ede,2024-06-01,womens_bantamweight,0,0.3092058730846482,2024
10c40b22ef9284e7de0ce72f,2024-06-01,middleweight,0,0.4839802838261515,2024
79ff3b1a7d1bf92f16483213,2024-06-01,lightweight,1,0.5862697182934309,2024
4b9696096d6fa5e9d5610ddc,2024-06-01,lightweight,0,0.10776094960989939,2024
989ca4098373cae02934935d,2024-06-01,heavyweight,1,0.680515214039465,2024
6b33e6c737a6684a25945237,2024-06-01,middleweight,1,0.6274795004762018,2024
cfe0192361aad1fbe188ea64,2024-06-01,welterweight,1,0.596399763124738,2024
aabe4d2579baa78d78077059,2024-06-01,flyweight,0,0.450026639769986,2024
113ec2a83989aaec45d0a399,2024-06-01,welterweight,1,0.4506767273472708,2024
0acc32af1154473e50db81c8,2024-06-01,welterweight,1,0.5499989533659109,2024
41337cbd48bf4f84174dc20b,2024-06-01,welterweight,1,0.676656318948708,2024
3dee3aff7f82282e32f8df92,2024-06-01,middleweight,0,0.45120537762755647,2024
518127b2dd8efe3a417831b3,2024-06-08,womens_flyweight,0,0.5062181903120537,2024
2e839f2de196517e8e246d12,2024-06-08,bantamweight,0,0.3449128378296823,2024
bf7ea6fdb51531c8d451a756,2024-06-08,middleweight,0,0.28346260645723254,2024
7de1c7f30e70c0054157559a,2024-06-08,welterweight,1,0.4768037141418108,2024
25d7d7c1927b76a34bdc14d3,2024-06-08,bantamweight,0,0.4781661508100195,2024
0ddcfb11315e9923a41bb2c7,2024-06-08,light_heavyweight,1,0.5070288677760091,2024
e8438ef0c8ba3780dc2b45d9,2024-06-08,womens_strawweight,0,0.5996999156572232,2024
d20e183e0125d6ec0f2db68e,2024-06-08,middleweight,1,0.760277070114289,2024
a1e8bfab94288f7370f435d3,2024-06-08,bantamweight,0,0.49360097177103984,2024
e5d256c6836b448747c5b8c1,2024-06-08,middleweight,0,0.571759455465444,2024
70272da7c95cd179af6cf4d3,2024-06-08,welterweight,0,0.6894489591411882,2024
144bac7646d283547cc8b638,2024-06-08,bantamweight,0,0.3711349584686538,2024
19bc980d805f14744f6823af,2024-06-08,womens_strawweight,0,0.6579474111449762,2024
8f81053df7a5953b7491f734,2024-06-08,lightweight,1,0.5315974471746557,2024
79440448cd3fec28695e7dec,2024-06-15,flyweight,1,0.5303680405151502,2024
6c45fb565fbf14ea75c4fdcd,2024-06-15,flyweight,1,0.48686772800619554,2024
14d2774e1d1f3fd5e1c6dbc7,2024-06-15,bantamweight,1,0.4853470299185681,2024
f5dfccd531de267b99e1f070,2024-06-15,womens_flyweight,1,0.42780512061254355,2024
493d3aa0ab1d0278e2da7639,2024-06-15,bantamweight,0,0.2066347153484193,2024
763a5efe7035e062f2c0b690,2024-06-15,featherweight,1,0.26599139256131715,2024
1fed94581536b612e2fb59a6,2024-06-15,flyweight,1,0.6859261565142971,2024
41d8ef2e34a39925ad4e75f9,2024-06-15,womens_strawweight,1,0.7356048538498506,2024
f988066efa595e7f87d49d22,2024-06-15,welterweight,1,0.6181615270990385,2024
19dddb26aefce6783b18baf6,2024-06-15,featherweight,0,0.368440749311195,2024
9a8f34cfdca8efcd4558a8b7,2024-06-15,featherweight,0,0.39861538048712186,2024
37d4488fc8163313b1231aae,2024-06-22,light_heavyweight,1,0.3954367167742806,2024
7cf1ccb04fb7f586000618cd,2024-06-22,middleweight,1,0.5788376608201383,2024
0a2c033e657e7440fa8aa8de,2024-06-22,bantamweight,1,0.5555425729049328,2024
6d76913c436ce9ce53210b04,2024-06-22,light_heavyweight,0,0.4376932708051746,2024
1a036b09296210df95e21b1d,2024-06-22,featherweight,0,0.7186404326177801,2024
fc3424ff1e489f76836e8acd,2024-06-22,lightweight,1,0.5855737418580927,2024
dcdb4b3fb3f9b4843ea57bb4,2024-06-22,welterweight,0,0.26852465379017376,2024
65451ad06adc1f6bd89a8674,2024-06-22,middleweight,0,0.4085742253567291,2024
a1d5af9825d34f2535d592ad,2024-06-22,heavyweight,0,0.563484253671591,2024
a0aecd3b3aa3acaa0c742fc0,2024-06-22,middleweight,0,0.208937671631139,2024
af244485111bd9dd30c97866,2024-06-22,bantamweight,1,0.5053396341986812,2024
7c694c3870edbf3861bf90ae,2024-06-29,light_heavyweight,0,0.3448073229532599,2024
1669e7c3c0104261e38941ae,2024-06-29,heavyweight,1,0.3366833359372304,2024
6f03e907877bb17aa05774b7,2024-06-29,light_heavyweight,0,0.6330070642377625,2024
9fcb0c56f33fc5b61e47d0b7,2024-06-29,featherweight,0,0.608358960045269,2024
bc237d1b3aa5dfe665961429,2024-06-29,featherweight,0,0.5774875016055236,2024
7508a78c4629ff995495dbbd,2024-06-29,catch_weight,0,0.4152693425888616,2024
1885b9c154714adfa0a9f0ee,2024-06-29,welterweight,0,0.2574486511255414,2024
3a544bc796aa4992d5fe2c75,2024-06-29,middleweight,1,0.6046239320668788,2024
a276808076c8af27cad7f2ff,2024-06-29,womens_bantamweight,0,0.29950629039227045,2024
94dc3b686c902429728324a6,2024-06-29,womens_strawweight,1,0.48198436801270966,2024
3d80286353ae673cbbea021b,2024-06-29,bantamweight,1,0.6284730497460929,2024
d4d6b8ea5bd50709089f7bc0,2024-06-29,flyweight,0,0.6649976245491429,2024
70c74e2537b1f6d717d6a580,2024-06-29,bantamweight,1,0.3896377769486855,2024
df9f3189d74a76849525e5d0,2024-07-13,lightweight,1,0.41062339941558135,2024
930fcb9f98b6403d004a10a2,2024-07-13,welterweight,0,0.4973456594146017,2024
752309c3bca8093f692b1373,2024-07-13,welterweight,1,0.5859570206873466,2024
8ad7692e5b972dd4a7267c02,2024-07-13,womens_flyweight,0,0.29484473094188174,2024
12131907a7300a3995c0f29f,2024-07-13,middleweight,0,0.2292216545906108,2024
46e97615d7088624ce11ccd9,2024-07-13,flyweight,0,0.5699795027756663,2024
d8807ddb36ab019a53c30d15,2024-07-13,featherweight,1,0.14205809828974017,2024
85ca4854cd014ce8c4b31d7c,2024-07-13,womens_flyweight,0,0.441358185254186,2024
ddcbb740cdb42e2859e3ca1d,2024-07-13,bantamweight,1,0.7016903751419435,2024
41c64f492689442222f3aa5d,2024-07-13,womens_flyweight,1,0.5520425216315136,2024
1d14aed9e7e615e94ffe9351,2024-07-13,welterweight,0,0.5004022286330452,2024
1a1f05ea93dfb2cef5441150,2024-07-20,womens_strawweight,1,0.46778683984759617,2024
1802198470e4d36f13b9a300,2024-07-20,bantamweight,1,0.612057895996302,2024
52f6aa2624ec3c51c8435cc4,2024-07-20,flyweight,1,0.20934801122284136,2024
8d11b4f1eb76e9b46dbfa43c,2024-07-20,featherweight,0,0.6678690076202167,2024
fb73b101f05286253264c95b,2024-07-20,featherweight,0,0.38360502738777724,2024
92839e130f117882696a849a,2024-07-20,lightweight,0,0.5360411109158327,2024
d8fe945f52c4101fdb8bc15b,2024-07-20,lightweight,0,0.49147389898751515,2024
4833ad51744b121d927b82e5,2024-07-20,womens_flyweight,1,0.5243345751125752,2024
5d08d6d735d021c218d42bec,2024-07-20,womens_flyweight,0,0.3312213170486322,2024
26a9e6c978b8d211b6443478,2024-07-20,heavyweight,1,0.3553719339707599,2024
9f2b2e8e992c8c2d56b31b48,2024-07-20,featherweight,0,0.381580965363862,2024
097b47cf0fd70817100149e1,2024-07-27,featherweight,1,0.6280845055357607,2024
a5ec3ef5260e3a28c3483b8b,2024-07-27,middleweight,0,0.4444034246327514,2024
9de739fe6020a6c9f3fae848,2024-07-27,bantamweight,0,0.5916818148365167,2024
2e1d63b7961383b47d4f353a,2024-07-27,lightweight,1,0.2754589587251182,2024
79cfa01484c3ea38f9f51531,2024-07-27,welterweight,0,0.7081461621263245,2024
a5cad6e8a51f09bf4c7d852c,2024-07-27,heavyweight,0,0.4443912624354614,2024
d8173aa5dd83c7893f9af630,2024-07-27,light_heavyweight,0,0.454593776238086,2024
10d948ba3fb1d8e9bd8dd436,2024-07-27,womens_strawweight,1,0.25930978438919294,2024
74af90aae5e78d1c1ad3cd9c,2024-07-27,flyweight,0,0.32263080174816144,2024
4e85b5ea469de051613b5741,2024-07-27,featherweight,1,0.7231602402463806,2024
513e525430fb53e61e0bc06f,2024-07-27,welterweight,1,0.4501284043510796,2024
a91c178a8284b7aafa874169,2024-07-27,welterweight,1,0.4185142256241499,2024
aece4c936f0671bad30426f7,2024-07-27,womens_strawweight,1,0.4056317424399526,2024
73594b0e6c5d7117aadc2d01,2024-07-27,heavyweight,1,0.6041257978046287,2024
9ba92a6b223ce70a5def5ac7,2024-08-03,light_heavyweight,1,0.5891161424783944,2024
571fd99f2cea3cab0516a2a4,2024-08-03,bantamweight,1,0.6361060906126403,2024
29050e1234307cff3226cdf8,2024-08-03,lightweight,0,0.3512336407814589,2024
7966b9d988f1cc5340b09615,2024-08-03,lightweight,1,0.4317154914326634,2024
45f6a77cf5bae11f69d9a8fb,2024-08-03,lightweight,1,0.5099709263489128,2024
1f40f703023ba1bd3b521781,2024-08-03,womens_strawweight,1,0.29881710186047333,2024
d2025cddbf7cdc74c599ce2d,2024-08-03,bantamweight,0,0.3766548896343265,2024
04bb77d8d0c872a4a2bc082a,2024-08-03,lightweight,1,0.6200784245752802,2024
a962037dba890b1e59b3c11e,2024-08-03,middleweight,0,0.24903994900306436,2024
56741af4fb9164b3ceab34bb,2024-08-03,heavyweight,1,0.44717948303552435,2024
ca0701d63a3f45561e4c49ba,2024-08-03,middleweight,0,0.3232814624422208,2024
b008daa3b4c6db6c9f881827,2024-08-03,welterweight,0,0.325351487166126,2024
b4ace78f4c4b62732bf4877b,2024-08-03,womens_strawweight,0,0.43722551176886726,2024
63b290ed8d80110a23d74939,2024-08-10,bantamweight,1,0.8428532798564011,2024
a88dc52e44b8276a684bb173,2024-08-10,featherweight,0,0.4030164396039813,2024
6399ddb25f22d847585f6886,2024-08-10,welterweight,0,0.19173492659014266,2024
b8b9c9039b433da4b20b5f90,2024-08-10,heavyweight,0,0.7000074205212127,2024
961760ffcf08037002d97654,2024-08-10,womens_bantamweight,0,0.3661427346233952,2024
7e7ce2895404f87c5266303a,2024-08-10,heavyweight,1,0.48798581208796077,2024
12d0555dd382fcfab24b3392,2024-08-10,womens_strawweight,0,0.5536391047382799,2024
96244b15517f4c3bda290b28,2024-08-10,bantamweight,0,0.5925140668897919,2024
909669ccdc04944ae9d1b468,2024-08-10,womens_bantamweight,0,0.508813141136353,2024
bd60f369b8760c4e98e32f96,2024-08-10,featherweight,0,0.22141594836826461,2024
d0e5f0596a80603b43725079,2024-08-17,womens_flyweight,1,0.27292294250333904,2024
34ba7fa3787854789b373bc3,2024-08-17,middleweight,1,0.5918764017477056,2024
1ab2b260997db6bff8202e76,2024-08-17,featherweight,0,0.3165146098478458,2024
4864b0dc32f25c0902026983,2024-08-17,featherweight,0,0.5571607197391034,2024
fe925f7d987d2688da86017f,2024-08-17,heavyweight,0,0.5988682083271355,2024
91cf1c66c0aae10df4f68f3c,2024-08-17,flyweight,0,0.7212580050434233,2024
ae37c7930a26b186f933eb9c,2024-08-17,welterweight,1,0.5344168237298068,2024
64bf5b234df82a4717fa37df,2024-08-17,lightweight,0,0.6329065080478785,2024
a8691859c32e637d35c7433d,2024-08-17,welterweight,1,0.40058986623659615,2024
9cef7cc38d059d1f8c348efe,2024-08-17,flyweight,1,0.5700670647112098,2024
806133791825a62697b640f6,2024-08-17,heavyweight,1,0.5630990561289517,2024
e85cd4c789fe17ebf55b166c,2024-08-17,lightweight,0,0.15933566125613363,2024
7871134a09675ac61dce31c5,2024-08-24,womens_strawweight,0,0.22596818439150348,2024
d1b1774c0be9c2a23e1afdb1,2024-08-24,lightweight,0,0.6002098007493986,2024
03f2e0f30d6778d93ed003c7,2024-08-24,middleweight,0,0.5448221743233846,2024
e36fc47ae8ddf929d7d70db2,2024-08-24,womens_bantamweight,0,0.2651936833831835,2024
d27425d0f741578a348cf746,2024-08-24,middleweight,1,0.6235243892040229,2024
7188747cdb0273a5acbad76a,2024-08-24,featherweight,1,0.5053396341986812,2024
47b86263700fd8ef79cea0af,2024-08-24,welterweight,0,0.5515527303532197,2024
a3f643c93410304590071638,2024-08-24,middleweight,1,0.5053396341986812,2024
d5f593ce2352af15183e59e2,2024-08-24,lightweight,0,0.48619065613547285,2024
93204973199b855bffa0e265,2024-08-24,womens_flyweight,1,0.431999609253056,2024
59d94d1306c4fa0cc5b39666,2024-08-24,middleweight,0,0.39409936061926015,2024
7e324bf197dfe23d87cf3b37,2024-09-07,middleweight,1,0.7829792768449613,2024
098a7ab058cb0919d2754437,2024-09-07,flyweight,0,0.32959967269273077,2024
84bdaaa1b9eacf71f68d786f,2024-09-07,welterweight,0,0.3011961175426909,2024
3687ac6b259d61ee8fdcf7d5,2024-09-07,featherweight,1,0.6984727200327518,2024
520ab8059fa083df9466b8de,2024-09-07,womens_strawweight,0,0.28027833920826273,2024
37543d1d6a400d3e6864fe4b,2024-09-07,womens_flyweight,0,0.5035157341661585,2024
4891c35741f30e491ae624b4,2024-09-07,bantamweight,1,0.6006039010544244,2024
3abd10663dd8be12d13c6cd1,2024-09-07,lightweight,0,0.22088777387530864,2024
05620075d316a20238eb8fd9,2024-09-07,featherweight,1,0.5633894909333353,2024
b76888405cc10f4682091f54,2024-09-07,lightweight,1,0.388367205791988,2024
fde085a48d0a96f2360b6382,2024-09-07,featherweight,1,0.36545317240492226,2024
45ada03471594e17da40af4a,2024-09-07,featherweight,1,0.5053396341986812,2024
b32a701a44b0d95605d7c908,2024-09-14,womens_flyweight,1,0.6349269664496738,2024
f2ff0c6a9bbd4b5eae926db1,2024-09-14,featherweight,0,0.5895301108803817,2024
09fa80261d93813008aaa022,2024-09-14,lightweight,1,0.41364633347684016,2024
c72915269d9a5169f4bdbe0b,2024-09-14,flyweight,0,0.28053636237350466,2024
3b8c650614dfc5493a3b1bd9,2024-09-14,womens_bantamweight,0,0.24935720112498008,2024
d5a12c28b25082427278edbe,2024-09-14,lightweight,1,0.5822242454345403,2024
d767088f51b6e7714e8d7645,2024-09-14,bantamweight,1,0.49768629005555487,2024
3ec64b31845ac4f1cb2f5a4c,2024-09-14,flyweight,0,0.5077050265005667,2024
75df11c187e283ce3ab3b3de,2024-09-14,bantamweight,1,0.5132776129821488,2024
1288aee9afdb2d374cc3012a,2024-09-14,womens_strawweight,1,0.28138767909835505,2024
245096e15704e2540393d97d,2024-09-28,womens_bantamweight,1,0.5429394425341617,2024
60d8f7e0b676daa7ac15f065,2024-09-28,lightweight,0,0.4079605352057539,2024
7030ef6d4542c58352a49bba,2024-09-28,flyweight,0,0.6745063078152,2024
6ebd9ffc7a13c46ca71bd8aa,2024-09-28,lightweight,0,0.30042985081057866,2024
3e276600eba4e29cd38e2cca,2024-09-28,light_heavyweight,0,0.33808864769407526,2024
dc350102307a004ad39adb01,2024-09-28,welterweight,0,0.6125570157797502,2024
105253273d1654f9a2beee86,2024-09-28,lightweight,0,0.2772317981688266,2024
50aafa48176dfa0137faaa73,2024-09-28,featherweight,1,0.6794001697259039,2024
ab00b1352f514a47b8e37dc0,2024-09-28,middleweight,0,0.3408916903029251,2024
87ccdba10c40f4bdcf843017,2024-09-28,womens_bantamweight,0,0.4728577905928795,2024
88572ee2955c4e9d956110a0,2024-09-28,light_heavyweight,0,0.4399961591683616,2024
7e74c10fa13302f3fb7dd90e,2024-09-28,lightweight,0,0.3643174932878869,2024
0c580a243e221bbb34761e5e,2024-09-28,bantamweight,0,0.2689130206023162,2024
c2a55835ec8fc920f3adf40e,2024-09-28,featherweight,0,0.6055285212923086,2024
c1c94449aa8da08edf6e1dff,2024-10-05,light_heavyweight,1,0.8185620424961677,2024
7c56376f5bee90553ebe1f91,2024-10-05,lightweight,0,0.45080397245448356,2024
42c9a2d2c6e47f7150c3c7b8,2024-10-05,womens_strawweight,1,0.4458985609913841,2024
1972bb7a08946b356c1315c6,2024-10-05,middleweight,0,0.4462356029966162,2024
401cf3772c7ad44839360dba,2024-10-05,welterweight,0,0.6161507067935776,2024
57b18397eb6dda68408204e5,2024-10-05,bantamweight,0,0.3934286346687546,2024
144f8ee9b6fd2c722b5d25ce,2024-10-05,womens_bantamweight,1,0.5718395541774912,2024
e443e39fbfefcebc6b107ee9,2024-10-05,womens_strawweight,0,0.5160974140824065,2024
d310221180298a0117347d09,2024-10-05,womens_bantamweight,0,0.5343749465834423,2024
c6f824443fc9c84e876b488c,2024-10-05,middleweight,0,0.6555791329850645,2024
ce5cad2d9a093f6848c1c837,2024-10-05,light_heavyweight,1,0.6410409655466525,2024
1956b00acb148792dba1a315,2024-10-05,welterweight,0,0.3165221216973371,2024
4840224751a56333d055fc7a,2024-10-12,middleweight,1,0.7224304266160256,2024
a727672cc9664edda540ef4e,2024-10-12,flyweight,0,0.7789402156884938,2024
c9b19587d5b0943492e92d4b,2024-10-12,welterweight,1,0.5384059006002808,2024
75c7c56dd807d68045a4386a,2024-10-12,flyweight,1,0.3435385359051095,2024
8e2cca02f188a62e86ed9e5d,2024-10-12,flyweight,1,0.6144948775367494,2024
559c2d014f7fdd130c04416c,2024-10-12,bantamweight,1,0.252012072989729,2024
b2154563c4e05478fec46f76,2024-10-12,welterweight,0,0.5562076655699704,2024
0cb8a11def43b8e9e64a987c,2024-10-12,lightweight,0,0.2579246813075353,2024
a9a12f6db5392e7212061c76,2024-10-12,featherweight,1,0.25452274081207243,2024
da2b4cb4a1dece7e1cddce4b,2024-10-12,womens_strawweight,1,0.48799706365513784,2024
6006b5e7b981df4da946cb96,2024-10-12,heavyweight,0,0.4765764261844008,2024
d6fa07076c71693c51694206,2024-10-12,welterweight,0,0.4735598689043175,2024
abcc6a4ab3920f6a692e9eee,2024-10-19,middleweight,0,0.6009300225259481,2024
9e275e378f98707802ff3485,2024-10-19,heavyweight,1,0.401148891003359,2024
412a5bf196b840083c98f4cb,2024-10-19,bantamweight,0,0.29254056389058586,2024
8109c8b9fae6d7c0aec54bea,2024-10-19,flyweight,0,0.5175464314189946,2024
0971e4c0e50a7ee704277ff9,2024-10-19,featherweight,1,0.44271232257878956,2024
8e8bc92bd61bc4fcf37df834,2024-10-19,bantamweight,1,0.3642835799728663,2024
7f31ec33285ef5018378b5ff,2024-10-19,womens_strawweight,0,0.2893145563513242,2024
f37b3852170b4e3e133af446,2024-10-19,womens_bantamweight,0,0.3726809851113871,2024
79e0b62af359301a3c381318,2024-10-19,flyweight,1,0.6791205970379622,2024
4798c8fae376043513d3f4d2,2024-10-19,womens_strawweight,0,0.5086295356998815,2024
497026b88b1c9f6fe365d724,2024-10-19,bantamweight,0,0.647212184877896,2024
64b6b3f836693e4882af28cc,2024-10-26,middleweight,0,0.408003895167664,2024
d083631584ac1c4442af2f54,2024-10-26,featherweight,0,0.2302394014782128,2024
0fb2c51f918d8f2c887a3970,2024-10-26,welterweight,0,0.34303541805634796,2024
4a0a7c62b38099ba662d7540,2024-10-26,light_heavyweight,0,0.4146219749363473,2024
c481a4e5d3c8d48d2a063795,2024-10-26,featherweight,1,0.6185925295012593,2024
e98deb41ebb14639db7c7876,2024-10-26,middleweight,0,0.17303908723538006,2024
8c84124df2963190592ada9e,2024-10-26,heavyweight,0,0.3095186460613213,2024
79fce42379f8108d722fa309,2024-10-26,featherweight,1,0.5855957162372889,2024
df658a10c24790baf29d4ee5,2024-10-26,light_heavyweight,1,0.6975652160547369,2024
c1770a29dd92cea4a6f380c4,2024-10-26,catch_weight,0,0.594093548670727,2024
fa23b82570604d8dd9c63e98,2024-10-26,welterweight,0,0.138999881004634,2024
39f8f786e1f44eddf18e1470,2024-10-26,middleweight,1,0.7256140549427279,2024
17cb3fa1910244939c601a11,2024-10-26,middleweight,1,0.6444343677064571,2024
f369464f1180832f1d8b7c25,2024-11-02,bantamweight,1,0.5847150270724526,2024
e1741bf2713d935c14028fb4,2024-11-02,heavyweight,0,0.4739719046041158,2024
6025d5b28df7b99fb482dcce,2024-11-02,womens_flyweight,1,0.5016888287090013,2024
55b1b3ca9a1864952fc3a120,2024-11-02,flyweight,0,0.4717982520955587,2024
88f856cc39f5020603b0cb4d,2024-11-02,light_heavyweight,0,0.5758450395763811,2024
1f3e2215dc098945c449f796,2024-11-02,bantamweight,1,0.5259334542297551,2024
fcff3a20a805946dcbc5b1f1,2024-11-02,bantamweight,1,0.3785491716241757,2024
abebc636424c238657d451dd,2024-11-02,womens_flyweight,1,0.28289652685904965,2024
4ac4778bb7788aaec05d064c,2024-11-02,featherweight,1,0.4305768886698278,2024
6baeb93f8c6f6b9bd33db412,2024-11-02,womens_flyweight,0,0.3513516889443173,2024
dcc9895cbd8b3c0b07f46767,2024-11-02,middleweight,0,0.47281744616530436,2024
671290c0c6844812078884b0,2024-11-02,welterweight,0,0.4796767369642902,2024
c56faacbd23e859d15f773a4,2024-11-02,bantamweight,0,0.6029914194349589,2024
775087a13644ddbfe20dc426,2024-11-09,bantamweight,1,0.2806384657128141,2024
1019552fdbf1a6c9ac7389ae,2024-11-09,welterweight,0,0.21465956368057185,2024
0e948b30e911a8028bcd9511,2024-11-09,bantamweight,1,0.6188236954044015,2024
4fa91a1cfb6740cb784e067a,2024-11-09,middleweight,1,0.21802267152750432,2024
82c4427e3f9514cdeb328735,2024-11-09,womens_strawweight,0,0.47810307039304906,2024
4493bfb4dc8c9613ac38e90c,2024-11-09,womens_strawweight,1,0.6953637421969768,2024
3a681fdfbe596d2fdcae3f62,2024-11-09,middleweight,0,0.4329639314430097,2024
6b3506aa31679bb23befa70d,2024-11-09,welterweight,0,0.6120369534390674,2024
c3c4de6fa97914db9f9aff63,2024-11-09,womens_bantamweight,1,0.661378382879087,2024
1977ecf38fd0fee16b089735,2024-11-09,welterweight,0,0.5669403422429097,2024
97dc41469e9c9287cb5fd305,2024-11-09,middleweight,1,0.5339745145082326,2024
043847b8441b879d0f429697,2024-11-16,welterweight,0,0.36815535198476873,2024
4167d3f6070971c8b9d1fde2,2024-11-16,middleweight,0,0.1958186086526658,2024
9f92f3cfd66a55be8006ffb2,2024-11-16,lightweight,0,0.4769182792155035,2024
54cc8d7bd582e5171cc7f70b,2024-11-16,lightweight,1,0.7053271727137602,2024
bce7b7de58b92db963e36818,2024-11-16,lightweight,0,0.6827725625081993,2024
3e7b3ef93a01e95602563df6,2024-11-16,heavyweight,0,0.13337162489936955,2024
fa0177ce9126280f55a43082,2024-11-16,bantamweight,1,0.5526872129092704,2024
b5c28155a6e12ff7a5ce6f50,2024-11-16,heavyweight,0,0.3218627328777267,2024
03e4a0968b9c873a3c75fe66,2024-11-16,catch_weight,0,0.2821305148838335,2024
017db93038090457a9f2ad7f,2024-11-16,welterweight,0,0.4398357948295186,2024
a7c487f94464423d6463a35e,2024-11-16,womens_flyweight,1,0.38196006679009525,2024
46332285a7b69c9d2a12da53,2024-11-16,womens_flyweight,1,0.26486403801021474,2024
8811b8fcd2100494af6f8cd5,2024-11-23,bantamweight,0,0.5053396341986812,2024
1c95d96871ede2553b9ef069,2024-11-23,flyweight,0,0.5053396341986812,2024
c23bd1c8a9009f9e2aa0618e,2024-11-23,flyweight,0,0.5053396341986812,2024
b6619e5bf2b8cb1dcad50e13,2024-11-23,lightweight,0,0.4442981625233847,2024
e18d6be41f88d838a0ea1d5a,2024-11-23,flyweight,1,0.4847388853944059,2024
bd0443c550f1a30b6b7d0b7f,2024-11-23,bantamweight,1,0.526150254388288,2024
0ff5951760ba7570bb749166,2024-11-23,womens_strawweight,0,0.5053396341986812,2024
c6ef3b68243861a699dbc860,2024-11-23,welterweight,1,0.6227304437562201,2024
958a5e46c9010601ebb8d398,2024-11-23,light_heavyweight,1,0.5955490984198631,2024
77418b65aac3f975237beb9e,2024-11-23,womens_flyweight,1,0.24322687319645078,2024
8d8a818c9f17c009e3b85bf9,2024-11-23,bantamweight,1,0.4877780254945368,2024
4a920eff3f6c4c24152c2d9c,2024-11-23,womens_strawweight,0,0.5317257082662029,2024
ab152d7ea0e03fcd72fe5e3e,2024-11-23,light_heavyweight,0,0.24080181313476004,2024
8bec3556efa0aff00fc6942a,2024-12-07,flyweight,0,0.24237022147933782,2024
9635f631a62e6cac838fac30,2024-12-07,featherweight,0,0.16511294474165616,2024
0304da4371ba534498bbfa00,2024-12-07,catch_weight,1,0.313715544887992,2024
b7f0d52ab8dd1cb8f75d38c6,2024-12-07,heavyweight,0,0.34379823551829203,2024
228014fdd9ac575ec9d83932,2024-12-07,lightweight,1,0.7514182868547739,2024
b17d607483172d5ebfb86b98,2024-12-07,flyweight,1,0.6217893039830094,2024
5fcd9b73e591e02031a00a9e,2024-12-07,light_heavyweight,0,0.3558157910441911,2024
3e73e0845cfe08a1abaa6d7f,2024-12-07,heavyweight,1,0.48675461509658097,2024
034ec1f2c225729b14c0dfca,2024-12-07,welterweight,0,0.3379815561257599,2024
ba2176c71f65397aaa94d50a,2024-12-07,featherweight,0,0.5841680283559977,2024
44dbc5139ac2ed24c255f5cc,2024-12-07,featherweight,1,0.5109354238884144,2024
9f2b7751f55b139930a7745b,2024-12-07,welterweight,0,0.564870644126296,2024
23e3d1acad9c979ed26efd91,2024-12-07,welterweight,1,0.6774405605992162,2024
2bee7e4cb43cb0eed55b0645,2024-12-07,welterweight,1,0.3460912675867611,2024
f0b0735efef392fe0658fcdb,2024-12-14,bantamweight,0,0.4241998058988796,2024
bec4c121d2e352da409b0252,2024-12-14,welterweight,1,0.47369087485227246,2024
7915719a146e85eb8bf4ac4e,2024-12-14,featherweight,0,0.6416982515396936,2024
7b9f48d7590f393ee2bc937d,2024-12-14,bantamweight,1,0.5237308438687833,2024
14139c465fda81dd1f24724d,2024-12-14,lightweight,1,0.6789414051787156,2024
ee992fcfb2c3ec848b22bf51,2024-12-14,womens_strawweight,0,0.4670114234054095,2024
a4bd67e5bf952f768ee5f2d7,2024-12-14,flyweight,1,0.710429905848395,2024
3d0468e9f5fdbbc6bcf4b92f,2024-12-14,lightweight,1,0.5935993488533514,2024
8545cb07c6efcc3f4da59517,2024-12-14,featherweight,0,0.5341777599888533,2024
01916ac920a0f4fd7230f3cb,2024-12-14,womens_flyweight,1,0.6863046473763912,2024
282c2ae10a81491eae36a47a,2024-12-14,light_heavyweight,0,0.5185407941733423,2024
92bbcef9c67dd1b7eb6c690e,2024-12-14,featherweight,0,0.37630069974093056,2024
1fcccda17da14ab9603a0f66,2024-12-14,light_heavyweight,1,0.3348490666448818,2024
