fight_id,fight_date,weight_class,fighter_a_won,probability,year
26b46336baf995109799d0e8,2019-01-19,lightweight,1,0.229266610150107,2019
38913c7a553efd0ea27c4ce6,2019-01-19,light_heavyweight,0,0.5074080271779587,2019
8126ece57175e39d22722e5b,2019-01-19,welterweight,0,0.5376254885708696,2019
fb232738136fb41408e97318,2019-01-19,bantamweight,0,0.2090512680591734,2019
cbce63c7e16d47b29e74d88a,2019-01-19,lightweight,0,0.2784683455940049,2019
9a7c75d28b2227d353ffee0b,2019-01-19,light_heavyweight,1,0.3852943551497097,2019
ed17d601382b0e1ee5f25834,2019-01-19,heavyweight,1,0.47392931848337727,2019
5678ee79359ee825af2c6cf6,2019-01-19,lightweight,0,0.2818439426895002,2019
25a9c1526fc208e6c7fe38c0,2019-01-19,flyweight,0,0.6312565571705838,2019
7c630f0caa70766b4c9772ba,2019-01-19,womens_flyweight,0,0.3161920712434278,2019
16e5b4cb10bf8316f059f140,2019-01-19,flyweight,0,0.5147838366060625,2019
e290c1a53b53c40025a2f302,2019-01-19,welterweight,1,0.5164538894915757,2019
24cb0110e15bf9500f3a20ae,2019-01-19,womens_flyweight,0,0.31486925564395407,2019
8efd36d5f3360c4d96328383,2019-02-02,lightweight,1,0.5670314476403052,2019
414613fb990b2e1f8744a998,2019-02-02,welterweight,0,0.3533549801302249,2019
1b0fda4335818f786b8d6f2f,2019-02-02,featherweight,1,0.4516113649588133,2019
1953db6fe5b9744c1843dd12,2019-02-02,light_heavyweight,0,0.31658483982078667,2019
1cd6203b9577bfd25372eb22,2019-02-02,featherweight,0,0.4802706140003127,2019
22cbf1de4862c931b9f97a10,2019-02-02,heavyweight,1,0.3859318929271978,2019
7342c697833ab7bab79bea3e,2019-02-02,womens_strawweight,0,0.2779581596455902,2019
f0a78186a92cdad28af6e943,2019-02-02,flyweight,0,0.6437705028207806,2019
4523cf854ff48df6d66ba36f,2019-02-02,womens_flyweight,1,0.5254689477133425,2019
34446cbf52a1732388aac036,2019-02-02,middleweight,0,0.5511678132496151,2019
5467de70ec0bbfc6ea3f127e,2019-02-02,bantamweight,1,0.615760587887112,2019
15c9bca416c7204a3b9a9692,2019-02-02,bantamweight,1,0.41347572920293674,2019
f50a16321d311cfb1f168e8c,2019-02-02,welterweight,0,0.6909921189821019,2019
1d74549a59fbd93e268d0046,2019-02-09,lightweight,1,0.8031265347900651,2019
e4525ba53a52b5b0857e967c,2019-02-09,lightweight,0,0.2690557878542488,2019
896c12a96bf1da79303bc533,2019-02-09,middleweight,1,0.8764702472983205,2019
fcaa078b4857c278dceb747d,2019-02-09,light_heavyweight,1,0.35499121924760946,2019
b253a6a048ba0dd83a41d3a3,2019-02-09,flyweight,1,0.6126479350553413,2019
4c10bda573f8c01d3c440405,2019-02-09,lightweight,1,0.712037612672213,2019
5fe9e229550df4983795b5be,2019-02-09,womens_flyweight,0,0.30824984293451285,2019
5ad3dfcbceb50baabf4a06f1,2019-02-09,bantamweight,0,0.32788375728364627,2019
19c65e9f1f86ac03182841f4,2019-02-09,featherweight,0,0.26254376398359025,2019
b320535a9010e893cc6fe892,2019-02-09,bantamweight,1,0.48862828774335326,2019
ca6f6af371cc512b6d1734d5,2019-02-09,bantamweight,0,0.6050522548012716,2019
fb545f795d0e191fdab5bb79,2019-02-17,womens_strawweight,0,0.5124507153024439,2019
3a7293241a2a807fa182f6f5,2019-02-17,featherweight,0,0.5972540337442871,2019
90e1f32d8c4d591b474fd0de,2019-02-17,featherweight,0,0.6564442868413474,2019
3038757c3f23bac29c322002,2019-02-17,womens_flyweight,1,0.4695278583297801,2019
c015f09a4e1bf33ced9384e3,2019-02-17,bantamweight,0,0.5949564221696084,2019
5891d36900849c98a50352f1,2019-02-17,womens_strawweight,0,0.36403051177298923,2019
6959921b10f78a71e64300e8,2019-02-17,heavyweight,0,0.3944397929992712,2019
657a85fc997ba3106e9c502b,2019-02-17,lightweight,0,0.6835073233707551,2019
ca78a58998323e4f9fdbc72f,2019-02-17,bantamweight,0,0.4684098907745819,2019
8cc10441cbf2614f8785b729,2019-02-17,bantamweight,0,0.5215484612952862,2019
6118a8c78447f0434395fc87,2019-02-17,lightweight,0,0.4852678506802416,2019
38cec55ae4c31d673c6a5cb7,2019-02-17,welterweight,1,0.6344827587679996,2019
9e4bab0c77a4e9c538d5684c,2019-02-23,lightweight,0,0.39011544688829963,2019
e7306a3ff9867fb2e7e85ac2,2019-02-23,lightweight,0,0.30849477228233885,2019
c622965b0bcf635ba617dbb7,2019-02-23,featherweight,0,0.36971232075307503,2019
f6151b74f7346e29cfac2985,2019-02-23,welterweight,1,0.44522497685650475,2019
bb340698ea1e7e4cc05fe35d,2019-02-23,light_heavyweight,0,0.5148257306323467,2019
1f68dad92eb77d22953924b9,2019-02-23,light_heavyweight,0,0.3788752926501071,2019
f20354ebb869644c4afccb40,2019-02-23,bantamweight,1,0.7115231486045166,2019
68976dec066e7619e206ce8d,2019-02-23,womens_flyweight,1,0.4862349026537802,2019
56cbf3ea04dbca631e7d843e,2019-02-23,light_heavyweight,0,0.374181958240111,2019
097be1f05c2d7e6e94d40303,2019-02-23,welterweight,0,0.7436056644058753,2019
63c32ebc206ee6106b382e72,2019-02-23,lightweight,1,0.3196484749601877,2019
fdd038da2b5f04c16971323a,2019-02-23,heavyweight,0,0.38663267117544614,2019
c89ca4669b8e6877497edfa3,2019-02-23,womens_flyweight,0,0.28835239013022956,2019
1b1fe5662b3d023466c64bc5,2019-03-02,bantamweight,0,0.6761554874416742,2019
947d498d822062457d1e667e,2019-03-02,bantamweight,0,0.4178908350308282,2019
0d13e65dd754b3f1bc58e7b8,2019-03-02,welterweight,0,0.6991972033331414,2019
54daae7c0fa28da8ca71a0f5,2019-03-02,middleweight,1,0.6415761239206524,2019
d15183f063880d7d4e9bbce1,2019-03-02,womens_bantamweight,0,0.33941353358940135,2019
5b92ec9d7c9365ea015380d9,2019-03-02,featherweight,0,0.20232754539075162,2019
e6b1f51548c2ef5176c0c18c,2019-03-02,light_heavyweight,0,0.07753858222188906,2019
a4499ea5511393f5c9bd2dbd,2019-03-02,light_heavyweight,0,0.34142899672258814,2019
593c1b1e6c82dec285a0ca06,2019-03-02,womens_strawweight,1,0.22226455913380297,2019
fb04d1b737f436ebc97b03b4,2019-03-02,welterweight,1,0.25867565253623054,2019
568a7229b4b06a6455408f13,2019-03-02,womens_strawweight,0,0.5922076879177728,2019
75fc305627143c9630ca9bf5,2019-03-02,welterweight,0,0.37366101555805803,2019
818abb53258da411751b41a4,2019-03-09,welterweight,0,0.4787869450487679,2019
2af546ec2d6b95fc63d0c56e,2019-03-09,lightweight,0,0.4407546843861798,2019
58e767357e6d5c8330f66f2f,2019-03-09,welterweight,1,0.6250843499043754,2019
aeb99a1990e3cb523a3641f3,2019-03-09,lightweight,1,0.7347038457948547,2019
57bb3b3ccfd9285941e2f474,2019-03-09,heavyweight,0,0.2743123019948524,2019
e0fd283d4ad215ea9c9ecb5f,2019-03-09,heavyweight,0,0.5155291154888937,2019
91dd9ae4e12f09809b994011,2019-03-09,welterweight,1,0.4736440953318894,2019
a822ba1d485f0fc8ac120f48,2019-03-09,featherweight,0,0.35058488819435774,2019
5b43785643265dac8e96f96a,2019-03-09,bantamweight,1,0.4668607103866713,2019
33db1b31bad9e3c347f5d190,2019-03-09,womens_bantamweight,1,0.4169386089842078,2019
e992a27d67c8e35a59363798,2019-03-09,heavyweight,0,0.2533195405439743,2019
1598348e4d6680280ca7ecb1,2019-03-09,middleweight,0,0.43999960800461974,2019
5793b77c4043eadce8dbc1a1,2019-03-09,welterweight,0,0.46139827721325544,2019
3b895d43f522ada07f4959b0,2019-03-16,featherweight,0,0.2636905187289391,2019
6d70742b8f98faa563b821eb,2019-03-16,featherweight,0,0.369884912733396,2019
ace5bfe86e4b0d6735973199,2019-03-16,welterweight,0,0.5511057083051484,2019
353e4c10440a62ea4553e3ff,2019-03-16,welterweight,0,0.7385039936561313,2019
20e86b5d807bb2dc387b78f3,2019-03-16,middleweight,1,0.7533118514328838,2019
f7dfb4e06c955b5b53ddc717,2019-03-16,welterweight,1,0.6679059958909283,2019
6cac406144299eba656c31c8,2019-03-16,lightweight,0,0.4292896062655981,2019
bf87589c5256203f65f72bbf,2019-03-16,featherweight,1,0.24397109322547667,2019
0cc779241aa11d55442d44dc,2019-03-16,womens_flyweight,0,0.23700152778193986,2019
9f29624a5aa95c6c6caf75e2,2019-03-16,bantamweight,0,0.3660020560982336,2019
8f38415a1100e141bbd92841,2019-03-16,light_heavyweight,0,0.5456253404206244,2019
10ac2affd027d19e4dc0a8e1,2019-03-16,light_heavyweight,0,0.4069725349949511,2019
e694a2560234a188ae42e974,2019-03-23,womens_flyweight,1,0.40888432000554614,2019
9c5f20dcf4b276ed3c4a12e7,2019-03-23,featherweight,1,0.6375473132094858,2019
de2f47976573bf170793803f,2019-03-23,heavyweight,1,0.5850874904858175,2019
f9b2cc6068c2ae45506e9313,2019-03-23,flyweight,0,0.6435620209476615,2019
6871ce208868dbd843118f56,2019-03-23,lightweight,0,0.6005281976656488,2019
3507718bfe13d92f6054b9ed,2019-03-23,flyweight,1,0.49294341002536834,2019
57da958cc94cc83554eaeebb,2019-03-23,featherweight,1,0.5103352106407073,2019
95a795d06d973c01bcfd4990,2019-03-23,bantamweight,0,0.16480464530233438,2019
ab7c36995971e72c6d2cbf53,2019-03-23,womens_flyweight,1,0.4542782848182779,2019
adccd3ef67929e7be8b0fb1f,2019-03-23,womens_strawweight,1,0.5341576090588318,2019
a6ca1f430b5ef469ba343397,2019-03-23,bantamweight,0,0.4459458424831858,2019
d9300b28ce089ff86c099e9b,2019-03-23,welterweight,0,0.5735799977551141,2019
84ee51fdab49a6792b09df2b,2019-03-30,bantamweight,1,0.6325396469959769,2019
b2272144ef0de0d983b37600,2019-03-30,middleweight,1,0.7433046777177195,2019
4d97ae90607b612a50988191,2019-03-30,lightweight,0,0.38355723424266325,2019
477250ca2a15d6683e877e00,2019-03-30,featherweight,1,0.2969014507309307,2019
f3fc62d38088caaf5eec0fe5,2019-03-30,featherweight,1,0.445706561961342,2019
25a0d90348d39625a4f0314b,2019-03-30,womens_strawweight,0,0.4874926971961695,2019
889f1c72aefbecafdff832f9,2019-03-30,light_heavyweight,0,0.5614679413938547,2019
5396918119ed934b0af80bcb,2019-03-30,middleweight,1,0.700944407314915,2019
9496decacd91b03a238021e2,2019-03-30,womens_strawweight,0,0.38250303922175277,2019
865dd8ea788e2e501a2f6b3d,2019-03-30,bantamweight,0,0.7293880879208448,2019
acba98dfe391a402c7725c1a,2019-03-30,lightweight,1,0.8891309997425717,2019
bce69a101b3313de146183e7,2019-03-30,womens_flyweight,0,0.6028355827134283,2019
12e81505192fb36cefeaab8b,2019-03-30,featherweight,1,0.5818399230144972,2019
3f60dec25b566435df7cedec,2019-04-13,welterweight,1,0.5588186581902546,2019
7e8869149838e8184f1e5273,2019-04-13,bantamweight,0,0.4281014732337403,2019
289890fb9419def12213ee83,2019-04-13,bantamweight,1,0.5397526963858601,2019
b784ab0811d40210660ce193,2019-04-13,welterweight,0,0.6033793189247444,2019
4ffab5007df4ff7646771e21,2019-04-13,light_heavyweight,0,0.7616858912612742,2019
33ebcc2e07caca97f069be07,2019-04-13,lightweight,0,0.8304047910920154,2019
a7712c32403c49d7bbe8592a,2019-04-13,middleweight,1,0.735905951788492,2019
cfbe4a97e3e72c4468debf09,2019-04-13,womens_flyweight,0,0.3803470694307302,2019
3ad810f66b297f4a1e28f412,2019-04-13,welterweight,0,0.43356500025216327,2019
5515c14ec2037b702fc825e9,2019-04-13,lightweight,0,0.8620774188477515,2019
e22e3562dae8dfff221df22f,2019-04-13,bantamweight,1,0.7149820004718369,2019
86ba5ba8d5b95634ce58b762,2019-04-13,light_heavyweight,1,0.5610097722386226,2019
1c9726808f14ddd59d42d22d,2019-04-13,flyweight,0,0.3700554040844424,2019
8de90dc8a38f56cfd96d944d,2019-04-20,lightweight,1,0.3406162146627328,2019
b9b4e5d3157c57087a7a77b4,2019-04-20,heavyweight,0,0.3249615071597824,2019
a13f15fd4cc899207fc13e71,2019-04-20,light_heavyweight,0,0.21732687949703616,2019
663b41c840a325072588a36b,2019-04-20,lightweight,1,0.8087401293067246,2019
1b6f229338f50db52565e59c,2019-04-20,middleweight,0,0.34435433500582535,2019
815560d234b6ccedda48743e,2019-04-20,lightweight,0,0.5256191243722246,2019
91f5f9dbe58e9a59f5f3a499,2019-04-20,heavyweight,0,0.6665215671998305,2019
f973994e8ab6d25d2f5f2c88,2019-04-20,featherweight,0,0.47869309002467,2019
af7c348666716dc73218dc9a,2019-04-20,womens_flyweight,0,0.607924711695084,2019
7bb40837872b53468491b077,2019-04-20,heavyweight,1,0.43526001892527805,2019
7b6b18993ce6ee3086c6f10e,2019-04-20,welterweight,0,0.48211151211685593,2019
5f2baffa9f9e18070dd69e1d,2019-04-27,welterweight,0,0.5976410504358161,2019
b031eded632dd94461f4a954,2019-04-27,heavyweight,1,0.6576382704501339,2019
915cc3326771dcb5012f05cb,2019-04-27,womens_strawweight,1,0.49673069180406104,2019
cbe370d6e9437f7454094401,2019-04-27,welterweight,0,0.4605043684514863,2019
a3f24c5dfdbc1c1cb8b01ef2,2019-04-27,womens_strawweight,0,0.333525076409378,2019
3f0c08354e145c02110fd0a2,2019-04-27,welterweight,1,0.395062019957024,2019
6f066ff33c959ab559b7a1cb,2019-04-27,lightweight,1,0.614311065152083,2019
cf0c668767f8f59b49b1d46b,2019-04-27,light_heavyweight,1,0.42761173285160975,2019
d7a529c7a59a0342b202024e,2019-04-27,heavyweight,0,0.2219206752518802,2019
810334f59f27e21035e1f127,2019-04-27,middleweight,0,0.36797128560702536,2019
56ca651437d7cc1d573c3970,2019-04-27,lightweight,0,0.6526577685190135,2019
64e530283564ae1339632e0b,2019-04-27,bantamweight,0,0.5667607920789476,2019
734a75344024157915995e4a,2019-04-27,lightweight,0,0.2766227010870276,2019
3a807e46fc597761a9a248a3,2019-05-04,bantamweight,0,0.3249251461529479,2019
4afd8778c789a9d76835ce0a,2019-05-04,lightweight,1,0.2985841052462231,2019
ffc7edb9f4fdd9e856d76689,2019-05-04,heavyweight,1,0.3805661928275798,2019
aa35b011a1662c7027e70524,2019-05-04,bantamweight,1,0.4417961799971271,2019
640f1b8fcbd5c004e9cb36a7,2019-05-04,featherweight,0,0.5135925989547733,2019
3b1a562aa4ebab0784fd7bc0,2019-05-04,middleweight,0,0.5378025050954153,2019
1b63ea904ebd2957ee46991c,2019-05-04,featherweight,1,0.6248390799087628,2019
89394eb01e7784b2c428333d,2019-05-04,womens_bantamweight,1,0.695477937307493,2019
dbedbc64c66202909e1eec7a,2019-05-04,middleweight,1,0.578168666285796,2019
9e20d5adcc49052c74014626,2019-05-04,bantamweight,1,0.47529006212850244,2019
978214d16c31f8696f47f29f,2019-05-04,welterweight,1,0.6586578014150561,2019
e124311e45865d724207e325,2019-05-04,heavyweight,1,0.4176791287668003,2019
e7073ba5faca0ccac9ce2fcd,2019-05-11,lightweight,0,0.40294847544736695,2019
69669b5e3b46042a05eb0823,2019-05-11,womens_bantamweight,1,0.5257504151955387,2019
91bd5d42cc6416e430dd43ed,2019-05-11,middleweight,1,0.6394424470897622,2019
4afd58b0d8a55895c868a02e,2019-05-11,featherweight,1,0.55463962163302,2019
81a04e8caf79fb727607d237,2019-05-11,womens_flyweight,1,0.6408154738976775,2019
10d59155db6aa78a1427c454,2019-05-11,bantamweight,0,0.4230863868995331,2019
9249808c94f3d6dfdf9af36b,2019-05-11,light_heavyweight,0,0.2659916131294072,2019
6c73f1b4fdd41c4e4e6654da,2019-05-11,womens_strawweight,1,0.40419522470032004,2019
d89982d834ee44a1b667b66f,2019-05-11,womens_bantamweight,0,0.5518177195466887,2019
8296e0d578cb9314c68eee1d,2019-05-11,welterweight,0,0.2709098765697328,2019
365fefe34135160ec5455d1f,2019-05-11,lightweight,1,0.7581915403419961,2019
6cec7d8a2c1e3df9f294b43a,2019-05-11,welterweight,0,0.5159518709558151,2019
363d78001101e6229c0a2b0a,2019-05-18,middleweight,1,0.4428514015664215,2019
3f0251bc27145aab23db9546,2019-05-18,womens_bantamweight,0,0.557800876941745,2019
50d9e85f3686903269809172,2019-05-18,lightweight,0,0.24500843642521758,2019
7d905c953ba73d1a68ead277,2019-05-18,welterweight,0,0.6184693857931925,2019
6bc2a392929414c465042a48,2019-05-18,lightweight,0,0.28655826658173067,2019
0f6484b736a7f3cc7aba63cc,2019-05-18,lightweight,0,0.2535794252766716,2019
db76119921bdd0ed497b32f1,2019-05-18,featherweight,1,0.6862350658966124,2019
33c355ad10b62e7d1de78d9c,2019-05-18,womens_featherweight,1,0.41281660704473844,2019
bc3a021cd3cf61e555021000,2019-05-18,featherweight,1,0.43523675631135444,2019
3c180878faf99b21bf865fd0,2019-05-18,light_heavyweight,1,0.4460142398883249,2019
ca96343028b62aeda9c60fe9,2019-05-18,welterweight,1,0.2836450832877352,2019
2a18e106ad1da3effa28ec4b,2019-05-18,welterweight,1,0.8134852838700851,2019
05e89105390245833a6794d2,2019-05-18,middleweight,0,0.645030664499765,2019
e79d9d724c1b4f49a9c151d5,2019-06-01,light_heavyweight,0,0.5016307539909087,2019
51130eaae559739d2277bccb,2019-06-01,womens_bantamweight,1,0.46828806614149804,2019
376fca1b2417ed080dc55d71,2019-06-01,lightweight,0,0.5571411370091197,2019
6c857bc2b1611cd86b8a59d5,2019-06-01,featherweight,1,0.4911970501335834,2019
b2a972b374869a366d3b02ae,2019-06-01,light_heavyweight,1,0.3979181017204652,2019
9a09782a2c405f04f7df2ff8,2019-06-01,light_heavyweight,1,0.7971614825355363,2019
44f4f36c18cd30f4a78e8d2d,2019-06-01,lightweight,1,0.6164410040510662,2019
c4311f2a96b7cc37340ba09a,2019-06-01,featherweight,0,0.49604505338863053,2019
2fcd04431581330b8a2d18a7,2019-06-01,lightweight,0,0.48364523144197097,2019
0f14442a17f1f00f94f2d4c5,2019-06-01,welterweight,0,0.4883213465757782,2019
7f95ca9ac1c70cd00b0cce57,2019-06-01,lightweight,0,0.6802470027554508,2019
42e3da20fad88525160d375a,2019-06-01,womens_bantamweight,1,0.3767965269756777,2019
bd6e6031555f600f46ab4f03,2019-06-08,bantamweight,1,0.6366707091301866,2019
95939d218a1d60a883da95bc,2019-06-08,middleweight,1,0.34150343441924697,2019
266ee3a1c82efd700b8f5aa3,2019-06-08,bantamweight,1,0.6767430715207295,2019
f07b57e2716471ad3302c0ee,2019-06-08,bantamweight,0,0.3273812053597649,2019
5ef23b9557a9feefb97696b1,2019-06-08,bantamweight,0,0.3429933123604418,2019
3f6311a5a0724f605b206cd2,2019-06-08,womens_strawweight,1,0.4410240602422829,2019
d207301a7745b122f84fef97,2019-06-08,womens_flyweight,1,0.4775859185679217,2019
1e7a85d2f5574c5627c3eea1,2019-06-08,featherweight,0,0.5244890566731703,2019
911a1fa0c445df7f0dd12d7b,2019-06-08,heavyweight,0,0.66781159277032,2019
3c6aa7bfcdac2bb433f30323,2019-06-08,womens_strawweight,1,0.6416675562349687,2019
4e48afdd0e292d5f0e86fabf,2019-06-08,lightweight,1,0.7206959448989055,2019
47652b43ae72f5590c7a1882,2019-06-08,womens_flyweight,0,0.150772573698157,2019
269fbddfdcbebe8e4bdb4b8c,2019-06-08,womens_strawweight,0,0.2702302746148666,2019
ce49a5280ca93930a0ebe85b,2019-06-22,heavyweight,0,0.5120674594773891,2019
41f5e50f9ae0bfaed31ee510,2019-06-22,bantamweight,0,0.42421525342944927,2019
f692e76cf277eacf2a442090,2019-06-22,womens_flyweight,0,0.5704879477825182,2019
72cedfae58fa44321b69b949,2019-06-22,womens_flyweight,0,0.3735572733229468,2019
32ff903f72c4276ea24d999b,2019-06-22,womens_strawweight,1,0.3849731103255165,2019
00c99648f208e0a417e279c9,2019-06-22,welterweight,0,0.4744567920886924,2019
eee1e31c188a74656a5149fd,2019-06-22,featherweight,1,0.5056146913713365,2019
c46941c902fed7bb4392162c,2019-06-22,middleweight,0,0.529046787507595,2019
b84127a3bd76a5e3ac7aea6d,2019-06-22,middleweight,1,0.78475472092662,2019
706b7d016d03a32401ae801c,2019-06-22,lightweight,1,0.7637055813604059,2019
739e8e2602d787738477d46a,2019-06-22,featherweight,1,0.40297802654898895,2019
f27c0e087e9ebd1684ff09fd,2019-06-29,light_heavyweight,1,0.5803464956198671,2019
50585a029a9751dccfd39bd2,2019-06-29,light_heavyweight,0,0.506608463935761,2019
dae0a129ff92f092524a386b,2019-06-29,welterweight,1,0.26882225094012724,2019
377c80dc3b6e45e576ef2577,2019-06-29,lightweight,1,0.659259994509523,2019
59455ad55e5ef93414e5aad0,2019-06-29,womens_strawweight,1,0.4334813658721153,2019
a56c32c93524d245d82d6908,2019-06-29,light_heavyweight,0,0.12034222826698927,2019
8f285887c02290c07814a22b,2019-06-29,heavyweight,1,0.6514639367395565,2019
d2a1e845ca36ee5b8600ef32,2019-06-29,lightweight,0,0.2632221358267494,2019
cbcb6ed7e3c7e95a085b7341,2019-06-29,flyweight,0,0.5095929902927805,2019
f34cc5843d81a39bf53d263e,2019-06-29,heavyweight,0,0.4975980688357979,2019
f79e641c1d4367a70c107e82,2019-06-29,bantamweight,0,0.2085781392887058,2019
53e67f863836aff47b826da4,2019-06-29,lightweight,1,0.19246282050390862,2019
20a121ded841e9e12c1c757e,2019-07-06,bantamweight,1,0.6500026309851451,2019
d2d8539dfdfeaf041ce5823f,2019-07-06,womens_bantamweight,1,0.8461849281908398,2019
3849e7ad93590c82be6460fc,2019-07-06,womens_strawweight,0,0.36224064297631575,2019
396c48ca67f51480545db649,2019-07-06,welterweight,0,0.170925906041279,2019
6c8c735afb0fb578f594ca2c,2019-07-06,middleweight,0,0.33023083871494574,2019
d3c4e9545585b46a1e37a85b,2019-07-06,featherweight,0,0.13295334725869393,2019
fad6e667536db7ad4137ba53,2019-07-06,welterweight,0,0.817378085911002,2019
13fece4ed75664de71f4c8a0,2019-07-06,light_heavyweight,0,0.7327736720671475,2019
d0f0ebb34a909f7c5faf6a88,2019-07-06,light_heavyweight,0,0.08465468321412156,2019
5de1539a147642bac02b122a,2019-07-06,welterweight,0,0.21994624362935536,2019
82a761b4999bf1e4b0ed7ae3,2019-07-06,womens_bantamweight,1,0.5090105024353425,2019
c2f52b8c99f2b37b25e37032,2019-07-06,bantamweight,0,0.25625981376012175,2019
0def7c9da3d4db6e32d57362,2019-07-13,featherweight,0,0.3856376201503853,2019
f5fb1ec8c7952cc1c512ffa7,2019-07-13,bantamweight,1,0.36985958252817724,2019
26dc516d4800e957e79c8b4f,2019-07-13,featherweight,0,0.37332227569914417,2019
ac96fd559635b4c7fc75a95f,2019-07-13,womens_bantamweight,1,0.5135539615889134,2019
05ef9aeb915febb76910a720,2019-07-13,featherweight,0,0.6895673409889924,2019
ae0ff18a3c5eee3bc503d001,2019-07-13,womens_bantamweight,1,0.4776203309038816,2019
70ae5877cea9f6b0ba4cccb6,2019-07-13,middleweight,0,0.29407015888308347,2019
588a2bb6b75711c8e2d3461e,2019-07-13,womens_strawweight,1,0.32181387765067165,2019
0570cae799dc63830a762f58,2019-07-13,middleweight,0,0.44149523485160036,2019
945e0d3a9e212876ede075da,2019-07-13,bantamweight,1,0.5070854356120956,2019
1914dbfdf41512962586abae,2019-07-13,bantamweight,0,0.8255457316999086,2019
4c546f42a090e35397ce363f,2019-07-20,heavyweight,0,0.45106853384957774,2019
63961ea6efd64b1b65d34c39,2019-07-20,featherweight,1,0.48789099895716576,2019
477aadc01e427b1389921cdb,2019-07-20,lightweight,1,0.791291401858816,2019
7af42900e3f80f8ca159c103,2019-07-20,heavyweight,1,0.3674172614048967,2019
bb5283ee8ccec9441f73135f,2019-07-20,bantamweight,0,0.41009530387715654,2019
03e22b6afc8fc3827a3323ba,2019-07-20,heavyweight,0,0.5433600896033867,2019
c39309c4e67ff537333ba9da,2019-07-20,lightweight,1,0.4634886906716453,2019
180e942322ce1a8941b2e39c,2019-07-20,bantamweight,0,0.45216816772847196,2019
af5eec7e9c1abcec258ac49b,2019-07-20,welterweight,0,0.43849953478689524,2019
270ce34d482903a677fa17bf,2019-07-20,womens_bantamweight,1,0.5658425925115693,2019
9bb0db9278511eb73cc534e1,2019-07-20,bantamweight,1,0.7040478628927385,2019
58e855604932a7f6ee3f5606,2019-07-20,womens_flyweight,1,0.45349589702042997,2019
6270c7e6a13d39f8b0f428ab,2019-07-20,light_heavyweight,0,0.6092439972102593,2019
12ec13ec46af056c14efd03e,2019-07-27,flyweight,1,0.44568225941045814,2019
1c6e856edd4101a3e500ec8f,2019-07-27,womens_flyweight,0,0.4114126054641141,2019
51addb9d2b6072ced811c9b9,2019-07-27,womens_featherweight,1,0.6373555053803927,2019
73b3d43d2c49d35aeaea8904,2019-07-27,welterweight,0,0.4351072096681254,2019
05ed2239b2ea0fb046bfd3fb,2019-07-27,featherweight,1,0.2814667465098489,2019
1295b55d2553494251bde142,2019-07-27,welterweight,0,0.4227196661020082,2019
1880f52d5d8d4a70093be8c6,2019-07-27,womens_flyweight,0,0.43109514529359033,2019
b233c1151e28ec04b24cad4a,2019-07-27,featherweight,0,0.3202712784341373,2019
5f837399e34674ec11a971cd,2019-07-27,middleweight,0,0.44256144482139115,2019
415e552f04f46d6a0dfa2bc5,2019-07-27,featherweight,1,0.7715364208247132,2019
53c5de1fcd5d8fef19be7573,2019-07-27,lightweight,0,0.40830349057289567,2019
6eeac113de6d8be6c115f368,2019-08-03,womens_flyweight,0,0.5576327822677155,2019
37963509a7ad6fe9091a4260,2019-08-03,welterweight,0,0.2921064619055193,2019
3c047e2900cccc1e8b515fa4,2019-08-03,welterweight,0,0.2540698492475309,2019
e1fbac640d40549a81a34408,2019-08-03,light_heavyweight,1,0.5993400039101913,2019
545e968860424db391f622ba,2019-08-03,lightweight,0,0.5201233390841266,2019
7201d2665fc7c40e5001a557,2019-08-03,lightweight,0,0.30354740153419296,2019
f1af8880bfb7c5ee39f0e313,2019-08-03,flyweight,0,0.6022673092544012,2019
08c664eb57a74c77d855ffcc,2019-08-03,womens_flyweight,0,0.6727345972422837,2019
3ca76db0b4b30f6617f3dae8,2019-08-03,welterweight,0,0.4924790291117018,2019
d80baaecca990243dba2c73b,2019-08-03,womens_flyweight,1,0.560991824381386,2019
5a97ee77f95700513db584fb,2019-08-03,lightweight,1,0.6086442391882002,2019
60aaa0218cf8078fe44e068a,2019-08-03,middleweight,1,0.42411991378613817,2019
9bda4cca4c1560bdb475fa12,2019-08-10,heavyweight,0,0.44294822604568584,2019
310b054339a286bb1219720d,2019-08-10,featherweight,1,0.4586789748643511,2019
95f9071548c71c8a429b387f,2019-08-10,featherweight,1,0.5412892903247815,2019
bb1f9e584eebc4445533e087,2019-08-10,bantamweight,0,0.5302896497939257,2019
3cfa69ae9469d3e98e6e8c9d,2019-08-10,welterweight,1,0.4652448751405461,2019
eb94bf7c64b05cef83a337de,2019-08-10,lightweight,1,0.6509643794999779,2019
421e881d17b627912cc053c2,2019-08-10,middleweight,0,0.6053280120727464,2019
40ad55cf214d324d07ce2773,2019-08-10,flyweight,1,0.33730301213817554,2019
6cad3824255a247586943eda,2019-08-10,womens_strawweight,1,0.20553818532624604,2019
366b24077b4b12afdda7f906,2019-08-10,womens_flyweight,0,0.18688213542942952,2019
82a161559110934b283287e8,2019-08-10,womens_flyweight,0,0.5078762238970834,2019
cafcc1a7d6eeee7dcac87f0c,2019-08-10,welterweight,0,0.4344263791165171,2019
6bb4c1091c82f4a64ed209d1,2019-08-10,light_heavyweight,1,0.7140563642305389,2019
952d0f85baf48e580adfcbf9,2019-08-17,welterweight,0,0.6131435874232286,2019
763b7021eda95cec160668cd,2019-08-17,lightweight,0,0.5174945644438235,2019
632ab47f31caa99776bafd3a,2019-08-17,heavyweight,1,0.40986913194264535,2019
b14af30ec1b703032b1c7ff8,2019-08-17,middleweight,0,0.49968624180213655,2019
2bfe269c743b9b99bdcb7bec,2019-08-17,lightweight,1,0.12308950240870938,2019
fb841bfbd302bdfd92f09af9,2019-08-17,featherweight,0,0.39634992599955743,2019
5d4a75be3c772b6777d6965e,2019-08-17,womens_strawweight,0,0.38472043479849155,2019
8b43d370f9a95a04823b6e21,2019-08-17,bantamweight,1,0.42904008992633424,2019
2f96645259048f7ffc5e87f2,2019-08-17,catch_weight,1,0.3190375656788614,2019
a412d12faf803a97f8b5fa87,2019-08-17,bantamweight,0,0.23275288090208968,2019
f17d329e8a8236283607fb66,2019-08-17,womens_flyweight,0,0.2973804303951853,2019
dc588caaf4e23b17b9b88f93,2019-08-17,middleweight,0,0.6328792418101121,2019
1f035f3330e22fa82d2a3650,2019-08-31,bantamweight,0,0.48506896313909653,2019
42555d1e8ce3c6e9f80f494b,2019-08-31,light_heavyweight,1,0.4697479061812003,2019
1cd17e7a1ac6a13856b412fd,2019-08-31,lightweight,1,0.4860568772710814,2019
4b6daf2f0a633140483ed5fc,2019-08-31,womens_strawweight,1,0.4159892975859601,2019
dac218cda6b12fbf0566e953,2019-08-31,middleweight,0,0.44406656836272174,2019
974033b9c21272ecc210e47a,2019-08-31,flyweight,0,0.42101506007385325,2019
d656d282c41d79f44960517d,2019-08-31,womens_bantamweight,1,0.4817009623287109,2019
b4c018c81b8c2840fc1bf217,2019-08-31,welterweight,1,0.3526788850600493,2019
691194a03c43b9ec74c25c51,2019-08-31,welterweight,1,0.39465295521664934,2019
5ef647d5242d0fc21e037ca7,2019-08-31,bantamweight,1,0.531653401202732,2019
3438a2f8e2061a5b3df0345f,2019-08-31,womens_flyweight,0,0.566573942917496,2019
5fd241c02070d9383973e1ad,2019-09-07,welterweight,1,0.7623123429606773,2019
dfa8aa41ae70e1bc02b18c64,2019-09-07,heavyweight,0,0.17412590541043904,2019
d18690fc6b502d5e9828c33d,2019-09-07,lightweight,1,0.4867527375150033,2019
5c4bf8f13e687607837641d0,2019-09-07,lightweight,1,0.4927277794905353,2019
a12f553a4bb3b6a0bc62f10c,2019-09-07,lightweight,0,0.34188540838450593,2019
a6bde13c4fa732a086109c6f,2019-09-07,womens_flyweight,1,0.3588257091930785,2019
8809a86b0765331ee3046ba8,2019-09-07,lightweight,0,0.2442505844546293,2019
218ed25044345f0da0f1ab68,2019-09-07,womens_bantamweight,1,0.5012535097048161,2019
4b5abc9b471d257e26814621,2019-09-07,lightweight,0,0.5337392283877649,2019
88104c3216b870a94d094b52,2019-09-07,welterweight,1,0.42276591122486656,2019
81f7b94567c3becf57b7c480,2019-09-07,middleweight,0,0.6008400472506392,2019
4fa13ee966e6f925309146f9,2019-09-07,lightweight,1,0.45326219336107937,2019
a24c84449925d91244224459,2019-09-14,bantamweight,0,0.6374571073569396,2019
76b09b1ae45fb9768ca9f02d,2019-09-14,featherweight,1,0.330860416159353,2019
d52f32b4c96395db88e3df3c,2019-09-14,bantamweight,1,0.41099017508884383,2019
cdebef1ad84897fe6e52dab4,2019-09-14,lightweight,1,0.6612855610919762,2019
99a1382d0f54f8b36ae0f1a1,2019-09-14,light_heavyweight,1,0.25200867103983127,2019
4657001db77127f01637d1aa,2019-09-14,lightweight,1,0.5834071210713431,2019
cf978a340d3698c46fd69095,2019-09-14,bantamweight,1,0.6022818614217917,2019
1a3fd89ca750799e7e003f98,2019-09-14,heavyweight,1,0.47635237575632455,2019
43c10df3159c502c6de89daa,2019-09-14,welterweight,1,0.310124813343605,2019
7090bee0551cc8931473357e,2019-09-14,light_heavyweight,0,0.49823817297139295,2019
3bda414f1341d69b2f6bec1e,2019-09-14,middleweight,0,0.669574851242112,2019
e675a50c92e763e9dbfe4d39,2019-09-21,womens_strawweight,0,0.4643280842284946,2019
63e3f55fc8b51d57700eef35,2019-09-21,womens_strawweight,1,0.5160979201806807,2019
307855e3460d7f7876deadf3,2019-09-21,lightweight,1,0.7635790397925709,2019
a02b51f27087befa1a1128b4,2019-09-21,womens_bantamweight,0,0.354642625266374,2019
6c639d934a292ba8bc90c07c,2019-09-21,bantamweight,0,0.48487864901522626,2019
aac3548e1e8a354304ee6db9,2019-09-21,featherweight,0,0.43602940578180116,2019
87ed37dfa7f497b5f77d6e30,2019-09-21,featherweight,1,0.4390480422511987,2019
3cc89087f0c0ce6f6e5675ad,2019-09-21,flyweight,1,0.897489181357597,2019
1ba523d6ccedc31871693413,2019-09-21,womens_bantamweight,0,0.6667060082473095,2019
47758d29bd662b3fd1939d7f,2019-09-21,light_heavyweight,0,0.27004156532562573,2019
4c5ca474ab0b5ce8ca07a033,2019-09-28,middleweight,0,0.6899581671803574,2019
2ef6cc622d891b2f47cc02a3,2019-09-28,middleweight,0,0.49506281623525905,2019
c24762d1540afc7892a6a11f,2019-09-28,featherweight,0,0.7131965263400892,2019
a74f028feadcc12f9e059d34,2019-09-28,welterweight,1,0.4718469743435974,2019
58043915ba1655663c54db19,2019-09-28,light_heavyweight,1,0.5372398790624835,2019
24165e221c133e0f8521184c,2019-09-28,middleweight,1,0.31988400110902854,2019
db9cb586eea9be24aa022a81,2019-09-28,bantamweight,1,0.34086769247868404,2019
c563a8cbab69fdedc2ca6293,2019-09-28,womens_bantamweight,0,0.8179368256922256,2019
2e2ac3805ce6106ac7b08c39,2019-09-28,lightweight,1,0.541128905514409,2019
1badb9e1370a7f530b41dad9,2019-09-28,lightweight,1,0.19867266977453174,2019
2667de7839876ddd18c5922f,2019-09-28,light_heavyweight,0,0.4738452199306383,2019
838f2253c05f15ea4d21c1bb,2019-09-28,welterweight,1,0.1863039615151037,2019
fceb01a3e6afb83d628ca021,2019-09-28,welterweight,0,0.3086523240587352,2019
300838f93508ed30e50c5104,2019-10-05,lightweight,1,0.4572016102997692,2019
0cb55ec63b83f5626f97c769,2019-10-05,lightweight,1,0.45096566185881376,2019
c9b3790271aba99a0f5d563f,2019-10-05,welterweight,1,0.26753247322339047,2019
59503950de9880dde6cfbd9a,2019-10-05,welterweight,0,0.30987917572411977,2019
2efe952bc9906d2d8ee63d99,2019-10-05,heavyweight,0,0.5746298655449039,2019
03bdb3f550d8728b99736cb5,2019-10-05,welterweight,0,0.4328619750018122,2019
60a4cca6160e77a434c836eb,2019-10-05,womens_featherweight,1,0.4716257068965944,2019
7a45e3425d11cee03efad9d2,2019-10-05,womens_flyweight,1,0.4828778444006104,2019
b31117cda02191539a7b1042,2019-10-05,middleweight,1,0.7006366823120116,2019
1541bbe0810786a062a2ed75,2019-10-05,heavyweight,0,0.9455611239763437,2019
47228cf03cd4105dd977ba6d,2019-10-12,featherweight,1,0.5143304875151669,2019
65e84e21f699586e3aefedd3,2019-10-12,flyweight,1,0.6688069459140754,2019
3d03b631b4587e1ba05b7567,2019-10-12,middleweight,1,0.46984068195263207,2019
c1e628e157c0b3b603970990,2019-10-12,womens_flyweight,0,0.4222901386882586,2019
b8d46870926615857be3f630,2019-10-12,womens_strawweight,0,0.24843118777006243,2019
eb864e622ea92270ecef192f,2019-10-12,womens_strawweight,0,0.2937291798856626,2019
85c6d7ac2b40e91bd0e22ab6,2019-10-12,bantamweight,0,0.28571084688472764,2019
5f52782a6aa56ba0f3a97b9b,2019-10-12,middleweight,1,0.6175495083540417,2019
c1512c7e186a2ad2d9405660,2019-10-12,lightweight,0,0.7103729906737465,2019
277f3f3cb03bddbb79f8c1b5,2019-10-12,welterweight,0,0.48363811103258153,2019
845f9a197d8e4dbaeffe8afc,2019-10-12,welterweight,0,0.45642641236003634,2019
9c76094ff9dad4b08a83fa97,2019-10-12,lightweight,1,0.4929861922427527,2019
a22737adaea8f3c24329fca1,2019-10-12,welterweight,1,0.34382647373317365,2019
27e1fa1e0f0a4ed7fd4da048,2019-10-12,light_heavyweight,0,0.3803265824364624,2019
ca0cd07f144ce35471f77fe5,2019-10-18,middleweight,1,0.21514983361616943,2019
43a68b57b8ea07e036eda841,2019-10-18,featherweight,1,0.3009913753227508,2019
e0354f103924591f691cb6e6,2019-10-18,welterweight,1,0.43899089331613467,2019
23340c1c1beee7c9694fde06,2019-10-18,heavyweight,1,0.48677275401586084,2019
855a0f86334b84d5802b5b3c,2019-10-18,middleweight,1,0.6211518190083265,2019
4535cc5c754f6cfab853349d,2019-10-18,light_heavyweight,1,0.42435151555972317,2019
312e5a705d9ea69f9304369e,2019-10-18,lightweight,0,0.7129722961239198,2019
dd1a5c0133b77b445e4da39d,2019-10-18,featherweight,0,0.4157075935753098,2019
924db0cc13ef377747acd751,2019-10-18,womens_flyweight,1,0.5847439288526545,2019
1cbc40e89a4a3808ac58a6b2,2019-10-18,womens_flyweight,0,0.3855016715129435,2019
8017582ad0a64b3df2a1b1f1,2019-10-18,bantamweight,1,0.9043594567757431,2019
0b8035462f110001d74cfccc,2019-10-18,featherweight,0,0.21280887767081255,2019
e547a10b6f576ac5ce766f3b,2019-10-26,lightweight,0,0.5243552527751612,2019
e3e811b0d565e05ccc653f76,2019-10-26,heavyweight,0,0.29166185079330986,2019
068191c5ec0442a5f327a13f,2019-10-26,welterweight,1,0.6950034716512625,2019
a36870d79a38bac025ca994f,2019-10-26,featherweight,0,0.47762659726304446,2019
f0d2710e45778380c740e9a9,2019-10-26,lightweight,0,0.25504183297775074,2019
0d3c456a7272d86e8ebbb604,2019-10-26,womens_strawweight,0,0.4600562135747705,2019
ec961ddbd1b2a583933bf1c7,2019-10-26,heavyweight,0,0.45380453623196104,2019
747dd08852da9f2fea81933a,2019-10-26,lightweight,1,0.6694463450521217,2019
54365bc0fbf2054909ffb52a,2019-10-26,welterweight,0,0.5370922915694746,2019
3d08ad4aa2e7c798a261b317,2019-10-26,womens_strawweight,1,0.47372341790297623,2019
3c0c040f3ab9eee3625380a9,2019-10-26,heavyweight,1,0.3371858292545952,2019
e493a0b30451a3c7301cdb30,2019-11-02,heavyweight,1,0.6747911276787986,2019
b6ed2b7f241d89a1c2e5768c,2019-11-02,middleweight,1,0.7343900399297928,2019
1179f435dc339904ffba59f4,2019-11-02,light_heavyweight,0,0.5647088061666375,2019
fcd1f11d558f57139634bfd4,2019-11-02,heavyweight,0,0.38103801557479017,2019
b40746bfe9247aa2ab1cf62a,2019-11-02,welterweight,0,0.4615227841265243,2019
9be0b4ced3f43e9b5e0307d3,2019-11-02,featherweight,0,0.45049320718430985,2019
3ef97578ff086342ac3316dc,2019-11-02,womens_flyweight,0,0.448293245161163,2019
6aac3558b27bea053402a041,2019-11-02,middleweight,0,0.435130438539763,2019
6bd651e672f1383eaaa3488e,2019-11-02,lightweight,0,0.4078918453373419,2019
bdd7d638521a5220ece47138,2019-11-02,welterweight,0,0.4900337045972182,2019
77040a488134a21632e5e1c1,2019-11-02,featherweight,1,0.555757378468085,2019
16af1afe443d2d04a0b3004e,2019-11-02,welterweight,0,0.5520422709358502,2019
f936a2e7fe354fd8511c7843,2019-11-09,welterweight,0,0.331324892074351,2019
1e2f3752f6c52b1f4a02d6b7,2019-11-09,heavyweight,1,0.6078017070204049,2019
1a1c5e4865c1d0486f79c7bd,2019-11-09,lightweight,0,0.25499317908734026,2019
640793902348858ab72aa43f,2019-11-09,bantamweight,0,0.44993678704131734,2019
4b1a6b415dfe50f3c9f1dbb5,2019-11-09,womens_bantamweight,0,0.39904257242288876,2019
f0ffe0e3b264df9b5db97006,2019-11-09,light_heavyweight,1,0.17789147340457842,2019
f1793f6ef34da4257673c238,2019-11-09,light_heavyweight,0,0.5366621507586362,2019
31bcc23345e28ba3b19c96e4,2019-11-09,welterweight,1,0.6141463536370187,2019
b9697c6e95b6549c714acf96,2019-11-09,middleweight,1,0.6878258293924885,2019
e106bc203bf221eab415c9d6,2019-11-09,welterweight,0,0.346043012613814,2019
43e49e7eac931187640250f8,2019-11-09,light_heavyweight,0,0.641365672770973,2019
1f6dc7a779838723b04fdcd9,2019-11-09,featherweight,1,0.7146550163357271,2019
35a1c6a2fd428e45b7ba56ae,2019-11-09,welterweight,1,0.5307594860857469,2019
9c39de42c4252efea5a6c7a4,2019-11-16,middleweight,1,0.5701948968556655,2019
76080b6d4a1730806ca74745,2019-11-16,womens_flyweight,1,0.41497192768306895,2019
ca0ede83403f2550325f5cf2,2019-11-16,lightweight,0,0.253582536665318,2019
895cdfc1522a784865e69ac8,2019-11-16,featherweight,0,0.6240211213927457,2019
14217beddf84c2e52c742fae,2019-11-16,lightweight,0,0.6627653778030862,2019
353fdcce1036b674908aaa84,2019-11-16,light_heavyweight,0,0.4948947706803126,2019
9da66ec4bb7eb06c55458f10,2019-11-16,middleweight,1,0.6025356473170355,2019
fab55b1d74b0c72834f8c73e,2019-11-16,featherweight,0,0.25427240503880283,2019
0cd8da7c25c1fda31ca49a51,2019-11-16,welterweight,0,0.4704973495784656,2019
3343bf88c488f245111644cf,2019-11-16,womens_bantamweight,0,0.45564506232173807,2019
ebb3391b28a1a863bca84b60,2019-11-16,welterweight,1,0.47742715087097326,2019
9dcdaba00e3d7661c2c20a0f,2019-12-07,heavyweight,0,0.40186152517173307,2019
3f0d6005bcf5d8d74d490e25,2019-12-07,womens_bantamweight,1,0.4860779005979679,2019
af619e0f50e39d9a3c707cbf,2019-12-07,featherweight,1,0.38149032278483086,2019
70a295b55866179ccd1d2ba9,2019-12-07,featherweight,1,0.4923801704560719,2019
9f1bc6cac3951396363e743b,2019-12-07,lightweight,1,0.6773570740119045,2019
ae915d199d0a3212d88d4bff,2019-12-07,middleweight,1,0.6440576205897208,2019
b807573eed5a4156c41f13d0,2019-12-07,bantamweight,0,0.6744304071199478,2019
c9a6fbe648a7cc56f81d7315,2019-12-07,heavyweight,0,0.5319936381168422,2019
831cacee5fffa61376db4fc9,2019-12-07,welterweight,0,0.3116573780560142,2019
2138569b556c4d614e8bb628,2019-12-07,womens_strawweight,0,0.4210937557335482,2019
029906e95258805fd3ef5825,2019-12-14,womens_bantamweight,1,0.7198223225885233,2019
d5b4dfb3ff65f3dbb6fca19c,2019-12-14,flyweight,0,0.4934368138309204,2019
ce5217459171cc8b3b06b8a1,2019-12-14,featherweight,1,0.6512634579293356,2019
33e7da705762dd431b060f57,2019-12-14,welterweight,1,0.5772805196458938,2019
f66a474497dbfe8160053545,2019-12-14,middleweight,0,0.5481093230223812,2019
e78313114f040c2eb306caca,2019-12-14,womens_flyweight,0,0.6333278594166069,2019
c278d51e7be09fbca132ce23,2019-12-14,welterweight,1,0.6047481567398229,2019
08209dc137ca29ba95d0b9a9,2019-12-14,womens_bantamweight,0,0.4806384467416855,2019
c1ada04837f4f0ae52b28b1c,2019-12-14,bantamweight,0,0.5932201942713502,2019
effa322cf0f61bf8fab0059d,2019-12-14,welterweight,1,0.5960466827798618,2019
f1218bf5097065169418303d,2019-12-14,featherweight,0,0.5597628545281379,2019
aa231dbbda45b913e6c739e4,2019-12-14,bantamweight,0,0.11765148858680896,2019
75abd93d36786b68de733b5a,2019-12-14,middleweight,0,0.6014561245590051,2019
ceb9eb09b6543ade92a2fc57,2019-12-21,bantamweight,1,0.4915134262484908,2019
bc5dec6484ff60b254a2bf9e,2019-12-21,flyweight,0,0.41306273769921537,2019
5e29733544b68ed9577a8341,2019-12-21,heavyweight,1,0.5809688272027287,2019
7d8361c453bd229c2f8ab6af,2019-12-21,light_heavyweight,1,0.49074680135544896,2019
fdfacd8404d0eb95adcee649,2019-12-21,lightweight,0,0.6147409891728454,2019
f9e7b8638de2149e61e51154,2019-12-21,featherweight,1,0.4217272365859876,2019
8a987c4579dbf3e22f1d5ff3,2019-12-21,featherweight,0,0.5261354433734741,2019
b93afc4960a3dbb6e25c0b1b,2019-12-21,middleweight,1,0.3390419835157067,2019
ff575235c773175d33e45307,2019-12-21,bantamweight,1,0.5915216775025914,2019
852967885dda5170546df8c6,2019-12-21,womens_strawweight,1,0.2047117120090041,2019
3443c05c299fb7b8610b44d4,2019-12-21,bantamweight,0,0.6811966463281734,2019
6c4e36c79471be03e79e25b7,2019-12-21,featherweight,1,0.7404406804445386,2019
3b0c3a4939fb8a567ab24b63,2019-12-21,light_heavyweight,1,0.45252642384006203,2019
dbaeff63b18a6d92838f98c2,2020-01-18,light_heavyweight,0,0.47709260781953244,2020
32e3ff4610a5a504ed917afe,2020-01-18,heavyweight,0,0.604203366349014,2020
1826d3fc74bb2d6ba256950a,2020-01-18,featherweight,1,0.6009333381022781,2020
299419704af40353765232da,2020-01-18,lightweight,1,0.5472278971165134,2020
a1906b428b2b7f692430e2cb,2020-01-18,bantamweight,1,0.5443666918037402,2020
66d951441f61c860a46dd18a,2020-01-18,welterweight,0,0.34435049059088424,2020
049d7f10a2408eaeea36b79b,2020-01-18,lightweight,1,0.31829568444666523,2020
8c49399b3602fc1ea7faab1f,2020-01-18,womens_bantamweight,1,0.4090747004734653,2020
894e5a6b67f8fd390b461dc8,2020-01-18,womens_flyweight,0,0.8076786472142543,2020
31631b1099dedbc551cca061,2020-01-18,womens_flyweight,1,0.5325036134017228,2020
818e4e2f4882a32d5136f9f8,2020-01-18,flyweight,1,0.35666031197313,2020
535e643e38e6e106255034d3,2020-01-25,featherweight,1,0.7542589167288112,2020
fa88c98e5dae1a9d570d00f3,2020-01-25,middleweight,1,0.672252768038575,2020
3be9f2fb380b4adfe9142fad,2020-01-25,bantamweight,1,0.6441785470329039,2020
3ceaa0ce879bb7f0a68da029,2020-01-25,heavyweight,1,0.7340983603184537,2020
70b24348fe735b27fba60a92,2020-01-25,womens_strawweight,1,0.5693040743116763,2020
4da0ae30154e9ffeae7d071a,2020-01-25,featherweight,0,0.5072238979011121,2020
2a8739dba9f6bbb8da7160b0,2020-01-25,light_heavyweight,0,0.5709463440065761,2020
f0db58925ab2f01282c6aed8,2020-01-25,flyweight,1,0.677509503219348,2020
611387fbcb2688d824e09cfa,2020-01-25,womens_flyweight,0,0.6007090978025174,2020
34d2e609fae11eba0361d28c,2020-01-25,bantamweight,0,0.3591099772713239,2020
49c737995706c23811737d45,2020-01-25,welterweight,0,0.46159243937638594,2020
c98a7a3f6e065503e752b443,2020-01-25,womens_bantamweight,1,0.43361038789311823,2020
58f8cedb4f1c4a8acfe97da0,2020-02-08,welterweight,1,0.4144499172875028,2020
f791308687846b968ecb6e0b,2020-02-08,bantamweight,1,0.378284424506653,2020
45d8c7be4e945420d00361ae,2020-02-08,featherweight,1,0.5367869031659491,2020
a3ce1d91d4f5d48cb71fcfe9,2020-02-08,heavyweight,1,0.7363834821534585,2020
ff6a60aa5038e8415ec8939f,2020-02-08,light_heavyweight,1,0.8605037105814309,2020
e68dbb04527c15178f4140e6,2020-02-08,heavyweight,1,0.48796541028531626,2020
b2b4d0831802f26e83e6ccc7,2020-02-08,womens_flyweight,1,0.2558899483533307,2020
8d68545109734da047569b52,2020-02-08,bantamweight,1,0.32478133369552403,2020
9849cc2855f955fab6058523,2020-02-08,featherweight,0,0.4765117612588107,2020
d1b4cad82cb530a5cf8cacd1,2020-02-08,middleweight,1,0.4355818076744186,2020
1f5ca783acb07145072da725,2020-02-08,womens_flyweight,1,0.7524841164429137,2020
2085d5052f8ce3f92633bf3f,2020-02-15,lightweight,1,0.5586159680629594,2020
8de48a03581e7b5f3ae2d006,2020-02-15,bantamweight,1,0.5331531194051178,2020
bd22d4e2756e0f228a221025,2020-02-15,light_heavyweight,0,0.5354814021288918,2020
c7f13fe85a89872d7c7fdc4a,2020-02-15,light_heavyweight,0,0.28858519694036994,2020
1ff4a3233a4e3de253086d78,2020-02-15,welterweight,0,0.6648650001795171,2020
f8d3fabff42baf18c7e8c6d5,2020-02-15,lightweight,0,0.2990686924989144,2020
52e04780edda9cf0618b9152,2020-02-15,bantamweight,0,0.7496636867227555,2020
828bae559074c156bab9cdec,2020-02-15,lightweight,0,0.43934409879948977,2020
e2092c0a9fda00799fd85248,2020-02-15,womens_bantamweight,0,0.28031030884014707,2020
344da31964fde9819457c241,2020-02-15,flyweight,0,0.4975722388823737,2020
7a47b5bdbb687c1295999f5e,2020-02-15,womens_flyweight,0,0.3912723886301795,2020
e21273dacc8544d24b825430,2020-02-15,flyweight,1,0.6671489307811866,2020
806a30c5a3bc9369c6e1864c,2020-02-15,welterweight,1,0.40589446269768914,2020
3345db9eff688ec37ec0f2f0,2020-02-22,heavyweight,1,0.574991779671269,2020
405c0a662bf5e5bd6660107f,2020-02-22,lightweight,1,0.5862118103152111,2020
957ee110d743be59ac63bd6c,2020-02-22,welterweight,1,0.6533721880967628,2020
55fc23885a358078ecffc231,2020-02-22,welterweight,1,0.7342969553703819,2020
3d852084c8c58ac9c0c3866d,2020-02-22,lightweight,1,0.5978394729300449,2020
6d9b24acf3b0a085f063254d,2020-02-22,light_heavyweight,1,0.4025901166847909,2020
7ec2485289f1c9b63a5792d6,2020-02-22,flyweight,0,0.27645572308981325,2020
e4febcd3b9270378b88c2c8d,2020-02-22,womens_strawweight,0,0.450383549614552,2020
06cda90846ecf341619165c4,2020-02-22,featherweight,1,0.5371090955072154,2020
c081058b8760ebc49b1844fa,2020-02-22,womens_strawweight,1,0.4868047848155764,2020
0a118b568754c03f74e85a68,2020-02-22,lightweight,1,0.7271365912009072,2020
e8ddc97cca6d0a5d378ee12f,2020-02-22,womens_flyweight,1,0.5503731118627326,2020
bc05c73c776a23522465fbba,2020-02-29,featherweight,1,0.5711549761801235,2020
67c513c4904f8faedf720155,2020-02-29,middleweight,1,0.348792075698575,2020
225a42fc041d7b46d5bfaca6,2020-02-29,womens_featherweight,0,0.33940974170467275,2020
12c618f5f471aac6cbe2f559,2020-02-29,bantamweight,0,0.6184419621190749,2020
7c35b87c3259435af9f305f0,2020-02-29,featherweight,0,0.1771299303525254,2020
b9199fdaf47f5fe86002cdc7,2020-02-29,light_heavyweight,0,0.5536997581758333,2020
a9d1e14c018c2bd7956f85b7,2020-02-29,featherweight,1,0.675707915305044,2020
959d009361301a02cd28d861,2020-02-29,flyweight,0,0.43277027873994767,2020
c5b2efe1550d9fc74302f4ae,2020-02-29,lightweight,0,0.251650578996713,2020
af291c699433bd04d136b64e,2020-02-29,heavyweight,0,0.6148617004880859,2020
0192a4baef7d9bbc35d07b36,2020-02-29,womens_featherweight,0,0.4476105067014657,2020
8233a2bcadaa15eb353a00ac,2020-02-29,welterweight,0,0.7194185325201184,2020
ac32a2ac43ae6ff31c4c058a,2020-03-07,welterweight,0,0.3303207982215753,2020
2994a65fc60a7ebda1abdfd4,2020-03-07,bantamweight,0,0.2342510305270105,2020
4dc37410ffdd722c5c13b647,2020-03-07,lightweight,1,0.5949990822580031,2020
bbd0ec55ec6433a7ed39dada,2020-03-07,middleweight,0,0.26386959076867494,2020
29c5a22950b852875c2d2859,2020-03-07,featherweight,1,0.6100123162723696,2020
fd70dfb0a7f2d8d11002f31b,2020-03-07,middleweight,1,0.8640315422816098,2020
0a2d16d65f1e0a9aa0e5ad91,2020-03-07,lightweight,1,0.8528301734095799,2020
6d49420f915f8986e125d116,2020-03-07,welterweight,0,0.4558260232739351,2020
b8fe0a7b1ff0416078863f66,2020-03-07,middleweight,0,0.5227910500782162,2020
5f2af6f949d46196346c0969,2020-03-07,bantamweight,1,0.45255231751329517,2020
49093c389ab04a0502e74269,2020-03-07,womens_strawweight,1,0.4595245853098015,2020
dcbc89946cfd3b60dc2896a5,2020-03-14,womens_strawweight,1,0.7826467655931498,2020
ab4e9d192e4c6a16d88cfa78,2020-03-14,flyweight,1,0.55733586507301,2020
0629e69e4cdef6010afb82fe,2020-03-14,welterweight,1,0.7133356241263888,2020
12fcb4b15eab88cc21a628ea,2020-03-14,welterweight,0,0.48645548304346453,2020
3397e1f912942f4951412964,2020-03-14,lightweight,0,0.6309172293411894,2020
0b804ef15016f4701a6c3b27,2020-03-14,light_heavyweight,0,0.36599761526330227,2020
c060ae13226dc57054e79419,2020-03-14,flyweight,0,0.4090713113039025,2020
1f8448a33794600e3b26b116,2020-03-14,lightweight,1,0.4082763201977525,2020
8f283b50bf60f4ca662fb534,2020-03-14,womens_flyweight,1,0.4286434011953487,2020
7171685f49e42fc47e27c391,2020-03-14,lightweight,1,0.751351614755976,2020
832f4ad5e6462a116d4f8af9,2020-03-14,womens_bantamweight,0,0.5705357926727259,2020
009aa0b869e610f7e796e750,2020-05-09,heavyweight,0,0.4930877887921862,2020
c103c970f04eb87287a0e4b3,2020-05-09,welterweight,1,0.5222635283018325,2020
cedffd9e5eec6ce82f7c101a,2020-05-09,featherweight,0,0.26403596548204195,2020
a0e32d72c7de88f4800dab59,2020-05-09,womens_strawweight,1,0.5575663616473265,2020
ae7dca63a813f4d6c52b1788,2020-05-09,heavyweight,0,0.4146986718590973,2020
f8880f1d649f46e28a73ca8d,2020-05-09,heavyweight,1,0.7441517134446974,2020
5384d7c94e5a0e0f2f57d0aa,2020-05-09,bantamweight,0,0.43148227827055474,2020
b0b04e108bd700e4b9506bb6,2020-05-09,featherweight,1,0.5601110507788881,2020
4e861f89eebf4bd6240193ec,2020-05-09,light_heavyweight,0,0.3605305096206719,2020
da967b755aeebd0969453818,2020-05-09,lightweight,1,0.4283344667192469,2020
5922566ed6339c4bee68789a,2020-05-09,welterweight,0,0.3820824228238523,2020
9327fe46dbb648274dedf148,2020-05-13,lightweight,1,0.34753687705577174,2020
b4e09acb3ef8fb916cd20042,2020-05-13,heavyweight,0,0.5225506118181055,2020
099226a1af8eaad416e33ce9,2020-05-13,light_heavyweight,0,0.7321997275153646,2020
85583e946a1afc739c7971d5,2020-05-13,heavyweight,1,0.42022151025814364,2020
30f7d6f26cdb555e1863bacf,2020-05-13,heavyweight,1,0.591293905358058,2020
77c3d8ba834acfc857c5d9ad,2020-05-13,lightweight,0,0.547745482061487,2020
281018bae372254e896f953c,2020-05-13,featherweight,1,0.43950602597865435,2020
11a75f048fd5a8ce402d014c,2020-05-13,lightweight,1,0.6963683184809989,2020
eec530344c8a5b1193095b97,2020-05-13,bantamweight,1,0.4527579649349391,2020
fc27e2a2bb4840d583e6af05,2020-05-13,womens_bantamweight,1,0.5913170344457334,2020
56eb0df2ba5e8806fbb8b6ac,2020-05-16,heavyweight,0,0.41693554013594186,2020
4431b6293af599f45ff88ce1,2020-05-16,middleweight,0,0.3482866962614025,2020
2ab2b9f636e1f691e06be87f,2020-05-16,womens_strawweight,1,0.5016953149883621,2020
2013fc705603e4d2d485f766,2020-05-16,womens_flyweight,0,0.5816376959078199,2020
5002aab7fcb128933ec0f428,2020-05-16,featherweight,0,0.2462632745565867,2020
6b06bb42128fb721e64e27d0,2020-05-16,featherweight,1,0.34085877837928846,2020
700c19e5d8072a2eb472243d,2020-05-16,middleweight,0,0.5418447637476507,2020
e484e0ac9450e9273c0358cd,2020-05-16,featherweight,1,0.6202986394256824,2020
ca6e34d9cb638eb1628a7523,2020-05-16,welterweight,0,0.2965163290496879,2020
9a367f827403d6a654fbb184,2020-05-16,heavyweight,0,0.3809031356292731,2020
bc93d93ef97ad802b83b9d42,2020-05-16,featherweight,0,0.3865177398435379,2020
ee05f5ee9431052c10688e3a,2020-05-30,catch_weight,0,0.7162891145626725,2020
4666770439ba8c9851230139,2020-05-30,heavyweight,0,0.4136509186792175,2020
30e2e97fde043513c4e768c0,2020-05-30,featherweight,0,0.3576517144731729,2020
4daf886ecde6eaec42a3a025,2020-05-30,welterweight,1,0.6629307381097264,2020
cab113a35cf2265258613c6a,2020-05-30,womens_flyweight,0,0.3005440837572941,2020
1ac169b7d2f5b29552a8b0c2,2020-05-30,bantamweight,1,0.5598636337459338,2020
13b094ecc0ecaf09072cf52a,2020-05-30,womens_strawweight,0,0.36582971265446,2020
c05df91759ec1c10158435b1,2020-05-30,lightweight,1,0.7478272394207973,2020
50b9b416e5e3b3851dac3a6f,2020-05-30,flyweight,0,0.5996495749968622,2020
2d149a8495bc57d125ce4598,2020-05-30,welterweight,1,0.6032980652736291,2020
820e89cff0edf608156421bc,2020-06-06,featherweight,0,0.771941366655971,2020
97226c5d11d686649ed3e022,2020-06-06,bantamweight,0,0.4793397260981275,2020
24970a4f8d6d139317076c24,2020-06-06,light_heavyweight,1,0.47571900025840574,2020
28044f1dbc515f3c272522a1,2020-06-06,womens_featherweight,1,0.8782685242891991,2020
14525c663d20a7a85c31b0dd,2020-06-06,middleweight,0,0.4815260808060209,2020
4858c091f6e5f1675c2a3e4e,2020-06-06,featherweight,0,0.30208088979015174,2020
f5093e48c887c2911361c958,2020-06-06,bantamweight,1,0.7163274018211822,2020
478b9433c1b69ca56c69354f,2020-06-06,catch_weight,0,0.6435876951226495,2020
34cf054f6fef1a96d7b033e6,2020-06-06,middleweight,0,0.41827199523730046,2020
41234e8af82999c05cd8e76b,2020-06-06,flyweight,0,0.3576803009412129,2020
0af06c0ad5c72afe4111ca93,2020-06-06,welterweight,1,0.43939433452670473,2020
e31c4c6b7eef770d9e0c6969,2020-06-06,bantamweight,0,0.2380422953173822,2020
886bbd2f6a3553ba3983567a,2020-06-13,featherweight,0,0.4598269384889523,2020
89e05740fd45ec7c49dee28a,2020-06-13,welterweight,1,0.5036607197304068,2020
0307782c584315ff5b11eb53,2020-06-13,lightweight,1,0.3723403372178131,2020
62e7a1dbde465ca7534617e6,2020-06-13,womens_flyweight,1,0.5580404873297837,2020
8a6e39649a3fec737d38320b,2020-06-13,bantamweight,1,0.4331348029864367,2020
c630e7885cdd36b6b14cca59,2020-06-13,womens_bantamweight,1,0.6221787087571212,2020
3e172364fc518e64ef6c7969,2020-06-13,middleweight,0,0.4623815331883681,2020
2259ec8201adefc465ce8c23,2020-06-13,womens_flyweight,1,0.6496107792117076,2020
923433619c20dd750c2205af,2020-06-13,catch_weight,1,0.6507760203280374,2020
e8151d9214dc667480a5a0cd,2020-06-13,bantamweight,1,0.4809865782280193,2020
290d4ab10e5aa919a128037b,2020-06-20,lightweight,1,0.579956907577861,2020
cbdc4ad6d5473e19d6df57ba,2020-06-20,welterweight,0,0.40725067388730746,2020
35dd379f6c827a39c9ea2a80,2020-06-20,lightweight,1,0.7154036304438316,2020
0ca95193d549deae06a43dfb,2020-06-20,womens_flyweight,0,0.35166307184144935,2020
42a699b0e1e0b47000777a51,2020-06-20,heavyweight,1,0.6003001461381833,2020
11a2b83fafaadd00beca04d6,2020-06-20,lightweight,1,0.3986142796854581,2020
dab5c40932dc5108516b8357,2020-06-20,catch_weight,1,0.11489626121663485,2020
1702be42945c42f331abfb86,2020-06-20,featherweight,0,0.5684728546433943,2020
059fc403c1199ed58dfefd1e,2020-06-20,womens_bantamweight,0,0.20732501843155274,2020
cd96fe8c1990581afcbc65fa,2020-06-20,womens_flyweight,1,0.49230195766785095,2020
af88d28bf7e8107238ee84eb,2020-06-20,womens_strawweight,1,0.576650492915912,2020
82c23a4256fc112839a21e37,2020-06-27,middleweight,1,0.7202213358732703,2020
de98f026bdf72951202b6d58,2020-06-27,lightweight,0,0.5797771920930297,2020
3f23da8e6c5be0676895513e,2020-06-27,heavyweight,1,0.6227967080486465,2020
b66fca201dea49414ec29f35,2020-06-27,featherweight,0,0.3767884290634084,2020
c4e0a136fe5ffd850886b385,2020-06-27,womens_strawweight,1,0.5846495368339775,2020
2fdfc02f2b246b2cd90069a6,2020-06-27,lightweight,1,0.29723346526511857,2020
c13e18c821c98fe6fce0b80e,2020-06-27,welterweight,0,0.36111061163813457,2020
44b541d2c96511df188e7335,2020-06-27,heavyweight,0,0.4075151565284638,2020
c19913fffb602e14f3e2082b,2020-06-27,catch_weight,0,0.8111426637423942,2020
006f504a194d5223fe79b4df,2020-06-27,welterweight,1,0.6246168804836388,2020
be848e2721065a0114893812,2020-07-11,featherweight,0,0.4714289031961197,2020
1f3620c84ae614757d7bfa36,2020-07-11,womens_flyweight,0,0.27920001031210934,2020
2aca388948ad79e83a84cf15,2020-07-11,welterweight,0,0.597555612627716,2020
574672682df84871761a5876,2020-07-11,womens_strawweight,1,0.5294790038936348,2020
83c960d387ea71ac2b87a5ca,2020-07-11,welterweight,0,0.20886731349203516,2020
51718fa99d2beeef65554230,2020-07-11,womens_bantamweight,0,0.4532662270962174,2020
d15cc1d2230aa928274889e4,2020-07-11,lightweight,0,0.44646678377541416,2020
203ac34442d30277d30b534a,2020-07-11,featherweight,0,0.31180625630987535,2020
bbb50c2b6683640361da5f6b,2020-07-11,heavyweight,1,0.7414920232615935,2020
c47da9117ef9cb0c55d90f33,2020-07-11,bantamweight,0,0.642059201905441,2020
0d11971457c4175b965c7f87,2020-07-11,bantamweight,1,0.6665556861903449,2020
511b42aba92448e1f30bcceb,2020-07-11,flyweight,1,0.7374524164913637,2020
b8cb51bb58d9db4514c8a4cf,2020-07-11,light_heavyweight,0,0.7281328529116207,2020
3cb54ea87dbfd559fefef2b7,2020-07-15,welterweight,0,0.49922841137909824,2020
884115a97758c772c9a1aa6e,2020-07-15,featherweight,0,0.6589714741511862,2020
e030c4b4274431ef2741e6c9,2020-07-15,womens_flyweight,0,0.6191067799867903,2020
a8f801019d4eef0e77d9ae1a,2020-07-15,bantamweight,0,0.165142965506477,2020
b3e069741adc630204893233,2020-07-15,featherweight,1,0.4670386412948202,2020
e15671cec5d44e671c10a445,2020-07-15,featherweight,1,0.382536204483366,2020
8b32ecec48dbcd2195ac45bf,2020-07-15,middleweight,0,0.29792307145223723,2020
07704ef1301d2d6ce8009af5,2020-07-15,light_heavyweight,1,0.5518223055554681,2020
b612d80bd5c03377090d4d3e,2020-07-15,womens_flyweight,1,0.5132897010103695,2020
9f333d28d7717b8654dfa658,2020-07-15,featherweight,1,0.1761345635882231,2020
456ab7958561d909b67e3864,2020-07-15,flyweight,0,0.3305353386494891,2020
8f69fcae4224781b3c9cfa38,2020-07-18,flyweight,1,0.38283599036072546,2020
fa1912c548967b80aa56bf11,2020-07-18,womens_flyweight,1,0.41652652000925067,2020
6919180ec57b7b188061ac38,2020-07-18,bantamweight,0,0.5792245386402795,2020
74993216732e68a332a88a7c,2020-07-18,heavyweight,1,0.6487118276104299,2020
cd37985766a8aa01b735f39b,2020-07-18,lightweight,0,0.36526152456255284,2020
1940aee687891ca4a94afbfd,2020-07-18,flyweight,1,0.6073554597137637,2020
9fafa8c93b811a3746eb31e8,2020-07-18,catch_weight,0,0.22448527684565628,2020
f86ab16d919a25d4da537f58,2020-07-18,middleweight,0,0.5109187492877724,2020
66da3b6f9f4cf7e4157872a1,2020-07-18,lightweight,0,0.45423265867224294,2020
4a09d8daff5488361ff890ac,2020-07-18,bantamweight,1,0.5657149091815159,2020
e038f9564dda467e4997ce35,2020-07-18,lightweight,0,0.610569936660132,2020
8cd39f466756d30dadd88be2,2020-07-18,light_heavyweight,0,0.729548083451407,2020
aa414e556f0b92cf8400036c,2020-07-25,welterweight,0,0.33393277866120386,2020
9ecf8c24eea5a923e8f4b148,2020-07-25,womens_bantamweight,1,0.5629635625114372,2020
b345fd117c26ce8ce1ef6e60,2020-07-25,womens_strawweight,0,0.43844923775896255,2020
0c7ab3916d55a17df15a3a83,2020-07-25,heavyweight,1,0.18737864230592916,2020
39cab37f486024ecb9db2635,2020-07-25,lightweight,1,0.5223919309539578,2020
defd84b0599cc0d92b68f3d9,2020-07-25,welterweight,1,0.695991909781839,2020
463933bcaf017d47e453066f,2020-07-25,light_heavyweight,1,0.7418926223096275,2020
774acac56423a0c607d073ed,2020-07-25,featherweight,1,0.5928558394254804,2020
f8145b4bb7b5e3cb97d4dc9c,2020-07-25,bantamweight,0,0.216981684052058,2020
6ce73abee15e58ac43b79445,2020-07-25,light_heavyweight,1,0.566280855134908,2020
85e0c0d613fc2cb13a184545,2020-07-25,welterweight,1,0.6745816737494645,2020
d7af924b081837726a8d950e,2020-07-25,middleweight,0,0.5965854804926279,2020
11685689bd05b8ae21ca67b2,2020-07-25,heavyweight,0,0.2835136232693113,2020
376525f5ca63a4c27ff6decb,2020-07-25,heavyweight,1,0.573226059576912,2020
8332a93dfb22029ffd97dce6,2020-08-01,middleweight,0,0.6564102376918739,2020
accaf5efe3560f60755f9237,2020-08-01,bantamweight,0,0.1893306753206369,2020
77f7f2dbc81095fc4709e0cc,2020-08-01,featherweight,0,0.2762763750466442,2020
803e4699563eeaab313ee6f9,2020-08-01,womens_flyweight,0,0.5990951051320458,2020
cf1b0a8a8ef42f5355c57ac5,2020-08-01,featherweight,0,0.5311459927688564,2020
74ada4c73df8d55a25668c40,2020-08-01,lightweight,1,0.5200192614747849,2020
11b2bdce33b4daa385378c1a,2020-08-01,welterweight,0,0.4209460311683872,2020
210876a707716aedd484fb62,2020-08-08,middleweight,0,0.5628791920802083,2020
55d2db7e55ff9ef810d8a2d6,2020-08-08,lightweight,0,0.35238176908189506,2020
04fb7fae5eccd9bfad3b30f5,2020-08-08,heavyweight,1,0.6730501288056474,2020
9c4d9994434bee6a49132946,2020-08-08,featherweight,0,0.7207147690024535,2020
868200fb7ccb6878e63a9732,2020-08-08,bantamweight,0,0.4374917009737888,2020
7ba96474f9f6f546663fb612,2020-08-08,middleweight,0,0.25597189729266207,2020
2d9f61eb854f945a91ce4e6e,2020-08-08,middleweight,1,0.5327969637123324,2020
da0dbbeaf56d1757faf50688,2020-08-08,lightweight,0,0.2221508906185025,2020
7cf5bb7c97d458ef222e05c8,2020-08-08,middleweight,1,0.4761501847840928,2020
298e37ec9666db9f53515a4c,2020-08-08,welterweight,0,0.5376660461823721,2020
245a1aa1d70748ddb77fcd50,2020-08-08,womens_bantamweight,0,0.4371667898829372,2020
060c3c0453e2685b88bfc7cd,2020-08-08,featherweight,1,0.8373030051590223,2020
f62f628f4d455c496ac07489,2020-08-15,womens_strawweight,0,0.4481182272079315,2020
a932c2ee19a974d44f417d4b,2020-08-15,heavyweight,1,0.5535965188337787,2020
7a1e753ee1cac071ed552cc0,2020-08-15,womens_strawweight,1,0.609388303940047,2020
c2a30adbd7330740e20862ad,2020-08-15,featherweight,0,0.690717749972899,2020
14528df9ace6c262ceefb3f7,2020-08-15,lightweight,0,0.3791727610366795,2020
55a99ea2630f084f2ed4d912,2020-08-15,bantamweight,1,0.736071739843402,2020
5d24c91dd499dbf9f371c204,2020-08-15,heavyweight,1,0.5666785498757998,2020
1b00b8df5d93a51c490a2948,2020-08-15,featherweight,0,0.35153096314984245,2020
ba981dcf4305f29bcaa7900b,2020-08-15,bantamweight,0,0.6083618391466632,2020
27164f9bd07bca68817f3f4e,2020-08-15,heavyweight,0,0.4323582258127274,2020
b5a777423264ab6348bb1c2e,2020-08-15,featherweight,1,0.22614618214846363,2020
acf437c27bb894e5f10b2833,2020-08-22,womens_strawweight,1,0.5406499077665254,2020
865bc5e17b412e9d8e74207b,2020-08-22,lightweight,0,0.33374077150576315,2020
56c97a89da7aadd66d047b0a,2020-08-22,welterweight,1,0.5068817293727242,2020
3d301ae7159660205e61e4dc,2020-08-22,welterweight,0,0.510488091344138,2020
34d337987a36d7908897d305,2020-08-22,light_heavyweight,0,0.17706735721177708,2020
df37437bbab31d315b3583ce,2020-08-22,light_heavyweight,1,0.6188245338894638,2020
35fc4617b59fef082956caf0,2020-08-22,womens_flyweight,1,0.13832596350295312,2020
4c3bf69bcda575328e7dfa8a,2020-08-22,bantamweight,1,0.6068972669946366,2020
9a0f019bcdd546effc2348ee,2020-08-29,middleweight,1,0.5914573204335541,2020
445a76108cb8e63cbb18f23b,2020-08-29,featherweight,1,0.629785564572287,2020
783496ec89222db55e57a668,2020-08-29,light_heavyweight,1,0.46300581750145214,2020
e386eba5a579cbc9c61d7ea2,2020-08-29,womens_flyweight,1,0.5421273988799095,2020
7e8fcbb84541590cb5ced267,2020-08-29,middleweight,0,0.5538123703776981,2020
4fba53fa922937da97b13a1a,2020-08-29,womens_strawweight,0,0.38754292120230144,2020
9e3309a83263a3eb26e2536b,2020-08-29,womens_strawweight,1,0.5815265692051362,2020
cd63bf60ab82e106e2f0ee15,2020-08-29,featherweight,1,0.5341700195521226,2020
5b102515890b750f61b15ad8,2020-08-29,welterweight,1,0.7675738766080158,2020
df451b71add33401cfbbbdee,2020-08-29,welterweight,0,0.38389472323317464,2020
a8f7e7ce78b35799585b7b3f,2020-09-05,heavyweight,1,0.34050424922189954,2020
4566ad12d4871db68af538da,2020-09-05,middleweight,0,0.6002150877379078,2020
79f56fc5b540a07b75fc2f98,2020-09-05,featherweight,0,0.3269383113164917,2020
b37f7663c4100c0a3a3d864e,2020-09-05,bantamweight,1,0.6651650672742176,2020
db45cb350600a6522a63019e,2020-09-05,welterweight,0,0.44392544733905537,2020
3a47b616824dbc09d6b4f23f,2020-09-05,light_heavyweight,1,0.5358571124797076,2020
cc3301848054cf1d86698beb,2020-09-05,womens_flyweight,1,0.3824082147663408,2020
28d6bbf15b8b8f3eb7f23a3c,2020-09-12,heavyweight,0,0.39040858883068924,2020
f323a1bcddd8b81465fd2d6a,2020-09-12,featherweight,0,0.26280148843258655,2020
7ae74b7892d546b2c6cc4286,2020-09-12,catch_weight,1,0.6467684672772991,2020
b58fb9829ccfd18659c6d7da,2020-09-12,welterweight,0,0.30461475829461804,2020
082eb0ff7fe293a70ba23347,2020-09-12,light_heavyweight,1,0.2942471461012617,2020
93cfcbcd4b75c2b5c8ee2e46,2020-09-12,womens_bantamweight,1,0.5767319842043266,2020
04a643128e2a0077e897530a,2020-09-12,lightweight,0,0.2340798233454691,2020
537ffd56845ed420190fbfdd,2020-09-12,womens_strawweight,1,0.4770695395349145,2020
25de901f6dd7ecb9530b74b0,2020-09-12,lightweight,0,0.4834578928037438,2020
28efb17bdca98d4378885a1c,2020-09-12,womens_flyweight,0,0.595481804130667,2020
9315dd27fd7b658d3ca50207,2020-09-12,womens_flyweight,1,0.6619331784043849,2020
623b46230159a54815f5cb49,2020-09-19,bantamweight,1,0.5091407921370099,2020
fb266d3d4965156fe0812808,2020-09-19,welterweight,0,0.3986252559562084,2020
6c738a0d9b2c763e5023b8b1,2020-09-19,featherweight,1,0.4389542682192655,2020
d817723ba47e641cb45f55df,2020-09-19,womens_bantamweight,1,0.43456034704620633,2020
5b0b10e3a4c96b4a1aaacc21,2020-09-19,light_heavyweight,1,0.5079808374904141,2020
4d15262f09d0438e42a1d716,2020-09-19,flyweight,1,0.34632065203545337,2020
f23ca5817efea8ed67cc6d3e,2020-09-19,bantamweight,1,0.5708833885842629,2020
fb788a19abdf58c4ce9dcfda,2020-09-19,middleweight,0,0.23856590501814706,2020
5c95389aafbb0711c5963558,2020-09-19,middleweight,0,0.32805310389840564,2020
7931d00816825b1bd9e0ecf7,2020-09-19,womens_strawweight,1,0.5709589066301123,2020
126a5071914844441f76aed3,2020-09-19,womens_flyweight,1,0.4517781442519222,2020
ef94f26d1600348c57fa67b0,2020-09-19,featherweight,1,0.2971211377902712,2020
3e510c9608a6583021390665,2020-09-19,bantamweight,1,0.4158661668607021,2020
23a662e45455f29a908aee5f,2020-09-26,lightweight,1,0.5789837439834431,2020
ffe5c9a6e91e0d37d415fdb0,2020-09-26,welterweight,1,0.8756488255486703,2020
9f519c98b04a3b46edae897c,2020-09-26,light_heavyweight,1,0.31600912738348896,2020
80791d311e48d79967e48920,2020-09-26,featherweight,0,0.4841549768382973,2020
4ba5210842a9fdedea37b2dc,2020-09-26,middleweight,0,0.13373597651251215,2020
38d22d042e94d6259e70a045,2020-09-26,heavyweight,1,0.47254700444476905,2020
48f7656e55b8b2313a2a7cd2,2020-09-26,flyweight,1,0.267987965729715,2020
f4bc73375a257ec73059a857,2020-09-26,womens_bantamweight,1,0.4455378060627295,2020
be57e08456210445617a2cfe,2020-09-26,light_heavyweight,1,0.2539411231001161,2020
39410ea34d5a7709c2e4070b,2020-09-26,featherweight,0,0.5760452006211645,2020
f593b1fad2405f4eea183994,2020-09-26,light_heavyweight,0,0.7477152873313018,2020
b04169fb651ff838bcc04a28,2020-10-03,welterweight,0,0.3450134147584021,2020
0c6b8632abdb2d92929613c4,2020-10-03,bantamweight,0,0.4494682609525105,2020
d1559e32012f7277afb65dff,2020-10-03,middleweight,0,0.4176414914649577,2020
f3ee0876b7b239e4c9c141a5,2020-10-03,womens_bantamweight,1,0.6163082020116966,2020
1ed625d2bce4a080ff7aa7ec,2020-10-03,womens_bantamweight,0,0.5625697044780722,2020
c6a82c44dd90c79be12b6827,2020-10-03,middleweight,0,0.4754380792165457,2020
e027916440b1d9b89633d333,2020-10-03,bantamweight,1,0.7773560398305295,2020
e78a454a7ba56158106a70bb,2020-10-03,womens_strawweight,1,0.5787994240726324,2020
9038dd92cf6a9dba569b6e41,2020-10-03,lightweight,1,0.6344586641577736,2020
5e403d21b6f537ca07e981a8,2020-10-03,heavyweight,1,0.5818784614230111,2020
80048b12f4e27d448e681393,2020-10-10,bantamweight,0,0.6724872349800978,2020
9fd3797dda6a9dc551642271,2020-10-10,heavyweight,0,0.37758264669736913,2020
47d015c9da4f8e7c68642c9c,2020-10-10,flyweight,1,0.42790905220621245,2020
f3c39178e030c72a92766f83,2020-10-10,heavyweight,1,0.47196211254685383,2020
b33b7e15079e874207787397,2020-10-10,featherweight,1,0.39775509135617854,2020
32b54d883d2d43b47a7329ef,2020-10-10,featherweight,1,0.512254718633133,2020
3933cacfa643f4332fb05e57,2020-10-10,middleweight,0,0.654772641658334,2020
6d2a9d7dc08ac386e90f4115,2020-10-10,middleweight,0,0.4445728763802598,2020
a9b7a476e336ba9d14cc3967,2020-10-10,bantamweight,0,0.4729291944060732,2020
4bf87d901465ed4dc164d766,2020-10-10,heavyweight,0,0.15799983682761926,2020
96f20b0be6ccb77bf9cdc8eb,2020-10-10,middleweight,1,0.6011243925285219,2020
f37de3fb239061532292aa7a,2020-10-10,womens_bantamweight,0,0.32803695597070714,2020
c1064b7eb590e152b8293553,2020-10-10,featherweight,0,0.7675047360918227,2020
7436f2383310929d077726d8,2020-10-17,featherweight,0,0.6304723585259715,2020
1ccd594341a2b6cea5016be1,2020-10-17,welterweight,0,0.4221841882404613,2020
5c7f86843455a239817ae12d,2020-10-17,light_heavyweight,0,0.37423548193257833,2020
2da28f1443f58bbdd2cb3db7,2020-10-17,womens_flyweight,1,0.5355929171361941,2020
9dc9bdd024b0eccd64b939ac,2020-10-17,lightweight,1,0.6266435330177736,2020
5b47f9b0810708e40df64e9e,2020-10-17,light_heavyweight,0,0.2595196533648354,2020
2975781dbd33227ef8a61f79,2020-10-17,middleweight,1,0.750992985774212,2020
2a9bbefd70d44c964d657e9b,2020-10-17,womens_flyweight,0,0.38287342378727923,2020
591940879703188b315267f6,2020-10-17,lightweight,1,0.5195082133085931,2020
385fd3eb8f3778369168b7dd,2020-10-17,bantamweight,1,0.7713460554392982,2020
5d4dafd8adc6f8fdd0422db8,2020-10-17,featherweight,1,0.49642649769315184,2020
9e5f20555d811d9565cd562c,2020-10-24,welterweight,1,0.35688389471375115,2020
c390228f133682c232f89d7a,2020-10-24,heavyweight,0,0.12036164890325607,2020
ddd3bcee83bd285bc2d66fda,2020-10-24,middleweight,1,0.4989337926660861,2020
accd1dcd8cd278a67c7cd20f,2020-10-24,lightweight,1,0.6369554882059222,2020
5e1047bc4fb321e2c668e871,2020-10-24,lightweight,1,0.7334271958662202,2020
01e8de6e71b38fdbb4ca295b,2020-10-24,womens_flyweight,1,0.526688309470924,2020
dccd287fe543912a3d4262ce,2020-10-24,womens_flyweight,1,0.5691676682801288,2020
27330ec2f027b06bb6e1d506,2020-10-24,light_heavyweight,0,0.43212715809051594,2020
95bf3e74a6af57559a469137,2020-10-24,catch_weight,0,0.5270990097745432,2020
df5cb9edb98d3b8e5b0d1dcc,2020-10-24,middleweight,0,0.25551612408589003,2020
f579d8fdebc5facfe7a54631,2020-10-24,heavyweight,0,0.33775361032530987,2020
89530c10412fef4e37adacc3,2020-10-31,bantamweight,1,0.5213948521981421,2020
139113bda6e2c08bcdb0de64,2020-10-31,featherweight,0,0.39057867406448354,2020
64f6e5042b239942a0940584,2020-10-31,lightweight,1,0.7146702103751619,2020
cefd7c12fbddc1ae93b66ff3,2020-10-31,welterweight,0,0.7891089487217698,2020
7b0cfccdff37cdd83d0058fe,2020-10-31,light_heavyweight,0,0.44163239907402896,2020
26fbfce30596a1dab7bd4db1,2020-10-31,middleweight,1,0.8089695785518451,2020
578662bba25d0cd530c617d8,2020-10-31,lightweight,1,0.45446007525467236,2020
ee10cdc650c5fb71fced52b6,2020-10-31,heavyweight,1,0.5790041727210223,2020
558610849677ae0c138c4f45,2020-10-31,bantamweight,1,0.6458056975280974,2020
5fd8a5e104ff4c3e1adbc165,2020-10-31,middleweight,1,0.706727779585729,2020
b5338c339e99f772edcafd4b,2020-10-31,middleweight,1,0.729655351811016,2020
c01ae7afb0d017349ea11354,2020-11-07,heavyweight,0,0.30660078669782026,2020
a75ae44aa15099924d9905d7,2020-11-07,heavyweight,1,0.11369583665853261,2020
3eef4800a98bf0e45d406700,2020-11-07,womens_strawweight,1,0.5511359009943547,2020
dcbfa685c07ca7e10a21cc93,2020-11-07,featherweight,1,0.348665217058476,2020
7e96ea3f88bc1cd633bfbcff,2020-11-07,featherweight,1,0.7192829764065723,2020
cf941249e8853878c39beb3b,2020-11-07,bantamweight,1,0.5085640210381533,2020
627ff29937df0f3e4b02b96e,2020-11-07,welterweight,0,0.4358363535159672,2020
35cd9e0ed2ba0bbc0352b4d5,2020-11-07,bantamweight,1,0.6616203040853307,2020
f56a2da3439d7312f3ed5053,2020-11-07,light_heavyweight,0,0.5417746186599265,2020
22d95249dfaff73c149f7787,2020-11-07,middleweight,1,0.6703315676018755,2020
4f984c114f952c5e85b05305,2020-11-14,welterweight,0,0.17139146536535996,2020
0bf1cad5fff73833720546bb,2020-11-14,welterweight,1,0.7434476087528735,2020
4d8c8fdb741a66e9ec213215,2020-11-14,womens_strawweight,1,0.34937372634905045,2020
7472bbec30036b91f8b3f55a,2020-11-14,catch_weight,1,0.4646951720423116,2020
9d1bf278adaf06c59aafbe8a,2020-11-14,heavyweight,0,0.33708822026294544,2020
bdf3b0384bfd20ab4f874937,2020-11-14,bantamweight,0,0.4109202673013926,2020
256ba9eadd0025f9b1b46491,2020-11-14,womens_strawweight,0,0.656201448513986,2020
212de9a7a449ce2e3483fe61,2020-11-14,lightweight,0,0.4722956383194163,2020
71953b09146d733984c4873f,2020-11-14,womens_strawweight,0,0.4616038103388839,2020
daa107f8ce19d97b1024e608,2020-11-21,welterweight,0,0.5849188600412231,2020
990f47449008c2507dce5538,2020-11-21,womens_flyweight,0,0.3954189025875715,2020
855198b297a6d4d634748fc0,2020-11-21,flyweight,0,0.29994157367869834,2020
ab363e2b0f18214055df486e,2020-11-21,welterweight,1,0.3736674248656313,2020
35a304f5212463a5b62f0016,2020-11-21,flyweight,0,0.5603095059834059,2020
e10c4a1985fd12ac4132b445,2020-11-21,middleweight,1,0.4889675433352527,2020
75e45e9d89ad79cff7c42ac6,2020-11-21,womens_flyweight,0,0.4304898991918465,2020
5ec0091b78dc3de20dd3ac14,2020-11-21,middleweight,0,0.38392154985309634,2020
71a0386425bf0de6d824fb82,2020-11-21,welterweight,1,0.4690335388743569,2020
1d045510888fda8b989e961d,2020-11-21,light_heavyweight,0,0.5702007450162985,2020
eaf2ba2fb033cd4f682f8d99,2020-11-21,welterweight,0,0.6567262438576552,2020
2cbdb6487a02560caa061947,2020-11-21,womens_flyweight,1,0.8180364183042262,2020
f1ef0a42087a271126512de6,2020-11-28,light_heavyweight,0,0.36029606201577563,2020
54556752d4e905ae3733dad8,2020-11-28,womens_bantamweight,1,0.5008699133442301,2020
ee744e008569f783f1c7ae2f,2020-11-28,womens_flyweight,1,0.4297344126220585,2020
1da86dd1a82396c3d44770b5,2020-11-28,featherweight,1,0.13158755121523322,2020
f7f1ed2648969e54b0e3c382,2020-11-28,heavyweight,1,0.2990635995587687,2020
15dd8c606462176c34ed098b,2020-11-28,catch_weight,0,0.5450323079664448,2020
be0781425d6678d096405d23,2020-11-28,bantamweight,0,0.5693190972943035,2020
1cc13b483b64475640fb3718,2020-11-28,welterweight,0,0.3661030879917255,2020
1162fe15cac2da103dfe148c,2020-11-28,featherweight,1,0.4654302359106255,2020
0c3a9c25327fe52dfdc851ce,2020-11-28,flyweight,0,0.21452087605015685,2020
3fb0d126ec0ec9c850e7c51f,2020-12-05,lightweight,1,0.6243155258823386,2020
38c73190ff54c90011fd11da,2020-12-05,heavyweight,1,0.491013274129284,2020
2faee2f4000145f6ef0e7d15,2020-12-05,featherweight,1,0.7733363626490108,2020
c7ea0e981df13024b9a31ab0,2020-12-05,middleweight,1,0.4505992877560444,2020
b7f4b02b143222c336934e1f,2020-12-05,bantamweight,1,0.3242819326242206,2020
96327f3512f595cecb211d04,2020-12-05,lightweight,1,0.7530195107792321,2020
5626b216eee3a29a06e2e953,2020-12-05,light_heavyweight,0,0.3446289771848533,2020
cdbde8c8fb7b8ab6ece9ca3f,2020-12-05,light_heavyweight,1,0.648190756605344,2020
e56a0eee2d1ec9ecb44e9c6c,2020-12-12,featherweight,0,0.35345554820616637,2020
0212910162e54fa9cd5b7cd0,2020-12-12,featherweight,0,0.5405208632349275,2020
d5af84d65e5ec7c832fd231d,2020-12-12,featherweight,1,0.35071656103770676,2020
f33feba4243e510ba6affdca,2020-12-12,heavyweight,1,0.5662813156869972,2020
dd922295fee469e083fac69f,2020-12-12,middleweight,1,0.8239629704646703,2020
b259ff80d212bf23d79b1dc4,2020-12-12,womens_strawweight,0,0.5399529798467236,2020
4bdb0495d3dcf5d7e7dd27a3,2020-12-12,lightweight,0,0.6310983637577792,2020
80103ed2aae686dd59e7503e,2020-12-12,womens_strawweight,0,0.24494816746137182,2020
c07bd95dd550983c678bb413,2020-12-12,lightweight,0,0.2718847892414367,2020
956d4c038b9d798a03f2f217,2020-12-19,welterweight,1,0.6328491255880405,2020
06b8415093de68eee890672b,2020-12-19,catch_weight,1,0.43719014688031366,2020
9cfc7008d97b25e3eee03dba,2020-12-19,catch_weight,0,0.5094754557111256,2020
7c14b9cca72df7ce3e48797f,2020-12-19,womens_flyweight,0,0.5650546284732852,2020
09bb551777feafe78278b168,2020-12-19,flyweight,0,0.5111586027292587,2020
ce69be9a42b5dce320787439,2020-12-19,bantamweight,1,0.4615509734403706,2020
d4607f21674e1b635ed2c4b1,2020-12-19,heavyweight,1,0.4386417290815901,2020
2751edcfff14d6f87019df2c,2020-12-19,bantamweight,1,0.35947203956007456,2020
47e7219958c4619887b0ea40,2020-12-19,welterweight,0,0.4959966192554387,2020
8da008a32caddde479cc3af6,2020-12-19,womens_bantamweight,1,0.4451728637673958,2020
6cccf3ffb09a129e7b0bb096,2020-12-19,welterweight,0,0.5217378575347801,2020
73c4fd702dce585354b6c53b,2020-12-19,middleweight,1,0.5287234750729647,2020
ae621dcbc9586b8e5527d2fc,2021-01-16,welterweight,0,0.39153651740550655,2021
63d6662513715319fbb37f5b,2021-01-16,heavyweight,1,0.4919129772157209,2021
299cafa827deafab86edfca9,2021-01-16,welterweight,0,0.3533544959792624,2021
5a322970c6fa2b7ccdbf1a91,2021-01-16,featherweight,0,0.25108439081201805,2021
0b3e78533c34539224338ddd,2021-01-16,middleweight,0,0.6042301506989108,2021
e3788f7673c040a7e7162eaf,2021-01-16,featherweight,1,0.6189372502816568,2021
94167c05ac13c3152031bd8a,2021-01-16,middleweight,0,0.6338902020371848,2021
e1e59ca7e3b0bad7652227e2,2021-01-16,welterweight,1,0.35175655333293626,2021
0314d7c96dc6c9029d7f9a5f,2021-01-16,womens_bantamweight,0,0.5306814887483982,2021
733a1c63f7740f95a9317482,2021-01-16,womens_bantamweight,1,0.49184626551097116,2021
6be48a3315d78994e2f6bbaf,2021-01-20,middleweight,1,0.588140787696043,2021
9fa1bae0311b4aa3ccba91f1,2021-01-20,flyweight,1,0.36581587316268616,2021
0510c32efd9efab7964555f7,2021-01-20,light_heavyweight,1,0.42209727184068296,2021
8dd911979c1d546b9c995936,2021-01-20,featherweight,0,0.13844951663340663,2021
88d9b570e90c027e750424b7,2021-01-20,flyweight,1,0.5089656483139008,2021
500b756ea736234a67f865c7,2021-01-20,welterweight,1,0.38176998635244125,2021
e8a21c49a3957ae2db4f9304,2021-01-20,lightweight,0,0.35218975911811745,2021
bd1a13b91967e59c2d2ca195,2021-01-20,middleweight,1,0.5008773751192053,2021
871ec9ac30c6dde7f53b3da8,2021-01-20,bantamweight,0,0.20128483991951826,2021
5e589ab68c009c7418795d5d,2021-01-20,womens_flyweight,0,0.3949059968240676,2021
f586b613c26248f8a71102eb,2021-01-20,flyweight,1,0.7286642249254949,2021
c5b665d2739cea495eec4f33,2021-01-20,bantamweight,1,0.632881225424161,2021
e5728f57a9db1a6d419df71d,2021-01-20,womens_flyweight,0,0.5189743458859537,2021
acb69131c93694b07300faa1,2021-01-20,welterweight,1,0.465758443595712,2021
cc8a36141f665f8a21e43c79,2021-01-23,flyweight,1,0.6339884858484157,2021
ba4700ec8890cb3212bac423,2021-01-23,middleweight,0,0.3948043740320091,2021
35396c0c45d4c8527b82d6ab,2021-01-23,lightweight,1,0.788169037109185,2021
e81b6098e57e8133b071edb8,2021-01-23,middleweight,0,0.6163522074602307,2021
749823f187d45e71e91ff721,2021-01-23,lightweight,0,0.8848815804573883,2021
41d00a19b95b8c4e1011e422,2021-01-23,lightweight,0,0.5571714274208212,2021
069bf8b9c6ade82cb549680a,2021-01-23,womens_flyweight,1,0.426673793799859,2021
946129bbdfaa781a21608a9e,2021-01-23,womens_bantamweight,0,0.27180710033572236,2021
f7128ea236725875bb42fb2a,2021-01-23,light_heavyweight,1,0.23278795340624672,2021
4d892766af178faa517a3b55,2021-01-23,womens_strawweight,1,0.2541919157802724,2021
9eddebe538dcd4b2e8bce30f,2021-01-23,catch_weight,0,0.22563005521062768,2021
398469f8b03c9109e14c3efb,2021-02-06,flyweight,1,0.6767571648442591,2021
c52172bfe2d5dadbc2baa574,2021-02-06,heavyweight,1,0.6454036760697202,2021
dd2ee13375dd8c96df6d0a62,2021-02-06,bantamweight,0,0.3336480012657133,2021
c2749aa0039c9dbb15dc18cb,2021-02-06,catch_weight,1,0.6762569966861354,2021
006fbd1ad4d3164705b758d8,2021-02-06,lightweight,1,0.5989145392282373,2021
f95fccaf728f92e2468278a7,2021-02-06,womens_bantamweight,1,0.5162420428038382,2021
5b925fbe88e3649da9183c2e,2021-02-06,lightweight,1,0.3477046834724913,2021
5617b1854fbb99723ea7f386,2021-02-06,light_heavyweight,1,0.4157280374381246,2021
187bee69eb0bfc1344de75ea,2021-02-06,womens_flyweight,1,0.5455114932527114,2021
116aee82de340b5b69294296,2021-02-06,featherweight,0,0.48697779671201363,2021
990348198032e07f47fe05b5,2021-02-06,featherweight,1,0.20040198075632457,2021
7f425d4ea75cb89d2a23d068,2021-02-06,featherweight,0,0.5483430479324548,2021
0ad9e306fa9bafaa5d9d1705,2021-02-13,catch_weight,0,0.4288069787530841,2021
f034ef7d780fb11cd9df91fa,2021-02-13,welterweight,0,0.3942422598238782,2021
e415a937b387a95ec19c51ec,2021-02-13,welterweight,0,0.44073721991448433,2021
f97a2702edccb7dad093612d,2021-02-13,welterweight,1,0.745590254149647,2021
a4e473c3f2b704804d3aa60e,2021-02-13,middleweight,0,0.4868664036677191,2021
84467793f69d35eb41eb8877,2021-02-13,middleweight,0,0.5405254585612788,2021
089e43bbc47943ab21cfcc52,2021-02-13,womens_flyweight,1,0.42366230101659447,2021
eb1492878c3ea0174e4e3b62,2021-02-13,womens_strawweight,0,0.4264268078438745,2021
12f182cc4484512866f9fb1e,2021-02-13,featherweight,0,0.216183215737961,2021
3dba4569718934d994975320,2021-02-13,middleweight,1,0.40821268528906185,2021
ea60b29d1cc1c5cbf1e166c1,2021-02-20,bantamweight,1,0.3052685839207103,2021
74bfe372b0e5a30d25bf5041,2021-02-20,heavyweight,0,0.28283225373343773,2021
54831bad652cdc3a8ada5fdc,2021-02-20,heavyweight,1,0.870732497130661,2021
5f3fc1a3e546d6b566ba1392,2021-02-20,featherweight,1,0.5512611553342055,2021
1a4d68fedca9efa585791fa8,2021-02-20,heavyweight,1,0.18654530750874837,2021
4dfd2b1535c10a0b46f38234,2021-02-20,bantamweight,1,0.5552008664113437,2021
35b9ba0462608f9b6e41c742,2021-02-20,featherweight,0,0.48121760797049185,2021
b57470dcb8fd957a6caf4d98,2021-02-20,womens_bantamweight,1,0.4305767508845573,2021
92b3031f9c8a237ab1c68ea2,2021-02-20,featherweight,1,0.40574812435974683,2021
624a4740ac849b0f19e7a355,2021-02-20,middleweight,1,0.5454836549243147,2021
bb5477c8597bf06ae476381f,2021-02-20,heavyweight,1,0.6531637996633002,2021
08bc513ce88af8ec37ef2a3e,2021-02-20,womens_flyweight,1,0.6783243877738937,2021
a8ff0354149b1a73242c7b41,2021-02-27,featherweight,1,0.6636817636538646,2021
fa031ca2b598c1790a770dac,2021-02-27,lightweight,1,0.5480928504406546,2021
79d0da63044a2d7848dc3eb4,2021-02-27,womens_bantamweight,0,0.7785762722663465,2021
a7edd53221755c84fb85b338,2021-02-27,light_heavyweight,0,0.4932287205165699,2021
4dae04976391e2c304856f18,2021-02-27,heavyweight,1,0.5812546762251388,2021
8977265e2ec0ac4a8d0eb88d,2021-02-27,light_heavyweight,0,0.43221312433916537,2021
03937bc015b49d21691cbfb9,2021-02-27,bantamweight,1,0.3928318611022396,2021
3eed3433c57ea8ceb8e6c485,2021-02-27,bantamweight,0,0.5023231656155469,2021
2c55dd48924effa480f5ca18,2021-03-06,womens_featherweight,0,0.09485869992064405,2021
172ba1c4ac7e58c4dbd7b4dc,2021-03-06,bantamweight,0,0.4257858367813843,2021
84173c3cabc82b82021ee1bb,2021-03-06,lightweight,1,0.7774931927117571,2021
2f2a2e5d3ef44f24b2553a05,2021-03-06,light_heavyweight,1,0.15170113214048203,2021
774fbbcd4bc58c07113c5842,2021-03-06,flyweight,1,0.5706240703052312,2021
bec1db2b5e3183035ce016c7,2021-03-06,light_heavyweight,1,0.6118968654729093,2021
7406877c1618cdf902112bd6,2021-03-06,womens_strawweight,1,0.5480919723440386,2021
436382c7157f32d457cf439c,2021-03-06,bantamweight,1,0.28385887191702236,2021
e40ebd32f54ba3551bc187f9,2021-03-06,bantamweight,0,0.6188532084202796,2021
4c948af46307bedde78b9778,2021-03-06,flyweight,1,0.6570039655939824,2021
39d510d179fdc5c9bc82b8d7,2021-03-06,welterweight,1,0.4689739686458918,2021
a8dd1d9e9aeb7fd344b2f88f,2021-03-06,bantamweight,0,0.6187305148386463,2021
1665c4098d198e470e99997e,2021-03-06,light_heavyweight,1,0.6438701878661345,2021
83c08ce6fca53bee662ac967,2021-03-06,flyweight,1,0.47103259771484823,2021
2a0f151b77d398964b58f1f6,2021-03-06,lightweight,0,0.16388891949991005,2021
e048cc318dcc24e55e146279,2021-03-13,womens_strawweight,1,0.583785022248138,2021
75ff868f7c9201dc424bcc14,2021-03-13,featherweight,0,0.23759965260314525,2021
45284428ec473bdf65215b5e,2021-03-13,womens_flyweight,1,0.5458157916747295,2021
9681fb4a0e8ec440e305912e,2021-03-13,featherweight,0,0.3392340068929562,2021
d8ea1aa19a7a70e000c057f8,2021-03-13,womens_strawweight,1,0.41624363561324135,2021
08147aa1d935de56a0a7c9fb,2021-03-13,bantamweight,0,0.7538456260053648,2021
1220f1ae4d30086f6c114d44,2021-03-13,flyweight,1,0.44866690551135885,2021
3d9e74cecbd64b77643aa7d2,2021-03-13,welterweight,0,0.37810232883358524,2021
c3cb9104e11fce38ca8aaeaa,2021-03-13,light_heavyweight,1,0.513518871689928,2021
a651712b4735435b6dff0a60,2021-03-13,lightweight,0,0.24733648997161306,2021
155fb3d1aba34cc5371c180a,2021-03-13,bantamweight,0,0.8425401551399154,2021
09cb12976b9d557d330fede7,2021-03-20,bantamweight,1,0.6308989521336944,2021
0e924a271d155d25cb96a9df,2021-03-20,flyweight,1,0.4708217936232478,2021
bf9c66e4d2ea103435a96f54,2021-03-20,womens_strawweight,1,0.4778524640987952,2021
a7bfb80dde30557923deb967,2021-03-20,middleweight,1,0.2428679866018801,2021
fccce461000f977a1f29de71,2021-03-20,lightweight,0,0.2654922751000484,2021
3046efa844e5b8c612a39088,2021-03-20,womens_bantamweight,1,0.7812262692464336,2021
0e1232159bb09cf0a8157294,2021-03-20,bantamweight,0,0.2545808181029715,2021
87a052aae5db7282aedf3af1,2021-03-20,welterweight,0,0.4421690975963691,2021
5ac9f53f3b903f5f50c7ae07,2021-03-20,heavyweight,1,0.6919081189972686,2021
24832c40dfffd88b28acd6a1,2021-03-20,middleweight,1,0.6038750550292725,2021
655ce511031179b0d7528580,2021-03-27,light_heavyweight,0,0.46472952981902316,2021
1523d28d8f3dbd0ee0deefc5,2021-03-27,womens_flyweight,0,0.536995540701986,2021
9fa712833bf4b6daceb5243c,2021-03-27,lightweight,0,0.45117497292375003,2021
06d257fb5a3c5fda36c86d32,2021-03-27,welterweight,1,0.46749936215966903,2021
f821eef7b840304b0c4c2566,2021-03-27,middleweight,0,0.447146085002179,2021
10d5d1953f1e4db582bc4232,2021-03-27,light_heavyweight,1,0.579115539387428,2021
437c18cdfaded48de4fb9c8b,2021-03-27,bantamweight,1,0.6521704106530034,2021
bb5d26adfb4244e5cb7c71ca,2021-03-27,featherweight,1,0.5199681462766329,2021
f9ad023e5912b9e8e23296c4,2021-03-27,heavyweight,1,0.4244583279490333,2021
71146ba7e43a180d3a76ed5f,2021-03-27,welterweight,0,0.4644216848937649,2021
a5b7f687614fa2c274c262fc,2021-04-10,featherweight,0,0.40856575428981534,2021
6a77043e2a2c7fbcf5d1422e,2021-04-10,light_heavyweight,0,0.6558081147437425,2021
f7aba315e5e7f95e583bb5f6,2021-04-10,bantamweight,1,0.6331286232736336,2021
eb0d9121307638176a27c78f,2021-04-10,welterweight,1,0.5841770620906792,2021
ec6aff0a24442abf1efa5bb7,2021-04-10,lightweight,0,0.11299818423122798,2021
be94f7ea41163e46b8032440,2021-04-10,lightweight,0,0.5862258574053846,2021
75e3c66fe5bdb1e2907f61ff,2021-04-10,featherweight,1,0.4189186557224396,2021
c2987bdf66ace8687c8129a8,2021-04-10,middleweight,0,0.6281406931106117,2021
bb4b636ab4f2733d20549b1d,2021-04-10,welterweight,0,0.4613313558811121,2021
2324fee04a36218838c2f885,2021-04-10,womens_strawweight,0,0.4281837625504887,2021
04cea879fa6be6d87fdd22c0,2021-04-10,middleweight,1,0.445339990127366,2021
a145a890ebf3141cbf139a78,2021-04-10,lightweight,1,0.6308462054549582,2021
a26ae051b20aa9c96dc7945e,2021-04-10,heavyweight,1,0.42233636451088563,2021
3974a50adcd6fd1bcc060147,2021-04-17,middleweight,0,0.8861129420724395,2021
c3a29929b0c55a012ba64d3c,2021-04-17,heavyweight,0,0.47729956393713036,2021
85eb8bca2d84e2de29d25928,2021-04-17,heavyweight,0,0.6204739319105321,2021
2dfce60518599adbf4e3bbc9,2021-04-17,lightweight,1,0.6796233859818032,2021
3249899f8623af67ee4875c4,2021-04-17,middleweight,1,0.5422001048458529,2021
b6a515792134d4e7ebc8590e,2021-04-17,womens_strawweight,0,0.6570979153227747,2021
c36e6871481b761b6bc086f8,2021-04-17,lightweight,0,0.3551860607286325,2021
d500803cf03a6c79704f1f11,2021-04-17,middleweight,1,0.6375835976512764,2021
a7e37dc0ef58d7d8986f6a75,2021-04-17,bantamweight,1,0.8215494516394193,2021
5540eafcd8dfd2f733cfcec1,2021-04-17,womens_flyweight,1,0.7412268959972756,2021
44edb5e52a71d5b17b379406,2021-04-24,welterweight,1,0.5529911702894481,2021
b29904ef22772d43b1dce8a8,2021-04-24,light_heavyweight,0,0.46586718825956697,2021
961b987dd8cca4efe946c0ac,2021-04-24,flyweight,1,0.5879126301784848,2021
07cb74a61d28c7395ccc3e46,2021-04-24,bantamweight,0,0.5858853021744086,2021
c15e97d5709dfd66cf01357a,2021-04-24,welterweight,0,0.6751122105648054,2021
0e596947e3da41e12e863200,2021-04-24,welterweight,0,0.13148727487649045,2021
2c3c5213ab9496c702780d50,2021-04-24,middleweight,1,0.5994807905176883,2021
023d0a839d940fdea400233f,2021-04-24,lightweight,1,0.4881126569695209,2021
c379cb07b140cc25e888391e,2021-04-24,womens_strawweight,1,0.3947177053132984,2021
fee11078cee1e6996b863aed,2021-04-24,featherweight,1,0.47126391529711253,2021
5e472b8e52eff152fbfe7d30,2021-04-24,middleweight,0,0.6215520853406142,2021
b53f0ffc153410c8a768bc13,2021-04-24,womens_flyweight,1,0.6743248255144633,2021
440ba029911f1e78c5f3138a,2021-04-24,womens_strawweight,1,0.5922991070728553,2021
1f45fe6f50add14fab876381,2021-05-01,middleweight,1,0.6881048925790251,2021
d7b12003299832c257b05e66,2021-05-01,light_heavyweight,1,0.28163556859450006,2021
0675530f5deaaa1160f7c718,2021-05-01,featherweight,0,0.28195920828060617,2021
79247937a956625d6f3ce9c8,2021-05-01,featherweight,1,0.44674458097647973,2021
f1f15579cd1db6d027621436,2021-05-01,womens_strawweight,0,0.321479344709337,2021
2e215036f623af43977bfb1e,2021-05-01,featherweight,1,0.4629109024523577,2021
1a543291bbbbd63ae5f6db49,2021-05-01,bantamweight,1,0.5958189908515363,2021
d6a46acfc572e3ae94089003,2021-05-01,womens_flyweight,0,0.5510022998010153,2021
01327dc0bf03e55429a6b30f,2021-05-01,womens_strawweight,0,0.5248317596101901,2021
b3569c5019bea0ff890b4ec6,2021-05-01,middleweight,0,0.33937697423809865,2021
fbe844693986698837d7441a,2021-05-08,welterweight,1,0.46441909670956955,2021
b22da21be05c590f9103ab3e,2021-05-08,lightweight,1,0.5884899106791444,2021
96f3e20245151d21bcdb8f40,2021-05-08,welterweight,1,0.5865759405584489,2021
4b2e71789ce3c1603f44c672,2021-05-08,middleweight,0,0.620421019945689,2021
0f50cecf3fb203a79fbe59a2,2021-05-08,featherweight,1,0.42410633604174586,2021
bf70c712fd72cbc1402be6de,2021-05-08,womens_flyweight,0,0.5282402940339156,2021
66a055a3bdb65ec398c18942,2021-05-08,heavyweight,1,0.4697559772392594,2021
da6b936ea8667cee5f337a67,2021-05-08,welterweight,1,0.618927788229423,2021
1d555c9651e1649b67c873d2,2021-05-08,middleweight,0,0.5600530645498932,2021
4eddd98f6b71d1b40ce9de04,2021-05-15,womens_flyweight,0,0.41841166658769546,2021
b161c29e825cc8f33321c23d,2021-05-15,lightweight,1,0.7436238694517715,2021
73ed9835db433e1c3179e031,2021-05-15,lightweight,1,0.43281583932244266,2021
2c723e3bfbd7746b1a49bc19,2021-05-15,womens_flyweight,0,0.689544398833562,2021
4a515c7e15f58e278e85b0c2,2021-05-15,middleweight,1,0.5070852260496479,2021
2d88a7f118a9b133a9aa150c,2021-05-15,middleweight,0,0.4899449956175119,2021
7b40bb27aad143bbe4bf6123,2021-05-15,womens_flyweight,1,0.5873943514025991,2021
9236d5c10fd5259af71d1f7a,2021-05-15,featherweight,1,0.5109148276647416,2021
8552cf2fa15f36c962dd47da,2021-05-15,featherweight,0,0.5257081185645297,2021
ac01654bb88f24cde0453ff9,2021-05-15,featherweight,0,0.6444556387694544,2021
30b02d38c456914546eaa1f9,2021-05-15,lightweight,0,0.27763646251525953,2021
d30d3aec127463726bcfe02e,2021-05-22,heavyweight,0,0.19511799569793317,2021
071a45a6dbfc547ac87fd8f2,2021-05-22,flyweight,0,0.3858111858397827,2021
10b25f19a0fff04f7455e7f0,2021-05-22,welterweight,0,0.5840128434150645,2021
c218d031e77e1e9e8ceea0f8,2021-05-22,flyweight,0,0.283983908671468,2021
fda50c856c3cc806fad2cd0f,2021-05-22,womens_featherweight,0,0.5595530108385417,2021
e9beb6a44ab27a583e24a07e,2021-05-22,middleweight,0,0.4224065031019748,2021
296bd6be85fe799b7ab7c1a3,2021-05-22,featherweight,1,0.3341521108584353,2021
cc74e32603a6a23148741929,2021-05-22,heavyweight,0,0.5024801889459103,2021
b5709b61e25ad5e6e50d3e45,2021-05-22,lightweight,0,0.3516110219419493,2021
3b7b804068b8e00672a5f39a,2021-05-22,featherweight,0,0.3542720907546834,2021
021c23a2eb7dd424b3760858,2021-05-22,bantamweight,0,0.6931099866742332,2021
0a8907e7c9ccc7e92c10fa53,2021-05-22,womens_strawweight,0,0.5832971058095047,2021
a71663808cab96a533f7f3a0,2021-06-05,lightweight,0,0.9711207698665433,2021
b849723a163cb1a94edec03d,2021-06-05,middleweight,0,0.6830772502249712,2021
c30c5ed0c6f68ddbdc6e0034,2021-06-05,welterweight,1,0.6819869011810249,2021
005237f1190a5a2d4091414f,2021-06-05,heavyweight,1,0.6216202300371277,2021
dae4bb27f2bbb3c7006d1dc5,2021-06-05,featherweight,0,0.6602829076319827,2021
05ccaa473e2b94dfabf7d1fd,2021-06-05,womens_flyweight,1,0.6094610657309057,2021
302fd43d83034a2a1167cb24,2021-06-05,womens_flyweight,0,0.3195239326042185,2021
d603dc6aff17ddbb1d25c05e,2021-06-05,middleweight,0,0.3810042412106544,2021
124977ad8833f804ed6cb04e,2021-06-05,welterweight,0,0.5739898828207999,2021
a6488972b4e28f5bb943b98f,2021-06-05,featherweight,1,0.22975332571002144,2021
cca2249636b0929cdddf4681,2021-06-05,heavyweight,0,0.7133472229942383,2021
4dbb2484e6d1bdd5206a8e75,2021-06-05,heavyweight,0,0.19114745154666882,2021
7b68645c6155f616e8698da6,2021-06-12,heavyweight,0,0.3407155194999077,2021
a472857449a92cc1580c34ce,2021-06-12,featherweight,1,0.3479210952803617,2021
a00ccc9c46ab59aeed12bc52,2021-06-12,flyweight,1,0.48453369448375044,2021
6416d8a78b4aeee3a078ff10,2021-06-12,welterweight,1,0.775715907460226,2021
d4659a1d3ed047b9c9526f60,2021-06-12,lightweight,1,0.5388941057565874,2021
d7e483bb04fd67f9c284ae8b,2021-06-12,light_heavyweight,1,0.42422579592136594,2021
a067ee4df1e643240630223a,2021-06-12,lightweight,0,0.5045415121147437,2021
06b2c67c96de677f095d63a4,2021-06-12,middleweight,0,0.41720629844738794,2021
bdcced7630b8f9fc20b8e65d,2021-06-12,womens_flyweight,1,0.5617282439805357,2021
27e411a536e1c7deb45d1ac6,2021-06-12,welterweight,0,0.25252957163493217,2021
f2b6f09261ceb5b126445765,2021-06-12,lightweight,0,0.44389586942235,2021
7d225bf082e7c74caa37c3ce,2021-06-12,featherweight,0,0.35181948287420955,2021
cba88fa3d2445ac8ac4d89a0,2021-06-12,womens_bantamweight,0,0.3711392566814429,2021
30e778d3989da80d54ba9e9b,2021-06-12,light_heavyweight,1,0.33714315645194337,2021
9328b8ac23e7685857194ee4,2021-06-19,light_heavyweight,1,0.37409842199936866,2021
ebf39919541e28347dea97af,2021-06-19,heavyweight,0,0.21659342737607187,2021
cd61e6ca2674830655d58d10,2021-06-19,womens_flyweight,0,0.34692881223447586,2021
8aa7756723ebd18d2ab40f8e,2021-06-19,featherweight,0,0.5602030554871323,2021
78cbe025f9059d02470e6e87,2021-06-19,lightweight,0,0.37098998267031197,2021
61610b155882ac3e3eed4f71,2021-06-19,heavyweight,1,0.601061437304183,2021
836588eb01321066a95e6f60,2021-06-19,featherweight,1,0.614343536164915,2021
9987f669b7493fba2fe3d118,2021-06-19,womens_strawweight,1,0.48966017278750507,2021
9f27d61139a529c02d842433,2021-06-19,welterweight,1,0.5545009316565648,2021
e74b6bf080b0e710ce9747bd,2021-06-19,bantamweight,1,0.7685532060002921,2021
b95e558564dc9e0f3f3f5cfd,2021-06-19,welterweight,1,0.35622014931304874,2021
9a82adcac5a1d990fb6cd5a0,2021-06-19,middleweight,1,0.5671861838267931,2021
a3c60ed394aa5d105da7ad3f,2021-06-26,featherweight,1,0.42576590560726746,2021
b3a720a454739d051995c2c1,2021-06-26,heavyweight,1,0.5884334461980393,2021
fc8f71a97583223c7eba5642,2021-06-26,womens_bantamweight,0,0.5192502455016706,2021
7bab93177c4542550318ca39,2021-06-26,light_heavyweight,1,0.44538490584159,2021
734b592944e62af1b555c366,2021-06-26,light_heavyweight,0,0.2960105586470809,2021
f161c4d3b027f2f49eaa2f45,2021-06-26,bantamweight,0,0.5107929335347643,2021
89d9e6cd12cbc984c5ad5db8,2021-06-26,lightweight,0,0.45268029639147683,2021
ce42994760729649b78812f5,2021-06-26,welterweight,1,0.7445230872042156,2021
8fe42d98d6456f0fc2191b0e,2021-06-26,heavyweight,0,0.2594646307022044,2021
d779754588526356ae5ea3e3,2021-06-26,welterweight,1,0.5008601958785971,2021
ba71dd0032aaf0bf310c24c7,2021-06-26,welterweight,0,0.7092872032448535,2021
746498ef7443f0caf5f2082d,2021-06-26,lightweight,0,0.4962236376851318,2021
80d953c972d847be890d6aaf,2021-07-10,welterweight,0,0.444957346911784,2021
6498a4c8d3727a2016dbff4a,2021-07-10,lightweight,0,0.5505247822280045,2021
52922d44b46e92c459d86bc8,2021-07-10,welterweight,0,0.5179992548798898,2021
148e523baab99af91b27dce5,2021-07-10,womens_bantamweight,1,0.3899470252645468,2021
15ad67d5e43acafdd6c98fe0,2021-07-10,womens_flyweight,0,0.3478369314285845,2021
530b143d446dafc011071c4e,2021-07-10,welterweight,1,0.5620118114065114,2021
bbfbf8b8166c426e1240e0a4,2021-07-10,middleweight,1,0.4378322905449973,2021
12bc8ea49cf6466df9aea9a3,2021-07-10,featherweight,0,0.4444564732616,2021
051cabd00d8a84746e67e149,2021-07-10,bantamweight,1,0.812358010935789,2021
3ea316d32ba9c755ad343003,2021-07-10,heavyweight,1,0.4629946979430587,2021
dd14dada5640b649e27c8cb6,2021-07-10,middleweight,1,0.3585717049692084,2021
57c1af099e2eeaedffb7b6c6,2021-07-10,flyweight,0,0.44555138213505546,2021
387800ac98197707044d3802,2021-07-17,womens_strawweight,0,0.30859542157570047,2021
6a8395402c96b2d104acd78d,2021-07-17,welterweight,1,0.7831594577809889,2021
87728864303defcd4fe22031,2021-07-17,flyweight,0,0.7511851985216303,2021
8a31c1172ab5106325cc627e,2021-07-17,featherweight,1,0.5432305242570833,2021
b726a2c340e0031859a57110,2021-07-17,lightweight,0,0.306787332113984,2021
4d558ebbde851ebbceb2a376,2021-07-17,lightweight,1,0.7355990955561185,2021
973af1128fff9b2a14c5621f,2021-07-17,bantamweight,0,0.5960623521032584,2021
ed7f6c0bd5b437f2f9dc6c7c,2021-07-17,womens_bantamweight,1,0.7705945327001575,2021
c9c25ab469ad2fe48494e4ba,2021-07-17,middleweight,0,0.47470526261297946,2021
03a0165ac1c070a693740903,2021-07-24,bantamweight,1,0.5939898556369194,2021
3cb448435c95ab6aa4fed0a9,2021-07-24,bantamweight,0,0.6794974265459915,2021
b0617d39a8cbc7fc041d74b3,2021-07-24,featherweight,1,0.2612289107851526,2021
f9beb1b95ba45b9b1621b64b,2021-07-24,womens_strawweight,1,0.5746774532455685,2021
f8df7edab264a0f373e74bd3,2021-07-24,bantamweight,1,0.5481108907081571,2021
1a387168660b6545f6e752fb,2021-07-24,bantamweight,0,0.7358530964659147,2021
3619b7063e9cd88f010c5a0f,2021-07-24,welterweight,1,0.5619216199777961,2021
f115a8a9f478bc63f707998e,2021-07-24,womens_flyweight,1,0.46290063444974416,2021
f0c4c6e99336ff56646d4fa5,2021-07-24,middleweight,1,0.4639155006846743,2021
2457d12636a9cfb566f94a56,2021-07-24,middleweight,1,0.6086347146997589,2021
033418400afa21c1b79842c9,2021-07-24,womens_flyweight,1,0.6919808841587887,2021
aa362511017ececb3e8cb952,2021-07-31,welterweight,1,0.41783264021074906,2021
439390ea327acf2b45119216,2021-07-31,womens_strawweight,0,0.44147096510984773,2021
abe908dff98725268a6de4b5,2021-07-31,lightweight,1,0.2974811366268837,2021
f53d55ca7e6c71bca1768d71,2021-07-31,featherweight,0,0.5331763315974336,2021
3a69e82631c81017529c26db,2021-07-31,womens_strawweight,1,0.4578824390349959,2021
848d633ab5d861af69f87843,2021-07-31,welterweight,0,0.551332938188578,2021
d6d47fd80d8781a3f317d30b,2021-07-31,welterweight,1,0.4219511329194093,2021
32bb78b29e02d70783585786,2021-07-31,flyweight,1,0.6702295489219094,2021
3af23183b818dfe59d5a0114,2021-07-31,middleweight,1,0.651518784257962,2021
37eb5a2b7db7710c44ecbb0f,2021-08-07,light_heavyweight,1,0.7327506488615791,2021
31e656fd3cfbfde7ba181505,2021-08-07,heavyweight,0,0.19738819571195043,2021
cfc670cb4c942424d4bde058,2021-08-07,bantamweight,0,0.6484526556276163,2021
a13574844084b56c501c795d,2021-08-07,bantamweight,1,0.4809235783263624,2021
c291f2773170c40024daeb22,2021-08-07,womens_strawweight,1,0.46580248288556686,2021
e7881e314d5e66981e8e89de,2021-08-07,lightweight,1,0.5640990909504053,2021
a7d7600747cdce4d1aac4734,2021-08-07,flyweight,0,0.28935555520682066,2021
36997816a9de75a5faf77fdb,2021-08-07,welterweight,0,0.5602588078945924,2021
1b48725e4a5a6738fae9d75e,2021-08-07,bantamweight,0,0.21188462934508304,2021
adbb4bf7f16d6f11fdd6a702,2021-08-07,bantamweight,0,0.4328590060930534,2021
8a628435db9e18feeb85b101,2021-08-07,womens_strawweight,1,0.43140129533404886,2021
03bd3178b81b51c98a2ef07f,2021-08-07,womens_flyweight,0,0.29163636779777474,2021
ff592cdaa4eca0c7c874169d,2021-08-07,bantamweight,1,0.4120934736268794,2021
97eff66c4a32a2932814be38,2021-08-21,flyweight,0,0.5221518778803403,2021
102faa4ad68146ae09750464,2021-08-21,featherweight,0,0.36187163826890256,2021
7f212aa41a8e96a98df4f434,2021-08-21,womens_bantamweight,1,0.3741341019103553,2021
256498ff833bad9ec8a58f4f,2021-08-21,bantamweight,1,0.5647503271063672,2021
768f6a84be53ebd19ce73dbe,2021-08-21,lightweight,1,0.758151128270795,2021
39e93a7358c364f594c54892,2021-08-21,middleweight,0,0.5805037159628087,2021
a37c8fb1c9ec806b184a9c51,2021-08-21,heavyweight,1,0.36349794704527083,2021
5d50a9759638e91e84f0b746,2021-08-21,lightweight,1,0.5621848313960167,2021
e2ebb569fa02a491387e1161,2021-08-21,welterweight,0,0.4899839128985447,2021
eb3d6a53fd969c07e9831cf1,2021-08-21,bantamweight,0,0.6657696426737355,2021
642d81d57681e847b5fde3c9,2021-08-21,lightweight,1,0.3619692193825119,2021
45a810ac99baec2dd4b54d7c,2021-08-21,light_heavyweight,0,0.2475654653530993,2021
0ed065dd12c23b6c9d895669,2021-08-28,middleweight,0,0.5925462307954734,2021
9f9acc55a8ab60ad174b6e11,2021-08-28,middleweight,1,0.46282432762726217,2021
81175b83703a04c9578b0ede,2021-08-28,middleweight,0,0.46282432762726217,2021
aff3ed6568a856a3854450e4,2021-08-28,light_heavyweight,0,0.47967376259555944,2021
ec627d0e52cb9efd5393d953,2021-08-28,featherweight,0,0.25838498187650966,2021
d6d68f11e8b1409123b81a91,2021-08-28,featherweight,0,0.544288359374324,2021
bf631345d98ad2d5efa45637,2021-08-28,womens_flyweight,1,0.6968700455886896,2021
c64ba96ba3a2bbcd5352c69a,2021-08-28,welterweight,1,0.37994568839000314,2021
0e995a99c3637eda1e7fe1ab,2021-08-28,middleweight,0,0.6152160394867816,2021
036b6e057cbf7a551f641948,2021-08-28,bantamweight,0,0.18820143790831856,2021
323b248672e4ff7a5e608f9e,2021-08-28,bantamweight,0,0.46306679097041337,2021
7134f69560a4ddd941edb18e,2021-08-28,middleweight,1,0.46729367223010376,2021
848148a2658c8b26e59ce487,2021-09-04,welterweight,1,0.5815099372548622,2021
979ddbd47cfbfedab2b8467b,2021-09-04,middleweight,0,0.4169248441300415,2021
c2ec829bd718d445716f67fa,2021-09-04,middleweight,0,0.538388515559777,2021
97be85a3e259ac669e1925e6,2021-09-04,bantamweight,0,0.1715396578447623,2021
ba157252f6db82d9ef9cbf91,2021-09-04,catch_weight,1,0.21371472864980465,2021
24c47b0c28d199c1ece9b21b,2021-09-04,light_heavyweight,0,0.6480080165563624,2021
ef38db4fa319c1d073e6809b,2021-09-04,womens_flyweight,1,0.4727776992018793,2021
f86ff3558c519c95d88ed2b0,2021-09-04,lightweight,0,0.5998562782338813,2021
e39ab69302a3a4acaa385b46,2021-09-04,heavyweight,0,0.36607585660794945,2021
21452c8ad7c8dfb85b7958bf,2021-09-18,light_heavyweight,1,0.5174492886478758,2021
889ae6f64e5ed194f4e9d57a,2021-09-18,womens_flyweight,0,0.43310319326711433,2021
1c6ed9f870c0d2d4f98638ea,2021-09-18,lightweight,0,0.202975825284289,2021
2b42e0ee62b14d7f1ac91ecb,2021-09-18,womens_flyweight,0,0.4974738884177318,2021
30d2da816f66152c4db4ff93,2021-09-18,womens_flyweight,1,0.5254158577343988,2021
ba70d4bc1610e50610bc85f7,2021-09-18,welterweight,0,0.5823657528955793,2021
ed602daa65f0872d1ddab046,2021-09-18,light_heavyweight,0,0.39199502025393107,2021
50f8733c5af2c8bf7833a467,2021-09-18,middleweight,1,0.5912879590971644,2021
394cd08a2aa9c8a419957765,2021-09-18,light_heavyweight,0,0.37000574322019075,2021
193777961eacaedb105fe808,2021-09-18,bantamweight,0,0.23041710361616294,2021
7ab07f5868c762f3dce9e36f,2021-09-18,bantamweight,1,0.34101184496914677,2021
b7148a827199c4372ea4612c,2021-09-18,womens_bantamweight,1,0.4398735326907415,2021
0317bdc7071d3d9f20a0a566,2021-09-18,lightweight,0,0.44749214047288693,2021
947733852564801c14c15132,2021-09-25,featherweight,0,0.3694118586160324,2021
fc453d53cd9cfa9ea2181094,2021-09-25,middleweight,1,0.5893613453402173,2021
767276cd65a7bda83101b29a,2021-09-25,heavyweight,0,0.2787567306149288,2021
47acb1d6dee5fe4612753acf,2021-09-25,lightweight,1,0.4446624053192656,2021
7018a5372c82c8016ce4c305,2021-09-25,womens_flyweight,1,0.6091187054575521,2021
91bfc0bf09df44aba9658abd,2021-09-25,featherweight,1,0.5316962052691087,2021
37c022f2c4b458467443e0a5,2021-09-25,bantamweight,0,0.36239935879716595,2021
b413ac8b94e17d9fb59f2a9f,2021-09-25,welterweight,1,0.5242207963965494,2021
b36a08b76e552d0afc4cdbe4,2021-09-25,middleweight,1,0.3078527162509414,2021
2d366fdf2a73af32527b7ab9,2021-09-25,womens_flyweight,0,0.2886692555422626,2021
efae3152488573da2f0e8669,2021-09-25,heavyweight,0,0.18959049568685132,2021
474e7b7412f9128323a6ee3c,2021-09-25,lightweight,1,0.10200261441594109,2021
4d3d35d9481430b2717e1dc0,2021-09-25,womens_flyweight,0,0.13800152857432724,2021
d7ff13529f7a31aa3fd66322,2021-10-02,bantamweight,0,0.17366676808719841,2021
958aeebbb028943f8b474351,2021-10-02,welterweight,0,0.5330914331480748,2021
21dfa6f1ccdd361947c8ec5a,2021-10-02,lightweight,0,0.23100372944244169,2021
6d3f40f6d4381ce272c0a74b,2021-10-02,womens_flyweight,0,0.23884417982171607,2021
03178009a51da703270bd2b4,2021-10-02,womens_bantamweight,1,0.7955104669798665,2021
3537b39689d7dd5ae29a31d1,2021-10-02,lightweight,0,0.5685119783644487,2021
dff65f3a6f0298afa7bce7fc,2021-10-02,bantamweight,0,0.7128311572419409,2021
b9d93ed042c8eef56051609b,2021-10-02,lightweight,0,0.717434949701596,2021
a2ed5d2192961f696e9f3cb5,2021-10-02,middleweight,0,0.5242638419793705,2021
a19ad67f1de8c89c051799ad,2021-10-02,womens_bantamweight,1,0.6171617084564504,2021
49ec1b7d30d14df34cde2e67,2021-10-02,light_heavyweight,1,0.3841468636540611,2021
69e9597fb43638f8229546fb,2021-10-09,heavyweight,1,0.6331088364671075,2021
a4f8f9cd16f04f65379846ce,2021-10-09,featherweight,1,0.5628797058485518,2021
679b8a681af1ea8df76c549c,2021-10-09,bantamweight,0,0.2930707216476282,2021
b693cc8733bc9b6adc490155,2021-10-09,womens_strawweight,1,0.6960485551613038,2021
65eb8cbb47349f9a81d27e50,2021-10-09,womens_strawweight,1,0.5774737563089365,2021
968a08b5b350e76b63b11406,2021-10-09,welterweight,0,0.3720521638448999,2021
c66520110ef94f852e522af5,2021-10-09,womens_flyweight,0,0.6423105425698532,2021
2ab608b74126e2342d6abf67,2021-10-09,lightweight,1,0.5399048931501523,2021
35e27d0eed9850d71eef2219,2021-10-09,flyweight,0,0.3642765982502863,2021
05f9214d72c1cef7711a3eb5,2021-10-16,heavyweight,1,0.2576969728172526,2021
223893d41e07dc5cba8acd64,2021-10-16,middleweight,1,0.6004011041239089,2021
85743a2ebed3fb08b5acc751,2021-10-16,womens_featherweight,0,0.5042206644803221,2021
851cc8213082f5aa4029b1d8,2021-10-16,bantamweight,0,0.43326073779077556,2021
6c771843a2de0df6854e6234,2021-10-16,welterweight,0,0.6905407841414165,2021
7ec4f2ed29901e7f518e59da,2021-10-16,womens_strawweight,1,0.5541984522723039,2021
75e91a9b2071aabf06334e6f,2021-10-16,lightweight,1,0.787859124306576,2021
b9ec4594020a9368d81a8a47,2021-10-16,womens_flyweight,0,0.6152427085777159,2021
83b2a1dfe625eba45f9fe0b4,2021-10-16,womens_flyweight,0,0.2702398761943687,2021
7e2515dfbd9e621b0263a272,2021-10-16,featherweight,0,0.7663496587385039,2021
abe8cc47f03ac58b02b7c95f,2021-10-23,featherweight,1,0.4742614565103585,2021
34754acf1c6eb5adb027b3e4,2021-10-23,welterweight,0,0.54518800012464,2021
2a878e40629fed0a310e0b0c,2021-10-23,middleweight,0,0.6427947839173929,2021
dd60dff39adefccc680c4313,2021-10-23,flyweight,1,0.5986753602230741,2021
2fb719a1e5e0607e47554e4a,2021-10-23,womens_bantamweight,0,0.6762310995176531,2021
5d85a2f11fdb5bd41dff2dd3,2021-10-23,bantamweight,1,0.6410993384480171,2021
f60ed0d525f53da9f318bc43,2021-10-23,middleweight,0,0.3639604866766071,2021
4f68242759113783714f4450,2021-10-23,lightweight,1,0.604583659384974,2021
c589ea31720af460013a699b,2021-10-23,womens_strawweight,0,0.5934159889595264,2021
a8902ba72d4e5d289caa1fbd,2021-10-23,lightweight,1,0.6193849613504627,2021
19b013dcff6f9c597376a765,2021-10-23,light_heavyweight,1,0.7895961693195701,2021
41bdb938fef185e8ac424fb8,2021-10-23,light_heavyweight,1,0.7596514723729259,2021
181fe229210ebc0890d81133,2021-10-23,womens_strawweight,1,0.3802298519913992,2021
f8031426c728a047582f816b,2021-10-30,middleweight,1,0.35399521120772964,2021
b2390e3878dea3ac297006fd,2021-10-30,heavyweight,1,0.6066204380388017,2021
faf76162b47b80dad8f43727,2021-10-30,womens_strawweight,1,0.661069274519145,2021
ea01307e17f5d9d2ae50e47a,2021-10-30,welterweight,0,0.1919124832745174,2021
ee313392ed6e4ab1c9ceea78,2021-10-30,middleweight,1,0.70755787417484,2021
82a15dc2358e1868399b644b,2021-10-30,lightweight,1,0.6831461076422279,2021
e9bc05614cd6cd3f89fd76ea,2021-10-30,light_heavyweight,1,0.24717683274353694,2021
3a77a8f67a2ec16505bae0ef,2021-10-30,welterweight,0,0.27974228818918295,2021
dcdf4bf3562857781eb17181,2021-10-30,light_heavyweight,1,0.641172125967587,2021
d9465c9e6c4e4f9160831db3,2021-10-30,featherweight,0,0.36032482640845154,2021
bfa3ac1e602529401051e936,2021-10-30,bantamweight,0,0.3896677657709052,2021
243a6d2ea06e822417f703e4,2021-10-30,featherweight,1,0.3819619894531544,2021
5fc60133e539e2c0c7530ce7,2021-10-30,light_heavyweight,0,0.4209045179492808,2021
71a1ce754a0d5c295b38d6ad,2021-10-30,flyweight,1,0.5982995182488108,2021
feba7692e9ec00fc3f868095,2021-11-06,lightweight,0,0.5170965952080963,2021
920ccd9a5d510535cd3692d3,2021-11-06,middleweight,1,0.5374153501166139,2021
10daa6ca09d264f8b7a2893a,2021-11-06,flyweight,1,0.49446753873724414,2021
e9b6f10c97adf96e4e554cc5,2021-11-06,light_heavyweight,1,0.5096441101868215,2021
0e30995a9aa64204088d1709,2021-11-06,middleweight,0,0.533393049875452,2021
25b357bcb1a6646fa18598ef,2021-11-06,bantamweight,0,0.3560967270105746,2021
b0256b7f301cabc76e6204a7,2021-11-06,heavyweight,0,0.6768441599188394,2021
8480a1caaf0cfb57c9e5fdf8,2021-11-06,welterweight,0,0.42394010159604056,2021
d88311609f9c79db410e7e7f,2021-11-06,lightweight,1,0.6622978504392323,2021
16299a61153a379aa621129d,2021-11-06,welterweight,1,0.7781419109096057,2021
bf1435ed5ca5a3918c669450,2021-11-06,featherweight,0,0.35080832725118993,2021
a93768c61a4ee022e03f794a,2021-11-06,middleweight,1,0.3055550358832485,2021
81d3f9751c8bc9bd3e0662f1,2021-11-06,womens_strawweight,1,0.649063827673713,2021
b0c67496eb05d9210c671511,2021-11-06,featherweight,1,0.5227697830174813,2021
949db9181591a44d3ae970eb,2021-11-13,heavyweight,0,0.4998891414767762,2021
89ef0e35ce5ec74836288f7e,2021-11-13,womens_flyweight,0,0.414446623155478,2021
c212308191927936a67ad305,2021-11-13,womens_flyweight,0,0.5644050253888773,2021
8797bee1f200128ccd5ee671,2021-11-13,womens_featherweight,1,0.5045629409781399,2021
2a193240a3ef708a55d33473,2021-11-13,light_heavyweight,0,0.3791309230878675,2021
5bc0f36c0ff5a8dbb0b2fa0b,2021-11-13,lightweight,0,0.4161035388777122,2021
e2e00765ed6f4ef0e3cf26ea,2021-11-13,featherweight,0,0.371645872920727,2021
4ff1b5494b02c884c647e48d,2021-11-13,welterweight,0,0.49661625421344396,2021
422d4b195157b17048d3578c,2021-11-13,featherweight,0,0.404960913601316,2021
796ec7042f87631266057606,2021-11-13,bantamweight,0,0.22332676245640629,2021
7200ae576f27dfe33d808be9,2021-11-13,lightweight,0,0.7310524914251654,2021
2b9f75df7adfc64073e39234,2021-11-20,flyweight,0,0.23389826029594532,2021
ea47fd95680fd40e63662844,2021-11-20,bantamweight,1,0.7369324529862367,2021
955de39b09cc63ac1016eb55,2021-11-20,womens_flyweight,0,0.4530946452286463,2021
c3392d5ce8b0f7cc39849ea5,2021-11-20,womens_bantamweight,1,0.5577500253562573,2021
886b35ce27e0dbfb4ffa65b1,2021-11-20,womens_strawweight,0,0.48115279088362584,2021
02b2074a853937d576367380,2021-11-20,womens_strawweight,0,0.30452810596844493,2021
c8b8e8a3970f3b7e64b5d37a,2021-11-20,welterweight,1,0.5151324101683645,2021
e5d94690a4a67d6c1acbeec9,2021-11-20,featherweight,1,0.3951064340365518,2021
b456d5fbc84ec67adfb965e1,2021-11-20,lightweight,1,0.6699371774954003,2021
2fe0e26b551c93e2cdfc10ae,2021-11-20,bantamweight,0,0.5540260868707853,2021
3c53f6a604af1ebde04927af,2021-11-20,featherweight,1,0.4031779047654651,2021
226ce750c662215efe521657,2021-12-04,welterweight,1,0.6345145961015953,2021
f86d296f6d7d0c47ff000083,2021-12-04,light_heavyweight,0,0.5936186878753787,2021
2a0cb1a7ac7387052927df0a,2021-12-04,lightweight,1,0.47146007624782305,2021
73875ab95fc90e65ed3daa4b,2021-12-04,middleweight,0,0.7819458899093127,2021
7d6c4908269ce22c76a5bf6f,2021-12-04,welterweight,1,0.6621838004100978,2021
8ee79a7798d17ee7e0e747e8,2021-12-04,womens_strawweight,0,0.4394054498719484,2021
384b21ca73c1b32e325cb539,2021-12-04,lightweight,1,0.7283476501759361,2021
4307344dfcf8272d6832851b,2021-12-04,lightweight,1,0.32309357381009735,2021
dcf02508a91496610861f3cd,2021-12-04,light_heavyweight,0,0.5512350886739009,2021
68951def6fd1fe3b617a2a78,2021-12-04,bantamweight,1,0.49031908505083416,2021
e88409e5199e7f4ec93cd5c3,2021-12-04,middleweight,0,0.4336302189819501,2021
51f23bd45fcb1ce3757cd2ac,2021-12-04,flyweight,0,0.32271819938934104,2021
24bfa926f53e850e1895df92,2021-12-04,bantamweight,1,0.46359747560702724,2021
b24994b03c0c6d0628dcb5f9,2021-12-11,womens_bantamweight,0,0.8443270109237996,2021
977f1d7a994d29e9c5ddb2e8,2021-12-11,middleweight,0,0.39686405230143207,2021
3d1de970a2cf4b319b4c6692,2021-12-11,heavyweight,1,0.46483794387222754,2021
f6cf5b0962a53fff711a1736,2021-12-11,lightweight,0,0.36237857847309113,2021
362ded9378ae33d6df9ab0db,2021-12-11,welterweight,1,0.5699263259676259,2021
659800e49c983b90b1532269,2021-12-11,womens_flyweight,1,0.7524828628335807,2021
5d9fa69369301a12d9df127f,2021-12-11,middleweight,0,0.3189452105883058,2021
7f29861d529a3539870a709a,2021-12-11,featherweight,0,0.722893324996391,2021
134497c23d1a4822c4629299,2021-12-11,flyweight,1,0.3797740978828815,2021
71350b718af2d753556e708b,2021-12-11,womens_flyweight,0,0.5520707383112368,2021
a66c555eb560ade1333c57d1,2021-12-11,bantamweight,0,0.3656644028226964,2021
9f6cc54787f0d18509556ebb,2021-12-11,bantamweight,0,0.7462675894793174,2021
f98dfffa944a6f9adc6c85de,2021-12-11,bantamweight,1,0.7687079123183989,2021
7113c70ef552d4c9dbc57658,2021-12-11,featherweight,0,0.5312573620704887,2021
8e8924f709322a82ecacc60f,2021-12-18,womens_strawweight,1,0.6399914932293718,2021
82f44b2371ac1940213fab72,2021-12-18,featherweight,0,0.3558167680870905,2021
8ab8d29bee172464a056b759,2021-12-18,featherweight,1,0.557050570603929,2021
13aaf98af49e0e06517a3cdf,2021-12-18,heavyweight,1,0.3788496982985134,2021
9012e4d57365a687d63decab,2021-12-18,lightweight,0,0.3574045399657886,2021
57db8b42042306ccb55cc279,2021-12-18,heavyweight,1,0.43122950235390123,2021
6a6de675461536fac3479406,2021-12-18,middleweight,1,0.614789856020352,2021
ff80eefba644b7bddd785a3e,2021-12-18,lightweight,0,0.4603325931680694,2021
7d13cbda8ae96a92482d1526,2021-12-18,heavyweight,0,0.1800266815906095,2021
60f48f8ffdb45557c4561d0a,2021-12-18,bantamweight,1,0.8021757112938228,2021
5dc086998ae75bc0d851ceda,2021-12-18,womens_featherweight,0,0.5596757928198232,2021
5577100fdcc775b07433f1b2,2021-12-18,womens_flyweight,1,0.59455430955611,2021
1df0129cb041d9c977faddd7,2021-12-18,welterweight,0,0.42897595269013544,2021
881ea0620bb309ae02591096,2022-01-15,featherweight,0,0.47047497619908546,2022
299816fff28d6ce721fabf71,2022-01-15,flyweight,1,0.592454030216662,2022
caaf36c1c3755cb12f5893eb,2022-01-15,featherweight,1,0.5796501325828886,2022
889cc985afcb06e617eda61a,2022-01-15,featherweight,0,0.720201349714506,2022
6390092375396a3f925baf1e,2022-01-15,welterweight,0,0.5326857305888291,2022
ebaff87fa2549b3b83d61772,2022-01-15,lightweight,1,0.45256334914885427,2022
8b9c5af00e072a39cb6e2a7a,2022-01-15,heavyweight,0,0.4886381757860915,2022
f72950530e203bc6f352bf55,2022-01-15,middleweight,1,0.4684424393339614,2022
2d6c4dc57a1961ef40816f56,2022-01-15,womens_flyweight,0,0.295771718433914,2022
c77316be700ef6effbca89df,2022-01-15,lightweight,1,0.5497328234815886,2022
8eea8daed7a521ab1426cfe0,2022-01-22,flyweight,1,0.3306354249607512,2022
cc260ab6f2dcacb734b6e2ea,2022-01-22,bantamweight,1,0.47678002364531397,2022
10040856fbf145522cf8cf94,2022-01-22,heavyweight,0,0.7417359518789239,2022
dddd15fae61d06522710056a,2022-01-22,welterweight,0,0.4952903608647492,2022
08046d48d6a4eb8737a3b825,2022-01-22,womens_flyweight,0,0.6778327274086429,2022
8b50626d4d84c3aa45d15a54,2022-01-22,lightweight,0,0.4345505851053742,2022
de14551f8d21580fa8596ef6,2022-01-22,welterweight,0,0.7279047641329426,2022
de8ba4acaa432c191891b7af,2022-01-22,welterweight,1,0.7234590920203046,2022
ec8bb730f1d208b6374ecd80,2022-01-22,bantamweight,1,0.21324269436813778,2022
fcbbd7bc5f35efaf8450ad3c,2022-01-22,womens_strawweight,1,0.7132462564250451,2022
98122fe1742fdd5100be2839,2022-01-22,bantamweight,1,0.7027467088470186,2022
6ddb3676f4a7c26e86f9b228,2022-02-05,womens_bantamweight,0,0.59086370161677,2022
0272a89c05fdfaa2990c60a4,2022-02-05,middleweight,0,0.6636225449816266,2022
0e91e69c628ca4308127c75d,2022-02-05,featherweight,1,0.5990913311451505,2022
509c5eeb2b44572ce95c4735,2022-02-05,middleweight,0,0.31488443063157523,2022
62bd1e7c1b554cf0ae6a45ec,2022-02-05,light_heavyweight,0,0.6970220187181237,2022
8bcc740a724dc791e5db5130,2022-02-05,welterweight,1,0.35825807154525907,2022
1c899e0a6dcb00a341edeaea,2022-02-05,featherweight,0,0.5188833491365822,2022
90b3e133f1e2802dc88d0786,2022-02-05,flyweight,0,0.497680593121728,2022
10e50c9169649dc909f1e474,2022-02-05,bantamweight,1,0.28036222778387027,2022
1d5256e991b31002be9b6431,2022-02-05,middleweight,0,0.4282191830016601,2022
6b2eb716c19a21cbe060c8e0,2022-02-05,light_heavyweight,1,0.7302376288185631,2022
d139ab9b5859db7ac6fac52c,2022-02-05,welterweight,0,0.323947609592093,2022
16e2466bf12ade10d76a1eda,2022-02-05,middleweight,1,0.5095262912120473,2022
78785ae4443a05ddc0bb103f,2022-02-12,middleweight,0,0.35739856029162537,2022
90d1c538c65bf733ee1afd05,2022-02-12,lightweight,0,0.47100138692804205,2022
2715ae1c5ecb134385026391,2022-02-12,heavyweight,1,0.3448989298261651,2022
ebf653201e47f988f8939597,2022-02-12,light_heavyweight,1,0.6839711755650068,2022
1a6b5820ddd6159cefd853a9,2022-02-12,heavyweight,0,0.556616368545059,2022
84e02aa57d1cc6af09fd93aa,2022-02-12,bantamweight,0,0.6445565058645883,2022
f6bbc41b4218274211e225dd,2022-02-12,middleweight,1,0.6610870954368667,2022
7d1b32a9d4d917e6275675bf,2022-02-12,middleweight,1,0.33234661290515427,2022
b43ee87245d800862af774b9,2022-02-12,welterweight,1,0.6240431245520903,2022
d69376c1ea693c430e1f0818,2022-02-12,lightweight,0,0.6129642106272952,2022
1f61d0ee3ab6febfeb923aaf,2022-02-12,bantamweight,1,0.8434347592246605,2022
6cd1aef6194b33b28b3f5cc2,2022-02-12,bantamweight,1,0.6939344793433405,2022
f332f3a05dc03a803776a9b5,2022-02-12,womens_flyweight,0,0.17091860820371998,2022
9b4c38da301541ccd18bf9f9,2022-02-12,heavyweight,0,0.6165878921877823,2022
e037496750d4a80f908de5f4,2022-02-19,bantamweight,0,0.6188453104632561,2022
05f71a10c41ce6a5c3587bc5,2022-02-19,featherweight,1,0.7940414110285022,2022
62712c070cfa71b63ee554b0,2022-02-19,womens_strawweight,1,0.5408304958368687,2022
83eb5904775e936959d6d016,2022-02-19,featherweight,1,0.38688812881772333,2022
e3a18f940a8ab9d972aa4639,2022-02-19,womens_bantamweight,0,0.48032598807742094,2022
541220a08c84c482c971b01b,2022-02-19,lightweight,1,0.37267529640067176,2022
ba606d161dd1c5f504f8c984,2022-02-19,middleweight,0,0.37978751455071064,2022
0f1eb9c25283cba2a7cd007d,2022-02-19,light_heavyweight,0,0.6185336438163616,2022
774771f5b5f0f8d5af90fd20,2022-02-19,featherweight,0,0.29904632169860224,2022
7085b77b6e0023c3296b8cf6,2022-02-19,catch_weight,0,0.3970192182796922,2022
8c1cb182501b4ff4c557a4f7,2022-02-19,bantamweight,1,0.5997012560079955,2022
e0eeff5374ca589d7b5f7626,2022-02-19,heavyweight,0,0.2631633159273146,2022
0bf431efc2c9170850a83b3f,2022-02-26,featherweight,0,0.4007519922054779,2022
338700b1b79beb6242e882f3,2022-02-26,lightweight,1,0.7655644037013736,2022
21ab4fa36f44cfe6814659de,2022-02-26,middleweight,0,0.7672930591412976,2022
e9955a213c246dc76802a534,2022-02-26,catch_weight,0,0.15556361754193226,2022
755b2c5ef7b44148e45d06f8,2022-02-26,womens_flyweight,1,0.3663606453625792,2022
c9e3bc4ea58df6235765f2e0,2022-02-26,womens_featherweight,0,0.37759191953078025,2022
8c15089f0431ebf57fba0b25,2022-02-26,middleweight,0,0.5825757146832768,2022
7b8dd4825672e5c71feb365f,2022-02-26,welterweight,1,0.48557018884218334,2022
115cd12c43c7ca9a98a34354,2022-02-26,lightweight,1,0.5154361022321584,2022
ad3d758504e40f089358d0cc,2022-02-26,lightweight,0,0.656342356927602,2022
09803872173680a4e5a486f2,2022-02-26,flyweight,1,0.49631284086697375,2022
8cab78badf4b3f9f94431dcb,2022-03-05,featherweight,0,0.22778070398271819,2022
eb2dea2335dc1879ca29907d,2022-03-05,welterweight,1,0.6416761605799455,2022
59e88ba1af2fe8e1830220bd,2022-03-05,lightweight,0,0.4649679926412337,2022
c66c7054afb057dd78aa0f05,2022-03-05,light_heavyweight,1,0.49579476266062306,2022
76eb17111d5981c71736b835,2022-03-05,featherweight,0,0.22579854849827988,2022
054327f45b8b36f1c6c59bd8,2022-03-05,lightweight,0,0.4760500328838863,2022
fe7ff91782693e8c97668462,2022-03-05,welterweight,0,0.22219857299593732,2022
191f8590132dd622386f8dcb,2022-03-05,womens_strawweight,1,0.6712284967981049,2022
62773007de975caae0e7403f,2022-03-05,womens_flyweight,1,0.3585635588155724,2022
ef873da872c2b8ddc6d7f482,2022-03-05,light_heavyweight,0,0.6277008195176461,2022
0e0ef94c36f8e8a6f0d81303,2022-03-05,catch_weight,1,0.2839504581244752,2022
8b16bf8119b7a1889e14425c,2022-03-05,heavyweight,0,0.3691039508153835,2022
8453f158995aa5825267e0fe,2022-03-05,flyweight,0,0.6401407643850892,2022
4274a5bfdeeb6b92088e770d,2022-03-12,middleweight,1,0.4006898509474656,2022
a62677dbc6c31338dbfa9ffe,2022-03-12,middleweight,1,0.6651903929833534,2022
53cf6639d25754d424f290c6,2022-03-12,featherweight,0,0.599647163695287,2022
223c6e3695dc91fe55816b32,2022-03-12,lightweight,0,0.5249834668762532,2022
6ec545d9b947c7840a6a9e2b,2022-03-12,womens_flyweight,1,0.5033858558560129,2022
b80204d233e23b377832e77e,2022-03-12,light_heavyweight,0,0.5930694743681992,2022
8f6f6a38f9345a057af6dcdd,2022-03-12,bantamweight,0,0.33193160232492025,2022
4996c44f91f2861f4fab29a5,2022-03-12,bantamweight,0,0.20276730243344293,2022
15a96087e7d45aef123c2813,2022-03-12,welterweight,1,0.6465081347534154,2022
d51c5ce12e0b4950d5498e4f,2022-03-12,womens_flyweight,0,0.45279351404423485,2022
2eb0a77e45cae384dd8ee69a,2022-03-12,featherweight,0,0.3587333097539499,2022
ff820a222c111a32a86bd816,2022-03-12,light_heavyweight,1,0.22175916246687316,2022
d4e5897b395921bd30941f44,2022-03-12,light_heavyweight,1,0.6440920748564861,2022
c362815404c96b0fa3c1d79c,2022-03-12,bantamweight,1,0.39491640271749057,2022
ddb23a0f0b02cab6843a40b2,2022-03-19,heavyweight,1,0.4934311885218867,2022
fed3a50fd626de20bc9ddd39,2022-03-19,featherweight,1,0.5854857623647582,2022
0edcadeec8b119ec0a8e22e5,2022-03-19,womens_strawweight,0,0.5901303290315512,2022
90db3390059fe0b1ae095e2d,2022-03-19,welterweight,1,0.6445928585798447,2022
18453b23edda3fa1d9952968,2022-03-19,bantamweight,0,0.287420600709233,2022
9ae7ce42c6960b736e0efa95,2022-03-19,lightweight,0,0.19472328836312103,2022
606a3226edc45b339470c15a,2022-03-19,featherweight,1,0.6728355950935568,2022
8438c52b0f5b6abb1524eb73,2022-03-19,womens_flyweight,1,0.347999265391407,2022
e44f8d6c21499f7ee69f7413,2022-03-19,flyweight,1,0.3400725396515307,2022
b0c27e0a67c2921f706c7982,2022-03-19,light_heavyweight,1,0.38781038905614046,2022
50519ade549a1f6ba3ecdb0f,2022-03-19,lightweight,1,0.44207969202554176,2022
1855e62e711e7cb90db8c57f,2022-03-19,heavyweight,0,0.2771711045926635,2022
d1bfaf3217d92836ca7666c4,2022-03-26,middleweight,0,0.4952903608647492,2022
ef9aa738f67fd68f2ca5af2f,2022-03-26,flyweight,0,0.5898169031677388,2022
301dfd58acfdd68cb9065d69,2022-03-26,bantamweight,1,0.6862584090141265,2022
351b3e350230c6b88f88f552,2022-03-26,heavyweight,0,0.257621111825396,2022
7d5f589e73ee039bd2697e09,2022-03-26,womens_flyweight,0,0.438024853856519,2022
2d86be1fe2a9c74ea1d1a00e,2022-03-26,womens_flyweight,1,0.4660721243590817,2022
2569c71203392ff1e1f14af3,2022-03-26,featherweight,1,0.5077417308604403,2022
41c6e7756509299ae12c897f,2022-03-26,lightweight,1,0.5984170598253783,2022
2d2fb7e95f4e7d64dacc585f,2022-03-26,flyweight,1,0.5318048564707967,2022
87d4157a7c6058179c54bd39,2022-03-26,welterweight,0,0.401980798303985,2022
e9351c7db8c8562852add0bf,2022-03-26,welterweight,1,0.7072189115776325,2022
7af5d59b89e6c62ef7902cfe,2022-03-26,womens_bantamweight,0,0.7987164994108872,2022
6a456265c9a0a54a45727866,2022-04-09,heavyweight,0,0.5853677437189989,2022
9b4d0aeae28ca6a7651e18c3,2022-04-09,featherweight,1,0.7205223738054177,2022
d59489d2219b8acf65c14d10,2022-04-09,bantamweight,0,0.6515061926996938,2022
dcc78c9b5027cc486808530b,2022-04-09,middleweight,1,0.6395757137329131,2022
10a507567f7c574bab053aba,2022-04-09,womens_bantamweight,1,0.5392205619114621,2022
54dbd0ff791fe50de3635eda,2022-04-09,welterweight,1,0.7731426443374083,2022
8d6783bbc0f9d2bd2d4c0534,2022-04-09,welterweight,0,0.5630488650843998,2022
e4d38da609f2296f44f8e0f3,2022-04-09,bantamweight,1,0.6258723927446306,2022
395fac7e1cb89c9f48542548,2022-04-09,womens_strawweight,0,0.49881660962306906,2022
c717778925b8d05d09226a63,2022-04-09,welterweight,0,0.6378275400446553,2022
c8c932d20a23d93083cd5153,2022-04-09,womens_strawweight,1,0.3943910678640912,2022
5210e8a6bd51cdb8a3be4742,2022-04-09,lightweight,1,0.5660655587119652,2022
ab6c1f1d7010971c355e465c,2022-04-16,bantamweight,0,0.5010800645983389,2022
4e19d3624ce2f192fda3e87e,2022-04-16,middleweight,0,0.4952903608647492,2022
63a7508bcd39ffb177568395,2022-04-16,heavyweight,0,0.5104666036612088,2022
a3b791cf3770be81a7311fc4,2022-04-16,heavyweight,0,0.45806861925159487,2022
433dbc801627a6d385c7ad09,2022-04-16,lightweight,1,0.6753760225274291,2022
f700791a20e6fde6268982b3,2022-04-16,womens_strawweight,0,0.5224538949984423,2022
163a51708b615100cf2aba52,2022-04-16,lightweight,0,0.336555753608539,2022
a2e535212cb0109c16e03dcd,2022-04-16,womens_bantamweight,0,0.2253269813596664,2022
069de3205d6c699d7be551aa,2022-04-16,womens_bantamweight,0,0.5043817539322996,2022
9c7629f898574d7d259de1e2,2022-04-16,welterweight,1,0.2945653718448496,2022
48857655a69cc90c77030d9a,2022-04-16,welterweight,0,0.38640308405508295,2022
e9eef12674e72868f84a57a0,2022-04-16,featherweight,0,0.11853773663625693,2022
a2af6edea9fea96f3d6b4f3f,2022-04-16,lightweight,1,0.5832899875735771,2022
de09e08f6c57358e9c22f9b4,2022-04-16,welterweight,1,0.5674796539277631,2022
48e6102e4d53ecae10721bf6,2022-04-23,womens_strawweight,1,0.573373596470737,2022
9b932197b1fb2a26a1208177,2022-04-23,bantamweight,1,0.6978586069919313,2022
06669d51b0a57a8f66b216d9,2022-04-23,lightweight,0,0.14021781501753297,2022
692efc69390867723a995b60,2022-04-23,welterweight,1,0.4199212322717628,2022
c85d55bcecdce0caae48f32d,2022-04-23,welterweight,0,0.38692556794966615,2022
877e43ee92b6e92fe379f031,2022-04-23,catch_weight,0,0.46222662464651987,2022
4d8474d6d776dc1f62fe315b,2022-04-23,featherweight,0,0.3716376688762245,2022
711d9ff3483b66cb33e6fb1a,2022-04-23,light_heavyweight,1,0.5555685062433947,2022
2b3e69ba4ea58a394404b393,2022-04-23,womens_flyweight,1,0.5700157141807201,2022
c89f90b1b4c3c2b9606febb2,2022-04-23,welterweight,0,0.4814524884142897,2022
213b698eaacabc90d39c3618,2022-04-23,light_heavyweight,0,0.1309699552691482,2022
2dbdb35090901cb11cdd7d38,2022-04-30,heavyweight,0,0.24128781635751081,2022
aed8ef16b30b6d218c63f47c,2022-04-30,featherweight,1,0.48163169974764575,2022
fcc9d5a0cfe4deba917371fb,2022-04-30,heavyweight,1,0.3776974925502055,2022
9ec02b95cb264245c08bd1c3,2022-04-30,flyweight,0,0.36192473530089614,2022
566ee83c01c427d616e79cb3,2022-04-30,featherweight,1,0.4897736809073028,2022
312ba0118051211ffa424bb3,2022-04-30,welterweight,1,0.4796403130994312,2022
bd90e67407043275cc350cb5,2022-04-30,womens_flyweight,0,0.5313926264745147,2022
9932564c59fd0493d46f20f7,2022-04-30,lightweight,0,0.31486791198801345,2022
ccbcefc2a02e49bf307142df,2022-04-30,middleweight,1,0.5486457852541615,2022
59e0827ca63295b63cd6a91a,2022-04-30,lightweight,0,0.26866338468626544,2022
4e359c108544d2c8759d97d6,2022-04-30,bantamweight,1,0.5478489255705518,2022
e83c43a20c4efdef6b675240,2022-05-07,welterweight,0,0.3807428647490977,2022
c3f4eb06b7985fd64caa1c2a,2022-05-07,womens_strawweight,1,0.6236890023249311,2022
27a25d6c4438938f3521b32a,2022-05-07,heavyweight,0,0.5366481659604351,2022
f9ad67246c83a9f959594eb4,2022-05-07,flyweight,0,0.3894415303333707,2022
68ecc0f643b3d96f33c5ea9d,2022-05-07,lightweight,1,0.6915025863351849,2022
54d66068ae43906aa7a9cf26,2022-05-07,welterweight,0,0.5548030545219073,2022
a295f10a5980bdb7db934877,2022-05-07,bantamweight,1,0.5175583058264653,2022
57499631d3bdce3f6fc81243,2022-05-07,flyweight,0,0.4162814171548423,2022
65626c902a390cc627f7be7e,2022-05-07,womens_featherweight,0,0.6017316189673276,2022
d31f108ad033cadad0d1f468,2022-05-07,light_heavyweight,1,0.4131335575230488,2022
cdb998abfa18ccf9f27af3b6,2022-05-07,lightweight,0,0.5556700438673948,2022
709d13b3d0f6930bb797146f,2022-05-07,welterweight,1,0.4220225692714681,2022
e513925b16ccc7cf2bc93298,2022-05-07,womens_strawweight,1,0.314683064922307,2022
cc6e0ffb423d24fff180d8c1,2022-05-07,womens_flyweight,1,0.4362964365659247,2022
e80cfbe7751b8e42d0e37d81,2022-05-14,bantamweight,1,0.469784209930447,2022
d21ed7987834436d79762e16,2022-05-14,lightweight,1,0.609135567864587,2022
4987dc6f22514fa13327d770,2022-05-14,flyweight,1,0.6971197555680329,2022
ec3db7fb69fd747f19d2772f,2022-05-14,light_heavyweight,1,0.4524971261152474,2022
3a7bcb7089d6096f13b7cd48,2022-05-14,womens_flyweight,0,0.36985984730964255,2022
cb4c231ddb365e4a24ca3af4,2022-05-14,lightweight,0,0.46823252769648893,2022
95e847d3cc4c6bcbd6043bc2,2022-05-14,middleweight,1,0.40985350406438587,2022
db6d572d7fc3c8ad496fe6e9,2022-05-14,light_heavyweight,1,0.4691754086005432,2022
d0dd5444e56544c7c7529281,2022-05-14,flyweight,1,0.6623586312436531,2022
6b6cce875a6e865322f23a66,2022-05-14,womens_strawweight,0,0.4164601841647509,2022
da1f5ebe1db19397cf95fdcf,2022-05-14,womens_flyweight,1,0.42760077176056277,2022
a909d174db8b4390ae3774cf,2022-05-21,featherweight,1,0.6235604254561109,2022
9101fa72d85c818841ee1d9b,2022-05-21,middleweight,1,0.4894061719357905,2022
b2a463b8b2afe1453190b2a1,2022-05-21,womens_strawweight,0,0.5405601228619744,2022
383bc526c4fd50b1ff054c67,2022-05-21,middleweight,0,0.5606585012134374,2022
45ca004338ad389c7e7dfbd2,2022-05-21,womens_bantamweight,1,0.5464083037876849,2022
3f379cb193e0300c1aa1f821,2022-05-21,heavyweight,1,0.7893725679761434,2022
2613b85681482b84539b6f00,2022-05-21,bantamweight,0,0.24395187321633086,2022
765486e120840e8df1d10183,2022-05-21,middleweight,1,0.626306946148361,2022
40240f9f36602a2870ec2baa,2022-05-21,lightweight,1,0.6076088922893482,2022
da790c4bab3aeacba933229a,2022-05-21,womens_strawweight,1,0.4643756435398852,2022
e2c480e4c1e2f0c1546d5d77,2022-05-21,welterweight,0,0.47868344783210526,2022
d22c42254e29e2ec340e1418,2022-06-04,heavyweight,0,0.35149882974708113,2022
7d2d589ab3a24ccbec850331,2022-06-04,light_heavyweight,1,0.7338773719603762,2022
b5fef85ad8722e2c173f1f31,2022-06-04,featherweight,1,0.7724705250952882,2022
f9fbead95e311fc0ea7c84ee,2022-06-04,featherweight,1,0.6530026722084507,2022
23a75d6e26246f3fadb396da,2022-06-04,womens_flyweight,0,0.4570410809577998,2022
65042c1a280902886dc6dd26,2022-06-04,womens_strawweight,1,0.5339967382622046,2022
c65a22b110cef6fbb2125d34,2022-06-04,flyweight,0,0.20777994507203865,2022
8ce12f6034150468696c1404,2022-06-04,lightweight,0,0.3744793315123367,2022
5445242c5438b4603f99e089,2022-06-04,bantamweight,0,0.41007731631883915,2022
d14d68587e692687da0d3f24,2022-06-04,womens_flyweight,0,0.4942818941230942,2022
e663e56b52a832ad0691ca69,2022-06-04,featherweight,0,0.5902168082653778,2022
48c473af66656aa65786f4e1,2022-06-04,lightweight,0,0.41817276906965534,2022
1879d9ea46bd3c6332543b68,2022-06-04,flyweight,0,0.6333097705568207,2022
b2038bb6ca99f8b0ed7255c7,2022-06-04,welterweight,1,0.5536562713460973,2022
e49e62b538c8335689613162,2022-06-11,welterweight,1,0.6603951268787845,2022
065e1f6ee6a773ecb89f7d12,2022-06-11,middleweight,0,0.46484372618748426,2022
fb821412f370884401d35139,2022-06-11,light_heavyweight,0,0.43162779440609417,2022
1e545d34ef5e99a2aabb7d44,2022-06-11,welterweight,0,0.5352911029639916,2022
1991007feecb43a26b0eb7c6,2022-06-11,bantamweight,0,0.45077442774479126,2022
4bdcffba7b815f20f7f0c0cf,2022-06-11,womens_strawweight,0,0.4868011637874,2022
e257df6df9aae0de1ae83c76,2022-06-11,lightweight,0,0.6490631784866846,2022
acf90527fde3048d8876a70a,2022-06-11,womens_featherweight,1,0.46423972709163136,2022
940b51f448bcff3babf27a3c,2022-06-11,featherweight,1,0.5233982736962965,2022
bd4b807ebad4ce66420cb1f8,2022-06-11,womens_flyweight,0,0.24745983230174057,2022
d41039f9c98e4cd3418f2f02,2022-06-11,womens_strawweight,0,0.5562160295461521,2022
69d6707f40dbdd247de83d25,2022-06-18,bantamweight,1,0.7969875212732543,2022
b2afb64bd777a942b65dbb5a,2022-06-18,featherweight,1,0.470501355150277,2022
bc67a856832a4900d2384ba4,2022-06-18,welterweight,1,0.5852657285045948,2022
4a4060d03f813216114e4968,2022-06-18,lightweight,0,0.35488171557866033,2022
2280acaef1bd4f8d94bf22f2,2022-06-18,bantamweight,1,0.7954013249781262,2022
ef1c81da42f18212117eb7db,2022-06-18,womens_flyweight,0,0.4800435200994795,2022
b8b37ab0d685d69a80b80bfb,2022-06-18,middleweight,1,0.5454053194251476,2022
c8bce7a0cd5b64400d6ce30d,2022-06-18,middleweight,0,0.4686465868657125,2022
34eacc018777cf756f0a9bc0,2022-06-18,womens_strawweight,0,0.5206175087542861,2022
61b4b53d06936ba0aa98113d,2022-06-18,middleweight,1,0.6346692748048701,2022
2cfd9a8c1b61856144ef594b,2022-06-18,featherweight,1,0.760666888384612,2022
5bdb3da39bb6e719e9fc0618,2022-06-18,middleweight,0,0.49110980313588837,2022
68df60a85737373fc82b19b1,2022-06-18,welterweight,0,0.15580249053990147,2022
2fbfe695974365c0c5f85fc8,2022-06-25,lightweight,1,0.3133601877012348,2022
6458152c222f4906571bcde7,2022-06-25,bantamweight,0,0.34869026388080654,2022
2ecd2eed9d2962188ecb5689,2022-06-25,light_heavyweight,1,0.3819180869575279,2022
818221d71c181b39140c5074,2022-06-25,middleweight,0,0.467536096024568,2022
35e5e8e703d00edf360a6043,2022-06-25,heavyweight,1,0.3793196835738632,2022
dbd552c2d7e341649622ee23,2022-06-25,flyweight,0,0.48585367737385327,2022
d3ae12666b9f9a68eead2751,2022-06-25,bantamweight,0,0.1745957442827716,2022
e4ea35454ee62c778fa3f4a6,2022-06-25,welterweight,1,0.5376782104958325,2022
b21c9e5ff089ca9195054ac3,2022-06-25,bantamweight,0,0.6128482777259632,2022
76e3a22b48d90e22583c5147,2022-06-25,featherweight,1,0.29560875524233876,2022
48b66f6c4e067ab131987c86,2022-06-25,lightweight,0,0.27694056068492384,2022
a59780a9c44b0f7455be33f1,2022-06-25,womens_strawweight,1,0.451696234402989,2022
e02eea16ac82e778f7daf1f7,2022-07-02,featherweight,1,0.6844345554200009,2022
876921be33b920ac9567b725,2022-07-02,lightweight,0,0.4681798707351111,2022
e81f8dc803fd77311da05e80,2022-07-02,middleweight,1,0.555291607090466,2022
859d13910d61abd539cc945f,2022-07-02,welterweight,1,0.5664194786030958,2022
e6c3e6276839dd5d64a789b2,2022-07-02,middleweight,0,0.21869093310714913,2022
a2e9ef0e8cb15790f8ced352,2022-07-02,womens_flyweight,1,0.7664337828423957,2022
eea7d1b3716582025dfbfca3,2022-07-02,womens_bantamweight,0,0.5152569680832538,2022
2a9cc81d46ea65120d7fbe99,2022-07-02,welterweight,1,0.46617268938035616,2022
ba6dd14c8af9df3ea8f92512,2022-07-02,welterweight,1,0.6541353597843479,2022
5833acc9c3ac9e365c6c0b7c,2022-07-02,middleweight,1,0.2732951750293525,2022
177235a3e775a6743d6600e5,2022-07-02,middleweight,0,0.37268261704990246,2022
f2fd98701b89701fae9088a5,2022-07-09,bantamweight,1,0.3588451392681715,2022
803fc1e81cfdec6e7a503544,2022-07-09,womens_flyweight,0,0.5684641514453749,2022
8990215859428aaac941741d,2022-07-09,middleweight,1,0.3504477867631732,2022
833c99cb97e71c4d5ca53fcb,2022-07-09,middleweight,1,0.5250788197544006,2022
894eb20cea5348518aad7e6a,2022-07-09,featherweight,0,0.3557969277715246,2022
ec47ffa3f0a194c15729e14e,2022-07-09,bantamweight,1,0.7939391171033824,2022
eb92cb37c14b9a12e2392824,2022-07-09,heavyweight,1,0.37392450739673,2022
ed326894c1c1b1d3adbf1cba,2022-07-09,light_heavyweight,0,0.2977514816237369,2022
3762c8ce8cd05373829c8371,2022-07-09,lightweight,0,0.29064246828828927,2022
85e2d3f91c45cbb0e0bc1cb6,2022-07-09,lightweight,1,0.6865516194085979,2022
fb7e9ab6b45aeb9bdb8436ab,2022-07-09,bantamweight,0,0.6035919427199521,2022
b203dec5ae3023e120de922f,2022-07-16,featherweight,1,0.6842448087596034,2022
a32125452f6904259fbc72b2,2022-07-16,featherweight,1,0.4588245959814079,2022
8fe207b501c2aa7554270832,2022-07-16,light_heavyweight,0,0.38817263630288806,2022
a9c93145b251be4e9d7e6dcb,2022-07-16,middleweight,0,0.3857117819144831,2022
12d4dffc5e8bc17202be2632,2022-07-16,womens_strawweight,1,0.38173527416179986,2022
fb462f5b2e9f652779cdfb66,2022-07-16,womens_flyweight,0,0.5988737870541172,2022
c637b6f0f5a09bb8e1a74e50,2022-07-16,welterweight,0,0.581683710304782,2022
17ea09382d449f8306c19c3b,2022-07-16,flyweight,1,0.34897094099152765,2022
fd355002a0fa2e74e3536f46,2022-07-16,womens_strawweight,1,0.5502743796709002,2022
ccfedebf868f0b8dc734bfd2,2022-07-16,middleweight,0,0.3401499930575257,2022
aec85754ffdd895e4321b6fb,2022-07-16,bantamweight,1,0.4535263410822271,2022
ad625eebc9ae756d4e5ce12a,2022-07-16,featherweight,0,0.5410341400452259,2022
f0728df1781fd229cb014c50,2022-07-23,welterweight,1,0.5612903148213295,2022
fc3a021d4027a74cd0e85243,2022-07-23,heavyweight,1,0.5487078486406237,2022
953bbb8b3a4dbab3e4857e03,2022-07-23,middleweight,1,0.4989547485274044,2022
e1bfa78d9e55d9829168dcdb,2022-07-23,lightweight,1,0.5922441428070988,2022
d04154269d7f8664c62b6131,2022-07-23,featherweight,0,0.3225804987283605,2022
68dfedbb07bf88d9ca273dc2,2022-07-23,womens_flyweight,1,0.46417658190231775,2022
ec4c20bfa09fac0285d92870,2022-07-23,lightweight,0,0.3611728338084271,2022
3ba5a9abbb1ae3fa79599046,2022-07-23,lightweight,1,0.4859506140457208,2022
291314e3a3d4ef5e1277e4e1,2022-07-23,womens_flyweight,1,0.6251407295650554,2022
819b658e6cf0d717bb91de6c,2022-07-23,flyweight,0,0.4441816542978933,2022
e1c2046ddc61effa0182c84b,2022-07-23,featherweight,1,0.8354049229670341,2022
fcbaa5ecf7ea948ec4284861,2022-07-23,light_heavyweight,1,0.4058497369622826,2022
a3042f1e67d6574fb63da12e,2022-07-23,lightweight,0,0.5871768301666952,2022
ef6ab6d69866893d4c3f7e61,2022-07-23,light_heavyweight,0,0.4533078361678758,2022
b8683f73e2644670bf1ff574,2022-07-30,welterweight,0,0.4830811486735518,2022
282ad5f28deaf15f8dca4792,2022-07-30,flyweight,0,0.5843594489456355,2022
5fa0aeb049247895d054ff67,2022-07-30,flyweight,1,0.5946200193412507,2022
c07de9903dda0402b5b7ae51,2022-07-30,heavyweight,0,0.5327823368384731,2022
5aaa23664d6070cac2051597,2022-07-30,lightweight,1,0.3862528789561616,2022
58e54a3c63001690d005c9bc,2022-07-30,lightweight,0,0.5203050312217741,2022
10b81e064c1a7b6abe9a2535,2022-07-30,womens_bantamweight,1,0.6917603907508612,2022
33eed00e388c88409a34cb2f,2022-07-30,womens_bantamweight,0,0.4074832886736567,2022
e4877492b848342688b0277c,2022-07-30,light_heavyweight,0,0.31912917102774774,2022
acc3d39765c5482fcb45accd,2022-07-30,welterweight,1,0.7365766840885437,2022
17570bc74fd14e361a08e878,2022-07-30,light_heavyweight,0,0.35247836999964294,2022
ac2b588a1a2472b349609a68,2022-07-30,welterweight,0,0.2931291502135565,2022
1a6042f44f4e1018e13bcf39,2022-08-06,heavyweight,0,0.34949098384449745,2022
11bfef30ead4201c97f126a7,2022-08-06,womens_flyweight,0,0.5100961028686533,2022
ee78ff94d74191c0950c3305,2022-08-06,welterweight,1,0.5549569921931277,2022
14baf91c942b6d4b80278c39,2022-08-06,womens_strawweight,1,0.42634041899916664,2022
e16f507b343589a2e4e6722a,2022-08-06,womens_bantamweight,0,0.5730726973777562,2022
e21ab264e04732c3ef8f62f4,2022-08-06,heavyweight,0,0.4841363751178467,2022
e9da8c8a6c31cb23cefbf64a,2022-08-06,middleweight,1,0.6642700488603314,2022
6ec98fde74b283e28ca0a7fe,2022-08-06,lightweight,0,0.20622170970617462,2022
cf34d5f335348b66aa91eff5,2022-08-06,light_heavyweight,0,0.44056080369740364,2022
f8f3e8322df974e5e79c4018,2022-08-06,welterweight,1,0.4819152236340783,2022
a786185afd5f82f1db44d3c8,2022-08-13,catch_weight,0,0.6800225324959115,2022
769a825b93d1f461ed037a48,2022-08-13,middleweight,1,0.4938935973561923,2022
e5ba6b21277ad5545d7c0dc3,2022-08-13,womens_flyweight,0,0.6197090532484845,2022
7322e2f3f4bf5390f2bda163,2022-08-13,light_heavyweight,0,0.5523839920421711,2022
aaf6d2192b150766430fc20b,2022-08-13,lightweight,1,0.474432914201254,2022
ba36c66a9c8864239d835333,2022-08-13,catch_weight,0,0.6020576621855254,2022
e07aa035986642062d25c1f5,2022-08-13,bantamweight,1,0.5098344435707655,2022
8734458639c9a77e963669f8,2022-08-13,heavyweight,0,0.3791834042743266,2022
8e3ee192291658b73f706113,2022-08-13,featherweight,1,0.38311779887613734,2022
207fbf80c6f721606f408c61,2022-08-13,flyweight,0,0.6519478865761548,2022
0e895646923d2363e9ee3865,2022-08-13,womens_bantamweight,1,0.3747854733924995,2022
cd596c04dadc1a357e70db6e,2022-08-13,womens_strawweight,0,0.5100961028686533,2022
7e414bf2e90506da27163941,2022-08-20,welterweight,0,0.616715071847843,2022
8a9c09281e5eeca72ddede9c,2022-08-20,flyweight,0,0.3976555208138087,2022
fc73feb19b3af4a912864096,2022-08-20,bantamweight,0,0.4618699403804033,2022
2e655f9fa69fc63ba339bf9d,2022-08-20,flyweight,0,0.39971457592072596,2022
09110ce448db775f208b9e4f,2022-08-20,bantamweight,0,0.3369920673061404,2022
96bf35f8d242172083318f0b,2022-08-20,welterweight,0,0.660765242949293,2022
72cae9b3b0647f262149f01d,2022-08-20,lightweight,0,0.2530181129486519,2022
6e01d4335754eab4e2519c82,2022-08-20,heavyweight,0,0.5797869033453987,2022
e041b8ced5ccae038bf87f85,2022-08-20,middleweight,1,0.44749126567245845,2022
e21703f2490a99b16dfadb3d,2022-08-20,light_heavyweight,1,0.815643075373605,2022
f41c685ee847a134377ce615,2022-08-20,womens_bantamweight,0,0.5470095042397929,2022
9ce27f8c4c81304aae9d0e7e,2022-09-03,middleweight,0,0.5422149222192739,2022
a3bbb4a0fa0064f0548c4dc4,2022-09-03,middleweight,1,0.5858183466072544,2022
2d11896bafc8bb829b196c12,2022-09-03,lightweight,0,0.31485930915448795,2022
55128794a5130c0766120091,2022-09-03,featherweight,0,0.5396087607512826,2022
7301434a052e54b477cb10b8,2022-09-03,heavyweight,0,0.2373846649131474,2022
d67df94cf203060829d5e02a,2022-09-03,lightweight,0,0.39891078681219344,2022
3f009a05817aa629ecb33512,2022-09-03,lightweight,1,0.7260416893581757,2022
86ec5f7ecd89641f1c7cff4e,2022-09-03,bantamweight,1,0.5464230346302364,2022
561ee3bd70a2f70be5d0512b,2022-09-03,middleweight,1,0.5591529297287403,2022
0fc64e2e9e677fbf1fdd2676,2022-09-03,middleweight,0,0.5368649575334452,2022
be1d0f8c941e18f2385e8ec8,2022-09-03,womens_featherweight,0,0.34341769763424473,2022
b8f2b3651db2a7baa029e536,2022-09-03,featherweight,0,0.49631284086697375,2022
4a6bcffa1eef009392233795,2022-09-10,bantamweight,0,0.3876469551259255,2022
c00654036cf18b5bb5f2d2c5,2022-09-10,welterweight,0,0.4563601992088038,2022
b36dfd6178f9afe0176a1770,2022-09-10,middleweight,0,0.5056792026235509,2022
7f7d0ff5834aebf0c6e0956b,2022-09-10,featherweight,0,0.7362258021182879,2022
41da67b4d117a50c666ac843,2022-09-10,catch_weight,1,0.29673431351311885,2022
6153221828eccf4930f0d3e6,2022-09-10,catch_weight,0,0.09826537053220291,2022
9d40474ac4964ada854fa013,2022-09-10,heavyweight,0,0.6371611573052663,2022
5a062d96aab1c99b7cc95f3b,2022-09-10,light_heavyweight,1,0.5906736308549206,2022
61ba8d4c4fabfe43fbb836c9,2022-09-10,catch_weight,1,0.32954817442616274,2022
014ea6d786ce6f657768e865,2022-09-10,catch_weight,0,0.3702603871962468,2022
0eacc4f0d8ed4f419ecbcea2,2022-09-10,womens_strawweight,1,0.5562737323297416,2022
b23e87fdf32c675244e517b7,2022-09-10,welterweight,1,0.44217855539064765,2022
129aa2e2442a6668ab3bdc63,2022-09-10,womens_featherweight,1,0.7419870247024002,2022
5c6812938d363a82f925824d,2022-09-17,featherweight,1,0.3650753531275767,2022
8d050432569789c31a32dcde,2022-09-17,middleweight,0,0.3986022421336019,2022
dbcca4558e9c1d0d13c510a3,2022-09-17,middleweight,0,0.33496337378662916,2022
bc3c14ac6ca3b5d7e1f471ce,2022-09-17,bantamweight,0,0.6115356978234848,2022
c743e51d32485abb008206d8,2022-09-17,featherweight,0,0.5931347450737997,2022
059dfb0529502eb13b47c82e,2022-09-17,womens_strawweight,1,0.5958859829386619,2022
f973efc4d40fd253e6092acf,2022-09-17,middleweight,1,0.7784208715847498,2022
faae6d894d5ca7b2e828bf54,2022-09-17,womens_flyweight,1,0.46398029391924467,2022
ba54b51b997887a6beff6ea6,2022-09-17,lightweight,0,0.4088487590786077,2022
4d68a5e737c1e8b51f6f2e2d,2022-09-17,heavyweight,0,0.6268880880401287,2022
58d0836ce3aef89372366e16,2022-09-17,bantamweight,1,0.2863193693294206,2022
1afe0d50e01083bebcec9aa7,2022-09-17,welterweight,1,0.6623074205726197,2022
49322c3b76a447084d3343fa,2022-09-17,lightweight,0,0.48992361595698836,2022
87a787d77cf0a5e09d3d9395,2022-10-01,bantamweight,1,0.23710389766237586,2022
38a5c52b9d2138c264286309,2022-10-01,heavyweight,1,0.5604647827545622,2022
fc47440fea6c1d9a73f29056,2022-10-01,lightweight,0,0.4375825496662824,2022
5c2d756d58e2169143a3d205,2022-10-01,catch_weight,0,0.667569632964083,2022
fa7cd15e925add6d68fc71fb,2022-10-01,catch_weight,0,0.45524840043826165,2022
fa6a5ead0aa09a9ef6c5b57a,2022-10-01,middleweight,1,0.5442377270346378,2022
b72aea582d1585d9cb98b492,2022-10-01,womens_strawweight,1,0.4710535511643394,2022
769a6a0ed8f56e2771571177,2022-10-01,lightweight,1,0.6144454997863599,2022
ba830e44c169818ed678aa41,2022-10-01,welterweight,1,0.741519309227043,2022
8a3a1e63063d34a285884a99,2022-10-01,bantamweight,1,0.5933884068242042,2022
332b606adadb464988ce504c,2022-10-01,featherweight,0,0.16930431773296575,2022
01280f9e77503889cc5f9625,2022-10-15,womens_flyweight,1,0.5008491118596099,2022
ca2c4ad4a77247d7ccff754f,2022-10-15,bantamweight,0,0.23590577926882614,2022
0b42a434a9d342606e9634d5,2022-10-15,featherweight,1,0.6172147016532814,2022
26959a0ae6d9ffc29e07813b,2022-10-15,middleweight,0,0.43666723824165654,2022
aae253d49a82af766011fb44,2022-10-15,bantamweight,0,0.3878810360756947,2022
dd6794095b4f567cbc4101d5,2022-10-15,welterweight,0,0.6832925467613105,2022
044df039a74152712583ec34,2022-10-15,light_heavyweight,1,0.551037087156952,2022
6a2ccb4c05791a9425fdd871,2022-10-15,middleweight,0,0.5327211392700547,2022
a351ceb4ec13704924e64821,2022-10-15,womens_strawweight,1,0.37578049691584775,2022
4f4009ed9b6888d49211b309,2022-10-15,bantamweight,1,0.6556888369961384,2022
cb331ce12f84a70205c765de,2022-10-15,flyweight,0,0.34896009356135754,2022
2fa71d83dae3ebb848f3441c,2022-10-22,welterweight,0,0.31921739381617936,2022
3969abdde9d204a1383b76b0,2022-10-22,bantamweight,0,0.32279320504289655,2022
d51176910516429f296e9791,2022-10-22,middleweight,1,0.6316303010302663,2022
8b1f7cebde3141ff07f2e923,2022-10-22,welterweight,1,0.5343614007037649,2022
1f39f88404238882611b5baf,2022-10-22,lightweight,1,0.43175680337158473,2022
89b86d8017ee9c1cbaa746ae,2022-10-22,lightweight,1,0.5828356991095068,2022
e323e1ea8dacbcffaa512ad7,2022-10-22,womens_bantamweight,1,0.8017843340889799,2022
35a1f8dde1fde0e00768056a,2022-10-22,womens_flyweight,1,0.3250916903090812,2022
f4c1d9b02ea276231e92bad9,2022-10-22,middleweight,0,0.4758127866332129,2022
bf2060061f6746545bdfc695,2022-10-22,flyweight,1,0.6106898226183001,2022
5cb842db992ceaeea1b3cf29,2022-10-22,bantamweight,0,0.6364605049709539,2022
a99407677ffcc07b6201b9fe,2022-10-22,light_heavyweight,1,0.4941793014367014,2022
9e77914c5d3a7d1ddeb09921,2022-10-29,heavyweight,0,0.3465557049758522,2022
0475b074697fe0251c4d12ec,2022-10-29,featherweight,1,0.7126186062081928,2022
9ad86cefbe6ecdf976f7782a,2022-10-29,featherweight,1,0.37413478971345404,2022
ad5ce07a6e0876f8d5be2633,2022-10-29,bantamweight,1,0.6518165546847307,2022
3ea908dc8672aba46a6b1042,2022-10-29,flyweight,0,0.30922702998541535,2022
9cf346c97ea2bbfd2c1c605e,2022-10-29,light_heavyweight,1,0.20892977601464233,2022
2578ddec4698f73c077da962,2022-10-29,middleweight,1,0.5283428560888561,2022
ca802282390c52fdb2408e0b,2022-10-29,middleweight,0,0.42035368702575193,2022
15d5339005fa2e8e3ec329bc,2022-10-29,middleweight,1,0.4581854425514684,2022
50f80108ef29bd03c1534f16,2022-10-29,welterweight,1,0.6052971747974629,2022
5f9c2584685ac701df1b20f1,2022-10-29,heavyweight,1,0.4517422115576179,2022
fb2b6999fee39d8d4b28984c,2022-11-05,flyweight,1,0.4578143647179078,2022
1fa02083adffe4f1a1aaa2d6,2022-11-05,featherweight,1,0.4140090581501206,2022
443e0c3f3b5ee8993cb6247b,2022-11-05,lightweight,1,0.7195203686101398,2022
ad031ee4e83f763ae7e5c2c5,2022-11-05,bantamweight,0,0.41345826830464,2022
85d5c7447efef749dd381282,2022-11-05,womens_strawweight,1,0.41187664143667724,2022
d98a3449d656417386274448,2022-11-05,bantamweight,0,0.28152108416419863,2022
67bf0adfb4a72e6d1d0816f4,2022-11-05,womens_flyweight,0,0.23470637452266613,2022
7d63d3e966fba6336272ecea,2022-11-05,welterweight,0,0.5035947251941371,2022
7d171beb120b8d9b085f3e3c,2022-11-05,womens_strawweight,0,0.3872157721776681,2022
f6116b016fd15f3896db959f,2022-11-05,flyweight,1,0.5194675047137056,2022
d752a82ef0612c0a2c486058,2022-11-05,womens_bantamweight,0,0.5231478817944657,2022
8aa99b2cd9574bce2a5476f0,2022-11-12,middleweight,0,0.36657602896322583,2022
57a461274144d12c6cfaa424,2022-11-12,lightweight,1,0.4514003259961023,2022
c2dc5cbd59cfdf863d8c6b7c,2022-11-12,womens_strawweight,1,0.5170959357218234,2022
8a2af618f9bb8c2582583f47,2022-11-12,light_heavyweight,1,0.4612645785775961,2022
e85b565475987e455e539476,2022-11-12,lightweight,0,0.573941916966053,2022
66f2c5674043221ca0434043,2022-11-12,light_heavyweight,0,0.5735334303851056,2022
ed6cea9fd841f86133410b45,2022-11-12,lightweight,1,0.6432325657103863,2022
f9d00f1cc1b81acb25c5ad95,2022-11-12,womens_flyweight,1,0.6160735557646209,2022
89753c38b68f7526bf9e58a8,2022-11-12,bantamweight,1,0.7460528164984261,2022
b17854bdc5ac75cdebdebfc7,2022-11-12,middleweight,0,0.7273801431935176,2022
bb48fbeed91a2ae16e631b45,2022-11-12,bantamweight,0,0.4520596160172775,2022
52729424a8db9c8e560906f5,2022-11-12,womens_strawweight,1,0.5383499038822437,2022
4f56ea61b8260643a03879bd,2022-11-12,lightweight,1,0.35867004395731017,2022
a29b34f3eb27fd13d76b11fa,2022-11-12,featherweight,0,0.5729690947083454,2022
d405e854a32224bcc4db5e45,2022-11-19,welterweight,0,0.29972688366698175,2022
65a1d86b89e2470e1e3db15b,2022-11-19,bantamweight,1,0.5523350607049009,2022
a610b8fe21dd433dd33fd822,2022-11-19,flyweight,0,0.5592690246187937,2022
119695682640f1374d5c064b,2022-11-19,heavyweight,0,0.5105846831072255,2022
134f4d4a92ff0f23596749a8,2022-11-19,welterweight,0,0.26722856938717243,2022
076a794451db2a52b98c2309,2022-11-19,womens_flyweight,1,0.5397175654884414,2022
7c2cbb3580dd05ab14dfada5,2022-11-19,light_heavyweight,1,0.6244836915572208,2022
9893e9ce7e58dd73dc5255ef,2022-11-19,womens_flyweight,1,0.7597869508275572,2022
08cc9cab63281c265de6127d,2022-11-19,bantamweight,1,0.4852602676632692,2022
2f3fc3172d73cddfd573aa40,2022-11-19,womens_strawweight,0,0.3343017642529244,2022
630502317483ca9c43c50cad,2022-11-19,bantamweight,0,0.3166156366669641,2022
cb2b679c92bd80ebf4dce030,2022-12-03,womens_strawweight,0,0.32235236027742037,2022
e884d59713242b5e40c18426,2022-12-03,welterweight,1,0.45628878524180067,2022
78078a06b6123519e6e6389d,2022-12-03,lightweight,1,0.3705441872778272,2022
b4ddf766033e81d0119cb1e7,2022-12-03,featherweight,0,0.1323337688340858,2022
b2b4ba541349261a5183a952,2022-12-03,middleweight,0,0.582889117347117,2022
fbe2eacc0874d97394ea1832,2022-12-03,middleweight,1,0.41692475674919666,2022
ce3faf675b6078ae06995f59,2022-12-03,featherweight,0,0.3490774258091256,2022
4dac47d315d1aca95332a102,2022-12-03,flyweight,0,0.36003485220666953,2022
cfc93cd8941fdfe5321696d6,2022-12-03,lightweight,0,0.800298705073832,2022
4f162c7c30d92fff90d239d6,2022-12-03,lightweight,0,0.1561335504412207,2022
6896a8bee73ed65ceb61e90d,2022-12-03,welterweight,0,0.573510763133624,2022
3df0cd81dd767dedc14ec088,2022-12-03,welterweight,0,0.7655035294690532,2022
ffaaa6810e903c894557c687,2022-12-03,heavyweight,0,0.3221295270322139,2022
69d8f51a708f4a602eb6b066,2022-12-03,womens_strawweight,0,0.4313830842731739,2022
d685375c090e0b3ac4d13d51,2022-12-10,featherweight,1,0.4244487481083476,2022
97918cbcbe4b3af27679dc76,2022-12-10,featherweight,1,0.4376547857136401,2022
195a4a25edefbdee1978add5,2022-12-10,bantamweight,1,0.49631284086697375,2022
f41619679889d65542ce470d,2022-12-10,middleweight,1,0.5171357106918226,2022
898f396f3f2e781708ad4221,2022-12-10,middleweight,0,0.47838153023427565,2022
89ac380a2e7df762e9960bef,2022-12-10,middleweight,1,0.7073296310227674,2022
6f83248ed364da425ac6e6b5,2022-12-10,heavyweight,1,0.43305338050515946,2022
220fc84b9439edce53facd04,2022-12-10,lightweight,0,0.7013100273835801,2022
c21d7cb712ee6288e115f864,2022-12-10,bantamweight,0,0.6344148164117615,2022
11988bf1857ae4bc7fc9fc71,2022-12-10,catch_weight,1,0.4047267762962714,2022
6cac8e9e2664ec7c35a78b87,2022-12-10,featherweight,1,0.6078254060406345,2022
18932712ef980754aa8ea7d5,2022-12-17,featherweight,1,0.4994649710585185,2022
a908a1420ff1d9f94575f943,2022-12-17,flyweight,1,0.6720792455623728,2022
bbc491df17960bb5bff6b31e,2022-12-17,lightweight,0,0.2881666215568716,2022
0c96e42f32a09a794ddebc39,2022-12-17,welterweight,0,0.49262769617781166,2022
fc2b431ca6e0290539b9ecfb,2022-12-17,womens_strawweight,0,0.4752054762572729,2022
376d706e7b1fffd65da0244c,2022-12-17,middleweight,1,0.501917084963882,2022
62c857b47d6eb83bf9f679d1,2022-12-17,flyweight,0,0.5124245838859247,2022
8b3108a9d38cc348b9ee1402,2022-12-17,lightweight,0,0.5068982522182408,2022
708385da1df75bfa8783285c,2022-12-17,welterweight,1,0.31168984266819444,2022
62df437ecc82bbfb87460bdf,2022-12-17,middleweight,1,0.3581985560500663,2022
b09e70f040d7ee1dc6260cd4,2022-12-17,lightweight,0,0.34879604307391365,2022
71ea7cae81899e81d9ce58fe,2022-12-17,bantamweight,0,0.46470248215731347,2022
9560c9fd3964613752555ddd,2022-12-17,bantamweight,1,0.6003114957981398,2022
c1e71d1d9adb482155fb773f,2023-01-14,flyweight,1,0.4942224310741002,2023
d0381b088b9a49444821f7b5,2023-01-14,flyweight,1,0.5396586576826802,2023
473cb05603e509a4bfc9c579,2023-01-14,middleweight,0,0.37274356399574365,2023
24f815b1e2137e2461a6637f,2023-01-14,featherweight,1,0.5657557050980665,2023
f458bcba7703f48484dfacf4,2023-01-14,featherweight,0,0.4500309471861216,2023
483b08fc27731ad0a87cdc0e,2023-01-14,bantamweight,0,0.20148380904204138,2023
ec208d732aca7f0b1f0f698d,2023-01-14,womens_bantamweight,0,0.526493134610392,2023
52d6bc7e6509310031ed4ffe,2023-01-14,lightweight,0,0.4689934253250272,2023
c80a716a5e04319dc22d6f21,2023-01-14,middleweight,0,0.5513270710894238,2023
e38165574d6bfd63d4e79446,2023-01-14,light_heavyweight,0,0.3895408178536627,2023
e2ebd640cdbbcc28ca2e8743,2023-01-14,bantamweight,1,0.876350595323738,2023
c571321ad6d07f540414f93f,2023-01-21,flyweight,0,0.3655411997915056,2023
1879c14c12351601569b29a1,2023-01-21,welterweight,1,0.38506466530890743,2023
f709c650ce5f7a1d36b7501e,2023-01-21,welterweight,0,0.6316396117266665,2023
2b19d65e695d66ba7d5f52dd,2023-01-21,light_heavyweight,0,0.3274727861188148,2023
67ced6d3bcd5f9cff7b178ae,2023-01-21,middleweight,1,0.25232420375080944,2023
a292c3204c848fc795af4c9b,2023-01-21,lightweight,1,0.13836069795467504,2023
7b9b0213d00e3e62562edc0e,2023-01-21,womens_featherweight,0,0.13723793785179644,2023
2d3203b53911c02b06b5c3d3,2023-01-21,womens_flyweight,0,0.31477380958154977,2023
88c05dde0cfbbe4c9eece03b,2023-01-21,bantamweight,0,0.18509879539477236,2023
c20db3255eb0b21fa2aab9f9,2023-01-21,light_heavyweight,0,0.6941948813584161,2023
7ba2b9a199192a87d60f6838,2023-01-21,light_heavyweight,1,0.6939072977771105,2023
170c5bb7b9800aa0cb5760fd,2023-01-21,bantamweight,0,0.5805874303487365,2023
f8fe5853ba92aa1d4941f315,2023-01-21,heavyweight,0,0.3280548667762816,2023
a35835c41d69a4aa0cc51950,2023-01-21,lightweight,0,0.31079153692182765,2023
f78c5d74308eea6a9b237336,2023-01-21,welterweight,1,0.4489067334968837,2023
4379c427241e16c5c42ff97a,2023-02-04,light_heavyweight,1,0.3800627513729489,2023
fb3ccccef9c44cd3f44a1d43,2023-02-04,heavyweight,0,0.3055333751101864,2023
e58678b9928dcd7e2a89b900,2023-02-04,lightweight,1,0.4689934253250272,2023
5ffe7cef56c8e5dc2a3b0312,2023-02-04,featherweight,0,0.4689934253250272,2023
c06582e8c3186fa75ccd836a,2023-02-04,middleweight,0,0.25625648595917105,2023
5eafd2114e06744c7808d3eb,2023-02-04,heavyweight,1,0.5848919581852667,2023
c55aa74790a7618ed08e5e86,2023-02-04,flyweight,1,0.4689934253250272,2023
667af8ef779c3de51b6ca32c,2023-02-04,flyweight,0,0.23667267084563473,2023
92ddbc29697faa23279ea2aa,2023-02-04,bantamweight,1,0.4689934253250272,2023
c0dbc7dac4a69fdfa7b8a7e5,2023-02-04,welterweight,0,0.41649410290773087,2023
e3a6a92a6b4c14140c0f5668,2023-02-11,lightweight,0,0.48407039022454273,2023
8e99069a041aef3a93ceeef4,2023-02-11,welterweight,0,0.5077043519902638,2023
9ac871fd5b77a57cde66e145,2023-02-11,featherweight,1,0.6155897411955693,2023
128eedfd624aae6d0ee3489b,2023-02-11,lightweight,1,0.5448874383953344,2023
3138bab08e28eac977aae47b,2023-02-11,featherweight,1,0.5594644953120175,2023
8e0261939b3d9069a93806f4,2023-02-11,heavyweight,0,0.4870703400036823,2023
4becbd5521ee229580343aec,2023-02-11,womens_strawweight,0,0.34610025748017864,2023
50535e74ff87ae17e1c4af13,2023-02-11,featherweight,0,0.5645246208880095,2023
39b8a2a3689793a61bd1f93d,2023-02-11,flyweight,0,0.37225372631184833,2023
352db25f95df258b62afd7f3,2023-02-11,light_heavyweight,0,0.6111514693057561,2023
e2a5ee873106609aef8b7d36,2023-02-11,featherweight,0,0.3783996230302615,2023
3f5d726191be802693a573f0,2023-02-11,lightweight,1,0.22342983238364147,2023
9d14cb3c9c8fd9e831cb2b86,2023-02-18,welterweight,0,0.3676518717651462,2023
a36fcfd26910843e21b34572,2023-02-18,flyweight,0,0.5743354208245918,2023
47e078d89d36a38676c579fa,2023-02-18,featherweight,0,0.3525734701505051,2023
389d6b8640bdfa2549c1e3fb,2023-02-18,womens_flyweight,0,0.6182226081542621,2023
05ce260e041a2605c602d2d6,2023-02-18,lightweight,1,0.6845398104061614,2023
7cdd2df80d6a6c593a282b52,2023-02-18,light_heavyweight,1,0.6072904717353566,2023
33ac9685a2515b76f149fc89,2023-02-18,heavyweight,0,0.4380379943116105,2023
73b63059d90c2960c03c75b9,2023-02-18,womens_bantamweight,0,0.23462339824773903,2023
92dbac7a52867e46b35fafbb,2023-02-18,lightweight,1,0.567035561831652,2023
a4d636f7490aa62d4f569a1a,2023-02-18,light_heavyweight,1,0.44229639903498164,2023
a77ddc24d18d055941c6bf15,2023-02-18,light_heavyweight,0,0.5692869887450828,2023
f489e5bd58bfc35f1f4419cb,2023-02-25,middleweight,0,0.5720168879816756,2023
758f1c497bf18e82210ab5c3,2023-02-25,heavyweight,1,0.5324110120646909,2023
5c80a7b04497ad5ee2bddd57,2023-02-25,lightweight,0,0.48830023058852834,2023
3fec13ee85d7f9983960b3cc,2023-02-25,womens_flyweight,0,0.527860566818145,2023
0176ced8c9d94d30a64e4a7a,2023-02-25,lightweight,0,0.20095635470406492,2023
cf7adf6d36d1b08cd9d8d30f,2023-02-25,lightweight,1,0.7266888760560879,2023
b8372e22cddbfa48ea909485,2023-02-25,welterweight,1,0.5587635969853507,2023
6b4e4ea9b801548615975cd1,2023-02-25,catch_weight,1,0.38867970428786186,2023
6ea6168d8e84815d2134058f,2023-02-25,lightweight,0,0.6577289532651416,2023
fc0acba87af9f8c76a7e2940,2023-02-25,womens_flyweight,0,0.2896542761325923,2023
ddddb220f603a1df3e1e0161,2023-03-04,middleweight,1,0.6090564684198132,2023
72321c6bbe98eff02e4095f8,2023-03-04,bantamweight,0,0.34599606000371663,2023
cc0b7fa4194f7f6e6d3a39f1,2023-03-04,bantamweight,0,0.4689934253250272,2023
85fe8793909e6952c9f78f00,2023-03-04,middleweight,1,0.645316149207424,2023
7363e41d86228b1d3ccb37ac,2023-03-04,lightweight,1,0.4689934253250272,2023
4e033da568b46a961139d1ab,2023-03-04,welterweight,0,0.3672759519129672,2023
d3cfb0d2b891ff38ada976af,2023-03-04,welterweight,1,0.5958980343093009,2023
cbd06542b2b208df53fd406c,2023-03-04,womens_strawweight,1,0.7246122997030412,2023
c3f3ab3581e4101201417c58,2023-03-04,heavyweight,0,0.2603300004714863,2023
9314741277e5a546928ec867,2023-03-04,middleweight,0,0.40414503425745496,2023
483a44eda1de7ba858e8ac87,2023-03-04,bantamweight,0,0.36409090566844426,2023
ec001e69e1a671cb55343f5d,2023-03-04,lightweight,1,0.6127831129666814,2023
79f6fa67f74ca1d1eceb89f0,2023-03-04,womens_flyweight,1,0.21543399551372344,2023
ae1d2e42c74ebe569b8bf839,2023-03-04,womens_flyweight,0,0.41790852734311246,2023
2c3d9b8cf266f7d87b21947a,2023-03-11,heavyweight,0,0.34345719573412226,2023
28667af2ecff9e735860e563,2023-03-11,womens_flyweight,1,0.25164938536538173,2023
51fc827668838509328eca57,2023-03-11,welterweight,1,0.5266398941734257,2023
02b6dc85938acd2c6dc76f32,2023-03-11,heavyweight,0,0.655181025792419,2023
5e42a3409698012174f55aa2,2023-03-11,bantamweight,0,0.11685146706273643,2023
cc22e042a99a400b3b543787,2023-03-11,catch_weight,1,0.4353638220364056,2023
4a7cf56c83980792658c3945,2023-03-11,bantamweight,0,0.536649744327285,2023
970d1a7858aa5b5c168bdb4a,2023-03-11,bantamweight,1,0.508785898122231,2023
8c472cd93fff869b8c1659b3,2023-03-11,bantamweight,0,0.4656414687444128,2023
57624421d747b53b6a9fce19,2023-03-11,middleweight,0,0.4884353543432172,2023
121d895ec34c4ee500d71121,2023-03-11,flyweight,0,0.28509190647704946,2023
39493c979c1bfbe357de6651,2023-03-11,bantamweight,1,0.4402679949971712,2023
313274f54c13e378c9782b8c,2023-03-11,light_heavyweight,0,0.5322665394796965,2023
3ef5192d293b633a47593b25,2023-03-18,lightweight,1,0.6015582751534566,2023
67939b6e4ba8a035489881f7,2023-03-18,middleweight,1,0.34788637198998884,2023
ba6858c0646216e3a271c7f5,2023-03-18,welterweight,1,0.5359849843910548,2023
a41a13deba0d06034c0c24a0,2023-03-18,featherweight,0,0.1523064643782592,2023
be9e3b6594a545c5ece02333,2023-03-18,flyweight,1,0.49013521678525185,2023
bd93d7b8110bf0a192791038,2023-03-18,womens_flyweight,0,0.7060260754306079,2023
aba38730016b8b0777777ee5,2023-03-18,womens_flyweight,1,0.6014664331410933,2023
a445f6f894e3074c43e9960f,2023-03-18,womens_flyweight,0,0.6119123854672044,2023
0204fb629e0e6e99f3a62ea5,2023-03-18,lightweight,1,0.4631064272726911,2023
a1b6f8d2aeb238711fe9cd1a,2023-03-18,welterweight,0,0.40543956730927544,2023
a9bd37ea947df11dfb5e63f7,2023-03-18,featherweight,1,0.7183011069930004,2023
bd7c4c65dd0660d691a5b7ad,2023-03-18,middleweight,1,0.6542320107184175,2023
e95f3b99a35f4827b821860d,2023-03-18,flyweight,1,0.7724953673798255,2023
759b5432bb0e95fb6e5a4cad,2023-03-18,lightweight,0,0.4689934253250272,2023
c1d7d7ce041d52e09d7193c7,2023-03-25,womens_flyweight,0,0.39192673529479194,2023
034e224915320f869f1dba0a,2023-03-25,middleweight,1,0.467001243411945,2023
717be830f10bc6172050d1e0,2023-03-25,flyweight,0,0.3144440482726702,2023
fb68a3891e073458dc6aaa5f,2023-03-25,featherweight,1,0.3509238782333508,2023
b4bcc9e8264244b410d7df4f,2023-03-25,womens_bantamweight,1,0.615330260117472,2023
84ded834631bc85d1a979066,2023-03-25,bantamweight,1,0.5129821960355049,2023
3932764824c5a65f4ea80b0a,2023-03-25,featherweight,0,0.5342977631660989,2023
3da110d1cd53964797f27c55,2023-03-25,featherweight,0,0.5018161709242983,2023
bc34061f7585c8cb754582fc,2023-03-25,welterweight,0,0.3558965540155573,2023
d8bf04bd476c5def9385b3ed,2023-03-25,flyweight,1,0.5864553304916565,2023
090d5cdefe42617fa644a06f,2023-04-08,middleweight,0,0.38651612147202197,2023
f4262813b91eccfae338f71f,2023-04-08,middleweight,0,0.5825630125701137,2023
b3e3b5f129a63fb2038e58ed,2023-04-08,womens_strawweight,0,0.43218994839060776,2023
30c5225ba53208cd76437d3b,2023-04-08,middleweight,0,0.6619254824126136,2023
50f3bfb5121b7b06fdb05de0,2023-04-08,welterweight,0,0.4773044303628869,2023
a3cc4d0be0f091345c0e83cd,2023-04-08,catch_weight,1,0.596781509868057,2023
186919d4a2872e5c626d87b8,2023-04-08,womens_strawweight,1,0.5323200596853739,2023
50677f1bf973ddd98ff7be61,2023-04-08,welterweight,1,0.6501298398495182,2023
5bf9cd7d305f8634d4423b73,2023-04-08,womens_strawweight,0,0.6369831283350762,2023
542ab5e1dd01c45dbe923832,2023-04-08,bantamweight,1,0.3582298678713004,2023
cb56c19233738e3f99fb0b06,2023-04-08,bantamweight,0,0.5118973191421464,2023
7941baf2f9c14b9bc5dc6877,2023-04-08,featherweight,0,0.4105866304262339,2023
536fc9ff4143a7f0ef5213e4,2023-04-15,bantamweight,1,0.5972376435021023,2023
58d7a5e6018b4265e7a4b16d,2023-04-15,featherweight,1,0.522963827982083,2023
f5d38b8d75c4c47b6cad6b69,2023-04-15,flyweight,1,0.3360271833941661,2023
7b3a87bcfdaf6184fa346634,2023-04-15,womens_strawweight,1,0.5379741202965765,2023
305a994660d1f7aefbc2d278,2023-04-15,lightweight,1,0.8276056599364073,2023
8aa967b47782f05988eede93,2023-04-15,light_heavyweight,0,0.5027379432297742,2023
e32814b20fa0d61f9191d8d6,2023-04-15,featherweight,0,0.6343328141197739,2023
2df2b28eed63b6044ceb774a,2023-04-15,womens_strawweight,0,0.4081005974988608,2023
6576e21f61790cd99298296d,2023-04-15,womens_bantamweight,1,0.7071476771708131,2023
fc2939e831f145899a2e2a1e,2023-04-15,lightweight,1,0.2934442833671386,2023
8585d2f9c10439b3ae1c6def,2023-04-15,featherweight,1,0.2976743542940372,2023
715f478ae35da582d9f2f26f,2023-04-15,bantamweight,1,0.24706766061460858,2023
a3b645cd303899e532cb969f,2023-04-15,light_heavyweight,0,0.4603941789633386,2023
4c702db73869ec0f411cd286,2023-04-15,light_heavyweight,0,0.23178982184666921,2023
99f50e21f3c2b8fb41bfe804,2023-04-22,middleweight,1,0.5465719510022199,2023
379db5a242315cc0331f6ab9,2023-04-22,bantamweight,1,0.3862782828599465,2023
42d8de57f8ac25ae0a59af37,2023-04-22,featherweight,0,0.3691223759564042,2023
69df5f5db0fe03de6d83eeb9,2023-04-22,womens_flyweight,1,0.4897315938814784,2023
ebbd9b0e418daaecd3a5147b,2023-04-22,welterweight,1,0.44892176072630713,2023
a81b666d9fea33d5a4e4e227,2023-04-22,womens_featherweight,0,0.4702266076281943,2023
15793bfec6a8406b59adf881,2023-04-22,heavyweight,1,0.41200375287079155,2023
cf2e08d1a2de456001218fbc,2023-04-22,bantamweight,1,0.7156597854791521,2023
2d07b591baacde698e40eca7,2023-04-22,lightweight,0,0.5091171529519304,2023
d0f44949b918faa8a43733f9,2023-04-22,heavyweight,1,0.38844856928580823,2023
64bd164890b13ccd6152e1f3,2023-04-29,middleweight,1,0.43901503399316505,2023
382d5f5de3ab9af93ca82b63,2023-04-29,flyweight,1,0.6427500599170695,2023
e74e0fcfe591662c36de0f91,2023-04-29,womens_bantamweight,0,0.5555420878752856,2023
9404efffd14ae8bc7d0dad29,2023-04-29,welterweight,0,0.5391348911276509,2023
361d3b8343a3062df1f20add,2023-04-29,catch_weight,0,0.3693822997778389,2023
209f89bb364ad65d94f93f8c,2023-04-29,featherweight,1,0.2389695016261632,2023
de2dcd0f2af8b8f8855a9ee1,2023-04-29,heavyweight,1,0.4956003403083996,2023
79b7440c98a3fe7209a2b6c5,2023-04-29,heavyweight,1,0.46248275980577835,2023
a482e08e398790dbc62aab8b,2023-04-29,middleweight,1,0.5111772372939664,2023
996883e37beff1a1ac3bb2d5,2023-04-29,bantamweight,1,0.47461534684164136,2023
c0f12ad7885173fca8c8dadf,2023-04-29,womens_bantamweight,0,0.6845316496333151,2023
8cc6c1a80c3b3e78fc639607,2023-05-06,bantamweight,1,0.6140653893165006,2023
8f175dda24ee4d5ed157611f,2023-05-06,welterweight,1,0.6583918729428458,2023
38e28862ab0d408ffcf40da9,2023-05-06,heavyweight,0,0.3441764394545864,2023
ac89ad183f32d054d164ee0c,2023-05-06,lightweight,1,0.4296128924813893,2023
ef1bf09246b82fc675505721,2023-05-06,womens_strawweight,0,0.6001291913763708,2023
b96182f98b3de52de631a16b,2023-05-06,middleweight,0,0.521020087003524,2023
2db72ca1fb0fdb7fffe3a93f,2023-05-06,light_heavyweight,1,0.6770234248480849,2023
c5ebf8e79324e5939125f9ad,2023-05-06,welterweight,1,0.6954606309484967,2023
3e2e956ecc31c21affc1243d,2023-05-06,featherweight,0,0.28744483059849235,2023
023c4ee9d811ea4e3c8b11fa,2023-05-06,womens_strawweight,1,0.30331366033992485,2023
0675c46166735f4643081ce6,2023-05-06,featherweight,0,0.14056425211079593,2023
3d3bc5c58bede42fd36c2efb,2023-05-06,middleweight,0,0.7186014464373872,2023
73f39af8d610478efc1c33d2,2023-05-13,light_heavyweight,1,0.5998464306036511,2023
7a5e52cdf64699c40ca7635d,2023-05-13,welterweight,1,0.5618352827852364,2023
8ea417e09eac08a2ad3fe828,2023-05-13,light_heavyweight,0,0.2933077317242403,2023
f4ebeab135e8d5bb06730df8,2023-05-13,catch_weight,1,0.2598011525308173,2023
bcb161a3c9d9e2a50a8e2857,2023-05-13,welterweight,0,0.5933543927995706,2023
74a34d39413c8f931bad1e28,2023-05-13,heavyweight,1,0.4700262956582778,2023
f166d8ac6a457943bfe528eb,2023-05-13,womens_bantamweight,0,0.5497713522392884,2023
2d1948b604cc1d52072429d7,2023-05-13,womens_flyweight,0,0.45552273186454323,2023
7eb37ee4f1b3f74a15b948a6,2023-05-13,heavyweight,0,0.2934099127429718,2023
90d417de02b6d71ffa660d3f,2023-05-13,welterweight,1,0.3517232038325738,2023
834f2fa194fc1425e6d5a51f,2023-05-13,welterweight,0,0.3758545931767084,2023
9dea78b803a1d3cbffb84573,2023-05-20,welterweight,0,0.3857494911834483,2023
d5f1029bfe5ae4808dbdeb8b,2023-05-20,lightweight,1,0.5673350193582863,2023
583ed00e1a40f7bc24f0e7d7,2023-05-20,lightweight,1,0.6768927076403224,2023
a5c6f22d83c3a5cd1f37e6d1,2023-05-20,middleweight,0,0.4807165593175311,2023
19550019194953c70877b46a,2023-05-20,catch_weight,1,0.6077498036250973,2023
618b7b63848dfb28d9e75658,2023-05-20,heavyweight,1,0.581712062030072,2023
4dad1eec32d230346a567d14,2023-05-20,womens_strawweight,0,0.5201169701000522,2023
f80948e2b2d88cf85d8f69c2,2023-05-20,womens_strawweight,0,0.3764258569496299,2023
e14152d9d3bcd814f7a78595,2023-05-20,lightweight,0,0.3925441485362426,2023
7a892f12809c158957f4222c,2023-05-20,womens_flyweight,0,0.13485182108926708,2023
24d6f64dd1a9f4a00b60b172,2023-05-20,welterweight,1,0.5502904544048728,2023
a9283fde7464f78285f35d4a,2023-05-20,welterweight,1,0.5089006545386286,2023
8d2657059b80b7d256f63ce5,2023-06-03,welterweight,0,0.46986044757066037,2023
c47c6d03bdb49b711c50f83c,2023-06-03,featherweight,0,0.3628506390765277,2023
fbdb0f998a41190f2e544cb6,2023-06-03,heavyweight,1,0.6353805079262285,2023
211bd8ca31ce0bf9f809f926,2023-06-03,bantamweight,0,0.5781928212406527,2023
1f74546eab5290536943b881,2023-06-03,bantamweight,1,0.4661352204530985,2023
43dc5779bee5d6e1feaf1211,2023-06-03,womens_strawweight,1,0.5224144390429071,2023
b53d7181f6baa5828ee82925,2023-06-03,lightweight,0,0.7396377221728097,2023
eb35eda2f8e562604a3a6587,2023-06-03,lightweight,1,0.8252622193820907,2023
a2548db55f411224c2090a87,2023-06-03,bantamweight,1,0.524005690677062,2023
810ebf65cda6f08605d0dfb4,2023-06-03,flyweight,1,0.5525552213246964,2023
ba64fa041a0a17289f7ec4aa,2023-06-03,womens_flyweight,0,0.523852897079095,2023
67fdbe55ae06879de2d3096b,2023-06-03,light_heavyweight,1,0.479059380411677,2023
e30468a3c5bcc4c5e6f074a6,2023-06-03,flyweight,0,0.39019464635986933,2023
41b34cfef0a3c136d4b18cf6,2023-06-10,bantamweight,0,0.4195339407316893,2023
2a7b20dea79359f48d7d2aed,2023-06-10,womens_bantamweight,1,0.7587464603839643,2023
1f2ee3d9684f952d35509047,2023-06-10,lightweight,1,0.4821277041519056,2023
74a471c2a8c54c1c590e1255,2023-06-10,featherweight,1,0.6368191924526238,2023
dca56b74a39286560767984d,2023-06-10,flyweight,0,0.5733758766638772,2023
fb60c604b16810077c6dce79,2023-06-10,womens_strawweight,1,0.3972979846753439,2023
753ef8a86a13c56c70328743,2023-06-10,featherweight,1,0.27379023808117325,2023
bfe91c9408462da03caada04,2023-06-10,middleweight,0,0.49284949513440807,2023
f6498a4788e114791bbae90c,2023-06-10,welterweight,0,0.41071871421774253,2023
0830f25bd926d3257e23b2ff,2023-06-10,womens_flyweight,0,0.6816721548388203,2023
b5479c9894d56b527aaf98e8,2023-06-17,lightweight,0,0.09794797779901356,2023
fa8e30b594409ffd405b94c7,2023-06-17,middleweight,1,0.6101689517914934,2023
5de7511b539dc2f35627eeb4,2023-06-17,flyweight,0,0.6546793256307314,2023
1553628079b91961f98be03a,2023-06-17,flyweight,1,0.8299138113766011,2023
1701803460c2492f8c88e6dc,2023-06-17,bantamweight,0,0.3232583463940833,2023
5ea10d9b2508835213a7e16b,2023-06-17,lightweight,1,0.5728297477370321,2023
1ae6f24c34066c35e05a0ac5,2023-06-17,middleweight,0,0.6651612838512065,2023
71155f2f38de2cef21d41ad4,2023-06-17,welterweight,0,0.5106895782283584,2023
4afc828e854d71a980a4da1f,2023-06-17,featherweight,1,0.47500170561346633,2023
1dc63941f97c2b53d6e7944e,2023-06-17,womens_flyweight,0,0.4897195258246612,2023
b835ef106ba0d320989caaa9,2023-06-17,light_heavyweight,0,0.5055440829591553,2023
9738dbbd12c022ab8c0244f4,2023-06-24,womens_flyweight,1,0.5147941140360484,2023
26d1929d5e6faf685d9524e4,2023-06-24,middleweight,0,0.34975928409280976,2023
02caa0904488e97a0c57821e,2023-06-24,middleweight,1,0.3914602780921332,2023
8538c8b918b1de21ed7edfdc,2023-06-24,featherweight,0,0.4969639029068969,2023
0c4515b1fb214c21809f0083,2023-06-24,featherweight,0,0.5979796509313157,2023
a6a76a7a7db7da77a11b5ecc,2023-06-24,featherweight,1,0.7483705416065595,2023
0744f58285748a8258aff8bb,2023-06-24,lightweight,1,0.4378563154110141,2023
86089570ccc769b26795cf5c,2023-06-24,welterweight,0,0.12859102362728808,2023
34413a75b78402855b689235,2023-06-24,welterweight,1,0.7336994333924842,2023
d63c07a027a8bfced274a3e8,2023-06-24,womens_strawweight,0,0.5808031235284238,2023
355dde8fa8af4f55e7903345,2023-06-24,lightweight,0,0.7210818407524773,2023
d903ae15997c5c3259527ac9,2023-06-24,flyweight,0,0.29552826308421926,2023
c16d37110bfde910cc00a282,2023-07-01,heavyweight,0,0.33624568486859546,2023
f0881ed5aee329899d5dbe32,2023-07-01,womens_flyweight,0,0.5774246808602389,2023
ff5a4b29681042b715de7dd8,2023-07-01,middleweight,1,0.414084134416157,2023
66a014a3d695164cadb97344,2023-07-01,lightweight,1,0.7833980368279313,2023
5a3fafcfe8cf52b7388b69c6,2023-07-01,lightweight,1,0.575912491282226,2023
031c91854eac829bdf2ffa2c,2023-07-01,lightweight,1,0.34816629244239383,2023
40db9ab26d4cae9288a4883f,2023-07-01,womens_flyweight,0,0.45664986129537977,2023
4ce7c778f23cd1bf4546e0ec,2023-07-01,featherweight,0,0.3029683730697526,2023
2906ec3d58e436e5228c8dff,2023-07-01,welterweight,0,0.4424099999864382,2023
36428584824bba6898b4824a,2023-07-01,welterweight,1,0.3131290488179796,2023
44200bfac7f2a84fa9b3c2c3,2023-07-01,middleweight,1,0.579124102366957,2023
f2750b184214af53cd2d9552,2023-07-01,womens_featherweight,1,0.5484560340122961,2023
bfd5cf090725753cb73a2027,2023-07-08,featherweight,1,0.5702098783382272,2023
b7b4f20cf8dafb6a112ac7d0,2023-07-08,middleweight,0,0.49529667666704613,2023
8391134e7f930a916e52ef20,2023-07-08,flyweight,1,0.245220428772133,2023
339bc6663a7f472154266feb,2023-07-08,bantamweight,1,0.695307970730905,2023
59f58c9c40c64fe1b8d474ff,2023-07-08,lightweight,0,0.4487259746707971,2023
8b7bd39fd6c76d413400ef59,2023-07-08,light_heavyweight,0,0.4637322178703642,2023
d05493e5cdd7938e02c6367f,2023-07-08,lightweight,0,0.37358759210621784,2023
e724df897e9fa95b33128001,2023-07-08,welterweight,1,0.25499974453901997,2023
243b01b43b4d154ee283edb4,2023-07-08,middleweight,1,0.5548276264139346,2023
0580b939723798e97e523064,2023-07-08,flyweight,1,0.6976989499842207,2023
3ee9d49d2883a76f0d0b3ebd,2023-07-08,catch_weight,1,0.7027014667891365,2023
307078a8aaf55515debd7e4a,2023-07-08,light_heavyweight,0,0.5589668156045509,2023
c040765e9cd22df2535af702,2023-07-08,womens_strawweight,1,0.3966612888497664,2023
0e415addf4419c1bb7040995,2023-07-15,middleweight,0,0.33844649071474486,2023
fae07c7909695a8de2670ea9,2023-07-15,lightweight,1,0.3849707928273309,2023
95d5ccbd56f49fdaea7018e3,2023-07-15,womens_bantamweight,0,0.452445550470535,2023
570ed242ca21c62fa3a6e0bd,2023-07-15,featherweight,0,0.4319593118373358,2023
5fb55152ac40582efdac2338,2023-07-15,lightweight,0,0.4588269293012861,2023
dc8c54b14e642c0f7dcc5d7f,2023-07-15,welterweight,1,0.8585954815472026,2023
d5acd4b37d67e89519b6bd83,2023-07-15,lightweight,1,0.340706646150301,2023
59e240a1926ab9668d4ea114,2023-07-15,womens_featherweight,0,0.3356941468016006,2023
20480c79595fbb7397cbcdad,2023-07-15,lightweight,0,0.3658044781202823,2023
0504e93f7602bdaadee9e83e,2023-07-15,featherweight,1,0.6011282704686066,2023
c66bd437648ce6c9d36fffd1,2023-07-15,flyweight,0,0.6419097336134281,2023
aee881a6e3b66ff815a14b4e,2023-07-15,womens_strawweight,0,0.5301881552721119,2023
37dbd1517fc350dfdb82fe5e,2023-07-22,lightweight,0,0.6911133054866435,2023
2086564bb6d1a17b69d9594a,2023-07-22,welterweight,1,0.3473885736652954,2023
85cc199fb2cc71d7610b426a,2023-07-22,bantamweight,1,0.3290714869766613,2023
d374ad54876bdc9ab00d188f,2023-07-22,flyweight,1,0.6833211079009683,2023
f287ecd9b1b2b7e5886818fe,2023-07-22,lightweight,1,0.7819402397809939,2023
5e03556ac21059d5540468b2,2023-07-22,womens_bantamweight,0,0.42248726369471334,2023
88f4cf3ed1e8dc3bee9e78de,2023-07-22,featherweight,0,0.4666929954771819,2023
f684f924db9762a5a24943d1,2023-07-22,middleweight,1,0.4860371249290903,2023
07930a4698e812e3c33400df,2023-07-22,lightweight,0,0.5342938641579196,2023
dc10ede4fff61150475f025f,2023-07-22,heavyweight,1,0.2902784636826733,2023
1e5aadefe4f8b514331f7df1,2023-07-22,womens_flyweight,0,0.6219684842078866,2023
be6f6a66dd1475a253d21e8f,2023-07-22,featherweight,1,0.7022364841452877,2023
cdab172520a4c2a4e3be3200,2023-07-22,middleweight,0,0.7162239465445824,2023
b6deee15173724b04f140ec9,2023-07-22,womens_strawweight,0,0.6636837659183747,2023
8dbb536f8d8d18684dece8d9,2023-07-22,heavyweight,1,0.6970788194622799,2023
cf7ebf33fc2afed4809e7db8,2023-07-29,flyweight,0,0.4334362975232333,2023
4e8cbb73bf869a8da3d7deaa,2023-07-29,heavyweight,0,0.43839047743001186,2023
2a07f8ea0b27887c995f15a1,2023-07-29,lightweight,0,0.4701186059288075,2023
f1f93d9da3d77601ddc068c8,2023-07-29,welterweight,0,0.7479070220060042,2023
7cfdf3b2768432a51473f253,2023-07-29,welterweight,1,0.7611355537607325,2023
73c5255ed61178a04a589d37,2023-07-29,light_heavyweight,0,0.3924866822676494,2023
542062f841901da309fd39d0,2023-07-29,welterweight,1,0.42117139175796664,2023
1441ccf352df4b05c9a83aea,2023-07-29,welterweight,1,0.694872221490715,2023
c7180a83d72402d7608bdceb,2023-07-29,womens_flyweight,1,0.749172486474432,2023
3a32c6a5cc5a1fd46bea3e47,2023-07-29,middleweight,1,0.6149596810180902,2023
7bb394fbae44e1da0cd5bca3,2023-07-29,lightweight,0,0.28948904417307825,2023
282fb397e104dd45c570b28a,2023-08-05,featherweight,0,0.49023128147758815,2023
b787cf6c2fa2ed8c9e195150,2023-08-05,flyweight,0,0.29622339054129,2023
6560f72e1b1c9b8138574df6,2023-08-05,catch_weight,0,0.3794088116286402,2023
f94e4cad52bf9a6b2f38df61,2023-08-05,featherweight,1,0.6598447802108718,2023
ce84563cfe04a65b5b76020c,2023-08-05,light_heavyweight,0,0.5800093126206826,2023
0473c7065872a7d67606359f,2023-08-05,lightweight,0,0.700797814845564,2023
268d66a04a0a2276ada61537,2023-08-05,welterweight,0,0.6256260911729681,2023
d6ee9a0d0b602cdfb29a682a,2023-08-05,womens_strawweight,1,0.5717702731290932,2023
d51412c5c86ef83705f9476f,2023-08-05,bantamweight,1,0.6880323207806307,2023
bb3b63715b62f6b0e4f65950,2023-08-05,flyweight,1,0.4680992128365045,2023
358d2e14d9541e87802ef07a,2023-08-05,featherweight,0,0.4345183979169345,2023
8a9f408c675d89c45391bc0c,2023-08-05,light_heavyweight,0,0.4355016469508037,2023
cc0dfcba2a9a1a686e41e380,2023-08-12,middleweight,0,0.537273442295831,2023
21b8a0738ac50baebd05d9ac,2023-08-12,featherweight,0,0.6680346377547837,2023
b0a0a0e4e665e9f2ee272956,2023-08-12,bantamweight,0,0.3539588469390304,2023
56c51c3acfc72d7fc859ad42,2023-08-12,featherweight,1,0.3576650075702445,2023
f83ebe6bf664c143f114ee24,2023-08-12,womens_strawweight,0,0.5082579790975874,2023
cae33a4c01f60ea5bc1c2a9a,2023-08-12,middleweight,0,0.39733880784352765,2023
d7b541461594eecc66b90080,2023-08-12,heavyweight,1,0.5759348188131334,2023
21dc27ee66f98446e047ad70,2023-08-12,bantamweight,1,0.6342096996484672,2023
6f0ec3612994e967fb90e063,2023-08-12,womens_flyweight,0,0.45992785935765207,2023
e18d45083a7c265a8622e262,2023-08-12,light_heavyweight,0,0.709004887751197,2023
c9c58ef3f78b8a1983f75960,2023-08-12,womens_strawweight,1,0.4643115749121548,2023
a6d4278c3e85ccf981d560d7,2023-08-12,lightweight,1,0.7226439966743935,2023
fe4d9885f4576d7ab9015c10,2023-08-12,welterweight,0,0.3750070723733422,2023
471c5569daaa1a004351935d,2023-08-19,bantamweight,0,0.5994427269943676,2023
0b46edbdd82ecaaa8339d80a,2023-08-19,middleweight,0,0.38526291135418395,2023
34b4caec2c3e9c8cc351c602,2023-08-19,womens_flyweight,1,0.7067841868092859,2023
2defed33fd46d631e90ba986,2023-08-19,bantamweight,0,0.4057309361078168,2023
e1c4b3bb77a1f665d7e9edb8,2023-08-19,middleweight,1,0.4608739918034669,2023
f77e8217af476c8d76c17de8,2023-08-19,bantamweight,1,0.636726604780091,2023
5e2db79a3a1ad7fa4a047658,2023-08-19,middleweight,0,0.3193958714396633,2023
6146e55c7547bad0f4598567,2023-08-19,womens_flyweight,1,0.5343094333227016,2023
44a0ede1f5c3febcd8158c1b,2023-08-19,lightweight,1,0.23260487439769803,2023
6a9d8431526f7e7ae3505c22,2023-08-19,bantamweight,0,0.35057820236066756,2023
f59c117ae7cabc52d4b52159,2023-08-19,welterweight,0,0.6076852228600116,2023
acbef5f5bc43c180f987011c,2023-08-19,womens_strawweight,0,0.45793145043829775,2023
46011dba71434bf36e3c4864,2023-08-26,light_heavyweight,0,0.5466454170638458,2023
7a36e5dab09fb0e3a32fff3f,2023-08-26,welterweight,1,0.5646035584284055,2023
bff6b688a0748a0496dde666,2023-08-26,middleweight,1,0.5945735441442284,2023
31b7a66eb42b8c36524c3ab3,2023-08-26,womens_flyweight,1,0.6736839696665481,2023
dd4024c9c91e5afd2d978e95,2023-08-26,featherweight,1,0.5136150846852284,2023
f0e0f24c2d6eded73e540e2d,2023-08-26,heavyweight,1,0.705446919310617,2023
f3ff547fc056f0ae57dcdd5c,2023-08-26,womens_flyweight,1,0.7818692532801594,2023
afe662b987c151d703cd1acb,2023-08-26,featherweight,1,0.6727843010354252,2023
ac6f2e63fe39b2f0a273ae19,2023-08-26,bantamweight,1,0.35162838645116995,2023
baae93ffbdc1bf0262cee6e1,2023-08-26,featherweight,1,0.5073820942857763,2023
99ab297a031513ce93f1576f,2023-08-26,welterweight,1,0.25807752940908646,2023
32ae1bb3fc496ea9626ce862,2023-08-26,bantamweight,1,0.67477377121266,2023
1fe545c4e1dfc5237a9e4748,2023-08-26,heavyweight,0,0.4047349053828853,2023
ffa7455c3e5ede174ad4112d,2023-09-02,welterweight,1,0.49815377601319805,2023
6d0f7ada6c998fb0eaf089de,2023-09-02,lightweight,0,0.5008137018593927,2023
fd33be38cb0d1d4d0f6bca6f,2023-09-02,heavyweight,1,0.7174383599928051,2023
6bd93fadde24f7c7a79345fe,2023-09-02,bantamweight,0,0.36093217193690225,2023
65293a8e2961fadaeef4cf65,2023-09-02,womens_flyweight,1,0.3783852173489668,2023
2d1078d0507597c4e604903a,2023-09-02,featherweight,0,0.4689934253250272,2023
a4d79f54aeee4768f37396e2,2023-09-02,womens_bantamweight,0,0.6398752397957677,2023
44fbb5a2110d15b720a9751d,2023-09-02,bantamweight,1,0.6314010567928615,2023
555e57ac84583be4ae725a15,2023-09-02,light_heavyweight,1,0.7742558606235004,2023
21efe4021b701a3f681a8c10,2023-09-02,featherweight,0,0.25012668907962016,2023
6e1227e9009e6929393b1fee,2023-09-02,catch_weight,1,0.544131649747505,2023
011b9746ab115630dd02c0fb,2023-09-09,welterweight,0,0.5189864485708616,2023
b21089f4d62b3730b34a4346,2023-09-09,light_heavyweight,0,0.32411932438342295,2023
1b6d13bce1996a9787f00657,2023-09-09,middleweight,0,0.6021057659169528,2023
b2b23742f60158de1d1c5c14,2023-09-09,featherweight,1,0.5043553329704322,2023
b8118cbf106d813928e0b82a,2023-09-09,lightweight,0,0.28678495784064284,2023
27e9d3412a74a9570b14c3f3,2023-09-09,heavyweight,1,0.5851219159463155,2023
16064fb85fa34316d72d9e6c,2023-09-09,welterweight,0,0.46814110754420785,2023
f84f38efd0c68a4d11911324,2023-09-09,flyweight,0,0.2794416413112963,2023
a0cc78d39dbec7a5ce6e1bd4,2023-09-09,lightweight,0,0.30163408833500505,2023
ed8e3c472972a277f73c443c,2023-09-09,featherweight,1,0.3066244386088839,2023
b04e6f3b3710a8911531f136,2023-09-09,heavyweight,1,0.7070306904064556,2023
16cede3f450ae715871ef8c3,2023-09-09,light_heavyweight,1,0.39535774891902986,2023
ead4ef0da3ceb9dbd827dd4b,2023-09-16,lightweight,0,0.41078265026921196,2023
c8cfe9c5b42f5b7ceda34093,2023-09-16,lightweight,1,0.2850711284693848,2023
f0c6e7a442001e286c22093f,2023-09-16,featherweight,0,0.4982693922225842,2023
eaa1d742167744bbb2317e5f,2023-09-16,womens_strawweight,1,0.48560199002529947,2023
399469f15d7034c6b5c5aa4c,2023-09-16,welterweight,1,0.4738231392461205,2023
2d4c42ccd0419f0034998f5b,2023-09-16,womens_strawweight,1,0.6850162700783091,2023
8e05c99e0cfb203d446ab29e,2023-09-16,bantamweight,0,0.4703816619506949,2023
281de41fa325e8017e097798,2023-09-16,middleweight,0,0.33523835411509495,2023
568b5c62f6997dbaa49f2d78,2023-09-16,womens_flyweight,0,0.4278640580891819,2023
a8d577f3a15db8e801f72cab,2023-09-23,welterweight,1,0.5020888074369333,2023
cd56e5717d0aecb3365e555b,2023-09-23,featherweight,1,0.5477327183100709,2023
978e40854ce586ab5015d89f,2023-09-23,middleweight,0,0.6316865259941128,2023
e705c6274e273eb488346925,2023-09-23,womens_strawweight,1,0.604608256343118,2023
5f67fcb6ff0330a07c25670c,2023-09-23,womens_strawweight,0,0.39405773274762906,2023
534e4ba8dcf5d6b12163bd43,2023-09-23,heavyweight,1,0.48079734976530636,2023
ef95cdf14de0f6f13da1c922,2023-09-23,lightweight,1,0.6576912447505328,2023
23bb45e27781d3fef56a8d5c,2023-09-23,featherweight,1,0.5667062661090502,2023
abd474deac0d6aaec693b319,2023-09-23,womens_bantamweight,0,0.39975936342528373,2023
afad3865935211f104c76cb6,2023-09-23,welterweight,0,0.2721172326797413,2023
24613e52b4d9b4373f4e4226,2023-10-07,welterweight,1,0.49434703841922323,2023
e808ac354fb383fa280dda7a,2023-10-07,featherweight,1,0.41499498016131126,2023
c2fc0ceaf543ba31b0c8a9dd,2023-10-07,bantamweight,1,0.41996210657243016,2023
1e86a983200de4386d6df19e,2023-10-07,lightweight,0,0.2985254391090339,2023
80a2c51a131f7e11f83c99c2,2023-10-07,lightweight,1,0.22551670033455107,2023
b0fd3639ae3acd8f3c7f83a6,2023-10-07,middleweight,0,0.30097466786431903,2023
fe10b939cf29ddef67d106d5,2023-10-07,womens_strawweight,1,0.5222467628769532,2023
da52ce077dfbc710eeee7d80,2023-10-07,womens_flyweight,1,0.5608049425960631,2023
5d96dab1b32c072c721a3140,2023-10-07,flyweight,0,0.43446669864216486,2023
3b2b6f588f233752d4106bfe,2023-10-07,womens_strawweight,0,0.5909148929601148,2023
af737fed0b9b7d7e97b45800,2023-10-14,middleweight,1,0.5164693073858148,2023
fe5a4702ff9ab44d8fd9a270,2023-10-14,womens_strawweight,1,0.5085260370675189,2023
9f46ec6a1c5898a3f4218fa9,2023-10-14,bantamweight,1,0.6622536031352073,2023
bc494225f9e8733daace3b08,2023-10-14,bantamweight,0,0.5005165416009938,2023
f9055a3cf35dd1b47246db50,2023-10-14,featherweight,0,0.6513645619358185,2023
d140971eb1e02bcc7e160759,2023-10-14,womens_bantamweight,0,0.6808115048854674,2023
846b585d86cb8c9a7c662345,2023-10-14,womens_flyweight,0,0.5514046086185364,2023
71152a346f5435274991f699,2023-10-14,bantamweight,1,0.688893833009866,2023
a60d64e4d57ac341a707429b,2023-10-14,featherweight,0,0.7764582821745479,2023
e9b3649cbac6fea997127d09,2023-10-14,womens_bantamweight,1,0.6479375429316883,2023
6eb8e73eeedd0a4d4f090e59,2023-10-14,lightweight,1,0.7737688632430215,2023
daa19bc1073e4de488b93099,2023-10-21,middleweight,0,0.21598278996758677,2023
bd5197ce9e21f062e91cfdcc,2023-10-21,middleweight,0,0.44645317312785776,2023
29ca6c04a5121ff6b3aead16,2023-10-21,lightweight,0,0.3783744454973916,2023
53f58a616f1f98162f59d9a1,2023-10-21,middleweight,0,0.5548589524749056,2023
259473adab67fa6d9c216e30,2023-10-21,lightweight,0,0.7219153250146662,2023
e7ce0cf4e2292cc04f227813,2023-10-21,lightweight,0,0.4057758687109204,2023
a12daf4c80637768db6e3c5a,2023-10-21,featherweight,1,0.31301106774900206,2023
28eb240747f515de3836fdbf,2023-10-21,bantamweight,1,0.6174747295739208,2023
f0516b939f36ebafdf81ca17,2023-10-21,middleweight,1,0.35101408342795276,2023
62d3a5771d6b10f0089a8f81,2023-10-21,flyweight,0,0.3906808378518207,2023
757ba2eafdc177b61032db32,2023-10-21,womens_strawweight,0,0.3060466808770737,2023
04563713f288927086d00dc8,2023-11-04,womens_strawweight,0,0.3264625940130216,2023
4dc323525ec4fe6a1902471c,2023-11-04,middleweight,0,0.25803769539075017,2023
7a0160ef91b1c3b2e386696c,2023-11-04,womens_strawweight,0,0.2912745440977941,2023
63065d8129b0cd4edb422521,2023-11-04,catch_weight,1,0.6071973753102518,2023
1c5a8fa50a02c5f7237e7096,2023-11-04,welterweight,1,0.47966451087647544,2023
74447d459909b91d8cbc210f,2023-11-04,heavyweight,1,0.5571268742204138,2023
c7d24b653dac82db9b54ce3f,2023-11-04,lightweight,0,0.2663630500735441,2023
df9a143b6b0fd7913bb8edfc,2023-11-04,heavyweight,0,0.39863005132554713,2023
de2c9e0a9b1e5ca7f500117c,2023-11-04,light_heavyweight,0,0.42435704570666916,2023
d15dd8dad27d3ee24d69ac60,2023-11-11,featherweight,1,0.46856989164543916,2023
afa38907d741913db5a7be3e,2023-11-11,featherweight,0,0.5322026562417588,2023
8a2b05dae46c16a168a3e654,2023-11-11,lightweight,0,0.38060889944363246,2023
496a2700b89769900984608d,2023-11-11,womens_strawweight,1,0.6937778096540859,2023
8d6e2b7b8b22ac6ba0a22969,2023-11-11,light_heavyweight,0,0.4504327070223538,2023
e8561543ae98872e901f6879,2023-11-11,catch_weight,1,0.31921506070980593,2023
833524b44b22bd3208f2fbd3,2023-11-11,flyweight,1,0.6393111450523455,2023
d20739f6f7bd77ea12be13e0,2023-11-11,lightweight,0,0.3288213826796542,2023
144baece3f6aa1688e288975,2023-11-11,lightweight,0,0.3226602719515216,2023
e7b64eb7fc4775216b389738,2023-11-11,heavyweight,1,0.4468097169762897,2023
177541d6f63823d585239290,2023-11-11,flyweight,0,0.568955430955154,2023
f41b81824fdcc42b9e4d0405,2023-11-11,womens_strawweight,0,0.5029096738517284,2023
f2df0f0bae9607c1cf534447,2023-11-18,middleweight,1,0.7447779340101301,2023
d364f1a7af8353a6a5bb476f,2023-11-18,bantamweight,0,0.5641929341758057,2023
00e7ffbaf4344527093873a4,2023-11-18,flyweight,1,0.5264476829036546,2023
459984a71320f6181b1f6a92,2023-11-18,lightweight,0,0.5155190558089642,2023
cac245615a9748a0186e36ce,2023-11-18,middleweight,0,0.43628717114338816,2023
8e520f2d4e402e4c08eac42a,2023-11-18,featherweight,0,0.6653654510703592,2023
19a60d3bb692f7fab1aa0998,2023-11-18,featherweight,1,0.28360007804715914,2023
5d678692a9535ae7a7113d36,2023-11-18,womens_strawweight,1,0.725729833878851,2023
e5dbe1f65469011be90331f1,2023-11-18,womens_bantamweight,0,0.31044025754310056,2023
0814c6241270848832ee1c95,2023-11-18,welterweight,1,0.3511604904952534,2023
d7d1847897d6db266f12f753,2023-11-18,heavyweight,1,0.7446756586666639,2023
ded733c1abeb30eef94d0f74,2023-11-18,bantamweight,0,0.48746729055598204,2023
d8489abaf1802fa3a1021b7f,2023-11-18,welterweight,0,0.6992417572750647,2023
3244052f0a3815145fdd8188,2023-12-02,lightweight,1,0.7083151376858974,2023
29c71d1b4084e31abd61e31c,2023-12-02,lightweight,1,0.5843752171740065,2023
266fe16c8f3e3b75a7f4c4a3,2023-12-02,lightweight,1,0.28264249539310354,2023
577f775be78964896ac1a903,2023-12-02,lightweight,1,0.4944271128216757,2023
aa55d74034f3a3481fb4d6d8,2023-12-02,womens_bantamweight,0,0.5507254651609981,2023
6a65ab2dbc5dee6257dc9595,2023-12-02,middleweight,0,0.5532880276161644,2023
ae90c163fbadc8e692614a68,2023-12-02,bantamweight,1,0.5335698981272254,2023
d9ba19f4c35501b7970cbdd2,2023-12-02,light_heavyweight,0,0.6048019096556134,2023
485be0671ebd8c05327115aa,2023-12-02,welterweight,0,0.3321672307865685,2023
d0150e31146bd1f6c53d9109,2023-12-02,womens_flyweight,1,0.4297045445967065,2023
71220001b252fdbf72418ec3,2023-12-02,welterweight,0,0.5988861447449848,2023
9fc28e3dc009b827883edd97,2023-12-02,middleweight,0,0.3277525555662224,2023
aef3796599ba902b135e1a2e,2023-12-09,light_heavyweight,1,0.27429858749526165,2023
5b76e797c4ffb48b61410c9d,2023-12-09,flyweight,1,0.8701572387804264,2023
1466c10bcdb2f1b0a1352dec,2023-12-09,middleweight,1,0.5688869634004838,2023
55082c328945d276153798e0,2023-12-09,womens_bantamweight,0,0.32626848460590274,2023
0a60ebc269e85bff31e989ed,2023-12-09,lightweight,1,0.48477230662527415,2023
23ae5ee3a2a189aeb6fad511,2023-12-09,womens_strawweight,0,0.48560199002529947,2023
aaea90999d2c2c9ef107ce94,2023-12-09,welterweight,1,0.3431956786664981,2023
e4f499527d31d66c982fd653,2023-12-09,bantamweight,1,0.6110744475736317,2023
1717f90d2160832604d7a78d,2023-12-09,lightweight,1,0.40722904064374355,2023
adb8d33c46026c9bd9e6fbca,2023-12-09,flyweight,0,0.2669568872013801,2023
f02ef45176d4af0219dabfa5,2023-12-09,bantamweight,1,0.3563613722124186,2023
280a428b31e2aef693a0f9f4,2023-12-16,flyweight,0,0.4585232337647062,2023
d3365e6d3be6de5629a2c7a8,2023-12-16,light_heavyweight,0,0.5689187098946623,2023
d577b5cf3001b917a08711f8,2023-12-16,featherweight,0,0.2944192185597417,2023
39fc49a6ebd402e80c2483c6,2023-12-16,womens_flyweight,1,0.3640984447991959,2023
1330b89f70ea839717128850,2023-12-16,bantamweight,0,0.2847799542405577,2023
058ef2585a4f17f0e5ad91cf,2023-12-16,womens_bantamweight,1,0.49740882511739,2023
f34bd1f41290f9fed4eb494a,2023-12-16,featherweight,0,0.7368729020315187,2023
687a5fbe17d8dbd9d362aad4,2023-12-16,welterweight,0,0.23269993943884112,2023
bb649a9711cf49795b3c4110,2023-12-16,heavyweight,1,0.2626583853172652,2023
8b6069a7a68e296dabf0a2b7,2023-12-16,welterweight,1,0.812481808839807,2023
0248f733a0a79ce27869d3bb,2023-12-16,flyweight,1,0.39437014435501194,2023
ebe757e2d75707e5c685fa5c,2023-12-16,lightweight,1,0.4372448165632805,2023
350855927478bdd1e949d40c,2024-01-13,heavyweight,1,0.7481492055076902,2024
3429305b9c7c09859dea585b,2024-01-13,bantamweight,1,0.43274770456845335,2024
3a6a6b413fb74d30cc7ca422,2024-01-13,lightweight,0,0.531935930189804,2024
428a69abf162f2b9b7b4fc5d,2024-01-13,flyweight,1,0.6583779441952312,2024
25198c09b99dc5ef33baad00,2024-01-13,light_heavyweight,0,0.41642041379903905,2024
4a93776243956f8fbb398bfd,2024-01-13,bantamweight,1,0.595733787243961,2024
406ffce8282d87e7c9405a2e,2024-01-13,welterweight,1,0.4000037778987137,2024
811e412052d3c3ce36862e6e,2024-01-13,lightweight,0,0.6470654021902453,2024
8cc7da19086c6ed2e0367e37,2024-01-13,middleweight,0,0.5826436201795581,2024
8fe948f0238e3128d28de6c2,2024-01-13,bantamweight,1,0.4591940442042073,2024
5d13c41cb62ff0921715726b,2024-01-13,featherweight,0,0.3002993320936693,2024
b7feb4f5c53ec81135796ed1,2024-01-20,featherweight,0,0.43687013030069216,2024
19f5549fd17592807a27b146,2024-01-20,bantamweight,1,0.5029866564013431,2024
89c2b506cd80a961358c0aa7,2024-01-20,featherweight,0,0.6472570759549902,2024
2cfc07cf6675811da4dccda6,2024-01-20,middleweight,0,0.43142048624057255,2024
dc907d383820e288b4e21f7a,2024-01-20,womens_strawweight,0,0.4043019588712361,2024
381492d3d739b74de7beeaf8,2024-01-20,womens_bantamweight,0,0.26563903794951954,2024
1885c2392f3fc4e13cca8970,2024-01-20,flyweight,1,0.2960049271231796,2024
d03ee612207eed674bede235,2024-01-20,welterweight,1,0.5783099154973576,2024
b714ef8d91fff6b78df25c03,2024-01-20,womens_bantamweight,1,0.6507726149789107,2024
8101ef269b3e43cfcb139bb0,2024-01-20,middleweight,1,0.6140452745281227,2024
cfab9e2259fc0aaa894fea97,2024-01-20,bantamweight,0,0.43518982636374115,2024
c5a68290631162d0cceb4de3,2024-01-20,welterweight,0,0.7036258595582335,2024
585b9503d7555c070c210fc6,2024-02-03,flyweight,1,0.5423567460743033,2024
cdc0b8fe8eb1f4398afe4cc1,2024-02-03,welterweight,0,0.5813494466842054,2024
cccf589a0c312106aced03f1,2024-02-03,featherweight,1,0.5170344208858413,2024
124fdf48a7e58167e2406acb,2024-02-03,lightweight,0,0.6480286373029535,2024
c1f1986c9747f9c480a9e997,2024-02-03,womens_flyweight,1,0.5983657939749847,2024
130b5f385e434a6ead40c900,2024-02-03,womens_strawweight,0,0.5369178646055363,2024
68a976bdb4c4755bf10643db,2024-02-03,welterweight,1,0.6678473861854514,2024
eff5e97ace834c6b6a4814ac,2024-02-03,lightweight,0,0.44824705378002605,2024
83bf424cee3106fb1c1d003d,2024-02-03,middleweight,0,0.42007701228812383,2024
6b6316141f41f8571d3e4388,2024-02-03,welterweight,0,0.36977466164926426,2024
06ebbfece8ed6f916f1b9909,2024-02-03,heavyweight,0,0.43430062793470686,2024
5cab68e112cbb2a3111df0ad,2024-02-03,womens_flyweight,0,0.32027707098636127,2024
85b8c9276ba604cad81ebac2,2024-02-10,lightweight,0,0.43518982636374115,2024
65d8d6420f1e0a4aa05a178e,2024-02-10,middleweight,1,0.45013281098902236,2024
13eedeaf133943571e8e2adc,2024-02-10,featherweight,0,0.3201365370411746,2024
19838dda64baf51b952b953c,2024-02-10,light_heavyweight,1,0.3951501525244999,2024
c4b6f3ca9c43308740153a7a,2024-02-10,featherweight,1,0.4120511777921446,2024
989b72f7d9fce65b937a2210,2024-02-10,middleweight,0,0.5186381420864019,2024
a289673832251cad582de635,2024-02-10,womens_strawweight,1,0.6584011481572155,2024
ea3d25224fa0cf859531451b,2024-02-10,welterweight,1,0.3921878686127277,2024
f7537c194a0a6dedbc510eba,2024-02-10,lightweight,0,0.73991892003219,2024
d7d8b7e2b293904ac1b5bb78,2024-02-10,middleweight,1,0.5021734943299219,2024
598ce164fdf6415d56e7b795,2024-02-10,middleweight,1,0.37838511495084637,2024
df6544316c136ebbbcf87b85,2024-02-10,welterweight,0,0.5421044560154461,2024
4dc722c27e4030e3d16b4ca4,2024-02-10,light_heavyweight,1,0.31238488424984673,2024
d7234fe2bf746ee2cf907640,2024-02-17,featherweight,1,0.5723322917066556,2024
3d95040539382b0778d86880,2024-02-17,womens_strawweight,0,0.5984341683533444,2024
0859c039546455918d4e00a0,2024-02-17,womens_flyweight,1,0.5713454878379315,2024
8cf95c9b6a93f3379fba3bae,2024-02-17,middleweight,0,0.426289846784293,2024
91d92f1b9028820948735ff2,2024-02-17,welterweight,1,0.6308633550669118,2024
1f1e004761793697bfdb3d25,2024-02-17,welterweight,0,0.3834751217893679,2024
bd35b700e291f4438a1ed771,2024-02-17,heavyweight,1,0.334036166461899,2024
75d36ecf8a8355375bbfeb39,2024-02-17,bantamweight,1,0.6962435532912865,2024
c54d754afa6119eaf55ba682,2024-02-17,welterweight,0,0.18981750120871732,2024
9c356ca4e2c4a13e56153ea6,2024-02-17,bantamweight,0,0.23772668248787004,2024
beebd8ffc5c9b908e7bffd97,2024-02-17,middleweight,1,0.6595540670003756,2024
a4563fbab7ae7cde62a6e539,2024-02-17,light_heavyweight,1,0.441189023505075,2024
c64700ee2cdf4b4f8a2a3263,2024-02-24,flyweight,0,0.7112651593121598,2024
209209db725130787eba0ee0,2024-02-24,lightweight,1,0.5368678908259308,2024
89ef0f8da85fc4f1f608a06a,2024-02-24,bantamweight,1,0.6240946150762832,2024
7595efdbddc1226c02f629f3,2024-02-24,lightweight,1,0.536343715150118,2024
a58a8dd2b764d7c4cab9ab8b,2024-02-24,flyweight,1,0.5988483033024217,2024
984871628d68f0d92bd4ef99,2024-02-24,featherweight,0,0.30194558462191623,2024
f7770d17020ec11ef8b11097,2024-02-24,flyweight,1,0.42956465488367457,2024
042a708e7b9fa3844e0e11d6,2024-02-24,lightweight,0,0.6575880505782361,2024
4c3292e39be0121f3ea756dc,2024-02-24,flyweight,0,0.4555317063018178,2024
a92624583dd834ec8eb0b001,2024-02-24,flyweight,0,0.5732450597037394,2024
044f7e8edbbc1ee181fc4391,2024-02-24,featherweight,0,0.6373653019412314,2024
3b255e4692d41230aa1120e1,2024-02-24,womens_strawweight,1,0.3694279354192646,2024
2a399975bd1e1b0dd0a23723,2024-03-02,lightweight,0,0.336989965864354,2024
f221e836ceb8c4fade1a00bf,2024-03-02,bantamweight,1,0.3732052994803736,2024
5241c9c4ed74e9f71dec32a6,2024-03-02,flyweight,1,0.5397536273870084,2024
8b878472b607640f653aabf8,2024-03-02,middleweight,0,0.36825390737428343,2024
b8ab408b0ad3705153c60d6a,2024-03-02,middleweight,0,0.4202780922327177,2024
462aef659d2f1c9db0a805c7,2024-03-02,heavyweight,1,0.2976455369343558,2024
f6e2ffe4c9ca47e91797a8a2,2024-03-02,lightweight,0,0.24690246822781262,2024
f975335e1c3c676390ad01b8,2024-03-02,flyweight,1,0.6477996886944598,2024
a5ac42ab85f1ef67611fe071,2024-03-02,bantamweight,1,0.8872669435284174,2024
95e0c040d06438ee57ea9376,2024-03-02,bantamweight,0,0.5970182843687458,2024
63de167ce405377f2aba39c8,2024-03-02,light_heavyweight,0,0.3542434688816404,2024
767e0cd4fd92f89fa41fb0e6,2024-03-09,flyweight,1,0.6773268238842846,2024
941a479df441789cc3533fb8,2024-03-09,heavyweight,0,0.46752217783186734,2024
3bad79d24f4c8195f5e17845,2024-03-09,lightweight,1,0.46738918558772524,2024
bdcfbf088a7d3f37af559860,2024-03-09,welterweight,1,0.7225880001896571,2024
46bace0825d59702c71e7f9b,2024-03-09,light_heavyweight,0,0.6277955233938277,2024
a0db913c10b186b2f2ee92b0,2024-03-09,womens_flyweight,0,0.4200171892097648,2024
774a7e588c92b3603e13fb0e,2024-03-09,womens_flyweight,1,0.5271101773248809,2024
58d4e6da9340c1453dd0eaae,2024-03-09,welterweight,1,0.16758472816221945,2024
b17b04c1d8f0105c850933f0,2024-03-09,lightweight,0,0.17922950928374315,2024
e1e51b91402d9d330f72e381,2024-03-09,middleweight,1,0.6715816536988017,2024
29acf84fdc389a3d05e38869,2024-03-09,bantamweight,0,0.3153161106790911,2024
6500ffecb08cd5920b6bb95a,2024-03-09,bantamweight,0,0.6020600930370664,2024
ecc485a069e20e0452aa83f8,2024-03-09,heavyweight,0,0.40903555700709276,2024
8d28cf9448610499fb45e428,2024-03-09,bantamweight,0,0.3644283257148943,2024
1c78c76a645637092d543c74,2024-03-16,bantamweight,1,0.4359668922946783,2024
2975ba8effb59bf63f531ccf,2024-03-16,featherweight,1,0.3689251694741663,2024
2c547056bb11b7e5cf58a477,2024-03-16,middleweight,1,0.48622528042691127,2024
cd990f7b7b3c638cf7fb4af1,2024-03-16,flyweight,1,0.590432054104773,2024
2701e3a1ca5507745c3e167a,2024-03-16,womens_strawweight,0,0.36859659182718196,2024
7b8f73546b25caae9d8e0963,2024-03-16,featherweight,0,0.6023296443020869,2024
572aef4284a35d97b7e5b806,2024-03-16,womens_bantamweight,1,0.3358196398175912,2024
d30caf84e805ba31ea467699,2024-03-16,lightweight,0,0.4209184413396847,2024
50d49221d2d8e912a0449b06,2024-03-16,light_heavyweight,0,0.8042485541257632,2024
1ede5ade9dccb1619dcef669,2024-03-16,womens_bantamweight,0,0.4591308821783633,2024
35d276b0d655b5762a4adfa2,2024-03-16,heavyweight,1,0.5556174068224855,2024
0a9b856652e4e6e97855080b,2024-03-16,lightweight,1,0.5937536114776417,2024
a64c19e40b1495a3c1956bbb,2024-03-23,womens_flyweight,0,0.39655590951331243,2024
5cdaf1aa145a0b5f1417f8a9,2024-03-23,featherweight,0,0.46960518155369796,2024
ffd41253362852c43cf12750,2024-03-23,middleweight,0,0.32955507958270075,2024
a22b995a041336cd2e7b1b71,2024-03-23,featherweight,1,0.5177971550269821,2024
8e06fccd7bb02182d006203e,2024-03-23,flyweight,1,0.43518982636374115,2024
faf2cb29b1f6abbd8713bb97,2024-03-23,featherweight,1,0.4567648565894259,2024
b48bb5914daa78dc914fc244,2024-03-23,heavyweight,0,0.32887297157565815,2024
2d258da0acd9ef5e460e76cc,2024-03-23,lightweight,1,0.436599444196678,2024
9df5f995b3d922bcb3086b07,2024-03-23,bantamweight,1,0.8496452857690399,2024
45b6c75025a22a83394120db,2024-03-23,heavyweight,0,0.3663381950540209,2024
fd45d43912f2632e09d27c20,2024-03-23,womens_bantamweight,1,0.4011479810698428,2024
071ec632559eee88583d16b0,2024-03-23,bantamweight,0,0.49127464235750906,2024
da9b12ab4d26fdc65b8ea77a,2024-03-23,featherweight,1,0.33847886824807283,2024
8f4cffa9eab92b6b02b0d908,2024-03-30,middleweight,1,0.45285752739999624,2024
597cf1aa8126498a52c75a08,2024-03-30,bantamweight,1,0.5883326396892381,2024
806b9b05325b02e265c3a0fd,2024-03-30,featherweight,0,0.6058008520514436,2024
c9a059ab5fe63b169ad893f5,2024-03-30,welterweight,1,0.488177709290687,2024
c42216542c36faee591ca558,2024-03-30,middleweight,0,0.5850981840365651,2024
1165451188dbec47a064b95c,2024-03-30,featherweight,0,0.4751506891611968,2024
dd594ad901b92c946c85ba83,2024-03-30,womens_flyweight,0,0.5802235198110812,2024
bfe4cbeeec90491f6582a54c,2024-03-30,light_heavyweight,0,0.464702483374545,2024
eb04b76ac189631bafe863ef,2024-03-30,featherweight,1,0.784959180474011,2024
390a29759a09a018f278d78e,2024-03-30,featherweight,0,0.4984847622449647,2024
8e19439b96eaeed402465002,2024-03-30,middleweight,0,0.40362184491290043,2024
dde5cb51c199688c1b7fbf18,2024-03-30,welterweight,1,0.41447580066717277,2024
66b4a5d77d71117aeeb34de4,2024-03-30,womens_strawweight,0,0.6443136768485337,2024
11fb6fbb886f244ae864e58a,2024-04-06,featherweight,1,0.4736237824486522,2024
8231f0e6b0b5bafc0c8468e8,2024-04-06,middleweight,0,0.28147873205047186,2024
f2db18a4c054f0e037b11cc2,2024-04-06,welterweight,1,0.6922928976511772,2024
71daf3f66499f6c8d84b8ff1,2024-04-06,bantamweight,0,0.5659786073081599,2024
74a163474a8c0f8e7e0f8528,2024-04-06,middleweight,1,0.42903979603577047,2024
75905fdb791eefe74e05107b,2024-04-06,lightweight,1,0.7425954566677061,2024
736a7a3bbb975eced403288a,2024-04-06,womens_bantamweight,1,0.5013115677113333,2024
87408b8645e7a31b6cdbbf32,2024-04-06,featherweight,1,0.5582229569010583,2024
4ab9a0d319271e6464c41d4f,2024-04-06,womens_bantamweight,1,0.5486756318869418,2024
741737d64bcf1c7e2c9ab9a2,2024-04-06,bantamweight,1,0.43518982636374115,2024
44b8b16421d3b8ca5e361743,2024-04-06,lightweight,0,0.40714977677059755,2024
fdb4e67476bc87811762511d,2024-04-06,heavyweight,0,0.3571302066370515,2024
3300093a48a6b6f70a6dad94,2024-04-13,light_heavyweight,0,0.4463100848564126,2024
f85198c6c82c7c5676cc1a84,2024-04-13,middleweight,0,0.4094443000985133,2024
37e234e374031c4a9c10e43c,2024-04-13,featherweight,1,0.708078754352443,2024
564ed9d5df5aa5baa575e591,2024-04-13,lightweight,0,0.34370129833633395,2024
03a849ee698f35fb17c1933b,2024-04-13,bantamweight,1,0.602248328113727,2024
7632d2c23612af5ce3d9a2f6,2024-04-13,womens_bantamweight,1,0.20391115332183893,2024
147d563a5f53508a72a20873,2024-04-13,lightweight,0,0.5638250865438985,2024
032c8104a460ad869376a130,2024-04-13,womens_strawweight,0,0.42145335208979484,2024
a78f5cc79c971a495b411642,2024-04-13,light_heavyweight,0,0.403680572069783,2024
8600ede511999d9adc3c9975,2024-04-13,lightweight,0,0.4130582639943787,2024
40ac2f53071b5de0836100e9,2024-04-13,lightweight,1,0.7434957818773834,2024
3a1837e0a4820197bb51c85f,2024-04-13,featherweight,0,0.5188837248912541,2024
0dc452084d23dc74076732ad,2024-04-13,womens_strawweight,1,0.629690232284423,2024
7b58877ab5e4d6cf85d3afdb,2024-04-27,womens_flyweight,0,0.4044604832535954,2024
19df3fa9de41e66929ab88fa,2024-04-27,heavyweight,1,0.5190537461959414,2024
0d17deee4e12367f002ba9a2,2024-04-27,lightweight,0,0.4531357688886013,2024
8d17aae9a953ca23b2144a12,2024-04-27,heavyweight,0,0.4858649189272814,2024
9d1e1ee7b226466bb2c175ce,2024-04-27,lightweight,1,0.32295565652351127,2024
03670cc90ed626c90836de43,2024-04-27,womens_flyweight,1,0.6055229211152422,2024
53a27e69fc6fc4de042616c0,2024-04-27,lightweight,1,0.43518982636374115,2024
e485c72f59f5947e989b064f,2024-04-27,featherweight,0,0.7049766085807405,2024
6a21e75bc72a71c8587b87c5,2024-04-27,womens_strawweight,0,0.3224439965667951,2024
1d88a0c36a95acc86682e411,2024-04-27,flyweight,0,0.4958119422402176,2024
f070085973f94e62645c20b9,2024-04-27,bantamweight,0,0.48112363290250926,2024
181283d8443a6c33cb21c79c,2024-04-27,light_heavyweight,1,0.22678773998332838,2024
c674910dad3e5790a28e8502,2024-04-27,welterweight,1,0.5407003393992712,2024
4018cfaeb2593cc98fcf7a7b,2024-05-04,flyweight,1,0.6455877044359046,2024
75f967a01638fa466a040663,2024-05-04,flyweight,1,0.5114336663779334,2024
048e951737120ee49478ad81,2024-05-04,light_heavyweight,1,0.5738723804507943,2024
22bf9f5adbf622b55d1f0d16,2024-05-04,womens_flyweight,0,0.43383406013774894,2024
707d69a949880d2954a5183a,2024-05-04,lightweight,1,0.6138896021878776,2024
40f2eca8b202a382e83a86ee,2024-05-04,lightweight,0,0.49450131464502134,2024
f074dc7df2dadf7cfac1fda3,2024-05-04,featherweight,0,0.5775685351218965,2024
d967e5ba34cb3ff8d9a4adb4,2024-05-04,lightweight,1,0.6692956307557173,2024
e05a5a9e9719ca88d645516c,2024-05-04,bantamweight,0,0.7695334440528502,2024
94bd5ed15286e8e4cc120e52,2024-05-04,womens_strawweight,1,0.3498069610826035,2024
39cffcac3e882d98203f7dbc,2024-05-04,lightweight,0,0.7209552922573094,2024
1c69f516d3ff75bcc6377c47,2024-05-04,middleweight,1,0.7058067562559658,2024
e9311178ebb944a7fc6aca37,2024-05-04,middleweight,0,0.37002262661956287,2024
5961c213c10f64edc3e88f9f,2024-05-11,featherweight,0,0.3630360521580654,2024
dcb8007781e8317ca6a6c80b,2024-05-11,light_heavyweight,0,0.3684110074501018,2024
67958e9303cb81656c149b1d,2024-05-11,welterweight,0,0.33677111489225875,2024
1a80a39cf42c05f59642a74d,2024-05-11,flyweight,1,0.5819022245761556,2024
7621b21075c5e1917732c005,2024-05-11,lightweight,1,0.5104311717929149,2024
7a09d0a6adda8ef213536caf,2024-05-11,heavyweight,1,0.37702011599093893,2024
2418c947db415559ec8fb353,2024-05-11,lightweight,1,0.23096753313619214,2024
a79c545c27deb304d7edfd56,2024-05-11,womens_flyweight,1,0.36286253079411296,2024
f511fbf1cacfba820f4106fb,2024-05-11,welterweight,1,0.5073478019268527,2024
04e190387cb56de161ad5390,2024-05-11,womens_strawweight,0,0.3899822243115014,2024
49c439cfc0b0097ddf5a2828,2024-05-11,lightweight,1,0.4066699460428478,2024
d9449a6730d848570ee311a9,2024-05-11,heavyweight,1,0.5823163693171404,2024
a8bed7a2d2d40766423dceb9,2024-05-18,middleweight,1,0.5756871982495197,2024
db2e4374a49ab25f5ec0dc0a,2024-05-18,bantamweight,0,0.2729328996218857,2024
3be1164cabf2e5d45f3c45b5,2024-05-18,bantamweight,1,0.5224165270023837,2024
3fd54e9fa93e640c3802e176,2024-05-18,featherweight,1,0.7560942937139001,2024
d535daa86964c2b555e0dca5,2024-05-18,welterweight,1,0.4818965705025745,2024
58732931566ff8038d67e1ae,2024-05-18,womens_strawweight,1,0.4770386095520961,2024
07ce5e11ec24372dce1eade0,2024-05-18,light_heavyweight,0,0.41452893196705065,2024
d8dea5c6d18a01f239c500fc,2024-05-18,womens_strawweight,1,0.3665794838550092,2024
c20d7e2d4ccac0647c485cea,2024-05-18,womens_bantamweight,1,0.5602312698476656,2024
dc832abfc5a2f3f0b0e3125e,2024-05-18,welterweight,0,0.333622055285499,2024
5ef58c611edc62275574db90,2024-05-18,womens_strawweight,0,0.42425308789218646,2024
97edf385302354b149760b41,2024-05-18,lightweight,0,0.4627943138029189,2024
8e17356f2fda3a5192d31ede,2024-06-01,womens_bantamweight,0,0.36872020034187175,2024
10c40b22ef9284e7de0ce72f,2024-06-01,middleweight,0,0.45841846140379716,2024
79ff3b1a7d1bf92f16483213,2024-06-01,lightweight,1,0.6305588659501731,2024
4b9696096d6fa5e9d5610ddc,2024-06-01,lightweight,0,0.10914416134514944,2024
989ca4098373cae02934935d,2024-06-01,heavyweight,1,0.6560522182348436,2024
6b33e6c737a6684a25945237,2024-06-01,middleweight,1,0.6937145835733911,2024
cfe0192361aad1fbe188ea64,2024-06-01,welterweight,1,0.5295168427454061,2024
aabe4d2579baa78d78077059,2024-06-01,flyweight,0,0.4282618345621379,2024
113ec2a83989aaec45d0a399,2024-06-01,welterweight,1,0.40699531458573013,2024
0acc32af1154473e50db81c8,2024-06-01,welterweight,1,0.5965685063047467,2024
41337cbd48bf4f84174dc20b,2024-06-01,welterweight,1,0.6706311673549978,2024
3dee3aff7f82282e32f8df92,2024-06-01,middleweight,0,0.3034580812132569,2024
518127b2dd8efe3a417831b3,2024-06-08,womens_flyweight,0,0.465316052175029,2024
2e839f2de196517e8e246d12,2024-06-08,bantamweight,0,0.4129335450125829,2024
bf7ea6fdb51531c8d451a756,2024-06-08,middleweight,0,0.4117894904378613,2024
7de1c7f30e70c0054157559a,2024-06-08,welterweight,1,0.5182400294713277,2024
25d7d7c1927b76a34bdc14d3,2024-06-08,bantamweight,0,0.4653220974368668,2024
0ddcfb11315e9923a41bb2c7,2024-06-08,light_heavyweight,1,0.469959643574938,2024
e8438ef0c8ba3780dc2b45d9,2024-06-08,womens_strawweight,0,0.7620159270653395,2024
d20e183e0125d6ec0f2db68e,2024-06-08,middleweight,1,0.5903783457608194,2024
a1e8bfab94288f7370f435d3,2024-06-08,bantamweight,0,0.5718345930820246,2024
e5d256c6836b448747c5b8c1,2024-06-08,middleweight,0,0.5518704951607046,2024
70272da7c95cd179af6cf4d3,2024-06-08,welterweight,0,0.6806066631763105,2024
144bac7646d283547cc8b638,2024-06-08,bantamweight,0,0.4257524067848972,2024
19bc980d805f14744f6823af,2024-06-08,womens_strawweight,0,0.5894492198289173,2024
8f81053df7a5953b7491f734,2024-06-08,lightweight,1,0.560683516262216,2024
79440448cd3fec28695e7dec,2024-06-15,flyweight,1,0.6977409347003796,2024
6c45fb565fbf14ea75c4fdcd,2024-06-15,flyweight,1,0.6506997533651293,2024
14d2774e1d1f3fd5e1c6dbc7,2024-06-15,bantamweight,1,0.45211708608392814,2024
f5dfccd531de267b99e1f070,2024-06-15,womens_flyweight,1,0.44547462969045387,2024
493d3aa0ab1d0278e2da7639,2024-06-15,bantamweight,0,0.25284064622448066,2024
763a5efe7035e062f2c0b690,2024-06-15,featherweight,1,0.3926482600291812,2024
1fed94581536b612e2fb59a6,2024-06-15,flyweight,1,0.7438244611200924,2024
41d8ef2e34a39925ad4e75f9,2024-06-15,womens_strawweight,1,0.6642561678954958,2024
f988066efa595e7f87d49d22,2024-06-15,welterweight,1,0.606707167307245,2024
19dddb26aefce6783b18baf6,2024-06-15,featherweight,0,0.39410430481645603,2024
9a8f34cfdca8efcd4558a8b7,2024-06-15,featherweight,0,0.44417746205721204,2024
37d4488fc8163313b1231aae,2024-06-22,light_heavyweight,1,0.3596951756562993,2024
7cf1ccb04fb7f586000618cd,2024-06-22,middleweight,1,0.3906053207792916,2024
0a2c033e657e7440fa8aa8de,2024-06-22,bantamweight,1,0.6540202418336617,2024
6d76913c436ce9ce53210b04,2024-06-22,light_heavyweight,0,0.43024757926800117,2024
1a036b09296210df95e21b1d,2024-06-22,featherweight,0,0.7003575271856841,2024
fc3424ff1e489f76836e8acd,2024-06-22,lightweight,1,0.567563524243883,2024
dcdb4b3fb3f9b4843ea57bb4,2024-06-22,welterweight,0,0.3145977373673863,2024
65451ad06adc1f6bd89a8674,2024-06-22,middleweight,0,0.36263051346497144,2024
a1d5af9825d34f2535d592ad,2024-06-22,heavyweight,0,0.6140654758739506,2024
a0aecd3b3aa3acaa0c742fc0,2024-06-22,middleweight,0,0.3792981258397242,2024
af244485111bd9dd30c97866,2024-06-22,bantamweight,1,0.43518982636374115,2024
7c694c3870edbf3861bf90ae,2024-06-29,light_heavyweight,0,0.46853658234769185,2024
1669e7c3c0104261e38941ae,2024-06-29,heavyweight,1,0.34203721165773365,2024
6f03e907877bb17aa05774b7,2024-06-29,light_heavyweight,0,0.6143517862876557,2024
9fcb0c56f33fc5b61e47d0b7,2024-06-29,featherweight,0,0.9209012868154546,2024
bc237d1b3aa5dfe665961429,2024-06-29,featherweight,0,0.3907264130492858,2024
7508a78c4629ff995495dbbd,2024-06-29,catch_weight,0,0.4495386579189348,2024
1885b9c154714adfa0a9f0ee,2024-06-29,welterweight,0,0.29204923809576383,2024
3a544bc796aa4992d5fe2c75,2024-06-29,middleweight,1,0.6780844412313317,2024
a276808076c8af27cad7f2ff,2024-06-29,womens_bantamweight,0,0.38257674700842537,2024
94dc3b686c902429728324a6,2024-06-29,womens_strawweight,1,0.49665546428641794,2024
3d80286353ae673cbbea021b,2024-06-29,bantamweight,1,0.6222144908867103,2024
d4d6b8ea5bd50709089f7bc0,2024-06-29,flyweight,0,0.533654387314251,2024
70c74e2537b1f6d717d6a580,2024-06-29,bantamweight,1,0.3319746896089783,2024
df9f3189d74a76849525e5d0,2024-07-13,lightweight,1,0.161762675208669,2024
930fcb9f98b6403d004a10a2,2024-07-13,welterweight,0,0.5730155816595403,2024
752309c3bca8093f692b1373,2024-07-13,welterweight,1,0.5854509826622252,2024
8ad7692e5b972dd4a7267c02,2024-07-13,womens_flyweight,0,0.2594779916476283,2024
12131907a7300a3995c0f29f,2024-07-13,middleweight,0,0.24584386184622595,2024
46e97615d7088624ce11ccd9,2024-07-13,flyweight,0,0.7356918944311112,2024
d8807ddb36ab019a53c30d15,2024-07-13,featherweight,1,0.20456247747949513,2024
85ca4854cd014ce8c4b31d7c,2024-07-13,womens_flyweight,0,0.358223555663934,2024
ddcbb740cdb42e2859e3ca1d,2024-07-13,bantamweight,1,0.6439011837191997,2024
41c64f492689442222f3aa5d,2024-07-13,womens_flyweight,1,0.6925753988378137,2024
1d14aed9e7e615e94ffe9351,2024-07-13,welterweight,0,0.5536565115880987,2024
1a1f05ea93dfb2cef5441150,2024-07-20,womens_strawweight,1,0.5005691708954091,2024
1802198470e4d36f13b9a300,2024-07-20,bantamweight,1,0.41216625642567334,2024
52f6aa2624ec3c51c8435cc4,2024-07-20,flyweight,1,0.4518098848718765,2024
8d11b4f1eb76e9b46dbfa43c,2024-07-20,featherweight,0,0.5531319879517752,2024
fb73b101f05286253264c95b,2024-07-20,featherweight,0,0.4804865832512009,2024
92839e130f117882696a849a,2024-07-20,lightweight,0,0.47112312908053994,2024
d8fe945f52c4101fdb8bc15b,2024-07-20,lightweight,0,0.5682521077342435,2024
4833ad51744b121d927b82e5,2024-07-20,womens_flyweight,1,0.6287609286479062,2024
5d08d6d735d021c218d42bec,2024-07-20,womens_flyweight,0,0.31120693548811257,2024
26a9e6c978b8d211b6443478,2024-07-20,heavyweight,1,0.4684446904671828,2024
9f2b2e8e992c8c2d56b31b48,2024-07-20,featherweight,0,0.4037913001900924,2024
097b47cf0fd70817100149e1,2024-07-27,featherweight,1,0.6669514063380745,2024
a5ec3ef5260e3a28c3483b8b,2024-07-27,middleweight,0,0.3914865457427948,2024
9de739fe6020a6c9f3fae848,2024-07-27,bantamweight,0,0.6024168653988874,2024
2e1d63b7961383b47d4f353a,2024-07-27,lightweight,1,0.3267821017196304,2024
79cfa01484c3ea38f9f51531,2024-07-27,welterweight,0,0.7721995388516286,2024
a5cad6e8a51f09bf4c7d852c,2024-07-27,heavyweight,0,0.22990315241717574,2024
d8173aa5dd83c7893f9af630,2024-07-27,light_heavyweight,0,0.4280773963257201,2024
10d948ba3fb1d8e9bd8dd436,2024-07-27,womens_strawweight,1,0.30764335261799425,2024
74af90aae5e78d1c1ad3cd9c,2024-07-27,flyweight,0,0.28655172227183306,2024
4e85b5ea469de051613b5741,2024-07-27,featherweight,1,0.7211673706790401,2024
513e525430fb53e61e0bc06f,2024-07-27,welterweight,1,0.4359216324425073,2024
a91c178a8284b7aafa874169,2024-07-27,welterweight,1,0.39590745286873036,2024
aece4c936f0671bad30426f7,2024-07-27,womens_strawweight,1,0.48463646864587173,2024
73594b0e6c5d7117aadc2d01,2024-07-27,heavyweight,1,0.5759624335118431,2024
9ba92a6b223ce70a5def5ac7,2024-08-03,light_heavyweight,1,0.5124348946692895,2024
571fd99f2cea3cab0516a2a4,2024-08-03,bantamweight,1,0.7141305255063607,2024
29050e1234307cff3226cdf8,2024-08-03,lightweight,0,0.4216304240379442,2024
7966b9d988f1cc5340b09615,2024-08-03,lightweight,1,0.28065178972005045,2024
45f6a77cf5bae11f69d9a8fb,2024-08-03,lightweight,1,0.3946340030136931,2024
1f40f703023ba1bd3b521781,2024-08-03,womens_strawweight,1,0.44894091258140234,2024
d2025cddbf7cdc74c599ce2d,2024-08-03,bantamweight,0,0.5045813053465988,2024
04bb77d8d0c872a4a2bc082a,2024-08-03,lightweight,1,0.5962735392223468,2024
a962037dba890b1e59b3c11e,2024-08-03,middleweight,0,0.3922061724184418,2024
56741af4fb9164b3ceab34bb,2024-08-03,heavyweight,1,0.524875533621638,2024
ca0701d63a3f45561e4c49ba,2024-08-03,middleweight,0,0.4294959195248941,2024
b008daa3b4c6db6c9f881827,2024-08-03,welterweight,0,0.19797418501238317,2024
b4ace78f4c4b62732bf4877b,2024-08-03,womens_strawweight,0,0.37686215020495933,2024
63b290ed8d80110a23d74939,2024-08-10,bantamweight,1,0.8301001290070994,2024
a88dc52e44b8276a684bb173,2024-08-10,featherweight,0,0.4036398754150248,2024
6399ddb25f22d847585f6886,2024-08-10,welterweight,0,0.257926846325839,2024
b8b9c9039b433da4b20b5f90,2024-08-10,heavyweight,0,0.650352232663,2024
961760ffcf08037002d97654,2024-08-10,womens_bantamweight,0,0.41581912261139614,2024
7e7ce2895404f87c5266303a,2024-08-10,heavyweight,1,0.5404760453560783,2024
12d0555dd382fcfab24b3392,2024-08-10,womens_strawweight,0,0.42958999846023815,2024
96244b15517f4c3bda290b28,2024-08-10,bantamweight,0,0.6540641459950551,2024
909669ccdc04944ae9d1b468,2024-08-10,womens_bantamweight,0,0.4811343911654948,2024
bd60f369b8760c4e98e32f96,2024-08-10,featherweight,0,0.3180325470307994,2024
d0e5f0596a80603b43725079,2024-08-17,womens_flyweight,1,0.4123539548272453,2024
34ba7fa3787854789b373bc3,2024-08-17,middleweight,1,0.5898636576363312,2024
1ab2b260997db6bff8202e76,2024-08-17,featherweight,0,0.36077923682201285,2024
4864b0dc32f25c0902026983,2024-08-17,featherweight,0,0.5163624175452665,2024
fe925f7d987d2688da86017f,2024-08-17,heavyweight,0,0.5258285483197622,2024
91cf1c66c0aae10df4f68f3c,2024-08-17,flyweight,0,0.6021503223838747,2024
ae37c7930a26b186f933eb9c,2024-08-17,welterweight,1,0.5575517363042494,2024
64bf5b234df82a4717fa37df,2024-08-17,lightweight,0,0.7337418700268902,2024
a8691859c32e637d35c7433d,2024-08-17,welterweight,1,0.40327589854861706,2024
9cef7cc38d059d1f8c348efe,2024-08-17,flyweight,1,0.49722400025554514,2024
806133791825a62697b640f6,2024-08-17,heavyweight,1,0.5835192314106312,2024
e85cd4c789fe17ebf55b166c,2024-08-17,lightweight,0,0.14210991029698375,2024
7871134a09675ac61dce31c5,2024-08-24,womens_strawweight,0,0.38228037207160376,2024
d1b1774c0be9c2a23e1afdb1,2024-08-24,lightweight,0,0.5835463226862225,2024
03f2e0f30d6778d93ed003c7,2024-08-24,middleweight,0,0.4880379733572201,2024
e36fc47ae8ddf929d7d70db2,2024-08-24,womens_bantamweight,0,0.27893873517489665,2024
d27425d0f741578a348cf746,2024-08-24,middleweight,1,0.46982988638930273,2024
7188747cdb0273a5acbad76a,2024-08-24,featherweight,1,0.43518982636374115,2024
47b86263700fd8ef79cea0af,2024-08-24,welterweight,0,0.4481966302934039,2024
a3f643c93410304590071638,2024-08-24,middleweight,1,0.42903979603577047,2024
d5f593ce2352af15183e59e2,2024-08-24,lightweight,0,0.4300348999101009,2024
93204973199b855bffa0e265,2024-08-24,womens_flyweight,1,0.6026306481060318,2024
59d94d1306c4fa0cc5b39666,2024-08-24,middleweight,0,0.47786869700883894,2024
7e324bf197dfe23d87cf3b37,2024-09-07,middleweight,1,0.8003120298110186,2024
098a7ab058cb0919d2754437,2024-09-07,flyweight,0,0.32118519247901867,2024
84bdaaa1b9eacf71f68d786f,2024-09-07,welterweight,0,0.31659967649943566,2024
3687ac6b259d61ee8fdcf7d5,2024-09-07,featherweight,1,0.9730978969712407,2024
520ab8059fa083df9466b8de,2024-09-07,womens_strawweight,0,0.19868665411996256,2024
37543d1d6a400d3e6864fe4b,2024-09-07,womens_flyweight,0,0.5115369227736428,2024
4891c35741f30e491ae624b4,2024-09-07,bantamweight,1,0.6225875388539243,2024
3abd10663dd8be12d13c6cd1,2024-09-07,lightweight,0,0.35386844460624944,2024
05620075d316a20238eb8fd9,2024-09-07,featherweight,1,0.6118229160613352,2024
b76888405cc10f4682091f54,2024-09-07,lightweight,1,0.34713315367138337,2024
fde085a48d0a96f2360b6382,2024-09-07,featherweight,1,0.38790320944194767,2024
45ada03471594e17da40af4a,2024-09-07,featherweight,1,0.43518982636374115,2024
b32a701a44b0d95605d7c908,2024-09-14,womens_flyweight,1,0.6591510378972145,2024
f2ff0c6a9bbd4b5eae926db1,2024-09-14,featherweight,0,0.4368532017621702,2024
09fa80261d93813008aaa022,2024-09-14,lightweight,1,0.48004451380282603,2024
c72915269d9a5169f4bdbe0b,2024-09-14,flyweight,0,0.19463386265781907,2024
3b8c650614dfc5493a3b1bd9,2024-09-14,womens_bantamweight,0,0.3373742209863018,2024
d5a12c28b25082427278edbe,2024-09-14,lightweight,1,0.5342900645250099,2024
d767088f51b6e7714e8d7645,2024-09-14,bantamweight,1,0.6165768860270399,2024
3ec64b31845ac4f1cb2f5a4c,2024-09-14,flyweight,0,0.4583592010713744,2024
75df11c187e283ce3ab3b3de,2024-09-14,bantamweight,1,0.48900006739160884,2024
1288aee9afdb2d374cc3012a,2024-09-14,womens_strawweight,1,0.49181505921662894,2024
245096e15704e2540393d97d,2024-09-28,womens_bantamweight,1,0.43066821581442594,2024
60d8f7e0b676daa7ac15f065,2024-09-28,lightweight,0,0.4056153488497792,2024
7030ef6d4542c58352a49bba,2024-09-28,flyweight,0,0.5821558574925974,2024
6ebd9ffc7a13c46ca71bd8aa,2024-09-28,lightweight,0,0.3040568901857753,2024
3e276600eba4e29cd38e2cca,2024-09-28,light_heavyweight,0,0.3323551628273243,2024
dc350102307a004ad39adb01,2024-09-28,welterweight,0,0.5425202395895234,2024
105253273d1654f9a2beee86,2024-09-28,lightweight,0,0.28406107453183466,2024
50aafa48176dfa0137faaa73,2024-09-28,featherweight,1,0.6505463436798705,2024
ab00b1352f514a47b8e37dc0,2024-09-28,middleweight,0,0.5006401797867388,2024
87ccdba10c40f4bdcf843017,2024-09-28,womens_bantamweight,0,0.41712593446840096,2024
88572ee2955c4e9d956110a0,2024-09-28,light_heavyweight,0,0.4967149114052552,2024
7e74c10fa13302f3fb7dd90e,2024-09-28,lightweight,0,0.4431021880216368,2024
0c580a243e221bbb34761e5e,2024-09-28,bantamweight,0,0.28630678517044716,2024
c2a55835ec8fc920f3adf40e,2024-09-28,featherweight,0,0.5555823776831565,2024
c1c94449aa8da08edf6e1dff,2024-10-05,light_heavyweight,1,0.8019577160733664,2024
7c56376f5bee90553ebe1f91,2024-10-05,lightweight,0,0.4509315368025298,2024
42c9a2d2c6e47f7150c3c7b8,2024-10-05,womens_strawweight,1,0.30406992349598855,2024
1972bb7a08946b356c1315c6,2024-10-05,middleweight,0,0.4962430675479685,2024
401cf3772c7ad44839360dba,2024-10-05,welterweight,0,0.48048469969415547,2024
57b18397eb6dda68408204e5,2024-10-05,bantamweight,0,0.31709927425329903,2024
144f8ee9b6fd2c722b5d25ce,2024-10-05,womens_bantamweight,1,0.6965711701605863,2024
e443e39fbfefcebc6b107ee9,2024-10-05,womens_strawweight,0,0.5839762437037488,2024
d310221180298a0117347d09,2024-10-05,womens_bantamweight,0,0.5831763796415387,2024
c6f824443fc9c84e876b488c,2024-10-05,middleweight,0,0.6477177483717687,2024
ce5cad2d9a093f6848c1c837,2024-10-05,light_heavyweight,1,0.7135275574195529,2024
1956b00acb148792dba1a315,2024-10-05,welterweight,0,0.2825622506928413,2024
4840224751a56333d055fc7a,2024-10-12,middleweight,1,0.5638645506050968,2024
a727672cc9664edda540ef4e,2024-10-12,flyweight,0,0.7587605961479179,2024
c9b19587d5b0943492e92d4b,2024-10-12,welterweight,1,0.4852005786430106,2024
75c7c56dd807d68045a4386a,2024-10-12,flyweight,1,0.3902885869462373,2024
8e2cca02f188a62e86ed9e5d,2024-10-12,flyweight,1,0.5632659695604118,2024
559c2d014f7fdd130c04416c,2024-10-12,bantamweight,1,0.33802963891534904,2024
b2154563c4e05478fec46f76,2024-10-12,welterweight,0,0.44402644633228344,2024
0cb8a11def43b8e9e64a987c,2024-10-12,lightweight,0,0.3194971291689302,2024
a9a12f6db5392e7212061c76,2024-10-12,featherweight,1,0.32549526944170004,2024
da2b4cb4a1dece7e1cddce4b,2024-10-12,womens_strawweight,1,0.5854851513105531,2024
6006b5e7b981df4da946cb96,2024-10-12,heavyweight,0,0.358544398106579,2024
d6fa07076c71693c51694206,2024-10-12,welterweight,0,0.5097950130671968,2024
abcc6a4ab3920f6a692e9eee,2024-10-19,middleweight,0,0.5861287486180223,2024
9e275e378f98707802ff3485,2024-10-19,heavyweight,1,0.43173568254619327,2024
412a5bf196b840083c98f4cb,2024-10-19,bantamweight,0,0.21392760768501473,2024
8109c8b9fae6d7c0aec54bea,2024-10-19,flyweight,0,0.4094826291712035,2024
0971e4c0e50a7ee704277ff9,2024-10-19,featherweight,1,0.3800126841195871,2024
8e8bc92bd61bc4fcf37df834,2024-10-19,bantamweight,1,0.2937510136749756,2024
7f31ec33285ef5018378b5ff,2024-10-19,womens_strawweight,0,0.36943148949947485,2024
f37b3852170b4e3e133af446,2024-10-19,womens_bantamweight,0,0.3590418401423985,2024
79e0b62af359301a3c381318,2024-10-19,flyweight,1,0.603523343767484,2024
4798c8fae376043513d3f4d2,2024-10-19,womens_strawweight,0,0.5084416267791154,2024
497026b88b1c9f6fe365d724,2024-10-19,bantamweight,0,0.6720132398692468,2024
64b6b3f836693e4882af28cc,2024-10-26,middleweight,0,0.4662458506490424,2024
d083631584ac1c4442af2f54,2024-10-26,featherweight,0,0.2995822086712408,2024
0fb2c51f918d8f2c887a3970,2024-10-26,welterweight,0,0.29754111001075967,2024
4a0a7c62b38099ba662d7540,2024-10-26,light_heavyweight,0,0.3468431633964613,2024
c481a4e5d3c8d48d2a063795,2024-10-26,featherweight,1,0.7375206678221436,2024
e98deb41ebb14639db7c7876,2024-10-26,middleweight,0,0.3927165689260437,2024
8c84124df2963190592ada9e,2024-10-26,heavyweight,0,0.22760518848596586,2024
79fce42379f8108d722fa309,2024-10-26,featherweight,1,0.6703958517301751,2024
df658a10c24790baf29d4ee5,2024-10-26,light_heavyweight,1,0.7116799913948291,2024
c1770a29dd92cea4a6f380c4,2024-10-26,catch_weight,0,0.578985837365786,2024
fa23b82570604d8dd9c63e98,2024-10-26,welterweight,0,0.13251886420555145,2024
39f8f786e1f44eddf18e1470,2024-10-26,middleweight,1,0.6516260771509961,2024
17cb3fa1910244939c601a11,2024-10-26,middleweight,1,0.6251837619432419,2024
f369464f1180832f1d8b7c25,2024-11-02,bantamweight,1,0.5781823828743771,2024
e1741bf2713d935c14028fb4,2024-11-02,heavyweight,0,0.5029031071623399,2024
6025d5b28df7b99fb482dcce,2024-11-02,womens_flyweight,1,0.556294398076472,2024
55b1b3ca9a1864952fc3a120,2024-11-02,flyweight,0,0.39286174592774775,2024
88f856cc39f5020603b0cb4d,2024-11-02,light_heavyweight,0,0.5980399492427279,2024
1f3e2215dc098945c449f796,2024-11-02,bantamweight,1,0.468058850134584,2024
fcff3a20a805946dcbc5b1f1,2024-11-02,bantamweight,1,0.35494987884034035,2024
abebc636424c238657d451dd,2024-11-02,womens_flyweight,1,0.3023633476042195,2024
4ac4778bb7788aaec05d064c,2024-11-02,featherweight,1,0.42160732928060357,2024
6baeb93f8c6f6b9bd33db412,2024-11-02,womens_flyweight,0,0.4619040442490008,2024
dcc9895cbd8b3c0b07f46767,2024-11-02,middleweight,0,0.5389179211131098,2024
671290c0c6844812078884b0,2024-11-02,welterweight,0,0.39351813061127433,2024
c56faacbd23e859d15f773a4,2024-11-02,bantamweight,0,0.4808486047104438,2024
775087a13644ddbfe20dc426,2024-11-09,bantamweight,1,0.47488759173959527,2024
1019552fdbf1a6c9ac7389ae,2024-11-09,welterweight,0,0.22159209097720717,2024
0e948b30e911a8028bcd9511,2024-11-09,bantamweight,1,0.39010001628043695,2024
4fa91a1cfb6740cb784e067a,2024-11-09,middleweight,1,0.200922018823012,2024
82c4427e3f9514cdeb328735,2024-11-09,womens_strawweight,0,0.51351697649642,2024
4493bfb4dc8c9613ac38e90c,2024-11-09,womens_strawweight,1,0.660989832273709,2024
3a681fdfbe596d2fdcae3f62,2024-11-09,middleweight,0,0.4508335328564792,2024
6b3506aa31679bb23befa70d,2024-11-09,welterweight,0,0.5707188494648457,2024
c3c4de6fa97914db9f9aff63,2024-11-09,womens_bantamweight,1,0.44644917551590924,2024
1977ecf38fd0fee16b089735,2024-11-09,welterweight,0,0.39182920306468205,2024
97dc41469e9c9287cb5fd305,2024-11-09,middleweight,1,0.5417087169239662,2024
043847b8441b879d0f429697,2024-11-16,welterweight,0,0.3518183088180034,2024
4167d3f6070971c8b9d1fde2,2024-11-16,middleweight,0,0.2656783977436233,2024
9f92f3cfd66a55be8006ffb2,2024-11-16,lightweight,0,0.30510038554628766,2024
54cc8d7bd582e5171cc7f70b,2024-11-16,lightweight,1,0.7007603690795038,2024
bce7b7de58b92db963e36818,2024-11-16,lightweight,0,0.7648200717563434,2024
3e7b3ef93a01e95602563df6,2024-11-16,heavyweight,0,0.07182424607866561,2024
fa0177ce9126280f55a43082,2024-11-16,bantamweight,1,0.32957949818575477,2024
b5c28155a6e12ff7a5ce6f50,2024-11-16,heavyweight,0,0.2882368250952395,2024
03e4a0968b9c873a3c75fe66,2024-11-16,catch_weight,0,0.23981638604275593,2024
017db93038090457a9f2ad7f,2024-11-16,welterweight,0,0.5099101287321846,2024
a7c487f94464423d6463a35e,2024-11-16,womens_flyweight,1,0.4289933287255014,2024
46332285a7b69c9d2a12da53,2024-11-16,womens_flyweight,1,0.3976945434949652,2024
8811b8fcd2100494af6f8cd5,2024-11-23,bantamweight,0,0.43518982636374115,2024
1c95d96871ede2553b9ef069,2024-11-23,flyweight,0,0.43518982636374115,2024
c23bd1c8a9009f9e2aa0618e,2024-11-23,flyweight,0,0.43518982636374115,2024
b6619e5bf2b8cb1dcad50e13,2024-11-23,lightweight,0,0.4356777037124947,2024
e18d6be41f88d838a0ea1d5a,2024-11-23,flyweight,1,0.5274364639576018,2024
bd0443c550f1a30b6b7d0b7f,2024-11-23,bantamweight,1,0.6136688015030092,2024
0ff5951760ba7570bb749166,2024-11-23,womens_strawweight,0,0.43383406013774894,2024
c6ef3b68243861a699dbc860,2024-11-23,welterweight,1,0.6821444951747875,2024
958a5e46c9010601ebb8d398,2024-11-23,light_heavyweight,1,0.5925115098295297,2024
77418b65aac3f975237beb9e,2024-11-23,womens_flyweight,1,0.3422955895800071,2024
8d8a818c9f17c009e3b85bf9,2024-11-23,bantamweight,1,0.4230016711706257,2024
4a920eff3f6c4c24152c2d9c,2024-11-23,womens_strawweight,0,0.5619565563912386,2024
ab152d7ea0e03fcd72fe5e3e,2024-11-23,light_heavyweight,0,0.37474070200899456,2024
8bec3556efa0aff00fc6942a,2024-12-07,flyweight,0,0.22011257508210713,2024
9635f631a62e6cac838fac30,2024-12-07,featherweight,0,0.1364584181087496,2024
0304da4371ba534498bbfa00,2024-12-07,catch_weight,1,0.30809793170115113,2024
b7f0d52ab8dd1cb8f75d38c6,2024-12-07,heavyweight,0,0.33820349366867564,2024
228014fdd9ac575ec9d83932,2024-12-07,lightweight,1,0.9102555840271689,2024
b17d607483172d5ebfb86b98,2024-12-07,flyweight,1,0.6815983447609018,2024
5fcd9b73e591e02031a00a9e,2024-12-07,light_heavyweight,0,0.5207448973430647,2024
3e73e0845cfe08a1abaa6d7f,2024-12-07,heavyweight,1,0.6360597015404649,2024
034ec1f2c225729b14c0dfca,2024-12-07,welterweight,0,0.40289374103031483,2024
ba2176c71f65397aaa94d50a,2024-12-07,featherweight,0,0.371757487602844,2024
44dbc5139ac2ed24c255f5cc,2024-12-07,featherweight,1,0.5948421661836675,2024
9f2b7751f55b139930a7745b,2024-12-07,welterweight,0,0.6284328388341394,2024
23e3d1acad9c979ed26efd91,2024-12-07,welterweight,1,0.5203151203442948,2024
2bee7e4cb43cb0eed55b0645,2024-12-07,welterweight,1,0.4576343781489153,2024
f0b0735efef392fe0658fcdb,2024-12-14,bantamweight,0,0.43856106711947895,2024
bec4c121d2e352da409b0252,2024-12-14,welterweight,1,0.5460563517513733,2024
7915719a146e85eb8bf4ac4e,2024-12-14,featherweight,0,0.6352136811444795,2024
7b9f48d7590f393ee2bc937d,2024-12-14,bantamweight,1,0.4991366766105335,2024
14139c465fda81dd1f24724d,2024-12-14,lightweight,1,0.6050303276434869,2024
ee992fcfb2c3ec848b22bf51,2024-12-14,womens_strawweight,0,0.5642532514894925,2024
a4bd67e5bf952f768ee5f2d7,2024-12-14,flyweight,1,0.6153242937452611,2024
3d0468e9f5fdbbc6bcf4b92f,2024-12-14,lightweight,1,0.5302797563201027,2024
8545cb07c6efcc3f4da59517,2024-12-14,featherweight,0,0.4512128197250311,2024
01916ac920a0f4fd7230f3cb,2024-12-14,womens_flyweight,1,0.6891802041140448,2024
282c2ae10a81491eae36a47a,2024-12-14,light_heavyweight,0,0.5192769509288477,2024
92bbcef9c67dd1b7eb6c690e,2024-12-14,featherweight,0,0.2500764310920628,2024
1fcccda17da14ab9603a0f66,2024-12-14,light_heavyweight,1,0.47301241335435534,2024
