fight_id,fight_date,weight_class,fighter_a_won,probability,year
26b46336baf995109799d0e8,2019-01-19,lightweight,1,0.26036216846927823,2019
38913c7a553efd0ea27c4ce6,2019-01-19,light_heavyweight,0,0.5101826443336273,2019
8126ece57175e39d22722e5b,2019-01-19,welterweight,0,0.5372788284240514,2019
fb232738136fb41408e97318,2019-01-19,bantamweight,0,0.2242556728075068,2019
cbce63c7e16d47b29e74d88a,2019-01-19,lightweight,0,0.3148170442908642,2019
9a7c75d28b2227d353ffee0b,2019-01-19,light_heavyweight,1,0.40262668155303516,2019
ed17d601382b0e1ee5f25834,2019-01-19,heavyweight,1,0.46841211883374617,2019
5678ee79359ee825af2c6cf6,2019-01-19,lightweight,0,0.2839515952210104,2019
25a9c1526fc208e6c7fe38c0,2019-01-19,flyweight,0,0.61643569890594,2019
7c630f0caa70766b4c9772ba,2019-01-19,womens_flyweight,0,0.3616668422040994,2019
16e5b4cb10bf8316f059f140,2019-01-19,flyweight,0,0.5107130289726858,2019
e290c1a53b53c40025a2f302,2019-01-19,welterweight,1,0.531993931876464,2019
24cb0110e15bf9500f3a20ae,2019-01-19,womens_flyweight,0,0.3751286207579166,2019
8efd36d5f3360c4d96328383,2019-02-02,lightweight,1,0.5304699629484536,2019
414613fb990b2e1f8744a998,2019-02-02,welterweight,0,0.3474980776824371,2019
1b0fda4335818f786b8d6f2f,2019-02-02,featherweight,1,0.4535031829838185,2019
1953db6fe5b9744c1843dd12,2019-02-02,light_heavyweight,0,0.3150789001898368,2019
1cd6203b9577bfd25372eb22,2019-02-02,featherweight,0,0.4863038613511086,2019
22cbf1de4862c931b9f97a10,2019-02-02,heavyweight,1,0.38746947099321816,2019
7342c697833ab7bab79bea3e,2019-02-02,womens_strawweight,0,0.30708178653942375,2019
f0a78186a92cdad28af6e943,2019-02-02,flyweight,0,0.6654472677446661,2019
4523cf854ff48df6d66ba36f,2019-02-02,womens_flyweight,1,0.5487194167410253,2019
34446cbf52a1732388aac036,2019-02-02,middleweight,0,0.5433526576481283,2019
5467de70ec0bbfc6ea3f127e,2019-02-02,bantamweight,1,0.6224297252649209,2019
15c9bca416c7204a3b9a9692,2019-02-02,bantamweight,1,0.40212358260898884,2019
f50a16321d311cfb1f168e8c,2019-02-02,welterweight,0,0.6832579989022581,2019
1d74549a59fbd93e268d0046,2019-02-09,lightweight,1,0.7854454684146723,2019
e4525ba53a52b5b0857e967c,2019-02-09,lightweight,0,0.2758712715625734,2019
896c12a96bf1da79303bc533,2019-02-09,middleweight,1,0.8157371374245705,2019
fcaa078b4857c278dceb747d,2019-02-09,light_heavyweight,1,0.3941216731757744,2019
b253a6a048ba0dd83a41d3a3,2019-02-09,flyweight,1,0.6108887740858419,2019
4c10bda573f8c01d3c440405,2019-02-09,lightweight,1,0.7160823799241697,2019
5fe9e229550df4983795b5be,2019-02-09,womens_flyweight,0,0.30868567097926614,2019
5ad3dfcbceb50baabf4a06f1,2019-02-09,bantamweight,0,0.35374072527862566,2019
19c65e9f1f86ac03182841f4,2019-02-09,featherweight,0,0.2843555844759798,2019
b320535a9010e893cc6fe892,2019-02-09,bantamweight,1,0.5070870026245843,2019
ca6f6af371cc512b6d1734d5,2019-02-09,bantamweight,0,0.5951899801358574,2019
fb545f795d0e191fdab5bb79,2019-02-17,womens_strawweight,0,0.470924817272944,2019
3a7293241a2a807fa182f6f5,2019-02-17,featherweight,0,0.5674138289198973,2019
90e1f32d8c4d591b474fd0de,2019-02-17,featherweight,0,0.6555371200070177,2019
3038757c3f23bac29c322002,2019-02-17,womens_flyweight,1,0.46297749460980103,2019
c015f09a4e1bf33ced9384e3,2019-02-17,bantamweight,0,0.5656325597949504,2019
5891d36900849c98a50352f1,2019-02-17,womens_strawweight,0,0.351412629431238,2019
6959921b10f78a71e64300e8,2019-02-17,heavyweight,0,0.4698942166393165,2019
657a85fc997ba3106e9c502b,2019-02-17,lightweight,0,0.6840115799410813,2019
ca78a58998323e4f9fdbc72f,2019-02-17,bantamweight,0,0.45993366428856913,2019
8cc10441cbf2614f8785b729,2019-02-17,bantamweight,0,0.49937131555186276,2019
6118a8c78447f0434395fc87,2019-02-17,lightweight,0,0.4679054755333464,2019
38cec55ae4c31d673c6a5cb7,2019-02-17,welterweight,1,0.6306490682270302,2019
9e4bab0c77a4e9c538d5684c,2019-02-23,lightweight,0,0.4022713381825798,2019
e7306a3ff9867fb2e7e85ac2,2019-02-23,lightweight,0,0.31682211246068004,2019
c622965b0bcf635ba617dbb7,2019-02-23,featherweight,0,0.35538618306234837,2019
f6151b74f7346e29cfac2985,2019-02-23,welterweight,1,0.4291700588815361,2019
bb340698ea1e7e4cc05fe35d,2019-02-23,light_heavyweight,0,0.5064373072118826,2019
1f68dad92eb77d22953924b9,2019-02-23,light_heavyweight,0,0.3774388180465838,2019
f20354ebb869644c4afccb40,2019-02-23,bantamweight,1,0.7011896328509988,2019
68976dec066e7619e206ce8d,2019-02-23,womens_flyweight,1,0.47732868958065633,2019
56cbf3ea04dbca631e7d843e,2019-02-23,light_heavyweight,0,0.3690065505793883,2019
097be1f05c2d7e6e94d40303,2019-02-23,welterweight,0,0.7317357740292667,2019
63c32ebc206ee6106b382e72,2019-02-23,lightweight,1,0.3292568866711389,2019
fdd038da2b5f04c16971323a,2019-02-23,heavyweight,0,0.4173236955413973,2019
c89ca4669b8e6877497edfa3,2019-02-23,womens_flyweight,0,0.2750843014008769,2019
1b1fe5662b3d023466c64bc5,2019-03-02,bantamweight,0,0.6567889738849897,2019
947d498d822062457d1e667e,2019-03-02,bantamweight,0,0.43220782791277573,2019
0d13e65dd754b3f1bc58e7b8,2019-03-02,welterweight,0,0.6747331440547373,2019
54daae7c0fa28da8ca71a0f5,2019-03-02,middleweight,1,0.6159708303373308,2019
d15183f063880d7d4e9bbce1,2019-03-02,womens_bantamweight,0,0.36251961957990064,2019
5b92ec9d7c9365ea015380d9,2019-03-02,featherweight,0,0.20307579805032996,2019
e6b1f51548c2ef5176c0c18c,2019-03-02,light_heavyweight,0,0.09467896567751051,2019
a4499ea5511393f5c9bd2dbd,2019-03-02,light_heavyweight,0,0.35501805133046954,2019
593c1b1e6c82dec285a0ca06,2019-03-02,womens_strawweight,1,0.21921809116711213,2019
fb04d1b737f436ebc97b03b4,2019-03-02,welterweight,1,0.25020409426941714,2019
568a7229b4b06a6455408f13,2019-03-02,womens_strawweight,0,0.5328606734925272,2019
75fc305627143c9630ca9bf5,2019-03-02,welterweight,0,0.38090442546911063,2019
818abb53258da411751b41a4,2019-03-09,welterweight,0,0.47706942355414145,2019
2af546ec2d6b95fc63d0c56e,2019-03-09,lightweight,0,0.44397011525886076,2019
58e767357e6d5c8330f66f2f,2019-03-09,welterweight,1,0.6242978113489194,2019
aeb99a1990e3cb523a3641f3,2019-03-09,lightweight,1,0.7107620660356013,2019
57bb3b3ccfd9285941e2f474,2019-03-09,heavyweight,0,0.29071281306071156,2019
e0fd283d4ad215ea9c9ecb5f,2019-03-09,heavyweight,0,0.4863109751324318,2019
91dd9ae4e12f09809b994011,2019-03-09,welterweight,1,0.47106657003680136,2019
a822ba1d485f0fc8ac120f48,2019-03-09,featherweight,0,0.34254585174667446,2019
5b43785643265dac8e96f96a,2019-03-09,bantamweight,1,0.5006492035734983,2019
33db1b31bad9e3c347f5d190,2019-03-09,womens_bantamweight,1,0.4423866412329576,2019
e992a27d67c8e35a59363798,2019-03-09,heavyweight,0,0.2770509462228508,2019
1598348e4d6680280ca7ecb1,2019-03-09,middleweight,0,0.4216567910994505,2019
5793b77c4043eadce8dbc1a1,2019-03-09,welterweight,0,0.4368967353644395,2019
3b895d43f522ada07f4959b0,2019-03-16,featherweight,0,0.2682105279151306,2019
6d70742b8f98faa563b821eb,2019-03-16,featherweight,0,0.38683986927065594,2019
ace5bfe86e4b0d6735973199,2019-03-16,welterweight,0,0.5048074304050907,2019
353e4c10440a62ea4553e3ff,2019-03-16,welterweight,0,0.729150890005417,2019
20e86b5d807bb2dc387b78f3,2019-03-16,middleweight,1,0.7445675518501977,2019
f7dfb4e06c955b5b53ddc717,2019-03-16,welterweight,1,0.6737304658189068,2019
6cac406144299eba656c31c8,2019-03-16,lightweight,0,0.44397258029756836,2019
bf87589c5256203f65f72bbf,2019-03-16,featherweight,1,0.2565907295110287,2019
0cc779241aa11d55442d44dc,2019-03-16,womens_flyweight,0,0.23752857078686396,2019
9f29624a5aa95c6c6caf75e2,2019-03-16,bantamweight,0,0.36979661267213704,2019
8f38415a1100e141bbd92841,2019-03-16,light_heavyweight,0,0.5666763482640641,2019
10ac2affd027d19e4dc0a8e1,2019-03-16,light_heavyweight,0,0.4077906323265121,2019
e694a2560234a188ae42e974,2019-03-23,womens_flyweight,1,0.40718198926791976,2019
9c5f20dcf4b276ed3c4a12e7,2019-03-23,featherweight,1,0.6306377235891035,2019
de2f47976573bf170793803f,2019-03-23,heavyweight,1,0.5891308946794146,2019
f9b2cc6068c2ae45506e9313,2019-03-23,flyweight,0,0.6453625033676758,2019
6871ce208868dbd843118f56,2019-03-23,lightweight,0,0.6096169661880014,2019
3507718bfe13d92f6054b9ed,2019-03-23,flyweight,1,0.4652508597686298,2019
57da958cc94cc83554eaeebb,2019-03-23,featherweight,1,0.5244333161888816,2019
95a795d06d973c01bcfd4990,2019-03-23,bantamweight,0,0.18226192158171797,2019
ab7c36995971e72c6d2cbf53,2019-03-23,womens_flyweight,1,0.4632362489448997,2019
adccd3ef67929e7be8b0fb1f,2019-03-23,womens_strawweight,1,0.5286031615276815,2019
a6ca1f430b5ef469ba343397,2019-03-23,bantamweight,0,0.4536730107474422,2019
d9300b28ce089ff86c099e9b,2019-03-23,welterweight,0,0.5684446397491747,2019
84ee51fdab49a6792b09df2b,2019-03-30,bantamweight,1,0.6351432331650869,2019
b2272144ef0de0d983b37600,2019-03-30,middleweight,1,0.7458583850089827,2019
4d97ae90607b612a50988191,2019-03-30,lightweight,0,0.3989554478450746,2019
477250ca2a15d6683e877e00,2019-03-30,featherweight,1,0.31457671423626155,2019
f3fc62d38088caaf5eec0fe5,2019-03-30,featherweight,1,0.46469452627178587,2019
25a0d90348d39625a4f0314b,2019-03-30,womens_strawweight,0,0.47370391963255576,2019
889f1c72aefbecafdff832f9,2019-03-30,light_heavyweight,0,0.571068252314809,2019
5396918119ed934b0af80bcb,2019-03-30,middleweight,1,0.6866505682269262,2019
9496decacd91b03a238021e2,2019-03-30,womens_strawweight,0,0.40796875684136596,2019
865dd8ea788e2e501a2f6b3d,2019-03-30,bantamweight,0,0.7379828580910288,2019
acba98dfe391a402c7725c1a,2019-03-30,lightweight,1,0.8949832114568311,2019
bce69a101b3313de146183e7,2019-03-30,womens_flyweight,0,0.6015365860029426,2019
12e81505192fb36cefeaab8b,2019-03-30,featherweight,1,0.5913776470327077,2019
3f60dec25b566435df7cedec,2019-04-13,welterweight,1,0.5652056922550591,2019
7e8869149838e8184f1e5273,2019-04-13,bantamweight,0,0.43588715789710764,2019
289890fb9419def12213ee83,2019-04-13,bantamweight,1,0.5460532380290853,2019
b784ab0811d40210660ce193,2019-04-13,welterweight,0,0.6027281887368947,2019
4ffab5007df4ff7646771e21,2019-04-13,light_heavyweight,0,0.7304685406729464,2019
33ebcc2e07caca97f069be07,2019-04-13,lightweight,0,0.8211997239020732,2019
a7712c32403c49d7bbe8592a,2019-04-13,middleweight,1,0.697665572410939,2019
cfbe4a97e3e72c4468debf09,2019-04-13,womens_flyweight,0,0.40397275207312416,2019
3ad810f66b297f4a1e28f412,2019-04-13,welterweight,0,0.42832920791856144,2019
5515c14ec2037b702fc825e9,2019-04-13,lightweight,0,0.8241809003271118,2019
e22e3562dae8dfff221df22f,2019-04-13,bantamweight,1,0.7141758388000065,2019
86ba5ba8d5b95634ce58b762,2019-04-13,light_heavyweight,1,0.5214550813666188,2019
1c9726808f14ddd59d42d22d,2019-04-13,flyweight,0,0.36301231246657584,2019
8de90dc8a38f56cfd96d944d,2019-04-20,lightweight,1,0.34596187873441947,2019
b9b4e5d3157c57087a7a77b4,2019-04-20,heavyweight,0,0.35027667649048494,2019
a13f15fd4cc899207fc13e71,2019-04-20,light_heavyweight,0,0.25233846447955366,2019
663b41c840a325072588a36b,2019-04-20,lightweight,1,0.7946480762452202,2019
1b6f229338f50db52565e59c,2019-04-20,middleweight,0,0.3396803360359816,2019
815560d234b6ccedda48743e,2019-04-20,lightweight,0,0.5103989553471455,2019
91f5f9dbe58e9a59f5f3a499,2019-04-20,heavyweight,0,0.6519648488714056,2019
f973994e8ab6d25d2f5f2c88,2019-04-20,featherweight,0,0.47764320612617406,2019
af7c348666716dc73218dc9a,2019-04-20,womens_flyweight,0,0.6081356904542856,2019
7bb40837872b53468491b077,2019-04-20,heavyweight,1,0.4673188232860686,2019
7b6b18993ce6ee3086c6f10e,2019-04-20,welterweight,0,0.43535642070999464,2019
5f2baffa9f9e18070dd69e1d,2019-04-27,welterweight,0,0.593546307521049,2019
b031eded632dd94461f4a954,2019-04-27,heavyweight,1,0.6162711367877416,2019
915cc3326771dcb5012f05cb,2019-04-27,womens_strawweight,1,0.504378298355902,2019
cbe370d6e9437f7454094401,2019-04-27,welterweight,0,0.47910546052042063,2019
a3f24c5dfdbc1c1cb8b01ef2,2019-04-27,womens_strawweight,0,0.34489743646413706,2019
3f0c08354e145c02110fd0a2,2019-04-27,welterweight,1,0.4470407356664811,2019
6f066ff33c959ab559b7a1cb,2019-04-27,lightweight,1,0.6115985683770083,2019
cf0c668767f8f59b49b1d46b,2019-04-27,light_heavyweight,1,0.4243396090799816,2019
d7a529c7a59a0342b202024e,2019-04-27,heavyweight,0,0.21410265867050818,2019
810334f59f27e21035e1f127,2019-04-27,middleweight,0,0.38122992637590347,2019
56ca651437d7cc1d573c3970,2019-04-27,lightweight,0,0.6083517469558793,2019
64e530283564ae1339632e0b,2019-04-27,bantamweight,0,0.5457812388976737,2019
734a75344024157915995e4a,2019-04-27,lightweight,0,0.302922346563399,2019
3a807e46fc597761a9a248a3,2019-05-04,bantamweight,0,0.3361981243934658,2019
4afd8778c789a9d76835ce0a,2019-05-04,lightweight,1,0.3620035939377297,2019
ffc7edb9f4fdd9e856d76689,2019-05-04,heavyweight,1,0.38757438417253126,2019
aa35b011a1662c7027e70524,2019-05-04,bantamweight,1,0.44786145067050964,2019
640f1b8fcbd5c004e9cb36a7,2019-05-04,featherweight,0,0.5029770974614035,2019
3b1a562aa4ebab0784fd7bc0,2019-05-04,middleweight,0,0.5295588627011032,2019
1b63ea904ebd2957ee46991c,2019-05-04,featherweight,1,0.6204827248694406,2019
89394eb01e7784b2c428333d,2019-05-04,womens_bantamweight,1,0.6702136455227444,2019
dbedbc64c66202909e1eec7a,2019-05-04,middleweight,1,0.5718037133235052,2019
9e20d5adcc49052c74014626,2019-05-04,bantamweight,1,0.4925493385016906,2019
978214d16c31f8696f47f29f,2019-05-04,welterweight,1,0.641999523934266,2019
e124311e45865d724207e325,2019-05-04,heavyweight,1,0.4261947395706241,2019
e7073ba5faca0ccac9ce2fcd,2019-05-11,lightweight,0,0.38818382508508786,2019
69669b5e3b46042a05eb0823,2019-05-11,womens_bantamweight,1,0.5334475239073823,2019
91bd5d42cc6416e430dd43ed,2019-05-11,middleweight,1,0.5746752089133961,2019
4afd58b0d8a55895c868a02e,2019-05-11,featherweight,1,0.5560562650060182,2019
81a04e8caf79fb727607d237,2019-05-11,womens_flyweight,1,0.630632680164713,2019
10d59155db6aa78a1427c454,2019-05-11,bantamweight,0,0.4624683115781296,2019
9249808c94f3d6dfdf9af36b,2019-05-11,light_heavyweight,0,0.3078455629249324,2019
6c73f1b4fdd41c4e4e6654da,2019-05-11,womens_strawweight,1,0.4031399707497897,2019
d89982d834ee44a1b667b66f,2019-05-11,womens_bantamweight,0,0.5634060134777923,2019
8296e0d578cb9314c68eee1d,2019-05-11,welterweight,0,0.3000663730030063,2019
365fefe34135160ec5455d1f,2019-05-11,lightweight,1,0.7484652051235107,2019
6cec7d8a2c1e3df9f294b43a,2019-05-11,welterweight,0,0.5074528809709205,2019
363d78001101e6229c0a2b0a,2019-05-18,middleweight,1,0.45128116687541103,2019
3f0251bc27145aab23db9546,2019-05-18,womens_bantamweight,0,0.5245046436564221,2019
50d9e85f3686903269809172,2019-05-18,lightweight,0,0.2795899817074123,2019
7d905c953ba73d1a68ead277,2019-05-18,welterweight,0,0.6033462045546041,2019
6bc2a392929414c465042a48,2019-05-18,lightweight,0,0.2978507865319931,2019
0f6484b736a7f3cc7aba63cc,2019-05-18,lightweight,0,0.26537879630718286,2019
db76119921bdd0ed497b32f1,2019-05-18,featherweight,1,0.6720642451997269,2019
33c355ad10b62e7d1de78d9c,2019-05-18,womens_featherweight,1,0.41295464702513207,2019
bc3a021cd3cf61e555021000,2019-05-18,featherweight,1,0.43807819845112117,2019
3c180878faf99b21bf865fd0,2019-05-18,light_heavyweight,1,0.4289168534696003,2019
ca96343028b62aeda9c60fe9,2019-05-18,welterweight,1,0.3188249639973686,2019
2a18e106ad1da3effa28ec4b,2019-05-18,welterweight,1,0.7970487762830655,2019
05e89105390245833a6794d2,2019-05-18,middleweight,0,0.6429678329900442,2019
e79d9d724c1b4f49a9c151d5,2019-06-01,light_heavyweight,0,0.5263077245659318,2019
51130eaae559739d2277bccb,2019-06-01,womens_bantamweight,1,0.4696574627449596,2019
376fca1b2417ed080dc55d71,2019-06-01,lightweight,0,0.5763266888035354,2019
6c857bc2b1611cd86b8a59d5,2019-06-01,featherweight,1,0.48151694481562396,2019
b2a972b374869a366d3b02ae,2019-06-01,light_heavyweight,1,0.4043237503771156,2019
9a09782a2c405f04f7df2ff8,2019-06-01,light_heavyweight,1,0.8019654512836999,2019
44f4f36c18cd30f4a78e8d2d,2019-06-01,lightweight,1,0.6134719336957896,2019
c4311f2a96b7cc37340ba09a,2019-06-01,featherweight,0,0.48147357224132875,2019
2fcd04431581330b8a2d18a7,2019-06-01,lightweight,0,0.46183448747678796,2019
0f14442a17f1f00f94f2d4c5,2019-06-01,welterweight,0,0.48944472243331766,2019
7f95ca9ac1c70cd00b0cce57,2019-06-01,lightweight,0,0.642914669068981,2019
42e3da20fad88525160d375a,2019-06-01,womens_bantamweight,1,0.4229694413987807,2019
bd6e6031555f600f46ab4f03,2019-06-08,bantamweight,1,0.6366073699724694,2019
95939d218a1d60a883da95bc,2019-06-08,middleweight,1,0.36905247586804213,2019
266ee3a1c82efd700b8f5aa3,2019-06-08,bantamweight,1,0.6504073809425471,2019
f07b57e2716471ad3302c0ee,2019-06-08,bantamweight,0,0.3554881448691163,2019
5ef23b9557a9feefb97696b1,2019-06-08,bantamweight,0,0.3312163308830442,2019
3f6311a5a0724f605b206cd2,2019-06-08,womens_strawweight,1,0.4643854794319521,2019
d207301a7745b122f84fef97,2019-06-08,womens_flyweight,1,0.4868198135380574,2019
1e7a85d2f5574c5627c3eea1,2019-06-08,featherweight,0,0.5411616948894601,2019
911a1fa0c445df7f0dd12d7b,2019-06-08,heavyweight,0,0.6531977252585955,2019
3c6aa7bfcdac2bb433f30323,2019-06-08,womens_strawweight,1,0.6405719966860907,2019
4e48afdd0e292d5f0e86fabf,2019-06-08,lightweight,1,0.668753989836572,2019
47652b43ae72f5590c7a1882,2019-06-08,womens_flyweight,0,0.18109052860284097,2019
269fbddfdcbebe8e4bdb4b8c,2019-06-08,womens_strawweight,0,0.2860430170086783,2019
ce49a5280ca93930a0ebe85b,2019-06-22,heavyweight,0,0.5082228368169593,2019
41f5e50f9ae0bfaed31ee510,2019-06-22,bantamweight,0,0.3950121437399702,2019
f692e76cf277eacf2a442090,2019-06-22,womens_flyweight,0,0.5706963831038354,2019
72cedfae58fa44321b69b949,2019-06-22,womens_flyweight,0,0.392983511617371,2019
32ff903f72c4276ea24d999b,2019-06-22,womens_strawweight,1,0.4143576637966084,2019
00c99648f208e0a417e279c9,2019-06-22,welterweight,0,0.46657155406864387,2019
eee1e31c188a74656a5149fd,2019-06-22,featherweight,1,0.4899547700067324,2019
c46941c902fed7bb4392162c,2019-06-22,middleweight,0,0.5098002472636216,2019
b84127a3bd76a5e3ac7aea6d,2019-06-22,middleweight,1,0.7665928167185017,2019
706b7d016d03a32401ae801c,2019-06-22,lightweight,1,0.7369030346388358,2019
739e8e2602d787738477d46a,2019-06-22,featherweight,1,0.4071606693882337,2019
f27c0e087e9ebd1684ff09fd,2019-06-29,light_heavyweight,1,0.5959187012915649,2019
50585a029a9751dccfd39bd2,2019-06-29,light_heavyweight,0,0.5053303908249571,2019
dae0a129ff92f092524a386b,2019-06-29,welterweight,1,0.31253169446745993,2019
377c80dc3b6e45e576ef2577,2019-06-29,lightweight,1,0.6641525703927442,2019
59455ad55e5ef93414e5aad0,2019-06-29,womens_strawweight,1,0.41237104721634765,2019
a56c32c93524d245d82d6908,2019-06-29,light_heavyweight,0,0.14691373831196866,2019
8f285887c02290c07814a22b,2019-06-29,heavyweight,1,0.6062828439635839,2019
d2a1e845ca36ee5b8600ef32,2019-06-29,lightweight,0,0.2780470222888828,2019
cbcb6ed7e3c7e95a085b7341,2019-06-29,flyweight,0,0.5176339396822466,2019
f34cc5843d81a39bf53d263e,2019-06-29,heavyweight,0,0.4945802410266011,2019
f79e641c1d4367a70c107e82,2019-06-29,bantamweight,0,0.2128865160694757,2019
53e67f863836aff47b826da4,2019-06-29,lightweight,1,0.23873128891719014,2019
20a121ded841e9e12c1c757e,2019-07-06,bantamweight,1,0.6345907603737047,2019
d2d8539dfdfeaf041ce5823f,2019-07-06,womens_bantamweight,1,0.8428539698864084,2019
3849e7ad93590c82be6460fc,2019-07-06,womens_strawweight,0,0.37527499427722205,2019
396c48ca67f51480545db649,2019-07-06,welterweight,0,0.21741975649417158,2019
6c8c735afb0fb578f594ca2c,2019-07-06,middleweight,0,0.3305683773957438,2019
d3c4e9545585b46a1e37a85b,2019-07-06,featherweight,0,0.14271584457256406,2019
fad6e667536db7ad4137ba53,2019-07-06,welterweight,0,0.834941832332312,2019
13fece4ed75664de71f4c8a0,2019-07-06,light_heavyweight,0,0.7257918239157016,2019
d0f0ebb34a909f7c5faf6a88,2019-07-06,light_heavyweight,0,0.10714778253776909,2019
5de1539a147642bac02b122a,2019-07-06,welterweight,0,0.24481741951761155,2019
82a761b4999bf1e4b0ed7ae3,2019-07-06,womens_bantamweight,1,0.4992675073309967,2019
c2f52b8c99f2b37b25e37032,2019-07-06,bantamweight,0,0.2762020989885989,2019
0def7c9da3d4db6e32d57362,2019-07-13,featherweight,0,0.3970648008480434,2019
f5fb1ec8c7952cc1c512ffa7,2019-07-13,bantamweight,1,0.38995999127067144,2019
26dc516d4800e957e79c8b4f,2019-07-13,featherweight,0,0.39908039201475204,2019
ac96fd559635b4c7fc75a95f,2019-07-13,womens_bantamweight,1,0.4985913642435714,2019
05ef9aeb915febb76910a720,2019-07-13,featherweight,0,0.6844192442799738,2019
ae0ff18a3c5eee3bc503d001,2019-07-13,womens_bantamweight,1,0.4958405264560113,2019
70ae5877cea9f6b0ba4cccb6,2019-07-13,middleweight,0,0.2903938411907645,2019
588a2bb6b75711c8e2d3461e,2019-07-13,womens_strawweight,1,0.34002874160072766,2019
0570cae799dc63830a762f58,2019-07-13,middleweight,0,0.4529894100511495,2019
945e0d3a9e212876ede075da,2019-07-13,bantamweight,1,0.5040040191424185,2019
1914dbfdf41512962586abae,2019-07-13,bantamweight,0,0.8169097583528508,2019
4c546f42a090e35397ce363f,2019-07-20,heavyweight,0,0.46750830626978374,2019
63961ea6efd64b1b65d34c39,2019-07-20,featherweight,1,0.44707998055231707,2019
477aadc01e427b1389921cdb,2019-07-20,lightweight,1,0.7887711477160098,2019
7af42900e3f80f8ca159c103,2019-07-20,heavyweight,1,0.4163873739517838,2019
bb5283ee8ccec9441f73135f,2019-07-20,bantamweight,0,0.4075603971396305,2019
03e22b6afc8fc3827a3323ba,2019-07-20,heavyweight,0,0.5403742253930929,2019
c39309c4e67ff537333ba9da,2019-07-20,lightweight,1,0.45823054336543917,2019
180e942322ce1a8941b2e39c,2019-07-20,bantamweight,0,0.44838289221652367,2019
af5eec7e9c1abcec258ac49b,2019-07-20,welterweight,0,0.4561369332008837,2019
270ce34d482903a677fa17bf,2019-07-20,womens_bantamweight,1,0.5391792839171319,2019
9bb0db9278511eb73cc534e1,2019-07-20,bantamweight,1,0.6768235778186765,2019
58e855604932a7f6ee3f5606,2019-07-20,womens_flyweight,1,0.47748765825373374,2019
6270c7e6a13d39f8b0f428ab,2019-07-20,light_heavyweight,0,0.5660862380105838,2019
12ec13ec46af056c14efd03e,2019-07-27,flyweight,1,0.45737196388592116,2019
1c6e856edd4101a3e500ec8f,2019-07-27,womens_flyweight,0,0.40541008509240756,2019
51addb9d2b6072ced811c9b9,2019-07-27,womens_featherweight,1,0.6097659294332322,2019
73b3d43d2c49d35aeaea8904,2019-07-27,welterweight,0,0.4670625963267464,2019
05ed2239b2ea0fb046bfd3fb,2019-07-27,featherweight,1,0.28995487722796287,2019
1295b55d2553494251bde142,2019-07-27,welterweight,0,0.43497958018237226,2019
1880f52d5d8d4a70093be8c6,2019-07-27,womens_flyweight,0,0.452771671365062,2019
b233c1151e28ec04b24cad4a,2019-07-27,featherweight,0,0.33165739732182936,2019
5f837399e34674ec11a971cd,2019-07-27,middleweight,0,0.43029808259744984,2019
415e552f04f46d6a0dfa2bc5,2019-07-27,featherweight,1,0.7555620400792092,2019
53c5de1fcd5d8fef19be7573,2019-07-27,lightweight,0,0.395381143090422,2019
6eeac113de6d8be6c115f368,2019-08-03,womens_flyweight,0,0.5392975035674356,2019
37963509a7ad6fe9091a4260,2019-08-03,welterweight,0,0.2872263066449869,2019
3c047e2900cccc1e8b515fa4,2019-08-03,welterweight,0,0.22423008401717298,2019
e1fbac640d40549a81a34408,2019-08-03,light_heavyweight,1,0.5889823013268551,2019
545e968860424db391f622ba,2019-08-03,lightweight,0,0.4817423197262881,2019
7201d2665fc7c40e5001a557,2019-08-03,lightweight,0,0.31960475661095633,2019
f1af8880bfb7c5ee39f0e313,2019-08-03,flyweight,0,0.5745860334098294,2019
08c664eb57a74c77d855ffcc,2019-08-03,womens_flyweight,0,0.6747288555613736,2019
3ca76db0b4b30f6617f3dae8,2019-08-03,welterweight,0,0.46292436608141563,2019
d80baaecca990243dba2c73b,2019-08-03,womens_flyweight,1,0.5568673059299973,2019
5a97ee77f95700513db584fb,2019-08-03,lightweight,1,0.6026169428599166,2019
60aaa0218cf8078fe44e068a,2019-08-03,middleweight,1,0.3865722039829743,2019
9bda4cca4c1560bdb475fa12,2019-08-10,heavyweight,0,0.4511888455731446,2019
310b054339a286bb1219720d,2019-08-10,featherweight,1,0.43238243343556987,2019
95f9071548c71c8a429b387f,2019-08-10,featherweight,1,0.5355900434515868,2019
bb1f9e584eebc4445533e087,2019-08-10,bantamweight,0,0.5152320322589197,2019
3cfa69ae9469d3e98e6e8c9d,2019-08-10,welterweight,1,0.4365159777611321,2019
eb94bf7c64b05cef83a337de,2019-08-10,lightweight,1,0.6695810932264487,2019
421e881d17b627912cc053c2,2019-08-10,middleweight,0,0.5992058710822655,2019
40ad55cf214d324d07ce2773,2019-08-10,flyweight,1,0.3293959307871253,2019
6cad3824255a247586943eda,2019-08-10,womens_strawweight,1,0.26088146298134696,2019
366b24077b4b12afdda7f906,2019-08-10,womens_flyweight,0,0.20945102606834448,2019
82a161559110934b283287e8,2019-08-10,womens_flyweight,0,0.5300891221337127,2019
cafcc1a7d6eeee7dcac87f0c,2019-08-10,welterweight,0,0.4372975212224233,2019
6bb4c1091c82f4a64ed209d1,2019-08-10,light_heavyweight,1,0.6761077018033722,2019
952d0f85baf48e580adfcbf9,2019-08-17,welterweight,0,0.5694217119971078,2019
763b7021eda95cec160668cd,2019-08-17,lightweight,0,0.5088027285188519,2019
632ab47f31caa99776bafd3a,2019-08-17,heavyweight,1,0.4329154142350292,2019
b14af30ec1b703032b1c7ff8,2019-08-17,middleweight,0,0.5046227883117609,2019
2bfe269c743b9b99bdcb7bec,2019-08-17,lightweight,1,0.13134919900764203,2019
fb841bfbd302bdfd92f09af9,2019-08-17,featherweight,0,0.3940382430777884,2019
5d4a75be3c772b6777d6965e,2019-08-17,womens_strawweight,0,0.37813042427335514,2019
8b43d370f9a95a04823b6e21,2019-08-17,bantamweight,1,0.4490326237667097,2019
2f96645259048f7ffc5e87f2,2019-08-17,catch_weight,1,0.3635456260328312,2019
a412d12faf803a97f8b5fa87,2019-08-17,bantamweight,0,0.23659108034560183,2019
f17d329e8a8236283607fb66,2019-08-17,womens_flyweight,0,0.3083462486047646,2019
dc588caaf4e23b17b9b88f93,2019-08-17,middleweight,0,0.6425887185103453,2019
1f035f3330e22fa82d2a3650,2019-08-31,bantamweight,0,0.49576383290457676,2019
42555d1e8ce3c6e9f80f494b,2019-08-31,light_heavyweight,1,0.4854449055509505,2019
1cd17e7a1ac6a13856b412fd,2019-08-31,lightweight,1,0.4874625558847477,2019
4b6daf2f0a633140483ed5fc,2019-08-31,womens_strawweight,1,0.43848599679055195,2019
dac218cda6b12fbf0566e953,2019-08-31,middleweight,0,0.44153184559891967,2019
974033b9c21272ecc210e47a,2019-08-31,flyweight,0,0.4277628543760796,2019
d656d282c41d79f44960517d,2019-08-31,womens_bantamweight,1,0.48565269202878697,2019
b4c018c81b8c2840fc1bf217,2019-08-31,welterweight,1,0.3546631205739148,2019
691194a03c43b9ec74c25c51,2019-08-31,welterweight,1,0.37878395807432635,2019
5ef647d5242d0fc21e037ca7,2019-08-31,bantamweight,1,0.5445035726809775,2019
3438a2f8e2061a5b3df0345f,2019-08-31,womens_flyweight,0,0.5862341350958814,2019
5fd241c02070d9383973e1ad,2019-09-07,welterweight,1,0.7437406504551622,2019
dfa8aa41ae70e1bc02b18c64,2019-09-07,heavyweight,0,0.1943730959470923,2019
d18690fc6b502d5e9828c33d,2019-09-07,lightweight,1,0.47578174802539464,2019
5c4bf8f13e687607837641d0,2019-09-07,lightweight,1,0.47885716580320664,2019
a12f553a4bb3b6a0bc62f10c,2019-09-07,lightweight,0,0.34184536760631534,2019
a6bde13c4fa732a086109c6f,2019-09-07,womens_flyweight,1,0.3450997509572146,2019
8809a86b0765331ee3046ba8,2019-09-07,lightweight,0,0.2717490784455569,2019
218ed25044345f0da0f1ab68,2019-09-07,womens_bantamweight,1,0.5028157369083,2019
4b5abc9b471d257e26814621,2019-09-07,lightweight,0,0.5122408830540668,2019
88104c3216b870a94d094b52,2019-09-07,welterweight,1,0.4295000457856019,2019
81f7b94567c3becf57b7c480,2019-09-07,middleweight,0,0.5778323782517067,2019
4fa13ee966e6f925309146f9,2019-09-07,lightweight,1,0.4649666813917864,2019
a24c84449925d91244224459,2019-09-14,bantamweight,0,0.6309563075479866,2019
76b09b1ae45fb9768ca9f02d,2019-09-14,featherweight,1,0.33997003825622907,2019
d52f32b4c96395db88e3df3c,2019-09-14,bantamweight,1,0.39698352758482075,2019
cdebef1ad84897fe6e52dab4,2019-09-14,lightweight,1,0.5726547835138208,2019
99a1382d0f54f8b36ae0f1a1,2019-09-14,light_heavyweight,1,0.2931726779255408,2019
4657001db77127f01637d1aa,2019-09-14,lightweight,1,0.5825218619062565,2019
cf978a340d3698c46fd69095,2019-09-14,bantamweight,1,0.5739493785475108,2019
1a3fd89ca750799e7e003f98,2019-09-14,heavyweight,1,0.48858957304149,2019
43c10df3159c502c6de89daa,2019-09-14,welterweight,1,0.2899334526377076,2019
7090bee0551cc8931473357e,2019-09-14,light_heavyweight,0,0.5265581605770374,2019
3bda414f1341d69b2f6bec1e,2019-09-14,middleweight,0,0.6704899280449657,2019
e675a50c92e763e9dbfe4d39,2019-09-21,womens_strawweight,0,0.47650992453545526,2019
63e3f55fc8b51d57700eef35,2019-09-21,womens_strawweight,1,0.4858089117287397,2019
307855e3460d7f7876deadf3,2019-09-21,lightweight,1,0.739141062370297,2019
a02b51f27087befa1a1128b4,2019-09-21,womens_bantamweight,0,0.3501552172174224,2019
6c639d934a292ba8bc90c07c,2019-09-21,bantamweight,0,0.4880358738667197,2019
aac3548e1e8a354304ee6db9,2019-09-21,featherweight,0,0.41738790083806293,2019
87ed37dfa7f497b5f77d6e30,2019-09-21,featherweight,1,0.44823589109688033,2019
3cc89087f0c0ce6f6e5675ad,2019-09-21,flyweight,1,0.8903356839459595,2019
1ba523d6ccedc31871693413,2019-09-21,womens_bantamweight,0,0.6669940651898926,2019
47758d29bd662b3fd1939d7f,2019-09-21,light_heavyweight,0,0.2907867055412255,2019
4c5ca474ab0b5ce8ca07a033,2019-09-28,middleweight,0,0.6738171460482231,2019
2ef6cc622d891b2f47cc02a3,2019-09-28,middleweight,0,0.5196737341918986,2019
c24762d1540afc7892a6a11f,2019-09-28,featherweight,0,0.7040792785535789,2019
a74f028feadcc12f9e059d34,2019-09-28,welterweight,1,0.4894225792704562,2019
58043915ba1655663c54db19,2019-09-28,light_heavyweight,1,0.5695591654278234,2019
24165e221c133e0f8521184c,2019-09-28,middleweight,1,0.313796960727943,2019
db9cb586eea9be24aa022a81,2019-09-28,bantamweight,1,0.3294636898516373,2019
c563a8cbab69fdedc2ca6293,2019-09-28,womens_bantamweight,0,0.795764915325056,2019
2e2ac3805ce6106ac7b08c39,2019-09-28,lightweight,1,0.5323295541075722,2019
1badb9e1370a7f530b41dad9,2019-09-28,lightweight,1,0.19682525463862127,2019
2667de7839876ddd18c5922f,2019-09-28,light_heavyweight,0,0.46778137034917266,2019
838f2253c05f15ea4d21c1bb,2019-09-28,welterweight,1,0.20284470777534858,2019
fceb01a3e6afb83d628ca021,2019-09-28,welterweight,0,0.25663225617743907,2019
300838f93508ed30e50c5104,2019-10-05,lightweight,1,0.44652688622344866,2019
0cb55ec63b83f5626f97c769,2019-10-05,lightweight,1,0.4501671460768171,2019
c9b3790271aba99a0f5d563f,2019-10-05,welterweight,1,0.268341375823426,2019
59503950de9880dde6cfbd9a,2019-10-05,welterweight,0,0.3140115269721393,2019
2efe952bc9906d2d8ee63d99,2019-10-05,heavyweight,0,0.5778173081177246,2019
03bdb3f550d8728b99736cb5,2019-10-05,welterweight,0,0.4159589488923583,2019
60a4cca6160e77a434c836eb,2019-10-05,womens_featherweight,1,0.494337456422314,2019
7a45e3425d11cee03efad9d2,2019-10-05,womens_flyweight,1,0.46869854189189475,2019
b31117cda02191539a7b1042,2019-10-05,middleweight,1,0.6792215744317465,2019
1541bbe0810786a062a2ed75,2019-10-05,heavyweight,0,0.9410745774390183,2019
47228cf03cd4105dd977ba6d,2019-10-12,featherweight,1,0.4738198530223947,2019
65e84e21f699586e3aefedd3,2019-10-12,flyweight,1,0.7169255719051164,2019
3d03b631b4587e1ba05b7567,2019-10-12,middleweight,1,0.48061326628810064,2019
c1e628e157c0b3b603970990,2019-10-12,womens_flyweight,0,0.44396838019434187,2019
b8d46870926615857be3f630,2019-10-12,womens_strawweight,0,0.29125201866524386,2019
eb864e622ea92270ecef192f,2019-10-12,womens_strawweight,0,0.3033454924141419,2019
85c6d7ac2b40e91bd0e22ab6,2019-10-12,bantamweight,0,0.3148327293579906,2019
5f52782a6aa56ba0f3a97b9b,2019-10-12,middleweight,1,0.6304663573672216,2019
c1512c7e186a2ad2d9405660,2019-10-12,lightweight,0,0.7047874210208555,2019
277f3f3cb03bddbb79f8c1b5,2019-10-12,welterweight,0,0.47549416067388356,2019
845f9a197d8e4dbaeffe8afc,2019-10-12,welterweight,0,0.46804131353406997,2019
9c76094ff9dad4b08a83fa97,2019-10-12,lightweight,1,0.49161578341703105,2019
a22737adaea8f3c24329fca1,2019-10-12,welterweight,1,0.3776368307748959,2019
27e1fa1e0f0a4ed7fd4da048,2019-10-12,light_heavyweight,0,0.39643345499939275,2019
ca0cd07f144ce35471f77fe5,2019-10-18,middleweight,1,0.22922400048345565,2019
43a68b57b8ea07e036eda841,2019-10-18,featherweight,1,0.29453900915050074,2019
e0354f103924591f691cb6e6,2019-10-18,welterweight,1,0.4636251030273366,2019
23340c1c1beee7c9694fde06,2019-10-18,heavyweight,1,0.49626425311360844,2019
855a0f86334b84d5802b5b3c,2019-10-18,middleweight,1,0.6175047344548009,2019
4535cc5c754f6cfab853349d,2019-10-18,light_heavyweight,1,0.4316714291929788,2019
312e5a705d9ea69f9304369e,2019-10-18,lightweight,0,0.7223392110615086,2019
dd1a5c0133b77b445e4da39d,2019-10-18,featherweight,0,0.4115726450394575,2019
924db0cc13ef377747acd751,2019-10-18,womens_flyweight,1,0.5995581706251448,2019
1cbc40e89a4a3808ac58a6b2,2019-10-18,womens_flyweight,0,0.4080068510336633,2019
8017582ad0a64b3df2a1b1f1,2019-10-18,bantamweight,1,0.8978180215770667,2019
0b8035462f110001d74cfccc,2019-10-18,featherweight,0,0.1960678160426674,2019
e547a10b6f576ac5ce766f3b,2019-10-26,lightweight,0,0.5225387068888383,2019
e3e811b0d565e05ccc653f76,2019-10-26,heavyweight,0,0.31350443798507893,2019
068191c5ec0442a5f327a13f,2019-10-26,welterweight,1,0.7109699925049855,2019
a36870d79a38bac025ca994f,2019-10-26,featherweight,0,0.4835008590563202,2019
f0d2710e45778380c740e9a9,2019-10-26,lightweight,0,0.27965901741033206,2019
0d3c456a7272d86e8ebbb604,2019-10-26,womens_strawweight,0,0.45952477595344626,2019
ec961ddbd1b2a583933bf1c7,2019-10-26,heavyweight,0,0.44872521706302093,2019
747dd08852da9f2fea81933a,2019-10-26,lightweight,1,0.6451613731509668,2019
54365bc0fbf2054909ffb52a,2019-10-26,welterweight,0,0.548848252205219,2019
3d08ad4aa2e7c798a261b317,2019-10-26,womens_strawweight,1,0.4587302980914815,2019
3c0c040f3ab9eee3625380a9,2019-10-26,heavyweight,1,0.3422590336654226,2019
e493a0b30451a3c7301cdb30,2019-11-02,heavyweight,1,0.6240784368314782,2019
b6ed2b7f241d89a1c2e5768c,2019-11-02,middleweight,1,0.7030389416770977,2019
1179f435dc339904ffba59f4,2019-11-02,light_heavyweight,0,0.5550929666022042,2019
fcd1f11d558f57139634bfd4,2019-11-02,heavyweight,0,0.40289980984471263,2019
b40746bfe9247aa2ab1cf62a,2019-11-02,welterweight,0,0.4630991419792051,2019
9be0b4ced3f43e9b5e0307d3,2019-11-02,featherweight,0,0.44480086499824534,2019
3ef97578ff086342ac3316dc,2019-11-02,womens_flyweight,0,0.47468622574153885,2019
6aac3558b27bea053402a041,2019-11-02,middleweight,0,0.46090524899605023,2019
6bd651e672f1383eaaa3488e,2019-11-02,lightweight,0,0.4133283071301157,2019
bdd7d638521a5220ece47138,2019-11-02,welterweight,0,0.4545589332323797,2019
77040a488134a21632e5e1c1,2019-11-02,featherweight,1,0.5387924401398915,2019
16af1afe443d2d04a0b3004e,2019-11-02,welterweight,0,0.5653859987665749,2019
f936a2e7fe354fd8511c7843,2019-11-09,welterweight,0,0.3379828202307934,2019
1e2f3752f6c52b1f4a02d6b7,2019-11-09,heavyweight,1,0.611168045196624,2019
1a1c5e4865c1d0486f79c7bd,2019-11-09,lightweight,0,0.26175535863362526,2019
640793902348858ab72aa43f,2019-11-09,bantamweight,0,0.440660399855047,2019
4b1a6b415dfe50f3c9f1dbb5,2019-11-09,womens_bantamweight,0,0.4222868417531838,2019
f0ffe0e3b264df9b5db97006,2019-11-09,light_heavyweight,1,0.20040921752067795,2019
f1793f6ef34da4257673c238,2019-11-09,light_heavyweight,0,0.5247292307756354,2019
31bcc23345e28ba3b19c96e4,2019-11-09,welterweight,1,0.608331549144406,2019
b9697c6e95b6549c714acf96,2019-11-09,middleweight,1,0.6818494984746158,2019
e106bc203bf221eab415c9d6,2019-11-09,welterweight,0,0.35642615525825,2019
43e49e7eac931187640250f8,2019-11-09,light_heavyweight,0,0.6655612344995084,2019
1f6dc7a779838723b04fdcd9,2019-11-09,featherweight,1,0.7073925784415067,2019
35a1c6a2fd428e45b7ba56ae,2019-11-09,welterweight,1,0.5092506255152992,2019
9c39de42c4252efea5a6c7a4,2019-11-16,middleweight,1,0.5638644080572515,2019
76080b6d4a1730806ca74745,2019-11-16,womens_flyweight,1,0.43959521028785575,2019
ca0ede83403f2550325f5cf2,2019-11-16,lightweight,0,0.2588300139152174,2019
895cdfc1522a784865e69ac8,2019-11-16,featherweight,0,0.5924872233097641,2019
14217beddf84c2e52c742fae,2019-11-16,lightweight,0,0.6448124151218038,2019
353fdcce1036b674908aaa84,2019-11-16,light_heavyweight,0,0.5161326641520294,2019
9da66ec4bb7eb06c55458f10,2019-11-16,middleweight,1,0.6069219314499583,2019
fab55b1d74b0c72834f8c73e,2019-11-16,featherweight,0,0.2618652777711854,2019
0cd8da7c25c1fda31ca49a51,2019-11-16,welterweight,0,0.44938549614675644,2019
3343bf88c488f245111644cf,2019-11-16,womens_bantamweight,0,0.45888241148120246,2019
ebb3391b28a1a863bca84b60,2019-11-16,welterweight,1,0.459593706906088,2019
9dcdaba00e3d7661c2c20a0f,2019-12-07,heavyweight,0,0.4217533043585,2019
3f0d6005bcf5d8d74d490e25,2019-12-07,womens_bantamweight,1,0.48953590072522146,2019
af619e0f50e39d9a3c707cbf,2019-12-07,featherweight,1,0.3789538415784458,2019
70a295b55866179ccd1d2ba9,2019-12-07,featherweight,1,0.48080415073795535,2019
9f1bc6cac3951396363e743b,2019-12-07,lightweight,1,0.7047892307936632,2019
ae915d199d0a3212d88d4bff,2019-12-07,middleweight,1,0.6493709205021603,2019
b807573eed5a4156c41f13d0,2019-12-07,bantamweight,0,0.6626151398944223,2019
c9a6fbe648a7cc56f81d7315,2019-12-07,heavyweight,0,0.5702375137187111,2019
831cacee5fffa61376db4fc9,2019-12-07,welterweight,0,0.35759384892789353,2019
2138569b556c4d614e8bb628,2019-12-07,womens_strawweight,0,0.42056754837180266,2019
029906e95258805fd3ef5825,2019-12-14,womens_bantamweight,1,0.7110932838912299,2019
d5b4dfb3ff65f3dbb6fca19c,2019-12-14,flyweight,0,0.5079555752498672,2019
ce5217459171cc8b3b06b8a1,2019-12-14,featherweight,1,0.643637285259763,2019
33e7da705762dd431b060f57,2019-12-14,welterweight,1,0.5707978570484367,2019
f66a474497dbfe8160053545,2019-12-14,middleweight,0,0.5401869436628426,2019
e78313114f040c2eb306caca,2019-12-14,womens_flyweight,0,0.6325009125994545,2019
c278d51e7be09fbca132ce23,2019-12-14,welterweight,1,0.6057088027365616,2019
08209dc137ca29ba95d0b9a9,2019-12-14,womens_bantamweight,0,0.4749929632069062,2019
c1ada04837f4f0ae52b28b1c,2019-12-14,bantamweight,0,0.5541204793754406,2019
effa322cf0f61bf8fab0059d,2019-12-14,welterweight,1,0.6174798750877127,2019
f1218bf5097065169418303d,2019-12-14,featherweight,0,0.5689338334902597,2019
aa231dbbda45b913e6c739e4,2019-12-14,bantamweight,0,0.12518188230447638,2019
75abd93d36786b68de733b5a,2019-12-14,middleweight,0,0.5989087283161323,2019
ceb9eb09b6543ade92a2fc57,2019-12-21,bantamweight,1,0.49665399243995567,2019
bc5dec6484ff60b254a2bf9e,2019-12-21,flyweight,0,0.42426410752170296,2019
5e29733544b68ed9577a8341,2019-12-21,heavyweight,1,0.5852329576474916,2019
7d8361c453bd229c2f8ab6af,2019-12-21,light_heavyweight,1,0.487397380050591,2019
fdfacd8404d0eb95adcee649,2019-12-21,lightweight,0,0.6049951781490173,2019
f9e7b8638de2149e61e51154,2019-12-21,featherweight,1,0.454444307612142,2019
8a987c4579dbf3e22f1d5ff3,2019-12-21,featherweight,0,0.5251070220004306,2019
b93afc4960a3dbb6e25c0b1b,2019-12-21,middleweight,1,0.3538110432607013,2019
ff575235c773175d33e45307,2019-12-21,bantamweight,1,0.5757603628046518,2019
852967885dda5170546df8c6,2019-12-21,womens_strawweight,1,0.21742256281367842,2019
3443c05c299fb7b8610b44d4,2019-12-21,bantamweight,0,0.6794358155809683,2019
6c4e36c79471be03e79e25b7,2019-12-21,featherweight,1,0.7403291058706951,2019
3b0c3a4939fb8a567ab24b63,2019-12-21,light_heavyweight,1,0.4546702329970194,2019
dbaeff63b18a6d92838f98c2,2020-01-18,light_heavyweight,0,0.4599323159159236,2020
32e3ff4610a5a504ed917afe,2020-01-18,heavyweight,0,0.5884141233679769,2020
1826d3fc74bb2d6ba256950a,2020-01-18,featherweight,1,0.599394461536592,2020
299419704af40353765232da,2020-01-18,lightweight,1,0.5810465308887944,2020
a1906b428b2b7f692430e2cb,2020-01-18,bantamweight,1,0.5280301907818642,2020
66d951441f61c860a46dd18a,2020-01-18,welterweight,0,0.4002388585912727,2020
049d7f10a2408eaeea36b79b,2020-01-18,lightweight,1,0.31884816341613126,2020
8c49399b3602fc1ea7faab1f,2020-01-18,womens_bantamweight,1,0.42293072503452395,2020
894e5a6b67f8fd390b461dc8,2020-01-18,womens_flyweight,0,0.8176484652034339,2020
31631b1099dedbc551cca061,2020-01-18,womens_flyweight,1,0.568241243835696,2020
818e4e2f4882a32d5136f9f8,2020-01-18,flyweight,1,0.4205997740747709,2020
535e643e38e6e106255034d3,2020-01-25,featherweight,1,0.7330211912579538,2020
fa88c98e5dae1a9d570d00f3,2020-01-25,middleweight,1,0.6659974948115176,2020
3be9f2fb380b4adfe9142fad,2020-01-25,bantamweight,1,0.6415923100817517,2020
3ceaa0ce879bb7f0a68da029,2020-01-25,heavyweight,1,0.6756052981648527,2020
70b24348fe735b27fba60a92,2020-01-25,womens_strawweight,1,0.5516119856300722,2020
4da0ae30154e9ffeae7d071a,2020-01-25,featherweight,0,0.5052643305589198,2020
2a8739dba9f6bbb8da7160b0,2020-01-25,light_heavyweight,0,0.5770412810607485,2020
f0db58925ab2f01282c6aed8,2020-01-25,flyweight,1,0.6610351313400313,2020
611387fbcb2688d824e09cfa,2020-01-25,womens_flyweight,0,0.5924517994128906,2020
34d2e609fae11eba0361d28c,2020-01-25,bantamweight,0,0.3788167415249955,2020
49c737995706c23811737d45,2020-01-25,welterweight,0,0.4831559723712043,2020
c98a7a3f6e065503e752b443,2020-01-25,womens_bantamweight,1,0.43500535274693625,2020
58f8cedb4f1c4a8acfe97da0,2020-02-08,welterweight,1,0.4054385120746611,2020
f791308687846b968ecb6e0b,2020-02-08,bantamweight,1,0.38485640816112066,2020
45d8c7be4e945420d00361ae,2020-02-08,featherweight,1,0.5361267607610347,2020
a3ce1d91d4f5d48cb71fcfe9,2020-02-08,heavyweight,1,0.7273809769945574,2020
ff6a60aa5038e8415ec8939f,2020-02-08,light_heavyweight,1,0.8398724799685939,2020
e68dbb04527c15178f4140e6,2020-02-08,heavyweight,1,0.47997668063740107,2020
b2b4d0831802f26e83e6ccc7,2020-02-08,womens_flyweight,1,0.27050933383096093,2020
8d68545109734da047569b52,2020-02-08,bantamweight,1,0.34177263001337366,2020
9849cc2855f955fab6058523,2020-02-08,featherweight,0,0.4850202308597192,2020
d1b4cad82cb530a5cf8cacd1,2020-02-08,middleweight,1,0.45188414923365133,2020
1f5ca783acb07145072da725,2020-02-08,womens_flyweight,1,0.7182214783450971,2020
2085d5052f8ce3f92633bf3f,2020-02-15,lightweight,1,0.5630340802698723,2020
8de48a03581e7b5f3ae2d006,2020-02-15,bantamweight,1,0.5205759747609966,2020
bd22d4e2756e0f228a221025,2020-02-15,light_heavyweight,0,0.5587933779366808,2020
c7f13fe85a89872d7c7fdc4a,2020-02-15,light_heavyweight,0,0.30219842791173446,2020
1ff4a3233a4e3de253086d78,2020-02-15,welterweight,0,0.6524895792894889,2020
f8d3fabff42baf18c7e8c6d5,2020-02-15,lightweight,0,0.34914617953822846,2020
52e04780edda9cf0618b9152,2020-02-15,bantamweight,0,0.7472883609684033,2020
828bae559074c156bab9cdec,2020-02-15,lightweight,0,0.41638529031794286,2020
e2092c0a9fda00799fd85248,2020-02-15,womens_bantamweight,0,0.28621358073801795,2020
344da31964fde9819457c241,2020-02-15,flyweight,0,0.4903001800108829,2020
7a47b5bdbb687c1295999f5e,2020-02-15,womens_flyweight,0,0.39702182985877676,2020
e21273dacc8544d24b825430,2020-02-15,flyweight,1,0.6383314635171818,2020
806a30c5a3bc9369c6e1864c,2020-02-15,welterweight,1,0.3992894809836105,2020
3345db9eff688ec37ec0f2f0,2020-02-22,heavyweight,1,0.5717877825323554,2020
405c0a662bf5e5bd6660107f,2020-02-22,lightweight,1,0.5822628093163128,2020
957ee110d743be59ac63bd6c,2020-02-22,welterweight,1,0.634279036808241,2020
55fc23885a358078ecffc231,2020-02-22,welterweight,1,0.7059655958549773,2020
3d852084c8c58ac9c0c3866d,2020-02-22,lightweight,1,0.6010478322848027,2020
6d9b24acf3b0a085f063254d,2020-02-22,light_heavyweight,1,0.4243878974914125,2020
7ec2485289f1c9b63a5792d6,2020-02-22,flyweight,0,0.2744619144519042,2020
e4febcd3b9270378b88c2c8d,2020-02-22,womens_strawweight,0,0.4286488927809438,2020
06cda90846ecf341619165c4,2020-02-22,featherweight,1,0.5150831708261515,2020
c081058b8760ebc49b1844fa,2020-02-22,womens_strawweight,1,0.4900556546423382,2020
0a118b568754c03f74e85a68,2020-02-22,lightweight,1,0.7082387897830247,2020
e8ddc97cca6d0a5d378ee12f,2020-02-22,womens_flyweight,1,0.519047915530383,2020
bc05c73c776a23522465fbba,2020-02-29,featherweight,1,0.5670429917087326,2020
67c513c4904f8faedf720155,2020-02-29,middleweight,1,0.3647481545465791,2020
225a42fc041d7b46d5bfaca6,2020-02-29,womens_featherweight,0,0.34170525553504916,2020
12c618f5f471aac6cbe2f559,2020-02-29,bantamweight,0,0.6160968724742321,2020
7c35b87c3259435af9f305f0,2020-02-29,featherweight,0,0.18634743715956126,2020
b9199fdaf47f5fe86002cdc7,2020-02-29,light_heavyweight,0,0.5589802812714061,2020
a9d1e14c018c2bd7956f85b7,2020-02-29,featherweight,1,0.6620282365676801,2020
959d009361301a02cd28d861,2020-02-29,flyweight,0,0.4415885299902657,2020
c5b2efe1550d9fc74302f4ae,2020-02-29,lightweight,0,0.2505534049488213,2020
af291c699433bd04d136b64e,2020-02-29,heavyweight,0,0.6324049706082612,2020
0192a4baef7d9bbc35d07b36,2020-02-29,womens_featherweight,0,0.43401351615139944,2020
8233a2bcadaa15eb353a00ac,2020-02-29,welterweight,0,0.7208109800042319,2020
ac32a2ac43ae6ff31c4c058a,2020-03-07,welterweight,0,0.33827657617031587,2020
2994a65fc60a7ebda1abdfd4,2020-03-07,bantamweight,0,0.23115005682677237,2020
4dc37410ffdd722c5c13b647,2020-03-07,lightweight,1,0.586302830748496,2020
bbd0ec55ec6433a7ed39dada,2020-03-07,middleweight,0,0.28951330018027094,2020
29c5a22950b852875c2d2859,2020-03-07,featherweight,1,0.5980955332120946,2020
fd70dfb0a7f2d8d11002f31b,2020-03-07,middleweight,1,0.8528399334951746,2020
0a2d16d65f1e0a9aa0e5ad91,2020-03-07,lightweight,1,0.8252229533614188,2020
6d49420f915f8986e125d116,2020-03-07,welterweight,0,0.43964710983805133,2020
b8fe0a7b1ff0416078863f66,2020-03-07,middleweight,0,0.4983270226012528,2020
5f2af6f949d46196346c0969,2020-03-07,bantamweight,1,0.4597074942434128,2020
49093c389ab04a0502e74269,2020-03-07,womens_strawweight,1,0.5002038241061707,2020
dcbc89946cfd3b60dc2896a5,2020-03-14,womens_strawweight,1,0.7820469434218926,2020
ab4e9d192e4c6a16d88cfa78,2020-03-14,flyweight,1,0.5539078676762929,2020
0629e69e4cdef6010afb82fe,2020-03-14,welterweight,1,0.6845651017615547,2020
12fcb4b15eab88cc21a628ea,2020-03-14,welterweight,0,0.503807510921993,2020
3397e1f912942f4951412964,2020-03-14,lightweight,0,0.6257161481925057,2020
0b804ef15016f4701a6c3b27,2020-03-14,light_heavyweight,0,0.397813212190571,2020
c060ae13226dc57054e79419,2020-03-14,flyweight,0,0.3986768768083915,2020
1f8448a33794600e3b26b116,2020-03-14,lightweight,1,0.38520618931787676,2020
8f283b50bf60f4ca662fb534,2020-03-14,womens_flyweight,1,0.4067861083819537,2020
7171685f49e42fc47e27c391,2020-03-14,lightweight,1,0.7338548569142446,2020
832f4ad5e6462a116d4f8af9,2020-03-14,womens_bantamweight,0,0.5421550659290508,2020
009aa0b869e610f7e796e750,2020-05-09,heavyweight,0,0.47902432739903394,2020
c103c970f04eb87287a0e4b3,2020-05-09,welterweight,1,0.448621538936218,2020
cedffd9e5eec6ce82f7c101a,2020-05-09,featherweight,0,0.2669169019425571,2020
a0e32d72c7de88f4800dab59,2020-05-09,womens_strawweight,1,0.5347078425608494,2020
ae7dca63a813f4d6c52b1788,2020-05-09,heavyweight,0,0.3992080961132374,2020
f8880f1d649f46e28a73ca8d,2020-05-09,heavyweight,1,0.7249178025179921,2020
5384d7c94e5a0e0f2f57d0aa,2020-05-09,bantamweight,0,0.4165232542784454,2020
b0b04e108bd700e4b9506bb6,2020-05-09,featherweight,1,0.6141535550130279,2020
4e861f89eebf4bd6240193ec,2020-05-09,light_heavyweight,0,0.32122403874854427,2020
da967b755aeebd0969453818,2020-05-09,lightweight,1,0.3868761866004271,2020
5922566ed6339c4bee68789a,2020-05-09,welterweight,0,0.3879446007209538,2020
9327fe46dbb648274dedf148,2020-05-13,lightweight,1,0.32480603866289476,2020
b4e09acb3ef8fb916cd20042,2020-05-13,heavyweight,0,0.48699506382016583,2020
099226a1af8eaad416e33ce9,2020-05-13,light_heavyweight,0,0.6958368488888038,2020
85583e946a1afc739c7971d5,2020-05-13,heavyweight,1,0.43624709108176685,2020
30f7d6f26cdb555e1863bacf,2020-05-13,heavyweight,1,0.552954475499698,2020
77c3d8ba834acfc857c5d9ad,2020-05-13,lightweight,0,0.5512362863508095,2020
281018bae372254e896f953c,2020-05-13,featherweight,1,0.4163823803693479,2020
11a75f048fd5a8ce402d014c,2020-05-13,lightweight,1,0.6933452292215294,2020
eec530344c8a5b1193095b97,2020-05-13,bantamweight,1,0.47392111639321266,2020
fc27e2a2bb4840d583e6af05,2020-05-13,womens_bantamweight,1,0.5893406366769481,2020
56eb0df2ba5e8806fbb8b6ac,2020-05-16,heavyweight,0,0.4290161362124429,2020
4431b6293af599f45ff88ce1,2020-05-16,middleweight,0,0.34734668365050964,2020
2ab2b9f636e1f691e06be87f,2020-05-16,womens_strawweight,1,0.5150559911502749,2020
2013fc705603e4d2d485f766,2020-05-16,womens_flyweight,0,0.6125658735888462,2020
5002aab7fcb128933ec0f428,2020-05-16,featherweight,0,0.2667303090420546,2020
6b06bb42128fb721e64e27d0,2020-05-16,featherweight,1,0.34020100188333047,2020
700c19e5d8072a2eb472243d,2020-05-16,middleweight,0,0.5240221975072146,2020
e484e0ac9450e9273c0358cd,2020-05-16,featherweight,1,0.6111485781406739,2020
ca6e34d9cb638eb1628a7523,2020-05-16,welterweight,0,0.3115019430564849,2020
9a367f827403d6a654fbb184,2020-05-16,heavyweight,0,0.40258301659390605,2020
bc93d93ef97ad802b83b9d42,2020-05-16,featherweight,0,0.3717678653480602,2020
ee05f5ee9431052c10688e3a,2020-05-30,catch_weight,0,0.6807395300992968,2020
4666770439ba8c9851230139,2020-05-30,heavyweight,0,0.4337023854525787,2020
30e2e97fde043513c4e768c0,2020-05-30,featherweight,0,0.38303397640282927,2020
4daf886ecde6eaec42a3a025,2020-05-30,welterweight,1,0.6545660080458073,2020
cab113a35cf2265258613c6a,2020-05-30,womens_flyweight,0,0.33841190668744614,2020
1ac169b7d2f5b29552a8b0c2,2020-05-30,bantamweight,1,0.5702583623184087,2020
13b094ecc0ecaf09072cf52a,2020-05-30,womens_strawweight,0,0.3938104807283594,2020
c05df91759ec1c10158435b1,2020-05-30,lightweight,1,0.7324041377695863,2020
50b9b416e5e3b3851dac3a6f,2020-05-30,flyweight,0,0.5258039105814032,2020
2d149a8495bc57d125ce4598,2020-05-30,welterweight,1,0.587186878712928,2020
820e89cff0edf608156421bc,2020-06-06,featherweight,0,0.7873455829311914,2020
97226c5d11d686649ed3e022,2020-06-06,bantamweight,0,0.4823617235489783,2020
24970a4f8d6d139317076c24,2020-06-06,light_heavyweight,1,0.4718489862314855,2020
28044f1dbc515f3c272522a1,2020-06-06,womens_featherweight,1,0.8508432593528668,2020
14525c663d20a7a85c31b0dd,2020-06-06,middleweight,0,0.48671069479232903,2020
4858c091f6e5f1675c2a3e4e,2020-06-06,featherweight,0,0.30054366935930493,2020
f5093e48c887c2911361c958,2020-06-06,bantamweight,1,0.7494898711852516,2020
478b9433c1b69ca56c69354f,2020-06-06,catch_weight,0,0.6151049390228743,2020
34cf054f6fef1a96d7b033e6,2020-06-06,middleweight,0,0.4152220953652147,2020
41234e8af82999c05cd8e76b,2020-06-06,flyweight,0,0.3467858018857275,2020
0af06c0ad5c72afe4111ca93,2020-06-06,welterweight,1,0.46907222680247457,2020
e31c4c6b7eef770d9e0c6969,2020-06-06,bantamweight,0,0.25270297350069654,2020
886bbd2f6a3553ba3983567a,2020-06-13,featherweight,0,0.4790021504225371,2020
89e05740fd45ec7c49dee28a,2020-06-13,welterweight,1,0.5038409175548089,2020
0307782c584315ff5b11eb53,2020-06-13,lightweight,1,0.3684657614992526,2020
62e7a1dbde465ca7534617e6,2020-06-13,womens_flyweight,1,0.5585752398842194,2020
8a6e39649a3fec737d38320b,2020-06-13,bantamweight,1,0.456639794250833,2020
c630e7885cdd36b6b14cca59,2020-06-13,womens_bantamweight,1,0.6196230337659032,2020
3e172364fc518e64ef6c7969,2020-06-13,middleweight,0,0.4337669148701389,2020
2259ec8201adefc465ce8c23,2020-06-13,womens_flyweight,1,0.6190984271185632,2020
923433619c20dd750c2205af,2020-06-13,catch_weight,1,0.6631806608151175,2020
e8151d9214dc667480a5a0cd,2020-06-13,bantamweight,1,0.48431367683982124,2020
290d4ab10e5aa919a128037b,2020-06-20,lightweight,1,0.5866299729785506,2020
cbdc4ad6d5473e19d6df57ba,2020-06-20,welterweight,0,0.440890243735551,2020
35dd379f6c827a39c9ea2a80,2020-06-20,lightweight,1,0.7002908739559414,2020
0ca95193d549deae06a43dfb,2020-06-20,womens_flyweight,0,0.3554910978807849,2020
42a699b0e1e0b47000777a51,2020-06-20,heavyweight,1,0.6050852038403061,2020
11a2b83fafaadd00beca04d6,2020-06-20,lightweight,1,0.4011660468036809,2020
dab5c40932dc5108516b8357,2020-06-20,catch_weight,1,0.15912981538500845,2020
1702be42945c42f331abfb86,2020-06-20,featherweight,0,0.5728543832579589,2020
059fc403c1199ed58dfefd1e,2020-06-20,womens_bantamweight,0,0.22437493316860116,2020
cd96fe8c1990581afcbc65fa,2020-06-20,womens_flyweight,1,0.5016773083459247,2020
af88d28bf7e8107238ee84eb,2020-06-20,womens_strawweight,1,0.5000002799727575,2020
82c23a4256fc112839a21e37,2020-06-27,middleweight,1,0.731411991371129,2020
de98f026bdf72951202b6d58,2020-06-27,lightweight,0,0.5190683720363761,2020
3f23da8e6c5be0676895513e,2020-06-27,heavyweight,1,0.6391206387119817,2020
b66fca201dea49414ec29f35,2020-06-27,featherweight,0,0.37523957646029127,2020
c4e0a136fe5ffd850886b385,2020-06-27,womens_strawweight,1,0.5933961322090159,2020
2fdfc02f2b246b2cd90069a6,2020-06-27,lightweight,1,0.31686008041019453,2020
c13e18c821c98fe6fce0b80e,2020-06-27,welterweight,0,0.38161957170601934,2020
44b541d2c96511df188e7335,2020-06-27,heavyweight,0,0.4146039537875661,2020
c19913fffb602e14f3e2082b,2020-06-27,catch_weight,0,0.7967894672853669,2020
006f504a194d5223fe79b4df,2020-06-27,welterweight,1,0.6364305798465825,2020
be848e2721065a0114893812,2020-07-11,featherweight,0,0.4788595569488374,2020
1f3620c84ae614757d7bfa36,2020-07-11,womens_flyweight,0,0.27492823401126454,2020
2aca388948ad79e83a84cf15,2020-07-11,welterweight,0,0.5675362231761613,2020
574672682df84871761a5876,2020-07-11,womens_strawweight,1,0.5393601435104822,2020
83c960d387ea71ac2b87a5ca,2020-07-11,welterweight,0,0.2053770498306027,2020
51718fa99d2beeef65554230,2020-07-11,womens_bantamweight,0,0.44536836530371726,2020
d15cc1d2230aa928274889e4,2020-07-11,lightweight,0,0.433944817079662,2020
203ac34442d30277d30b534a,2020-07-11,featherweight,0,0.3108654390768918,2020
bbb50c2b6683640361da5f6b,2020-07-11,heavyweight,1,0.7215317019094084,2020
c47da9117ef9cb0c55d90f33,2020-07-11,bantamweight,0,0.6591957994639727,2020
0d11971457c4175b965c7f87,2020-07-11,bantamweight,1,0.6626171358767068,2020
511b42aba92448e1f30bcceb,2020-07-11,flyweight,1,0.7408576140751666,2020
b8cb51bb58d9db4514c8a4cf,2020-07-11,light_heavyweight,0,0.7123494318584421,2020
3cb54ea87dbfd559fefef2b7,2020-07-15,welterweight,0,0.5149370518162252,2020
884115a97758c772c9a1aa6e,2020-07-15,featherweight,0,0.6577918199333153,2020
e030c4b4274431ef2741e6c9,2020-07-15,womens_flyweight,0,0.6246223714039305,2020
a8f801019d4eef0e77d9ae1a,2020-07-15,bantamweight,0,0.15286594826374209,2020
b3e069741adc630204893233,2020-07-15,featherweight,1,0.4647383091723209,2020
e15671cec5d44e671c10a445,2020-07-15,featherweight,1,0.38581247865204726,2020
8b32ecec48dbcd2195ac45bf,2020-07-15,middleweight,0,0.3198836672544957,2020
07704ef1301d2d6ce8009af5,2020-07-15,light_heavyweight,1,0.5521012559725247,2020
b612d80bd5c03377090d4d3e,2020-07-15,womens_flyweight,1,0.5230019035809383,2020
9f333d28d7717b8654dfa658,2020-07-15,featherweight,1,0.19560233686057119,2020
456ab7958561d909b67e3864,2020-07-15,flyweight,0,0.44828739361086795,2020
8f69fcae4224781b3c9cfa38,2020-07-18,flyweight,1,0.3687165831636069,2020
fa1912c548967b80aa56bf11,2020-07-18,womens_flyweight,1,0.4340859197018938,2020
6919180ec57b7b188061ac38,2020-07-18,bantamweight,0,0.5861537903389626,2020
74993216732e68a332a88a7c,2020-07-18,heavyweight,1,0.6479471493839924,2020
cd37985766a8aa01b735f39b,2020-07-18,lightweight,0,0.34853037963846273,2020
1940aee687891ca4a94afbfd,2020-07-18,flyweight,1,0.6161537927662956,2020
9fafa8c93b811a3746eb31e8,2020-07-18,catch_weight,0,0.2558549669334508,2020
f86ab16d919a25d4da537f58,2020-07-18,middleweight,0,0.5015713715965879,2020
66da3b6f9f4cf7e4157872a1,2020-07-18,lightweight,0,0.4196895262327114,2020
4a09d8daff5488361ff890ac,2020-07-18,bantamweight,1,0.5630430804183318,2020
e038f9564dda467e4997ce35,2020-07-18,lightweight,0,0.5943496694219026,2020
8cd39f466756d30dadd88be2,2020-07-18,light_heavyweight,0,0.6988299560532827,2020
aa414e556f0b92cf8400036c,2020-07-25,welterweight,0,0.32598973702289574,2020
9ecf8c24eea5a923e8f4b148,2020-07-25,womens_bantamweight,1,0.5667789075177374,2020
b345fd117c26ce8ce1ef6e60,2020-07-25,womens_strawweight,0,0.464217988733923,2020
0c7ab3916d55a17df15a3a83,2020-07-25,heavyweight,1,0.17941044043104165,2020
39cab37f486024ecb9db2635,2020-07-25,lightweight,1,0.5342271766380331,2020
defd84b0599cc0d92b68f3d9,2020-07-25,welterweight,1,0.6837122731983302,2020
463933bcaf017d47e453066f,2020-07-25,light_heavyweight,1,0.6917312662672802,2020
774acac56423a0c607d073ed,2020-07-25,featherweight,1,0.6005335703785789,2020
f8145b4bb7b5e3cb97d4dc9c,2020-07-25,bantamweight,0,0.22535529025181758,2020
6ce73abee15e58ac43b79445,2020-07-25,light_heavyweight,1,0.5617563362832422,2020
85e0c0d613fc2cb13a184545,2020-07-25,welterweight,1,0.6799901275905252,2020
d7af924b081837726a8d950e,2020-07-25,middleweight,0,0.5700886084116947,2020
11685689bd05b8ae21ca67b2,2020-07-25,heavyweight,0,0.30566002208547494,2020
376525f5ca63a4c27ff6decb,2020-07-25,heavyweight,1,0.5661314597180925,2020
8332a93dfb22029ffd97dce6,2020-08-01,middleweight,0,0.6485345204875941,2020
accaf5efe3560f60755f9237,2020-08-01,bantamweight,0,0.1977782782642555,2020
77f7f2dbc81095fc4709e0cc,2020-08-01,featherweight,0,0.2783322031599868,2020
803e4699563eeaab313ee6f9,2020-08-01,womens_flyweight,0,0.5668001490435868,2020
cf1b0a8a8ef42f5355c57ac5,2020-08-01,featherweight,0,0.5292521037443519,2020
74ada4c73df8d55a25668c40,2020-08-01,lightweight,1,0.5265121510340515,2020
11b2bdce33b4daa385378c1a,2020-08-01,welterweight,0,0.4014718558177043,2020
210876a707716aedd484fb62,2020-08-08,middleweight,0,0.570397825343572,2020
55d2db7e55ff9ef810d8a2d6,2020-08-08,lightweight,0,0.3571386309260968,2020
04fb7fae5eccd9bfad3b30f5,2020-08-08,heavyweight,1,0.6654964111888189,2020
9c4d9994434bee6a49132946,2020-08-08,featherweight,0,0.7282397179201031,2020
868200fb7ccb6878e63a9732,2020-08-08,bantamweight,0,0.43153886558042814,2020
7ba96474f9f6f546663fb612,2020-08-08,middleweight,0,0.2676475806067741,2020
2d9f61eb854f945a91ce4e6e,2020-08-08,middleweight,1,0.5288539406448264,2020
da0dbbeaf56d1757faf50688,2020-08-08,lightweight,0,0.22535468620708973,2020
7cf5bb7c97d458ef222e05c8,2020-08-08,middleweight,1,0.47876513541926224,2020
298e37ec9666db9f53515a4c,2020-08-08,welterweight,0,0.5593053549551764,2020
245a1aa1d70748ddb77fcd50,2020-08-08,womens_bantamweight,0,0.42602022891895597,2020
060c3c0453e2685b88bfc7cd,2020-08-08,featherweight,1,0.8310684627148762,2020
f62f628f4d455c496ac07489,2020-08-15,womens_strawweight,0,0.47143084945353514,2020
a932c2ee19a974d44f417d4b,2020-08-15,heavyweight,1,0.5529851267876598,2020
7a1e753ee1cac071ed552cc0,2020-08-15,womens_strawweight,1,0.6034553484936473,2020
c2a30adbd7330740e20862ad,2020-08-15,featherweight,0,0.7218141068903944,2020
14528df9ace6c262ceefb3f7,2020-08-15,lightweight,0,0.4148768744531162,2020
55a99ea2630f084f2ed4d912,2020-08-15,bantamweight,1,0.7197529639862844,2020
5d24c91dd499dbf9f371c204,2020-08-15,heavyweight,1,0.544301913941142,2020
1b00b8df5d93a51c490a2948,2020-08-15,featherweight,0,0.3508050211898094,2020
ba981dcf4305f29bcaa7900b,2020-08-15,bantamweight,0,0.6168307142770874,2020
27164f9bd07bca68817f3f4e,2020-08-15,heavyweight,0,0.4386629323736537,2020
b5a777423264ab6348bb1c2e,2020-08-15,featherweight,1,0.24020431768234837,2020
acf437c27bb894e5f10b2833,2020-08-22,womens_strawweight,1,0.5453467218126993,2020
865bc5e17b412e9d8e74207b,2020-08-22,lightweight,0,0.332992929092761,2020
56c97a89da7aadd66d047b0a,2020-08-22,welterweight,1,0.5035363404866353,2020
3d301ae7159660205e61e4dc,2020-08-22,welterweight,0,0.5063042860568936,2020
34d337987a36d7908897d305,2020-08-22,light_heavyweight,0,0.18508031019159915,2020
df37437bbab31d315b3583ce,2020-08-22,light_heavyweight,1,0.6144615752701207,2020
35fc4617b59fef082956caf0,2020-08-22,womens_flyweight,1,0.1651073030723313,2020
4c3bf69bcda575328e7dfa8a,2020-08-22,bantamweight,1,0.5978881395071143,2020
9a0f019bcdd546effc2348ee,2020-08-29,middleweight,1,0.5922947412552076,2020
445a76108cb8e63cbb18f23b,2020-08-29,featherweight,1,0.6107758168593123,2020
783496ec89222db55e57a668,2020-08-29,light_heavyweight,1,0.49357566759695554,2020
e386eba5a579cbc9c61d7ea2,2020-08-29,womens_flyweight,1,0.5457645360790713,2020
7e8fcbb84541590cb5ced267,2020-08-29,middleweight,0,0.5647886136826592,2020
4fba53fa922937da97b13a1a,2020-08-29,womens_strawweight,0,0.4158854048883156,2020
9e3309a83263a3eb26e2536b,2020-08-29,womens_strawweight,1,0.5567199621644463,2020
cd63bf60ab82e106e2f0ee15,2020-08-29,featherweight,1,0.5445692923678935,2020
5b102515890b750f61b15ad8,2020-08-29,welterweight,1,0.7825935769643874,2020
df451b71add33401cfbbbdee,2020-08-29,welterweight,0,0.3998626174759659,2020
a8f7e7ce78b35799585b7b3f,2020-09-05,heavyweight,1,0.3593622770415064,2020
4566ad12d4871db68af538da,2020-09-05,middleweight,0,0.5982911248735809,2020
79f56fc5b540a07b75fc2f98,2020-09-05,featherweight,0,0.34343128040574544,2020
b37f7663c4100c0a3a3d864e,2020-09-05,bantamweight,1,0.6654197875540047,2020
db45cb350600a6522a63019e,2020-09-05,welterweight,0,0.4194575268274036,2020
3a47b616824dbc09d6b4f23f,2020-09-05,light_heavyweight,1,0.520983284597976,2020
cc3301848054cf1d86698beb,2020-09-05,womens_flyweight,1,0.38799803622892376,2020
28d6bbf15b8b8f3eb7f23a3c,2020-09-12,heavyweight,0,0.3980890667765432,2020
f323a1bcddd8b81465fd2d6a,2020-09-12,featherweight,0,0.28900241121174863,2020
7ae74b7892d546b2c6cc4286,2020-09-12,catch_weight,1,0.6573453579344802,2020
b58fb9829ccfd18659c6d7da,2020-09-12,welterweight,0,0.3231808256411353,2020
082eb0ff7fe293a70ba23347,2020-09-12,light_heavyweight,1,0.3193346274374525,2020
93cfcbcd4b75c2b5c8ee2e46,2020-09-12,womens_bantamweight,1,0.569763480979338,2020
04a643128e2a0077e897530a,2020-09-12,lightweight,0,0.24210679593144646,2020
537ffd56845ed420190fbfdd,2020-09-12,womens_strawweight,1,0.4932671970417448,2020
25de901f6dd7ecb9530b74b0,2020-09-12,lightweight,0,0.4931370080308449,2020
28efb17bdca98d4378885a1c,2020-09-12,womens_flyweight,0,0.615551154280877,2020
9315dd27fd7b658d3ca50207,2020-09-12,womens_flyweight,1,0.6878132716683714,2020
623b46230159a54815f5cb49,2020-09-19,bantamweight,1,0.516432380504671,2020
fb266d3d4965156fe0812808,2020-09-19,welterweight,0,0.3594221833335286,2020
6c738a0d9b2c763e5023b8b1,2020-09-19,featherweight,1,0.43774782190344025,2020
d817723ba47e641cb45f55df,2020-09-19,womens_bantamweight,1,0.44289111827964955,2020
5b0b10e3a4c96b4a1aaacc21,2020-09-19,light_heavyweight,1,0.5069688426877428,2020
4d15262f09d0438e42a1d716,2020-09-19,flyweight,1,0.34356389858128317,2020
f23ca5817efea8ed67cc6d3e,2020-09-19,bantamweight,1,0.5745045035977733,2020
fb788a19abdf58c4ce9dcfda,2020-09-19,middleweight,0,0.2618155373743033,2020
5c95389aafbb0711c5963558,2020-09-19,middleweight,0,0.3116973675120568,2020
7931d00816825b1bd9e0ecf7,2020-09-19,womens_strawweight,1,0.5750950024966265,2020
126a5071914844441f76aed3,2020-09-19,womens_flyweight,1,0.45607702273486544,2020
ef94f26d1600348c57fa67b0,2020-09-19,featherweight,1,0.28483903464522853,2020
3e510c9608a6583021390665,2020-09-19,bantamweight,1,0.42524511382891045,2020
23a662e45455f29a908aee5f,2020-09-26,lightweight,1,0.5664660999699656,2020
ffe5c9a6e91e0d37d415fdb0,2020-09-26,welterweight,1,0.8462697180673666,2020
9f519c98b04a3b46edae897c,2020-09-26,light_heavyweight,1,0.31773621105671407,2020
80791d311e48d79967e48920,2020-09-26,featherweight,0,0.4950405767981209,2020
4ba5210842a9fdedea37b2dc,2020-09-26,middleweight,0,0.14575660971802062,2020
38d22d042e94d6259e70a045,2020-09-26,heavyweight,1,0.49853148212747783,2020
48f7656e55b8b2313a2a7cd2,2020-09-26,flyweight,1,0.26088084012740853,2020
f4bc73375a257ec73059a857,2020-09-26,womens_bantamweight,1,0.45849852168263155,2020
be57e08456210445617a2cfe,2020-09-26,light_heavyweight,1,0.28014872124081047,2020
39410ea34d5a7709c2e4070b,2020-09-26,featherweight,0,0.5638815419682539,2020
f593b1fad2405f4eea183994,2020-09-26,light_heavyweight,0,0.7372532269223344,2020
b04169fb651ff838bcc04a28,2020-10-03,welterweight,0,0.361813918452767,2020
0c6b8632abdb2d92929613c4,2020-10-03,bantamweight,0,0.4315669503792463,2020
d1559e32012f7277afb65dff,2020-10-03,middleweight,0,0.41872597869399497,2020
f3ee0876b7b239e4c9c141a5,2020-10-03,womens_bantamweight,1,0.5879342033007072,2020
1ed625d2bce4a080ff7aa7ec,2020-10-03,womens_bantamweight,0,0.5688060838875996,2020
c6a82c44dd90c79be12b6827,2020-10-03,middleweight,0,0.47143683017445215,2020
e027916440b1d9b89633d333,2020-10-03,bantamweight,1,0.7632579930580988,2020
e78a454a7ba56158106a70bb,2020-10-03,womens_strawweight,1,0.5862540712430833,2020
9038dd92cf6a9dba569b6e41,2020-10-03,lightweight,1,0.6459942994323175,2020
5e403d21b6f537ca07e981a8,2020-10-03,heavyweight,1,0.5552832251482432,2020
80048b12f4e27d448e681393,2020-10-10,bantamweight,0,0.6796586891894302,2020
9fd3797dda6a9dc551642271,2020-10-10,heavyweight,0,0.39590010106696133,2020
47d015c9da4f8e7c68642c9c,2020-10-10,flyweight,1,0.43766093053775174,2020
f3c39178e030c72a92766f83,2020-10-10,heavyweight,1,0.4634341986389304,2020
b33b7e15079e874207787397,2020-10-10,featherweight,1,0.41762977559792847,2020
32b54d883d2d43b47a7329ef,2020-10-10,featherweight,1,0.5052456978138835,2020
3933cacfa643f4332fb05e57,2020-10-10,middleweight,0,0.6301374042165128,2020
6d2a9d7dc08ac386e90f4115,2020-10-10,middleweight,0,0.440020733704364,2020
a9b7a476e336ba9d14cc3967,2020-10-10,bantamweight,0,0.4752950289655989,2020
4bf87d901465ed4dc164d766,2020-10-10,heavyweight,0,0.19636617091369837,2020
96f20b0be6ccb77bf9cdc8eb,2020-10-10,middleweight,1,0.5854631724627148,2020
f37de3fb239061532292aa7a,2020-10-10,womens_bantamweight,0,0.3222054176033399,2020
c1064b7eb590e152b8293553,2020-10-10,featherweight,0,0.7539743972158208,2020
7436f2383310929d077726d8,2020-10-17,featherweight,0,0.6421941840079856,2020
1ccd594341a2b6cea5016be1,2020-10-17,welterweight,0,0.46250235346978363,2020
5c7f86843455a239817ae12d,2020-10-17,light_heavyweight,0,0.39777906177755,2020
2da28f1443f58bbdd2cb3db7,2020-10-17,womens_flyweight,1,0.5530141374620645,2020
9dc9bdd024b0eccd64b939ac,2020-10-17,lightweight,1,0.6503925159600256,2020
5b47f9b0810708e40df64e9e,2020-10-17,light_heavyweight,0,0.26560256095868084,2020
2975781dbd33227ef8a61f79,2020-10-17,middleweight,1,0.7341074457538739,2020
2a9bbefd70d44c964d657e9b,2020-10-17,womens_flyweight,0,0.4268845424686367,2020
591940879703188b315267f6,2020-10-17,lightweight,1,0.5186607717134376,2020
385fd3eb8f3778369168b7dd,2020-10-17,bantamweight,1,0.7626258966265175,2020
5d4dafd8adc6f8fdd0422db8,2020-10-17,featherweight,1,0.5326290841592168,2020
9e5f20555d811d9565cd562c,2020-10-24,welterweight,1,0.3524102332330137,2020
c390228f133682c232f89d7a,2020-10-24,heavyweight,0,0.12400201027984367,2020
ddd3bcee83bd285bc2d66fda,2020-10-24,middleweight,1,0.48960420100745267,2020
accd1dcd8cd278a67c7cd20f,2020-10-24,lightweight,1,0.6552874426233865,2020
5e1047bc4fb321e2c668e871,2020-10-24,lightweight,1,0.7271164234412228,2020
01e8de6e71b38fdbb4ca295b,2020-10-24,womens_flyweight,1,0.5397616676569745,2020
dccd287fe543912a3d4262ce,2020-10-24,womens_flyweight,1,0.5532458446410674,2020
27330ec2f027b06bb6e1d506,2020-10-24,light_heavyweight,0,0.43549484082254125,2020
95bf3e74a6af57559a469137,2020-10-24,catch_weight,0,0.5238552526457245,2020
df5cb9edb98d3b8e5b0d1dcc,2020-10-24,middleweight,0,0.28125184654792695,2020
f579d8fdebc5facfe7a54631,2020-10-24,heavyweight,0,0.3493858516949354,2020
89530c10412fef4e37adacc3,2020-10-31,bantamweight,1,0.5208843581223069,2020
139113bda6e2c08bcdb0de64,2020-10-31,featherweight,0,0.38961064184079286,2020
64f6e5042b239942a0940584,2020-10-31,lightweight,1,0.7136605548661485,2020
cefd7c12fbddc1ae93b66ff3,2020-10-31,welterweight,0,0.7868175002807745,2020
7b0cfccdff37cdd83d0058fe,2020-10-31,light_heavyweight,0,0.4651257345752717,2020
26fbfce30596a1dab7bd4db1,2020-10-31,middleweight,1,0.7970403519629913,2020
578662bba25d0cd530c617d8,2020-10-31,lightweight,1,0.4468999968679754,2020
ee10cdc650c5fb71fced52b6,2020-10-31,heavyweight,1,0.578652119004748,2020
558610849677ae0c138c4f45,2020-10-31,bantamweight,1,0.6581550182043342,2020
5fd8a5e104ff4c3e1adbc165,2020-10-31,middleweight,1,0.7225465086734248,2020
b5338c339e99f772edcafd4b,2020-10-31,middleweight,1,0.6581062507974405,2020
c01ae7afb0d017349ea11354,2020-11-07,heavyweight,0,0.3137213829478024,2020
a75ae44aa15099924d9905d7,2020-11-07,heavyweight,1,0.14371469256852115,2020
3eef4800a98bf0e45d406700,2020-11-07,womens_strawweight,1,0.555486875291738,2020
dcbfa685c07ca7e10a21cc93,2020-11-07,featherweight,1,0.363878700912087,2020
7e96ea3f88bc1cd633bfbcff,2020-11-07,featherweight,1,0.7059214284728852,2020
cf941249e8853878c39beb3b,2020-11-07,bantamweight,1,0.5013290863395254,2020
627ff29937df0f3e4b02b96e,2020-11-07,welterweight,0,0.4530873007478656,2020
35cd9e0ed2ba0bbc0352b4d5,2020-11-07,bantamweight,1,0.6397786686305023,2020
f56a2da3439d7312f3ed5053,2020-11-07,light_heavyweight,0,0.5264281931928988,2020
22d95249dfaff73c149f7787,2020-11-07,middleweight,1,0.6663255619064484,2020
4f984c114f952c5e85b05305,2020-11-14,welterweight,0,0.14791348774808633,2020
0bf1cad5fff73833720546bb,2020-11-14,welterweight,1,0.7650172128788298,2020
4d8c8fdb741a66e9ec213215,2020-11-14,womens_strawweight,1,0.3834649422065612,2020
7472bbec30036b91f8b3f55a,2020-11-14,catch_weight,1,0.4714960562855741,2020
9d1bf278adaf06c59aafbe8a,2020-11-14,heavyweight,0,0.3429244960947925,2020
bdf3b0384bfd20ab4f874937,2020-11-14,bantamweight,0,0.43297999116935204,2020
256ba9eadd0025f9b1b46491,2020-11-14,womens_strawweight,0,0.6517571460018913,2020
212de9a7a449ce2e3483fe61,2020-11-14,lightweight,0,0.45043352155930316,2020
71953b09146d733984c4873f,2020-11-14,womens_strawweight,0,0.4705723936164745,2020
daa107f8ce19d97b1024e608,2020-11-21,welterweight,0,0.5837897006457873,2020
990f47449008c2507dce5538,2020-11-21,womens_flyweight,0,0.40183328748348146,2020
855198b297a6d4d634748fc0,2020-11-21,flyweight,0,0.2993281323306289,2020
ab363e2b0f18214055df486e,2020-11-21,welterweight,1,0.3847250537781274,2020
35a304f5212463a5b62f0016,2020-11-21,flyweight,0,0.5347358966665244,2020
e10c4a1985fd12ac4132b445,2020-11-21,middleweight,1,0.5189953716036093,2020
75e45e9d89ad79cff7c42ac6,2020-11-21,womens_flyweight,0,0.4498601438776951,2020
5ec0091b78dc3de20dd3ac14,2020-11-21,middleweight,0,0.3729076912421225,2020
71a0386425bf0de6d824fb82,2020-11-21,welterweight,1,0.462854782717482,2020
1d045510888fda8b989e961d,2020-11-21,light_heavyweight,0,0.5484918215548501,2020
eaf2ba2fb033cd4f682f8d99,2020-11-21,welterweight,0,0.6437921115455599,2020
2cbdb6487a02560caa061947,2020-11-21,womens_flyweight,1,0.7922454121667133,2020
f1ef0a42087a271126512de6,2020-11-28,light_heavyweight,0,0.40075646378136337,2020
54556752d4e905ae3733dad8,2020-11-28,womens_bantamweight,1,0.5164611349106634,2020
ee744e008569f783f1c7ae2f,2020-11-28,womens_flyweight,1,0.43539100089520794,2020
1da86dd1a82396c3d44770b5,2020-11-28,featherweight,1,0.14348188363515305,2020
f7f1ed2648969e54b0e3c382,2020-11-28,heavyweight,1,0.3038409971726012,2020
15dd8c606462176c34ed098b,2020-11-28,catch_weight,0,0.5432533505864638,2020
be0781425d6678d096405d23,2020-11-28,bantamweight,0,0.5741103848029072,2020
1cc13b483b64475640fb3718,2020-11-28,welterweight,0,0.36516061756773355,2020
1162fe15cac2da103dfe148c,2020-11-28,featherweight,1,0.4636837108058511,2020
0c3a9c25327fe52dfdc851ce,2020-11-28,flyweight,0,0.22651452624526047,2020
3fb0d126ec0ec9c850e7c51f,2020-12-05,lightweight,1,0.6036959980088951,2020
38c73190ff54c90011fd11da,2020-12-05,heavyweight,1,0.5016784638173322,2020
2faee2f4000145f6ef0e7d15,2020-12-05,featherweight,1,0.7547541555526529,2020
c7ea0e981df13024b9a31ab0,2020-12-05,middleweight,1,0.4681960956744031,2020
b7f4b02b143222c336934e1f,2020-12-05,bantamweight,1,0.33474665358994016,2020
96327f3512f595cecb211d04,2020-12-05,lightweight,1,0.7548389490656411,2020
5626b216eee3a29a06e2e953,2020-12-05,light_heavyweight,0,0.35631232064339874,2020
cdbde8c8fb7b8ab6ece9ca3f,2020-12-05,light_heavyweight,1,0.627224744344959,2020
e56a0eee2d1ec9ecb44e9c6c,2020-12-12,featherweight,0,0.3481723887481373,2020
0212910162e54fa9cd5b7cd0,2020-12-12,featherweight,0,0.5313320186635392,2020
d5af84d65e5ec7c832fd231d,2020-12-12,featherweight,1,0.3468580520017929,2020
f33feba4243e510ba6affdca,2020-12-12,heavyweight,1,0.552723851519106,2020
dd922295fee469e083fac69f,2020-12-12,middleweight,1,0.8005205035968844,2020
b259ff80d212bf23d79b1dc4,2020-12-12,womens_strawweight,0,0.5501808444141755,2020
4bdb0495d3dcf5d7e7dd27a3,2020-12-12,lightweight,0,0.6069576587768173,2020
80103ed2aae686dd59e7503e,2020-12-12,womens_strawweight,0,0.2875656997583411,2020
c07bd95dd550983c678bb413,2020-12-12,lightweight,0,0.3307887620736587,2020
956d4c038b9d798a03f2f217,2020-12-19,welterweight,1,0.6159006580875742,2020
06b8415093de68eee890672b,2020-12-19,catch_weight,1,0.4615834500928488,2020
9cfc7008d97b25e3eee03dba,2020-12-19,catch_weight,0,0.5230411055120032,2020
7c14b9cca72df7ce3e48797f,2020-12-19,womens_flyweight,0,0.5549419059960846,2020
09bb551777feafe78278b168,2020-12-19,flyweight,0,0.5091937211083793,2020
ce69be9a42b5dce320787439,2020-12-19,bantamweight,1,0.4621018698409741,2020
d4607f21674e1b635ed2c4b1,2020-12-19,heavyweight,1,0.43630155651969843,2020
2751edcfff14d6f87019df2c,2020-12-19,bantamweight,1,0.3768288706152332,2020
47e7219958c4619887b0ea40,2020-12-19,welterweight,0,0.5058568362740159,2020
8da008a32caddde479cc3af6,2020-12-19,womens_bantamweight,1,0.4615203882495058,2020
6cccf3ffb09a129e7b0bb096,2020-12-19,welterweight,0,0.5154714435453278,2020
73c4fd702dce585354b6c53b,2020-12-19,middleweight,1,0.5308317459405527,2020
ae621dcbc9586b8e5527d2fc,2021-01-16,welterweight,0,0.4202233350409825,2021
63d6662513715319fbb37f5b,2021-01-16,heavyweight,1,0.5017278136035735,2021
299cafa827deafab86edfca9,2021-01-16,welterweight,0,0.3676379562976147,2021
5a322970c6fa2b7ccdbf1a91,2021-01-16,featherweight,0,0.2489096012132939,2021
0b3e78533c34539224338ddd,2021-01-16,middleweight,0,0.5985254029810011,2021
e3788f7673c040a7e7162eaf,2021-01-16,featherweight,1,0.6401204705825386,2021
94167c05ac13c3152031bd8a,2021-01-16,middleweight,0,0.605909353844554,2021
e1e59ca7e3b0bad7652227e2,2021-01-16,welterweight,1,0.3417938309711485,2021
0314d7c96dc6c9029d7f9a5f,2021-01-16,womens_bantamweight,0,0.5241488341469915,2021
733a1c63f7740f95a9317482,2021-01-16,womens_bantamweight,1,0.47706960418795347,2021
6be48a3315d78994e2f6bbaf,2021-01-20,middleweight,1,0.5970110219997379,2021
9fa1bae0311b4aa3ccba91f1,2021-01-20,flyweight,1,0.3579879017326406,2021
0510c32efd9efab7964555f7,2021-01-20,light_heavyweight,1,0.4358879332006305,2021
8dd911979c1d546b9c995936,2021-01-20,featherweight,0,0.14419705253478665,2021
88d9b570e90c027e750424b7,2021-01-20,flyweight,1,0.5159016180097269,2021
500b756ea736234a67f865c7,2021-01-20,welterweight,1,0.3680966258850272,2021
e8a21c49a3957ae2db4f9304,2021-01-20,lightweight,0,0.37205791210754807,2021
bd1a13b91967e59c2d2ca195,2021-01-20,middleweight,1,0.5012057754167764,2021
871ec9ac30c6dde7f53b3da8,2021-01-20,bantamweight,0,0.21175841125407602,2021
5e589ab68c009c7418795d5d,2021-01-20,womens_flyweight,0,0.3738949159316663,2021
f586b613c26248f8a71102eb,2021-01-20,flyweight,1,0.7157491866151745,2021
c5b665d2739cea495eec4f33,2021-01-20,bantamweight,1,0.6328283146214643,2021
e5728f57a9db1a6d419df71d,2021-01-20,womens_flyweight,0,0.5172653491667905,2021
acb69131c93694b07300faa1,2021-01-20,welterweight,1,0.4408185372386675,2021
cc8a36141f665f8a21e43c79,2021-01-23,flyweight,1,0.6400079677992279,2021
ba4700ec8890cb3212bac423,2021-01-23,middleweight,0,0.40194061963311883,2021
35396c0c45d4c8527b82d6ab,2021-01-23,lightweight,1,0.782912439407073,2021
e81b6098e57e8133b071edb8,2021-01-23,middleweight,0,0.5693874342296388,2021
749823f187d45e71e91ff721,2021-01-23,lightweight,0,0.8723188215959646,2021
41d00a19b95b8c4e1011e422,2021-01-23,lightweight,0,0.5242830416775675,2021
069bf8b9c6ade82cb549680a,2021-01-23,womens_flyweight,1,0.45103851787659516,2021
946129bbdfaa781a21608a9e,2021-01-23,womens_bantamweight,0,0.27982372855854276,2021
f7128ea236725875bb42fb2a,2021-01-23,light_heavyweight,1,0.2563764826515608,2021
4d892766af178faa517a3b55,2021-01-23,womens_strawweight,1,0.2597200740683131,2021
9eddebe538dcd4b2e8bce30f,2021-01-23,catch_weight,0,0.25123396859145636,2021
398469f8b03c9109e14c3efb,2021-02-06,flyweight,1,0.6640502926834783,2021
c52172bfe2d5dadbc2baa574,2021-02-06,heavyweight,1,0.6445344951080927,2021
dd2ee13375dd8c96df6d0a62,2021-02-06,bantamweight,0,0.330382998127602,2021
c2749aa0039c9dbb15dc18cb,2021-02-06,catch_weight,1,0.6666599464092172,2021
006fbd1ad4d3164705b758d8,2021-02-06,lightweight,1,0.6050123928327782,2021
f95fccaf728f92e2468278a7,2021-02-06,womens_bantamweight,1,0.5186218716318586,2021
5b925fbe88e3649da9183c2e,2021-02-06,lightweight,1,0.33479499939960705,2021
5617b1854fbb99723ea7f386,2021-02-06,light_heavyweight,1,0.4042158946804929,2021
187bee69eb0bfc1344de75ea,2021-02-06,womens_flyweight,1,0.5307019252512406,2021
116aee82de340b5b69294296,2021-02-06,featherweight,0,0.508516629573952,2021
990348198032e07f47fe05b5,2021-02-06,featherweight,1,0.2105115964472183,2021
7f425d4ea75cb89d2a23d068,2021-02-06,featherweight,0,0.5381017944884173,2021
0ad9e306fa9bafaa5d9d1705,2021-02-13,catch_weight,0,0.4403518856109392,2021
f034ef7d780fb11cd9df91fa,2021-02-13,welterweight,0,0.38540900275712636,2021
e415a937b387a95ec19c51ec,2021-02-13,welterweight,0,0.4762897564738882,2021
f97a2702edccb7dad093612d,2021-02-13,welterweight,1,0.7339841935498784,2021
a4e473c3f2b704804d3aa60e,2021-02-13,middleweight,0,0.4821337150315586,2021
84467793f69d35eb41eb8877,2021-02-13,middleweight,0,0.5692245282798299,2021
089e43bbc47943ab21cfcc52,2021-02-13,womens_flyweight,1,0.4297844779125642,2021
eb1492878c3ea0174e4e3b62,2021-02-13,womens_strawweight,0,0.40158135499869874,2021
12f182cc4484512866f9fb1e,2021-02-13,featherweight,0,0.23091148285736088,2021
3dba4569718934d994975320,2021-02-13,middleweight,1,0.39512457624213226,2021
ea60b29d1cc1c5cbf1e166c1,2021-02-20,bantamweight,1,0.3106233877431174,2021
74bfe372b0e5a30d25bf5041,2021-02-20,heavyweight,0,0.30910722933481083,2021
54831bad652cdc3a8ada5fdc,2021-02-20,heavyweight,1,0.8449205540249339,2021
5f3fc1a3e546d6b566ba1392,2021-02-20,featherweight,1,0.548753603736714,2021
1a4d68fedca9efa585791fa8,2021-02-20,heavyweight,1,0.21801489514073888,2021
4dfd2b1535c10a0b46f38234,2021-02-20,bantamweight,1,0.5886250907694155,2021
35b9ba0462608f9b6e41c742,2021-02-20,featherweight,0,0.44585086350969,2021
b57470dcb8fd957a6caf4d98,2021-02-20,womens_bantamweight,1,0.42851428884952475,2021
92b3031f9c8a237ab1c68ea2,2021-02-20,featherweight,1,0.39838170121678973,2021
624a4740ac849b0f19e7a355,2021-02-20,middleweight,1,0.5443041664172782,2021
bb5477c8597bf06ae476381f,2021-02-20,heavyweight,1,0.6540119749079728,2021
08bc513ce88af8ec37ef2a3e,2021-02-20,womens_flyweight,1,0.65181105178738,2021
a8ff0354149b1a73242c7b41,2021-02-27,featherweight,1,0.6535205695932429,2021
fa031ca2b598c1790a770dac,2021-02-27,lightweight,1,0.5222304576449485,2021
79d0da63044a2d7848dc3eb4,2021-02-27,womens_bantamweight,0,0.7796512153123356,2021
a7edd53221755c84fb85b338,2021-02-27,light_heavyweight,0,0.5158416143941936,2021
4dae04976391e2c304856f18,2021-02-27,heavyweight,1,0.5597585890237768,2021
8977265e2ec0ac4a8d0eb88d,2021-02-27,light_heavyweight,0,0.4164842617459524,2021
03937bc015b49d21691cbfb9,2021-02-27,bantamweight,1,0.4038674124747421,2021
3eed3433c57ea8ceb8e6c485,2021-02-27,bantamweight,0,0.48303915870411446,2021
2c55dd48924effa480f5ca18,2021-03-06,womens_featherweight,0,0.11063538462007101,2021
172ba1c4ac7e58c4dbd7b4dc,2021-03-06,bantamweight,0,0.45591082218707324,2021
84173c3cabc82b82021ee1bb,2021-03-06,lightweight,1,0.7667094580682373,2021
2f2a2e5d3ef44f24b2553a05,2021-03-06,light_heavyweight,1,0.1657572315379612,2021
774fbbcd4bc58c07113c5842,2021-03-06,flyweight,1,0.5725265094561147,2021
bec1db2b5e3183035ce016c7,2021-03-06,light_heavyweight,1,0.6087127986706512,2021
7406877c1618cdf902112bd6,2021-03-06,womens_strawweight,1,0.5451718276498531,2021
436382c7157f32d457cf439c,2021-03-06,bantamweight,1,0.28523932323480017,2021
e40ebd32f54ba3551bc187f9,2021-03-06,bantamweight,0,0.5990421105291259,2021
4c948af46307bedde78b9778,2021-03-06,flyweight,1,0.6385766375041759,2021
39d510d179fdc5c9bc82b8d7,2021-03-06,welterweight,1,0.4690984974224312,2021
a8dd1d9e9aeb7fd344b2f88f,2021-03-06,bantamweight,0,0.6261186334523045,2021
1665c4098d198e470e99997e,2021-03-06,light_heavyweight,1,0.6387717032436288,2021
83c08ce6fca53bee662ac967,2021-03-06,flyweight,1,0.40501990677379385,2021
2a0f151b77d398964b58f1f6,2021-03-06,lightweight,0,0.1683232779156978,2021
e048cc318dcc24e55e146279,2021-03-13,womens_strawweight,1,0.5343742562212512,2021
75ff868f7c9201dc424bcc14,2021-03-13,featherweight,0,0.23389656134540954,2021
45284428ec473bdf65215b5e,2021-03-13,womens_flyweight,1,0.542035790289152,2021
9681fb4a0e8ec440e305912e,2021-03-13,featherweight,0,0.3380702671463076,2021
d8ea1aa19a7a70e000c057f8,2021-03-13,womens_strawweight,1,0.41846050582654437,2021
08147aa1d935de56a0a7c9fb,2021-03-13,bantamweight,0,0.7667097038432049,2021
1220f1ae4d30086f6c114d44,2021-03-13,flyweight,1,0.4618374790971944,2021
3d9e74cecbd64b77643aa7d2,2021-03-13,welterweight,0,0.3935793338992365,2021
c3cb9104e11fce38ca8aaeaa,2021-03-13,light_heavyweight,1,0.5339476353215344,2021
a651712b4735435b6dff0a60,2021-03-13,lightweight,0,0.24732879435872332,2021
155fb3d1aba34cc5371c180a,2021-03-13,bantamweight,0,0.822272975308315,2021
09cb12976b9d557d330fede7,2021-03-20,bantamweight,1,0.6220985713702489,2021
0e924a271d155d25cb96a9df,2021-03-20,flyweight,1,0.4592947518660496,2021
bf9c66e4d2ea103435a96f54,2021-03-20,womens_strawweight,1,0.48776532476069506,2021
a7bfb80dde30557923deb967,2021-03-20,middleweight,1,0.2667662693286252,2021
fccce461000f977a1f29de71,2021-03-20,lightweight,0,0.27945093892294454,2021
3046efa844e5b8c612a39088,2021-03-20,womens_bantamweight,1,0.7874824422554901,2021
0e1232159bb09cf0a8157294,2021-03-20,bantamweight,0,0.265343716453098,2021
87a052aae5db7282aedf3af1,2021-03-20,welterweight,0,0.45791009571249175,2021
5ac9f53f3b903f5f50c7ae07,2021-03-20,heavyweight,1,0.678355128650739,2021
24832c40dfffd88b28acd6a1,2021-03-20,middleweight,1,0.6179310606401783,2021
655ce511031179b0d7528580,2021-03-27,light_heavyweight,0,0.4635077286820727,2021
1523d28d8f3dbd0ee0deefc5,2021-03-27,womens_flyweight,0,0.5386658577230266,2021
9fa712833bf4b6daceb5243c,2021-03-27,lightweight,0,0.45925575575625605,2021
06d257fb5a3c5fda36c86d32,2021-03-27,welterweight,1,0.4730293697052684,2021
f821eef7b840304b0c4c2566,2021-03-27,middleweight,0,0.48184036657899315,2021
10d5d1953f1e4db582bc4232,2021-03-27,light_heavyweight,1,0.566334752049973,2021
437c18cdfaded48de4fb9c8b,2021-03-27,bantamweight,1,0.671191801627527,2021
bb5d26adfb4244e5cb7c71ca,2021-03-27,featherweight,1,0.5120099543393677,2021
f9ad023e5912b9e8e23296c4,2021-03-27,heavyweight,1,0.43203305578150786,2021
71146ba7e43a180d3a76ed5f,2021-03-27,welterweight,0,0.4431246753934175,2021
a5b7f687614fa2c274c262fc,2021-04-10,featherweight,0,0.40890212553795996,2021
6a77043e2a2c7fbcf5d1422e,2021-04-10,light_heavyweight,0,0.664484718569509,2021
f7aba315e5e7f95e583bb5f6,2021-04-10,bantamweight,1,0.612187725406759,2021
eb0d9121307638176a27c78f,2021-04-10,welterweight,1,0.5714230085525933,2021
ec6aff0a24442abf1efa5bb7,2021-04-10,lightweight,0,0.13436444698089708,2021
be94f7ea41163e46b8032440,2021-04-10,lightweight,0,0.5753744964200096,2021
75e3c66fe5bdb1e2907f61ff,2021-04-10,featherweight,1,0.4254587620943152,2021
c2987bdf66ace8687c8129a8,2021-04-10,middleweight,0,0.6242492373799977,2021
bb4b636ab4f2733d20549b1d,2021-04-10,welterweight,0,0.4506630182159991,2021
2324fee04a36218838c2f885,2021-04-10,womens_strawweight,0,0.41901140360149675,2021
04cea879fa6be6d87fdd22c0,2021-04-10,middleweight,1,0.4718782525806652,2021
a145a890ebf3141cbf139a78,2021-04-10,lightweight,1,0.6073178584576493,2021
a26ae051b20aa9c96dc7945e,2021-04-10,heavyweight,1,0.363592432125034,2021
3974a50adcd6fd1bcc060147,2021-04-17,middleweight,0,0.8836821497914461,2021
c3a29929b0c55a012ba64d3c,2021-04-17,heavyweight,0,0.45162980147885184,2021
85eb8bca2d84e2de29d25928,2021-04-17,heavyweight,0,0.5884867293224086,2021
2dfce60518599adbf4e3bbc9,2021-04-17,lightweight,1,0.6793936106622548,2021
3249899f8623af67ee4875c4,2021-04-17,middleweight,1,0.5305190349672263,2021
b6a515792134d4e7ebc8590e,2021-04-17,womens_strawweight,0,0.6401934130154658,2021
c36e6871481b761b6bc086f8,2021-04-17,lightweight,0,0.35649156824874256,2021
d500803cf03a6c79704f1f11,2021-04-17,middleweight,1,0.6389919594544208,2021
a7e37dc0ef58d7d8986f6a75,2021-04-17,bantamweight,1,0.8184898825038794,2021
5540eafcd8dfd2f733cfcec1,2021-04-17,womens_flyweight,1,0.733453202592907,2021
44edb5e52a71d5b17b379406,2021-04-24,welterweight,1,0.53356541789663,2021
b29904ef22772d43b1dce8a8,2021-04-24,light_heavyweight,0,0.4922627272821997,2021
961b987dd8cca4efe946c0ac,2021-04-24,flyweight,1,0.5845810421683295,2021
07cb74a61d28c7395ccc3e46,2021-04-24,bantamweight,0,0.581005215069747,2021
c15e97d5709dfd66cf01357a,2021-04-24,welterweight,0,0.6448646061673707,2021
0e596947e3da41e12e863200,2021-04-24,welterweight,0,0.14143570241348666,2021
2c3c5213ab9496c702780d50,2021-04-24,middleweight,1,0.6085623162459378,2021
023d0a839d940fdea400233f,2021-04-24,lightweight,1,0.49231975078283546,2021
c379cb07b140cc25e888391e,2021-04-24,womens_strawweight,1,0.39163035748133646,2021
fee11078cee1e6996b863aed,2021-04-24,featherweight,1,0.4683285456899875,2021
5e472b8e52eff152fbfe7d30,2021-04-24,middleweight,0,0.6194974242576189,2021
b53f0ffc153410c8a768bc13,2021-04-24,womens_flyweight,1,0.6525983135591577,2021
440ba029911f1e78c5f3138a,2021-04-24,womens_strawweight,1,0.5805930367881444,2021
1f45fe6f50add14fab876381,2021-05-01,middleweight,1,0.6648729066716473,2021
d7b12003299832c257b05e66,2021-05-01,light_heavyweight,1,0.3130909481642771,2021
0675530f5deaaa1160f7c718,2021-05-01,featherweight,0,0.2896531057252915,2021
79247937a956625d6f3ce9c8,2021-05-01,featherweight,1,0.44811742107008373,2021
f1f15579cd1db6d027621436,2021-05-01,womens_strawweight,0,0.3203675064708386,2021
2e215036f623af43977bfb1e,2021-05-01,featherweight,1,0.4882697265448335,2021
1a543291bbbbd63ae5f6db49,2021-05-01,bantamweight,1,0.5998804224783464,2021
d6a46acfc572e3ae94089003,2021-05-01,womens_flyweight,0,0.5160295844924025,2021
01327dc0bf03e55429a6b30f,2021-05-01,womens_strawweight,0,0.5045849415814845,2021
b3569c5019bea0ff890b4ec6,2021-05-01,middleweight,0,0.35150420767884083,2021
fbe844693986698837d7441a,2021-05-08,welterweight,1,0.449902260334938,2021
b22da21be05c590f9103ab3e,2021-05-08,lightweight,1,0.5909931105580803,2021
96f3e20245151d21bcdb8f40,2021-05-08,welterweight,1,0.5139139774656261,2021
4b2e71789ce3c1603f44c672,2021-05-08,middleweight,0,0.6209267362339441,2021
0f50cecf3fb203a79fbe59a2,2021-05-08,featherweight,1,0.40759299062385895,2021
bf70c712fd72cbc1402be6de,2021-05-08,womens_flyweight,0,0.49067402802367704,2021
66a055a3bdb65ec398c18942,2021-05-08,heavyweight,1,0.4774397987402495,2021
da6b936ea8667cee5f337a67,2021-05-08,welterweight,1,0.6446779818574206,2021
1d555c9651e1649b67c873d2,2021-05-08,middleweight,0,0.5579411640670414,2021
4eddd98f6b71d1b40ce9de04,2021-05-15,womens_flyweight,0,0.4436808368378935,2021
b161c29e825cc8f33321c23d,2021-05-15,lightweight,1,0.7011492119509891,2021
73ed9835db433e1c3179e031,2021-05-15,lightweight,1,0.46663798250181887,2021
2c723e3bfbd7746b1a49bc19,2021-05-15,womens_flyweight,0,0.7013586645727721,2021
4a515c7e15f58e278e85b0c2,2021-05-15,middleweight,1,0.5359389396998792,2021
2d88a7f118a9b133a9aa150c,2021-05-15,middleweight,0,0.4801308942745381,2021
7b40bb27aad143bbe4bf6123,2021-05-15,womens_flyweight,1,0.5651036476321739,2021
9236d5c10fd5259af71d1f7a,2021-05-15,featherweight,1,0.5047283508434586,2021
8552cf2fa15f36c962dd47da,2021-05-15,featherweight,0,0.5302242203394295,2021
ac01654bb88f24cde0453ff9,2021-05-15,featherweight,0,0.6067287762176189,2021
30b02d38c456914546eaa1f9,2021-05-15,lightweight,0,0.29055431634947027,2021
d30d3aec127463726bcfe02e,2021-05-22,heavyweight,0,0.24736872940004845,2021
071a45a6dbfc547ac87fd8f2,2021-05-22,flyweight,0,0.3800760022747653,2021
10b25f19a0fff04f7455e7f0,2021-05-22,welterweight,0,0.6171283110776266,2021
c218d031e77e1e9e8ceea0f8,2021-05-22,flyweight,0,0.30232926151304484,2021
fda50c856c3cc806fad2cd0f,2021-05-22,womens_featherweight,0,0.543271082505025,2021
e9beb6a44ab27a583e24a07e,2021-05-22,middleweight,0,0.44848324192256905,2021
296bd6be85fe799b7ab7c1a3,2021-05-22,featherweight,1,0.3464137440325145,2021
cc74e32603a6a23148741929,2021-05-22,heavyweight,0,0.5157976255714669,2021
b5709b61e25ad5e6e50d3e45,2021-05-22,lightweight,0,0.34096562273405456,2021
3b7b804068b8e00672a5f39a,2021-05-22,featherweight,0,0.37757338924994643,2021
021c23a2eb7dd424b3760858,2021-05-22,bantamweight,0,0.6797742212979961,2021
0a8907e7c9ccc7e92c10fa53,2021-05-22,womens_strawweight,0,0.5881712700845435,2021
a71663808cab96a533f7f3a0,2021-06-05,lightweight,0,0.9618713772658539,2021
b849723a163cb1a94edec03d,2021-06-05,middleweight,0,0.6699574277989376,2021
c30c5ed0c6f68ddbdc6e0034,2021-06-05,welterweight,1,0.6710233902366635,2021
005237f1190a5a2d4091414f,2021-06-05,heavyweight,1,0.6253824969899141,2021
dae4bb27f2bbb3c7006d1dc5,2021-06-05,featherweight,0,0.6502239784540468,2021
05ccaa473e2b94dfabf7d1fd,2021-06-05,womens_flyweight,1,0.614775321667313,2021
302fd43d83034a2a1167cb24,2021-06-05,womens_flyweight,0,0.33808780772789326,2021
d603dc6aff17ddbb1d25c05e,2021-06-05,middleweight,0,0.39860664174901217,2021
124977ad8833f804ed6cb04e,2021-06-05,welterweight,0,0.592630161746601,2021
a6488972b4e28f5bb943b98f,2021-06-05,featherweight,1,0.23525736398014063,2021
cca2249636b0929cdddf4681,2021-06-05,heavyweight,0,0.7151386821342193,2021
4dbb2484e6d1bdd5206a8e75,2021-06-05,heavyweight,0,0.17846481401122735,2021
7b68645c6155f616e8698da6,2021-06-12,heavyweight,0,0.3643690232415983,2021
a472857449a92cc1580c34ce,2021-06-12,featherweight,1,0.33106867807828955,2021
a00ccc9c46ab59aeed12bc52,2021-06-12,flyweight,1,0.4712878313024738,2021
6416d8a78b4aeee3a078ff10,2021-06-12,welterweight,1,0.7356333338492781,2021
d4659a1d3ed047b9c9526f60,2021-06-12,lightweight,1,0.5433317225964517,2021
d7e483bb04fd67f9c284ae8b,2021-06-12,light_heavyweight,1,0.4239120587170765,2021
a067ee4df1e643240630223a,2021-06-12,lightweight,0,0.5307630080985754,2021
06b2c67c96de677f095d63a4,2021-06-12,middleweight,0,0.42888263334784216,2021
bdcced7630b8f9fc20b8e65d,2021-06-12,womens_flyweight,1,0.537039087194939,2021
27e411a536e1c7deb45d1ac6,2021-06-12,welterweight,0,0.2318312841754598,2021
f2b6f09261ceb5b126445765,2021-06-12,lightweight,0,0.46007517366379697,2021
7d225bf082e7c74caa37c3ce,2021-06-12,featherweight,0,0.36102382457609195,2021
cba88fa3d2445ac8ac4d89a0,2021-06-12,womens_bantamweight,0,0.3600987813721686,2021
30e778d3989da80d54ba9e9b,2021-06-12,light_heavyweight,1,0.3322135055087327,2021
9328b8ac23e7685857194ee4,2021-06-19,light_heavyweight,1,0.3569861161585893,2021
ebf39919541e28347dea97af,2021-06-19,heavyweight,0,0.2303099711594979,2021
cd61e6ca2674830655d58d10,2021-06-19,womens_flyweight,0,0.3370252463638167,2021
8aa7756723ebd18d2ab40f8e,2021-06-19,featherweight,0,0.5429189466351108,2021
78cbe025f9059d02470e6e87,2021-06-19,lightweight,0,0.3877628536598155,2021
61610b155882ac3e3eed4f71,2021-06-19,heavyweight,1,0.5828788025738897,2021
836588eb01321066a95e6f60,2021-06-19,featherweight,1,0.6101284257890904,2021
9987f669b7493fba2fe3d118,2021-06-19,womens_strawweight,1,0.5052850957772843,2021
9f27d61139a529c02d842433,2021-06-19,welterweight,1,0.5659011166809117,2021
e74b6bf080b0e710ce9747bd,2021-06-19,bantamweight,1,0.7468686448872658,2021
b95e558564dc9e0f3f3f5cfd,2021-06-19,welterweight,1,0.36779415586859904,2021
9a82adcac5a1d990fb6cd5a0,2021-06-19,middleweight,1,0.5615111835617784,2021
a3c60ed394aa5d105da7ad3f,2021-06-26,featherweight,1,0.42037780221138843,2021
b3a720a454739d051995c2c1,2021-06-26,heavyweight,1,0.5823630125832512,2021
fc8f71a97583223c7eba5642,2021-06-26,womens_bantamweight,0,0.5002156205099977,2021
7bab93177c4542550318ca39,2021-06-26,light_heavyweight,1,0.445683598616785,2021
734b592944e62af1b555c366,2021-06-26,light_heavyweight,0,0.30106212251730186,2021
f161c4d3b027f2f49eaa2f45,2021-06-26,bantamweight,0,0.5183866147619519,2021
89d9e6cd12cbc984c5ad5db8,2021-06-26,lightweight,0,0.4982394775259627,2021
ce42994760729649b78812f5,2021-06-26,welterweight,1,0.7432435665459063,2021
8fe42d98d6456f0fc2191b0e,2021-06-26,heavyweight,0,0.25055540762318246,2021
d779754588526356ae5ea3e3,2021-06-26,welterweight,1,0.5025970784447578,2021
ba71dd0032aaf0bf310c24c7,2021-06-26,welterweight,0,0.7042092865477854,2021
746498ef7443f0caf5f2082d,2021-06-26,lightweight,0,0.4699462741393906,2021
80d953c972d847be890d6aaf,2021-07-10,welterweight,0,0.4527361266443717,2021
6498a4c8d3727a2016dbff4a,2021-07-10,lightweight,0,0.5057243907575396,2021
52922d44b46e92c459d86bc8,2021-07-10,welterweight,0,0.5165540357432344,2021
148e523baab99af91b27dce5,2021-07-10,womens_bantamweight,1,0.3648833674735911,2021
15ad67d5e43acafdd6c98fe0,2021-07-10,womens_flyweight,0,0.3270970737042862,2021
530b143d446dafc011071c4e,2021-07-10,welterweight,1,0.5706199053974349,2021
bbfbf8b8166c426e1240e0a4,2021-07-10,middleweight,1,0.4478678603319384,2021
12bc8ea49cf6466df9aea9a3,2021-07-10,featherweight,0,0.42554044180561745,2021
051cabd00d8a84746e67e149,2021-07-10,bantamweight,1,0.7953778510492878,2021
3ea316d32ba9c755ad343003,2021-07-10,heavyweight,1,0.46880393306807744,2021
dd14dada5640b649e27c8cb6,2021-07-10,middleweight,1,0.3570818100580929,2021
57c1af099e2eeaedffb7b6c6,2021-07-10,flyweight,0,0.4643622937651129,2021
387800ac98197707044d3802,2021-07-17,womens_strawweight,0,0.32359486459304837,2021
6a8395402c96b2d104acd78d,2021-07-17,welterweight,1,0.774183694793501,2021
87728864303defcd4fe22031,2021-07-17,flyweight,0,0.7376690160821063,2021
8a31c1172ab5106325cc627e,2021-07-17,featherweight,1,0.5375404062590032,2021
b726a2c340e0031859a57110,2021-07-17,lightweight,0,0.3194384629026989,2021
4d558ebbde851ebbceb2a376,2021-07-17,lightweight,1,0.7842791148079956,2021
973af1128fff9b2a14c5621f,2021-07-17,bantamweight,0,0.6008001185002191,2021
ed7f6c0bd5b437f2f9dc6c7c,2021-07-17,womens_bantamweight,1,0.7533703912658704,2021
c9c25ab469ad2fe48494e4ba,2021-07-17,middleweight,0,0.45222351508583813,2021
03a0165ac1c070a693740903,2021-07-24,bantamweight,1,0.5848083381706404,2021
3cb448435c95ab6aa4fed0a9,2021-07-24,bantamweight,0,0.6656167404721144,2021
b0617d39a8cbc7fc041d74b3,2021-07-24,featherweight,1,0.2749481352092919,2021
f9beb1b95ba45b9b1621b64b,2021-07-24,womens_strawweight,1,0.569315597269867,2021
f8df7edab264a0f373e74bd3,2021-07-24,bantamweight,1,0.5281508487090103,2021
1a387168660b6545f6e752fb,2021-07-24,bantamweight,0,0.7250269526016977,2021
3619b7063e9cd88f010c5a0f,2021-07-24,welterweight,1,0.5535553162733997,2021
f115a8a9f478bc63f707998e,2021-07-24,womens_flyweight,1,0.4499074287005659,2021
f0c4c6e99336ff56646d4fa5,2021-07-24,middleweight,1,0.49430107372779747,2021
2457d12636a9cfb566f94a56,2021-07-24,middleweight,1,0.5969708249210779,2021
033418400afa21c1b79842c9,2021-07-24,womens_flyweight,1,0.6874950653347437,2021
aa362511017ececb3e8cb952,2021-07-31,welterweight,1,0.4281007904109627,2021
439390ea327acf2b45119216,2021-07-31,womens_strawweight,0,0.4324653584803075,2021
abe908dff98725268a6de4b5,2021-07-31,lightweight,1,0.28640966590868244,2021
f53d55ca7e6c71bca1768d71,2021-07-31,featherweight,0,0.5306253966583726,2021
3a69e82631c81017529c26db,2021-07-31,womens_strawweight,1,0.4643902720729984,2021
848d633ab5d861af69f87843,2021-07-31,welterweight,0,0.5616727625330741,2021
d6d47fd80d8781a3f317d30b,2021-07-31,welterweight,1,0.4363472522963283,2021
32bb78b29e02d70783585786,2021-07-31,flyweight,1,0.6508431802652126,2021
3af23183b818dfe59d5a0114,2021-07-31,middleweight,1,0.6460103476960852,2021
37eb5a2b7db7710c44ecbb0f,2021-08-07,light_heavyweight,1,0.723686116478877,2021
31e656fd3cfbfde7ba181505,2021-08-07,heavyweight,0,0.23972580709280786,2021
cfc670cb4c942424d4bde058,2021-08-07,bantamweight,0,0.6493222013635082,2021
a13574844084b56c501c795d,2021-08-07,bantamweight,1,0.49606234747900757,2021
c291f2773170c40024daeb22,2021-08-07,womens_strawweight,1,0.5030281452622206,2021
e7881e314d5e66981e8e89de,2021-08-07,lightweight,1,0.5726222759493418,2021
a7d7600747cdce4d1aac4734,2021-08-07,flyweight,0,0.2985895609333749,2021
36997816a9de75a5faf77fdb,2021-08-07,welterweight,0,0.5583206837305644,2021
1b48725e4a5a6738fae9d75e,2021-08-07,bantamweight,0,0.20031420010194423,2021
adbb4bf7f16d6f11fdd6a702,2021-08-07,bantamweight,0,0.4425233926038995,2021
8a628435db9e18feeb85b101,2021-08-07,womens_strawweight,1,0.4786738888223065,2021
03bd3178b81b51c98a2ef07f,2021-08-07,womens_flyweight,0,0.2995134662557891,2021
ff592cdaa4eca0c7c874169d,2021-08-07,bantamweight,1,0.39973186736521427,2021
97eff66c4a32a2932814be38,2021-08-21,flyweight,0,0.5246864445347202,2021
102faa4ad68146ae09750464,2021-08-21,featherweight,0,0.3619321756314204,2021
7f212aa41a8e96a98df4f434,2021-08-21,womens_bantamweight,1,0.41318460527404854,2021
256498ff833bad9ec8a58f4f,2021-08-21,bantamweight,1,0.5667033339330977,2021
768f6a84be53ebd19ce73dbe,2021-08-21,lightweight,1,0.7554774779646244,2021
39e93a7358c364f594c54892,2021-08-21,middleweight,0,0.5783087545486921,2021
a37c8fb1c9ec806b184a9c51,2021-08-21,heavyweight,1,0.389219960057747,2021
5d50a9759638e91e84f0b746,2021-08-21,lightweight,1,0.5611319532061808,2021
e2ebb569fa02a491387e1161,2021-08-21,welterweight,0,0.5228565932888355,2021
eb3d6a53fd969c07e9831cf1,2021-08-21,bantamweight,0,0.6752542048009839,2021
642d81d57681e847b5fde3c9,2021-08-21,lightweight,1,0.37526412780220214,2021
45a810ac99baec2dd4b54d7c,2021-08-21,light_heavyweight,0,0.25212675388920164,2021
0ed065dd12c23b6c9d895669,2021-08-28,middleweight,0,0.5891456387672068,2021
9f9acc55a8ab60ad174b6e11,2021-08-28,middleweight,1,0.4770668992194333,2021
81175b83703a04c9578b0ede,2021-08-28,middleweight,0,0.4770668992194333,2021
aff3ed6568a856a3854450e4,2021-08-28,light_heavyweight,0,0.47927437440146614,2021
ec627d0e52cb9efd5393d953,2021-08-28,featherweight,0,0.29383573291965354,2021
d6d68f11e8b1409123b81a91,2021-08-28,featherweight,0,0.5293637551897439,2021
bf631345d98ad2d5efa45637,2021-08-28,womens_flyweight,1,0.6831025072365088,2021
c64ba96ba3a2bbcd5352c69a,2021-08-28,welterweight,1,0.38148462546429573,2021
0e995a99c3637eda1e7fe1ab,2021-08-28,middleweight,0,0.6318738901033454,2021
036b6e057cbf7a551f641948,2021-08-28,bantamweight,0,0.18250960356595064,2021
323b248672e4ff7a5e608f9e,2021-08-28,bantamweight,0,0.4770668992194333,2021
7134f69560a4ddd941edb18e,2021-08-28,middleweight,1,0.5239773377663604,2021
848148a2658c8b26e59ce487,2021-09-04,welterweight,1,0.6001606999404905,2021
979ddbd47cfbfedab2b8467b,2021-09-04,middleweight,0,0.4273193031966647,2021
c2ec829bd718d445716f67fa,2021-09-04,middleweight,0,0.5330991729300679,2021
97be85a3e259ac669e1925e6,2021-09-04,bantamweight,0,0.19677241118209898,2021
ba157252f6db82d9ef9cbf91,2021-09-04,catch_weight,1,0.2356426918126373,2021
24c47b0c28d199c1ece9b21b,2021-09-04,light_heavyweight,0,0.6762573929721308,2021
ef38db4fa319c1d073e6809b,2021-09-04,womens_flyweight,1,0.4676380320842488,2021
f86ff3558c519c95d88ed2b0,2021-09-04,lightweight,0,0.6231238070993215,2021
e39ab69302a3a4acaa385b46,2021-09-04,heavyweight,0,0.37264003667797124,2021
21452c8ad7c8dfb85b7958bf,2021-09-18,light_heavyweight,1,0.4976202240083564,2021
889ae6f64e5ed194f4e9d57a,2021-09-18,womens_flyweight,0,0.43544183134896747,2021
1c6ed9f870c0d2d4f98638ea,2021-09-18,lightweight,0,0.19719436356413547,2021
2b42e0ee62b14d7f1ac91ecb,2021-09-18,womens_flyweight,0,0.49587057554886294,2021
30d2da816f66152c4db4ff93,2021-09-18,womens_flyweight,1,0.5328588844793385,2021
ba70d4bc1610e50610bc85f7,2021-09-18,welterweight,0,0.5708611579272663,2021
ed602daa65f0872d1ddab046,2021-09-18,light_heavyweight,0,0.4004126148422997,2021
50f8733c5af2c8bf7833a467,2021-09-18,middleweight,1,0.5936062700563726,2021
394cd08a2aa9c8a419957765,2021-09-18,light_heavyweight,0,0.37560547991791543,2021
193777961eacaedb105fe808,2021-09-18,bantamweight,0,0.24614124328112458,2021
7ab07f5868c762f3dce9e36f,2021-09-18,bantamweight,1,0.3437276233799364,2021
b7148a827199c4372ea4612c,2021-09-18,womens_bantamweight,1,0.43332628693525427,2021
0317bdc7071d3d9f20a0a566,2021-09-18,lightweight,0,0.4746893559534603,2021
947733852564801c14c15132,2021-09-25,featherweight,0,0.35679458616491516,2021
fc453d53cd9cfa9ea2181094,2021-09-25,middleweight,1,0.5832955616262372,2021
767276cd65a7bda83101b29a,2021-09-25,heavyweight,0,0.2965892525295995,2021
47acb1d6dee5fe4612753acf,2021-09-25,lightweight,1,0.43297633146647946,2021
7018a5372c82c8016ce4c305,2021-09-25,womens_flyweight,1,0.5722232158729796,2021
91bfc0bf09df44aba9658abd,2021-09-25,featherweight,1,0.5354409520814926,2021
37c022f2c4b458467443e0a5,2021-09-25,bantamweight,0,0.36028808505137266,2021
b413ac8b94e17d9fb59f2a9f,2021-09-25,welterweight,1,0.5372064895228976,2021
b36a08b76e552d0afc4cdbe4,2021-09-25,middleweight,1,0.295912409261123,2021
2d366fdf2a73af32527b7ab9,2021-09-25,womens_flyweight,0,0.2501068516247547,2021
efae3152488573da2f0e8669,2021-09-25,heavyweight,0,0.18802050670879997,2021
474e7b7412f9128323a6ee3c,2021-09-25,lightweight,1,0.12110130773719811,2021
4d3d35d9481430b2717e1dc0,2021-09-25,womens_flyweight,0,0.1585589246240787,2021
d7ff13529f7a31aa3fd66322,2021-10-02,bantamweight,0,0.16453190189056235,2021
958aeebbb028943f8b474351,2021-10-02,welterweight,0,0.538504734679895,2021
21dfa6f1ccdd361947c8ec5a,2021-10-02,lightweight,0,0.23217833413309402,2021
6d3f40f6d4381ce272c0a74b,2021-10-02,womens_flyweight,0,0.24461469526522117,2021
03178009a51da703270bd2b4,2021-10-02,womens_bantamweight,1,0.7871138902355423,2021
3537b39689d7dd5ae29a31d1,2021-10-02,lightweight,0,0.5604357732994526,2021
dff65f3a6f0298afa7bce7fc,2021-10-02,bantamweight,0,0.7089976705837117,2021
b9d93ed042c8eef56051609b,2021-10-02,lightweight,0,0.7217428816331604,2021
a2ed5d2192961f696e9f3cb5,2021-10-02,middleweight,0,0.4695978899116918,2021
a19ad67f1de8c89c051799ad,2021-10-02,womens_bantamweight,1,0.6224903380703034,2021
49ec1b7d30d14df34cde2e67,2021-10-02,light_heavyweight,1,0.3916764294704576,2021
69e9597fb43638f8229546fb,2021-10-09,heavyweight,1,0.6308646349983534,2021
a4f8f9cd16f04f65379846ce,2021-10-09,featherweight,1,0.5603240111712495,2021
679b8a681af1ea8df76c549c,2021-10-09,bantamweight,0,0.3119750488863541,2021
b693cc8733bc9b6adc490155,2021-10-09,womens_strawweight,1,0.691804317446125,2021
65eb8cbb47349f9a81d27e50,2021-10-09,womens_strawweight,1,0.5618662013758235,2021
968a08b5b350e76b63b11406,2021-10-09,welterweight,0,0.39640450550337225,2021
c66520110ef94f852e522af5,2021-10-09,womens_flyweight,0,0.6438205413643878,2021
2ab608b74126e2342d6abf67,2021-10-09,lightweight,1,0.5351235712183826,2021
35e27d0eed9850d71eef2219,2021-10-09,flyweight,0,0.3143234965066731,2021
05f9214d72c1cef7711a3eb5,2021-10-16,heavyweight,1,0.2857312179435122,2021
223893d41e07dc5cba8acd64,2021-10-16,middleweight,1,0.6104721610746069,2021
85743a2ebed3fb08b5acc751,2021-10-16,womens_featherweight,0,0.5071904485666167,2021
851cc8213082f5aa4029b1d8,2021-10-16,bantamweight,0,0.4028505107395224,2021
6c771843a2de0df6854e6234,2021-10-16,welterweight,0,0.6743797603750671,2021
7ec4f2ed29901e7f518e59da,2021-10-16,womens_strawweight,1,0.5305400036510011,2021
75e91a9b2071aabf06334e6f,2021-10-16,lightweight,1,0.7605915235813129,2021
b9ec4594020a9368d81a8a47,2021-10-16,womens_flyweight,0,0.6066975947524134,2021
83b2a1dfe625eba45f9fe0b4,2021-10-16,womens_flyweight,0,0.27448761959443463,2021
7e2515dfbd9e621b0263a272,2021-10-16,featherweight,0,0.7617149249262891,2021
abe8cc47f03ac58b02b7c95f,2021-10-23,featherweight,1,0.4601031729698613,2021
34754acf1c6eb5adb027b3e4,2021-10-23,welterweight,0,0.560329312049262,2021
2a878e40629fed0a310e0b0c,2021-10-23,middleweight,0,0.6496885939458945,2021
dd60dff39adefccc680c4313,2021-10-23,flyweight,1,0.5741881853093901,2021
2fb719a1e5e0607e47554e4a,2021-10-23,womens_bantamweight,0,0.6487191697428099,2021
5d85a2f11fdb5bd41dff2dd3,2021-10-23,bantamweight,1,0.6423282425403419,2021
f60ed0d525f53da9f318bc43,2021-10-23,middleweight,0,0.3768277895084221,2021
4f68242759113783714f4450,2021-10-23,lightweight,1,0.6058750827246484,2021
c589ea31720af460013a699b,2021-10-23,womens_strawweight,0,0.5951970899781651,2021
a8902ba72d4e5d289caa1fbd,2021-10-23,lightweight,1,0.5987433737584524,2021
19b013dcff6f9c597376a765,2021-10-23,light_heavyweight,1,0.7773042950572588,2021
41bdb938fef185e8ac424fb8,2021-10-23,light_heavyweight,1,0.7319452429574254,2021
181fe229210ebc0890d81133,2021-10-23,womens_strawweight,1,0.3942338436440358,2021
f8031426c728a047582f816b,2021-10-30,middleweight,1,0.3718440941308831,2021
b2390e3878dea3ac297006fd,2021-10-30,heavyweight,1,0.6071405077881098,2021
faf76162b47b80dad8f43727,2021-10-30,womens_strawweight,1,0.6344203998436275,2021
ea01307e17f5d9d2ae50e47a,2021-10-30,welterweight,0,0.220048434004832,2021
ee313392ed6e4ab1c9ceea78,2021-10-30,middleweight,1,0.729329013293957,2021
82a15dc2358e1868399b644b,2021-10-30,lightweight,1,0.6853203792779017,2021
e9bc05614cd6cd3f89fd76ea,2021-10-30,light_heavyweight,1,0.31152243360563,2021
3a77a8f67a2ec16505bae0ef,2021-10-30,welterweight,0,0.29612821376445664,2021
dcdf4bf3562857781eb17181,2021-10-30,light_heavyweight,1,0.6442767737298447,2021
d9465c9e6c4e4f9160831db3,2021-10-30,featherweight,0,0.3466830700684586,2021
bfa3ac1e602529401051e936,2021-10-30,bantamweight,0,0.4336106929822982,2021
243a6d2ea06e822417f703e4,2021-10-30,featherweight,1,0.41991095660152367,2021
5fc60133e539e2c0c7530ce7,2021-10-30,light_heavyweight,0,0.445119089774971,2021
71a1ce754a0d5c295b38d6ad,2021-10-30,flyweight,1,0.5877419343750623,2021
feba7692e9ec00fc3f868095,2021-11-06,lightweight,0,0.5297919496988076,2021
920ccd9a5d510535cd3692d3,2021-11-06,middleweight,1,0.5126207437547918,2021
10daa6ca09d264f8b7a2893a,2021-11-06,flyweight,1,0.49535206630760764,2021
e9b6f10c97adf96e4e554cc5,2021-11-06,light_heavyweight,1,0.5164500473988362,2021
0e30995a9aa64204088d1709,2021-11-06,middleweight,0,0.5168182453811845,2021
25b357bcb1a6646fa18598ef,2021-11-06,bantamweight,0,0.3854724634696604,2021
b0256b7f301cabc76e6204a7,2021-11-06,heavyweight,0,0.6026581696565377,2021
8480a1caaf0cfb57c9e5fdf8,2021-11-06,welterweight,0,0.44627705821539004,2021
d88311609f9c79db410e7e7f,2021-11-06,lightweight,1,0.6332011069611188,2021
16299a61153a379aa621129d,2021-11-06,welterweight,1,0.7595061286729953,2021
bf1435ed5ca5a3918c669450,2021-11-06,featherweight,0,0.37397745155967427,2021
a93768c61a4ee022e03f794a,2021-11-06,middleweight,1,0.30162203576796914,2021
81d3f9751c8bc9bd3e0662f1,2021-11-06,womens_strawweight,1,0.6367610055375708,2021
b0c67496eb05d9210c671511,2021-11-06,featherweight,1,0.5052807764105571,2021
949db9181591a44d3ae970eb,2021-11-13,heavyweight,0,0.4937722735457771,2021
89ef0e35ce5ec74836288f7e,2021-11-13,womens_flyweight,0,0.4346305022764522,2021
c212308191927936a67ad305,2021-11-13,womens_flyweight,0,0.5526144274221837,2021
8797bee1f200128ccd5ee671,2021-11-13,womens_featherweight,1,0.49662004370195717,2021
2a193240a3ef708a55d33473,2021-11-13,light_heavyweight,0,0.4047970458663925,2021
5bc0f36c0ff5a8dbb0b2fa0b,2021-11-13,lightweight,0,0.4174768526059225,2021
e2e00765ed6f4ef0e3cf26ea,2021-11-13,featherweight,0,0.3642207563246226,2021
4ff1b5494b02c884c647e48d,2021-11-13,welterweight,0,0.4915550322612626,2021
422d4b195157b17048d3578c,2021-11-13,featherweight,0,0.39680971594550346,2021
796ec7042f87631266057606,2021-11-13,bantamweight,0,0.22300774297313325,2021
7200ae576f27dfe33d808be9,2021-11-13,lightweight,0,0.7034270128624819,2021
2b9f75df7adfc64073e39234,2021-11-20,flyweight,0,0.2379485645888081,2021
ea47fd95680fd40e63662844,2021-11-20,bantamweight,1,0.7440420588685551,2021
955de39b09cc63ac1016eb55,2021-11-20,womens_flyweight,0,0.4384256892610105,2021
c3392d5ce8b0f7cc39849ea5,2021-11-20,womens_bantamweight,1,0.5749894207227821,2021
886b35ce27e0dbfb4ffa65b1,2021-11-20,womens_strawweight,0,0.47211328634293437,2021
02b2074a853937d576367380,2021-11-20,womens_strawweight,0,0.29967245649463836,2021
c8b8e8a3970f3b7e64b5d37a,2021-11-20,welterweight,1,0.5041473109798623,2021
e5d94690a4a67d6c1acbeec9,2021-11-20,featherweight,1,0.41217489431860904,2021
b456d5fbc84ec67adfb965e1,2021-11-20,lightweight,1,0.6591197236628477,2021
2fe0e26b551c93e2cdfc10ae,2021-11-20,bantamweight,0,0.5400191442443633,2021
3c53f6a604af1ebde04927af,2021-11-20,featherweight,1,0.4027108940763113,2021
226ce750c662215efe521657,2021-12-04,welterweight,1,0.6409247550010623,2021
f86d296f6d7d0c47ff000083,2021-12-04,light_heavyweight,0,0.5826735474771308,2021
2a0cb1a7ac7387052927df0a,2021-12-04,lightweight,1,0.4723298188481965,2021
73875ab95fc90e65ed3daa4b,2021-12-04,middleweight,0,0.7829960175782537,2021
7d6c4908269ce22c76a5bf6f,2021-12-04,welterweight,1,0.6326335182889264,2021
8ee79a7798d17ee7e0e747e8,2021-12-04,womens_strawweight,0,0.4101916210067351,2021
384b21ca73c1b32e325cb539,2021-12-04,lightweight,1,0.7144609372083622,2021
4307344dfcf8272d6832851b,2021-12-04,lightweight,1,0.3162199327777932,2021
dcf02508a91496610861f3cd,2021-12-04,light_heavyweight,0,0.5298816343884628,2021
68951def6fd1fe3b617a2a78,2021-12-04,bantamweight,1,0.4776011614332802,2021
e88409e5199e7f4ec93cd5c3,2021-12-04,middleweight,0,0.43391433398515594,2021
51f23bd45fcb1ce3757cd2ac,2021-12-04,flyweight,0,0.32283513657455065,2021
24bfa926f53e850e1895df92,2021-12-04,bantamweight,1,0.4694235401492096,2021
b24994b03c0c6d0628dcb5f9,2021-12-11,womens_bantamweight,0,0.8227211602763869,2021
977f1d7a994d29e9c5ddb2e8,2021-12-11,middleweight,0,0.3768736043791172,2021
3d1de970a2cf4b319b4c6692,2021-12-11,heavyweight,1,0.4846835702348152,2021
f6cf5b0962a53fff711a1736,2021-12-11,lightweight,0,0.46135280190509464,2021
362ded9378ae33d6df9ab0db,2021-12-11,welterweight,1,0.55418390201943,2021
659800e49c983b90b1532269,2021-12-11,womens_flyweight,1,0.739379279590045,2021
5d9fa69369301a12d9df127f,2021-12-11,middleweight,0,0.3106860267193104,2021
7f29861d529a3539870a709a,2021-12-11,featherweight,0,0.6874946191101616,2021
134497c23d1a4822c4629299,2021-12-11,flyweight,1,0.4238664440601151,2021
71350b718af2d753556e708b,2021-12-11,womens_flyweight,0,0.5537399709537827,2021
a66c555eb560ade1333c57d1,2021-12-11,bantamweight,0,0.36545509108274027,2021
9f6cc54787f0d18509556ebb,2021-12-11,bantamweight,0,0.7378381461164083,2021
f98dfffa944a6f9adc6c85de,2021-12-11,bantamweight,1,0.7533635551231234,2021
7113c70ef552d4c9dbc57658,2021-12-11,featherweight,0,0.5550013885125707,2021
8e8924f709322a82ecacc60f,2021-12-18,womens_strawweight,1,0.6732938524975071,2021
82f44b2371ac1940213fab72,2021-12-18,featherweight,0,0.3510834329106113,2021
8ab8d29bee172464a056b759,2021-12-18,featherweight,1,0.552483998090997,2021
13aaf98af49e0e06517a3cdf,2021-12-18,heavyweight,1,0.39902509923796786,2021
9012e4d57365a687d63decab,2021-12-18,lightweight,0,0.35075549936452705,2021
57db8b42042306ccb55cc279,2021-12-18,heavyweight,1,0.45554057777797585,2021
6a6de675461536fac3479406,2021-12-18,middleweight,1,0.6074189744908409,2021
ff80eefba644b7bddd785a3e,2021-12-18,lightweight,0,0.43649381806865367,2021
7d13cbda8ae96a92482d1526,2021-12-18,heavyweight,0,0.18195479595506317,2021
60f48f8ffdb45557c4561d0a,2021-12-18,bantamweight,1,0.7919808962472613,2021
5dc086998ae75bc0d851ceda,2021-12-18,womens_featherweight,0,0.5567903175733907,2021
5577100fdcc775b07433f1b2,2021-12-18,womens_flyweight,1,0.5895868315924949,2021
1df0129cb041d9c977faddd7,2021-12-18,welterweight,0,0.41395947581534903,2021
881ea0620bb309ae02591096,2022-01-15,featherweight,0,0.47698041842435196,2022
299816fff28d6ce721fabf71,2022-01-15,flyweight,1,0.5890895905876337,2022
caaf36c1c3755cb12f5893eb,2022-01-15,featherweight,1,0.5580508145466084,2022
889cc985afcb06e617eda61a,2022-01-15,featherweight,0,0.7256975841178558,2022
6390092375396a3f925baf1e,2022-01-15,welterweight,0,0.5387950590708969,2022
ebaff87fa2549b3b83d61772,2022-01-15,lightweight,1,0.4579397103577482,2022
8b9c5af00e072a39cb6e2a7a,2022-01-15,heavyweight,0,0.4654532163655851,2022
f72950530e203bc6f352bf55,2022-01-15,middleweight,1,0.47806752522712803,2022
2d6c4dc57a1961ef40816f56,2022-01-15,womens_flyweight,0,0.3200167665999754,2022
c77316be700ef6effbca89df,2022-01-15,lightweight,1,0.5590123640018931,2022
8eea8daed7a521ab1426cfe0,2022-01-22,flyweight,1,0.33636693159501074,2022
cc260ab6f2dcacb734b6e2ea,2022-01-22,bantamweight,1,0.5025573385156294,2022
10040856fbf145522cf8cf94,2022-01-22,heavyweight,0,0.7049442806213552,2022
dddd15fae61d06522710056a,2022-01-22,welterweight,0,0.4925061682312393,2022
08046d48d6a4eb8737a3b825,2022-01-22,womens_flyweight,0,0.6762453947667235,2022
8b50626d4d84c3aa45d15a54,2022-01-22,lightweight,0,0.43229694250207623,2022
de14551f8d21580fa8596ef6,2022-01-22,welterweight,0,0.7193624764078105,2022
de8ba4acaa432c191891b7af,2022-01-22,welterweight,1,0.7153057072147655,2022
ec8bb730f1d208b6374ecd80,2022-01-22,bantamweight,1,0.23746826712931643,2022
fcbbd7bc5f35efaf8450ad3c,2022-01-22,womens_strawweight,1,0.7017365112506136,2022
98122fe1742fdd5100be2839,2022-01-22,bantamweight,1,0.6866787635766132,2022
6ddb3676f4a7c26e86f9b228,2022-02-05,womens_bantamweight,0,0.5627215090364245,2022
0272a89c05fdfaa2990c60a4,2022-02-05,middleweight,0,0.657879368905089,2022
0e91e69c628ca4308127c75d,2022-02-05,featherweight,1,0.5942225539643109,2022
509c5eeb2b44572ce95c4735,2022-02-05,middleweight,0,0.32064931639289423,2022
62bd1e7c1b554cf0ae6a45ec,2022-02-05,light_heavyweight,0,0.677728117623593,2022
8bcc740a724dc791e5db5130,2022-02-05,welterweight,1,0.38080087631318504,2022
1c899e0a6dcb00a341edeaea,2022-02-05,featherweight,0,0.5149749802609292,2022
90b3e133f1e2802dc88d0786,2022-02-05,flyweight,0,0.4787517929602225,2022
10e50c9169649dc909f1e474,2022-02-05,bantamweight,1,0.28823743805624796,2022
1d5256e991b31002be9b6431,2022-02-05,middleweight,0,0.4289643606185103,2022
6b2eb716c19a21cbe060c8e0,2022-02-05,light_heavyweight,1,0.7525258416243356,2022
d139ab9b5859db7ac6fac52c,2022-02-05,welterweight,0,0.32480592983762596,2022
16e2466bf12ade10d76a1eda,2022-02-05,middleweight,1,0.5047223270642671,2022
78785ae4443a05ddc0bb103f,2022-02-12,middleweight,0,0.34595141187028156,2022
90d1c538c65bf733ee1afd05,2022-02-12,lightweight,0,0.49472237895448234,2022
2715ae1c5ecb134385026391,2022-02-12,heavyweight,1,0.37200015081273013,2022
ebf653201e47f988f8939597,2022-02-12,light_heavyweight,1,0.6603163808424288,2022
1a6b5820ddd6159cefd853a9,2022-02-12,heavyweight,0,0.5558504267285903,2022
84e02aa57d1cc6af09fd93aa,2022-02-12,bantamweight,0,0.6302558666514096,2022
f6bbc41b4218274211e225dd,2022-02-12,middleweight,1,0.6377638528027262,2022
7d1b32a9d4d917e6275675bf,2022-02-12,middleweight,1,0.3353554304312714,2022
b43ee87245d800862af774b9,2022-02-12,welterweight,1,0.6408827468266147,2022
d69376c1ea693c430e1f0818,2022-02-12,lightweight,0,0.6002756131338177,2022
1f61d0ee3ab6febfeb923aaf,2022-02-12,bantamweight,1,0.8362550914381439,2022
6cd1aef6194b33b28b3f5cc2,2022-02-12,bantamweight,1,0.6792506370093437,2022
f332f3a05dc03a803776a9b5,2022-02-12,womens_flyweight,0,0.16265257791448887,2022
9b4c38da301541ccd18bf9f9,2022-02-12,heavyweight,0,0.6137682646597444,2022
e037496750d4a80f908de5f4,2022-02-19,bantamweight,0,0.5907971904122332,2022
05f71a10c41ce6a5c3587bc5,2022-02-19,featherweight,1,0.7929454971361997,2022
62712c070cfa71b63ee554b0,2022-02-19,womens_strawweight,1,0.5093115076304985,2022
83eb5904775e936959d6d016,2022-02-19,featherweight,1,0.41301579161960483,2022
e3a18f940a8ab9d972aa4639,2022-02-19,womens_bantamweight,0,0.47331987820122895,2022
541220a08c84c482c971b01b,2022-02-19,lightweight,1,0.4030490544431991,2022
ba606d161dd1c5f504f8c984,2022-02-19,middleweight,0,0.3879179899090478,2022
0f1eb9c25283cba2a7cd007d,2022-02-19,light_heavyweight,0,0.592281606762015,2022
774771f5b5f0f8d5af90fd20,2022-02-19,featherweight,0,0.31753855484950944,2022
7085b77b6e0023c3296b8cf6,2022-02-19,catch_weight,0,0.41776693183502894,2022
8c1cb182501b4ff4c557a4f7,2022-02-19,bantamweight,1,0.5981272422451743,2022
e0eeff5374ca589d7b5f7626,2022-02-19,heavyweight,0,0.27167295427796406,2022
0bf431efc2c9170850a83b3f,2022-02-26,featherweight,0,0.3836083623767281,2022
338700b1b79beb6242e882f3,2022-02-26,lightweight,1,0.7396529765221639,2022
21ab4fa36f44cfe6814659de,2022-02-26,middleweight,0,0.7539112095789324,2022
e9955a213c246dc76802a534,2022-02-26,catch_weight,0,0.18997663732994688,2022
755b2c5ef7b44148e45d06f8,2022-02-26,womens_flyweight,1,0.3766879216428753,2022
c9e3bc4ea58df6235765f2e0,2022-02-26,womens_featherweight,0,0.36271278175226007,2022
8c15089f0431ebf57fba0b25,2022-02-26,middleweight,0,0.5532606789892496,2022
7b8dd4825672e5c71feb365f,2022-02-26,welterweight,1,0.501103676211908,2022
115cd12c43c7ca9a98a34354,2022-02-26,lightweight,1,0.5421141528872124,2022
ad3d758504e40f089358d0cc,2022-02-26,lightweight,0,0.6458666446744346,2022
09803872173680a4e5a486f2,2022-02-26,flyweight,1,0.4925323315933455,2022
8cab78badf4b3f9f94431dcb,2022-03-05,featherweight,0,0.2267479868846104,2022
eb2dea2335dc1879ca29907d,2022-03-05,welterweight,1,0.6476820024953598,2022
59e88ba1af2fe8e1830220bd,2022-03-05,lightweight,0,0.46359972993833665,2022
c66c7054afb057dd78aa0f05,2022-03-05,light_heavyweight,1,0.4890856333932549,2022
76eb17111d5981c71736b835,2022-03-05,featherweight,0,0.2500938969618797,2022
054327f45b8b36f1c6c59bd8,2022-03-05,lightweight,0,0.4791450282157871,2022
fe7ff91782693e8c97668462,2022-03-05,welterweight,0,0.23297375352158514,2022
191f8590132dd622386f8dcb,2022-03-05,womens_strawweight,1,0.6552879182356118,2022
62773007de975caae0e7403f,2022-03-05,womens_flyweight,1,0.3597706298489506,2022
ef873da872c2b8ddc6d7f482,2022-03-05,light_heavyweight,0,0.6180418342178553,2022
0e0ef94c36f8e8a6f0d81303,2022-03-05,catch_weight,1,0.3155433968948574,2022
8b16bf8119b7a1889e14425c,2022-03-05,heavyweight,0,0.37568267509604647,2022
8453f158995aa5825267e0fe,2022-03-05,flyweight,0,0.6686591661631756,2022
4274a5bfdeeb6b92088e770d,2022-03-12,middleweight,1,0.39005943914913027,2022
a62677dbc6c31338dbfa9ffe,2022-03-12,middleweight,1,0.6537939679739027,2022
53cf6639d25754d424f290c6,2022-03-12,featherweight,0,0.6422280893695571,2022
223c6e3695dc91fe55816b32,2022-03-12,lightweight,0,0.5744795294862117,2022
6ec545d9b947c7840a6a9e2b,2022-03-12,womens_flyweight,1,0.4841548119541602,2022
b80204d233e23b377832e77e,2022-03-12,light_heavyweight,0,0.581619986561065,2022
8f6f6a38f9345a057af6dcdd,2022-03-12,bantamweight,0,0.3894622170881333,2022
4996c44f91f2861f4fab29a5,2022-03-12,bantamweight,0,0.18946566976996207,2022
15a96087e7d45aef123c2813,2022-03-12,welterweight,1,0.6382422053697208,2022
d51c5ce12e0b4950d5498e4f,2022-03-12,womens_flyweight,0,0.45162253177736156,2022
2eb0a77e45cae384dd8ee69a,2022-03-12,featherweight,0,0.34079424744774806,2022
ff820a222c111a32a86bd816,2022-03-12,light_heavyweight,1,0.2438243948942207,2022
d4e5897b395921bd30941f44,2022-03-12,light_heavyweight,1,0.6441560550243907,2022
c362815404c96b0fa3c1d79c,2022-03-12,bantamweight,1,0.38955611656418515,2022
ddb23a0f0b02cab6843a40b2,2022-03-19,heavyweight,1,0.49689044812517075,2022
fed3a50fd626de20bc9ddd39,2022-03-19,featherweight,1,0.6170584014497957,2022
0edcadeec8b119ec0a8e22e5,2022-03-19,womens_strawweight,0,0.6004685792860451,2022
90db3390059fe0b1ae095e2d,2022-03-19,welterweight,1,0.6265434271963627,2022
18453b23edda3fa1d9952968,2022-03-19,bantamweight,0,0.3018429137439885,2022
9ae7ce42c6960b736e0efa95,2022-03-19,lightweight,0,0.206035964493908,2022
606a3226edc45b339470c15a,2022-03-19,featherweight,1,0.6750133546863668,2022
8438c52b0f5b6abb1524eb73,2022-03-19,womens_flyweight,1,0.3501158243543358,2022
e44f8d6c21499f7ee69f7413,2022-03-19,flyweight,1,0.34876396963879297,2022
b0c27e0a67c2921f706c7982,2022-03-19,light_heavyweight,1,0.4309066094778932,2022
50519ade549a1f6ba3ecdb0f,2022-03-19,lightweight,1,0.47669827489175615,2022
1855e62e711e7cb90db8c57f,2022-03-19,heavyweight,0,0.27256822856116614,2022
d1bfaf3217d92836ca7666c4,2022-03-26,middleweight,0,0.4925061682312393,2022
ef9aa738f67fd68f2ca5af2f,2022-03-26,flyweight,0,0.589183779999484,2022
301dfd58acfdd68cb9065d69,2022-03-26,bantamweight,1,0.666814765829096,2022
351b3e350230c6b88f88f552,2022-03-26,heavyweight,0,0.2825716923374109,2022
7d5f589e73ee039bd2697e09,2022-03-26,womens_flyweight,0,0.42122392065656084,2022
2d86be1fe2a9c74ea1d1a00e,2022-03-26,womens_flyweight,1,0.46750266532946233,2022
2569c71203392ff1e1f14af3,2022-03-26,featherweight,1,0.5279073604279823,2022
41c6e7756509299ae12c897f,2022-03-26,lightweight,1,0.5877248475381649,2022
2d2fb7e95f4e7d64dacc585f,2022-03-26,flyweight,1,0.5186271619031039,2022
87d4157a7c6058179c54bd39,2022-03-26,welterweight,0,0.41730058076272586,2022
e9351c7db8c8562852add0bf,2022-03-26,welterweight,1,0.730486265213006,2022
7af5d59b89e6c62ef7902cfe,2022-03-26,womens_bantamweight,0,0.8022463496013409,2022
6a456265c9a0a54a45727866,2022-04-09,heavyweight,0,0.6049579169051303,2022
9b4d0aeae28ca6a7651e18c3,2022-04-09,featherweight,1,0.7255929444808437,2022
d59489d2219b8acf65c14d10,2022-04-09,bantamweight,0,0.622408558327422,2022
dcc78c9b5027cc486808530b,2022-04-09,middleweight,1,0.6208156121768272,2022
10a507567f7c574bab053aba,2022-04-09,womens_bantamweight,1,0.5420376587107482,2022
54dbd0ff791fe50de3635eda,2022-04-09,welterweight,1,0.7663377065648441,2022
8d6783bbc0f9d2bd2d4c0534,2022-04-09,welterweight,0,0.570517526614168,2022
e4d38da609f2296f44f8e0f3,2022-04-09,bantamweight,1,0.6138911176245532,2022
395fac7e1cb89c9f48542548,2022-04-09,womens_strawweight,0,0.5257570988372754,2022
c717778925b8d05d09226a63,2022-04-09,welterweight,0,0.6259306294559412,2022
c8c932d20a23d93083cd5153,2022-04-09,womens_strawweight,1,0.3912007977092956,2022
5210e8a6bd51cdb8a3be4742,2022-04-09,lightweight,1,0.5617432730432252,2022
ab6c1f1d7010971c355e465c,2022-04-16,bantamweight,0,0.5357851174140047,2022
4e19d3624ce2f192fda3e87e,2022-04-16,middleweight,0,0.4925061682312393,2022
63a7508bcd39ffb177568395,2022-04-16,heavyweight,0,0.5075317806157749,2022
a3b791cf3770be81a7311fc4,2022-04-16,heavyweight,0,0.48408615643819464,2022
433dbc801627a6d385c7ad09,2022-04-16,lightweight,1,0.6966016428472352,2022
f700791a20e6fde6268982b3,2022-04-16,womens_strawweight,0,0.5240116821263718,2022
163a51708b615100cf2aba52,2022-04-16,lightweight,0,0.3285828603864704,2022
a2e535212cb0109c16e03dcd,2022-04-16,womens_bantamweight,0,0.22664007319355448,2022
069de3205d6c699d7be551aa,2022-04-16,womens_bantamweight,0,0.49201917387339755,2022
9c7629f898574d7d259de1e2,2022-04-16,welterweight,1,0.30490354625219784,2022
48857655a69cc90c77030d9a,2022-04-16,welterweight,0,0.38135801795925767,2022
e9eef12674e72868f84a57a0,2022-04-16,featherweight,0,0.10826994038169092,2022
a2af6edea9fea96f3d6b4f3f,2022-04-16,lightweight,1,0.6303247605328814,2022
de09e08f6c57358e9c22f9b4,2022-04-16,welterweight,1,0.5522693283136747,2022
48e6102e4d53ecae10721bf6,2022-04-23,womens_strawweight,1,0.5591605542894063,2022
9b932197b1fb2a26a1208177,2022-04-23,bantamweight,1,0.6824455508502376,2022
06669d51b0a57a8f66b216d9,2022-04-23,lightweight,0,0.15587084361459788,2022
692efc69390867723a995b60,2022-04-23,welterweight,1,0.440957803027802,2022
c85d55bcecdce0caae48f32d,2022-04-23,welterweight,0,0.4020842371571343,2022
877e43ee92b6e92fe379f031,2022-04-23,catch_weight,0,0.47317603467903213,2022
4d8474d6d776dc1f62fe315b,2022-04-23,featherweight,0,0.3696740017683812,2022
711d9ff3483b66cb33e6fb1a,2022-04-23,light_heavyweight,1,0.5497223802753822,2022
2b3e69ba4ea58a394404b393,2022-04-23,womens_flyweight,1,0.5475236988301524,2022
c89f90b1b4c3c2b9606febb2,2022-04-23,welterweight,0,0.48920759043819856,2022
213b698eaacabc90d39c3618,2022-04-23,light_heavyweight,0,0.14924911777623456,2022
2dbdb35090901cb11cdd7d38,2022-04-30,heavyweight,0,0.2309337740733959,2022
aed8ef16b30b6d218c63f47c,2022-04-30,featherweight,1,0.48115409660217573,2022
fcc9d5a0cfe4deba917371fb,2022-04-30,heavyweight,1,0.3972520709200619,2022
9ec02b95cb264245c08bd1c3,2022-04-30,flyweight,0,0.36824248437606283,2022
566ee83c01c427d616e79cb3,2022-04-30,featherweight,1,0.5080676798330627,2022
312ba0118051211ffa424bb3,2022-04-30,welterweight,1,0.48373307140478244,2022
bd90e67407043275cc350cb5,2022-04-30,womens_flyweight,0,0.5449819121599047,2022
9932564c59fd0493d46f20f7,2022-04-30,lightweight,0,0.3078740992215804,2022
ccbcefc2a02e49bf307142df,2022-04-30,middleweight,1,0.5640958502892819,2022
59e0827ca63295b63cd6a91a,2022-04-30,lightweight,0,0.2717314691642056,2022
4e359c108544d2c8759d97d6,2022-04-30,bantamweight,1,0.5368083722471377,2022
e83c43a20c4efdef6b675240,2022-05-07,welterweight,0,0.38038713145860675,2022
c3f4eb06b7985fd64caa1c2a,2022-05-07,womens_strawweight,1,0.6312601203263011,2022
27a25d6c4438938f3521b32a,2022-05-07,heavyweight,0,0.5408573088061653,2022
f9ad67246c83a9f959594eb4,2022-05-07,flyweight,0,0.391484655586879,2022
68ecc0f643b3d96f33c5ea9d,2022-05-07,lightweight,1,0.674651222767664,2022
54d66068ae43906aa7a9cf26,2022-05-07,welterweight,0,0.5568975646292776,2022
a295f10a5980bdb7db934877,2022-05-07,bantamweight,1,0.5155873699210243,2022
57499631d3bdce3f6fc81243,2022-05-07,flyweight,0,0.4437902277882626,2022
65626c902a390cc627f7be7e,2022-05-07,womens_featherweight,0,0.5937444142120847,2022
d31f108ad033cadad0d1f468,2022-05-07,light_heavyweight,1,0.44545853617877,2022
cdb998abfa18ccf9f27af3b6,2022-05-07,lightweight,0,0.573753253639096,2022
709d13b3d0f6930bb797146f,2022-05-07,welterweight,1,0.4077186709600064,2022
e513925b16ccc7cf2bc93298,2022-05-07,womens_strawweight,1,0.3360670389614764,2022
cc6e0ffb423d24fff180d8c1,2022-05-07,womens_flyweight,1,0.43278091820871484,2022
e80cfbe7751b8e42d0e37d81,2022-05-14,bantamweight,1,0.4696603638779714,2022
d21ed7987834436d79762e16,2022-05-14,lightweight,1,0.620523288991528,2022
4987dc6f22514fa13327d770,2022-05-14,flyweight,1,0.6903870487869501,2022
ec3db7fb69fd747f19d2772f,2022-05-14,light_heavyweight,1,0.43643949086075806,2022
3a7bcb7089d6096f13b7cd48,2022-05-14,womens_flyweight,0,0.4027165886776074,2022
cb4c231ddb365e4a24ca3af4,2022-05-14,lightweight,0,0.4866453874293342,2022
95e847d3cc4c6bcbd6043bc2,2022-05-14,middleweight,1,0.4085750705761064,2022
db6d572d7fc3c8ad496fe6e9,2022-05-14,light_heavyweight,1,0.4748288161550492,2022
d0dd5444e56544c7c7529281,2022-05-14,flyweight,1,0.6615556001011407,2022
6b6cce875a6e865322f23a66,2022-05-14,womens_strawweight,0,0.37583867116112823,2022
da1f5ebe1db19397cf95fdcf,2022-05-14,womens_flyweight,1,0.4233741152631414,2022
a909d174db8b4390ae3774cf,2022-05-21,featherweight,1,0.6223156460181656,2022
9101fa72d85c818841ee1d9b,2022-05-21,middleweight,1,0.4732446003721619,2022
b2a463b8b2afe1453190b2a1,2022-05-21,womens_strawweight,0,0.5484965178141108,2022
383bc526c4fd50b1ff054c67,2022-05-21,middleweight,0,0.5292465712740014,2022
45ca004338ad389c7e7dfbd2,2022-05-21,womens_bantamweight,1,0.5559888672805042,2022
3f379cb193e0300c1aa1f821,2022-05-21,heavyweight,1,0.7826364806027589,2022
2613b85681482b84539b6f00,2022-05-21,bantamweight,0,0.2501870687346852,2022
765486e120840e8df1d10183,2022-05-21,middleweight,1,0.6301486431160467,2022
40240f9f36602a2870ec2baa,2022-05-21,lightweight,1,0.6070683322882117,2022
da790c4bab3aeacba933229a,2022-05-21,womens_strawweight,1,0.45968214760812703,2022
e2c480e4c1e2f0c1546d5d77,2022-05-21,welterweight,0,0.46715009887961567,2022
d22c42254e29e2ec340e1418,2022-06-04,heavyweight,0,0.37179136586821737,2022
7d2d589ab3a24ccbec850331,2022-06-04,light_heavyweight,1,0.7022450304592524,2022
b5fef85ad8722e2c173f1f31,2022-06-04,featherweight,1,0.724605332264078,2022
f9fbead95e311fc0ea7c84ee,2022-06-04,featherweight,1,0.6601051370316312,2022
23a75d6e26246f3fadb396da,2022-06-04,womens_flyweight,0,0.45045196994443215,2022
65042c1a280902886dc6dd26,2022-06-04,womens_strawweight,1,0.4933518582337741,2022
c65a22b110cef6fbb2125d34,2022-06-04,flyweight,0,0.2192194365575206,2022
8ce12f6034150468696c1404,2022-06-04,lightweight,0,0.3753885934225957,2022
5445242c5438b4603f99e089,2022-06-04,bantamweight,0,0.41668063294756563,2022
d14d68587e692687da0d3f24,2022-06-04,womens_flyweight,0,0.48712624159734463,2022
e663e56b52a832ad0691ca69,2022-06-04,featherweight,0,0.5772410048666625,2022
48c473af66656aa65786f4e1,2022-06-04,lightweight,0,0.4337153079715329,2022
1879d9ea46bd3c6332543b68,2022-06-04,flyweight,0,0.628216698690794,2022
b2038bb6ca99f8b0ed7255c7,2022-06-04,welterweight,1,0.5383865250329727,2022
e49e62b538c8335689613162,2022-06-11,welterweight,1,0.645794382324204,2022
065e1f6ee6a773ecb89f7d12,2022-06-11,middleweight,0,0.4638735411094359,2022
fb821412f370884401d35139,2022-06-11,light_heavyweight,0,0.46820327450747606,2022
1e545d34ef5e99a2aabb7d44,2022-06-11,welterweight,0,0.5162314343025325,2022
1991007feecb43a26b0eb7c6,2022-06-11,bantamweight,0,0.4403774524149006,2022
4bdcffba7b815f20f7f0c0cf,2022-06-11,womens_strawweight,0,0.4949986964693936,2022
e257df6df9aae0de1ae83c76,2022-06-11,lightweight,0,0.6177875960699801,2022
acf90527fde3048d8876a70a,2022-06-11,womens_featherweight,1,0.4880141705923201,2022
940b51f448bcff3babf27a3c,2022-06-11,featherweight,1,0.5268897610794662,2022
bd4b807ebad4ce66420cb1f8,2022-06-11,womens_flyweight,0,0.2715425962298806,2022
d41039f9c98e4cd3418f2f02,2022-06-11,womens_strawweight,0,0.5538982968577745,2022
69d6707f40dbdd247de83d25,2022-06-18,bantamweight,1,0.7835432437930564,2022
b2afb64bd777a942b65dbb5a,2022-06-18,featherweight,1,0.471561497202223,2022
bc67a856832a4900d2384ba4,2022-06-18,welterweight,1,0.6188882300282472,2022
4a4060d03f813216114e4968,2022-06-18,lightweight,0,0.359357793962465,2022
2280acaef1bd4f8d94bf22f2,2022-06-18,bantamweight,1,0.8103397822572783,2022
ef1c81da42f18212117eb7db,2022-06-18,womens_flyweight,0,0.48784221470193323,2022
b8b37ab0d685d69a80b80bfb,2022-06-18,middleweight,1,0.5400055005170871,2022
c8bce7a0cd5b64400d6ce30d,2022-06-18,middleweight,0,0.46666269742270916,2022
34eacc018777cf756f0a9bc0,2022-06-18,womens_strawweight,0,0.522435395385127,2022
61b4b53d06936ba0aa98113d,2022-06-18,middleweight,1,0.655299034524713,2022
2cfd9a8c1b61856144ef594b,2022-06-18,featherweight,1,0.749913894425042,2022
5bdb3da39bb6e719e9fc0618,2022-06-18,middleweight,0,0.48745840846949506,2022
68df60a85737373fc82b19b1,2022-06-18,welterweight,0,0.179655940165341,2022
2fbfe695974365c0c5f85fc8,2022-06-25,lightweight,1,0.3192894031364558,2022
6458152c222f4906571bcde7,2022-06-25,bantamweight,0,0.34981051986978434,2022
2ecd2eed9d2962188ecb5689,2022-06-25,light_heavyweight,1,0.3883433788401523,2022
818221d71c181b39140c5074,2022-06-25,middleweight,0,0.4767899177342306,2022
35e5e8e703d00edf360a6043,2022-06-25,heavyweight,1,0.39101517241257727,2022
dbd552c2d7e341649622ee23,2022-06-25,flyweight,0,0.49089628241752237,2022
d3ae12666b9f9a68eead2751,2022-06-25,bantamweight,0,0.17865165087702278,2022
e4ea35454ee62c778fa3f4a6,2022-06-25,welterweight,1,0.5345772662819148,2022
b21c9e5ff089ca9195054ac3,2022-06-25,bantamweight,0,0.6060032603644409,2022
76e3a22b48d90e22583c5147,2022-06-25,featherweight,1,0.31811808385338713,2022
48b66f6c4e067ab131987c86,2022-06-25,lightweight,0,0.2840468151876115,2022
a59780a9c44b0f7455be33f1,2022-06-25,womens_strawweight,1,0.4526309998198977,2022
e02eea16ac82e778f7daf1f7,2022-07-02,featherweight,1,0.6493449168286114,2022
876921be33b920ac9567b725,2022-07-02,lightweight,0,0.46009323795670215,2022
e81f8dc803fd77311da05e80,2022-07-02,middleweight,1,0.5360695175146408,2022
859d13910d61abd539cc945f,2022-07-02,welterweight,1,0.5695609849861558,2022
e6c3e6276839dd5d64a789b2,2022-07-02,middleweight,0,0.22529170054275427,2022
a2e9ef0e8cb15790f8ced352,2022-07-02,womens_flyweight,1,0.7844311336257059,2022
eea7d1b3716582025dfbfca3,2022-07-02,womens_bantamweight,0,0.50993262557365,2022
2a9cc81d46ea65120d7fbe99,2022-07-02,welterweight,1,0.46304992521035493,2022
ba6dd14c8af9df3ea8f92512,2022-07-02,welterweight,1,0.636488022028339,2022
5833acc9c3ac9e365c6c0b7c,2022-07-02,middleweight,1,0.27587191986550286,2022
177235a3e775a6743d6600e5,2022-07-02,middleweight,0,0.3686355508695901,2022
f2fd98701b89701fae9088a5,2022-07-09,bantamweight,1,0.35128849837694637,2022
803fc1e81cfdec6e7a503544,2022-07-09,womens_flyweight,0,0.5472735893771162,2022
8990215859428aaac941741d,2022-07-09,middleweight,1,0.3741437542441782,2022
833c99cb97e71c4d5ca53fcb,2022-07-09,middleweight,1,0.5478470556906004,2022
894eb20cea5348518aad7e6a,2022-07-09,featherweight,0,0.3642252254148852,2022
ec47ffa3f0a194c15729e14e,2022-07-09,bantamweight,1,0.7860866651536461,2022
eb92cb37c14b9a12e2392824,2022-07-09,heavyweight,1,0.35768166886973685,2022
ed326894c1c1b1d3adbf1cba,2022-07-09,light_heavyweight,0,0.2949822036150606,2022
3762c8ce8cd05373829c8371,2022-07-09,lightweight,0,0.294623853194884,2022
85e2d3f91c45cbb0e0bc1cb6,2022-07-09,lightweight,1,0.6598388071210194,2022
fb7e9ab6b45aeb9bdb8436ab,2022-07-09,bantamweight,0,0.6020454042000982,2022
b203dec5ae3023e120de922f,2022-07-16,featherweight,1,0.6722276919758473,2022
a32125452f6904259fbc72b2,2022-07-16,featherweight,1,0.4852883166117973,2022
8fe207b501c2aa7554270832,2022-07-16,light_heavyweight,0,0.4103813525049709,2022
a9c93145b251be4e9d7e6dcb,2022-07-16,middleweight,0,0.42698519016301834,2022
12d4dffc5e8bc17202be2632,2022-07-16,womens_strawweight,1,0.3974831486519511,2022
fb462f5b2e9f652779cdfb66,2022-07-16,womens_flyweight,0,0.5836692268121547,2022
c637b6f0f5a09bb8e1a74e50,2022-07-16,welterweight,0,0.6017624007890896,2022
17ea09382d449f8306c19c3b,2022-07-16,flyweight,1,0.3420783106355905,2022
fd355002a0fa2e74e3536f46,2022-07-16,womens_strawweight,1,0.5783169826163139,2022
ccfedebf868f0b8dc734bfd2,2022-07-16,middleweight,0,0.3554842431967994,2022
aec85754ffdd895e4321b6fb,2022-07-16,bantamweight,1,0.4600960633260188,2022
ad625eebc9ae756d4e5ce12a,2022-07-16,featherweight,0,0.5468820572280417,2022
f0728df1781fd229cb014c50,2022-07-23,welterweight,1,0.5574044832977069,2022
fc3a021d4027a74cd0e85243,2022-07-23,heavyweight,1,0.5303947444542609,2022
953bbb8b3a4dbab3e4857e03,2022-07-23,middleweight,1,0.5026364466574491,2022
e1bfa78d9e55d9829168dcdb,2022-07-23,lightweight,1,0.6179187090085609,2022
d04154269d7f8664c62b6131,2022-07-23,featherweight,0,0.33196496585351654,2022
68dfedbb07bf88d9ca273dc2,2022-07-23,womens_flyweight,1,0.47402125747226076,2022
ec4c20bfa09fac0285d92870,2022-07-23,lightweight,0,0.3599009039134097,2022
3ba5a9abbb1ae3fa79599046,2022-07-23,lightweight,1,0.5004836616708259,2022
291314e3a3d4ef5e1277e4e1,2022-07-23,womens_flyweight,1,0.6088560865136128,2022
819b658e6cf0d717bb91de6c,2022-07-23,flyweight,0,0.45824890462918955,2022
e1c2046ddc61effa0182c84b,2022-07-23,featherweight,1,0.826943550573847,2022
fcbaa5ecf7ea948ec4284861,2022-07-23,light_heavyweight,1,0.3974264440345318,2022
a3042f1e67d6574fb63da12e,2022-07-23,lightweight,0,0.5942553359514958,2022
ef6ab6d69866893d4c3f7e61,2022-07-23,light_heavyweight,0,0.47483217897347013,2022
b8683f73e2644670bf1ff574,2022-07-30,welterweight,0,0.46495957578564645,2022
282ad5f28deaf15f8dca4792,2022-07-30,flyweight,0,0.5802915532529374,2022
5fa0aeb049247895d054ff67,2022-07-30,flyweight,1,0.5761211256272202,2022
c07de9903dda0402b5b7ae51,2022-07-30,heavyweight,0,0.5264621690848715,2022
5aaa23664d6070cac2051597,2022-07-30,lightweight,1,0.402646235311458,2022
58e54a3c63001690d005c9bc,2022-07-30,lightweight,0,0.5516457875637026,2022
10b81e064c1a7b6abe9a2535,2022-07-30,womens_bantamweight,1,0.6866666839998904,2022
33eed00e388c88409a34cb2f,2022-07-30,womens_bantamweight,0,0.44805663363274273,2022
e4877492b848342688b0277c,2022-07-30,light_heavyweight,0,0.3223169992478507,2022
acc3d39765c5482fcb45accd,2022-07-30,welterweight,1,0.7300257717597651,2022
17570bc74fd14e361a08e878,2022-07-30,light_heavyweight,0,0.3696425193184642,2022
ac2b588a1a2472b349609a68,2022-07-30,welterweight,0,0.32273259172781865,2022
1a6042f44f4e1018e13bcf39,2022-08-06,heavyweight,0,0.3564845173851957,2022
11bfef30ead4201c97f126a7,2022-08-06,womens_flyweight,0,0.5028414450846702,2022
ee78ff94d74191c0950c3305,2022-08-06,welterweight,1,0.574440258302626,2022
14baf91c942b6d4b80278c39,2022-08-06,womens_strawweight,1,0.46056678144555635,2022
e16f507b343589a2e4e6722a,2022-08-06,womens_bantamweight,0,0.5652375643857691,2022
e21ab264e04732c3ef8f62f4,2022-08-06,heavyweight,0,0.4842085394171937,2022
e9da8c8a6c31cb23cefbf64a,2022-08-06,middleweight,1,0.6839310777800335,2022
6ec98fde74b283e28ca0a7fe,2022-08-06,lightweight,0,0.23162921818242305,2022
cf34d5f335348b66aa91eff5,2022-08-06,light_heavyweight,0,0.42336242822055914,2022
f8f3e8322df974e5e79c4018,2022-08-06,welterweight,1,0.4675175930896875,2022
a786185afd5f82f1db44d3c8,2022-08-13,catch_weight,0,0.7158416283624637,2022
769a825b93d1f461ed037a48,2022-08-13,middleweight,1,0.47535298557323635,2022
e5ba6b21277ad5545d7c0dc3,2022-08-13,womens_flyweight,0,0.6170591987887412,2022
7322e2f3f4bf5390f2bda163,2022-08-13,light_heavyweight,0,0.5362787244347834,2022
aaf6d2192b150766430fc20b,2022-08-13,lightweight,1,0.48629017530265317,2022
ba36c66a9c8864239d835333,2022-08-13,catch_weight,0,0.603737835351808,2022
e07aa035986642062d25c1f5,2022-08-13,bantamweight,1,0.4947170585405273,2022
8734458639c9a77e963669f8,2022-08-13,heavyweight,0,0.3889716781032736,2022
8e3ee192291658b73f706113,2022-08-13,featherweight,1,0.3993357094705956,2022
207fbf80c6f721606f408c61,2022-08-13,flyweight,0,0.6584330138609422,2022
0e895646923d2363e9ee3865,2022-08-13,womens_bantamweight,1,0.38432702675810515,2022
cd596c04dadc1a357e70db6e,2022-08-13,womens_strawweight,0,0.5028414450846702,2022
7e414bf2e90506da27163941,2022-08-20,welterweight,0,0.6422949931754475,2022
8a9c09281e5eeca72ddede9c,2022-08-20,flyweight,0,0.39125162206525677,2022
fc73feb19b3af4a912864096,2022-08-20,bantamweight,0,0.4544474429224801,2022
2e655f9fa69fc63ba339bf9d,2022-08-20,flyweight,0,0.4223104632748531,2022
09110ce448db775f208b9e4f,2022-08-20,bantamweight,0,0.36424300638852947,2022
96bf35f8d242172083318f0b,2022-08-20,welterweight,0,0.6900300773374417,2022
72cae9b3b0647f262149f01d,2022-08-20,lightweight,0,0.2862940828994734,2022
6e01d4335754eab4e2519c82,2022-08-20,heavyweight,0,0.5956684562107829,2022
e041b8ced5ccae038bf87f85,2022-08-20,middleweight,1,0.45908572050959445,2022
e21703f2490a99b16dfadb3d,2022-08-20,light_heavyweight,1,0.7968459965830873,2022
f41c685ee847a134377ce615,2022-08-20,womens_bantamweight,0,0.5584293075117658,2022
9ce27f8c4c81304aae9d0e7e,2022-09-03,middleweight,0,0.5548594011993913,2022
a3bbb4a0fa0064f0548c4dc4,2022-09-03,middleweight,1,0.5753260679587133,2022
2d11896bafc8bb829b196c12,2022-09-03,lightweight,0,0.3311200171525674,2022
55128794a5130c0766120091,2022-09-03,featherweight,0,0.5427375939084356,2022
7301434a052e54b477cb10b8,2022-09-03,heavyweight,0,0.2687420038349818,2022
d67df94cf203060829d5e02a,2022-09-03,lightweight,0,0.3893084371731815,2022
3f009a05817aa629ecb33512,2022-09-03,lightweight,1,0.6972927529812173,2022
86ec5f7ecd89641f1c7cff4e,2022-09-03,bantamweight,1,0.5275778684735569,2022
561ee3bd70a2f70be5d0512b,2022-09-03,middleweight,1,0.5589689254086678,2022
0fc64e2e9e677fbf1fdd2676,2022-09-03,middleweight,0,0.5220068467694786,2022
be1d0f8c941e18f2385e8ec8,2022-09-03,womens_featherweight,0,0.3340012648048045,2022
b8f2b3651db2a7baa029e536,2022-09-03,featherweight,0,0.4925323315933455,2022
4a6bcffa1eef009392233795,2022-09-10,bantamweight,0,0.40553997997478297,2022
c00654036cf18b5bb5f2d2c5,2022-09-10,welterweight,0,0.46741674414195655,2022
b36dfd6178f9afe0176a1770,2022-09-10,middleweight,0,0.5255875069298162,2022
7f7d0ff5834aebf0c6e0956b,2022-09-10,featherweight,0,0.7196640938971359,2022
41da67b4d117a50c666ac843,2022-09-10,catch_weight,1,0.31050129153422745,2022
6153221828eccf4930f0d3e6,2022-09-10,catch_weight,0,0.11141802726633183,2022
9d40474ac4964ada854fa013,2022-09-10,heavyweight,0,0.6281274236862859,2022
5a062d96aab1c99b7cc95f3b,2022-09-10,light_heavyweight,1,0.5828571378228933,2022
61ba8d4c4fabfe43fbb836c9,2022-09-10,catch_weight,1,0.36620999693604483,2022
014ea6d786ce6f657768e865,2022-09-10,catch_weight,0,0.3804540237188574,2022
0eacc4f0d8ed4f419ecbcea2,2022-09-10,womens_strawweight,1,0.549945976535794,2022
b23e87fdf32c675244e517b7,2022-09-10,welterweight,1,0.44611002441303765,2022
129aa2e2442a6668ab3bdc63,2022-09-10,womens_featherweight,1,0.7378342231510628,2022
5c6812938d363a82f925824d,2022-09-17,featherweight,1,0.3659658553434366,2022
8d050432569789c31a32dcde,2022-09-17,middleweight,0,0.3999608724250473,2022
dbcca4558e9c1d0d13c510a3,2022-09-17,middleweight,0,0.35687065205836926,2022
bc3c14ac6ca3b5d7e1f471ce,2022-09-17,bantamweight,0,0.5969106395535207,2022
c743e51d32485abb008206d8,2022-09-17,featherweight,0,0.6122739198735585,2022
059dfb0529502eb13b47c82e,2022-09-17,womens_strawweight,1,0.5811506464003101,2022
f973efc4d40fd253e6092acf,2022-09-17,middleweight,1,0.7764874228127999,2022
faae6d894d5ca7b2e828bf54,2022-09-17,womens_flyweight,1,0.47110319934095873,2022
ba54b51b997887a6beff6ea6,2022-09-17,lightweight,0,0.41932423342503955,2022
4d68a5e737c1e8b51f6f2e2d,2022-09-17,heavyweight,0,0.6298998417780907,2022
58d0836ce3aef89372366e16,2022-09-17,bantamweight,1,0.3061947380349461,2022
1afe0d50e01083bebcec9aa7,2022-09-17,welterweight,1,0.6746846106681175,2022
49322c3b76a447084d3343fa,2022-09-17,lightweight,0,0.48983157524283566,2022
87a787d77cf0a5e09d3d9395,2022-10-01,bantamweight,1,0.22886571121939345,2022
38a5c52b9d2138c264286309,2022-10-01,heavyweight,1,0.5525433384939398,2022
fc47440fea6c1d9a73f29056,2022-10-01,lightweight,0,0.4339608706629303,2022
5c2d756d58e2169143a3d205,2022-10-01,catch_weight,0,0.6583577960308651,2022
fa7cd15e925add6d68fc71fb,2022-10-01,catch_weight,0,0.47804792052873485,2022
fa6a5ead0aa09a9ef6c5b57a,2022-10-01,middleweight,1,0.5475153760006822,2022
b72aea582d1585d9cb98b492,2022-10-01,womens_strawweight,1,0.4601720129125822,2022
769a6a0ed8f56e2771571177,2022-10-01,lightweight,1,0.5918776308581997,2022
ba830e44c169818ed678aa41,2022-10-01,welterweight,1,0.7280426669665155,2022
8a3a1e63063d34a285884a99,2022-10-01,bantamweight,1,0.5697426881169412,2022
332b606adadb464988ce504c,2022-10-01,featherweight,0,0.18239748774141226,2022
01280f9e77503889cc5f9625,2022-10-15,womens_flyweight,1,0.490810534445668,2022
ca2c4ad4a77247d7ccff754f,2022-10-15,bantamweight,0,0.2534430803122726,2022
0b42a434a9d342606e9634d5,2022-10-15,featherweight,1,0.6116635552042575,2022
26959a0ae6d9ffc29e07813b,2022-10-15,middleweight,0,0.44329904141612314,2022
aae253d49a82af766011fb44,2022-10-15,bantamweight,0,0.3683676021133058,2022
dd6794095b4f567cbc4101d5,2022-10-15,welterweight,0,0.6726549652578983,2022
044df039a74152712583ec34,2022-10-15,light_heavyweight,1,0.550787369695143,2022
6a2ccb4c05791a9425fdd871,2022-10-15,middleweight,0,0.5343907825261379,2022
a351ceb4ec13704924e64821,2022-10-15,womens_strawweight,1,0.4003862462765596,2022
4f4009ed9b6888d49211b309,2022-10-15,bantamweight,1,0.6146812759424052,2022
cb331ce12f84a70205c765de,2022-10-15,flyweight,0,0.35800788043667275,2022
2fa71d83dae3ebb848f3441c,2022-10-22,welterweight,0,0.34184329066103963,2022
3969abdde9d204a1383b76b0,2022-10-22,bantamweight,0,0.3383956202565578,2022
d51176910516429f296e9791,2022-10-22,middleweight,1,0.64558966246467,2022
8b1f7cebde3141ff07f2e923,2022-10-22,welterweight,1,0.5453737725105657,2022
1f39f88404238882611b5baf,2022-10-22,lightweight,1,0.46358331275969067,2022
89b86d8017ee9c1cbaa746ae,2022-10-22,lightweight,1,0.5961849424577916,2022
e323e1ea8dacbcffaa512ad7,2022-10-22,womens_bantamweight,1,0.7992255633918847,2022
35a1f8dde1fde0e00768056a,2022-10-22,womens_flyweight,1,0.3650586939680957,2022
f4c1d9b02ea276231e92bad9,2022-10-22,middleweight,0,0.48923081461155105,2022
bf2060061f6746545bdfc695,2022-10-22,flyweight,1,0.61231912798046,2022
5cb842db992ceaeea1b3cf29,2022-10-22,bantamweight,0,0.605263418886818,2022
a99407677ffcc07b6201b9fe,2022-10-22,light_heavyweight,1,0.4915712629617273,2022
9e77914c5d3a7d1ddeb09921,2022-10-29,heavyweight,0,0.37799008993829,2022
0475b074697fe0251c4d12ec,2022-10-29,featherweight,1,0.7173626638014774,2022
9ad86cefbe6ecdf976f7782a,2022-10-29,featherweight,1,0.3620099640671458,2022
ad5ce07a6e0876f8d5be2633,2022-10-29,bantamweight,1,0.637627550029446,2022
3ea908dc8672aba46a6b1042,2022-10-29,flyweight,0,0.3123232398526841,2022
9cf346c97ea2bbfd2c1c605e,2022-10-29,light_heavyweight,1,0.2323449170969864,2022
2578ddec4698f73c077da962,2022-10-29,middleweight,1,0.5500100444635649,2022
ca802282390c52fdb2408e0b,2022-10-29,middleweight,0,0.4469826568887354,2022
15d5339005fa2e8e3ec329bc,2022-10-29,middleweight,1,0.4409880774792323,2022
50f80108ef29bd03c1534f16,2022-10-29,welterweight,1,0.5996934373850371,2022
5f9c2584685ac701df1b20f1,2022-10-29,heavyweight,1,0.4582763676580798,2022
fb2b6999fee39d8d4b28984c,2022-11-05,flyweight,1,0.4779414077139891,2022
1fa02083adffe4f1a1aaa2d6,2022-11-05,featherweight,1,0.4263890165862087,2022
443e0c3f3b5ee8993cb6247b,2022-11-05,lightweight,1,0.7136080895049751,2022
ad031ee4e83f763ae7e5c2c5,2022-11-05,bantamweight,0,0.4248608808888205,2022
85d5c7447efef749dd381282,2022-11-05,womens_strawweight,1,0.40069409434572345,2022
d98a3449d656417386274448,2022-11-05,bantamweight,0,0.2993785635244443,2022
67bf0adfb4a72e6d1d0816f4,2022-11-05,womens_flyweight,0,0.23513678106658287,2022
7d63d3e966fba6336272ecea,2022-11-05,welterweight,0,0.49216818155970254,2022
7d171beb120b8d9b085f3e3c,2022-11-05,womens_strawweight,0,0.38045189364756415,2022
f6116b016fd15f3896db959f,2022-11-05,flyweight,1,0.5274165626827433,2022
d752a82ef0612c0a2c486058,2022-11-05,womens_bantamweight,0,0.5032199866367124,2022
8aa99b2cd9574bce2a5476f0,2022-11-12,middleweight,0,0.3689595502802268,2022
57a461274144d12c6cfaa424,2022-11-12,lightweight,1,0.4747147860165604,2022
c2dc5cbd59cfdf863d8c6b7c,2022-11-12,womens_strawweight,1,0.5042019034857019,2022
8a2af618f9bb8c2582583f47,2022-11-12,light_heavyweight,1,0.4528102617254926,2022
e85b565475987e455e539476,2022-11-12,lightweight,0,0.5938485507828336,2022
66f2c5674043221ca0434043,2022-11-12,light_heavyweight,0,0.553314130725692,2022
ed6cea9fd841f86133410b45,2022-11-12,lightweight,1,0.6787395797757706,2022
f9d00f1cc1b81acb25c5ad95,2022-11-12,womens_flyweight,1,0.631894913990344,2022
89753c38b68f7526bf9e58a8,2022-11-12,bantamweight,1,0.7246112962109293,2022
b17854bdc5ac75cdebdebfc7,2022-11-12,middleweight,0,0.7126533324761936,2022
bb48fbeed91a2ae16e631b45,2022-11-12,bantamweight,0,0.471528032891152,2022
52729424a8db9c8e560906f5,2022-11-12,womens_strawweight,1,0.5296229601834768,2022
4f56ea61b8260643a03879bd,2022-11-12,lightweight,1,0.3714622958791427,2022
a29b34f3eb27fd13d76b11fa,2022-11-12,featherweight,0,0.5594401874384248,2022
d405e854a32224bcc4db5e45,2022-11-19,welterweight,0,0.32382460396312607,2022
65a1d86b89e2470e1e3db15b,2022-11-19,bantamweight,1,0.5419156868809366,2022
a610b8fe21dd433dd33fd822,2022-11-19,flyweight,0,0.5241806036763352,2022
119695682640f1374d5c064b,2022-11-19,heavyweight,0,0.5040609477628418,2022
134f4d4a92ff0f23596749a8,2022-11-19,welterweight,0,0.2842270505715354,2022
076a794451db2a52b98c2309,2022-11-19,womens_flyweight,1,0.515063001327933,2022
7c2cbb3580dd05ab14dfada5,2022-11-19,light_heavyweight,1,0.6257231005068372,2022
9893e9ce7e58dd73dc5255ef,2022-11-19,womens_flyweight,1,0.7535519675549754,2022
08cc9cab63281c265de6127d,2022-11-19,bantamweight,1,0.5006601845571003,2022
2f3fc3172d73cddfd573aa40,2022-11-19,womens_strawweight,0,0.3684001651664778,2022
630502317483ca9c43c50cad,2022-11-19,bantamweight,0,0.31735200887869924,2022
cb2b679c92bd80ebf4dce030,2022-12-03,womens_strawweight,0,0.41387303170192685,2022
e884d59713242b5e40c18426,2022-12-03,welterweight,1,0.4550162237637734,2022
78078a06b6123519e6e6389d,2022-12-03,lightweight,1,0.37522870134785374,2022
b4ddf766033e81d0119cb1e7,2022-12-03,featherweight,0,0.15367507583011888,2022
b2b4ba541349261a5183a952,2022-12-03,middleweight,0,0.5997020657663283,2022
fbe2eacc0874d97394ea1832,2022-12-03,middleweight,1,0.4226193472362543,2022
ce3faf675b6078ae06995f59,2022-12-03,featherweight,0,0.34687646182358267,2022
4dac47d315d1aca95332a102,2022-12-03,flyweight,0,0.35096951439290114,2022
cfc93cd8941fdfe5321696d6,2022-12-03,lightweight,0,0.7799414294135641,2022
4f162c7c30d92fff90d239d6,2022-12-03,lightweight,0,0.16362667875788775,2022
6896a8bee73ed65ceb61e90d,2022-12-03,welterweight,0,0.558723672872646,2022
3df0cd81dd767dedc14ec088,2022-12-03,welterweight,0,0.7297840467588321,2022
ffaaa6810e903c894557c687,2022-12-03,heavyweight,0,0.3310909464185326,2022
69d8f51a708f4a602eb6b066,2022-12-03,womens_strawweight,0,0.42356363566556526,2022
d685375c090e0b3ac4d13d51,2022-12-10,featherweight,1,0.4182878703042253,2022
97918cbcbe4b3af27679dc76,2022-12-10,featherweight,1,0.44979177473482007,2022
195a4a25edefbdee1978add5,2022-12-10,bantamweight,1,0.4925323315933455,2022
f41619679889d65542ce470d,2022-12-10,middleweight,1,0.5027595821569328,2022
898f396f3f2e781708ad4221,2022-12-10,middleweight,0,0.44941980080345884,2022
89ac380a2e7df762e9960bef,2022-12-10,middleweight,1,0.6878639000865622,2022
6f83248ed364da425ac6e6b5,2022-12-10,heavyweight,1,0.4336841845765515,2022
220fc84b9439edce53facd04,2022-12-10,lightweight,0,0.6763035998692187,2022
c21d7cb712ee6288e115f864,2022-12-10,bantamweight,0,0.6103843616874794,2022
11988bf1857ae4bc7fc9fc71,2022-12-10,catch_weight,1,0.40613448340790864,2022
6cac8e9e2664ec7c35a78b87,2022-12-10,featherweight,1,0.5888449307852267,2022
18932712ef980754aa8ea7d5,2022-12-17,featherweight,1,0.47614016386386077,2022
a908a1420ff1d9f94575f943,2022-12-17,flyweight,1,0.6658568872816504,2022
bbc491df17960bb5bff6b31e,2022-12-17,lightweight,0,0.3104723525180579,2022
0c96e42f32a09a794ddebc39,2022-12-17,welterweight,0,0.5002619366242789,2022
fc2b431ca6e0290539b9ecfb,2022-12-17,womens_strawweight,0,0.49657886843340643,2022
376d706e7b1fffd65da0244c,2022-12-17,middleweight,1,0.5136064335865781,2022
62c857b47d6eb83bf9f679d1,2022-12-17,flyweight,0,0.5185635634337911,2022
8b3108a9d38cc348b9ee1402,2022-12-17,lightweight,0,0.5363870263447982,2022
708385da1df75bfa8783285c,2022-12-17,welterweight,1,0.33194734764775624,2022
62df437ecc82bbfb87460bdf,2022-12-17,middleweight,1,0.3623241827570164,2022
b09e70f040d7ee1dc6260cd4,2022-12-17,lightweight,0,0.3501909965384568,2022
71ea7cae81899e81d9ce58fe,2022-12-17,bantamweight,0,0.47391431452031124,2022
9560c9fd3964613752555ddd,2022-12-17,bantamweight,1,0.600429002206319,2022
c1e71d1d9adb482155fb773f,2023-01-14,flyweight,1,0.506196894221891,2023
d0381b088b9a49444821f7b5,2023-01-14,flyweight,1,0.5637867604615097,2023
473cb05603e509a4bfc9c579,2023-01-14,middleweight,0,0.3785992833562039,2023
24f815b1e2137e2461a6637f,2023-01-14,featherweight,1,0.5687625562763986,2023
f458bcba7703f48484dfacf4,2023-01-14,featherweight,0,0.4362915294582126,2023
483b08fc27731ad0a87cdc0e,2023-01-14,bantamweight,0,0.21577192059940128,2023
ec208d732aca7f0b1f0f698d,2023-01-14,womens_bantamweight,0,0.5340772871168296,2023
52d6bc7e6509310031ed4ffe,2023-01-14,lightweight,0,0.4673779765689819,2023
c80a716a5e04319dc22d6f21,2023-01-14,middleweight,0,0.5467878956566501,2023
e38165574d6bfd63d4e79446,2023-01-14,light_heavyweight,0,0.42851856807577726,2023
e2ebd640cdbbcc28ca2e8743,2023-01-14,bantamweight,1,0.8709922422556684,2023
c571321ad6d07f540414f93f,2023-01-21,flyweight,0,0.36847971686211506,2023
1879c14c12351601569b29a1,2023-01-21,welterweight,1,0.3881275828772209,2023
f709c650ce5f7a1d36b7501e,2023-01-21,welterweight,0,0.637439687221523,2023
2b19d65e695d66ba7d5f52dd,2023-01-21,light_heavyweight,0,0.33764579239976733,2023
67ced6d3bcd5f9cff7b178ae,2023-01-21,middleweight,1,0.26540443648135337,2023
a292c3204c848fc795af4c9b,2023-01-21,lightweight,1,0.1534505736737057,2023
7b9b0213d00e3e62562edc0e,2023-01-21,womens_featherweight,0,0.1329313185857746,2023
2d3203b53911c02b06b5c3d3,2023-01-21,womens_flyweight,0,0.32567668494050045,2023
88c05dde0cfbbe4c9eece03b,2023-01-21,bantamweight,0,0.2011933546475142,2023
c20db3255eb0b21fa2aab9f9,2023-01-21,light_heavyweight,0,0.6202583597363719,2023
7ba2b9a199192a87d60f6838,2023-01-21,light_heavyweight,1,0.6818686128658334,2023
170c5bb7b9800aa0cb5760fd,2023-01-21,bantamweight,0,0.5537544601660024,2023
f8fe5853ba92aa1d4941f315,2023-01-21,heavyweight,0,0.2926254086780533,2023
a35835c41d69a4aa0cc51950,2023-01-21,lightweight,0,0.3295938202372084,2023
f78c5d74308eea6a9b237336,2023-01-21,welterweight,1,0.4699331431811616,2023
4379c427241e16c5c42ff97a,2023-02-04,light_heavyweight,1,0.36839473444873405,2023
fb3ccccef9c44cd3f44a1d43,2023-02-04,heavyweight,0,0.3227942948866063,2023
e58678b9928dcd7e2a89b900,2023-02-04,lightweight,1,0.4673779765689819,2023
5ffe7cef56c8e5dc2a3b0312,2023-02-04,featherweight,0,0.4673779765689819,2023
c06582e8c3186fa75ccd836a,2023-02-04,middleweight,0,0.27926388109652867,2023
5eafd2114e06744c7808d3eb,2023-02-04,heavyweight,1,0.5794839235846224,2023
c55aa74790a7618ed08e5e86,2023-02-04,flyweight,1,0.4673779765689819,2023
667af8ef779c3de51b6ca32c,2023-02-04,flyweight,0,0.24784726720083,2023
92ddbc29697faa23279ea2aa,2023-02-04,bantamweight,1,0.4673779765689819,2023
c0dbc7dac4a69fdfa7b8a7e5,2023-02-04,welterweight,0,0.4294536122148569,2023
e3a6a92a6b4c14140c0f5668,2023-02-11,lightweight,0,0.4869246862783352,2023
8e99069a041aef3a93ceeef4,2023-02-11,welterweight,0,0.5078213615960057,2023
9ac871fd5b77a57cde66e145,2023-02-11,featherweight,1,0.6289532402848869,2023
128eedfd624aae6d0ee3489b,2023-02-11,lightweight,1,0.5440975698241896,2023
3138bab08e28eac977aae47b,2023-02-11,featherweight,1,0.5522203418175848,2023
8e0261939b3d9069a93806f4,2023-02-11,heavyweight,0,0.5043246602355751,2023
4becbd5521ee229580343aec,2023-02-11,womens_strawweight,0,0.3726179190969777,2023
50535e74ff87ae17e1c4af13,2023-02-11,featherweight,0,0.5478534483012124,2023
39b8a2a3689793a61bd1f93d,2023-02-11,flyweight,0,0.39147195464337714,2023
352db25f95df258b62afd7f3,2023-02-11,light_heavyweight,0,0.5944720553923936,2023
e2a5ee873106609aef8b7d36,2023-02-11,featherweight,0,0.37516744657042755,2023
3f5d726191be802693a573f0,2023-02-11,lightweight,1,0.21740715820739617,2023
9d14cb3c9c8fd9e831cb2b86,2023-02-18,welterweight,0,0.38338077366788387,2023
a36fcfd26910843e21b34572,2023-02-18,flyweight,0,0.5866828612484971,2023
47e078d89d36a38676c579fa,2023-02-18,featherweight,0,0.35134196569777865,2023
389d6b8640bdfa2549c1e3fb,2023-02-18,womens_flyweight,0,0.5934530760319117,2023
05ce260e041a2605c602d2d6,2023-02-18,lightweight,1,0.6463793102876962,2023
7cdd2df80d6a6c593a282b52,2023-02-18,light_heavyweight,1,0.6207415155375037,2023
33ac9685a2515b76f149fc89,2023-02-18,heavyweight,0,0.4394838166004278,2023
73b63059d90c2960c03c75b9,2023-02-18,womens_bantamweight,0,0.23327829527172148,2023
92dbac7a52867e46b35fafbb,2023-02-18,lightweight,1,0.5793243066915629,2023
a4d636f7490aa62d4f569a1a,2023-02-18,light_heavyweight,1,0.4610193464085728,2023
a77ddc24d18d055941c6bf15,2023-02-18,light_heavyweight,0,0.5808489615077014,2023
f489e5bd58bfc35f1f4419cb,2023-02-25,middleweight,0,0.558233272347677,2023
758f1c497bf18e82210ab5c3,2023-02-25,heavyweight,1,0.5226553982296613,2023
5c80a7b04497ad5ee2bddd57,2023-02-25,lightweight,0,0.48101916091520913,2023
3fec13ee85d7f9983960b3cc,2023-02-25,womens_flyweight,0,0.5132202508302707,2023
0176ced8c9d94d30a64e4a7a,2023-02-25,lightweight,0,0.2089178827726911,2023
cf7adf6d36d1b08cd9d8d30f,2023-02-25,lightweight,1,0.7305459800900026,2023
b8372e22cddbfa48ea909485,2023-02-25,welterweight,1,0.5690752358408225,2023
6b4e4ea9b801548615975cd1,2023-02-25,catch_weight,1,0.40460538933867374,2023
6ea6168d8e84815d2134058f,2023-02-25,lightweight,0,0.6499869425336455,2023
fc0acba87af9f8c76a7e2940,2023-02-25,womens_flyweight,0,0.29550678653334767,2023
ddddb220f603a1df3e1e0161,2023-03-04,middleweight,1,0.598897269751406,2023
72321c6bbe98eff02e4095f8,2023-03-04,bantamweight,0,0.3553965109838296,2023
cc0b7fa4194f7f6e6d3a39f1,2023-03-04,bantamweight,0,0.4673779765689819,2023
85fe8793909e6952c9f78f00,2023-03-04,middleweight,1,0.6604853476425748,2023
7363e41d86228b1d3ccb37ac,2023-03-04,lightweight,1,0.4673779765689819,2023
4e033da568b46a961139d1ab,2023-03-04,welterweight,0,0.3595090623346715,2023
d3cfb0d2b891ff38ada976af,2023-03-04,welterweight,1,0.6059912753896239,2023
cbd06542b2b208df53fd406c,2023-03-04,womens_strawweight,1,0.7242945625155078,2023
c3f3ab3581e4101201417c58,2023-03-04,heavyweight,0,0.263951840368077,2023
9314741277e5a546928ec867,2023-03-04,middleweight,0,0.42144509389971335,2023
483a44eda1de7ba858e8ac87,2023-03-04,bantamweight,0,0.37836575634075675,2023
ec001e69e1a671cb55343f5d,2023-03-04,lightweight,1,0.5995720972146102,2023
79f6fa67f74ca1d1eceb89f0,2023-03-04,womens_flyweight,1,0.2383123774261212,2023
ae1d2e42c74ebe569b8bf839,2023-03-04,womens_flyweight,0,0.40895238936179323,2023
2c3d9b8cf266f7d87b21947a,2023-03-11,heavyweight,0,0.3532374626288991,2023
28667af2ecff9e735860e563,2023-03-11,womens_flyweight,1,0.26684166732338577,2023
51fc827668838509328eca57,2023-03-11,welterweight,1,0.5325325911733713,2023
02b6dc85938acd2c6dc76f32,2023-03-11,heavyweight,0,0.6375146468019753,2023
5e42a3409698012174f55aa2,2023-03-11,bantamweight,0,0.11572361575686457,2023
cc22e042a99a400b3b543787,2023-03-11,catch_weight,1,0.43514091915607317,2023
4a7cf56c83980792658c3945,2023-03-11,bantamweight,0,0.518654486828072,2023
970d1a7858aa5b5c168bdb4a,2023-03-11,bantamweight,1,0.48657521126596215,2023
8c472cd93fff869b8c1659b3,2023-03-11,bantamweight,0,0.4604368522650061,2023
57624421d747b53b6a9fce19,2023-03-11,middleweight,0,0.4998761709551922,2023
121d895ec34c4ee500d71121,2023-03-11,flyweight,0,0.2930824517364918,2023
39493c979c1bfbe357de6651,2023-03-11,bantamweight,1,0.4614635482857632,2023
313274f54c13e378c9782b8c,2023-03-11,light_heavyweight,0,0.5644278952379248,2023
3ef5192d293b633a47593b25,2023-03-18,lightweight,1,0.5967010749745268,2023
67939b6e4ba8a035489881f7,2023-03-18,middleweight,1,0.35846733220730725,2023
ba6858c0646216e3a271c7f5,2023-03-18,welterweight,1,0.5279777261901184,2023
a41a13deba0d06034c0c24a0,2023-03-18,featherweight,0,0.1635603644845317,2023
be9e3b6594a545c5ece02333,2023-03-18,flyweight,1,0.48192549639169613,2023
bd93d7b8110bf0a192791038,2023-03-18,womens_flyweight,0,0.7020990015091535,2023
aba38730016b8b0777777ee5,2023-03-18,womens_flyweight,1,0.5890746882691301,2023
a445f6f894e3074c43e9960f,2023-03-18,womens_flyweight,0,0.662426442644652,2023
0204fb629e0e6e99f3a62ea5,2023-03-18,lightweight,1,0.4280792789692036,2023
a1b6f8d2aeb238711fe9cd1a,2023-03-18,welterweight,0,0.42753375139111116,2023
a9bd37ea947df11dfb5e63f7,2023-03-18,featherweight,1,0.7196106254929786,2023
bd7c4c65dd0660d691a5b7ad,2023-03-18,middleweight,1,0.6211723435099313,2023
e95f3b99a35f4827b821860d,2023-03-18,flyweight,1,0.7602073337514417,2023
759b5432bb0e95fb6e5a4cad,2023-03-18,lightweight,0,0.4673779765689819,2023
c1d7d7ce041d52e09d7193c7,2023-03-25,womens_flyweight,0,0.3818161760186788,2023
034e224915320f869f1dba0a,2023-03-25,middleweight,1,0.4933493353563788,2023
717be830f10bc6172050d1e0,2023-03-25,flyweight,0,0.3123388654502152,2023
fb68a3891e073458dc6aaa5f,2023-03-25,featherweight,1,0.3208741276681228,2023
b4bcc9e8264244b410d7df4f,2023-03-25,womens_bantamweight,1,0.6020235091092012,2023
84ded834631bc85d1a979066,2023-03-25,bantamweight,1,0.5287114855105243,2023
3932764824c5a65f4ea80b0a,2023-03-25,featherweight,0,0.5339548908265151,2023
3da110d1cd53964797f27c55,2023-03-25,featherweight,0,0.49461342755786003,2023
bc34061f7585c8cb754582fc,2023-03-25,welterweight,0,0.3931897520765594,2023
d8bf04bd476c5def9385b3ed,2023-03-25,flyweight,1,0.5596416884010295,2023
090d5cdefe42617fa644a06f,2023-04-08,middleweight,0,0.4164284212246705,2023
f4262813b91eccfae338f71f,2023-04-08,middleweight,0,0.5615785901315496,2023
b3e3b5f129a63fb2038e58ed,2023-04-08,womens_strawweight,0,0.4284860983507071,2023
30c5225ba53208cd76437d3b,2023-04-08,middleweight,0,0.6380033588571777,2023
50f3bfb5121b7b06fdb05de0,2023-04-08,welterweight,0,0.472237916306923,2023
a3cc4d0be0f091345c0e83cd,2023-04-08,catch_weight,1,0.5927078579001221,2023
186919d4a2872e5c626d87b8,2023-04-08,womens_strawweight,1,0.5334630609541468,2023
50677f1bf973ddd98ff7be61,2023-04-08,welterweight,1,0.6236113373742803,2023
5bf9cd7d305f8634d4423b73,2023-04-08,womens_strawweight,0,0.5936135670544694,2023
542ab5e1dd01c45dbe923832,2023-04-08,bantamweight,1,0.3929908366838263,2023
cb56c19233738e3f99fb0b06,2023-04-08,bantamweight,0,0.5173861114106129,2023
7941baf2f9c14b9bc5dc6877,2023-04-08,featherweight,0,0.4211264853820283,2023
536fc9ff4143a7f0ef5213e4,2023-04-15,bantamweight,1,0.6257196033757393,2023
58d7a5e6018b4265e7a4b16d,2023-04-15,featherweight,1,0.5174226276584917,2023
f5d38b8d75c4c47b6cad6b69,2023-04-15,flyweight,1,0.34320115470509255,2023
7b3a87bcfdaf6184fa346634,2023-04-15,womens_strawweight,1,0.5191368798258588,2023
305a994660d1f7aefbc2d278,2023-04-15,lightweight,1,0.8194758483432236,2023
8aa967b47782f05988eede93,2023-04-15,light_heavyweight,0,0.49709119289465314,2023
e32814b20fa0d61f9191d8d6,2023-04-15,featherweight,0,0.6175427241521071,2023
2df2b28eed63b6044ceb774a,2023-04-15,womens_strawweight,0,0.4272564930929584,2023
6576e21f61790cd99298296d,2023-04-15,womens_bantamweight,1,0.7128464209737129,2023
fc2939e831f145899a2e2a1e,2023-04-15,lightweight,1,0.32437206089142157,2023
8585d2f9c10439b3ae1c6def,2023-04-15,featherweight,1,0.32366070936899544,2023
715f478ae35da582d9f2f26f,2023-04-15,bantamweight,1,0.2482605529987002,2023
a3b645cd303899e532cb969f,2023-04-15,light_heavyweight,0,0.48080728118635774,2023
4c702db73869ec0f411cd286,2023-04-15,light_heavyweight,0,0.22904481926434153,2023
99f50e21f3c2b8fb41bfe804,2023-04-22,middleweight,1,0.5187728988228506,2023
379db5a242315cc0331f6ab9,2023-04-22,bantamweight,1,0.4040728214819786,2023
42d8de57f8ac25ae0a59af37,2023-04-22,featherweight,0,0.377105877625674,2023
69df5f5db0fe03de6d83eeb9,2023-04-22,womens_flyweight,1,0.5022681359819462,2023
ebbd9b0e418daaecd3a5147b,2023-04-22,welterweight,1,0.4628237285963688,2023
a81b666d9fea33d5a4e4e227,2023-04-22,womens_featherweight,0,0.4778782154652203,2023
15793bfec6a8406b59adf881,2023-04-22,heavyweight,1,0.42196325084250313,2023
cf2e08d1a2de456001218fbc,2023-04-22,bantamweight,1,0.7080807395269586,2023
2d07b591baacde698e40eca7,2023-04-22,lightweight,0,0.5334862602620398,2023
d0f44949b918faa8a43733f9,2023-04-22,heavyweight,1,0.407661767298865,2023
64bd164890b13ccd6152e1f3,2023-04-29,middleweight,1,0.4684629939766785,2023
382d5f5de3ab9af93ca82b63,2023-04-29,flyweight,1,0.6203158366819993,2023
e74e0fcfe591662c36de0f91,2023-04-29,womens_bantamweight,0,0.549995119467927,2023
9404efffd14ae8bc7d0dad29,2023-04-29,welterweight,0,0.5458711786620074,2023
361d3b8343a3062df1f20add,2023-04-29,catch_weight,0,0.4098950345806864,2023
209f89bb364ad65d94f93f8c,2023-04-29,featherweight,1,0.2622666224678806,2023
de2dcd0f2af8b8f8855a9ee1,2023-04-29,heavyweight,1,0.5237660197528968,2023
79b7440c98a3fe7209a2b6c5,2023-04-29,heavyweight,1,0.4752534622717206,2023
a482e08e398790dbc62aab8b,2023-04-29,middleweight,1,0.4900288274933677,2023
996883e37beff1a1ac3bb2d5,2023-04-29,bantamweight,1,0.4807385222810829,2023
c0f12ad7885173fca8c8dadf,2023-04-29,womens_bantamweight,0,0.6784541056843185,2023
8cc6c1a80c3b3e78fc639607,2023-05-06,bantamweight,1,0.6014800972311499,2023
8f175dda24ee4d5ed157611f,2023-05-06,welterweight,1,0.656860056148194,2023
38e28862ab0d408ffcf40da9,2023-05-06,heavyweight,0,0.36678005393423985,2023
ac89ad183f32d054d164ee0c,2023-05-06,lightweight,1,0.4743322350741188,2023
ef1bf09246b82fc675505721,2023-05-06,womens_strawweight,0,0.5915017144573497,2023
b96182f98b3de52de631a16b,2023-05-06,middleweight,0,0.519011104516246,2023
2db72ca1fb0fdb7fffe3a93f,2023-05-06,light_heavyweight,1,0.6674764327203019,2023
c5ebf8e79324e5939125f9ad,2023-05-06,welterweight,1,0.6890984722595105,2023
3e2e956ecc31c21affc1243d,2023-05-06,featherweight,0,0.28651852546262174,2023
023c4ee9d811ea4e3c8b11fa,2023-05-06,womens_strawweight,1,0.32236793793820234,2023
0675c46166735f4643081ce6,2023-05-06,featherweight,0,0.1453765213091585,2023
3d3bc5c58bede42fd36c2efb,2023-05-06,middleweight,0,0.7144024636816161,2023
73f39af8d610478efc1c33d2,2023-05-13,light_heavyweight,1,0.6021830072809943,2023
7a5e52cdf64699c40ca7635d,2023-05-13,welterweight,1,0.5573880085720038,2023
8ea417e09eac08a2ad3fe828,2023-05-13,light_heavyweight,0,0.3220002866115139,2023
f4ebeab135e8d5bb06730df8,2023-05-13,catch_weight,1,0.2823668078468734,2023
bcb161a3c9d9e2a50a8e2857,2023-05-13,welterweight,0,0.5936751928164705,2023
74a34d39413c8f931bad1e28,2023-05-13,heavyweight,1,0.49775487157404275,2023
f166d8ac6a457943bfe528eb,2023-05-13,womens_bantamweight,0,0.5339175439727545,2023
2d1948b604cc1d52072429d7,2023-05-13,womens_flyweight,0,0.4652668356226906,2023
7eb37ee4f1b3f74a15b948a6,2023-05-13,heavyweight,0,0.2621748966315332,2023
90d417de02b6d71ffa660d3f,2023-05-13,welterweight,1,0.3698819613161685,2023
834f2fa194fc1425e6d5a51f,2023-05-13,welterweight,0,0.3483740535792456,2023
9dea78b803a1d3cbffb84573,2023-05-20,welterweight,0,0.40637049131949854,2023
d5f1029bfe5ae4808dbdeb8b,2023-05-20,lightweight,1,0.5616307642865173,2023
583ed00e1a40f7bc24f0e7d7,2023-05-20,lightweight,1,0.6462243230249382,2023
a5c6f22d83c3a5cd1f37e6d1,2023-05-20,middleweight,0,0.4884268766426133,2023
19550019194953c70877b46a,2023-05-20,catch_weight,1,0.6211844307031816,2023
618b7b63848dfb28d9e75658,2023-05-20,heavyweight,1,0.5875135478288318,2023
4dad1eec32d230346a567d14,2023-05-20,womens_strawweight,0,0.5337278900391227,2023
f80948e2b2d88cf85d8f69c2,2023-05-20,womens_strawweight,0,0.34918025922453816,2023
e14152d9d3bcd814f7a78595,2023-05-20,lightweight,0,0.40581342033959006,2023
7a892f12809c158957f4222c,2023-05-20,womens_flyweight,0,0.14813622405173082,2023
24d6f64dd1a9f4a00b60b172,2023-05-20,welterweight,1,0.5397080449445728,2023
a9283fde7464f78285f35d4a,2023-05-20,welterweight,1,0.5193302639275265,2023
8d2657059b80b7d256f63ce5,2023-06-03,welterweight,0,0.435895791828322,2023
c47c6d03bdb49b711c50f83c,2023-06-03,featherweight,0,0.3532331851439321,2023
fbdb0f998a41190f2e544cb6,2023-06-03,heavyweight,1,0.6245615259960517,2023
211bd8ca31ce0bf9f809f926,2023-06-03,bantamweight,0,0.5778498325551003,2023
1f74546eab5290536943b881,2023-06-03,bantamweight,1,0.46667796480365414,2023
43dc5779bee5d6e1feaf1211,2023-06-03,womens_strawweight,1,0.5301523010057483,2023
b53d7181f6baa5828ee82925,2023-06-03,lightweight,0,0.7295733863765705,2023
eb35eda2f8e562604a3a6587,2023-06-03,lightweight,1,0.7831951854428905,2023
a2548db55f411224c2090a87,2023-06-03,bantamweight,1,0.5303370467522212,2023
810ebf65cda6f08605d0dfb4,2023-06-03,flyweight,1,0.5407488698179247,2023
ba64fa041a0a17289f7ec4aa,2023-06-03,womens_flyweight,0,0.5030977198969452,2023
67fdbe55ae06879de2d3096b,2023-06-03,light_heavyweight,1,0.4885033581409655,2023
e30468a3c5bcc4c5e6f074a6,2023-06-03,flyweight,0,0.45631500456337626,2023
41b34cfef0a3c136d4b18cf6,2023-06-10,bantamweight,0,0.4536661405702023,2023
2a7b20dea79359f48d7d2aed,2023-06-10,womens_bantamweight,1,0.750873724446071,2023
1f2ee3d9684f952d35509047,2023-06-10,lightweight,1,0.4647829250204592,2023
74a471c2a8c54c1c590e1255,2023-06-10,featherweight,1,0.6266533813735113,2023
dca56b74a39286560767984d,2023-06-10,flyweight,0,0.5711254402242647,2023
fb60c604b16810077c6dce79,2023-06-10,womens_strawweight,1,0.3974116411914641,2023
753ef8a86a13c56c70328743,2023-06-10,featherweight,1,0.2834017522665128,2023
bfe91c9408462da03caada04,2023-06-10,middleweight,0,0.4763191164209068,2023
f6498a4788e114791bbae90c,2023-06-10,welterweight,0,0.4202426207549821,2023
0830f25bd926d3257e23b2ff,2023-06-10,womens_flyweight,0,0.6783325606273763,2023
b5479c9894d56b527aaf98e8,2023-06-17,lightweight,0,0.10622603649168937,2023
fa8e30b594409ffd405b94c7,2023-06-17,middleweight,1,0.593415053621446,2023
5de7511b539dc2f35627eeb4,2023-06-17,flyweight,0,0.6254193663831032,2023
1553628079b91961f98be03a,2023-06-17,flyweight,1,0.8302993226152618,2023
1701803460c2492f8c88e6dc,2023-06-17,bantamweight,0,0.33245956702898427,2023
5ea10d9b2508835213a7e16b,2023-06-17,lightweight,1,0.560050965139907,2023
1ae6f24c34066c35e05a0ac5,2023-06-17,middleweight,0,0.6488426885306219,2023
71155f2f38de2cef21d41ad4,2023-06-17,welterweight,0,0.5126082263983408,2023
4afc828e854d71a980a4da1f,2023-06-17,featherweight,1,0.4799780667344599,2023
1dc63941f97c2b53d6e7944e,2023-06-17,womens_flyweight,0,0.49183387429005915,2023
b835ef106ba0d320989caaa9,2023-06-17,light_heavyweight,0,0.5110223809256053,2023
9738dbbd12c022ab8c0244f4,2023-06-24,womens_flyweight,1,0.5114705656599601,2023
26d1929d5e6faf685d9524e4,2023-06-24,middleweight,0,0.34864202075610323,2023
02caa0904488e97a0c57821e,2023-06-24,middleweight,1,0.3716516332907098,2023
8538c8b918b1de21ed7edfdc,2023-06-24,featherweight,0,0.5184805087801901,2023
0c4515b1fb214c21809f0083,2023-06-24,featherweight,0,0.6593798548818555,2023
a6a76a7a7db7da77a11b5ecc,2023-06-24,featherweight,1,0.7500873360527979,2023
0744f58285748a8258aff8bb,2023-06-24,lightweight,1,0.4539413868991224,2023
86089570ccc769b26795cf5c,2023-06-24,welterweight,0,0.15951570286501657,2023
34413a75b78402855b689235,2023-06-24,welterweight,1,0.7299010644873273,2023
d63c07a027a8bfced274a3e8,2023-06-24,womens_strawweight,0,0.5619343533700754,2023
355dde8fa8af4f55e7903345,2023-06-24,lightweight,0,0.6949911902032143,2023
d903ae15997c5c3259527ac9,2023-06-24,flyweight,0,0.2939374114844838,2023
c16d37110bfde910cc00a282,2023-07-01,heavyweight,0,0.3412637925719346,2023
f0881ed5aee329899d5dbe32,2023-07-01,womens_flyweight,0,0.5702836970251693,2023
ff5a4b29681042b715de7dd8,2023-07-01,middleweight,1,0.4037603364231082,2023
66a014a3d695164cadb97344,2023-07-01,lightweight,1,0.7620791561362762,2023
5a3fafcfe8cf52b7388b69c6,2023-07-01,lightweight,1,0.5757820142331919,2023
031c91854eac829bdf2ffa2c,2023-07-01,lightweight,1,0.35006412545510146,2023
40db9ab26d4cae9288a4883f,2023-07-01,womens_flyweight,0,0.4600113090364742,2023
4ce7c778f23cd1bf4546e0ec,2023-07-01,featherweight,0,0.3068808806842417,2023
2906ec3d58e436e5228c8dff,2023-07-01,welterweight,0,0.4341211210007522,2023
36428584824bba6898b4824a,2023-07-01,welterweight,1,0.35765835006454705,2023
44200bfac7f2a84fa9b3c2c3,2023-07-01,middleweight,1,0.5833187140461114,2023
f2750b184214af53cd2d9552,2023-07-01,womens_featherweight,1,0.5551116239983783,2023
bfd5cf090725753cb73a2027,2023-07-08,featherweight,1,0.5497376328775513,2023
b7b4f20cf8dafb6a112ac7d0,2023-07-08,middleweight,0,0.5039385472466755,2023
8391134e7f930a916e52ef20,2023-07-08,flyweight,1,0.2636859093391426,2023
339bc6663a7f472154266feb,2023-07-08,bantamweight,1,0.6866932188606307,2023
59f58c9c40c64fe1b8d474ff,2023-07-08,lightweight,0,0.45913137835053236,2023
8b7bd39fd6c76d413400ef59,2023-07-08,light_heavyweight,0,0.4726645108811495,2023
d05493e5cdd7938e02c6367f,2023-07-08,lightweight,0,0.3892261835733063,2023
e724df897e9fa95b33128001,2023-07-08,welterweight,1,0.26294166064691615,2023
243b01b43b4d154ee283edb4,2023-07-08,middleweight,1,0.5607240770778426,2023
0580b939723798e97e523064,2023-07-08,flyweight,1,0.73705081347004,2023
3ee9d49d2883a76f0d0b3ebd,2023-07-08,catch_weight,1,0.703683364589453,2023
307078a8aaf55515debd7e4a,2023-07-08,light_heavyweight,0,0.5854124768403535,2023
c040765e9cd22df2535af702,2023-07-08,womens_strawweight,1,0.4130686630001179,2023
0e415addf4419c1bb7040995,2023-07-15,middleweight,0,0.35121208877018617,2023
fae07c7909695a8de2670ea9,2023-07-15,lightweight,1,0.3667182209941402,2023
95d5ccbd56f49fdaea7018e3,2023-07-15,womens_bantamweight,0,0.4206642302495572,2023
570ed242ca21c62fa3a6e0bd,2023-07-15,featherweight,0,0.42050202374367085,2023
5fb55152ac40582efdac2338,2023-07-15,lightweight,0,0.469618387498904,2023
dc8c54b14e642c0f7dcc5d7f,2023-07-15,welterweight,1,0.8471731452229302,2023
d5acd4b37d67e89519b6bd83,2023-07-15,lightweight,1,0.3373927614620297,2023
59e240a1926ab9668d4ea114,2023-07-15,womens_featherweight,0,0.34920487426374575,2023
20480c79595fbb7397cbcdad,2023-07-15,lightweight,0,0.3705278228612459,2023
0504e93f7602bdaadee9e83e,2023-07-15,featherweight,1,0.5809703180592513,2023
c66bd437648ce6c9d36fffd1,2023-07-15,flyweight,0,0.6130667658361025,2023
aee881a6e3b66ff815a14b4e,2023-07-15,womens_strawweight,0,0.5160643941646551,2023
37dbd1517fc350dfdb82fe5e,2023-07-22,lightweight,0,0.6925046965337,2023
2086564bb6d1a17b69d9594a,2023-07-22,welterweight,1,0.35360700330067113,2023
85cc199fb2cc71d7610b426a,2023-07-22,bantamweight,1,0.3489929707962981,2023
d374ad54876bdc9ab00d188f,2023-07-22,flyweight,1,0.6903154075900392,2023
f287ecd9b1b2b7e5886818fe,2023-07-22,lightweight,1,0.7640201079225376,2023
5e03556ac21059d5540468b2,2023-07-22,womens_bantamweight,0,0.408254376407395,2023
88f4cf3ed1e8dc3bee9e78de,2023-07-22,featherweight,0,0.46597673767553915,2023
f684f924db9762a5a24943d1,2023-07-22,middleweight,1,0.48281534311746926,2023
07930a4698e812e3c33400df,2023-07-22,lightweight,0,0.5223349811234818,2023
dc10ede4fff61150475f025f,2023-07-22,heavyweight,1,0.3065048190789681,2023
1e5aadefe4f8b514331f7df1,2023-07-22,womens_flyweight,0,0.6211705841913151,2023
be6f6a66dd1475a253d21e8f,2023-07-22,featherweight,1,0.6967948383081877,2023
cdab172520a4c2a4e3be3200,2023-07-22,middleweight,0,0.7191119832815283,2023
b6deee15173724b04f140ec9,2023-07-22,womens_strawweight,0,0.67244256927203,2023
8dbb536f8d8d18684dece8d9,2023-07-22,heavyweight,1,0.7007557287570735,2023
cf7ebf33fc2afed4809e7db8,2023-07-29,flyweight,0,0.4358395348808656,2023
4e8cbb73bf869a8da3d7deaa,2023-07-29,heavyweight,0,0.4473537789910428,2023
2a07f8ea0b27887c995f15a1,2023-07-29,lightweight,0,0.531554596180917,2023
f1f93d9da3d77601ddc068c8,2023-07-29,welterweight,0,0.7118298754444613,2023
7cfdf3b2768432a51473f253,2023-07-29,welterweight,1,0.7431964456855962,2023
73c5255ed61178a04a589d37,2023-07-29,light_heavyweight,0,0.39763898963429056,2023
542062f841901da309fd39d0,2023-07-29,welterweight,1,0.41858437440743634,2023
1441ccf352df4b05c9a83aea,2023-07-29,welterweight,1,0.6645121687665826,2023
c7180a83d72402d7608bdceb,2023-07-29,womens_flyweight,1,0.7549176232993133,2023
3a32c6a5cc5a1fd46bea3e47,2023-07-29,middleweight,1,0.5944208893152607,2023
7bb394fbae44e1da0cd5bca3,2023-07-29,lightweight,0,0.3172625176917708,2023
282fb397e104dd45c570b28a,2023-08-05,featherweight,0,0.4733145275455615,2023
b787cf6c2fa2ed8c9e195150,2023-08-05,flyweight,0,0.3129602497516086,2023
6560f72e1b1c9b8138574df6,2023-08-05,catch_weight,0,0.3705477816897707,2023
f94e4cad52bf9a6b2f38df61,2023-08-05,featherweight,1,0.6709551952814965,2023
ce84563cfe04a65b5b76020c,2023-08-05,light_heavyweight,0,0.5911020862213675,2023
0473c7065872a7d67606359f,2023-08-05,lightweight,0,0.6822671730351798,2023
268d66a04a0a2276ada61537,2023-08-05,welterweight,0,0.6368962728502727,2023
d6ee9a0d0b602cdfb29a682a,2023-08-05,womens_strawweight,1,0.5675351417595087,2023
d51412c5c86ef83705f9476f,2023-08-05,bantamweight,1,0.6912649263017343,2023
bb3b63715b62f6b0e4f65950,2023-08-05,flyweight,1,0.46367472049231456,2023
358d2e14d9541e87802ef07a,2023-08-05,featherweight,0,0.44018901046428655,2023
8a9f408c675d89c45391bc0c,2023-08-05,light_heavyweight,0,0.4384147437993107,2023
cc0dfcba2a9a1a686e41e380,2023-08-12,middleweight,0,0.5425763011954778,2023
21b8a0738ac50baebd05d9ac,2023-08-12,featherweight,0,0.6535115333728082,2023
b0a0a0e4e665e9f2ee272956,2023-08-12,bantamweight,0,0.3531000477310116,2023
56c51c3acfc72d7fc859ad42,2023-08-12,featherweight,1,0.3446540554309587,2023
f83ebe6bf664c143f114ee24,2023-08-12,womens_strawweight,0,0.50630296672403,2023
cae33a4c01f60ea5bc1c2a9a,2023-08-12,middleweight,0,0.4038471051272062,2023
d7b541461594eecc66b90080,2023-08-12,heavyweight,1,0.5830727231653184,2023
21dc27ee66f98446e047ad70,2023-08-12,bantamweight,1,0.6287619070041814,2023
6f0ec3612994e967fb90e063,2023-08-12,womens_flyweight,0,0.46511627891498203,2023
e18d45083a7c265a8622e262,2023-08-12,light_heavyweight,0,0.6757561238347922,2023
c9c58ef3f78b8a1983f75960,2023-08-12,womens_strawweight,1,0.4682715681605385,2023
a6d4278c3e85ccf981d560d7,2023-08-12,lightweight,1,0.720739445360138,2023
fe4d9885f4576d7ab9015c10,2023-08-12,welterweight,0,0.3639018159173299,2023
471c5569daaa1a004351935d,2023-08-19,bantamweight,0,0.5947685000972848,2023
0b46edbdd82ecaaa8339d80a,2023-08-19,middleweight,0,0.37337696068046794,2023
34b4caec2c3e9c8cc351c602,2023-08-19,womens_flyweight,1,0.7084717642612278,2023
2defed33fd46d631e90ba986,2023-08-19,bantamweight,0,0.4010918195456847,2023
e1c4b3bb77a1f665d7e9edb8,2023-08-19,middleweight,1,0.4438080166377662,2023
f77e8217af476c8d76c17de8,2023-08-19,bantamweight,1,0.6159309441790416,2023
5e2db79a3a1ad7fa4a047658,2023-08-19,middleweight,0,0.33736504796607525,2023
6146e55c7547bad0f4598567,2023-08-19,womens_flyweight,1,0.5372476609323765,2023
44a0ede1f5c3febcd8158c1b,2023-08-19,lightweight,1,0.22795647545652226,2023
6a9d8431526f7e7ae3505c22,2023-08-19,bantamweight,0,0.3500112725072606,2023
f59c117ae7cabc52d4b52159,2023-08-19,welterweight,0,0.5984765578277187,2023
acbef5f5bc43c180f987011c,2023-08-19,womens_strawweight,0,0.4305247849902246,2023
46011dba71434bf36e3c4864,2023-08-26,light_heavyweight,0,0.5756514298573131,2023
7a36e5dab09fb0e3a32fff3f,2023-08-26,welterweight,1,0.5688560918468478,2023
bff6b688a0748a0496dde666,2023-08-26,middleweight,1,0.5975285733595539,2023
31b7a66eb42b8c36524c3ab3,2023-08-26,womens_flyweight,1,0.6867436516486874,2023
dd4024c9c91e5afd2d978e95,2023-08-26,featherweight,1,0.5477539142054445,2023
f0e0f24c2d6eded73e540e2d,2023-08-26,heavyweight,1,0.6924315735731913,2023
f3ff547fc056f0ae57dcdd5c,2023-08-26,womens_flyweight,1,0.7612214098906412,2023
afe662b987c151d703cd1acb,2023-08-26,featherweight,1,0.702089884789257,2023
ac6f2e63fe39b2f0a273ae19,2023-08-26,bantamweight,1,0.4019765094346002,2023
baae93ffbdc1bf0262cee6e1,2023-08-26,featherweight,1,0.4938397804660486,2023
99ab297a031513ce93f1576f,2023-08-26,welterweight,1,0.2712778315661096,2023
32ae1bb3fc496ea9626ce862,2023-08-26,bantamweight,1,0.6896147928393389,2023
1fe545c4e1dfc5237a9e4748,2023-08-26,heavyweight,0,0.41718802139958816,2023
ffa7455c3e5ede174ad4112d,2023-09-02,welterweight,1,0.5521910025444972,2023
6d0f7ada6c998fb0eaf089de,2023-09-02,lightweight,0,0.4900531550013902,2023
fd33be38cb0d1d4d0f6bca6f,2023-09-02,heavyweight,1,0.6908126856524202,2023
6bd93fadde24f7c7a79345fe,2023-09-02,bantamweight,0,0.3813743985094139,2023
65293a8e2961fadaeef4cf65,2023-09-02,womens_flyweight,1,0.425940198925876,2023
2d1078d0507597c4e604903a,2023-09-02,featherweight,0,0.4673779765689819,2023
a4d79f54aeee4768f37396e2,2023-09-02,womens_bantamweight,0,0.6301621335443549,2023
44fbb5a2110d15b720a9751d,2023-09-02,bantamweight,1,0.6379012021319925,2023
555e57ac84583be4ae725a15,2023-09-02,light_heavyweight,1,0.7331887911235464,2023
21efe4021b701a3f681a8c10,2023-09-02,featherweight,0,0.25283692683924114,2023
6e1227e9009e6929393b1fee,2023-09-02,catch_weight,1,0.5496173657749803,2023
011b9746ab115630dd02c0fb,2023-09-09,welterweight,0,0.5068010454540697,2023
b21089f4d62b3730b34a4346,2023-09-09,light_heavyweight,0,0.3395923870823369,2023
1b6d13bce1996a9787f00657,2023-09-09,middleweight,0,0.6036685337069957,2023
b2b23742f60158de1d1c5c14,2023-09-09,featherweight,1,0.555635253421667,2023
b8118cbf106d813928e0b82a,2023-09-09,lightweight,0,0.272003938174165,2023
27e9d3412a74a9570b14c3f3,2023-09-09,heavyweight,1,0.5808678917799794,2023
16064fb85fa34316d72d9e6c,2023-09-09,welterweight,0,0.4673779765689819,2023
f84f38efd0c68a4d11911324,2023-09-09,flyweight,0,0.2854655539518134,2023
a0cc78d39dbec7a5ce6e1bd4,2023-09-09,lightweight,0,0.3235499491426446,2023
ed8e3c472972a277f73c443c,2023-09-09,featherweight,1,0.31237881473496765,2023
b04e6f3b3710a8911531f136,2023-09-09,heavyweight,1,0.6986864783287664,2023
16cede3f450ae715871ef8c3,2023-09-09,light_heavyweight,1,0.3643990051682523,2023
ead4ef0da3ceb9dbd827dd4b,2023-09-16,lightweight,0,0.41172245770661947,2023
c8cfe9c5b42f5b7ceda34093,2023-09-16,lightweight,1,0.33276957382576117,2023
f0c6e7a442001e286c22093f,2023-09-16,featherweight,0,0.507247161607309,2023
eaa1d742167744bbb2317e5f,2023-09-16,womens_strawweight,1,0.4809223599403298,2023
399469f15d7034c6b5c5aa4c,2023-09-16,welterweight,1,0.4902012749863714,2023
2d4c42ccd0419f0034998f5b,2023-09-16,womens_strawweight,1,0.6730978935596698,2023
8e05c99e0cfb203d446ab29e,2023-09-16,bantamweight,0,0.4850338378341333,2023
281de41fa325e8017e097798,2023-09-16,middleweight,0,0.35384317137571236,2023
568b5c62f6997dbaa49f2d78,2023-09-16,womens_flyweight,0,0.4283777291219683,2023
a8d577f3a15db8e801f72cab,2023-09-23,welterweight,1,0.5058469415980247,2023
cd56e5717d0aecb3365e555b,2023-09-23,featherweight,1,0.544946079962146,2023
978e40854ce586ab5015d89f,2023-09-23,middleweight,0,0.6292878138281215,2023
e705c6274e273eb488346925,2023-09-23,womens_strawweight,1,0.6193838527720338,2023
5f67fcb6ff0330a07c25670c,2023-09-23,womens_strawweight,0,0.45442841354923363,2023
534e4ba8dcf5d6b12163bd43,2023-09-23,heavyweight,1,0.5055589664173847,2023
ef95cdf14de0f6f13da1c922,2023-09-23,lightweight,1,0.6411889284756188,2023
23bb45e27781d3fef56a8d5c,2023-09-23,featherweight,1,0.5516080805205984,2023
abd474deac0d6aaec693b319,2023-09-23,womens_bantamweight,0,0.38704012433484747,2023
afad3865935211f104c76cb6,2023-09-23,welterweight,0,0.32860903981700323,2023
24613e52b4d9b4373f4e4226,2023-10-07,welterweight,1,0.47580167340492907,2023
e808ac354fb383fa280dda7a,2023-10-07,featherweight,1,0.4103344955352919,2023
c2fc0ceaf543ba31b0c8a9dd,2023-10-07,bantamweight,1,0.4367528586169114,2023
1e86a983200de4386d6df19e,2023-10-07,lightweight,0,0.32964302627206266,2023
80a2c51a131f7e11f83c99c2,2023-10-07,lightweight,1,0.23795703127662268,2023
b0fd3639ae3acd8f3c7f83a6,2023-10-07,middleweight,0,0.3059940626162434,2023
fe10b939cf29ddef67d106d5,2023-10-07,womens_strawweight,1,0.49007674412617547,2023
da52ce077dfbc710eeee7d80,2023-10-07,womens_flyweight,1,0.527134552973498,2023
5d96dab1b32c072c721a3140,2023-10-07,flyweight,0,0.45866479598862,2023
3b2b6f588f233752d4106bfe,2023-10-07,womens_strawweight,0,0.5885542416605762,2023
af737fed0b9b7d7e97b45800,2023-10-14,middleweight,1,0.5205845779703697,2023
fe5a4702ff9ab44d8fd9a270,2023-10-14,womens_strawweight,1,0.5580267663098535,2023
9f46ec6a1c5898a3f4218fa9,2023-10-14,bantamweight,1,0.6663197344965182,2023
bc494225f9e8733daace3b08,2023-10-14,bantamweight,0,0.5145714517540365,2023
f9055a3cf35dd1b47246db50,2023-10-14,featherweight,0,0.6119966008530084,2023
d140971eb1e02bcc7e160759,2023-10-14,womens_bantamweight,0,0.6647226414999533,2023
846b585d86cb8c9a7c662345,2023-10-14,womens_flyweight,0,0.5479926189399005,2023
71152a346f5435274991f699,2023-10-14,bantamweight,1,0.6765955311786434,2023
a60d64e4d57ac341a707429b,2023-10-14,featherweight,0,0.7529362267563958,2023
e9b3649cbac6fea997127d09,2023-10-14,womens_bantamweight,1,0.6370986895240315,2023
6eb8e73eeedd0a4d4f090e59,2023-10-14,lightweight,1,0.7498386545114558,2023
daa19bc1073e4de488b93099,2023-10-21,middleweight,0,0.238295424329092,2023
bd5197ce9e21f062e91cfdcc,2023-10-21,middleweight,0,0.439449566981778,2023
29ca6c04a5121ff6b3aead16,2023-10-21,lightweight,0,0.35837704776432683,2023
53f58a616f1f98162f59d9a1,2023-10-21,middleweight,0,0.5432368789816804,2023
259473adab67fa6d9c216e30,2023-10-21,lightweight,0,0.7318672198917671,2023
e7ce0cf4e2292cc04f227813,2023-10-21,lightweight,0,0.40884403903085026,2023
a12daf4c80637768db6e3c5a,2023-10-21,featherweight,1,0.3213274615166369,2023
28eb240747f515de3836fdbf,2023-10-21,bantamweight,1,0.6144375874953959,2023
f0516b939f36ebafdf81ca17,2023-10-21,middleweight,1,0.34441970745461303,2023
62d3a5771d6b10f0089a8f81,2023-10-21,flyweight,0,0.3405891467607559,2023
757ba2eafdc177b61032db32,2023-10-21,womens_strawweight,0,0.28611914996985705,2023
04563713f288927086d00dc8,2023-11-04,womens_strawweight,0,0.422417281068615,2023
4dc323525ec4fe6a1902471c,2023-11-04,middleweight,0,0.2765231951912131,2023
7a0160ef91b1c3b2e386696c,2023-11-04,womens_strawweight,0,0.31278071988876505,2023
63065d8129b0cd4edb422521,2023-11-04,catch_weight,1,0.6137681379554635,2023
1c5a8fa50a02c5f7237e7096,2023-11-04,welterweight,1,0.4563472471038291,2023
74447d459909b91d8cbc210f,2023-11-04,heavyweight,1,0.5961089689966251,2023
c7d24b653dac82db9b54ce3f,2023-11-04,lightweight,0,0.2895007508315862,2023
df9a143b6b0fd7913bb8edfc,2023-11-04,heavyweight,0,0.4109125861499347,2023
de2c9e0a9b1e5ca7f500117c,2023-11-04,light_heavyweight,0,0.44618904397958303,2023
d15dd8dad27d3ee24d69ac60,2023-11-11,featherweight,1,0.43573482509891165,2023
afa38907d741913db5a7be3e,2023-11-11,featherweight,0,0.5243976888828479,2023
8a2b05dae46c16a168a3e654,2023-11-11,lightweight,0,0.4021483818863489,2023
496a2700b89769900984608d,2023-11-11,womens_strawweight,1,0.6574687472970474,2023
8d6e2b7b8b22ac6ba0a22969,2023-11-11,light_heavyweight,0,0.4756843343624843,2023
e8561543ae98872e901f6879,2023-11-11,catch_weight,1,0.3337481722967696,2023
833524b44b22bd3208f2fbd3,2023-11-11,flyweight,1,0.612706083248967,2023
d20739f6f7bd77ea12be13e0,2023-11-11,lightweight,0,0.32896477976112554,2023
144baece3f6aa1688e288975,2023-11-11,lightweight,0,0.3661217710694291,2023
e7b64eb7fc4775216b389738,2023-11-11,heavyweight,1,0.4350666383905771,2023
177541d6f63823d585239290,2023-11-11,flyweight,0,0.56222823767526,2023
f41b81824fdcc42b9e4d0405,2023-11-11,womens_strawweight,0,0.5014494621026105,2023
f2df0f0bae9607c1cf534447,2023-11-18,middleweight,1,0.754469882620269,2023
d364f1a7af8353a6a5bb476f,2023-11-18,bantamweight,0,0.566265406966271,2023
00e7ffbaf4344527093873a4,2023-11-18,flyweight,1,0.5166734273397197,2023
459984a71320f6181b1f6a92,2023-11-18,lightweight,0,0.5114991666815903,2023
cac245615a9748a0186e36ce,2023-11-18,middleweight,0,0.4493044160565764,2023
8e520f2d4e402e4c08eac42a,2023-11-18,featherweight,0,0.6694816561415904,2023
19a60d3bb692f7fab1aa0998,2023-11-18,featherweight,1,0.3114590517335867,2023
5d678692a9535ae7a7113d36,2023-11-18,womens_strawweight,1,0.7080792678586401,2023
e5dbe1f65469011be90331f1,2023-11-18,womens_bantamweight,0,0.2885298077980356,2023
0814c6241270848832ee1c95,2023-11-18,welterweight,1,0.3897907844037911,2023
d7d1847897d6db266f12f753,2023-11-18,heavyweight,1,0.7333073124352895,2023
ded733c1abeb30eef94d0f74,2023-11-18,bantamweight,0,0.4712713569222105,2023
d8489abaf1802fa3a1021b7f,2023-11-18,welterweight,0,0.686642338356832,2023
3244052f0a3815145fdd8188,2023-12-02,lightweight,1,0.685953676922657,2023
29c71d1b4084e31abd61e31c,2023-12-02,lightweight,1,0.5808679657609266,2023
266fe16c8f3e3b75a7f4c4a3,2023-12-02,lightweight,1,0.3098925088709917,2023
577f775be78964896ac1a903,2023-12-02,lightweight,1,0.48088530413599684,2023
aa55d74034f3a3481fb4d6d8,2023-12-02,womens_bantamweight,0,0.5426396114626142,2023
6a65ab2dbc5dee6257dc9595,2023-12-02,middleweight,0,0.554606347325796,2023
ae90c163fbadc8e692614a68,2023-12-02,bantamweight,1,0.517521487830271,2023
d9ba19f4c35501b7970cbdd2,2023-12-02,light_heavyweight,0,0.5878826159349707,2023
485be0671ebd8c05327115aa,2023-12-02,welterweight,0,0.3440419229865013,2023
d0150e31146bd1f6c53d9109,2023-12-02,womens_flyweight,1,0.4326035402659126,2023
71220001b252fdbf72418ec3,2023-12-02,welterweight,0,0.5846540076035033,2023
9fc28e3dc009b827883edd97,2023-12-02,middleweight,0,0.3251090787178706,2023
aef3796599ba902b135e1a2e,2023-12-09,light_heavyweight,1,0.32629437247145865,2023
5b76e797c4ffb48b61410c9d,2023-12-09,flyweight,1,0.8834839141582532,2023
1466c10bcdb2f1b0a1352dec,2023-12-09,middleweight,1,0.5415384437789408,2023
55082c328945d276153798e0,2023-12-09,womens_bantamweight,0,0.33358876561539474,2023
0a60ebc269e85bff31e989ed,2023-12-09,lightweight,1,0.4758873492582439,2023
23ae5ee3a2a189aeb6fad511,2023-12-09,womens_strawweight,0,0.4809223599403298,2023
aaea90999d2c2c9ef107ce94,2023-12-09,welterweight,1,0.3738983967717703,2023
e4f499527d31d66c982fd653,2023-12-09,bantamweight,1,0.6134132030539292,2023
1717f90d2160832604d7a78d,2023-12-09,lightweight,1,0.38482402829820866,2023
adb8d33c46026c9bd9e6fbca,2023-12-09,flyweight,0,0.29232753544508144,2023
f02ef45176d4af0219dabfa5,2023-12-09,bantamweight,1,0.33779893213277357,2023
280a428b31e2aef693a0f9f4,2023-12-16,flyweight,0,0.4655508201357717,2023
d3365e6d3be6de5629a2c7a8,2023-12-16,light_heavyweight,0,0.5575648761455635,2023
d577b5cf3001b917a08711f8,2023-12-16,featherweight,0,0.34140097749377446,2023
39fc49a6ebd402e80c2483c6,2023-12-16,womens_flyweight,1,0.37540173704334034,2023
1330b89f70ea839717128850,2023-12-16,bantamweight,0,0.29200386467597345,2023
058ef2585a4f17f0e5ad91cf,2023-12-16,womens_bantamweight,1,0.4787270970307975,2023
f34bd1f41290f9fed4eb494a,2023-12-16,featherweight,0,0.7370980890686852,2023
687a5fbe17d8dbd9d362aad4,2023-12-16,welterweight,0,0.26495026090221546,2023
bb649a9711cf49795b3c4110,2023-12-16,heavyweight,1,0.28643436270779227,2023
8b6069a7a68e296dabf0a2b7,2023-12-16,welterweight,1,0.8010384943833746,2023
0248f733a0a79ce27869d3bb,2023-12-16,flyweight,1,0.40494821826962746,2023
ebe757e2d75707e5c685fa5c,2023-12-16,lightweight,1,0.45066056005078364,2023
350855927478bdd1e949d40c,2024-01-13,heavyweight,1,0.7170875066244096,2024
3429305b9c7c09859dea585b,2024-01-13,bantamweight,1,0.4268190207716627,2024
3a6a6b413fb74d30cc7ca422,2024-01-13,lightweight,0,0.5008880944920026,2024
428a69abf162f2b9b7b4fc5d,2024-01-13,flyweight,1,0.6455864470969809,2024
25198c09b99dc5ef33baad00,2024-01-13,light_heavyweight,0,0.4053710757332223,2024
4a93776243956f8fbb398bfd,2024-01-13,bantamweight,1,0.5948023121527096,2024
406ffce8282d87e7c9405a2e,2024-01-13,welterweight,1,0.403710380210124,2024
811e412052d3c3ce36862e6e,2024-01-13,lightweight,0,0.6406867022024937,2024
8cc7da19086c6ed2e0367e37,2024-01-13,middleweight,0,0.5919603706028047,2024
8fe948f0238e3128d28de6c2,2024-01-13,bantamweight,1,0.44913173786939037,2024
5d13c41cb62ff0921715726b,2024-01-13,featherweight,0,0.2992267211071128,2024
b7feb4f5c53ec81135796ed1,2024-01-20,featherweight,0,0.433388328084206,2024
19f5549fd17592807a27b146,2024-01-20,bantamweight,1,0.49311593031477946,2024
89c2b506cd80a961358c0aa7,2024-01-20,featherweight,0,0.6442577679483391,2024
2cfc07cf6675811da4dccda6,2024-01-20,middleweight,0,0.4340519151814039,2024
dc907d383820e288b4e21f7a,2024-01-20,womens_strawweight,0,0.3888745135566184,2024
381492d3d739b74de7beeaf8,2024-01-20,womens_bantamweight,0,0.26726334347115416,2024
1885c2392f3fc4e13cca8970,2024-01-20,flyweight,1,0.3031107688697309,2024
d03ee612207eed674bede235,2024-01-20,welterweight,1,0.5982355963077296,2024
b714ef8d91fff6b78df25c03,2024-01-20,womens_bantamweight,1,0.6431504542037348,2024
8101ef269b3e43cfcb139bb0,2024-01-20,middleweight,1,0.630419559235062,2024
cfab9e2259fc0aaa894fea97,2024-01-20,bantamweight,0,0.4466331613882178,2024
c5a68290631162d0cceb4de3,2024-01-20,welterweight,0,0.7019818735419696,2024
585b9503d7555c070c210fc6,2024-02-03,flyweight,1,0.526565721846172,2024
cdc0b8fe8eb1f4398afe4cc1,2024-02-03,welterweight,0,0.5861009364807902,2024
cccf589a0c312106aced03f1,2024-02-03,featherweight,1,0.5124024583044602,2024
124fdf48a7e58167e2406acb,2024-02-03,lightweight,0,0.6373804237662346,2024
c1f1986c9747f9c480a9e997,2024-02-03,womens_flyweight,1,0.586922425181089,2024
130b5f385e434a6ead40c900,2024-02-03,womens_strawweight,0,0.5464436093596308,2024
68a976bdb4c4755bf10643db,2024-02-03,welterweight,1,0.6749377698206447,2024
eff5e97ace834c6b6a4814ac,2024-02-03,lightweight,0,0.42218627997873853,2024
83bf424cee3106fb1c1d003d,2024-02-03,middleweight,0,0.42648877615582653,2024
6b6316141f41f8571d3e4388,2024-02-03,welterweight,0,0.37355646366329526,2024
06ebbfece8ed6f916f1b9909,2024-02-03,heavyweight,0,0.4367345266738357,2024
5cab68e112cbb2a3111df0ad,2024-02-03,womens_flyweight,0,0.31028340500148754,2024
85b8c9276ba604cad81ebac2,2024-02-10,lightweight,0,0.4466331613882178,2024
65d8d6420f1e0a4aa05a178e,2024-02-10,middleweight,1,0.44460360057988024,2024
13eedeaf133943571e8e2adc,2024-02-10,featherweight,0,0.3316171712364497,2024
19838dda64baf51b952b953c,2024-02-10,light_heavyweight,1,0.40824933735739033,2024
c4b6f3ca9c43308740153a7a,2024-02-10,featherweight,1,0.4172547649987934,2024
989b72f7d9fce65b937a2210,2024-02-10,middleweight,0,0.5420525948692871,2024
a289673832251cad582de635,2024-02-10,womens_strawweight,1,0.6431485323616208,2024
ea3d25224fa0cf859531451b,2024-02-10,welterweight,1,0.3516534565704846,2024
f7537c194a0a6dedbc510eba,2024-02-10,lightweight,0,0.7465789685948643,2024
d7d8b7e2b293904ac1b5bb78,2024-02-10,middleweight,1,0.5147253260307914,2024
598ce164fdf6415d56e7b795,2024-02-10,middleweight,1,0.3902765877111137,2024
df6544316c136ebbbcf87b85,2024-02-10,welterweight,0,0.5312902605681548,2024
4dc722c27e4030e3d16b4ca4,2024-02-10,light_heavyweight,1,0.316339373171906,2024
d7234fe2bf746ee2cf907640,2024-02-17,featherweight,1,0.5877372632770443,2024
3d95040539382b0778d86880,2024-02-17,womens_strawweight,0,0.6017456169518038,2024
0859c039546455918d4e00a0,2024-02-17,womens_flyweight,1,0.5895758899260571,2024
8cf95c9b6a93f3379fba3bae,2024-02-17,middleweight,0,0.41984335457241784,2024
91d92f1b9028820948735ff2,2024-02-17,welterweight,1,0.6260245548123892,2024
1f1e004761793697bfdb3d25,2024-02-17,welterweight,0,0.40401992153920246,2024
bd35b700e291f4438a1ed771,2024-02-17,heavyweight,1,0.32986900282377446,2024
75d36ecf8a8355375bbfeb39,2024-02-17,bantamweight,1,0.6967843304934638,2024
c54d754afa6119eaf55ba682,2024-02-17,welterweight,0,0.22265373420451087,2024
9c356ca4e2c4a13e56153ea6,2024-02-17,bantamweight,0,0.2531954611345313,2024
beebd8ffc5c9b908e7bffd97,2024-02-17,middleweight,1,0.6623940164331948,2024
a4563fbab7ae7cde62a6e539,2024-02-17,light_heavyweight,1,0.44586043640938167,2024
c64700ee2cdf4b4f8a2a3263,2024-02-24,flyweight,0,0.6808841673754463,2024
209209db725130787eba0ee0,2024-02-24,lightweight,1,0.5232060592118675,2024
89ef0f8da85fc4f1f608a06a,2024-02-24,bantamweight,1,0.5996305286145056,2024
7595efdbddc1226c02f629f3,2024-02-24,lightweight,1,0.5183132891142049,2024
a58a8dd2b764d7c4cab9ab8b,2024-02-24,flyweight,1,0.6023484922838195,2024
984871628d68f0d92bd4ef99,2024-02-24,featherweight,0,0.28675233938700445,2024
f7770d17020ec11ef8b11097,2024-02-24,flyweight,1,0.44099227710530153,2024
042a708e7b9fa3844e0e11d6,2024-02-24,lightweight,0,0.6544323210994862,2024
4c3292e39be0121f3ea756dc,2024-02-24,flyweight,0,0.4556884374264834,2024
a92624583dd834ec8eb0b001,2024-02-24,flyweight,0,0.5520552760617685,2024
044f7e8edbbc1ee181fc4391,2024-02-24,featherweight,0,0.6497351195998041,2024
3b255e4692d41230aa1120e1,2024-02-24,womens_strawweight,1,0.37293051278871,2024
2a399975bd1e1b0dd0a23723,2024-03-02,lightweight,0,0.3485153909835328,2024
f221e836ceb8c4fade1a00bf,2024-03-02,bantamweight,1,0.36534629549817926,2024
5241c9c4ed74e9f71dec32a6,2024-03-02,flyweight,1,0.5250557219590332,2024
8b878472b607640f653aabf8,2024-03-02,middleweight,0,0.3786580643635542,2024
b8ab408b0ad3705153c60d6a,2024-03-02,middleweight,0,0.45395056852714494,2024
462aef659d2f1c9db0a805c7,2024-03-02,heavyweight,1,0.2804113480751698,2024
f6e2ffe4c9ca47e91797a8a2,2024-03-02,lightweight,0,0.2589286819986871,2024
f975335e1c3c676390ad01b8,2024-03-02,flyweight,1,0.6646063050512764,2024
a5ac42ab85f1ef67611fe071,2024-03-02,bantamweight,1,0.8809983775708655,2024
95e0c040d06438ee57ea9376,2024-03-02,bantamweight,0,0.5960225665881231,2024
63de167ce405377f2aba39c8,2024-03-02,light_heavyweight,0,0.3524732465057568,2024
767e0cd4fd92f89fa41fb0e6,2024-03-09,flyweight,1,0.6741213034707695,2024
941a479df441789cc3533fb8,2024-03-09,heavyweight,0,0.4883924523068471,2024
3bad79d24f4c8195f5e17845,2024-03-09,lightweight,1,0.48303207821801175,2024
bdcfbf088a7d3f37af559860,2024-03-09,welterweight,1,0.706777308149678,2024
46bace0825d59702c71e7f9b,2024-03-09,light_heavyweight,0,0.5892144264598224,2024
a0db913c10b186b2f2ee92b0,2024-03-09,womens_flyweight,0,0.40459630331451046,2024
774a7e588c92b3603e13fb0e,2024-03-09,womens_flyweight,1,0.5350643236968763,2024
58d4e6da9340c1453dd0eaae,2024-03-09,welterweight,1,0.17646583420607695,2024
b17b04c1d8f0105c850933f0,2024-03-09,lightweight,0,0.20113250538226377,2024
e1e51b91402d9d330f72e381,2024-03-09,middleweight,1,0.6601692993656434,2024
29acf84fdc389a3d05e38869,2024-03-09,bantamweight,0,0.29749704181800396,2024
6500ffecb08cd5920b6bb95a,2024-03-09,bantamweight,0,0.6130386926095377,2024
ecc485a069e20e0452aa83f8,2024-03-09,heavyweight,0,0.42124529337196503,2024
8d28cf9448610499fb45e428,2024-03-09,bantamweight,0,0.3459127457077516,2024
1c78c76a645637092d543c74,2024-03-16,bantamweight,1,0.4435724752859224,2024
2975ba8effb59bf63f531ccf,2024-03-16,featherweight,1,0.35036004052918723,2024
2c547056bb11b7e5cf58a477,2024-03-16,middleweight,1,0.49275435191026873,2024
cd990f7b7b3c638cf7fb4af1,2024-03-16,flyweight,1,0.6106751923908529,2024
2701e3a1ca5507745c3e167a,2024-03-16,womens_strawweight,0,0.3835325045331803,2024
7b8f73546b25caae9d8e0963,2024-03-16,featherweight,0,0.6012778173642829,2024
572aef4284a35d97b7e5b806,2024-03-16,womens_bantamweight,1,0.3811320575834573,2024
d30caf84e805ba31ea467699,2024-03-16,lightweight,0,0.4443833247655183,2024
50d49221d2d8e912a0449b06,2024-03-16,light_heavyweight,0,0.8031041604402196,2024
1ede5ade9dccb1619dcef669,2024-03-16,womens_bantamweight,0,0.44492670031035386,2024
35d276b0d655b5762a4adfa2,2024-03-16,heavyweight,1,0.5448285759825334,2024
0a9b856652e4e6e97855080b,2024-03-16,lightweight,1,0.5729571153679746,2024
a64c19e40b1495a3c1956bbb,2024-03-23,womens_flyweight,0,0.43763288359166364,2024
5cdaf1aa145a0b5f1417f8a9,2024-03-23,featherweight,0,0.4882731175788904,2024
ffd41253362852c43cf12750,2024-03-23,middleweight,0,0.33352841108025255,2024
a22b995a041336cd2e7b1b71,2024-03-23,featherweight,1,0.5252289293584472,2024
8e06fccd7bb02182d006203e,2024-03-23,flyweight,1,0.4466331613882178,2024
faf2cb29b1f6abbd8713bb97,2024-03-23,featherweight,1,0.45946077921683687,2024
b48bb5914daa78dc914fc244,2024-03-23,heavyweight,0,0.33785856694568417,2024
2d258da0acd9ef5e460e76cc,2024-03-23,lightweight,1,0.40001361710499944,2024
9df5f995b3d922bcb3086b07,2024-03-23,bantamweight,1,0.7987452045102145,2024
45b6c75025a22a83394120db,2024-03-23,heavyweight,0,0.36635552016324574,2024
fd45d43912f2632e09d27c20,2024-03-23,womens_bantamweight,1,0.4162409574007579,2024
071ec632559eee88583d16b0,2024-03-23,bantamweight,0,0.48592287829489583,2024
da9b12ab4d26fdc65b8ea77a,2024-03-23,featherweight,1,0.3426210316401294,2024
8f4cffa9eab92b6b02b0d908,2024-03-30,middleweight,1,0.459417307503011,2024
597cf1aa8126498a52c75a08,2024-03-30,bantamweight,1,0.5975252151412943,2024
806b9b05325b02e265c3a0fd,2024-03-30,featherweight,0,0.6076103327799685,2024
c9a059ab5fe63b169ad893f5,2024-03-30,welterweight,1,0.5073485377661175,2024
c42216542c36faee591ca558,2024-03-30,middleweight,0,0.5558142473145574,2024
1165451188dbec47a064b95c,2024-03-30,featherweight,0,0.47790273981847303,2024
dd594ad901b92c946c85ba83,2024-03-30,womens_flyweight,0,0.5512806085981639,2024
bfe4cbeeec90491f6582a54c,2024-03-30,light_heavyweight,0,0.4866387983890104,2024
eb04b76ac189631bafe863ef,2024-03-30,featherweight,1,0.7512770335992915,2024
390a29759a09a018f278d78e,2024-03-30,featherweight,0,0.49015068636466913,2024
8e19439b96eaeed402465002,2024-03-30,middleweight,0,0.39515663478535307,2024
dde5cb51c199688c1b7fbf18,2024-03-30,welterweight,1,0.40637410285314624,2024
66b4a5d77d71117aeeb34de4,2024-03-30,womens_strawweight,0,0.6509649482847171,2024
11fb6fbb886f244ae864e58a,2024-04-06,featherweight,1,0.45877182123803895,2024
8231f0e6b0b5bafc0c8468e8,2024-04-06,middleweight,0,0.2711927023300652,2024
f2db18a4c054f0e037b11cc2,2024-04-06,welterweight,1,0.7210682314657373,2024
71daf3f66499f6c8d84b8ff1,2024-04-06,bantamweight,0,0.5823842303591514,2024
74a163474a8c0f8e7e0f8528,2024-04-06,middleweight,1,0.44176779895555607,2024
75905fdb791eefe74e05107b,2024-04-06,lightweight,1,0.7397425323269913,2024
736a7a3bbb975eced403288a,2024-04-06,womens_bantamweight,1,0.4801131702253988,2024
87408b8645e7a31b6cdbbf32,2024-04-06,featherweight,1,0.5477488192016847,2024
4ab9a0d319271e6464c41d4f,2024-04-06,womens_bantamweight,1,0.5343500892259706,2024
741737d64bcf1c7e2c9ab9a2,2024-04-06,bantamweight,1,0.4466331613882178,2024
44b8b16421d3b8ca5e361743,2024-04-06,lightweight,0,0.4110591087977345,2024
fdb4e67476bc87811762511d,2024-04-06,heavyweight,0,0.3743055278126637,2024
3300093a48a6b6f70a6dad94,2024-04-13,light_heavyweight,0,0.47132994992718785,2024
f85198c6c82c7c5676cc1a84,2024-04-13,middleweight,0,0.41283649624616264,2024
37e234e374031c4a9c10e43c,2024-04-13,featherweight,1,0.7097953503891676,2024
564ed9d5df5aa5baa575e591,2024-04-13,lightweight,0,0.34282122674020526,2024
03a849ee698f35fb17c1933b,2024-04-13,bantamweight,1,0.5828191970625547,2024
7632d2c23612af5ce3d9a2f6,2024-04-13,womens_bantamweight,1,0.22987848843373315,2024
147d563a5f53508a72a20873,2024-04-13,lightweight,0,0.5595715778137675,2024
032c8104a460ad869376a130,2024-04-13,womens_strawweight,0,0.41993900175232113,2024
a78f5cc79c971a495b411642,2024-04-13,light_heavyweight,0,0.419769636807191,2024
8600ede511999d9adc3c9975,2024-04-13,lightweight,0,0.3883961770565885,2024
40ac2f53071b5de0836100e9,2024-04-13,lightweight,1,0.7109460926203438,2024
3a1837e0a4820197bb51c85f,2024-04-13,featherweight,0,0.5168375955459162,2024
0dc452084d23dc74076732ad,2024-04-13,womens_strawweight,1,0.6263047262240811,2024
7b58877ab5e4d6cf85d3afdb,2024-04-27,womens_flyweight,0,0.3901101111982779,2024
19df3fa9de41e66929ab88fa,2024-04-27,heavyweight,1,0.541259223843183,2024
0d17deee4e12367f002ba9a2,2024-04-27,lightweight,0,0.4682273311220627,2024
8d17aae9a953ca23b2144a12,2024-04-27,heavyweight,0,0.4867586987311621,2024
9d1e1ee7b226466bb2c175ce,2024-04-27,lightweight,1,0.32231202664111686,2024
03670cc90ed626c90836de43,2024-04-27,womens_flyweight,1,0.557614624621689,2024
53a27e69fc6fc4de042616c0,2024-04-27,lightweight,1,0.4466331613882178,2024
e485c72f59f5947e989b064f,2024-04-27,featherweight,0,0.6852404261422881,2024
6a21e75bc72a71c8587b87c5,2024-04-27,womens_strawweight,0,0.327862670574053,2024
1d88a0c36a95acc86682e411,2024-04-27,flyweight,0,0.5006010403264813,2024
f070085973f94e62645c20b9,2024-04-27,bantamweight,0,0.46344304602742875,2024
181283d8443a6c33cb21c79c,2024-04-27,light_heavyweight,1,0.24618799310850115,2024
c674910dad3e5790a28e8502,2024-04-27,welterweight,1,0.56372572067209,2024
4018cfaeb2593cc98fcf7a7b,2024-05-04,flyweight,1,0.647706207743039,2024
75f967a01638fa466a040663,2024-05-04,flyweight,1,0.5076464144608035,2024
048e951737120ee49478ad81,2024-05-04,light_heavyweight,1,0.5308093575256979,2024
22bf9f5adbf622b55d1f0d16,2024-05-04,womens_flyweight,0,0.4438981450477682,2024
707d69a949880d2954a5183a,2024-05-04,lightweight,1,0.6014595210401881,2024
40f2eca8b202a382e83a86ee,2024-05-04,lightweight,0,0.4999666837641253,2024
f074dc7df2dadf7cfac1fda3,2024-05-04,featherweight,0,0.5543673286633604,2024
d967e5ba34cb3ff8d9a4adb4,2024-05-04,lightweight,1,0.6624817837603585,2024
e05a5a9e9719ca88d645516c,2024-05-04,bantamweight,0,0.7375153172394019,2024
94bd5ed15286e8e4cc120e52,2024-05-04,womens_strawweight,1,0.36066681726563493,2024
39cffcac3e882d98203f7dbc,2024-05-04,lightweight,0,0.6990705282926992,2024
1c69f516d3ff75bcc6377c47,2024-05-04,middleweight,1,0.6926280197092041,2024
e9311178ebb944a7fc6aca37,2024-05-04,middleweight,0,0.3445944405550237,2024
5961c213c10f64edc3e88f9f,2024-05-11,featherweight,0,0.34984680622517694,2024
dcb8007781e8317ca6a6c80b,2024-05-11,light_heavyweight,0,0.3847038394286889,2024
67958e9303cb81656c149b1d,2024-05-11,welterweight,0,0.30621521904754406,2024
1a80a39cf42c05f59642a74d,2024-05-11,flyweight,1,0.5679989605820087,2024
7621b21075c5e1917732c005,2024-05-11,lightweight,1,0.5033993965109064,2024
7a09d0a6adda8ef213536caf,2024-05-11,heavyweight,1,0.37727186254547074,2024
2418c947db415559ec8fb353,2024-05-11,lightweight,1,0.22573153701181256,2024
a79c545c27deb304d7edfd56,2024-05-11,womens_flyweight,1,0.35526815816281193,2024
f511fbf1cacfba820f4106fb,2024-05-11,welterweight,1,0.5162447693410231,2024
04e190387cb56de161ad5390,2024-05-11,womens_strawweight,0,0.3893806172990586,2024
49c439cfc0b0097ddf5a2828,2024-05-11,lightweight,1,0.4180342741556005,2024
d9449a6730d848570ee311a9,2024-05-11,heavyweight,1,0.5923673942944983,2024
a8bed7a2d2d40766423dceb9,2024-05-18,middleweight,1,0.6240766229453978,2024
db2e4374a49ab25f5ec0dc0a,2024-05-18,bantamweight,0,0.2705216255365784,2024
3be1164cabf2e5d45f3c45b5,2024-05-18,bantamweight,1,0.5032706067872487,2024
3fd54e9fa93e640c3802e176,2024-05-18,featherweight,1,0.7352837065965595,2024
d535daa86964c2b555e0dca5,2024-05-18,welterweight,1,0.4943832744991822,2024
58732931566ff8038d67e1ae,2024-05-18,womens_strawweight,1,0.4061251443842737,2024
07ce5e11ec24372dce1eade0,2024-05-18,light_heavyweight,0,0.42929739272799017,2024
d8dea5c6d18a01f239c500fc,2024-05-18,womens_strawweight,1,0.36083784476406233,2024
c20d7e2d4ccac0647c485cea,2024-05-18,womens_bantamweight,1,0.5587413774409891,2024
dc832abfc5a2f3f0b0e3125e,2024-05-18,welterweight,0,0.3396501783882667,2024
5ef58c611edc62275574db90,2024-05-18,womens_strawweight,0,0.4164509639458792,2024
97edf385302354b149760b41,2024-05-18,lightweight,0,0.4974730259976106,2024
8e17356f2fda3a5192d31ede,2024-06-01,womens_bantamweight,0,0.36058049280933635,2024
10c40b22ef9284e7de0ce72f,2024-06-01,middleweight,0,0.4690613301770098,2024
79ff3b1a7d1bf92f16483213,2024-06-01,lightweight,1,0.6280976590838359,2024
4b9696096d6fa5e9d5610ddc,2024-06-01,lightweight,0,0.12797512696802393,2024
989ca4098373cae02934935d,2024-06-01,heavyweight,1,0.6407981951446955,2024
6b33e6c737a6684a25945237,2024-06-01,middleweight,1,0.6909205596701055,2024
cfe0192361aad1fbe188ea64,2024-06-01,welterweight,1,0.5484637211931765,2024
aabe4d2579baa78d78077059,2024-06-01,flyweight,0,0.4043474662278325,2024
113ec2a83989aaec45d0a399,2024-06-01,welterweight,1,0.4066571214968393,2024
0acc32af1154473e50db81c8,2024-06-01,welterweight,1,0.5597090774054763,2024
41337cbd48bf4f84174dc20b,2024-06-01,welterweight,1,0.6493010344761142,2024
3dee3aff7f82282e32f8df92,2024-06-01,middleweight,0,0.30105398859446725,2024
518127b2dd8efe3a417831b3,2024-06-08,womens_flyweight,0,0.44192127297286415,2024
2e839f2de196517e8e246d12,2024-06-08,bantamweight,0,0.4272401247191265,2024
bf7ea6fdb51531c8d451a756,2024-06-08,middleweight,0,0.41569392063533894,2024
7de1c7f30e70c0054157559a,2024-06-08,welterweight,1,0.5279854928271075,2024
25d7d7c1927b76a34bdc14d3,2024-06-08,bantamweight,0,0.4618849130862998,2024
0ddcfb11315e9923a41bb2c7,2024-06-08,light_heavyweight,1,0.4917732482347924,2024
e8438ef0c8ba3780dc2b45d9,2024-06-08,womens_strawweight,0,0.7325226734325571,2024
d20e183e0125d6ec0f2db68e,2024-06-08,middleweight,1,0.6029641779267304,2024
a1e8bfab94288f7370f435d3,2024-06-08,bantamweight,0,0.5528570612700129,2024
e5d256c6836b448747c5b8c1,2024-06-08,middleweight,0,0.5400400692501153,2024
70272da7c95cd179af6cf4d3,2024-06-08,welterweight,0,0.6708552963470393,2024
144bac7646d283547cc8b638,2024-06-08,bantamweight,0,0.42766996556190784,2024
19bc980d805f14744f6823af,2024-06-08,womens_strawweight,0,0.5916254747593517,2024
8f81053df7a5953b7491f734,2024-06-08,lightweight,1,0.5798470170896756,2024
79440448cd3fec28695e7dec,2024-06-15,flyweight,1,0.6934870934076338,2024
6c45fb565fbf14ea75c4fdcd,2024-06-15,flyweight,1,0.6363419682910956,2024
14d2774e1d1f3fd5e1c6dbc7,2024-06-15,bantamweight,1,0.44611423527932487,2024
f5dfccd531de267b99e1f070,2024-06-15,womens_flyweight,1,0.45324767581428566,2024
493d3aa0ab1d0278e2da7639,2024-06-15,bantamweight,0,0.26950313070784143,2024
763a5efe7035e062f2c0b690,2024-06-15,featherweight,1,0.3700806314000307,2024
1fed94581536b612e2fb59a6,2024-06-15,flyweight,1,0.7362201248981513,2024
41d8ef2e34a39925ad4e75f9,2024-06-15,womens_strawweight,1,0.6762699711026561,2024
f988066efa595e7f87d49d22,2024-06-15,welterweight,1,0.5880611117736994,2024
19dddb26aefce6783b18baf6,2024-06-15,featherweight,0,0.3841215795557176,2024
9a8f34cfdca8efcd4558a8b7,2024-06-15,featherweight,0,0.424635167367529,2024
37d4488fc8163313b1231aae,2024-06-22,light_heavyweight,1,0.3693961493436738,2024
7cf1ccb04fb7f586000618cd,2024-06-22,middleweight,1,0.40169171701249284,2024
0a2c033e657e7440fa8aa8de,2024-06-22,bantamweight,1,0.6425072786687853,2024
6d76913c436ce9ce53210b04,2024-06-22,light_heavyweight,0,0.4290792311516595,2024
1a036b09296210df95e21b1d,2024-06-22,featherweight,0,0.6955388854711921,2024
fc3424ff1e489f76836e8acd,2024-06-22,lightweight,1,0.5717443121042238,2024
dcdb4b3fb3f9b4843ea57bb4,2024-06-22,welterweight,0,0.31371621146594336,2024
65451ad06adc1f6bd89a8674,2024-06-22,middleweight,0,0.3640439815581931,2024
a1d5af9825d34f2535d592ad,2024-06-22,heavyweight,0,0.5852696036550352,2024
a0aecd3b3aa3acaa0c742fc0,2024-06-22,middleweight,0,0.3750143095689447,2024
af244485111bd9dd30c97866,2024-06-22,bantamweight,1,0.4466331613882178,2024
7c694c3870edbf3861bf90ae,2024-06-29,light_heavyweight,0,0.4683590492520172,2024
1669e7c3c0104261e38941ae,2024-06-29,heavyweight,1,0.35193580117243506,2024
6f03e907877bb17aa05774b7,2024-06-29,light_heavyweight,0,0.5998265212816238,2024
9fcb0c56f33fc5b61e47d0b7,2024-06-29,featherweight,0,0.9125338588203937,2024
bc237d1b3aa5dfe665961429,2024-06-29,featherweight,0,0.41517525545030165,2024
7508a78c4629ff995495dbbd,2024-06-29,catch_weight,0,0.44919884786648945,2024
1885b9c154714adfa0a9f0ee,2024-06-29,welterweight,0,0.30365292936259564,2024
3a544bc796aa4992d5fe2c75,2024-06-29,middleweight,1,0.6924934492647381,2024
a276808076c8af27cad7f2ff,2024-06-29,womens_bantamweight,0,0.38856865511748195,2024
94dc3b686c902429728324a6,2024-06-29,womens_strawweight,1,0.521132797486672,2024
3d80286353ae673cbbea021b,2024-06-29,bantamweight,1,0.5976749415329757,2024
d4d6b8ea5bd50709089f7bc0,2024-06-29,flyweight,0,0.5349531845745809,2024
70c74e2537b1f6d717d6a580,2024-06-29,bantamweight,1,0.35252041156669284,2024
df9f3189d74a76849525e5d0,2024-07-13,lightweight,1,0.19002042823459217,2024
930fcb9f98b6403d004a10a2,2024-07-13,welterweight,0,0.5573971847158797,2024
752309c3bca8093f692b1373,2024-07-13,welterweight,1,0.593384525771397,2024
8ad7692e5b972dd4a7267c02,2024-07-13,womens_flyweight,0,0.2662764967003765,2024
12131907a7300a3995c0f29f,2024-07-13,middleweight,0,0.25338004993580576,2024
46e97615d7088624ce11ccd9,2024-07-13,flyweight,0,0.7224238706655801,2024
d8807ddb36ab019a53c30d15,2024-07-13,featherweight,1,0.20257510797327946,2024
85ca4854cd014ce8c4b31d7c,2024-07-13,womens_flyweight,0,0.38148501511201827,2024
ddcbb740cdb42e2859e3ca1d,2024-07-13,bantamweight,1,0.6359427754361406,2024
41c64f492689442222f3aa5d,2024-07-13,womens_flyweight,1,0.6311907478103493,2024
1d14aed9e7e615e94ffe9351,2024-07-13,welterweight,0,0.5506856083858721,2024
1a1f05ea93dfb2cef5441150,2024-07-20,womens_strawweight,1,0.5117699637614062,2024
1802198470e4d36f13b9a300,2024-07-20,bantamweight,1,0.47830376922565715,2024
52f6aa2624ec3c51c8435cc4,2024-07-20,flyweight,1,0.44820445546074794,2024
8d11b4f1eb76e9b46dbfa43c,2024-07-20,featherweight,0,0.5666320704223136,2024
fb73b101f05286253264c95b,2024-07-20,featherweight,0,0.4775251580141541,2024
92839e130f117882696a849a,2024-07-20,lightweight,0,0.47680058691463345,2024
d8fe945f52c4101fdb8bc15b,2024-07-20,lightweight,0,0.5605135870009764,2024
4833ad51744b121d927b82e5,2024-07-20,womens_flyweight,1,0.6428347250203891,2024
5d08d6d735d021c218d42bec,2024-07-20,womens_flyweight,0,0.3098587580555058,2024
26a9e6c978b8d211b6443478,2024-07-20,heavyweight,1,0.44969718912708295,2024
9f2b2e8e992c8c2d56b31b48,2024-07-20,featherweight,0,0.37892281646874676,2024
097b47cf0fd70817100149e1,2024-07-27,featherweight,1,0.6644889982316948,2024
a5ec3ef5260e3a28c3483b8b,2024-07-27,middleweight,0,0.37870079668074064,2024
9de739fe6020a6c9f3fae848,2024-07-27,bantamweight,0,0.5968350404707469,2024
2e1d63b7961383b47d4f353a,2024-07-27,lightweight,1,0.33612699456852874,2024
79cfa01484c3ea38f9f51531,2024-07-27,welterweight,0,0.7352042896224473,2024
a5cad6e8a51f09bf4c7d852c,2024-07-27,heavyweight,0,0.2388142376429932,2024
d8173aa5dd83c7893f9af630,2024-07-27,light_heavyweight,0,0.43136918054973883,2024
10d948ba3fb1d8e9bd8dd436,2024-07-27,womens_strawweight,1,0.32006719844528725,2024
74af90aae5e78d1c1ad3cd9c,2024-07-27,flyweight,0,0.28186028924494455,2024
4e85b5ea469de051613b5741,2024-07-27,featherweight,1,0.7552804746268142,2024
513e525430fb53e61e0bc06f,2024-07-27,welterweight,1,0.4288480651245169,2024
a91c178a8284b7aafa874169,2024-07-27,welterweight,1,0.4213781876038642,2024
aece4c936f0671bad30426f7,2024-07-27,womens_strawweight,1,0.46349662564180233,2024
73594b0e6c5d7117aadc2d01,2024-07-27,heavyweight,1,0.5770543042241724,2024
9ba92a6b223ce70a5def5ac7,2024-08-03,light_heavyweight,1,0.5253397681033735,2024
571fd99f2cea3cab0516a2a4,2024-08-03,bantamweight,1,0.6836002914650977,2024
29050e1234307cff3226cdf8,2024-08-03,lightweight,0,0.40674241205367184,2024
7966b9d988f1cc5340b09615,2024-08-03,lightweight,1,0.2891887430848037,2024
45f6a77cf5bae11f69d9a8fb,2024-08-03,lightweight,1,0.4121106790789087,2024
1f40f703023ba1bd3b521781,2024-08-03,womens_strawweight,1,0.4356219022528606,2024
d2025cddbf7cdc74c599ce2d,2024-08-03,bantamweight,0,0.48729411307892406,2024
04bb77d8d0c872a4a2bc082a,2024-08-03,lightweight,1,0.5873217786922957,2024
a962037dba890b1e59b3c11e,2024-08-03,middleweight,0,0.3880917457862827,2024
56741af4fb9164b3ceab34bb,2024-08-03,heavyweight,1,0.5165525455456068,2024
ca0701d63a3f45561e4c49ba,2024-08-03,middleweight,0,0.4269306653328253,2024
b008daa3b4c6db6c9f881827,2024-08-03,welterweight,0,0.26076124334306067,2024
b4ace78f4c4b62732bf4877b,2024-08-03,womens_strawweight,0,0.3902864354022772,2024
63b290ed8d80110a23d74939,2024-08-10,bantamweight,1,0.8222523548616119,2024
a88dc52e44b8276a684bb173,2024-08-10,featherweight,0,0.3764853260876559,2024
6399ddb25f22d847585f6886,2024-08-10,welterweight,0,0.27130861857402494,2024
b8b9c9039b433da4b20b5f90,2024-08-10,heavyweight,0,0.6479790816024115,2024
961760ffcf08037002d97654,2024-08-10,womens_bantamweight,0,0.40031862906419835,2024
7e7ce2895404f87c5266303a,2024-08-10,heavyweight,1,0.536592815165293,2024
12d0555dd382fcfab24b3392,2024-08-10,womens_strawweight,0,0.4593512276590441,2024
96244b15517f4c3bda290b28,2024-08-10,bantamweight,0,0.6378965810288113,2024
909669ccdc04944ae9d1b468,2024-08-10,womens_bantamweight,0,0.48656370783444763,2024
bd60f369b8760c4e98e32f96,2024-08-10,featherweight,0,0.31546608615671556,2024
d0e5f0596a80603b43725079,2024-08-17,womens_flyweight,1,0.42179085461380883,2024
34ba7fa3787854789b373bc3,2024-08-17,middleweight,1,0.6063497999751435,2024
1ab2b260997db6bff8202e76,2024-08-17,featherweight,0,0.3922396826324045,2024
4864b0dc32f25c0902026983,2024-08-17,featherweight,0,0.5152986214254247,2024
fe925f7d987d2688da86017f,2024-08-17,heavyweight,0,0.5381852513591371,2024
91cf1c66c0aae10df4f68f3c,2024-08-17,flyweight,0,0.5917171144257065,2024
ae37c7930a26b186f933eb9c,2024-08-17,welterweight,1,0.5681550636170768,2024
64bf5b234df82a4717fa37df,2024-08-17,lightweight,0,0.7205292146599931,2024
a8691859c32e637d35c7433d,2024-08-17,welterweight,1,0.4235867136871693,2024
9cef7cc38d059d1f8c348efe,2024-08-17,flyweight,1,0.5076471603252771,2024
806133791825a62697b640f6,2024-08-17,heavyweight,1,0.5912300667257476,2024
e85cd4c789fe17ebf55b166c,2024-08-17,lightweight,0,0.14161042392806067,2024
7871134a09675ac61dce31c5,2024-08-24,womens_strawweight,0,0.31603318604283714,2024
d1b1774c0be9c2a23e1afdb1,2024-08-24,lightweight,0,0.5723136562596883,2024
03f2e0f30d6778d93ed003c7,2024-08-24,middleweight,0,0.5305366481847386,2024
e36fc47ae8ddf929d7d70db2,2024-08-24,womens_bantamweight,0,0.3188933465076045,2024
d27425d0f741578a348cf746,2024-08-24,middleweight,1,0.5196869220101474,2024
7188747cdb0273a5acbad76a,2024-08-24,featherweight,1,0.4466331613882178,2024
47b86263700fd8ef79cea0af,2024-08-24,welterweight,0,0.46833740486975856,2024
a3f643c93410304590071638,2024-08-24,middleweight,1,0.44176779895555607,2024
d5f593ce2352af15183e59e2,2024-08-24,lightweight,0,0.4365293905220501,2024
93204973199b855bffa0e265,2024-08-24,womens_flyweight,1,0.5854261461780388,2024
59d94d1306c4fa0cc5b39666,2024-08-24,middleweight,0,0.49347448271830613,2024
7e324bf197dfe23d87cf3b37,2024-09-07,middleweight,1,0.7752760399945247,2024
098a7ab058cb0919d2754437,2024-09-07,flyweight,0,0.3171275796983831,2024
84bdaaa1b9eacf71f68d786f,2024-09-07,welterweight,0,0.32674294275756893,2024
3687ac6b259d61ee8fdcf7d5,2024-09-07,featherweight,1,0.9785060360528347,2024
520ab8059fa083df9466b8de,2024-09-07,womens_strawweight,0,0.2011327021076029,2024
37543d1d6a400d3e6864fe4b,2024-09-07,womens_flyweight,0,0.48704769571909323,2024
4891c35741f30e491ae624b4,2024-09-07,bantamweight,1,0.6290058284021498,2024
3abd10663dd8be12d13c6cd1,2024-09-07,lightweight,0,0.3365131775153821,2024
05620075d316a20238eb8fd9,2024-09-07,featherweight,1,0.6214194927189471,2024
b76888405cc10f4682091f54,2024-09-07,lightweight,1,0.3497817723802111,2024
fde085a48d0a96f2360b6382,2024-09-07,featherweight,1,0.3910283581357084,2024
45ada03471594e17da40af4a,2024-09-07,featherweight,1,0.4466331613882178,2024
b32a701a44b0d95605d7c908,2024-09-14,womens_flyweight,1,0.6281625813758996,2024
f2ff0c6a9bbd4b5eae926db1,2024-09-14,featherweight,0,0.43595770386467475,2024
09fa80261d93813008aaa022,2024-09-14,lightweight,1,0.4691272798909448,2024
c72915269d9a5169f4bdbe0b,2024-09-14,flyweight,0,0.2074200949784062,2024
3b8c650614dfc5493a3b1bd9,2024-09-14,womens_bantamweight,0,0.3491374203598022,2024
d5a12c28b25082427278edbe,2024-09-14,lightweight,1,0.5326896000061786,2024
d767088f51b6e7714e8d7645,2024-09-14,bantamweight,1,0.5916633687047215,2024
3ec64b31845ac4f1cb2f5a4c,2024-09-14,flyweight,0,0.4482659185392713,2024
75df11c187e283ce3ab3b3de,2024-09-14,bantamweight,1,0.4712404129885529,2024
1288aee9afdb2d374cc3012a,2024-09-14,womens_strawweight,1,0.48051478443616535,2024
245096e15704e2540393d97d,2024-09-28,womens_bantamweight,1,0.42172635385451473,2024
60d8f7e0b676daa7ac15f065,2024-09-28,lightweight,0,0.4111216431500202,2024
7030ef6d4542c58352a49bba,2024-09-28,flyweight,0,0.5668411942002718,2024
6ebd9ffc7a13c46ca71bd8aa,2024-09-28,lightweight,0,0.32035515343282905,2024
3e276600eba4e29cd38e2cca,2024-09-28,light_heavyweight,0,0.3740781506047495,2024
dc350102307a004ad39adb01,2024-09-28,welterweight,0,0.5430503890034156,2024
105253273d1654f9a2beee86,2024-09-28,lightweight,0,0.28080131599342223,2024
50aafa48176dfa0137faaa73,2024-09-28,featherweight,1,0.6339766729659576,2024
ab00b1352f514a47b8e37dc0,2024-09-28,middleweight,0,0.5199727236062998,2024
87ccdba10c40f4bdcf843017,2024-09-28,womens_bantamweight,0,0.4219148214579102,2024
88572ee2955c4e9d956110a0,2024-09-28,light_heavyweight,0,0.47055762560837755,2024
7e74c10fa13302f3fb7dd90e,2024-09-28,lightweight,0,0.42741026734792464,2024
0c580a243e221bbb34761e5e,2024-09-28,bantamweight,0,0.2766257783230457,2024
c2a55835ec8fc920f3adf40e,2024-09-28,featherweight,0,0.5477311731259893,2024
c1c94449aa8da08edf6e1dff,2024-10-05,light_heavyweight,1,0.7772563915698947,2024
7c56376f5bee90553ebe1f91,2024-10-05,lightweight,0,0.44041998355033896,2024
42c9a2d2c6e47f7150c3c7b8,2024-10-05,womens_strawweight,1,0.32457798236873336,2024
1972bb7a08946b356c1315c6,2024-10-05,middleweight,0,0.474400229452879,2024
401cf3772c7ad44839360dba,2024-10-05,welterweight,0,0.4985352445464964,2024
57b18397eb6dda68408204e5,2024-10-05,bantamweight,0,0.35473384294174254,2024
144f8ee9b6fd2c722b5d25ce,2024-10-05,womens_bantamweight,1,0.6898839550006007,2024
e443e39fbfefcebc6b107ee9,2024-10-05,womens_strawweight,0,0.548012560162484,2024
d310221180298a0117347d09,2024-10-05,womens_bantamweight,0,0.5508635740327925,2024
c6f824443fc9c84e876b488c,2024-10-05,middleweight,0,0.641398806521134,2024
ce5cad2d9a093f6848c1c837,2024-10-05,light_heavyweight,1,0.6762636551554078,2024
1956b00acb148792dba1a315,2024-10-05,welterweight,0,0.2762057624687904,2024
4840224751a56333d055fc7a,2024-10-12,middleweight,1,0.5590714153037923,2024
a727672cc9664edda540ef4e,2024-10-12,flyweight,0,0.7408689136787963,2024
c9b19587d5b0943492e92d4b,2024-10-12,welterweight,1,0.4942866868871156,2024
75c7c56dd807d68045a4386a,2024-10-12,flyweight,1,0.40872448851056126,2024
8e2cca02f188a62e86ed9e5d,2024-10-12,flyweight,1,0.5643599236745185,2024
559c2d014f7fdd130c04416c,2024-10-12,bantamweight,1,0.3495814714429003,2024
b2154563c4e05478fec46f76,2024-10-12,welterweight,0,0.4498159923360101,2024
0cb8a11def43b8e9e64a987c,2024-10-12,lightweight,0,0.31637848661428225,2024
a9a12f6db5392e7212061c76,2024-10-12,featherweight,1,0.3434524136870724,2024
da2b4cb4a1dece7e1cddce4b,2024-10-12,womens_strawweight,1,0.5618259787984174,2024
6006b5e7b981df4da946cb96,2024-10-12,heavyweight,0,0.3648870703818052,2024
d6fa07076c71693c51694206,2024-10-12,welterweight,0,0.4940245854081116,2024
abcc6a4ab3920f6a692e9eee,2024-10-19,middleweight,0,0.5806077279753704,2024
9e275e378f98707802ff3485,2024-10-19,heavyweight,1,0.4273782291378025,2024
412a5bf196b840083c98f4cb,2024-10-19,bantamweight,0,0.23677308739013417,2024
8109c8b9fae6d7c0aec54bea,2024-10-19,flyweight,0,0.3993704405399847,2024
0971e4c0e50a7ee704277ff9,2024-10-19,featherweight,1,0.4597191688265984,2024
8e8bc92bd61bc4fcf37df834,2024-10-19,bantamweight,1,0.31554184157909937,2024
7f31ec33285ef5018378b5ff,2024-10-19,womens_strawweight,0,0.37740654171289,2024
f37b3852170b4e3e133af446,2024-10-19,womens_bantamweight,0,0.38258952589145095,2024
79e0b62af359301a3c381318,2024-10-19,flyweight,1,0.5869013674479076,2024
4798c8fae376043513d3f4d2,2024-10-19,womens_strawweight,0,0.4979571760307089,2024
497026b88b1c9f6fe365d724,2024-10-19,bantamweight,0,0.6811056879764043,2024
64b6b3f836693e4882af28cc,2024-10-26,middleweight,0,0.4657803247443999,2024
d083631584ac1c4442af2f54,2024-10-26,featherweight,0,0.30407147740330764,2024
0fb2c51f918d8f2c887a3970,2024-10-26,welterweight,0,0.31960621778428083,2024
4a0a7c62b38099ba662d7540,2024-10-26,light_heavyweight,0,0.3814224593551934,2024
c481a4e5d3c8d48d2a063795,2024-10-26,featherweight,1,0.7214854965584476,2024
e98deb41ebb14639db7c7876,2024-10-26,middleweight,0,0.3981563593261573,2024
8c84124df2963190592ada9e,2024-10-26,heavyweight,0,0.2545873066132279,2024
79fce42379f8108d722fa309,2024-10-26,featherweight,1,0.6865785192997084,2024
df658a10c24790baf29d4ee5,2024-10-26,light_heavyweight,1,0.7253008768260922,2024
c1770a29dd92cea4a6f380c4,2024-10-26,catch_weight,0,0.5893785088181765,2024
fa23b82570604d8dd9c63e98,2024-10-26,welterweight,0,0.14026176998413048,2024
39f8f786e1f44eddf18e1470,2024-10-26,middleweight,1,0.6604791719537125,2024
17cb3fa1910244939c601a11,2024-10-26,middleweight,1,0.6208711589262136,2024
f369464f1180832f1d8b7c25,2024-11-02,bantamweight,1,0.5813853777453156,2024
e1741bf2713d935c14028fb4,2024-11-02,heavyweight,0,0.5103654696980785,2024
6025d5b28df7b99fb482dcce,2024-11-02,womens_flyweight,1,0.5493205424845619,2024
55b1b3ca9a1864952fc3a120,2024-11-02,flyweight,0,0.4162339960483553,2024
88f856cc39f5020603b0cb4d,2024-11-02,light_heavyweight,0,0.5835589515974122,2024
1f3e2215dc098945c449f796,2024-11-02,bantamweight,1,0.4807484023352762,2024
fcff3a20a805946dcbc5b1f1,2024-11-02,bantamweight,1,0.32596752288132697,2024
abebc636424c238657d451dd,2024-11-02,womens_flyweight,1,0.3382820346630374,2024
4ac4778bb7788aaec05d064c,2024-11-02,featherweight,1,0.44721967739978796,2024
6baeb93f8c6f6b9bd33db412,2024-11-02,womens_flyweight,0,0.4603065435470712,2024
dcc9895cbd8b3c0b07f46767,2024-11-02,middleweight,0,0.519259976695581,2024
671290c0c6844812078884b0,2024-11-02,welterweight,0,0.3828569741387503,2024
c56faacbd23e859d15f773a4,2024-11-02,bantamweight,0,0.4789547052134006,2024
775087a13644ddbfe20dc426,2024-11-09,bantamweight,1,0.48689063964414,2024
1019552fdbf1a6c9ac7389ae,2024-11-09,welterweight,0,0.2361953965864196,2024
0e948b30e911a8028bcd9511,2024-11-09,bantamweight,1,0.4189886199771248,2024
4fa91a1cfb6740cb784e067a,2024-11-09,middleweight,1,0.2316308860054748,2024
82c4427e3f9514cdeb328735,2024-11-09,womens_strawweight,0,0.4668414337198392,2024
4493bfb4dc8c9613ac38e90c,2024-11-09,womens_strawweight,1,0.655879847267619,2024
3a681fdfbe596d2fdcae3f62,2024-11-09,middleweight,0,0.4485670492041893,2024
6b3506aa31679bb23befa70d,2024-11-09,welterweight,0,0.5639238860597602,2024
c3c4de6fa97914db9f9aff63,2024-11-09,womens_bantamweight,1,0.4773536040877569,2024
1977ecf38fd0fee16b089735,2024-11-09,welterweight,0,0.4090545498374,2024
97dc41469e9c9287cb5fd305,2024-11-09,middleweight,1,0.5515064816045293,2024
043847b8441b879d0f429697,2024-11-16,welterweight,0,0.3734215875644223,2024
4167d3f6070971c8b9d1fde2,2024-11-16,middleweight,0,0.2732150626217406,2024
9f92f3cfd66a55be8006ffb2,2024-11-16,lightweight,0,0.32749191154381624,2024
54cc8d7bd582e5171cc7f70b,2024-11-16,lightweight,1,0.6749411538723432,2024
bce7b7de58b92db963e36818,2024-11-16,lightweight,0,0.7180334416959088,2024
3e7b3ef93a01e95602563df6,2024-11-16,heavyweight,0,0.0910661135309535,2024
fa0177ce9126280f55a43082,2024-11-16,bantamweight,1,0.34249730950117363,2024
b5c28155a6e12ff7a5ce6f50,2024-11-16,heavyweight,0,0.32631753658805623,2024
03e4a0968b9c873a3c75fe66,2024-11-16,catch_weight,0,0.25240775843542657,2024
017db93038090457a9f2ad7f,2024-11-16,welterweight,0,0.5367578323416645,2024
a7c487f94464423d6463a35e,2024-11-16,womens_flyweight,1,0.4279172065726892,2024
46332285a7b69c9d2a12da53,2024-11-16,womens_flyweight,1,0.3747982177578492,2024
8811b8fcd2100494af6f8cd5,2024-11-23,bantamweight,0,0.4466331613882178,2024
1c95d96871ede2553b9ef069,2024-11-23,flyweight,0,0.4466331613882178,2024
c23bd1c8a9009f9e2aa0618e,2024-11-23,flyweight,0,0.4466331613882178,2024
b6619e5bf2b8cb1dcad50e13,2024-11-23,lightweight,0,0.4220037795537016,2024
e18d6be41f88d838a0ea1d5a,2024-11-23,flyweight,1,0.5361251581670665,2024
bd0443c550f1a30b6b7d0b7f,2024-11-23,bantamweight,1,0.6005506105023455,2024
0ff5951760ba7570bb749166,2024-11-23,womens_strawweight,0,0.4438981450477682,2024
c6ef3b68243861a699dbc860,2024-11-23,welterweight,1,0.6540445984426009,2024
958a5e46c9010601ebb8d398,2024-11-23,light_heavyweight,1,0.5927580715090929,2024
77418b65aac3f975237beb9e,2024-11-23,womens_flyweight,1,0.3286380990949813,2024
8d8a818c9f17c009e3b85bf9,2024-11-23,bantamweight,1,0.38229128372181187,2024
4a920eff3f6c4c24152c2d9c,2024-11-23,womens_strawweight,0,0.5749475343902279,2024
ab152d7ea0e03fcd72fe5e3e,2024-11-23,light_heavyweight,0,0.38994386961970007,2024
8bec3556efa0aff00fc6942a,2024-12-07,flyweight,0,0.221869960264986,2024
9635f631a62e6cac838fac30,2024-12-07,featherweight,0,0.13922217502452802,2024
0304da4371ba534498bbfa00,2024-12-07,catch_weight,1,0.28237759720886596,2024
b7f0d52ab8dd1cb8f75d38c6,2024-12-07,heavyweight,0,0.3517741723176227,2024
228014fdd9ac575ec9d83932,2024-12-07,lightweight,1,0.9107942881625485,2024
b17d607483172d5ebfb86b98,2024-12-07,flyweight,1,0.6782968965572167,2024
5fcd9b73e591e02031a00a9e,2024-12-07,light_heavyweight,0,0.49438295926962034,2024
3e73e0845cfe08a1abaa6d7f,2024-12-07,heavyweight,1,0.605148311604958,2024
034ec1f2c225729b14c0dfca,2024-12-07,welterweight,0,0.3870659270329968,2024
ba2176c71f65397aaa94d50a,2024-12-07,featherweight,0,0.3670561465070387,2024
44dbc5139ac2ed24c255f5cc,2024-12-07,featherweight,1,0.596598325836541,2024
9f2b7751f55b139930a7745b,2024-12-07,welterweight,0,0.6166743856107209,2024
23e3d1acad9c979ed26efd91,2024-12-07,welterweight,1,0.53341019506884,2024
2bee7e4cb43cb0eed55b0645,2024-12-07,welterweight,1,0.4592701312342361,2024
f0b0735efef392fe0658fcdb,2024-12-14,bantamweight,0,0.42512838721336943,2024
bec4c121d2e352da409b0252,2024-12-14,welterweight,1,0.5350811956373784,2024
7915719a146e85eb8bf4ac4e,2024-12-14,featherweight,0,0.6281005711459728,2024
7b9f48d7590f393ee2bc937d,2024-12-14,bantamweight,1,0.4849358939284828,2024
14139c465fda81dd1f24724d,2024-12-14,lightweight,1,0.5964111392116416,2024
ee992fcfb2c3ec848b22bf51,2024-12-14,womens_strawweight,0,0.5486701892752642,2024
a4bd67e5bf952f768ee5f2d7,2024-12-14,flyweight,1,0.6151057674565991,2024
3d0468e9f5fdbbc6bcf4b92f,2024-12-14,lightweight,1,0.5183048198741901,2024
8545cb07c6efcc3f4da59517,2024-12-14,featherweight,0,0.440095910628608,2024
01916ac920a0f4fd7230f3cb,2024-12-14,womens_flyweight,1,0.6883725616880082,2024
282c2ae10a81491eae36a47a,2024-12-14,light_heavyweight,0,0.5205315065249265,2024
92bbcef9c67dd1b7eb6c690e,2024-12-14,featherweight,0,0.2649193212905544,2024
1fcccda17da14ab9603a0f66,2024-12-14,light_heavyweight,1,0.4463660358281035,2024
